sample_id,role,colony,body_mass_g,age_months,resting_metabolic_rate,body_temp_c,hypoxia_survival_min,hyaluronan_mda,cortisol_ng_ml,incisor_wear_score,chirps_per_hour,grooming_events_day,telomere_length_kb,target_a,target_b
NMR-504413,Breeder,Colony-E,36.5,19,0.463,32.6,47.8,7.81,3.19,0.48,25,10,19.2,1,0
NMR-504972,Worker,Colony-E,25.6,79,0.137,31.3,14.5,6.8,6.2,0.255,32,8,18.18,0,0
NMR-504625,Worker,Colony-A,26.9,79,0.292,31.7,10.1,5.84,8.47,0.446,23,11,22.47,0,0
NMR-502186,Worker,Colony-A,22.0,36,0.229,32.7,25.1,7.09,10.5,0.119,26,12,16.07,1,0
NMR-509858,Worker,Colony-A,23.8,39,0.262,31.0,9.9,6.31,16.81,0.357,23,16,24.88,1,0
NMR-504354,Soldier,Colony-C,37.5,59,0.214,31.4,15.1,6.67,11.37,0.483,18,12,24.12,1,0
NMR-500585,Soldier,Colony-B,37.2,38,0.218,30.4,15.3,5.39,20.47,0.355,28,6,25.13,1,1
NMR-508530,Breeder,Colony-B,37.5,71,0.185,31.4,17.8,7.36,4.76,0.477,19,10,22.21,1,1
NMR-505002,Worker,Colony-C,35.8,48,0.428,33.5,31.5,7.44,9.36,0.227,23,10,20.72,1,0
NMR-509313,Breeder,Colony-D,40.0,53,0.11,31.5,13.3,9.68,10.85,0.369,26,11,20.27,1,1
NMR-500932,Worker,Colony-B,31.0,55,0.232,32.0,24.6,7.57,16.44,0.467,26,13,21.0,1,1
NMR-502524,Soldier,Colony-B,30.3,48,0.276,33.1,15.3,7.13,6.75,0.182,30,11,24.41,1,0
NMR-501383,Worker,Colony-D,19.3,65,0.424,31.9,31.9,8.78,8.3,0.575,27,10,15.28,0,1
NMR-506873,Worker,Colony-C,35.8,24,0.134,31.9,18.0,7.18,34.08,0.154,13,7,15.53,1,1
NMR-503280,Worker,Colony-D,15.1,49,0.215,33.3,22.2,5.87,20.29,0.329,20,5,15.51,0,0
NMR-505842,Worker,Colony-D,31.5,61,0.291,33.0,12.2,5.72,19.32,0.359,26,11,23.38,1,0
NMR-502638,Worker,Colony-B,21.5,44,0.247,31.3,19.5,8.65,10.01,0.363,19,9,20.36,1,0
NMR-508261,Worker,Colony-A,49.0,131,0.297,31.5,26.3,5.82,8.18,0.152,22,17,19.46,0,0
NMR-503013,Soldier,Colony-E,31.6,53,0.227,31.1,10.0,8.72,4.61,0.28,9,13,20.43,0,0
NMR-507783,Soldier,Colony-A,29.5,16,0.151,31.2,27.3,6.95,18.12,0.699,23,5,19.47,1,0
NMR-500925,Queen,Colony-D,52.8,38,0.231,31.8,53.5,5.88,13.93,0.532,22,14,16.95,1,1
NMR-506952,Worker,Colony-A,33.5,109,0.228,32.9,22.3,7.87,8.52,0.14,24,6,18.91,1,1
NMR-503545,Soldier,Colony-D,35.4,112,0.203,31.0,19.5,7.53,8.63,0.289,30,15,19.28,1,1
NMR-504379,Soldier,Colony-A,30.9,39,0.365,32.3,22.2,6.76,4.86,0.19,26,8,20.47,0,1
NMR-506481,Queen,Colony-A,44.8,47,0.185,33.7,53.3,7.53,2.23,0.129,32,7,24.41,1,0
NMR-501815,Worker,Colony-C,23.3,84,0.326,31.7,15.3,5.24,15.11,0.457,23,14,20.55,0,0
NMR-507389,Worker,Colony-E,34.1,68,0.298,33.0,25.7,5.68,11.73,0.338,17,10,17.97,1,0
NMR-505233,Worker,Colony-E,25.8,102,0.239,32.1,21.1,7.41,15.19,0.431,26,5,18.37,0,0
NMR-503906,Soldier,Colony-A,32.9,14,0.178,32.7,20.2,8.44,13.97,0.337,23,14,23.29,0,0
NMR-508785,Worker,Colony-E,19.7,82,0.22,32.1,21.3,7.51,8.78,0.415,23,4,19.28,0,1
NMR-504711,Queen,Colony-E,34.4,39,0.283,32.7,16.2,6.86,2.14,0.336,20,7,19.34,0,0
NMR-504047,Soldier,Colony-E,30.5,30,0.233,33.0,30.4,7.65,5.94,0.35,33,10,18.74,1,0
NMR-501550,Worker,Colony-A,31.5,48,0.207,32.3,24.9,8.57,12.23,0.174,15,10,21.0,1,1
NMR-504735,Worker,Colony-B,27.0,54,0.219,30.5,11.4,7.08,16.24,0.41,30,10,25.46,1,0
NMR-501048,Soldier,Colony-B,37.5,26,0.19,30.8,11.1,5.56,9.15,0.433,22,12,22.71,0,1
NMR-506792,Worker,Colony-E,34.6,88,0.138,31.7,13.1,8.4,12.1,0.472,34,13,19.81,1,1
NMR-505643,Soldier,Colony-E,33.1,48,0.137,32.3,12.5,6.89,18.04,0.329,21,5,26.63,1,0
NMR-504892,Breeder,Colony-C,45.0,35,0.228,32.2,23.9,7.12,0.82,0.182,19,13,18.41,0,0
NMR-503213,Soldier,Colony-A,53.2,111,0.309,30.3,10.5,6.94,8.16,0.178,27,12,21.53,0,0
NMR-507676,Worker,Colony-C,35.4,37,0.326,33.4,31.4,5.74,11.88,0.313,23,8,24.91,1,1
NMR-503398,Soldier,Colony-A,29.6,44,0.231,32.5,16.1,7.0,6.85,0.419,27,12,15.57,0,1
NMR-509685,Worker,Colony-B,32.3,40,0.226,32.5,18.9,6.95,8.75,0.441,21,13,19.03,0,1
NMR-508023,Breeder,Colony-B,46.8,78,0.214,32.9,10.6,6.82,4.54,0.215,30,8,20.09,1,0
NMR-501948,Worker,Colony-A,29.2,75,0.152,32.5,26.0,7.98,18.94,0.404,23,11,15.26,1,1
NMR-509289,Worker,Colony-A,32.4,82,0.341,31.0,19.5,6.41,5.83,0.235,26,10,23.26,0,0
NMR-507603,Soldier,Colony-D,30.6,50,0.219,33.7,19.6,8.28,12.13,0.273,22,15,22.43,1,0
NMR-501529,Soldier,Colony-B,35.7,31,0.194,30.9,16.5,7.74,11.64,0.358,28,11,20.23,0,0
NMR-500193,Soldier,Colony-C,46.2,58,0.16,33.0,13.5,6.3,17.75,0.383,25,10,19.57,0,0
NMR-504494,Worker,Colony-C,35.3,38,0.25,31.5,14.7,4.83,12.42,0.179,22,15,16.37,0,1
NMR-507194,Worker,Colony-D,27.7,113,0.324,30.8,21.9,6.34,8.53,0.094,25,12,19.38,0,0
NMR-503775,Worker,Colony-A,34.3,41,0.426,30.6,13.2,6.91,9.11,0.238,25,7,17.43,0,0
NMR-509860,Soldier,Colony-E,40.2,47,0.226,32.4,19.2,7.19,10.72,0.408,26,6,21.0,1,1
NMR-507788,Soldier,Colony-D,35.7,47,0.404,32.2,20.5,6.96,16.39,0.394,15,9,16.41,0,1
NMR-509506,Worker,Colony-A,23.7,177,0.241,32.4,19.3,5.99,12.33,0.428,21,11,20.43,0,0
NMR-500443,Worker,Colony-E,31.9,107,0.232,31.6,30.3,6.37,15.49,0.322,16,11,21.36,0,0
NMR-502936,Breeder,Colony-E,30.3,127,0.383,31.9,41.1,7.93,2.81,0.355,24,8,22.76,1,1
NMR-501301,Soldier,Colony-B,28.3,59,0.309,31.9,24.1,5.75,9.96,0.249,24,7,18.78,0,1
NMR-506457,Soldier,Colony-C,38.4,60,0.211,32.1,16.8,5.82,6.87,0.471,30,8,18.8,1,1
NMR-507905,Soldier,Colony-E,36.8,54,0.256,32.0,51.4,8.43,22.97,0.234,21,13,21.7,1,1
NMR-508764,Soldier,Colony-D,23.0,30,0.329,30.9,30.2,7.08,15.53,0.185,17,10,24.43,1,0
NMR-502057,Breeder,Colony-B,38.2,107,0.307,31.9,13.0,6.17,20.47,0.576,16,13,18.59,0,0
NMR-508394,Worker,Colony-B,29.6,39,0.161,33.0,25.9,7.05,11.16,0.284,23,18,23.4,1,0
NMR-504402,Worker,Colony-C,38.3,94,0.218,32.8,22.9,6.48,11.31,0.181,24,12,20.87,1,1
NMR-506120,Breeder,Colony-C,41.7,108,0.324,34.1,27.4,9.09,12.76,0.284,28,14,16.7,1,1
NMR-503499,Worker,Colony-E,30.3,109,0.258,32.4,13.9,8.74,21.12,0.28,27,12,22.55,1,1
NMR-509710,Worker,Colony-A,36.4,95,0.259,32.7,14.0,6.35,12.46,0.202,25,12,22.17,0,1
NMR-509725,Worker,Colony-D,33.4,111,0.305,31.2,17.1,7.75,11.91,0.547,26,7,16.81,1,1
NMR-502439,Worker,Colony-E,22.6,35,0.257,33.0,16.0,6.24,12.56,0.099,23,9,13.77,1,1
NMR-501013,Soldier,Colony-B,26.9,68,0.227,33.1,44.5,7.02,7.22,0.38,25,6,15.93,1,0
NMR-504000,Worker,Colony-E,36.0,26,0.266,32.1,16.4,5.01,19.78,0.462,25,7,21.81,1,1
NMR-508619,Worker,Colony-E,26.2,79,0.219,32.1,23.6,7.53,11.1,0.148,31,11,18.44,1,1
NMR-508696,Breeder,Colony-E,40.1,73,0.193,31.9,22.6,6.25,17.01,0.34,21,12,20.76,0,1
NMR-509924,Worker,Colony-A,27.1,59,0.238,31.8,43.6,6.12,8.79,0.394,28,12,16.44,1,1
NMR-502088,Worker,Colony-B,22.2,34,0.19,32.4,27.5,5.43,9.38,0.179,24,17,18.71,1,1
NMR-508651,Worker,Colony-A,26.2,120,0.338,32.4,25.7,7.93,6.85,0.213,20,17,15.82,0,1
NMR-500792,Worker,Colony-E,36.9,125,0.13,32.0,40.7,6.32,10.37,0.132,29,8,16.46,1,0
NMR-509642,Worker,Colony-A,32.8,66,0.244,32.3,5.7,7.62,6.35,0.222,26,18,18.69,1,1
NMR-505797,Soldier,Colony-C,30.3,69,0.244,32.6,12.5,7.13,4.14,0.467,19,13,27.85,1,0
NMR-503539,Worker,Colony-C,25.9,34,0.175,33.6,11.0,6.88,7.34,0.385,35,14,14.45,1,0
NMR-507152,Worker,Colony-E,31.4,52,0.258,31.3,15.0,8.09,17.61,0.241,27,8,23.26,1,1
NMR-501809,Worker,Colony-D,28.7,60,0.302,31.7,23.2,5.7,24.47,0.245,19,9,16.95,1,0
NMR-502691,Worker,Colony-E,35.9,58,0.292,31.5,19.5,4.67,10.85,0.182,26,7,9.91,0,0
NMR-502504,Worker,Colony-E,32.4,43,0.328,33.9,18.5,7.26,14.01,0.3,24,10,14.37,1,0
NMR-507605,Worker,Colony-E,23.1,56,0.233,32.6,20.3,7.89,11.22,0.287,30,14,19.95,0,1
NMR-501329,Worker,Colony-B,34.7,30,0.198,31.4,12.6,6.02,9.99,0.345,26,12,18.83,1,1
NMR-508108,Worker,Colony-B,17.9,35,0.217,31.5,24.1,6.9,7.76,0.191,33,10,16.66,1,1
NMR-508836,Breeder,Colony-C,46.5,86,0.233,32.9,43.0,6.81,4.12,0.439,22,10,24.5,1,1
NMR-507222,Worker,Colony-A,22.0,36,0.281,32.7,28.8,4.53,18.57,0.295,27,12,18.28,1,1
NMR-507604,Breeder,Colony-E,40.5,31,0.22,33.7,10.4,7.18,7.05,0.129,22,10,19.62,0,0
NMR-503451,Worker,Colony-E,21.0,149,0.286,32.5,22.6,5.02,14.62,0.633,27,13,24.76,0,0
NMR-502265,Worker,Colony-D,34.3,58,0.328,32.4,8.3,7.91,20.43,0.307,25,14,21.86,0,1
NMR-500837,Soldier,Colony-C,34.1,106,0.177,33.2,7.5,6.07,5.19,0.169,24,12,16.4,0,0
NMR-506638,Queen,Colony-C,51.0,59,0.247,29.8,37.0,5.71,4.95,0.073,23,7,20.55,1,1
NMR-505308,Soldier,Colony-B,31.4,38,0.326,32.9,14.2,8.99,5.12,0.164,16,23,17.36,1,0
NMR-503919,Worker,Colony-C,41.3,62,0.267,32.0,18.0,6.48,9.88,0.06,25,15,23.22,1,1
NMR-500678,Worker,Colony-B,23.8,44,0.342,33.7,16.7,4.57,10.35,0.126,27,9,18.48,0,1
NMR-501819,Worker,Colony-E,34.0,60,0.308,32.9,22.5,7.78,6.11,0.272,19,8,16.79,1,1
NMR-507108,Soldier,Colony-E,39.0,63,0.356,31.7,15.2,6.38,6.36,0.429,14,14,16.93,0,0
NMR-506736,Breeder,Colony-D,42.4,32,0.303,34.3,22.3,6.79,6.89,0.334,23,11,20.93,0,0
NMR-501365,Soldier,Colony-C,30.4,19,0.183,32.6,7.5,6.1,10.4,0.203,27,14,13.72,1,1
NMR-508405,Worker,Colony-D,15.2,52,0.383,32.3,24.1,6.27,14.69,0.179,21,6,20.82,0,1
NMR-504392,Worker,Colony-B,19.5,56,0.368,31.3,28.6,8.25,8.36,0.192,21,13,20.47,0,0
NMR-500983,Worker,Colony-B,27.4,87,0.252,32.5,12.5,8.08,12.79,0.432,17,11,22.21,1,1
NMR-506091,Queen,Colony-D,48.5,90,0.242,30.6,21.4,6.76,9.85,0.389,27,10,16.88,0,0
NMR-503985,Worker,Colony-D,34.6,155,0.2,33.5,24.2,8.26,12.01,0.258,26,9,21.21,1,1
NMR-507786,Worker,Colony-B,32.8,52,0.343,31.3,43.1,9.76,9.83,0.172,19,8,21.69,1,0
NMR-504202,Worker,Colony-B,29.2,108,0.252,32.6,23.2,7.0,16.0,0.175,23,9,13.28,1,1
NMR-505995,Worker,Colony-D,25.7,62,0.266,33.4,13.2,4.82,5.51,0.24,27,9,20.58,0,0
NMR-507902,Worker,Colony-A,24.4,129,0.218,30.6,13.2,4.96,14.69,0.389,24,10,18.89,1,0
NMR-505703,Breeder,Colony-E,39.4,45,0.251,32.7,21.9,8.69,0.98,0.179,23,11,23.58,1,1
NMR-504545,Soldier,Colony-A,46.6,48,0.428,31.6,23.4,6.03,7.32,0.345,31,12,24.27,0,1
NMR-503643,Worker,Colony-C,25.4,33,0.241,32.8,28.4,4.86,11.43,0.565,26,17,16.48,0,1
NMR-503537,Soldier,Colony-A,39.6,49,0.26,32.4,16.6,6.12,9.57,0.203,31,14,17.46,1,1
NMR-507449,Soldier,Colony-A,35.4,123,0.203,34.0,26.6,8.84,9.71,0.131,19,11,16.25,1,1
NMR-509740,Breeder,Colony-C,49.4,104,0.301,30.4,17.7,7.16,15.83,0.361,24,10,17.49,1,0
NMR-504964,Worker,Colony-A,45.5,217,0.203,32.1,9.9,6.79,13.35,0.36,24,9,18.25,0,1
NMR-507625,Breeder,Colony-E,42.8,47,0.279,32.1,22.1,6.9,2.46,0.191,19,10,20.92,1,0
NMR-508751,Worker,Colony-E,39.3,55,0.289,33.0,8.6,7.68,17.99,0.111,29,10,21.72,0,1
NMR-503306,Worker,Colony-A,23.6,21,0.236,31.4,33.0,8.09,12.58,0.347,31,13,24.26,1,0
NMR-506909,Worker,Colony-D,29.8,105,0.237,32.9,9.4,6.73,20.95,0.128,29,9,15.27,0,1
NMR-506624,Worker,Colony-C,27.1,29,0.174,31.5,24.3,5.66,8.43,0.297,13,4,20.59,1,1
NMR-509029,Worker,Colony-E,35.4,92,0.213,32.3,13.6,7.3,12.74,0.162,22,11,21.46,1,1
NMR-504029,Worker,Colony-E,24.7,60,0.279,33.1,18.5,5.98,8.92,0.176,24,7,20.54,1,0
NMR-506729,Breeder,Colony-E,43.5,118,0.257,33.3,21.5,9.11,5.68,0.404,26,15,15.07,0,1
NMR-507810,Worker,Colony-B,30.8,25,0.219,32.4,18.0,9.85,20.86,0.512,24,14,16.29,1,0
NMR-508485,Worker,Colony-E,28.1,31,0.195,31.4,30.2,6.57,13.89,0.449,18,9,18.99,0,0
NMR-506316,Worker,Colony-D,21.6,92,0.124,31.3,13.6,8.43,12.13,0.164,27,9,23.17,1,1
NMR-508860,Worker,Colony-D,26.6,69,0.203,34.9,7.6,6.41,22.25,0.086,26,14,16.45,1,0
NMR-505932,Soldier,Colony-A,39.9,91,0.309,32.3,19.7,5.67,13.74,0.361,29,10,22.66,1,0
NMR-501675,Breeder,Colony-E,52.2,20,0.223,31.2,26.9,7.36,12.88,0.081,24,7,21.02,0,0
NMR-505940,Soldier,Colony-B,34.8,76,0.242,32.6,18.9,5.42,8.22,0.146,24,10,14.11,0,0
NMR-507031,Soldier,Colony-E,40.3,71,0.296,33.3,13.7,4.83,7.88,0.372,28,11,14.08,1,0
NMR-501868,Breeder,Colony-A,31.2,70,0.181,31.0,19.8,7.8,4.63,0.182,22,18,19.9,1,0
NMR-509959,Worker,Colony-A,36.0,57,0.178,33.0,12.6,7.11,10.41,0.204,27,9,13.98,1,0
NMR-505478,Soldier,Colony-B,38.8,53,0.317,32.5,12.1,8.72,7.27,0.374,32,16,13.35,1,1
NMR-506718,Worker,Colony-D,20.3,37,0.418,32.8,19.6,6.85,11.39,0.185,20,8,18.1,1,1
NMR-502487,Worker,Colony-C,37.4,41,0.305,31.9,24.7,8.0,10.19,0.407,24,10,16.56,0,0
NMR-502769,Soldier,Colony-C,46.5,44,0.256,32.6,10.6,6.79,7.88,0.066,24,9,16.71,0,1
NMR-504214,Soldier,Colony-E,28.8,45,0.227,31.9,15.9,6.47,10.85,0.53,24,9,21.33,1,1
NMR-504995,Worker,Colony-D,28.6,60,0.22,30.4,16.2,8.15,9.29,0.213,17,8,21.15,0,0
NMR-507016,Queen,Colony-A,54.0,63,0.234,31.3,20.0,7.66,31.47,0.413,33,9,21.96,1,0
NMR-505613,Worker,Colony-B,32.5,56,0.299,33.1,15.3,7.92,13.25,0.332,23,8,19.98,0,0
NMR-503045,Queen,Colony-D,41.9,49,0.166,31.8,9.1,6.2,6.03,0.28,26,11,23.59,1,1
NMR-509287,Breeder,Colony-B,41.3,30,0.337,31.1,7.8,6.57,2.87,0.378,19,9,19.58,0,1
NMR-506251,Worker,Colony-E,28.6,35,0.356,33.9,21.1,8.3,29.47,0.168,25,15,13.43,0,0
NMR-506162,Worker,Colony-D,15.8,39,0.327,32.2,22.4,7.06,14.47,0.397,24,6,16.91,0,1
NMR-508966,Worker,Colony-E,21.6,71,0.186,32.4,28.1,6.28,9.07,0.32,21,7,16.6,1,1
NMR-505486,Worker,Colony-B,31.8,23,0.253,31.8,22.3,6.46,9.78,0.274,21,13,19.83,1,1
NMR-501749,Soldier,Colony-D,43.0,33,0.172,33.2,16.2,5.98,4.12,0.143,22,10,20.63,1,1
NMR-500077,Worker,Colony-E,25.8,56,0.284,31.2,10.2,5.57,9.44,0.233,25,8,17.34,0,0
NMR-508972,Worker,Colony-C,33.9,72,0.188,32.3,32.0,6.59,7.14,0.565,31,18,23.54,1,1
NMR-502433,Worker,Colony-B,36.0,86,0.261,31.3,46.5,6.9,8.94,0.474,22,19,19.65,1,1
NMR-505976,Worker,Colony-B,30.3,42,0.444,31.1,24.6,6.36,13.19,0.149,22,13,15.66,1,0
NMR-506274,Worker,Colony-D,30.4,58,0.363,32.6,21.2,4.1,11.31,0.303,21,8,16.93,0,1
NMR-505544,Worker,Colony-D,30.7,111,0.186,32.9,29.5,7.65,9.22,0.545,25,12,22.31,0,1
NMR-509350,Soldier,Colony-A,40.4,67,0.263,31.9,14.8,6.5,5.84,0.261,22,10,17.94,0,1
NMR-507268,Soldier,Colony-C,40.6,129,0.208,32.3,8.2,7.1,6.76,0.362,33,12,12.52,0,1
NMR-504982,Soldier,Colony-B,26.8,72,0.297,30.8,5.5,7.79,7.89,0.238,26,10,23.22,0,0
NMR-503329,Soldier,Colony-A,28.4,44,0.294,33.0,22.4,7.18,3.6,0.382,25,14,16.87,0,0
NMR-501937,Worker,Colony-B,22.0,79,0.171,32.0,31.0,7.34,22.7,0.216,22,13,20.05,1,1
NMR-507498,Queen,Colony-A,38.7,55,0.23,32.2,8.0,6.62,4.73,0.238,13,8,23.72,1,1
NMR-507332,Worker,Colony-A,27.2,91,0.19,32.1,34.1,6.93,11.26,0.401,20,12,18.57,1,1
NMR-500383,Breeder,Colony-E,46.9,27,0.296,31.4,24.0,6.24,2.09,0.237,32,7,12.87,0,1
NMR-509017,Breeder,Colony-D,33.2,33,0.204,32.8,17.1,6.95,11.83,0.082,27,12,18.25,1,0
NMR-509311,Worker,Colony-D,45.0,38,0.275,33.1,13.1,6.61,14.78,0.419,28,10,18.67,1,0
NMR-504327,Worker,Colony-D,30.3,112,0.243,32.4,23.1,6.42,9.91,0.325,22,13,19.14,1,1
NMR-501043,Worker,Colony-D,33.1,79,0.274,32.8,10.5,6.35,10.92,0.349,28,12,23.44,1,1
NMR-502586,Soldier,Colony-B,33.7,85,0.246,32.2,25.5,6.44,4.47,0.284,25,14,15.55,1,0
NMR-500414,Worker,Colony-D,27.4,113,0.233,32.1,11.5,6.22,11.51,0.205,23,4,16.11,0,1
NMR-500684,Soldier,Colony-A,29.2,76,0.307,31.4,29.0,8.06,15.59,0.481,26,11,21.51,0,1
NMR-501026,Worker,Colony-B,21.6,35,0.249,32.1,12.8,7.43,8.49,0.346,25,10,21.17,0,1
NMR-508821,Worker,Colony-A,33.4,43,0.119,32.2,19.5,7.1,16.25,0.321,24,12,18.82,1,0
NMR-502116,Worker,Colony-B,33.7,59,0.207,32.2,26.1,7.43,11.17,0.272,20,10,22.96,1,1
NMR-502210,Breeder,Colony-B,29.3,96,0.253,31.8,24.2,4.82,5.93,0.463,24,12,24.16,1,0
NMR-504595,Worker,Colony-D,15.1,18,0.212,33.2,23.6,4.68,13.47,0.18,27,1,17.62,1,1
NMR-500028,Worker,Colony-C,29.6,60,0.222,30.7,11.9,7.1,9.21,0.168,22,12,13.96,0,0
NMR-502464,Worker,Colony-B,40.7,78,0.283,32.3,39.9,5.46,14.06,0.456,22,14,16.74,1,1
NMR-507602,Worker,Colony-B,23.6,35,0.24,31.7,27.5,6.99,11.49,0.104,22,9,26.06,1,0
NMR-502284,Soldier,Colony-B,41.6,27,0.268,31.0,18.9,8.04,20.98,0.227,18,11,21.29,0,0
NMR-503738,Worker,Colony-E,23.0,64,0.265,31.6,23.6,8.04,16.39,0.262,27,13,19.01,0,1
NMR-504506,Worker,Colony-E,39.8,61,0.208,31.6,8.2,7.25,9.4,0.109,29,15,17.01,0,1
NMR-505623,Worker,Colony-D,49.9,20,0.275,31.5,34.6,6.45,16.76,0.523,20,12,21.82,1,1
NMR-505830,Worker,Colony-D,28.7,49,0.143,32.3,18.8,7.62,7.6,0.418,25,15,19.35,1,1
NMR-505355,Worker,Colony-E,27.5,67,0.225,32.0,12.4,7.62,9.13,0.102,25,8,16.78,1,1
NMR-506668,Worker,Colony-D,31.9,51,0.286,32.7,19.9,7.11,10.06,0.424,21,8,18.25,0,1
NMR-500923,Worker,Colony-D,28.6,41,0.234,32.7,22.3,8.11,16.59,0.448,25,10,14.62,0,0
NMR-506195,Breeder,Colony-E,38.1,96,0.203,32.4,31.7,7.41,7.67,0.295,22,7,25.64,1,1
NMR-509135,Worker,Colony-D,21.6,67,0.244,31.4,16.9,7.26,9.11,0.437,21,19,23.62,1,1
NMR-504678,Worker,Colony-C,27.9,54,0.497,32.6,22.9,6.48,17.21,0.646,24,8,16.71,0,0
NMR-505690,Breeder,Colony-D,33.8,48,0.367,33.6,27.3,6.63,6.17,0.493,28,6,26.75,0,0
NMR-509355,Worker,Colony-B,36.0,52,0.183,33.0,6.7,5.8,9.32,0.381,26,12,19.38,0,0
NMR-500393,Queen,Colony-C,34.7,52,0.133,31.1,24.4,6.75,0.08,0.215,14,11,20.22,1,0
NMR-504868,Worker,Colony-D,24.1,89,0.242,31.7,45.6,5.97,11.32,0.232,22,11,19.14,1,0
NMR-504412,Soldier,Colony-B,28.6,29,0.202,31.5,12.4,6.39,11.84,0.139,14,17,21.14,0,1
NMR-500411,Soldier,Colony-A,25.4,41,0.332,32.5,9.7,5.71,11.68,0.326,34,7,16.1,0,1
NMR-508028,Breeder,Colony-A,40.4,118,0.257,31.3,15.8,7.17,3.28,0.173,26,7,20.66,1,1
NMR-504889,Breeder,Colony-E,28.7,41,0.254,30.9,24.4,7.01,1.68,0.343,28,14,18.06,0,0
NMR-504010,Worker,Colony-C,27.0,65,0.19,32.8,18.0,5.63,12.4,0.417,22,11,18.47,1,1
NMR-500626,Worker,Colony-B,26.8,44,0.119,31.6,23.4,8.02,8.79,0.189,21,17,20.46,1,0
NMR-501685,Worker,Colony-E,24.3,41,0.277,32.4,16.1,6.54,11.9,0.358,28,4,16.88,0,1
NMR-502844,Worker,Colony-A,42.4,97,0.22,31.5,18.0,6.09,13.85,0.443,22,11,15.14,1,0
NMR-501236,Queen,Colony-B,54.3,52,0.167,31.6,12.0,6.71,-2.99,0.352,23,10,17.67,1,0
NMR-505335,Soldier,Colony-D,34.8,30,0.199,33.7,47.6,6.77,12.96,0.256,19,6,19.19,1,0
NMR-509181,Worker,Colony-A,30.6,91,0.286,32.1,34.1,7.96,12.8,0.125,23,10,19.04,1,1
NMR-500934,Breeder,Colony-A,34.3,37,0.356,31.7,18.5,4.56,10.13,0.577,20,11,13.43,0,1
NMR-507619,Soldier,Colony-C,30.9,38,0.185,33.7,15.9,6.93,4.51,0.354,21,10,14.8,0,0
NMR-501943,Worker,Colony-D,33.8,167,0.305,31.8,28.1,4.57,14.66,0.162,16,8,18.49,1,0
NMR-500556,Worker,Colony-A,34.2,47,0.268,31.7,15.7,7.68,12.19,0.341,21,14,17.58,0,1
NMR-501826,Soldier,Colony-E,30.5,40,0.181,30.2,32.6,7.78,10.84,0.229,28,11,18.49,1,0
NMR-502698,Worker,Colony-A,16.8,42,0.213,31.6,27.4,6.17,8.9,0.305,27,8,23.25,1,1
NMR-508893,Breeder,Colony-C,38.8,89,0.337,31.6,31.3,6.89,3.65,0.546,24,15,17.99,1,1
NMR-507129,Worker,Colony-A,25.1,84,0.297,32.7,30.3,5.34,19.05,0.086,21,11,20.73,1,0
NMR-502219,Soldier,Colony-E,40.4,37,0.302,31.1,29.1,7.49,11.58,0.262,19,11,17.82,1,0
NMR-503000,Worker,Colony-E,30.7,112,0.155,32.1,33.4,4.72,14.07,0.099,30,10,18.91,1,0
NMR-501525,Worker,Colony-E,26.4,109,0.13,32.7,19.8,6.13,18.56,0.212,21,12,23.82,1,0
NMR-506633,Worker,Colony-E,23.9,85,0.279,31.6,15.9,5.53,14.29,0.234,17,16,16.89,0,0
NMR-506671,Soldier,Colony-D,36.1,57,0.155,32.0,7.4,7.89,29.15,0.104,25,16,16.69,0,1
NMR-508135,Worker,Colony-C,32.3,54,0.304,30.5,10.0,7.48,12.5,0.246,23,17,19.64,1,0
NMR-501057,Worker,Colony-D,31.0,60,0.269,31.9,12.5,7.22,16.14,0.336,31,9,22.77,0,0
NMR-501520,Worker,Colony-A,31.4,76,0.269,32.2,21.7,5.96,11.97,0.212,24,12,17.84,0,1
NMR-502866,Worker,Colony-B,33.8,50,0.268,32.8,15.1,9.74,21.48,0.374,24,15,14.11,0,0
NMR-502653,Worker,Colony-B,28.1,120,0.245,32.0,13.6,6.49,9.61,0.337,28,14,19.77,0,1
NMR-508791,Soldier,Colony-C,36.8,47,0.255,32.0,15.8,6.1,7.67,0.395,25,12,17.99,0,1
NMR-502362,Worker,Colony-C,32.5,55,0.306,31.6,25.4,7.3,17.91,0.377,21,8,18.39,0,0
NMR-506048,Breeder,Colony-B,44.0,48,0.25,32.6,29.9,5.8,6.41,0.624,16,12,21.27,1,1
NMR-505015,Soldier,Colony-C,39.3,34,0.15,31.5,28.9,6.95,11.5,0.211,18,9,17.94,0,0
NMR-502437,Queen,Colony-B,51.5,54,0.254,32.0,12.9,5.55,6.77,0.185,24,13,20.72,1,1
NMR-502344,Worker,Colony-D,21.8,75,0.162,33.8,19.8,7.4,12.63,0.333,17,7,22.03,1,0
NMR-504418,Soldier,Colony-C,39.4,31,0.184,33.1,22.2,6.69,8.31,0.238,26,12,17.66,1,0
NMR-505893,Worker,Colony-B,32.4,74,0.189,32.4,28.5,7.63,20.52,0.208,29,11,21.27,1,1
NMR-501447,Worker,Colony-E,33.8,45,0.178,32.4,17.6,6.02,12.74,0.252,18,8,19.69,0,1
NMR-505603,Breeder,Colony-B,46.8,25,0.212,31.9,23.6,7.26,6.8,0.223,15,7,19.92,1,1
NMR-509048,Worker,Colony-D,38.1,58,0.212,31.3,13.3,3.59,16.38,0.596,26,12,18.57,0,1
NMR-500392,Worker,Colony-D,36.2,89,0.212,32.9,26.7,6.93,10.97,0.394,29,13,19.68,1,0
NMR-501294,Soldier,Colony-C,43.6,56,0.27,30.6,21.5,7.93,9.83,0.199,23,12,24.2,1,0
NMR-504461,Worker,Colony-B,37.6,92,0.139,31.7,22.5,5.38,11.5,0.46,21,9,18.57,1,0
NMR-500127,Breeder,Colony-A,36.2,35,0.239,32.3,10.0,7.09,7.81,0.425,20,9,22.91,1,1
NMR-508061,Soldier,Colony-E,32.1,55,0.269,33.0,39.1,4.68,11.1,0.323,23,8,20.34,1,0
NMR-500618,Worker,Colony-D,30.7,94,0.198,32.6,27.6,5.49,13.78,0.499,22,6,14.55,1,0
NMR-507094,Soldier,Colony-E,26.5,54,0.188,31.7,17.7,6.75,16.49,0.223,26,11,17.81,1,1
NMR-502574,Soldier,Colony-C,30.6,175,0.145,32.6,21.2,6.37,8.4,0.319,31,7,18.58,1,1
NMR-504084,Soldier,Colony-C,33.6,85,0.225,32.4,11.6,6.67,14.09,0.433,25,8,22.62,1,1
NMR-507631,Breeder,Colony-D,41.6,65,0.257,33.3,55.6,6.99,2.93,0.124,13,9,20.51,1,1
NMR-501761,Soldier,Colony-D,41.7,68,0.339,34.8,36.4,7.51,5.1,0.211,16,11,18.73,1,0
NMR-505465,Worker,Colony-C,33.4,51,0.358,33.2,33.0,9.04,11.2,0.338,20,16,15.12,0,0
NMR-504732,Soldier,Colony-A,34.2,74,0.233,34.1,43.0,7.07,20.17,0.203,18,15,16.2,1,0
NMR-506090,Worker,Colony-B,35.0,25,0.214,32.0,10.6,7.86,8.66,0.417,21,13,20.3,0,0
NMR-503949,Soldier,Colony-D,30.0,50,0.276,32.2,30.2,7.78,14.77,0.2,27,14,15.12,0,1
NMR-500296,Breeder,Colony-D,32.0,76,0.234,31.0,14.8,6.05,2.03,0.27,18,8,21.7,1,0
NMR-505873,Worker,Colony-B,32.4,59,0.295,31.4,14.2,7.86,14.26,0.331,30,12,19.61,1,0
NMR-502048,Worker,Colony-A,31.5,49,0.272,33.1,15.1,5.95,11.6,0.467,24,17,17.59,0,0
NMR-504876,Soldier,Colony-B,22.7,40,0.29,32.3,22.1,7.62,7.79,0.31,23,9,21.22,0,1
NMR-506265,Worker,Colony-C,28.2,132,0.237,31.9,12.6,7.78,15.28,0.262,19,6,20.34,1,1
NMR-507345,Worker,Colony-A,29.9,25,0.255,31.6,10.7,7.28,10.71,0.499,27,17,22.33,1,0
NMR-503233,Worker,Colony-E,33.2,100,0.234,32.6,6.4,9.11,16.31,0.53,27,12,22.61,0,1
NMR-506385,Worker,Colony-D,30.0,46,0.255,31.4,14.4,9.22,15.63,0.276,26,8,17.16,1,0
NMR-502251,Breeder,Colony-D,36.8,86,0.204,32.5,19.8,8.3,-0.78,0.147,21,12,19.59,0,1
NMR-509142,Soldier,Colony-D,41.1,53,0.232,31.6,16.4,6.05,7.37,0.398,25,14,22.4,1,1
NMR-507591,Worker,Colony-A,29.4,51,0.212,32.1,10.3,4.43,11.05,0.109,19,14,14.36,1,1
NMR-504024,Worker,Colony-B,30.7,35,0.147,32.5,21.2,5.98,15.16,0.569,14,11,17.49,1,1
NMR-505719,Soldier,Colony-E,28.5,70,0.322,31.4,9.2,5.98,12.0,0.207,21,8,20.36,1,0
NMR-505587,Soldier,Colony-B,35.2,76,0.185,31.4,16.1,5.37,11.27,0.136,26,16,20.92,1,0
NMR-506791,Soldier,Colony-A,42.5,24,0.277,31.5,18.2,6.82,12.13,0.162,21,6,25.09,0,0
NMR-501958,Worker,Colony-E,36.8,83,0.242,31.4,16.4,7.14,16.85,0.126,16,12,20.64,0,0
NMR-506921,Worker,Colony-A,33.8,28,0.185,32.9,31.8,5.78,8.28,0.392,26,11,20.11,1,0
NMR-504860,Worker,Colony-C,26.4,83,0.35,32.6,18.1,8.15,15.53,0.16,30,7,18.43,0,1
NMR-501893,Soldier,Colony-C,36.0,68,0.247,33.0,31.2,7.52,8.51,0.375,28,16,19.59,1,0
NMR-506735,Worker,Colony-D,39.6,57,0.377,33.4,15.4,6.08,16.62,0.508,29,18,20.36,0,0
NMR-509698,Worker,Colony-B,27.2,35,0.219,32.1,15.6,6.98,12.66,0.442,27,11,24.18,1,0
NMR-503309,Worker,Colony-D,19.3,53,0.194,32.3,34.2,7.99,11.14,0.139,19,18,19.69,1,1
NMR-507914,Breeder,Colony-E,43.7,24,0.333,31.4,19.7,7.96,7.79,0.252,19,12,24.8,1,0
NMR-502111,Worker,Colony-E,37.9,76,0.32,32.6,16.4,5.7,8.69,0.349,18,11,20.7,1,0
NMR-501833,Soldier,Colony-D,39.9,39,0.192,31.9,27.4,4.29,10.48,0.488,23,8,16.13,1,1
NMR-509979,Breeder,Colony-D,47.7,108,0.235,30.7,16.9,6.99,6.0,0.132,26,7,26.64,1,1
NMR-505862,Queen,Colony-B,36.1,98,0.237,33.8,34.6,6.83,4.78,0.239,22,10,25.77,1,0
NMR-509369,Worker,Colony-E,29.6,46,0.203,32.7,27.4,6.66,11.61,0.266,16,7,20.71,1,1
NMR-505606,Worker,Colony-A,28.3,57,0.242,33.4,5.6,8.29,9.99,0.323,16,15,19.59,0,0
NMR-507806,Worker,Colony-C,34.3,142,0.326,31.8,8.7,5.81,12.29,0.356,17,9,21.96,0,0
NMR-504507,Breeder,Colony-D,40.4,68,0.335,32.0,29.0,6.22,8.43,0.357,20,15,17.38,0,1
NMR-503681,Worker,Colony-D,28.8,67,0.208,33.3,52.2,5.91,14.86,0.306,27,4,18.9,1,0
NMR-506008,Worker,Colony-A,34.7,38,0.255,32.3,14.9,6.1,9.99,0.489,22,11,17.33,1,1
NMR-508815,Soldier,Colony-C,30.8,26,0.258,32.3,21.0,6.68,4.8,0.292,29,9,23.74,1,0
NMR-500891,Soldier,Colony-E,27.6,23,0.258,31.7,17.2,5.35,7.56,0.241,18,9,17.32,0,1
NMR-502114,Worker,Colony-C,31.6,86,0.231,29.7,7.8,6.54,21.04,0.283,23,9,22.45,1,0
NMR-504588,Worker,Colony-B,34.9,34,0.525,32.5,31.1,5.31,11.71,0.18,27,8,18.62,0,1
NMR-503667,Breeder,Colony-A,50.9,25,0.155,32.8,32.1,8.47,7.42,0.126,21,9,21.8,1,0
NMR-501884,Worker,Colony-A,52.9,55,0.155,33.2,18.4,7.22,11.17,0.262,25,14,19.35,1,1
NMR-502001,Breeder,Colony-E,41.7,19,0.219,32.6,49.0,5.1,6.33,0.147,33,15,18.41,1,1
NMR-508473,Soldier,Colony-B,38.3,36,0.157,31.5,9.1,7.26,8.44,0.113,17,11,21.21,1,0
NMR-507265,Soldier,Colony-C,41.1,130,0.269,32.6,38.4,9.04,9.63,0.25,21,13,20.42,1,1
NMR-508474,Worker,Colony-C,25.8,56,0.273,33.1,17.4,6.47,20.37,0.452,24,14,18.14,1,0
NMR-500299,Breeder,Colony-C,44.9,50,0.267,32.9,12.7,6.75,2.16,0.249,18,14,19.03,1,1
NMR-506898,Queen,Colony-C,33.4,47,0.326,32.8,23.0,6.42,4.11,0.463,21,9,16.97,0,1
NMR-505446,Soldier,Colony-B,34.4,115,0.315,33.4,15.7,7.71,8.48,0.266,17,7,15.5,0,1
NMR-509372,Breeder,Colony-A,41.0,70,0.336,31.6,22.5,7.86,7.58,0.659,31,8,17.4,0,1
NMR-506947,Breeder,Colony-A,35.0,64,0.392,32.5,9.8,7.64,1.49,0.171,20,10,20.6,0,1
NMR-501497,Worker,Colony-B,42.7,65,0.38,32.3,19.5,6.06,30.28,0.419,23,13,23.73,1,1
NMR-509353,Breeder,Colony-C,36.6,47,0.225,31.6,20.3,6.19,8.79,0.224,29,12,17.05,0,1
NMR-508228,Worker,Colony-A,48.8,54,0.236,31.8,14.4,5.42,9.42,0.289,20,15,22.3,1,1
NMR-500992,Worker,Colony-C,46.8,91,0.331,31.3,15.6,7.0,13.33,0.117,26,22,25.61,1,0
NMR-501971,Worker,Colony-D,31.9,48,0.364,31.5,25.0,7.47,9.68,0.161,23,10,21.49,0,0
NMR-505379,Worker,Colony-D,27.1,94,0.27,33.3,9.6,5.07,10.98,0.436,26,4,17.66,0,0
NMR-502404,Soldier,Colony-B,34.3,45,0.256,30.8,26.2,5.14,11.91,0.213,28,8,20.67,0,1
NMR-508505,Worker,Colony-A,41.2,49,0.137,32.1,12.1,6.44,14.5,0.245,31,14,21.54,1,1
NMR-500803,Soldier,Colony-C,31.2,22,0.338,32.8,13.9,6.62,5.68,0.295,22,8,22.48,0,1
NMR-503415,Worker,Colony-A,25.2,66,0.3,32.0,22.7,8.46,12.12,0.151,14,11,22.31,1,1
NMR-504768,Worker,Colony-A,35.4,133,0.21,31.7,11.7,7.39,7.58,0.369,35,5,17.0,0,1
NMR-504028,Worker,Colony-B,34.3,40,0.223,32.9,17.9,5.75,8.21,0.422,24,7,14.23,0,1
NMR-509637,Soldier,Colony-E,34.0,12,0.207,33.3,10.1,7.26,12.37,0.214,26,16,16.6,0,0
NMR-505448,Queen,Colony-D,37.5,30,0.106,32.6,28.1,6.51,25.28,0.248,26,11,21.04,1,1
NMR-505535,Soldier,Colony-A,34.4,82,0.313,33.1,17.2,7.63,7.98,0.259,25,14,16.14,0,1
NMR-502396,Worker,Colony-D,21.7,47,0.179,31.7,18.6,6.19,13.3,0.199,26,14,13.62,0,1
NMR-502044,Worker,Colony-D,36.0,82,0.479,31.0,16.5,7.37,17.7,0.321,24,10,18.07,0,0
NMR-505050,Worker,Colony-D,31.3,76,0.223,33.2,20.5,6.71,15.37,0.438,27,18,15.74,0,0
NMR-505065,Worker,Colony-D,36.4,45,0.238,32.5,11.6,7.77,14.54,0.387,21,11,22.93,1,1
NMR-502592,Soldier,Colony-D,24.5,36,0.227,32.6,27.3,6.28,7.78,0.204,18,10,18.81,1,1
NMR-503320,Breeder,Colony-C,41.2,45,0.201,32.2,8.1,7.55,5.12,0.211,34,9,14.29,0,1
NMR-501555,Worker,Colony-D,26.2,95,0.32,31.6,18.7,7.65,14.67,0.34,22,11,18.1,0,1
NMR-507493,Worker,Colony-B,21.4,45,0.27,33.6,35.8,7.87,17.56,0.41,21,13,16.98,1,0
NMR-509043,Soldier,Colony-A,40.3,79,0.264,31.4,10.3,6.61,14.65,0.28,23,9,15.53,0,0
NMR-502051,Worker,Colony-A,32.5,78,0.365,33.6,24.2,6.89,17.53,0.255,17,10,16.58,0,0
NMR-506683,Worker,Colony-E,34.4,40,0.25,31.1,25.1,7.87,15.11,0.397,23,11,21.34,0,0
NMR-509045,Worker,Colony-D,36.5,60,0.264,32.3,16.7,6.19,13.3,0.284,25,6,18.61,0,0
NMR-500032,Worker,Colony-E,28.7,48,0.167,32.3,22.7,9.5,14.13,0.305,29,18,17.73,1,1
NMR-508634,Soldier,Colony-A,35.0,49,0.246,32.4,11.6,7.05,3.81,0.429,20,12,19.09,0,1
NMR-503016,Worker,Colony-C,19.3,55,0.305,32.6,22.2,5.83,10.87,0.284,14,10,20.81,1,1
NMR-509716,Worker,Colony-D,36.5,40,0.201,33.2,23.7,4.47,18.32,0.391,18,5,25.21,0,0
NMR-502544,Worker,Colony-A,31.7,66,0.217,32.2,19.2,8.0,12.69,0.09,19,16,19.32,1,1
NMR-500177,Breeder,Colony-B,38.0,31,0.223,31.3,34.9,8.32,1.57,0.168,22,10,19.42,1,0
NMR-508668,Worker,Colony-A,27.8,33,0.257,32.0,10.5,6.92,7.88,0.365,20,9,18.05,0,1
NMR-503631,Worker,Colony-E,25.7,24,0.221,31.5,23.0,8.2,15.91,0.225,28,15,13.77,1,0
NMR-509161,Worker,Colony-D,32.6,95,0.273,31.9,17.4,6.97,14.8,0.251,25,12,19.96,1,1
NMR-509666,Worker,Colony-B,37.3,38,0.225,33.0,15.7,7.25,29.55,0.314,24,10,18.27,1,0
NMR-508574,Worker,Colony-B,30.8,48,0.277,31.1,10.5,7.45,14.81,0.319,24,9,23.08,0,0
NMR-507047,Worker,Colony-D,33.5,39,0.313,31.5,10.1,6.9,23.31,0.145,22,16,22.89,0,1
NMR-501170,Worker,Colony-D,23.3,25,0.265,32.2,15.6,9.44,23.69,0.266,23,10,12.29,0,0
NMR-503764,Worker,Colony-E,33.3,23,0.262,31.3,18.7,7.65,14.13,0.47,28,9,16.83,1,0
NMR-500140,Worker,Colony-D,38.1,73,0.417,32.0,16.5,5.37,8.42,0.218,25,18,17.28,0,1
NMR-504909,Worker,Colony-C,13.4,82,0.183,31.4,22.2,7.18,14.32,0.302,22,13,23.71,1,0
NMR-508693,Soldier,Colony-B,37.8,28,0.277,31.8,21.1,6.41,9.31,0.264,26,9,20.85,1,1
NMR-502969,Soldier,Colony-D,40.4,56,0.213,31.3,27.2,7.57,12.0,0.45,23,5,15.38,0,1
NMR-508545,Worker,Colony-B,30.1,42,0.22,33.0,16.0,8.26,34.07,0.479,27,15,21.24,1,1
NMR-508695,Worker,Colony-D,31.0,58,0.133,31.6,7.4,6.88,7.87,0.231,33,6,14.55,0,0
NMR-502257,Soldier,Colony-E,27.7,117,0.216,31.8,28.2,9.17,21.55,0.502,21,10,19.88,1,1
NMR-506890,Queen,Colony-E,56.7,46,0.229,33.0,25.4,7.75,-2.22,0.467,20,11,20.24,1,0
NMR-507896,Worker,Colony-C,37.1,108,0.198,33.7,16.7,7.24,21.12,0.368,22,14,14.43,0,1
NMR-505734,Worker,Colony-C,31.5,50,0.282,32.5,14.3,6.78,10.34,0.236,25,11,26.28,0,1
NMR-500856,Worker,Colony-C,28.5,74,0.206,32.1,9.5,5.21,25.03,0.466,26,9,18.03,0,0
NMR-507298,Breeder,Colony-B,32.4,25,0.212,31.9,15.4,5.48,4.67,0.155,27,7,19.94,1,1
NMR-500352,Worker,Colony-B,35.2,105,0.306,33.0,22.3,7.19,10.75,0.377,18,17,19.88,0,1
NMR-505848,Worker,Colony-B,31.9,44,0.335,32.0,24.0,7.15,18.09,0.579,34,10,20.58,0,1
NMR-507443,Soldier,Colony-D,45.8,115,0.231,31.3,21.6,7.33,7.44,0.054,27,15,15.02,0,1
NMR-509339,Worker,Colony-C,14.3,50,0.147,31.3,10.6,5.06,12.05,0.201,22,10,23.15,1,1
NMR-509384,Soldier,Colony-B,27.1,81,0.134,31.6,28.0,6.99,6.28,0.288,21,14,25.21,1,1
NMR-504917,Worker,Colony-A,31.9,39,0.295,31.0,10.1,6.12,16.54,0.339,26,14,17.23,0,1
NMR-504935,Worker,Colony-C,21.4,36,0.24,32.6,34.4,6.98,8.91,0.373,28,16,20.55,1,0
NMR-506310,Breeder,Colony-D,39.7,39,0.293,32.2,41.6,6.95,6.22,0.45,27,9,22.16,1,1
NMR-507139,Worker,Colony-C,19.4,176,0.259,31.9,24.2,8.28,8.76,0.289,19,8,20.31,1,1
NMR-503753,Breeder,Colony-E,37.4,52,0.292,33.3,42.5,7.09,6.87,0.338,20,8,13.36,0,0
NMR-502381,Soldier,Colony-A,31.5,61,0.265,34.0,23.8,5.3,27.66,0.404,30,9,14.89,1,0
NMR-508896,Soldier,Colony-C,33.6,39,0.235,31.9,33.8,7.7,8.35,0.234,28,17,18.18,0,0
NMR-506738,Worker,Colony-A,26.9,60,0.231,31.0,19.7,7.84,12.48,0.514,23,10,22.08,1,0
NMR-504279,Soldier,Colony-A,37.7,38,0.223,33.0,23.1,7.43,22.64,0.442,20,7,19.39,1,1
NMR-505452,Queen,Colony-B,48.2,68,0.255,32.0,7.6,7.47,-1.22,0.226,23,12,18.81,1,1
NMR-507569,Worker,Colony-D,39.4,51,0.171,32.7,11.6,7.73,9.85,0.246,12,15,17.19,0,1
NMR-505272,Soldier,Colony-E,38.4,40,0.369,32.1,8.4,9.66,14.23,0.406,27,14,15.84,0,1
NMR-501875,Breeder,Colony-A,41.2,42,0.405,33.0,10.2,6.23,15.3,0.255,18,16,22.32,0,1
NMR-507175,Worker,Colony-C,33.7,21,0.323,33.0,23.6,5.68,19.47,0.222,21,11,23.36,1,1
NMR-506304,Worker,Colony-D,28.8,38,0.341,32.2,13.8,6.74,11.92,0.341,26,11,23.61,0,1
NMR-500731,Breeder,Colony-C,30.7,57,0.243,32.4,9.3,7.16,16.98,0.261,22,14,22.53,0,1
NMR-509532,Soldier,Colony-D,39.7,50,0.285,34.2,29.2,5.99,6.91,0.172,30,13,13.72,0,0
NMR-503635,Worker,Colony-C,29.4,25,0.236,32.4,18.1,8.5,7.95,0.223,26,7,19.59,0,0
NMR-501609,Soldier,Colony-B,30.2,116,0.21,33.6,31.6,6.19,14.86,0.365,23,12,19.23,1,0
NMR-502915,Worker,Colony-C,36.0,123,0.157,32.3,8.6,7.66,16.08,0.494,27,14,15.66,0,1
NMR-507313,Worker,Colony-C,28.7,66,0.264,32.3,16.5,6.78,16.28,0.107,20,11,16.11,0,1
NMR-507356,Worker,Colony-A,25.9,69,0.21,31.9,8.6,7.94,12.67,0.246,27,6,12.73,0,1
NMR-502830,Worker,Colony-C,38.7,70,0.251,32.3,42.9,6.19,9.24,0.599,29,11,22.56,1,0
NMR-504340,Worker,Colony-A,36.0,56,0.195,33.7,31.0,6.73,20.96,0.186,28,13,20.03,1,0
NMR-502424,Worker,Colony-B,24.7,24,0.242,32.1,17.6,7.86,8.02,0.267,14,10,13.69,0,0
NMR-500010,Soldier,Colony-C,37.4,28,0.23,31.9,15.8,5.84,12.86,0.322,32,14,16.26,0,1
NMR-506419,Soldier,Colony-D,31.8,98,0.392,32.6,22.9,6.37,6.42,0.241,18,14,16.22,0,0
NMR-505124,Worker,Colony-B,36.5,66,0.228,31.1,14.8,6.59,8.78,0.07,19,15,19.32,1,0
NMR-504003,Breeder,Colony-A,36.3,71,0.149,32.7,15.3,7.02,11.2,0.188,16,8,20.89,1,1
NMR-509692,Soldier,Colony-A,38.7,47,0.311,32.2,17.6,5.91,10.55,0.42,24,11,10.44,0,0
NMR-507685,Soldier,Colony-A,32.7,72,0.163,31.6,30.9,7.48,4.92,0.376,24,10,19.62,1,1
NMR-505067,Worker,Colony-E,16.7,42,0.359,31.3,20.9,7.33,8.33,0.276,15,12,21.61,0,0
NMR-500147,Worker,Colony-A,29.1,71,0.115,31.5,12.0,7.54,11.83,0.33,16,6,16.47,0,0
NMR-503641,Worker,Colony-B,35.7,38,0.25,32.5,15.3,7.46,17.75,0.129,22,6,22.39,1,0
NMR-508628,Breeder,Colony-E,37.4,134,0.286,32.6,14.1,7.18,6.53,0.177,36,10,18.64,0,1
NMR-500292,Worker,Colony-C,33.4,79,0.234,31.7,26.8,6.76,16.44,0.158,25,5,23.04,1,1
NMR-500545,Worker,Colony-D,29.6,40,0.253,33.0,23.3,7.92,17.83,0.297,21,11,20.38,0,1
NMR-508635,Soldier,Colony-D,45.1,39,0.206,33.3,18.0,7.89,14.82,0.118,25,16,15.64,0,1
NMR-502556,Worker,Colony-B,20.2,67,0.094,32.2,55.6,6.96,9.69,0.383,33,11,18.08,1,1
NMR-508800,Breeder,Colony-C,41.3,31,0.359,33.6,12.1,6.44,4.03,0.324,19,7,21.43,0,0
NMR-503589,Worker,Colony-A,28.9,40,0.335,31.5,12.0,8.23,10.22,0.356,26,8,17.77,0,0
NMR-506284,Breeder,Colony-D,35.9,42,0.349,31.7,15.2,7.63,3.29,0.108,14,12,17.51,0,0
NMR-501281,Soldier,Colony-A,26.2,64,0.116,30.7,22.2,7.58,7.9,0.408,15,8,22.5,1,0
NMR-509156,Worker,Colony-C,33.8,58,0.269,32.1,26.4,6.71,13.5,0.221,20,20,16.92,0,1
NMR-505491,Worker,Colony-E,29.1,49,0.191,32.8,38.2,6.5,26.09,0.238,21,8,19.31,1,1
NMR-506403,Soldier,Colony-A,31.4,68,0.162,33.2,50.2,7.12,4.25,0.329,27,10,17.43,1,1
NMR-507164,Worker,Colony-D,25.4,37,0.223,32.4,20.5,7.26,7.36,0.186,29,9,19.22,0,1
NMR-501337,Worker,Colony-C,27.3,33,0.412,31.9,12.8,5.08,7.71,0.443,14,10,15.06,0,1
NMR-503341,Soldier,Colony-B,37.5,51,0.221,32.6,22.7,5.68,10.92,0.263,17,3,19.6,0,1
NMR-502410,Worker,Colony-C,29.7,52,0.15,31.3,15.4,8.7,9.84,0.272,25,4,17.51,1,1
NMR-507515,Soldier,Colony-A,35.2,44,0.18,32.0,18.4,6.85,10.24,0.341,26,10,19.76,1,1
NMR-503701,Worker,Colony-B,33.8,52,0.278,31.5,27.5,6.97,8.33,0.211,23,10,12.21,0,1
NMR-509807,Worker,Colony-D,32.5,31,0.367,30.8,18.7,7.82,7.3,0.196,30,13,18.86,0,0
NMR-501855,Soldier,Colony-B,30.5,41,0.313,32.4,19.4,5.14,7.4,0.298,15,9,15.82,0,1
NMR-500569,Soldier,Colony-C,44.5,44,0.377,33.0,13.9,5.68,10.2,0.102,20,11,24.44,0,1
NMR-505300,Soldier,Colony-E,43.6,25,0.501,31.9,5.4,7.72,17.26,0.717,17,12,13.57,0,0
NMR-505430,Worker,Colony-B,35.9,48,0.15,31.8,19.2,5.02,15.64,0.2,33,16,21.33,1,1
NMR-503961,Soldier,Colony-A,30.7,56,0.275,31.6,45.7,7.32,7.46,0.313,23,13,20.45,1,1
NMR-509923,Worker,Colony-E,34.2,72,0.168,31.7,27.7,7.5,15.66,0.292,18,12,19.36,1,1
NMR-505555,Worker,Colony-A,30.2,183,0.223,32.5,14.7,6.53,9.26,0.261,20,10,24.92,1,1
NMR-502893,Queen,Colony-E,38.0,75,0.218,31.3,14.5,7.63,-3.39,0.534,30,9,20.97,0,1
NMR-505992,Worker,Colony-A,33.6,17,0.157,31.4,8.8,6.88,18.1,0.448,27,11,17.08,0,0
NMR-502477,Worker,Colony-A,32.0,76,0.238,32.7,19.2,6.56,7.11,0.191,21,7,19.84,0,1
NMR-503574,Worker,Colony-E,14.9,104,0.362,34.0,7.1,6.52,8.74,0.174,30,13,18.31,0,0
NMR-508426,Breeder,Colony-A,41.5,56,0.282,31.2,15.3,6.09,11.08,0.255,17,14,19.61,0,0
NMR-501283,Worker,Colony-D,27.1,60,0.24,32.3,18.7,5.2,8.91,0.428,27,11,22.09,1,1
NMR-504016,Soldier,Colony-E,24.5,51,0.291,33.0,29.7,7.43,11.24,0.446,21,16,26.18,1,1
NMR-505776,Soldier,Colony-C,30.1,48,0.286,32.3,21.1,7.26,10.91,0.395,21,13,20.21,1,1
NMR-507023,Worker,Colony-C,38.1,118,0.537,31.3,33.2,9.34,15.81,0.261,32,6,21.05,1,1
NMR-504509,Soldier,Colony-C,31.7,73,0.113,33.2,9.7,6.35,7.22,0.427,29,15,15.34,0,0
NMR-503803,Soldier,Colony-E,42.0,162,0.251,31.9,9.9,5.47,6.7,0.329,25,12,17.3,0,0
NMR-502325,Worker,Colony-E,31.1,27,0.204,32.6,14.4,6.03,7.56,0.364,27,12,15.59,0,1
NMR-504164,Worker,Colony-E,30.1,68,0.216,31.8,10.0,6.88,8.26,0.048,24,11,18.69,0,0
NMR-500644,Worker,Colony-E,20.9,62,0.329,32.1,21.3,5.36,8.14,0.276,28,12,17.53,0,0
NMR-509573,Soldier,Colony-E,32.4,33,0.358,31.6,14.4,7.69,14.56,0.631,17,13,28.67,0,0
NMR-506243,Queen,Colony-A,44.4,42,0.23,32.1,29.4,9.07,-2.16,0.431,19,11,21.27,0,0
NMR-507224,Soldier,Colony-C,33.0,53,0.419,31.5,15.1,5.06,4.87,0.216,31,16,18.08,0,0
NMR-501695,Worker,Colony-E,30.6,93,0.187,33.1,8.6,5.85,8.26,0.212,28,10,20.13,0,0
NMR-507763,Worker,Colony-A,33.9,36,0.209,34.0,21.6,7.73,21.56,0.197,21,9,16.9,0,0
NMR-505740,Worker,Colony-D,25.7,67,0.176,32.1,15.9,6.2,9.31,0.342,28,17,16.92,1,1
NMR-505108,Worker,Colony-D,37.1,36,0.164,32.5,24.4,7.25,11.02,0.276,32,16,19.83,1,1
NMR-507658,Worker,Colony-D,31.7,127,0.196,32.0,13.7,7.04,18.81,0.686,22,13,19.33,0,1
NMR-508705,Breeder,Colony-C,35.7,23,0.338,31.9,22.5,5.45,0.72,0.167,21,14,23.38,0,1
NMR-503273,Worker,Colony-B,34.6,53,0.467,30.5,21.7,7.04,19.02,0.371,25,10,18.14,0,0
NMR-507228,Worker,Colony-E,30.0,46,0.274,31.8,14.0,8.25,17.13,0.425,20,10,22.82,0,0
NMR-504044,Worker,Colony-E,24.8,59,0.167,32.0,38.1,7.43,12.1,0.303,22,15,17.29,1,1
NMR-501467,Worker,Colony-B,25.0,82,0.14,32.0,11.6,8.81,20.71,0.348,14,13,19.9,1,1
NMR-500181,Worker,Colony-E,33.1,41,0.162,31.8,19.0,4.7,8.8,0.546,24,8,18.7,1,1
NMR-508027,Worker,Colony-A,35.3,72,0.215,31.5,12.5,7.27,21.76,0.354,26,8,23.37,1,0
NMR-504088,Soldier,Colony-D,45.3,90,0.302,31.0,21.1,7.3,13.85,0.583,14,11,20.39,0,0
NMR-501448,Worker,Colony-B,31.1,51,0.23,32.3,13.5,7.56,15.68,0.378,24,11,22.32,1,1
NMR-508250,Soldier,Colony-B,39.0,51,0.267,32.1,22.6,5.48,13.43,0.376,26,11,19.05,1,1
NMR-501149,Worker,Colony-C,28.1,41,0.457,34.9,14.6,5.86,8.89,0.174,30,9,23.48,0,0
NMR-503422,Worker,Colony-A,33.4,48,0.307,32.3,8.9,6.12,17.56,0.474,26,9,22.85,0,1
NMR-502502,Worker,Colony-C,33.8,72,0.303,33.3,28.6,9.24,6.55,0.113,19,11,20.4,0,1
NMR-508677,Worker,Colony-D,31.1,28,0.201,33.2,10.3,6.03,14.14,0.337,23,10,19.19,0,1
NMR-507513,Worker,Colony-C,30.0,70,0.245,32.0,40.5,6.58,8.8,0.34,23,10,18.74,1,1
NMR-505723,Worker,Colony-B,37.6,25,0.313,32.2,30.4,7.39,11.35,0.13,23,12,17.37,1,0
NMR-504882,Worker,Colony-D,36.1,46,0.439,30.4,22.4,6.74,13.83,0.265,29,7,18.12,0,0
NMR-505909,Soldier,Colony-E,35.6,43,0.516,32.3,6.4,8.09,16.26,0.038,33,7,24.1,0,1
NMR-500771,Breeder,Colony-A,42.7,78,0.274,31.4,12.8,6.18,15.76,0.378,18,9,14.7,0,0
NMR-500704,Worker,Colony-E,20.3,49,0.288,32.8,12.2,7.85,8.8,0.208,22,20,21.83,0,1
NMR-505457,Soldier,Colony-D,37.1,62,0.384,32.6,46.4,5.99,10.23,0.181,18,9,16.89,1,0
NMR-508416,Worker,Colony-A,38.8,40,0.275,32.9,17.6,9.01,11.72,0.289,19,15,18.47,1,0
NMR-503561,Worker,Colony-E,32.1,96,0.176,33.8,28.4,8.38,8.9,0.392,26,15,28.36,1,0
NMR-508920,Worker,Colony-E,22.7,45,0.276,33.1,19.9,6.54,17.63,0.134,31,17,19.63,1,0
NMR-501360,Worker,Colony-A,43.0,35,0.143,33.2,14.4,5.72,11.72,0.036,24,7,18.76,1,1
NMR-507416,Soldier,Colony-D,24.5,100,0.23,31.9,24.1,5.73,3.72,0.377,26,8,15.13,0,0
NMR-504926,Worker,Colony-C,34.0,51,0.317,32.1,12.2,5.85,7.89,0.247,24,10,18.77,0,1
NMR-508794,Soldier,Colony-D,40.7,104,0.21,31.6,14.8,6.84,12.41,0.309,27,10,17.99,0,1
NMR-506755,Worker,Colony-B,23.2,28,0.184,33.1,6.6,8.17,9.49,0.371,22,7,16.35,0,0
NMR-503243,Breeder,Colony-C,50.2,117,0.267,32.4,18.5,7.85,0.34,0.444,27,8,19.02,1,1
NMR-504919,Worker,Colony-B,36.0,60,0.172,32.1,31.6,6.48,9.94,0.441,26,13,21.41,1,1
NMR-505169,Soldier,Colony-C,38.7,55,0.335,32.8,9.8,6.6,7.43,0.24,27,10,17.33,0,1
NMR-505729,Worker,Colony-E,36.1,53,0.236,32.9,22.5,7.47,11.38,0.076,29,7,20.03,0,0
NMR-501081,Worker,Colony-B,30.0,44,0.247,33.5,30.4,4.73,15.01,0.563,25,11,19.07,0,0
NMR-507240,Worker,Colony-E,33.5,117,0.303,32.4,21.7,5.68,11.16,0.186,32,11,17.84,1,0
NMR-505987,Soldier,Colony-C,35.2,101,0.237,32.8,15.7,8.88,13.39,0.397,19,11,21.38,1,1
NMR-506147,Worker,Colony-E,29.7,95,0.15,31.9,31.8,7.79,10.73,0.336,25,11,19.71,1,1
NMR-508455,Queen,Colony-B,53.4,43,0.187,33.3,34.7,6.76,7.43,0.312,20,10,18.61,1,0
NMR-501246,Breeder,Colony-D,43.6,48,0.207,33.2,26.5,7.68,2.16,0.344,26,9,13.61,1,0
NMR-504220,Worker,Colony-C,30.0,40,0.29,32.4,10.3,6.81,24.12,0.35,31,13,18.29,0,1
NMR-505640,Breeder,Colony-E,39.8,106,0.127,33.3,9.1,7.93,9.72,0.255,28,11,19.65,0,1
NMR-502994,Queen,Colony-A,30.3,65,0.301,32.3,29.7,7.62,-0.93,0.123,26,11,18.82,0,1
NMR-509541,Worker,Colony-A,20.2,68,0.137,34.3,36.9,6.3,8.77,0.204,29,12,16.05,0,0
NMR-507593,Worker,Colony-E,25.0,41,0.151,32.2,21.5,7.04,14.93,0.033,20,18,25.16,1,1
NMR-503895,Soldier,Colony-C,33.0,48,0.275,33.0,18.4,6.25,4.21,0.386,28,12,16.77,0,1
NMR-501995,Breeder,Colony-E,52.1,53,0.623,31.3,13.2,7.69,12.75,0.126,26,10,22.04,0,0
NMR-507024,Worker,Colony-C,39.9,40,0.399,33.9,19.4,7.41,15.46,0.101,24,7,14.35,0,0
NMR-507826,Worker,Colony-E,24.3,73,0.38,32.3,11.3,8.0,6.74,0.301,16,11,17.46,0,1
NMR-505856,Worker,Colony-B,36.3,34,0.272,31.5,6.0,6.12,12.2,0.533,29,5,22.27,1,1
NMR-506553,Worker,Colony-E,43.5,17,0.174,32.6,24.6,6.73,15.66,0.237,24,7,16.6,1,1
NMR-500318,Worker,Colony-E,35.7,58,0.288,31.7,16.6,8.8,8.93,0.075,17,13,13.05,0,1
NMR-504695,Worker,Colony-B,41.0,42,0.199,32.3,30.4,6.77,13.77,0.107,22,11,17.88,0,1
NMR-505293,Worker,Colony-A,26.8,176,0.268,31.7,30.7,8.13,10.13,0.187,23,10,19.35,1,1
NMR-507770,Breeder,Colony-C,36.9,51,0.367,32.8,11.5,7.75,4.7,0.445,26,7,18.21,0,0
NMR-503269,Worker,Colony-B,38.6,71,0.213,31.2,9.2,7.29,26.95,0.205,34,17,21.41,1,0
NMR-501239,Worker,Colony-E,26.1,80,0.265,31.8,16.8,5.16,6.3,0.357,25,10,19.94,0,1
NMR-506116,Breeder,Colony-C,38.1,52,0.324,32.6,32.2,6.92,3.15,0.418,18,11,15.07,0,1
NMR-502414,Soldier,Colony-E,33.9,93,0.368,32.1,14.3,6.24,4.86,0.347,25,9,16.86,1,0
NMR-505668,Worker,Colony-E,29.3,27,0.214,32.1,16.7,6.78,11.24,0.244,29,14,17.59,1,0
NMR-503883,Worker,Colony-D,33.8,137,0.209,31.5,11.8,7.59,15.5,0.233,30,13,16.0,0,1
NMR-507566,Worker,Colony-B,35.0,49,0.208,31.5,19.8,7.77,20.15,0.375,22,3,19.29,1,0
NMR-500446,Breeder,Colony-D,35.7,39,0.124,32.4,7.9,6.91,27.93,0.459,25,10,19.81,0,1
NMR-502296,Worker,Colony-A,18.9,83,0.201,33.7,17.7,6.08,13.29,0.289,26,10,17.23,1,0
NMR-502788,Soldier,Colony-E,40.1,33,0.246,32.8,18.7,6.7,7.75,0.061,31,11,16.35,0,1
NMR-504614,Worker,Colony-D,29.0,99,0.162,33.1,37.5,8.96,10.65,0.288,17,13,19.83,1,1
NMR-503729,Queen,Colony-E,47.4,43,0.174,31.9,26.0,5.3,2.74,0.371,22,9,21.03,1,1
NMR-509063,Worker,Colony-D,32.7,45,0.463,32.4,28.2,6.89,22.47,0.214,20,14,13.81,0,1
NMR-506321,Worker,Colony-E,31.3,37,0.232,33.2,16.6,8.77,16.81,0.141,21,18,18.48,1,0
NMR-506021,Worker,Colony-D,30.4,84,0.27,32.9,10.9,6.21,15.36,0.204,26,12,16.5,0,0
NMR-509517,Worker,Colony-A,35.1,45,0.148,30.9,20.0,7.28,13.12,0.151,32,16,15.47,0,0
NMR-505799,Soldier,Colony-D,35.2,75,0.236,32.7,29.3,7.02,7.05,0.465,24,16,22.21,1,1
NMR-505773,Breeder,Colony-C,29.6,50,0.267,31.7,31.4,5.76,5.43,0.346,21,10,20.83,1,1
NMR-508587,Worker,Colony-A,29.6,34,0.255,31.9,24.7,6.87,10.57,0.161,16,9,16.44,0,1
NMR-503773,Worker,Colony-E,29.1,65,0.406,33.3,14.1,5.29,10.34,0.393,28,10,21.84,1,0
NMR-507413,Soldier,Colony-E,38.5,42,0.197,32.7,30.5,7.39,5.65,0.277,21,10,22.26,1,1
NMR-504009,Soldier,Colony-C,35.1,11,0.241,32.5,19.1,5.0,8.06,0.237,21,11,18.39,0,1
NMR-505114,Soldier,Colony-A,36.1,21,0.19,30.9,9.9,7.45,50.77,0.157,22,10,17.43,1,0
NMR-506144,Soldier,Colony-D,23.8,39,0.344,34.6,15.4,8.07,12.69,0.314,20,17,25.18,1,0
NMR-505014,Soldier,Colony-A,37.6,80,0.337,32.6,26.3,9.39,17.44,0.16,21,11,23.43,1,1
NMR-501510,Soldier,Colony-D,37.9,85,0.176,32.5,14.0,6.87,13.37,0.221,22,8,17.75,1,1
NMR-501263,Worker,Colony-C,23.4,110,0.196,32.9,18.5,6.61,15.19,0.043,27,14,19.68,0,0
NMR-504587,Soldier,Colony-C,40.8,18,0.164,32.0,14.9,6.82,10.57,0.069,26,11,23.91,1,1
NMR-500698,Worker,Colony-A,35.4,59,0.247,33.8,40.4,6.95,8.13,0.3,20,12,25.91,1,0
NMR-508965,Soldier,Colony-B,36.2,71,0.561,32.9,18.2,8.33,3.57,0.272,19,16,20.05,1,1
NMR-500812,Worker,Colony-A,35.0,51,0.391,31.2,30.9,5.09,10.61,0.62,22,7,21.68,1,0
NMR-500111,Soldier,Colony-E,31.8,56,0.42,32.4,12.3,5.97,9.33,0.432,21,14,18.85,0,0
NMR-502921,Worker,Colony-D,44.5,27,0.225,32.9,15.3,8.61,17.2,0.078,20,15,21.12,1,0
NMR-504248,Worker,Colony-A,30.5,17,0.278,31.7,19.9,5.19,16.06,0.175,19,11,23.74,1,1
NMR-507580,Worker,Colony-B,38.8,63,0.235,32.8,19.1,5.52,10.87,0.277,25,10,17.07,1,0
NMR-504313,Soldier,Colony-E,37.9,63,0.142,32.2,27.0,6.5,6.51,0.402,32,12,17.02,1,1
NMR-504922,Worker,Colony-A,31.1,96,0.333,32.6,30.2,6.43,9.23,0.376,22,12,22.07,1,1
NMR-504034,Worker,Colony-E,47.0,32,0.329,31.3,42.0,8.47,14.0,0.346,19,10,15.44,1,0
NMR-507776,Worker,Colony-D,26.0,24,0.269,31.5,16.8,5.52,14.14,0.329,26,11,22.28,0,1
NMR-505444,Worker,Colony-C,23.5,34,0.256,31.4,11.5,6.14,12.58,0.271,27,13,23.7,1,1
NMR-504293,Soldier,Colony-D,45.7,52,0.157,32.1,6.6,8.31,4.29,0.047,21,10,16.84,0,1
NMR-502448,Soldier,Colony-E,46.6,95,0.438,32.9,21.9,6.78,11.2,0.251,30,11,20.45,0,1
NMR-504325,Soldier,Colony-E,40.6,30,0.268,33.7,18.1,6.36,7.94,0.26,24,8,20.16,1,0
NMR-504970,Breeder,Colony-A,42.2,101,0.161,33.6,55.7,6.04,2.55,0.344,26,9,15.49,1,0
NMR-509321,Worker,Colony-D,30.3,36,0.172,31.6,23.8,8.25,27.41,0.342,21,8,19.27,1,0
NMR-509843,Soldier,Colony-D,28.9,56,0.196,34.2,8.8,7.04,29.24,0.139,26,11,15.09,0,0
NMR-509023,Soldier,Colony-D,46.1,80,0.216,32.2,14.8,5.71,14.05,0.411,31,12,23.64,1,0
NMR-508940,Worker,Colony-A,32.0,39,0.241,31.5,6.9,6.78,10.56,0.219,29,9,26.0,1,1
NMR-500897,Worker,Colony-E,21.7,51,0.238,34.0,15.3,5.29,14.78,0.391,24,9,18.19,0,0
NMR-500960,Worker,Colony-C,39.1,93,0.214,32.1,18.2,6.91,23.6,0.372,23,10,16.59,0,1
NMR-501679,Worker,Colony-C,28.3,60,0.462,32.1,25.4,5.99,19.45,0.217,32,12,22.76,0,1
NMR-502047,Breeder,Colony-D,46.4,69,0.247,32.7,14.6,6.82,3.01,0.292,28,10,20.8,0,1
NMR-503534,Worker,Colony-C,38.6,73,0.143,34.1,17.6,7.69,10.72,0.155,18,13,24.74,0,0
NMR-509616,Queen,Colony-A,46.7,31,0.221,34.4,18.6,8.38,8.26,0.176,26,12,22.43,1,0
NMR-507500,Worker,Colony-B,33.1,101,0.245,33.1,32.2,6.35,18.73,0.326,22,13,24.35,1,0
NMR-501092,Queen,Colony-D,46.1,60,0.23,30.4,20.8,8.48,0.01,0.566,18,11,16.04,0,0
NMR-500175,Queen,Colony-D,49.6,62,0.146,33.0,19.8,7.38,6.43,0.355,16,9,17.36,1,1
NMR-503251,Worker,Colony-A,27.8,22,0.293,33.0,16.1,8.62,33.75,0.236,22,20,19.7,0,0
NMR-504362,Worker,Colony-A,18.8,73,0.255,32.4,17.5,9.0,17.75,0.435,16,14,19.97,1,1
NMR-507429,Worker,Colony-C,38.9,17,0.267,32.0,16.6,6.46,11.22,0.485,28,7,20.59,1,1
NMR-505219,Queen,Colony-D,42.9,27,0.233,32.6,8.4,8.4,3.55,0.413,29,14,17.37,0,0
NMR-503680,Worker,Colony-A,25.1,28,0.191,33.5,16.1,7.29,12.1,0.453,21,9,21.5,1,0
NMR-502664,Soldier,Colony-E,22.9,82,0.365,32.0,9.4,5.27,8.62,0.459,25,11,23.32,0,0
NMR-500324,Worker,Colony-D,30.1,33,0.154,32.3,21.5,8.37,12.36,0.34,16,11,18.68,1,0
NMR-501159,Worker,Colony-E,33.2,59,0.239,33.6,43.5,6.2,19.87,0.496,27,11,17.47,1,0
NMR-504907,Soldier,Colony-C,39.2,41,0.173,31.7,15.2,6.09,6.82,0.118,24,17,15.93,0,1
NMR-509082,Worker,Colony-E,29.9,27,0.29,32.1,23.5,7.61,11.66,0.155,27,16,19.21,1,0
NMR-509597,Soldier,Colony-C,29.9,72,0.233,33.2,12.6,6.42,14.21,0.179,27,5,22.46,0,0
NMR-500649,Worker,Colony-B,29.1,34,0.312,32.1,20.9,7.96,13.86,0.213,27,6,22.66,0,0
NMR-502647,Worker,Colony-D,29.9,33,0.149,31.0,17.2,7.3,18.2,0.341,24,15,22.91,1,0
NMR-506242,Soldier,Colony-B,31.1,27,0.27,31.6,11.5,7.59,13.68,0.084,22,7,20.37,0,0
NMR-508122,Queen,Colony-C,41.4,39,0.409,31.4,8.2,7.52,-0.51,0.508,21,13,21.65,0,0
NMR-506247,Worker,Colony-A,37.2,94,0.251,31.7,20.9,5.81,11.77,0.121,25,11,17.81,1,0
NMR-502551,Worker,Colony-D,32.9,63,0.31,31.6,16.8,6.85,19.28,0.406,21,11,18.43,1,1
NMR-509645,Worker,Colony-E,34.5,81,0.265,31.7,24.8,7.81,16.11,0.141,22,6,22.2,1,1
NMR-509735,Worker,Colony-B,37.1,38,0.192,32.8,15.4,5.37,6.3,0.473,29,11,16.22,0,1
NMR-505549,Worker,Colony-C,32.9,73,0.198,31.8,26.6,7.55,9.95,0.423,28,17,20.73,1,1
NMR-500905,Worker,Colony-A,17.0,100,0.216,32.1,13.3,6.69,10.71,0.31,27,6,15.73,0,1
NMR-507999,Soldier,Colony-D,36.1,44,0.389,32.5,18.5,6.16,14.59,0.495,33,6,18.83,0,1
NMR-504809,Soldier,Colony-D,41.5,40,0.22,33.4,47.7,6.23,6.28,0.391,23,6,14.28,1,0
NMR-504776,Worker,Colony-E,27.8,47,0.179,31.0,17.8,4.47,9.76,0.295,27,10,15.85,0,0
NMR-505006,Worker,Colony-A,29.4,113,0.343,32.0,13.3,8.01,9.02,0.149,22,11,19.69,0,1
NMR-507117,Worker,Colony-C,27.1,28,0.248,31.8,9.4,6.94,11.16,0.479,22,19,21.98,0,1
NMR-509361,Breeder,Colony-E,48.4,151,0.253,32.9,21.0,6.75,13.82,0.215,19,11,18.18,0,0
NMR-507390,Worker,Colony-A,32.4,65,0.254,32.9,22.8,8.5,10.48,0.278,23,7,21.39,1,1
NMR-502661,Worker,Colony-A,28.6,37,0.354,32.9,10.3,4.73,14.46,0.09,24,5,16.75,0,1
NMR-509491,Queen,Colony-C,46.3,121,0.266,32.3,14.6,5.85,-0.35,0.375,19,12,20.0,0,0
NMR-508214,Breeder,Colony-B,42.9,73,0.278,32.0,20.9,8.17,8.53,0.134,21,12,15.65,0,1
NMR-506199,Worker,Colony-E,28.4,56,0.156,33.2,26.5,6.63,18.04,0.142,21,11,22.9,1,1
NMR-501142,Soldier,Colony-E,33.1,40,0.249,32.9,34.1,6.17,24.51,0.471,29,16,18.08,0,1
NMR-507833,Soldier,Colony-B,36.9,42,0.451,33.0,27.2,5.64,6.07,0.401,22,13,12.96,0,1
NMR-505231,Worker,Colony-B,34.4,55,0.283,31.5,14.8,7.19,15.15,0.072,18,10,15.54,0,1
NMR-504516,Soldier,Colony-E,27.6,29,0.221,32.4,19.7,7.62,25.54,0.432,24,11,23.58,1,0
NMR-507989,Soldier,Colony-C,29.9,111,0.328,31.8,14.6,6.39,8.13,0.161,24,8,21.26,1,1
NMR-507403,Worker,Colony-B,25.5,56,0.309,32.7,8.8,9.23,13.38,0.338,24,10,13.69,0,0
NMR-502313,Worker,Colony-E,42.8,47,0.325,32.3,10.3,8.3,13.57,0.189,21,3,20.9,1,1
NMR-500271,Queen,Colony-C,34.7,19,0.307,32.8,13.4,5.74,0.99,0.483,19,14,16.76,1,1
NMR-503980,Worker,Colony-A,28.8,37,0.408,31.0,20.5,7.61,7.14,0.289,24,11,19.63,0,0
NMR-505250,Soldier,Colony-C,33.3,73,0.192,33.7,13.1,7.02,17.03,0.232,30,12,18.19,1,0
NMR-502917,Worker,Colony-B,22.5,59,0.312,32.0,10.9,6.84,14.74,0.159,26,7,28.63,1,1
NMR-503652,Soldier,Colony-E,36.0,101,0.239,32.7,15.6,7.47,8.19,0.45,24,6,13.19,0,1
NMR-505880,Breeder,Colony-E,46.6,90,0.159,31.5,9.3,7.01,12.62,0.217,20,6,22.74,1,0
NMR-500592,Soldier,Colony-D,28.1,38,0.179,30.8,17.5,7.76,17.03,0.632,20,9,18.1,0,0
NMR-501179,Worker,Colony-A,27.1,86,0.187,33.1,19.5,9.04,8.95,0.208,21,14,22.16,0,1
NMR-507844,Worker,Colony-E,35.1,83,0.205,30.7,12.5,7.34,15.88,0.221,22,11,22.36,1,0
NMR-504352,Worker,Colony-D,30.5,79,0.279,32.5,18.8,6.12,11.9,0.032,26,11,20.23,1,0
NMR-502286,Worker,Colony-B,24.2,59,0.206,31.8,10.6,8.15,11.47,0.45,15,14,21.51,0,1
NMR-506257,Worker,Colony-B,37.3,39,0.274,32.0,11.5,7.22,19.95,0.313,21,11,19.99,0,0
NMR-500648,Worker,Colony-C,27.9,70,0.212,32.6,7.8,7.34,22.26,0.328,23,12,20.02,0,1
NMR-500131,Worker,Colony-A,23.7,61,0.177,32.3,37.5,6.5,26.37,0.311,32,7,25.23,1,1
NMR-503516,Worker,Colony-B,38.9,22,0.344,32.9,19.0,6.78,8.6,0.069,22,12,17.64,0,0
NMR-503100,Worker,Colony-B,34.7,49,0.31,33.3,27.8,5.45,10.9,0.273,20,10,15.82,0,0
NMR-500330,Soldier,Colony-D,37.5,54,0.24,31.8,24.1,7.39,9.68,0.252,16,10,24.14,1,0
NMR-504052,Worker,Colony-D,37.5,67,0.247,33.9,11.6,6.7,15.59,0.16,26,9,19.8,0,0
NMR-504531,Soldier,Colony-D,42.7,60,0.411,32.2,17.1,6.57,6.27,0.249,24,18,14.34,0,1
NMR-503624,Soldier,Colony-C,30.2,54,0.175,33.2,43.0,5.75,6.43,0.434,17,14,18.53,1,0
NMR-505138,Breeder,Colony-A,45.9,62,0.335,34.4,24.3,6.81,2.55,0.221,22,17,16.15,1,0
NMR-507656,Worker,Colony-B,26.7,51,0.495,32.3,13.7,6.34,11.63,0.252,26,8,17.6,0,1
NMR-509277,Soldier,Colony-A,31.3,69,0.195,31.5,29.7,7.78,5.52,0.51,17,12,19.86,1,1
NMR-506920,Soldier,Colony-E,30.3,53,0.306,31.8,12.8,7.27,7.11,0.241,35,6,17.89,0,1
NMR-500753,Worker,Colony-D,31.1,93,0.263,33.5,11.1,7.49,11.41,0.073,21,9,18.02,0,1
NMR-505838,Worker,Colony-D,32.4,45,0.28,31.4,24.9,6.95,30.98,0.335,29,14,24.6,1,1
NMR-500060,Soldier,Colony-E,21.3,49,0.33,33.1,39.2,5.87,14.71,0.214,33,15,18.52,0,0
NMR-503345,Worker,Colony-A,38.3,63,0.246,31.2,5.2,6.83,10.36,0.228,21,9,19.38,0,1
NMR-500327,Soldier,Colony-E,34.1,93,0.158,33.1,24.8,6.14,9.31,0.206,29,12,20.62,1,0
NMR-504076,Worker,Colony-D,43.8,34,0.288,33.0,13.7,6.64,5.67,0.318,14,15,17.03,0,0
NMR-502179,Worker,Colony-E,16.2,55,0.332,32.8,19.4,7.28,5.97,0.133,24,14,20.39,0,1
NMR-501334,Soldier,Colony-D,24.5,58,0.211,31.6,47.0,8.32,5.96,0.103,22,13,19.72,1,1
NMR-502753,Soldier,Colony-B,32.4,49,0.304,33.9,21.9,7.48,8.67,0.26,23,11,14.6,0,0
NMR-501781,Soldier,Colony-E,23.2,54,0.151,30.6,11.8,5.72,5.87,0.197,29,5,18.95,1,0
NMR-501117,Worker,Colony-B,32.2,42,0.324,32.9,31.4,6.66,19.43,0.117,30,8,19.53,1,0
NMR-503010,Worker,Colony-D,34.7,88,0.394,34.4,27.1,6.58,21.64,0.222,30,11,18.88,0,0
NMR-505039,Worker,Colony-E,26.0,54,0.34,32.0,36.5,8.47,8.38,0.194,17,12,18.87,0,0
NMR-500458,Worker,Colony-A,39.9,57,0.247,30.6,40.9,8.28,12.03,0.415,25,7,22.72,1,0
NMR-505369,Soldier,Colony-A,30.3,85,0.311,32.3,13.7,6.21,7.21,0.333,20,9,20.0,0,0
NMR-503884,Worker,Colony-A,23.1,98,0.337,32.3,36.8,6.85,16.68,0.44,17,7,11.91,0,1
NMR-507632,Worker,Colony-A,32.6,54,0.281,32.8,26.2,5.77,15.53,0.335,24,10,19.21,0,1
NMR-507232,Worker,Colony-C,18.2,30,0.224,32.1,15.6,5.11,26.81,0.289,27,12,18.12,0,1
NMR-509665,Breeder,Colony-E,35.2,140,0.183,33.7,17.6,4.86,2.69,0.344,22,12,22.49,1,0
NMR-505589,Breeder,Colony-D,43.3,24,0.19,33.4,41.9,7.31,10.99,0.653,20,4,16.32,1,0
NMR-505047,Soldier,Colony-C,34.7,26,0.217,32.8,7.8,5.09,15.78,0.247,28,11,17.42,0,1
NMR-505455,Worker,Colony-B,33.5,51,0.151,32.8,22.4,6.8,14.06,0.193,23,10,17.06,1,1
NMR-500184,Worker,Colony-A,30.9,34,0.191,31.6,26.7,4.58,13.1,0.285,26,9,21.44,1,1
NMR-508675,Worker,Colony-B,34.4,81,0.203,32.5,20.4,7.03,11.53,0.44,20,9,16.2,0,0
NMR-501245,Worker,Colony-C,37.6,42,0.244,32.5,35.5,6.25,14.29,0.247,25,14,19.29,1,1
NMR-507713,Worker,Colony-A,29.0,49,0.183,31.2,28.8,8.75,16.81,0.197,21,11,13.5,1,0
NMR-504791,Soldier,Colony-D,41.6,26,0.207,32.0,19.8,5.86,5.2,0.189,26,5,14.94,0,1
NMR-502565,Worker,Colony-A,24.5,23,0.338,33.1,11.7,5.6,15.11,0.171,25,16,16.83,0,1
NMR-504015,Breeder,Colony-C,48.8,164,0.186,32.7,24.9,5.83,4.53,0.215,19,8,20.42,1,0
NMR-505248,Worker,Colony-D,27.2,47,0.208,34.0,19.7,7.75,9.8,0.156,38,13,24.84,1,0
NMR-501967,Breeder,Colony-C,47.6,37,0.157,32.4,11.2,8.54,9.33,0.211,18,15,16.86,0,0
NMR-503953,Worker,Colony-C,33.7,51,0.301,32.9,33.7,8.61,8.99,0.181,19,7,18.71,1,1
NMR-509346,Worker,Colony-A,33.0,94,0.148,32.2,8.8,6.44,24.39,0.272,29,11,19.33,1,0
NMR-507787,Worker,Colony-E,33.0,28,0.192,32.3,34.5,6.84,18.08,0.209,22,10,19.27,1,1
NMR-501012,Worker,Colony-B,36.1,61,0.317,31.4,7.7,5.9,8.44,0.571,27,12,23.47,0,0
NMR-502679,Worker,Colony-A,40.1,76,0.215,32.1,18.4,6.29,10.76,0.305,26,12,15.12,0,0
NMR-506149,Worker,Colony-B,33.0,56,0.196,33.2,6.0,8.79,14.84,0.336,40,20,13.74,0,0
NMR-505903,Breeder,Colony-D,38.7,71,0.296,30.7,21.6,6.91,3.13,0.457,23,11,21.54,0,0
NMR-501541,Worker,Colony-E,30.3,91,0.279,33.2,12.5,7.23,20.81,0.16,24,11,21.17,0,0
NMR-508557,Queen,Colony-B,44.0,80,0.214,32.3,15.1,6.85,-0.41,0.516,20,8,24.88,1,0
NMR-503459,Worker,Colony-E,32.0,46,0.313,32.6,14.2,5.91,25.93,0.28,42,10,14.99,0,1
NMR-504223,Breeder,Colony-E,39.1,67,0.119,29.9,17.9,7.74,0.13,0.154,26,15,16.57,0,0
NMR-501049,Worker,Colony-C,30.2,35,0.268,33.1,21.7,7.21,18.14,0.349,16,7,20.14,1,0
NMR-505958,Breeder,Colony-D,35.1,29,0.208,32.2,19.0,6.32,12.25,0.061,20,14,16.94,1,1
NMR-508618,Soldier,Colony-C,23.0,106,0.167,32.3,9.5,7.16,7.27,0.159,26,13,18.21,1,1
NMR-508664,Worker,Colony-B,33.3,61,0.306,32.7,39.6,7.35,11.61,0.36,26,9,16.41,1,1
NMR-506099,Worker,Colony-C,33.1,33,0.233,33.0,17.8,6.41,10.15,0.192,19,14,21.34,1,0
NMR-508340,Soldier,Colony-E,45.9,84,0.332,31.8,19.6,4.98,24.95,0.405,33,11,18.28,0,0
NMR-500687,Soldier,Colony-C,36.2,42,0.345,32.6,21.1,7.45,10.23,0.389,27,10,14.35,1,1
NMR-507446,Soldier,Colony-A,29.3,46,0.153,30.6,28.2,7.41,11.92,0.197,26,7,21.8,1,0
NMR-508182,Worker,Colony-D,30.2,20,0.283,33.1,21.5,7.34,20.44,0.465,27,18,22.32,0,0
NMR-500991,Worker,Colony-C,21.8,47,0.338,31.1,30.6,7.49,21.02,0.267,33,9,21.08,1,0
NMR-502222,Soldier,Colony-B,44.6,56,0.295,32.1,9.5,6.82,11.83,0.346,23,9,18.96,0,1
NMR-507169,Breeder,Colony-A,41.0,47,0.287,31.6,6.3,6.08,7.65,0.101,18,8,21.32,0,1
NMR-506913,Worker,Colony-C,29.9,38,0.18,32.8,22.2,5.5,10.07,0.836,26,17,18.36,0,1
NMR-501340,Worker,Colony-B,39.9,131,0.251,31.8,19.6,7.82,8.22,0.619,33,16,22.27,0,1
NMR-507911,Soldier,Colony-B,37.3,64,0.254,31.3,16.2,7.62,7.78,0.423,32,12,22.72,0,0
NMR-505073,Breeder,Colony-D,33.6,38,0.307,32.1,30.1,6.59,6.91,0.159,20,9,16.56,1,1
NMR-509157,Breeder,Colony-B,42.8,18,0.287,33.0,9.8,7.1,5.58,0.412,28,12,17.85,0,0
NMR-503385,Worker,Colony-C,32.4,119,0.492,31.9,34.9,9.34,8.49,0.36,16,17,21.48,0,1
NMR-502536,Worker,Colony-B,28.7,40,0.265,32.2,11.6,8.01,16.54,0.232,30,5,17.2,0,1
NMR-508666,Worker,Colony-E,23.4,17,0.216,32.7,25.9,6.93,13.77,0.339,21,13,17.11,0,1
NMR-504157,Breeder,Colony-C,34.8,49,0.251,32.7,19.5,8.07,2.37,0.108,30,11,16.58,0,0
NMR-500372,Worker,Colony-A,24.3,57,0.216,32.5,26.0,6.72,14.1,0.339,27,14,16.44,0,1
NMR-504095,Worker,Colony-A,32.3,47,0.248,30.9,14.4,5.29,24.86,0.163,24,15,15.58,0,0
NMR-508008,Worker,Colony-E,30.7,17,0.278,32.2,22.1,8.18,10.89,0.537,27,10,20.69,1,0
NMR-502928,Worker,Colony-C,35.1,53,0.227,33.3,17.0,8.17,15.1,0.306,24,3,20.08,0,0
NMR-504949,Worker,Colony-D,23.9,56,0.456,30.8,28.7,5.01,15.01,0.43,25,13,23.25,0,0
NMR-507335,Worker,Colony-A,35.6,33,0.192,31.1,34.9,6.69,21.92,0.21,27,15,19.44,0,0
NMR-508778,Worker,Colony-A,34.3,69,0.268,33.7,28.4,6.15,7.21,0.531,25,9,18.73,0,0
NMR-502506,Soldier,Colony-D,17.2,61,0.132,32.1,22.4,6.23,16.92,0.347,28,11,17.46,1,1
NMR-501513,Worker,Colony-D,41.2,65,0.291,32.7,28.8,7.09,7.31,0.074,17,13,16.32,0,1
NMR-501238,Worker,Colony-B,47.1,114,0.165,34.9,28.8,8.31,8.98,0.092,19,9,21.55,1,0
NMR-500261,Worker,Colony-E,28.0,42,0.236,32.3,22.8,7.19,6.53,0.303,17,8,17.68,1,1
NMR-507474,Worker,Colony-D,33.6,47,0.267,33.3,16.0,7.35,18.74,0.5,25,12,21.26,0,0
NMR-506523,Worker,Colony-B,30.6,53,0.326,31.9,22.3,7.56,12.52,0.347,21,9,20.21,1,1
NMR-507777,Worker,Colony-D,38.4,42,0.192,31.9,21.6,7.04,9.45,0.246,13,11,12.7,1,0
NMR-502392,Worker,Colony-D,21.9,27,0.178,32.1,27.4,6.08,14.61,0.203,27,14,14.81,0,1
NMR-507373,Worker,Colony-B,49.6,35,0.25,32.3,17.3,5.62,11.96,0.118,19,12,17.16,0,1
NMR-500971,Breeder,Colony-A,35.4,107,0.218,33.9,17.9,7.18,12.19,0.457,20,12,20.81,1,0
NMR-508450,Worker,Colony-C,38.4,38,0.368,32.8,10.6,8.04,17.21,0.131,24,15,23.99,0,0
NMR-504835,Breeder,Colony-D,40.0,106,0.189,33.3,17.9,6.96,4.75,0.392,26,17,19.44,1,0
NMR-509747,Worker,Colony-A,31.3,68,0.178,32.7,6.3,8.71,10.54,0.46,25,15,24.07,1,1
NMR-503442,Soldier,Colony-D,35.6,76,0.286,32.3,16.5,8.24,16.04,0.277,20,13,19.66,0,1
NMR-500840,Queen,Colony-D,46.3,33,0.188,33.0,8.5,6.87,0.5,0.081,24,11,12.93,0,0
NMR-509376,Worker,Colony-B,25.6,155,0.253,32.0,22.5,5.83,9.51,0.112,28,11,17.9,1,0
NMR-502995,Soldier,Colony-B,29.0,76,0.202,32.4,10.1,8.51,12.23,0.233,25,11,16.62,0,1
NMR-504837,Worker,Colony-D,28.0,77,0.252,32.3,9.3,6.48,15.98,0.487,28,13,22.6,0,1
NMR-509952,Worker,Colony-D,30.3,67,0.369,32.3,25.7,7.05,9.0,0.149,31,9,23.19,1,1
NMR-503597,Worker,Colony-E,30.6,41,0.624,32.7,26.4,7.22,22.65,0.199,21,8,12.94,0,1
NMR-500884,Breeder,Colony-E,37.6,25,0.169,32.6,15.5,7.08,10.14,0.156,14,8,22.93,1,0
NMR-505360,Worker,Colony-C,27.0,89,0.191,32.6,10.2,6.78,20.4,0.178,28,10,21.06,1,0
NMR-503106,Soldier,Colony-E,21.8,92,0.138,31.3,12.6,6.07,4.08,0.382,25,12,18.07,1,0
NMR-509827,Soldier,Colony-E,35.5,50,0.272,32.6,19.4,6.88,4.71,0.112,28,11,18.51,0,0
NMR-502196,Breeder,Colony-E,38.3,54,0.227,32.5,23.1,7.15,8.09,0.443,29,7,21.97,0,1
NMR-503121,Worker,Colony-B,37.0,27,0.201,33.3,35.5,8.22,15.14,0.165,32,12,20.16,1,0
NMR-500438,Worker,Colony-D,28.7,50,0.192,32.0,20.0,5.75,11.55,0.107,22,9,19.43,1,0
NMR-509270,Worker,Colony-B,41.5,43,0.193,33.2,9.3,5.42,13.68,0.085,28,12,15.49,0,1
NMR-505168,Worker,Colony-D,35.1,194,0.198,32.3,20.7,7.65,7.5,0.369,20,9,20.89,0,1
NMR-507322,Worker,Colony-C,38.0,36,0.264,31.9,9.7,8.91,6.81,0.24,19,11,15.87,0,0
NMR-508312,Worker,Colony-A,26.1,69,0.164,31.5,20.7,6.54,10.79,0.346,18,9,21.96,1,0
NMR-501379,Worker,Colony-B,23.9,142,0.273,32.9,15.4,5.72,7.84,0.273,22,10,17.4,0,0
NMR-508630,Soldier,Colony-E,32.2,51,0.401,31.8,50.9,8.84,12.17,0.609,18,8,13.79,1,1
NMR-501619,Soldier,Colony-E,29.2,114,0.259,33.9,26.8,6.81,9.07,0.507,30,12,17.52,0,0
NMR-509256,Worker,Colony-B,35.6,56,0.287,32.1,14.3,8.05,13.12,0.198,18,7,19.83,0,1
NMR-506477,Soldier,Colony-C,43.4,176,0.219,32.6,17.0,6.27,15.24,0.244,23,8,17.31,1,0
NMR-500843,Worker,Colony-E,30.4,82,0.231,32.6,31.5,5.56,11.73,0.138,20,15,17.96,1,0
NMR-504463,Soldier,Colony-A,36.8,91,0.227,34.1,18.8,8.71,8.07,0.099,25,11,17.84,1,1
NMR-508309,Worker,Colony-C,25.2,49,0.209,33.0,39.5,6.48,21.79,0.223,32,12,18.23,1,1
NMR-508897,Worker,Colony-A,30.3,62,0.262,30.9,17.9,6.16,11.21,0.292,20,8,23.02,1,0
NMR-500199,Worker,Colony-D,19.2,42,0.271,31.0,20.6,6.34,18.55,0.439,29,10,27.19,1,1
NMR-500155,Soldier,Colony-A,27.6,15,0.433,32.2,24.0,5.7,10.07,0.494,20,9,19.52,0,1
NMR-503528,Soldier,Colony-B,30.9,53,0.275,31.8,18.6,7.67,4.68,0.156,21,16,22.82,1,1
NMR-500094,Worker,Colony-E,32.4,35,0.274,31.4,13.3,6.83,37.66,0.124,28,8,23.36,0,1
NMR-504778,Breeder,Colony-A,43.6,88,0.355,33.3,34.2,6.75,5.26,0.238,27,7,16.74,0,0
NMR-506475,Worker,Colony-C,30.0,137,0.185,29.8,36.0,6.23,10.74,0.173,28,15,23.39,1,0
NMR-507489,Soldier,Colony-D,26.9,43,0.266,32.3,12.8,6.87,13.35,0.374,22,10,23.98,0,1
NMR-501162,Breeder,Colony-A,39.6,38,0.196,32.2,21.1,8.04,17.08,0.181,28,7,14.2,1,1
NMR-503376,Breeder,Colony-D,33.7,34,0.259,33.5,26.1,7.07,10.12,0.326,20,19,22.08,1,0
NMR-504902,Soldier,Colony-D,36.4,61,0.35,30.5,22.3,5.14,14.82,0.232,25,3,17.98,0,0
NMR-503825,Soldier,Colony-B,34.8,17,0.489,33.3,19.1,7.1,7.33,0.225,17,10,23.43,0,0
NMR-504777,Worker,Colony-E,17.8,98,0.254,31.5,5.7,5.01,11.74,0.508,13,12,22.05,0,0
NMR-503208,Worker,Colony-D,21.8,25,0.299,31.9,30.2,9.09,9.97,0.248,30,14,25.92,1,0
NMR-503356,Soldier,Colony-A,39.2,68,0.395,30.9,15.3,7.25,15.01,0.262,26,14,21.19,0,0
NMR-509935,Worker,Colony-A,22.7,28,0.243,30.6,20.7,5.52,11.12,0.287,21,6,20.94,1,0
NMR-501086,Breeder,Colony-C,43.1,68,0.283,31.9,17.3,7.83,16.49,0.319,20,17,12.46,0,1
NMR-501404,Worker,Colony-A,26.3,47,0.303,32.0,12.5,5.81,16.34,0.123,27,12,21.53,1,1
NMR-508169,Worker,Colony-E,26.9,93,0.36,33.2,11.5,4.04,17.65,0.278,31,13,13.29,0,0
NMR-506693,Worker,Colony-C,37.7,26,0.334,31.1,29.6,8.03,9.28,0.335,18,11,21.91,1,0
NMR-502473,Worker,Colony-D,30.0,88,0.388,32.1,20.2,6.65,15.49,0.322,23,10,18.82,0,1
NMR-508363,Worker,Colony-D,28.3,84,0.364,32.7,24.6,7.76,11.83,0.392,24,12,25.01,0,1
NMR-501787,Worker,Colony-C,25.6,52,0.258,31.7,15.2,7.05,15.42,0.173,31,12,23.21,0,0
NMR-507636,Worker,Colony-E,27.0,69,0.297,33.2,30.1,5.5,19.67,0.393,26,17,19.92,1,0
NMR-509905,Worker,Colony-A,31.5,138,0.199,33.5,22.8,8.49,16.05,0.162,28,11,13.97,0,1
NMR-509826,Soldier,Colony-D,35.8,58,0.253,31.8,17.9,7.93,5.16,0.264,18,8,19.8,0,0
NMR-503409,Worker,Colony-D,27.9,86,0.192,32.6,23.9,7.54,16.67,0.248,18,11,19.52,1,1
NMR-508105,Breeder,Colony-B,41.6,28,0.151,33.9,13.1,7.41,5.65,0.205,21,12,18.52,1,0
NMR-508357,Worker,Colony-E,30.6,56,0.345,29.8,19.1,7.34,8.09,0.098,25,6,18.16,0,0
NMR-506360,Worker,Colony-C,34.3,56,0.254,33.3,23.5,7.24,13.42,0.337,22,10,17.23,0,1
NMR-504834,Worker,Colony-B,31.2,122,0.406,33.0,15.8,7.32,9.74,0.113,33,14,20.53,0,0
NMR-508078,Soldier,Colony-E,28.5,35,0.225,32.3,15.0,5.89,14.12,0.311,16,9,17.95,1,0
NMR-505683,Worker,Colony-D,28.2,41,0.176,30.8,30.1,6.25,12.18,0.127,18,13,20.42,1,0
NMR-504403,Soldier,Colony-B,31.7,52,0.308,32.6,19.5,6.34,6.49,0.469,30,11,18.84,0,1
NMR-500315,Soldier,Colony-B,31.6,42,0.278,31.3,31.3,8.67,5.74,0.073,20,13,25.45,1,0
NMR-500218,Worker,Colony-C,29.2,51,0.192,32.5,16.2,7.79,17.51,0.339,26,12,14.33,0,1
NMR-506513,Worker,Colony-E,28.8,73,0.365,32.5,23.4,7.27,14.2,0.182,23,14,21.56,0,1
NMR-509174,Worker,Colony-D,26.6,49,0.227,32.8,20.5,8.01,9.79,0.209,20,12,18.84,1,0
NMR-504428,Worker,Colony-D,33.3,45,0.152,34.1,23.8,6.64,9.27,0.244,21,5,17.72,1,0
NMR-504036,Breeder,Colony-C,26.1,41,0.339,32.2,4.0,8.68,8.34,0.357,25,16,26.37,1,0
NMR-506361,Worker,Colony-D,18.3,20,0.308,32.6,11.0,5.98,11.71,0.207,26,13,22.72,0,1
NMR-500075,Worker,Colony-A,33.7,55,0.597,33.6,36.5,7.24,11.28,0.072,17,13,17.92,0,0
NMR-504517,Breeder,Colony-A,31.7,18,0.221,32.1,14.8,6.14,18.69,0.523,20,10,18.45,1,1
NMR-507199,Worker,Colony-B,32.1,44,0.186,32.9,42.2,7.7,20.24,0.163,29,22,21.9,1,0
NMR-502445,Soldier,Colony-B,28.2,28,0.241,34.2,26.7,6.54,4.54,0.118,15,13,17.08,1,0
NMR-508311,Soldier,Colony-E,21.1,72,0.151,32.4,27.4,6.73,5.95,0.631,25,7,19.57,1,0
NMR-505373,Worker,Colony-A,29.3,77,0.252,31.3,49.1,7.11,14.09,0.107,26,7,19.86,1,0
NMR-504725,Worker,Colony-D,41.8,26,0.216,31.8,18.3,6.36,10.82,0.305,24,8,26.17,1,1
NMR-507615,Soldier,Colony-C,31.4,30,0.267,31.0,21.4,5.82,7.68,0.461,21,14,18.74,0,1
NMR-501697,Soldier,Colony-A,30.9,154,0.243,32.4,13.8,6.55,6.68,0.295,22,9,19.07,0,1
NMR-509650,Worker,Colony-C,25.0,50,0.295,32.2,24.8,4.45,8.34,0.226,26,13,17.01,0,1
NMR-507087,Soldier,Colony-E,21.7,42,0.171,31.9,28.2,7.78,8.0,0.497,30,3,18.94,1,1
NMR-509708,Worker,Colony-E,28.2,92,0.259,32.0,24.6,7.69,22.28,0.184,26,16,21.21,0,1
NMR-507309,Worker,Colony-E,36.0,27,0.258,33.2,13.7,5.1,7.8,0.325,18,10,12.77,0,1
NMR-500854,Soldier,Colony-D,35.0,30,0.273,32.5,11.9,7.35,20.86,0.301,22,12,19.99,1,1
NMR-501589,Soldier,Colony-A,45.2,26,0.241,31.3,11.0,9.51,7.56,0.122,16,12,21.04,0,0
NMR-504212,Worker,Colony-E,24.7,50,0.15,31.7,20.8,7.9,15.81,0.111,26,10,14.74,1,0
NMR-501811,Soldier,Colony-D,28.6,29,0.293,32.1,19.9,7.2,5.32,0.214,24,3,18.79,0,1
NMR-509563,Soldier,Colony-E,33.3,76,0.316,32.4,31.3,7.46,5.47,0.34,24,9,20.72,0,1
NMR-508333,Breeder,Colony-A,47.2,87,0.235,31.9,12.9,6.4,12.45,0.185,29,7,15.32,1,1
NMR-507315,Worker,Colony-A,26.2,39,0.276,32.9,18.5,5.14,14.31,0.278,26,14,21.94,1,1
NMR-500848,Soldier,Colony-A,35.1,87,0.262,33.3,16.3,9.12,24.85,0.225,27,8,23.06,0,1
NMR-509244,Soldier,Colony-D,38.9,100,0.247,33.0,22.4,7.05,7.64,0.39,19,10,19.57,1,1
NMR-504275,Worker,Colony-D,29.5,18,0.278,33.0,18.8,7.15,11.23,0.162,20,17,16.36,0,0
NMR-509479,Worker,Colony-D,25.8,29,0.146,31.8,27.1,5.82,11.68,0.289,42,10,22.18,1,1
NMR-500379,Worker,Colony-C,32.4,29,0.265,32.1,17.8,7.12,9.44,0.149,26,11,13.05,0,1
NMR-508520,Worker,Colony-A,24.9,49,0.125,31.6,11.4,7.08,15.68,0.525,22,12,19.05,0,1
NMR-504203,Soldier,Colony-C,30.4,63,0.219,31.2,14.6,5.3,9.48,0.071,19,10,19.87,1,0
NMR-503664,Worker,Colony-A,38.0,41,0.196,31.8,7.2,8.14,18.9,0.212,20,12,20.01,0,0
NMR-508891,Soldier,Colony-B,38.3,123,0.318,32.6,18.4,7.31,14.46,0.203,16,14,19.75,0,1
NMR-503176,Soldier,Colony-D,32.3,39,0.137,32.7,19.0,6.25,8.95,0.507,27,8,20.22,1,1
NMR-506342,Queen,Colony-B,52.7,77,0.287,32.4,21.1,7.01,-3.14,0.573,26,14,23.19,1,1
NMR-503323,Breeder,Colony-A,36.2,59,0.238,33.8,28.5,5.49,4.57,0.264,16,19,17.63,0,0
NMR-505538,Soldier,Colony-A,41.0,31,0.192,31.2,16.3,5.33,19.18,0.097,18,8,23.43,1,1
NMR-505307,Soldier,Colony-E,31.0,39,0.368,32.4,21.3,5.82,5.37,0.259,23,16,17.41,0,1
NMR-500323,Breeder,Colony-B,43.1,78,0.276,32.0,13.8,5.19,2.92,0.288,20,8,23.12,0,0
NMR-506389,Worker,Colony-B,35.2,37,0.274,32.4,13.4,7.79,8.84,0.347,19,13,18.02,0,0
NMR-503806,Worker,Colony-C,25.8,192,0.393,31.9,15.6,7.71,11.41,0.307,18,18,11.72,0,1
NMR-506982,Worker,Colony-C,29.5,25,0.235,33.3,14.8,6.03,13.43,0.488,23,5,19.5,1,1
NMR-507688,Worker,Colony-A,25.0,47,0.278,32.5,13.3,6.63,16.38,0.267,25,11,15.97,0,1
NMR-501741,Soldier,Colony-E,24.6,153,0.43,32.3,10.0,7.17,10.58,0.211,20,11,22.89,1,1
NMR-505290,Worker,Colony-D,31.4,76,0.409,32.8,24.2,7.15,16.35,0.294,31,9,19.56,0,1
NMR-505515,Worker,Colony-A,30.7,72,0.177,33.3,11.4,6.45,7.41,0.228,26,14,24.76,1,0
NMR-509734,Worker,Colony-E,30.9,31,0.29,33.2,10.8,8.19,21.21,0.625,24,15,15.74,1,0
NMR-507752,Worker,Colony-A,26.6,38,0.224,30.4,18.0,5.37,16.83,0.381,28,13,13.69,1,0
NMR-501670,Worker,Colony-C,27.8,33,0.237,32.6,24.7,4.75,12.59,0.247,30,8,18.31,1,1
NMR-500159,Soldier,Colony-E,45.9,59,0.369,32.2,10.9,6.95,7.79,0.341,23,12,15.84,0,1
NMR-509529,Soldier,Colony-D,28.1,71,0.359,33.4,10.9,7.9,11.3,0.249,19,13,20.69,0,0
NMR-506480,Soldier,Colony-B,25.9,77,0.306,31.2,19.6,7.46,7.28,0.474,20,14,19.78,1,0
NMR-503247,Breeder,Colony-E,34.3,101,0.353,31.0,30.5,5.5,2.13,0.429,22,12,20.84,1,0
NMR-504869,Queen,Colony-D,49.9,76,0.237,31.8,9.7,6.41,4.77,0.122,25,19,22.7,1,1
NMR-506745,Worker,Colony-B,22.7,51,0.238,33.7,15.4,6.33,18.26,0.505,22,9,15.12,0,0
NMR-503097,Breeder,Colony-B,43.5,49,0.284,33.9,9.5,4.28,4.57,0.481,32,11,18.59,0,1
NMR-502833,Soldier,Colony-D,30.4,109,0.215,32.2,18.5,6.72,17.83,0.191,18,9,19.55,1,1
NMR-508889,Worker,Colony-E,30.8,71,0.209,32.4,19.0,7.58,26.1,0.248,22,12,17.48,0,0
NMR-506968,Soldier,Colony-D,42.0,32,0.152,32.5,19.0,6.91,15.68,0.213,28,14,19.62,1,1
NMR-509194,Worker,Colony-E,43.0,45,0.285,33.4,29.4,8.21,9.46,0.69,27,12,27.67,1,0
NMR-501752,Worker,Colony-B,29.5,49,0.143,31.9,6.5,7.08,20.7,0.382,34,11,21.98,0,1
NMR-502224,Breeder,Colony-C,41.3,60,0.144,31.8,18.6,7.21,0.05,0.317,28,8,18.03,1,1
NMR-504109,Worker,Colony-B,33.7,17,0.238,32.5,10.3,6.24,26.06,0.539,27,5,21.22,0,1
NMR-504654,Breeder,Colony-B,33.1,128,0.126,32.7,12.6,7.49,7.85,0.4,16,8,17.88,0,1
NMR-501950,Soldier,Colony-B,29.3,60,0.19,32.6,43.9,8.88,7.54,0.312,18,7,18.79,1,1
NMR-500808,Soldier,Colony-D,34.6,76,0.39,32.5,19.8,7.89,13.24,0.479,32,13,18.86,0,1
NMR-504192,Soldier,Colony-B,40.6,34,0.282,33.1,12.3,6.49,4.33,0.301,25,12,22.18,0,0
NMR-502925,Soldier,Colony-A,32.5,115,0.252,32.2,30.4,6.47,6.79,0.125,21,16,18.18,1,1
NMR-504048,Worker,Colony-D,34.4,28,0.328,32.3,7.8,7.46,7.62,0.117,22,9,22.17,0,1
NMR-503364,Worker,Colony-A,22.2,31,0.224,33.0,39.6,7.37,12.14,0.26,24,11,21.37,1,0
NMR-503659,Worker,Colony-D,27.1,63,0.192,32.3,8.7,7.08,9.16,0.146,23,11,17.99,0,1
NMR-504556,Breeder,Colony-C,40.4,107,0.272,32.1,17.0,6.82,11.58,0.074,24,12,19.33,0,1
NMR-505512,Worker,Colony-D,35.7,68,0.248,31.0,13.6,6.95,17.54,0.217,27,14,17.08,0,1
NMR-509402,Worker,Colony-D,31.3,39,0.14,32.8,14.5,7.11,12.64,0.088,17,12,24.22,1,1
NMR-501317,Worker,Colony-A,21.1,21,0.359,32.5,16.1,5.92,11.09,0.627,25,8,10.35,0,1
NMR-501629,Soldier,Colony-D,35.2,140,0.499,32.3,28.4,6.4,6.35,0.312,31,14,22.0,0,1
NMR-508415,Worker,Colony-D,30.5,56,0.191,32.9,11.3,6.06,6.73,0.344,26,12,20.57,0,0
NMR-500337,Worker,Colony-D,27.6,51,0.339,32.0,30.6,9.61,12.15,0.606,30,8,22.28,1,1
NMR-508544,Soldier,Colony-B,41.2,42,0.192,31.9,34.8,7.48,6.28,0.367,31,17,23.8,1,1
NMR-504332,Soldier,Colony-B,37.4,36,0.266,30.6,19.9,6.86,15.44,0.192,30,12,18.95,0,0
NMR-509101,Queen,Colony-C,50.0,51,0.227,31.6,6.9,5.26,7.61,0.379,27,11,23.63,1,1
NMR-507523,Worker,Colony-B,38.4,26,0.158,31.8,14.1,7.35,10.95,0.329,24,12,19.98,1,0
NMR-500793,Soldier,Colony-B,37.7,60,0.343,32.7,15.5,5.85,12.61,0.284,28,6,16.44,0,0
NMR-501173,Worker,Colony-B,29.4,80,0.404,32.7,23.0,4.61,13.28,0.074,22,3,18.84,0,0
NMR-509774,Worker,Colony-B,33.0,89,0.242,34.1,12.9,6.6,16.43,0.449,24,9,19.76,0,0
NMR-509418,Worker,Colony-E,31.5,62,0.269,31.2,13.2,6.1,11.67,0.45,28,10,14.43,1,0
NMR-505611,Worker,Colony-B,27.7,62,0.209,30.9,14.9,7.15,19.77,0.436,27,8,17.2,0,0
NMR-509595,Worker,Colony-E,30.6,71,0.264,31.4,9.2,7.8,10.96,0.091,28,10,19.92,0,1
NMR-507260,Soldier,Colony-E,33.6,55,0.301,30.9,9.9,6.26,4.55,0.434,27,10,20.54,0,0
NMR-508129,Worker,Colony-B,29.9,87,0.38,31.0,33.9,7.33,6.27,0.362,29,14,21.39,0,1
NMR-504928,Worker,Colony-A,33.4,32,0.232,32.6,16.3,7.78,17.03,0.613,32,15,26.22,0,0
NMR-507907,Worker,Colony-B,42.4,26,0.298,31.5,13.7,5.67,13.82,0.096,18,9,19.21,1,1
NMR-502471,Soldier,Colony-A,31.9,46,0.199,32.3,25.5,8.04,12.28,0.141,24,13,23.1,1,0
NMR-507670,Worker,Colony-B,29.0,112,0.25,31.5,13.3,6.51,6.79,0.273,30,7,21.2,1,0
NMR-506488,Queen,Colony-A,45.4,31,0.333,33.6,24.2,5.29,4.71,0.299,23,10,20.4,1,1
NMR-503282,Queen,Colony-B,44.2,57,0.304,31.8,11.9,6.28,-0.01,0.522,29,11,20.69,1,1
NMR-505131,Worker,Colony-E,30.1,93,0.297,30.9,38.1,5.71,11.97,0.438,24,12,10.75,1,0
NMR-500043,Worker,Colony-A,26.2,65,0.376,31.1,42.7,7.21,12.21,0.44,20,13,22.38,0,0
NMR-505495,Worker,Colony-C,25.7,19,0.185,31.3,9.0,3.69,18.51,0.278,20,12,22.25,1,1
NMR-504364,Worker,Colony-B,30.8,65,0.199,32.7,33.9,6.83,10.53,0.286,26,7,22.22,1,1
NMR-505443,Worker,Colony-E,35.6,61,0.323,31.9,26.8,6.05,11.99,0.389,19,5,20.33,1,1
NMR-500791,Worker,Colony-A,26.4,17,0.187,33.5,17.8,5.0,7.74,0.612,25,12,17.82,1,1
NMR-502405,Worker,Colony-D,42.1,33,0.287,31.4,9.0,6.06,8.27,0.215,25,6,24.43,1,1
NMR-507155,Worker,Colony-E,22.2,81,0.241,32.0,30.2,4.8,8.92,0.335,18,10,15.69,1,0
NMR-502913,Worker,Colony-C,25.2,34,0.252,31.9,14.7,6.91,18.6,0.519,20,10,22.92,1,1
NMR-505141,Soldier,Colony-B,35.8,61,0.239,31.0,16.0,5.51,13.98,0.087,25,10,13.0,0,0
NMR-509598,Breeder,Colony-A,53.2,105,0.153,33.8,15.3,5.96,8.77,0.266,29,12,21.09,0,0
NMR-504903,Worker,Colony-A,34.2,44,0.233,32.3,23.9,8.24,9.54,0.216,18,5,18.26,1,0
NMR-503812,Worker,Colony-B,30.3,43,0.166,30.3,10.2,7.86,10.98,0.186,26,8,15.5,0,0
NMR-509822,Worker,Colony-C,34.0,46,0.329,33.0,6.5,6.39,13.83,0.365,19,8,21.65,0,1
NMR-507522,Worker,Colony-E,27.3,61,0.239,30.9,42.4,8.06,17.61,0.268,28,10,22.02,1,0
NMR-507080,Worker,Colony-E,37.4,51,0.287,31.3,19.7,5.52,16.36,0.316,24,11,16.51,0,1
NMR-501291,Worker,Colony-A,27.1,34,0.257,33.7,21.0,6.43,12.3,0.143,23,14,18.82,1,0
NMR-508005,Soldier,Colony-A,33.5,31,0.222,32.6,37.3,7.69,12.83,0.371,25,10,26.63,1,0
NMR-509274,Worker,Colony-B,24.1,63,0.268,32.6,17.5,7.12,9.83,0.11,24,9,19.6,1,1
NMR-506864,Worker,Colony-C,32.1,26,0.257,32.5,9.0,7.1,9.51,0.133,28,10,19.39,0,0
NMR-509501,Soldier,Colony-D,31.2,55,0.354,31.3,22.3,8.99,13.27,0.516,29,12,17.48,0,0
NMR-507791,Soldier,Colony-A,44.3,59,0.137,29.9,28.2,8.5,13.81,0.505,23,9,16.75,0,0
NMR-500430,Worker,Colony-A,27.1,41,0.239,32.7,16.1,5.8,13.96,0.347,19,17,21.07,0,1
NMR-504006,Soldier,Colony-C,31.8,84,0.548,32.0,19.0,6.8,12.89,0.263,23,14,16.63,0,0
NMR-500410,Soldier,Colony-C,34.8,47,0.216,31.6,7.5,6.73,17.61,0.16,24,12,19.97,1,0
NMR-508534,Worker,Colony-D,23.6,48,0.23,32.4,18.4,5.76,14.31,0.069,12,10,27.46,1,1
NMR-504977,Soldier,Colony-C,43.5,44,0.275,32.2,19.9,7.01,13.31,0.353,20,10,20.57,1,1
NMR-509731,Worker,Colony-D,24.6,46,0.185,32.7,22.5,6.65,22.24,0.464,20,14,24.72,1,1
NMR-507901,Worker,Colony-B,23.5,59,0.308,31.9,20.4,7.88,9.43,0.419,24,12,18.14,0,1
NMR-505577,Worker,Colony-A,36.7,47,0.217,32.1,35.1,6.96,9.38,0.297,24,10,21.77,1,1
NMR-502302,Worker,Colony-A,20.7,64,0.135,33.0,9.9,6.96,10.46,0.214,26,14,22.2,1,1
NMR-501348,Worker,Colony-D,26.9,43,0.272,31.8,41.4,6.7,20.79,0.406,14,10,21.67,1,1
NMR-505152,Soldier,Colony-A,32.3,56,0.338,31.4,29.8,6.06,6.59,0.36,27,14,16.69,0,0
NMR-505546,Worker,Colony-C,30.0,67,0.269,33.0,12.0,9.36,11.54,0.108,24,17,26.09,0,1
NMR-506104,Soldier,Colony-A,37.1,44,0.188,31.2,24.7,5.14,17.55,0.445,28,15,15.0,1,1
NMR-509303,Soldier,Colony-E,20.8,186,0.272,32.5,18.0,7.37,7.97,0.215,22,10,22.67,0,1
NMR-502020,Worker,Colony-D,33.1,28,0.33,32.3,3.5,4.27,6.39,0.432,25,15,19.34,0,1
NMR-503798,Soldier,Colony-E,33.0,48,0.232,32.1,14.3,5.88,9.43,0.618,33,13,21.51,0,1
NMR-502625,Worker,Colony-C,37.4,61,0.223,31.7,24.3,6.86,11.56,0.118,20,6,20.79,1,1
NMR-506574,Worker,Colony-A,37.4,27,0.25,31.8,6.3,7.4,11.38,0.345,19,5,16.59,0,0
NMR-505005,Worker,Colony-B,37.1,64,0.305,32.6,7.4,4.87,11.76,0.443,24,13,20.69,0,0
NMR-502580,Queen,Colony-D,51.5,51,0.238,33.0,28.3,5.85,2.18,0.429,20,11,19.32,1,0
NMR-508554,Soldier,Colony-C,44.6,34,0.23,33.1,16.2,6.87,9.05,0.128,31,10,19.45,1,0
NMR-500132,Worker,Colony-B,34.8,66,0.153,32.0,22.1,7.38,17.91,0.443,22,14,21.47,1,1
NMR-502708,Worker,Colony-C,28.4,121,0.229,33.2,37.2,7.12,10.78,0.182,31,7,19.7,1,0
NMR-503848,Breeder,Colony-A,34.5,96,0.267,31.4,19.3,6.55,10.04,0.454,30,13,21.68,1,1
NMR-501580,Worker,Colony-C,27.3,43,0.283,35.5,17.0,8.79,25.99,0.095,30,8,21.59,0,0
NMR-502249,Worker,Colony-B,29.1,37,0.185,31.8,31.5,8.49,24.48,0.444,22,14,13.38,0,0
NMR-506501,Breeder,Colony-B,45.6,17,0.289,33.2,27.9,10.02,2.28,0.173,17,12,15.01,0,0
NMR-501896,Breeder,Colony-A,31.5,56,0.192,31.7,22.4,8.43,8.4,0.245,29,11,22.47,1,1
NMR-502731,Worker,Colony-A,34.2,138,0.181,31.8,23.9,5.25,22.56,0.277,20,15,21.01,0,0
NMR-508074,Worker,Colony-D,34.9,72,0.199,31.8,25.0,4.77,31.38,0.125,21,12,15.2,0,1
NMR-505573,Worker,Colony-B,25.6,88,0.134,31.9,9.0,6.78,13.56,0.279,24,8,16.6,0,0
NMR-501420,Worker,Colony-A,41.0,53,0.169,32.6,9.1,3.62,16.95,0.475,27,11,20.12,1,1
NMR-501431,Worker,Colony-C,25.6,52,0.375,33.8,24.6,7.96,7.74,0.54,28,17,18.33,0,0
NMR-509926,Worker,Colony-D,37.0,23,0.558,33.2,20.4,7.37,11.46,0.275,23,10,18.61,0,0
NMR-501956,Worker,Colony-E,30.4,36,0.338,32.9,25.9,8.08,19.28,0.332,30,15,26.56,1,0
NMR-507432,Worker,Colony-E,25.1,69,0.231,32.8,30.0,7.16,13.43,0.44,30,17,15.95,1,0
NMR-505180,Worker,Colony-B,34.4,116,0.254,30.5,26.5,6.73,10.24,0.216,26,15,16.26,0,0
NMR-504744,Queen,Colony-D,40.9,26,0.241,32.8,11.4,9.41,4.91,0.259,14,9,23.25,1,0
NMR-508515,Soldier,Colony-B,41.9,62,0.277,31.5,10.4,7.27,2.09,0.335,13,6,23.22,0,0
NMR-500298,Worker,Colony-E,37.7,40,0.221,33.1,15.5,7.92,18.74,0.147,20,13,20.71,1,0
NMR-507623,Worker,Colony-D,23.9,39,0.198,31.1,15.4,7.09,8.09,0.176,27,8,20.68,1,0
NMR-503937,Soldier,Colony-B,36.4,124,0.233,31.0,12.4,5.82,7.18,0.179,22,7,21.06,0,0
NMR-506639,Soldier,Colony-B,42.5,81,0.144,31.9,23.5,7.2,15.16,0.215,32,13,18.94,0,1
NMR-503178,Soldier,Colony-A,37.4,53,0.226,32.1,20.8,6.21,5.81,0.499,26,11,19.6,1,1
NMR-507423,Worker,Colony-A,37.2,57,0.323,32.6,15.6,7.57,18.6,0.358,33,14,18.72,0,1
NMR-503065,Worker,Colony-D,44.2,92,0.152,33.9,30.7,6.09,20.6,0.313,27,10,15.51,1,0
NMR-506051,Breeder,Colony-B,29.3,30,0.21,32.8,15.2,6.16,7.12,0.123,26,9,21.43,1,0
NMR-509971,Queen,Colony-D,39.9,74,0.209,32.4,18.9,4.89,-0.09,0.173,21,12,19.19,1,0
NMR-501256,Worker,Colony-C,40.6,66,0.233,32.4,35.0,4.66,20.26,0.323,21,13,22.32,1,1
NMR-504524,Worker,Colony-E,25.7,43,0.157,31.5,12.8,7.23,15.81,0.19,18,7,19.08,0,0
NMR-500118,Worker,Colony-B,30.2,72,0.193,32.0,13.4,6.93,13.34,0.262,23,8,18.77,1,1
NMR-502183,Soldier,Colony-D,38.5,30,0.263,31.4,31.0,6.82,13.25,0.438,23,11,20.51,1,0
NMR-505520,Worker,Colony-A,32.7,108,0.165,31.5,13.9,8.25,12.83,0.468,22,15,25.75,1,1
NMR-503454,Worker,Colony-D,33.0,51,0.202,32.0,15.0,6.62,11.4,0.41,27,15,16.04,0,1
NMR-503973,Soldier,Colony-E,41.4,29,0.255,34.3,21.9,7.39,8.5,0.569,21,18,15.03,1,0
NMR-505916,Soldier,Colony-A,33.4,71,0.441,30.2,15.9,6.47,49.65,0.137,20,9,23.46,0,0
NMR-506910,Worker,Colony-E,30.6,30,0.192,30.5,9.0,5.39,9.2,0.136,28,9,20.99,0,1
NMR-504730,Soldier,Colony-E,34.4,61,0.372,31.9,28.9,6.12,6.59,0.267,31,10,20.23,1,0
NMR-509580,Soldier,Colony-D,33.5,45,0.127,33.1,23.1,6.46,5.75,0.243,25,15,16.35,1,1
NMR-505887,Queen,Colony-D,43.1,93,0.249,31.3,26.0,7.1,1.7,0.307,24,10,21.23,1,0
NMR-500170,Worker,Colony-B,30.7,98,0.206,31.9,27.5,6.61,23.61,0.229,15,11,19.23,0,1
NMR-506101,Breeder,Colony-E,41.2,114,0.211,30.7,21.3,6.08,0.94,0.116,19,12,15.25,1,0
NMR-507510,Worker,Colony-E,33.9,129,0.298,32.9,41.2,7.93,11.01,0.3,37,13,19.32,1,1
NMR-502810,Soldier,Colony-E,27.6,49,0.182,32.4,15.9,5.15,10.99,0.183,25,7,15.69,0,1
NMR-500423,Worker,Colony-D,31.4,51,0.172,31.7,13.4,6.87,8.83,0.06,16,14,21.07,1,0
NMR-500974,Worker,Colony-D,34.2,32,0.367,32.2,10.3,6.98,25.15,0.403,24,12,26.88,0,1
NMR-501040,Worker,Colony-C,32.8,90,0.321,32.6,35.1,6.49,13.04,0.466,27,9,21.19,0,1
NMR-505305,Soldier,Colony-B,35.8,121,0.334,31.9,18.6,6.69,11.38,0.13,25,11,20.4,0,1
NMR-508522,Queen,Colony-D,43.7,44,0.324,32.6,16.6,6.58,13.25,0.185,20,11,18.62,0,1
NMR-509285,Breeder,Colony-E,35.6,47,0.345,32.2,16.0,5.4,3.3,0.52,29,11,22.12,0,1
NMR-500876,Worker,Colony-C,41.1,46,0.183,31.5,21.6,5.62,16.36,0.162,26,14,15.34,0,0
NMR-504204,Worker,Colony-C,33.1,42,0.223,31.6,26.2,8.9,12.23,0.618,20,16,21.98,1,0
NMR-504526,Worker,Colony-E,36.6,30,0.354,31.4,16.6,5.28,10.09,0.127,30,15,22.68,1,1
NMR-500744,Soldier,Colony-B,35.4,84,0.183,31.6,45.9,9.16,9.57,0.14,20,8,26.23,1,1
NMR-509927,Worker,Colony-D,36.3,94,0.238,30.8,30.7,6.03,11.41,0.195,29,10,18.58,1,0
NMR-504422,Worker,Colony-A,14.7,73,0.207,32.8,21.2,7.59,13.01,0.364,24,11,20.45,1,1
NMR-505377,Soldier,Colony-E,35.9,37,0.259,31.9,18.8,5.81,9.05,0.188,29,8,23.52,1,1
NMR-500913,Worker,Colony-A,24.2,60,0.126,31.7,10.4,6.28,14.99,0.335,20,9,15.58,0,1
NMR-501968,Soldier,Colony-D,31.4,67,0.553,34.5,28.2,5.11,16.25,0.33,21,5,23.94,0,0
NMR-508386,Worker,Colony-B,30.5,91,0.188,33.2,13.7,6.6,21.37,0.32,19,13,18.26,0,0
NMR-505793,Worker,Colony-C,35.9,60,0.163,32.0,18.4,5.97,10.71,0.338,26,10,23.25,1,1
NMR-509424,Worker,Colony-D,33.1,31,0.346,33.2,46.1,5.98,13.83,0.504,22,13,20.79,1,1
NMR-504386,Worker,Colony-E,35.4,138,0.16,31.9,16.8,6.32,9.46,0.1,25,16,18.15,1,0
NMR-501882,Worker,Colony-A,31.6,40,0.468,32.5,14.8,5.94,13.73,0.071,28,12,14.34,0,1
NMR-508464,Worker,Colony-C,36.3,197,0.287,31.0,20.0,6.62,13.98,0.525,25,14,19.18,1,0
NMR-500492,Worker,Colony-C,32.0,37,0.344,30.9,44.5,7.13,22.12,0.341,26,12,21.38,1,0
NMR-502678,Worker,Colony-B,20.7,52,0.334,30.5,13.6,8.44,20.42,0.274,30,6,18.84,0,0
NMR-505521,Soldier,Colony-E,36.4,44,0.325,32.0,13.9,7.5,13.82,0.222,16,12,14.57,0,1
NMR-503800,Breeder,Colony-A,48.2,16,0.359,31.9,13.1,6.37,11.13,0.418,35,13,26.1,0,1
NMR-503933,Worker,Colony-E,23.4,62,0.172,32.2,9.3,4.86,8.72,0.352,25,8,13.76,0,1
NMR-504262,Worker,Colony-D,28.4,92,0.338,31.3,8.7,6.72,10.18,0.265,18,11,19.66,0,0
NMR-503502,Worker,Colony-D,21.8,142,0.251,31.2,15.5,6.18,11.76,0.557,32,11,23.75,1,0
NMR-509420,Worker,Colony-C,28.7,59,0.303,33.9,71.0,6.17,7.26,0.482,19,9,20.62,1,0
NMR-505829,Soldier,Colony-E,38.4,51,0.303,33.6,22.0,6.39,7.55,0.454,23,16,20.15,0,1
NMR-506422,Soldier,Colony-E,30.8,35,0.345,33.3,37.0,7.75,14.38,0.277,32,17,15.7,1,0
NMR-502000,Soldier,Colony-A,36.0,78,0.366,31.1,16.0,6.62,5.35,0.668,22,5,18.6,0,1
NMR-509141,Soldier,Colony-B,28.0,55,0.193,31.2,21.5,7.72,11.68,0.415,25,12,17.6,0,0
NMR-509717,Worker,Colony-E,23.1,71,0.285,34.5,10.5,4.69,10.29,0.627,28,14,14.08,0,0
NMR-504541,Worker,Colony-E,32.5,30,0.248,32.1,27.4,8.65,6.68,0.24,12,11,13.3,0,0
NMR-506285,Worker,Colony-D,29.5,57,0.414,32.4,7.7,6.44,9.86,0.256,24,14,14.91,0,1
NMR-509548,Worker,Colony-A,27.0,22,0.141,33.2,13.5,6.31,8.79,0.524,22,11,20.1,1,0
NMR-508443,Soldier,Colony-A,37.2,77,0.369,31.7,8.2,6.38,8.92,0.305,29,21,22.44,0,1
NMR-506851,Worker,Colony-E,39.9,42,0.293,31.8,26.6,7.06,11.93,0.181,22,13,23.02,1,0
NMR-508229,Worker,Colony-A,26.2,34,0.226,31.1,17.4,6.43,13.9,0.315,23,14,18.88,1,1
NMR-509364,Worker,Colony-A,31.2,24,0.268,32.8,18.7,6.09,8.37,0.361,15,14,22.15,1,1
NMR-503261,Worker,Colony-A,44.8,44,0.371,30.5,12.1,6.39,6.52,0.517,19,10,17.28,0,0
NMR-507157,Worker,Colony-D,17.2,36,0.19,30.9,30.8,7.26,20.89,0.19,24,6,18.94,1,0
NMR-506212,Worker,Colony-D,39.8,58,0.369,30.8,11.3,4.43,13.69,0.191,28,8,20.93,0,0
NMR-507660,Worker,Colony-A,26.7,41,0.27,32.9,11.0,8.31,12.52,0.246,27,13,17.48,0,0
NMR-501897,Worker,Colony-E,27.8,62,0.189,32.7,10.7,7.69,14.99,0.703,19,8,14.17,0,1
NMR-505598,Worker,Colony-C,24.9,50,0.124,29.9,33.2,7.2,6.33,0.394,23,10,18.39,1,0
NMR-501784,Worker,Colony-E,30.8,59,0.237,32.1,13.2,6.73,19.62,0.363,22,11,21.36,1,1
NMR-504158,Worker,Colony-D,32.2,65,0.404,32.2,19.5,7.15,17.93,0.391,27,10,22.25,0,1
NMR-509980,Soldier,Colony-E,32.4,155,0.362,32.5,15.4,6.42,8.56,0.276,31,7,19.38,0,0
NMR-501954,Worker,Colony-D,41.0,92,0.346,31.6,9.2,7.04,8.34,0.318,27,11,24.33,1,0
NMR-505579,Worker,Colony-C,25.1,44,0.197,32.4,22.1,6.05,12.73,0.4,22,10,19.79,1,1
NMR-501339,Queen,Colony-C,40.5,25,0.253,31.0,12.6,6.69,8.13,0.447,27,6,16.51,1,0
NMR-501978,Worker,Colony-E,38.1,62,0.111,30.8,13.6,6.22,15.15,0.492,29,10,20.7,1,0
NMR-507138,Worker,Colony-C,29.1,53,0.289,32.9,16.7,6.84,8.53,0.314,31,16,16.63,0,1
NMR-509219,Soldier,Colony-B,32.5,144,0.196,33.3,20.8,6.06,17.51,0.43,24,9,25.03,1,0
NMR-509269,Soldier,Colony-C,37.1,74,0.219,30.9,9.3,7.21,9.09,0.277,27,15,20.3,1,1
NMR-508858,Soldier,Colony-B,36.3,60,0.395,32.1,15.6,7.99,18.48,0.138,25,10,16.38,0,1
NMR-500348,Breeder,Colony-A,35.3,25,0.332,33.5,12.8,8.47,-0.33,0.197,28,10,16.38,0,0
NMR-502059,Worker,Colony-E,27.0,59,0.24,32.4,48.2,7.4,11.72,0.156,27,13,23.55,1,1
NMR-502150,Soldier,Colony-C,33.3,52,0.231,31.2,9.7,4.5,7.22,0.293,26,12,23.17,1,0
NMR-501917,Breeder,Colony-D,40.7,91,0.246,31.9,11.4,6.42,15.22,0.25,27,14,27.49,0,1
NMR-508230,Worker,Colony-C,34.4,50,0.255,32.2,12.6,6.26,11.68,0.349,27,9,28.03,1,1
NMR-509618,Breeder,Colony-B,37.2,46,0.158,31.2,43.8,5.94,2.84,0.524,37,14,18.2,0,1
NMR-503333,Soldier,Colony-B,37.6,140,0.226,31.5,15.2,9.18,16.25,0.158,24,18,18.47,0,1
NMR-507106,Worker,Colony-C,27.4,80,0.252,32.2,30.0,6.41,20.59,0.383,38,10,18.27,1,1
NMR-501490,Worker,Colony-B,23.1,79,0.199,33.2,9.7,7.0,16.83,0.218,24,11,22.94,1,0
NMR-508939,Worker,Colony-A,24.6,63,0.267,32.9,19.4,7.09,15.79,0.487,24,13,20.93,1,1
NMR-502962,Breeder,Colony-C,38.6,47,0.223,32.3,18.7,7.4,4.71,0.435,29,13,17.11,1,1
NMR-505328,Worker,Colony-A,33.3,58,0.343,33.5,21.3,6.74,9.64,0.431,23,10,23.43,1,0
NMR-502507,Worker,Colony-D,29.7,52,0.144,33.1,17.3,6.83,9.37,0.39,30,3,17.6,1,0
NMR-504333,Worker,Colony-E,38.7,41,0.228,32.8,25.5,6.91,8.21,0.241,30,14,15.3,0,1
NMR-501172,Soldier,Colony-A,45.2,64,0.243,33.7,12.1,9.71,4.44,0.189,27,11,15.07,1,1
NMR-504552,Worker,Colony-C,16.6,58,0.139,32.0,26.7,6.69,7.35,0.182,29,12,16.22,1,1
NMR-505196,Worker,Colony-B,31.5,30,0.23,33.2,20.8,6.6,11.81,0.167,23,6,22.57,1,0
NMR-507003,Breeder,Colony-D,48.2,15,0.161,30.3,36.5,6.07,3.4,0.226,24,12,22.25,1,0
NMR-501651,Worker,Colony-C,30.5,18,0.254,32.5,12.7,5.32,12.7,0.261,33,6,18.59,0,1
NMR-507331,Worker,Colony-C,25.1,70,0.33,33.6,31.4,5.68,10.17,0.349,17,9,25.57,1,0
NMR-509041,Breeder,Colony-D,25.3,58,0.223,32.1,26.0,6.24,3.68,0.221,23,8,19.87,0,1
NMR-505858,Worker,Colony-A,28.6,72,0.434,32.9,7.1,5.61,8.97,0.218,43,8,24.24,0,0
NMR-503547,Soldier,Colony-E,20.1,44,0.24,33.5,17.7,7.07,10.32,0.357,22,5,22.72,1,0
NMR-502462,Worker,Colony-A,36.3,14,0.181,31.2,14.0,8.09,21.84,0.339,24,13,15.4,0,0
NMR-508277,Worker,Colony-A,28.4,196,0.366,32.0,14.4,5.95,19.5,0.378,32,14,18.13,0,0
NMR-505350,Worker,Colony-E,24.8,67,0.187,32.4,22.6,8.62,10.16,0.243,18,9,21.38,1,1
NMR-507702,Worker,Colony-B,26.5,52,0.389,32.1,19.1,5.73,11.22,0.252,24,9,23.52,0,1
NMR-508565,Worker,Colony-D,33.0,43,0.264,32.1,49.1,5.87,6.86,0.358,21,13,23.65,1,1
NMR-508085,Worker,Colony-D,24.1,13,0.149,32.9,11.8,7.54,10.31,0.323,19,9,23.08,1,0
NMR-500568,Soldier,Colony-E,35.3,71,0.258,30.9,12.3,6.6,4.41,0.265,24,17,21.18,0,0
NMR-509403,Worker,Colony-D,31.1,71,0.36,34.0,10.4,6.4,21.41,0.394,13,9,18.77,0,0
NMR-506739,Worker,Colony-A,30.9,87,0.305,32.2,24.2,8.91,10.4,0.41,21,18,21.87,1,1
NMR-505813,Worker,Colony-B,27.8,76,0.306,31.1,26.7,7.6,26.17,0.167,20,16,15.11,1,0
NMR-500640,Soldier,Colony-E,39.1,44,0.188,33.2,31.6,6.91,8.11,0.178,29,16,21.18,1,0
NMR-503019,Queen,Colony-D,47.1,70,0.245,32.2,31.2,7.17,2.37,0.521,23,10,25.33,0,1
NMR-504384,Soldier,Colony-B,31.1,23,0.152,33.0,21.8,5.83,11.19,0.301,22,15,22.74,1,1
NMR-500646,Soldier,Colony-C,38.2,60,0.298,33.3,27.2,6.99,7.76,0.209,23,8,22.08,0,0
NMR-505720,Soldier,Colony-E,34.8,58,0.21,32.6,17.4,5.8,23.13,0.259,33,12,15.56,1,0
NMR-505239,Breeder,Colony-E,40.3,55,0.201,32.4,22.7,7.06,12.54,0.134,25,9,19.37,1,1
NMR-502573,Soldier,Colony-B,21.0,131,0.137,32.9,18.7,7.04,4.96,0.3,24,12,19.94,1,1
NMR-504308,Queen,Colony-E,36.6,42,0.221,31.2,39.3,7.23,-0.84,0.733,26,9,15.22,1,0
NMR-508995,Worker,Colony-C,16.0,93,0.191,32.1,24.2,6.79,23.75,0.204,31,13,14.09,0,1
NMR-504786,Breeder,Colony-E,29.8,47,0.16,31.7,16.7,6.37,3.72,0.478,34,18,17.37,1,1
NMR-508743,Soldier,Colony-A,31.4,69,0.252,32.1,9.8,5.97,16.73,0.424,19,10,18.47,0,0
NMR-502387,Worker,Colony-B,37.2,64,0.369,33.0,10.4,7.61,15.87,0.352,21,10,18.98,0,1
NMR-507553,Breeder,Colony-B,38.8,116,0.2,31.6,17.1,5.05,7.39,0.253,25,12,17.79,0,0
NMR-501592,Worker,Colony-E,39.1,53,0.225,34.1,19.8,5.62,14.84,0.222,19,11,23.41,1,0
NMR-509349,Worker,Colony-D,37.2,70,0.319,31.0,11.1,6.68,13.29,0.175,18,9,17.96,0,0
NMR-508266,Breeder,Colony-E,30.6,40,0.272,33.2,14.5,5.66,9.04,0.092,22,4,19.25,0,1
NMR-500770,Soldier,Colony-A,48.2,30,0.178,32.4,24.9,4.74,13.49,0.331,30,7,25.95,1,1
NMR-502367,Worker,Colony-B,24.9,88,0.079,31.3,17.7,7.44,12.06,0.204,27,7,20.09,1,0
NMR-505338,Worker,Colony-A,28.6,24,0.235,32.8,12.8,7.06,16.87,0.179,30,11,17.76,0,0
NMR-503212,Worker,Colony-A,21.8,185,0.209,31.5,23.9,6.75,14.49,0.249,29,14,21.9,1,0
NMR-508740,Soldier,Colony-C,44.8,25,0.263,31.5,15.2,6.04,16.04,0.092,20,7,17.63,0,1
NMR-505817,Worker,Colony-C,31.8,15,0.408,32.4,24.1,8.57,11.09,0.269,16,17,23.05,0,0
NMR-502390,Worker,Colony-E,34.1,56,0.254,32.0,28.2,4.87,7.47,0.118,12,11,18.72,1,1
NMR-501579,Worker,Colony-B,15.9,43,0.156,32.5,13.6,6.29,14.44,0.267,17,13,20.18,1,1
NMR-500240,Queen,Colony-C,44.0,43,0.149,32.0,19.6,7.87,0.42,0.35,24,7,21.04,1,0
NMR-504443,Soldier,Colony-A,35.0,51,0.215,32.4,10.8,6.81,15.83,0.493,24,20,17.02,1,1
NMR-500846,Worker,Colony-A,32.6,99,0.2,31.3,25.5,6.22,10.02,0.314,20,11,21.93,1,0
NMR-505815,Soldier,Colony-A,40.4,62,0.206,31.3,15.1,5.22,6.63,0.183,19,13,20.4,1,0
NMR-505724,Soldier,Colony-D,28.1,67,0.374,34.6,12.3,6.44,6.98,0.275,22,6,17.18,0,0
NMR-501807,Soldier,Colony-E,32.4,82,0.274,31.5,10.8,6.7,4.63,0.416,18,5,21.98,1,0
NMR-508811,Soldier,Colony-C,35.0,86,0.232,31.2,17.0,6.05,12.69,0.525,36,14,24.52,1,0
NMR-502447,Worker,Colony-B,34.9,35,0.182,34.0,7.4,6.93,10.31,0.202,21,7,17.65,0,0
NMR-503721,Soldier,Colony-B,37.9,42,0.17,31.9,16.9,9.13,9.27,0.24,29,14,19.88,1,0
NMR-508621,Worker,Colony-C,24.9,54,0.276,31.4,23.9,6.53,10.25,0.251,28,8,20.17,0,1
NMR-504210,Worker,Colony-B,29.9,51,0.205,33.1,21.0,7.56,12.62,0.374,26,7,28.5,1,0
NMR-504473,Worker,Colony-D,41.9,20,0.326,31.6,17.7,6.95,11.53,0.127,29,6,20.26,0,0
NMR-505217,Worker,Colony-D,34.9,58,0.148,31.9,10.8,6.58,17.99,0.483,18,7,24.29,1,1
NMR-504570,Worker,Colony-B,25.7,63,0.23,31.9,15.8,6.8,32.27,0.104,18,15,22.42,1,1
NMR-508782,Worker,Colony-A,34.0,41,0.2,32.2,16.4,5.59,18.11,0.076,25,12,19.73,1,1
NMR-505185,Soldier,Colony-D,30.1,81,0.308,33.0,28.3,7.78,7.78,0.172,23,7,17.67,0,1
NMR-508463,Soldier,Colony-D,33.7,81,0.55,33.0,39.5,6.3,6.91,0.582,19,11,23.1,0,0
NMR-508144,Worker,Colony-A,21.0,69,0.275,30.7,14.5,7.23,15.73,0.179,25,10,15.14,0,0
NMR-508952,Soldier,Colony-E,36.7,52,0.298,33.5,29.9,6.43,9.77,0.109,21,12,15.44,0,1
NMR-505393,Breeder,Colony-B,46.7,96,0.18,30.3,16.1,3.48,3.72,0.305,22,13,21.39,0,0
NMR-509803,Worker,Colony-B,30.6,94,0.204,32.3,14.2,5.87,11.16,0.291,26,9,19.84,1,1
NMR-507163,Worker,Colony-E,15.1,46,0.274,32.6,34.8,6.53,22.64,0.146,14,7,20.64,1,1
NMR-503846,Worker,Colony-D,25.2,27,0.295,32.4,29.5,7.87,17.31,0.607,25,9,17.27,1,0
NMR-500620,Worker,Colony-A,27.3,58,0.219,31.2,16.7,7.1,14.84,0.424,30,6,20.1,1,0
NMR-507354,Worker,Colony-C,38.8,38,0.216,31.1,31.6,6.45,13.5,0.197,29,15,21.59,1,0
NMR-509246,Worker,Colony-E,32.8,65,0.265,33.3,11.7,7.3,9.83,0.369,19,11,12.63,0,1
NMR-502756,Worker,Colony-B,37.4,39,0.249,32.9,21.2,6.67,16.27,0.399,30,12,18.64,0,1
NMR-508725,Breeder,Colony-B,37.0,57,0.21,31.9,31.4,6.17,4.06,0.207,17,10,18.38,1,1
NMR-507572,Worker,Colony-C,33.8,39,0.242,33.0,10.0,9.92,10.79,0.407,21,12,14.03,0,0
NMR-507346,Worker,Colony-B,27.3,34,0.204,31.1,12.9,8.0,9.1,0.599,28,13,20.38,1,0
NMR-507216,Breeder,Colony-A,39.0,80,0.179,30.9,20.8,5.08,4.69,0.25,19,15,26.57,1,0
NMR-507628,Soldier,Colony-E,36.4,50,0.295,34.1,23.9,5.24,15.95,0.564,23,19,26.06,1,1
NMR-505212,Worker,Colony-C,31.8,68,0.193,31.2,20.7,5.73,20.0,0.298,15,10,20.86,0,0
NMR-501083,Soldier,Colony-E,26.2,52,0.197,32.7,21.8,6.51,11.51,0.4,26,13,19.1,1,0
NMR-505900,Soldier,Colony-A,32.4,33,0.288,31.6,25.3,9.16,5.99,0.311,31,10,17.65,1,0
NMR-501804,Worker,Colony-E,38.4,69,0.232,33.3,23.7,5.15,13.86,0.422,27,9,24.96,1,0
NMR-507854,Worker,Colony-D,27.1,73,0.221,32.8,32.1,6.3,16.26,0.324,21,11,21.97,1,0
NMR-506903,Breeder,Colony-A,41.8,68,0.186,31.7,19.7,4.68,7.21,0.502,25,10,21.37,1,0
NMR-502056,Worker,Colony-D,26.9,20,0.423,34.1,24.9,8.92,9.88,0.339,26,17,22.87,1,0
NMR-508489,Worker,Colony-D,37.1,71,0.254,31.7,16.2,7.62,18.15,0.269,24,14,20.74,1,1
NMR-508802,Worker,Colony-B,31.5,69,0.093,32.7,14.5,6.1,12.11,0.407,26,13,25.35,1,1
NMR-509019,Worker,Colony-A,28.4,49,0.24,32.4,33.0,7.51,19.5,0.402,32,12,18.31,1,1
NMR-507256,Worker,Colony-D,30.5,30,0.237,32.5,12.6,5.97,10.03,0.264,27,17,15.99,0,1
NMR-501297,Worker,Colony-E,36.0,62,0.292,30.8,12.3,5.75,13.21,0.248,22,14,21.91,1,0
NMR-508094,Worker,Colony-B,23.9,50,0.255,32.8,11.6,5.99,16.05,0.419,21,14,19.77,1,0
NMR-500312,Worker,Colony-B,31.2,68,0.229,32.4,27.9,7.48,12.88,0.43,18,14,14.61,1,1
NMR-501219,Worker,Colony-A,34.8,11,0.197,33.0,11.0,7.67,11.54,0.297,29,14,22.19,0,0
NMR-503620,Soldier,Colony-C,32.9,87,0.265,32.5,14.7,6.12,11.96,0.126,21,10,23.77,1,0
NMR-504611,Breeder,Colony-D,47.0,52,0.295,31.4,27.8,6.83,3.81,0.286,27,15,21.85,1,0
NMR-500766,Worker,Colony-E,40.4,100,0.347,33.7,9.7,7.05,15.41,0.184,16,7,17.7,0,0
NMR-503689,Soldier,Colony-A,29.7,21,0.237,32.6,20.7,7.33,6.81,0.265,16,12,25.65,1,0
NMR-500439,Worker,Colony-A,32.1,82,0.325,32.0,22.7,7.39,21.39,0.414,16,6,19.39,0,1
NMR-500503,Worker,Colony-D,28.2,34,0.198,30.8,39.1,5.05,20.54,0.232,25,8,14.85,1,1
NMR-503785,Breeder,Colony-E,39.0,42,0.196,31.8,27.9,7.19,10.88,0.18,24,15,23.23,1,1
NMR-500097,Worker,Colony-E,23.0,43,0.168,31.9,12.5,8.08,9.69,0.268,33,7,15.0,0,1
NMR-500747,Worker,Colony-A,29.3,59,0.186,32.4,28.3,7.13,14.79,0.412,27,14,22.23,1,1
NMR-507420,Worker,Colony-D,42.2,43,0.246,31.4,27.0,5.57,11.09,0.396,22,9,13.39,0,1
NMR-509231,Breeder,Colony-D,41.3,39,0.137,31.6,22.9,5.79,3.11,0.618,22,16,19.03,1,1
NMR-505781,Queen,Colony-C,43.5,69,0.203,31.4,10.5,7.81,1.27,0.437,36,10,16.75,1,0
NMR-504775,Worker,Colony-B,28.0,157,0.206,30.8,38.7,7.98,14.67,0.384,17,9,17.16,1,1
NMR-509633,Breeder,Colony-D,37.9,51,0.26,34.6,17.7,6.05,15.74,0.402,19,7,18.87,0,0
NMR-503646,Worker,Colony-C,45.0,59,0.35,32.7,13.2,7.28,18.72,0.213,21,13,20.99,0,0
NMR-504455,Soldier,Colony-E,37.3,173,0.263,31.8,61.1,6.08,6.44,0.479,21,10,21.06,1,0
NMR-506447,Worker,Colony-B,23.4,72,0.229,31.8,9.2,7.64,15.07,0.088,20,9,17.66,0,0
NMR-505363,Worker,Colony-E,34.5,37,0.173,33.2,33.6,8.41,15.66,0.164,28,11,21.46,1,0
NMR-504324,Queen,Colony-C,33.5,26,0.229,31.4,19.2,4.83,8.7,0.415,30,9,21.39,1,1
NMR-500589,Worker,Colony-E,29.7,30,0.251,32.3,11.2,8.75,14.26,0.192,18,8,23.14,1,0
NMR-503424,Worker,Colony-B,27.7,48,0.3,31.9,14.5,5.76,21.97,0.339,22,14,19.74,0,1
NMR-504391,Worker,Colony-C,17.7,75,0.286,31.4,22.6,4.68,9.54,0.242,16,14,24.0,1,0
NMR-500484,Worker,Colony-C,28.8,106,0.35,31.7,6.2,7.78,8.78,0.254,22,12,22.71,0,1
NMR-505504,Worker,Colony-C,35.5,65,0.224,33.1,15.7,7.87,20.76,0.191,25,9,24.22,0,1
NMR-509002,Worker,Colony-D,43.6,98,0.271,32.5,12.1,6.45,11.05,0.475,15,13,18.82,0,0
NMR-509098,Worker,Colony-E,42.9,25,0.226,32.9,20.5,8.22,33.5,0.154,27,10,14.25,0,0
NMR-507761,Soldier,Colony-B,47.5,75,0.233,32.2,15.5,6.28,6.96,0.157,20,12,18.22,1,1
NMR-507381,Soldier,Colony-C,36.8,32,0.31,32.6,17.6,6.68,9.07,0.309,24,12,21.02,0,0
NMR-502095,Worker,Colony-A,26.4,119,0.252,32.1,10.8,7.05,15.91,0.294,24,11,15.13,0,1
NMR-501127,Soldier,Colony-D,28.0,54,0.283,31.9,14.3,5.89,20.48,0.568,20,7,16.67,0,1
NMR-504107,Soldier,Colony-C,42.8,64,0.233,31.8,19.5,8.41,14.41,0.119,38,15,19.67,0,1
NMR-508629,Breeder,Colony-A,50.5,30,0.182,30.0,8.4,6.49,9.02,0.31,19,10,23.47,1,0
NMR-501535,Worker,Colony-D,31.1,66,0.149,34.4,7.2,7.21,25.92,0.297,28,13,15.0,0,0
NMR-502282,Worker,Colony-B,29.8,35,0.215,32.2,14.4,8.86,22.72,0.294,27,10,18.25,0,0
NMR-502926,Breeder,Colony-D,54.6,100,0.23,31.5,20.9,6.12,3.68,0.437,27,9,28.15,1,0
NMR-505718,Worker,Colony-B,24.4,17,0.189,32.8,14.2,5.56,8.19,0.396,21,7,19.64,1,1
NMR-501536,Worker,Colony-D,26.2,38,0.251,33.6,32.6,8.02,16.04,0.42,24,8,20.13,1,0
NMR-500106,Worker,Colony-B,34.5,22,0.19,31.8,12.2,8.45,13.28,0.236,25,13,19.11,1,0
NMR-500518,Worker,Colony-D,38.1,49,0.307,32.4,13.6,7.55,10.0,0.283,20,12,18.57,1,1
NMR-506145,Worker,Colony-B,28.3,127,0.319,32.6,14.2,6.46,9.24,0.127,13,9,15.71,0,1
NMR-500455,Soldier,Colony-B,28.9,60,0.308,32.7,23.5,8.83,5.21,0.27,23,10,18.82,1,0
NMR-508594,Breeder,Colony-A,35.2,85,0.276,31.2,22.9,6.36,13.47,0.112,27,9,10.03,1,0
NMR-507428,Worker,Colony-E,32.1,75,0.278,33.1,12.7,7.74,17.41,0.279,26,16,25.08,1,0
NMR-507890,Worker,Colony-B,34.6,60,0.51,32.9,27.2,7.41,13.64,0.208,18,10,14.8,0,1
NMR-506311,Breeder,Colony-B,36.7,56,0.294,30.9,25.2,5.22,7.17,0.335,12,16,23.37,1,0
NMR-504794,Worker,Colony-E,24.8,40,0.377,31.1,10.4,7.11,12.33,0.186,32,12,19.74,0,0
NMR-509216,Worker,Colony-E,29.6,77,0.104,34.0,12.8,6.83,19.93,0.563,25,13,20.01,0,0
NMR-507969,Worker,Colony-C,20.2,25,0.267,31.5,19.1,6.71,8.85,0.246,25,11,15.76,0,0
NMR-501182,Worker,Colony-A,20.9,89,0.353,33.7,9.2,5.36,18.51,0.711,29,9,18.24,0,0
NMR-504196,Worker,Colony-E,28.8,48,0.582,31.2,5.2,6.58,19.8,0.367,26,13,22.03,0,0
NMR-501381,Worker,Colony-E,19.3,134,0.147,31.8,9.9,5.55,21.19,0.216,17,7,21.36,1,0
NMR-508799,Worker,Colony-C,27.0,32,0.184,32.7,19.9,5.32,15.04,0.265,21,4,22.48,1,1
NMR-503907,Breeder,Colony-D,40.7,39,0.189,32.4,22.9,5.52,5.36,0.425,27,6,22.0,1,1
NMR-502389,Worker,Colony-A,30.3,57,0.134,31.7,9.1,7.6,15.87,0.186,30,9,23.52,1,1
NMR-500054,Worker,Colony-A,28.9,26,0.195,33.0,39.2,6.27,11.06,0.366,29,11,23.64,1,0
NMR-502018,Worker,Colony-D,35.4,41,0.259,31.9,17.7,7.21,17.13,0.231,26,13,23.88,1,0
NMR-505088,Breeder,Colony-C,38.3,53,0.301,31.4,42.3,6.59,10.31,0.455,22,11,16.29,1,0
NMR-505404,Breeder,Colony-B,42.3,88,0.292,33.6,19.7,7.21,12.57,0.618,20,13,18.79,1,0
NMR-506448,Worker,Colony-D,36.4,68,0.315,32.2,17.7,8.19,8.6,0.233,15,13,15.53,0,1
NMR-502713,Worker,Colony-C,35.2,81,0.299,32.0,19.0,6.4,15.31,0.197,34,11,23.87,1,0
NMR-502495,Worker,Colony-A,41.2,28,0.4,32.6,16.5,5.79,16.13,0.594,24,8,25.74,1,1
NMR-501992,Worker,Colony-B,32.5,24,0.527,31.3,23.4,5.5,9.32,0.142,27,12,20.92,0,1
NMR-502398,Worker,Colony-D,44.7,129,0.296,30.2,23.1,6.28,11.42,0.346,29,14,22.25,0,0
NMR-509327,Soldier,Colony-B,52.9,73,0.451,33.1,15.6,6.62,6.69,0.089,18,9,19.48,0,0
NMR-501052,Worker,Colony-D,24.5,149,0.346,33.4,15.1,6.34,23.28,0.228,24,13,18.62,0,0
NMR-502612,Worker,Colony-B,28.7,65,0.163,32.2,9.3,5.84,9.22,0.285,30,14,14.14,0,1
NMR-500667,Soldier,Colony-A,36.8,69,0.114,31.2,25.6,6.83,14.08,0.343,21,11,23.47,1,0
NMR-506785,Worker,Colony-C,26.9,46,0.145,32.9,20.2,7.59,11.09,0.225,20,10,11.42,0,0
NMR-504213,Queen,Colony-D,41.4,188,0.216,32.9,14.3,7.17,-1.69,0.34,19,14,18.66,1,1
NMR-508398,Queen,Colony-E,44.0,69,0.184,32.3,23.3,8.79,9.47,0.136,27,13,19.9,1,1
NMR-506371,Worker,Colony-E,30.3,35,0.311,31.9,21.6,6.24,21.69,0.12,12,15,12.56,1,1
NMR-506746,Worker,Colony-E,36.2,71,0.283,32.8,28.0,7.89,14.61,0.248,32,15,16.86,0,1
NMR-500824,Queen,Colony-D,46.1,74,0.159,33.5,38.2,8.77,5.13,0.177,20,12,23.18,1,1
NMR-509962,Worker,Colony-E,24.0,48,0.192,31.8,35.3,7.62,19.13,0.057,20,9,17.1,1,1
NMR-504300,Worker,Colony-D,37.3,59,0.246,32.5,49.2,5.95,14.06,0.407,21,16,18.85,1,1
NMR-500736,Worker,Colony-C,25.9,77,0.218,31.5,15.4,6.7,15.36,0.327,25,10,22.15,1,0
NMR-500892,Worker,Colony-A,30.4,52,0.15,32.4,10.6,7.69,15.29,0.286,24,11,17.82,0,1
NMR-504187,Soldier,Colony-D,34.2,26,0.325,32.1,10.8,7.36,6.79,0.099,21,13,17.26,0,0
NMR-502783,Soldier,Colony-D,34.1,27,0.19,32.4,12.7,9.41,8.16,0.359,20,10,20.13,1,0
NMR-509677,Breeder,Colony-A,29.0,26,0.121,30.7,12.2,5.41,7.76,0.234,23,9,20.52,1,1
NMR-507457,Worker,Colony-E,33.9,30,0.313,31.6,22.1,6.95,14.27,0.31,25,16,15.36,0,0
NMR-506073,Worker,Colony-E,26.8,89,0.295,31.7,12.2,5.85,9.87,0.183,27,12,20.1,0,0
NMR-509027,Soldier,Colony-B,41.5,68,0.221,31.0,23.3,7.62,8.64,0.306,13,10,17.44,1,0
NMR-500437,Worker,Colony-C,24.4,61,0.23,33.4,17.0,7.19,7.32,0.197,19,13,18.86,0,0
NMR-506576,Worker,Colony-C,15.1,85,0.269,30.3,10.2,7.97,10.61,0.181,23,10,22.5,1,0
NMR-501139,Breeder,Colony-A,44.4,46,0.142,31.5,15.7,8.85,7.96,0.379,23,7,15.45,1,0
NMR-504185,Worker,Colony-E,29.1,28,0.264,31.3,43.9,5.98,13.9,0.307,18,17,18.85,1,1
NMR-506330,Worker,Colony-B,31.6,43,0.22,31.9,8.6,5.98,12.03,0.488,33,15,20.62,1,1
NMR-509158,Worker,Colony-E,30.1,115,0.276,31.6,25.1,7.07,8.77,0.43,22,13,24.08,0,1
NMR-506083,Soldier,Colony-A,34.6,22,0.373,31.6,16.4,5.14,19.35,0.45,23,13,14.8,0,1
NMR-508359,Worker,Colony-D,32.2,52,0.227,30.4,16.2,7.54,12.68,0.247,25,12,21.39,1,0
NMR-507614,Worker,Colony-E,24.3,38,0.361,33.1,16.1,5.25,9.96,0.303,25,14,19.51,0,1
NMR-507203,Worker,Colony-E,29.6,78,0.214,32.1,18.5,5.32,11.71,0.403,21,7,20.02,0,0
NMR-508773,Queen,Colony-E,50.7,121,0.188,31.8,14.0,6.51,16.09,0.075,25,9,20.97,0,1
NMR-507987,Breeder,Colony-A,29.0,25,0.3,31.7,7.5,5.52,7.95,0.614,17,6,16.31,0,1
NMR-506948,Worker,Colony-A,38.2,56,0.21,31.0,18.9,7.3,14.48,0.676,25,7,15.04,0,0
NMR-507740,Soldier,Colony-E,37.4,27,0.388,33.8,14.1,5.97,7.74,0.236,11,9,16.22,0,1
NMR-507485,Breeder,Colony-A,35.5,52,0.236,32.9,33.5,5.81,4.67,0.223,28,11,16.87,0,1
NMR-500129,Worker,Colony-A,16.1,72,0.176,31.0,15.9,8.21,15.32,0.214,20,12,19.02,0,1
NMR-506018,Worker,Colony-A,35.0,50,0.258,32.1,20.2,7.98,14.52,0.41,27,8,22.06,0,1
NMR-501276,Worker,Colony-D,25.6,47,0.216,31.8,17.7,6.98,13.16,0.137,24,13,10.32,0,0
NMR-507445,Soldier,Colony-E,28.0,63,0.295,32.7,9.7,7.32,4.81,0.358,25,14,17.04,0,1
NMR-505754,Breeder,Colony-E,39.2,65,0.298,30.8,24.7,5.06,0.42,0.412,19,10,17.07,1,0
NMR-502643,Worker,Colony-D,35.2,34,0.156,31.7,24.2,6.55,9.35,0.274,17,16,14.81,0,1
NMR-503469,Soldier,Colony-D,41.8,198,0.282,33.5,20.1,5.91,4.94,0.191,20,8,17.62,1,0
NMR-507527,Soldier,Colony-A,37.3,172,0.205,31.8,16.9,4.91,19.18,0.135,26,16,19.68,0,0
NMR-509903,Worker,Colony-B,24.5,32,0.159,32.1,5.7,6.62,11.05,0.338,24,9,23.7,1,1
NMR-506088,Soldier,Colony-E,20.7,83,0.207,32.1,15.7,5.88,3.85,0.07,20,13,20.06,0,0
NMR-504217,Breeder,Colony-D,39.1,38,0.303,31.7,10.4,7.35,5.81,0.085,25,19,23.53,0,1
NMR-503177,Worker,Colony-E,26.8,28,0.141,31.9,23.9,7.86,9.65,0.526,29,15,16.66,1,0
NMR-505845,Worker,Colony-E,33.5,43,0.252,31.8,9.7,7.7,9.94,0.432,16,9,14.97,0,1
NMR-509079,Breeder,Colony-C,36.5,51,0.28,31.1,11.4,8.34,6.65,0.465,26,13,23.18,1,0
NMR-504348,Worker,Colony-B,23.8,35,0.26,31.9,18.9,6.88,9.34,0.399,24,6,15.7,0,1
NMR-502584,Soldier,Colony-E,36.1,46,0.305,34.5,19.8,7.11,18.86,0.181,16,11,15.38,0,0
NMR-505375,Worker,Colony-C,37.9,121,0.336,33.6,20.4,8.76,8.0,0.126,23,8,17.55,0,1
NMR-505760,Worker,Colony-C,26.4,57,0.31,32.8,30.5,6.23,8.68,0.514,21,10,17.48,1,1
NMR-507884,Worker,Colony-B,38.3,70,0.329,32.1,20.6,7.96,15.75,0.092,21,10,19.82,0,1
NMR-503167,Soldier,Colony-C,32.5,10,0.263,32.1,66.6,6.71,4.91,0.122,24,9,22.31,1,1
NMR-502356,Worker,Colony-C,34.7,45,0.297,31.2,22.6,7.07,11.07,0.143,23,12,19.96,0,0
NMR-501427,Worker,Colony-D,41.1,70,0.277,31.8,19.6,7.67,14.39,0.086,25,7,13.08,0,1
NMR-501762,Worker,Colony-D,22.8,129,0.251,31.4,22.0,7.15,20.3,0.108,22,8,19.09,0,1
NMR-507375,Soldier,Colony-E,29.4,45,0.268,32.5,15.9,6.66,21.87,0.25,25,12,20.04,1,1
NMR-500373,Worker,Colony-E,26.9,29,0.336,32.8,12.3,6.9,19.18,0.493,24,13,20.14,0,0
NMR-507193,Soldier,Colony-B,38.2,24,0.316,32.3,20.4,8.07,2.87,0.079,20,4,23.65,1,1
NMR-506780,Soldier,Colony-A,32.9,156,0.199,32.0,14.9,6.46,9.44,0.118,23,12,20.54,0,0
NMR-505207,Soldier,Colony-A,35.1,43,0.198,32.4,20.0,6.53,3.46,0.318,28,6,23.81,1,0
NMR-502676,Soldier,Colony-C,29.3,63,0.183,33.2,26.1,7.11,5.33,0.244,26,11,24.58,1,1
NMR-505234,Soldier,Colony-D,40.7,68,0.213,31.8,17.4,9.02,4.41,0.216,21,18,17.04,1,1
NMR-506771,Soldier,Colony-B,50.9,48,0.216,31.5,7.3,6.24,9.84,0.294,27,11,18.0,0,1
NMR-500263,Worker,Colony-C,28.6,49,0.261,31.6,17.4,7.07,12.6,0.252,19,11,19.44,1,0
NMR-508425,Worker,Colony-E,30.1,120,0.266,32.3,20.9,8.27,7.13,0.363,25,13,10.21,1,1
NMR-509266,Worker,Colony-B,23.6,62,0.275,32.0,22.7,7.47,12.63,0.535,30,15,21.3,0,1
NMR-504452,Worker,Colony-B,34.4,25,0.236,33.4,22.7,5.2,11.34,0.178,22,12,24.2,0,1
NMR-508348,Soldier,Colony-A,35.3,82,0.379,31.7,13.7,7.21,6.2,0.223,27,8,18.48,1,1
NMR-503512,Worker,Colony-D,36.7,71,0.328,33.9,24.1,5.94,14.04,0.342,19,12,16.2,0,0
NMR-507064,Breeder,Colony-E,46.9,53,0.254,30.5,20.6,3.89,2.96,0.314,29,10,21.08,1,0
NMR-506376,Worker,Colony-D,28.2,128,0.326,31.7,19.8,7.06,15.93,0.26,26,10,21.27,0,1
NMR-503417,Worker,Colony-A,27.5,86,0.22,31.9,13.4,6.44,11.12,0.186,21,18,17.81,1,1
NMR-501241,Soldier,Colony-A,48.0,54,0.358,31.4,24.9,7.07,4.63,0.257,12,7,19.71,0,0
NMR-502786,Soldier,Colony-E,23.9,58,0.196,31.5,9.7,6.43,25.51,0.189,21,9,15.06,0,0
NMR-507972,Worker,Colony-A,26.4,36,0.237,33.8,34.9,6.66,9.23,0.555,19,10,19.99,1,0
NMR-506026,Soldier,Colony-A,32.4,73,0.257,32.0,39.9,6.05,15.87,0.207,20,10,20.28,0,1
NMR-500274,Breeder,Colony-E,44.4,25,0.265,33.2,18.1,7.18,10.08,0.252,31,9,19.08,0,0
NMR-504480,Worker,Colony-C,29.2,59,0.286,30.2,16.7,5.52,18.64,0.41,22,11,14.49,0,0
NMR-504130,Worker,Colony-D,31.6,34,0.22,32.7,16.1,7.08,15.52,0.221,28,12,16.75,0,0
NMR-506821,Worker,Colony-B,27.7,31,0.145,32.9,18.8,6.62,18.48,0.372,20,12,18.57,1,0
NMR-504703,Worker,Colony-C,30.5,68,0.302,31.6,11.6,5.23,10.57,0.212,20,9,16.01,0,0
NMR-506662,Soldier,Colony-D,38.2,114,0.148,34.1,17.9,7.43,5.84,0.32,21,13,20.33,1,0
NMR-507063,Soldier,Colony-E,40.1,79,0.303,32.0,13.2,6.58,3.13,0.224,28,5,20.78,0,1
NMR-501901,Soldier,Colony-D,29.0,41,0.303,32.5,11.2,6.44,3.93,0.296,24,7,16.84,0,1
NMR-500811,Worker,Colony-E,32.8,22,0.392,32.2,25.7,6.9,11.39,0.259,28,8,24.5,0,0
NMR-509021,Worker,Colony-C,37.9,80,0.194,31.8,14.2,6.33,12.8,0.328,24,8,15.57,1,0
NMR-505342,Breeder,Colony-D,40.9,50,0.368,30.4,20.1,7.39,3.64,0.211,27,13,19.1,0,0
NMR-506949,Soldier,Colony-A,36.6,63,0.243,32.3,21.5,7.97,4.27,0.163,20,18,14.77,0,1
NMR-509186,Worker,Colony-D,42.4,24,0.161,32.9,25.0,7.91,13.08,0.326,24,16,19.65,1,0
NMR-502972,Worker,Colony-E,26.5,31,0.27,33.2,10.3,5.16,10.91,0.415,34,14,22.7,1,1
NMR-504055,Worker,Colony-E,27.9,63,0.194,31.0,20.5,5.99,9.84,0.411,23,8,15.64,0,1
NMR-506731,Soldier,Colony-E,40.8,37,0.153,33.0,35.6,8.95,6.54,0.146,18,8,17.61,1,0
NMR-504955,Soldier,Colony-D,49.8,32,0.281,31.9,18.0,7.75,6.86,0.142,29,13,18.09,1,0
NMR-506194,Worker,Colony-C,36.3,53,0.245,31.9,50.1,7.66,11.82,0.221,20,9,18.58,1,1
NMR-504999,Worker,Colony-C,34.2,57,0.334,33.8,20.6,6.34,13.7,0.33,23,9,18.46,0,0
NMR-509330,Worker,Colony-D,20.4,38,0.206,32.1,21.2,7.52,10.6,0.26,21,14,20.76,0,0
NMR-503781,Soldier,Colony-C,42.1,38,0.208,31.6,23.9,8.09,8.25,0.23,33,15,20.73,0,0
NMR-501794,Worker,Colony-E,32.3,28,0.321,34.0,33.3,8.3,9.69,0.275,24,12,18.12,1,0
NMR-508058,Worker,Colony-D,29.0,64,0.23,32.4,16.4,5.8,11.69,0.31,27,9,20.05,1,1
NMR-508841,Worker,Colony-A,31.7,76,0.354,32.0,15.5,6.38,19.97,0.117,29,12,18.2,0,0
NMR-501531,Worker,Colony-E,34.0,67,0.409,33.5,46.8,7.4,19.28,0.238,25,11,23.91,1,1
NMR-500832,Worker,Colony-D,22.7,42,0.268,32.5,31.1,5.21,14.7,0.168,15,10,23.2,0,1
NMR-509721,Soldier,Colony-B,44.4,91,0.162,31.8,16.4,6.88,4.37,0.256,39,15,19.47,0,1
NMR-504565,Soldier,Colony-B,34.2,48,0.281,32.5,16.1,8.95,10.56,0.135,27,12,17.66,0,0
NMR-508317,Worker,Colony-C,28.3,76,0.472,31.6,35.3,7.85,19.7,0.147,21,12,13.64,1,1
NMR-505396,Soldier,Colony-A,33.1,67,0.336,31.6,18.6,8.64,13.99,0.171,20,7,20.93,1,1
NMR-508720,Queen,Colony-A,43.1,70,0.327,31.2,7.3,7.4,4.99,0.131,16,12,16.36,0,1
NMR-500467,Worker,Colony-D,34.5,102,0.126,32.1,28.9,5.4,12.08,0.177,24,15,20.42,1,0
NMR-505188,Worker,Colony-A,34.8,51,0.243,32.1,20.6,8.7,21.11,0.401,21,19,13.55,0,0
NMR-507238,Breeder,Colony-A,51.3,48,0.189,32.8,36.4,5.24,0.4,0.406,27,8,20.63,1,1
NMR-502129,Soldier,Colony-D,35.8,35,0.33,33.0,12.7,6.34,12.43,0.148,27,10,21.61,0,1
NMR-504564,Breeder,Colony-D,50.7,30,0.155,31.9,49.7,7.08,15.69,0.44,21,17,19.58,1,1
NMR-501227,Worker,Colony-D,28.9,45,0.249,30.6,27.5,7.1,13.25,0.297,26,9,17.25,1,0
NMR-508667,Worker,Colony-A,28.6,45,0.283,31.6,32.5,6.64,19.08,0.063,16,10,20.48,1,1
NMR-501910,Worker,Colony-D,37.3,22,0.389,32.0,20.2,7.13,22.41,0.519,28,17,19.95,1,0
NMR-502458,Breeder,Colony-D,39.4,29,0.25,32.8,8.9,5.71,14.24,0.466,29,9,19.32,0,1
NMR-501987,Breeder,Colony-A,40.0,83,0.261,31.1,46.0,6.02,11.04,0.109,18,12,20.46,1,0
NMR-501482,Worker,Colony-E,28.7,97,0.128,32.8,13.4,6.66,9.22,0.236,23,7,17.61,1,1
NMR-503795,Worker,Colony-A,24.4,14,0.383,33.2,15.1,7.0,27.96,0.187,26,12,17.32,0,0
NMR-506801,Worker,Colony-E,39.3,107,0.442,32.6,35.2,7.12,11.94,0.47,24,11,19.36,0,0
NMR-503529,Worker,Colony-C,28.6,16,0.325,32.6,12.8,6.08,20.02,0.34,24,10,20.25,0,1
NMR-501207,Queen,Colony-D,39.3,62,0.284,32.5,30.3,7.89,-2.32,0.152,22,13,22.52,1,1
NMR-509434,Worker,Colony-C,28.8,87,0.196,32.9,28.6,7.85,16.23,0.126,20,14,17.56,1,1
NMR-507671,Worker,Colony-E,39.2,98,0.372,32.2,8.9,8.48,8.57,0.457,19,9,21.15,0,1
NMR-507502,Worker,Colony-E,20.8,81,0.167,31.4,8.5,5.47,11.15,0.244,20,9,21.04,0,0
NMR-508513,Worker,Colony-A,37.1,64,0.231,32.9,15.8,5.61,16.1,0.102,33,11,26.6,1,0
NMR-506963,Worker,Colony-A,33.4,15,0.212,32.1,23.1,7.29,19.84,0.356,24,13,18.86,1,0
NMR-502736,Soldier,Colony-D,38.6,32,0.293,32.6,11.5,6.55,8.73,0.178,23,12,19.65,0,1
NMR-503705,Worker,Colony-E,19.2,87,0.302,31.4,13.9,6.88,7.64,0.153,20,9,17.56,0,0
NMR-504126,Worker,Colony-E,35.6,23,0.176,32.6,24.9,7.54,9.55,0.363,26,5,19.71,1,0
NMR-506593,Worker,Colony-A,26.3,56,0.318,31.4,31.8,7.14,9.68,0.386,23,10,21.01,1,0
NMR-508546,Soldier,Colony-C,44.0,81,0.264,31.4,30.1,7.33,11.05,0.192,23,13,19.97,1,0
NMR-505237,Queen,Colony-B,42.9,55,0.259,32.4,17.4,6.43,11.94,0.5,19,11,21.04,1,1
NMR-506141,Breeder,Colony-C,49.1,62,0.207,32.8,11.8,6.68,11.46,0.164,32,6,19.12,0,0
NMR-503731,Worker,Colony-D,30.2,113,0.284,31.5,30.6,4.41,10.98,0.368,29,8,18.89,1,0
NMR-508423,Soldier,Colony-D,48.1,74,0.211,32.5,22.5,8.38,4.79,0.544,27,14,22.91,0,1
NMR-507983,Worker,Colony-A,35.4,43,0.209,31.6,17.2,4.91,18.66,0.241,23,6,20.26,1,1
NMR-504139,Worker,Colony-A,24.0,62,0.215,32.0,15.6,6.73,8.22,0.452,28,9,24.35,1,1
NMR-503960,Soldier,Colony-D,36.9,47,0.227,32.8,21.5,6.99,11.54,0.094,22,8,18.61,0,1
NMR-505249,Worker,Colony-A,35.7,90,0.26,31.8,18.6,8.5,17.42,0.431,33,10,17.56,1,1
NMR-503104,Soldier,Colony-B,36.1,45,0.161,33.1,16.0,6.57,5.42,0.254,30,13,16.87,0,1
NMR-501374,Soldier,Colony-D,26.9,56,0.248,32.6,21.7,7.1,10.04,0.527,29,11,17.78,0,1
NMR-508276,Soldier,Colony-E,45.7,59,0.234,31.2,14.5,7.11,6.66,0.387,22,11,21.21,1,0
NMR-506431,Worker,Colony-A,36.6,115,0.221,32.8,12.3,5.14,9.64,0.257,25,8,21.33,0,0
NMR-502916,Soldier,Colony-A,30.2,33,0.177,32.8,21.2,9.15,9.81,0.392,30,12,19.74,0,0
NMR-501843,Soldier,Colony-D,24.4,63,0.288,31.4,23.4,5.84,9.72,0.274,25,11,25.77,1,0
NMR-504801,Soldier,Colony-B,38.0,26,0.25,32.9,9.1,6.63,13.29,0.112,37,10,14.48,0,0
NMR-500794,Soldier,Colony-E,34.9,53,0.166,32.2,25.5,6.94,15.45,0.136,23,10,15.17,0,1
NMR-508268,Worker,Colony-C,28.8,54,0.477,31.0,10.1,5.87,16.41,0.246,22,9,19.78,0,0
NMR-507123,Worker,Colony-D,33.4,131,0.233,33.0,18.9,6.47,20.0,0.283,17,10,15.28,1,1
NMR-501947,Soldier,Colony-C,34.7,42,0.352,31.5,19.0,5.87,23.44,0.465,20,12,22.28,1,1
NMR-508797,Worker,Colony-E,23.7,34,0.277,33.4,13.0,7.24,14.35,0.333,23,11,19.94,1,0
NMR-501002,Soldier,Colony-D,38.3,62,0.222,32.3,11.8,6.98,12.61,0.444,15,10,17.9,0,1
NMR-501663,Soldier,Colony-A,36.0,42,0.257,32.2,14.1,4.87,8.92,0.231,24,9,13.82,0,1
NMR-500653,Soldier,Colony-E,45.3,97,0.32,33.1,20.3,7.52,8.8,0.643,26,10,15.15,0,1
NMR-506496,Worker,Colony-B,24.2,90,0.24,30.7,19.3,8.77,14.72,0.111,21,12,15.29,0,1
NMR-505532,Breeder,Colony-D,29.4,67,0.183,31.2,24.9,6.04,4.47,0.218,35,15,24.3,1,1
NMR-507324,Worker,Colony-E,34.3,40,0.169,32.2,16.5,5.44,13.11,0.397,29,9,16.33,0,1
NMR-509967,Soldier,Colony-A,28.0,150,0.168,31.4,13.5,6.47,8.56,0.516,22,14,20.37,0,0
NMR-505258,Breeder,Colony-E,39.0,25,0.248,30.1,35.2,7.88,1.42,0.331,22,8,26.7,1,0
NMR-509243,Soldier,Colony-B,39.1,39,0.243,31.7,41.2,7.09,24.46,0.119,27,6,18.2,1,0
NMR-506915,Worker,Colony-C,32.5,13,0.235,32.7,24.8,7.96,14.0,0.374,21,11,13.93,0,0
NMR-505801,Worker,Colony-A,33.8,56,0.212,32.9,10.7,7.32,27.9,0.455,28,10,18.05,0,1
NMR-503487,Worker,Colony-C,23.2,49,0.141,34.2,33.8,5.98,11.09,0.103,24,8,14.63,1,0
NMR-500549,Queen,Colony-B,46.2,42,0.165,31.1,36.2,6.67,-0.15,0.333,25,12,19.03,1,0
NMR-507089,Worker,Colony-B,20.7,66,0.185,31.5,10.7,6.9,12.92,0.152,22,11,20.97,1,0
NMR-505115,Worker,Colony-C,36.9,139,0.353,32.9,22.9,6.63,15.95,0.257,12,7,16.89,1,0
NMR-507812,Worker,Colony-B,26.1,46,0.258,32.0,19.2,9.21,19.93,0.235,15,9,14.83,0,0
NMR-506673,Soldier,Colony-D,34.4,150,0.277,31.6,21.1,5.4,8.19,0.274,25,11,25.21,1,0
NMR-507065,Worker,Colony-A,27.6,232,0.151,31.0,22.8,6.67,19.92,0.279,23,6,17.79,0,0
NMR-504962,Soldier,Colony-D,26.4,45,0.185,31.0,33.1,7.49,10.54,0.361,30,17,12.94,1,1
NMR-504089,Worker,Colony-B,36.6,75,0.264,31.6,23.8,6.53,15.01,0.405,26,17,21.77,1,1
NMR-508201,Breeder,Colony-D,35.8,44,0.322,32.8,14.5,6.39,5.45,0.06,26,11,16.15,0,1
NMR-508315,Queen,Colony-C,41.8,65,0.294,33.8,25.9,6.58,-1.0,0.246,32,11,17.24,0,0
NMR-503649,Worker,Colony-C,35.0,113,0.166,30.7,8.4,6.43,9.82,0.189,31,10,13.14,0,0
NMR-504113,Soldier,Colony-C,41.8,44,0.323,32.7,11.4,5.79,16.97,0.405,17,7,21.6,0,1
NMR-500940,Worker,Colony-C,27.9,45,0.317,33.2,23.1,4.57,15.36,0.384,27,16,16.14,0,1
NMR-502420,Worker,Colony-A,30.6,14,0.374,33.4,12.3,7.07,14.01,0.453,24,11,12.92,0,0
NMR-503827,Soldier,Colony-A,35.6,44,0.178,32.9,28.2,4.64,9.51,0.286,17,10,17.91,1,1
NMR-504319,Soldier,Colony-C,38.5,70,0.186,33.8,17.8,6.57,6.13,0.232,23,10,23.39,1,0
NMR-509190,Breeder,Colony-B,42.4,21,0.26,32.4,30.4,7.19,2.21,0.2,21,17,20.39,0,1
NMR-505702,Breeder,Colony-A,37.8,58,0.237,31.8,18.4,6.02,14.52,0.049,18,16,21.13,0,1
NMR-502384,Worker,Colony-B,33.6,42,0.28,32.5,22.7,6.64,16.21,0.291,21,6,15.96,1,1
NMR-507320,Soldier,Colony-A,28.0,41,0.224,32.4,14.2,7.59,15.5,0.22,26,6,17.44,0,1
NMR-501328,Worker,Colony-E,36.2,95,0.2,31.1,41.0,6.74,16.32,0.423,22,9,18.0,1,1
NMR-501730,Worker,Colony-B,34.4,55,0.286,33.7,24.1,5.73,7.72,0.19,23,16,21.17,1,0
NMR-509576,Breeder,Colony-C,50.3,110,0.257,30.7,17.7,7.37,3.35,0.195,13,10,22.7,1,0
NMR-501168,Soldier,Colony-C,37.0,58,0.232,32.0,11.0,7.76,17.98,0.238,26,8,23.23,0,1
NMR-504240,Worker,Colony-A,29.5,26,0.186,31.4,14.5,6.17,10.42,0.317,24,9,20.56,0,1
NMR-507182,Breeder,Colony-E,37.7,40,0.23,30.9,11.3,8.28,10.31,0.41,25,15,20.04,0,0
NMR-501871,Worker,Colony-E,33.1,29,0.338,31.9,21.3,7.23,12.82,0.26,25,13,17.03,0,0
NMR-502619,Worker,Colony-E,23.4,33,0.27,31.9,20.1,6.19,22.83,0.143,30,19,19.65,0,1
NMR-507545,Soldier,Colony-D,37.0,48,0.203,34.4,28.9,7.22,10.23,0.15,26,14,28.77,1,0
NMR-504765,Worker,Colony-E,29.8,76,0.252,32.9,14.7,7.5,9.28,0.301,27,14,22.64,0,1
NMR-507995,Worker,Colony-B,26.5,58,0.177,32.0,16.1,5.69,12.77,0.473,29,9,15.07,1,1
NMR-501644,Worker,Colony-D,32.5,33,0.185,32.3,14.9,6.01,13.4,0.587,27,20,18.87,1,1
NMR-507410,Worker,Colony-B,26.3,73,0.346,34.1,34.6,7.12,16.9,0.081,25,9,19.57,1,0
NMR-503457,Queen,Colony-D,43.6,46,0.371,33.6,35.1,6.69,6.75,0.093,20,6,17.68,1,0
NMR-507289,Worker,Colony-C,27.9,92,0.132,31.8,14.0,7.6,10.92,0.304,23,11,22.44,1,1
NMR-509326,Soldier,Colony-C,32.2,95,0.193,33.5,14.7,8.72,11.25,0.431,26,16,18.86,0,1
NMR-505986,Soldier,Colony-D,36.9,29,0.337,31.7,23.7,7.79,5.9,0.288,22,11,15.41,0,0
NMR-509835,Breeder,Colony-D,49.1,44,0.203,31.9,42.1,6.41,2.65,0.652,24,13,25.05,1,1
NMR-502703,Breeder,Colony-D,40.4,41,0.391,32.5,18.6,6.22,5.68,0.642,27,11,20.24,0,1
NMR-508035,Worker,Colony-D,36.1,36,0.322,32.7,17.3,8.51,32.54,0.16,24,12,19.59,0,0
NMR-503310,Worker,Colony-D,37.5,75,0.155,32.1,17.5,5.16,37.1,0.318,21,10,16.62,1,1
NMR-505609,Breeder,Colony-D,37.2,44,0.245,33.6,10.2,6.02,6.85,0.45,22,13,20.46,0,1
NMR-500852,Soldier,Colony-C,33.1,61,0.274,33.7,24.3,5.03,8.34,0.114,13,9,19.5,0,0
NMR-506291,Breeder,Colony-C,51.6,35,0.19,32.2,12.3,6.58,8.05,0.247,22,9,15.94,1,1
NMR-501261,Worker,Colony-A,35.9,31,0.224,32.2,39.4,7.5,14.79,0.102,29,10,17.49,1,0
NMR-508378,Worker,Colony-E,26.0,80,0.275,32.1,6.7,6.04,17.89,0.238,17,10,19.55,0,0
NMR-501748,Worker,Colony-E,34.0,46,0.173,32.5,7.9,8.01,13.49,0.301,22,5,19.61,1,0
NMR-508774,Soldier,Colony-C,33.0,23,0.258,31.2,24.3,5.92,11.4,0.079,21,10,20.21,1,1
NMR-501151,Worker,Colony-B,32.1,59,0.214,33.3,17.2,6.63,7.45,0.349,21,11,22.96,1,0
NMR-509179,Worker,Colony-B,29.2,100,0.336,32.3,34.4,6.92,40.99,0.289,18,16,19.44,1,1
NMR-504343,Worker,Colony-C,23.5,108,0.368,32.1,15.4,8.2,12.54,0.354,28,11,18.89,0,1
NMR-506345,Worker,Colony-E,22.5,53,0.398,32.4,13.3,5.02,7.35,0.39,26,10,21.79,0,1
NMR-504746,Worker,Colony-D,37.1,177,0.168,32.6,17.6,6.3,15.41,0.202,27,17,16.05,1,0
NMR-508526,Worker,Colony-D,28.7,32,0.456,32.5,15.1,8.5,17.29,0.259,25,12,20.7,0,0
NMR-502960,Soldier,Colony-C,49.9,49,0.205,31.7,7.3,7.47,6.59,0.283,25,9,23.87,0,0
NMR-508329,Worker,Colony-D,26.8,43,0.399,31.1,30.2,7.15,12.54,0.172,31,14,19.61,0,0
NMR-500865,Worker,Colony-C,32.4,74,0.236,30.9,12.9,6.98,9.94,0.41,33,13,21.61,1,0
NMR-501832,Soldier,Colony-C,32.3,27,0.205,32.0,8.9,7.16,11.12,0.645,17,12,20.25,1,0
NMR-500724,Breeder,Colony-E,40.5,43,0.334,31.8,28.5,5.22,14.18,0.304,31,8,18.15,0,1
NMR-501951,Breeder,Colony-B,44.8,52,0.312,32.9,16.3,6.01,3.6,0.214,21,6,19.78,0,1
NMR-502675,Worker,Colony-A,28.7,39,0.168,32.0,32.1,8.1,22.03,0.41,23,8,18.17,1,0
NMR-505367,Soldier,Colony-B,36.4,98,0.207,32.2,18.1,5.55,7.94,0.543,25,16,21.5,0,0
NMR-505844,Soldier,Colony-C,32.8,28,0.207,31.4,20.3,6.88,4.22,0.29,26,7,19.44,1,0
NMR-502347,Worker,Colony-D,17.7,73,0.292,32.4,23.1,6.18,27.52,0.14,29,7,18.23,1,0
NMR-504824,Worker,Colony-E,32.6,48,0.35,32.7,20.2,6.98,11.45,0.161,19,13,20.11,0,1
NMR-509419,Worker,Colony-A,30.6,45,0.177,32.1,15.8,8.81,20.28,0.095,28,15,20.64,1,1
NMR-500339,Worker,Colony-B,30.6,77,0.263,32.8,25.2,7.3,15.67,0.555,23,7,21.65,0,1
NMR-504948,Worker,Colony-E,25.2,44,0.264,32.6,17.8,7.29,12.3,0.334,25,16,17.12,0,0
NMR-502229,Breeder,Colony-C,43.4,36,0.429,32.7,11.7,5.63,26.48,0.256,26,9,19.81,1,1
NMR-501837,Soldier,Colony-A,37.6,35,0.16,32.8,7.0,6.96,9.53,0.34,16,11,23.73,0,0
NMR-501904,Worker,Colony-E,29.4,55,0.355,31.9,22.7,7.91,12.13,0.582,27,10,22.01,0,1
NMR-503404,Worker,Colony-A,25.9,40,0.266,31.9,15.2,7.15,7.84,0.367,15,12,22.51,0,0
NMR-506339,Worker,Colony-E,34.8,32,0.311,31.5,42.2,7.7,10.66,0.37,21,12,21.09,1,0
NMR-501931,Worker,Colony-A,32.4,41,0.185,32.1,13.9,6.18,11.56,0.506,26,12,17.25,1,1
NMR-501109,Worker,Colony-C,36.8,82,0.248,32.6,29.3,5.11,7.7,0.563,17,11,16.78,0,0
NMR-505228,Worker,Colony-A,29.6,35,0.134,33.0,11.3,6.12,16.52,0.344,27,5,11.54,0,1
NMR-504051,Soldier,Colony-E,51.0,59,0.217,32.6,35.7,6.71,22.37,0.506,22,12,23.3,1,1
NMR-506368,Queen,Colony-A,44.4,45,0.144,31.1,7.5,7.06,6.84,0.266,28,6,17.22,0,0
NMR-506489,Worker,Colony-D,31.6,114,0.237,32.2,12.7,6.76,8.53,0.189,22,14,26.81,1,1
NMR-508325,Worker,Colony-A,27.2,126,0.236,32.6,13.5,6.62,14.82,0.215,26,6,18.69,0,1
NMR-505493,Soldier,Colony-B,46.7,76,0.197,32.5,33.7,7.13,13.17,0.193,27,12,21.96,1,1
NMR-501314,Worker,Colony-D,27.3,145,0.397,32.7,18.4,8.12,10.42,0.106,20,14,19.02,0,1
NMR-506606,Worker,Colony-C,23.7,39,0.382,32.7,17.6,5.51,10.59,0.282,28,13,22.72,0,1
NMR-507529,Worker,Colony-D,23.8,68,0.208,32.3,27.3,5.46,9.08,0.318,31,9,17.94,1,1
NMR-508819,Worker,Colony-B,22.8,121,0.245,32.7,19.9,7.66,14.89,0.283,18,9,21.19,0,1
NMR-506260,Soldier,Colony-A,29.1,39,0.346,33.3,24.6,6.0,3.89,0.13,20,10,17.94,0,1
NMR-505480,Soldier,Colony-A,38.5,63,0.276,31.9,19.1,5.77,19.42,0.406,20,16,30.88,1,1
NMR-503388,Queen,Colony-C,50.1,87,0.17,31.9,10.6,6.31,2.19,0.247,14,14,19.69,0,0
NMR-505302,Worker,Colony-E,28.3,58,0.247,32.2,20.1,6.83,9.83,0.328,27,10,19.8,0,1
NMR-507014,Worker,Colony-A,30.0,45,0.246,30.9,20.8,6.94,8.71,0.267,25,14,22.16,1,0
NMR-509310,Soldier,Colony-E,26.8,160,0.279,31.8,11.9,6.95,6.34,0.217,21,15,23.79,0,1
NMR-502621,Worker,Colony-B,33.6,47,0.168,31.0,21.9,6.03,15.06,0.315,21,21,20.49,1,0
NMR-506732,Queen,Colony-B,48.9,74,0.266,32.5,26.2,7.2,-3.0,0.48,26,13,20.03,1,0
NMR-508076,Breeder,Colony-E,30.3,80,0.179,34.7,15.0,6.24,5.23,0.103,32,13,20.77,1,0
NMR-504234,Breeder,Colony-B,39.5,107,0.355,33.0,11.5,5.03,16.61,0.378,26,12,19.87,0,0
NMR-504789,Breeder,Colony-D,35.0,115,0.176,30.5,14.2,7.81,8.3,0.146,21,10,23.64,1,1
NMR-501558,Worker,Colony-B,29.8,35,0.247,31.7,13.4,7.05,9.98,0.348,22,10,20.24,1,1
NMR-501831,Worker,Colony-E,34.1,67,0.175,34.7,23.3,7.72,17.26,0.404,22,8,21.56,0,0
NMR-501174,Worker,Colony-E,33.7,59,0.145,32.1,29.5,5.48,14.82,0.386,30,8,19.78,1,0
NMR-508081,Worker,Colony-D,31.2,51,0.398,31.8,13.7,7.59,22.21,0.069,23,16,20.75,0,1
NMR-502403,Soldier,Colony-B,41.9,56,0.214,31.0,27.2,7.81,19.0,0.118,26,12,18.5,1,0
NMR-500746,Breeder,Colony-D,33.8,34,0.297,32.5,10.2,7.09,16.75,0.194,20,14,16.9,0,0
NMR-501632,Worker,Colony-D,29.5,109,0.302,31.3,29.6,6.87,10.29,0.257,18,10,23.47,0,1
NMR-504448,Soldier,Colony-B,31.7,59,0.207,30.9,13.7,6.35,8.87,0.504,20,17,14.38,0,0
NMR-501624,Worker,Colony-E,35.7,58,0.216,31.9,48.3,6.91,9.92,0.175,19,14,17.46,1,1
NMR-508345,Breeder,Colony-A,39.9,28,0.221,31.9,26.4,6.79,7.09,0.099,28,10,21.1,1,1
NMR-506359,Worker,Colony-E,28.0,60,0.324,32.3,20.7,5.48,15.0,0.46,19,14,15.09,0,1
NMR-500735,Worker,Colony-B,34.1,68,0.339,33.1,27.8,7.72,8.12,0.443,22,14,25.03,0,0
NMR-505024,Soldier,Colony-A,38.2,31,0.157,32.1,15.5,5.5,4.92,0.173,35,13,16.81,1,1
NMR-508684,Breeder,Colony-B,38.5,37,0.203,32.0,10.0,6.41,4.74,0.384,28,10,19.56,0,1
NMR-509894,Soldier,Colony-B,32.5,45,0.359,31.9,14.4,7.11,4.74,0.08,12,15,18.4,0,1
NMR-502012,Worker,Colony-D,32.5,93,0.258,32.9,27.4,6.84,12.82,0.154,22,20,17.39,0,1
NMR-504393,Worker,Colony-C,34.9,35,0.279,33.5,14.4,7.54,9.63,0.304,21,8,17.3,0,0
NMR-509137,Soldier,Colony-B,36.8,39,0.144,33.5,10.0,7.49,7.57,0.32,28,14,15.94,0,0
NMR-506013,Worker,Colony-B,33.0,44,0.325,32.7,20.1,6.54,6.44,0.241,20,8,20.23,1,0
NMR-500146,Worker,Colony-B,30.4,89,0.19,33.4,27.1,6.77,14.96,0.38,27,9,20.42,1,0
NMR-500552,Worker,Colony-C,30.0,163,0.252,32.7,9.5,7.16,12.37,0.328,31,16,14.86,0,1
NMR-507046,Soldier,Colony-D,25.0,76,0.269,30.9,20.8,5.75,8.9,0.362,27,11,23.97,1,0
NMR-503380,Soldier,Colony-E,36.1,130,0.205,31.9,8.6,7.78,9.65,0.672,26,10,22.51,1,1
NMR-507586,Worker,Colony-D,29.8,74,0.286,32.8,24.1,7.44,6.99,0.138,22,14,19.69,0,1
NMR-509232,Worker,Colony-A,34.0,38,0.226,31.3,14.7,4.65,12.6,0.547,23,10,13.69,0,1
NMR-501743,Worker,Colony-D,24.7,26,0.245,33.9,29.0,7.83,12.25,0.17,18,5,17.83,1,0
NMR-503562,Worker,Colony-D,31.0,121,0.183,33.4,21.9,8.0,11.3,0.431,29,8,21.32,1,1
NMR-502822,Worker,Colony-D,23.2,40,0.258,32.9,19.6,7.29,20.94,0.292,27,14,18.41,1,0
NMR-504666,Breeder,Colony-C,49.6,66,0.277,32.3,10.3,7.75,18.65,0.068,27,9,18.27,0,1
NMR-506626,Worker,Colony-C,20.0,45,0.308,33.8,13.8,6.22,14.99,0.31,23,12,21.38,0,0
NMR-504356,Soldier,Colony-B,46.5,77,0.201,30.9,22.6,6.24,6.91,0.123,17,7,19.27,1,0
NMR-505633,Soldier,Colony-D,40.4,64,0.25,31.7,27.7,7.26,5.38,0.381,29,11,13.95,0,1
NMR-506487,Breeder,Colony-D,31.9,130,0.181,32.6,9.1,5.84,9.56,0.359,25,6,18.12,0,0
NMR-509377,Queen,Colony-D,38.7,56,0.287,33.1,10.1,8.98,-0.31,0.663,27,8,23.47,0,0
NMR-509567,Worker,Colony-A,24.7,49,0.285,32.4,32.3,7.38,11.22,0.235,26,11,20.68,0,1
NMR-501003,Soldier,Colony-E,34.5,71,0.131,33.4,9.0,7.2,5.44,0.479,24,11,22.43,1,1
NMR-501224,Worker,Colony-B,41.5,24,0.177,33.1,45.8,6.6,18.45,0.228,23,11,18.14,1,1
NMR-508133,Soldier,Colony-C,36.1,77,0.15,31.0,47.6,6.72,7.25,0.162,35,10,22.58,1,0
NMR-500510,Worker,Colony-E,24.9,58,0.402,33.0,26.3,8.07,13.88,0.166,12,15,17.28,0,1
NMR-507029,Worker,Colony-D,34.5,124,0.438,32.6,30.5,6.59,8.79,0.658,22,12,24.11,1,0
NMR-501124,Worker,Colony-B,25.6,56,0.223,33.0,16.0,7.28,30.11,0.298,30,20,20.89,1,0
NMR-500013,Worker,Colony-A,27.4,42,0.318,31.9,13.9,7.23,20.51,0.422,22,11,12.89,0,0
NMR-500540,Worker,Colony-B,26.9,24,0.205,31.2,29.2,6.71,12.73,0.186,22,8,18.41,1,1
NMR-503750,Worker,Colony-D,33.6,77,0.212,31.4,16.2,7.79,15.07,0.459,17,14,17.64,1,1
NMR-506663,Worker,Colony-E,35.7,35,0.19,32.2,9.8,5.93,12.85,0.355,26,8,18.72,1,1
NMR-507589,Worker,Colony-B,35.8,73,0.492,31.5,24.0,6.93,11.83,0.36,22,9,20.42,0,1
NMR-507692,Soldier,Colony-E,30.8,71,0.359,32.5,9.8,6.45,10.9,0.182,31,11,15.31,0,1
NMR-507095,Worker,Colony-D,25.4,41,0.161,31.0,7.4,6.8,12.84,0.49,22,9,17.34,0,0
NMR-500733,Soldier,Colony-A,38.3,31,0.326,31.5,11.4,7.34,11.16,0.34,18,15,20.17,0,1
NMR-507491,Soldier,Colony-C,37.1,190,0.237,31.7,27.1,6.93,8.53,0.29,26,9,17.44,1,1
NMR-508755,Soldier,Colony-B,37.3,80,0.353,30.9,37.1,7.51,6.25,0.254,18,11,15.42,1,0
NMR-503934,Worker,Colony-A,29.0,97,0.199,32.2,27.7,5.16,10.25,0.208,28,12,18.19,1,0
NMR-500950,Worker,Colony-C,28.9,45,0.345,32.6,10.2,6.22,11.15,0.401,18,7,20.51,0,1
NMR-500442,Soldier,Colony-C,34.9,47,0.314,32.4,8.6,8.09,13.87,0.242,17,9,19.24,0,1
NMR-502748,Soldier,Colony-B,37.8,60,0.324,32.5,13.4,7.31,8.78,0.36,19,10,22.64,0,1
NMR-502824,Soldier,Colony-E,36.1,83,0.207,31.2,7.2,6.33,13.0,0.365,19,13,20.78,0,0
NMR-509659,Soldier,Colony-D,37.7,45,0.228,30.8,22.2,6.37,9.16,0.279,33,4,27.96,1,0
NMR-503685,Breeder,Colony-E,31.7,40,0.415,33.4,20.6,7.18,1.71,0.217,24,15,15.0,0,0
NMR-500329,Soldier,Colony-B,33.3,79,0.319,33.7,20.2,5.69,6.68,0.201,25,7,18.06,0,0
NMR-507441,Worker,Colony-C,26.7,88,0.197,32.2,15.6,7.14,8.53,0.144,26,14,20.87,1,0
NMR-507951,Worker,Colony-A,18.8,37,0.229,31.0,17.1,5.69,12.22,0.636,25,11,22.28,1,1
NMR-505194,Queen,Colony-A,46.5,111,0.203,33.2,13.5,5.31,14.81,0.18,17,10,21.89,0,0
NMR-505110,Soldier,Colony-B,32.8,47,0.331,33.4,23.1,6.02,7.59,0.302,27,6,22.03,1,0
NMR-504939,Soldier,Colony-B,30.9,11,0.328,32.1,17.6,6.06,6.67,0.174,28,7,16.5,0,1
NMR-508471,Worker,Colony-E,32.4,56,0.149,31.7,21.2,6.63,11.93,0.153,22,15,16.8,1,1
NMR-500945,Worker,Colony-A,48.5,70,0.188,32.0,20.8,6.74,25.1,0.18,20,12,20.12,0,1
NMR-507954,Worker,Colony-A,43.3,50,0.297,32.5,25.0,7.06,8.85,0.421,26,11,16.31,1,0
NMR-503200,Worker,Colony-C,27.9,45,0.21,33.3,14.9,8.38,30.41,0.362,24,15,16.48,0,0
NMR-507678,Worker,Colony-B,36.9,43,0.155,31.3,12.5,7.03,12.75,0.257,23,10,19.79,1,1
NMR-504610,Worker,Colony-C,30.0,20,0.47,30.9,22.0,6.21,19.85,0.163,17,13,15.76,0,1
NMR-506369,Breeder,Colony-B,45.9,39,0.173,31.6,13.5,6.43,6.21,0.528,17,8,19.46,1,1
NMR-508910,Soldier,Colony-D,33.4,37,0.177,34.2,26.9,6.05,14.86,0.276,21,10,21.36,0,0
NMR-500769,Worker,Colony-B,33.7,20,0.352,32.1,10.0,7.42,15.55,0.381,23,8,22.97,0,0
NMR-501065,Breeder,Colony-B,40.1,52,0.126,31.3,58.0,7.92,2.77,0.167,28,12,14.71,1,0
NMR-502837,Worker,Colony-A,19.8,37,0.273,32.1,7.8,5.66,12.07,0.162,16,9,21.26,0,1
NMR-504802,Soldier,Colony-E,34.9,58,0.195,30.6,26.1,5.82,7.7,0.503,30,7,15.77,1,0
NMR-504288,Worker,Colony-D,23.5,61,0.347,31.8,29.3,6.57,14.54,0.312,12,7,22.52,1,1
NMR-506615,Soldier,Colony-D,35.8,32,0.378,31.6,18.8,7.29,15.49,0.201,25,11,22.49,0,0
NMR-503452,Soldier,Colony-B,32.5,28,0.182,33.4,23.1,7.66,7.22,0.338,25,12,14.88,0,0
NMR-500584,Worker,Colony-E,38.9,61,0.182,32.5,9.3,6.49,9.1,0.237,19,10,22.89,1,1
NMR-506951,Worker,Colony-A,37.8,35,0.322,32.6,12.3,9.29,8.52,0.132,28,13,18.79,0,0
NMR-502295,Worker,Colony-B,30.0,27,0.234,32.0,10.2,5.66,22.03,0.444,31,7,21.1,1,1
NMR-509507,Worker,Colony-E,37.0,69,0.156,31.9,11.5,6.09,16.38,0.241,20,9,23.11,0,1
NMR-509057,Breeder,Colony-E,28.2,61,0.22,32.7,24.8,8.39,14.46,0.213,26,8,20.46,1,1
NMR-505935,Worker,Colony-D,32.7,56,0.343,31.9,16.3,7.0,12.55,0.554,22,10,19.58,1,1
NMR-506978,Breeder,Colony-B,42.8,117,0.254,32.0,49.9,5.64,2.57,0.401,21,14,19.97,1,1
NMR-509241,Worker,Colony-E,17.8,52,0.162,32.5,13.3,8.11,12.87,0.331,14,6,21.56,0,1
NMR-507257,Soldier,Colony-C,41.4,53,0.374,33.3,11.8,6.11,22.86,0.207,24,9,13.19,0,0
NMR-503285,Soldier,Colony-C,37.8,53,0.197,31.6,5.6,5.98,6.13,0.327,27,8,18.48,0,1
NMR-505008,Worker,Colony-E,29.3,77,0.183,31.9,11.6,7.39,28.87,0.253,27,9,23.39,1,1
NMR-501852,Soldier,Colony-E,35.1,84,0.186,32.2,25.0,7.65,7.98,0.391,26,10,22.66,1,1
NMR-500762,Soldier,Colony-C,45.0,184,0.233,33.0,10.0,8.35,12.53,0.353,25,14,16.59,0,1
NMR-509298,Worker,Colony-C,22.8,59,0.208,32.0,9.9,6.95,16.93,0.225,32,9,18.74,0,1
NMR-505751,Soldier,Colony-B,36.4,44,0.274,31.2,13.0,8.61,4.72,0.116,15,11,20.1,0,0
NMR-500063,Worker,Colony-D,30.6,155,0.277,31.5,22.1,8.16,34.54,0.032,17,14,22.75,1,1
NMR-504370,Worker,Colony-D,25.3,42,0.229,32.5,16.9,7.18,17.87,0.179,27,7,16.8,1,0
NMR-509509,Worker,Colony-D,21.5,54,0.141,30.8,17.6,6.29,7.69,0.216,20,11,22.02,1,0
NMR-505040,Soldier,Colony-D,32.4,70,0.193,32.5,28.0,6.16,6.26,0.349,24,9,21.42,1,0
NMR-505771,Worker,Colony-A,31.6,36,0.285,31.8,30.6,6.48,15.09,0.559,33,6,17.83,1,1
NMR-508769,Worker,Colony-C,34.5,52,0.17,32.6,10.6,7.57,7.76,0.29,23,15,19.31,0,1
NMR-506956,Soldier,Colony-C,31.2,24,0.318,31.1,11.8,5.75,12.47,0.209,31,11,21.65,0,1
NMR-506809,Worker,Colony-A,31.1,38,0.298,32.7,13.4,6.65,18.6,0.188,29,7,17.48,1,1
NMR-503850,Soldier,Colony-E,32.5,62,0.263,32.4,19.2,7.85,13.4,0.319,20,7,15.88,0,1
NMR-506812,Worker,Colony-B,35.7,87,0.206,32.5,37.5,4.27,16.44,0.211,20,11,19.32,1,0
NMR-500529,Worker,Colony-A,37.0,26,0.371,33.2,8.7,5.67,14.78,0.092,21,14,17.3,0,1
NMR-507754,Soldier,Colony-A,44.3,71,0.242,32.7,9.6,6.24,13.25,0.136,34,15,16.46,0,0
NMR-505946,Worker,Colony-B,28.3,19,0.379,32.2,15.2,6.2,12.95,0.196,21,11,19.78,0,1
NMR-505605,Worker,Colony-E,19.4,32,0.229,33.4,16.2,6.25,10.04,0.393,26,4,22.47,1,1
NMR-509720,Breeder,Colony-E,35.2,92,0.168,32.4,32.4,6.79,4.11,0.194,28,9,22.96,1,1
NMR-507340,Worker,Colony-A,25.7,22,0.15,32.2,22.2,5.85,15.42,0.155,34,13,19.1,1,1
NMR-500101,Worker,Colony-D,29.7,68,0.31,31.3,17.6,7.18,17.81,0.332,29,6,21.08,1,0
NMR-509853,Worker,Colony-B,26.4,62,0.364,31.4,8.8,5.19,7.75,0.221,27,5,24.65,0,0
NMR-503699,Worker,Colony-B,22.7,56,0.153,30.2,22.0,8.78,8.29,0.273,33,7,18.76,1,0
NMR-506866,Soldier,Colony-A,37.5,134,0.211,33.0,16.6,5.3,8.62,0.227,25,13,11.5,0,0
NMR-509028,Worker,Colony-E,28.2,49,0.288,31.6,13.2,6.56,6.64,0.254,20,14,14.58,0,1
NMR-502089,Soldier,Colony-C,43.1,123,0.192,31.7,46.9,6.28,11.01,0.118,24,11,19.22,1,0
NMR-509943,Worker,Colony-B,34.1,30,0.381,32.0,14.6,5.99,10.93,0.357,23,12,17.36,0,1
NMR-503089,Breeder,Colony-E,38.7,59,0.359,32.7,19.2,6.85,9.89,0.493,23,8,19.06,0,1
NMR-506225,Worker,Colony-D,31.3,37,0.316,32.0,12.8,5.52,13.94,0.074,22,14,18.05,0,1
NMR-505311,Worker,Colony-A,36.4,47,0.273,33.2,52.9,7.6,7.04,0.348,24,9,22.33,1,0
NMR-507135,Worker,Colony-B,35.1,27,0.218,32.4,10.0,8.14,10.37,0.372,23,10,20.05,0,0
NMR-509490,Worker,Colony-D,26.6,178,0.476,32.9,19.7,6.3,11.23,0.565,27,11,20.48,0,0
NMR-500198,Worker,Colony-C,25.6,63,0.397,32.5,18.8,6.13,16.4,0.417,31,14,18.23,0,0
NMR-502637,Soldier,Colony-A,27.1,75,0.137,32.6,16.3,5.25,13.97,0.241,25,9,15.69,1,0
NMR-507823,Worker,Colony-C,23.6,37,0.217,31.0,37.0,7.67,16.17,0.263,24,7,20.69,1,0
NMR-506871,Soldier,Colony-C,33.1,59,0.34,31.1,23.6,7.39,14.4,0.163,17,7,19.32,0,0
NMR-502019,Worker,Colony-D,20.7,133,0.209,31.5,26.9,6.43,11.63,0.551,17,8,19.72,1,0
NMR-507102,Soldier,Colony-E,25.4,29,0.227,32.2,21.7,6.94,8.41,0.323,16,10,21.04,1,0
NMR-505896,Worker,Colony-D,23.1,108,0.262,31.2,9.5,7.76,12.85,0.31,23,9,24.04,0,1
NMR-502460,Worker,Colony-D,22.7,104,0.333,32.8,10.0,7.56,7.94,0.459,26,9,21.34,0,1
NMR-509619,Worker,Colony-D,25.4,38,0.304,31.2,8.1,4.44,19.33,0.213,19,6,22.25,0,1
NMR-502090,Worker,Colony-A,30.7,53,0.321,31.8,23.0,6.75,9.78,0.432,22,4,13.63,0,0
NMR-503886,Worker,Colony-B,20.1,35,0.275,31.9,13.5,5.21,12.31,0.456,25,8,16.85,0,1
NMR-501399,Soldier,Colony-D,35.5,46,0.241,30.9,14.9,8.26,7.5,0.513,23,7,23.69,1,0
NMR-503687,Worker,Colony-E,29.5,98,0.201,32.1,15.1,9.25,9.03,0.228,26,8,14.38,0,1
NMR-507893,Breeder,Colony-E,30.5,21,0.172,32.1,12.8,6.46,10.34,0.265,22,9,23.65,0,0
NMR-500333,Worker,Colony-E,36.3,147,0.2,32.1,37.0,6.76,20.12,0.221,22,7,15.77,1,1
NMR-502951,Worker,Colony-A,27.7,39,0.171,33.0,36.8,7.24,11.89,0.365,25,10,18.66,1,0
NMR-503119,Worker,Colony-B,20.8,53,0.295,33.3,46.0,9.24,8.53,0.338,20,10,23.41,1,1
NMR-509132,Worker,Colony-B,34.7,91,0.305,32.9,16.2,5.7,13.37,0.56,20,9,21.49,0,0
NMR-504784,Soldier,Colony-C,40.1,45,0.249,30.9,12.2,6.64,12.6,0.456,18,16,20.65,0,0
NMR-502826,Worker,Colony-B,38.0,56,0.264,31.8,6.7,6.98,9.44,0.209,32,9,21.34,1,0
NMR-507845,Worker,Colony-D,32.0,26,0.286,31.9,9.2,9.04,8.22,0.177,18,7,16.4,0,0
NMR-504957,Soldier,Colony-A,40.2,39,0.45,32.2,41.5,6.33,6.34,0.159,19,9,24.18,1,1
NMR-504274,Soldier,Colony-A,36.9,39,0.283,31.8,28.9,5.56,13.5,0.224,26,8,18.49,1,1
NMR-507333,Worker,Colony-D,44.7,66,0.233,31.7,19.6,5.6,6.61,0.145,24,12,20.77,1,0
NMR-504427,Worker,Colony-C,33.8,28,0.278,30.2,15.0,8.21,15.64,0.224,31,12,21.67,1,0
NMR-506219,Soldier,Colony-D,25.8,45,0.163,30.2,32.3,6.57,7.51,0.591,34,11,22.79,1,0
NMR-506701,Breeder,Colony-E,36.8,49,0.358,32.5,16.4,7.97,3.64,0.445,20,7,22.89,1,1
NMR-504353,Worker,Colony-E,29.3,84,0.299,32.3,15.5,7.05,10.24,0.098,22,11,20.98,0,1
NMR-505551,Soldier,Colony-D,25.9,95,0.328,33.2,8.8,6.85,8.27,0.656,21,15,19.89,0,0
NMR-506511,Soldier,Colony-E,35.9,47,0.382,31.7,11.5,7.3,12.56,0.379,27,8,21.33,0,0
NMR-509961,Soldier,Colony-C,35.2,83,0.231,31.1,32.6,6.3,14.27,0.012,26,10,21.11,0,0
NMR-509149,Soldier,Colony-C,24.5,85,0.182,31.5,9.4,7.04,17.11,0.186,15,10,20.1,1,1
NMR-508235,Worker,Colony-D,25.2,66,0.519,31.5,26.7,5.06,14.26,0.123,25,6,19.68,0,0
NMR-509533,Worker,Colony-A,31.6,57,0.293,31.1,8.6,6.85,15.08,0.377,31,10,16.59,1,1
NMR-505832,Worker,Colony-C,28.2,58,0.305,33.2,14.1,6.35,44.59,0.117,29,14,21.07,1,0
NMR-501604,Soldier,Colony-D,30.2,99,0.309,32.8,23.6,7.38,13.58,0.373,21,14,21.82,0,0
NMR-508704,Worker,Colony-E,24.9,41,0.269,31.7,20.1,7.78,7.42,0.363,28,13,24.14,1,0
NMR-508459,Worker,Colony-D,42.6,48,0.221,32.1,12.6,8.24,9.65,0.248,22,10,20.67,1,1
NMR-509788,Worker,Colony-C,30.7,60,0.293,32.5,9.6,6.09,16.44,0.13,24,10,24.34,0,0
NMR-501265,Worker,Colony-A,36.2,41,0.174,32.3,30.0,6.8,9.55,0.051,18,9,22.83,1,1
NMR-509824,Worker,Colony-E,32.3,77,0.282,32.3,28.5,6.36,13.78,0.119,24,8,22.93,1,1
NMR-507321,Breeder,Colony-B,34.3,71,0.23,32.4,21.7,8.26,6.97,0.485,25,10,17.09,0,1
NMR-502490,Worker,Colony-D,30.6,77,0.226,31.8,13.0,7.34,16.03,0.417,18,9,20.31,0,1
NMR-501874,Soldier,Colony-E,40.2,39,0.273,32.2,48.4,6.1,10.53,0.694,22,8,15.69,1,1
NMR-506068,Soldier,Colony-B,33.8,61,0.226,33.9,7.3,7.51,11.23,0.428,25,7,19.34,0,0
NMR-507862,Soldier,Colony-D,32.5,144,0.221,32.1,22.2,8.13,8.22,0.198,29,14,16.01,1,1
NMR-507042,Worker,Colony-A,34.0,42,0.452,34.0,38.3,5.46,12.72,0.371,20,8,21.72,0,0
NMR-504815,Worker,Colony-C,20.4,73,0.149,32.0,27.5,7.29,8.71,0.205,33,7,22.44,1,1
NMR-502386,Worker,Colony-C,26.4,53,0.184,30.5,7.3,7.14,7.62,0.369,25,8,19.55,0,0
NMR-507030,Worker,Colony-C,33.9,62,0.261,32.0,14.3,5.34,9.63,0.395,19,10,19.81,0,0
NMR-506514,Worker,Colony-D,17.6,44,0.285,34.1,25.5,8.19,10.49,0.195,26,9,20.06,1,0
NMR-503006,Worker,Colony-B,24.2,63,0.25,32.0,12.0,7.31,5.79,0.193,27,10,20.27,1,1
NMR-505467,Soldier,Colony-A,33.1,77,0.187,32.3,25.7,7.72,7.02,0.364,27,7,25.1,1,1
NMR-508511,Worker,Colony-C,16.9,65,0.243,33.8,32.0,7.51,17.6,0.371,25,12,15.85,1,0
NMR-503394,Breeder,Colony-E,36.1,26,0.278,32.5,14.1,7.18,7.69,0.218,23,5,17.97,0,1
NMR-503492,Worker,Colony-B,25.2,145,0.189,33.3,15.5,6.82,9.97,0.495,24,10,17.22,0,0
NMR-509535,Worker,Colony-A,28.5,37,0.377,34.4,13.7,8.5,14.13,0.234,17,11,20.51,0,0
NMR-504912,Breeder,Colony-B,35.6,32,0.484,31.0,24.2,6.91,10.63,0.218,25,13,23.15,0,1
NMR-504328,Worker,Colony-C,26.3,124,0.343,33.0,19.1,7.44,18.79,0.415,11,10,17.63,0,0
NMR-502633,Worker,Colony-C,27.8,117,0.212,32.7,43.4,5.41,19.7,0.506,25,8,14.08,0,0
NMR-506836,Worker,Colony-C,36.0,48,0.213,33.2,36.3,6.11,12.98,0.036,29,9,16.37,1,0
NMR-508328,Soldier,Colony-C,38.7,56,0.199,32.8,20.9,5.6,4.12,0.227,29,19,17.93,0,0
NMR-503752,Worker,Colony-B,26.9,78,0.201,33.2,21.6,5.44,27.58,0.355,17,8,16.66,1,0
NMR-500959,Queen,Colony-A,33.5,140,0.187,31.5,20.1,6.63,4.34,0.2,26,12,20.67,0,0
NMR-504863,Worker,Colony-B,39.8,30,0.253,32.8,26.4,7.76,17.34,0.31,23,8,22.17,0,0
NMR-502141,Worker,Colony-C,32.4,140,0.186,31.5,20.7,4.81,10.39,0.132,22,3,19.58,0,0
NMR-507006,Soldier,Colony-A,27.1,43,0.303,33.6,30.1,8.09,21.92,0.152,29,9,20.66,0,0
NMR-507733,Worker,Colony-E,48.1,69,0.291,31.9,10.2,7.46,9.43,0.212,25,9,13.35,0,1
NMR-504910,Breeder,Colony-C,31.6,106,0.155,31.6,14.1,5.75,1.19,0.303,30,9,15.53,1,0
NMR-500415,Worker,Colony-C,29.4,71,0.23,33.0,43.6,6.29,13.01,0.463,24,13,20.83,1,1
NMR-502221,Soldier,Colony-A,49.7,86,0.197,32.6,23.8,6.38,12.43,0.344,26,12,15.23,1,0
NMR-508610,Breeder,Colony-A,35.8,24,0.247,32.2,23.1,7.4,1.44,0.357,24,10,14.14,0,0
NMR-505679,Soldier,Colony-B,34.1,52,0.26,32.3,19.6,6.57,9.66,0.62,18,7,18.23,0,1
NMR-500223,Worker,Colony-D,38.4,30,0.216,31.7,15.3,7.34,18.76,0.314,24,13,18.34,1,0
NMR-509536,Worker,Colony-A,24.5,97,0.187,33.1,27.1,7.87,12.27,0.547,23,13,19.01,0,1
NMR-500918,Worker,Colony-C,37.8,90,0.146,30.9,10.6,6.03,10.89,0.461,27,11,24.84,1,0
NMR-505041,Worker,Colony-E,39.0,64,0.211,33.9,47.2,7.5,5.63,0.107,25,10,19.23,1,0
NMR-502415,Worker,Colony-A,25.7,62,0.196,30.6,23.7,6.45,10.75,0.299,18,17,21.38,1,0
NMR-508124,Soldier,Colony-D,32.3,105,0.232,31.9,18.1,6.74,35.78,0.339,21,8,20.4,0,1
NMR-504012,Soldier,Colony-D,34.6,45,0.219,33.8,22.1,5.05,11.41,0.107,22,12,19.96,0,0
NMR-500987,Worker,Colony-E,33.2,87,0.422,31.6,18.6,8.08,12.13,0.33,23,7,20.44,0,0
NMR-500416,Breeder,Colony-A,37.2,18,0.202,31.0,16.4,8.05,5.62,0.502,19,13,16.82,1,0
NMR-507286,Soldier,Colony-B,38.4,63,0.21,31.7,20.6,7.43,7.87,0.476,28,12,18.29,1,1
NMR-504637,Queen,Colony-D,40.2,42,0.458,31.5,33.3,5.81,-0.18,0.664,24,14,24.48,1,1
NMR-505186,Soldier,Colony-C,43.7,44,0.262,34.0,15.3,6.01,14.42,0.199,21,9,22.31,1,0
NMR-500456,Worker,Colony-C,32.1,30,0.247,31.7,13.4,8.2,11.12,0.226,31,12,19.82,1,0
NMR-509071,Worker,Colony-E,20.9,56,0.258,32.6,26.9,6.17,12.25,0.579,22,6,20.31,0,1
NMR-500858,Worker,Colony-D,27.4,99,0.19,34.1,20.1,4.19,16.04,0.338,19,6,18.85,0,0
NMR-506002,Breeder,Colony-E,43.0,28,0.142,33.0,10.4,7.69,5.79,0.198,23,11,18.08,1,0
NMR-508986,Soldier,Colony-C,35.0,43,0.395,33.5,12.8,6.43,12.08,0.305,31,8,15.02,0,0
NMR-504112,Soldier,Colony-B,31.6,61,0.147,33.3,30.2,6.52,13.22,0.259,23,7,16.47,1,0
NMR-509457,Worker,Colony-B,28.3,127,0.175,31.0,12.6,6.19,9.31,0.423,25,13,16.13,0,0
NMR-507730,Breeder,Colony-C,23.3,126,0.129,31.8,21.7,4.65,10.7,0.185,21,8,18.54,1,0
NMR-500418,Worker,Colony-E,26.9,30,0.269,31.4,16.6,6.12,13.78,0.264,28,9,25.47,1,1
NMR-508510,Soldier,Colony-A,24.2,45,0.216,32.4,27.8,6.78,3.53,0.206,25,5,20.11,1,1
NMR-507278,Worker,Colony-A,19.3,28,0.503,30.6,25.9,6.86,6.32,0.294,28,16,22.35,0,0
NMR-506550,Worker,Colony-C,18.3,40,0.19,31.5,31.4,6.24,13.44,0.491,23,10,15.69,0,1
NMR-500799,Breeder,Colony-D,37.1,33,0.258,32.0,24.5,6.72,4.78,0.239,27,8,23.3,1,1
NMR-507116,Worker,Colony-C,30.8,60,0.201,31.8,34.4,7.1,15.76,0.284,24,7,15.04,1,1
NMR-507647,Soldier,Colony-C,39.6,76,0.399,31.9,11.7,6.62,6.6,0.169,26,17,15.68,0,1
NMR-503767,Worker,Colony-D,26.8,45,0.184,30.8,25.7,7.06,6.61,0.225,23,7,12.02,0,0
NMR-502787,Worker,Colony-A,29.5,35,0.189,31.9,18.0,7.25,22.81,0.088,22,9,20.02,1,0
NMR-509014,Soldier,Colony-D,34.7,110,0.139,32.4,15.6,7.37,10.98,0.485,26,10,18.55,1,1
NMR-507696,Worker,Colony-D,40.3,61,0.31,32.6,25.9,7.03,25.8,0.46,26,14,15.96,0,1
NMR-505437,Worker,Colony-B,28.3,159,0.286,30.7,21.5,6.81,11.29,0.354,28,8,27.66,1,0
NMR-501696,Worker,Colony-A,27.2,49,0.27,33.6,13.7,6.25,13.11,0.13,20,12,20.75,0,1
NMR-504677,Worker,Colony-B,27.5,76,0.36,33.6,11.3,7.43,14.34,0.244,29,14,14.06,0,0
NMR-504169,Soldier,Colony-A,32.6,41,0.141,33.7,14.6,5.13,6.94,0.358,19,14,20.98,1,0
NMR-502105,Queen,Colony-C,39.3,49,0.269,31.9,10.0,6.39,7.74,0.155,26,8,23.55,1,1
NMR-501722,Worker,Colony-B,27.2,84,0.193,32.6,11.5,6.18,13.19,0.775,24,13,19.71,1,0
NMR-509404,Worker,Colony-B,37.6,44,0.144,31.1,9.1,5.78,15.55,0.4,29,16,15.68,0,0
NMR-509239,Worker,Colony-E,30.3,114,0.18,32.1,22.3,7.78,11.87,0.222,24,6,22.47,1,1
NMR-506763,Worker,Colony-A,25.9,53,0.513,32.0,14.2,8.56,11.3,0.523,31,14,15.47,0,1
NMR-500946,Worker,Colony-A,20.9,35,0.36,32.1,14.3,6.49,14.19,0.226,24,5,20.57,0,1
NMR-506504,Breeder,Colony-D,39.5,91,0.344,31.9,22.4,8.36,16.62,0.157,28,14,20.01,0,1
NMR-502598,Worker,Colony-B,29.8,122,0.273,33.2,21.4,6.11,37.52,0.214,18,10,12.79,0,0
NMR-503030,Worker,Colony-D,27.7,87,0.178,31.9,11.5,6.29,13.49,0.185,26,11,18.41,0,0
NMR-500303,Worker,Colony-E,30.7,50,0.405,34.2,17.7,8.17,14.61,0.084,34,10,16.47,0,0
NMR-505449,Worker,Colony-E,23.5,119,0.24,33.0,19.9,5.95,10.4,0.46,12,11,16.03,0,1
NMR-502288,Soldier,Colony-A,23.5,73,0.248,31.6,19.1,6.38,8.06,0.265,23,9,22.77,1,0
NMR-509108,Worker,Colony-B,17.4,58,0.231,33.2,15.7,7.48,17.47,0.418,26,6,21.61,1,0
NMR-508088,Worker,Colony-E,32.5,73,0.179,33.7,30.1,6.61,15.47,0.159,25,8,17.04,1,0
NMR-504081,Worker,Colony-A,38.3,72,0.265,32.5,10.9,8.0,11.58,0.267,29,10,14.22,0,1
NMR-504032,Worker,Colony-A,28.2,73,0.219,30.9,13.8,7.0,15.05,0.333,31,12,27.75,0,0
NMR-507673,Worker,Colony-E,29.1,155,0.229,32.6,18.3,5.61,18.43,0.205,26,9,24.73,1,0
NMR-501393,Worker,Colony-D,36.8,24,0.219,33.0,23.0,6.72,14.54,0.135,31,9,18.68,0,0
NMR-501665,Worker,Colony-B,36.3,66,0.234,31.8,14.6,7.86,20.82,0.318,20,8,21.48,0,1
NMR-505527,Soldier,Colony-C,30.6,53,0.212,31.9,17.6,7.13,12.16,0.238,23,10,20.59,0,1
NMR-501664,Worker,Colony-D,28.5,34,0.211,33.2,19.0,8.61,9.14,0.267,13,16,27.21,1,0
NMR-503383,Worker,Colony-E,18.5,24,0.233,31.2,12.5,6.95,14.12,0.236,26,6,18.16,0,0
NMR-504932,Worker,Colony-E,33.0,56,0.206,30.8,41.9,6.47,12.31,0.235,29,11,12.31,1,0
NMR-503162,Worker,Colony-D,21.1,52,0.185,32.9,18.7,7.5,12.6,0.187,18,17,20.59,1,1
NMR-501025,Breeder,Colony-B,40.6,135,0.236,31.2,10.9,6.06,4.99,0.246,32,6,20.14,1,0
NMR-503264,Worker,Colony-A,29.8,55,0.253,31.4,21.8,6.56,15.28,0.391,21,12,22.27,0,0
NMR-504901,Soldier,Colony-E,38.6,55,0.291,32.6,18.4,6.05,13.36,0.411,32,5,21.63,1,0
NMR-503007,Soldier,Colony-D,46.7,26,0.279,32.9,28.2,7.19,7.86,0.147,30,14,18.66,1,1
NMR-500241,Breeder,Colony-A,34.0,90,0.231,32.1,5.0,7.24,6.76,0.444,22,8,20.22,0,1
NMR-501539,Worker,Colony-B,21.9,64,0.255,33.7,12.8,7.73,10.6,0.295,12,11,23.36,0,0
NMR-503414,Worker,Colony-D,25.8,74,0.359,32.1,28.6,6.39,10.83,0.337,22,9,26.26,1,1
NMR-502006,Breeder,Colony-E,41.3,139,0.198,32.0,8.7,6.52,1.83,0.458,17,10,17.64,0,1
NMR-500399,Worker,Colony-B,25.0,59,0.213,30.1,15.9,7.72,17.6,0.196,17,8,19.6,0,0
NMR-505557,Queen,Colony-E,36.4,48,0.192,31.5,13.9,4.78,6.64,0.39,29,5,16.19,0,1
NMR-508726,Worker,Colony-A,34.4,57,0.22,32.7,12.1,7.5,24.84,0.113,24,11,16.83,0,0
NMR-508174,Soldier,Colony-C,36.0,57,0.232,32.7,21.9,8.27,12.26,0.476,27,8,16.22,1,1
NMR-509221,Worker,Colony-A,23.5,46,0.241,33.3,19.9,5.85,9.7,0.189,21,13,17.19,1,0
NMR-508644,Queen,Colony-E,54.1,35,0.238,31.2,19.2,6.15,4.6,0.111,23,10,15.74,0,1
NMR-500745,Worker,Colony-B,32.8,47,0.25,32.0,24.5,6.13,39.87,0.165,21,13,19.98,1,1
NMR-503566,Breeder,Colony-B,44.7,29,0.161,32.6,11.7,6.08,13.94,0.077,27,11,21.76,0,1
NMR-500537,Worker,Colony-E,28.4,134,0.234,32.7,20.4,7.32,9.76,0.421,18,5,20.02,1,0
NMR-500030,Soldier,Colony-B,29.5,51,0.222,31.7,11.2,7.74,11.39,0.175,29,11,25.59,1,1
NMR-509075,Worker,Colony-A,38.3,51,0.238,32.6,22.4,5.79,9.44,0.265,22,12,22.26,1,1
NMR-501861,Worker,Colony-D,30.8,97,0.357,32.1,22.4,6.87,9.91,0.424,34,7,8.28,0,0
NMR-509755,Worker,Colony-E,27.6,52,0.32,32.1,47.5,6.52,11.57,0.198,26,8,19.16,1,1
NMR-501673,Worker,Colony-E,29.4,33,0.185,31.7,23.0,9.28,11.28,0.335,27,6,14.66,1,0
NMR-509250,Worker,Colony-D,32.5,72,0.232,30.9,5.0,7.06,13.92,0.242,30,13,15.49,0,0
NMR-503592,Breeder,Colony-D,38.9,34,0.364,32.9,18.2,6.21,7.8,0.213,22,15,24.02,1,0
NMR-504176,Breeder,Colony-A,33.1,105,0.193,32.2,10.5,6.11,20.89,0.375,25,7,27.16,1,0
NMR-508573,Worker,Colony-E,28.8,48,0.132,34.1,10.0,7.0,11.31,0.229,28,8,15.42,0,0
NMR-502690,Worker,Colony-E,28.2,116,0.417,32.7,11.2,8.16,16.79,0.331,19,11,15.97,0,1
NMR-503704,Worker,Colony-D,26.7,113,0.192,31.8,11.5,5.88,12.9,0.091,17,8,23.92,1,0
NMR-505049,Worker,Colony-E,35.0,98,0.14,32.6,12.1,6.84,13.88,0.127,27,14,17.19,1,1
NMR-505868,Worker,Colony-C,35.8,45,0.159,31.1,9.8,7.8,13.42,0.109,32,14,17.71,0,0
NMR-508523,Soldier,Colony-A,41.2,85,0.154,32.0,16.0,5.98,9.48,0.547,26,11,24.83,1,0
NMR-505697,Worker,Colony-A,21.4,45,0.208,32.6,16.6,6.53,9.2,0.166,23,7,18.26,0,1
NMR-500814,Worker,Colony-D,25.8,114,0.242,32.9,23.1,7.19,9.97,0.381,31,20,17.02,0,1
NMR-509814,Soldier,Colony-E,37.2,24,0.211,31.8,17.6,7.31,10.32,0.146,23,13,19.34,1,1
NMR-501841,Worker,Colony-E,34.8,79,0.132,33.6,13.0,7.76,8.35,0.448,30,9,13.57,0,1
NMR-509639,Soldier,Colony-C,35.5,23,0.366,31.9,64.5,6.93,6.65,0.584,23,9,16.68,1,1
NMR-502197,Soldier,Colony-D,37.7,82,0.253,32.2,12.6,6.91,16.75,0.55,18,13,19.26,0,1
NMR-508913,Worker,Colony-A,31.9,56,0.24,30.3,15.5,7.23,14.29,0.123,25,6,15.6,0,0
NMR-505084,Worker,Colony-A,31.8,27,0.236,32.0,13.5,6.5,32.73,0.156,25,13,18.48,0,1
NMR-507865,Worker,Colony-B,31.9,58,0.293,32.0,19.8,6.9,13.28,0.196,22,10,20.1,1,1
NMR-503239,Worker,Colony-A,22.1,95,0.359,31.8,17.7,5.76,8.94,0.47,30,9,18.58,0,0
NMR-500504,Worker,Colony-A,37.5,35,0.319,32.1,10.2,5.83,10.76,0.309,19,7,18.56,1,1
NMR-506356,Breeder,Colony-A,31.6,80,0.184,31.7,10.4,7.18,3.88,0.153,27,8,20.34,0,1
NMR-506424,Worker,Colony-E,28.7,61,0.211,32.4,23.3,7.03,22.19,0.509,16,7,21.56,1,1
NMR-503132,Worker,Colony-A,19.4,52,0.183,32.2,28.6,6.74,12.19,0.544,15,9,23.71,1,1
NMR-507579,Worker,Colony-A,19.4,65,0.163,32.3,19.2,6.31,10.28,0.503,28,13,14.01,1,1
NMR-509074,Soldier,Colony-D,30.8,31,0.217,32.9,23.5,6.89,10.97,0.379,24,10,14.54,1,1
NMR-507820,Soldier,Colony-A,36.5,83,0.398,31.8,8.8,5.86,13.24,0.429,22,11,22.83,0,1
NMR-506811,Worker,Colony-D,32.0,97,0.245,31.7,14.7,7.52,28.24,0.144,20,12,24.02,0,1
NMR-504704,Soldier,Colony-B,35.5,64,0.34,33.0,13.2,7.73,2.69,0.395,12,7,19.91,0,1
NMR-504984,Soldier,Colony-C,41.1,68,0.175,31.7,38.1,9.45,3.2,0.368,20,10,20.91,1,1
NMR-508789,Worker,Colony-E,20.7,97,0.211,31.2,10.7,7.1,11.99,0.175,21,11,14.7,0,0
NMR-501635,Breeder,Colony-B,31.8,31,0.279,31.2,11.2,6.15,3.67,0.479,22,13,23.64,1,1
NMR-507137,Worker,Colony-C,20.9,32,0.275,32.1,16.2,7.82,8.53,0.27,35,8,15.8,0,0
NMR-509415,Worker,Colony-C,26.2,97,0.221,33.0,19.0,6.28,10.74,0.171,24,14,21.86,1,0
NMR-506976,Soldier,Colony-B,43.6,66,0.1,33.4,25.0,7.19,6.49,0.397,20,6,19.67,1,0
NMR-503219,Soldier,Colony-E,41.8,72,0.335,32.2,21.1,7.63,7.94,0.215,26,10,24.0,1,1
NMR-505052,Soldier,Colony-C,35.6,47,0.358,31.4,28.1,7.16,11.1,0.148,24,11,21.2,0,1
NMR-507393,Worker,Colony-E,35.1,44,0.243,32.1,15.0,6.31,12.64,0.6,21,21,21.44,1,1
NMR-500479,Worker,Colony-A,14.2,35,0.295,31.9,22.5,8.15,11.31,0.198,22,8,19.64,0,0
NMR-505644,Worker,Colony-D,34.8,55,0.177,31.8,14.0,6.53,16.41,0.303,16,12,16.27,1,1
NMR-509439,Worker,Colony-D,31.4,45,0.22,32.9,10.6,7.47,18.7,0.465,20,15,14.08,0,0
NMR-509324,Worker,Colony-C,31.1,88,0.164,31.8,29.5,4.9,15.66,0.328,22,19,21.34,0,0
NMR-506518,Worker,Colony-A,24.9,61,0.208,31.2,20.9,6.89,12.59,0.134,27,11,17.72,1,0
NMR-507170,Soldier,Colony-B,35.8,39,0.294,31.8,14.6,7.93,7.09,0.33,20,11,25.83,0,0
NMR-502721,Breeder,Colony-A,37.4,39,0.205,30.9,18.1,5.36,9.83,0.444,17,9,24.1,1,1
NMR-501755,Soldier,Colony-A,30.8,78,0.268,32.1,11.7,7.42,9.49,0.104,21,6,22.04,0,1
NMR-507458,Worker,Colony-A,28.8,72,0.318,32.0,15.9,5.98,17.7,0.395,26,10,19.96,0,1
NMR-502508,Worker,Colony-D,32.7,101,0.305,33.3,38.8,8.03,8.19,0.47,18,14,25.19,1,1
NMR-504180,Worker,Colony-E,30.5,55,0.416,31.7,18.4,9.43,11.75,0.148,16,10,26.17,1,1
NMR-509828,Worker,Colony-D,35.8,67,0.287,31.7,14.9,6.7,13.53,0.32,21,15,17.24,0,0
NMR-508116,Worker,Colony-D,44.7,43,0.276,31.7,18.3,8.22,7.89,0.201,28,11,18.38,1,0
NMR-506753,Worker,Colony-E,14.9,43,0.17,29.4,16.4,7.26,12.11,0.298,27,11,21.59,1,0
NMR-503144,Soldier,Colony-B,39.5,37,0.311,31.4,9.8,6.25,10.65,0.455,30,6,17.74,0,1
NMR-506208,Worker,Colony-B,34.6,44,0.267,31.8,12.6,8.44,14.66,0.315,25,8,23.44,0,0
NMR-507142,Soldier,Colony-E,35.4,70,0.097,33.0,16.8,7.54,3.07,0.141,23,6,22.18,0,1
NMR-504741,Worker,Colony-C,36.9,28,0.293,32.9,24.1,7.16,14.57,0.267,24,6,19.81,1,0
NMR-502722,Soldier,Colony-E,25.7,37,0.163,31.6,14.3,6.89,4.46,0.254,19,13,16.82,1,0
NMR-500488,Soldier,Colony-D,30.8,142,0.472,31.6,24.5,7.33,7.95,0.348,27,14,15.63,0,1
NMR-507899,Queen,Colony-A,44.5,92,0.201,33.3,27.5,8.28,25.64,0.435,26,11,25.23,1,1
NMR-504482,Breeder,Colony-C,37.1,77,0.161,32.5,17.7,7.25,5.16,0.231,16,8,22.96,0,1
NMR-509134,Worker,Colony-C,21.1,51,0.348,32.8,10.1,7.88,11.67,0.404,18,9,18.29,0,1
NMR-507794,Soldier,Colony-A,38.5,48,0.308,32.1,12.9,6.6,6.17,0.17,25,12,20.47,0,1
NMR-507455,Worker,Colony-E,34.1,38,0.178,33.6,13.1,8.32,14.76,0.314,25,5,17.95,1,0
NMR-501812,Worker,Colony-E,28.2,160,0.39,32.6,18.2,6.23,18.1,0.406,23,14,20.31,0,1
NMR-504709,Breeder,Colony-A,39.5,75,0.148,31.7,15.8,6.89,5.21,0.5,25,8,16.67,1,0
NMR-507996,Breeder,Colony-E,44.3,47,0.277,31.9,27.8,6.46,7.42,0.381,21,12,22.26,1,1
NMR-506765,Breeder,Colony-E,46.2,53,0.149,32.2,18.9,7.33,7.43,0.122,37,8,15.47,0,1
NMR-502651,Soldier,Colony-D,26.2,130,0.391,32.1,15.0,8.72,19.18,0.267,29,11,16.06,0,1
NMR-508832,Soldier,Colony-C,22.4,42,0.346,33.0,11.0,4.39,7.83,0.096,26,9,23.0,0,1
NMR-502419,Breeder,Colony-A,39.5,97,0.157,32.2,17.1,7.58,1.75,0.314,17,12,19.07,1,1
NMR-501038,Worker,Colony-D,41.5,44,0.189,32.5,9.7,5.82,7.82,0.588,29,10,20.16,0,1
NMR-508678,Worker,Colony-D,29.6,47,0.203,34.2,9.7,6.6,12.86,0.261,30,16,22.45,0,0
NMR-506542,Worker,Colony-E,28.6,136,0.234,32.8,21.5,4.53,9.38,0.135,19,12,18.43,1,0
NMR-500283,Worker,Colony-E,37.0,47,0.356,31.9,7.7,8.93,14.11,0.432,22,12,18.26,0,1
NMR-501322,Soldier,Colony-D,24.3,49,0.188,32.0,15.1,6.11,7.14,0.486,26,9,21.27,0,1
NMR-508259,Worker,Colony-C,29.0,38,0.219,32.5,17.7,7.21,16.48,0.352,20,6,24.06,1,1
NMR-502351,Worker,Colony-B,33.8,100,0.349,32.1,40.9,6.8,15.63,0.459,22,7,23.15,1,1
NMR-508006,Worker,Colony-A,27.5,41,0.191,32.4,18.3,4.05,11.22,0.183,22,12,18.57,1,1
NMR-505048,Breeder,Colony-D,38.6,96,0.294,32.7,21.7,5.01,3.96,0.486,19,7,22.72,1,0
NMR-504020,Worker,Colony-B,31.3,67,0.112,30.3,46.4,7.54,6.13,0.376,20,7,22.33,1,1
NMR-509849,Worker,Colony-D,35.0,36,0.289,32.7,26.5,6.87,12.23,0.195,27,13,27.66,1,1
NMR-502283,Worker,Colony-D,34.6,98,0.35,31.6,18.4,7.7,23.72,0.585,24,15,16.48,0,1
NMR-507472,Worker,Colony-D,16.0,90,0.204,31.7,21.3,7.96,19.13,0.501,19,15,19.48,1,1
NMR-508203,Soldier,Colony-D,41.5,98,0.152,32.7,16.4,8.08,10.69,0.117,21,11,20.47,1,1
NMR-506772,Breeder,Colony-D,32.0,85,0.253,33.9,14.2,8.68,2.23,0.497,29,8,21.11,0,1
NMR-501714,Worker,Colony-D,31.4,39,0.274,32.0,37.4,7.86,9.53,0.331,19,8,25.08,1,0
NMR-504720,Soldier,Colony-E,29.9,63,0.242,32.1,5.5,6.71,10.25,0.265,25,11,21.81,0,1
NMR-502632,Worker,Colony-C,33.3,51,0.286,33.6,31.5,7.12,12.76,0.478,18,16,18.76,1,0
NMR-500003,Worker,Colony-B,33.5,33,0.332,32.3,13.4,6.76,7.61,0.403,20,15,16.31,0,1
NMR-504580,Worker,Colony-B,47.6,61,0.254,32.4,7.4,5.32,26.31,0.359,18,14,20.08,1,1
NMR-500947,Soldier,Colony-B,39.0,29,0.2,32.7,19.8,7.89,17.97,0.216,17,5,18.71,1,0
NMR-502314,Breeder,Colony-B,38.8,65,0.195,31.4,26.1,6.19,0.18,0.353,29,13,17.38,1,1
NMR-509487,Worker,Colony-A,28.6,53,0.362,32.3,23.4,7.27,12.88,0.219,29,6,20.45,0,1
NMR-502165,Soldier,Colony-E,38.9,113,0.252,31.3,26.0,6.72,11.88,0.438,19,5,24.95,1,1
NMR-506456,Queen,Colony-A,34.3,125,0.191,30.7,60.0,7.73,6.28,0.369,27,16,23.12,1,0
NMR-507367,Worker,Colony-A,31.7,73,0.356,30.1,9.8,6.69,15.7,0.176,23,10,19.86,0,0
NMR-501105,Worker,Colony-D,26.9,88,0.202,31.4,25.4,8.59,18.84,0.431,28,9,21.5,1,1
NMR-506075,Worker,Colony-A,39.4,51,0.231,31.4,13.0,7.78,10.64,0.443,24,8,12.92,0,0
NMR-505810,Worker,Colony-B,27.4,78,0.258,31.6,9.8,7.63,11.33,0.167,37,9,23.5,0,1
NMR-504205,Worker,Colony-D,22.1,22,0.259,33.0,20.5,6.89,8.31,0.153,23,11,20.14,1,0
NMR-502645,Soldier,Colony-A,36.0,43,0.284,32.1,11.9,6.35,10.88,0.268,23,9,19.92,0,1
NMR-509862,Worker,Colony-E,22.7,73,0.23,31.7,14.3,7.54,7.89,0.206,30,8,19.23,1,1
NMR-509460,Breeder,Colony-D,33.5,38,0.37,32.4,11.6,8.51,6.45,0.291,22,15,19.95,0,1
NMR-501154,Soldier,Colony-D,31.0,67,0.25,32.4,35.7,5.06,5.24,0.167,24,12,18.62,1,0
NMR-507753,Worker,Colony-C,33.5,24,0.364,32.5,18.1,5.54,10.36,0.249,30,8,19.5,0,1
NMR-505275,Breeder,Colony-A,40.5,25,0.201,32.6,9.6,5.04,4.46,0.13,27,9,23.4,0,1
NMR-507834,Soldier,Colony-A,42.6,124,0.24,33.4,14.5,7.52,5.14,0.188,22,13,22.19,1,1
NMR-508242,Soldier,Colony-A,43.5,25,0.311,33.8,18.8,6.98,6.74,0.206,23,8,24.59,0,0
NMR-502911,Soldier,Colony-E,36.0,66,0.176,31.3,17.0,6.89,22.19,0.44,18,7,22.82,1,0
NMR-506082,Worker,Colony-D,34.9,38,0.429,33.7,15.7,7.25,9.1,0.197,29,16,18.66,0,0
NMR-500725,Worker,Colony-D,36.7,95,0.223,32.7,10.4,5.98,22.62,0.286,17,12,22.63,0,0
NMR-506565,Worker,Colony-D,22.1,88,0.229,33.2,15.5,5.97,16.44,0.103,25,5,17.97,0,0
NMR-502479,Soldier,Colony-A,26.7,35,0.309,32.3,14.7,6.19,9.38,0.323,18,6,21.1,0,1
NMR-505292,Worker,Colony-D,29.3,39,0.29,31.2,15.3,7.47,5.0,0.353,31,8,18.08,1,0
NMR-509209,Worker,Colony-A,30.9,72,0.299,32.3,14.3,6.76,12.84,0.329,19,10,22.6,0,1
NMR-504267,Soldier,Colony-A,31.8,76,0.243,32.3,11.5,5.08,6.62,0.298,24,12,17.9,0,0
NMR-502898,Worker,Colony-C,28.1,25,0.164,31.4,18.6,7.18,7.14,0.246,34,9,15.97,1,0
NMR-500903,Worker,Colony-C,35.8,84,0.272,32.5,8.3,8.12,11.86,0.543,24,13,25.53,1,1
NMR-500151,Worker,Colony-D,31.3,91,0.291,31.5,32.9,7.84,7.5,0.241,14,11,21.03,1,0
NMR-509603,Soldier,Colony-C,40.9,58,0.242,31.9,18.5,7.23,11.7,0.315,18,9,23.34,1,0
NMR-502635,Breeder,Colony-C,39.3,166,0.387,32.5,24.2,6.68,11.01,0.178,28,11,17.54,0,1
NMR-509072,Worker,Colony-A,24.7,123,0.193,32.2,28.8,6.83,13.81,0.591,24,11,20.7,1,1
NMR-508231,Worker,Colony-D,31.5,39,0.299,32.6,41.0,7.39,11.97,0.271,28,4,19.8,1,1
NMR-502169,Soldier,Colony-C,40.4,71,0.443,32.5,43.8,7.78,5.63,0.299,19,7,23.79,1,1
NMR-508162,Soldier,Colony-C,39.6,48,0.251,31.8,7.0,6.49,5.54,0.206,31,7,27.54,1,1
NMR-505183,Worker,Colony-B,28.3,108,0.206,33.7,20.7,7.87,17.49,0.137,25,8,16.69,0,1
NMR-503210,Worker,Colony-B,32.5,43,0.238,33.5,16.5,6.9,17.48,0.106,24,10,24.65,1,0
NMR-502800,Worker,Colony-E,22.8,50,0.3,32.8,21.3,7.64,10.69,0.246,30,6,23.89,1,1
NMR-509412,Worker,Colony-E,26.7,98,0.258,33.5,22.4,6.24,13.69,0.293,26,16,24.25,1,0
NMR-502039,Worker,Colony-D,23.7,81,0.217,33.4,27.5,6.36,9.17,0.441,24,6,16.37,0,0
NMR-502040,Worker,Colony-C,22.9,67,0.211,32.2,15.9,4.99,8.41,0.531,19,12,12.49,0,1
NMR-502443,Queen,Colony-B,37.8,46,0.348,32.9,11.5,6.99,-0.42,0.5,23,13,16.17,0,0
NMR-509448,Worker,Colony-C,29.8,35,0.213,32.4,6.5,8.86,12.36,0.3,25,12,21.02,1,0
NMR-501118,Worker,Colony-E,32.0,26,0.265,33.1,22.8,6.96,21.1,0.219,17,15,17.69,0,0
NMR-509335,Breeder,Colony-E,43.5,86,0.213,32.8,9.3,7.99,11.69,0.363,20,7,19.26,1,1
NMR-507448,Soldier,Colony-B,28.2,77,0.182,32.1,23.9,6.69,9.75,0.151,22,10,13.25,1,1
NMR-503786,Breeder,Colony-D,36.1,47,0.215,31.8,17.2,6.36,8.72,0.165,20,12,20.62,0,0
NMR-502293,Worker,Colony-A,24.2,58,0.302,32.7,31.7,5.83,9.52,0.248,18,12,22.35,1,1
NMR-500350,Worker,Colony-A,28.1,47,0.269,33.1,24.4,6.96,19.59,0.145,30,13,13.37,1,0
NMR-500457,Queen,Colony-B,43.0,24,0.187,33.3,15.3,8.85,5.86,0.336,27,9,19.5,1,0
NMR-500225,Worker,Colony-D,32.3,63,0.403,32.8,22.0,7.84,15.31,0.332,31,10,19.74,0,1
NMR-508460,Soldier,Colony-A,26.6,73,0.155,32.7,21.3,6.84,10.15,0.253,16,10,17.42,0,1
NMR-507099,Worker,Colony-C,30.0,32,0.171,32.7,15.9,6.46,7.22,0.277,21,14,15.21,0,1
NMR-501925,Worker,Colony-C,25.1,49,0.29,31.6,36.4,7.12,13.59,0.25,18,11,23.45,1,0
NMR-505636,Worker,Colony-B,36.4,60,0.283,31.6,26.4,7.51,10.06,0.24,22,15,19.54,0,0
NMR-504007,Soldier,Colony-D,33.3,119,0.17,32.6,13.9,6.46,10.36,0.303,27,4,23.55,1,0
NMR-505361,Soldier,Colony-C,46.3,129,0.206,32.5,8.6,5.38,7.66,0.085,23,10,15.88,1,0
NMR-506129,Soldier,Colony-B,21.7,41,0.274,31.0,29.7,8.61,10.77,0.349,26,6,23.31,1,0
NMR-503622,Soldier,Colony-C,27.7,70,0.151,31.1,23.0,6.37,6.55,0.358,23,17,20.47,1,0
NMR-507002,Breeder,Colony-D,38.6,35,0.249,32.4,12.3,7.02,13.45,0.177,14,11,19.18,0,1
NMR-505112,Worker,Colony-A,30.9,22,0.354,32.1,31.2,6.59,13.52,0.52,19,12,19.57,0,1
NMR-509100,Worker,Colony-C,25.0,48,0.429,31.8,21.3,6.41,7.78,0.538,16,13,21.95,0,0
NMR-503193,Breeder,Colony-E,58.0,110,0.201,31.3,22.3,7.46,11.69,0.168,24,11,16.1,0,1
NMR-507209,Soldier,Colony-A,33.2,36,0.224,32.3,21.7,7.96,7.18,0.18,19,19,22.66,1,1
NMR-507693,Worker,Colony-E,33.2,27,0.294,32.7,15.6,7.03,13.12,0.431,24,15,14.97,0,0
NMR-504359,Worker,Colony-A,36.8,76,0.28,31.3,24.9,7.93,7.98,0.322,29,9,20.75,1,0
NMR-500988,Worker,Colony-E,32.1,75,0.18,32.2,14.7,7.35,13.17,0.466,27,3,20.99,1,1
NMR-509703,Worker,Colony-B,34.6,120,0.353,32.6,15.8,7.81,8.49,0.067,31,13,15.94,0,1
NMR-509527,Soldier,Colony-B,40.6,276,0.165,33.5,26.8,5.3,13.33,0.222,20,10,20.68,1,0
NMR-509375,Soldier,Colony-C,33.9,74,0.33,30.5,16.5,6.36,7.17,0.374,20,14,23.74,0,0
NMR-509475,Soldier,Colony-C,28.8,29,0.179,31.9,31.5,7.07,5.47,0.199,20,14,23.28,1,1
NMR-500533,Soldier,Colony-D,31.8,63,0.244,32.7,16.8,6.29,5.07,0.206,24,10,27.84,1,1
NMR-506776,Worker,Colony-D,24.4,41,0.178,32.8,18.5,7.01,9.96,0.047,22,12,20.7,0,0
NMR-504380,Soldier,Colony-C,44.1,40,0.233,32.3,35.4,8.08,7.41,0.208,20,11,24.3,1,1
NMR-500786,Worker,Colony-D,22.2,57,0.305,32.1,34.7,7.25,37.84,0.173,35,17,23.83,1,1
NMR-508052,Breeder,Colony-A,38.6,52,0.11,31.9,14.4,8.25,5.51,0.447,22,16,17.33,1,1
NMR-502123,Soldier,Colony-E,36.5,23,0.219,32.3,19.2,5.7,4.15,0.2,19,11,19.94,1,1
NMR-506470,Worker,Colony-A,32.7,38,0.201,32.1,26.2,6.0,17.39,0.43,23,13,17.29,1,1
NMR-503513,Worker,Colony-E,32.7,98,0.393,31.6,14.9,6.41,6.0,0.181,22,7,19.43,0,0
NMR-500008,Breeder,Colony-D,42.4,52,0.153,33.0,60.8,7.62,5.38,0.096,24,8,15.77,1,0
NMR-507425,Worker,Colony-D,31.6,45,0.206,31.9,17.3,6.85,19.92,0.276,20,14,23.36,1,1
NMR-502008,Soldier,Colony-D,39.5,133,0.227,33.7,16.4,8.08,5.83,0.376,28,8,17.67,0,0
NMR-502397,Worker,Colony-A,17.1,73,0.26,33.2,30.0,6.61,20.71,0.446,28,8,19.89,0,0
NMR-501686,Soldier,Colony-C,37.6,68,0.183,32.7,12.6,6.68,14.98,0.211,23,10,21.28,0,1
NMR-504040,Worker,Colony-D,32.7,35,0.26,32.0,14.7,6.22,12.81,0.315,30,7,19.14,0,1
NMR-503679,Soldier,Colony-C,37.8,108,0.29,32.1,27.5,7.39,4.41,0.582,35,12,17.79,1,1
NMR-508392,Breeder,Colony-C,35.3,18,0.468,31.2,9.5,5.72,10.1,0.409,27,12,24.17,0,1
NMR-508781,Worker,Colony-B,31.1,31,0.264,32.1,10.7,6.69,9.48,0.184,26,7,13.94,0,1
NMR-506375,Soldier,Colony-C,39.3,57,0.28,33.0,18.8,8.44,25.62,0.584,22,13,18.03,0,1
NMR-502470,Soldier,Colony-C,31.9,37,0.365,31.3,24.5,7.24,9.15,0.186,20,17,18.83,0,1
NMR-508718,Worker,Colony-B,24.1,51,0.24,31.6,25.6,5.51,14.06,0.193,15,16,26.37,1,1
NMR-502527,Worker,Colony-E,31.1,55,0.225,31.5,10.6,6.76,10.59,0.185,26,15,18.3,0,0
NMR-504322,Worker,Colony-A,26.8,71,0.406,32.1,14.7,5.6,11.8,0.234,23,10,18.32,0,1
NMR-509546,Worker,Colony-D,30.4,35,0.282,31.5,12.7,7.35,14.52,0.165,20,12,18.97,0,0
NMR-505857,Worker,Colony-C,24.5,34,0.236,31.2,23.0,6.13,17.0,0.183,28,6,20.03,1,1
NMR-507339,Worker,Colony-D,38.0,46,0.403,33.5,32.9,5.17,11.04,0.541,19,10,24.11,1,0
NMR-501438,Queen,Colony-C,41.5,54,0.265,31.8,22.8,6.6,-0.89,0.596,21,14,18.19,0,1
NMR-500084,Breeder,Colony-B,43.7,70,0.407,34.2,16.3,6.72,5.95,0.038,24,9,14.78,0,0
NMR-505973,Queen,Colony-D,40.2,52,0.209,31.9,13.0,7.09,1.81,0.2,28,10,20.09,1,1
NMR-500607,Breeder,Colony-B,43.7,69,0.236,33.1,16.3,8.24,-0.11,0.328,22,19,19.1,1,0
NMR-505545,Worker,Colony-D,32.1,32,0.198,31.9,20.1,7.97,10.49,0.247,21,13,16.09,1,0
NMR-504405,Queen,Colony-E,43.6,68,0.196,32.5,14.9,5.67,0.55,0.172,24,9,20.69,0,1
NMR-501147,Soldier,Colony-D,34.3,165,0.193,32.7,17.6,6.9,17.28,0.42,23,11,23.63,1,1
NMR-507743,Worker,Colony-E,30.0,35,0.222,31.0,20.6,6.9,8.84,0.425,23,15,22.2,0,0
NMR-504805,Breeder,Colony-D,39.4,69,0.228,31.1,19.4,6.24,10.82,0.135,19,9,19.76,0,0
NMR-506497,Breeder,Colony-A,37.9,51,0.342,32.2,16.4,7.05,5.73,0.165,26,17,14.96,0,1
NMR-504795,Breeder,Colony-D,36.2,39,0.328,32.1,10.5,6.31,5.64,0.337,29,7,21.38,0,1
NMR-502685,Breeder,Colony-C,45.3,76,0.369,32.8,10.7,6.13,17.04,0.174,24,17,22.46,0,0
NMR-503428,Worker,Colony-B,31.3,52,0.243,31.3,19.7,6.89,14.26,0.438,21,14,17.23,1,1
NMR-501324,Worker,Colony-A,32.8,76,0.297,34.1,18.9,5.88,15.82,0.157,26,14,21.05,1,0
NMR-502718,Worker,Colony-C,30.1,95,0.162,32.3,20.9,5.05,10.25,0.247,22,8,19.07,1,0
NMR-506165,Worker,Colony-B,33.1,112,0.295,31.1,31.4,5.45,9.21,0.425,21,12,17.6,1,0
NMR-501212,Soldier,Colony-B,34.4,64,0.162,32.0,52.0,5.76,7.98,0.29,27,9,21.07,1,1
NMR-505924,Worker,Colony-D,28.1,87,0.257,31.8,14.8,5.3,9.81,0.183,27,5,19.29,0,1
NMR-506619,Soldier,Colony-A,26.2,132,0.413,31.3,20.4,7.0,4.66,0.222,30,12,17.63,0,1
NMR-506730,Worker,Colony-C,41.5,91,0.239,32.3,22.8,4.45,22.33,0.383,27,9,23.16,1,0
NMR-506044,Worker,Colony-B,43.0,40,0.255,31.2,16.3,6.1,11.79,0.498,28,10,21.19,1,0
NMR-501767,Soldier,Colony-E,35.8,38,0.167,32.8,12.6,8.87,10.06,0.207,23,6,20.73,0,0
NMR-500912,Worker,Colony-B,29.7,37,0.341,32.3,16.7,7.38,12.57,0.251,24,10,19.58,1,1
NMR-503313,Worker,Colony-C,27.1,60,0.259,31.1,39.8,8.52,16.42,0.273,29,13,24.3,1,0
NMR-500539,Worker,Colony-D,30.2,48,0.261,32.4,15.3,7.93,9.03,0.272,16,14,21.61,0,1
NMR-503560,Breeder,Colony-C,41.1,57,0.267,33.4,13.4,7.09,0.81,0.23,20,8,27.0,1,1
NMR-505584,Worker,Colony-A,31.9,60,0.197,33.8,17.8,6.72,6.46,0.289,23,17,13.77,0,0
NMR-505576,Soldier,Colony-C,36.9,113,0.35,31.1,15.1,7.29,4.95,0.133,29,12,28.43,0,1
NMR-503748,Worker,Colony-C,20.3,25,0.195,33.0,13.6,7.2,8.3,0.136,28,14,22.32,0,0
NMR-504656,Worker,Colony-B,34.1,46,0.186,31.8,12.3,5.78,18.11,0.133,27,5,21.23,1,1
NMR-506244,Breeder,Colony-E,36.2,36,0.428,30.1,15.8,3.81,9.75,0.182,31,14,21.72,0,0
NMR-509525,Breeder,Colony-D,33.8,48,0.29,31.9,19.9,6.3,13.29,0.258,35,15,18.57,1,1
NMR-509571,Worker,Colony-E,33.2,53,0.164,32.3,23.0,6.22,16.67,0.386,25,9,19.96,1,1
NMR-506438,Breeder,Colony-B,32.5,37,0.297,31.3,16.4,8.15,4.86,0.219,26,11,25.62,0,0
NMR-503756,Soldier,Colony-C,30.3,114,0.424,30.7,43.7,5.69,14.23,0.143,24,15,20.75,1,0
NMR-506708,Soldier,Colony-A,30.4,127,0.282,33.4,15.8,7.06,8.01,0.257,23,10,23.47,0,0
NMR-501641,Worker,Colony-A,21.3,48,0.199,30.7,20.0,7.27,12.45,0.532,23,11,22.33,1,0
NMR-502340,Worker,Colony-A,33.8,46,0.3,31.3,8.3,8.16,8.38,0.329,27,9,17.99,0,0
NMR-508793,Worker,Colony-A,42.2,62,0.215,32.3,7.9,5.54,10.94,0.403,27,18,16.24,0,1
NMR-505187,Soldier,Colony-B,39.7,59,0.229,30.3,9.8,8.0,8.49,0.105,16,12,16.34,0,0
NMR-503082,Worker,Colony-D,26.2,34,0.162,33.6,12.8,6.02,26.1,0.268,21,15,21.69,1,0
NMR-508868,Worker,Colony-D,35.9,287,0.203,33.3,28.0,7.96,8.59,0.451,25,16,20.43,1,1
NMR-504933,Worker,Colony-C,12.3,91,0.17,31.7,17.9,7.09,8.67,0.325,24,13,17.35,0,1
NMR-500033,Worker,Colony-B,24.9,63,0.202,31.6,57.0,5.68,8.08,0.227,30,9,17.61,1,0
NMR-507926,Worker,Colony-A,29.1,27,0.216,31.8,22.1,5.92,11.04,0.203,18,11,16.84,0,1
NMR-505058,Breeder,Colony-A,32.7,64,0.126,31.7,8.2,8.93,6.87,0.182,20,11,25.73,1,0
NMR-508160,Worker,Colony-A,33.4,35,0.391,32.9,30.2,6.67,9.58,0.318,30,9,18.61,0,1
NMR-501160,Worker,Colony-D,27.5,32,0.183,33.7,12.7,4.71,13.52,0.236,27,8,19.4,1,1
NMR-506613,Soldier,Colony-C,37.8,34,0.3,32.5,7.5,5.82,5.2,0.255,19,8,23.66,1,1
NMR-505147,Soldier,Colony-E,30.1,44,0.229,33.2,24.6,6.58,8.55,0.253,22,5,19.7,1,0
NMR-504519,Soldier,Colony-E,32.9,30,0.398,31.8,13.3,7.83,9.0,0.159,26,12,23.39,1,0
NMR-500229,Worker,Colony-E,34.2,110,0.134,31.6,19.2,6.0,10.0,0.435,30,9,20.6,1,0
NMR-509995,Worker,Colony-D,21.7,96,0.322,32.0,18.4,6.16,8.75,0.301,28,14,20.94,1,0
NMR-500955,Soldier,Colony-D,29.6,38,0.141,33.4,18.1,5.07,5.29,0.17,23,7,15.51,0,1
NMR-507962,Worker,Colony-D,25.3,40,0.165,32.8,22.2,7.78,14.03,0.418,23,10,18.05,1,0
NMR-501186,Worker,Colony-E,24.7,64,0.387,32.1,15.2,6.34,29.22,0.407,17,16,18.61,0,1
NMR-501806,Breeder,Colony-A,37.3,34,0.307,33.3,16.5,5.67,7.17,0.394,16,13,21.76,0,0
NMR-500610,Worker,Colony-A,37.9,54,0.249,32.5,12.9,5.83,22.58,0.203,19,12,19.21,1,1
NMR-505462,Breeder,Colony-A,49.5,54,0.307,31.3,8.0,5.72,5.47,0.217,23,10,24.98,0,1
NMR-509290,Worker,Colony-E,34.1,68,0.328,33.7,13.3,5.96,11.72,0.471,19,10,21.44,0,0
NMR-502080,Queen,Colony-B,35.7,76,0.267,32.9,33.3,4.93,-1.57,0.147,17,11,18.53,0,0
NMR-501661,Breeder,Colony-B,34.4,70,0.29,33.3,13.4,6.02,5.35,0.466,25,11,18.23,0,0
NMR-505836,Worker,Colony-E,24.4,94,0.395,32.9,11.3,3.59,13.92,0.339,27,12,12.49,0,0
NMR-509237,Soldier,Colony-C,36.9,130,0.199,30.4,19.7,9.22,22.75,0.226,23,14,18.8,1,1
NMR-508245,Soldier,Colony-B,33.0,127,0.192,31.8,12.3,7.52,7.63,0.191,15,8,24.19,1,1
NMR-500616,Worker,Colony-E,33.4,120,0.303,32.8,30.9,5.98,6.74,0.403,21,8,17.45,1,0
NMR-500325,Queen,Colony-E,42.8,139,0.333,32.1,43.5,7.21,-0.97,0.29,31,10,22.63,1,1
NMR-508918,Worker,Colony-E,35.8,48,0.261,30.2,19.6,6.68,22.09,0.383,26,15,21.01,0,0
NMR-504893,Worker,Colony-E,33.2,32,0.206,32.3,38.5,7.62,10.46,0.128,41,6,16.4,1,0
NMR-506319,Worker,Colony-B,33.8,25,0.225,31.5,24.3,8.26,9.3,0.203,30,11,21.15,1,0
NMR-504529,Worker,Colony-B,32.2,64,0.324,32.6,40.2,7.22,8.61,0.097,26,15,23.75,1,1
NMR-508756,Breeder,Colony-C,37.5,43,0.313,33.1,14.1,5.92,32.7,0.253,24,11,23.09,0,0
NMR-504309,Worker,Colony-D,19.8,86,0.311,32.4,15.2,4.57,17.5,0.37,27,10,15.83,0,0
NMR-500347,Worker,Colony-B,30.4,62,0.161,31.8,22.8,6.58,10.9,0.137,30,7,24.88,1,1
NMR-509912,Worker,Colony-B,38.4,64,0.324,31.8,18.7,6.49,10.51,0.457,21,8,23.56,0,0
NMR-505082,Worker,Colony-C,36.2,84,0.288,32.2,18.8,7.35,15.71,0.129,29,7,16.3,1,1
NMR-502451,Worker,Colony-D,29.6,40,0.237,32.1,13.6,5.72,8.32,0.268,22,9,16.67,0,0
NMR-504770,Worker,Colony-A,33.7,52,0.24,33.0,9.4,7.75,14.16,0.225,24,7,16.98,0,0
NMR-502377,Worker,Colony-E,32.3,57,0.37,33.0,16.9,8.13,7.85,0.139,24,13,19.36,0,0
NMR-504696,Breeder,Colony-E,40.6,32,0.194,32.7,20.2,7.46,4.17,0.51,31,10,15.13,1,0
NMR-509438,Soldier,Colony-B,32.4,107,0.182,32.9,18.9,8.23,3.69,0.25,23,12,17.18,1,1
NMR-507861,Worker,Colony-E,31.6,80,0.392,32.8,19.4,6.65,7.94,0.218,29,7,17.48,0,0
NMR-504023,Soldier,Colony-C,38.5,61,0.275,33.0,16.5,6.68,9.42,0.369,21,15,21.63,0,0
NMR-508831,Breeder,Colony-E,31.4,75,0.305,32.0,26.8,6.44,5.07,0.483,27,13,21.3,1,0
NMR-503252,Worker,Colony-D,35.7,78,0.303,32.0,12.4,5.9,8.86,0.476,23,14,18.1,0,1
NMR-502467,Soldier,Colony-C,35.4,58,0.275,31.6,33.6,5.82,6.58,0.172,31,12,17.46,1,1
NMR-509847,Worker,Colony-C,24.9,85,0.271,33.2,14.1,5.72,7.14,0.481,23,10,19.61,0,0
NMR-500161,Breeder,Colony-B,45.0,34,0.272,32.0,7.4,5.24,18.68,0.265,28,10,19.6,1,1
NMR-508470,Soldier,Colony-C,39.0,34,0.276,32.3,15.0,8.07,8.99,0.289,23,7,22.64,1,0
NMR-507214,Worker,Colony-B,30.1,89,0.451,32.9,11.4,5.55,8.91,0.322,16,10,23.11,0,0
NMR-504091,Breeder,Colony-E,37.9,154,0.238,32.1,24.2,6.95,1.58,0.229,22,6,13.34,0,1
NMR-508997,Worker,Colony-C,25.1,123,0.258,31.2,24.3,7.45,6.48,0.42,23,8,13.75,0,0
NMR-507638,Worker,Colony-E,42.0,69,0.268,32.6,19.1,6.98,15.1,0.601,23,10,20.53,1,1
NMR-500507,Worker,Colony-E,27.8,105,0.263,33.2,19.7,5.49,8.89,0.293,19,14,15.06,0,0
NMR-500120,Worker,Colony-A,24.9,41,0.414,31.3,30.5,6.16,20.67,0.131,24,12,23.09,0,0
NMR-502740,Worker,Colony-D,25.6,137,0.23,31.6,9.6,7.19,12.53,0.195,22,16,25.09,0,1
NMR-503777,Soldier,Colony-D,25.4,32,0.246,31.9,41.5,5.83,5.15,0.544,23,13,16.82,1,1
NMR-500603,Worker,Colony-A,26.4,132,0.269,32.1,30.8,6.3,20.01,0.255,22,10,16.37,0,1
NMR-500528,Breeder,Colony-D,47.0,50,0.167,30.0,12.4,7.62,9.89,0.318,21,12,13.8,0,0
NMR-508046,Worker,Colony-E,28.2,76,0.195,34.3,16.5,6.99,9.94,0.511,26,15,16.12,0,0
NMR-501739,Soldier,Colony-C,32.9,94,0.216,33.0,15.0,7.17,9.68,0.462,22,14,22.29,0,0
NMR-502046,Worker,Colony-C,33.2,45,0.382,33.5,15.6,7.15,14.6,0.338,19,18,15.59,0,0
NMR-508566,Soldier,Colony-E,35.2,80,0.305,32.5,69.9,6.54,30.2,0.256,27,13,16.57,1,1
NMR-509187,Soldier,Colony-C,33.1,25,0.209,32.7,14.6,5.81,10.29,0.416,27,10,19.88,1,1
NMR-500085,Worker,Colony-B,26.3,87,0.525,31.4,13.0,6.1,13.96,0.118,24,11,19.71,0,0
NMR-502779,Worker,Colony-C,22.9,39,0.221,32.4,9.5,7.12,5.86,0.569,17,7,17.55,1,1
NMR-509195,Queen,Colony-D,37.0,76,0.241,32.6,12.0,7.46,7.39,0.205,32,5,20.72,1,1
NMR-507202,Breeder,Colony-A,42.7,82,0.268,33.2,14.9,7.72,1.7,0.604,17,9,20.89,1,0
NMR-502071,Worker,Colony-A,27.5,87,0.294,31.2,12.6,6.81,10.3,0.225,22,10,19.1,1,0
NMR-501647,Worker,Colony-E,35.1,93,0.203,31.4,9.8,7.29,32.96,0.346,20,17,16.55,0,1
NMR-504466,Breeder,Colony-D,52.4,44,0.15,34.2,13.0,6.86,-0.37,0.128,22,8,15.28,1,0
NMR-509839,Worker,Colony-E,31.6,44,0.322,33.0,11.4,3.95,18.65,0.388,14,11,15.46,0,1
NMR-505409,Worker,Colony-D,35.4,52,0.207,32.4,12.3,7.86,22.46,0.343,23,15,19.34,1,1
NMR-502456,Worker,Colony-A,31.1,149,0.179,32.7,6.0,8.27,21.8,0.575,28,13,18.76,0,1
NMR-506172,Soldier,Colony-B,42.2,97,0.186,33.1,53.4,7.68,4.18,0.5,27,8,20.74,1,1
NMR-507866,Worker,Colony-E,31.2,100,0.144,31.8,7.5,7.49,13.51,0.175,14,12,26.41,1,1
NMR-504498,Worker,Colony-C,26.8,107,0.256,31.1,6.7,4.85,14.79,0.222,21,8,28.06,1,0
NMR-502213,Soldier,Colony-C,35.8,53,0.322,32.9,40.5,5.43,12.09,0.215,23,9,16.28,0,1
NMR-500314,Worker,Colony-A,25.9,23,0.196,32.1,20.9,6.18,15.3,0.021,28,10,23.92,1,1
NMR-505125,Worker,Colony-B,31.2,29,0.298,32.1,32.7,7.76,23.55,0.484,29,9,22.07,0,0
NMR-502469,Worker,Colony-D,28.3,37,0.252,31.7,9.8,4.77,17.04,0.37,18,6,19.67,0,1
NMR-502920,Worker,Colony-A,22.6,62,0.308,32.1,18.5,6.83,12.95,0.144,18,10,13.85,0,1
NMR-506682,Worker,Colony-B,36.0,127,0.263,32.9,18.5,6.91,20.27,0.217,25,9,17.5,1,1
NMR-504553,Soldier,Colony-B,26.1,63,0.333,32.6,19.3,7.11,7.89,0.159,23,8,23.71,1,1
NMR-500390,Breeder,Colony-C,42.8,55,0.384,33.2,10.4,7.72,8.86,0.316,18,12,15.83,0,0
NMR-508479,Worker,Colony-C,27.7,137,0.261,31.8,15.8,8.71,13.27,0.521,28,17,18.14,1,1
NMR-503434,Soldier,Colony-B,33.6,27,0.251,31.7,24.1,5.34,18.75,0.771,20,17,21.08,1,1
NMR-503143,Worker,Colony-E,26.1,100,0.232,31.9,43.0,5.87,22.41,0.231,36,9,20.11,1,0
NMR-506667,Soldier,Colony-D,34.3,115,0.246,33.6,17.4,6.98,12.77,0.267,29,7,19.31,1,0
NMR-501514,Worker,Colony-B,30.9,83,0.212,32.6,13.4,5.88,15.02,0.541,26,11,16.08,0,0
NMR-507439,Breeder,Colony-C,41.4,78,0.268,31.8,26.4,7.88,0.61,0.417,27,9,15.85,0,1
NMR-500216,Soldier,Colony-E,25.5,74,0.132,31.2,24.9,5.84,10.75,0.483,27,7,22.78,1,0
NMR-504549,Soldier,Colony-E,44.9,52,0.244,32.3,11.0,6.68,7.71,0.384,30,14,20.7,0,1
NMR-503063,Worker,Colony-C,26.0,90,0.275,33.7,25.6,6.31,11.4,0.108,24,6,22.26,0,0
NMR-509456,Soldier,Colony-D,30.0,34,0.179,32.6,42.2,5.05,19.97,0.287,29,15,20.04,1,1
NMR-502194,Worker,Colony-E,36.1,62,0.243,33.2,15.8,5.59,10.99,0.47,20,12,21.6,1,0
NMR-508469,Worker,Colony-D,30.5,125,0.218,31.9,22.7,7.35,15.53,0.244,26,8,21.2,1,1
NMR-508367,Queen,Colony-E,61.8,49,0.27,33.4,19.1,5.88,-2.82,0.181,25,7,20.33,0,0
NMR-501869,Breeder,Colony-D,38.6,63,0.283,33.8,13.3,5.33,10.73,0.262,24,11,18.14,0,1
NMR-503046,Worker,Colony-C,40.5,77,0.234,32.9,8.7,6.79,13.92,0.409,16,16,21.83,0,0
NMR-502336,Worker,Colony-B,30.4,58,0.163,29.9,13.3,6.08,7.96,0.198,28,15,20.6,1,0
NMR-509262,Worker,Colony-B,26.3,22,0.138,33.1,24.2,6.8,11.86,0.402,21,13,18.91,1,1
NMR-506859,Soldier,Colony-A,28.2,38,0.18,33.2,11.9,5.54,4.62,0.265,27,7,17.83,0,1
NMR-503237,Soldier,Colony-D,32.0,65,0.288,31.7,39.5,6.87,6.23,0.18,33,15,20.87,1,1
NMR-509483,Worker,Colony-D,43.1,56,0.316,30.8,27.1,7.03,17.91,0.482,28,9,19.41,0,0
NMR-509664,Soldier,Colony-C,29.6,82,0.173,31.9,13.5,6.47,12.33,0.191,32,10,18.13,0,1
NMR-503059,Worker,Colony-E,34.4,92,0.262,32.8,16.5,5.71,26.83,0.155,24,8,19.6,0,0
NMR-508252,Worker,Colony-B,22.2,49,0.183,31.8,17.9,5.94,14.57,0.08,28,6,17.48,1,1
NMR-506817,Worker,Colony-E,40.5,241,0.237,32.2,14.5,6.62,17.6,0.226,20,10,17.56,0,1
NMR-503258,Worker,Colony-B,35.0,54,0.285,31.4,21.5,7.38,6.79,0.129,19,16,19.72,1,0
NMR-505274,Worker,Colony-C,30.8,106,0.324,32.7,11.5,6.16,12.93,0.289,24,13,17.33,0,0
NMR-502680,Soldier,Colony-E,43.5,54,0.283,31.2,20.5,7.04,40.73,0.285,26,12,18.06,0,0
NMR-500019,Worker,Colony-A,31.9,19,0.244,32.0,37.9,6.86,7.13,0.222,21,13,19.46,0,1
NMR-507773,Soldier,Colony-A,25.3,38,0.15,32.2,22.3,6.98,6.69,0.344,17,10,26.54,1,1
NMR-504670,Breeder,Colony-B,32.2,151,0.213,31.8,21.1,7.6,1.89,0.149,19,7,19.93,1,1
NMR-504638,Worker,Colony-B,30.6,105,0.212,30.9,24.7,8.18,13.38,0.294,19,12,16.65,0,1
NMR-506370,Worker,Colony-C,25.2,36,0.163,31.4,9.3,8.0,7.71,0.379,25,6,25.17,1,0
NMR-505929,Worker,Colony-A,28.2,54,0.313,33.5,17.7,6.92,7.37,0.342,28,9,18.17,0,0
NMR-502668,Worker,Colony-E,29.2,119,0.2,31.9,12.1,5.68,9.13,0.674,27,20,19.22,0,0
NMR-503924,Worker,Colony-D,27.0,50,0.216,33.8,9.3,6.8,8.2,0.217,21,9,13.24,0,0
NMR-500451,Worker,Colony-B,26.6,89,0.36,31.2,27.7,6.43,9.39,0.259,21,13,22.74,1,0
NMR-508790,Breeder,Colony-C,51.8,60,0.294,32.0,18.4,7.08,3.42,0.075,20,8,17.16,0,1
NMR-502200,Worker,Colony-B,26.3,38,0.31,33.5,29.4,6.0,13.0,0.304,15,20,21.07,1,0
NMR-504401,Breeder,Colony-E,40.9,44,0.296,33.2,9.4,5.72,15.33,0.355,27,9,26.66,0,1
NMR-509705,Worker,Colony-A,29.0,22,0.211,32.1,18.7,6.1,11.03,0.157,24,11,14.85,0,1
NMR-503311,Soldier,Colony-D,44.1,67,0.214,31.6,20.7,5.33,6.29,0.217,27,14,19.16,1,0
NMR-504826,Worker,Colony-E,26.6,41,0.157,30.9,10.6,5.96,9.58,0.385,28,13,20.64,1,1
NMR-509442,Worker,Colony-A,27.5,80,0.141,31.3,14.8,6.32,17.71,0.251,23,10,23.1,1,0
NMR-505699,Worker,Colony-D,33.2,54,0.365,34.5,17.3,5.04,9.64,0.612,28,12,18.38,1,0
NMR-508796,Worker,Colony-C,37.3,50,0.344,32.9,16.0,5.46,8.33,0.213,25,10,21.05,1,1
NMR-507401,Soldier,Colony-D,31.6,58,0.253,31.3,21.5,6.66,12.28,0.422,22,12,20.35,0,0
NMR-509007,Worker,Colony-A,38.6,39,0.147,31.7,19.6,7.13,22.09,0.402,31,7,13.57,1,1
NMR-502959,Worker,Colony-C,24.3,37,0.377,32.9,7.2,5.95,20.38,0.437,16,10,20.4,0,0
NMR-503859,Worker,Colony-B,30.6,98,0.204,32.4,56.7,6.43,9.85,0.361,28,6,20.0,1,1
NMR-506902,Worker,Colony-B,29.1,34,0.393,31.7,16.6,6.8,16.28,0.532,17,9,21.43,0,1
NMR-504160,Breeder,Colony-E,33.4,51,0.166,32.6,22.7,7.9,3.63,0.211,28,5,18.34,0,1
NMR-500701,Breeder,Colony-D,49.7,37,0.271,33.4,7.3,6.1,17.29,0.431,29,12,20.75,1,1
NMR-501671,Soldier,Colony-E,20.2,48,0.231,30.7,22.6,7.85,11.73,0.356,28,13,14.71,1,0
NMR-509876,Worker,Colony-C,30.6,107,0.151,32.0,12.2,5.43,18.34,0.522,25,13,16.42,0,0
NMR-509821,Worker,Colony-C,26.9,97,0.28,33.0,14.6,7.82,14.67,0.232,36,14,22.09,1,1
NMR-509282,Worker,Colony-C,26.5,35,0.143,30.4,12.0,6.37,8.12,0.489,20,8,20.16,0,1
NMR-505618,Soldier,Colony-D,38.0,32,0.302,33.3,20.2,7.65,4.23,0.362,33,12,15.29,0,0
NMR-500280,Worker,Colony-C,26.1,86,0.306,34.0,20.6,7.75,6.3,0.387,15,13,15.93,1,0
NMR-503950,Worker,Colony-E,25.2,38,0.225,32.7,41.1,6.5,12.82,0.445,19,13,16.3,1,1
NMR-508213,Worker,Colony-E,19.4,63,0.289,31.5,8.9,7.11,15.82,0.086,23,9,19.98,0,1
NMR-508512,Worker,Colony-B,25.6,102,0.23,32.7,19.3,7.3,14.82,0.349,22,9,22.45,1,1
NMR-507963,Soldier,Colony-E,26.8,60,0.205,33.6,15.3,6.59,7.21,0.418,19,8,15.77,0,0
NMR-507150,Worker,Colony-D,29.9,52,0.247,32.8,12.4,6.5,8.48,0.218,27,13,20.97,0,1
NMR-505901,Soldier,Colony-B,40.3,94,0.486,31.8,39.8,8.66,2.81,0.241,27,14,16.83,0,1
NMR-502163,Worker,Colony-A,21.4,94,0.255,32.0,12.3,8.26,15.07,0.237,22,6,18.41,0,1
NMR-505282,Worker,Colony-B,28.6,41,0.212,31.6,19.4,7.29,7.12,0.261,21,9,21.14,1,0
NMR-501282,Worker,Colony-C,30.4,53,0.27,33.1,21.1,7.1,14.3,0.317,19,14,20.5,0,0
NMR-509317,Soldier,Colony-C,40.3,27,0.166,32.9,10.5,4.78,11.06,0.159,18,12,22.75,0,1
NMR-503633,Soldier,Colony-E,37.9,41,0.311,31.4,40.1,6.97,11.47,0.116,27,17,25.69,1,0
NMR-506637,Worker,Colony-D,22.0,48,0.207,33.4,10.8,6.51,14.33,0.657,23,11,17.3,1,1
NMR-506766,Worker,Colony-D,35.2,45,0.344,32.8,18.9,6.42,8.6,0.363,35,9,20.54,1,0
NMR-506634,Worker,Colony-B,41.2,37,0.208,31.8,28.6,5.72,8.0,0.241,19,14,21.38,1,1
NMR-506573,Worker,Colony-E,34.0,69,0.211,31.7,23.7,7.6,18.22,0.147,28,7,16.21,1,1
NMR-504090,Worker,Colony-B,23.5,174,0.223,31.5,10.2,6.75,8.34,0.441,34,13,25.12,1,1
NMR-509612,Worker,Colony-E,32.3,55,0.325,32.3,13.8,5.62,13.31,0.344,20,13,21.06,0,0
NMR-505026,Worker,Colony-E,17.4,66,0.182,32.0,49.7,7.0,10.85,0.266,27,19,18.5,1,1
NMR-502258,Worker,Colony-C,25.8,42,0.192,32.7,29.6,7.93,15.71,0.306,22,5,17.83,0,1
NMR-506384,Soldier,Colony-C,32.4,49,0.376,32.8,15.1,7.07,46.78,0.448,20,19,22.64,1,1
NMR-501382,Soldier,Colony-A,40.9,83,0.209,32.0,49.2,6.35,22.47,0.224,28,13,19.93,1,1
NMR-504767,Breeder,Colony-A,43.9,25,0.206,31.6,16.3,6.56,6.58,0.106,24,14,21.98,1,1
NMR-503199,Soldier,Colony-D,32.2,55,0.227,32.2,17.8,5.38,16.06,0.539,17,5,15.88,0,1
NMR-503931,Worker,Colony-C,32.6,85,0.138,32.9,22.6,8.01,13.79,0.378,24,5,20.5,1,1
NMR-500514,Worker,Colony-B,26.8,100,0.251,29.9,23.0,7.34,13.94,0.416,21,9,21.21,1,0
NMR-502463,Worker,Colony-B,41.5,59,0.171,32.3,30.1,7.28,12.34,0.226,14,13,13.4,1,1
NMR-505984,Worker,Colony-B,17.6,61,0.156,34.4,38.4,5.59,10.19,0.108,31,12,21.37,1,0
NMR-509950,Soldier,Colony-C,31.3,83,0.136,32.2,24.3,7.36,15.86,0.279,15,8,20.77,1,1
NMR-503289,Breeder,Colony-D,39.3,91,0.235,31.9,23.1,7.86,5.69,0.121,32,16,22.52,1,1
NMR-507072,Worker,Colony-A,24.4,37,0.272,32.0,14.6,6.75,6.13,0.638,27,7,22.41,0,1
NMR-501746,Soldier,Colony-E,28.3,74,0.157,31.1,11.3,6.27,5.6,0.365,24,12,22.85,0,0
NMR-501189,Worker,Colony-B,28.7,90,0.299,31.5,38.5,8.16,14.25,0.114,26,9,17.71,1,1
NMR-508923,Worker,Colony-A,22.7,37,0.742,32.3,6.0,6.54,9.11,0.367,20,8,12.42,0,1
NMR-506934,Worker,Colony-A,26.3,119,0.233,32.7,14.6,4.88,16.27,0.131,21,12,19.86,1,0
NMR-503402,Worker,Colony-B,30.4,50,0.262,33.5,26.4,6.28,28.45,0.078,30,8,18.92,0,0
NMR-509737,Worker,Colony-E,30.4,31,0.149,32.9,24.3,7.48,12.96,0.264,23,12,20.01,1,0
NMR-509320,Worker,Colony-A,35.8,37,0.198,31.9,45.9,5.06,27.58,0.191,28,9,23.29,1,1
NMR-505093,Worker,Colony-C,33.0,39,0.162,31.3,25.8,5.49,14.83,0.114,24,7,19.73,1,1
NMR-507719,Worker,Colony-E,29.8,50,0.197,33.6,16.6,5.65,12.05,0.183,26,8,17.59,0,0
NMR-505716,Worker,Colony-B,37.4,53,0.306,33.9,30.9,6.33,27.9,0.425,25,7,16.72,0,0
NMR-504579,Worker,Colony-D,27.3,84,0.451,31.7,12.6,6.21,13.72,0.392,22,14,17.57,0,0
NMR-509906,Soldier,Colony-B,31.0,29,0.227,31.2,23.6,5.74,6.61,0.378,30,7,21.81,1,1
NMR-502168,Worker,Colony-C,31.9,80,0.196,33.0,18.9,7.84,14.01,0.473,28,9,21.72,1,1
NMR-501479,Worker,Colony-D,38.2,28,0.231,32.7,21.7,8.04,16.78,0.515,26,9,18.47,0,0
NMR-507737,Worker,Colony-C,21.0,67,0.274,33.0,8.4,6.56,5.5,0.295,18,17,21.01,0,0
NMR-500119,Soldier,Colony-A,32.1,87,0.516,34.0,23.1,9.13,9.0,0.656,24,3,20.03,0,0
NMR-505193,Soldier,Colony-C,36.5,65,0.26,31.6,13.6,5.09,7.14,0.204,27,7,17.09,0,0
NMR-502854,Worker,Colony-C,23.9,57,0.311,30.9,6.5,7.31,9.93,0.231,18,6,20.78,0,0
NMR-501867,Soldier,Colony-A,32.4,46,0.338,32.3,15.0,6.22,5.3,0.396,21,13,18.68,1,1
NMR-503776,Worker,Colony-C,27.9,81,0.196,33.5,14.5,8.11,9.79,0.202,26,7,23.67,1,0
NMR-504368,Soldier,Colony-C,33.9,111,0.266,30.7,19.0,5.7,18.17,0.164,20,13,19.52,0,0
NMR-500555,Worker,Colony-C,22.5,40,0.276,30.9,16.1,4.45,12.28,0.177,33,14,21.86,0,1
NMR-504937,Soldier,Colony-C,37.5,171,0.165,31.1,20.0,6.94,5.56,0.162,20,12,15.16,1,1
NMR-509874,Soldier,Colony-E,35.3,28,0.322,30.7,18.2,6.96,8.57,0.368,15,10,16.16,0,0
NMR-507111,Breeder,Colony-E,42.3,43,0.236,31.3,39.0,9.36,8.03,0.302,25,7,26.48,1,1
NMR-500749,Worker,Colony-A,32.8,35,0.226,32.8,17.1,6.9,15.24,0.285,16,5,9.61,0,0
NMR-509368,Worker,Colony-C,15.7,65,0.228,31.1,16.6,6.07,17.82,0.371,22,15,23.99,1,0
NMR-509449,Soldier,Colony-E,29.3,44,0.175,32.5,19.7,6.05,7.52,0.362,22,10,22.08,1,1
NMR-505518,Worker,Colony-E,28.4,76,0.237,31.9,39.9,7.23,7.88,0.335,19,16,17.65,0,1
NMR-504111,Soldier,Colony-C,30.8,57,0.259,32.8,27.0,7.44,6.93,0.311,22,10,19.47,0,1
NMR-509851,Worker,Colony-B,27.3,66,0.188,32.4,24.8,8.27,13.37,0.417,28,14,17.46,1,1
NMR-507148,Worker,Colony-A,30.1,41,0.4,32.5,24.1,7.5,14.76,0.161,22,9,20.57,1,0
NMR-500916,Soldier,Colony-B,26.1,79,0.255,31.4,29.4,7.12,6.26,0.202,22,10,26.38,1,1
NMR-500309,Worker,Colony-D,36.9,34,0.387,30.8,20.1,6.93,9.31,0.327,19,10,17.51,0,0
NMR-504743,Worker,Colony-E,23.5,32,0.191,31.5,30.9,6.22,9.1,0.198,22,12,16.45,0,1
NMR-506423,Soldier,Colony-D,27.8,40,0.168,32.5,18.7,6.61,8.4,0.402,25,16,19.24,1,1
NMR-501710,Soldier,Colony-B,23.9,32,0.271,33.4,17.5,6.25,11.3,0.261,24,14,19.24,0,0
NMR-502539,Worker,Colony-A,27.8,89,0.375,31.3,48.5,7.05,11.87,0.113,25,10,18.64,1,0
NMR-504845,Breeder,Colony-C,45.3,47,0.385,31.7,12.4,7.91,2.37,0.231,24,13,21.79,0,1
NMR-503041,Worker,Colony-B,26.8,42,0.286,33.4,18.2,6.94,12.24,0.208,22,9,23.98,0,0
NMR-509018,Worker,Colony-D,35.5,45,0.277,33.2,18.0,5.54,15.0,0.339,28,11,16.86,1,1
NMR-507479,Breeder,Colony-B,36.9,73,0.274,32.1,21.7,9.78,9.19,0.273,27,11,17.97,0,1
NMR-505651,Worker,Colony-E,23.8,41,0.222,31.0,10.5,7.43,9.51,0.322,26,7,23.27,1,0
NMR-501576,Soldier,Colony-D,41.0,56,0.334,32.6,11.4,8.67,10.03,0.273,30,8,18.59,0,1
NMR-506540,Worker,Colony-D,34.8,122,0.27,33.1,25.2,6.54,10.7,0.165,28,10,18.86,0,0
NMR-500422,Worker,Colony-B,20.7,65,0.187,31.4,14.4,6.54,11.29,0.366,27,12,17.95,0,0
NMR-509116,Worker,Colony-D,33.0,90,0.418,32.2,30.8,4.9,9.27,0.368,20,12,16.44,0,0
NMR-509778,Worker,Colony-A,28.8,38,0.379,30.2,46.6,6.72,17.88,0.11,20,16,20.42,0,0
NMR-508771,Worker,Colony-B,36.9,32,0.202,31.3,13.3,7.29,15.71,0.323,24,9,21.55,1,0
NMR-500594,Worker,Colony-D,28.5,41,0.288,32.5,6.8,6.84,9.27,0.314,26,12,28.37,1,1
NMR-509678,Soldier,Colony-D,35.7,45,0.155,31.4,18.7,8.03,10.31,0.155,29,11,12.92,1,0
NMR-507919,Soldier,Colony-D,34.2,123,0.2,31.8,11.1,6.04,12.61,0.217,17,12,18.9,0,0
NMR-503517,Breeder,Colony-D,41.6,63,0.201,32.7,27.7,6.31,6.13,0.087,25,12,18.03,0,1
NMR-509035,Worker,Colony-B,31.0,76,0.378,31.9,46.5,7.91,14.2,0.669,26,14,17.31,1,1
NMR-505433,Soldier,Colony-B,37.2,113,0.204,32.2,14.6,7.99,11.05,0.481,22,15,19.36,0,1
NMR-509958,Worker,Colony-E,30.7,33,0.183,32.1,37.5,6.01,17.21,0.229,25,9,18.7,1,1
NMR-505566,Worker,Colony-E,35.2,33,0.14,30.8,25.9,4.83,20.77,0.216,24,7,24.53,1,1
NMR-503088,Worker,Colony-E,38.0,43,0.367,34.0,10.7,8.11,6.18,0.029,20,9,22.34,0,0
NMR-509425,Breeder,Colony-B,39.7,42,0.21,33.5,16.9,6.81,10.96,0.361,27,12,16.09,0,0
NMR-501810,Worker,Colony-C,25.2,29,0.228,33.9,5.5,4.35,8.33,0.501,27,11,20.82,0,1
NMR-508724,Soldier,Colony-D,41.1,135,0.219,32.3,11.4,8.53,8.85,0.291,20,12,29.63,1,1
NMR-502781,Worker,Colony-B,23.7,100,0.242,32.3,49.4,6.89,15.08,0.376,27,10,14.16,1,1
NMR-508765,Soldier,Colony-C,35.3,59,0.219,33.0,8.1,5.78,8.68,0.272,24,6,20.87,0,1
NMR-502924,Soldier,Colony-D,41.0,80,0.198,32.5,27.6,6.48,16.71,0.267,17,12,17.1,1,1
NMR-507462,Breeder,Colony-B,42.7,25,0.331,32.1,28.7,7.14,5.6,0.361,22,6,20.45,0,1
NMR-506751,Worker,Colony-E,25.4,21,0.139,32.2,48.0,7.49,13.81,0.361,22,6,8.65,1,0
NMR-500074,Soldier,Colony-E,31.0,36,0.158,32.7,28.6,6.3,6.2,0.243,27,14,20.79,1,0
NMR-509148,Worker,Colony-B,31.4,130,0.261,31.1,26.3,7.8,14.85,0.241,22,17,22.94,1,1
NMR-504345,Worker,Colony-C,23.4,26,0.188,32.5,17.4,4.03,16.5,0.245,27,11,27.08,1,1
NMR-507234,Worker,Colony-C,35.5,75,0.399,31.6,13.3,6.21,18.6,0.295,26,9,15.73,0,0
NMR-501060,Worker,Colony-B,24.6,74,0.238,31.3,32.0,7.71,8.37,0.511,26,11,25.06,1,1
NMR-500956,Worker,Colony-A,28.9,33,0.135,30.6,31.9,5.75,16.72,0.49,24,10,22.87,1,0
NMR-506849,Worker,Colony-C,14.0,44,0.174,31.6,10.5,6.19,7.66,0.156,30,12,21.08,0,1
NMR-502631,Soldier,Colony-B,38.9,32,0.206,32.1,22.4,7.14,10.41,0.408,20,7,28.02,1,0
NMR-502803,Worker,Colony-E,34.3,190,0.385,31.6,19.1,4.09,12.81,0.116,22,15,19.32,0,0
NMR-500740,Soldier,Colony-E,38.7,27,0.237,33.8,24.7,6.36,5.67,0.419,20,16,18.21,1,0
NMR-500820,Worker,Colony-B,38.1,41,0.383,31.5,21.6,5.39,13.12,0.353,21,7,15.72,0,1
NMR-504671,Worker,Colony-B,37.0,101,0.264,34.1,43.2,5.93,12.39,0.224,31,15,16.68,1,0
NMR-504408,Worker,Colony-E,27.2,43,0.193,33.1,13.0,7.15,20.28,0.341,17,11,17.43,0,0
NMR-508627,Worker,Colony-E,39.6,40,0.138,32.6,9.9,5.98,13.28,0.125,20,10,17.04,0,1
NMR-509913,Worker,Colony-D,23.8,67,0.286,33.0,19.1,5.47,22.48,0.439,33,13,16.3,0,0
NMR-506591,Worker,Colony-A,40.0,17,0.159,32.7,30.6,6.11,18.64,0.175,29,7,18.21,0,1
NMR-507853,Worker,Colony-A,30.9,32,0.192,30.8,14.6,8.42,16.43,0.31,25,9,18.17,1,0
NMR-509076,Worker,Colony-D,29.0,59,0.183,32.6,18.5,7.08,14.54,0.327,20,17,18.96,1,1
NMR-502519,Worker,Colony-D,30.6,54,0.478,31.5,23.4,7.04,8.87,0.194,24,12,19.32,0,1
NMR-503073,Worker,Colony-E,33.6,29,0.237,33.3,10.1,6.85,15.06,0.31,25,10,17.96,1,0
NMR-500699,Queen,Colony-C,41.1,53,0.282,32.9,27.8,7.28,2.96,0.198,17,12,17.14,1,1
NMR-505470,Breeder,Colony-A,36.6,69,0.41,31.3,21.3,7.51,0.96,0.158,28,11,20.78,0,1
NMR-501428,Worker,Colony-E,29.7,54,0.359,32.6,25.1,5.86,14.45,0.433,25,11,23.48,1,1
NMR-504272,Breeder,Colony-E,36.9,72,0.303,31.9,6.4,6.34,6.98,0.148,26,13,19.75,0,0
NMR-504504,Soldier,Colony-A,31.3,51,0.328,33.2,8.1,6.74,7.03,0.402,30,11,20.04,0,1
NMR-508653,Breeder,Colony-A,42.8,70,0.269,31.7,9.5,5.66,3.85,0.36,27,9,18.53,1,0
NMR-505728,Soldier,Colony-E,29.6,61,0.309,32.3,54.2,6.42,8.09,0.679,16,10,23.21,1,1
NMR-505385,Worker,Colony-C,34.0,105,0.242,33.2,27.4,6.75,7.03,0.111,25,5,24.75,0,0
NMR-505184,Breeder,Colony-C,36.3,86,0.261,32.4,14.2,6.24,3.01,0.103,25,15,23.88,0,0
NMR-509020,Queen,Colony-A,46.5,66,0.247,30.6,12.5,6.74,7.29,0.06,16,7,23.83,0,0
NMR-508303,Worker,Colony-D,28.9,50,0.373,32.4,22.1,7.47,20.49,0.481,25,9,21.53,1,0
NMR-502864,Soldier,Colony-A,37.8,52,0.234,30.6,16.4,8.23,13.02,0.403,21,6,16.39,0,0
NMR-506067,Breeder,Colony-A,43.0,37,0.268,33.7,45.2,7.56,14.91,0.289,28,13,14.43,1,0
NMR-501145,Breeder,Colony-C,47.8,33,0.192,32.3,10.7,7.59,15.81,0.336,18,13,19.61,1,1
NMR-501542,Worker,Colony-A,38.0,99,0.185,32.7,10.0,6.48,11.83,0.063,28,12,17.92,0,0
NMR-505218,Queen,Colony-A,42.3,61,0.29,32.0,17.3,5.78,3.24,0.46,17,13,21.1,0,1
NMR-500845,Worker,Colony-A,32.7,26,0.169,32.1,15.9,5.26,23.01,0.28,33,8,18.31,1,1
NMR-506825,Worker,Colony-D,28.7,29,0.253,30.9,17.0,8.18,12.23,0.188,22,13,15.19,0,0
NMR-505453,Worker,Colony-B,34.5,42,0.189,33.9,26.9,6.0,19.18,0.19,21,11,24.23,1,0
NMR-501854,Worker,Colony-A,26.4,51,0.2,31.6,26.7,5.49,9.65,0.632,27,6,22.08,1,1
NMR-506031,Soldier,Colony-A,24.8,42,0.319,33.4,13.7,6.34,13.68,0.145,27,9,19.99,0,0
NMR-500867,Worker,Colony-B,26.0,99,0.221,31.7,22.5,5.66,12.98,0.261,22,14,21.26,1,0
NMR-508270,Worker,Colony-D,24.3,110,0.194,30.0,15.7,7.1,16.14,0.322,12,8,21.84,1,0
NMR-506845,Breeder,Colony-E,42.6,69,0.186,31.8,64.3,6.6,4.78,0.403,28,14,18.23,1,1
NMR-506218,Worker,Colony-E,39.3,85,0.188,31.5,9.6,5.8,8.91,0.114,35,8,19.27,0,0
NMR-504780,Worker,Colony-C,35.4,30,0.214,31.9,29.4,5.1,14.03,0.31,20,20,17.21,1,1
NMR-509611,Breeder,Colony-A,43.5,94,0.246,32.1,17.7,7.32,5.52,0.293,16,9,20.44,1,1
NMR-503891,Worker,Colony-B,37.7,37,0.242,32.0,20.9,6.21,21.49,0.128,24,7,16.96,1,1
NMR-506660,Worker,Colony-C,30.4,19,0.212,30.8,21.3,6.34,10.61,0.262,17,11,21.45,1,0
NMR-505942,Worker,Colony-E,25.9,76,0.32,32.5,16.9,5.67,14.4,0.263,23,8,14.68,0,0
NMR-501864,Worker,Colony-B,27.0,47,0.202,33.5,13.8,6.03,13.79,0.293,21,4,18.86,1,0
NMR-505381,Soldier,Colony-E,31.9,108,0.256,32.1,17.2,5.71,5.09,0.351,28,11,22.04,1,0
NMR-500276,Soldier,Colony-B,44.5,76,0.543,31.3,17.5,7.0,6.97,0.7,22,15,14.36,0,0
NMR-505472,Breeder,Colony-A,38.9,89,0.294,32.9,23.3,6.59,2.03,0.352,22,11,26.04,1,1
NMR-500022,Soldier,Colony-A,39.9,57,0.342,32.1,34.4,5.57,7.32,0.295,18,7,18.21,1,1
NMR-508126,Worker,Colony-E,35.6,36,0.202,33.3,21.0,5.87,9.68,0.451,25,15,23.43,1,1
NMR-504075,Worker,Colony-A,32.3,62,0.252,31.0,30.4,5.42,12.63,0.374,23,6,23.58,1,0
NMR-506666,Worker,Colony-D,30.4,92,0.312,31.8,21.0,7.49,19.59,0.237,28,15,18.54,0,1
NMR-503871,Worker,Colony-C,27.5,76,0.226,33.4,13.2,7.08,9.02,0.34,22,15,19.59,0,1
NMR-501457,Worker,Colony-C,27.3,51,0.302,31.4,36.0,7.17,9.52,0.195,26,7,21.53,1,0
NMR-505839,Soldier,Colony-B,36.5,30,0.176,33.5,42.0,6.84,7.62,0.264,26,17,16.2,1,0
NMR-500141,Worker,Colony-C,18.4,69,0.503,31.1,20.2,6.51,15.72,0.195,16,10,23.83,0,1
NMR-501010,Soldier,Colony-D,39.8,18,0.157,31.9,10.2,7.64,4.89,0.386,25,11,19.8,1,0
NMR-505306,Soldier,Colony-B,27.9,33,0.189,33.5,6.9,6.15,6.36,0.357,17,11,20.54,1,0
NMR-507049,Worker,Colony-C,17.6,48,0.19,31.3,29.2,7.66,11.09,0.408,25,18,20.65,1,0
NMR-506463,Worker,Colony-C,20.8,60,0.3,32.0,24.2,7.93,16.08,0.561,15,11,23.97,1,1
NMR-501505,Worker,Colony-D,36.9,63,0.233,30.4,7.9,6.6,13.01,0.449,17,16,20.16,0,0
NMR-501021,Soldier,Colony-B,38.2,49,0.182,32.3,26.0,5.67,18.4,0.246,18,11,15.24,0,1
NMR-501115,Worker,Colony-D,27.9,39,0.151,33.0,26.9,6.87,5.53,0.385,20,8,22.87,1,0
NMR-504502,Breeder,Colony-D,38.4,45,0.334,32.6,16.0,7.54,2.44,0.073,18,9,19.84,0,1
NMR-502743,Worker,Colony-E,29.0,74,0.188,30.8,11.9,5.84,7.96,0.312,21,9,17.43,0,0
NMR-506688,Worker,Colony-C,41.7,70,0.287,33.2,30.2,7.04,13.32,0.535,25,9,19.61,1,0
NMR-500874,Worker,Colony-E,24.0,45,0.214,31.4,9.9,7.1,10.25,0.286,25,13,18.27,0,0
NMR-506819,Soldier,Colony-D,40.2,136,0.153,30.4,9.2,5.58,4.26,0.281,24,14,18.95,0,0
NMR-503819,Worker,Colony-A,26.7,79,0.207,32.9,29.1,7.37,11.05,0.316,36,7,19.15,1,1
NMR-501699,Breeder,Colony-D,35.1,68,0.162,33.1,21.3,6.67,8.78,0.07,15,9,18.47,0,1
NMR-506844,Worker,Colony-E,23.6,36,0.147,32.4,28.8,5.66,12.55,0.265,17,17,16.73,1,1
NMR-505681,Worker,Colony-C,35.7,72,0.197,33.7,8.8,6.24,11.12,0.534,13,8,19.36,1,0
NMR-503525,Worker,Colony-C,40.6,36,0.295,34.3,13.9,4.98,11.93,0.051,27,11,22.15,0,1
NMR-501656,Soldier,Colony-E,28.1,37,0.237,33.5,14.2,7.69,11.27,0.105,17,11,18.66,0,0
NMR-508383,Worker,Colony-B,19.8,57,0.255,32.6,15.8,6.39,17.55,0.401,26,10,16.87,0,1
NMR-504269,Queen,Colony-A,45.3,34,0.164,32.5,15.9,6.46,-3.33,0.422,23,12,22.89,1,1
NMR-502965,Worker,Colony-D,35.3,103,0.284,31.0,14.0,5.85,18.76,0.663,22,7,23.46,1,0
NMR-509661,Worker,Colony-D,24.2,93,0.319,30.9,16.2,8.31,7.6,0.403,24,13,21.51,0,1
NMR-505794,Soldier,Colony-B,30.6,63,0.19,32.2,19.1,8.32,19.28,0.428,33,11,15.04,1,1
NMR-500180,Worker,Colony-C,34.3,73,0.157,33.5,9.9,6.52,9.98,0.088,25,11,17.13,1,0
NMR-508314,Soldier,Colony-A,22.3,30,0.209,32.6,24.7,8.46,10.57,0.117,22,7,18.18,0,0
NMR-507640,Worker,Colony-D,42.0,69,0.293,32.2,10.5,8.11,9.3,0.254,16,10,19.4,0,1
NMR-509968,Queen,Colony-E,43.5,77,0.256,31.9,16.0,9.18,4.23,0.215,27,12,19.08,1,1
NMR-509337,Worker,Colony-B,32.8,88,0.307,32.0,17.2,7.66,13.74,0.193,31,9,19.43,1,1
NMR-504829,Worker,Colony-D,29.7,35,0.434,31.7,11.5,4.77,13.74,0.576,15,18,19.22,0,1
NMR-507299,Soldier,Colony-D,39.9,34,0.196,31.6,25.1,7.09,28.95,0.196,26,13,23.16,1,1
NMR-505087,Soldier,Colony-C,40.2,80,0.209,32.5,15.2,7.16,20.64,0.353,26,10,18.93,0,1
NMR-505955,Worker,Colony-B,45.8,32,0.236,32.4,13.0,7.28,16.38,0.234,22,12,17.16,0,1
NMR-500357,Soldier,Colony-C,34.0,53,0.379,30.8,26.8,7.6,8.02,0.337,26,15,22.79,1,0
NMR-509963,Soldier,Colony-E,38.0,70,0.221,31.3,18.1,5.55,6.6,0.245,23,13,17.86,0,0
NMR-504138,Soldier,Colony-D,28.7,26,0.216,35.1,15.7,6.07,17.92,0.193,27,10,19.44,0,0
NMR-502798,Queen,Colony-B,42.6,78,0.217,33.0,13.3,8.36,8.81,0.114,23,13,25.71,1,1
NMR-508688,Soldier,Colony-B,42.8,54,0.349,30.5,45.6,6.54,5.51,0.059,28,6,16.18,1,0
NMR-507759,Worker,Colony-D,28.8,61,0.512,33.7,30.1,4.59,19.51,0.369,26,10,18.77,1,0
NMR-502354,Soldier,Colony-C,30.4,97,0.38,31.6,20.0,6.01,3.92,0.15,23,12,21.77,0,0
NMR-505221,Worker,Colony-A,29.3,68,0.43,32.9,33.2,5.09,17.12,0.425,23,9,20.16,1,0
NMR-506230,Worker,Colony-E,37.2,44,0.19,33.0,17.8,8.25,28.45,0.297,27,12,17.35,0,0
NMR-501387,Worker,Colony-E,29.6,76,0.235,33.1,22.3,7.87,11.46,0.244,26,14,24.19,1,1
NMR-508407,Worker,Colony-D,35.8,59,0.218,31.8,36.2,6.21,10.7,0.311,24,10,19.55,1,1
NMR-508874,Worker,Colony-E,34.8,143,0.309,32.1,22.3,7.47,9.33,0.318,26,10,22.41,0,1
NMR-504660,Worker,Colony-C,30.0,17,0.181,31.9,7.8,6.08,14.48,0.277,23,7,17.49,0,1
NMR-500800,Worker,Colony-E,34.8,32,0.265,31.7,16.5,6.38,18.27,0.196,17,8,16.59,0,1
NMR-505034,Soldier,Colony-E,42.6,74,0.27,33.3,11.8,5.55,8.57,0.58,25,11,17.55,1,0
NMR-500602,Worker,Colony-B,25.6,77,0.285,30.3,24.9,6.98,13.01,0.453,34,8,14.08,0,0
NMR-509318,Queen,Colony-D,48.4,45,0.237,31.7,13.0,7.51,1.63,0.248,32,11,20.41,1,0
NMR-500900,Worker,Colony-A,34.8,68,0.312,30.4,11.1,8.62,11.36,0.25,26,7,9.37,0,0
NMR-503446,Worker,Colony-D,25.3,42,0.236,32.2,25.1,7.69,8.75,0.408,21,8,19.76,0,0
NMR-508639,Soldier,Colony-A,25.2,41,0.196,33.1,28.7,5.77,13.64,0.325,33,11,20.28,0,1
NMR-500564,Worker,Colony-D,27.4,31,0.338,32.9,9.8,6.37,11.13,0.116,26,14,21.4,1,1
NMR-504468,Breeder,Colony-C,38.7,87,0.214,31.6,14.3,5.14,6.15,0.194,18,13,20.54,0,0
NMR-507061,Worker,Colony-B,34.9,139,0.307,31.1,6.9,5.9,16.17,0.363,20,9,20.36,0,0
NMR-500826,Worker,Colony-D,32.6,118,0.225,31.8,5.4,7.43,15.84,0.138,22,10,17.28,0,1
NMR-507207,Worker,Colony-D,37.7,52,0.227,32.9,14.7,8.28,12.17,0.217,30,9,20.91,1,0
NMR-503172,Soldier,Colony-D,32.3,32,0.232,33.4,5.3,6.06,5.7,0.626,22,13,23.22,0,1
NMR-501493,Worker,Colony-D,31.6,71,0.134,33.1,22.0,6.08,22.73,0.521,28,7,23.88,1,1
NMR-509790,Soldier,Colony-B,34.4,52,0.241,31.8,15.6,7.36,12.52,0.396,22,7,14.9,0,0
NMR-500659,Worker,Colony-A,30.9,116,0.135,32.4,11.6,5.27,14.52,0.433,28,21,19.51,0,0
NMR-502316,Worker,Colony-E,28.5,73,0.292,33.6,21.9,7.88,8.23,0.322,14,9,18.39,0,0
NMR-509648,Worker,Colony-A,30.8,113,0.223,32.6,19.4,6.04,11.09,0.413,24,6,22.46,1,1
NMR-500541,Worker,Colony-B,34.8,91,0.276,31.0,18.3,8.15,8.58,0.237,25,12,19.51,0,1
NMR-507379,Worker,Colony-A,24.0,94,0.419,31.8,18.2,5.93,9.99,0.327,20,13,21.91,0,0
NMR-500230,Soldier,Colony-D,43.9,37,0.274,31.9,25.7,6.65,11.98,0.348,24,7,24.16,0,1
NMR-509518,Soldier,Colony-A,38.5,92,0.199,30.4,27.9,6.52,5.47,0.435,24,6,14.77,0,0
NMR-507483,Worker,Colony-D,33.4,45,0.588,32.0,30.7,6.68,10.26,0.436,20,6,22.11,1,1
NMR-509662,Worker,Colony-E,36.4,39,0.235,32.5,9.3,7.25,17.38,0.285,22,8,23.49,0,1
NMR-502562,Worker,Colony-E,20.8,78,0.174,34.4,15.2,5.25,11.57,0.123,23,13,21.48,0,0
NMR-504536,Breeder,Colony-A,29.8,86,0.174,31.2,14.8,6.81,7.32,0.284,23,9,21.63,1,0
NMR-504694,Worker,Colony-B,34.5,65,0.227,31.2,16.1,6.17,11.7,0.414,23,11,19.0,1,0
NMR-505102,Worker,Colony-E,37.2,91,0.197,32.7,21.3,6.12,23.54,0.484,23,10,24.81,1,1
NMR-500873,Worker,Colony-A,30.5,35,0.182,31.7,13.9,6.95,10.15,0.191,17,8,16.47,1,0
NMR-508623,Worker,Colony-A,32.6,58,0.238,32.7,18.1,6.89,17.7,0.097,25,8,19.87,0,1
NMR-507412,Worker,Colony-B,24.6,41,0.23,30.8,29.7,6.68,7.38,0.325,23,7,20.31,1,0
NMR-507112,Soldier,Colony-C,33.8,42,0.242,33.2,13.8,6.71,38.7,0.431,13,11,26.12,1,0
NMR-508527,Worker,Colony-C,27.0,48,0.309,32.4,25.4,6.32,11.95,0.324,28,7,21.76,1,1
NMR-509340,Soldier,Colony-D,35.4,30,0.378,31.5,17.6,7.36,7.57,0.27,17,10,21.44,0,0
NMR-509485,Breeder,Colony-B,48.8,49,0.199,32.6,19.5,6.85,13.31,0.224,28,9,16.85,0,1
NMR-502423,Worker,Colony-B,31.7,71,0.306,31.4,22.7,7.17,21.39,0.115,15,10,23.1,1,0
NMR-504930,Worker,Colony-C,32.3,95,0.254,32.7,15.1,6.95,18.37,0.387,29,16,20.4,0,0
NMR-507630,Soldier,Colony-D,41.8,41,0.25,32.7,14.9,6.05,20.34,0.507,24,7,17.17,0,1
NMR-509062,Worker,Colony-A,30.1,38,0.255,32.3,29.4,8.54,16.91,0.5,19,8,21.11,1,1
NMR-504682,Worker,Colony-D,29.6,52,0.192,32.4,21.9,6.6,10.87,0.161,17,11,17.81,0,1
NMR-507364,Soldier,Colony-A,33.6,126,0.224,32.0,27.7,6.06,21.46,0.205,26,12,22.88,1,0
NMR-503412,Breeder,Colony-B,46.8,88,0.221,31.0,13.8,6.65,2.34,0.156,25,14,19.13,0,0
NMR-501390,Breeder,Colony-A,45.6,49,0.231,32.8,17.5,5.33,10.48,0.463,26,7,22.32,0,1
NMR-507134,Worker,Colony-B,24.5,29,0.234,34.1,7.9,8.97,25.66,0.556,21,10,16.33,0,0
NMR-503171,Breeder,Colony-E,43.6,242,0.242,32.1,15.7,4.77,1.5,0.138,26,6,21.38,1,0
NMR-500710,Worker,Colony-E,27.6,49,0.212,31.0,17.6,7.52,11.78,0.127,25,13,25.02,1,0
NMR-501747,Worker,Colony-B,35.1,188,0.374,32.0,12.2,6.06,18.31,0.796,23,14,22.91,0,0
NMR-501681,Worker,Colony-C,23.8,56,0.158,29.9,12.4,7.35,11.83,0.345,22,7,21.6,0,0
NMR-506382,Worker,Colony-A,27.5,26,0.134,32.4,12.2,6.08,12.85,0.376,24,9,21.08,1,1
NMR-505933,Worker,Colony-D,45.8,59,0.52,32.2,24.0,6.78,11.04,0.149,29,12,16.45,0,1
NMR-503103,Worker,Colony-D,24.5,63,0.347,34.1,37.4,6.06,11.72,0.305,23,11,23.36,1,0
NMR-509775,Soldier,Colony-E,29.7,50,0.476,32.5,16.3,6.24,14.73,0.396,29,24,17.85,0,1
NMR-504071,Breeder,Colony-A,36.0,52,0.151,31.0,10.9,6.37,5.45,0.102,22,14,23.16,1,0
NMR-507033,Worker,Colony-A,29.9,32,0.195,32.0,14.0,8.68,12.51,0.106,14,12,20.98,1,0
NMR-506620,Soldier,Colony-C,46.2,29,0.213,33.2,11.8,6.68,6.8,0.49,19,8,14.74,0,0
NMR-506558,Soldier,Colony-C,35.2,76,0.324,32.8,13.4,7.68,4.28,0.292,30,9,24.07,0,1
NMR-509109,Worker,Colony-A,14.8,114,0.325,31.8,9.0,6.97,19.03,0.367,24,12,21.91,0,1
NMR-505677,Breeder,Colony-D,40.5,103,0.375,30.9,18.5,6.65,3.11,0.235,28,13,24.58,0,0
NMR-503002,Worker,Colony-A,29.4,75,0.23,32.0,18.1,6.91,7.43,0.204,24,10,19.42,1,1
NMR-506508,Worker,Colony-D,23.4,49,0.29,32.3,11.4,6.39,12.67,0.248,28,13,19.18,0,1
NMR-502646,Breeder,Colony-E,44.4,130,0.226,33.6,18.3,5.1,2.05,0.26,36,10,21.04,1,0
NMR-503416,Soldier,Colony-A,41.4,24,0.212,32.4,24.6,7.67,7.22,0.149,25,6,18.49,1,1
NMR-500521,Worker,Colony-C,25.8,46,0.349,33.4,15.0,7.79,10.26,0.475,22,11,16.9,0,0
NMR-501228,Worker,Colony-D,33.5,32,0.264,33.1,18.3,7.38,8.24,0.566,15,9,18.6,0,0
NMR-503609,Worker,Colony-B,23.6,34,0.247,32.2,17.2,7.48,7.04,0.461,23,11,18.92,1,0
NMR-508710,Soldier,Colony-E,37.4,30,0.333,33.1,11.9,7.68,9.06,0.117,15,8,20.01,0,0
NMR-502026,Worker,Colony-A,33.2,126,0.271,32.2,13.7,6.5,12.48,0.205,23,9,18.79,0,1
NMR-509724,Worker,Colony-E,31.1,69,0.248,32.4,38.8,6.95,16.12,0.567,24,12,17.8,1,1
NMR-509700,Worker,Colony-C,26.6,44,0.275,32.8,52.9,6.66,9.1,0.243,25,16,19.14,1,1
NMR-500291,Soldier,Colony-B,48.4,32,0.243,32.3,21.6,5.75,14.75,0.505,27,12,20.08,0,1
NMR-502754,Soldier,Colony-A,30.1,62,0.482,31.0,13.1,6.53,7.14,0.484,21,11,22.52,0,0
NMR-500750,Worker,Colony-B,29.5,69,0.182,33.6,22.1,7.6,11.87,0.308,18,13,20.91,1,0
NMR-509271,Worker,Colony-D,33.1,75,0.614,31.8,9.1,6.36,8.14,0.444,23,19,19.49,0,1
NMR-504578,Breeder,Colony-B,42.1,124,0.313,34.6,12.1,7.47,4.37,0.232,22,16,21.26,1,0
NMR-508500,Worker,Colony-E,33.2,33,0.213,34.4,22.5,6.57,11.13,0.254,25,8,20.28,0,0
NMR-500951,Worker,Colony-C,31.7,158,0.288,31.1,54.5,7.22,14.02,0.203,23,6,18.94,1,0
NMR-501756,Worker,Colony-A,28.1,39,0.382,32.6,18.2,7.24,11.07,0.512,22,8,23.52,0,1
NMR-509034,Worker,Colony-A,33.6,21,0.395,30.9,19.0,7.73,12.55,0.356,15,21,18.65,0,0
NMR-501429,Worker,Colony-C,31.3,82,0.312,32.0,9.3,4.97,7.55,0.646,21,11,25.46,0,0
NMR-509426,Worker,Colony-C,21.6,30,0.388,31.8,21.0,5.04,25.31,0.27,25,9,19.66,1,1
NMR-505721,Soldier,Colony-C,45.7,49,0.169,31.7,15.9,7.53,4.94,0.026,23,13,18.87,0,1
NMR-500896,Queen,Colony-A,37.8,30,0.152,33.7,17.2,6.58,-0.88,0.3,30,11,14.54,0,0
NMR-507174,Worker,Colony-C,35.9,57,0.347,31.2,7.0,7.63,12.76,0.235,27,12,19.89,0,0
NMR-509800,Breeder,Colony-A,35.6,55,0.294,31.2,23.7,6.41,-1.1,0.259,27,11,21.21,1,0
NMR-503908,Worker,Colony-A,24.6,42,0.268,32.3,31.0,5.95,12.69,0.1,24,10,19.92,1,1
NMR-509993,Worker,Colony-A,25.8,38,0.363,31.8,32.0,7.32,36.57,0.536,25,10,14.3,0,1
NMR-508936,Worker,Colony-E,35.5,122,0.32,32.2,15.7,7.98,8.85,0.357,16,13,19.9,1,1
NMR-501180,Worker,Colony-A,33.1,67,0.141,31.8,14.5,7.99,8.6,0.392,27,8,19.57,1,1
NMR-503191,Worker,Colony-A,34.4,38,0.265,32.2,16.3,5.52,10.51,0.18,18,16,21.83,0,1
NMR-508870,Worker,Colony-D,41.9,114,0.136,31.3,12.7,6.92,9.58,0.378,19,13,23.78,1,1
NMR-508222,Soldier,Colony-C,43.1,80,0.213,31.6,14.3,8.02,10.95,0.341,18,11,14.29,0,1
NMR-504905,Soldier,Colony-B,35.8,96,0.417,29.8,42.5,7.98,12.26,0.319,21,10,22.85,1,1
NMR-507501,Worker,Colony-D,22.1,85,0.215,34.2,24.5,6.76,13.24,0.133,18,9,18.25,1,0
NMR-504002,Soldier,Colony-D,35.5,61,0.186,33.1,14.0,4.85,3.66,0.244,35,6,19.28,0,0
NMR-500928,Breeder,Colony-E,32.8,26,0.265,30.4,10.1,6.53,12.55,0.227,21,6,20.89,0,0
NMR-500462,Worker,Colony-E,30.0,53,0.23,31.7,17.5,7.81,13.57,0.056,28,16,18.06,0,0
NMR-508087,Queen,Colony-E,55.1,42,0.217,31.1,15.0,6.13,3.01,0.294,26,14,20.38,1,1
NMR-507124,Soldier,Colony-D,30.0,24,0.144,31.6,10.8,7.9,7.07,0.602,17,13,16.68,1,0
NMR-509126,Worker,Colony-B,26.2,76,0.167,32.7,12.4,6.72,9.37,0.234,27,7,18.26,1,0
NMR-507655,Worker,Colony-C,35.3,124,0.239,34.0,26.5,6.9,20.15,0.271,26,14,22.05,1,0
NMR-508746,Worker,Colony-B,30.4,46,0.159,32.2,29.0,8.21,9.41,0.196,19,9,13.19,1,1
NMR-507587,Soldier,Colony-E,22.7,60,0.182,33.2,45.8,5.87,20.2,0.419,22,14,15.38,1,0
NMR-508429,Soldier,Colony-D,33.9,28,0.248,32.3,17.2,6.82,6.77,0.494,31,15,18.57,0,1
NMR-506640,Worker,Colony-C,37.4,33,0.276,32.5,13.5,6.74,8.14,0.335,26,9,19.65,0,1
NMR-504369,Queen,Colony-E,44.5,33,0.462,32.9,13.9,7.47,13.1,0.524,25,14,16.94,0,0
NMR-509097,Worker,Colony-B,30.3,73,0.223,33.7,10.7,5.5,11.96,0.125,30,9,21.1,0,0
NMR-504144,Soldier,Colony-B,26.2,64,0.264,32.0,6.4,6.25,23.99,0.412,28,10,13.84,0,0
NMR-508542,Worker,Colony-C,31.6,55,0.15,34.3,38.1,8.17,8.58,0.397,15,10,15.54,1,0
NMR-505660,Soldier,Colony-B,41.1,89,0.221,31.2,12.5,7.25,12.57,0.381,25,8,23.72,1,1
NMR-503407,Soldier,Colony-E,34.0,38,0.274,31.2,18.8,5.92,5.29,0.595,25,8,15.1,0,0
NMR-500189,Worker,Colony-E,32.9,110,0.296,31.8,56.4,8.83,10.68,0.499,22,18,20.43,1,1
NMR-507958,Soldier,Colony-C,33.6,83,0.245,32.6,32.3,7.75,7.46,0.26,26,14,18.25,0,1
NMR-507707,Breeder,Colony-E,32.6,104,0.25,32.2,22.2,6.94,13.34,0.118,20,13,17.28,1,1
NMR-506904,Worker,Colony-A,36.8,106,0.243,30.7,13.1,7.63,24.99,0.245,21,6,15.54,0,0
NMR-500989,Soldier,Colony-B,22.4,81,0.179,33.6,11.8,7.06,5.46,0.599,24,8,15.1,0,0
NMR-505479,Worker,Colony-D,43.7,106,0.273,30.5,17.9,6.46,7.04,0.224,27,6,16.21,0,0
NMR-505365,Breeder,Colony-B,28.6,197,0.364,31.6,25.5,7.76,5.91,0.21,21,9,17.8,0,1
NMR-501770,Worker,Colony-D,38.2,62,0.283,32.5,54.1,4.98,15.92,0.257,27,10,17.63,1,0
NMR-500633,Soldier,Colony-E,37.9,34,0.26,32.8,15.5,8.77,18.87,0.389,23,7,14.26,0,0
NMR-504861,Worker,Colony-A,27.8,72,0.165,31.5,33.6,6.37,17.4,0.175,21,16,20.29,1,1
NMR-507780,Worker,Colony-B,22.1,72,0.235,32.3,21.7,8.48,23.23,0.321,35,14,16.54,1,1
NMR-502238,Soldier,Colony-E,45.4,106,0.35,32.3,21.7,6.23,5.58,0.224,29,20,19.99,1,0
NMR-503864,Worker,Colony-E,32.4,48,0.254,32.7,12.0,8.17,13.89,0.381,27,19,17.66,1,1
NMR-504271,Soldier,Colony-E,30.5,57,0.365,30.6,17.9,6.99,7.46,0.186,28,14,22.61,0,0
NMR-507453,Worker,Colony-C,18.2,24,0.339,30.9,13.5,7.18,11.93,0.322,26,14,21.33,0,0
NMR-507490,Soldier,Colony-C,32.2,46,0.302,31.8,11.9,6.8,6.32,0.321,27,7,14.3,0,1
NMR-507009,Soldier,Colony-D,21.2,52,0.301,32.4,23.8,8.45,6.87,0.317,15,12,17.74,0,0
NMR-506300,Soldier,Colony-C,39.9,48,0.231,32.1,10.3,8.46,6.23,0.178,16,13,21.42,0,1
NMR-502494,Soldier,Colony-D,34.3,81,0.232,33.0,19.3,7.63,7.03,0.371,32,8,19.81,1,1
NMR-505638,Soldier,Colony-C,51.2,197,0.296,31.0,18.2,7.11,23.35,0.386,24,15,15.24,0,1
NMR-504216,Worker,Colony-D,33.7,128,0.332,31.2,16.0,5.64,10.02,0.095,26,7,21.4,0,0
NMR-507208,Soldier,Colony-B,39.7,11,0.267,33.1,23.5,7.46,3.78,0.615,25,13,26.45,1,0
NMR-501688,Soldier,Colony-A,34.2,61,0.209,32.3,15.5,6.86,22.74,0.193,17,8,18.39,0,1
NMR-504312,Soldier,Colony-A,30.8,52,0.201,32.5,22.3,6.94,5.43,0.159,26,15,20.53,1,1
NMR-500176,Soldier,Colony-D,32.8,88,0.233,31.1,11.1,6.38,11.31,0.272,23,9,17.4,0,0
NMR-505999,Worker,Colony-D,22.1,78,0.274,32.7,28.7,6.05,18.56,0.241,22,7,18.78,0,1
NMR-505888,Worker,Colony-E,23.2,58,0.197,32.9,12.4,5.95,11.26,0.329,24,14,18.03,0,0
NMR-501623,Worker,Colony-E,18.0,67,0.288,33.5,26.9,7.85,9.34,0.251,27,16,18.22,1,0
NMR-506113,Soldier,Colony-A,33.6,53,0.239,33.0,10.2,5.82,5.96,0.35,20,15,20.48,0,1
NMR-502125,Soldier,Colony-B,42.5,59,0.289,32.6,13.9,3.59,6.38,0.342,23,8,27.57,1,0
NMR-502366,Soldier,Colony-A,34.2,59,0.259,32.2,12.2,5.09,3.68,0.251,21,13,16.54,0,1
NMR-501044,Soldier,Colony-C,32.0,40,0.377,33.8,28.8,7.72,4.77,0.23,30,10,23.17,1,0
NMR-501634,Queen,Colony-C,52.8,19,0.32,31.8,24.9,7.45,3.42,0.23,21,10,12.06,0,0
NMR-509841,Breeder,Colony-C,32.7,33,0.265,30.5,19.4,5.14,5.18,0.089,19,13,23.03,1,0
NMR-508059,Worker,Colony-E,30.4,127,0.425,31.5,10.8,7.52,22.52,0.443,22,12,19.49,0,1
NMR-500830,Worker,Colony-E,25.9,41,0.177,32.9,22.3,5.92,19.03,0.162,21,12,20.04,1,1
NMR-504756,Queen,Colony-D,44.1,118,0.257,32.0,13.5,8.12,2.69,0.14,26,14,20.32,0,1
NMR-508495,Worker,Colony-E,31.0,70,0.202,31.0,21.3,8.13,10.35,0.422,26,13,18.43,0,0
NMR-500577,Worker,Colony-B,30.7,41,0.279,31.4,22.0,6.9,14.31,0.269,19,14,16.87,0,0
NMR-504717,Breeder,Colony-B,46.2,24,0.239,32.1,18.8,6.01,2.65,0.333,24,12,20.29,0,1
NMR-502802,Worker,Colony-A,31.4,43,0.153,33.8,13.5,8.06,13.62,0.193,22,9,25.71,1,0
NMR-500116,Worker,Colony-A,34.5,125,0.323,32.4,8.0,4.81,25.82,0.501,27,11,22.09,0,0
NMR-505503,Breeder,Colony-D,34.3,62,0.105,32.5,15.8,7.09,9.0,0.352,31,8,18.35,1,1
NMR-503550,Worker,Colony-B,26.5,93,0.184,31.4,39.0,6.52,17.99,0.402,14,14,21.82,1,1
NMR-505022,Worker,Colony-B,28.6,34,0.144,32.6,21.6,6.75,8.49,0.217,21,6,21.2,1,1
NMR-503072,Queen,Colony-D,30.9,29,0.203,32.1,17.5,5.76,1.4,0.218,32,7,18.75,1,1
NMR-505319,Worker,Colony-B,29.2,40,0.183,32.1,23.4,5.9,17.83,0.25,23,18,21.76,1,1
NMR-507311,Worker,Colony-A,42.0,71,0.22,31.0,14.5,6.15,9.67,0.13,15,9,20.99,1,0
NMR-502035,Soldier,Colony-D,27.7,39,0.275,32.5,11.3,5.89,11.67,0.083,25,15,20.86,1,1
NMR-500490,Soldier,Colony-A,34.8,49,0.214,31.8,17.2,6.46,7.26,0.338,29,11,20.76,1,1
NMR-509564,Soldier,Colony-C,32.4,75,0.259,32.6,15.2,6.92,27.72,0.628,31,16,15.59,1,1
NMR-505866,Soldier,Colony-B,50.4,31,0.222,31.4,28.0,5.15,14.2,0.075,20,8,14.73,0,1
NMR-500012,Soldier,Colony-A,42.8,66,0.282,33.5,39.3,6.37,9.69,0.27,21,9,21.7,1,0
NMR-502894,Soldier,Colony-A,37.2,72,0.115,33.4,20.1,6.79,5.2,0.186,16,8,20.17,1,0
NMR-507022,Soldier,Colony-C,35.8,19,0.282,32.7,19.3,8.15,7.39,0.153,20,11,19.43,0,0
NMR-503873,Worker,Colony-C,24.7,58,0.288,32.8,43.6,6.72,16.01,0.473,22,14,18.32,1,0
NMR-504149,Breeder,Colony-C,37.5,54,0.251,31.2,7.1,7.83,2.72,0.356,24,10,19.22,1,0
NMR-502767,Breeder,Colony-D,45.9,52,0.227,31.4,18.4,7.72,10.49,0.173,17,12,17.44,0,0
NMR-500911,Worker,Colony-C,31.5,199,0.24,34.6,10.2,6.2,19.59,0.261,20,10,17.42,0,0
NMR-508763,Worker,Colony-E,23.3,63,0.228,32.2,15.0,9.78,9.56,0.347,21,8,16.9,0,1
NMR-502870,Soldier,Colony-C,37.6,75,0.322,32.3,23.5,7.12,11.28,0.266,34,9,18.06,1,1
NMR-506945,Soldier,Colony-B,36.4,71,0.178,32.5,26.0,7.94,11.97,0.327,30,11,18.35,0,1
NMR-502662,Worker,Colony-B,20.2,88,0.166,30.8,11.8,5.91,10.18,0.545,24,10,20.45,0,0
NMR-509315,Soldier,Colony-D,43.5,59,0.203,32.7,23.4,7.99,12.6,0.44,21,8,19.87,0,0
NMR-500244,Soldier,Colony-A,37.6,57,0.463,31.3,13.5,5.75,9.59,0.445,26,7,19.65,0,0
NMR-500306,Breeder,Colony-A,44.8,23,0.098,33.1,12.3,8.13,5.57,0.09,27,13,22.95,1,0
NMR-507201,Worker,Colony-D,31.5,40,0.269,32.1,36.9,5.94,9.98,0.193,31,14,13.89,1,1
NMR-505179,Breeder,Colony-D,34.9,66,0.34,32.5,21.5,7.23,0.32,0.18,25,10,26.25,1,0
NMR-505095,Worker,Colony-B,36.8,21,0.345,33.4,19.2,6.62,9.69,0.415,21,13,18.4,0,0
NMR-504627,Worker,Colony-C,22.4,97,0.184,32.1,16.5,7.47,10.91,0.494,27,11,21.17,0,1
NMR-508236,Soldier,Colony-C,40.4,21,0.212,31.4,10.5,8.52,5.86,0.411,25,21,19.91,0,0
NMR-509477,Worker,Colony-A,35.0,32,0.31,33.0,23.9,8.48,17.18,0.241,25,19,20.55,0,0
NMR-502485,Worker,Colony-A,26.0,31,0.198,33.0,14.8,6.05,15.75,0.101,27,7,23.65,1,1
NMR-509113,Soldier,Colony-D,35.3,27,0.218,31.4,19.5,5.16,5.69,0.122,26,10,16.38,0,1
NMR-509050,Soldier,Colony-E,35.9,30,0.292,32.3,20.6,7.03,8.09,0.377,24,15,19.38,1,1
NMR-507261,Worker,Colony-D,30.1,42,0.253,31.5,16.2,8.29,11.19,0.565,31,7,13.7,1,0
NMR-504376,Worker,Colony-E,21.1,41,0.244,33.5,15.0,6.98,11.94,0.189,26,12,21.06,1,0
NMR-505145,Worker,Colony-E,33.7,46,0.203,32.6,9.6,5.31,21.45,0.281,24,7,20.95,1,1
NMR-509833,Breeder,Colony-C,34.4,39,0.271,32.4,11.3,5.78,5.96,0.23,31,10,22.44,0,1
NMR-503837,Queen,Colony-A,39.7,43,0.38,31.8,26.7,5.56,6.16,0.271,23,9,16.1,0,1
NMR-504190,Worker,Colony-E,20.1,27,0.153,31.6,17.8,3.97,16.01,0.379,23,6,18.97,1,1
NMR-504664,Worker,Colony-D,30.6,47,0.196,33.5,14.2,9.88,13.63,0.362,18,14,17.3,1,0
NMR-507172,Worker,Colony-E,32.1,31,0.49,32.7,18.1,5.8,10.47,0.486,20,12,25.65,1,1
NMR-504247,Queen,Colony-C,45.7,91,0.198,32.7,14.5,6.55,7.19,0.096,29,14,25.23,0,0
NMR-501392,Soldier,Colony-A,27.8,41,0.227,32.4,19.9,5.44,9.41,0.241,20,6,16.17,0,1
NMR-503157,Worker,Colony-B,31.1,22,0.235,33.4,11.3,5.11,8.73,0.15,23,15,18.01,0,1
NMR-504965,Worker,Colony-B,28.2,40,0.206,32.1,5.7,7.77,9.46,0.203,25,11,19.56,1,0
NMR-505200,Worker,Colony-A,36.4,48,0.178,32.2,21.8,8.14,7.87,0.162,32,15,17.06,1,1
NMR-507114,Soldier,Colony-A,30.1,23,0.179,32.6,36.5,8.99,7.98,0.466,26,12,13.64,1,0
NMR-506612,Worker,Colony-E,35.1,79,0.238,32.6,24.5,5.77,9.25,0.108,23,18,21.57,1,1
NMR-509251,Worker,Colony-E,22.4,67,0.241,32.5,11.9,6.15,13.87,0.207,23,5,22.09,1,1
NMR-501564,Worker,Colony-A,42.5,43,0.223,30.5,8.8,7.66,17.06,0.254,21,9,17.42,0,0
NMR-507611,Worker,Colony-E,22.9,82,0.123,31.3,11.4,7.11,9.33,0.173,18,10,21.36,1,1
NMR-508926,Breeder,Colony-D,46.4,114,0.312,32.8,26.0,7.91,4.66,0.103,20,11,14.51,1,1
NMR-505707,Soldier,Colony-E,38.4,32,0.336,32.1,17.2,6.52,6.35,0.253,27,11,20.87,1,1
NMR-508143,Worker,Colony-A,32.5,79,0.282,32.6,17.8,8.51,11.63,0.399,19,7,19.73,0,1
NMR-502312,Worker,Colony-C,33.6,84,0.32,31.2,13.4,7.89,14.83,0.324,20,9,23.15,0,1
NMR-505554,Worker,Colony-C,39.5,81,0.305,29.8,28.6,8.18,8.35,0.186,19,10,12.58,0,1
NMR-500235,Worker,Colony-D,21.1,34,0.202,33.1,9.5,6.18,5.83,0.116,30,13,20.12,0,1
NMR-501353,Breeder,Colony-C,46.7,52,0.38,32.6,39.3,5.03,4.09,0.21,21,14,19.7,1,0
NMR-502765,Soldier,Colony-B,27.0,37,0.287,32.7,19.3,7.13,14.32,0.371,26,14,21.24,0,1
NMR-506917,Soldier,Colony-B,31.7,13,0.266,32.7,17.5,5.97,10.41,0.315,20,13,20.1,0,1
NMR-509123,Soldier,Colony-A,34.9,45,0.175,31.6,10.0,6.3,18.01,0.518,20,8,14.01,0,1
NMR-506210,Breeder,Colony-A,38.5,48,0.214,32.7,26.1,7.05,4.8,0.124,25,6,19.14,0,1
NMR-501795,Soldier,Colony-C,45.1,48,0.171,31.6,19.9,7.48,16.93,0.427,23,3,20.1,1,0
NMR-505994,Soldier,Colony-B,37.0,63,0.197,32.3,11.6,8.81,10.2,0.191,27,11,17.87,0,1
NMR-504236,Soldier,Colony-B,37.9,94,0.326,32.0,17.2,5.54,6.83,0.296,20,8,20.06,1,0
NMR-502901,Breeder,Colony-A,41.6,70,0.273,32.0,19.1,5.27,15.14,0.139,23,12,21.3,0,0
NMR-502352,Worker,Colony-A,29.4,61,0.218,32.2,31.5,7.07,16.81,0.208,25,6,18.9,0,1
NMR-506583,Worker,Colony-A,28.3,40,0.204,31.5,28.6,8.61,12.94,0.157,30,11,18.01,1,0
NMR-509601,Worker,Colony-D,31.3,17,0.191,31.7,24.1,6.46,13.62,0.117,30,13,25.65,1,0
NMR-504865,Soldier,Colony-A,31.7,80,0.304,31.4,24.4,4.89,4.83,0.195,25,11,26.52,1,0
NMR-506241,Worker,Colony-D,37.3,81,0.258,30.8,12.9,7.14,11.41,0.233,21,12,21.29,0,0
NMR-508007,Worker,Colony-E,29.5,32,0.18,31.0,28.9,6.82,9.69,0.287,33,8,23.99,1,0
NMR-504017,Soldier,Colony-A,31.8,49,0.267,31.8,16.2,6.08,13.62,0.398,22,7,18.41,0,0
NMR-506794,Worker,Colony-E,32.9,114,0.326,32.0,40.4,6.53,21.54,0.542,28,7,18.65,1,1
NMR-508779,Worker,Colony-A,29.3,48,0.31,31.4,21.2,6.71,14.82,0.212,26,13,11.44,1,0
NMR-502591,Worker,Colony-E,33.1,20,0.274,32.0,18.3,5.48,17.91,0.375,14,13,17.92,1,1
NMR-503014,Worker,Colony-C,15.2,46,0.186,31.7,32.2,6.3,12.53,0.092,25,11,20.44,1,0
NMR-503287,Worker,Colony-A,19.9,79,0.176,33.4,28.2,7.27,13.68,0.216,26,15,19.61,1,0
NMR-504585,Worker,Colony-C,33.7,29,0.3,32.8,52.7,7.64,16.63,0.272,19,11,16.7,1,0
NMR-508539,Worker,Colony-A,37.2,26,0.28,31.7,26.7,6.51,10.54,0.156,26,8,18.68,1,1
NMR-503350,Worker,Colony-E,39.0,34,0.266,32.4,26.1,7.2,11.55,0.32,30,14,20.74,1,1
NMR-503304,Worker,Colony-D,26.6,9,0.397,32.2,12.2,6.31,15.11,0.388,22,20,12.75,0,1
NMR-505222,Worker,Colony-A,22.2,52,0.219,31.7,8.4,5.47,15.56,0.105,24,10,18.7,0,0
NMR-505204,Worker,Colony-C,29.0,68,0.323,31.3,12.5,7.08,10.98,0.117,20,13,20.34,0,0
NMR-504387,Worker,Colony-C,41.3,87,0.267,31.2,11.5,4.77,5.63,0.391,15,13,19.02,0,0
NMR-502009,Soldier,Colony-A,23.5,48,0.235,31.8,17.8,5.81,14.05,0.239,29,8,18.42,0,1
NMR-500104,Worker,Colony-D,34.9,77,0.23,33.1,23.0,5.77,28.25,0.287,24,10,18.13,0,0
NMR-509201,Worker,Colony-E,32.5,102,0.249,32.2,16.3,6.36,13.01,0.202,27,15,24.28,0,0
NMR-500031,Worker,Colony-E,32.1,72,0.289,31.1,27.8,7.92,19.34,0.337,19,15,20.72,1,1
NMR-502127,Queen,Colony-E,39.8,32,0.205,32.4,21.3,7.05,1.42,0.197,20,15,23.6,0,1
NMR-505871,Breeder,Colony-C,50.0,58,0.267,31.0,43.1,7.74,4.64,0.168,27,14,20.38,1,0
NMR-505456,Worker,Colony-E,25.5,38,0.311,33.3,17.6,5.75,8.26,0.307,25,7,22.84,1,0
NMR-509855,Worker,Colony-D,30.0,76,0.455,32.9,14.4,5.92,14.44,0.114,35,16,21.13,1,0
NMR-504690,Worker,Colony-A,32.2,39,0.154,31.9,17.5,5.01,18.28,0.187,22,7,13.45,0,1
NMR-508713,Breeder,Colony-A,42.8,92,0.296,31.6,22.2,7.11,11.73,0.263,25,13,15.07,0,1
NMR-501850,Worker,Colony-C,39.9,49,0.161,32.3,8.8,4.9,19.06,0.329,24,8,12.81,0,1
NMR-504779,Soldier,Colony-E,28.3,54,0.251,29.6,18.6,7.22,19.64,0.303,20,12,22.24,1,0
NMR-505775,Breeder,Colony-B,46.8,48,0.354,31.8,13.7,7.87,12.43,0.567,25,10,28.29,1,1
NMR-509578,Worker,Colony-E,36.3,43,0.255,32.3,9.2,5.67,12.98,0.44,22,9,19.13,0,1
NMR-507745,Worker,Colony-E,26.7,69,0.211,31.8,14.1,8.24,12.55,0.599,29,12,13.53,0,1
NMR-500405,Worker,Colony-A,21.3,63,0.431,31.5,21.3,5.35,10.36,0.537,27,16,15.15,0,0
NMR-507249,Worker,Colony-C,27.1,91,0.196,31.7,24.2,6.65,32.46,0.528,22,6,17.44,1,1
NMR-500093,Worker,Colony-E,35.6,76,0.253,33.3,9.2,6.26,11.38,0.186,23,8,21.51,0,0
NMR-500496,Breeder,Colony-A,50.8,53,0.183,31.7,17.2,7.06,7.31,0.351,22,13,20.4,1,1
NMR-505148,Worker,Colony-B,40.1,89,0.253,32.1,30.6,6.53,15.6,0.554,30,16,17.77,0,1
NMR-503305,Worker,Colony-E,29.6,62,0.305,31.7,27.3,7.92,7.27,0.264,16,13,22.14,1,1
NMR-507066,Breeder,Colony-D,43.5,54,0.225,32.6,15.9,5.76,6.37,0.388,21,16,15.08,0,1
NMR-507798,Soldier,Colony-C,38.1,56,0.341,33.7,15.0,6.22,11.03,0.134,17,10,25.44,1,0
NMR-507318,Soldier,Colony-C,38.0,119,0.406,31.8,17.7,6.23,5.31,0.438,25,10,19.72,0,0
NMR-509193,Soldier,Colony-E,29.2,35,0.192,33.7,31.3,7.59,13.07,0.593,28,6,23.22,1,0
NMR-507051,Soldier,Colony-E,33.8,62,0.317,31.2,16.7,7.46,7.82,0.406,19,8,21.91,1,0
NMR-500398,Worker,Colony-B,26.2,35,0.184,30.8,25.5,7.57,14.51,0.152,25,8,22.16,1,0
NMR-501402,Breeder,Colony-C,38.7,36,0.378,32.5,24.4,5.31,4.41,0.101,22,8,19.52,0,1
NMR-506960,Worker,Colony-B,33.3,67,0.218,31.8,23.6,4.59,10.8,0.471,29,10,23.78,1,0
NMR-504624,Worker,Colony-E,30.8,43,0.268,32.6,25.0,6.93,10.71,0.251,23,12,22.55,0,0
NMR-506416,Soldier,Colony-B,35.5,47,0.252,32.0,14.9,6.55,2.89,0.122,19,12,20.79,1,1
NMR-509197,Worker,Colony-C,24.4,50,0.358,32.6,23.2,5.84,31.41,0.214,21,10,15.04,0,1
NMR-506658,Worker,Colony-E,33.7,146,0.203,31.5,27.2,7.79,17.9,0.254,26,15,20.98,1,1
NMR-501662,Worker,Colony-E,29.0,21,0.249,30.8,26.9,6.9,22.42,0.161,29,13,27.05,1,0
NMR-504177,Worker,Colony-E,34.4,66,0.241,32.1,25.5,7.19,9.52,0.109,26,7,18.58,0,1
NMR-506446,Worker,Colony-B,37.8,71,0.211,31.0,20.2,6.51,12.49,0.078,22,8,19.37,0,0
NMR-501666,Soldier,Colony-D,36.6,60,0.252,34.4,18.5,5.89,10.21,0.358,30,14,18.29,1,0
NMR-504201,Worker,Colony-D,36.8,31,0.283,31.7,17.8,7.8,12.41,0.115,25,11,17.18,0,0
NMR-505358,Soldier,Colony-D,29.6,37,0.185,32.2,7.9,7.17,28.1,0.224,32,12,25.36,0,0
NMR-504061,Worker,Colony-A,27.9,42,0.166,31.9,12.7,7.64,18.6,0.209,31,8,19.36,1,1
NMR-501106,Queen,Colony-C,39.8,29,0.278,31.4,28.6,6.35,3.55,0.328,32,5,23.37,1,1
NMR-502119,Worker,Colony-B,33.3,34,0.247,31.4,13.2,6.69,13.44,0.114,25,8,21.56,0,1
NMR-505730,Worker,Colony-B,25.7,101,0.147,32.2,15.8,8.06,12.39,0.175,24,8,25.77,1,1
NMR-503974,Worker,Colony-C,41.5,34,0.28,31.9,16.6,7.64,6.85,0.152,23,10,17.74,0,0
NMR-504659,Worker,Colony-B,28.0,89,0.116,32.6,35.3,3.93,12.01,0.355,21,13,26.88,1,0
NMR-504030,Breeder,Colony-A,35.7,91,0.184,30.8,41.7,6.83,5.22,0.266,27,13,17.24,1,0
NMR-500654,Worker,Colony-E,24.4,45,0.24,32.0,40.6,6.65,10.67,0.253,19,15,23.26,1,1
NMR-507716,Worker,Colony-E,28.5,35,0.391,32.3,31.6,7.8,11.29,0.198,34,10,17.13,0,0
NMR-506192,Worker,Colony-D,27.7,43,0.355,32.6,11.3,5.05,7.85,0.186,26,15,21.7,1,1
NMR-509044,Worker,Colony-C,30.9,33,0.151,32.2,30.2,5.92,16.34,0.319,15,8,18.74,0,1
NMR-502149,Worker,Colony-D,31.6,49,0.254,31.1,15.1,7.4,19.21,0.254,21,17,25.96,1,0
NMR-503841,Worker,Colony-C,30.7,176,0.229,31.4,17.9,6.21,9.68,0.269,29,11,19.8,1,0
NMR-507279,Worker,Colony-A,34.6,40,0.357,30.9,14.7,8.7,19.75,0.312,26,13,24.43,0,0
NMR-508080,Worker,Colony-C,24.2,107,0.221,31.2,17.7,7.32,18.02,0.379,19,11,16.11,0,1
NMR-505680,Breeder,Colony-A,33.2,90,0.154,32.8,15.3,6.66,5.95,0.486,20,14,19.45,0,0
NMR-507537,Soldier,Colony-C,38.1,47,0.356,30.2,29.3,6.6,10.79,0.51,17,10,16.91,0,0
NMR-501140,Breeder,Colony-B,40.0,42,0.261,31.4,14.2,6.67,11.29,0.291,27,9,22.52,1,1
NMR-506846,Worker,Colony-C,38.1,92,0.146,33.0,37.0,5.49,13.36,0.316,21,13,17.7,1,0
NMR-507827,Worker,Colony-E,28.3,34,0.227,32.7,30.9,7.02,17.49,0.133,21,16,19.0,1,0
NMR-501181,Breeder,Colony-E,32.8,65,0.4,31.3,28.2,6.09,3.14,0.148,26,9,19.38,1,0
NMR-509715,Breeder,Colony-A,44.4,55,0.298,32.4,12.3,7.11,10.13,0.142,25,19,19.0,1,1
NMR-504221,Worker,Colony-C,24.7,34,0.203,31.9,12.4,8.33,12.0,0.374,27,9,21.42,0,0
NMR-507570,Breeder,Colony-D,40.9,53,0.232,33.4,32.9,5.66,2.47,0.271,24,14,18.13,1,0
NMR-505530,Breeder,Colony-B,29.7,63,0.205,32.0,22.4,5.43,1.98,0.14,24,12,22.91,1,0
NMR-505770,Worker,Colony-A,48.5,19,0.318,31.8,22.7,6.7,9.67,0.487,20,14,15.93,1,1
NMR-507680,Worker,Colony-D,24.3,57,0.186,32.7,10.2,6.57,7.19,0.35,22,7,19.07,1,0
NMR-503677,Soldier,Colony-D,38.7,34,0.203,32.2,24.7,6.72,17.21,0.498,21,6,18.27,1,1
NMR-507600,Soldier,Colony-C,33.4,33,0.3,31.8,16.3,5.83,18.37,0.163,26,8,15.79,0,1
NMR-503367,Breeder,Colony-E,41.2,26,0.195,32.2,16.7,7.81,6.6,0.444,32,12,20.38,0,0
NMR-505345,Worker,Colony-A,37.1,154,0.376,32.5,10.7,5.21,11.04,0.126,23,8,19.41,0,0
NMR-500480,Worker,Colony-E,26.0,43,0.228,31.8,14.9,6.37,9.94,0.251,23,9,16.04,0,1
NMR-508943,Worker,Colony-B,35.5,39,0.242,31.7,11.3,6.15,9.5,0.726,29,10,19.97,1,1
NMR-504668,Breeder,Colony-B,44.0,39,0.249,31.2,9.9,6.71,2.16,0.165,27,12,21.32,1,0
NMR-505710,Breeder,Colony-D,47.5,119,0.174,31.9,12.2,6.6,2.16,0.399,31,8,22.37,1,0
NMR-503166,Soldier,Colony-C,30.8,72,0.117,32.6,10.9,6.55,12.14,0.204,21,9,22.19,1,0
NMR-501892,Soldier,Colony-D,28.9,38,0.28,33.6,41.5,5.09,7.08,0.364,28,11,14.91,0,0
NMR-509245,Worker,Colony-C,26.9,70,0.227,31.2,28.2,7.5,7.78,0.678,20,7,19.52,1,0
NMR-503554,Worker,Colony-D,22.0,41,0.149,32.2,17.2,6.82,14.01,0.378,33,11,14.96,1,1
NMR-508869,Worker,Colony-B,37.9,33,0.504,32.4,10.8,7.99,22.14,0.609,22,9,27.06,0,1
NMR-503141,Worker,Colony-D,37.5,57,0.316,32.8,12.3,9.9,13.5,0.316,25,16,18.81,0,0
NMR-503799,Worker,Colony-C,19.4,41,0.109,30.8,13.4,5.21,26.26,0.358,30,12,18.17,1,1
NMR-508155,Worker,Colony-A,35.5,43,0.202,31.8,17.6,5.68,7.91,0.554,23,12,22.74,1,1
NMR-501674,Worker,Colony-D,20.0,28,0.226,31.2,26.4,6.57,9.96,0.253,31,9,15.01,0,0
NMR-505528,Soldier,Colony-E,45.9,126,0.338,30.4,19.8,6.88,7.48,0.269,32,9,19.82,1,0
NMR-507750,Soldier,Colony-C,38.4,69,0.362,32.2,14.9,6.83,6.01,0.166,20,11,21.89,0,1
NMR-502947,Worker,Colony-B,46.0,43,0.357,32.1,16.5,7.45,13.99,0.074,21,13,22.59,0,1
NMR-505648,Worker,Colony-A,26.8,63,0.215,32.8,8.8,6.02,12.34,0.331,25,10,16.9,0,1
NMR-508727,Soldier,Colony-A,27.9,57,0.305,33.9,24.2,7.18,10.41,0.573,31,9,16.66,1,0
NMR-509279,Worker,Colony-B,37.9,64,0.197,32.5,9.0,7.52,10.9,0.299,33,11,22.13,0,1
NMR-502004,Worker,Colony-C,26.2,54,0.317,32.8,25.5,6.76,8.3,0.138,11,10,24.81,1,1
NMR-501376,Worker,Colony-A,30.8,50,0.528,31.8,21.2,6.86,10.8,0.219,20,8,17.76,0,1
NMR-505029,Worker,Colony-D,27.5,37,0.213,33.0,21.0,7.68,14.27,0.169,26,13,17.46,1,0
NMR-500047,Worker,Colony-D,21.3,96,0.225,32.9,20.5,5.5,10.76,0.281,22,9,14.97,0,0
NMR-502017,Worker,Colony-C,39.9,37,0.249,31.4,14.4,6.7,16.46,0.235,27,13,15.57,0,1
NMR-508996,Breeder,Colony-D,38.4,65,0.386,30.5,24.3,6.7,1.99,0.282,28,10,24.89,0,0
NMR-505835,Worker,Colony-D,22.7,88,0.159,32.0,28.6,8.41,7.94,0.18,26,13,15.81,1,1
NMR-505104,Breeder,Colony-C,31.4,47,0.183,31.6,45.6,6.14,6.23,0.296,29,16,25.15,1,0
NMR-508572,Soldier,Colony-D,28.8,94,0.247,33.0,38.0,8.48,4.72,0.497,15,9,16.87,0,1
NMR-508846,Soldier,Colony-E,40.6,53,0.37,33.0,22.7,6.01,4.04,0.204,21,13,17.95,0,0
NMR-508824,Worker,Colony-B,34.8,45,0.23,33.1,17.1,8.43,17.54,0.359,20,14,18.06,0,0
NMR-509200,Soldier,Colony-D,32.4,35,0.176,33.4,14.5,7.91,10.45,0.438,15,10,15.3,0,0
NMR-502693,Soldier,Colony-C,33.6,55,0.309,31.5,16.3,7.29,6.92,0.123,21,18,16.61,0,0
NMR-509096,Soldier,Colony-A,30.1,123,0.247,31.8,16.1,4.95,5.96,0.411,26,19,23.29,0,0
NMR-500553,Queen,Colony-C,37.0,31,0.531,31.9,8.1,8.38,-0.39,0.493,20,10,16.0,0,0
NMR-504433,Soldier,Colony-A,34.4,65,0.203,32.6,18.9,6.81,9.66,0.225,21,8,22.25,1,1
NMR-504096,Worker,Colony-D,25.0,41,0.34,32.9,26.7,6.87,7.14,0.453,22,12,22.97,1,1
NMR-500551,Worker,Colony-C,20.6,45,0.194,33.5,15.5,4.87,27.42,0.057,19,9,21.24,1,0
NMR-507863,Queen,Colony-A,46.7,61,0.287,30.5,35.6,4.8,-0.04,0.613,21,10,15.18,0,0
NMR-507355,Worker,Colony-A,27.1,44,0.298,32.5,22.1,9.81,14.64,0.433,25,8,20.26,1,0
NMR-506653,Soldier,Colony-B,40.2,135,0.229,31.7,25.8,5.77,12.58,0.067,23,8,19.04,0,0
NMR-504849,Queen,Colony-C,47.7,84,0.219,34.5,25.5,5.87,0.97,0.32,25,11,22.91,1,0
NMR-505951,Soldier,Colony-E,43.2,20,0.236,32.0,11.7,6.43,3.15,0.448,22,12,19.05,1,1
NMR-504723,Soldier,Colony-C,24.4,19,0.203,31.4,19.7,6.85,8.64,0.149,22,13,24.22,1,0
NMR-507305,Soldier,Colony-B,29.2,32,0.154,32.0,16.6,6.89,11.01,0.281,25,8,21.29,1,1
NMR-501736,Worker,Colony-D,44.2,21,0.235,32.1,18.0,5.33,10.71,0.146,22,13,16.96,1,1
NMR-505795,Breeder,Colony-A,36.4,32,0.31,31.4,15.3,6.67,2.8,0.039,30,11,17.82,0,0
NMR-507048,Soldier,Colony-B,38.2,58,0.174,32.8,19.1,4.28,6.4,0.358,24,14,19.33,1,1
NMR-506065,Worker,Colony-B,37.5,32,0.284,32.0,14.6,7.13,9.04,0.329,28,17,22.44,0,1
NMR-508736,Worker,Colony-B,24.6,48,0.539,30.9,27.6,7.44,14.93,0.13,28,8,14.45,0,0
NMR-501523,Worker,Colony-B,24.0,51,0.319,32.0,16.9,6.89,14.11,0.117,24,7,16.74,0,0
NMR-501434,Soldier,Colony-D,42.6,42,0.202,32.9,21.6,7.25,11.37,0.294,23,8,15.16,0,0
NMR-504870,Worker,Colony-D,25.9,60,0.219,31.4,43.0,6.02,13.49,0.169,25,10,15.65,1,0
NMR-502840,Worker,Colony-D,31.6,62,0.177,32.3,10.6,6.76,11.54,0.099,25,10,21.08,1,1
NMR-506347,Worker,Colony-E,27.0,30,0.226,31.5,14.0,6.39,12.45,0.404,21,13,18.79,0,0
NMR-506505,Worker,Colony-D,29.3,56,0.185,32.3,15.0,5.66,13.39,0.454,24,15,23.02,1,1
NMR-504411,Soldier,Colony-B,38.0,51,0.205,31.9,45.2,5.36,12.44,0.331,15,14,23.95,1,0
NMR-506788,Worker,Colony-D,33.1,53,0.207,33.4,22.8,5.84,14.39,0.127,26,12,16.81,0,0
NMR-501213,Worker,Colony-A,32.0,41,0.302,30.7,12.8,6.42,8.72,0.254,19,9,14.19,0,0
NMR-507918,Worker,Colony-E,40.2,65,0.221,31.9,13.4,7.75,17.85,0.39,20,13,24.25,1,0
NMR-500706,Soldier,Colony-D,29.4,75,0.249,31.5,13.5,7.67,7.85,0.214,28,12,21.12,0,1
NMR-504261,Worker,Colony-A,44.1,66,0.219,32.1,14.8,6.18,14.05,0.212,22,10,17.11,0,0
NMR-506270,Soldier,Colony-D,42.8,49,0.15,34.8,17.5,5.8,19.2,0.26,30,14,23.08,1,0
NMR-502482,Breeder,Colony-E,35.7,32,0.369,33.0,26.7,5.99,8.0,0.35,23,8,15.14,0,1
NMR-509621,Soldier,Colony-E,43.7,120,0.301,31.2,18.6,6.79,20.07,0.202,17,10,18.53,0,1
NMR-500212,Queen,Colony-E,46.1,72,0.385,32.5,14.0,4.64,1.63,0.217,35,8,17.07,0,0
NMR-505054,Breeder,Colony-A,29.5,45,0.238,32.3,20.2,8.23,6.67,0.175,28,14,16.26,1,1
NMR-505592,Worker,Colony-D,31.4,69,0.264,32.9,21.5,6.27,10.32,0.099,29,11,16.05,0,0
NMR-506560,Soldier,Colony-E,39.2,57,0.208,32.4,21.1,6.56,14.28,0.177,25,5,20.96,0,1
NMR-507536,Soldier,Colony-A,32.1,64,0.306,31.9,20.1,6.23,10.54,0.318,32,11,16.86,0,0
NMR-503077,Soldier,Colony-D,30.8,31,0.123,31.8,11.2,8.79,20.56,0.532,24,15,19.08,0,0
NMR-503374,Soldier,Colony-E,34.5,67,0.193,34.0,19.9,6.23,6.33,0.324,14,10,16.09,1,0
NMR-500246,Soldier,Colony-E,45.6,69,0.205,32.4,15.4,4.66,14.08,0.262,32,13,17.73,0,1
NMR-502724,Worker,Colony-B,25.4,59,0.17,33.5,27.6,5.24,20.53,0.413,28,7,16.24,1,0
NMR-507924,Worker,Colony-A,33.9,47,0.249,33.1,19.7,9.24,10.25,0.59,23,10,20.69,1,0
NMR-505975,Soldier,Colony-A,39.4,48,0.211,31.4,21.5,7.04,6.13,0.156,9,15,21.17,1,1
NMR-506756,Queen,Colony-A,43.2,100,0.308,31.6,7.0,6.76,0.65,0.366,24,10,18.79,0,0
NMR-504989,Worker,Colony-E,28.4,80,0.241,32.9,23.6,7.58,7.43,0.319,20,14,16.72,0,1
NMR-507624,Worker,Colony-A,24.9,39,0.22,33.3,17.3,8.25,12.99,0.252,32,17,26.79,0,0
NMR-501095,Worker,Colony-A,20.1,26,0.258,32.9,37.1,7.82,14.82,0.311,22,17,15.02,1,0
NMR-505085,Worker,Colony-A,25.9,20,0.172,31.2,10.5,6.57,9.98,0.298,20,7,16.1,0,1
NMR-506290,Worker,Colony-B,32.7,52,0.317,32.9,32.3,5.3,15.95,0.323,23,9,14.37,0,1
NMR-500968,Worker,Colony-A,30.5,46,0.213,32.0,18.1,4.33,11.24,0.139,23,13,20.7,1,1
NMR-503713,Worker,Colony-A,24.9,29,0.355,32.1,12.3,3.78,16.93,0.211,22,6,17.36,0,1
NMR-501272,Worker,Colony-D,27.4,44,0.24,32.1,31.8,5.4,11.87,0.273,22,13,16.36,1,1
NMR-509792,Soldier,Colony-C,35.6,91,0.31,33.5,24.7,6.33,6.27,0.219,19,10,19.45,0,0
NMR-500957,Breeder,Colony-C,34.1,111,0.231,32.2,50.4,6.03,4.89,0.272,21,10,16.92,1,0
NMR-507654,Worker,Colony-B,6.9,29,0.243,33.4,21.7,7.11,14.89,0.389,21,8,20.96,1,1
NMR-506628,Worker,Colony-E,27.8,43,0.549,32.6,14.7,5.51,15.15,0.525,29,14,23.03,0,1
NMR-508580,Worker,Colony-B,35.8,40,0.175,32.1,16.0,5.56,9.59,0.223,17,9,17.7,0,1
NMR-506677,Soldier,Colony-B,27.7,58,0.252,32.7,17.8,6.02,9.19,0.198,23,11,10.71,0,0
NMR-504510,Soldier,Colony-A,47.6,40,0.301,33.7,22.1,5.41,12.11,0.39,24,10,17.15,1,0
NMR-502171,Soldier,Colony-A,40.4,31,0.283,32.0,10.0,6.85,5.1,0.232,27,11,20.09,1,1
NMR-507277,Breeder,Colony-A,39.5,72,0.189,31.9,27.8,6.48,4.93,0.278,27,11,22.48,1,1
NMR-503185,Worker,Colony-D,29.3,121,0.359,32.7,7.2,8.5,13.45,0.204,19,4,22.2,0,1
NMR-502070,Worker,Colony-B,32.3,57,0.429,32.0,31.0,7.53,14.31,0.236,18,9,13.19,0,1
NMR-502677,Worker,Colony-B,18.9,89,0.237,31.4,15.4,6.62,19.72,0.487,17,10,15.8,0,1
NMR-507959,Worker,Colony-E,29.3,28,0.312,31.9,27.8,7.07,13.07,0.152,29,11,21.71,1,1
NMR-505837,Worker,Colony-E,35.1,63,0.31,32.0,7.7,8.0,14.66,0.209,13,8,15.57,0,1
NMR-504630,Worker,Colony-B,28.5,57,0.267,32.7,17.0,8.17,18.53,0.174,24,6,23.02,0,1
NMR-504127,Worker,Colony-B,35.1,57,0.169,30.4,7.1,7.99,12.42,0.345,26,16,13.9,0,0
NMR-504943,Worker,Colony-D,27.7,67,0.352,32.3,11.2,7.7,7.35,0.384,26,6,25.63,0,1
NMR-505247,Worker,Colony-D,29.4,44,0.363,30.6,18.4,6.79,18.63,0.297,24,11,18.12,0,0
NMR-500409,Worker,Colony-A,25.4,222,0.293,31.5,11.0,6.11,7.12,0.382,28,11,23.83,0,0
NMR-508107,Worker,Colony-D,23.4,30,0.254,30.2,15.2,6.37,15.59,0.092,22,13,22.54,0,0
NMR-507360,Breeder,Colony-D,34.2,33,0.255,31.2,30.0,9.34,7.6,0.228,20,8,20.58,1,0
NMR-503532,Worker,Colony-C,27.1,68,0.277,32.0,10.5,6.54,12.28,0.351,23,12,19.01,0,0
NMR-505747,Soldier,Colony-B,37.9,69,0.279,31.8,23.4,7.34,16.96,0.363,22,9,15.9,0,1
NMR-504171,Worker,Colony-E,23.3,26,0.198,30.2,23.2,8.16,15.45,0.32,38,11,21.7,1,0
NMR-503708,Soldier,Colony-B,26.6,62,0.182,34.0,12.6,7.27,26.69,0.223,18,11,24.04,1,0
NMR-506163,Worker,Colony-D,26.9,53,0.215,32.6,29.6,4.67,7.77,0.051,21,11,18.67,1,1
NMR-505537,Soldier,Colony-C,34.3,49,0.135,33.0,30.1,7.95,13.07,0.564,27,14,21.24,1,1
NMR-505353,Worker,Colony-E,31.4,66,0.362,31.1,47.6,7.02,9.51,0.486,27,14,14.85,1,1
NMR-509163,Worker,Colony-C,22.2,49,0.205,32.4,15.4,7.58,19.62,0.425,22,11,19.53,1,1
NMR-503508,Soldier,Colony-C,31.1,37,0.254,32.2,19.7,7.0,13.8,0.082,21,4,18.18,1,0
NMR-508024,Soldier,Colony-D,31.7,44,0.175,32.0,14.6,6.96,16.36,0.235,19,20,19.01,1,1
NMR-501004,Soldier,Colony-C,41.0,34,0.326,31.8,21.6,7.58,5.85,0.281,16,11,16.86,0,1
NMR-508372,Worker,Colony-C,32.8,85,0.275,32.5,51.7,8.17,10.43,0.217,24,8,19.36,1,1
NMR-505959,Worker,Colony-D,27.8,47,0.185,30.3,21.8,8.52,14.19,0.584,29,8,18.04,1,0
NMR-501335,Worker,Colony-E,26.5,46,0.239,33.2,17.8,7.98,10.28,0.246,26,11,19.16,1,0
NMR-500979,Worker,Colony-E,23.5,50,0.176,32.8,36.5,8.24,18.08,0.452,19,12,21.5,1,1
NMR-500741,Worker,Colony-B,36.5,49,0.411,31.7,13.6,8.48,20.07,0.674,19,14,18.28,0,0
NMR-501432,Worker,Colony-C,44.8,61,0.413,32.4,34.1,7.4,12.72,0.515,28,10,18.59,0,0
NMR-509297,Worker,Colony-D,22.0,120,0.379,32.9,18.8,7.61,10.89,0.265,20,8,16.88,0,1
NMR-501888,Soldier,Colony-E,30.6,38,0.233,32.0,39.5,5.12,4.56,0.341,16,23,22.07,1,1
NMR-507149,Soldier,Colony-B,51.3,77,0.26,31.6,31.9,6.29,8.75,0.354,21,9,21.24,1,0
NMR-508478,Worker,Colony-B,20.7,122,0.325,31.8,17.7,6.54,7.61,0.074,38,8,24.66,1,1
NMR-505923,Breeder,Colony-C,35.9,41,0.303,29.3,15.4,5.8,7.15,0.359,23,11,22.47,0,0
NMR-502780,Worker,Colony-A,31.6,35,0.226,31.8,16.1,7.06,11.78,0.186,25,8,16.82,0,0
NMR-507028,Worker,Colony-E,37.2,32,0.308,32.9,20.7,5.17,9.73,0.203,28,8,23.78,0,1
NMR-508525,Soldier,Colony-B,34.0,51,0.406,32.8,9.9,4.82,6.03,0.386,27,14,23.14,1,0
NMR-502654,Queen,Colony-D,42.1,63,0.389,32.9,11.8,8.23,8.73,0.314,29,11,17.79,0,1
NMR-506870,Worker,Colony-A,21.9,36,0.15,31.7,46.3,6.02,13.18,0.178,21,11,16.52,1,1
NMR-501786,Breeder,Colony-C,36.2,13,0.186,30.1,19.4,8.21,1.15,0.224,28,11,18.61,1,0
NMR-503612,Worker,Colony-D,26.5,104,0.291,33.0,12.4,6.48,8.93,0.456,25,6,17.19,0,0
NMR-504011,Worker,Colony-B,39.4,57,0.217,33.0,33.7,5.67,10.79,0.131,23,6,19.79,1,0
NMR-503770,Worker,Colony-B,36.8,22,0.315,31.7,23.5,5.89,19.04,0.149,38,8,21.05,1,1
NMR-500697,Soldier,Colony-C,39.4,60,0.239,31.7,14.0,7.54,7.97,0.416,18,18,18.4,1,1
NMR-506062,Soldier,Colony-D,23.2,63,0.235,31.5,16.5,5.66,11.08,0.144,27,9,23.07,0,0
NMR-500558,Worker,Colony-E,36.1,53,0.278,30.5,24.1,7.74,11.75,0.463,23,5,20.32,1,0
NMR-500321,Worker,Colony-B,33.6,132,0.38,33.3,18.3,6.87,12.09,0.466,21,8,21.92,1,0
NMR-508885,Soldier,Colony-B,35.5,53,0.262,31.9,18.6,7.12,7.62,0.333,19,10,20.46,1,1
NMR-502214,Worker,Colony-D,26.3,25,0.185,32.3,19.1,5.28,12.94,0.364,22,6,21.57,1,1
NMR-502421,Soldier,Colony-E,45.0,77,0.228,30.5,21.2,9.02,9.89,0.312,25,11,21.19,0,0
NMR-504064,Worker,Colony-E,38.5,123,0.298,33.5,15.0,5.81,17.92,0.284,22,10,21.45,1,0
NMR-509336,Breeder,Colony-E,43.3,70,0.384,31.3,18.0,6.48,9.45,0.422,25,13,20.74,0,0
NMR-507427,Soldier,Colony-B,23.3,53,0.17,31.4,15.2,6.28,8.57,0.272,28,11,20.67,1,0
NMR-508658,Worker,Colony-E,31.0,139,0.248,31.1,16.3,6.45,7.22,0.421,26,9,24.95,1,0
NMR-505767,Breeder,Colony-A,39.0,125,0.296,31.1,17.4,9.14,0.08,0.098,25,14,21.25,1,1
NMR-506464,Worker,Colony-E,33.3,125,0.212,31.9,8.9,7.61,14.48,0.173,22,8,19.26,0,1
NMR-504820,Worker,Colony-C,32.9,25,0.14,33.1,36.1,6.36,9.03,0.551,22,7,18.75,1,0
NMR-509254,Soldier,Colony-E,26.7,52,0.211,32.1,16.0,6.13,16.29,0.291,20,11,25.6,0,1
NMR-506035,Breeder,Colony-D,40.9,67,0.198,33.6,18.3,6.39,-0.21,0.22,24,7,19.75,1,0
NMR-502522,Soldier,Colony-D,26.3,70,0.427,32.6,34.1,7.55,13.66,0.26,23,9,20.17,0,1
NMR-507050,Queen,Colony-D,37.9,112,0.278,32.0,32.0,8.24,8.77,0.228,23,8,17.23,1,1
NMR-500380,Worker,Colony-C,25.7,134,0.337,32.7,25.1,8.18,13.92,0.201,27,13,23.97,0,1
NMR-503363,Worker,Colony-B,34.4,52,0.275,32.8,24.2,9.79,16.29,0.344,20,6,15.58,0,1
NMR-506905,Worker,Colony-A,17.5,85,0.418,32.6,16.3,7.61,10.4,0.191,22,10,15.14,0,1
NMR-502789,Soldier,Colony-A,30.3,33,0.293,31.8,19.1,9.34,12.05,0.174,25,16,21.73,1,0
NMR-500364,Worker,Colony-C,22.3,88,0.327,31.2,10.9,6.04,12.05,0.099,18,15,22.14,0,0
NMR-505667,Soldier,Colony-A,36.7,66,0.348,31.6,18.2,7.48,15.71,0.225,30,13,18.9,0,1
NMR-508596,Worker,Colony-E,34.1,47,0.167,32.6,15.2,9.14,13.33,0.116,28,17,19.11,1,0
NMR-502683,Worker,Colony-A,32.6,37,0.585,33.0,16.9,4.02,19.09,0.257,33,16,22.01,0,0
NMR-506268,Worker,Colony-A,36.3,85,0.366,31.3,27.2,5.6,18.69,0.101,27,10,21.67,0,0
NMR-503336,Worker,Colony-C,35.7,52,0.369,33.0,26.4,5.88,17.99,0.504,28,9,12.67,0,1
NMR-503962,Worker,Colony-B,25.8,32,0.19,31.0,25.4,6.43,21.65,0.46,23,10,20.5,1,0
NMR-501570,Worker,Colony-E,38.4,63,0.3,31.6,23.7,6.1,7.04,0.185,23,12,20.91,1,0
NMR-503276,Worker,Colony-A,31.4,95,0.27,32.6,22.2,4.95,9.22,0.301,23,12,16.48,0,0
NMR-502177,Worker,Colony-A,34.7,104,0.176,32.3,21.0,5.43,14.02,0.483,19,8,19.69,1,0
NMR-504864,Worker,Colony-B,33.5,45,0.212,32.1,28.7,5.5,20.6,0.259,25,8,17.05,1,1
NMR-501502,Worker,Colony-D,27.7,60,0.238,32.9,16.7,5.99,14.28,0.144,24,9,24.49,1,1
NMR-501977,Worker,Colony-E,24.8,86,0.223,34.2,9.5,6.49,14.74,0.211,34,17,21.34,0,0
NMR-500663,Worker,Colony-D,33.8,52,0.188,31.9,16.0,6.55,15.76,0.296,19,6,20.9,1,1
NMR-500614,Breeder,Colony-B,36.3,86,0.162,33.3,23.6,6.3,3.47,0.472,29,9,15.42,0,1
NMR-501347,Worker,Colony-A,28.6,48,0.261,32.1,24.1,6.67,18.39,0.166,30,11,22.73,1,1
NMR-509985,Worker,Colony-E,21.2,46,0.259,31.8,26.0,5.41,7.14,0.22,15,17,20.17,1,1
NMR-502486,Worker,Colony-C,27.4,22,0.328,33.0,12.3,7.48,24.59,0.57,26,11,18.42,0,0
NMR-505736,Breeder,Colony-A,38.0,51,0.192,32.0,15.2,6.24,21.97,0.25,33,13,19.36,0,0
NMR-502345,Soldier,Colony-B,40.0,140,0.255,32.4,23.3,5.95,13.65,0.29,25,9,17.19,1,1
NMR-506490,Soldier,Colony-C,42.4,51,0.323,30.7,14.8,7.0,5.97,0.409,23,11,21.72,0,1
NMR-500623,Soldier,Colony-A,38.5,29,0.15,32.6,23.1,6.76,9.38,0.414,24,12,17.5,1,1
NMR-502094,Worker,Colony-B,30.5,25,0.547,31.8,44.6,6.85,9.45,0.499,25,14,19.72,0,1
NMR-500025,Worker,Colony-E,38.3,36,0.312,29.2,10.1,6.25,7.44,0.477,20,6,21.86,0,0
NMR-509348,Worker,Colony-B,28.5,65,0.247,31.9,28.8,5.77,18.96,0.394,24,13,14.51,1,0
NMR-503377,Worker,Colony-D,35.4,57,0.21,32.7,13.4,5.37,10.52,0.294,24,15,24.14,1,0
NMR-509095,Worker,Colony-C,36.0,64,0.18,31.6,14.6,6.33,8.88,0.21,14,16,27.18,1,1
NMR-500638,Worker,Colony-C,24.0,80,0.15,32.7,12.5,5.31,9.8,0.07,31,5,22.24,1,0
NMR-503876,Worker,Colony-B,34.3,38,0.236,32.6,10.2,5.51,13.38,0.137,26,12,21.46,0,1
NMR-509938,Breeder,Colony-C,31.2,39,0.142,31.6,17.8,8.5,4.95,0.456,18,13,20.59,1,0
NMR-501715,Soldier,Colony-D,30.4,31,0.19,31.8,19.6,7.77,15.07,0.517,26,8,18.02,0,0
NMR-503702,Worker,Colony-B,33.1,106,0.227,32.7,17.3,6.64,13.71,0.509,30,11,18.41,1,1
NMR-509591,Worker,Colony-D,22.3,33,0.23,31.3,16.6,7.24,8.72,0.519,21,7,21.23,1,0
NMR-500526,Worker,Colony-D,35.0,25,0.238,31.1,11.8,7.5,9.85,0.291,24,11,20.21,0,0
NMR-504688,Worker,Colony-C,25.3,49,0.307,30.5,9.6,6.37,13.42,0.261,25,8,20.21,0,0
NMR-504484,Soldier,Colony-A,37.7,60,0.213,31.7,19.8,6.51,4.01,0.364,25,11,18.48,1,0
NMR-502552,Worker,Colony-B,24.9,75,0.118,32.2,17.2,8.5,29.64,0.177,21,9,22.0,1,1
NMR-506057,Worker,Colony-E,31.2,65,0.16,30.9,11.3,6.12,9.16,0.294,22,12,19.74,0,0
NMR-508993,Worker,Colony-C,38.9,43,0.292,32.4,10.8,7.24,12.62,0.448,26,8,19.96,1,1
NMR-507255,Soldier,Colony-E,37.0,78,0.186,32.6,19.3,7.03,7.05,0.218,21,9,24.96,1,1
NMR-507928,Worker,Colony-D,22.8,68,0.176,32.7,21.5,4.65,12.54,0.201,24,5,20.02,1,1
NMR-505487,Breeder,Colony-D,50.0,36,0.278,31.9,38.3,5.55,9.12,0.101,28,8,16.97,1,1
NMR-505023,Worker,Colony-C,36.3,128,0.188,33.0,16.0,7.99,10.0,0.406,18,7,14.94,0,1
NMR-502931,Breeder,Colony-A,45.4,33,0.17,32.5,20.7,6.49,5.5,0.382,20,15,17.64,0,1
NMR-503024,Breeder,Colony-C,31.9,67,0.177,31.3,19.1,5.99,10.85,0.354,16,11,20.48,1,0
NMR-505709,Soldier,Colony-B,34.5,37,0.35,33.5,37.2,5.08,24.14,0.396,21,16,18.25,0,1
NMR-502412,Soldier,Colony-B,34.4,60,0.246,33.1,30.0,7.72,15.73,0.185,21,9,20.68,1,1
NMR-506989,Worker,Colony-C,28.0,28,0.155,31.4,17.8,6.2,9.47,0.15,29,12,18.67,0,1
NMR-506313,Worker,Colony-D,35.9,36,0.19,32.7,14.3,3.66,8.14,0.478,27,5,18.8,0,1
NMR-500982,Soldier,Colony-E,41.7,79,0.174,32.6,35.3,7.02,7.92,0.094,24,7,14.46,1,1
NMR-506436,Worker,Colony-D,30.6,54,0.393,31.2,19.5,7.68,12.09,0.527,31,15,12.98,0,0
NMR-508656,Soldier,Colony-A,21.4,43,0.285,32.6,23.3,5.55,5.59,0.268,24,11,16.44,0,1
NMR-501873,Worker,Colony-A,30.5,56,0.275,33.1,12.2,6.92,20.15,0.425,34,11,17.18,0,0
NMR-505828,Worker,Colony-E,29.6,91,0.294,33.8,23.2,7.23,12.47,0.271,19,14,22.47,1,1
NMR-509870,Worker,Colony-C,36.8,87,0.225,32.5,27.7,6.94,7.52,0.433,33,13,13.5,1,1
NMR-509325,Worker,Colony-A,40.4,29,0.268,31.1,29.0,6.94,12.47,0.296,23,9,22.23,1,0
NMR-507968,Worker,Colony-C,29.1,40,0.144,32.6,23.5,5.0,9.57,0.389,23,14,16.44,1,1
NMR-500994,Breeder,Colony-D,43.6,57,0.175,32.5,18.5,7.16,3.44,0.246,18,13,22.75,0,1
NMR-502432,Soldier,Colony-B,39.0,77,0.228,31.6,17.1,5.23,11.38,0.345,20,5,21.95,0,0
NMR-503720,Soldier,Colony-D,30.6,73,0.153,30.7,30.0,6.68,5.28,0.357,20,13,19.77,0,0
NMR-500836,Worker,Colony-A,30.3,43,0.269,33.4,12.4,5.8,13.21,0.317,27,13,23.54,1,0
NMR-500719,Worker,Colony-D,31.8,75,0.193,31.8,25.8,6.51,9.22,0.081,24,19,21.27,1,1
NMR-503151,Soldier,Colony-A,33.3,29,0.222,32.5,12.7,6.72,24.26,0.202,24,9,18.89,1,1
NMR-500370,Worker,Colony-B,27.3,79,0.259,32.3,28.3,7.43,8.8,0.3,20,6,15.02,1,1
NMR-501187,Breeder,Colony-D,37.0,55,0.2,31.9,23.4,7.0,9.99,0.367,29,12,16.77,1,1
NMR-502867,Worker,Colony-D,26.1,85,0.188,30.6,26.1,6.72,20.21,0.143,17,12,16.04,1,0
NMR-503179,Worker,Colony-E,34.3,40,0.359,32.4,8.8,8.13,29.45,0.307,27,9,16.48,0,1
NMR-503366,Worker,Colony-E,27.4,74,0.297,29.9,44.0,6.75,10.04,0.252,18,16,16.42,1,0
NMR-504341,Worker,Colony-D,33.1,85,0.206,34.1,19.6,4.66,8.61,0.234,24,6,19.77,0,0
NMR-508865,Worker,Colony-D,31.6,63,0.265,31.3,19.5,6.34,12.71,0.271,24,14,22.17,1,0
NMR-508072,Soldier,Colony-E,38.6,80,0.188,31.1,16.6,7.29,9.99,0.206,23,8,17.73,1,1
NMR-508548,Worker,Colony-E,33.5,55,0.371,30.7,18.0,6.85,25.41,0.227,25,13,23.5,0,0
NMR-506868,Worker,Colony-E,32.3,55,0.485,32.8,16.2,7.33,13.83,0.348,30,14,22.71,0,0
NMR-503772,Soldier,Colony-B,44.2,42,0.128,32.2,15.2,4.57,10.81,0.172,28,18,21.75,1,1
NMR-504620,Worker,Colony-D,40.1,177,0.234,32.0,10.0,6.1,12.29,0.135,26,8,25.11,0,0
NMR-500866,Breeder,Colony-D,35.0,45,0.323,32.7,7.0,5.4,7.15,0.457,28,8,21.62,0,1
NMR-507206,Soldier,Colony-A,35.3,114,0.23,33.0,18.4,5.02,20.06,0.176,25,7,19.34,0,0
NMR-501876,Worker,Colony-A,26.1,167,0.221,31.4,21.2,6.77,7.57,0.27,29,15,21.53,0,1
NMR-504736,Queen,Colony-B,46.3,36,0.25,32.3,18.4,5.06,5.3,0.518,20,10,13.62,0,1
NMR-502979,Worker,Colony-D,39.3,68,0.299,32.2,16.9,5.27,12.71,0.277,25,9,20.02,0,1
NMR-502087,Worker,Colony-D,41.5,71,0.315,32.7,10.7,8.16,14.54,0.478,22,13,15.99,1,1
NMR-508762,Worker,Colony-C,23.0,68,0.206,31.4,25.0,5.58,9.21,0.336,28,11,20.29,1,0
NMR-504806,Soldier,Colony-A,35.0,90,0.123,32.3,14.4,6.89,24.01,0.282,27,5,13.94,0,1
NMR-507843,Worker,Colony-D,25.6,68,0.269,29.7,29.6,5.61,12.11,0.399,26,10,21.96,1,0
NMR-505403,Worker,Colony-A,27.3,24,0.174,31.7,22.6,6.43,5.36,0.321,26,5,17.37,1,1
NMR-506804,Breeder,Colony-D,31.4,55,0.313,32.8,23.3,7.8,8.99,0.514,30,11,19.09,0,1
NMR-504831,Worker,Colony-C,26.1,28,0.251,32.9,10.5,4.44,6.62,0.598,27,8,21.78,1,1
NMR-504245,Worker,Colony-A,43.4,41,0.27,31.7,13.3,6.6,11.4,0.495,22,11,25.31,1,1
NMR-508838,Worker,Colony-A,23.5,98,0.278,33.2,28.2,5.27,12.09,0.393,19,9,24.62,1,0
NMR-508625,Breeder,Colony-C,35.6,178,0.207,33.5,9.7,6.68,1.95,0.435,20,7,18.5,1,0
NMR-505189,Worker,Colony-C,30.4,52,0.196,31.2,19.1,3.81,12.07,0.281,29,9,16.55,0,0
NMR-508050,Worker,Colony-D,29.6,46,0.323,31.5,33.1,6.57,21.0,0.087,26,8,20.05,1,0
NMR-500643,Soldier,Colony-E,37.2,57,0.353,32.5,18.2,6.66,7.85,0.518,29,14,14.41,0,1
NMR-503829,Soldier,Colony-A,38.0,54,0.224,31.5,10.5,8.32,5.6,0.302,26,16,22.0,0,0
NMR-503898,Soldier,Colony-D,42.8,30,0.295,31.6,17.6,7.04,5.11,0.316,30,15,22.21,1,0
NMR-502899,Soldier,Colony-D,23.4,85,0.197,31.7,16.1,7.68,6.63,0.45,22,8,17.71,1,1
NMR-507936,Breeder,Colony-E,42.0,46,0.229,31.1,28.4,7.09,11.86,0.446,20,8,19.94,0,0
NMR-506659,Queen,Colony-E,46.2,105,0.217,33.1,10.9,7.5,-0.2,0.534,26,8,19.21,1,1
NMR-504161,Worker,Colony-A,27.8,89,0.256,32.4,35.9,6.69,14.36,0.335,21,11,19.98,1,1
NMR-506298,Worker,Colony-D,20.0,30,0.283,31.8,33.4,7.02,13.62,0.156,17,8,20.77,1,0
NMR-508640,Soldier,Colony-C,38.1,56,0.269,30.8,56.0,7.07,10.04,0.289,15,6,12.9,1,0
NMR-506725,Worker,Colony-E,28.9,24,0.219,33.1,19.5,5.99,16.11,0.316,23,12,21.27,1,1
NMR-501834,Breeder,Colony-E,29.6,90,0.247,32.2,33.4,7.47,1.31,0.435,26,21,20.48,1,1
NMR-506617,Soldier,Colony-A,40.6,50,0.348,32.1,5.5,6.61,6.42,0.204,21,17,16.52,0,1
NMR-506912,Soldier,Colony-D,41.9,12,0.186,32.4,14.2,7.88,12.81,0.519,30,13,15.4,0,0
NMR-508056,Soldier,Colony-A,37.4,85,0.376,32.9,20.6,6.23,4.98,0.287,26,9,23.26,0,0
NMR-503259,Soldier,Colony-A,33.2,49,0.296,31.9,13.7,7.07,10.45,0.432,26,10,24.79,0,1
NMR-509210,Worker,Colony-B,38.7,53,0.257,31.2,32.7,5.34,10.69,0.378,29,16,16.05,0,0
NMR-504117,Worker,Colony-A,31.7,36,0.305,30.8,18.3,6.54,14.93,0.087,25,12,21.47,0,0
NMR-508481,Soldier,Colony-B,35.6,105,0.249,31.7,17.7,9.21,13.85,0.348,16,15,17.32,0,1
NMR-503337,Soldier,Colony-A,36.4,54,0.269,32.9,20.4,7.45,10.0,0.499,22,19,23.72,0,1
NMR-507314,Worker,Colony-C,29.0,22,0.182,34.7,17.4,7.93,12.44,0.336,24,21,17.32,1,0
NMR-504344,Soldier,Colony-D,31.4,52,0.606,32.5,33.8,5.78,9.82,0.334,18,11,24.39,1,1
NMR-506614,Worker,Colony-D,18.8,72,0.17,33.1,19.6,6.41,12.41,0.21,30,12,18.56,1,0
NMR-501073,Soldier,Colony-D,43.8,88,0.371,33.6,12.7,7.44,3.5,0.422,26,9,28.43,1,1
NMR-506405,Worker,Colony-B,29.8,37,0.163,29.8,32.0,9.36,27.03,0.251,19,6,18.99,1,0
NMR-501134,Worker,Colony-C,38.1,98,0.213,31.4,22.1,6.86,13.35,0.146,17,10,19.3,0,0
NMR-505408,Worker,Colony-C,34.1,52,0.373,31.8,16.2,6.23,12.7,0.3,18,10,20.09,0,1
NMR-504172,Worker,Colony-D,14.1,130,0.308,31.3,28.0,6.57,12.11,0.075,31,13,15.96,0,0
NMR-506610,Worker,Colony-A,26.9,88,0.296,30.9,17.2,6.66,14.84,0.304,24,20,23.36,1,0
NMR-505867,Worker,Colony-C,36.7,30,0.343,31.9,14.2,5.72,12.23,0.602,16,16,17.58,0,1
NMR-506011,Worker,Colony-D,27.8,54,0.196,31.9,8.3,4.29,6.23,0.361,23,10,22.47,0,1
NMR-504673,Worker,Colony-C,29.9,85,0.218,32.5,17.9,7.56,21.05,0.653,22,9,16.79,0,1
NMR-501017,Queen,Colony-B,48.2,124,0.213,32.1,13.3,5.49,-0.4,0.239,23,15,20.99,1,0
NMR-500286,Worker,Colony-C,33.1,78,0.259,32.1,39.0,6.18,13.11,0.465,30,8,16.0,1,1
NMR-500217,Soldier,Colony-C,34.3,32,0.29,32.5,8.0,6.43,9.35,0.472,26,10,16.62,0,1
NMR-509296,Soldier,Colony-C,27.3,34,0.397,31.0,14.7,4.98,12.42,0.315,18,11,22.22,0,0
NMR-507212,Soldier,Colony-A,37.2,140,0.17,33.0,22.9,6.58,24.47,0.3,22,16,20.71,1,0
NMR-504883,Worker,Colony-B,24.5,65,0.377,32.2,29.6,8.34,10.73,0.394,16,12,21.44,1,1
NMR-503223,Worker,Colony-E,30.8,71,0.357,32.8,31.2,7.3,11.31,0.059,21,8,14.36,0,1
NMR-503022,Worker,Colony-A,33.8,52,0.472,34.2,15.4,7.53,11.52,0.162,24,8,20.58,0,0
NMR-504701,Worker,Colony-D,34.3,129,0.282,32.3,21.4,5.37,11.62,0.151,21,14,16.33,1,1
NMR-500565,Worker,Colony-B,31.3,92,0.371,32.9,13.3,8.16,17.35,0.49,20,11,18.56,0,1
NMR-504385,Worker,Colony-C,31.9,89,0.154,33.9,47.6,5.27,11.48,0.352,21,12,15.89,1,0
NMR-507903,Worker,Colony-E,29.8,90,0.31,31.5,12.7,6.48,20.6,0.273,19,13,15.01,0,1
NMR-506528,Soldier,Colony-C,37.0,18,0.178,32.6,19.9,8.19,8.2,0.358,21,11,15.99,0,0
NMR-506015,Worker,Colony-A,28.1,40,0.297,31.4,5.9,6.51,7.73,0.284,26,14,19.82,0,0
NMR-506036,Worker,Colony-B,27.6,21,0.326,32.3,14.1,7.33,14.35,0.224,27,15,17.07,0,1
NMR-507215,Worker,Colony-C,28.9,122,0.206,33.3,25.1,6.74,14.17,0.541,17,16,16.85,0,0
NMR-502624,Worker,Colony-E,33.7,88,0.239,30.9,6.3,6.63,11.53,0.113,22,10,20.95,0,0
NMR-503387,Soldier,Colony-D,43.0,72,0.257,30.0,21.7,7.52,15.16,0.474,29,10,24.37,1,1
NMR-501563,Worker,Colony-E,18.4,28,0.122,33.1,12.7,7.16,7.83,0.353,23,7,20.77,1,0
NMR-508004,Worker,Colony-A,24.7,27,0.276,30.9,21.5,5.7,11.5,0.098,21,15,21.27,1,1
NMR-501423,Worker,Colony-B,37.1,47,0.298,32.4,12.7,8.32,13.75,0.361,13,6,19.4,0,0
NMR-502695,Worker,Colony-C,26.5,38,0.22,33.2,18.4,7.89,10.43,0.211,16,10,22.62,1,0
NMR-504339,Soldier,Colony-D,36.5,51,0.243,33.1,18.0,5.72,4.3,0.2,26,16,18.05,1,1
NMR-506412,Worker,Colony-A,30.4,74,0.273,33.2,15.2,5.5,7.99,0.452,32,22,19.65,1,0
NMR-504189,Soldier,Colony-A,31.4,134,0.232,33.3,16.5,9.18,6.55,0.161,22,9,21.64,1,1
NMR-506264,Worker,Colony-A,26.0,132,0.285,33.1,25.9,6.37,9.35,0.42,27,14,17.4,1,0
NMR-505017,Worker,Colony-C,38.8,48,0.263,33.8,29.8,7.33,19.57,0.14,19,18,17.15,1,0
NMR-506670,Breeder,Colony-A,31.0,151,0.183,32.9,40.5,6.7,4.71,0.055,24,12,16.4,1,0
NMR-505567,Soldier,Colony-C,37.4,55,0.252,31.7,13.5,6.65,10.15,0.26,22,8,24.78,0,1
NMR-500862,Worker,Colony-A,31.3,169,0.155,32.5,21.4,7.68,9.28,0.221,27,9,15.52,0,1
NMR-505645,Breeder,Colony-D,37.4,51,0.304,31.9,16.6,7.37,0.18,0.406,25,9,21.51,0,0
NMR-507248,Worker,Colony-C,38.6,239,0.235,31.3,27.7,7.15,10.18,0.505,28,8,20.98,0,1
NMR-508165,Soldier,Colony-E,36.7,98,0.205,33.8,15.4,6.24,4.7,0.221,23,8,19.68,1,0
NMR-508385,Worker,Colony-C,37.1,43,0.214,32.1,14.6,7.04,14.45,0.353,28,9,18.98,1,0
NMR-507818,Soldier,Colony-E,41.2,115,0.229,32.9,18.9,6.9,4.04,0.343,20,16,19.75,0,1
NMR-505318,Breeder,Colony-E,53.3,50,0.511,32.2,12.4,6.38,2.47,0.242,27,8,16.8,0,1
NMR-509510,Worker,Colony-A,31.0,35,0.258,32.7,11.1,7.21,9.99,0.271,26,9,19.7,1,1
NMR-507616,Worker,Colony-D,25.1,31,0.179,33.2,17.4,6.28,9.62,0.4,21,7,22.98,1,1
NMR-502968,Queen,Colony-B,45.9,18,0.336,32.4,29.4,7.61,5.69,0.552,29,10,21.5,1,0
NMR-502162,Soldier,Colony-E,39.1,56,0.28,30.7,9.8,6.97,8.76,0.386,26,15,20.5,0,0
NMR-506936,Worker,Colony-B,36.5,125,0.333,33.0,30.0,6.5,19.81,0.114,17,12,13.79,1,1
NMR-501814,Worker,Colony-B,21.6,62,0.401,31.4,20.5,7.48,11.85,0.418,24,18,21.75,0,1
NMR-501677,Worker,Colony-B,33.3,111,0.15,32.6,14.4,7.43,10.72,0.261,24,4,23.88,1,1
NMR-504093,Worker,Colony-E,33.9,32,0.216,32.1,15.4,6.51,15.4,0.306,21,9,19.14,0,1
NMR-509089,Soldier,Colony-B,37.1,24,0.262,32.1,23.3,8.37,15.03,0.456,35,15,18.08,0,0
NMR-507421,Worker,Colony-A,23.1,43,0.28,31.3,21.6,5.5,20.7,0.281,25,13,18.37,1,1
NMR-507512,Breeder,Colony-D,33.2,98,0.225,32.6,35.4,6.27,13.9,0.724,21,8,22.7,1,0
NMR-500571,Worker,Colony-A,27.6,39,0.212,33.7,26.0,5.91,11.43,0.191,28,11,20.3,0,1
NMR-504911,Soldier,Colony-A,37.2,117,0.377,31.5,22.0,6.39,19.36,0.09,37,13,21.66,0,0
NMR-507269,Worker,Colony-E,36.1,34,0.22,34.1,18.4,7.54,11.36,0.261,23,15,20.46,1,0
NMR-505316,Worker,Colony-A,32.3,60,0.244,31.2,11.5,4.72,9.76,0.112,21,13,19.11,1,0
NMR-505278,Worker,Colony-A,34.2,48,0.17,33.4,19.3,6.7,10.53,0.197,20,18,22.84,1,0
NMR-509202,Worker,Colony-E,36.1,31,0.208,31.1,17.4,6.05,15.1,0.258,18,9,16.61,0,1
NMR-506437,Worker,Colony-B,26.4,16,0.32,33.3,22.0,5.87,10.2,0.316,30,12,23.11,0,1
NMR-504601,Worker,Colony-D,34.7,59,0.292,32.9,13.9,6.57,15.38,0.281,27,14,17.53,1,0
NMR-505059,Soldier,Colony-B,37.4,143,0.234,31.0,19.6,6.08,15.64,0.237,22,9,18.27,0,0
NMR-507782,Soldier,Colony-B,32.4,31,0.308,32.7,14.9,6.6,11.51,0.275,34,17,21.2,0,1
NMR-505094,Soldier,Colony-B,26.0,27,0.237,31.4,26.1,5.72,8.45,0.281,26,12,19.26,1,1
NMR-506020,Soldier,Colony-C,35.8,50,0.162,32.2,9.6,7.42,7.15,0.464,30,13,19.32,1,1
NMR-501405,Worker,Colony-B,32.5,87,0.14,32.7,12.6,7.29,17.95,0.223,28,4,16.99,1,1
NMR-502869,Worker,Colony-B,25.8,140,0.23,32.8,32.2,6.52,10.96,0.409,25,4,16.94,1,1
NMR-508267,Worker,Colony-D,30.4,61,0.202,32.3,11.0,7.19,13.45,0.484,20,12,14.35,0,1
NMR-503182,Worker,Colony-A,19.9,56,0.299,32.2,46.2,7.07,11.54,0.384,24,14,24.96,1,1
NMR-500381,Worker,Colony-B,35.2,67,0.353,31.6,12.8,6.39,14.65,0.417,21,15,20.19,0,0
NMR-506253,Worker,Colony-D,25.5,32,0.306,33.0,25.7,6.29,12.9,0.425,23,9,17.79,1,1
NMR-507205,Worker,Colony-B,25.1,118,0.268,31.0,22.0,6.89,9.03,0.499,23,8,15.82,1,0
NMR-508033,Worker,Colony-B,22.6,74,0.256,31.8,31.8,5.8,12.17,0.471,16,8,17.25,0,1
NMR-500243,Breeder,Colony-D,49.6,17,0.327,33.2,18.3,6.71,12.95,0.612,23,13,20.81,0,0
NMR-508745,Worker,Colony-C,31.2,46,0.183,31.8,11.7,7.49,18.99,0.32,17,5,14.67,0,0
NMR-504938,Soldier,Colony-D,40.8,40,0.307,32.1,16.7,5.99,8.72,0.178,28,7,14.23,0,1
NMR-505421,Soldier,Colony-C,42.9,50,0.306,32.1,20.4,7.64,17.69,0.257,26,5,16.23,0,0
NMR-500716,Worker,Colony-C,38.0,77,0.239,32.9,9.9,7.05,7.46,0.381,31,13,14.13,0,0
NMR-503541,Worker,Colony-A,31.3,32,0.287,33.1,17.9,5.57,9.46,0.396,25,14,17.05,0,1
NMR-500935,Worker,Colony-C,28.2,56,0.248,32.5,8.8,6.88,12.48,0.259,26,14,17.69,0,1
NMR-502359,Worker,Colony-C,26.5,57,0.287,32.0,29.7,5.72,12.22,0.471,26,6,21.03,0,1
NMR-503942,Breeder,Colony-B,44.8,32,0.243,32.3,16.7,6.54,3.5,0.166,26,12,23.9,1,1
NMR-503665,Worker,Colony-B,19.4,29,0.282,33.3,13.0,7.33,12.09,0.206,16,9,19.07,0,0
NMR-501829,Soldier,Colony-E,24.8,24,0.34,33.0,25.7,4.52,17.37,0.099,27,12,20.64,0,1
NMR-507246,Soldier,Colony-E,27.5,25,0.193,32.5,17.6,5.99,7.36,0.375,22,12,20.27,1,1
NMR-507470,Worker,Colony-C,35.3,52,0.292,32.1,11.4,6.69,10.42,0.038,20,8,17.2,0,1
NMR-508323,Worker,Colony-D,22.0,130,0.326,31.5,13.1,7.95,17.96,0.412,26,16,18.79,0,1
NMR-504537,Worker,Colony-C,31.1,30,0.343,32.0,33.9,5.17,12.55,0.28,29,15,22.94,1,1
NMR-502888,Worker,Colony-A,18.8,26,0.242,32.6,25.4,5.89,18.35,0.27,25,10,13.87,0,1
NMR-503397,Queen,Colony-D,39.1,36,0.259,32.8,9.9,7.75,11.37,0.234,27,12,20.73,0,0
NMR-508867,Soldier,Colony-B,39.8,107,0.284,32.8,9.6,7.41,14.15,0.5,19,11,20.72,0,1
NMR-505695,Breeder,Colony-A,41.4,55,0.265,31.6,16.6,6.42,6.2,0.405,24,10,17.27,0,1
NMR-502472,Soldier,Colony-E,35.4,40,0.182,32.1,10.1,7.63,5.67,0.197,27,12,21.35,1,1
NMR-504068,Worker,Colony-E,31.6,129,0.23,33.9,26.2,4.44,21.54,0.4,24,11,19.64,1,0
NMR-502130,Worker,Colony-D,32.9,32,0.202,32.4,14.0,5.69,11.09,0.16,22,10,19.34,1,1
NMR-509748,Worker,Colony-C,29.7,63,0.268,31.5,11.6,6.0,16.0,0.353,28,14,17.82,0,1
NMR-500091,Breeder,Colony-C,42.6,25,0.17,32.1,17.8,7.51,2.3,0.047,35,7,16.11,1,0
NMR-505777,Queen,Colony-C,38.6,77,0.138,32.3,9.5,5.84,-1.45,0.372,30,9,19.41,0,1
NMR-507887,Worker,Colony-D,29.5,90,0.361,32.7,16.9,6.99,15.41,0.579,28,12,16.51,0,1
NMR-503882,Soldier,Colony-B,44.2,40,0.134,31.9,13.8,7.86,38.84,0.484,18,15,23.41,1,0
NMR-505843,Worker,Colony-E,39.3,21,0.22,33.3,26.8,6.41,8.05,0.427,25,6,25.63,1,1
NMR-509875,Worker,Colony-C,23.7,18,0.115,32.5,22.6,5.97,11.39,0.324,24,19,25.57,1,1
NMR-507464,Soldier,Colony-D,39.3,18,0.267,32.0,15.6,6.79,6.23,0.69,24,16,17.58,0,0
NMR-502907,Soldier,Colony-C,31.3,33,0.169,33.7,17.8,6.75,8.8,0.2,17,9,22.03,1,0
NMR-500619,Worker,Colony-A,26.8,83,0.221,32.4,19.2,7.29,10.79,0.11,21,11,17.11,1,1
NMR-506379,Worker,Colony-B,33.0,69,0.175,31.8,15.6,8.48,13.35,0.18,16,9,17.5,0,1
NMR-505883,Soldier,Colony-A,33.5,65,0.206,33.2,13.0,6.49,18.12,0.211,28,13,15.61,0,0
NMR-505607,Soldier,Colony-E,29.4,25,0.251,31.9,25.1,7.73,9.34,0.521,32,13,23.15,1,0
NMR-502666,Worker,Colony-D,27.7,51,0.159,32.1,13.3,6.81,7.34,0.24,16,9,21.24,1,1
NMR-502697,Worker,Colony-E,28.1,48,0.252,33.2,12.9,7.53,7.27,0.205,25,16,21.79,0,0
NMR-500078,Worker,Colony-C,29.1,77,0.3,32.0,13.7,6.05,14.83,0.302,23,12,21.34,0,1
NMR-508649,Soldier,Colony-C,43.2,70,0.222,31.6,31.4,6.67,22.04,0.475,29,11,22.04,0,0
NMR-503842,Worker,Colony-B,33.6,48,0.302,31.2,26.3,7.6,18.73,0.069,19,14,19.68,0,0
NMR-507712,Soldier,Colony-B,36.6,45,0.264,32.8,48.2,5.91,17.46,0.528,30,9,18.5,1,0
NMR-504281,Worker,Colony-C,32.7,18,0.404,31.6,26.3,5.8,9.18,0.152,16,13,20.43,0,1
NMR-502865,Queen,Colony-A,43.4,72,0.255,32.7,18.0,6.11,23.4,0.249,25,19,15.17,0,0
NMR-509462,Worker,Colony-C,28.4,31,0.228,31.4,11.2,7.62,10.96,0.303,28,6,20.11,0,0
NMR-504653,Soldier,Colony-B,44.1,60,0.207,31.8,13.3,6.2,6.88,0.276,23,9,20.54,0,0
NMR-505698,Breeder,Colony-D,34.7,34,0.152,33.2,13.9,5.24,3.0,0.369,19,11,18.21,1,1
NMR-504219,Worker,Colony-A,23.7,70,0.203,32.1,10.7,4.38,17.39,0.138,30,14,16.51,1,1
NMR-502704,Worker,Colony-C,41.5,72,0.285,32.4,17.3,8.16,82.45,0.39,22,9,19.73,0,1
NMR-502015,Soldier,Colony-B,45.1,114,0.281,32.1,10.4,7.17,9.34,0.352,19,12,18.65,0,1
NMR-507239,Worker,Colony-B,28.6,31,0.293,32.3,15.9,6.01,12.57,0.299,31,14,16.68,0,1
NMR-500375,Worker,Colony-C,18.2,58,0.33,33.3,14.0,5.95,12.75,0.355,20,6,16.42,0,0
NMR-507991,Worker,Colony-B,26.8,65,0.413,31.4,7.6,5.74,20.04,0.363,20,8,18.52,0,0
NMR-500705,Worker,Colony-A,39.2,81,0.234,32.0,10.4,7.98,16.57,0.348,34,13,23.14,1,1
NMR-500254,Worker,Colony-B,22.7,45,0.25,32.5,28.3,6.39,8.53,0.093,16,5,18.99,1,1
NMR-503968,Worker,Colony-E,31.1,149,0.28,34.0,24.8,7.56,18.77,0.241,21,16,20.08,0,1
NMR-509660,Breeder,Colony-E,38.5,36,0.348,32.9,17.6,8.08,0.67,0.086,18,9,21.29,0,1
NMR-506834,Worker,Colony-B,25.3,45,0.158,32.2,10.9,6.81,25.83,0.135,34,9,17.06,0,1
NMR-502588,Worker,Colony-C,14.1,44,0.265,31.6,13.8,8.36,26.83,0.674,30,9,17.75,0,0
NMR-502491,Worker,Colony-D,33.5,41,0.297,31.7,11.6,6.36,21.25,0.54,28,14,14.93,0,1
NMR-508119,Worker,Colony-C,27.4,49,0.166,31.8,33.6,7.4,9.07,0.414,17,11,21.42,1,1
NMR-501920,Breeder,Colony-C,28.0,104,0.305,32.9,11.2,7.75,4.87,0.235,13,11,24.61,1,0
NMR-507210,Soldier,Colony-D,28.9,110,0.426,34.4,41.7,5.39,10.09,0.325,20,9,23.38,0,0
NMR-501051,Worker,Colony-D,37.2,91,0.293,30.6,11.9,7.04,17.76,0.195,22,6,16.42,1,0
NMR-508759,Soldier,Colony-B,36.0,43,0.213,31.9,40.2,5.1,4.45,0.263,25,9,20.96,1,1
NMR-509643,Worker,Colony-B,26.3,33,0.22,32.7,9.8,7.33,14.49,0.325,23,7,22.17,0,1
NMR-506959,Soldier,Colony-D,38.1,55,0.148,33.3,17.5,6.26,3.99,0.553,25,6,14.73,0,0
NMR-500018,Soldier,Colony-E,37.8,39,0.279,32.3,34.0,7.98,12.77,0.15,28,10,19.77,1,0
NMR-509401,Soldier,Colony-C,42.4,96,0.213,32.6,8.0,7.26,30.56,0.386,23,13,18.26,1,1
NMR-503444,Breeder,Colony-B,40.3,18,0.315,32.4,23.6,6.35,-0.76,0.254,29,9,23.67,1,1
NMR-505356,Worker,Colony-A,29.0,96,0.224,30.3,18.1,7.49,11.46,0.275,24,5,23.17,1,0
NMR-502294,Soldier,Colony-C,37.4,49,0.276,32.7,22.1,6.59,10.25,0.193,19,13,16.24,0,1
NMR-501419,Worker,Colony-C,29.3,51,0.157,32.5,25.7,7.12,11.86,0.209,28,13,21.43,1,0
NMR-503140,Worker,Colony-E,23.6,31,0.222,31.1,17.4,7.38,12.48,0.294,32,10,20.6,0,0
NMR-501280,Soldier,Colony-A,47.8,62,0.264,32.0,11.4,5.24,4.72,0.367,39,12,17.11,1,0
NMR-500165,Soldier,Colony-C,34.5,20,0.24,33.0,28.0,7.27,4.11,0.166,25,12,19.31,1,0
NMR-502919,Worker,Colony-E,36.8,68,0.213,32.0,14.9,6.43,16.07,0.503,27,14,19.86,1,1
NMR-509257,Worker,Colony-A,33.0,60,0.23,32.8,14.0,6.71,18.46,0.363,23,11,19.96,0,1
NMR-501771,Queen,Colony-C,47.3,38,0.338,33.6,8.6,7.41,-2.23,0.443,28,12,17.38,0,0
NMR-506752,Worker,Colony-A,34.4,42,0.264,31.8,13.7,6.0,13.68,0.349,20,10,26.32,1,0
NMR-504896,Soldier,Colony-B,33.9,64,0.264,32.6,18.5,7.07,15.69,0.319,27,13,16.84,0,1
NMR-505150,Worker,Colony-E,30.1,37,0.256,32.9,14.4,9.1,11.5,0.156,24,6,22.38,0,0
NMR-508112,Breeder,Colony-D,37.8,42,0.504,32.5,15.9,7.75,3.33,0.261,25,18,22.7,0,1
NMR-509370,Worker,Colony-C,30.1,50,0.259,33.3,12.5,7.43,10.35,0.329,24,13,18.95,0,0
NMR-508590,Breeder,Colony-E,39.9,66,0.172,34.7,14.5,7.68,15.59,0.138,20,17,19.98,0,0
NMR-508626,Worker,Colony-C,20.3,53,0.311,31.4,20.6,8.47,9.38,0.107,21,5,21.05,1,0
NMR-509436,Worker,Colony-D,23.7,68,0.199,31.0,14.9,5.89,9.54,0.237,25,16,23.42,1,0
NMR-508293,Worker,Colony-B,19.5,46,0.234,32.2,17.8,6.14,7.73,0.182,22,10,16.82,0,1
NMR-503458,Worker,Colony-B,28.9,45,0.239,30.0,20.8,7.23,19.35,0.403,33,18,17.87,0,0
NMR-507380,Worker,Colony-D,36.1,20,0.161,31.1,9.9,6.98,9.43,0.262,20,10,25.64,0,0
NMR-504062,Soldier,Colony-C,26.5,118,0.295,31.4,24.5,6.6,7.79,0.47,20,17,20.55,0,0
NMR-500508,Breeder,Colony-D,32.6,60,0.435,31.3,13.2,5.81,16.42,0.396,24,10,23.04,0,0
NMR-505392,Soldier,Colony-C,31.7,65,0.245,32.4,7.0,7.09,8.29,0.205,21,11,20.22,1,0
NMR-503023,Queen,Colony-D,45.6,32,0.23,32.4,11.5,5.71,1.26,0.177,20,11,19.73,0,1
NMR-500544,Soldier,Colony-B,32.7,26,0.277,31.0,56.2,5.96,2.87,0.242,18,6,15.91,1,1
NMR-501530,Worker,Colony-B,30.2,48,0.327,32.6,13.2,8.25,14.13,0.368,20,12,19.32,0,0
NMR-505031,Soldier,Colony-A,36.6,26,0.166,32.5,17.5,4.21,3.96,0.317,22,11,17.05,0,1
NMR-502912,Worker,Colony-B,26.8,83,0.218,31.4,15.3,8.93,10.43,0.461,30,10,20.74,0,1
NMR-503890,Worker,Colony-E,21.0,87,0.344,31.7,12.8,4.39,13.51,0.175,25,13,22.88,1,0
NMR-505044,Worker,Colony-C,23.2,44,0.282,33.5,13.5,6.9,10.46,0.157,29,10,15.23,0,0
NMR-507435,Soldier,Colony-D,47.4,45,0.262,31.9,20.1,7.58,13.55,0.335,25,16,19.34,0,1
NMR-503085,Worker,Colony-D,26.6,130,0.284,30.8,16.6,9.47,14.33,0.299,25,9,17.42,1,1
NMR-502100,Breeder,Colony-E,40.8,80,0.226,32.9,16.1,5.74,9.89,0.138,31,11,21.67,1,0
NMR-506278,Worker,Colony-D,32.2,52,0.211,31.9,19.5,6.49,12.55,0.232,24,16,19.32,0,0
NMR-501205,Breeder,Colony-E,41.1,76,0.27,33.1,10.2,7.34,6.37,0.302,22,11,20.2,1,1
NMR-508915,Worker,Colony-B,35.6,45,0.207,31.9,15.9,6.66,10.8,0.126,31,8,16.16,0,1
NMR-508989,Worker,Colony-C,32.0,95,0.239,33.3,31.0,7.28,11.52,0.168,18,8,14.07,1,0
NMR-508223,Soldier,Colony-E,41.5,37,0.356,31.6,23.3,8.36,8.76,0.288,27,18,20.18,0,0
NMR-504022,Soldier,Colony-C,31.8,37,0.277,33.5,10.2,8.17,11.7,0.163,25,2,19.31,0,0
NMR-501879,Worker,Colony-C,22.4,54,0.236,31.3,15.7,7.95,7.57,0.341,18,8,15.24,1,0
NMR-509295,Soldier,Colony-D,40.6,53,0.162,33.0,34.2,5.21,5.23,0.41,24,11,16.62,1,0
NMR-508026,Breeder,Colony-A,41.4,36,0.122,31.5,42.3,7.7,6.75,0.221,19,7,23.71,1,0
NMR-502104,Soldier,Colony-D,40.5,33,0.148,31.3,19.5,7.61,8.82,0.402,22,11,19.0,0,0
NMR-502231,Soldier,Colony-C,34.3,38,0.224,32.9,14.1,5.37,9.71,0.082,23,10,16.78,1,1
NMR-507637,Breeder,Colony-D,41.9,40,0.245,32.1,21.8,7.52,5.62,0.211,28,10,23.34,1,1
NMR-507213,Worker,Colony-E,30.1,17,0.462,29.9,21.0,6.57,8.36,0.231,18,11,22.49,0,1
NMR-505220,Worker,Colony-B,27.5,97,0.23,30.2,9.5,5.33,12.37,0.398,27,8,10.92,0,0
NMR-500494,Worker,Colony-E,30.4,55,0.198,31.3,19.6,8.24,7.74,0.325,21,10,19.13,0,0
NMR-503496,Worker,Colony-A,28.0,45,0.252,32.8,13.8,6.94,10.63,0.093,37,10,13.99,0,0
NMR-504290,Worker,Colony-B,22.9,47,0.359,31.9,12.5,6.91,13.81,0.208,24,11,13.61,0,1
NMR-500787,Worker,Colony-B,17.4,33,0.278,33.3,14.5,7.59,22.31,0.329,21,10,12.74,0,0
NMR-507997,Breeder,Colony-E,33.2,83,0.288,32.2,11.7,8.4,5.47,0.276,25,12,21.38,0,1
NMR-507386,Soldier,Colony-A,39.6,47,0.185,33.2,11.4,4.68,10.54,0.479,19,6,18.39,1,1
NMR-508457,Soldier,Colony-E,30.3,91,0.159,31.6,12.8,7.62,8.1,0.318,35,12,15.78,0,1
NMR-504951,Worker,Colony-D,18.5,57,0.288,32.5,22.1,5.8,15.32,0.404,22,11,21.75,1,1
NMR-505581,Worker,Colony-C,33.9,67,0.254,31.3,18.4,6.42,10.18,0.037,27,14,21.4,1,1
NMR-506200,Worker,Colony-E,31.0,104,0.2,34.3,21.5,6.46,17.06,0.413,27,7,20.56,1,0
NMR-500882,Breeder,Colony-D,40.2,63,0.27,32.8,14.2,6.55,22.02,0.132,24,9,19.07,0,0
NMR-503849,Soldier,Colony-B,37.6,54,0.242,33.0,23.7,5.71,9.55,0.084,22,12,18.93,1,0
NMR-509001,Worker,Colony-D,38.8,72,0.248,32.4,11.2,6.68,6.96,0.188,20,9,17.47,1,0
NMR-500378,Worker,Colony-E,30.6,70,0.308,32.1,30.2,7.77,29.34,0.398,22,14,20.13,1,1
NMR-503339,Worker,Colony-E,38.6,48,0.284,31.2,10.5,7.73,12.27,0.298,24,12,16.15,1,0
NMR-502906,Breeder,Colony-B,41.4,42,0.218,32.4,11.3,5.51,5.04,0.283,35,9,21.45,1,1
NMR-509365,Worker,Colony-E,35.3,116,0.356,33.3,24.7,7.71,9.23,0.19,22,9,19.67,1,0
NMR-503340,Breeder,Colony-E,36.1,45,0.264,32.8,16.1,7.57,3.02,0.328,17,19,14.57,0,1
NMR-504110,Worker,Colony-A,34.2,48,0.306,32.4,13.1,5.66,9.31,0.171,17,7,15.95,0,1
NMR-500860,Worker,Colony-E,35.4,79,0.26,32.0,14.2,7.27,13.76,0.189,21,9,23.14,1,1
NMR-505809,Breeder,Colony-D,35.3,84,0.12,32.2,39.7,9.38,11.81,0.222,21,14,18.13,1,1
NMR-500017,Soldier,Colony-D,29.0,43,0.239,31.9,20.4,7.64,11.11,0.479,26,12,19.58,0,1
NMR-503426,Soldier,Colony-A,24.0,122,0.287,32.7,17.7,10.65,11.07,0.405,31,6,23.69,1,1
NMR-502617,Soldier,Colony-C,47.6,162,0.326,32.3,26.7,5.29,8.66,0.184,24,13,12.74,0,0
NMR-507062,Soldier,Colony-E,31.0,113,0.19,32.0,11.7,6.69,8.34,0.41,24,14,23.97,1,0
NMR-509742,Soldier,Colony-E,44.5,43,0.207,31.2,36.0,7.25,4.98,0.303,17,11,16.26,1,0
NMR-505846,Worker,Colony-C,33.8,72,0.422,32.7,8.1,5.5,7.1,0.463,27,7,18.99,0,0
NMR-500522,Worker,Colony-B,40.7,74,0.225,30.7,15.6,8.37,5.61,0.296,23,7,19.26,0,1
NMR-504008,Breeder,Colony-E,40.9,166,0.437,31.3,40.4,4.91,4.13,0.716,32,15,15.4,0,0
NMR-503588,Soldier,Colony-A,35.8,45,0.219,32.4,14.2,6.26,5.68,0.423,23,10,14.26,1,1
NMR-504467,Worker,Colony-A,29.5,59,0.152,31.0,27.7,7.65,11.37,0.287,23,12,18.19,1,0
NMR-505469,Breeder,Colony-A,30.1,77,0.366,33.0,28.0,8.65,14.6,0.094,26,10,13.84,0,1
NMR-508960,Worker,Colony-E,38.3,55,0.336,30.4,11.1,6.12,16.28,0.309,24,15,19.16,0,0
NMR-502326,Worker,Colony-C,29.4,35,0.378,31.7,32.7,5.43,8.68,0.331,18,7,15.12,1,1
NMR-500886,Queen,Colony-B,46.4,60,0.276,33.4,17.4,6.24,2.4,0.357,23,14,20.83,0,0
NMR-500166,Worker,Colony-D,18.1,37,0.2,32.2,15.1,5.66,14.15,0.454,25,16,21.86,0,1
NMR-501562,Soldier,Colony-E,33.9,47,0.198,31.4,26.8,7.44,7.4,0.068,24,10,20.98,1,1
NMR-504347,Worker,Colony-A,29.5,92,0.342,31.4,14.8,6.51,12.17,0.577,12,9,21.75,0,0
NMR-505160,Soldier,Colony-A,36.3,41,0.273,31.6,18.9,4.99,5.64,0.274,17,11,24.99,1,1
NMR-509653,Worker,Colony-B,34.7,66,0.359,31.9,19.1,6.94,11.97,0.286,26,4,19.85,0,1
NMR-504124,Worker,Colony-B,26.8,53,0.305,32.2,18.3,4.14,16.08,0.195,26,16,20.29,0,1
NMR-502540,Worker,Colony-E,24.7,33,0.294,31.1,25.4,4.1,19.19,0.471,24,8,19.98,1,1
NMR-507945,Worker,Colony-B,31.9,21,0.218,30.6,14.6,8.11,14.17,0.21,23,8,17.39,0,0
NMR-508176,Worker,Colony-C,36.0,27,0.123,31.2,25.8,6.27,7.53,0.42,20,10,16.97,1,1
NMR-508766,Worker,Colony-B,34.6,31,0.214,30.9,16.8,6.87,32.95,0.581,26,11,18.43,1,0
NMR-506748,Worker,Colony-C,18.4,81,0.236,30.5,18.0,8.32,10.44,0.096,18,13,17.06,0,1
NMR-503321,Worker,Colony-C,18.5,192,0.253,32.0,7.3,7.32,10.26,0.177,22,11,20.4,1,1
NMR-506240,Worker,Colony-E,35.7,36,0.295,33.7,22.4,7.83,9.06,0.21,28,13,22.6,0,0
NMR-501684,Soldier,Colony-B,33.6,82,0.213,32.5,32.0,5.64,5.66,0.265,23,12,19.64,1,0
NMR-507841,Breeder,Colony-E,29.9,39,0.395,30.2,30.9,4.48,6.24,0.133,27,9,22.21,0,0
NMR-504872,Queen,Colony-A,46.0,96,0.184,31.7,8.2,6.77,6.25,0.303,28,8,16.67,0,1
NMR-500313,Breeder,Colony-C,35.7,82,0.244,31.4,13.3,7.98,3.53,0.524,27,9,18.35,1,1
NMR-502790,Soldier,Colony-C,40.6,48,0.32,32.0,37.5,6.49,20.43,0.159,27,8,21.8,1,1
NMR-504297,Soldier,Colony-E,42.4,56,0.192,32.9,14.6,7.31,8.28,0.214,28,11,16.93,1,0
NMR-505133,Breeder,Colony-B,43.5,70,0.336,32.4,18.1,6.23,2.37,0.247,21,10,20.74,0,1
NMR-503771,Soldier,Colony-D,30.4,42,0.201,33.3,12.3,4.54,8.79,0.494,23,16,22.53,0,0
NMR-508069,Worker,Colony-A,33.1,51,0.265,31.5,18.0,7.14,10.56,0.208,23,13,21.91,0,0
NMR-505135,Worker,Colony-B,24.2,78,0.246,31.3,17.6,6.07,17.75,0.168,23,17,15.13,0,0
NMR-503147,Soldier,Colony-D,29.3,103,0.45,33.1,7.7,8.75,9.05,0.234,29,6,18.48,0,1
NMR-501860,Soldier,Colony-E,38.1,28,0.263,32.0,42.6,4.85,8.76,0.199,29,14,19.3,1,1
NMR-507274,Soldier,Colony-C,37.3,44,0.358,32.4,21.1,9.27,8.81,0.328,19,8,20.6,0,1
NMR-507122,Soldier,Colony-D,23.1,145,0.22,32.8,7.3,8.89,32.45,0.306,23,10,15.27,0,1
NMR-503488,Soldier,Colony-D,31.1,71,0.184,31.3,26.8,5.36,5.45,0.154,23,12,16.9,0,0
NMR-508584,Soldier,Colony-C,33.5,43,0.272,31.8,17.3,6.57,3.58,0.39,24,9,21.29,1,0
NMR-501216,Worker,Colony-B,26.0,81,0.182,32.0,20.9,6.79,14.07,0.312,28,17,19.07,1,1
NMR-508077,Soldier,Colony-C,35.7,34,0.217,32.2,7.1,4.17,3.33,0.105,25,13,16.26,0,1
NMR-509655,Queen,Colony-C,38.9,29,0.326,32.7,27.0,8.46,0.31,0.163,28,10,21.32,1,0
NMR-507056,Soldier,Colony-A,37.2,46,0.367,32.5,18.9,7.4,6.29,0.254,17,11,18.89,0,1
NMR-500857,Worker,Colony-C,24.4,70,0.293,32.3,22.3,5.74,13.6,0.287,27,14,14.47,0,0
NMR-506034,Worker,Colony-A,29.6,33,0.247,33.1,16.3,7.79,10.54,0.254,22,8,18.3,1,0
NMR-506502,Worker,Colony-E,29.6,60,0.297,31.9,12.9,7.33,9.48,0.117,18,16,14.93,0,1
NMR-505646,Soldier,Colony-C,46.9,55,0.319,30.8,13.8,6.94,12.74,0.206,34,12,15.72,0,0
NMR-508262,Soldier,Colony-A,41.7,210,0.341,32.2,19.5,4.82,9.79,0.362,25,16,21.21,0,0
NMR-502717,Soldier,Colony-E,33.8,31,0.231,30.4,18.2,6.85,7.05,0.579,29,12,18.24,0,0
NMR-500039,Worker,Colony-E,26.8,119,0.13,32.3,13.8,5.73,20.33,0.318,18,7,16.09,1,0
NMR-502118,Worker,Colony-B,35.8,46,0.218,31.6,23.0,9.34,14.02,0.07,24,11,21.75,0,0
NMR-509117,Breeder,Colony-A,46.4,20,0.293,34.0,19.3,5.8,9.44,0.522,21,10,20.94,1,1
NMR-508792,Soldier,Colony-D,32.7,68,0.176,31.5,16.4,6.9,8.12,0.168,23,10,19.1,0,1
NMR-509981,Soldier,Colony-E,35.9,55,0.281,33.0,12.0,7.47,17.76,0.3,27,6,15.13,0,1
NMR-507992,Breeder,Colony-C,39.9,17,0.311,33.7,21.4,9.01,2.89,0.356,26,13,17.21,0,0
NMR-503096,Breeder,Colony-A,42.6,78,0.236,32.5,22.3,7.69,4.73,0.126,26,7,18.63,1,0
NMR-509897,Worker,Colony-C,21.0,67,0.252,32.0,22.0,6.8,18.17,0.33,29,8,19.78,0,1
NMR-504182,Breeder,Colony-B,30.6,57,0.201,31.9,14.3,8.23,1.35,0.356,18,10,28.54,0,0
NMR-503647,Worker,Colony-C,30.6,55,0.204,30.9,15.1,6.32,8.34,0.296,22,8,20.53,1,0
NMR-504140,Worker,Colony-A,25.7,27,0.192,33.5,11.2,6.5,19.89,0.261,29,8,14.21,1,0
NMR-508686,Worker,Colony-E,25.3,30,0.283,31.4,14.5,7.75,9.85,0.285,21,16,19.61,1,0
NMR-503005,Queen,Colony-A,47.6,59,0.304,31.6,17.2,5.04,4.31,0.189,15,8,22.07,0,0
NMR-502382,Breeder,Colony-C,40.6,33,0.248,32.5,27.1,7.16,2.06,0.455,22,13,22.28,1,0
NMR-503999,Worker,Colony-D,43.3,53,0.339,32.8,17.2,7.62,12.83,0.515,19,12,22.16,1,1
NMR-502575,Soldier,Colony-B,35.5,52,0.25,32.3,21.6,5.66,14.66,0.393,26,9,17.55,1,0
NMR-504492,Worker,Colony-A,27.2,33,0.308,33.7,20.7,5.34,10.13,0.292,19,9,22.28,1,1
NMR-502944,Worker,Colony-B,33.3,71,0.2,33.0,13.9,8.45,12.05,0.377,29,4,18.52,1,1
NMR-504318,Soldier,Colony-A,34.8,83,0.142,32.9,31.3,8.05,8.12,0.572,19,9,23.08,1,1
NMR-504357,Soldier,Colony-B,37.1,77,0.181,32.1,17.6,3.65,4.62,0.177,26,12,19.12,0,0
NMR-500738,Worker,Colony-D,14.7,72,0.147,32.9,23.3,6.83,9.54,0.469,22,8,12.05,1,1
NMR-504862,Worker,Colony-A,24.4,52,0.403,30.8,11.0,4.44,13.2,0.391,22,6,16.63,0,0
NMR-502364,Worker,Colony-E,19.4,54,0.165,32.5,10.1,4.97,13.86,0.155,33,16,20.45,0,1
NMR-506095,Soldier,Colony-A,35.4,21,0.133,30.7,11.0,7.02,8.59,0.637,25,16,20.68,0,0
NMR-508427,Worker,Colony-A,35.4,42,0.284,31.8,50.9,7.32,11.08,0.302,22,9,16.4,1,0
NMR-506187,Breeder,Colony-E,43.3,55,0.287,32.9,19.5,7.4,1.69,0.477,27,13,20.93,0,0
NMR-500708,Soldier,Colony-B,37.9,35,0.303,33.8,16.1,6.09,5.28,0.443,22,7,22.61,1,1
NMR-500167,Worker,Colony-E,23.2,41,0.221,32.9,15.2,6.32,13.64,0.255,18,7,15.86,1,1
NMR-503098,Worker,Colony-E,34.3,16,0.25,32.3,23.7,5.61,7.39,0.609,24,17,20.56,1,1
NMR-502883,Breeder,Colony-E,52.9,81,0.398,32.0,15.6,4.92,8.23,0.273,32,11,16.77,0,0
NMR-502454,Worker,Colony-C,29.2,32,0.233,31.6,11.5,7.43,11.39,0.354,32,11,19.57,1,0
NMR-507506,Worker,Colony-B,34.4,42,0.377,32.4,37.9,5.11,23.32,0.345,15,11,22.25,1,1
NMR-505154,Worker,Colony-C,23.9,70,0.244,31.5,25.6,7.43,17.44,0.34,33,13,22.62,1,1
NMR-501000,Soldier,Colony-D,38.7,51,0.3,32.6,5.0,7.58,22.56,0.12,19,12,24.55,1,1
NMR-506221,Worker,Colony-C,31.9,74,0.154,31.0,29.6,5.49,6.29,0.112,29,15,27.25,1,0
NMR-502976,Worker,Colony-D,26.4,54,0.244,33.4,12.1,6.59,10.65,0.45,30,13,14.18,0,0
NMR-506924,Breeder,Colony-A,33.5,56,0.207,32.2,25.8,5.94,6.2,0.251,21,10,16.29,1,0
NMR-506954,Worker,Colony-D,29.8,65,0.227,31.8,10.4,5.98,25.12,0.245,39,13,21.56,0,0
NMR-504273,Worker,Colony-B,33.2,68,0.147,34.3,31.7,5.38,11.09,0.247,19,8,18.72,1,0
NMR-506124,Worker,Colony-E,36.0,146,0.213,32.5,21.5,7.53,8.21,0.427,22,10,19.61,1,1
NMR-502343,Breeder,Colony-A,32.2,54,0.224,32.5,30.5,6.85,2.42,0.246,21,15,18.1,0,1
NMR-501300,Soldier,Colony-E,37.5,32,0.38,31.7,17.7,6.08,14.2,0.46,25,7,17.38,0,1
NMR-503688,Soldier,Colony-E,35.8,30,0.262,32.2,23.8,7.14,10.49,0.233,23,6,22.05,0,0
NMR-505142,Breeder,Colony-B,47.9,68,0.115,30.8,13.3,7.7,10.34,0.602,38,11,20.27,1,0
NMR-505918,Worker,Colony-B,22.8,35,0.301,31.6,16.0,7.24,11.9,0.397,28,10,18.02,0,0
NMR-502727,Soldier,Colony-B,34.6,102,0.182,33.3,25.1,5.37,3.56,0.099,19,17,17.89,1,0
NMR-509620,Worker,Colony-E,18.4,51,0.298,32.7,28.1,5.89,14.23,0.201,27,9,18.11,0,1
NMR-505410,Worker,Colony-D,36.4,84,0.197,31.4,17.8,7.33,10.97,0.098,17,9,22.27,1,1
NMR-505156,Worker,Colony-B,15.7,54,0.25,31.3,14.3,7.1,10.38,0.325,31,9,20.51,0,0
NMR-500939,Breeder,Colony-C,45.6,38,0.209,33.5,13.8,7.67,11.62,0.039,28,13,19.05,1,0
NMR-505035,Worker,Colony-A,28.6,113,0.277,32.2,22.4,6.43,9.37,0.299,22,14,20.9,1,1
NMR-500209,Soldier,Colony-C,36.8,34,0.338,31.9,9.4,4.65,7.02,0.197,25,15,20.23,0,1
NMR-502247,Soldier,Colony-A,41.4,139,0.219,32.5,5.7,7.12,4.0,0.15,33,7,22.32,0,1
NMR-503536,Soldier,Colony-A,38.7,32,0.333,30.4,14.7,6.23,7.97,0.21,22,14,14.24,0,0
NMR-502248,Worker,Colony-E,35.3,41,0.142,31.6,13.7,7.46,11.85,0.236,38,7,22.45,1,0
NMR-507913,Worker,Colony-D,20.5,47,0.176,32.1,11.4,7.11,10.21,0.153,20,12,17.79,0,1
NMR-505165,Worker,Colony-C,26.1,52,0.264,31.6,13.1,6.93,11.57,0.109,20,7,19.16,0,1
NMR-509781,Soldier,Colony-C,41.8,120,0.332,32.2,42.7,6.71,5.7,0.536,19,16,12.37,1,1
NMR-507698,Worker,Colony-E,32.6,79,0.379,31.6,38.5,8.25,27.1,0.41,24,13,21.84,1,1
NMR-501532,Worker,Colony-B,30.6,112,0.373,32.6,41.1,6.98,9.35,0.125,29,9,18.61,1,0
NMR-506916,Worker,Colony-C,28.6,32,0.312,32.9,35.2,7.6,11.43,0.179,25,15,18.71,0,0
NMR-508079,Worker,Colony-D,36.0,190,0.296,33.1,28.7,8.44,16.65,0.271,27,14,18.29,1,1
NMR-503650,Soldier,Colony-E,28.9,51,0.331,32.3,15.9,7.52,7.11,0.308,23,9,16.81,0,1
NMR-503498,Soldier,Colony-D,35.0,33,0.278,32.8,16.1,7.42,5.56,0.59,14,9,15.33,0,0
NMR-504973,Soldier,Colony-C,41.9,34,0.212,32.8,20.2,5.3,14.45,0.217,22,12,19.02,1,1
NMR-508272,Soldier,Colony-B,34.4,29,0.246,31.6,11.6,5.24,2.55,0.387,14,10,20.71,1,1
NMR-501824,Soldier,Colony-E,28.3,110,0.234,31.9,18.6,7.98,11.61,0.283,19,18,23.9,0,1
NMR-506757,Queen,Colony-B,35.0,64,0.224,31.6,14.9,3.52,10.8,0.386,29,11,14.56,0,1
NMR-507815,Soldier,Colony-D,41.8,58,0.215,31.9,18.7,6.7,4.12,0.436,22,16,20.2,1,0
NMR-507017,Soldier,Colony-A,40.2,159,0.22,32.2,21.2,6.46,13.93,0.411,28,11,21.66,1,0
NMR-507317,Worker,Colony-A,31.4,65,0.177,30.9,8.0,6.3,10.77,0.379,30,14,21.27,1,0
NMR-500593,Worker,Colony-D,24.5,19,0.203,32.9,40.8,10.09,12.98,0.072,16,7,16.49,1,0
NMR-505978,Worker,Colony-C,41.4,54,0.283,33.0,9.3,7.06,10.01,0.329,13,6,18.22,1,1
NMR-507450,Breeder,Colony-A,28.1,96,0.207,30.9,5.6,6.93,25.57,0.379,30,8,19.92,0,0
NMR-500356,Worker,Colony-B,37.2,35,0.293,32.6,21.3,6.54,12.03,0.142,15,8,14.54,0,1
NMR-506522,Breeder,Colony-C,41.4,82,0.259,32.6,14.3,8.42,3.82,0.259,27,15,20.58,1,1
NMR-505907,Worker,Colony-B,39.6,63,0.263,32.0,6.1,6.28,18.12,0.147,22,12,15.88,0,1
NMR-509761,Worker,Colony-A,22.5,41,0.198,33.4,6.0,5.97,22.75,0.572,25,9,15.99,0,0
NMR-508609,Breeder,Colony-C,34.7,92,0.202,32.7,12.5,7.4,7.28,0.17,22,9,20.5,0,1
NMR-502067,Soldier,Colony-D,27.4,61,0.121,32.9,13.6,5.91,7.16,0.303,17,15,22.43,0,1
NMR-504745,Worker,Colony-A,29.5,61,0.209,31.9,14.9,5.06,9.94,0.405,30,12,20.68,1,0
NMR-509614,Breeder,Colony-B,31.3,50,0.52,32.5,5.2,7.12,7.14,0.396,25,14,15.21,0,1
NMR-508196,Breeder,Colony-A,36.8,131,0.186,32.9,15.0,5.91,8.83,0.162,19,16,25.99,0,0
NMR-508369,Worker,Colony-B,40.7,70,0.25,31.6,24.0,8.48,11.68,0.102,26,14,13.75,1,1
NMR-505803,Queen,Colony-A,46.9,34,0.26,32.8,9.1,6.28,8.79,0.552,24,21,15.8,0,1
NMR-509185,Worker,Colony-B,27.7,55,0.268,31.1,34.7,5.46,10.76,0.135,30,11,19.04,1,0
NMR-509013,Breeder,Colony-A,47.6,84,0.206,33.5,16.9,7.47,0.49,0.215,22,13,21.84,0,1
NMR-501972,Worker,Colony-C,28.0,105,0.287,31.9,35.4,6.87,12.51,0.157,30,18,22.12,1,1
NMR-509584,Soldier,Colony-A,22.4,99,0.334,33.0,14.1,6.43,14.82,0.223,24,10,23.89,0,0
NMR-506536,Worker,Colony-B,26.1,55,0.18,32.9,16.9,8.46,11.9,0.241,31,9,13.89,1,0
NMR-508324,Soldier,Colony-A,34.2,29,0.248,32.1,22.0,5.37,8.7,0.291,17,15,17.8,1,1
NMR-505890,Worker,Colony-A,24.5,60,0.373,32.1,21.2,6.68,28.09,0.289,19,8,20.76,0,1
NMR-500051,Worker,Colony-C,20.6,32,0.249,32.7,9.7,8.14,7.8,0.425,23,15,20.07,0,0
NMR-500880,Breeder,Colony-A,34.6,70,0.342,31.6,29.8,4.56,4.3,0.384,21,13,23.48,1,0
NMR-505748,Worker,Colony-D,35.9,45,0.125,32.2,12.5,6.01,11.77,0.371,22,7,18.96,1,1
NMR-507876,Soldier,Colony-E,43.1,48,0.298,32.1,9.5,6.62,14.23,0.375,31,15,22.1,0,1
NMR-509177,Worker,Colony-C,35.2,100,0.422,31.2,29.8,6.87,14.03,0.266,20,14,21.85,0,0
NMR-500515,Worker,Colony-A,29.9,205,0.234,33.5,19.8,5.96,22.73,0.432,22,13,28.37,1,0
NMR-507998,Soldier,Colony-D,31.1,51,0.223,32.6,19.2,6.86,6.18,0.159,23,9,17.22,1,1
NMR-507296,Worker,Colony-D,33.6,88,0.312,32.9,35.1,8.09,20.02,0.437,28,14,19.1,1,1
NMR-509865,Soldier,Colony-A,41.6,54,0.29,32.9,29.6,5.61,12.14,0.238,30,11,17.35,0,1
NMR-508537,Worker,Colony-A,32.3,56,0.356,34.2,10.6,6.63,9.86,0.353,31,11,16.8,0,0
NMR-509164,Worker,Colony-B,32.4,24,0.208,32.2,16.3,6.67,9.08,0.405,28,13,23.08,1,0
NMR-506883,Worker,Colony-A,33.0,64,0.24,33.5,15.9,7.61,14.87,0.395,25,10,24.01,0,0
NMR-508719,Worker,Colony-E,28.9,47,0.177,32.7,13.7,5.62,11.78,0.397,28,12,19.32,0,1
NMR-508729,Worker,Colony-A,31.6,145,0.224,30.7,22.7,7.53,14.51,0.34,23,9,14.79,1,0
NMR-501249,Worker,Colony-C,33.9,39,0.272,33.4,41.4,5.19,8.54,0.158,26,5,28.24,1,1
NMR-506143,Breeder,Colony-D,40.3,66,0.193,30.4,22.7,7.75,4.3,0.238,22,13,25.96,1,0
NMR-504857,Soldier,Colony-A,44.4,55,0.187,31.7,21.6,6.49,11.28,0.081,26,11,24.11,1,0
NMR-505714,Queen,Colony-A,53.8,127,0.168,31.1,11.2,6.44,7.11,0.176,26,10,23.15,1,0
NMR-501547,Worker,Colony-B,31.9,63,0.22,32.1,15.3,7.33,14.17,0.348,20,9,12.39,0,1
NMR-501551,Worker,Colony-B,40.0,38,0.123,32.5,45.4,6.98,20.26,0.123,31,10,15.79,1,0
NMR-504811,Worker,Colony-C,37.0,60,0.284,31.4,19.1,6.12,14.85,0.407,27,7,16.83,0,0
NMR-504589,Soldier,Colony-D,29.6,28,0.335,31.9,12.8,7.1,11.46,0.497,24,13,16.87,0,1
NMR-507221,Breeder,Colony-E,41.3,26,0.316,31.3,8.9,6.28,3.92,0.592,23,11,25.51,1,0
NMR-500186,Worker,Colony-C,34.8,34,0.221,32.1,13.0,7.05,9.66,0.372,22,18,22.99,1,1
NMR-509091,Worker,Colony-A,25.3,59,0.222,31.9,9.4,6.31,25.91,0.353,25,8,18.02,0,1
NMR-500358,Worker,Colony-E,23.4,73,0.504,33.0,19.3,6.24,18.13,0.149,20,7,14.46,0,0
NMR-507088,Worker,Colony-C,28.0,99,0.28,32.1,16.3,7.7,18.08,0.105,24,12,18.59,0,1
NMR-503789,Worker,Colony-B,32.7,52,0.332,32.7,25.0,6.38,7.37,0.351,16,6,15.62,1,1
NMR-507855,Worker,Colony-A,30.8,34,0.27,33.3,15.5,6.69,13.36,0.142,21,14,21.62,1,0
NMR-501037,Soldier,Colony-E,34.7,17,0.409,31.5,31.1,6.26,5.62,0.372,22,13,18.65,0,1
NMR-500563,Worker,Colony-D,40.2,101,0.35,31.5,22.3,7.8,13.73,0.301,31,5,20.63,0,0
NMR-501164,Worker,Colony-E,24.0,49,0.177,31.5,9.6,5.78,23.75,0.189,13,17,23.3,1,1
NMR-501359,Soldier,Colony-D,35.7,69,0.187,32.2,20.4,6.42,6.54,0.43,20,10,21.5,0,1
NMR-506269,Worker,Colony-C,29.6,60,0.325,32.1,16.0,4.15,10.25,0.164,20,9,18.36,0,1
NMR-509514,Queen,Colony-B,42.5,35,0.318,31.6,14.6,8.29,2.14,0.302,24,15,22.35,0,0
NMR-503149,Breeder,Colony-E,42.8,36,0.225,32.3,12.1,6.06,0.71,0.263,20,12,16.42,0,1
NMR-503710,Queen,Colony-E,38.3,39,0.307,31.7,18.0,6.66,6.28,0.443,34,10,19.6,0,1
NMR-508934,Worker,Colony-B,42.1,80,0.269,33.1,8.9,6.25,15.87,0.241,31,16,19.65,0,0
NMR-506258,Worker,Colony-B,31.5,66,0.285,32.4,13.0,6.61,9.42,0.117,27,10,18.08,0,1
NMR-505045,Queen,Colony-E,34.6,60,0.209,32.2,15.3,8.16,-1.77,0.403,36,9,22.55,1,1
NMR-505070,Worker,Colony-D,28.2,69,0.288,32.0,19.2,7.21,16.49,0.425,20,12,16.69,0,1
NMR-502422,Breeder,Colony-A,35.7,32,0.269,33.2,26.8,5.96,3.6,0.228,20,11,19.51,1,1
NMR-505722,Breeder,Colony-E,41.6,29,0.275,33.0,21.6,6.29,5.39,0.334,24,17,18.56,1,1
NMR-507444,Soldier,Colony-B,32.0,74,0.373,31.7,4.6,6.06,6.73,0.192,28,8,28.61,0,0
NMR-504648,Soldier,Colony-E,29.6,37,0.182,32.3,11.6,5.48,4.8,0.541,22,8,16.63,1,1
NMR-500578,Worker,Colony-A,37.4,50,0.183,32.5,17.5,7.65,18.12,0.579,25,7,30.05,1,1
NMR-501316,Worker,Colony-D,28.1,28,0.157,32.4,19.3,5.19,13.88,0.391,31,7,20.84,1,1
NMR-502332,Worker,Colony-A,26.8,43,0.227,33.0,20.7,6.71,20.54,0.355,22,12,20.8,0,1
NMR-509080,Queen,Colony-D,48.6,34,0.365,34.1,13.3,7.08,-2.15,0.268,29,9,22.82,0,0
NMR-502126,Soldier,Colony-B,29.6,160,0.279,33.8,11.5,5.81,5.72,0.108,24,11,17.21,1,0
NMR-502975,Queen,Colony-A,46.2,31,0.147,32.7,19.1,7.11,3.82,0.294,23,11,17.97,0,1
NMR-503042,Queen,Colony-B,41.7,109,0.148,32.6,8.0,6.48,1.26,0.204,24,11,20.57,0,1
NMR-509127,Worker,Colony-C,25.3,120,0.283,31.0,11.7,3.66,10.32,0.113,23,11,15.42,0,0
NMR-505341,Worker,Colony-A,22.8,44,0.249,31.8,21.0,8.71,11.74,0.149,23,6,14.21,1,1
NMR-506720,Worker,Colony-C,30.5,105,0.212,34.2,8.8,6.79,7.67,0.091,22,15,20.31,1,0
NMR-500195,Breeder,Colony-C,39.4,45,0.216,33.1,12.7,7.63,4.16,0.386,20,5,18.54,0,1
NMR-503257,Worker,Colony-C,25.1,60,0.211,32.6,18.0,6.62,24.49,0.133,23,10,19.15,1,0
NMR-507282,Soldier,Colony-E,34.0,26,0.261,30.9,22.4,6.67,9.39,0.46,17,10,15.23,1,1
NMR-509683,Worker,Colony-E,35.5,76,0.23,30.2,20.3,9.69,7.87,0.237,30,15,20.83,1,1
NMR-503820,Queen,Colony-B,44.8,24,0.317,32.1,12.2,4.68,-1.37,0.255,20,8,18.95,1,1
NMR-501476,Worker,Colony-B,37.7,48,0.19,32.1,32.1,7.68,10.29,0.233,30,10,17.77,1,0
NMR-502063,Worker,Colony-C,22.7,87,0.306,30.6,24.7,7.89,7.88,0.163,19,15,16.98,1,1
NMR-502291,Worker,Colony-D,19.9,45,0.238,30.5,10.2,6.3,9.78,0.214,31,21,19.32,0,0
NMR-504884,Worker,Colony-A,29.1,116,0.22,32.8,14.5,6.58,15.62,0.266,19,15,19.61,1,0
NMR-501606,Soldier,Colony-C,29.0,50,0.191,32.9,41.7,7.4,5.93,0.162,25,10,14.63,1,1
NMR-504742,Worker,Colony-E,33.5,113,0.218,30.7,51.8,7.71,7.48,0.302,26,18,21.6,1,0
NMR-507748,Breeder,Colony-B,36.5,66,0.405,30.9,13.1,5.39,4.25,0.26,23,11,16.95,0,0
NMR-506153,Worker,Colony-A,27.9,101,0.315,32.3,12.2,6.8,18.43,0.236,23,9,25.92,1,1
NMR-503373,Breeder,Colony-D,43.4,63,0.188,32.2,47.3,8.04,-0.36,0.13,32,11,21.82,1,1
NMR-508310,Soldier,Colony-C,30.3,156,0.473,30.9,13.6,6.73,4.23,0.553,24,10,22.0,0,0
NMR-508255,Worker,Colony-D,34.3,69,0.376,32.2,13.0,6.98,8.59,0.455,27,12,20.78,0,1
NMR-503279,Worker,Colony-A,37.4,26,0.144,33.2,13.1,8.12,9.97,0.263,21,10,27.06,1,0
NMR-501703,Worker,Colony-B,31.9,49,0.185,32.9,7.8,6.27,13.6,0.472,23,12,20.58,0,0
NMR-509871,Worker,Colony-A,26.0,66,0.345,32.4,11.5,6.19,10.67,0.253,27,9,17.02,0,1
NMR-503467,Worker,Colony-C,29.7,61,0.279,32.5,34.5,6.47,6.71,0.309,24,10,15.86,1,1
NMR-504844,Worker,Colony-B,29.2,34,0.252,34.2,13.9,5.74,9.92,0.094,25,9,20.2,1,0
NMR-508969,Soldier,Colony-A,29.7,62,0.209,33.4,20.1,8.29,22.95,0.322,12,7,17.7,1,1
NMR-506599,Breeder,Colony-C,37.6,55,0.282,32.3,31.6,9.84,3.83,0.398,28,5,22.21,1,1
NMR-500516,Worker,Colony-D,33.2,96,0.275,31.7,19.4,8.05,20.21,0.2,14,15,22.88,1,1
NMR-507352,Queen,Colony-A,47.7,62,0.189,31.8,12.2,7.69,7.76,0.267,16,11,18.62,1,1
NMR-507001,Queen,Colony-C,45.4,60,0.283,32.4,20.3,8.18,4.03,0.498,22,12,14.71,0,1
NMR-505897,Worker,Colony-D,25.2,81,0.207,31.8,29.9,7.27,11.78,0.361,31,5,25.83,0,1
NMR-501330,Worker,Colony-C,20.3,40,0.245,33.4,14.0,6.99,12.02,0.128,32,12,19.19,1,0
NMR-500374,Breeder,Colony-C,33.6,63,0.17,34.4,13.0,5.84,3.29,0.335,19,8,11.48,0,0
NMR-507922,Soldier,Colony-B,31.8,126,0.244,32.3,20.2,5.84,6.23,0.527,18,9,17.28,1,0
NMR-507781,Worker,Colony-C,19.2,39,0.228,31.9,17.2,6.92,15.1,0.568,37,7,19.34,0,1
NMR-509859,Worker,Colony-A,33.2,51,0.185,31.9,9.2,6.68,16.26,0.112,27,14,22.04,1,1
NMR-502984,Soldier,Colony-D,29.3,189,0.262,31.8,20.3,7.47,5.25,0.286,25,13,22.0,1,1
NMR-504904,Worker,Colony-D,28.0,75,0.251,32.2,18.3,7.24,12.78,0.379,32,19,24.65,1,1
NMR-504050,Soldier,Colony-B,39.9,46,0.174,31.8,24.7,7.44,11.66,0.269,20,14,19.81,1,0
NMR-507348,Breeder,Colony-E,34.4,200,0.236,32.2,33.1,7.52,5.27,0.429,26,9,18.1,1,1
NMR-509910,Worker,Colony-C,35.0,20,0.175,32.0,18.7,6.83,10.44,0.274,17,9,20.13,1,0
NMR-509872,Soldier,Colony-A,33.9,78,0.21,32.7,42.2,6.47,17.98,0.635,20,11,22.04,1,1
NMR-504913,Soldier,Colony-D,51.3,25,0.352,31.4,9.7,5.57,12.13,0.268,26,12,14.68,0,1
NMR-508358,Worker,Colony-A,37.8,26,0.251,32.4,5.1,4.67,17.95,0.301,15,11,18.43,0,1
NMR-506885,Soldier,Colony-C,28.0,67,0.195,32.3,33.8,5.69,9.94,0.354,17,9,14.38,1,1
NMR-504321,Worker,Colony-B,36.4,26,0.162,32.1,23.2,7.33,13.1,0.239,26,11,13.68,0,0
NMR-505704,Worker,Colony-C,27.3,43,0.214,30.5,32.9,5.69,10.38,0.256,20,8,20.04,1,0
NMR-500322,Worker,Colony-B,32.5,72,0.293,32.2,16.8,6.19,20.05,0.258,28,8,17.68,0,0
NMR-508344,Worker,Colony-B,14.7,83,0.334,34.1,29.4,6.69,14.72,0.543,27,8,20.67,1,0
NMR-509263,Worker,Colony-C,41.0,45,0.228,32.1,17.3,6.86,12.69,0.204,25,10,18.47,1,1
NMR-502983,Worker,Colony-E,29.9,55,0.357,32.1,30.9,6.84,14.83,0.185,30,8,15.01,0,1
NMR-503830,Breeder,Colony-C,43.4,61,0.366,33.3,10.8,7.12,10.15,0.393,28,14,23.2,0,0
NMR-507723,Worker,Colony-B,28.1,97,0.364,31.3,19.1,6.0,9.39,0.61,34,14,21.0,0,0
NMR-507220,Worker,Colony-C,32.4,41,0.076,30.9,20.7,7.74,15.75,0.306,19,11,22.23,1,0
NMR-504608,Soldier,Colony-C,30.9,67,0.38,32.8,8.9,6.05,2.35,0.369,23,16,16.35,0,0
NMR-504731,Worker,Colony-B,22.4,31,0.36,33.1,19.4,7.13,8.63,0.299,27,12,19.54,0,0
NMR-507377,Worker,Colony-B,32.2,42,0.262,30.7,17.6,6.33,27.95,0.34,20,7,22.01,0,0
NMR-504491,Soldier,Colony-E,35.5,40,0.261,33.9,22.0,6.62,8.37,0.316,25,10,20.82,1,1
NMR-505498,Worker,Colony-B,29.8,21,0.209,32.8,16.2,7.01,7.56,0.299,14,15,17.38,1,0
NMR-504395,Soldier,Colony-C,39.8,108,0.256,33.0,8.7,7.08,7.11,0.212,21,11,12.88,0,0
NMR-501825,Worker,Colony-E,21.4,42,0.171,31.8,12.1,8.69,14.97,0.167,30,10,19.68,1,0
NMR-503060,Worker,Colony-E,21.4,76,0.375,33.1,12.3,7.54,8.81,0.177,33,7,9.45,1,1
NMR-509709,Worker,Colony-B,24.3,37,0.5,30.5,22.4,5.25,10.3,0.484,20,15,20.94,0,0
NMR-506900,Worker,Colony-A,17.5,32,0.298,29.5,8.2,6.31,12.05,0.542,28,19,20.54,0,0
NMR-502250,Worker,Colony-E,30.0,41,0.174,32.8,13.7,8.52,11.64,0.375,28,8,19.53,1,0
NMR-502055,Soldier,Colony-C,39.8,41,0.279,31.2,14.1,8.02,10.27,0.334,26,10,23.42,1,0
NMR-503328,Worker,Colony-A,32.9,40,0.155,32.0,16.7,8.12,16.16,0.225,28,12,18.73,1,1
NMR-503958,Soldier,Colony-D,38.2,55,0.157,31.9,22.4,7.61,6.19,0.327,23,11,23.16,1,1
NMR-508391,Worker,Colony-B,24.7,76,0.188,31.7,23.7,6.55,8.63,0.204,25,9,18.68,1,0
NMR-503115,Worker,Colony-D,23.5,54,0.154,33.2,11.3,9.18,14.54,0.221,31,12,13.94,0,1
NMR-508343,Breeder,Colony-D,23.9,206,0.248,32.5,9.5,6.14,6.7,0.232,25,9,22.3,0,0
NMR-503125,Worker,Colony-C,37.9,105,0.293,32.5,10.1,7.48,6.33,0.34,25,9,13.26,0,0
NMR-503888,Worker,Colony-E,22.6,48,0.414,32.8,13.1,6.69,20.07,0.417,25,7,21.63,0,0
NMR-502440,Breeder,Colony-B,46.3,22,0.226,30.7,8.7,6.61,1.58,0.225,23,19,21.35,0,0
NMR-501572,Breeder,Colony-D,34.6,35,0.225,32.0,11.0,6.24,1.82,0.295,28,11,20.39,0,1
NMR-501908,Worker,Colony-D,30.8,63,0.424,32.4,7.8,6.84,19.76,0.267,27,10,20.82,0,1
NMR-506761,Queen,Colony-A,47.6,30,0.426,31.6,13.0,4.91,0.23,0.442,26,7,18.54,0,1
NMR-502457,Worker,Colony-D,27.6,58,0.208,32.1,34.7,7.7,17.27,0.689,25,19,21.86,1,1
NMR-501496,Worker,Colony-B,26.7,27,0.163,33.7,14.3,6.49,27.54,0.101,23,14,21.74,1,0
NMR-507226,Soldier,Colony-A,35.5,61,0.213,33.7,8.8,6.21,8.75,0.236,31,8,18.92,0,0
NMR-505223,Worker,Colony-D,34.7,65,0.351,32.0,32.3,6.05,6.58,0.199,25,7,17.08,1,1
NMR-503598,Worker,Colony-B,28.2,63,0.199,33.2,21.1,5.45,16.63,0.245,23,11,22.79,0,0
NMR-503138,Worker,Colony-C,38.3,48,0.33,32.8,32.0,6.72,9.38,0.621,29,14,18.95,1,0
NMR-502933,Worker,Colony-A,33.9,67,0.255,31.9,29.2,6.5,10.21,0.272,26,8,25.89,1,1
NMR-504727,Breeder,Colony-E,46.3,13,0.342,32.7,12.3,5.48,4.81,0.172,26,13,13.91,0,1
NMR-503969,Worker,Colony-D,24.3,98,0.203,33.3,22.1,4.17,13.87,0.172,34,16,16.14,1,0
NMR-508676,Worker,Colony-A,32.5,16,0.185,32.2,25.4,8.54,12.14,0.31,22,8,23.91,1,0
NMR-502152,Soldier,Colony-A,46.3,37,0.358,31.3,27.3,5.94,9.76,0.2,30,8,21.88,1,1
NMR-500595,Worker,Colony-C,28.7,60,0.295,33.7,11.0,5.93,12.71,0.286,24,8,24.05,0,0
NMR-504191,Worker,Colony-E,31.4,48,0.152,32.7,26.8,5.9,13.96,0.175,28,9,23.42,1,1
NMR-505327,Breeder,Colony-E,44.0,37,0.312,32.8,35.2,4.93,1.62,0.378,30,10,23.13,1,1
NMR-504178,Breeder,Colony-B,48.5,114,0.222,31.8,22.3,6.41,4.02,0.343,25,5,21.36,0,0
NMR-505617,Worker,Colony-C,38.8,39,0.326,34.6,29.9,8.69,6.26,0.548,23,9,21.01,1,0
NMR-500810,Worker,Colony-E,22.7,39,0.214,32.8,15.0,7.83,9.61,0.46,32,9,23.08,0,1
NMR-506277,Worker,Colony-A,19.7,94,0.172,32.0,11.5,8.58,10.05,0.164,20,11,22.13,0,1
NMR-500783,Queen,Colony-D,53.7,30,0.228,32.3,14.7,7.08,1.93,0.244,30,11,23.8,1,1
NMR-504123,Soldier,Colony-D,41.0,46,0.206,32.1,24.5,8.02,11.32,0.079,23,10,18.39,1,1
NMR-509011,Worker,Colony-C,27.3,82,0.211,32.4,16.8,7.67,10.04,0.307,24,6,22.07,1,1
NMR-505652,Breeder,Colony-C,35.2,51,0.196,33.0,32.2,6.98,6.26,0.469,21,8,13.78,0,1
NMR-503979,Worker,Colony-A,34.6,81,0.276,32.9,17.0,5.8,22.18,0.31,28,12,25.7,1,0
NMR-508517,Soldier,Colony-B,28.3,77,0.176,33.2,29.2,7.52,4.06,0.306,18,9,15.05,1,1
NMR-505540,Breeder,Colony-E,39.1,57,0.322,34.1,33.9,8.05,1.85,0.119,27,11,19.79,0,0
NMR-508163,Worker,Colony-C,30.8,103,0.152,31.5,29.0,6.69,19.29,0.396,18,13,19.55,1,1
NMR-502517,Worker,Colony-D,27.7,59,0.156,32.7,17.1,7.06,13.0,0.071,28,11,17.43,0,1
NMR-504168,Worker,Colony-A,23.0,42,0.231,31.9,12.3,6.55,13.89,0.407,26,10,20.08,0,0
NMR-503725,Queen,Colony-C,48.8,56,0.411,32.6,21.1,6.53,3.12,0.319,33,11,22.39,1,1
NMR-507620,Worker,Colony-A,28.6,28,0.353,32.6,25.3,6.21,22.77,0.762,25,7,25.66,1,1
NMR-503959,Worker,Colony-D,21.6,68,0.234,32.9,26.7,6.28,32.58,0.23,19,19,19.66,1,0
NMR-508017,Breeder,Colony-B,41.4,57,0.23,31.9,14.9,5.95,3.58,0.306,21,16,20.82,1,0
NMR-501554,Worker,Colony-A,17.4,34,0.249,32.0,26.5,6.05,15.89,0.088,27,5,16.37,1,0
NMR-502512,Worker,Colony-E,23.8,28,0.493,31.5,9.6,5.57,15.34,0.082,21,10,17.17,0,1
NMR-503296,Worker,Colony-B,34.9,67,0.241,33.3,25.8,7.29,12.23,0.272,27,17,15.9,0,0
NMR-506621,Worker,Colony-A,24.6,39,0.137,33.6,13.9,6.1,17.18,0.36,24,15,18.8,1,0
NMR-507300,Soldier,Colony-C,25.8,92,0.18,33.4,29.5,6.3,10.98,0.098,25,14,22.46,0,0
NMR-503055,Breeder,Colony-B,45.2,69,0.181,31.9,23.5,7.82,8.72,0.107,17,14,22.45,1,1
NMR-501273,Worker,Colony-B,27.5,62,0.155,32.3,19.8,7.14,15.16,0.109,21,12,22.21,1,1
NMR-508335,Worker,Colony-E,27.8,42,0.276,32.8,35.2,7.02,12.66,0.522,15,13,17.71,0,1
NMR-502030,Soldier,Colony-E,32.8,109,0.336,33.2,19.8,7.29,8.51,0.332,14,11,19.56,1,0
NMR-508606,Soldier,Colony-C,38.8,105,0.263,32.1,9.2,4.53,10.89,0.585,24,10,18.03,0,0
NMR-502075,Worker,Colony-B,29.1,36,0.242,33.3,16.2,7.37,5.42,0.27,23,9,19.1,0,0
NMR-501544,Worker,Colony-B,28.0,101,0.422,31.9,23.4,7.31,9.14,0.362,29,8,19.39,1,1
NMR-507664,Soldier,Colony-E,44.1,24,0.308,33.4,13.3,5.91,8.66,0.387,26,16,22.63,0,0
NMR-501042,Worker,Colony-E,34.7,44,0.185,33.4,37.7,6.76,8.27,0.262,28,12,24.73,1,0
NMR-505163,Worker,Colony-E,31.8,68,0.269,30.9,16.6,6.44,8.44,0.331,36,9,19.07,1,0
NMR-500400,Worker,Colony-B,40.2,48,0.314,32.4,21.2,7.68,9.81,0.534,27,7,18.2,0,0
NMR-502897,Worker,Colony-D,31.5,47,0.207,30.8,7.9,7.17,14.35,0.228,19,8,17.72,1,0
NMR-508861,Soldier,Colony-A,25.4,47,0.632,32.0,44.6,8.32,5.76,0.145,27,12,20.34,0,1
NMR-503071,Worker,Colony-C,36.8,131,0.229,32.5,15.8,5.59,8.26,0.284,24,11,22.72,0,0
NMR-506692,Worker,Colony-A,25.4,66,0.294,31.3,19.9,7.03,7.43,0.495,21,9,14.84,0,1
NMR-509253,Soldier,Colony-D,45.4,86,0.243,31.1,16.6,8.28,8.76,0.454,24,9,16.54,1,0
NMR-503813,Worker,Colony-B,27.3,25,0.382,31.7,28.8,8.07,12.33,0.546,25,10,17.32,0,0
NMR-502549,Soldier,Colony-A,34.8,67,0.266,33.7,15.3,6.41,12.12,0.176,24,10,12.47,0,0
NMR-500600,Worker,Colony-E,30.8,86,0.254,31.8,10.9,6.63,19.14,0.536,26,6,17.58,0,0
NMR-500154,Worker,Colony-A,26.1,34,0.286,34.0,15.5,8.04,15.18,0.04,19,13,17.63,0,0
NMR-507039,Worker,Colony-B,31.6,37,0.296,33.1,7.6,5.99,12.91,0.15,16,13,16.32,0,1
NMR-505245,Worker,Colony-C,27.7,79,0.212,32.0,17.8,6.52,11.5,0.428,15,13,14.13,0,1
NMR-507747,Worker,Colony-D,34.2,68,0.304,30.9,8.0,6.57,12.38,0.442,20,10,17.95,0,0
NMR-508973,Worker,Colony-A,32.8,81,0.296,32.6,21.6,7.41,9.06,0.489,20,11,21.51,1,1
NMR-509040,Worker,Colony-D,32.9,33,0.244,32.8,45.7,6.61,12.45,0.212,20,6,21.62,1,1
NMR-501237,Soldier,Colony-E,45.1,64,0.314,31.2,20.3,6.29,10.12,0.401,17,5,23.08,1,0
NMR-502033,Soldier,Colony-D,40.1,95,0.299,32.1,34.6,8.14,6.13,0.359,29,12,16.66,1,1
NMR-503108,Worker,Colony-C,19.6,138,0.255,33.4,38.1,6.86,9.73,0.233,28,8,21.93,1,1
NMR-503466,Soldier,Colony-D,30.0,65,0.26,33.4,20.9,6.07,9.5,0.185,21,11,18.12,1,0
NMR-507677,Soldier,Colony-C,36.2,161,0.345,32.6,10.3,5.36,10.7,0.548,20,9,17.69,0,0
NMR-504033,Soldier,Colony-D,33.0,28,0.2,30.2,37.7,4.73,5.73,0.24,26,14,13.26,0,1
NMR-503736,Queen,Colony-E,36.8,73,0.268,30.6,15.4,6.46,-2.42,0.324,27,10,25.07,1,0
NMR-505757,Worker,Colony-C,22.6,52,0.266,32.1,16.7,6.79,13.07,0.529,23,10,17.03,0,1
NMR-505270,Worker,Colony-C,43.6,68,0.329,30.5,35.1,7.38,14.11,0.371,24,17,18.27,1,0
NMR-501167,Worker,Colony-D,10.2,68,0.295,32.1,25.8,7.92,8.88,0.183,24,9,25.8,1,1
NMR-501940,Worker,Colony-E,35.1,114,0.216,33.5,23.4,6.74,14.79,0.302,25,12,18.58,1,0
NMR-504827,Worker,Colony-D,22.6,61,0.383,31.6,13.5,7.59,8.94,0.363,29,18,16.86,0,1
NMR-500498,Soldier,Colony-C,35.0,41,0.343,32.8,15.3,7.15,9.11,0.137,29,14,15.73,0,0
NMR-509676,Worker,Colony-C,24.8,62,0.229,31.1,9.4,6.61,9.23,0.233,24,8,24.95,1,0
NMR-500582,Breeder,Colony-C,34.4,64,0.37,32.4,26.3,6.75,1.51,0.448,29,13,14.76,0,1
NMR-503928,Breeder,Colony-E,31.7,44,0.187,32.4,11.3,7.75,3.98,0.245,39,5,25.47,1,1
NMR-508805,Worker,Colony-C,27.7,51,0.236,32.5,14.7,6.45,10.64,0.404,25,9,20.63,0,1
NMR-505130,Worker,Colony-D,29.8,64,0.256,30.9,26.4,5.84,10.59,0.282,19,16,27.84,0,0
NMR-500196,Worker,Colony-B,32.4,95,0.321,32.3,30.6,7.57,16.44,0.289,23,13,19.83,1,1
NMR-508955,Worker,Colony-E,21.0,43,0.315,33.7,16.3,5.82,16.19,0.671,24,14,27.44,1,1
NMR-509899,Worker,Colony-E,25.6,27,0.163,33.2,19.9,7.42,21.88,0.671,22,11,19.9,1,0
NMR-509622,Queen,Colony-C,27.7,83,0.235,31.9,15.5,7.98,-0.91,0.105,18,8,18.18,1,1
NMR-506029,Worker,Colony-A,28.9,58,0.245,31.6,7.6,6.87,21.36,0.597,30,10,23.18,1,0
NMR-504785,Worker,Colony-D,37.0,75,0.332,33.5,29.8,6.77,19.96,0.305,32,11,16.84,0,0
NMR-508170,Worker,Colony-B,30.5,25,0.202,31.7,18.2,7.31,17.32,0.249,19,6,19.74,1,1
NMR-508488,Worker,Colony-A,36.1,31,0.476,31.8,20.2,3.36,14.64,0.333,26,13,19.58,0,1
NMR-501642,Breeder,Colony-B,38.7,54,0.184,32.3,15.8,8.7,14.73,0.306,22,10,22.48,1,1
NMR-509722,Worker,Colony-D,25.1,83,0.352,32.4,42.7,6.57,13.94,0.143,21,8,18.78,1,1
NMR-504577,Worker,Colony-E,32.3,62,0.369,30.0,10.7,8.87,12.16,0.375,33,9,12.81,0,0
NMR-501646,Worker,Colony-D,32.3,111,0.502,32.7,21.2,6.87,15.33,0.471,26,10,20.54,0,0
NMR-506950,Queen,Colony-B,50.6,28,0.247,32.4,13.3,7.68,13.01,0.423,32,9,14.35,0,0
NMR-502358,Breeder,Colony-C,39.5,46,0.264,33.2,12.8,7.15,6.37,0.281,21,14,18.96,0,0
NMR-509681,Worker,Colony-D,23.5,52,0.312,31.8,20.7,6.75,15.1,0.269,24,12,24.22,1,0
NMR-509850,Worker,Colony-A,29.4,19,0.348,32.2,17.4,6.65,6.89,0.256,19,11,18.92,1,1
NMR-508842,Soldier,Colony-A,34.9,50,0.267,31.6,4.8,8.19,4.66,0.122,20,12,18.34,0,1
NMR-505509,Worker,Colony-B,32.8,49,0.345,33.1,25.1,8.45,10.39,0.372,37,8,18.3,0,0
NMR-509144,Worker,Colony-E,35.0,103,0.295,31.4,10.2,6.25,14.58,0.14,29,7,20.77,1,0
NMR-507497,Worker,Colony-E,23.7,64,0.263,31.2,5.8,5.85,14.54,0.349,20,13,17.89,0,0
NMR-507508,Soldier,Colony-B,41.8,48,0.187,32.7,32.6,6.19,8.66,0.526,20,14,9.94,1,0
NMR-501492,Worker,Colony-D,43.0,109,0.284,31.7,13.2,7.23,13.34,0.409,25,14,21.4,0,1
NMR-503225,Worker,Colony-E,37.3,61,0.469,32.3,10.1,6.81,14.96,0.287,13,13,15.97,0,1
NMR-501143,Worker,Colony-C,34.8,91,0.271,32.6,21.5,5.87,7.94,0.316,15,12,15.59,0,0
NMR-501310,Soldier,Colony-C,27.4,38,0.237,31.5,22.9,6.72,8.05,0.315,18,12,21.08,1,0
NMR-500818,Worker,Colony-E,33.5,67,0.274,31.4,21.9,5.62,13.94,0.096,25,14,19.56,1,0
NMR-505972,Breeder,Colony-E,49.2,66,0.268,31.7,16.2,5.26,10.64,0.534,22,7,17.23,0,0
NMR-504106,Worker,Colony-D,20.3,67,0.201,32.3,29.6,6.62,14.33,0.266,26,11,21.12,0,1
NMR-509503,Worker,Colony-A,36.4,38,0.219,32.8,37.3,6.37,18.05,0.365,30,16,19.92,1,0
NMR-501099,Soldier,Colony-E,32.9,53,0.26,32.8,37.9,6.1,14.27,0.249,31,10,15.73,0,1
NMR-507944,Breeder,Colony-A,26.1,29,0.177,31.1,14.4,6.91,9.82,0.6,22,8,21.89,1,0
NMR-500417,Breeder,Colony-B,38.1,71,0.212,32.5,12.6,8.22,27.11,0.411,27,11,17.49,0,1
NMR-508175,Worker,Colony-E,30.0,62,0.227,33.7,25.3,6.42,10.41,0.378,21,13,15.49,0,0
NMR-502043,Breeder,Colony-A,37.3,41,0.191,33.7,13.8,4.23,2.14,0.042,19,8,20.94,0,1
NMR-504769,Worker,Colony-B,41.5,97,0.284,31.1,27.1,5.41,8.37,0.103,33,9,19.46,0,0
NMR-508003,Worker,Colony-C,26.8,54,0.21,32.7,18.2,5.51,19.82,0.589,19,9,16.92,1,0
NMR-508845,Worker,Colony-C,25.8,33,0.182,30.2,32.5,5.36,8.87,0.273,29,8,26.15,1,0
NMR-502692,Queen,Colony-A,40.0,39,0.422,30.6,18.3,5.76,1.02,0.152,29,15,18.27,0,1
NMR-500729,Worker,Colony-D,34.2,89,0.238,33.3,20.9,6.82,13.7,0.258,16,16,20.63,0,0
NMR-505510,Breeder,Colony-A,40.0,24,0.185,31.8,12.5,8.55,2.39,0.261,30,18,17.15,1,0
NMR-502836,Worker,Colony-E,29.6,55,0.166,34.1,13.2,5.51,9.05,0.422,30,8,20.28,0,0
NMR-501565,Worker,Colony-A,23.6,97,0.179,32.4,11.2,9.12,7.7,0.253,21,12,17.19,0,1
NMR-507185,Worker,Colony-D,25.2,47,0.197,32.6,13.0,6.05,13.41,0.27,25,9,22.64,0,1
NMR-501491,Breeder,Colony-B,40.6,51,0.25,31.2,16.5,8.47,13.46,0.321,24,8,22.9,0,0
NMR-509356,Worker,Colony-D,33.9,49,0.345,33.0,13.5,8.16,23.34,0.356,23,9,16.99,0,0
NMR-504757,Breeder,Colony-A,34.8,59,0.181,32.4,26.7,6.32,9.57,0.335,29,10,18.97,1,1
NMR-509212,Breeder,Colony-E,40.7,38,0.229,31.6,20.4,7.13,0.49,0.203,25,11,21.24,0,0
NMR-505560,Queen,Colony-E,42.1,60,0.358,32.6,37.6,7.17,4.96,0.383,16,19,15.86,1,1
NMR-509793,Worker,Colony-B,35.6,52,0.238,32.3,14.3,5.57,26.49,0.049,29,8,19.51,0,1
NMR-505091,Worker,Colony-D,35.4,42,0.298,30.9,19.0,7.19,20.72,0.409,25,14,23.28,1,0
NMR-506661,Soldier,Colony-D,35.0,57,0.26,32.1,56.8,4.41,7.52,0.372,20,10,16.75,1,1
NMR-503505,Breeder,Colony-B,43.6,36,0.197,32.2,24.6,5.18,2.6,0.5,18,7,18.88,1,1
NMR-508925,Breeder,Colony-D,30.7,42,0.238,31.4,12.6,6.51,0.76,0.432,20,8,21.77,0,1
NMR-509888,Breeder,Colony-A,36.2,32,0.418,32.1,10.0,5.33,15.15,0.503,26,6,17.53,0,1
NMR-506532,Worker,Colony-D,32.4,46,0.232,31.9,35.4,6.15,16.14,0.512,12,12,20.1,1,1
NMR-506899,Worker,Colony-C,37.0,62,0.253,32.0,19.5,6.53,17.02,0.3,17,14,19.75,0,0
NMR-508199,Worker,Colony-E,27.9,34,0.235,31.7,35.8,4.55,8.9,0.503,28,11,21.88,1,1
NMR-500823,Soldier,Colony-C,34.0,95,0.321,32.9,18.3,8.87,31.02,0.124,33,11,19.65,0,0
NMR-505899,Breeder,Colony-A,41.4,21,0.204,31.6,22.6,5.02,0.77,0.393,17,10,20.14,0,1
NMR-503728,Worker,Colony-E,31.9,45,0.274,31.5,47.1,6.42,16.31,0.232,27,4,20.02,1,1
NMR-509267,Soldier,Colony-B,25.6,70,0.236,32.4,26.5,6.87,6.79,0.275,24,9,13.19,1,1
NMR-506880,Soldier,Colony-C,31.6,38,0.284,32.2,13.2,7.4,15.48,0.223,18,11,17.85,0,0
NMR-501928,Worker,Colony-A,21.5,62,0.312,32.9,18.0,7.18,27.6,0.149,22,15,25.61,1,0
NMR-504750,Breeder,Colony-A,33.5,119,0.13,32.6,22.5,4.89,17.03,0.526,27,11,16.89,1,0
NMR-501336,Worker,Colony-D,23.5,87,0.191,32.6,45.3,7.1,27.96,0.374,19,13,22.01,1,1
NMR-509382,Worker,Colony-A,30.0,57,0.299,32.3,81.2,7.71,11.42,0.046,19,10,21.97,1,1
NMR-502158,Breeder,Colony-D,37.1,90,0.328,33.4,17.4,7.05,6.56,0.251,18,8,19.6,0,0
NMR-508216,Breeder,Colony-B,38.1,85,0.227,32.0,17.6,6.36,19.02,0.319,23,12,19.68,1,1
NMR-500887,Breeder,Colony-D,37.7,29,0.345,31.6,16.6,6.13,5.64,0.424,23,16,18.96,0,1
NMR-502993,Worker,Colony-A,33.5,40,0.273,32.6,17.4,7.53,13.1,0.415,25,11,21.23,1,0
NMR-500976,Worker,Colony-C,32.6,20,0.313,32.7,27.3,8.24,14.63,0.588,23,8,24.01,1,0
NMR-501898,Soldier,Colony-E,40.1,76,0.268,32.0,14.9,8.9,11.22,0.177,21,15,22.54,1,1
NMR-503672,Worker,Colony-B,31.7,25,0.19,32.1,23.3,4.81,15.08,0.35,25,11,13.66,0,1
NMR-506509,Worker,Colony-E,37.2,48,0.221,33.7,13.4,7.08,11.72,0.151,26,9,20.23,1,0
NMR-506483,Worker,Colony-E,28.6,128,0.231,31.7,15.7,7.03,13.12,0.366,31,8,12.82,1,1
NMR-506198,Worker,Colony-E,31.6,38,0.253,33.2,27.3,7.18,13.64,0.338,19,17,17.79,1,0
NMR-509881,Breeder,Colony-A,37.7,47,0.236,32.5,19.4,5.23,4.13,0.267,26,11,21.43,0,1
NMR-500253,Worker,Colony-A,30.2,61,0.327,32.5,18.4,5.37,10.63,0.133,21,11,21.51,0,0
NMR-506121,Worker,Colony-B,34.5,70,0.173,32.4,28.3,6.13,11.26,0.277,23,13,18.23,1,0
NMR-503069,Worker,Colony-A,33.9,126,0.259,31.1,24.0,7.31,15.0,0.206,12,10,16.84,0,1
NMR-503078,Worker,Colony-D,25.7,62,0.241,31.7,11.4,5.88,9.51,0.311,24,10,19.45,0,1
NMR-509585,Soldier,Colony-E,32.7,47,0.314,31.9,26.9,4.74,7.73,0.427,19,14,17.05,0,1
NMR-505078,Worker,Colony-A,20.3,11,0.125,31.4,20.7,5.98,7.25,0.541,25,10,18.14,1,1
NMR-501199,Worker,Colony-D,28.9,39,0.337,32.2,9.0,7.72,16.41,0.404,33,11,13.06,0,1
NMR-507814,Worker,Colony-B,34.6,56,0.205,32.7,23.9,4.72,13.96,0.144,24,10,25.86,1,0
NMR-509922,Worker,Colony-D,33.0,52,0.232,31.7,15.8,6.97,7.14,0.251,19,13,24.23,1,1
NMR-507942,Queen,Colony-E,42.8,96,0.207,31.7,33.7,4.95,2.53,0.184,20,10,19.16,1,0
NMR-507715,Soldier,Colony-D,34.2,99,0.254,31.7,26.3,8.86,9.57,0.283,20,9,16.58,1,1
NMR-503610,Worker,Colony-D,31.7,52,0.126,32.5,15.6,8.23,8.91,0.127,19,10,19.54,1,1
NMR-506050,Worker,Colony-B,33.3,119,0.313,30.8,25.9,8.98,8.92,0.375,27,10,17.69,0,1
NMR-503483,Soldier,Colony-D,41.2,41,0.188,31.2,17.1,6.07,11.05,0.314,21,9,21.66,0,0
NMR-505140,Worker,Colony-C,29.2,93,0.222,33.4,18.6,6.41,12.37,0.4,31,11,19.54,1,0
NMR-507369,Worker,Colony-A,39.9,81,0.151,32.1,15.1,5.06,32.37,0.232,25,13,20.61,1,0
NMR-500847,Worker,Colony-B,30.7,31,0.243,32.5,21.3,7.48,15.05,0.52,18,8,23.57,1,0
NMR-508205,Breeder,Colony-E,37.4,122,0.375,32.0,39.4,8.44,8.85,0.425,26,12,25.75,0,1
NMR-506459,Worker,Colony-E,32.2,34,0.178,33.2,9.7,6.14,8.09,0.28,24,10,19.01,1,1
NMR-504842,Soldier,Colony-E,30.8,55,0.208,32.3,9.0,5.61,10.96,0.216,17,14,20.28,1,1
NMR-500202,Queen,Colony-B,51.9,30,0.208,31.8,22.9,5.9,6.52,0.121,24,17,15.27,0,1
NMR-508454,Breeder,Colony-A,38.2,60,0.235,32.6,13.0,6.32,10.75,0.097,30,7,26.87,1,0
NMR-504576,Soldier,Colony-D,37.3,75,0.255,32.1,11.9,5.96,3.26,0.251,29,19,22.04,1,0
NMR-507758,Soldier,Colony-E,35.9,84,0.168,32.0,21.8,6.3,13.07,0.483,25,5,13.56,0,1
NMR-507236,Soldier,Colony-D,40.0,35,0.342,31.2,7.6,7.44,5.69,0.098,28,5,22.35,0,0
NMR-508863,Soldier,Colony-B,40.4,138,0.292,31.2,29.2,7.15,5.2,0.131,28,10,20.56,0,0
NMR-501255,Soldier,Colony-D,30.2,30,0.368,31.0,18.4,7.84,8.83,0.199,26,14,22.67,0,0
NMR-507495,Breeder,Colony-A,45.7,46,0.183,33.7,13.4,5.68,5.13,0.477,25,11,16.87,0,0
NMR-509836,Soldier,Colony-D,37.1,78,0.537,33.0,20.6,5.35,11.26,0.162,32,10,17.92,0,0
NMR-509024,Worker,Colony-B,31.4,61,0.225,31.5,24.9,6.84,10.86,0.168,31,12,23.82,1,1
NMR-503334,Worker,Colony-C,37.2,38,0.145,32.6,16.6,5.5,15.65,0.201,23,19,20.71,1,1
NMR-505700,Worker,Colony-D,17.7,70,0.19,31.5,23.3,8.7,8.64,0.225,22,15,21.89,0,1
NMR-502886,Worker,Colony-C,32.3,94,0.427,31.6,15.7,7.38,21.71,0.391,30,9,19.01,0,0
NMR-501693,Worker,Colony-E,28.3,70,0.321,33.7,7.1,6.69,13.97,0.241,25,11,15.38,0,0
NMR-509467,Worker,Colony-A,33.9,86,0.205,32.1,28.9,7.45,13.85,0.307,23,9,18.97,1,1
NMR-500859,Worker,Colony-E,30.8,44,0.311,33.3,26.8,6.27,9.66,0.171,30,13,18.34,1,1
NMR-502728,Worker,Colony-B,35.4,56,0.22,32.5,28.7,4.7,13.35,0.104,34,8,17.04,1,1
NMR-508092,Soldier,Colony-B,45.9,79,0.275,32.7,17.6,6.52,9.83,0.213,27,18,20.45,1,0
NMR-502808,Worker,Colony-C,41.4,32,0.2,31.8,7.8,6.37,12.83,0.09,21,12,13.57,0,1
NMR-509588,Soldier,Colony-C,31.8,100,0.223,33.1,13.9,5.38,18.36,0.477,13,8,16.2,0,0
NMR-509818,Worker,Colony-D,31.0,104,0.237,31.8,23.1,6.38,10.71,0.536,26,12,14.42,0,1
NMR-501878,Soldier,Colony-E,43.5,127,0.247,31.9,25.5,7.12,20.02,0.295,17,15,19.44,1,1
NMR-507358,Worker,Colony-A,28.1,27,0.142,32.7,16.1,5.16,9.29,0.218,28,16,12.04,0,1
NMR-505764,Worker,Colony-E,31.4,46,0.335,31.5,17.8,6.67,29.06,0.64,22,11,24.36,1,1
NMR-501036,Worker,Colony-B,35.6,61,0.384,32.6,41.5,6.39,10.64,0.168,32,12,21.46,0,1
NMR-501450,Queen,Colony-B,52.7,42,0.272,33.0,19.8,6.92,-2.32,0.196,23,13,18.27,0,0
NMR-509309,Worker,Colony-D,38.6,126,0.173,32.9,9.3,8.41,23.98,0.245,28,12,23.11,1,1
NMR-502172,Soldier,Colony-E,43.6,95,0.125,31.6,18.2,6.69,15.31,0.153,21,16,21.66,1,1
NMR-502986,Breeder,Colony-D,43.9,35,0.242,33.3,14.9,7.45,1.76,0.141,27,8,14.53,0,0
NMR-500121,Queen,Colony-A,34.9,56,0.351,33.4,35.9,7.71,14.42,0.296,15,13,18.18,0,0
NMR-506383,Soldier,Colony-C,31.4,39,0.313,32.3,11.3,7.96,8.13,0.262,17,8,19.55,0,0
NMR-500441,Worker,Colony-E,16.7,50,0.168,31.7,35.0,7.33,27.27,0.249,28,8,19.2,1,1
NMR-503297,Breeder,Colony-E,36.0,49,0.238,32.6,35.2,6.76,8.21,0.09,23,11,17.92,1,0
NMR-507744,Queen,Colony-C,31.1,38,0.242,32.0,30.8,6.74,-1.74,0.31,23,9,15.8,1,1
NMR-508186,Soldier,Colony-C,31.4,24,0.254,33.0,11.6,8.19,2.56,0.572,22,9,20.67,1,0
NMR-507027,Worker,Colony-E,31.9,35,0.194,32.5,18.6,6.31,10.52,0.153,30,13,13.89,0,1
NMR-503856,Queen,Colony-D,40.4,62,0.185,32.7,12.9,8.27,-3.32,0.167,28,14,17.63,0,1
NMR-505224,Worker,Colony-A,24.1,64,0.164,31.1,15.0,6.01,7.11,0.301,21,11,20.68,0,0
NMR-503593,Worker,Colony-C,35.5,145,0.235,31.8,10.6,5.81,5.49,0.072,31,11,14.32,0,0
NMR-500391,Soldier,Colony-A,30.5,73,0.282,33.0,23.3,5.91,7.38,0.241,35,11,25.28,1,0
NMR-507055,Worker,Colony-E,16.7,48,0.206,32.5,25.8,6.48,11.66,0.445,27,18,25.18,1,0
NMR-508171,Soldier,Colony-B,40.4,131,0.344,31.8,17.1,7.27,12.4,0.109,25,10,19.2,0,1
NMR-507929,Worker,Colony-E,34.6,60,0.3,32.4,18.5,8.24,12.39,0.158,26,12,25.64,1,1
NMR-502240,Worker,Colony-E,24.9,35,0.278,31.5,37.8,5.47,16.38,0.242,19,9,21.98,1,1
NMR-507337,Worker,Colony-B,29.4,60,0.138,33.0,30.0,4.79,18.04,0.416,30,10,22.76,1,1
NMR-509977,Soldier,Colony-D,32.7,43,0.245,31.7,45.2,8.74,7.32,0.299,20,14,18.55,1,0
NMR-505195,Worker,Colony-C,36.2,87,0.241,32.0,11.1,4.94,6.7,0.427,26,11,16.62,0,0
NMR-500904,Queen,Colony-B,54.8,60,0.216,33.4,19.3,6.63,7.67,0.18,28,17,19.89,0,0
NMR-503658,Soldier,Colony-D,20.2,39,0.38,33.9,29.8,5.07,4.45,0.069,24,13,13.89,1,1
NMR-500424,Soldier,Colony-C,24.9,61,0.274,32.0,17.4,7.09,8.04,0.257,25,13,20.91,1,1
NMR-507979,Worker,Colony-C,28.4,247,0.242,32.4,6.5,7.6,14.54,0.078,34,13,13.07,0,1
NMR-506346,Queen,Colony-E,39.6,129,0.253,33.3,10.1,7.7,5.42,0.288,25,11,18.54,0,1
NMR-507407,Breeder,Colony-D,35.6,25,0.182,32.6,19.7,5.4,5.73,0.37,25,14,17.9,1,1
NMR-508384,Worker,Colony-C,34.8,34,0.369,31.4,7.0,5.8,15.47,0.192,33,13,24.45,0,1
NMR-504978,Worker,Colony-D,19.1,90,0.255,31.9,23.4,5.28,46.25,0.125,26,3,18.82,1,0
NMR-506575,Soldier,Colony-C,26.6,27,0.202,33.3,16.9,8.3,10.9,0.329,25,7,18.19,0,0
NMR-502823,Worker,Colony-E,26.8,19,0.238,33.3,9.6,5.99,10.89,0.459,22,10,13.22,0,1
NMR-504366,Breeder,Colony-B,45.5,49,0.303,31.8,24.3,5.46,3.84,0.28,25,13,23.99,1,1
NMR-500851,Worker,Colony-B,31.9,107,0.132,32.6,19.6,9.62,23.56,0.309,20,9,21.12,1,1
NMR-500596,Worker,Colony-C,28.4,76,0.229,33.5,33.8,7.79,30.26,0.093,24,10,20.89,1,0
NMR-501976,Worker,Colony-B,31.0,42,0.294,32.6,9.1,8.56,9.89,0.2,20,8,23.05,0,0
NMR-501331,Worker,Colony-B,33.4,45,0.215,31.2,6.3,7.53,17.07,0.213,21,15,20.52,0,0
NMR-507971,Worker,Colony-E,27.9,40,0.316,33.1,12.9,5.96,8.14,0.422,22,9,20.76,0,1
NMR-504557,Soldier,Colony-C,34.0,29,0.336,32.7,11.5,7.47,17.8,0.388,20,19,15.7,0,0
NMR-505271,Soldier,Colony-D,27.3,38,0.263,33.4,10.4,6.81,19.89,0.251,26,17,22.58,0,0
NMR-505053,Worker,Colony-D,24.7,82,0.269,33.7,11.9,8.12,12.65,0.262,25,15,20.88,1,0
NMR-505055,Worker,Colony-A,27.3,107,0.159,31.5,29.8,6.12,16.79,0.337,16,9,21.61,1,0
NMR-501639,Worker,Colony-E,32.7,48,0.189,31.5,35.4,5.77,9.21,0.151,28,14,15.54,1,1
NMR-501375,Worker,Colony-D,31.4,65,0.274,32.6,18.4,6.12,12.56,0.246,25,12,21.65,0,0
NMR-508900,Soldier,Colony-E,38.0,37,0.566,32.4,12.4,6.68,11.3,0.192,17,14,13.66,0,1
NMR-506597,Worker,Colony-E,29.6,53,0.202,32.6,12.2,4.89,12.54,0.107,29,16,21.93,1,0
NMR-506324,Worker,Colony-E,34.8,30,0.216,32.5,14.7,6.63,9.9,0.207,27,6,26.75,0,1
NMR-503379,Worker,Colony-C,25.1,57,0.178,32.7,27.7,6.48,10.25,0.295,22,9,15.93,0,1
NMR-507544,Soldier,Colony-D,26.1,66,0.172,31.3,11.5,8.05,5.7,0.453,19,12,26.17,1,1
NMR-502877,Worker,Colony-B,26.2,51,0.265,33.4,30.0,9.25,13.57,0.216,16,5,23.86,1,0
NMR-500275,Queen,Colony-E,39.0,36,0.181,31.6,14.2,8.77,1.53,0.135,28,11,20.14,0,0
NMR-504793,Worker,Colony-D,28.7,45,0.383,33.5,13.6,6.18,9.74,0.211,25,17,16.98,0,0
NMR-504500,Worker,Colony-E,26.1,47,0.173,32.9,25.6,9.34,12.04,0.271,21,5,16.6,1,0
NMR-501723,Worker,Colony-A,15.1,34,0.145,31.4,14.5,6.92,14.21,0.374,28,10,22.34,1,1
NMR-509172,Soldier,Colony-C,36.6,33,0.208,32.6,22.7,7.53,14.41,0.317,26,8,20.02,1,0
NMR-502610,Soldier,Colony-D,29.9,23,0.188,31.8,20.3,3.65,8.77,0.101,23,10,21.14,0,1
NMR-503944,Queen,Colony-C,45.6,44,0.236,32.2,43.2,8.29,3.09,0.143,28,13,18.65,0,0
NMR-501994,Soldier,Colony-C,30.2,47,0.166,32.4,16.4,8.35,9.66,0.193,26,6,25.21,0,1
NMR-509128,Worker,Colony-C,33.5,34,0.411,32.4,67.9,6.7,22.29,0.349,23,11,17.73,1,1
NMR-506503,Soldier,Colony-C,34.0,54,0.187,33.6,7.6,6.95,17.72,0.061,23,12,17.29,0,0
NMR-501403,Worker,Colony-C,26.7,55,0.299,32.3,21.5,6.8,25.34,0.451,27,9,24.63,1,0
NMR-507582,Worker,Colony-D,35.7,21,0.17,32.4,23.2,7.13,11.97,0.41,26,10,19.67,1,0
NMR-509632,Worker,Colony-D,20.7,45,0.156,32.7,12.5,6.81,15.08,0.374,24,8,24.55,1,1
NMR-505376,Worker,Colony-A,37.1,81,0.236,31.8,8.5,8.1,12.23,0.39,18,8,22.61,0,1
NMR-505804,Worker,Colony-C,24.5,68,0.284,32.7,44.5,6.92,15.64,0.366,21,9,21.58,1,0
NMR-503970,Soldier,Colony-D,33.7,41,0.296,32.5,9.4,6.16,7.17,0.083,23,9,22.04,0,1
NMR-509038,Soldier,Colony-B,30.6,61,0.205,30.9,13.8,5.22,19.84,0.2,17,13,6.39,0,0
NMR-505983,Soldier,Colony-D,37.4,82,0.219,32.9,11.3,7.76,6.45,0.151,28,9,14.69,0,1
NMR-507281,Soldier,Colony-A,37.9,9,0.179,33.2,16.1,6.22,5.53,0.251,29,13,24.52,0,1
NMR-501413,Worker,Colony-A,40.7,106,0.214,31.8,21.9,5.62,7.95,0.4,24,8,18.53,1,0
NMR-503877,Worker,Colony-A,28.8,26,0.501,30.4,18.2,5.63,9.09,0.527,19,7,16.76,0,1
NMR-504734,Worker,Colony-C,25.2,42,0.272,33.0,14.8,6.93,8.8,0.268,28,10,18.09,0,0
NMR-509948,Worker,Colony-E,36.5,80,0.183,32.6,33.1,7.43,15.0,0.449,20,11,23.1,1,1
NMR-502667,Worker,Colony-B,25.5,38,0.23,32.1,43.3,6.7,10.87,0.367,22,7,18.86,1,1
NMR-504474,Worker,Colony-D,30.2,108,0.338,29.8,18.1,6.34,6.95,0.169,30,7,18.69,0,0
NMR-508803,Worker,Colony-A,39.8,60,0.299,33.4,20.7,7.45,9.42,0.232,31,14,17.8,1,0
NMR-503824,Worker,Colony-D,35.3,39,0.182,32.4,33.1,7.92,19.25,0.226,16,10,17.5,1,0
NMR-503468,Worker,Colony-C,29.2,35,0.254,31.7,23.1,6.56,14.57,0.191,23,10,16.56,1,1
NMR-501659,Soldier,Colony-A,25.4,44,0.217,32.4,13.8,7.51,6.39,0.295,24,4,22.44,1,0
NMR-506314,Breeder,Colony-E,42.9,53,0.272,31.7,14.5,8.17,7.92,0.061,23,14,18.13,1,1
NMR-501137,Worker,Colony-E,28.3,71,0.263,32.1,12.5,5.81,8.97,0.353,19,16,15.58,0,1
NMR-506891,Soldier,Colony-C,28.9,81,0.239,32.2,16.2,7.15,14.91,0.274,28,13,20.39,1,1
NMR-500128,Breeder,Colony-D,46.4,71,0.22,32.2,16.3,7.98,7.01,0.531,20,10,15.0,0,1
NMR-508882,Worker,Colony-C,29.1,42,0.234,32.5,11.2,6.72,16.19,0.271,28,8,20.53,0,0
NMR-502188,Worker,Colony-E,20.3,93,0.21,32.1,16.4,6.67,9.18,0.165,26,8,20.03,0,1
NMR-508659,Worker,Colony-E,38.2,71,0.294,32.2,23.0,9.44,11.59,0.082,17,15,19.94,1,1
NMR-508912,Soldier,Colony-E,30.1,99,0.188,30.3,19.6,7.53,8.36,0.057,20,13,17.71,1,1
NMR-505388,Soldier,Colony-B,38.3,81,0.181,30.7,46.6,5.03,12.25,0.455,25,13,21.16,1,0
NMR-502699,Worker,Colony-C,26.3,91,0.142,32.3,14.0,4.56,12.68,0.324,21,10,19.86,1,0
NMR-500190,Worker,Colony-A,35.8,31,0.248,32.9,20.2,8.49,31.5,0.146,32,12,16.23,0,0
NMR-502338,Soldier,Colony-D,34.3,52,0.433,33.7,13.9,9.0,12.4,0.33,28,10,22.7,0,0
NMR-509222,Worker,Colony-D,29.8,44,0.182,31.9,20.3,7.26,10.26,0.513,30,6,18.55,1,1
NMR-500788,Soldier,Colony-D,38.0,66,0.216,32.9,22.0,6.93,15.41,0.376,22,13,17.37,1,1
NMR-506236,Soldier,Colony-B,33.5,40,0.197,32.0,18.3,5.78,9.26,0.321,14,15,14.85,0,1
NMR-509804,Worker,Colony-D,27.1,71,0.204,32.6,27.8,5.09,11.3,0.374,16,9,16.96,1,0
NMR-503049,Worker,Colony-C,22.2,51,0.197,32.9,21.4,8.24,23.73,0.153,25,14,19.64,1,0
NMR-503453,Worker,Colony-C,32.0,56,0.278,32.0,20.0,6.49,12.73,0.235,22,15,17.5,0,1
NMR-507395,Worker,Colony-C,30.7,101,0.287,32.0,25.2,7.23,15.6,0.29,31,6,16.27,0,1
NMR-509883,Worker,Colony-D,35.0,42,0.34,31.3,19.3,7.68,8.37,0.34,23,8,15.74,0,0
NMR-501895,Soldier,Colony-D,27.5,79,0.183,31.8,21.2,8.42,14.54,0.237,24,18,19.93,0,1
NMR-507188,Worker,Colony-C,21.6,63,0.337,31.8,17.9,7.14,11.79,0.164,20,13,21.53,0,1
NMR-505854,Worker,Colony-B,27.7,71,0.256,32.5,10.9,6.91,8.36,0.182,16,18,19.65,0,1
NMR-500919,Worker,Colony-E,34.8,44,0.329,32.4,20.5,7.08,9.48,0.276,25,12,19.39,0,1
NMR-506524,Breeder,Colony-B,37.3,83,0.316,31.9,28.8,8.21,9.41,0.052,25,7,17.3,0,1
NMR-503881,Worker,Colony-D,28.2,94,0.209,31.1,27.4,6.68,14.36,0.31,26,19,21.48,1,0
NMR-506807,Worker,Colony-A,30.6,16,0.276,32.2,23.7,7.0,6.66,0.387,23,11,16.22,0,0
NMR-503139,Worker,Colony-A,37.0,101,0.465,32.8,23.1,6.41,13.09,0.263,25,14,14.71,0,0
NMR-501764,Worker,Colony-C,18.9,60,0.316,31.6,19.1,6.27,17.45,0.273,21,11,17.84,0,0
NMR-508084,Soldier,Colony-E,26.2,22,0.229,32.1,22.0,7.46,15.35,0.621,22,8,17.72,1,0
NMR-500397,Soldier,Colony-A,41.3,92,0.25,32.0,16.3,7.3,16.13,0.195,25,10,19.75,1,1
NMR-504289,Worker,Colony-D,32.5,34,0.234,31.7,29.8,5.43,18.99,0.527,21,4,23.49,1,1
NMR-504867,Soldier,Colony-A,28.0,44,0.431,31.1,15.6,7.24,9.19,0.217,20,14,21.88,0,0
NMR-508806,Worker,Colony-A,32.0,106,0.186,33.6,14.5,7.4,13.36,0.415,32,13,20.6,1,0
NMR-501801,Soldier,Colony-C,38.6,67,0.323,31.7,25.6,5.11,9.77,0.483,33,10,18.05,0,1
NMR-507774,Soldier,Colony-A,39.8,100,0.176,33.8,20.4,5.92,7.87,0.103,17,13,16.52,1,0
NMR-509880,Soldier,Colony-C,29.2,63,0.191,32.1,20.8,4.91,7.75,0.287,28,14,19.35,1,1
NMR-502271,Breeder,Colony-E,31.1,68,0.345,33.6,26.2,4.53,7.99,0.269,29,13,15.54,1,0
NMR-506134,Queen,Colony-B,38.2,48,0.307,32.0,17.3,7.31,3.83,0.53,22,17,19.34,1,1
NMR-508716,Worker,Colony-E,28.9,49,0.332,32.5,23.5,7.85,12.59,0.352,21,10,17.6,0,1
NMR-507819,Worker,Colony-B,26.9,43,0.368,33.8,32.5,6.48,13.79,0.507,26,7,13.06,1,0
NMR-509802,Breeder,Colony-B,32.7,57,0.215,31.7,17.3,7.16,0.66,0.181,21,7,22.11,1,1
NMR-501880,Soldier,Colony-E,37.8,54,0.257,30.8,23.0,7.74,12.14,0.383,24,14,16.71,1,0
NMR-501970,Breeder,Colony-B,41.7,22,0.155,32.1,16.2,5.68,0.03,0.245,24,16,17.9,1,1
NMR-508038,Soldier,Colony-B,35.0,129,0.336,31.7,19.6,5.79,7.71,0.536,28,12,18.32,0,0
NMR-505964,Worker,Colony-D,24.5,80,0.279,32.2,19.9,6.88,42.54,0.577,24,10,24.57,1,1
NMR-508263,Soldier,Colony-E,27.3,74,0.196,31.6,8.6,8.43,9.58,0.391,34,6,20.3,1,1
NMR-503524,Worker,Colony-E,16.6,70,0.191,31.4,17.9,2.98,18.19,0.303,28,18,18.79,1,0
NMR-508853,Soldier,Colony-B,35.8,93,0.464,30.1,6.6,6.84,8.5,0.215,22,8,15.63,0,0
NMR-507434,Worker,Colony-E,24.6,114,0.279,32.1,19.9,8.62,15.59,0.167,24,10,15.35,0,1
NMR-508197,Worker,Colony-D,36.6,122,0.324,31.9,17.4,5.18,11.47,0.099,31,12,16.67,0,0
NMR-507873,Soldier,Colony-D,19.8,140,0.291,30.1,22.0,7.67,14.95,0.553,22,8,19.69,0,1
NMR-504464,Worker,Colony-A,24.2,28,0.343,30.4,10.3,5.3,13.27,0.292,20,7,25.36,0,1
NMR-508327,Soldier,Colony-E,26.9,70,0.21,31.9,38.7,6.73,9.35,0.297,27,12,24.8,1,1
NMR-506301,Queen,Colony-D,43.1,44,0.214,34.3,32.2,8.42,11.58,0.105,21,10,26.24,0,0
NMR-504814,Breeder,Colony-B,47.1,43,0.257,32.5,16.7,6.71,13.69,0.185,23,9,18.62,0,1
NMR-500597,Worker,Colony-D,42.5,56,0.136,32.0,16.0,5.95,7.54,0.343,21,12,19.02,1,1
NMR-507406,Breeder,Colony-A,37.3,143,0.216,32.7,37.1,7.07,3.83,0.518,17,22,21.42,1,1
NMR-504334,Worker,Colony-C,35.5,32,0.526,30.5,48.4,6.88,11.68,0.081,24,9,19.71,0,0
NMR-506202,Worker,Colony-E,29.1,62,0.158,30.1,8.3,6.93,10.98,0.12,28,14,16.55,0,0
NMR-503359,Worker,Colony-E,31.0,88,0.197,31.3,13.1,7.5,7.72,0.447,29,17,19.65,0,1
NMR-503175,Worker,Colony-C,27.1,55,0.256,30.8,20.2,7.8,11.88,0.168,32,12,22.26,1,0
NMR-506418,Worker,Colony-B,28.4,83,0.358,30.6,18.5,7.57,11.51,0.088,23,12,23.82,1,0
NMR-509820,Soldier,Colony-E,51.7,118,0.214,32.0,32.4,6.56,5.3,0.234,29,7,17.83,1,1
NMR-505641,Worker,Colony-D,40.2,37,0.216,33.2,21.4,4.8,10.67,0.209,25,10,15.7,0,1
NMR-501184,Queen,Colony-E,41.3,37,0.474,33.5,22.0,8.07,5.06,0.415,31,18,26.29,1,0
NMR-508147,Worker,Colony-A,32.3,51,0.204,31.2,27.6,6.45,13.45,0.22,19,9,22.12,1,0
NMR-502775,Worker,Colony-C,26.8,56,0.211,33.7,21.4,4.78,23.21,0.246,19,14,25.8,1,0
NMR-501298,Soldier,Colony-D,40.2,29,0.215,32.7,11.4,5.28,10.03,0.333,29,13,17.91,0,1
NMR-507477,Worker,Colony-E,36.3,55,0.153,31.5,19.3,5.98,17.41,0.398,26,15,15.27,0,0
NMR-502777,Worker,Colony-A,38.1,40,0.206,33.0,18.9,6.75,15.81,0.215,21,14,16.87,0,0
NMR-504974,Worker,Colony-A,34.7,29,0.255,33.5,17.8,7.65,10.91,0.497,19,11,15.78,1,0
NMR-504874,Worker,Colony-C,21.3,42,0.324,34.6,25.6,5.9,8.39,0.476,28,16,22.78,1,0
NMR-501311,Queen,Colony-A,33.9,57,0.234,32.7,36.8,7.0,4.92,0.238,30,12,14.49,1,1
NMR-503746,Soldier,Colony-B,38.1,126,0.372,33.3,18.9,5.34,9.29,0.169,25,7,20.92,0,0
NMR-502564,Breeder,Colony-E,41.0,61,0.198,32.2,12.5,4.8,2.68,0.355,29,8,20.24,0,1
NMR-501242,Worker,Colony-D,29.8,80,0.212,33.9,19.5,8.72,19.66,0.554,24,13,11.32,0,1
NMR-504132,Worker,Colony-E,33.7,58,0.227,33.0,44.8,6.39,7.38,0.42,19,8,22.09,1,1
NMR-502603,Worker,Colony-B,38.4,141,0.295,32.1,21.4,8.51,12.03,0.43,21,6,22.8,1,1
NMR-506526,Worker,Colony-C,35.0,37,0.361,33.2,9.9,5.63,9.13,0.322,34,11,14.29,0,1
NMR-502534,Queen,Colony-B,46.3,30,0.587,33.2,16.8,7.64,3.92,0.178,20,11,21.02,1,0
NMR-506042,Soldier,Colony-A,39.3,49,0.122,32.4,12.1,5.21,10.45,0.157,27,10,16.08,0,1
NMR-506710,Soldier,Colony-D,34.9,90,0.316,33.2,20.4,6.16,6.05,0.24,24,7,18.02,0,0
NMR-500902,Worker,Colony-A,33.4,38,0.234,32.6,21.7,7.89,10.23,0.557,25,9,17.91,0,0
NMR-503375,Breeder,Colony-C,43.6,72,0.201,32.5,12.4,6.98,7.87,0.275,30,13,19.55,0,1
NMR-509363,Worker,Colony-E,29.4,96,0.334,32.1,21.7,6.77,8.62,0.376,20,7,23.51,0,1
NMR-509786,Soldier,Colony-B,46.5,87,0.201,33.7,20.9,6.66,8.22,0.403,22,14,23.52,0,0
NMR-509701,Breeder,Colony-A,35.4,86,0.246,32.0,11.9,6.83,7.08,0.565,20,8,23.55,0,1
NMR-507694,Worker,Colony-A,33.0,36,0.242,32.3,43.1,7.06,7.31,0.592,23,14,21.36,0,1
NMR-505819,Breeder,Colony-A,43.6,44,0.17,33.3,10.1,6.24,4.78,0.247,21,11,21.13,1,1
NMR-507880,Worker,Colony-E,29.2,69,0.221,32.6,13.3,8.19,16.12,0.38,27,11,25.09,1,1
NMR-504622,Worker,Colony-C,27.6,45,0.177,31.5,19.3,7.29,18.42,0.285,28,7,26.85,1,1
NMR-506136,Soldier,Colony-C,36.7,140,0.229,32.5,10.4,4.88,6.76,0.256,21,13,18.02,0,0
NMR-501260,Breeder,Colony-C,37.8,42,0.203,33.2,12.9,7.79,4.77,0.272,27,14,16.23,1,0
NMR-502945,Soldier,Colony-A,36.1,46,0.166,32.4,12.6,8.87,13.49,0.124,32,17,19.89,1,1
NMR-505782,Breeder,Colony-E,37.1,27,0.313,30.1,24.0,4.84,0.26,0.206,26,17,23.35,1,1
NMR-503836,Soldier,Colony-A,28.2,68,0.358,33.2,19.3,8.89,4.32,0.155,20,9,22.52,1,1
NMR-509207,Soldier,Colony-D,32.2,90,0.211,30.9,21.9,6.07,6.14,0.313,21,15,17.84,0,0
NMR-507847,Soldier,Colony-A,38.6,31,0.256,32.5,10.1,6.52,15.37,0.542,27,13,17.86,0,1
NMR-501226,Soldier,Colony-D,40.3,29,0.344,32.1,31.2,5.26,6.83,0.433,24,16,22.59,1,1
NMR-502228,Queen,Colony-A,49.3,59,0.248,32.3,23.2,6.63,1.35,0.146,27,18,16.43,0,1
NMR-500677,Worker,Colony-D,30.0,85,0.357,33.8,32.5,7.01,12.38,0.5,25,14,19.62,0,0
NMR-507424,Worker,Colony-B,25.6,58,0.229,33.4,16.1,6.68,27.43,0.22,23,11,19.83,1,0
NMR-506548,Soldier,Colony-C,45.7,38,0.448,32.7,16.4,6.71,8.41,0.384,26,16,16.91,0,1
NMR-500406,Soldier,Colony-D,25.8,29,0.163,31.5,11.1,6.2,17.02,0.299,21,17,18.53,0,1
NMR-501779,Breeder,Colony-B,44.5,77,0.131,31.1,13.9,6.62,13.21,0.088,32,9,24.0,1,0
NMR-505977,Soldier,Colony-C,34.6,20,0.214,31.6,28.1,6.14,4.56,0.233,19,8,19.18,1,1
NMR-500652,Worker,Colony-D,40.7,57,0.226,31.5,22.1,5.17,22.51,0.239,39,8,22.97,1,1
NMR-505602,Soldier,Colony-B,36.4,36,0.285,33.1,22.3,6.0,13.74,0.188,21,8,19.31,1,1
NMR-505332,Queen,Colony-D,50.5,28,0.22,32.6,35.7,5.89,-0.59,0.558,22,10,20.5,1,1
NMR-508062,Worker,Colony-C,24.7,39,0.237,33.0,19.4,8.12,11.7,0.167,24,11,19.16,1,0
NMR-507608,Soldier,Colony-B,31.4,27,0.174,32.0,20.4,6.38,6.81,0.195,24,9,18.31,0,1
NMR-507840,Worker,Colony-E,32.4,50,0.286,32.3,53.2,6.02,14.45,0.149,27,11,16.21,1,1
NMR-506131,Worker,Colony-D,24.3,126,0.394,32.8,16.6,7.01,7.87,0.539,29,8,22.65,0,1
NMR-503591,Worker,Colony-D,30.6,89,0.336,31.0,30.3,4.87,19.98,0.2,19,8,23.75,1,0
NMR-504025,Soldier,Colony-D,26.3,44,0.173,33.7,25.2,6.07,20.76,0.478,34,12,21.51,1,0
NMR-504782,Soldier,Colony-E,37.1,102,0.215,34.0,13.1,7.29,9.9,0.171,25,12,14.71,0,0
NMR-504005,Worker,Colony-B,29.0,28,0.306,30.8,13.7,6.96,9.56,0.434,26,13,15.49,0,0
NMR-507190,Worker,Colony-D,31.9,41,0.177,32.1,11.5,8.7,12.44,0.376,19,9,19.5,0,0
NMR-504423,Soldier,Colony-B,44.9,119,0.396,32.2,19.3,6.72,10.18,0.375,24,6,22.48,0,1
NMR-509358,Worker,Colony-C,17.5,72,0.333,33.5,14.3,6.72,8.52,0.337,15,15,21.6,1,0
NMR-501704,Worker,Colony-C,34.5,57,0.358,30.9,18.8,6.6,12.07,0.536,25,17,18.7,1,0
NMR-501913,Worker,Colony-B,32.4,62,0.212,33.5,19.2,6.62,8.22,0.167,26,7,18.26,1,0
NMR-507516,Breeder,Colony-D,44.4,39,0.225,31.4,30.3,9.66,1.64,0.266,23,11,15.45,1,0
NMR-506932,Worker,Colony-C,31.3,33,0.366,33.9,18.2,7.55,11.32,0.285,28,10,20.34,0,0
NMR-502058,Soldier,Colony-B,26.3,81,0.288,32.7,12.4,6.87,11.69,0.187,20,11,22.08,1,1
NMR-508829,Soldier,Colony-A,35.4,35,0.223,33.2,11.0,5.51,8.92,0.638,19,9,15.94,0,1
NMR-502455,Worker,Colony-A,21.1,60,0.169,32.7,17.3,5.28,51.72,0.049,29,7,23.28,1,1
NMR-507291,Worker,Colony-D,36.3,28,0.235,32.1,19.3,5.78,15.23,0.191,23,11,21.95,0,1
NMR-508071,Breeder,Colony-D,46.5,113,0.312,31.6,20.1,7.17,1.37,0.186,23,12,25.13,1,1
NMR-506789,Breeder,Colony-A,30.5,89,0.137,31.6,14.3,7.77,11.7,0.338,26,12,17.66,1,1
NMR-501315,Soldier,Colony-A,30.9,53,0.206,31.9,23.9,8.44,14.15,0.125,22,11,19.62,1,1
NMR-508588,Worker,Colony-C,24.8,91,0.304,31.1,25.1,4.96,22.59,0.169,26,4,19.26,0,0
NMR-507316,Soldier,Colony-E,39.3,88,0.302,31.9,8.6,8.66,8.49,0.516,25,16,15.35,0,1
NMR-507341,Worker,Colony-C,16.1,61,0.334,32.4,11.6,8.56,7.12,0.459,24,11,18.61,1,1
NMR-502561,Worker,Colony-E,34.0,122,0.221,33.7,9.4,6.52,9.15,0.403,18,10,18.82,1,0
NMR-504263,Worker,Colony-D,33.6,24,0.392,33.1,12.0,6.94,8.06,0.028,18,14,21.47,0,0
NMR-507363,Worker,Colony-D,35.3,37,0.333,31.0,14.5,7.47,12.74,0.503,21,10,16.65,0,0
NMR-504752,Breeder,Colony-E,46.7,64,0.188,31.8,15.6,4.67,6.65,0.212,23,10,21.91,0,0
NMR-500669,Worker,Colony-D,29.0,35,0.193,31.5,15.0,5.5,10.13,0.569,33,4,19.92,0,1
NMR-505631,Worker,Colony-D,26.9,38,0.222,32.4,13.3,5.28,5.67,0.289,25,13,23.84,1,1
NMR-500849,Soldier,Colony-E,34.3,79,0.369,33.1,47.5,6.93,10.41,0.162,21,9,23.15,1,1
NMR-509534,Worker,Colony-C,33.7,57,0.288,32.4,16.2,6.64,27.13,0.557,23,12,20.12,0,1
NMR-502262,Worker,Colony-D,21.6,24,0.272,29.4,8.8,9.92,11.82,0.434,28,12,23.92,1,0
NMR-507183,Worker,Colony-D,32.6,77,0.277,33.3,19.8,8.15,14.88,0.156,27,8,15.32,0,1
NMR-505624,Worker,Colony-C,36.8,229,0.259,34.1,14.2,7.83,9.37,0.076,27,11,19.79,0,1
NMR-505489,Worker,Colony-C,31.1,22,0.173,32.7,6.0,6.62,7.64,0.174,21,14,18.93,0,1
NMR-505279,Breeder,Colony-C,46.4,80,0.332,32.1,11.4,6.61,2.5,0.417,26,9,23.73,1,1
NMR-502376,Worker,Colony-E,30.5,44,0.144,33.4,26.8,6.19,18.36,0.228,18,10,15.0,1,0
NMR-503354,Breeder,Colony-D,40.6,29,0.161,32.9,16.8,5.53,6.7,0.378,26,7,22.63,1,1
NMR-501734,Worker,Colony-D,23.1,38,0.234,32.0,33.5,5.45,14.79,0.327,16,12,16.07,1,1
NMR-502533,Soldier,Colony-B,48.7,23,0.338,30.6,7.2,6.04,7.74,0.146,19,6,23.29,0,1
NMR-507180,Breeder,Colony-B,39.4,158,0.192,33.0,10.3,7.91,10.24,0.364,20,7,22.59,0,0
NMR-503440,Worker,Colony-B,35.7,42,0.257,32.3,11.3,6.28,13.84,0.481,31,9,19.14,0,1
NMR-500910,Breeder,Colony-B,37.9,81,0.157,33.1,21.3,6.94,3.27,0.438,22,11,17.66,1,0
NMR-507101,Worker,Colony-C,13.7,27,0.387,33.5,16.4,6.64,13.94,0.213,9,6,24.8,0,0
NMR-509988,Worker,Colony-C,16.9,32,0.259,31.8,8.8,6.1,11.17,0.156,28,7,19.29,0,1
NMR-502520,Worker,Colony-D,27.4,54,0.334,31.4,29.0,6.63,31.53,0.37,13,12,16.49,1,0
NMR-509107,Breeder,Colony-C,43.7,57,0.185,31.0,9.1,5.84,6.58,0.224,21,9,25.47,1,0
NMR-505251,Soldier,Colony-C,35.6,82,0.383,30.9,17.5,6.12,14.4,0.091,25,11,19.37,0,0
NMR-503862,Worker,Colony-B,28.2,32,0.176,31.1,50.8,5.92,16.53,0.223,21,4,22.93,1,1
NMR-509574,Worker,Colony-C,32.6,30,0.279,34.1,10.4,8.11,15.86,0.19,29,7,20.72,0,0
NMR-506407,Worker,Colony-E,25.7,53,0.236,32.4,26.1,8.5,8.92,0.374,27,12,23.44,1,0
NMR-506747,Worker,Colony-C,32.8,78,0.372,32.7,17.2,6.66,12.34,0.399,30,8,23.93,0,1
NMR-503325,Worker,Colony-C,31.0,54,0.375,33.4,13.3,6.66,13.15,0.226,28,7,21.24,0,1
NMR-508732,Worker,Colony-D,23.6,71,0.221,31.7,8.7,6.65,8.25,0.166,31,11,18.26,0,0
NMR-507370,Worker,Colony-B,30.5,31,0.4,32.5,22.2,8.18,14.3,0.158,21,14,13.0,0,0
NMR-507741,Worker,Colony-E,31.7,78,0.198,32.9,19.6,7.66,12.54,0.452,30,12,20.69,0,1
NMR-502773,Worker,Colony-C,37.4,54,0.214,33.0,18.4,7.31,16.41,0.446,25,11,20.06,1,1
NMR-505860,Soldier,Colony-B,29.4,86,0.195,31.5,29.6,5.23,15.6,0.324,32,10,12.11,1,0
NMR-503540,Soldier,Colony-D,23.2,64,0.263,31.5,24.3,6.4,17.75,0.396,26,8,17.84,0,1
NMR-506296,Worker,Colony-A,31.9,22,0.21,31.9,27.6,6.78,11.82,0.14,23,12,19.37,1,1
NMR-501805,Worker,Colony-C,26.9,43,0.295,30.6,20.0,6.9,17.15,0.133,15,11,17.94,1,0
NMR-506004,Worker,Colony-B,15.5,34,0.155,31.6,26.5,6.06,10.71,0.58,23,9,16.88,1,1
NMR-501062,Breeder,Colony-E,43.4,41,0.324,33.8,6.0,6.58,8.6,0.188,27,7,19.07,0,0
NMR-505336,Soldier,Colony-B,41.1,36,0.266,32.2,18.3,6.32,16.83,0.342,16,11,13.79,0,1
NMR-506282,Soldier,Colony-D,41.4,82,0.38,31.3,11.9,4.95,19.24,0.452,20,13,21.46,0,0
NMR-509770,Soldier,Colony-C,43.9,43,0.289,33.4,31.5,8.38,5.47,0.407,30,11,18.65,0,0
NMR-503870,Worker,Colony-C,24.3,59,0.282,32.3,45.4,6.71,12.73,0.495,31,12,8.72,0,0
NMR-505018,Worker,Colony-C,24.9,61,0.388,31.0,23.4,6.0,12.8,0.347,17,4,19.5,0,0
NMR-509779,Worker,Colony-E,28.6,117,0.378,33.4,17.4,7.0,20.23,0.693,24,6,22.71,0,1
NMR-500395,Worker,Colony-C,23.2,26,0.394,32.4,11.9,7.21,11.39,0.142,19,18,16.62,1,1
NMR-503940,Worker,Colony-B,31.1,46,0.265,33.2,25.5,5.62,24.97,0.609,21,13,15.44,0,0
NMR-505615,Breeder,Colony-E,54.2,81,0.291,33.2,15.4,6.5,9.86,0.401,30,13,23.08,1,1
NMR-504505,Worker,Colony-E,43.1,71,0.398,32.8,17.9,5.83,8.38,0.376,19,12,22.61,0,0
NMR-504129,Worker,Colony-C,30.0,52,0.231,32.5,28.0,5.5,10.01,0.131,26,10,22.95,1,1
NMR-502941,Worker,Colony-D,35.0,118,0.193,31.8,16.4,6.95,20.79,0.153,20,13,20.07,0,1
NMR-506085,Soldier,Colony-C,39.1,95,0.184,31.1,23.5,7.59,9.04,0.451,26,9,17.22,1,0
NMR-507372,Worker,Colony-D,30.7,50,0.359,34.0,27.8,6.62,14.49,0.441,26,9,16.84,1,0
NMR-502025,Worker,Colony-B,33.4,40,0.172,32.6,25.3,6.54,18.99,0.445,27,16,16.41,1,1
NMR-500546,Worker,Colony-D,24.5,116,0.383,33.2,28.6,7.83,17.44,0.202,22,6,21.2,0,1
NMR-502478,Soldier,Colony-B,28.5,35,0.259,33.0,12.5,6.84,4.45,0.402,26,8,20.89,0,1
NMR-502952,Soldier,Colony-C,33.3,34,0.306,33.8,20.9,5.6,10.48,0.298,30,7,21.68,0,1
NMR-502062,Soldier,Colony-B,26.5,65,0.182,33.2,14.4,4.91,16.93,0.255,33,13,17.9,1,0
NMR-504410,Worker,Colony-A,26.6,126,0.287,33.2,14.7,6.74,8.4,0.39,31,6,23.84,0,0
NMR-508380,Queen,Colony-B,40.7,140,0.197,32.7,20.2,7.49,6.57,0.217,20,11,22.52,0,1
NMR-506306,Worker,Colony-A,30.6,35,0.276,33.7,19.5,7.06,22.15,0.196,26,18,16.12,0,0
NMR-505604,Queen,Colony-C,38.4,83,0.151,32.3,11.1,7.93,8.78,0.199,18,13,15.88,0,1
NMR-508812,Worker,Colony-B,23.8,45,0.181,33.4,39.0,7.33,14.72,0.402,24,10,21.3,1,0
NMR-503048,Worker,Colony-A,32.1,46,0.153,31.8,23.9,6.83,22.23,0.621,15,8,23.82,1,0
NMR-500112,Breeder,Colony-E,43.0,44,0.261,31.1,22.3,6.6,7.43,0.479,20,22,18.66,0,0
NMR-503927,Worker,Colony-B,41.8,75,0.344,31.1,12.9,4.41,21.36,0.472,21,12,13.59,0,0
NMR-500634,Soldier,Colony-C,33.5,25,0.295,31.9,29.1,5.61,9.14,0.22,22,12,13.82,1,1
NMR-508907,Worker,Colony-C,28.0,46,0.144,32.2,36.8,5.04,9.64,0.308,32,12,19.88,1,1
NMR-506888,Soldier,Colony-A,38.8,145,0.301,33.8,48.7,6.51,8.47,0.257,16,20,20.35,1,0
NMR-502320,Soldier,Colony-A,32.6,35,0.246,30.7,23.7,6.86,10.89,0.22,21,3,17.85,1,0
NMR-502831,Worker,Colony-C,20.8,187,0.496,32.0,36.3,5.91,6.19,0.259,17,15,20.84,1,0
NMR-505113,Worker,Colony-A,38.5,41,0.419,32.4,11.0,6.31,22.62,0.492,18,14,19.17,0,1
NMR-507704,Soldier,Colony-E,30.6,43,0.173,35.0,16.3,6.79,7.39,0.309,27,13,20.64,1,0
NMR-500144,Worker,Colony-A,41.0,35,0.179,30.2,27.3,6.91,8.69,0.374,22,12,17.08,1,0
NMR-509379,Worker,Colony-D,33.8,81,0.376,31.1,7.8,7.86,6.86,0.465,26,11,15.8,0,1
NMR-506252,Breeder,Colony-B,36.1,62,0.247,31.3,10.8,6.47,2.57,0.601,24,13,19.06,0,0
NMR-503954,Queen,Colony-C,34.7,120,0.144,33.3,33.4,6.22,6.51,0.262,18,9,13.77,0,0
NMR-506705,Worker,Colony-A,24.3,42,0.157,31.2,15.9,6.81,12.37,0.059,18,7,20.65,1,0
NMR-502375,Soldier,Colony-A,23.5,50,0.29,32.3,14.9,7.53,6.08,0.391,22,9,20.04,0,1
NMR-507283,Worker,Colony-B,30.9,69,0.183,32.7,11.3,6.9,12.7,0.479,23,8,13.66,0,1
NMR-500269,Worker,Colony-A,31.1,107,0.224,31.5,14.0,8.12,7.32,0.138,26,16,22.22,1,1
NMR-506733,Soldier,Colony-C,15.7,82,0.212,31.0,14.5,8.51,11.41,0.252,21,13,15.39,0,1
NMR-504603,Worker,Colony-E,32.7,47,0.225,31.3,15.1,7.43,11.58,0.406,23,11,25.22,1,0
NMR-500247,Worker,Colony-D,42.7,31,0.269,31.8,16.0,6.11,8.9,0.259,20,4,19.72,1,1
NMR-507590,Worker,Colony-E,32.6,36,0.303,31.5,9.4,4.01,19.73,0.284,16,14,21.57,0,1
NMR-502904,Worker,Colony-E,21.2,60,0.3,32.6,23.6,7.91,8.27,0.195,33,9,21.88,0,1
NMR-506426,Worker,Colony-E,27.2,77,0.251,33.4,24.0,6.66,16.64,0.482,22,9,21.29,1,0
NMR-509073,Worker,Colony-C,26.9,40,0.315,31.3,20.7,7.29,9.51,0.45,17,13,19.46,0,0
NMR-500752,Worker,Colony-C,34.2,61,0.336,30.0,13.9,6.33,13.37,0.194,25,10,27.3,0,0
NMR-509433,Breeder,Colony-E,49.3,39,0.194,32.0,18.3,6.85,12.25,0.346,21,10,17.83,0,1
NMR-507857,Soldier,Colony-C,34.6,84,0.195,31.9,10.3,7.44,5.3,0.52,22,11,20.15,0,1
NMR-500881,Soldier,Colony-C,40.4,206,0.363,32.6,16.4,6.94,12.87,0.196,35,11,18.15,0,1
NMR-508890,Worker,Colony-C,25.3,47,0.346,31.6,28.3,7.51,12.38,0.067,22,13,19.12,1,1
NMR-502927,Worker,Colony-C,30.4,36,0.236,32.8,11.1,7.26,24.75,0.059,25,15,15.73,0,0
NMR-508400,Worker,Colony-C,22.1,42,0.317,32.6,21.1,4.17,26.38,0.503,39,9,21.38,0,1
NMR-506276,Worker,Colony-B,22.1,55,0.26,32.2,27.0,7.12,11.62,0.022,27,13,19.79,1,1
NMR-509762,Queen,Colony-A,49.0,40,0.377,31.6,13.8,8.27,14.62,0.184,22,11,17.55,1,0
NMR-505203,Breeder,Colony-B,51.0,35,0.222,32.2,22.9,8.39,1.58,0.62,27,10,21.29,1,1
NMR-504419,Soldier,Colony-A,39.9,48,0.415,30.3,15.5,7.99,14.63,0.594,28,7,20.01,0,0
NMR-504135,Worker,Colony-A,31.8,99,0.209,33.2,20.7,5.66,7.86,0.069,16,15,20.36,1,0
NMR-505314,Worker,Colony-D,33.8,66,0.276,31.7,10.4,7.17,16.37,0.247,27,16,18.01,0,1
NMR-501342,Worker,Colony-A,28.1,53,0.224,32.3,19.8,4.65,17.51,0.103,17,8,30.15,1,1
NMR-506798,Worker,Colony-C,28.7,73,0.234,31.6,18.8,6.52,9.01,0.397,39,15,23.67,0,1
NMR-505522,Worker,Colony-E,32.8,64,0.308,31.6,21.6,6.62,5.38,0.468,18,13,19.89,0,0
NMR-509497,Breeder,Colony-B,26.8,100,0.299,32.0,27.3,7.55,13.85,0.704,22,9,18.23,0,1
NMR-507414,Soldier,Colony-E,40.1,95,0.223,31.5,13.7,7.65,13.74,0.197,21,10,20.67,1,1
NMR-507550,Soldier,Colony-E,39.3,63,0.36,32.4,9.5,7.11,8.67,0.4,22,9,19.74,1,1
NMR-505366,Worker,Colony-A,33.0,101,0.205,33.4,15.9,6.58,12.44,0.28,20,6,17.9,1,0
NMR-500287,Worker,Colony-A,18.6,52,0.233,31.6,34.2,7.88,11.19,0.024,23,11,22.05,1,1
NMR-501215,Queen,Colony-C,42.0,55,0.234,33.2,11.3,6.12,2.87,0.106,26,11,21.33,1,0
NMR-500289,Worker,Colony-A,23.9,40,0.155,31.1,8.6,5.54,10.42,0.453,25,6,21.05,0,1
NMR-503992,Worker,Colony-E,24.7,41,0.267,33.1,58.5,6.31,16.43,0.207,21,9,21.47,1,0
NMR-502996,Worker,Colony-B,32.2,35,0.19,32.6,14.9,7.35,13.29,0.18,26,11,21.09,1,1
NMR-500611,Worker,Colony-C,25.6,32,0.127,31.3,28.9,8.47,10.46,0.164,26,9,16.01,1,0
NMR-504181,Breeder,Colony-E,44.9,28,0.183,32.5,27.2,6.99,4.63,0.247,21,7,19.38,1,1
NMR-503317,Worker,Colony-B,28.5,40,0.173,32.3,23.9,4.78,8.42,0.176,20,16,15.68,1,1
NMR-502483,Breeder,Colony-E,41.5,54,0.31,32.7,20.8,6.25,4.7,0.375,21,6,16.4,0,0
NMR-507475,Worker,Colony-E,15.5,125,0.251,34.1,24.6,7.1,11.4,0.311,20,12,17.05,1,0
NMR-509644,Worker,Colony-A,34.5,51,0.214,32.3,9.6,8.49,9.72,0.193,20,10,21.21,0,0
NMR-501682,Worker,Colony-C,44.6,37,0.219,31.4,19.9,6.17,15.02,0.378,29,5,20.17,1,1
NMR-502103,Worker,Colony-B,34.7,49,0.201,32.5,24.3,6.96,8.17,0.27,20,13,16.72,1,1
NMR-504472,Worker,Colony-D,33.2,149,0.238,33.3,8.7,5.2,23.98,0.298,26,14,22.96,0,0
NMR-502256,Soldier,Colony-C,27.6,48,0.146,31.8,12.7,6.03,6.97,0.377,28,7,21.18,1,1
NMR-508968,Worker,Colony-A,35.4,46,0.243,31.9,10.6,5.18,18.0,0.346,18,13,17.86,1,1
NMR-504719,Worker,Colony-A,30.1,25,0.235,33.1,19.8,7.11,11.19,0.224,27,8,16.64,1,0
NMR-502280,Worker,Colony-B,23.7,88,0.223,32.1,16.6,8.13,11.99,0.203,27,16,15.68,0,1
NMR-501248,Worker,Colony-C,24.3,84,0.248,31.8,15.1,7.35,25.53,0.489,30,14,23.13,1,1
NMR-501649,Soldier,Colony-E,30.9,56,0.176,31.7,48.7,5.45,9.09,0.285,24,17,17.01,1,1
NMR-502546,Worker,Colony-B,30.3,131,0.225,32.7,31.0,5.57,10.88,0.311,23,14,19.57,1,0
NMR-509966,Worker,Colony-B,32.4,39,0.202,33.4,12.7,6.0,9.19,0.386,18,3,16.66,0,1
NMR-509596,Worker,Colony-C,30.6,54,0.394,32.0,13.7,7.98,26.93,0.506,16,10,22.54,0,1
NMR-501777,Soldier,Colony-E,24.3,120,0.265,31.9,26.3,5.53,5.49,0.133,29,15,27.01,1,0
NMR-507504,Soldier,Colony-D,28.2,89,0.203,31.3,11.9,7.17,4.23,0.129,24,12,19.4,1,1
NMR-506166,Worker,Colony-D,29.5,104,0.155,31.8,6.0,7.98,15.04,0.107,18,9,21.77,0,1
NMR-503734,Breeder,Colony-A,34.7,59,0.264,33.8,6.6,5.55,4.61,0.421,28,16,18.32,0,0
NMR-508928,Breeder,Colony-C,45.7,77,0.334,33.6,18.0,6.13,23.38,0.11,21,11,18.03,0,0
NMR-507306,Worker,Colony-D,30.6,67,0.278,32.4,10.4,7.38,12.28,0.141,32,7,19.36,0,1
NMR-505821,Worker,Colony-D,34.9,35,0.269,31.1,16.3,5.61,14.43,0.548,21,8,19.09,0,1
NMR-505966,Worker,Colony-C,36.7,126,0.436,32.5,38.6,7.14,16.65,0.328,24,14,16.16,0,1
NMR-505202,Worker,Colony-E,22.7,144,0.191,31.2,34.3,7.53,25.11,0.215,16,9,17.15,0,1
NMR-509739,Worker,Colony-D,29.2,73,0.191,31.4,34.3,7.02,14.41,0.52,22,7,21.5,1,0
NMR-506695,Soldier,Colony-A,27.1,69,0.198,34.0,18.3,4.67,7.66,0.269,25,9,19.82,1,0
NMR-505814,Worker,Colony-A,30.5,169,0.2,31.1,18.7,6.54,22.33,0.581,24,12,14.95,0,0
NMR-506744,Breeder,Colony-B,43.7,128,0.265,32.5,23.1,7.87,9.07,0.435,28,9,19.67,1,1
NMR-502394,Worker,Colony-C,21.4,50,0.252,31.6,7.2,6.18,9.45,0.149,23,12,18.41,0,0
NMR-508393,Worker,Colony-E,36.6,77,0.282,31.2,12.7,8.16,7.77,0.433,18,12,18.12,0,1
NMR-506781,Worker,Colony-B,35.4,96,0.206,33.1,8.7,9.57,13.37,0.418,22,10,17.96,0,1
NMR-504287,Soldier,Colony-E,38.0,67,0.148,32.7,18.8,7.94,7.81,0.181,34,10,16.04,1,0
NMR-509478,Worker,Colony-C,31.7,70,0.282,33.1,10.5,8.96,12.29,0.408,28,9,16.8,0,1
NMR-508715,Soldier,Colony-D,31.5,63,0.217,31.3,15.6,8.01,12.57,0.307,15,7,16.33,0,1
NMR-509224,Worker,Colony-C,38.0,66,0.301,33.1,19.8,7.96,11.41,0.098,22,9,21.81,1,1
NMR-500470,Worker,Colony-C,23.3,38,0.226,33.1,18.1,6.67,16.33,0.549,18,10,14.45,0,1
NMR-504640,Breeder,Colony-E,31.0,42,0.228,31.8,13.3,5.58,4.21,0.031,24,9,19.52,1,1
NMR-508290,Worker,Colony-C,39.8,56,0.373,32.5,13.4,6.58,12.58,0.398,15,21,17.2,0,0
NMR-505177,Soldier,Colony-C,40.6,65,0.122,33.5,16.8,7.04,9.36,0.433,27,8,20.48,1,0
NMR-505425,Worker,Colony-D,21.7,28,0.182,33.7,6.2,6.6,15.58,0.204,18,10,20.78,1,1
NMR-505759,Worker,Colony-B,33.5,72,0.176,32.9,24.1,3.69,15.98,0.248,31,7,19.7,0,1
NMR-500703,Worker,Colony-C,34.7,44,0.206,32.0,7.7,4.8,11.22,0.327,28,13,26.18,1,1
NMR-500130,Worker,Colony-E,24.4,65,0.179,32.0,14.3,5.91,14.55,0.314,26,9,14.86,0,0
NMR-500538,Queen,Colony-B,45.6,85,0.31,33.3,17.8,6.21,1.25,0.399,24,8,17.29,0,0
NMR-506056,Worker,Colony-A,34.3,48,0.485,32.1,56.1,5.25,13.23,0.573,22,12,15.08,0,1
NMR-506629,Breeder,Colony-C,41.1,59,0.315,33.3,18.7,6.42,4.9,0.163,21,10,14.26,0,0
NMR-504991,Breeder,Colony-B,42.6,53,0.187,32.4,21.8,6.2,12.93,0.396,23,12,25.47,1,1
NMR-503284,Worker,Colony-A,39.4,78,0.33,33.2,17.1,3.69,7.45,0.403,19,13,20.23,0,0
NMR-501668,Worker,Colony-C,15.9,53,0.324,32.1,11.8,5.38,13.3,0.444,24,7,19.24,0,1
NMR-502436,Soldier,Colony-C,35.2,67,0.23,30.6,16.8,6.25,9.16,0.681,28,13,16.05,0,0
NMR-508536,Worker,Colony-A,34.2,46,0.326,33.0,21.7,4.75,18.95,0.613,21,15,24.43,1,1
NMR-503794,Soldier,Colony-A,33.5,69,0.199,31.5,13.3,6.34,10.88,0.21,36,16,23.28,0,0
NMR-509373,Soldier,Colony-C,36.8,48,0.349,32.7,7.8,8.45,13.09,0.25,22,8,19.95,0,0
NMR-505732,Soldier,Colony-C,32.4,63,0.169,31.3,20.3,8.14,17.19,0.599,34,8,22.35,1,1
NMR-504960,Soldier,Colony-A,34.6,35,0.227,32.5,20.2,6.68,6.46,0.222,25,19,23.77,1,1
NMR-504521,Breeder,Colony-C,42.1,73,0.172,33.3,22.7,3.64,9.3,0.209,31,8,20.23,1,0
NMR-507145,Soldier,Colony-B,33.3,53,0.316,30.5,34.0,8.5,8.11,0.297,19,7,22.06,0,0
NMR-500096,Worker,Colony-E,22.0,90,0.452,31.8,13.4,6.88,9.92,0.226,18,13,20.51,0,1
NMR-503874,Worker,Colony-B,35.8,90,0.241,30.3,53.4,7.19,8.09,0.396,23,12,19.79,1,0
NMR-503810,Breeder,Colony-C,46.2,83,0.457,31.6,8.1,5.42,3.17,0.078,20,13,20.04,0,0
NMR-501597,Worker,Colony-C,36.4,135,0.259,32.1,11.2,4.91,13.32,0.383,31,10,15.61,0,0
NMR-509969,Worker,Colony-C,34.0,67,0.256,32.2,14.5,7.17,12.75,0.372,27,7,25.78,1,1
NMR-507267,Soldier,Colony-D,35.1,46,0.133,33.4,27.6,4.41,15.91,0.612,28,8,16.46,1,0
NMR-504566,Worker,Colony-C,24.4,36,0.28,30.6,23.4,6.73,10.79,0.384,28,10,20.61,1,0
NMR-503308,Worker,Colony-C,26.6,39,0.306,32.3,11.8,5.27,13.46,0.18,18,7,20.48,0,1
NMR-507280,Worker,Colony-A,27.4,56,0.219,32.5,29.8,4.19,8.8,0.144,20,11,21.85,1,1
NMR-509641,Breeder,Colony-A,47.8,36,0.27,33.1,17.3,7.1,6.71,0.279,29,13,24.55,0,0
NMR-501905,Soldier,Colony-D,29.2,64,0.156,31.9,27.5,6.89,4.94,0.133,23,13,13.37,1,0
NMR-502331,Worker,Colony-C,25.2,39,0.378,31.3,42.4,6.95,34.53,0.329,20,12,20.75,0,0
NMR-508318,Soldier,Colony-B,36.2,73,0.22,32.6,18.0,7.33,25.92,0.415,24,11,19.02,0,1
NMR-504599,Breeder,Colony-C,52.6,72,0.235,31.4,18.2,7.01,3.68,0.329,22,11,18.21,1,1
NMR-503234,Worker,Colony-D,18.3,47,0.221,31.4,16.5,8.51,41.57,0.412,22,12,19.85,0,1
NMR-500525,Queen,Colony-E,45.1,89,0.244,30.8,18.2,9.39,5.08,0.264,25,10,21.43,1,1
NMR-500048,Soldier,Colony-A,25.9,54,0.181,32.8,11.3,8.99,18.64,0.251,22,16,19.56,0,0
NMR-505746,Worker,Colony-E,33.7,43,0.272,32.3,13.6,8.57,9.4,0.173,22,11,18.83,1,1
NMR-503546,Breeder,Colony-A,30.8,89,0.323,32.4,23.6,6.26,2.02,0.447,21,6,22.12,0,1
NMR-508106,Soldier,Colony-D,28.2,37,0.364,32.0,19.9,6.9,6.8,0.443,26,4,20.35,0,1
NMR-506027,Worker,Colony-C,33.4,32,0.181,33.3,33.0,5.79,15.35,0.165,18,10,23.33,1,1
NMR-507797,Worker,Colony-A,25.4,21,0.233,32.3,21.7,5.72,7.85,0.347,21,10,16.59,0,1
NMR-505689,Soldier,Colony-E,33.0,50,0.286,33.3,8.2,8.62,10.71,0.654,28,7,17.08,0,0
NMR-507273,Worker,Colony-B,26.5,56,0.346,32.5,23.0,5.58,12.41,0.272,24,13,23.75,1,0
NMR-508275,Breeder,Colony-D,42.4,45,0.23,31.6,22.1,7.66,3.94,0.567,22,5,21.04,1,0
NMR-506607,Worker,Colony-C,30.0,138,0.297,31.3,24.0,6.54,15.53,0.276,32,16,21.85,1,0
NMR-501614,Worker,Colony-E,35.9,44,0.266,31.4,23.8,4.0,14.34,0.407,19,6,23.6,1,1
NMR-502348,Worker,Colony-E,23.9,40,0.177,32.4,23.0,6.26,13.81,0.132,24,15,18.18,0,1
NMR-508100,Worker,Colony-D,29.1,79,0.207,31.8,9.6,6.37,10.06,0.437,18,7,21.52,1,1
NMR-502426,Worker,Colony-C,38.0,107,0.23,32.2,19.2,6.16,11.38,0.322,20,18,19.17,0,0
NMR-506549,Worker,Colony-C,27.0,25,0.35,33.8,11.8,6.76,14.89,0.149,25,6,21.9,0,0
NMR-507507,Breeder,Colony-E,31.8,75,0.506,31.7,19.8,5.61,4.56,0.296,25,12,16.09,0,0
NMR-503044,Worker,Colony-D,43.9,94,0.395,33.1,18.0,7.59,16.67,0.28,26,11,21.81,0,1
NMR-509495,Soldier,Colony-E,27.8,63,0.247,31.2,22.9,6.96,12.44,0.441,24,15,16.88,1,0
NMR-505921,Breeder,Colony-B,33.5,34,0.224,31.6,21.2,7.9,3.19,0.33,21,13,21.96,1,1
NMR-503938,Soldier,Colony-E,31.0,79,0.408,31.6,6.3,7.04,6.03,0.4,24,9,20.58,0,1
NMR-504822,Worker,Colony-B,23.9,42,0.316,32.3,11.0,5.15,10.78,0.177,20,12,23.34,0,1
NMR-508840,Breeder,Colony-E,34.6,31,0.213,30.8,14.7,4.74,6.22,0.121,22,9,17.62,0,1
NMR-506557,Soldier,Colony-C,24.1,52,0.278,33.0,29.0,7.36,8.05,0.482,24,8,20.8,1,0
NMR-508097,Soldier,Colony-A,31.6,67,0.249,32.2,15.5,6.88,17.18,0.231,18,15,22.61,0,1
NMR-503472,Worker,Colony-C,23.5,52,0.198,31.7,24.3,6.91,15.22,0.307,21,7,15.39,1,0
NMR-503371,Worker,Colony-A,25.5,59,0.288,34.3,22.6,6.28,17.98,0.266,22,11,19.15,0,0
NMR-506717,Soldier,Colony-E,23.7,44,0.272,30.6,13.5,4.83,7.17,0.201,37,5,17.26,0,0
NMR-507494,Worker,Colony-B,31.2,76,0.376,33.3,27.4,7.24,20.39,0.254,24,15,17.13,0,0
NMR-505033,Worker,Colony-B,26.6,27,0.194,31.3,15.0,5.47,9.94,0.146,30,8,17.44,0,1
NMR-505297,Worker,Colony-D,19.6,61,0.241,32.7,25.4,7.89,7.16,0.286,20,10,19.85,1,1
NMR-500782,Worker,Colony-E,29.9,95,0.14,32.3,17.9,7.59,11.84,0.412,14,10,19.86,1,1
NMR-501726,Worker,Colony-C,31.9,68,0.29,31.9,14.3,6.59,20.91,0.135,25,15,20.44,0,1
NMR-505074,Soldier,Colony-E,34.5,93,0.286,30.8,37.6,5.88,8.51,0.386,24,10,22.12,1,0
NMR-507133,Worker,Colony-C,19.3,84,0.443,30.8,16.6,8.37,18.37,0.156,23,10,19.04,0,0
NMR-503431,Worker,Colony-E,26.7,51,0.255,32.6,19.0,3.88,11.52,0.374,19,5,17.67,0,1
NMR-508353,Worker,Colony-B,32.6,60,0.223,32.2,32.0,6.49,8.75,0.202,20,14,22.88,1,1
NMR-501028,Worker,Colony-B,37.3,126,0.195,32.8,33.9,6.35,13.2,0.406,23,14,10.54,0,0
NMR-503565,Worker,Colony-C,26.6,45,0.283,32.5,17.6,7.91,11.45,0.287,24,9,14.74,0,0
NMR-506931,Soldier,Colony-B,31.2,106,0.233,30.8,9.0,5.23,5.42,0.221,18,12,19.69,0,0
NMR-505637,Soldier,Colony-C,32.2,117,0.253,32.3,7.8,6.82,7.63,0.4,24,11,21.63,0,1
NMR-500020,Breeder,Colony-E,39.2,73,0.307,32.9,33.5,6.07,4.74,0.103,28,7,25.51,1,0
NMR-507473,Worker,Colony-C,30.9,15,0.324,32.0,21.4,6.82,17.73,0.265,28,12,16.57,1,0
NMR-502862,Soldier,Colony-A,39.2,54,0.443,31.4,25.9,4.6,18.74,0.164,30,9,21.49,0,1
NMR-508288,Soldier,Colony-D,24.7,79,0.241,31.0,31.5,6.54,14.21,0.212,21,14,20.66,1,0
NMR-508281,Worker,Colony-D,33.6,30,0.186,33.0,15.5,6.65,11.8,0.552,26,13,21.73,1,0
NMR-501325,Worker,Colony-E,21.0,35,0.26,31.7,7.2,6.1,10.91,0.356,26,6,19.75,0,1
NMR-509351,Breeder,Colony-A,37.2,53,0.302,32.7,17.5,6.5,7.59,0.378,30,15,19.08,1,0
NMR-506320,Worker,Colony-A,27.1,49,0.223,33.3,9.9,5.46,10.13,0.139,22,10,20.25,0,0
NMR-506157,Worker,Colony-B,30.9,104,0.374,32.3,54.3,7.81,9.54,0.223,20,14,20.19,1,1
NMR-502259,Soldier,Colony-E,32.8,63,0.249,31.5,11.7,5.72,12.35,0.128,21,5,19.08,0,1
NMR-503538,Soldier,Colony-A,45.4,60,0.185,33.3,21.7,5.59,13.83,0.263,28,16,23.53,1,0
NMR-500035,Soldier,Colony-A,37.6,78,0.376,31.4,14.1,5.21,22.4,0.677,29,9,22.71,0,0
NMR-509515,Queen,Colony-A,44.6,53,0.263,31.9,14.7,6.43,4.63,0.372,20,9,16.36,0,0
NMR-505968,Worker,Colony-D,44.5,71,0.254,30.2,18.3,4.9,8.65,0.181,22,11,18.4,0,0
NMR-507531,Worker,Colony-D,38.7,55,0.372,31.8,29.1,6.15,20.43,0.261,31,6,18.97,1,1
NMR-507661,Worker,Colony-E,41.9,100,0.2,31.6,11.2,7.34,9.46,0.169,20,11,16.29,0,1
NMR-506107,Worker,Colony-C,23.7,25,0.407,32.4,21.4,5.56,11.0,0.496,24,14,18.82,0,1
NMR-508876,Breeder,Colony-E,43.7,55,0.2,31.3,34.6,5.72,9.18,0.2,20,5,19.11,1,0
NMR-502955,Worker,Colony-A,23.3,140,0.177,31.4,11.1,8.39,9.94,0.184,25,13,17.25,0,1
NMR-505209,Worker,Colony-E,34.4,137,0.315,30.9,10.6,4.89,10.98,0.282,25,13,24.63,0,0
NMR-500103,Worker,Colony-D,41.4,86,0.368,31.2,42.0,5.45,9.88,0.279,19,13,26.17,1,0
NMR-503638,Breeder,Colony-C,34.7,64,0.211,31.8,37.5,7.78,1.75,0.464,20,9,21.6,1,1
NMR-506530,Worker,Colony-E,31.4,61,0.288,32.5,12.0,5.1,19.63,0.23,25,17,24.84,0,1
NMR-502992,Soldier,Colony-C,34.8,22,0.429,33.5,24.8,5.51,5.76,0.196,22,5,15.13,0,1
NMR-509570,Queen,Colony-C,31.8,34,0.304,31.2,11.4,6.18,1.63,0.212,20,12,21.71,1,0
NMR-507191,Breeder,Colony-D,30.1,110,0.239,31.2,30.0,4.95,7.32,0.294,30,15,22.87,1,0
NMR-506930,Soldier,Colony-A,31.6,75,0.362,32.6,10.7,6.3,12.22,0.248,32,16,14.57,0,1
NMR-503945,Worker,Colony-B,39.6,45,0.422,32.9,8.6,5.87,25.72,0.36,24,9,24.68,0,1
NMR-501934,Soldier,Colony-D,27.2,64,0.313,33.3,8.0,7.49,12.43,0.337,28,8,26.01,0,0
NMR-504122,Soldier,Colony-A,36.6,52,0.388,31.7,19.8,6.27,8.02,0.318,23,12,17.25,0,0
NMR-504604,Worker,Colony-A,22.4,70,0.223,33.5,13.1,6.18,9.45,0.473,34,10,22.15,0,0
NMR-503832,Breeder,Colony-C,37.8,33,0.244,31.8,6.8,8.64,3.65,0.316,26,13,17.85,0,0
NMR-502674,Soldier,Colony-D,41.0,74,0.217,32.1,20.4,7.37,7.97,0.248,25,13,17.5,0,1
NMR-509604,Queen,Colony-E,39.5,45,0.329,31.4,14.3,6.26,-1.02,0.155,18,11,20.09,0,0
NMR-506232,Soldier,Colony-A,27.6,45,0.137,32.0,28.3,7.82,7.9,0.31,24,9,24.09,1,1
NMR-507153,Worker,Colony-C,25.8,46,0.175,32.1,26.5,6.36,18.92,0.3,21,16,24.93,1,1
NMR-507708,Worker,Colony-C,35.4,81,0.299,33.0,18.6,6.83,11.25,0.203,27,11,21.49,1,0
NMR-507440,Soldier,Colony-B,43.3,36,0.217,34.0,23.4,6.75,7.92,0.349,20,12,17.91,0,0
NMR-505642,Breeder,Colony-A,45.6,39,0.325,32.7,33.7,7.45,0.97,0.47,21,15,18.44,1,0
NMR-503690,Worker,Colony-E,27.6,55,0.243,30.7,24.2,6.12,16.95,0.278,29,18,16.96,0,1
NMR-503648,Soldier,Colony-E,34.3,36,0.213,31.3,11.9,7.06,13.89,0.316,24,12,11.78,0,0
NMR-501574,Soldier,Colony-B,42.0,44,0.31,31.8,24.1,5.45,28.88,0.364,26,8,14.42,0,1
NMR-509640,Worker,Colony-D,20.6,63,0.258,32.8,16.1,7.77,6.55,0.093,28,11,30.53,1,1
NMR-506164,Worker,Colony-C,34.4,113,0.228,32.3,11.0,7.1,8.4,0.158,29,15,14.43,0,1
NMR-504562,Breeder,Colony-C,33.0,67,0.248,31.8,10.4,5.67,6.48,0.605,21,14,22.08,1,0
NMR-503889,Worker,Colony-A,33.5,98,0.224,32.1,15.2,6.79,9.76,0.435,32,6,16.8,1,1
NMR-504350,Worker,Colony-A,27.0,32,0.256,32.6,28.2,5.43,11.62,0.452,24,10,22.83,1,1
NMR-501079,Soldier,Colony-D,30.9,92,0.223,33.3,20.7,5.09,15.58,0.35,26,15,25.03,1,0
NMR-508933,Worker,Colony-C,31.1,27,0.251,33.2,11.3,6.68,11.52,0.46,29,11,17.27,0,0
NMR-509451,Worker,Colony-D,25.5,48,0.277,30.3,13.1,6.9,23.33,0.422,22,9,19.35,1,0
NMR-509498,Queen,Colony-C,42.4,37,0.206,32.2,13.7,6.34,-1.14,0.147,29,12,17.54,1,1
NMR-503982,Worker,Colony-C,26.4,36,0.169,32.7,21.8,7.23,10.57,0.394,22,11,20.74,1,0
NMR-506611,Worker,Colony-B,26.2,127,0.215,32.3,35.4,5.84,12.4,0.344,24,10,21.02,1,0
NMR-506186,Soldier,Colony-B,42.8,19,0.237,32.5,12.0,5.83,10.37,0.268,32,8,19.74,0,1
NMR-501195,Soldier,Colony-D,36.9,52,0.395,30.8,15.6,6.82,8.88,0.404,27,10,19.91,0,1
NMR-506341,Soldier,Colony-B,30.6,174,0.348,32.7,30.5,6.38,16.19,0.37,21,9,22.17,1,0
NMR-506486,Soldier,Colony-A,34.7,64,0.234,31.9,20.0,6.41,9.86,0.4,23,12,19.69,1,1
NMR-508045,Worker,Colony-D,28.5,38,0.207,31.6,7.3,8.61,13.82,0.232,25,8,24.18,0,0
NMR-506191,Worker,Colony-B,23.0,56,0.235,33.5,24.1,7.65,24.59,0.364,27,16,19.71,0,0
NMR-505447,Soldier,Colony-B,39.2,63,0.261,32.3,6.2,6.55,13.64,0.185,22,7,20.21,1,1
NMR-502393,Soldier,Colony-E,34.3,71,0.269,32.2,22.0,7.23,9.28,0.555,38,13,18.83,1,1
NMR-502050,Worker,Colony-A,26.7,53,0.436,32.3,16.6,6.87,17.95,0.206,16,10,22.88,0,1
NMR-504879,Soldier,Colony-B,31.0,47,0.321,32.3,20.0,7.09,4.19,0.297,22,9,23.72,0,1
NMR-504866,Worker,Colony-E,43.2,57,0.159,32.2,22.5,5.87,19.71,0.538,23,11,17.72,1,1
NMR-504228,Soldier,Colony-B,39.8,95,0.415,31.2,21.1,6.4,5.25,0.485,25,13,22.93,0,0
NMR-500591,Soldier,Colony-A,26.8,84,0.313,31.4,19.1,9.11,14.47,0.252,27,13,22.87,0,1
NMR-506395,Breeder,Colony-B,43.3,48,0.348,32.3,15.7,8.36,16.39,0.28,19,7,20.31,0,1
NMR-504877,Worker,Colony-E,28.8,161,0.229,31.4,27.3,7.56,13.03,0.205,18,9,15.92,1,1
NMR-501484,Worker,Colony-E,37.4,27,0.275,31.2,16.4,6.36,13.45,0.164,23,12,19.49,0,0
NMR-501782,Soldier,Colony-A,31.9,91,0.303,34.3,46.8,6.89,5.39,0.163,24,13,17.63,1,0
NMR-508504,Breeder,Colony-D,35.5,80,0.159,31.5,12.1,8.35,7.15,0.301,14,11,20.56,1,1
NMR-501094,Worker,Colony-A,25.3,61,0.323,33.7,21.5,9.49,14.54,0.312,29,8,13.9,0,0
NMR-509440,Worker,Colony-A,35.2,26,0.249,33.1,18.9,4.76,9.64,0.467,20,14,23.03,1,1
NMR-503741,Worker,Colony-D,34.7,41,0.31,31.7,25.1,6.78,14.98,0.382,26,11,20.77,1,1
NMR-509204,Queen,Colony-E,33.1,81,0.357,31.0,29.3,6.31,-0.13,0.283,27,10,21.25,0,0
NMR-505089,Worker,Colony-E,25.8,24,0.231,32.1,13.4,5.96,15.44,0.261,26,8,21.54,0,1
NMR-508563,Breeder,Colony-E,44.3,48,0.169,32.7,11.8,7.93,6.05,0.25,27,7,23.15,1,1
NMR-505915,Worker,Colony-A,40.8,119,0.294,31.7,19.7,6.86,17.61,0.293,29,14,17.39,0,0
NMR-504623,Worker,Colony-C,17.0,48,0.346,32.8,7.0,7.68,8.72,0.344,36,13,15.58,0,0
NMR-503955,Worker,Colony-C,37.0,49,0.136,30.7,52.6,5.4,15.67,0.552,19,9,20.99,1,0
NMR-500938,Worker,Colony-D,29.9,77,0.235,32.6,21.8,7.48,21.85,0.445,23,10,20.64,1,1
NMR-501899,Worker,Colony-D,38.3,37,0.294,31.2,23.7,6.86,12.35,0.242,23,14,21.14,0,1
NMR-503632,Worker,Colony-C,26.2,100,0.189,34.0,20.9,6.77,10.26,0.07,29,10,17.02,1,0
NMR-502660,Soldier,Colony-A,20.5,71,0.336,31.0,14.5,8.42,11.3,0.2,19,10,21.84,1,0
NMR-509047,Worker,Colony-C,31.4,42,0.284,32.9,32.2,8.32,11.04,0.18,19,13,14.72,1,1
NMR-504063,Queen,Colony-C,53.5,68,0.272,30.6,14.8,7.12,-0.08,0.136,18,8,18.55,1,0
NMR-505158,Worker,Colony-D,26.1,21,0.287,33.1,43.8,7.06,16.29,0.354,25,8,16.74,1,0
NMR-502528,Breeder,Colony-B,40.3,84,0.253,31.4,14.7,5.96,2.84,0.313,32,14,21.25,0,0
NMR-502541,Worker,Colony-B,27.8,75,0.249,31.5,26.7,7.29,9.98,0.516,22,15,18.25,0,1
NMR-506572,Breeder,Colony-E,36.0,51,0.351,34.0,24.2,8.23,9.77,0.233,27,13,17.65,0,0
NMR-501769,Worker,Colony-A,22.3,87,0.149,31.8,12.8,8.54,7.85,0.394,15,9,16.83,1,1
NMR-509159,Soldier,Colony-D,32.4,42,0.331,32.6,14.1,6.46,15.42,0.092,31,9,16.87,1,1
NMR-502686,Worker,Colony-B,20.1,121,0.438,32.1,19.9,8.13,15.49,0.222,25,12,20.18,0,1
NMR-505634,Queen,Colony-B,43.1,87,0.197,31.2,14.5,8.12,11.37,0.311,19,10,23.52,0,1
NMR-502937,Soldier,Colony-B,33.4,36,0.292,31.8,9.3,7.28,10.84,0.121,25,12,18.42,0,1
NMR-500153,Soldier,Colony-E,28.9,16,0.238,33.1,62.1,6.89,17.89,0.235,26,11,25.86,1,1
NMR-503145,Queen,Colony-E,35.8,27,0.298,32.1,18.7,7.94,-2.11,0.112,23,11,18.4,0,0
NMR-500403,Worker,Colony-A,34.5,30,0.215,31.1,12.1,8.78,11.2,0.492,19,12,24.61,1,0
NMR-504792,Soldier,Colony-E,42.7,31,0.211,33.2,12.2,5.87,2.65,0.653,24,7,19.02,0,1
NMR-506315,Soldier,Colony-C,43.5,31,0.3,33.4,16.6,6.94,7.77,0.202,21,15,19.29,0,1
NMR-503355,Worker,Colony-E,21.8,87,0.253,32.4,16.3,6.89,11.5,0.274,23,9,18.13,1,1
NMR-506759,Breeder,Colony-A,41.7,76,0.271,31.3,45.6,8.34,1.61,0.133,19,12,13.07,0,1
NMR-508575,Worker,Colony-C,36.2,41,0.185,31.7,18.7,8.25,12.97,0.331,16,12,24.69,1,0
NMR-506627,Breeder,Colony-B,34.3,40,0.253,31.0,27.7,7.2,14.7,0.297,21,18,16.18,1,1
NMR-501047,Worker,Colony-C,30.6,35,0.338,32.6,24.6,4.65,13.22,0.447,27,12,23.39,0,1
NMR-500927,Worker,Colony-B,32.4,52,0.271,31.0,12.7,7.03,30.61,0.345,27,9,20.0,0,0
NMR-503215,Worker,Colony-B,19.6,129,0.535,31.3,27.2,7.92,10.73,0.442,21,11,16.94,0,1
NMR-501122,Soldier,Colony-A,32.0,73,0.159,32.7,32.9,7.53,17.22,0.473,21,9,17.67,1,1
NMR-500776,Worker,Colony-E,27.1,33,0.335,32.1,30.7,7.92,15.61,0.241,21,10,17.32,0,1
NMR-505417,Worker,Colony-C,26.0,47,0.172,30.6,13.0,6.61,9.59,0.193,23,9,17.69,0,0
NMR-505215,Worker,Colony-C,40.3,42,0.187,31.5,20.8,5.61,16.34,0.147,22,6,19.82,0,1
NMR-504635,Worker,Colony-E,33.0,75,0.128,32.6,25.9,8.14,16.89,0.349,30,10,25.55,1,1
NMR-508761,Soldier,Colony-D,42.4,87,0.305,31.6,7.4,7.75,6.14,0.442,28,7,15.7,1,1
NMR-504316,Worker,Colony-A,27.0,129,0.171,30.7,13.1,8.32,16.73,0.124,26,10,22.33,1,1
NMR-504031,Worker,Colony-D,26.6,43,0.17,30.9,29.2,5.22,17.0,0.22,20,8,24.12,1,1
NMR-501778,Worker,Colony-B,29.1,26,0.175,29.6,24.0,6.57,6.76,0.103,25,7,16.36,1,0
NMR-507675,Worker,Colony-B,35.9,93,0.147,31.6,12.0,5.91,9.59,0.217,28,12,21.46,1,0
NMR-501303,Worker,Colony-C,31.0,35,0.286,30.9,18.7,5.5,17.14,0.219,25,15,15.07,0,1
NMR-509192,Soldier,Colony-A,43.3,49,0.282,31.4,23.9,6.73,13.0,0.159,16,13,24.81,0,0
NMR-503126,Soldier,Colony-E,31.2,88,0.221,33.1,31.9,4.16,5.38,0.418,28,10,19.7,0,0
NMR-504996,Breeder,Colony-A,35.0,40,0.289,32.2,23.9,5.98,4.65,0.373,32,10,27.12,0,1
NMR-501112,Worker,Colony-B,28.8,81,0.278,31.2,18.3,7.38,12.12,0.179,29,9,20.05,0,1
NMR-500396,Worker,Colony-D,22.0,49,0.181,32.3,23.8,4.93,20.43,0.415,26,9,18.31,1,1
NMR-506028,Worker,Colony-B,22.6,95,0.3,32.4,22.5,9.29,16.05,0.342,25,9,21.48,1,1
NMR-509492,Soldier,Colony-A,36.7,43,0.252,33.6,18.3,7.1,9.29,0.367,31,16,19.58,0,0
NMR-505357,Worker,Colony-D,31.7,193,0.364,31.7,18.1,6.53,11.89,0.147,29,10,16.43,0,0
NMR-505206,Soldier,Colony-A,28.2,30,0.177,33.5,35.5,6.12,8.92,0.17,23,11,16.76,1,0
NMR-500973,Worker,Colony-C,39.1,37,0.346,32.2,12.9,7.0,21.31,0.298,30,8,22.81,0,1
NMR-502488,Soldier,Colony-C,35.5,40,0.228,33.4,22.4,8.05,13.58,0.5,33,11,21.9,1,0
NMR-500404,Worker,Colony-D,38.4,51,0.203,31.9,19.7,6.88,11.86,0.28,26,6,16.82,1,1
NMR-508269,Queen,Colony-B,46.7,42,0.169,32.2,19.7,5.2,-0.9,0.244,25,3,20.24,1,1
NMR-506117,Worker,Colony-C,26.5,37,0.198,33.2,7.7,6.39,12.61,0.423,24,12,17.83,0,0
NMR-507323,Worker,Colony-C,17.1,94,0.351,30.0,24.8,6.33,17.81,0.426,21,12,19.94,0,0
NMR-501517,Soldier,Colony-C,28.6,39,0.184,31.4,27.7,5.71,14.85,0.341,19,7,18.1,1,1
NMR-505548,Breeder,Colony-D,52.5,54,0.233,32.2,8.9,6.25,-0.46,0.14,22,16,20.83,0,1
NMR-509119,Worker,Colony-B,26.5,26,0.203,31.9,13.1,8.16,11.32,0.301,26,12,20.71,0,0
NMR-506958,Worker,Colony-D,37.9,40,0.355,32.5,28.3,7.59,15.43,0.48,29,11,19.98,1,0
NMR-509331,Queen,Colony-E,48.4,26,0.424,30.9,39.5,6.89,0.9,0.431,21,16,19.56,1,0
NMR-509631,Soldier,Colony-E,38.2,143,0.176,34.5,33.0,5.84,5.99,0.578,31,6,22.28,1,0
NMR-500268,Soldier,Colony-B,27.6,65,0.339,31.1,13.7,6.19,7.31,0.337,26,15,18.54,0,0
NMR-506235,Worker,Colony-B,33.7,30,0.336,31.1,39.4,8.27,15.07,0.216,31,9,25.27,1,0
NMR-502157,Worker,Colony-B,26.2,55,0.205,31.4,14.9,4.4,14.58,0.287,28,11,22.53,0,1
NMR-508665,Worker,Colony-C,34.6,50,0.319,31.1,8.3,4.34,13.32,0.357,19,14,17.12,0,1
NMR-505399,Worker,Colony-B,28.0,26,0.349,32.2,21.2,7.13,11.61,0.131,22,11,21.2,0,1
NMR-500178,Worker,Colony-B,26.7,54,0.259,32.3,10.6,5.44,13.07,0.212,24,22,21.02,0,1
NMR-501430,Worker,Colony-E,28.9,38,0.152,31.4,7.7,4.23,6.32,0.083,24,7,17.49,0,1
NMR-502155,Worker,Colony-C,34.6,48,0.253,34.5,19.7,5.49,17.88,0.187,19,9,17.83,1,0
NMR-502461,Worker,Colony-B,33.0,30,0.218,33.6,24.6,6.04,15.83,0.097,22,12,16.25,0,1
NMR-501637,Soldier,Colony-D,29.0,23,0.196,33.8,12.5,7.51,19.43,0.478,23,14,18.63,0,0
NMR-501352,Breeder,Colony-C,46.5,35,0.253,31.9,27.3,7.01,14.42,0.285,15,11,21.23,0,1
NMR-500926,Worker,Colony-B,40.0,67,0.23,33.1,13.4,3.39,7.64,0.398,18,11,16.66,0,0
NMR-508589,Worker,Colony-D,27.5,42,0.255,32.3,15.7,7.85,11.19,0.633,26,11,20.66,0,0
NMR-502323,Worker,Colony-C,40.1,55,0.318,32.4,22.6,8.62,16.32,0.417,26,12,19.8,1,1
NMR-500102,Soldier,Colony-E,39.7,42,0.246,33.0,19.0,8.76,9.22,0.331,25,10,19.59,0,0
NMR-501414,Breeder,Colony-E,45.5,131,0.197,32.1,12.2,7.97,8.93,0.256,16,9,18.21,1,1
NMR-502905,Worker,Colony-C,26.9,76,0.158,32.0,18.6,6.41,10.7,0.657,25,10,16.63,1,1
NMR-500142,Breeder,Colony-E,40.4,61,0.287,31.7,12.9,6.01,8.29,0.479,15,7,21.07,0,1
NMR-507709,Worker,Colony-B,31.9,77,0.268,31.1,23.4,6.97,16.83,0.486,29,7,15.64,0,1
NMR-508321,Soldier,Colony-D,26.2,107,0.25,32.4,18.6,6.72,4.69,0.462,21,10,21.78,1,0
NMR-507547,Worker,Colony-B,32.0,79,0.25,31.9,14.7,6.44,20.83,0.312,24,9,18.72,0,1
NMR-501288,Worker,Colony-C,31.0,28,0.358,31.9,9.2,6.23,13.82,0.228,29,10,18.37,0,1
NMR-509036,Worker,Colony-C,38.6,30,0.249,32.1,24.5,8.45,18.85,0.561,31,8,17.0,1,0
NMR-500491,Worker,Colony-B,28.1,39,0.279,32.0,17.4,9.24,5.09,0.609,34,10,20.2,0,0
NMR-503654,Worker,Colony-C,29.8,88,0.151,31.8,14.2,9.04,10.52,0.302,20,11,18.87,1,1
NMR-508531,Worker,Colony-C,21.8,76,0.245,32.2,20.6,6.42,11.61,0.519,24,11,13.69,0,0
NMR-501556,Worker,Colony-C,19.1,50,0.229,32.7,14.5,6.92,25.34,0.237,27,12,15.36,0,1
NMR-503109,Worker,Colony-B,29.7,52,0.511,31.4,18.0,6.3,10.73,0.329,19,12,16.8,0,1
NMR-507160,Breeder,Colony-D,36.5,50,0.183,32.1,15.3,7.19,5.31,0.154,27,15,16.27,0,1
NMR-504891,Worker,Colony-A,31.6,42,0.246,30.7,43.7,9.37,13.57,0.524,26,11,16.25,1,0
NMR-506460,Soldier,Colony-B,30.9,138,0.315,33.6,13.9,5.53,13.31,0.296,23,9,18.5,0,0
NMR-504358,Worker,Colony-B,28.6,16,0.388,31.3,29.1,7.37,11.21,0.251,24,14,22.15,0,0
NMR-507943,Worker,Colony-E,22.5,38,0.345,32.0,29.8,6.35,10.42,0.177,18,8,17.54,1,1
NMR-504763,Worker,Colony-D,19.1,68,0.299,30.9,23.2,6.82,11.55,0.112,24,5,16.91,0,0
NMR-502639,Worker,Colony-C,26.6,44,0.206,32.5,22.4,5.78,8.87,0.149,19,7,21.46,1,1
NMR-500160,Worker,Colony-E,32.2,55,0.247,33.1,14.3,6.45,12.07,0.295,28,11,14.22,0,0
NMR-505329,Worker,Colony-B,31.1,25,0.189,30.7,19.0,7.51,11.32,0.2,28,10,19.63,1,0
NMR-509623,Worker,Colony-A,31.6,28,0.242,31.2,11.7,7.05,6.73,0.136,15,14,24.68,1,0
NMR-509557,Breeder,Colony-A,33.8,49,0.311,33.1,11.7,8.47,1.26,0.377,20,9,14.39,0,0
NMR-509170,Worker,Colony-C,21.9,49,0.11,32.9,16.0,8.63,15.61,0.15,17,8,24.43,1,1
NMR-502735,Soldier,Colony-C,28.8,46,0.327,31.7,25.8,6.41,20.48,0.097,19,11,19.91,1,1
NMR-505578,Worker,Colony-E,35.5,84,0.326,32.0,33.1,8.53,13.17,0.283,37,8,22.32,1,1
NMR-503283,Soldier,Colony-B,28.7,43,0.421,32.6,25.0,6.6,6.3,0.075,22,15,20.84,0,1
NMR-501528,Soldier,Colony-E,47.9,86,0.22,33.8,11.7,6.73,12.73,0.433,17,15,16.79,0,0
NMR-500807,Worker,Colony-C,30.0,39,0.183,31.0,14.4,7.77,11.65,0.197,26,6,21.64,0,0
NMR-508001,Breeder,Colony-A,48.0,94,0.343,31.6,17.1,6.54,9.96,0.309,21,13,19.14,0,0
NMR-505780,Soldier,Colony-A,38.7,50,0.292,33.9,15.3,5.9,10.26,0.255,23,11,15.23,0,0
NMR-500519,Worker,Colony-A,29.2,79,0.408,32.2,14.3,9.15,18.47,0.247,20,16,19.46,1,1
NMR-508168,Worker,Colony-E,35.6,61,0.247,32.4,27.7,9.06,8.73,0.284,16,11,18.93,0,1
NMR-502881,Soldier,Colony-C,35.4,40,0.304,31.4,31.5,8.55,14.0,0.325,19,14,14.73,0,0
NMR-502895,Worker,Colony-B,32.4,39,0.149,32.2,32.5,8.63,8.23,0.406,27,10,16.49,1,0
NMR-500693,Worker,Colony-D,29.3,55,0.169,30.2,27.0,5.76,10.62,0.107,24,12,19.23,1,0
NMR-500233,Soldier,Colony-D,42.4,18,0.309,32.9,37.7,5.7,7.14,0.252,17,11,19.62,1,1
NMR-509773,Worker,Colony-D,36.8,122,0.416,30.5,41.7,6.31,11.8,0.112,24,9,18.21,0,0
NMR-507567,Worker,Colony-A,18.4,253,0.209,32.9,6.5,7.42,12.78,0.46,21,22,21.22,1,1
NMR-504836,Worker,Colony-B,28.3,33,0.128,33.4,14.9,7.69,14.47,0.349,25,7,21.47,1,0
NMR-500126,Soldier,Colony-E,30.8,16,0.279,33.6,24.8,6.95,5.6,0.501,21,8,19.29,1,0
NMR-500239,Worker,Colony-A,36.4,164,0.325,32.0,24.2,5.47,9.82,0.275,19,10,20.79,0,0
NMR-504525,Soldier,Colony-E,28.9,73,0.382,32.6,17.9,8.01,15.41,0.228,35,14,26.74,0,1
NMR-508265,Soldier,Colony-A,31.5,54,0.155,32.2,26.4,7.16,6.66,0.41,32,6,20.76,0,1
NMR-504596,Worker,Colony-C,27.1,28,0.288,32.0,18.5,7.79,14.04,0.71,25,18,15.91,0,1
NMR-504715,Soldier,Colony-C,29.8,43,0.184,33.3,10.5,6.37,7.21,0.268,33,12,16.94,0,1
NMR-508783,Worker,Colony-B,36.8,56,0.278,34.1,25.5,6.19,8.29,0.204,26,14,18.63,0,0
NMR-502022,Worker,Colony-D,45.3,83,0.218,33.2,12.6,7.51,16.43,0.274,20,17,18.95,0,1
NMR-501526,Worker,Colony-C,25.1,160,0.373,32.7,19.7,6.79,20.27,0.308,29,10,17.93,0,1
NMR-502716,Worker,Colony-C,29.1,54,0.173,32.7,24.6,7.42,32.74,0.337,23,11,22.24,1,0
NMR-502628,Soldier,Colony-E,45.4,88,0.214,32.9,10.3,6.48,7.17,0.088,29,10,22.42,1,0
NMR-508549,Worker,Colony-C,37.4,120,0.248,31.2,39.6,7.18,9.53,0.186,21,8,23.39,1,1
NMR-506213,Worker,Colony-E,32.8,79,0.299,31.7,18.9,7.38,11.59,0.176,18,11,14.97,0,1
NMR-505784,Worker,Colony-B,35.0,51,0.168,33.3,23.5,8.4,18.54,0.113,24,5,14.29,1,0
NMR-502097,Soldier,Colony-C,41.4,33,0.213,33.2,14.0,6.1,12.02,0.256,25,15,25.87,0,1
NMR-508570,Soldier,Colony-D,29.3,56,0.357,32.3,10.9,6.73,5.34,0.453,21,9,19.14,1,1
NMR-501463,Worker,Colony-D,17.9,48,0.253,31.2,26.2,5.14,7.66,0.288,36,6,22.3,1,1
NMR-508974,Soldier,Colony-E,30.9,49,0.345,30.7,13.9,8.47,4.38,0.24,22,16,21.98,1,0
NMR-509796,Soldier,Colony-E,39.3,31,0.345,31.6,11.6,6.33,19.99,0.21,29,10,20.5,0,1
NMR-509651,Soldier,Colony-A,48.7,66,0.201,33.0,16.2,6.96,17.73,0.22,22,12,23.57,0,0
NMR-506796,Soldier,Colony-A,32.3,69,0.363,31.4,10.3,6.01,6.11,0.3,13,9,14.3,0,1
NMR-503342,Breeder,Colony-E,44.9,40,0.322,33.3,20.7,7.95,9.4,0.463,23,13,20.35,1,0
NMR-500219,Soldier,Colony-A,24.8,81,0.24,32.5,23.8,9.22,11.21,0.514,38,8,18.54,1,1
NMR-505997,Soldier,Colony-D,24.4,95,0.425,31.8,7.2,6.59,6.97,0.16,30,12,22.11,0,1
NMR-504432,Worker,Colony-A,36.0,24,0.203,32.5,17.0,8.09,13.7,0.523,32,8,13.9,0,0
NMR-500493,Worker,Colony-B,31.9,80,0.337,32.4,9.6,6.61,10.26,0.181,20,11,16.87,0,1
NMR-507644,Worker,Colony-C,34.4,65,0.166,31.9,6.1,6.14,11.48,0.466,22,12,23.42,0,1
NMR-501774,Worker,Colony-C,26.0,59,0.184,32.9,22.0,6.16,11.64,0.376,25,14,19.15,1,1
NMR-503319,Worker,Colony-D,34.2,62,0.263,30.9,14.0,5.4,10.5,0.145,29,17,19.74,1,0
NMR-504114,Worker,Colony-D,31.8,46,0.167,32.6,35.9,6.07,9.36,0.264,22,17,17.58,0,1
NMR-500477,Worker,Colony-C,34.4,147,0.18,31.9,38.9,6.84,28.52,0.42,28,22,21.99,1,0
NMR-508739,Soldier,Colony-C,38.3,161,0.326,32.7,18.3,4.51,10.14,0.276,19,11,18.9,0,0
NMR-508246,Worker,Colony-A,31.3,55,0.247,31.9,12.8,5.46,8.3,0.429,25,19,22.09,0,1
NMR-508899,Worker,Colony-A,27.1,75,0.292,31.6,17.1,6.67,13.17,0.21,18,15,22.5,1,0
NMR-507010,Worker,Colony-B,30.2,46,0.249,32.1,33.6,7.1,9.21,0.11,23,10,21.7,1,1
NMR-508428,Worker,Colony-C,26.8,59,0.174,32.1,7.8,6.38,7.96,0.394,28,7,16.66,0,1
NMR-504838,Worker,Colony-E,41.0,96,0.191,33.1,11.6,6.46,14.62,0.243,29,8,15.76,0,0
NMR-505061,Worker,Colony-C,25.2,50,0.25,32.9,13.2,8.2,23.67,0.341,24,12,21.31,0,1
NMR-508493,Worker,Colony-A,32.7,31,0.436,30.5,37.7,7.35,14.25,0.468,35,11,26.08,1,0
NMR-501398,Soldier,Colony-D,31.4,66,0.423,31.8,24.7,6.97,9.34,0.429,24,12,19.54,0,1
NMR-509430,Worker,Colony-E,30.5,49,0.246,31.4,38.0,7.63,11.24,0.374,22,14,23.34,1,0
NMR-506578,Worker,Colony-A,34.2,42,0.301,30.6,33.8,8.62,16.61,0.267,25,10,20.74,1,0
NMR-505441,Breeder,Colony-D,35.0,82,0.2,32.6,16.1,10.02,10.38,0.158,26,7,21.66,1,1
NMR-503238,Worker,Colony-B,27.3,55,0.234,31.2,9.5,7.31,12.04,0.158,18,10,12.5,0,0
NMR-504520,Worker,Colony-B,35.3,68,0.204,31.5,18.6,8.26,18.63,0.302,28,9,22.88,1,1
NMR-508294,Worker,Colony-B,32.8,67,0.189,31.5,30.3,7.36,9.13,0.198,27,5,19.87,1,1
NMR-509520,Worker,Colony-E,37.4,133,0.268,32.5,8.1,8.19,11.51,0.297,23,11,19.22,0,1
NMR-500105,Worker,Colony-B,21.9,35,0.304,32.9,20.4,8.23,10.59,0.525,30,14,16.31,0,0
NMR-503486,Soldier,Colony-B,45.1,49,0.179,32.6,7.2,7.17,7.42,0.081,24,7,23.71,1,1
NMR-507975,Breeder,Colony-D,52.6,81,0.371,32.0,21.3,5.48,5.07,0.46,25,14,20.09,1,0
NMR-506939,Worker,Colony-E,34.7,29,0.445,34.4,39.9,6.55,11.25,0.175,23,12,19.85,1,1
NMR-501357,Breeder,Colony-B,40.3,81,0.267,32.7,22.2,6.63,3.22,0.346,20,15,20.79,1,1
NMR-502782,Soldier,Colony-E,30.6,24,0.319,33.1,14.3,7.34,15.49,0.341,20,13,15.28,0,0
NMR-505226,Worker,Colony-E,23.1,27,0.356,32.0,20.2,8.08,10.86,0.49,27,8,22.83,1,0
NMR-502285,Worker,Colony-E,32.8,29,0.41,32.7,17.4,6.31,11.1,0.092,18,12,14.07,0,1
NMR-507836,Soldier,Colony-C,35.0,59,0.291,31.1,27.7,7.38,8.03,0.492,29,11,19.6,0,0
NMR-507925,Worker,Colony-A,21.3,56,0.182,32.6,13.2,7.98,15.65,0.498,25,6,16.74,0,1
NMR-505501,Soldier,Colony-A,31.4,48,0.311,33.1,8.9,7.68,4.91,0.379,17,8,21.29,0,0
NMR-507487,Worker,Colony-C,25.8,25,0.31,33.0,17.0,7.67,8.04,0.33,28,11,15.99,0,0
NMR-503964,Worker,Colony-B,33.9,44,0.39,32.8,28.3,9.4,14.03,0.402,27,8,11.27,0,1
NMR-507082,Soldier,Colony-C,37.4,46,0.27,32.7,13.0,6.41,6.98,0.295,28,7,14.62,0,0
NMR-507663,Worker,Colony-E,28.9,144,0.373,32.5,25.1,6.13,11.47,0.522,20,10,21.85,1,0
NMR-505865,Worker,Colony-E,25.5,52,0.461,32.4,33.5,8.18,11.5,0.281,23,8,25.87,1,0
NMR-504442,Soldier,Colony-D,41.9,78,0.287,31.4,9.0,4.68,11.66,0.198,25,11,20.63,0,0
NMR-504167,Worker,Colony-B,29.4,50,0.226,32.8,21.7,6.18,15.36,0.18,19,6,18.21,0,1
NMR-501658,Breeder,Colony-D,29.0,53,0.419,33.2,26.7,7.11,9.44,0.314,16,15,19.24,0,0
NMR-504841,Worker,Colony-C,35.6,44,0.205,32.7,13.7,5.38,12.29,0.298,27,10,20.06,1,0
NMR-508350,Soldier,Colony-E,24.9,59,0.201,33.2,37.6,5.99,11.46,0.347,21,14,15.47,1,1
NMR-506017,Worker,Colony-C,38.1,25,0.306,32.2,23.1,6.52,11.36,0.145,18,7,17.82,1,1
NMR-505349,Worker,Colony-E,25.8,58,0.236,32.4,16.7,8.41,16.72,0.473,24,12,16.22,0,1
NMR-506109,Worker,Colony-B,30.8,59,0.196,32.7,11.5,6.77,14.6,0.273,20,12,19.38,0,1
NMR-505713,Soldier,Colony-B,30.4,37,0.307,33.0,10.8,5.11,10.1,0.253,28,14,21.92,1,1
NMR-500342,Soldier,Colony-C,38.8,17,0.271,33.1,21.5,4.62,6.79,0.105,24,7,14.18,0,1
NMR-501625,Worker,Colony-B,32.1,50,0.217,32.3,33.2,7.24,17.04,0.118,30,9,18.46,1,1
NMR-501965,Worker,Colony-D,25.8,15,0.413,33.6,22.8,8.51,10.55,0.209,29,12,19.51,0,0
NMR-502211,Soldier,Colony-E,40.0,79,0.181,31.7,20.0,8.02,10.08,0.337,23,8,20.04,1,1
NMR-503293,Worker,Colony-D,28.4,62,0.201,32.8,51.7,7.17,13.56,0.179,20,16,14.67,1,1
NMR-509978,Worker,Colony-D,29.3,79,0.379,32.9,13.6,6.89,12.11,0.283,17,9,16.86,1,1
NMR-500440,Worker,Colony-C,23.6,38,0.193,32.5,16.2,6.36,20.51,0.214,20,12,18.8,0,1
NMR-500917,Soldier,Colony-D,28.3,91,0.259,32.8,27.7,8.2,5.0,0.074,31,16,19.37,1,1
NMR-502902,Worker,Colony-B,23.3,39,0.35,31.5,22.2,7.28,13.69,0.478,25,15,18.3,1,1
NMR-508880,Worker,Colony-C,45.7,42,0.247,30.7,7.8,5.21,16.61,0.258,27,9,19.4,0,0
NMR-507648,Worker,Colony-C,27.1,72,0.316,30.7,29.7,9.29,9.59,0.259,20,16,16.03,0,0
NMR-501700,Soldier,Colony-B,41.9,43,0.325,32.5,39.1,7.97,6.6,0.234,24,16,26.06,1,0
NMR-500617,Worker,Colony-D,33.1,44,0.475,32.5,13.8,7.02,11.78,0.306,21,10,20.34,0,0
NMR-505315,Soldier,Colony-A,42.5,38,0.288,32.0,17.7,5.76,5.94,0.419,26,9,16.64,1,1
NMR-502616,Soldier,Colony-A,33.3,54,0.282,30.0,12.2,7.27,4.33,0.412,24,7,22.46,0,0
NMR-501433,Worker,Colony-B,28.7,52,0.292,32.9,32.1,5.9,12.06,0.176,19,6,17.6,1,0
NMR-500385,Soldier,Colony-C,44.8,40,0.367,32.4,40.1,6.68,7.06,0.306,28,10,18.48,1,1
NMR-500288,Worker,Colony-C,36.5,46,0.189,33.5,12.6,7.31,9.47,0.457,27,8,19.47,0,0
NMR-504647,Soldier,Colony-D,39.2,56,0.285,32.3,11.8,6.27,9.43,0.439,28,8,19.96,1,1
NMR-502563,Worker,Colony-A,34.4,82,0.126,31.2,36.1,7.22,12.56,0.337,18,17,17.41,1,1
NMR-507178,Soldier,Colony-E,27.7,17,0.213,30.6,16.9,4.78,11.11,0.129,26,10,25.86,1,1
NMR-508356,Worker,Colony-E,28.5,187,0.375,31.1,24.6,6.75,12.81,0.136,17,10,15.98,0,0
NMR-501657,Worker,Colony-E,32.3,51,0.33,32.0,24.6,7.45,13.02,0.468,22,10,16.87,0,1
NMR-504760,Worker,Colony-A,23.5,63,0.188,32.5,13.8,5.84,18.51,0.399,26,8,20.28,1,1
NMR-505516,Breeder,Colony-E,42.5,51,0.166,32.1,25.5,6.84,0.79,0.227,30,5,19.87,0,1
NMR-508962,Worker,Colony-C,15.2,70,0.251,29.5,23.7,7.6,22.53,0.13,20,9,19.26,1,0
NMR-509887,Soldier,Colony-E,42.7,27,0.327,32.2,45.5,6.27,4.53,0.115,27,13,20.63,1,1
NMR-503439,Breeder,Colony-E,35.4,57,0.22,32.2,31.3,6.57,9.97,0.252,34,13,26.08,1,1
NMR-504115,Worker,Colony-A,25.7,51,0.229,31.7,22.5,6.22,15.4,0.213,26,10,18.75,1,0
NMR-501546,Soldier,Colony-D,30.8,54,0.141,32.3,37.9,5.83,4.74,0.27,23,6,16.24,0,1
NMR-506911,Worker,Colony-D,28.7,196,0.217,32.0,9.6,7.12,27.68,0.231,25,11,15.03,0,1
NMR-509756,Soldier,Colony-A,26.3,31,0.353,33.0,16.4,6.0,18.23,0.174,22,13,24.24,1,1
NMR-503436,Worker,Colony-D,28.6,34,0.207,32.5,23.2,6.36,12.2,0.127,31,11,16.58,0,1
NMR-504706,Worker,Colony-E,27.9,56,0.254,32.1,16.3,7.77,10.03,0.342,27,16,25.45,0,1
NMR-507235,Worker,Colony-C,45.5,79,0.184,33.6,31.8,9.54,18.44,0.714,23,11,21.86,1,1
NMR-501885,Worker,Colony-A,31.7,54,0.305,32.0,13.1,7.43,15.33,0.125,25,13,14.15,0,1
NMR-504165,Soldier,Colony-C,30.7,54,0.226,31.3,13.9,7.04,15.16,0.434,22,6,26.98,1,0
NMR-504284,Soldier,Colony-B,42.5,38,0.258,29.9,19.8,7.98,20.89,0.411,21,19,17.2,0,0
NMR-503386,Worker,Colony-A,29.1,58,0.228,33.6,23.4,6.44,13.1,0.225,25,14,20.54,1,0
NMR-507824,Breeder,Colony-C,38.6,54,0.199,32.6,9.0,8.1,9.32,0.365,21,9,19.25,1,1
NMR-502322,Worker,Colony-E,27.9,67,0.215,33.3,11.0,6.59,10.61,0.329,26,9,21.09,0,0
NMR-501489,Worker,Colony-D,32.6,26,0.195,34.0,11.8,6.71,18.38,0.218,25,10,20.42,0,0
NMR-501308,Worker,Colony-C,32.5,101,0.234,31.9,19.3,7.38,10.6,0.245,22,8,18.56,1,1
NMR-501643,Worker,Colony-E,26.7,31,0.257,30.8,17.1,6.42,13.21,0.613,32,11,21.3,0,0
NMR-509544,Worker,Colony-D,38.4,59,0.369,32.5,17.1,6.03,18.55,0.267,29,9,18.96,1,1
NMR-505948,Breeder,Colony-B,37.8,34,0.21,33.0,20.1,5.16,7.07,0.295,22,14,18.67,1,1
NMR-506716,Soldier,Colony-A,36.5,47,0.254,31.2,35.5,5.44,31.36,0.384,15,17,18.23,1,0
NMR-507871,Worker,Colony-C,22.9,61,0.282,31.7,10.9,4.72,18.17,0.412,27,13,20.05,0,0
NMR-507573,Worker,Colony-B,20.0,67,0.28,31.3,11.8,6.04,12.39,0.185,16,14,23.13,1,0
NMR-502875,Breeder,Colony-D,50.9,51,0.271,32.5,17.5,7.17,7.19,0.2,24,9,20.66,0,1
NMR-500676,Worker,Colony-E,29.4,79,0.178,33.3,22.9,8.47,12.06,0.484,26,12,24.03,1,1
NMR-504086,Worker,Colony-C,27.5,28,0.259,31.4,17.4,6.97,15.64,0.519,21,14,13.01,0,0
NMR-500608,Worker,Colony-E,19.9,88,0.221,32.2,23.2,4.74,15.57,0.596,16,9,21.35,1,0
NMR-501270,Worker,Colony-A,33.5,27,0.347,34.3,13.7,7.11,10.62,0.313,25,16,14.45,0,0
NMR-508036,Worker,Colony-E,39.6,103,0.322,31.1,16.0,6.26,8.06,0.17,22,8,11.25,0,0
NMR-500447,Breeder,Colony-D,31.3,70,0.298,32.9,36.2,7.33,3.23,0.135,29,6,19.1,0,0
NMR-509667,Worker,Colony-B,29.3,54,0.473,31.7,23.3,7.2,17.54,0.22,21,17,20.05,0,1
NMR-506108,Worker,Colony-E,24.5,92,0.179,33.9,48.1,5.76,17.1,0.369,24,6,23.2,1,0
NMR-508111,Soldier,Colony-A,27.8,77,0.163,31.6,7.5,7.08,16.7,0.08,18,11,21.14,0,1
NMR-507822,Worker,Colony-C,34.8,86,0.27,32.7,9.3,7.8,9.25,0.425,26,11,16.75,0,1
NMR-503393,Worker,Colony-E,31.1,53,0.318,32.4,11.5,6.1,19.96,0.312,26,6,16.58,1,1
NMR-508602,Worker,Colony-A,27.8,36,0.164,31.1,25.8,4.21,12.69,0.266,27,11,17.57,1,1
NMR-508295,Worker,Colony-C,24.6,25,0.369,31.3,12.8,5.9,9.12,0.166,26,13,19.49,0,1
NMR-507328,Worker,Colony-E,40.0,81,0.454,32.4,16.6,6.58,7.18,0.484,22,11,17.92,0,1
NMR-504615,Soldier,Colony-D,32.3,34,0.355,31.5,17.5,5.35,7.74,0.141,32,14,14.21,0,1
NMR-505120,Breeder,Colony-A,44.1,49,0.187,32.5,18.9,4.77,7.11,0.324,19,20,13.32,0,1
NMR-506074,Soldier,Colony-C,26.2,112,0.3,32.4,11.9,6.02,13.76,0.427,28,15,15.8,0,0
NMR-505117,Queen,Colony-B,32.5,92,0.323,32.3,21.1,7.01,-0.07,0.401,24,10,24.18,0,1
NMR-503929,Worker,Colony-A,35.1,36,0.327,32.5,10.9,7.04,15.46,0.142,18,4,17.65,0,0
NMR-501321,Breeder,Colony-B,29.5,144,0.275,32.2,16.6,6.24,8.88,0.183,28,9,22.58,1,0
NMR-504430,Soldier,Colony-E,38.6,47,0.276,31.0,30.7,7.97,7.65,0.401,26,11,20.74,0,0
NMR-508516,Worker,Colony-C,20.3,65,0.291,31.1,18.1,5.81,10.95,0.219,22,15,20.28,0,0
NMR-505076,Worker,Colony-B,29.3,168,0.299,32.9,14.7,4.93,19.43,0.321,29,17,23.82,1,0
NMR-509590,Worker,Colony-D,28.5,50,0.233,32.4,27.1,9.13,16.54,0.31,23,13,19.93,1,0
NMR-509649,Soldier,Colony-D,43.0,25,0.237,32.0,18.0,8.12,11.75,0.314,22,10,15.34,0,0
NMR-507609,Worker,Colony-A,29.1,63,0.393,31.7,9.3,6.06,9.02,0.541,28,8,19.69,0,1
NMR-504311,Worker,Colony-A,32.7,68,0.4,33.9,19.9,6.64,22.0,0.441,17,10,22.84,1,0
NMR-505596,Soldier,Colony-E,36.0,79,0.35,32.5,7.7,8.93,12.08,0.296,22,11,16.57,0,1
NMR-507775,Worker,Colony-E,18.8,69,0.197,34.5,19.1,5.35,6.18,0.443,22,11,12.24,0,0
NMR-503900,Worker,Colony-E,37.7,32,0.371,33.7,21.6,6.14,8.93,0.136,31,14,23.88,0,1
NMR-506648,Worker,Colony-B,25.1,79,0.17,32.3,15.8,6.93,10.83,0.363,17,8,16.94,0,0
NMR-500171,Worker,Colony-D,37.9,56,0.152,32.7,22.7,6.6,6.41,0.531,24,12,18.93,1,1
NMR-503621,Worker,Colony-D,32.5,200,0.299,33.6,27.0,6.86,16.43,0.209,21,12,20.29,1,0
NMR-504855,Worker,Colony-E,25.9,54,0.17,30.4,11.5,7.19,10.66,0.117,26,10,22.96,1,0
NMR-507910,Worker,Colony-B,34.6,38,0.165,32.0,28.5,7.31,9.8,0.208,23,11,19.22,1,0
NMR-503362,Worker,Colony-C,39.5,60,0.336,32.4,20.2,7.88,16.71,0.152,27,8,21.59,0,1
NMR-502016,Worker,Colony-A,31.9,116,0.151,32.4,32.4,7.12,14.0,0.107,32,7,24.76,1,1
NMR-504154,Worker,Colony-E,25.7,50,0.304,31.6,15.0,5.64,19.94,0.166,29,8,19.35,1,1
NMR-500408,Worker,Colony-C,28.9,43,0.214,31.0,19.6,5.51,9.51,0.421,18,9,25.88,1,1
NMR-508872,Worker,Colony-A,31.2,197,0.213,32.2,14.3,7.53,14.09,0.403,22,10,22.77,1,1
NMR-504753,Breeder,Colony-C,35.6,20,0.261,31.9,18.7,7.16,23.21,0.43,29,8,21.22,0,0
NMR-501289,Worker,Colony-D,29.5,69,0.27,31.6,19.3,6.06,8.7,0.443,29,11,16.63,1,0
NMR-509602,Worker,Colony-B,28.1,26,0.213,30.0,24.3,7.66,11.1,0.168,21,11,16.17,1,0
NMR-509213,Soldier,Colony-D,28.8,36,0.305,31.6,30.5,6.17,22.75,0.534,27,13,23.93,1,1
NMR-507250,Soldier,Colony-E,37.3,38,0.458,33.1,23.3,6.61,4.89,0.151,17,16,24.13,0,1
NMR-506335,Queen,Colony-D,48.8,45,0.264,31.5,19.3,8.67,0.2,0.43,35,8,24.33,0,0
NMR-500242,Worker,Colony-C,30.1,60,0.273,34.6,36.3,6.4,13.25,0.166,25,13,17.23,1,0
NMR-505568,Worker,Colony-E,28.2,67,0.298,32.5,13.4,7.02,18.26,0.07,21,9,19.1,0,1
NMR-503695,Worker,Colony-A,13.1,16,0.226,30.8,12.8,7.53,6.98,0.233,29,9,22.67,0,0
NMR-508387,Soldier,Colony-D,37.9,55,0.212,34.3,23.5,6.61,9.89,0.498,23,13,14.59,0,0
NMR-505463,Worker,Colony-B,44.6,57,0.246,32.4,36.4,6.55,5.38,0.137,18,8,24.04,1,0
NMR-503274,Worker,Colony-E,22.2,53,0.241,31.0,40.4,6.29,6.75,0.272,25,9,21.14,1,0
NMR-505414,Worker,Colony-E,37.7,97,0.255,32.5,10.5,7.08,13.91,0.128,19,12,18.13,0,1
NMR-509408,Worker,Colony-D,35.3,79,0.396,32.7,23.7,7.45,18.43,0.333,24,17,16.1,0,1
NMR-500772,Worker,Colony-E,30.3,63,0.221,32.5,16.3,5.41,21.61,0.153,21,10,20.74,1,1
NMR-503916,Worker,Colony-D,29.6,54,0.256,31.3,19.8,9.29,8.69,0.33,21,11,23.29,1,0
NMR-505289,Soldier,Colony-B,38.2,99,0.203,32.2,24.1,7.17,7.13,0.125,22,8,15.08,0,1
NMR-509610,Worker,Colony-B,33.2,53,0.356,32.9,20.0,4.78,14.15,0.358,21,9,18.69,1,1
NMR-503922,Worker,Colony-B,31.8,81,0.139,31.6,24.1,7.35,7.35,0.202,25,12,17.71,1,1
NMR-503520,Soldier,Colony-E,28.5,57,0.245,31.8,30.7,6.41,7.62,0.061,22,11,16.32,1,1
NMR-502395,Worker,Colony-D,27.4,90,0.229,32.6,15.9,7.98,8.16,0.097,21,9,18.36,0,1
NMR-506914,Breeder,Colony-D,41.2,58,0.148,32.0,14.2,5.72,6.8,0.285,25,13,16.51,0,1
NMR-507711,Breeder,Colony-B,37.2,37,0.188,32.1,23.9,6.79,0.33,0.099,21,14,20.87,1,0
NMR-507408,Queen,Colony-B,48.9,42,0.268,32.2,15.0,6.15,9.11,0.168,25,8,24.76,1,0
NMR-502805,Worker,Colony-E,27.8,71,0.329,31.7,24.0,6.92,7.17,0.288,22,13,16.98,1,0
NMR-500532,Soldier,Colony-D,33.8,88,0.286,32.1,8.0,6.66,17.03,0.356,22,9,22.09,0,1
NMR-501058,Worker,Colony-C,34.4,49,0.269,33.0,16.3,6.33,8.79,0.236,17,13,22.13,1,0
NMR-504606,Worker,Colony-E,26.4,59,0.267,33.0,17.1,6.64,16.72,0.18,30,19,22.3,1,0
NMR-508103,Worker,Colony-E,36.5,57,0.296,32.3,12.0,6.0,11.17,0.2,19,7,14.51,0,1
NMR-500599,Soldier,Colony-B,25.8,50,0.236,33.2,14.2,7.0,6.33,0.376,29,11,23.74,1,0
NMR-505790,Soldier,Colony-B,29.6,59,0.206,31.3,29.0,7.67,8.54,0.272,21,8,20.14,1,0
NMR-502655,Breeder,Colony-B,29.4,33,0.315,31.4,18.9,7.84,6.35,0.198,25,13,20.66,1,0
NMR-500764,Soldier,Colony-B,23.5,55,0.251,34.6,13.5,7.5,13.71,0.416,23,15,19.72,1,0
NMR-503001,Breeder,Colony-C,32.0,42,0.168,32.1,27.2,8.03,5.12,0.371,26,10,20.52,1,0
NMR-504437,Soldier,Colony-A,33.8,39,0.249,31.6,10.1,5.38,9.8,0.452,23,10,14.94,0,1
NMR-505427,Queen,Colony-C,35.6,63,0.224,30.8,22.9,5.35,0.62,0.287,27,13,30.02,1,0
NMR-502644,Worker,Colony-A,25.6,62,0.425,33.2,26.9,7.06,17.44,0.107,27,16,21.29,0,0
NMR-502120,Worker,Colony-C,32.2,26,0.25,31.9,26.6,5.88,10.18,0.448,21,14,18.31,1,1
NMR-508917,Soldier,Colony-B,33.1,47,0.243,30.5,9.5,5.96,11.59,0.417,19,11,14.53,0,0
NMR-509114,Worker,Colony-B,24.2,38,0.116,32.6,30.6,7.52,18.06,0.153,28,10,20.71,1,0
NMR-500727,Worker,Colony-A,12.2,116,0.187,32.3,25.9,8.58,21.49,0.356,26,9,19.24,1,1
NMR-508624,Worker,Colony-C,32.8,85,0.188,30.8,8.9,7.77,7.19,0.033,36,14,19.93,0,0
NMR-504400,Breeder,Colony-C,29.6,61,0.149,33.1,37.0,6.2,26.85,0.088,22,9,23.23,1,0
NMR-509367,Breeder,Colony-E,36.0,52,0.15,31.1,40.0,6.65,6.43,0.216,25,9,21.7,1,0
NMR-508603,Worker,Colony-A,35.6,67,0.357,32.8,29.7,6.79,9.38,0.642,20,6,19.98,0,1
NMR-500328,Worker,Colony-D,27.8,27,0.259,33.6,16.4,6.09,8.3,0.155,22,10,14.61,0,0
NMR-504513,Breeder,Colony-C,32.1,30,0.333,32.7,47.3,6.98,33.22,0.17,23,9,22.89,1,0
NMR-500606,Worker,Colony-A,34.4,55,0.224,33.2,16.3,8.14,9.62,0.158,26,8,19.13,0,1
NMR-505726,Worker,Colony-D,29.4,27,0.172,32.3,10.1,6.92,19.76,0.058,23,10,18.5,1,1
NMR-506517,Worker,Colony-E,27.9,49,0.175,33.1,18.6,7.82,22.82,0.178,24,15,9.39,0,0
NMR-501201,Worker,Colony-B,36.0,20,0.198,32.0,19.7,5.49,10.81,0.273,23,6,20.43,1,1
NMR-506472,Soldier,Colony-D,27.3,52,0.444,32.2,24.1,7.42,5.42,0.271,29,7,18.27,1,0
NMR-504833,Soldier,Colony-D,39.4,61,0.175,32.0,9.4,6.49,17.69,0.201,24,13,21.56,1,1
NMR-509542,Worker,Colony-D,28.6,74,0.17,33.1,7.8,5.08,6.1,0.593,27,15,20.11,0,0
NMR-500037,Worker,Colony-B,38.3,29,0.186,31.6,17.7,5.12,17.62,0.382,29,11,25.24,1,1
NMR-503288,Soldier,Colony-B,37.2,36,0.299,30.5,13.9,7.41,9.89,0.484,28,16,16.29,0,0
NMR-508924,Breeder,Colony-A,39.9,48,0.203,32.7,6.3,5.35,10.66,0.307,17,10,17.95,0,1
NMR-502164,Soldier,Colony-D,24.4,28,0.225,31.0,41.3,8.18,6.04,0.311,21,10,25.46,1,0
NMR-508408,Soldier,Colony-D,36.1,116,0.252,32.2,15.6,6.65,8.21,0.382,22,9,20.45,0,0
NMR-505585,Worker,Colony-E,25.7,40,0.326,32.7,10.5,6.76,10.45,0.497,29,10,16.36,0,1
NMR-501133,Soldier,Colony-A,38.1,109,0.153,33.2,12.1,5.98,14.31,0.368,12,13,19.48,1,0
NMR-501599,Worker,Colony-A,25.3,76,0.267,33.4,16.2,8.88,20.23,0.447,21,8,18.46,1,1
NMR-508370,Soldier,Colony-C,32.9,60,0.211,32.9,9.9,5.57,15.83,0.229,18,11,17.58,0,0
NMR-503988,Worker,Colony-C,33.2,53,0.259,30.9,12.8,7.35,20.52,0.152,24,10,19.42,0,0
NMR-508895,Soldier,Colony-C,45.1,61,0.307,33.3,32.6,5.51,7.91,0.308,26,8,15.86,1,0
NMR-508703,Soldier,Colony-C,36.0,45,0.305,32.9,38.5,6.67,8.05,0.579,30,9,23.28,1,1
NMR-509750,Queen,Colony-E,43.7,53,0.277,33.4,8.7,7.97,-1.03,0.244,23,11,18.39,0,0
NMR-501780,Worker,Colony-D,17.7,67,0.189,32.8,17.7,5.96,10.78,0.153,22,10,19.8,1,0
NMR-501096,Worker,Colony-D,25.4,57,0.156,30.4,20.7,6.84,10.01,0.148,30,11,20.17,1,0
NMR-500615,Worker,Colony-D,28.1,52,0.258,33.8,16.9,7.89,9.86,0.26,26,7,26.79,1,0
NMR-507391,Worker,Colony-A,24.0,34,0.315,32.7,11.1,7.08,10.86,0.452,24,8,19.83,0,0
NMR-503697,Worker,Colony-C,37.5,103,0.266,32.7,12.2,8.48,13.37,0.495,14,7,20.41,1,1
NMR-503939,Soldier,Colony-A,32.0,61,0.319,31.9,14.2,6.33,12.14,0.262,22,8,21.76,1,1
NMR-507734,Worker,Colony-B,30.7,29,0.271,32.6,19.8,4.93,12.99,0.149,16,7,20.99,0,1
NMR-502045,Worker,Colony-E,26.7,53,0.101,31.1,30.3,6.03,27.69,0.269,31,5,15.95,1,0
NMR-509039,Breeder,Colony-D,44.2,26,0.259,30.5,17.0,5.57,13.77,0.179,21,10,18.19,1,1
NMR-502134,Worker,Colony-A,32.5,79,0.26,31.6,11.9,5.54,28.0,0.184,17,14,16.8,0,0
NMR-500086,Worker,Colony-D,29.7,42,0.379,31.1,14.5,6.64,13.6,0.303,27,12,18.57,0,0
NMR-507817,Worker,Colony-A,32.7,70,0.329,31.1,27.5,4.79,28.46,0.35,17,13,19.29,1,0
NMR-506142,Worker,Colony-A,20.0,68,0.276,30.6,24.8,7.83,12.98,0.298,23,10,14.41,0,0
NMR-507764,Worker,Colony-D,33.4,30,0.299,32.2,17.3,5.86,20.96,0.273,17,15,18.28,1,1
NMR-508462,Soldier,Colony-A,29.5,49,0.181,30.9,17.3,7.6,10.58,0.547,29,8,19.57,1,0
NMR-503504,Soldier,Colony-B,33.8,110,0.158,33.5,29.8,5.96,5.9,0.467,20,10,23.43,1,0
NMR-505025,Worker,Colony-C,29.2,57,0.345,32.4,27.9,8.87,10.37,0.293,22,14,18.92,1,1
NMR-509265,Worker,Colony-B,35.0,70,0.216,31.3,22.1,8.47,10.14,0.587,26,9,21.99,1,0
NMR-502529,Worker,Colony-C,29.8,41,0.263,31.3,22.7,7.5,17.85,0.244,19,13,23.97,1,0
NMR-501538,Worker,Colony-E,25.2,72,0.459,32.4,22.9,5.67,8.51,0.241,30,3,19.87,0,0
NMR-501045,Worker,Colony-B,34.5,44,0.352,32.0,31.1,5.9,17.15,0.153,23,15,19.68,0,1
NMR-500774,Soldier,Colony-D,35.5,63,0.171,32.5,29.9,6.55,7.31,0.264,25,6,20.21,1,1
NMR-509064,Soldier,Colony-B,34.1,29,0.174,32.3,15.0,8.4,6.28,0.366,24,12,14.83,0,0
NMR-508156,Worker,Colony-D,26.8,66,0.383,32.9,54.4,4.61,8.29,0.221,28,5,15.98,1,0
NMR-506077,Worker,Colony-D,30.1,40,0.257,32.6,17.6,6.73,9.42,0.638,27,13,20.48,1,1
NMR-501135,Worker,Colony-B,19.1,58,0.229,31.8,30.2,5.13,12.31,0.221,22,10,21.46,1,1
NMR-503443,Breeder,Colony-E,45.9,70,0.345,33.4,12.0,7.82,4.39,0.256,28,12,17.03,0,0
NMR-508377,Worker,Colony-D,28.5,73,0.308,32.5,26.9,9.38,7.53,0.472,22,8,20.65,1,1
NMR-502013,Soldier,Colony-C,38.5,50,0.247,32.8,31.7,6.02,5.75,0.235,18,9,19.25,1,0
NMR-507796,Soldier,Colony-C,45.2,22,0.17,33.0,28.9,7.12,22.47,0.423,26,14,22.56,1,1
NMR-502801,Soldier,Colony-B,38.1,45,0.202,32.1,9.2,8.82,5.48,0.284,25,10,19.75,1,1
NMR-500579,Soldier,Colony-D,41.3,72,0.28,32.1,14.4,8.9,5.16,0.365,32,13,22.89,0,1
NMR-507534,Worker,Colony-B,36.5,40,0.255,33.2,13.0,8.15,9.79,0.389,22,12,21.3,1,0
NMR-500605,Worker,Colony-C,44.4,55,0.203,33.3,24.3,5.68,18.88,0.585,33,10,18.16,1,0
NMR-500489,Soldier,Colony-A,34.3,53,0.159,31.8,32.7,6.69,5.7,0.267,25,13,21.18,1,1
NMR-504388,Worker,Colony-A,36.3,54,0.502,32.1,10.8,7.28,10.81,0.321,28,11,18.72,0,1
NMR-503127,Breeder,Colony-B,39.7,26,0.199,31.1,9.5,7.17,0.42,0.122,32,11,22.6,0,0
NMR-502081,Worker,Colony-C,29.6,88,0.297,33.3,26.7,6.13,8.82,0.41,19,11,17.9,0,0
NMR-503226,Worker,Colony-D,39.5,86,0.241,32.8,18.1,7.02,10.61,0.422,19,10,22.34,1,1
NMR-507646,Worker,Colony-E,36.1,38,0.319,32.6,14.7,5.33,10.52,0.095,24,19,18.7,0,1
NMR-504591,Worker,Colony-C,29.4,58,0.249,30.6,12.9,7.17,14.03,0.09,25,12,16.21,0,0
NMR-506848,Worker,Colony-C,29.3,43,0.496,32.4,13.7,7.34,10.78,0.03,20,14,20.66,0,1
NMR-509428,Worker,Colony-C,28.7,52,0.31,32.0,46.2,6.13,10.4,0.127,26,17,22.28,1,1
NMR-500080,Worker,Colony-A,21.4,36,0.208,31.4,27.3,4.96,12.27,0.387,31,9,18.05,1,1
NMR-509276,Soldier,Colony-E,29.7,56,0.217,30.8,13.2,5.21,13.12,0.3,20,13,18.94,1,0
NMR-507151,Soldier,Colony-E,31.3,62,0.325,31.2,29.7,6.32,13.3,0.5,28,9,21.69,1,0
NMR-509693,Worker,Colony-C,20.5,73,0.204,31.8,20.4,6.78,11.32,0.111,24,11,21.93,1,1
NMR-503758,Soldier,Colony-C,47.3,76,0.181,32.6,14.5,6.1,6.79,0.341,23,14,24.95,1,1
NMR-508857,Worker,Colony-A,22.2,57,0.234,32.8,41.0,6.35,11.23,0.418,32,11,20.83,1,0
NMR-506462,Soldier,Colony-A,42.4,59,0.265,32.7,36.3,6.52,5.89,0.088,29,4,20.3,1,1
NMR-504215,Worker,Colony-B,25.7,45,0.418,32.0,23.9,6.77,10.8,0.153,32,11,20.1,0,1
NMR-507336,Soldier,Colony-A,32.8,18,0.202,34.3,29.9,6.85,10.53,0.42,26,15,14.81,0,0
NMR-505294,Worker,Colony-D,30.0,40,0.303,32.8,23.7,6.41,10.82,0.341,28,4,19.35,0,1
NMR-507597,Worker,Colony-A,21.6,58,0.213,31.2,21.0,7.9,11.88,0.298,19,15,19.92,0,1
NMR-504881,Breeder,Colony-D,37.9,139,0.245,33.3,30.4,7.21,1.74,0.226,22,9,16.68,1,1
NMR-507131,Soldier,Colony-A,45.1,65,0.333,31.3,29.3,7.38,10.11,0.142,23,12,16.78,0,0
NMR-506318,Worker,Colony-E,28.6,35,0.197,32.0,16.3,7.61,12.47,0.215,22,15,18.64,1,0
NMR-507326,Worker,Colony-A,40.7,43,0.438,31.2,11.9,6.17,15.21,0.113,22,11,24.13,0,1
NMR-506998,Soldier,Colony-E,29.8,80,0.242,33.3,22.5,7.66,7.82,0.255,26,12,16.33,1,1
NMR-508983,Soldier,Colony-A,48.3,57,0.189,32.9,14.0,6.01,12.15,0.298,32,6,19.42,0,0
NMR-502335,Worker,Colony-A,31.9,80,0.321,32.0,15.6,7.02,16.44,0.583,23,8,13.8,0,0
NMR-501930,Worker,Colony-D,25.5,57,0.308,32.2,23.8,7.72,7.8,0.168,31,14,15.48,0,1
NMR-505982,Breeder,Colony-E,44.9,50,0.204,32.1,23.1,6.68,11.61,0.351,16,8,20.13,1,0
NMR-509147,Soldier,Colony-C,38.3,74,0.18,32.0,33.9,9.52,11.16,0.406,23,12,26.04,1,1
NMR-500482,Worker,Colony-C,50.2,63,0.192,32.1,37.1,7.02,9.77,0.178,28,7,28.33,1,1
NMR-502003,Breeder,Colony-C,30.0,55,0.224,31.3,23.0,8.41,3.28,0.365,29,11,12.95,1,0
NMR-505826,Soldier,Colony-A,30.4,116,0.299,32.0,13.9,6.85,6.94,0.414,37,10,22.98,1,1
NMR-507302,Soldier,Colony-A,34.4,128,0.254,32.0,26.7,7.08,11.65,0.328,24,7,16.77,0,1
NMR-506706,Queen,Colony-C,48.6,103,0.316,33.3,10.0,4.99,-2.52,0.332,20,15,20.35,0,0
NMR-500689,Worker,Colony-A,30.4,30,0.249,32.3,13.2,7.53,9.89,0.358,35,10,21.19,1,1
NMR-509000,Worker,Colony-E,31.5,73,0.228,32.4,24.3,6.04,12.87,0.106,19,10,20.79,0,1
NMR-503111,Breeder,Colony-C,37.8,51,0.344,31.4,23.1,5.72,1.54,0.294,28,13,22.72,1,1
NMR-506239,Soldier,Colony-E,33.4,31,0.27,32.7,20.0,8.27,5.56,0.19,18,7,22.62,0,0
NMR-502799,Breeder,Colony-A,42.6,107,0.114,33.7,17.1,7.17,6.31,0.402,16,7,22.17,1,0
NMR-501258,Worker,Colony-A,27.4,43,0.255,33.5,7.2,6.08,11.86,0.306,24,10,13.66,0,0
NMR-505750,Breeder,Colony-D,34.7,101,0.261,32.8,14.1,7.67,4.98,0.18,22,15,20.96,1,1
NMR-509341,Worker,Colony-E,28.8,64,0.196,30.7,17.5,7.22,12.49,0.47,27,12,23.61,1,0
NMR-501891,Worker,Colony-C,32.9,37,0.317,31.9,23.0,6.02,11.07,0.577,21,13,19.8,1,1
NMR-507053,Breeder,Colony-C,38.7,67,0.291,31.6,17.9,8.54,12.36,0.432,20,12,22.86,1,1
NMR-509624,Worker,Colony-D,31.9,48,0.25,32.6,5.9,5.46,10.02,0.209,24,4,20.48,1,1
NMR-501996,Worker,Colony-B,27.0,95,0.251,32.2,17.9,8.2,22.52,0.31,23,9,22.42,0,1
NMR-504853,Worker,Colony-A,27.1,47,0.235,31.5,20.4,6.12,12.57,0.209,37,4,25.39,0,1
NMR-500205,Soldier,Colony-C,29.3,27,0.241,31.9,20.6,5.27,7.48,0.434,24,11,22.04,0,1
NMR-504147,Soldier,Colony-A,34.0,26,0.301,32.2,21.3,6.1,10.87,0.476,32,13,14.53,0,1
NMR-504568,Soldier,Colony-C,33.2,22,0.297,33.0,22.4,6.42,7.46,0.173,24,7,19.19,0,1
NMR-503381,Soldier,Colony-E,40.0,97,0.341,32.4,22.5,8.83,14.32,0.116,20,14,17.08,0,1
NMR-504721,Queen,Colony-A,44.6,47,0.144,32.1,24.4,6.63,0.33,0.27,28,9,19.1,1,1
NMR-500114,Soldier,Colony-D,40.9,55,0.369,31.5,17.5,5.16,6.78,0.207,30,9,19.27,0,0
NMR-502435,Soldier,Colony-C,37.0,52,0.312,32.3,19.7,6.9,13.16,0.332,23,13,21.53,1,1
NMR-509093,Queen,Colony-A,42.3,48,0.138,30.1,16.1,4.52,5.92,0.241,17,9,20.6,1,0
NMR-505956,Queen,Colony-C,42.0,25,0.299,31.7,19.6,5.25,5.87,0.306,19,13,24.22,1,1
NMR-505806,Worker,Colony-C,19.1,43,0.335,32.1,16.1,8.73,9.51,0.208,23,8,23.09,1,1
NMR-500850,Worker,Colony-D,19.7,47,0.208,32.6,19.5,6.43,9.22,0.52,25,8,19.06,1,1
NMR-504128,Soldier,Colony-C,46.0,62,0.186,33.0,26.2,8.39,24.68,0.27,28,9,18.33,1,0
NMR-506223,Worker,Colony-A,25.2,33,0.312,33.4,33.6,7.92,10.49,0.204,23,15,16.75,1,0
NMR-502709,Soldier,Colony-A,24.8,24,0.292,32.2,21.3,5.62,7.11,0.182,20,14,18.24,1,1
NMR-501627,Breeder,Colony-D,41.2,63,0.253,32.0,14.7,4.17,11.25,0.419,23,7,13.29,1,1
NMR-508319,Breeder,Colony-A,32.3,51,0.217,31.4,19.6,7.34,10.12,0.481,25,14,17.7,0,0
NMR-500785,Worker,Colony-C,22.3,40,0.177,32.8,16.5,7.14,11.39,0.107,25,7,23.68,0,0
NMR-504925,Breeder,Colony-B,52.5,78,0.266,33.3,20.4,8.46,0.49,0.06,21,12,21.21,0,1
NMR-501949,Queen,Colony-A,40.7,80,0.138,32.6,16.6,8.56,-2.84,0.038,16,11,20.15,1,1
NMR-507368,Worker,Colony-A,22.0,56,0.367,33.2,16.6,6.9,15.71,0.141,20,10,17.36,0,0
NMR-506719,Worker,Colony-C,36.4,56,0.436,33.4,49.9,7.26,13.8,0.342,31,9,15.74,0,0
NMR-504522,Soldier,Colony-B,24.5,35,0.524,31.3,25.0,6.38,13.47,0.233,24,12,19.25,0,0
NMR-509997,Worker,Colony-A,32.8,59,0.609,33.5,16.0,6.57,14.9,0.255,34,5,21.75,0,0
NMR-502135,Soldier,Colony-D,42.8,45,0.253,32.1,27.2,5.52,8.38,0.321,17,14,18.43,0,1
NMR-503628,Queen,Colony-B,43.1,85,0.337,32.4,17.8,5.98,3.32,0.24,27,11,19.94,1,0
NMR-506566,Breeder,Colony-A,37.6,75,0.188,31.1,16.7,7.35,2.54,0.447,29,15,19.9,1,1
NMR-502438,Worker,Colony-C,37.4,42,0.168,33.0,50.8,7.63,11.46,0.247,30,8,15.36,1,0
NMR-500707,Worker,Colony-A,30.9,56,0.373,30.4,20.7,6.69,11.54,0.232,16,14,18.59,0,0
NMR-502715,Worker,Colony-B,37.3,45,0.174,32.0,29.7,5.09,10.61,0.584,25,5,23.88,1,1
NMR-501320,Soldier,Colony-C,28.6,138,0.202,32.0,40.8,8.0,10.52,0.131,17,9,17.74,1,1
NMR-507808,Breeder,Colony-D,44.6,21,0.286,32.0,28.0,7.09,2.88,0.359,30,6,24.16,1,1
NMR-509654,Worker,Colony-C,34.0,31,0.194,32.7,12.2,7.97,11.41,0.146,28,14,17.01,1,0
NMR-506929,Worker,Colony-B,35.8,55,0.293,32.0,25.4,7.34,11.1,0.282,26,13,20.35,1,1
NMR-500835,Breeder,Colony-D,42.4,80,0.274,32.8,26.8,4.99,-0.11,0.182,28,13,21.89,1,0
NMR-509015,Soldier,Colony-A,31.9,65,0.287,33.3,7.8,6.96,16.79,0.315,20,11,17.24,0,0
NMR-509124,Soldier,Colony-D,33.1,42,0.219,31.3,13.9,5.82,11.63,0.32,25,13,21.94,1,0
NMR-506173,Soldier,Colony-B,35.2,59,0.495,31.2,20.5,8.25,16.76,0.135,20,4,13.55,0,0
NMR-501229,Worker,Colony-A,36.4,52,0.285,32.0,15.3,8.93,18.11,0.511,17,20,21.01,1,1
NMR-502096,Worker,Colony-B,47.1,25,0.201,32.7,15.5,4.26,9.34,0.321,28,15,23.77,0,1
NMR-507365,Worker,Colony-D,32.6,41,0.229,32.0,17.4,8.36,22.11,0.209,18,16,21.35,1,1
NMR-509399,Breeder,Colony-B,36.1,24,0.187,32.3,24.8,5.7,8.25,0.073,19,7,19.36,1,1
NMR-506156,Worker,Colony-C,27.9,43,0.255,32.1,12.0,8.33,12.07,0.419,16,9,21.7,1,1
NMR-503275,Soldier,Colony-B,36.6,51,0.221,31.8,20.6,5.75,7.95,0.315,25,8,18.71,1,1
NMR-503181,Breeder,Colony-C,40.2,16,0.188,32.9,18.7,6.66,3.05,0.361,29,6,18.48,1,0
NMR-504899,Soldier,Colony-A,42.2,67,0.229,32.4,23.6,6.73,5.33,0.461,20,10,18.79,0,1
NMR-505674,Worker,Colony-C,30.3,81,0.335,33.1,15.9,5.99,10.4,0.453,16,13,14.79,0,0
NMR-505630,Worker,Colony-D,28.8,47,0.303,32.2,16.2,8.77,10.05,0.232,34,7,16.76,1,1
NMR-502848,Worker,Colony-E,23.0,60,0.393,32.2,18.7,8.71,9.73,0.387,23,7,18.4,1,1
NMR-503449,Worker,Colony-B,22.2,25,0.185,31.9,11.2,7.52,11.75,0.278,20,7,15.48,0,0
NMR-504222,Worker,Colony-D,33.9,71,0.239,32.8,19.8,9.09,9.09,0.224,23,7,15.6,0,1
NMR-509782,Breeder,Colony-D,38.5,82,0.348,32.7,26.0,5.15,7.41,0.1,32,10,21.2,1,0
NMR-508300,Soldier,Colony-E,36.1,26,0.194,32.4,8.1,6.8,2.28,0.197,16,4,14.55,0,1
NMR-504102,Worker,Colony-C,39.2,43,0.263,32.7,11.2,7.39,8.54,0.403,28,13,20.27,0,0
NMR-502623,Soldier,Colony-C,27.3,61,0.219,30.8,23.0,6.02,12.99,0.584,33,10,15.86,1,0
NMR-500200,Worker,Colony-B,33.6,57,0.224,31.5,16.6,7.96,24.22,0.454,33,13,22.39,1,0
NMR-503879,Worker,Colony-E,37.0,34,0.146,33.4,20.1,8.19,16.08,0.357,19,8,17.24,1,0
NMR-502555,Soldier,Colony-C,24.8,63,0.21,31.7,38.0,6.88,5.34,0.383,25,13,20.99,1,1
NMR-500958,Worker,Colony-E,27.7,92,0.267,32.7,22.9,7.21,13.64,0.294,33,13,22.72,0,1
NMR-509511,Soldier,Colony-C,33.9,38,0.205,31.9,8.7,7.18,8.59,0.329,23,12,15.89,0,1
NMR-508950,Worker,Colony-D,35.2,108,0.314,32.2,31.0,6.73,12.69,0.212,26,10,26.64,1,1
NMR-508744,Worker,Colony-E,18.4,120,0.195,32.7,25.7,8.65,38.19,0.289,23,5,19.2,0,1
NMR-507923,Worker,Colony-E,32.9,35,0.157,33.2,30.4,5.75,15.97,0.284,26,9,16.94,1,1
NMR-500743,Queen,Colony-C,44.8,97,0.387,33.1,28.7,5.96,5.21,0.49,23,15,17.34,0,0
NMR-506664,Soldier,Colony-B,44.6,96,0.42,32.0,15.7,4.27,6.25,0.175,24,9,21.2,0,0
NMR-500027,Breeder,Colony-E,35.8,82,0.223,30.2,18.6,8.2,4.8,0.11,29,10,13.38,1,1
NMR-508585,Worker,Colony-C,36.0,28,0.134,31.4,13.0,7.23,13.13,0.286,22,12,21.37,0,0
NMR-502428,Soldier,Colony-B,44.1,70,0.37,32.3,20.7,7.77,14.59,0.409,32,14,18.46,0,1
NMR-501788,Soldier,Colony-B,31.5,45,0.234,32.3,21.7,6.68,19.85,0.533,16,14,17.3,1,1
NMR-508021,Breeder,Colony-E,41.0,79,0.136,32.7,5.6,6.94,9.25,0.329,20,8,17.5,0,1
NMR-505541,Worker,Colony-D,41.4,69,0.366,33.1,10.6,6.95,13.45,0.265,21,3,17.85,0,0
NMR-509795,Worker,Colony-E,26.0,34,0.221,30.7,13.1,7.35,13.64,0.506,24,10,19.27,0,0
NMR-504027,Worker,Colony-B,38.0,77,0.278,32.4,20.9,7.24,8.6,0.357,18,11,16.61,0,1
NMR-505671,Breeder,Colony-C,39.7,53,0.173,33.5,28.5,7.4,4.59,0.543,17,8,18.89,1,1
NMR-507800,Soldier,Colony-B,32.2,74,0.333,32.9,23.7,6.64,9.61,0.306,25,8,14.66,0,0
NMR-501953,Worker,Colony-D,31.0,47,0.464,33.0,13.3,5.03,7.46,0.074,23,7,19.24,0,1
NMR-509729,Worker,Colony-A,29.9,138,0.342,32.5,29.1,7.56,13.94,0.155,26,14,18.44,0,1
NMR-504658,Worker,Colony-E,31.8,42,0.362,33.1,25.0,5.09,14.68,0.602,30,11,21.72,1,1
NMR-500715,Worker,Colony-D,39.3,27,0.215,33.0,24.9,7.44,12.07,0.262,14,14,20.02,1,0
NMR-509066,Worker,Colony-A,29.1,47,0.371,32.9,16.7,6.65,18.56,0.208,20,18,17.52,0,0
NMR-500662,Soldier,Colony-C,39.1,84,0.198,32.2,13.8,6.75,3.3,0.324,22,12,21.05,0,1
NMR-503768,Worker,Colony-C,36.2,26,0.363,31.7,19.0,6.31,14.53,0.238,23,13,19.39,0,1
NMR-507556,Worker,Colony-C,25.9,202,0.303,31.5,22.9,7.64,13.19,0.277,30,12,21.96,1,1
NMR-506137,Soldier,Colony-B,34.2,41,0.2,32.9,12.9,7.51,19.67,0.198,26,12,12.08,0,0
NMR-502328,Worker,Colony-E,29.9,32,0.234,31.0,30.3,6.02,9.23,0.041,26,12,18.11,1,1
NMR-506973,Worker,Colony-E,25.7,11,0.286,31.2,32.9,6.15,14.09,0.166,13,7,18.27,1,1
NMR-509886,Worker,Colony-B,26.8,37,0.208,32.6,26.3,6.42,14.09,0.231,29,16,14.36,0,1
NMR-500523,Worker,Colony-B,38.5,45,0.217,30.6,27.4,8.03,30.49,0.403,22,12,17.1,0,0
NMR-508711,Soldier,Colony-A,40.6,83,0.327,31.9,25.3,8.6,4.76,0.207,18,15,18.28,0,1
NMR-501753,Worker,Colony-E,30.9,34,0.334,32.5,21.2,6.22,9.27,0.296,15,4,21.12,1,1
NMR-505998,Worker,Colony-E,25.3,119,0.325,32.3,15.6,6.97,11.28,0.207,19,6,18.76,0,1
NMR-508254,Soldier,Colony-D,30.2,24,0.158,33.0,25.7,6.72,7.47,0.405,24,9,23.2,1,0
NMR-509628,Queen,Colony-A,51.4,47,0.272,30.3,19.7,6.22,5.05,0.395,28,8,24.13,1,0
NMR-503653,Breeder,Colony-E,34.5,27,0.228,33.6,10.0,8.0,2.98,0.42,30,10,16.57,0,0
NMR-501110,Worker,Colony-D,23.4,81,0.306,31.1,12.7,6.53,9.42,0.48,27,7,17.9,0,0
NMR-504600,Worker,Colony-B,24.6,67,0.192,32.2,20.8,6.34,13.27,0.198,22,11,14.9,0,1
NMR-503640,Soldier,Colony-B,34.9,49,0.252,33.5,11.5,6.38,8.7,0.225,20,13,23.11,0,0
NMR-503712,Soldier,Colony-A,34.7,229,0.341,31.1,19.8,5.1,7.88,0.445,27,9,23.4,1,0
NMR-500401,Queen,Colony-E,45.8,74,0.404,31.5,14.2,7.29,-2.01,0.342,28,11,17.43,0,1
NMR-507468,Worker,Colony-D,29.6,106,0.118,32.0,16.1,7.45,22.8,0.35,18,15,21.23,1,1
NMR-503343,Worker,Colony-A,26.0,80,0.221,32.9,33.3,3.99,14.74,0.333,28,11,22.44,1,0
NMR-508902,Soldier,Colony-C,34.3,48,0.195,32.1,14.4,6.85,23.97,0.536,23,5,25.21,1,1
NMR-506799,Worker,Colony-D,33.3,40,0.358,31.5,9.4,5.59,18.33,0.574,25,18,16.61,0,0
NMR-505591,Soldier,Colony-B,30.4,168,0.171,31.0,7.8,6.99,3.82,0.546,22,18,20.53,0,0
NMR-504407,Worker,Colony-E,36.5,86,0.234,31.9,20.0,7.71,7.01,0.327,25,6,18.68,1,1
NMR-502115,Soldier,Colony-B,31.5,30,0.506,32.4,25.6,7.55,7.03,0.468,23,15,17.6,0,0
NMR-502278,Breeder,Colony-A,38.1,90,0.215,31.2,16.8,5.6,10.4,0.075,24,13,17.79,0,0
NMR-500872,Soldier,Colony-E,36.3,69,0.164,30.9,14.4,7.65,6.08,0.083,30,17,22.6,1,1
NMR-507686,Worker,Colony-A,41.3,31,0.192,32.4,15.5,6.3,21.49,0.267,25,12,19.93,0,1
NMR-509970,Queen,Colony-C,57.8,43,0.181,30.8,12.7,6.61,8.77,0.19,26,12,19.49,0,0
NMR-505303,Breeder,Colony-E,44.4,68,0.318,32.2,35.9,8.13,2.33,0.399,29,9,14.13,0,1
NMR-502493,Worker,Colony-C,37.9,36,0.231,33.2,6.0,8.0,6.99,0.15,22,10,22.16,0,0
NMR-504762,Worker,Colony-D,23.7,35,0.294,33.2,15.1,6.34,11.55,0.187,28,13,13.53,0,0
NMR-508742,Worker,Colony-A,37.7,47,0.182,30.5,9.9,8.88,11.79,0.236,21,8,14.7,1,0
NMR-507585,Worker,Colony-D,29.2,92,0.144,32.6,31.7,5.34,12.65,0.568,28,6,14.87,1,0
NMR-503161,Worker,Colony-D,30.6,42,0.283,31.0,17.1,8.2,9.99,0.378,26,15,21.17,0,0
NMR-503245,Worker,Colony-C,33.3,31,0.23,31.5,10.3,8.02,18.37,0.064,33,18,19.41,0,0
NMR-504260,Worker,Colony-B,23.8,55,0.18,31.9,15.2,6.43,15.89,0.228,23,14,18.47,0,1
NMR-506923,Breeder,Colony-A,46.7,75,0.172,32.8,16.3,5.79,7.95,0.307,26,7,17.94,0,1
NMR-502982,Breeder,Colony-E,36.2,80,0.297,32.3,20.5,7.63,4.99,0.099,23,9,17.9,0,1
NMR-504239,Worker,Colony-B,30.8,59,0.276,30.6,19.8,6.79,8.7,0.389,40,11,26.95,1,0
NMR-505629,Worker,Colony-E,24.2,20,0.214,30.8,14.0,6.07,9.56,0.41,29,7,22.53,0,1
NMR-508098,Worker,Colony-B,26.7,26,0.193,32.6,13.0,6.83,10.38,0.285,22,4,20.59,0,1
NMR-505934,Worker,Colony-B,26.8,75,0.301,32.4,11.7,5.29,7.65,0.322,28,7,21.24,0,1
NMR-503136,Worker,Colony-D,25.0,113,0.268,30.7,18.0,7.01,12.59,0.097,20,7,17.01,0,0
NMR-502217,Worker,Colony-E,25.4,54,0.185,32.5,29.8,6.65,10.63,0.371,32,12,17.51,0,1
NMR-506657,Worker,Colony-D,25.5,65,0.179,33.5,24.9,5.89,11.99,0.401,23,9,16.37,1,0
NMR-504404,Soldier,Colony-E,28.7,102,0.195,32.5,12.0,6.28,7.64,0.267,22,15,19.63,0,1
NMR-509848,Soldier,Colony-E,32.4,102,0.215,31.1,13.4,5.68,7.61,0.148,28,9,18.19,0,0
NMR-508931,Soldier,Colony-B,36.5,84,0.196,32.9,22.3,5.88,19.24,0.151,28,8,21.41,1,0
NMR-501587,Breeder,Colony-D,44.0,33,0.219,30.4,21.6,6.37,17.64,0.54,24,10,17.84,0,0
NMR-504382,Worker,Colony-B,31.6,34,0.335,33.7,17.1,6.38,15.32,0.202,28,9,13.27,0,0
NMR-500819,Worker,Colony-C,41.7,182,0.334,29.4,7.6,7.5,21.32,0.22,23,16,18.98,0,0
NMR-507799,Worker,Colony-E,27.8,30,0.177,33.1,16.2,7.43,10.1,0.445,24,12,14.74,1,0
NMR-509776,Soldier,Colony-C,36.7,103,0.334,32.7,15.1,8.14,19.4,0.14,25,8,26.77,1,1
NMR-506254,Worker,Colony-D,38.2,60,0.176,33.1,6.1,5.98,13.43,0.086,19,10,22.91,1,0
NMR-508864,Worker,Colony-A,27.8,33,0.306,32.7,21.0,7.57,15.99,0.248,15,13,20.39,0,0
NMR-504307,Soldier,Colony-A,25.9,32,0.154,32.0,17.1,5.35,4.3,0.377,25,9,19.18,1,1
NMR-508967,Worker,Colony-D,24.7,32,0.24,32.4,40.2,6.26,17.33,0.047,22,13,18.62,1,1
NMR-502430,Worker,Colony-E,19.3,80,0.128,33.5,17.7,7.84,23.71,0.127,26,7,19.71,0,1
NMR-500728,Soldier,Colony-D,44.2,24,0.223,32.6,13.4,6.81,11.9,0.397,14,11,15.37,0,0
NMR-506174,Worker,Colony-A,26.2,48,0.264,32.3,18.4,7.06,17.41,0.498,21,10,24.59,1,0
NMR-500953,Worker,Colony-A,23.8,58,0.231,32.1,22.5,7.49,15.84,0.066,23,7,19.78,1,1
NMR-509215,Worker,Colony-B,14.5,31,0.197,32.5,43.7,7.67,14.98,0.454,18,9,14.07,1,0
NMR-500332,Worker,Colony-B,32.2,55,0.304,33.2,18.8,6.94,16.4,0.445,22,13,15.9,1,0
NMR-504282,Worker,Colony-B,17.4,51,0.166,32.0,37.9,9.55,12.98,0.404,22,12,21.3,1,1
NMR-505484,Worker,Colony-B,35.6,67,0.314,31.8,16.6,6.77,18.25,0.34,18,11,13.27,1,1
NMR-508299,Worker,Colony-C,25.6,98,0.329,31.5,15.5,5.86,18.12,0.282,30,9,17.79,0,0
NMR-507542,Worker,Colony-B,34.1,37,0.15,32.4,19.7,6.45,16.5,0.315,14,8,17.19,0,1
NMR-508728,Soldier,Colony-E,40.2,55,0.369,32.5,12.6,7.33,8.06,0.457,23,12,15.89,0,1
NMR-505378,Breeder,Colony-D,34.6,35,0.318,32.0,11.7,7.53,9.71,0.194,23,11,21.5,1,1
NMR-500924,Worker,Colony-D,40.0,66,0.359,32.8,23.2,7.02,12.57,0.489,25,14,16.41,0,0
NMR-503395,Breeder,Colony-B,36.6,92,0.218,32.6,32.5,5.53,5.46,0.366,11,10,20.57,1,0
NMR-504607,Worker,Colony-C,28.1,32,0.304,31.9,40.0,6.59,13.18,0.171,27,7,20.82,0,1
NMR-503835,Worker,Colony-A,21.3,31,0.334,32.0,53.3,5.52,10.36,0.336,20,12,19.99,1,1
NMR-509393,Queen,Colony-C,45.3,156,0.311,32.0,23.0,4.44,5.72,0.196,30,18,16.3,0,0
NMR-508562,Worker,Colony-E,34.9,93,0.172,32.8,11.7,6.27,11.75,0.152,19,12,15.76,0,0
NMR-503791,Soldier,Colony-E,38.9,36,0.399,30.7,18.9,6.05,15.04,0.584,31,14,15.77,0,0
NMR-505288,Breeder,Colony-C,40.3,15,0.285,31.5,28.3,5.75,0.87,0.265,25,11,22.19,1,1
NMR-501800,Worker,Colony-C,28.2,22,0.273,31.4,16.2,7.08,11.69,0.365,30,11,18.6,1,0
NMR-502290,Breeder,Colony-D,34.8,72,0.141,32.1,11.7,8.1,3.78,0.218,30,13,23.15,1,1
NMR-500777,Worker,Colony-B,38.7,44,0.188,32.7,26.0,9.22,14.08,0.155,27,11,17.76,0,0
NMR-501136,Worker,Colony-D,31.9,61,0.201,32.3,34.9,7.6,8.72,0.11,19,7,15.22,1,0
NMR-503485,Soldier,Colony-B,28.8,36,0.28,32.1,14.7,5.41,13.66,0.222,24,16,22.9,1,1
NMR-504183,Worker,Colony-B,26.2,51,0.263,33.0,22.3,6.85,8.12,0.302,22,12,20.67,0,0
NMR-500670,Breeder,Colony-C,40.1,12,0.177,32.9,19.0,7.05,2.38,0.174,31,9,19.08,1,1
NMR-507520,Worker,Colony-B,38.0,30,0.304,32.6,14.3,6.57,15.27,0.096,21,8,20.64,0,1
NMR-502766,Soldier,Colony-D,39.1,50,0.249,31.6,21.0,5.92,3.67,0.218,31,15,17.37,1,1
NMR-503894,Soldier,Colony-C,29.2,40,0.248,32.0,18.4,7.66,9.84,0.292,27,9,12.52,0,0
NMR-500730,Worker,Colony-A,23.1,25,0.237,32.7,26.2,6.32,20.6,0.398,22,10,19.69,1,1
NMR-500210,Soldier,Colony-A,36.8,32,0.318,34.1,26.8,6.46,5.31,0.255,26,14,17.65,0,0
NMR-502636,Worker,Colony-D,33.8,157,0.285,31.9,8.7,7.47,16.1,0.564,34,16,22.42,0,1
NMR-509846,Soldier,Colony-A,35.6,81,0.218,32.3,35.3,7.37,12.42,0.536,24,10,21.53,0,1
NMR-508444,Soldier,Colony-D,47.8,40,0.253,32.5,11.3,5.83,6.65,0.441,29,16,16.94,0,1
NMR-501015,Soldier,Colony-C,40.7,53,0.232,35.1,23.4,5.29,16.04,0.298,23,15,18.95,1,0
NMR-507217,Worker,Colony-D,40.5,48,0.234,33.1,24.6,7.76,15.99,0.045,21,4,19.51,1,1
NMR-507021,Worker,Colony-C,38.9,60,0.293,31.0,20.5,7.68,14.01,0.475,32,10,22.49,1,0
NMR-508569,Worker,Colony-A,25.7,54,0.272,29.7,12.0,7.32,9.73,0.254,23,14,17.37,0,0
NMR-506694,Soldier,Colony-A,38.0,71,0.213,33.0,21.3,5.83,7.37,0.219,28,12,16.88,1,0
NMR-501473,Queen,Colony-E,45.5,51,0.274,30.8,28.9,5.95,11.87,0.311,20,16,20.6,1,0
NMR-507121,Worker,Colony-D,28.1,40,0.312,32.1,19.2,8.06,18.12,0.214,16,10,22.03,0,0
NMR-508424,Soldier,Colony-D,30.0,33,0.34,32.8,8.7,7.52,18.45,0.355,27,7,19.84,0,0
NMR-505374,Worker,Colony-D,33.3,35,0.166,31.3,9.8,7.89,11.45,0.255,21,9,14.34,0,0
NMR-508073,Worker,Colony-D,37.9,132,0.179,29.9,8.1,7.33,7.85,0.258,21,11,18.36,0,0
NMR-501345,Worker,Colony-A,29.1,61,0.177,32.6,29.3,5.99,7.17,0.307,22,4,26.76,1,1
NMR-500629,Breeder,Colony-C,30.0,38,0.181,31.6,9.5,7.06,6.92,0.28,19,8,24.77,1,0
NMR-502778,Worker,Colony-B,30.4,56,0.36,33.9,14.5,7.0,21.91,0.455,25,12,20.86,0,0
NMR-502444,Worker,Colony-C,26.3,79,0.183,31.1,21.2,6.19,10.3,0.256,25,12,11.39,0,0
NMR-504059,Worker,Colony-A,32.7,93,0.189,32.9,47.7,6.29,9.53,0.158,24,14,24.28,1,1
NMR-504078,Soldier,Colony-C,34.4,26,0.308,32.4,21.5,6.97,21.89,0.341,28,15,20.38,0,1
NMR-501613,Soldier,Colony-C,36.1,72,0.21,32.9,30.9,6.62,5.96,0.29,23,14,21.38,1,1
NMR-509891,Worker,Colony-A,31.1,41,0.269,33.3,15.4,6.84,6.08,0.19,24,11,17.0,0,0
NMR-502184,Worker,Colony-B,31.5,27,0.428,32.3,9.0,7.07,13.45,0.291,24,8,22.63,0,1
NMR-503548,Breeder,Colony-C,44.2,34,0.165,31.0,6.7,7.58,-0.58,0.293,28,12,17.97,1,0
NMR-506697,Soldier,Colony-E,40.6,71,0.365,33.3,9.8,6.97,22.57,0.384,13,11,16.55,0,0
NMR-506879,Soldier,Colony-C,35.9,55,0.296,32.5,24.0,7.64,9.05,0.286,21,10,16.87,0,1
NMR-502532,Soldier,Colony-A,31.5,97,0.174,31.4,18.8,6.71,7.5,0.089,26,11,20.02,1,1
NMR-500090,Worker,Colony-E,26.5,47,0.199,32.8,12.8,4.68,10.43,0.044,30,11,20.57,0,1
NMR-500542,Worker,Colony-A,33.9,85,0.168,31.3,22.5,6.45,8.71,0.111,25,7,16.79,0,0
NMR-508115,Worker,Colony-A,23.5,18,0.274,33.7,11.2,8.19,16.64,0.383,22,20,17.59,1,0
NMR-507697,Breeder,Colony-A,41.1,64,0.163,33.6,35.7,6.46,8.44,0.37,26,13,22.11,1,0
NMR-506995,Worker,Colony-A,30.6,42,0.198,32.2,16.7,5.05,21.98,0.194,29,12,17.37,0,1
NMR-507362,Worker,Colony-D,33.9,28,0.167,31.9,32.8,6.21,11.41,0.162,28,11,20.52,1,1
NMR-507757,Soldier,Colony-E,38.3,35,0.275,31.2,35.4,8.2,15.13,0.226,20,17,19.94,0,0
NMR-502190,Worker,Colony-A,30.4,44,0.31,33.5,26.4,7.08,14.38,0.104,39,15,23.66,0,0
NMR-508014,Soldier,Colony-E,36.6,32,0.378,32.1,26.8,6.67,11.1,0.308,18,10,19.5,1,1
NMR-508044,Soldier,Colony-D,30.6,58,0.162,31.9,11.8,6.29,5.24,0.186,30,9,22.34,1,0
NMR-501326,Worker,Colony-E,29.6,48,0.243,33.7,36.7,8.82,12.79,0.49,31,7,19.36,0,0
NMR-504372,Worker,Colony-C,31.5,37,0.316,31.6,14.3,6.5,12.35,0.219,21,9,19.52,0,0
NMR-501257,Soldier,Colony-D,36.4,44,0.259,32.9,13.0,6.93,4.41,0.317,28,11,20.57,0,1
NMR-502760,Breeder,Colony-B,48.4,102,0.282,33.3,11.6,6.79,10.93,0.296,24,12,13.03,0,0
NMR-504018,Worker,Colony-B,25.2,70,0.291,31.1,14.3,7.21,12.38,0.435,21,11,12.9,0,0
NMR-500842,Worker,Colony-D,27.0,88,0.363,32.4,25.8,8.55,8.25,0.228,19,14,19.99,1,1
NMR-507568,Breeder,Colony-D,35.2,43,0.258,32.6,15.0,7.61,4.04,0.138,30,8,9.66,0,0
NMR-503330,Queen,Colony-B,43.8,41,0.255,32.3,9.6,9.01,1.49,0.161,34,8,20.68,1,0
NMR-501683,Soldier,Colony-E,44.9,42,0.298,32.8,35.2,7.34,11.55,0.308,24,12,13.83,1,1
NMR-508582,Worker,Colony-E,26.0,76,0.33,30.7,18.1,4.79,15.33,0.27,34,14,18.61,0,0
NMR-509561,Soldier,Colony-B,36.1,149,0.219,31.7,55.8,5.69,10.08,0.164,34,14,20.65,1,0
NMR-500664,Worker,Colony-D,20.3,81,0.233,33.7,24.8,6.13,12.22,0.058,22,6,21.75,1,0
NMR-501462,Worker,Colony-C,22.0,31,0.203,31.9,17.8,8.05,23.86,0.184,23,11,17.81,0,0
NMR-507251,Breeder,Colony-E,50.1,57,0.219,31.2,14.7,5.8,13.73,0.146,17,17,19.0,0,1
NMR-502535,Worker,Colony-C,34.9,67,0.366,31.9,7.7,5.93,8.9,0.192,27,13,19.22,0,1
NMR-506595,Soldier,Colony-C,28.8,63,0.201,31.7,36.9,7.14,5.74,0.297,35,11,20.64,0,1
NMR-501244,Worker,Colony-E,47.1,92,0.272,32.9,32.0,7.47,21.38,0.194,23,6,19.4,1,1
NMR-504929,Worker,Colony-C,23.3,47,0.257,32.2,7.7,7.18,17.98,0.181,21,11,20.56,0,1
NMR-507511,Worker,Colony-A,19.8,115,0.248,32.4,16.4,6.63,22.08,0.295,24,21,17.97,0,0
NMR-501923,Worker,Colony-A,32.5,20,0.294,32.1,20.4,7.38,27.71,0.202,23,11,21.66,0,1
NMR-509808,Worker,Colony-D,36.3,76,0.204,32.9,16.1,5.6,14.2,0.49,25,17,14.96,0,0
NMR-507705,Worker,Colony-C,28.2,50,0.125,32.7,42.7,6.08,8.51,0.263,21,16,25.42,1,1
NMR-502216,Breeder,Colony-E,41.1,135,0.191,34.5,22.4,5.94,3.6,0.217,25,10,18.69,0,0
NMR-503174,Breeder,Colony-B,42.7,70,0.228,32.6,19.7,6.71,0.79,0.297,20,13,15.88,0,1
NMR-501713,Worker,Colony-E,27.8,35,0.157,31.3,22.8,5.2,15.7,0.528,17,9,20.96,1,0
NMR-502997,Breeder,Colony-A,43.9,188,0.184,31.0,10.7,6.91,2.96,0.239,28,14,18.57,1,0
NMR-505422,Worker,Colony-B,30.8,22,0.222,32.7,11.1,7.27,12.65,0.271,27,7,25.71,1,0
NMR-502755,Worker,Colony-E,31.9,86,0.288,32.5,24.6,5.96,17.2,0.373,27,12,17.47,1,1
NMR-505415,Worker,Colony-C,35.9,60,0.166,32.4,14.4,5.86,14.55,0.214,22,4,18.11,1,1
NMR-509229,Soldier,Colony-C,40.5,79,0.175,33.2,13.1,7.32,15.1,0.228,27,16,19.64,0,1
NMR-507948,Soldier,Colony-A,34.3,91,0.282,33.7,9.2,7.27,5.95,0.171,21,12,19.61,0,1
NMR-507259,Breeder,Colony-E,31.7,101,0.123,31.7,19.4,8.52,7.23,0.297,30,9,17.24,0,1
NMR-501234,Worker,Colony-D,41.6,28,0.304,33.4,32.0,8.32,20.83,0.131,12,8,19.25,1,0
NMR-503039,Worker,Colony-C,27.4,86,0.215,32.1,13.8,4.3,11.95,0.118,25,17,21.11,0,0
NMR-506896,Queen,Colony-E,39.6,21,0.19,31.9,22.6,5.31,0.7,0.146,26,12,21.71,1,1
NMR-501449,Breeder,Colony-A,36.0,37,0.149,31.6,37.8,6.7,6.46,0.065,21,18,21.93,1,1
NMR-504188,Queen,Colony-D,41.3,42,0.146,32.0,22.0,5.89,7.38,0.231,30,21,20.17,1,1
NMR-504969,Worker,Colony-B,26.8,99,0.17,33.3,15.5,6.18,8.24,0.322,13,14,21.16,1,0
NMR-509695,Worker,Colony-A,34.7,37,0.289,32.7,27.9,7.69,9.53,0.402,23,14,19.08,1,0
NMR-506224,Worker,Colony-C,34.2,79,0.252,32.9,12.2,7.88,17.01,0.62,22,17,21.66,0,0
NMR-503093,Worker,Colony-E,27.0,65,0.402,33.1,31.2,6.02,16.19,0.213,28,17,16.86,0,0
NMR-507054,Worker,Colony-E,32.5,23,0.195,32.4,28.4,7.99,13.98,0.385,30,8,17.21,0,0
NMR-508414,Worker,Colony-A,26.8,39,0.295,32.9,22.5,7.35,9.26,0.216,28,7,19.59,0,0
NMR-500285,Soldier,Colony-A,44.4,29,0.322,32.1,18.4,7.38,8.38,0.255,29,12,14.66,0,1
NMR-509745,Worker,Colony-A,24.8,34,0.268,31.9,17.7,6.25,6.48,0.487,16,22,20.7,1,1
NMR-500681,Soldier,Colony-B,24.9,172,0.193,33.8,26.4,7.62,5.32,0.255,24,7,18.48,1,0
NMR-501488,Soldier,Colony-D,30.2,39,0.372,32.6,23.1,5.2,13.81,0.322,24,11,21.76,1,1
NMR-508593,Worker,Colony-A,36.3,73,0.377,32.7,16.8,6.3,10.42,0.219,27,15,16.89,1,1
NMR-509494,Worker,Colony-D,33.0,263,0.249,33.3,8.7,6.53,10.65,0.313,26,12,18.23,0,0
NMR-508154,Worker,Colony-B,32.6,66,0.259,32.8,14.1,7.91,9.25,0.296,24,13,21.46,0,1
NMR-506432,Worker,Colony-E,28.6,79,0.166,32.5,27.6,8.25,9.85,0.747,28,7,18.36,1,1
NMR-506994,Worker,Colony-D,25.4,37,0.363,32.0,14.8,6.16,15.5,0.219,25,14,12.28,0,1
NMR-507478,Worker,Colony-C,23.1,39,0.445,31.6,7.6,6.16,15.97,0.127,29,11,25.19,0,1
NMR-501813,Worker,Colony-C,28.6,36,0.438,32.1,13.2,8.04,8.97,0.281,19,9,17.06,0,0
NMR-506630,Soldier,Colony-C,30.8,49,0.246,31.0,21.5,5.33,22.59,0.18,26,8,14.56,1,0
NMR-506541,Soldier,Colony-B,37.5,26,0.291,33.0,9.5,8.94,13.49,0.525,20,11,21.47,1,0
NMR-507622,Worker,Colony-B,28.3,79,0.335,33.1,3.8,8.69,6.35,0.413,24,7,18.04,0,1
NMR-508814,Worker,Colony-D,23.0,68,0.264,32.1,10.9,4.37,19.99,0.124,26,10,19.52,0,1
NMR-500779,Worker,Colony-D,47.0,49,0.184,32.0,21.5,6.45,13.36,0.376,29,9,17.77,1,1
NMR-507387,Soldier,Colony-B,38.0,58,0.172,33.1,17.8,8.14,7.55,0.515,17,9,23.95,1,1
NMR-500535,Worker,Colony-B,42.6,39,0.226,31.0,8.3,8.54,16.41,0.483,21,13,25.25,0,0
NMR-504264,Worker,Colony-B,23.5,55,0.302,33.4,15.2,6.99,7.26,0.218,22,8,22.72,0,0
NMR-508371,Soldier,Colony-C,35.6,92,0.321,32.7,15.4,7.32,11.12,0.319,27,11,17.54,0,1
NMR-506589,Worker,Colony-E,30.6,53,0.196,30.7,21.7,3.4,9.98,0.159,24,12,19.43,1,0
NMR-506887,Worker,Colony-C,38.6,36,0.211,31.6,15.5,5.29,11.65,0.418,25,13,17.13,1,1
NMR-506364,Breeder,Colony-E,48.0,24,0.325,33.2,14.3,7.8,3.5,0.314,26,15,14.94,0,0
NMR-502733,Soldier,Colony-C,31.2,18,0.177,33.8,20.2,6.39,7.77,0.447,19,7,17.34,0,0
NMR-500497,Worker,Colony-D,21.6,25,0.292,30.6,11.7,7.79,7.86,0.275,30,7,20.72,0,0
NMR-503438,Worker,Colony-A,34.6,78,0.319,30.5,25.5,6.53,8.46,0.315,24,15,22.2,1,0
NMR-501737,Worker,Colony-E,45.6,29,0.258,32.7,22.9,6.6,15.61,0.246,12,8,12.32,1,1
NMR-502334,Worker,Colony-B,35.5,91,0.406,32.4,12.8,5.3,6.15,0.213,24,11,21.56,0,0
NMR-503165,Soldier,Colony-B,33.8,21,0.209,32.2,18.3,7.72,3.8,0.542,18,14,22.81,0,0
NMR-503630,Worker,Colony-E,25.6,69,0.276,33.1,9.8,6.73,29.03,0.472,19,9,16.51,0,1
NMR-504049,Worker,Colony-D,27.0,53,0.258,31.6,30.8,6.59,21.09,0.32,23,13,19.48,0,0
NMR-502098,Worker,Colony-E,26.1,43,0.149,33.3,10.5,6.52,21.62,0.335,30,8,18.11,0,0
NMR-506417,Queen,Colony-D,49.3,99,0.478,31.9,18.3,6.23,-2.41,0.325,20,11,24.57,0,0
NMR-500981,Soldier,Colony-D,36.4,22,0.39,32.1,22.0,6.92,8.26,0.237,24,12,23.66,1,1
NMR-505225,Breeder,Colony-A,31.0,67,0.175,32.3,31.9,8.29,2.55,0.082,19,8,27.94,1,1
NMR-501900,Soldier,Colony-A,41.2,95,0.251,31.7,28.3,8.54,9.95,0.349,21,10,19.66,1,1
NMR-500188,Worker,Colony-D,17.7,51,0.396,31.6,36.4,8.07,16.23,0.325,33,11,22.24,1,1
NMR-501364,Queen,Colony-D,41.8,66,0.225,34.2,13.5,6.35,10.07,0.179,26,7,19.54,0,0
NMR-502337,Queen,Colony-B,56.3,91,0.179,31.8,28.8,5.74,1.05,0.297,22,9,23.93,1,1
NMR-505325,Soldier,Colony-D,37.8,62,0.3,34.2,17.5,5.99,8.65,0.565,31,10,22.25,0,0
NMR-509634,Worker,Colony-B,27.7,53,0.293,31.7,18.6,6.73,14.9,0.2,27,15,21.9,1,1
NMR-504986,Worker,Colony-A,28.9,39,0.212,32.1,23.4,6.83,13.45,0.123,15,17,25.84,1,1
NMR-500432,Worker,Colony-D,35.5,38,0.222,31.6,11.4,7.06,14.66,0.42,26,13,21.56,0,0
NMR-509094,Queen,Colony-A,38.1,29,0.221,33.5,30.7,7.01,2.85,0.248,28,11,21.34,1,0
NMR-506567,Worker,Colony-D,31.5,54,0.201,32.2,11.4,6.42,30.22,0.159,20,8,18.34,1,1
NMR-505080,Worker,Colony-E,27.4,39,0.212,34.3,22.8,6.87,13.53,0.549,21,14,17.34,1,0
NMR-503880,Soldier,Colony-B,25.6,23,0.321,30.6,29.3,5.99,13.07,0.272,33,8,16.01,0,1
NMR-503475,Breeder,Colony-D,36.7,216,0.459,31.3,18.1,5.52,3.96,0.337,36,6,19.18,0,0
NMR-501259,Worker,Colony-C,27.8,70,0.238,34.2,21.4,4.71,20.4,0.246,42,10,23.92,1,0
NMR-502005,Worker,Colony-B,23.1,41,0.257,31.5,20.3,6.62,15.02,0.319,23,11,19.85,1,0
NMR-506288,Worker,Colony-B,46.3,82,0.317,32.3,20.6,6.42,15.37,0.327,23,10,19.76,0,1
NMR-508496,Soldier,Colony-C,27.2,35,0.397,33.1,10.9,6.78,29.25,0.119,24,12,17.19,0,1
NMR-501125,Soldier,Colony-C,28.7,24,0.3,31.4,43.0,8.06,7.62,0.559,22,10,22.65,1,0
NMR-501211,Soldier,Colony-C,26.9,40,0.218,31.7,11.8,6.98,5.17,0.457,28,10,24.35,0,0
NMR-501847,Breeder,Colony-E,53.7,57,0.195,32.0,14.3,7.58,5.11,0.373,20,8,17.86,0,1
NMR-506700,Worker,Colony-D,30.3,125,0.378,32.6,32.3,9.57,11.02,0.116,26,17,24.35,1,1
NMR-501264,Queen,Colony-D,47.4,59,0.112,32.7,27.6,7.72,-0.43,0.259,20,15,20.83,1,0
NMR-500566,Worker,Colony-E,27.9,60,0.146,31.3,41.2,7.51,11.02,0.164,24,17,18.38,1,1
NMR-506394,Soldier,Colony-E,28.1,34,0.191,32.8,21.2,9.28,14.82,0.189,22,13,13.45,0,0
NMR-502230,Breeder,Colony-E,38.0,67,0.357,33.4,32.6,8.92,6.53,0.207,20,12,19.96,1,1
NMR-508132,Worker,Colony-C,18.9,99,0.201,33.9,13.9,6.17,15.66,0.228,25,6,17.43,1,0
NMR-508722,Worker,Colony-A,21.2,67,0.293,33.6,15.0,6.74,24.02,0.283,29,9,17.21,0,0
NMR-509730,Breeder,Colony-C,50.2,59,0.216,32.7,14.4,6.28,4.46,0.443,19,10,21.92,1,0
NMR-500109,Worker,Colony-E,26.9,30,0.318,32.6,8.7,3.89,12.41,0.385,23,10,17.64,0,1
NMR-506984,Soldier,Colony-A,36.8,88,0.149,33.0,17.4,6.69,15.89,0.208,23,10,19.97,1,0
NMR-501296,Soldier,Colony-C,39.7,49,0.495,33.6,16.8,8.39,7.92,0.302,25,13,22.14,0,0
NMR-508066,Soldier,Colony-D,44.4,110,0.234,32.2,17.6,6.13,12.01,0.36,24,9,23.02,1,0
NMR-507653,Worker,Colony-E,34.5,96,0.248,31.3,20.5,7.02,12.89,0.201,24,9,18.19,0,1
NMR-504976,Breeder,Colony-B,29.8,45,0.19,31.7,32.7,6.22,19.49,0.133,24,10,16.9,1,1
NMR-500718,Worker,Colony-C,41.8,99,0.245,32.8,17.5,7.74,10.44,0.25,17,15,21.98,0,1
NMR-506350,Soldier,Colony-A,47.4,98,0.371,33.0,24.5,6.41,11.62,0.396,45,5,13.55,0,0
NMR-501791,Worker,Colony-E,36.8,35,0.362,32.9,21.1,5.84,11.09,0.475,22,10,19.38,1,1
NMR-509680,Worker,Colony-B,17.1,48,0.246,33.0,31.4,7.28,14.99,0.294,25,12,16.23,1,0
NMR-506507,Worker,Colony-E,22.5,78,0.182,32.0,12.2,5.89,16.89,0.232,24,6,16.24,0,0
NMR-506123,Worker,Colony-A,24.3,25,0.115,30.8,23.1,5.84,17.35,0.41,20,18,22.69,1,0
NMR-506726,Breeder,Colony-A,40.2,38,0.148,32.1,11.4,7.48,4.19,0.226,33,8,20.1,0,1
NMR-504206,Worker,Colony-B,37.4,50,0.225,29.9,20.4,7.52,8.14,0.059,25,12,17.14,1,0
NMR-504804,Worker,Colony-A,32.6,43,0.314,31.2,34.3,8.43,8.14,0.249,33,9,17.82,0,0
NMR-504276,Worker,Colony-C,16.8,26,0.33,30.5,8.0,5.36,9.23,0.408,18,19,20.79,0,1
NMR-507592,Worker,Colony-B,29.4,81,0.186,31.6,19.2,7.76,11.77,0.206,23,12,21.7,1,1
NMR-506471,Soldier,Colony-C,33.2,51,0.372,31.2,17.2,9.4,21.16,0.389,24,9,23.95,0,0
NMR-500796,Worker,Colony-A,27.7,30,0.173,32.6,23.6,7.68,10.0,0.22,21,8,20.24,0,0
NMR-504489,Worker,Colony-D,29.0,25,0.249,32.2,35.0,6.16,8.53,0.191,20,8,17.82,1,1
NMR-507966,Worker,Colony-C,34.9,26,0.221,32.6,16.7,6.26,9.9,0.153,25,12,17.06,0,1
NMR-503869,Worker,Colony-C,28.7,61,0.234,32.9,19.7,7.57,10.35,0.12,30,9,18.12,1,0
NMR-503946,Breeder,Colony-B,45.4,63,0.207,32.1,18.7,6.77,15.75,0.234,28,18,19.83,1,1
NMR-504813,Soldier,Colony-E,42.1,76,0.202,33.1,16.4,7.14,3.71,0.352,35,15,17.26,1,0
NMR-507287,Worker,Colony-B,25.0,56,0.253,32.1,28.4,8.75,13.91,0.117,26,13,21.14,1,1
NMR-501711,Worker,Colony-B,34.0,49,0.33,33.5,19.1,6.47,14.53,0.187,31,7,20.76,0,0
NMR-504751,Breeder,Colony-D,44.8,80,0.125,31.8,11.8,6.73,7.49,0.22,28,13,18.87,0,1
NMR-507015,Worker,Colony-A,30.7,44,0.264,32.0,15.3,6.13,8.31,0.107,23,11,20.07,0,1
NMR-500483,Soldier,Colony-C,26.8,39,0.264,30.6,22.4,5.33,4.26,0.434,20,12,17.54,0,1
NMR-502014,Worker,Colony-D,44.1,64,0.185,32.8,14.7,5.87,7.92,0.287,15,15,21.88,1,1
NMR-505517,Soldier,Colony-D,36.2,25,0.177,32.6,25.6,8.03,7.0,0.299,20,9,17.87,1,0
NMR-507113,Soldier,Colony-E,35.6,86,0.347,32.7,25.4,7.1,7.44,0.021,24,11,18.3,1,1
NMR-507912,Worker,Colony-E,30.4,81,0.437,32.3,13.4,7.23,13.78,0.498,22,10,18.21,0,0
NMR-501798,Breeder,Colony-B,41.3,87,0.251,32.3,8.3,8.16,4.89,0.321,18,9,23.47,0,1
NMR-504426,Soldier,Colony-B,40.5,72,0.25,32.2,18.3,7.3,4.02,0.258,28,7,19.65,0,1
NMR-500349,Worker,Colony-B,29.6,52,0.342,32.1,10.4,5.9,18.04,0.407,21,13,16.97,0,1
NMR-500583,Worker,Colony-C,18.3,129,0.282,30.8,13.2,6.01,22.64,0.115,29,6,23.12,0,0
NMR-504053,Worker,Colony-C,31.1,43,0.463,33.7,18.0,6.09,16.29,0.527,25,8,15.97,0,1
NMR-501304,Worker,Colony-B,28.6,72,0.279,30.6,7.0,6.7,22.72,0.223,28,10,26.22,1,0
NMR-508908,Worker,Colony-D,21.7,80,0.145,34.5,19.8,5.45,11.63,0.193,29,15,19.3,1,0
NMR-503582,Breeder,Colony-D,40.4,54,0.217,31.4,22.8,6.55,6.54,0.287,20,16,15.05,1,0
NMR-509711,Soldier,Colony-D,36.2,46,0.233,30.5,19.7,8.07,4.37,0.238,31,11,22.33,1,0
NMR-500613,Worker,Colony-C,28.8,47,0.224,31.5,19.4,6.29,6.98,0.116,23,17,17.78,0,1
NMR-508662,Worker,Colony-C,34.8,66,0.381,30.6,11.8,5.5,10.5,0.454,32,14,23.94,1,0
NMR-508381,Worker,Colony-D,29.9,53,0.284,32.0,22.9,6.22,14.57,0.336,31,10,22.1,0,1
NMR-501851,Worker,Colony-B,34.8,139,0.244,32.1,26.3,7.91,14.44,0.341,19,14,20.91,1,1
NMR-508982,Worker,Colony-D,31.5,77,0.284,32.6,22.8,5.59,22.39,0.398,19,10,17.94,0,0
NMR-504997,Breeder,Colony-D,29.8,72,0.38,32.8,21.6,6.37,1.12,0.177,22,13,19.49,0,1
NMR-506702,Worker,Colony-C,32.4,36,0.181,31.8,15.6,6.02,10.91,0.29,23,12,20.52,1,1
NMR-507643,Worker,Colony-A,28.1,29,0.296,33.2,9.8,8.37,16.78,0.491,24,16,20.79,1,0
NMR-505492,Worker,Colony-E,28.2,47,0.185,31.7,17.2,5.93,21.04,0.202,24,15,20.77,1,1
NMR-501385,Soldier,Colony-B,39.9,66,0.202,33.2,12.4,6.08,3.93,0.163,24,13,24.0,0,0
NMR-508502,Worker,Colony-D,25.4,49,0.228,31.2,14.2,5.84,11.0,0.272,18,9,17.18,0,0
NMR-507726,Breeder,Colony-E,36.6,34,0.206,32.0,15.4,7.35,10.8,0.116,20,6,20.16,0,0
NMR-503291,Soldier,Colony-A,38.7,49,0.327,31.2,13.5,6.05,5.96,0.406,31,8,19.15,0,0
NMR-501067,Soldier,Colony-B,40.9,92,0.224,33.1,15.2,7.7,8.5,0.369,36,12,24.26,1,1
NMR-502069,Worker,Colony-D,36.9,23,0.302,32.4,11.6,4.42,10.51,0.224,22,7,16.46,0,1
NMR-500061,Breeder,Colony-E,40.2,90,0.247,32.3,34.4,6.44,0.8,0.31,22,10,16.56,1,1
NMR-502820,Worker,Colony-D,31.0,90,0.22,33.4,15.2,8.25,15.29,0.306,24,14,19.16,0,0
NMR-501007,Worker,Colony-E,33.1,44,0.205,31.4,8.6,6.53,10.25,0.215,27,5,16.54,0,0
NMR-501692,Breeder,Colony-A,33.7,56,0.334,32.9,25.0,7.35,4.54,0.301,25,8,20.18,0,0
NMR-508990,Soldier,Colony-C,37.7,51,0.204,32.7,35.7,6.83,7.05,0.215,32,2,26.32,1,1
NMR-503017,Worker,Colony-D,19.3,23,0.24,32.7,25.0,8.16,11.69,0.152,34,10,15.85,1,0
NMR-504414,Soldier,Colony-E,22.2,28,0.193,31.2,17.8,6.69,7.59,0.233,19,12,19.18,0,0
NMR-506363,Soldier,Colony-C,33.8,36,0.168,31.3,16.5,5.66,15.3,0.234,27,12,21.61,0,1
NMR-506922,Worker,Colony-B,28.5,36,0.36,31.1,11.6,7.66,18.54,0.474,24,16,17.96,0,0
NMR-506469,Worker,Colony-B,24.2,77,0.283,31.0,8.9,5.0,12.08,0.144,30,8,18.17,0,0
NMR-506586,Worker,Colony-E,33.9,52,0.176,32.5,30.2,7.4,11.89,0.125,26,14,17.04,1,1
NMR-501001,Worker,Colony-A,28.8,29,0.378,32.1,8.6,4.76,10.59,0.61,27,12,18.42,0,1
NMR-505079,Worker,Colony-C,28.9,66,0.223,30.0,20.6,6.14,17.94,0.083,25,10,21.65,0,0
NMR-509461,Breeder,Colony-E,36.6,19,0.345,33.4,16.7,5.54,2.92,0.156,23,10,22.84,0,1
NMR-501584,Worker,Colony-E,32.5,109,0.28,32.5,31.3,7.11,6.42,0.348,18,7,21.07,1,1
NMR-507985,Worker,Colony-C,28.7,35,0.331,32.4,13.7,7.57,10.4,0.388,29,12,15.26,1,1
NMR-505831,Worker,Colony-C,33.8,35,0.254,31.6,21.5,8.21,9.88,0.284,27,11,17.83,0,0
NMR-506774,Worker,Colony-B,34.2,45,0.291,32.8,26.7,5.89,16.39,0.284,29,12,22.09,1,1
NMR-503581,Worker,Colony-D,32.0,22,0.303,33.0,29.2,8.93,10.47,0.474,33,14,20.2,1,0
NMR-505926,Worker,Colony-A,33.6,61,0.241,33.2,24.7,7.66,10.72,0.204,26,6,17.09,0,0
NMR-500722,Worker,Colony-D,35.6,68,0.212,32.4,18.9,8.76,8.15,0.288,25,16,15.0,0,1
NMR-503956,Worker,Colony-B,33.9,53,0.213,32.2,22.1,5.88,36.71,0.283,29,13,15.88,0,1
NMR-509893,Worker,Colony-B,24.5,24,0.254,32.3,11.4,6.57,13.4,0.315,25,12,20.86,0,1
NMR-507312,Queen,Colony-C,48.6,41,0.342,32.7,28.6,7.16,5.43,0.229,24,12,13.9,0,1
NMR-503747,Worker,Colony-C,29.8,44,0.23,32.1,20.9,8.08,12.85,0.182,24,19,20.13,1,0
NMR-505324,Breeder,Colony-C,36.4,45,0.209,31.4,19.0,7.0,2.16,0.131,27,8,17.32,0,1
NMR-508177,Soldier,Colony-E,35.8,121,0.276,31.9,35.1,5.24,13.66,0.356,20,13,22.53,1,0
NMR-506086,Breeder,Colony-B,44.7,59,0.332,33.0,16.1,7.06,0.07,0.135,24,13,19.26,0,1
NMR-503854,Worker,Colony-C,30.1,143,0.195,32.1,33.4,7.52,27.63,0.228,27,10,17.97,1,1
NMR-501568,Breeder,Colony-A,42.0,46,0.517,30.9,19.3,6.6,8.23,0.109,22,9,19.55,0,0
NMR-508090,Worker,Colony-E,32.8,94,0.23,32.1,15.0,5.49,14.34,0.465,29,8,22.41,1,0
NMR-503619,Worker,Colony-B,38.8,47,0.284,33.6,14.0,7.38,12.91,0.362,28,8,19.57,0,1
NMR-507771,Soldier,Colony-E,29.7,76,0.249,33.0,11.5,7.34,7.63,0.082,22,10,23.25,1,1
NMR-508576,Breeder,Colony-B,36.9,48,0.226,33.3,16.0,5.27,3.73,0.091,23,9,18.31,0,0
NMR-505905,Worker,Colony-B,22.1,61,0.209,31.5,34.8,5.06,11.32,0.082,19,13,24.08,1,1
NMR-507005,Soldier,Colony-E,30.1,60,0.301,31.3,27.7,5.81,8.95,0.407,13,10,15.84,0,0
NMR-506228,Breeder,Colony-A,35.2,49,0.243,31.5,15.7,6.85,18.55,0.255,26,6,22.41,1,1
NMR-501501,Worker,Colony-D,34.0,31,0.253,31.2,14.3,8.77,6.95,0.138,21,16,17.84,0,0
NMR-502978,Soldier,Colony-D,46.1,77,0.199,33.0,41.6,7.02,10.44,0.599,19,19,22.73,1,1
NMR-506814,Queen,Colony-C,43.6,128,0.316,32.1,14.5,6.35,-3.58,0.292,21,4,17.74,0,1
NMR-503899,Breeder,Colony-B,40.9,65,0.212,32.2,20.5,8.44,16.12,0.419,26,23,18.32,0,1
NMR-501959,Worker,Colony-A,30.3,73,0.447,32.8,20.1,7.58,10.81,0.239,31,9,16.12,0,1
NMR-505164,Breeder,Colony-E,27.6,69,0.25,32.0,17.0,8.36,10.5,0.363,12,8,22.37,0,1
NMR-509791,Worker,Colony-A,30.1,27,0.22,30.9,13.2,4.75,7.53,0.258,35,8,12.55,1,1
NMR-506327,Worker,Colony-B,30.7,90,0.297,30.9,15.4,7.8,18.8,0.384,21,9,18.01,0,0
NMR-504197,Soldier,Colony-D,36.6,50,0.305,34.1,22.9,8.25,11.52,0.19,19,13,21.86,0,0
NMR-501796,Queen,Colony-E,53.0,93,0.177,31.7,11.9,7.57,0.54,0.441,28,16,22.17,0,1
NMR-503026,Worker,Colony-A,33.8,253,0.232,32.4,17.3,7.04,13.07,0.226,25,9,17.58,0,1
NMR-501845,Worker,Colony-C,25.5,37,0.329,32.4,26.4,5.21,9.22,0.282,22,17,17.48,0,1
NMR-505438,Worker,Colony-B,23.3,166,0.286,33.0,35.4,6.13,15.31,0.276,28,13,22.69,1,0
NMR-502474,Worker,Colony-D,18.7,22,0.331,31.4,10.1,6.78,8.41,0.131,23,14,19.33,0,0
NMR-503344,Soldier,Colony-B,34.1,55,0.247,31.2,24.6,4.3,13.5,0.174,19,12,25.08,1,0
NMR-509394,Worker,Colony-D,26.8,29,0.283,31.5,12.6,5.52,8.52,0.466,27,9,15.98,0,1
NMR-505586,Worker,Colony-A,37.3,25,0.386,32.3,23.0,6.05,20.14,0.223,24,14,18.71,0,1
NMR-500264,Worker,Colony-A,16.8,66,0.221,31.7,8.6,8.03,11.57,0.288,19,16,19.61,1,1
NMR-501014,Worker,Colony-D,28.2,34,0.178,33.0,22.1,5.8,13.29,0.673,25,9,19.76,1,1
NMR-506415,Worker,Colony-B,20.5,30,0.428,32.9,15.5,6.16,17.09,0.226,18,8,21.18,0,1
NMR-505191,Soldier,Colony-A,32.6,39,0.21,30.7,14.6,5.75,4.64,0.102,16,11,23.67,1,0
NMR-509549,Worker,Colony-B,37.4,65,0.378,31.8,45.9,6.44,13.05,0.227,26,10,23.61,1,0
NMR-502408,Worker,Colony-A,29.5,34,0.409,32.7,19.7,6.26,15.37,0.328,23,10,18.97,0,0
NMR-501799,Worker,Colony-C,19.7,132,0.449,31.1,13.4,6.85,9.54,0.166,20,9,12.59,0,0
NMR-501254,Queen,Colony-D,46.4,71,0.307,30.8,37.8,7.12,4.55,0.462,27,8,20.55,1,0
NMR-505879,Queen,Colony-E,47.0,35,0.289,33.4,10.7,8.18,1.32,0.595,15,14,11.22,0,0
NMR-504856,Soldier,Colony-A,45.7,60,0.295,33.0,17.1,7.66,5.15,0.309,25,7,22.45,1,0
NMR-503585,Worker,Colony-B,38.2,64,0.231,32.2,15.5,5.65,13.36,0.111,29,10,18.45,1,1
NMR-500641,Worker,Colony-B,23.0,166,0.217,33.0,13.1,5.02,10.89,0.29,19,10,21.54,1,0
NMR-508181,Soldier,Colony-A,34.4,35,0.205,32.4,14.1,6.42,5.12,0.399,31,13,18.03,0,0
NMR-504847,Queen,Colony-A,42.8,21,0.234,31.4,18.0,6.31,2.15,0.304,25,5,10.17,1,1
NMR-502315,Worker,Colony-C,25.3,116,0.354,33.1,14.3,5.21,18.67,0.439,26,13,18.1,0,0
NMR-501146,Soldier,Colony-E,38.1,27,0.201,31.6,13.8,8.06,4.48,0.387,26,14,16.22,1,0
NMR-508592,Worker,Colony-E,26.3,48,0.386,31.3,15.6,7.39,9.11,0.227,24,10,14.64,0,0
NMR-506754,Worker,Colony-C,30.8,21,0.316,31.8,15.4,6.42,14.38,0.288,27,18,24.4,1,1
NMR-507271,Queen,Colony-C,50.0,77,0.304,32.5,14.2,6.65,7.37,0.074,23,15,24.8,0,1
NMR-508956,Soldier,Colony-A,29.9,55,0.237,32.8,25.8,7.27,13.12,0.132,19,8,22.85,1,1
NMR-505109,Worker,Colony-C,37.0,69,0.207,32.8,8.7,7.43,9.74,0.067,24,9,20.8,0,1
NMR-504155,Worker,Colony-E,20.1,66,0.312,32.7,7.7,8.98,10.65,0.201,20,15,11.0,0,1
NMR-505664,Soldier,Colony-A,43.1,105,0.181,32.4,17.6,7.21,9.83,0.275,31,12,19.27,1,1
NMR-500069,Worker,Colony-E,15.0,31,0.396,32.6,10.1,8.03,17.81,0.167,21,13,19.18,0,0
NMR-501041,Breeder,Colony-E,40.4,74,0.219,30.2,10.2,5.82,11.44,0.428,20,7,18.63,0,0
NMR-503740,Breeder,Colony-D,37.9,54,0.337,31.0,28.7,6.16,3.14,0.247,22,11,13.71,0,0
NMR-506559,Breeder,Colony-C,39.7,68,0.245,32.4,14.9,7.44,10.13,0.346,31,10,18.49,1,1
NMR-502613,Soldier,Colony-A,41.5,67,0.263,32.9,12.3,5.75,5.89,0.492,35,10,24.74,1,0
NMR-500962,Soldier,Colony-C,31.3,28,0.366,31.4,10.3,6.4,11.66,0.254,22,16,23.21,0,1
NMR-508981,Soldier,Colony-C,27.3,58,0.162,33.1,27.2,7.38,12.88,0.154,24,13,22.46,1,0
NMR-508706,Worker,Colony-C,24.6,99,0.257,32.1,14.0,6.26,12.0,0.267,25,15,22.06,0,1
NMR-500123,Soldier,Colony-B,36.1,111,0.329,33.7,16.9,8.49,6.51,0.324,18,16,23.22,0,1
NMR-504954,Soldier,Colony-D,31.0,46,0.25,33.0,11.4,7.47,15.42,0.501,26,9,13.79,0,0
NMR-502442,Worker,Colony-A,21.3,63,0.293,33.2,19.0,6.72,18.19,0.129,27,11,22.93,1,1
NMR-508437,Breeder,Colony-A,37.4,38,0.281,34.2,17.9,6.65,1.92,0.607,18,9,20.29,0,0
NMR-502853,Worker,Colony-C,39.1,48,0.255,32.8,10.2,6.12,19.66,0.275,28,14,23.63,1,0
NMR-504547,Soldier,Colony-B,32.5,76,0.157,33.0,28.5,6.67,5.09,0.213,20,8,17.51,1,0
NMR-505691,Worker,Colony-D,26.6,32,0.279,32.8,36.4,6.78,15.61,0.45,20,10,19.44,1,1
NMR-503847,Worker,Colony-B,28.5,42,0.203,32.1,9.3,6.78,8.79,0.103,16,9,10.51,0,1
NMR-509299,Soldier,Colony-C,34.0,36,0.281,32.2,11.1,5.5,17.54,0.182,22,15,22.99,1,1
NMR-502817,Worker,Colony-D,31.4,71,0.217,32.8,23.5,9.28,19.0,0.434,32,12,22.46,0,1
NMR-508043,Soldier,Colony-D,35.2,25,0.237,32.2,24.7,6.22,10.42,0.34,28,11,22.33,0,1
NMR-502330,Worker,Colony-E,29.5,111,0.175,31.7,42.5,5.76,11.88,0.297,35,12,18.51,1,0
NMR-502957,Breeder,Colony-C,40.5,83,0.228,32.0,7.0,6.59,8.28,0.312,24,17,17.7,0,0
NMR-505927,Worker,Colony-A,36.1,24,0.192,31.7,14.2,6.7,13.14,0.328,17,12,25.15,1,1
NMR-508130,Worker,Colony-E,27.2,32,0.248,32.5,20.8,5.93,13.47,0.597,28,14,16.78,0,1
NMR-508257,Queen,Colony-D,41.0,33,0.136,31.4,13.3,6.46,18.95,0.538,25,5,18.17,1,0
NMR-508486,Worker,Colony-B,25.1,111,0.332,31.9,30.1,6.49,14.83,0.232,37,14,16.4,1,0
NMR-506411,Soldier,Colony-E,34.2,25,0.222,32.1,13.0,5.44,6.04,0.037,27,15,20.83,1,1
NMR-500461,Soldier,Colony-D,27.9,66,0.286,33.0,11.5,6.75,8.72,0.22,22,13,22.25,0,0
NMR-509077,Worker,Colony-A,31.7,43,0.183,33.9,11.5,5.99,15.09,0.251,24,13,25.35,1,1
NMR-506309,Worker,Colony-C,31.5,44,0.195,33.6,11.4,6.5,14.15,0.255,28,9,20.67,1,0
NMR-509360,Soldier,Colony-B,37.1,56,0.247,31.7,28.5,8.18,6.01,0.339,24,9,20.45,1,0
NMR-507639,Soldier,Colony-A,33.6,101,0.133,32.6,32.4,7.89,14.25,0.233,35,10,15.88,1,1
NMR-502525,Worker,Colony-C,25.0,77,0.214,30.6,15.4,6.22,11.72,0.288,30,10,16.79,1,0
NMR-503515,Queen,Colony-C,50.1,192,0.257,32.0,36.9,6.91,2.05,0.531,26,8,18.24,1,1
NMR-500993,Worker,Colony-D,35.4,47,0.318,32.6,12.7,6.24,14.18,0.116,29,14,18.66,0,1
NMR-502868,Worker,Colony-A,28.5,145,0.464,31.3,35.5,8.18,10.34,0.687,22,19,19.7,0,1
NMR-502542,Soldier,Colony-E,31.6,36,0.258,30.9,13.0,6.86,19.33,0.299,25,15,20.48,0,0
NMR-502706,Worker,Colony-C,30.4,31,0.191,33.2,37.0,6.14,8.83,0.211,13,10,19.3,1,1
NMR-501373,Worker,Colony-C,34.1,63,0.186,31.7,7.7,6.24,13.15,0.459,30,8,17.26,1,0
NMR-507700,Worker,Colony-A,36.1,32,0.261,32.6,18.2,4.94,10.44,0.212,27,6,17.19,0,1
NMR-504729,Worker,Colony-B,34.9,19,0.337,31.6,11.5,8.3,9.69,0.098,24,11,21.43,0,0
NMR-505321,Soldier,Colony-A,34.6,43,0.168,31.9,14.1,9.61,12.28,0.377,17,8,16.02,1,0
NMR-501648,Worker,Colony-A,32.1,130,0.269,30.3,30.9,6.47,17.59,0.373,29,8,20.53,1,0
NMR-505000,Worker,Colony-E,29.0,38,0.299,34.7,8.9,7.18,10.22,0.731,27,9,17.61,0,0
NMR-505960,Worker,Colony-D,39.9,101,0.235,32.9,18.0,8.32,12.32,0.428,25,14,20.25,1,1
NMR-503192,Queen,Colony-D,42.1,137,0.202,32.9,20.7,8.56,4.08,0.261,22,5,25.99,1,1
NMR-502762,Worker,Colony-E,19.3,21,0.201,33.0,23.7,7.47,10.34,0.224,32,11,16.45,0,0
NMR-503727,Breeder,Colony-D,40.5,58,0.227,31.9,30.5,5.91,3.35,0.021,19,6,13.1,0,0
NMR-500413,Worker,Colony-B,29.8,100,0.234,33.9,13.9,6.19,30.16,0.178,22,11,21.06,0,0
NMR-508929,Worker,Colony-B,24.3,81,0.204,31.9,17.7,7.56,7.24,0.095,25,8,17.31,0,1
NMR-503122,Soldier,Colony-C,34.7,40,0.303,32.0,7.8,6.35,10.94,0.477,22,15,18.58,0,0
NMR-503601,Breeder,Colony-A,43.4,13,0.17,33.4,11.0,7.74,11.72,0.531,17,13,17.34,1,0
NMR-502317,Worker,Colony-C,26.4,52,0.185,32.5,24.1,8.14,36.76,0.205,25,10,18.32,1,1
NMR-509206,Soldier,Colony-D,41.6,108,0.132,34.4,19.2,5.67,15.55,0.509,22,11,17.2,1,0
NMR-501598,Worker,Colony-D,16.0,50,0.314,31.1,16.1,6.67,14.44,0.216,23,9,25.67,1,0
NMR-501401,Worker,Colony-B,32.8,22,0.156,32.3,12.9,6.08,10.76,0.637,21,9,22.72,1,1
NMR-505791,Soldier,Colony-C,38.3,64,0.22,31.9,47.9,7.06,6.07,0.102,26,6,16.15,1,1
NMR-501253,Worker,Colony-A,28.3,51,0.407,32.0,7.0,6.98,9.4,0.371,24,14,27.14,0,1
NMR-504363,Worker,Colony-A,25.4,33,0.272,31.3,15.1,7.6,7.33,0.151,29,10,17.0,1,0
NMR-501717,Soldier,Colony-C,33.1,35,0.191,32.4,22.0,6.81,12.37,0.179,21,3,29.13,1,1
NMR-500026,Soldier,Colony-C,40.3,77,0.35,33.6,11.3,6.24,8.9,0.421,19,16,18.99,0,0
NMR-500407,Breeder,Colony-C,38.9,112,0.275,33.7,23.9,4.9,15.42,0.407,27,11,23.41,1,0
NMR-505459,Soldier,Colony-A,28.1,71,0.265,32.9,14.8,7.06,13.33,0.538,17,6,16.35,0,1
NMR-504070,Worker,Colony-B,32.8,90,0.123,35.1,12.1,5.88,13.83,0.295,27,16,22.33,1,0
NMR-508157,Worker,Colony-A,26.1,54,0.167,31.4,32.0,6.48,7.24,0.365,21,10,25.84,1,0
NMR-505346,Worker,Colony-A,29.6,39,0.132,32.8,11.8,8.09,8.74,0.32,19,11,17.79,0,0
NMR-508607,Worker,Colony-D,49.0,77,0.16,33.5,20.0,5.97,8.51,0.306,29,7,18.25,1,0
NMR-501361,Worker,Colony-D,35.5,37,0.245,30.1,10.9,8.08,10.52,0.519,24,11,21.26,0,0
NMR-500273,Worker,Colony-C,27.4,26,0.214,32.8,19.7,6.93,13.03,0.23,26,9,23.92,1,1
NMR-506161,Worker,Colony-A,31.2,38,0.292,30.8,17.1,6.85,15.56,0.177,15,9,24.17,1,0
NMR-508611,Soldier,Colony-C,34.4,41,0.37,31.6,39.9,5.42,13.38,0.322,29,12,22.93,1,1
NMR-508331,Worker,Colony-E,25.0,55,0.355,32.5,16.7,7.32,13.98,0.44,24,8,17.66,0,1
NMR-502279,Worker,Colony-D,32.1,56,0.224,32.1,39.0,7.21,12.01,0.287,21,12,19.31,1,1
NMR-501016,Worker,Colony-B,35.2,69,0.147,33.9,30.0,9.27,15.18,0.414,21,4,22.2,1,1
NMR-500885,Worker,Colony-C,25.7,144,0.227,32.8,24.4,7.16,8.9,0.275,23,13,24.01,1,1
NMR-504897,Soldier,Colony-B,40.1,41,0.169,32.1,8.9,6.62,4.48,0.851,20,12,20.92,1,1
NMR-509581,Worker,Colony-C,25.7,85,0.144,32.3,31.2,6.79,8.33,0.366,22,11,18.24,1,1
NMR-507067,Worker,Colony-D,29.1,55,0.429,31.6,28.9,6.09,12.96,0.323,23,12,17.14,0,0
NMR-505536,Worker,Colony-D,34.4,32,0.116,32.5,14.5,5.01,10.46,0.514,25,7,16.75,1,1
NMR-503719,Soldier,Colony-D,34.6,86,0.239,30.2,17.4,7.08,13.87,0.122,31,9,17.71,0,0
NMR-504232,Soldier,Colony-B,46.6,53,0.146,30.5,19.4,6.35,7.37,0.264,24,8,18.06,1,0
NMR-501803,Breeder,Colony-B,45.5,43,0.186,31.7,12.3,9.36,18.7,0.378,24,16,17.96,1,0
NMR-506797,Worker,Colony-C,25.3,58,0.189,31.9,15.5,6.95,14.15,0.352,21,14,26.55,1,1
NMR-509500,Worker,Colony-B,31.7,90,0.209,32.2,14.9,5.56,13.0,0.425,22,10,27.34,1,0
NMR-501080,Worker,Colony-B,32.6,24,0.26,32.5,19.2,9.17,6.33,0.302,20,16,22.44,1,0
NMR-506222,Worker,Colony-A,37.1,61,0.146,33.0,14.9,5.97,16.62,0.647,22,10,22.34,1,1
NMR-506992,Worker,Colony-E,32.1,31,0.346,31.9,11.5,6.87,17.46,0.334,16,6,17.49,0,1
NMR-503717,Worker,Colony-A,28.7,51,0.263,33.0,28.8,7.25,14.83,0.056,23,9,17.83,1,0
NMR-502146,Queen,Colony-C,44.2,19,0.259,33.6,16.1,5.63,1.1,0.301,19,11,20.38,1,1
NMR-505007,Worker,Colony-E,27.5,36,0.476,31.2,27.9,7.07,9.58,0.495,21,6,19.38,1,1
NMR-502511,Worker,Colony-E,22.0,69,0.413,31.7,15.2,6.26,12.42,0.258,24,13,19.09,0,0
NMR-507588,Breeder,Colony-C,46.5,49,0.248,31.5,18.8,6.48,5.02,0.294,23,10,13.92,0,1
NMR-508152,Soldier,Colony-B,30.9,24,0.32,31.9,14.9,5.1,4.52,0.383,30,6,20.27,0,1
NMR-502559,Worker,Colony-B,33.4,61,0.339,31.9,12.7,5.91,11.66,0.2,28,12,14.95,0,1
NMR-502841,Breeder,Colony-C,39.8,40,0.3,30.8,15.3,7.03,5.27,0.309,22,14,20.02,0,0
NMR-501011,Worker,Colony-B,30.0,70,0.394,33.0,14.7,5.69,14.85,0.281,24,14,16.47,0,1
NMR-502151,Worker,Colony-B,42.2,98,0.25,32.4,14.8,5.96,8.92,0.501,29,11,19.39,1,1
NMR-507535,Soldier,Colony-B,38.5,73,0.28,32.0,16.1,7.03,11.99,0.159,26,5,17.45,0,1
NMR-506651,Breeder,Colony-C,44.3,57,0.219,32.3,13.0,5.02,5.52,0.204,28,11,20.98,0,1
NMR-509259,Soldier,Colony-A,31.5,46,0.167,30.9,13.2,7.01,5.66,0.514,20,12,16.51,0,0
NMR-501524,Worker,Colony-E,31.8,34,0.232,33.1,9.3,5.02,10.35,0.399,24,10,22.8,1,1
NMR-503966,Worker,Colony-C,31.7,32,0.201,31.8,20.9,7.16,15.05,0.426,19,7,20.92,1,1
NMR-507168,Worker,Colony-A,29.4,105,0.289,31.4,31.8,5.9,10.92,0.495,21,14,15.87,1,0
NMR-501250,Breeder,Colony-C,39.2,43,0.258,31.0,15.6,8.77,1.76,0.286,23,8,22.19,0,0
NMR-509307,Worker,Colony-E,33.4,162,0.208,32.4,9.2,7.43,10.58,0.488,27,10,16.39,0,1
NMR-509068,Worker,Colony-E,32.7,158,0.116,32.2,20.5,7.1,8.17,0.57,23,11,18.05,1,1
NMR-502266,Worker,Colony-B,28.6,84,0.25,33.1,16.8,6.84,11.33,0.073,28,8,21.17,0,1
NMR-508768,Worker,Colony-D,27.8,53,0.326,31.4,22.7,7.82,10.98,0.276,22,9,30.87,1,1
NMR-503124,Soldier,Colony-D,32.4,61,0.209,33.8,27.3,7.77,11.79,0.3,22,12,18.32,1,0
NMR-505582,Worker,Colony-C,34.3,73,0.268,31.9,17.4,4.3,18.55,0.52,22,11,14.84,0,1
NMR-508492,Worker,Colony-B,30.6,52,0.283,33.7,25.1,6.0,7.77,0.376,29,7,21.05,1,0
NMR-501595,Soldier,Colony-C,32.8,40,0.249,31.7,21.3,6.29,7.46,0.348,27,9,18.62,0,1
NMR-500937,Soldier,Colony-A,33.7,40,0.263,31.4,11.8,5.4,12.59,0.376,25,11,18.46,0,1
NMR-504755,Worker,Colony-C,33.6,82,0.138,32.6,12.6,8.12,15.02,0.718,28,13,18.88,0,1
NMR-503003,Breeder,Colony-A,43.2,62,0.167,33.1,19.9,7.14,5.15,0.209,23,11,22.36,1,1
NMR-505390,Worker,Colony-A,27.1,103,0.207,32.6,11.4,6.31,16.03,0.378,18,14,14.89,0,1
NMR-501836,Worker,Colony-E,26.6,47,0.207,33.2,19.6,6.56,24.9,0.28,21,8,16.14,0,1
NMR-506106,Soldier,Colony-B,34.4,77,0.214,33.1,20.0,5.54,5.36,0.257,17,11,16.28,0,0
NMR-505299,Worker,Colony-C,26.8,44,0.177,32.5,18.2,7.81,15.7,0.23,28,16,30.11,1,1
NMR-507040,Worker,Colony-D,27.9,18,0.217,31.7,28.7,7.37,24.54,0.409,28,9,22.55,1,0
NMR-501171,Worker,Colony-B,32.5,82,0.181,32.1,13.7,6.93,17.92,0.258,21,15,17.47,1,1
NMR-507045,Soldier,Colony-D,42.5,68,0.165,33.2,8.4,5.9,12.94,0.192,24,10,19.25,0,0
NMR-500805,Worker,Colony-E,25.0,55,0.176,32.5,16.7,7.67,8.19,0.298,22,12,20.33,0,1
NMR-502106,Worker,Colony-D,26.9,94,0.389,32.8,12.8,4.62,27.51,0.495,31,13,22.99,0,0
NMR-500002,Worker,Colony-B,23.8,61,0.212,33.2,5.7,6.9,26.08,0.071,22,12,18.64,0,1
NMR-503204,Worker,Colony-C,29.8,57,0.23,31.4,13.3,5.46,11.19,0.193,30,12,17.84,0,0
NMR-509059,Soldier,Colony-E,42.1,66,0.294,32.6,16.2,7.3,2.34,0.338,23,8,20.98,1,1
NMR-503778,Worker,Colony-A,30.1,82,0.277,33.3,20.0,7.59,9.63,0.25,28,11,20.72,1,1
NMR-508412,Worker,Colony-B,32.8,36,0.138,33.4,24.6,8.02,23.08,0.237,24,10,18.38,1,0
NMR-506128,Worker,Colony-E,35.6,123,0.232,33.1,14.6,6.52,15.38,0.181,26,11,18.05,1,0
NMR-500412,Breeder,Colony-B,41.8,40,0.319,32.3,33.0,7.88,2.9,0.219,23,8,24.41,1,0
NMR-507013,Worker,Colony-C,34.9,57,0.288,32.7,20.3,7.62,19.84,0.187,15,13,20.15,0,0
NMR-503474,Worker,Colony-E,24.2,21,0.205,31.7,17.0,4.93,17.4,0.198,21,11,19.58,0,1
NMR-508808,Worker,Colony-B,32.3,59,0.229,33.4,9.7,6.47,9.32,0.312,24,11,14.42,0,0
NMR-503173,Soldier,Colony-E,22.2,42,0.2,32.3,14.5,6.17,9.03,0.27,22,12,22.32,1,1
NMR-508804,Worker,Colony-E,21.2,26,0.178,31.1,26.6,7.1,12.32,0.153,22,15,17.87,1,0
NMR-502148,Worker,Colony-A,28.1,94,0.263,32.8,10.5,6.3,16.71,0.404,23,9,21.07,0,0
NMR-504475,Worker,Colony-A,27.3,46,0.19,32.7,8.5,6.97,14.51,0.084,20,10,20.7,1,0
NMR-509763,Worker,Colony-B,30.5,80,0.209,33.1,37.5,5.8,20.06,0.562,18,17,20.79,1,0
NMR-502308,Worker,Colony-B,38.2,44,0.194,31.7,23.0,7.06,16.97,0.276,31,15,21.26,1,1
NMR-500197,Soldier,Colony-E,46.2,59,0.252,32.9,20.8,6.3,11.56,0.521,29,12,16.7,0,1
NMR-507594,Worker,Colony-B,39.4,22,0.178,32.9,4.2,8.57,8.18,0.233,33,11,25.44,1,0
NMR-504908,Worker,Colony-B,23.0,68,0.243,33.1,11.3,7.47,6.63,0.133,29,13,19.87,1,0
NMR-502885,Worker,Colony-B,33.2,54,0.246,33.1,19.1,6.58,9.69,0.216,25,16,18.22,0,1
NMR-502813,Worker,Colony-C,37.2,78,0.248,33.2,19.7,6.67,10.4,0.151,18,9,13.12,0,0
NMR-500512,Worker,Colony-E,24.1,60,0.195,32.0,27.4,8.26,19.64,0.36,28,10,20.33,1,1
NMR-508901,Soldier,Colony-E,49.7,52,0.281,32.9,8.2,6.0,10.27,0.35,33,10,18.2,0,1
NMR-500656,Worker,Colony-A,16.8,118,0.264,30.8,20.9,5.89,12.29,0.294,26,7,19.47,0,0
NMR-503782,Worker,Colony-D,35.7,31,0.246,33.1,20.3,7.24,27.03,0.247,18,11,17.21,0,0
NMR-505259,Worker,Colony-C,29.7,97,0.279,32.2,22.7,4.21,13.68,0.333,20,10,27.32,0,0
NMR-500759,Soldier,Colony-B,34.9,24,0.319,32.0,19.7,7.24,8.01,0.307,21,17,25.33,1,0
NMR-503278,Worker,Colony-E,27.9,45,0.399,33.0,22.6,5.91,9.25,0.305,23,6,12.4,0,1
NMR-501820,Breeder,Colony-D,39.6,51,0.438,34.2,14.5,7.85,7.48,0.436,31,16,15.01,0,0
NMR-500798,Worker,Colony-E,34.3,60,0.217,34.7,15.5,7.54,10.56,0.531,23,17,21.63,0,0
NMR-501916,Worker,Colony-A,22.3,35,0.31,31.6,8.4,6.44,8.14,0.565,24,6,20.86,1,1
NMR-500570,Worker,Colony-E,21.6,54,0.169,32.6,14.6,6.27,9.47,0.236,23,7,18.19,0,0
NMR-504495,Soldier,Colony-B,33.2,57,0.502,33.1,36.6,7.14,14.77,0.295,21,14,20.12,0,0
NMR-508376,Soldier,Colony-C,32.1,90,0.254,34.0,13.2,7.13,49.25,0.215,25,7,20.66,0,1
NMR-503675,Worker,Colony-D,36.2,99,0.237,31.6,25.6,8.45,10.53,0.572,24,14,22.09,1,1
NMR-504560,Worker,Colony-E,39.0,67,0.232,31.0,17.8,4.15,15.31,0.077,24,10,22.93,1,0
NMR-509834,Worker,Colony-E,25.7,72,0.298,31.7,17.1,5.74,9.11,0.236,26,9,20.26,0,1
NMR-504481,Soldier,Colony-D,26.7,43,0.238,32.2,26.8,6.31,10.75,0.346,20,18,18.32,1,1
NMR-500717,Worker,Colony-A,30.5,101,0.343,31.6,17.8,6.43,11.45,0.314,22,16,18.49,0,0
NMR-509180,Worker,Colony-C,32.1,30,0.192,32.5,11.2,6.77,26.72,0.317,25,11,19.6,1,1
NMR-509797,Worker,Colony-D,32.3,43,0.424,31.7,7.1,4.59,7.44,0.314,23,9,19.99,0,1
NMR-507110,Soldier,Colony-D,39.7,73,0.153,32.2,32.4,6.59,4.94,0.355,18,8,21.06,1,1
NMR-502658,Worker,Colony-E,13.0,57,0.341,31.5,12.2,6.45,9.92,0.255,34,10,13.48,0,1
NMR-506563,Worker,Colony-C,30.9,107,0.179,33.2,16.3,6.41,17.55,0.289,25,8,18.52,0,0
NMR-504085,Soldier,Colony-D,36.6,95,0.208,32.6,26.9,7.5,4.39,0.089,21,14,19.02,1,1
NMR-505963,Soldier,Colony-B,28.3,117,0.341,31.0,15.5,6.54,15.6,0.307,19,10,16.07,0,0
NMR-508009,Worker,Colony-E,33.9,35,0.248,32.4,16.2,7.4,9.14,0.219,24,17,18.07,0,0
NMR-505143,Worker,Colony-D,24.7,48,0.221,31.1,29.2,7.33,12.93,0.308,24,12,16.89,1,0
NMR-507722,Breeder,Colony-C,41.9,54,0.29,31.5,8.1,8.72,7.14,0.239,27,13,11.29,0,0
NMR-507035,Worker,Colony-A,39.6,24,0.292,30.7,23.8,6.65,14.04,0.603,28,10,22.96,1,0
NMR-507524,Worker,Colony-A,26.7,57,0.245,30.5,8.7,7.64,20.48,0.324,26,11,17.38,0,0
NMR-505731,Soldier,Colony-A,33.6,45,0.372,33.8,11.6,5.3,18.33,0.213,22,7,21.65,1,0
NMR-508476,Soldier,Colony-C,27.9,105,0.353,34.1,15.9,5.88,5.37,0.104,26,9,12.32,0,0
NMR-502160,Soldier,Colony-E,31.7,89,0.219,33.3,18.3,7.91,4.98,0.213,25,11,19.88,1,0
NMR-500476,Soldier,Colony-A,42.4,38,0.195,30.4,23.9,7.71,4.32,0.109,29,9,19.38,0,0
NMR-507388,Worker,Colony-D,22.3,43,0.146,32.6,50.8,8.28,9.09,0.417,29,6,17.57,1,0
NMR-506168,Worker,Colony-E,19.1,74,0.431,33.1,11.8,8.07,9.29,0.399,20,12,13.61,0,1
NMR-508620,Worker,Colony-C,26.1,40,0.16,32.2,21.7,7.2,6.82,0.253,26,10,14.58,1,1
NMR-504013,Worker,Colony-A,34.0,33,0.349,34.2,36.0,6.06,10.32,0.579,18,18,18.92,1,0
NMR-504737,Soldier,Colony-D,42.5,97,0.287,31.2,17.8,6.19,6.69,0.309,14,16,17.48,0,0
NMR-506964,Worker,Colony-E,23.2,68,0.241,32.4,11.8,8.03,8.14,0.471,35,11,12.87,0,0
NMR-501573,Soldier,Colony-C,37.9,34,0.2,32.4,51.9,6.41,8.19,0.24,28,6,15.57,1,1
NMR-503450,Worker,Colony-B,33.1,129,0.141,30.4,20.2,6.36,21.88,0.138,31,13,14.55,0,0
NMR-500500,Breeder,Colony-C,40.6,111,0.404,31.1,17.5,7.04,7.14,0.266,19,12,19.16,0,1
NMR-502489,Worker,Colony-A,26.3,65,0.215,32.3,17.4,7.51,15.47,0.291,25,14,14.27,0,1
NMR-500311,Breeder,Colony-B,48.1,77,0.159,31.7,26.3,6.02,12.87,0.361,20,14,20.11,1,0
NMR-508597,Worker,Colony-B,26.8,48,0.277,32.4,11.5,6.46,22.3,0.451,19,14,19.59,0,1
NMR-506674,Soldier,Colony-E,37.1,24,0.281,32.8,35.3,5.87,7.28,0.473,24,7,9.73,0,1
NMR-507978,Worker,Colony-A,29.8,59,0.162,30.7,51.0,7.68,26.48,0.502,25,11,18.19,1,0
NMR-502374,Soldier,Colony-E,31.1,172,0.149,34.0,20.5,4.98,3.41,0.386,27,18,21.17,1,0
NMR-504542,Worker,Colony-E,32.6,56,0.251,32.3,3.9,8.17,8.96,0.279,14,12,24.16,0,1
NMR-506139,Worker,Colony-A,34.0,101,0.244,32.6,35.7,5.91,23.51,0.41,22,11,20.62,1,0
NMR-500679,Worker,Colony-B,37.3,87,0.33,32.9,12.4,5.09,11.74,0.205,24,12,24.2,0,0
NMR-507509,Worker,Colony-E,18.9,94,0.32,32.7,7.5,8.76,10.34,0.231,22,8,24.42,0,1
NMR-505502,Worker,Colony-B,17.1,65,0.354,30.8,7.0,5.92,14.48,0.311,30,11,17.52,0,0
NMR-504394,Soldier,Colony-B,45.5,80,0.095,33.4,12.3,4.07,19.24,0.103,26,14,23.63,1,0
NMR-508248,Soldier,Colony-B,28.1,51,0.209,33.0,16.5,6.01,15.19,0.193,26,11,17.58,1,0
NMR-505649,Breeder,Colony-A,42.2,48,0.253,30.4,23.1,7.24,8.41,0.404,26,13,20.47,1,0
NMR-506512,Soldier,Colony-B,45.1,72,0.232,30.6,15.9,7.0,30.94,0.303,24,17,15.45,0,0
NMR-503828,Worker,Colony-B,30.3,36,0.391,32.0,16.3,8.09,25.78,0.465,18,8,21.85,1,1
NMR-506977,Worker,Colony-B,25.5,89,0.237,33.2,12.2,5.91,14.06,0.257,29,10,21.33,1,0
NMR-503491,Breeder,Colony-E,33.5,85,0.28,31.6,13.8,6.88,15.65,0.198,25,11,17.9,0,1
NMR-506478,Worker,Colony-E,36.5,78,0.183,32.0,16.4,5.06,13.29,0.284,26,10,23.8,1,0
NMR-504643,Breeder,Colony-B,38.7,46,0.294,32.8,26.6,7.93,8.0,0.066,26,7,22.84,1,0
NMR-502985,Soldier,Colony-D,35.2,84,0.171,32.8,28.8,6.88,15.15,0.262,23,12,18.94,1,0
NMR-507074,Soldier,Colony-E,32.6,66,0.265,31.8,13.4,6.3,12.44,0.019,22,15,15.98,0,0
NMR-500581,Queen,Colony-D,40.7,42,0.186,34.3,22.7,8.15,-2.42,0.34,25,6,22.82,1,0
NMR-502041,Breeder,Colony-C,34.4,187,0.138,32.6,34.4,6.39,20.02,0.191,26,11,13.91,1,0
NMR-507394,Breeder,Colony-C,36.0,38,0.272,31.4,20.8,5.69,2.91,0.366,27,21,18.22,0,1
NMR-507096,Soldier,Colony-E,35.7,94,0.118,33.3,24.1,5.3,8.33,0.234,28,7,21.24,1,0
NMR-501120,Soldier,Colony-B,37.5,73,0.305,32.4,33.6,7.45,6.47,0.264,37,11,19.82,1,1
NMR-508692,Soldier,Colony-C,46.4,107,0.298,33.0,15.5,7.57,6.66,0.353,32,9,22.94,0,1
NMR-507263,Soldier,Colony-D,41.8,125,0.226,31.3,35.5,6.36,7.69,0.143,28,10,14.81,1,0
NMR-505785,Worker,Colony-B,30.5,26,0.227,32.0,9.6,8.6,20.39,0.182,24,9,16.85,0,0
NMR-505201,Breeder,Colony-E,36.1,177,0.315,32.4,12.3,5.48,3.78,0.15,19,7,22.1,1,0
NMR-508753,Soldier,Colony-A,22.6,117,0.336,32.9,27.2,8.31,15.02,0.507,29,12,19.25,1,1
NMR-501620,Worker,Colony-E,27.8,23,0.227,32.1,14.6,5.73,12.32,0.236,27,15,15.76,0,1
NMR-500475,Soldier,Colony-D,31.4,85,0.17,31.8,10.4,7.88,7.16,0.448,25,7,20.37,0,1
NMR-504890,Worker,Colony-C,38.3,83,0.395,32.4,10.9,6.39,15.51,0.145,31,12,14.48,0,0
NMR-508151,Soldier,Colony-D,28.2,128,0.314,32.0,18.7,6.33,11.37,0.104,25,12,20.64,1,0
NMR-508096,Breeder,Colony-A,36.4,54,0.312,34.0,22.4,6.68,9.13,0.16,29,13,17.03,0,0
NMR-509238,Worker,Colony-A,29.8,158,0.285,32.9,32.3,8.18,11.05,0.505,27,14,18.81,1,1
NMR-502260,Soldier,Colony-B,41.8,147,0.262,32.3,15.6,8.73,6.52,0.39,25,10,15.92,0,1
NMR-507349,Queen,Colony-D,48.5,71,0.151,32.3,16.8,6.88,1.76,0.355,20,11,17.87,1,1
NMR-500560,Worker,Colony-E,27.1,33,0.596,31.3,23.6,6.44,14.61,0.419,30,11,20.67,0,0
NMR-500088,Worker,Colony-A,25.2,59,0.293,33.4,38.2,7.43,18.3,0.464,18,9,14.62,1,0
NMR-508101,Breeder,Colony-D,32.8,81,0.26,31.9,49.6,5.78,15.97,0.427,23,8,18.77,1,0
NMR-508240,Worker,Colony-D,29.0,79,0.275,32.8,12.5,7.65,13.23,0.119,28,8,17.43,0,1
NMR-506768,Breeder,Colony-D,39.4,103,0.204,32.8,20.1,7.03,1.7,0.289,20,13,19.09,0,1
NMR-506152,Worker,Colony-C,32.9,20,0.182,32.0,10.5,7.02,13.4,0.231,20,12,19.23,1,1
NMR-506724,Worker,Colony-B,33.0,57,0.227,32.8,30.0,7.96,16.12,0.15,20,9,22.75,1,1
NMR-504453,Worker,Colony-A,22.4,55,0.23,30.0,26.2,6.5,9.53,0.316,25,6,21.1,1,0
NMR-509284,Worker,Colony-A,26.7,36,0.246,32.8,6.7,8.59,22.91,0.392,27,12,21.36,0,0
NMR-507736,Worker,Colony-D,42.4,144,0.156,31.5,25.9,7.86,12.65,0.374,30,9,17.58,0,1
NMR-501141,Soldier,Colony-B,44.8,37,0.214,32.1,22.5,8.44,5.85,0.213,24,7,16.79,0,1
NMR-503573,Worker,Colony-D,27.3,69,0.205,32.3,10.4,6.09,9.24,0.551,21,11,25.0,1,0
NMR-500879,Soldier,Colony-A,28.4,103,0.339,33.0,10.0,9.51,13.35,0.094,18,12,25.99,0,1
NMR-505458,Queen,Colony-B,41.8,66,0.227,31.3,22.3,6.9,10.36,0.094,27,13,18.92,1,1
NMR-509480,Queen,Colony-D,37.8,90,0.177,32.9,17.0,8.08,2.44,0.202,22,11,22.11,1,1
NMR-505906,Worker,Colony-D,31.6,78,0.258,33.8,14.6,4.71,5.83,0.49,19,15,24.7,0,0
NMR-503353,Worker,Colony-B,27.8,46,0.227,31.7,17.1,6.02,6.75,0.283,17,17,19.45,0,1
NMR-502298,Worker,Colony-B,37.9,71,0.273,30.6,14.0,7.33,17.06,0.053,26,12,23.72,0,0
NMR-500305,Worker,Colony-B,32.5,62,0.32,31.5,16.4,8.04,10.74,0.119,25,7,18.93,0,0
NMR-503549,Worker,Colony-C,30.8,46,0.229,32.0,22.2,6.18,8.86,0.21,29,11,18.65,1,1
NMR-503021,Worker,Colony-C,34.3,51,0.161,30.9,39.6,7.46,11.89,0.305,20,11,18.22,1,0
NMR-507563,Worker,Colony-B,32.5,62,0.196,33.1,7.4,8.35,11.58,0.348,21,11,19.09,0,1
NMR-501188,Soldier,Colony-C,30.5,31,0.231,32.5,22.1,7.22,9.29,0.46,19,15,17.1,1,1
NMR-508120,Breeder,Colony-D,42.1,32,0.246,33.3,16.9,4.88,2.44,0.358,19,14,16.02,1,1
NMR-507011,Worker,Colony-D,31.5,24,0.238,32.8,15.7,6.03,12.73,0.35,33,9,24.7,0,1
NMR-503809,Soldier,Colony-B,25.4,39,0.179,32.1,16.9,5.33,14.51,0.257,32,7,17.52,0,1
NMR-504476,Soldier,Colony-A,33.8,90,0.259,32.9,20.5,5.16,24.15,0.403,27,9,18.24,0,0
NMR-508114,Worker,Colony-A,23.0,71,0.31,31.8,29.6,4.6,11.12,0.029,21,14,18.13,0,0
NMR-506562,Worker,Colony-A,38.7,141,0.279,32.4,21.2,7.04,16.73,0.168,29,6,22.85,1,1
NMR-506642,Worker,Colony-D,23.8,91,0.352,33.4,11.1,6.46,10.21,0.431,23,12,17.84,0,0
NMR-506059,Worker,Colony-C,27.5,23,0.157,32.1,28.0,7.71,6.23,0.437,22,8,18.53,1,0
NMR-501603,Soldier,Colony-C,22.6,42,0.31,34.6,19.9,8.89,26.68,0.32,30,9,18.31,1,0
NMR-500234,Worker,Colony-B,36.1,71,0.563,31.8,16.3,6.32,9.16,0.286,25,5,24.69,0,0
NMR-509407,Worker,Colony-D,26.2,89,0.164,33.7,20.4,7.37,7.66,0.285,22,13,19.98,0,0
NMR-506691,Breeder,Colony-C,38.9,77,0.237,31.8,21.0,5.3,21.27,0.422,16,12,20.31,0,0
NMR-507052,Worker,Colony-A,20.3,96,0.38,31.9,14.3,5.25,13.4,0.34,20,11,22.25,0,0
NMR-505439,Worker,Colony-C,27.2,45,0.235,32.3,27.9,4.16,11.08,0.347,22,8,19.75,1,1
NMR-509998,Worker,Colony-B,25.1,59,0.2,30.9,12.3,7.28,9.44,0.183,15,10,13.19,1,0
NMR-503990,Worker,Colony-D,27.5,48,0.184,32.0,21.3,7.74,13.75,0.371,29,7,17.46,1,0
NMR-501465,Soldier,Colony-C,22.8,45,0.124,32.9,11.5,7.91,4.9,0.148,23,9,22.4,1,1
NMR-501178,Worker,Colony-C,25.9,26,0.326,32.0,14.4,6.71,10.38,0.375,22,9,18.57,0,0
NMR-503445,Breeder,Colony-B,38.6,41,0.153,33.5,20.0,5.16,5.05,0.225,25,10,16.27,0,1
NMR-507970,Soldier,Colony-B,40.3,36,0.206,32.1,22.6,7.71,9.57,0.343,27,9,18.63,1,0
NMR-500751,Soldier,Colony-C,34.3,44,0.171,30.5,12.4,7.98,6.84,0.175,23,13,22.48,1,0
NMR-506847,Worker,Colony-B,34.4,55,0.166,32.9,16.1,6.97,14.98,0.166,28,14,18.13,0,1
NMR-505173,Worker,Colony-B,31.8,66,0.327,31.1,14.2,5.25,11.71,0.3,27,7,14.72,0,0
NMR-506858,Breeder,Colony-A,43.2,101,0.245,30.0,31.0,7.23,5.18,0.362,18,9,16.5,1,0
NMR-502060,Worker,Colony-E,25.7,73,0.317,31.3,32.1,5.08,11.5,0.335,25,8,18.35,1,0
NMR-509524,Worker,Colony-D,20.7,26,0.172,33.0,15.0,5.63,15.83,0.212,32,15,18.75,0,1
NMR-505440,Soldier,Colony-C,43.0,89,0.237,32.6,9.7,7.75,17.89,0.194,25,7,18.44,1,1
NMR-505647,Worker,Colony-E,25.2,30,0.193,33.5,16.2,6.32,11.26,0.504,21,9,21.22,0,1
NMR-509472,Worker,Colony-D,33.0,49,0.149,31.3,20.4,7.82,8.77,0.352,25,12,18.34,1,0
NMR-501654,Soldier,Colony-B,41.7,59,0.187,31.1,18.4,9.73,7.43,0.41,29,15,21.67,1,1
NMR-509522,Soldier,Colony-E,41.5,82,0.219,32.1,38.0,5.2,9.81,0.196,27,12,19.47,1,0
NMR-505301,Soldier,Colony-D,32.9,36,0.234,33.5,9.2,5.79,20.06,0.192,20,12,18.92,1,0
NMR-503627,Breeder,Colony-C,32.5,29,0.238,31.6,27.4,5.96,16.75,0.291,30,12,15.89,0,1
NMR-501960,Worker,Colony-B,28.0,75,0.372,31.3,14.3,6.31,14.26,0.238,33,17,16.91,0,0
NMR-507361,Worker,Colony-A,39.5,49,0.307,31.4,12.3,6.55,9.46,0.288,27,11,17.14,0,0
NMR-501835,Worker,Colony-D,27.6,49,0.202,31.9,28.9,6.06,11.33,0.259,29,7,24.28,1,1
NMR-500389,Worker,Colony-E,28.8,30,0.229,33.2,22.2,5.86,15.7,0.321,26,9,20.99,1,1
NMR-505864,Worker,Colony-C,28.2,65,0.199,32.8,27.0,7.31,8.23,0.142,30,8,22.74,1,1
NMR-507953,Worker,Colony-B,34.6,133,0.302,32.4,15.9,6.38,10.08,0.216,18,11,25.45,0,0
NMR-508884,Soldier,Colony-E,38.0,34,0.237,33.1,51.3,7.44,11.33,0.346,24,10,24.0,1,0
NMR-500909,Breeder,Colony-E,50.6,19,0.331,31.9,14.6,6.69,2.44,0.46,22,12,22.18,1,1
NMR-501274,Worker,Colony-C,24.7,86,0.272,33.5,11.1,6.25,12.67,0.242,25,10,18.04,0,0
NMR-505236,Queen,Colony-E,47.7,54,0.304,33.5,19.9,7.03,3.05,0.775,25,15,17.83,0,0
NMR-504065,Worker,Colony-D,29.5,43,0.261,32.1,10.5,7.12,21.37,0.358,24,6,22.42,1,1
NMR-508167,Worker,Colony-A,25.5,35,0.166,32.8,22.6,5.67,19.01,0.162,25,10,17.75,0,1
NMR-502110,Worker,Colony-D,26.1,71,0.335,33.1,24.2,5.46,18.86,0.559,20,11,25.97,1,0
NMR-501306,Worker,Colony-D,38.5,81,0.235,32.2,20.6,9.07,12.96,0.439,23,8,17.84,0,1
NMR-506396,Worker,Colony-E,39.4,48,0.194,31.1,8.0,7.56,11.99,0.313,21,11,18.97,0,0
NMR-503123,Queen,Colony-C,58.9,100,0.226,31.6,19.0,6.06,5.39,0.065,27,12,20.74,1,0
NMR-506138,Worker,Colony-B,24.8,42,0.229,32.0,23.5,6.08,20.13,0.286,27,16,21.37,1,1
NMR-503519,Worker,Colony-B,24.3,34,0.23,31.6,12.9,4.77,13.85,0.274,34,9,20.92,0,1
NMR-508468,Soldier,Colony-C,39.1,106,0.152,31.0,16.5,7.32,9.73,0.374,27,13,24.28,1,1
NMR-508247,Worker,Colony-C,28.9,33,0.178,31.9,20.5,5.69,8.19,0.083,19,8,18.99,0,1
NMR-509884,Soldier,Colony-E,26.7,23,0.248,32.8,18.8,8.12,20.16,0.135,24,12,15.06,0,0
NMR-502154,Worker,Colony-A,20.2,76,0.163,31.1,25.1,6.46,7.4,0.094,30,11,16.68,1,0
NMR-505382,Soldier,Colony-A,42.7,111,0.199,31.6,10.5,7.16,14.47,0.191,28,7,15.6,0,1
NMR-504942,Worker,Colony-E,25.8,79,0.358,33.2,14.6,7.07,25.44,0.154,29,11,22.13,0,0
NMR-505387,Worker,Colony-E,28.5,36,0.227,32.7,18.5,7.51,11.68,0.279,24,11,13.95,0,0
NMR-503981,Worker,Colony-D,32.3,22,0.241,31.3,34.1,8.05,9.9,0.221,30,17,17.95,1,0
NMR-509153,Worker,Colony-A,34.2,92,0.199,30.6,10.2,7.19,8.1,0.329,26,14,18.54,1,0
NMR-508834,Soldier,Colony-C,34.2,60,0.331,32.3,14.7,5.9,5.86,0.314,23,11,27.23,1,1
NMR-509772,Worker,Colony-C,41.8,13,0.163,32.5,15.6,6.62,13.32,0.505,31,12,21.3,0,1
NMR-502303,Breeder,Colony-E,37.8,62,0.158,30.2,23.7,6.98,8.37,0.284,25,15,16.7,1,0
NMR-509562,Soldier,Colony-A,40.3,45,0.23,31.8,9.9,7.09,7.26,0.405,27,9,16.42,1,0
NMR-500258,Worker,Colony-A,36.8,187,0.209,32.0,10.0,7.43,13.49,0.382,24,11,18.85,0,1
NMR-504459,Queen,Colony-C,44.8,74,0.222,31.5,21.6,7.3,12.57,0.308,18,10,19.49,1,1
NMR-508083,Worker,Colony-A,34.0,26,0.184,31.5,12.2,7.01,18.24,0.172,25,10,23.92,1,0
NMR-507885,Breeder,Colony-B,46.8,71,0.191,33.0,29.7,7.25,3.75,0.196,23,13,18.57,1,0
NMR-507618,Soldier,Colony-A,44.6,50,0.282,33.2,5.7,8.64,5.48,0.409,26,11,22.76,0,0
NMR-502124,Soldier,Colony-A,33.7,102,0.369,31.5,9.5,4.71,6.97,0.54,29,10,13.01,0,0
NMR-504967,Breeder,Colony-C,33.4,54,0.297,32.9,7.2,5.36,9.21,0.258,24,13,16.46,0,1
NMR-504518,Worker,Colony-A,25.3,94,0.198,31.4,19.6,6.43,9.25,0.125,28,7,21.72,1,0
NMR-506365,Soldier,Colony-A,37.7,74,0.344,33.9,19.1,6.5,6.01,0.48,20,8,21.38,0,0
NMR-505464,Worker,Colony-A,30.6,25,0.333,32.4,8.1,7.13,19.03,0.321,12,9,21.14,0,1
NMR-501540,Breeder,Colony-A,37.5,94,0.262,31.1,42.9,7.94,9.35,0.151,26,14,17.02,1,1
NMR-503501,Worker,Colony-A,31.1,55,0.239,30.0,21.3,5.87,8.17,0.202,22,15,16.73,1,0
NMR-508198,Breeder,Colony-B,39.1,47,0.106,30.3,60.1,11.58,9.88,0.46,36,13,21.97,1,0
NMR-504940,Breeder,Colony-E,41.8,31,0.207,32.2,15.8,6.09,4.59,0.692,21,11,17.49,0,1
NMR-500304,Worker,Colony-B,30.7,90,0.234,34.5,35.3,6.49,12.17,0.277,22,9,24.71,1,0
NMR-509304,Soldier,Colony-B,33.2,57,0.179,32.2,48.1,6.83,12.88,0.337,17,5,20.67,1,1
NMR-505276,Breeder,Colony-E,39.7,90,0.307,32.9,19.9,8.64,7.63,0.216,22,13,20.79,0,1
NMR-502002,Soldier,Colony-E,33.6,54,0.213,32.5,15.7,6.35,10.81,0.138,24,8,22.65,0,1
NMR-505174,Soldier,Colony-A,33.8,112,0.192,32.4,28.8,5.4,7.76,0.202,28,11,22.36,1,0
NMR-504026,Worker,Colony-D,23.0,27,0.184,33.2,15.7,7.49,6.78,0.267,22,9,19.62,0,0
NMR-502268,Queen,Colony-B,45.6,48,0.257,33.4,10.3,5.97,7.25,0.466,23,14,17.85,0,0
NMR-504739,Breeder,Colony-C,42.5,35,0.185,31.1,35.2,5.31,-0.8,0.306,26,10,19.43,0,1
NMR-502705,Worker,Colony-B,37.6,68,0.297,33.5,7.2,7.92,7.3,0.538,28,9,23.63,0,0
NMR-507994,Soldier,Colony-C,38.9,114,0.379,32.3,26.3,8.27,6.6,0.249,24,17,19.63,0,1
NMR-501504,Soldier,Colony-E,38.8,49,0.308,32.8,18.9,6.73,4.91,0.048,24,9,21.76,1,1
NMR-508770,Worker,Colony-B,11.6,57,0.261,31.9,45.5,6.18,16.49,0.343,17,10,21.05,1,1
NMR-501075,Worker,Colony-A,28.4,77,0.241,33.6,20.6,6.06,14.48,0.152,26,11,18.51,0,0
NMR-502640,Worker,Colony-C,34.8,49,0.235,32.4,35.9,7.39,14.11,0.193,17,14,18.12,1,1
NMR-505028,Worker,Colony-E,40.2,91,0.228,30.8,42.3,8.63,18.94,0.2,25,9,15.92,1,1
NMR-504634,Soldier,Colony-B,34.3,29,0.272,32.2,8.9,6.95,20.42,0.29,24,16,20.94,1,1
NMR-507617,Breeder,Colony-A,33.3,41,0.377,31.8,18.6,6.61,6.33,0.088,22,10,22.37,0,1
NMR-505038,Worker,Colony-C,29.9,23,0.206,32.3,15.4,6.45,12.28,0.233,26,11,23.13,0,1
NMR-509055,Worker,Colony-A,31.4,36,0.371,31.2,30.1,6.41,18.09,0.361,25,14,23.5,1,1
NMR-508776,Soldier,Colony-B,18.7,111,0.251,33.1,40.2,7.08,19.91,0.458,24,5,15.99,1,0
NMR-505974,Breeder,Colony-C,44.4,22,0.133,31.5,17.1,7.53,7.32,0.409,28,9,23.34,1,0
NMR-506965,Worker,Colony-B,26.4,138,0.211,32.4,11.9,6.83,16.61,0.276,25,13,20.5,0,0
NMR-509176,Breeder,Colony-B,47.5,28,0.342,32.7,9.2,8.88,15.81,0.234,25,16,18.73,0,0
NMR-509235,Worker,Colony-D,24.1,56,0.333,31.5,17.8,6.83,10.4,0.144,23,8,18.43,1,0
NMR-501087,Worker,Colony-D,28.6,42,0.191,32.5,16.9,5.6,8.74,0.279,20,10,25.15,1,1
NMR-508801,Worker,Colony-A,24.0,101,0.275,30.7,30.8,6.13,11.93,0.272,36,9,20.13,1,0
NMR-503116,Soldier,Colony-A,31.2,43,0.28,32.3,8.8,5.6,7.54,0.474,21,16,16.35,0,1
NMR-508446,Soldier,Colony-D,42.5,50,0.244,32.1,17.5,8.12,14.22,0.263,23,6,14.35,0,1
NMR-505717,Worker,Colony-D,39.6,73,0.192,31.2,24.5,6.21,7.47,0.438,24,12,20.26,0,0
NMR-505525,Worker,Colony-D,21.0,31,0.353,31.9,13.1,5.04,9.11,0.315,23,18,22.58,0,1
NMR-507128,Worker,Colony-D,34.8,51,0.13,31.9,21.0,6.83,10.4,0.171,19,8,19.09,1,0
NMR-502346,Worker,Colony-E,21.3,97,0.307,33.3,22.7,7.53,15.01,0.258,24,8,17.56,0,1
NMR-509092,Worker,Colony-C,32.7,17,0.272,32.6,10.2,7.11,23.23,0.196,20,16,16.33,0,0
NMR-500907,Soldier,Colony-B,37.3,27,0.269,32.1,18.7,5.66,6.67,0.561,38,6,22.19,1,1
NMR-505594,Worker,Colony-B,38.1,71,0.227,34.0,11.8,6.51,11.58,0.203,13,15,20.66,1,0
NMR-504771,Worker,Colony-D,36.5,49,0.262,32.5,21.6,7.79,16.1,0.581,25,8,14.57,1,0
NMR-501451,Soldier,Colony-A,28.4,47,0.309,33.2,18.5,8.46,7.87,0.419,21,13,20.52,0,0
NMR-507858,Worker,Colony-A,30.1,66,0.264,33.8,15.8,6.49,16.23,0.176,24,9,19.62,0,0
NMR-502450,Worker,Colony-A,21.8,65,0.177,30.9,11.3,6.41,12.89,0.397,25,16,21.54,0,0
NMR-500901,Worker,Colony-A,22.0,63,0.228,32.6,9.9,6.19,11.58,0.271,28,14,21.74,1,1
NMR-503170,Worker,Colony-B,32.1,95,0.269,31.7,16.0,5.51,29.29,0.071,24,11,21.63,0,0
NMR-500295,Worker,Colony-C,27.2,57,0.262,32.8,13.0,7.89,27.29,0.107,19,12,21.86,0,0
NMR-509706,Worker,Colony-D,32.3,47,0.149,31.1,14.5,6.9,8.2,0.184,22,8,20.61,1,0
NMR-507418,Worker,Colony-E,21.6,16,0.257,32.8,33.1,5.55,12.62,0.305,28,9,22.31,1,1
NMR-505765,Soldier,Colony-D,37.8,39,0.214,31.8,14.9,5.75,7.36,0.364,24,12,14.66,1,1
NMR-508082,Soldier,Colony-E,32.4,32,0.206,31.1,18.4,7.16,12.27,0.213,26,14,21.68,1,0
NMR-500108,Worker,Colony-C,27.2,63,0.357,30.1,12.6,8.71,23.19,0.275,24,12,21.83,1,0
NMR-507276,Worker,Colony-A,26.1,19,0.303,30.9,27.8,7.96,13.08,0.164,28,13,17.58,0,0
NMR-500817,Soldier,Colony-D,29.4,47,0.251,31.7,11.4,6.94,13.18,0.641,40,6,23.6,1,1
NMR-507772,Breeder,Colony-E,39.8,48,0.275,32.7,18.5,4.27,14.02,0.158,26,12,14.32,0,1
NMR-502318,Worker,Colony-B,21.0,50,0.267,31.7,22.9,7.52,14.1,0.249,26,13,23.14,1,1
NMR-501735,Worker,Colony-D,37.4,49,0.203,31.5,27.8,7.49,14.64,0.354,26,17,20.84,1,0
NMR-500995,Worker,Colony-C,33.9,52,0.25,31.7,10.1,7.59,12.78,0.201,27,13,23.25,1,0
NMR-505162,Worker,Colony-A,32.3,47,0.349,31.6,27.6,7.04,7.07,0.262,22,9,22.72,1,1
NMR-509992,Worker,Colony-E,28.6,41,0.16,33.5,13.7,5.47,9.79,0.052,19,10,23.67,1,0
NMR-509169,Worker,Colony-E,21.4,31,0.362,32.1,24.9,6.16,18.25,0.393,30,7,20.15,1,1
NMR-505283,Worker,Colony-B,30.4,78,0.387,30.5,8.2,7.65,12.72,0.241,17,13,19.12,0,0
NMR-505930,Worker,Colony-B,33.2,41,0.217,31.1,10.7,7.12,15.45,0.427,29,5,21.63,0,0
NMR-507243,Soldier,Colony-A,35.8,49,0.26,34.5,13.9,7.08,11.94,0.258,30,9,17.89,0,0
NMR-503142,Worker,Colony-E,29.6,100,0.167,32.3,23.6,6.03,20.72,0.276,26,13,28.43,1,0
NMR-502663,Worker,Colony-A,25.2,45,0.21,31.8,19.3,5.19,17.83,0.418,24,10,19.09,1,1
NMR-505627,Soldier,Colony-C,37.4,91,0.463,32.2,19.5,6.27,8.8,0.232,24,9,19.8,0,1
NMR-507171,Worker,Colony-A,38.9,50,0.263,31.1,27.8,7.78,22.27,0.205,20,11,21.49,1,1
NMR-508032,Worker,Colony-D,30.6,52,0.329,33.4,9.2,7.47,11.86,0.261,22,11,20.83,0,0
NMR-509726,Worker,Colony-D,31.5,124,0.136,33.2,22.6,7.23,13.03,0.204,21,13,24.28,1,0
NMR-501354,Worker,Colony-D,26.7,42,0.357,31.7,15.6,7.1,7.84,0.241,23,11,15.43,0,0
NMR-500173,Soldier,Colony-B,28.4,28,0.273,31.6,8.2,6.72,11.14,0.251,18,12,19.28,0,1
NMR-507167,Breeder,Colony-E,32.8,131,0.248,31.4,21.7,7.56,24.05,0.349,28,13,19.37,1,1
NMR-508820,Worker,Colony-E,39.5,70,0.259,32.2,12.1,6.82,12.27,0.295,26,8,20.84,0,1
NMR-507682,Worker,Colony-B,29.6,239,0.196,34.2,15.8,7.84,11.39,0.346,17,16,22.64,1,0
NMR-500630,Worker,Colony-C,25.8,35,0.226,32.2,13.1,4.81,35.64,0.173,19,16,18.71,0,1
NMR-506096,Queen,Colony-E,40.4,93,0.134,33.7,26.4,6.78,-1.15,0.142,22,19,16.82,1,0
NMR-502181,Soldier,Colony-B,27.7,87,0.154,33.3,15.0,7.1,13.56,0.333,30,11,18.5,0,0
NMR-509396,Worker,Colony-C,32.8,20,0.291,32.2,11.8,6.72,29.42,0.21,20,18,18.32,0,1
NMR-502226,Soldier,Colony-B,34.4,65,0.284,32.2,50.2,8.68,12.88,0.342,25,10,17.57,1,1
NMR-502818,Soldier,Colony-D,43.0,85,0.16,33.5,9.8,7.24,10.71,0.199,26,6,19.5,1,0
NMR-508379,Worker,Colony-A,34.8,63,0.58,32.4,34.8,6.36,16.95,0.213,19,12,28.65,0,1
NMR-507295,Breeder,Colony-E,51.1,9,0.24,30.6,40.4,5.26,0.28,0.281,16,11,24.04,1,1
NMR-509543,Worker,Colony-D,27.4,51,0.232,32.7,21.7,4.99,30.48,0.197,28,10,25.02,1,0
NMR-501445,Soldier,Colony-E,34.3,28,0.203,31.2,15.8,5.04,11.65,0.187,20,13,16.6,1,1
NMR-501719,Soldier,Colony-D,20.9,43,0.208,32.4,8.0,5.25,4.41,0.191,25,11,14.76,0,1
NMR-503868,Worker,Colony-B,37.6,23,0.253,32.2,12.9,7.51,11.45,0.557,23,17,17.19,1,0
NMR-505230,Breeder,Colony-D,44.8,108,0.203,31.1,22.9,7.16,2.09,0.219,17,7,19.79,1,1
NMR-509226,Soldier,Colony-E,29.6,44,0.339,33.6,27.1,6.89,13.73,0.081,22,11,17.93,0,0
NMR-509103,Worker,Colony-B,26.8,35,0.152,32.8,21.1,8.79,10.09,0.565,32,11,16.95,1,0
NMR-508670,Soldier,Colony-E,36.6,119,0.165,33.1,18.0,6.72,6.91,0.119,22,11,20.06,0,0
NMR-502270,Worker,Colony-D,28.9,95,0.36,32.0,15.5,6.22,13.71,0.402,18,13,16.72,0,1
NMR-507606,Worker,Colony-D,39.0,75,0.184,30.2,35.5,8.75,11.7,0.172,28,8,18.3,1,0
NMR-504266,Worker,Colony-B,25.9,61,0.194,31.5,14.8,7.59,10.04,0.361,30,11,19.65,0,1
NMR-503865,Soldier,Colony-E,42.6,29,0.351,32.4,35.1,5.53,7.54,0.363,23,17,16.56,1,1
NMR-505197,Soldier,Colony-B,34.4,43,0.203,31.9,16.0,9.34,13.99,0.167,25,12,22.14,1,0
NMR-502891,Breeder,Colony-E,42.3,25,0.201,32.1,7.8,7.81,13.77,0.389,26,10,18.83,1,0
NMR-500694,Worker,Colony-A,26.4,74,0.353,30.5,42.7,8.0,9.3,0.244,19,12,21.7,0,0
NMR-503563,Worker,Colony-E,34.6,33,0.313,32.1,18.2,5.24,11.32,0.394,18,7,20.19,0,1
NMR-503915,Worker,Colony-C,27.4,38,0.245,32.2,20.6,6.34,10.57,0.174,28,10,19.17,1,1
NMR-504645,Worker,Colony-E,30.5,40,0.41,33.6,18.4,6.44,10.91,0.197,18,18,18.88,0,0
NMR-507310,Worker,Colony-A,32.9,60,0.349,31.8,14.1,5.8,13.72,0.225,17,13,26.85,1,1
NMR-504108,Worker,Colony-D,31.1,41,0.282,32.1,22.5,6.35,12.58,0.466,23,8,18.33,0,1
NMR-503987,Queen,Colony-D,44.2,42,0.128,33.2,23.1,3.67,5.05,0.249,16,9,9.01,1,0
NMR-501210,Breeder,Colony-E,44.9,86,0.264,32.4,21.0,5.92,1.19,0.444,26,10,15.94,1,0
NMR-507634,Worker,Colony-A,38.4,68,0.312,31.3,25.8,6.08,8.21,0.084,19,12,17.28,1,0
NMR-504898,Soldier,Colony-E,32.6,77,0.179,33.0,10.3,8.82,9.19,0.275,24,8,19.13,0,0
NMR-507571,Soldier,Colony-B,28.2,47,0.133,30.8,60.1,6.1,8.98,0.423,24,11,15.68,1,0
NMR-501935,Soldier,Colony-E,35.2,63,0.364,30.7,8.6,6.01,8.65,0.621,26,13,20.65,1,0
NMR-506255,Worker,Colony-D,26.1,110,0.357,33.3,12.8,6.55,15.0,0.21,24,11,14.26,0,0
NMR-509559,Soldier,Colony-C,36.0,34,0.284,31.6,15.3,4.58,5.49,0.188,21,11,18.87,1,1
NMR-506171,Soldier,Colony-C,34.1,47,0.169,31.6,21.8,6.87,4.68,0.319,24,6,21.85,0,1
NMR-504166,Queen,Colony-A,43.2,38,0.442,31.2,6.7,6.08,0.34,0.095,17,11,18.73,0,0
NMR-505284,Worker,Colony-D,31.6,36,0.224,32.8,8.2,6.68,7.07,0.391,18,7,14.92,1,1
NMR-502061,Worker,Colony-A,42.5,115,0.281,31.4,10.8,8.5,10.09,0.257,40,20,18.55,0,1
NMR-506080,Worker,Colony-B,37.3,48,0.278,30.6,14.2,5.54,11.53,0.275,30,9,18.45,0,0
NMR-503572,Worker,Colony-E,28.6,88,0.186,30.8,17.0,7.59,6.53,0.32,34,10,19.72,0,1
NMR-503897,Soldier,Colony-C,31.4,33,0.261,32.7,15.2,8.46,23.09,0.612,28,13,19.38,1,0
NMR-508987,Queen,Colony-A,44.4,69,0.269,33.3,19.7,6.52,11.51,0.161,26,10,13.78,0,0
NMR-504534,Breeder,Colony-D,33.4,20,0.397,31.9,16.9,8.62,24.5,0.314,8,16,20.46,0,0
NMR-500580,Worker,Colony-A,39.4,38,0.247,32.5,11.9,7.02,7.54,0.271,19,12,18.76,0,0
NMR-501031,Worker,Colony-B,32.3,50,0.244,32.8,9.5,6.43,9.35,0.207,15,7,17.58,0,1
NMR-504451,Worker,Colony-B,34.6,29,0.208,33.6,17.7,6.9,20.49,0.211,31,12,14.94,0,0
NMR-507233,Soldier,Colony-C,20.2,17,0.204,31.2,28.8,5.88,9.01,0.462,19,7,15.79,0,1
NMR-508532,Queen,Colony-D,42.6,39,0.152,33.1,14.1,7.46,3.69,0.253,20,11,23.25,1,0
NMR-509286,Worker,Colony-C,37.0,74,0.2,32.2,38.8,6.92,15.11,0.293,20,7,23.47,1,1
NMR-509422,Worker,Colony-A,33.3,34,0.315,33.0,11.2,6.93,11.63,0.507,25,13,22.25,1,1
NMR-505263,Breeder,Colony-C,44.3,34,0.241,32.4,32.9,6.68,2.71,0.265,25,7,18.72,1,1
NMR-505090,Worker,Colony-C,24.6,35,0.315,31.9,13.9,8.07,13.45,0.338,22,3,18.92,0,0
NMR-502206,Worker,Colony-B,33.3,26,0.305,32.4,38.5,7.0,11.59,0.434,36,12,18.08,0,1
NMR-509104,Breeder,Colony-D,37.8,59,0.223,34.1,11.2,7.48,17.09,0.259,22,16,22.31,1,0
NMR-505662,Soldier,Colony-B,36.3,65,0.263,34.2,26.3,6.49,12.96,0.302,23,12,16.13,0,0
NMR-505334,Worker,Colony-B,21.6,38,0.187,31.2,19.9,7.07,9.69,0.609,24,10,18.93,1,0
NMR-505348,Soldier,Colony-E,42.2,30,0.214,30.7,33.6,6.46,6.22,0.311,24,16,18.42,0,0
NMR-506972,Soldier,Colony-E,41.5,66,0.4,32.2,17.3,6.74,6.36,0.428,26,14,24.19,0,1
NMR-506030,Worker,Colony-A,29.1,61,0.246,30.3,12.7,7.27,13.16,0.226,21,9,15.61,0,0
NMR-507717,Worker,Colony-C,30.3,47,0.23,31.1,18.4,7.84,9.57,0.218,26,7,14.78,0,0
NMR-503462,Worker,Colony-B,26.5,42,0.244,32.7,55.1,8.1,15.8,0.488,16,10,23.21,1,0
NMR-507665,Worker,Colony-D,26.0,28,0.333,32.3,16.0,6.95,16.75,0.157,19,7,18.2,0,1
NMR-504415,Worker,Colony-E,29.7,29,0.406,33.1,25.2,4.33,10.74,0.419,21,14,18.42,0,1
NMR-508681,Soldier,Colony-C,36.7,42,0.262,32.0,23.0,7.6,3.46,0.387,30,15,22.96,0,0
NMR-505397,Worker,Colony-B,40.6,21,0.24,32.4,34.7,7.31,9.79,0.321,40,12,16.12,1,1
NMR-504218,Worker,Colony-B,31.7,57,0.232,31.5,55.8,8.34,30.23,0.381,23,14,15.69,1,1
NMR-500452,Worker,Colony-D,30.1,122,0.211,32.2,10.6,4.41,12.0,0.166,21,7,21.65,1,0
NMR-501232,Worker,Colony-A,39.7,93,0.074,31.4,23.3,7.34,16.33,0.448,25,14,24.04,1,1
NMR-508239,Breeder,Colony-D,40.9,66,0.336,30.7,7.9,6.31,5.24,0.295,26,10,21.39,0,0
NMR-508714,Worker,Colony-A,23.2,25,0.224,33.2,17.4,5.78,14.84,0.216,22,11,14.39,0,1
NMR-507060,Soldier,Colony-E,27.8,29,0.241,32.6,13.0,6.83,3.67,0.378,28,10,19.15,1,1
NMR-508905,Soldier,Colony-C,42.4,42,0.442,33.6,16.1,6.88,13.44,0.457,24,6,23.49,1,1
NMR-509032,Worker,Colony-D,24.8,57,0.23,31.8,32.5,4.5,12.57,0.246,26,12,19.17,1,1
NMR-508055,Worker,Colony-B,18.4,44,0.242,33.6,21.4,5.66,14.95,0.354,24,10,19.91,1,1
NMR-504639,Worker,Colony-A,36.3,45,0.172,32.2,33.0,6.56,9.88,0.426,23,17,18.98,1,1
NMR-501775,Soldier,Colony-E,45.5,61,0.203,33.1,31.3,3.76,3.32,0.136,31,7,18.86,1,0
NMR-502244,Worker,Colony-A,25.2,61,0.292,33.9,19.0,6.9,11.58,0.235,16,10,20.21,0,0
NMR-508221,Worker,Colony-B,25.8,38,0.174,33.2,26.5,6.01,15.23,0.088,26,13,22.96,1,0
NMR-501839,Queen,Colony-A,37.5,58,0.166,32.3,18.6,8.93,-0.77,0.368,19,15,25.12,1,1
NMR-506435,Worker,Colony-C,29.3,45,0.315,33.2,40.0,5.66,10.17,0.411,20,12,14.47,0,0
NMR-508104,Breeder,Colony-A,39.4,37,0.292,33.4,12.2,6.85,4.31,0.347,17,11,20.42,0,0
NMR-503765,Worker,Colony-A,46.4,21,0.257,31.2,7.2,5.68,20.92,0.244,22,13,21.62,0,1
NMR-500829,Worker,Colony-D,29.9,70,0.22,32.9,21.6,4.69,10.71,0.557,15,8,18.74,1,0
NMR-506479,Soldier,Colony-C,25.5,25,0.268,32.3,15.4,6.97,9.15,0.15,20,12,19.38,0,1
NMR-505580,Queen,Colony-D,49.5,18,0.199,33.7,17.9,6.95,7.05,0.47,31,22,20.27,1,0
NMR-501919,Queen,Colony-C,47.5,47,0.204,32.0,34.2,7.72,0.12,0.347,21,5,22.09,1,1
NMR-500468,Worker,Colony-D,32.0,56,0.215,31.9,22.4,9.05,12.48,0.213,21,17,16.95,0,0
NMR-508207,Worker,Colony-D,30.2,93,0.299,31.7,15.0,5.72,15.56,0.221,23,8,13.81,0,0
NMR-507119,Soldier,Colony-A,31.5,116,0.21,31.4,32.0,6.27,17.4,0.11,27,7,17.41,1,1
NMR-503993,Worker,Colony-D,21.1,76,0.198,31.8,47.6,6.11,26.78,0.406,24,14,19.85,1,0
NMR-504927,Soldier,Colony-C,44.8,44,0.162,33.5,20.6,6.92,4.44,0.098,29,13,15.4,1,0
NMR-504406,Worker,Colony-C,26.5,78,0.229,32.3,26.0,8.77,8.82,0.315,28,17,14.95,0,1
NMR-502084,Soldier,Colony-B,32.2,77,0.218,32.2,10.8,6.26,4.75,0.237,21,12,20.55,0,1
NMR-508673,Breeder,Colony-A,53.8,34,0.215,31.8,26.8,4.77,3.56,0.416,26,9,21.34,1,1
NMR-501936,Worker,Colony-D,28.5,53,0.188,32.0,10.5,5.32,16.04,0.103,28,7,21.93,0,1
NMR-509583,Worker,Colony-B,28.9,50,0.175,33.2,19.6,8.35,8.88,0.365,25,18,22.54,0,0
NMR-506938,Worker,Colony-E,25.7,75,0.128,31.4,10.4,6.85,13.37,0.159,24,9,19.31,1,0
NMR-500340,Worker,Colony-C,28.0,36,0.253,33.0,24.6,7.12,10.87,0.238,23,10,18.62,0,0
NMR-503094,Worker,Colony-C,26.9,25,0.164,32.3,16.4,7.9,15.53,0.234,22,12,22.16,0,0
NMR-501830,Worker,Colony-B,30.7,41,0.252,32.0,16.8,9.16,8.92,0.213,30,13,18.81,1,0
NMR-505499,Queen,Colony-A,45.4,74,0.285,33.6,27.5,5.02,10.35,0.414,24,9,21.13,1,0
NMR-504619,Breeder,Colony-D,41.4,24,0.184,31.3,21.8,8.53,4.31,0.558,22,10,17.02,0,0
NMR-508600,Worker,Colony-D,31.4,44,0.289,31.6,32.5,7.7,8.55,0.179,24,13,16.29,0,1
NMR-501066,Worker,Colony-E,25.1,44,0.183,31.9,16.5,5.96,10.17,0.305,24,11,21.92,1,1
NMR-506323,Soldier,Colony-D,40.5,86,0.134,31.8,22.7,6.99,12.65,0.655,25,12,22.99,1,1
NMR-502772,Worker,Colony-D,32.6,33,0.226,32.8,29.6,6.08,12.7,0.327,27,6,19.19,1,1
NMR-501367,Worker,Colony-D,31.1,48,0.31,33.4,23.6,6.35,11.89,0.179,25,15,19.96,0,0
NMR-506184,Worker,Colony-B,31.4,15,0.209,31.6,11.3,7.18,7.4,0.247,20,11,22.19,0,1
NMR-506179,Worker,Colony-A,35.7,58,0.296,34.4,47.6,8.0,11.35,0.392,17,16,15.47,1,0
NMR-509566,Soldier,Colony-D,30.8,62,0.279,31.8,15.5,7.74,19.31,0.202,30,6,20.85,0,1
NMR-504924,Worker,Colony-D,28.6,53,0.247,31.5,12.4,5.96,16.65,0.378,24,15,18.14,0,0
NMR-507158,Soldier,Colony-C,35.3,45,0.269,32.7,13.8,7.97,6.41,0.522,26,9,24.23,1,0
NMR-505894,Breeder,Colony-A,40.7,58,0.18,32.5,23.4,7.21,6.72,0.239,16,14,15.1,1,1
NMR-507378,Worker,Colony-E,36.1,71,0.284,32.6,9.6,7.14,5.89,0.076,21,13,21.14,0,1
NMR-503553,Soldier,Colony-A,34.7,99,0.328,31.9,20.4,4.77,5.26,0.261,30,10,17.93,0,0
NMR-500429,Worker,Colony-E,25.2,47,0.21,34.2,23.4,5.15,9.77,0.107,19,8,22.32,1,0
NMR-507784,Worker,Colony-B,15.8,53,0.221,31.3,29.5,7.99,31.03,0.265,25,9,17.32,1,1
NMR-504253,Worker,Colony-C,43.2,90,0.316,30.8,18.4,7.64,13.96,0.342,19,7,21.11,1,1
NMR-508166,Soldier,Colony-B,38.3,33,0.535,32.0,15.3,6.6,9.79,0.196,18,11,24.21,0,1
NMR-502770,Worker,Colony-A,26.7,111,0.203,31.6,23.5,8.46,12.3,0.093,16,10,16.88,0,1
NMR-503921,Breeder,Colony-D,38.7,40,0.231,32.5,15.8,7.97,8.84,0.299,27,12,24.25,0,0
NMR-508013,Soldier,Colony-E,37.2,89,0.305,30.3,25.1,7.2,7.15,0.313,20,7,10.26,0,0
NMR-500156,Worker,Colony-A,37.3,41,0.251,30.3,12.4,7.73,29.19,0.147,16,11,17.72,0,0
NMR-509694,Queen,Colony-C,40.7,30,0.386,34.0,24.8,8.45,-0.89,0.079,21,8,20.82,0,0
NMR-502370,Worker,Colony-C,39.8,111,0.356,31.5,23.2,7.28,13.87,0.106,25,21,21.31,1,1
NMR-502880,Worker,Colony-E,28.0,27,0.277,32.7,12.1,6.11,12.29,0.191,22,10,17.95,0,1
NMR-503739,Soldier,Colony-C,30.9,44,0.368,31.8,16.3,8.48,16.83,0.358,30,10,23.06,0,0
NMR-503737,Soldier,Colony-B,34.2,100,0.318,31.8,12.8,9.14,3.14,0.363,20,12,22.34,0,1
NMR-500536,Soldier,Colony-C,47.2,47,0.302,31.3,16.4,6.14,21.56,0.239,21,10,23.65,1,1
NMR-505853,Soldier,Colony-A,29.0,103,0.359,32.0,28.8,8.6,7.7,0.316,24,15,11.01,0,1
NMR-506003,Soldier,Colony-C,46.6,114,0.211,32.6,15.8,7.48,16.21,0.113,25,11,18.39,1,1
NMR-505413,Worker,Colony-B,34.9,78,0.187,32.5,22.8,7.42,8.63,0.394,21,9,15.61,0,1
NMR-501426,Worker,Colony-D,22.4,66,0.232,31.0,12.1,7.15,18.59,0.125,18,6,23.41,1,0
NMR-507679,Worker,Colony-E,28.1,127,0.351,32.2,18.5,6.41,7.24,0.303,26,9,20.04,1,0
NMR-504208,Breeder,Colony-C,33.4,82,0.212,31.8,19.4,8.39,10.56,0.338,23,6,12.89,1,1
NMR-501946,Queen,Colony-E,47.1,32,0.241,32.2,21.3,7.71,5.89,0.205,28,7,22.11,1,0
NMR-508068,Soldier,Colony-E,52.5,48,0.255,31.6,11.7,6.12,5.95,0.438,25,8,18.59,1,1
NMR-501509,Worker,Colony-D,26.7,68,0.264,32.3,14.4,7.3,11.29,0.07,23,17,21.41,1,1
NMR-509406,Breeder,Colony-E,43.3,31,0.146,31.8,22.1,7.09,2.1,0.274,24,10,17.8,1,1
NMR-509183,Worker,Colony-B,35.0,87,0.276,31.1,12.0,7.38,14.51,0.097,26,12,17.13,0,0
NMR-503435,Worker,Colony-E,36.3,65,0.228,30.9,14.5,7.32,7.71,0.324,31,14,17.54,0,0
NMR-501911,Breeder,Colony-C,32.4,30,0.154,31.7,26.4,7.02,1.38,0.171,21,17,15.07,0,0
NMR-502618,Worker,Colony-B,29.6,48,0.222,33.5,28.6,6.85,8.0,0.175,25,16,20.34,1,0
NMR-503029,Worker,Colony-B,36.2,222,0.298,32.9,26.1,7.01,20.99,0.311,23,18,21.92,1,0
NMR-507195,Soldier,Colony-A,37.0,25,0.257,32.3,22.8,6.14,8.12,0.245,32,12,21.52,1,1
NMR-506033,Worker,Colony-B,18.9,105,0.262,32.8,26.0,8.1,10.38,0.2,23,17,23.42,1,1
NMR-503816,Worker,Colony-B,17.1,123,0.302,33.1,13.1,6.75,11.06,0.261,27,7,17.69,0,0
NMR-508748,Breeder,Colony-A,43.0,49,0.291,31.9,13.4,7.04,4.13,0.397,18,16,24.91,0,1
NMR-500996,Worker,Colony-C,29.6,41,0.24,31.3,38.3,5.04,10.54,0.346,18,14,20.45,1,1
NMR-503196,Soldier,Colony-D,41.7,23,0.28,32.5,29.2,6.39,6.22,0.333,17,13,19.62,1,1
NMR-507961,Worker,Colony-E,22.2,106,0.313,32.4,33.0,7.59,14.77,0.103,30,6,18.63,1,1
NMR-508283,Breeder,Colony-E,41.5,36,0.208,34.8,23.9,6.4,2.24,0.343,21,10,19.12,1,0
NMR-505745,Worker,Colony-E,35.0,76,0.244,33.1,10.8,8.23,19.11,0.262,26,16,19.77,0,1
NMR-502503,Worker,Colony-E,38.2,39,0.196,31.0,9.1,6.37,31.79,0.349,23,10,15.44,0,1
NMR-500353,Worker,Colony-B,34.1,86,0.311,31.9,22.1,5.46,14.29,0.29,16,16,17.85,0,0
NMR-505824,Worker,Colony-A,35.9,58,0.287,32.2,21.9,6.92,14.75,0.226,20,14,18.94,1,0
NMR-509300,Worker,Colony-A,33.5,78,0.215,32.9,13.9,6.99,10.3,0.381,24,10,17.76,1,0
NMR-500627,Soldier,Colony-B,27.1,102,0.292,32.9,16.6,6.07,13.98,0.174,20,10,22.19,1,0
NMR-504265,Worker,Colony-A,22.5,22,0.316,34.4,33.0,8.22,22.74,0.527,17,7,27.37,0,0
NMR-508881,Breeder,Colony-C,28.0,82,0.203,32.6,18.3,7.28,7.32,0.218,24,15,21.05,1,1
NMR-502889,Soldier,Colony-A,23.7,109,0.278,31.9,7.1,8.42,10.42,0.177,14,9,15.62,0,1
NMR-506005,Worker,Colony-C,37.3,53,0.209,30.7,20.0,8.47,26.69,0.195,24,16,18.22,0,0
NMR-508828,Worker,Colony-C,30.2,50,0.281,31.7,30.3,8.34,17.89,0.115,27,11,22.83,1,1
NMR-504583,Soldier,Colony-C,41.9,132,0.194,31.7,16.2,7.41,8.92,0.217,21,10,20.49,0,1
NMR-508158,Worker,Colony-A,35.3,58,0.206,32.0,21.0,4.89,22.19,0.309,22,13,21.52,1,1
NMR-500534,Worker,Colony-A,39.8,60,0.311,32.0,20.0,6.67,16.66,0.228,27,7,20.47,0,1
NMR-508595,Worker,Colony-E,22.3,47,0.396,32.4,23.5,5.56,9.33,0.106,30,6,22.33,0,1
NMR-508195,Worker,Colony-E,24.3,108,0.206,31.9,15.6,6.51,8.3,0.504,19,7,19.54,0,0
NMR-506609,Worker,Colony-C,36.1,33,0.134,33.0,9.1,5.16,9.66,0.174,22,18,16.67,0,1
NMR-500040,Worker,Colony-D,29.7,95,0.216,32.7,13.3,7.02,7.99,0.556,25,8,21.82,1,1
NMR-500260,Worker,Colony-B,39.3,16,0.21,32.6,19.3,7.2,11.9,0.414,23,8,19.08,1,1
NMR-507156,Soldier,Colony-C,36.7,46,0.267,30.9,27.5,5.59,6.38,0.244,17,9,19.17,1,0
NMR-504772,Soldier,Colony-D,41.5,53,0.203,29.3,24.5,7.09,7.98,0.369,16,10,19.11,0,0
NMR-509552,Worker,Colony-E,31.1,42,0.195,32.4,50.4,5.76,10.7,0.336,26,9,17.28,1,1
NMR-500005,Worker,Colony-B,26.4,92,0.294,31.0,7.1,6.43,8.77,0.339,23,9,15.37,0,0
NMR-503594,Soldier,Colony-B,37.9,62,0.216,31.5,7.6,9.68,6.39,0.11,25,9,24.36,0,1
NMR-508985,Worker,Colony-C,24.0,49,0.165,32.9,17.0,7.22,11.74,0.282,28,10,23.31,0,0
NMR-503676,Soldier,Colony-B,33.4,49,0.179,31.3,14.2,9.16,2.39,0.174,27,8,23.69,0,0
NMR-506185,Worker,Colony-B,38.9,84,0.248,32.6,17.0,6.89,18.88,0.406,24,11,15.62,0,1
NMR-509946,Soldier,Colony-B,40.4,59,0.251,31.3,20.6,8.06,3.07,0.176,26,15,16.16,0,0
NMR-504252,Worker,Colony-C,26.5,50,0.24,32.1,14.6,7.41,6.64,0.251,30,10,19.99,1,1
NMR-503187,Worker,Colony-A,42.6,102,0.279,33.2,32.4,7.98,10.18,0.532,23,9,21.73,1,1
NMR-507829,Queen,Colony-D,40.6,180,0.216,32.7,8.1,7.19,-2.22,0.192,27,14,22.77,0,1
NMR-503510,Soldier,Colony-A,36.3,28,0.243,31.0,17.5,8.59,9.36,0.506,26,16,19.25,0,0
NMR-502515,Worker,Colony-D,25.2,25,0.247,31.4,19.6,7.55,12.84,0.197,25,14,20.66,1,0
NMR-505362,Soldier,Colony-E,35.3,30,0.194,32.3,9.0,6.34,4.36,0.322,34,17,20.07,1,1
NMR-502239,Breeder,Colony-A,42.6,76,0.148,32.2,23.6,6.35,18.31,0.316,21,15,22.29,0,0
NMR-509405,Breeder,Colony-B,40.5,40,0.229,32.0,37.0,6.48,0.9,0.432,21,3,20.18,1,1
NMR-509844,Soldier,Colony-D,33.0,13,0.264,33.2,27.4,5.94,8.37,0.195,24,5,22.46,1,1
NMR-507136,Worker,Colony-B,30.2,64,0.2,30.5,28.1,6.78,14.14,0.36,20,11,23.47,1,0
NMR-508047,Breeder,Colony-E,36.7,156,0.382,33.0,3.6,7.59,3.89,0.119,27,14,17.56,0,1
NMR-508185,Soldier,Colony-C,26.0,21,0.236,31.1,15.1,5.69,27.34,0.261,20,9,19.68,0,0
NMR-505990,Breeder,Colony-E,43.1,80,0.167,33.9,28.9,5.94,4.2,0.363,26,7,17.71,1,0
NMR-504146,Breeder,Colony-E,30.8,38,0.329,32.0,16.6,9.36,12.13,0.317,23,11,20.13,0,0
NMR-501194,Soldier,Colony-C,37.9,56,0.194,32.9,22.4,6.29,13.51,0.217,20,17,20.78,1,1
NMR-505735,Worker,Colony-B,28.6,96,0.246,31.3,9.8,7.5,12.33,0.173,22,12,23.01,0,1
NMR-508137,Soldier,Colony-D,37.8,26,0.164,32.2,24.3,7.23,11.3,0.278,23,7,12.51,0,0
NMR-506622,Worker,Colony-B,27.4,38,0.264,32.7,20.6,9.35,15.93,0.232,22,10,21.86,0,0
NMR-501166,Worker,Colony-A,19.6,51,0.261,31.1,22.3,8.4,11.5,0.237,21,9,19.65,1,0
NMR-501093,Worker,Colony-D,26.7,31,0.163,33.2,22.8,6.59,17.86,0.25,34,8,17.95,0,0
NMR-505198,Queen,Colony-A,51.1,55,0.162,32.7,29.3,7.75,3.75,0.194,19,8,15.44,1,1
NMR-506495,Worker,Colony-D,21.1,53,0.255,32.5,12.6,6.35,7.72,0.154,28,15,19.68,1,1
NMR-508847,Soldier,Colony-A,24.8,42,0.264,31.9,17.3,5.19,21.48,0.37,21,7,21.16,0,1
NMR-501571,Worker,Colony-D,28.6,58,0.131,32.1,7.2,7.75,24.54,0.312,34,11,19.86,1,1
NMR-509343,Worker,Colony-E,35.1,169,0.313,32.4,15.4,5.86,8.29,0.232,29,8,21.37,0,0
NMR-501534,Soldier,Colony-B,40.9,66,0.277,31.2,14.8,6.85,11.31,0.444,24,13,20.75,1,0
NMR-505761,Worker,Colony-C,31.3,31,0.31,32.7,9.1,5.75,12.28,0.232,27,13,17.12,0,1
NMR-503626,Worker,Colony-A,19.5,77,0.204,32.3,17.1,6.15,6.33,0.544,34,9,23.57,0,1
NMR-508892,Worker,Colony-E,27.1,142,0.332,31.4,25.1,6.31,15.68,0.383,30,9,18.58,0,0
NMR-505312,Worker,Colony-B,25.0,54,0.379,31.7,14.0,3.56,8.89,0.348,26,7,14.6,0,1
NMR-504651,Breeder,Colony-A,41.7,77,0.32,33.3,10.0,7.1,13.73,0.072,23,12,15.32,0,0
NMR-507940,Worker,Colony-C,28.6,119,0.236,33.1,16.0,5.63,8.75,0.189,27,6,19.05,0,0
NMR-503390,Soldier,Colony-D,32.3,125,0.171,30.4,15.7,6.16,16.04,0.414,16,8,20.31,1,0
NMR-506581,Worker,Colony-E,24.5,29,0.196,33.8,31.5,5.74,15.37,0.366,19,12,16.44,1,1
NMR-503951,Worker,Colony-E,20.8,31,0.154,32.1,9.4,6.85,20.58,0.321,36,13,18.6,0,1
NMR-503822,Queen,Colony-B,46.9,38,0.194,31.7,13.1,7.33,-1.77,0.308,31,14,16.55,0,1
NMR-506148,Soldier,Colony-B,25.8,36,0.432,32.5,25.1,7.98,11.12,0.491,26,8,12.75,0,0
NMR-501397,Soldier,Colony-B,35.1,129,0.274,31.0,37.0,5.44,8.75,0.375,20,10,17.42,1,0
NMR-505741,Breeder,Colony-E,41.7,43,0.161,33.1,20.5,5.14,3.72,0.205,22,16,17.8,1,1
NMR-500655,Worker,Colony-E,24.5,45,0.172,31.8,23.7,8.06,10.28,0.51,28,12,17.48,1,0
NMR-504946,Soldier,Colony-D,37.8,39,0.319,32.5,22.0,8.79,4.74,0.562,31,8,18.27,0,0
NMR-501129,Soldier,Colony-E,39.3,90,0.196,32.2,17.9,6.2,15.41,0.209,16,14,23.26,1,0
NMR-505359,Breeder,Colony-C,40.3,39,0.351,31.7,33.3,7.65,0.85,0.32,23,14,20.4,0,0
NMR-506047,Worker,Colony-D,24.1,40,0.36,32.1,17.1,8.03,28.4,0.153,18,9,22.62,1,0
NMR-506482,Worker,Colony-B,22.2,61,0.218,31.2,14.6,5.33,25.44,0.223,23,8,15.35,0,0
NMR-508117,Worker,Colony-E,29.6,59,0.421,31.9,26.6,3.83,18.74,0.626,26,10,19.31,1,1
NMR-500110,Soldier,Colony-C,34.7,55,0.346,31.2,8.4,6.36,8.19,0.416,19,11,16.68,0,0
NMR-503905,Worker,Colony-D,31.1,29,0.269,32.1,46.6,8.84,13.89,0.503,21,13,20.14,1,0
NMR-500371,Worker,Colony-E,30.0,62,0.272,31.8,12.8,5.89,20.2,0.216,19,16,25.82,0,0
NMR-500624,Worker,Colony-D,43.2,74,0.222,31.9,8.3,5.49,8.57,0.224,24,8,21.1,0,0
NMR-504800,Worker,Colony-E,34.3,14,0.3,32.4,32.5,6.32,10.86,0.604,37,9,18.09,1,1
NMR-501768,Worker,Colony-B,30.6,87,0.155,34.1,7.1,5.82,14.6,0.711,31,12,14.75,0,0
NMR-502028,Soldier,Colony-D,36.3,184,0.21,31.8,17.7,8.48,9.75,0.287,21,8,15.04,1,1
NMR-509173,Breeder,Colony-C,39.2,47,0.322,30.9,9.9,6.96,7.85,0.343,24,11,16.16,0,0
NMR-503152,Breeder,Colony-A,41.3,90,0.501,32.2,14.6,5.12,4.53,0.096,26,6,17.82,0,0
NMR-501578,Worker,Colony-A,35.6,68,0.309,31.7,11.6,7.09,10.83,0.128,15,12,19.63,0,1
NMR-507127,Worker,Colony-A,25.7,224,0.353,32.9,17.4,5.7,14.61,0.184,25,11,27.41,1,0
NMR-509728,Soldier,Colony-A,40.2,71,0.261,29.8,17.1,5.14,8.12,0.085,20,7,18.67,0,0
NMR-501672,Breeder,Colony-B,30.5,12,0.159,32.7,23.3,6.92,2.71,0.318,29,10,22.75,1,1
NMR-503909,Worker,Colony-E,29.6,55,0.159,31.4,10.5,7.77,15.19,0.415,28,11,20.06,1,1
NMR-507186,Breeder,Colony-B,37.8,74,0.335,31.6,9.5,6.01,10.12,0.169,21,15,17.98,0,1
NMR-503614,Breeder,Colony-C,36.1,62,0.231,32.7,13.6,6.97,8.27,0.143,28,14,17.48,0,0
NMR-506579,Worker,Colony-A,38.1,60,0.287,33.1,10.4,7.24,11.82,0.592,25,15,21.12,0,0
NMR-505286,Worker,Colony-D,23.3,50,0.528,31.4,19.7,7.91,12.68,0.381,20,8,19.16,0,0
NMR-504298,Worker,Colony-E,24.9,44,0.202,31.4,10.6,6.62,9.96,0.247,31,18,18.85,0,0
NMR-509411,Soldier,Colony-E,31.2,119,0.345,32.2,25.4,6.01,7.21,0.358,22,14,18.07,0,1
NMR-504148,Worker,Colony-E,36.8,80,0.22,31.5,24.0,7.42,15.24,0.623,20,13,15.76,0,0
NMR-509391,Soldier,Colony-D,39.2,42,0.152,32.5,12.8,7.6,8.69,0.156,24,13,17.48,0,1
NMR-504046,Queen,Colony-E,44.9,59,0.393,32.7,11.1,5.4,3.45,0.4,18,12,17.54,0,1
NMR-504554,Worker,Colony-C,29.3,30,0.22,30.6,21.6,6.09,8.54,0.359,21,14,21.09,0,1
NMR-504145,Soldier,Colony-C,34.8,43,0.277,34.7,23.4,7.47,26.97,0.27,22,10,24.87,1,0
NMR-502093,Worker,Colony-E,28.7,51,0.225,33.9,13.6,7.59,13.05,0.281,25,14,23.41,1,0
NMR-509473,Worker,Colony-E,41.4,85,0.249,32.2,12.2,8.38,16.7,0.343,36,11,13.21,0,1
NMR-501980,Soldier,Colony-C,34.3,69,0.245,31.8,11.7,6.88,12.65,0.406,15,8,18.73,0,1
NMR-502759,Queen,Colony-E,46.7,37,0.211,30.5,19.8,6.46,5.61,0.211,17,10,19.82,0,0
NMR-502144,Breeder,Colony-A,38.8,65,0.223,30.9,37.0,5.7,3.71,0.12,13,14,21.38,1,0
NMR-504712,Worker,Colony-C,24.2,59,0.245,33.7,10.5,7.51,13.14,0.447,19,13,19.52,0,0
NMR-500574,Breeder,Colony-D,30.6,79,0.244,31.5,12.4,7.73,7.07,0.18,22,8,20.92,1,1
NMR-503277,Worker,Colony-E,41.7,51,0.323,33.0,31.3,7.15,12.71,0.445,26,15,20.03,0,1
NMR-506130,Breeder,Colony-E,36.3,27,0.241,33.1,21.2,8.11,2.12,0.647,15,10,23.37,1,0
NMR-506895,Soldier,Colony-A,41.7,106,0.194,32.6,13.7,6.0,14.93,0.323,31,7,16.65,0,1
NMR-505519,Soldier,Colony-E,35.9,51,0.307,33.1,15.6,7.56,15.34,0.152,24,11,21.53,0,0
NMR-508089,Worker,Colony-C,22.9,115,0.254,32.3,16.4,5.64,14.33,0.579,28,13,14.64,0,0
NMR-506802,Worker,Colony-B,26.9,48,0.282,33.0,40.3,6.73,19.03,0.352,26,9,22.49,1,0
NMR-501701,Soldier,Colony-A,36.1,79,0.211,31.9,25.4,6.68,14.49,0.017,39,11,18.66,1,1
NMR-508040,Worker,Colony-C,18.3,69,0.175,31.5,5.8,6.62,8.91,0.179,21,10,19.85,0,1
NMR-500082,Worker,Colony-D,21.9,79,0.285,32.4,10.3,7.46,21.96,0.461,22,9,20.3,0,1
NMR-501082,Worker,Colony-B,32.1,87,0.292,32.2,16.4,5.92,17.47,0.148,19,12,22.49,1,0
NMR-503932,Worker,Colony-A,30.7,34,0.323,32.1,22.2,6.22,18.28,0.512,22,19,19.59,0,1
NMR-506618,Breeder,Colony-A,36.3,94,0.341,32.4,14.8,7.35,4.68,0.292,25,12,21.51,1,1
NMR-504383,Worker,Colony-A,32.1,130,0.209,32.9,20.0,7.1,13.93,0.154,28,10,22.12,1,1
NMR-508480,Soldier,Colony-B,38.1,24,0.21,30.9,25.9,5.53,3.71,0.449,32,14,17.8,1,1
NMR-500471,Worker,Colony-A,39.6,72,0.326,30.4,20.7,7.66,26.97,0.275,29,11,17.99,0,0
NMR-503053,Worker,Colony-C,24.1,30,0.17,32.4,12.7,7.88,25.46,0.327,18,9,21.72,0,0
NMR-501863,Worker,Colony-D,33.9,82,0.192,32.2,17.9,7.3,18.52,0.111,29,5,19.68,1,0
NMR-508184,Worker,Colony-B,25.5,126,0.206,30.9,11.7,7.18,12.98,0.302,29,8,17.61,1,1
NMR-501569,Soldier,Colony-C,32.9,37,0.198,31.4,13.7,6.04,8.23,0.29,18,11,21.53,1,1
NMR-501152,Worker,Colony-B,36.3,30,0.308,31.0,27.5,6.16,13.09,0.225,26,14,16.98,1,1
NMR-504043,Soldier,Colony-A,27.1,56,0.373,31.3,30.7,5.96,16.73,0.186,21,6,21.59,0,0
NMR-509663,Breeder,Colony-E,38.4,87,0.299,31.6,22.5,8.36,3.63,0.354,20,13,20.63,0,1
NMR-507325,Worker,Colony-B,20.2,44,0.309,30.7,17.5,8.23,12.71,0.289,23,14,22.45,1,0
NMR-503087,Worker,Colony-B,25.3,45,0.296,30.8,19.4,7.37,10.89,0.182,18,11,15.3,1,1
NMR-504440,Breeder,Colony-E,40.2,71,0.372,32.2,11.1,6.12,5.71,0.473,24,12,20.7,0,1
NMR-500557,Worker,Colony-D,35.6,73,0.166,32.9,18.9,6.62,7.87,0.288,27,13,15.6,1,0
NMR-505563,Queen,Colony-D,47.3,51,0.14,31.9,7.8,6.46,-2.94,0.517,20,10,23.25,1,1
NMR-507018,Worker,Colony-A,31.5,26,0.308,33.1,10.3,8.35,13.95,0.327,27,10,13.34,0,0
NMR-506404,Queen,Colony-C,46.3,43,0.262,31.5,41.5,5.74,0.33,0.316,26,9,17.79,1,1
NMR-503105,Breeder,Colony-D,39.7,48,0.219,30.9,34.8,6.44,6.16,0.208,22,9,21.48,1,0
NMR-501559,Soldier,Colony-A,32.8,82,0.43,32.6,14.3,8.27,5.65,0.441,35,12,18.22,0,1
NMR-505684,Soldier,Colony-E,36.3,33,0.198,33.0,17.4,5.94,6.53,0.208,25,10,20.09,1,1
NMR-505402,Worker,Colony-C,29.6,40,0.26,32.3,19.5,5.67,11.75,0.12,27,10,22.77,1,1
NMR-503070,Worker,Colony-E,35.8,82,0.507,31.3,21.4,5.37,14.96,0.366,16,10,18.83,0,0
NMR-508984,Soldier,Colony-A,36.3,93,0.319,32.0,14.9,6.58,11.99,0.084,19,15,25.58,0,1
NMR-500384,Worker,Colony-D,31.7,63,0.256,32.8,7.1,5.43,8.9,0.208,21,9,18.03,0,0
NMR-507211,Queen,Colony-E,43.1,54,0.249,34.6,11.5,6.92,6.11,0.475,33,6,15.35,1,0
NMR-509991,Worker,Colony-A,30.1,77,0.695,33.1,13.0,7.69,18.72,0.365,27,11,17.08,0,1
NMR-505914,Worker,Colony-E,31.0,81,0.334,31.1,15.9,7.54,11.8,0.138,28,12,11.13,0,0
NMR-507019,Worker,Colony-C,24.6,36,0.19,32.7,21.5,5.35,13.11,0.377,27,3,15.19,0,1
NMR-505129,Worker,Colony-B,33.2,46,0.214,30.8,25.6,4.97,15.89,0.236,35,10,16.01,0,1
NMR-505993,Worker,Colony-C,26.5,22,0.222,33.2,19.7,6.9,9.41,0.275,29,17,15.15,1,1
NMR-506317,Breeder,Colony-C,28.5,80,0.454,33.2,16.8,7.29,8.1,0.324,20,6,22.19,0,1
NMR-500726,Breeder,Colony-A,33.7,32,0.356,32.5,23.2,7.17,8.19,0.372,21,10,18.44,1,1
NMR-502174,Soldier,Colony-B,31.2,31,0.177,32.2,33.4,5.24,14.75,0.681,21,9,17.74,1,1
NMR-506413,Queen,Colony-B,43.5,129,0.216,31.9,15.6,5.73,8.1,0.234,14,11,17.58,1,0
NMR-502329,Worker,Colony-C,29.0,29,0.335,32.7,21.0,7.77,8.78,0.3,19,9,19.71,0,0
NMR-503875,Soldier,Colony-B,35.4,45,0.285,33.3,34.7,7.58,4.07,0.449,14,8,15.52,1,0
NMR-508172,Queen,Colony-E,44.3,95,0.285,33.3,12.1,4.87,-2.94,0.35,28,19,16.15,0,0
NMR-506084,Worker,Colony-D,38.5,77,0.144,31.4,30.2,7.6,11.51,0.174,31,11,17.53,1,1
NMR-509686,Worker,Colony-E,21.1,50,0.181,31.2,23.5,6.79,34.75,0.219,25,12,21.83,1,0
NMR-508622,Soldier,Colony-E,32.7,97,0.206,31.8,30.4,6.12,5.17,0.243,25,7,17.55,1,0
NMR-506531,Soldier,Colony-C,36.7,68,0.143,33.6,49.2,7.53,10.83,0.343,14,15,23.76,1,0
NMR-506543,Worker,Colony-B,35.8,53,0.296,32.6,11.6,9.18,8.88,0.312,20,16,13.65,0,0
NMR-509751,Worker,Colony-C,37.4,12,0.229,32.3,21.7,6.73,8.49,0.255,22,9,15.1,0,1
NMR-503972,Soldier,Colony-D,38.1,30,0.339,32.3,19.4,7.67,6.54,0.378,26,9,28.53,1,1
NMR-509810,Breeder,Colony-C,33.1,57,0.24,31.9,16.5,8.32,4.64,0.141,26,11,24.0,0,0
NMR-502029,Worker,Colony-C,37.3,61,0.292,32.4,15.0,6.72,8.99,0.147,22,8,21.09,0,1
NMR-507904,Worker,Colony-A,24.5,121,0.353,32.6,46.0,6.68,11.5,0.447,25,12,25.95,1,1
NMR-503986,Soldier,Colony-B,30.8,43,0.239,31.0,10.6,6.85,14.63,0.227,26,12,23.34,1,0
NMR-508057,Breeder,Colony-C,37.8,47,0.419,32.2,17.7,6.76,4.07,0.309,25,7,14.75,0,1
NMR-503700,Soldier,Colony-D,27.0,27,0.255,32.3,15.8,5.75,22.77,0.363,28,6,17.54,1,1
NMR-505243,Queen,Colony-D,48.7,35,0.273,32.9,7.7,7.69,-1.78,0.272,25,10,16.61,0,0
NMR-505564,Breeder,Colony-B,40.7,29,0.277,32.4,24.6,7.6,22.44,0.206,22,11,22.84,1,1
NMR-508561,Worker,Colony-E,34.4,25,0.241,32.9,16.5,8.27,10.83,0.329,18,9,12.86,0,0
NMR-506337,Soldier,Colony-D,33.4,59,0.218,31.9,15.0,7.1,9.97,0.092,22,11,12.79,0,1
NMR-500657,Worker,Colony-A,32.8,42,0.254,32.5,12.0,7.78,14.56,0.411,30,12,20.58,0,0
NMR-509600,Breeder,Colony-B,38.2,71,0.21,32.6,20.9,5.96,1.86,0.306,18,12,20.37,0,0
NMR-505787,Worker,Colony-C,24.7,86,0.338,30.9,29.4,7.89,10.25,0.383,29,19,18.9,0,1
NMR-503401,Worker,Colony-C,34.0,36,0.179,31.6,15.7,5.78,15.23,0.543,27,13,19.98,0,1
NMR-509954,Worker,Colony-B,35.3,65,0.177,33.4,18.5,8.56,21.21,0.328,26,13,20.37,0,0
NMR-507431,Worker,Colony-B,28.0,45,0.387,32.2,23.0,6.59,11.63,0.353,22,10,17.42,0,0
NMR-508189,Worker,Colony-B,33.4,47,0.36,32.5,25.2,5.85,8.52,0.344,29,8,24.73,1,1
NMR-506582,Worker,Colony-C,29.8,39,0.241,32.6,21.1,5.42,9.74,0.21,20,10,20.35,1,1
NMR-507584,Breeder,Colony-B,47.7,73,0.23,31.3,20.0,5.61,12.56,0.106,27,11,23.43,1,0
NMR-506037,Worker,Colony-E,38.0,124,0.203,32.3,7.1,4.73,13.73,0.183,22,21,20.24,0,0
NMR-509122,Breeder,Colony-D,49.8,33,0.273,31.3,15.3,8.89,12.52,0.273,18,11,18.95,0,0
NMR-503207,Worker,Colony-E,26.7,45,0.292,33.0,8.2,7.78,7.79,0.206,20,10,16.58,0,1
NMR-502385,Breeder,Colony-B,35.2,24,0.226,29.9,13.4,6.22,5.34,0.309,33,17,19.27,0,0
NMR-506114,Worker,Colony-D,26.1,55,0.196,31.5,9.6,7.71,19.43,0.515,22,12,14.63,0,1
NMR-502710,Worker,Colony-E,23.6,29,0.277,33.0,18.8,7.86,9.82,0.465,27,11,22.1,1,0
NMR-500972,Worker,Colony-E,31.4,35,0.451,32.0,31.7,6.89,18.47,0.28,23,12,18.99,0,0
NMR-502180,Worker,Colony-B,33.5,36,0.268,32.6,7.6,6.61,15.29,0.03,22,13,20.35,0,1
NMR-505939,Worker,Colony-C,37.5,31,0.179,32.8,10.6,8.27,11.86,0.208,23,9,17.4,1,0
NMR-509099,Breeder,Colony-D,44.0,56,0.273,31.2,21.8,5.86,13.64,0.407,20,10,24.84,0,0
NMR-503430,Soldier,Colony-B,20.8,67,0.371,32.7,6.9,5.27,3.48,0.219,18,10,19.33,0,0
NMR-505558,Worker,Colony-D,31.8,50,0.252,31.7,26.0,8.31,27.82,0.354,18,17,19.15,1,1
NMR-500450,Worker,Colony-A,31.0,124,0.165,30.8,25.7,7.8,9.99,0.1,23,11,20.36,1,1
NMR-505097,Breeder,Colony-D,32.4,68,0.255,30.7,10.0,7.29,3.53,0.405,31,11,22.22,1,0
NMR-504764,Worker,Colony-D,39.1,72,0.262,30.8,18.7,5.94,11.83,0.195,30,11,16.09,0,0
NMR-503372,Worker,Colony-E,37.6,77,0.23,31.4,21.9,5.04,13.17,0.454,25,11,20.65,1,0
NMR-505151,Worker,Colony-D,24.3,49,0.24,31.6,21.9,6.76,22.99,0.339,18,10,20.01,1,0
NMR-503015,Soldier,Colony-B,28.5,49,0.269,31.8,13.9,5.72,6.28,0.183,23,12,15.0,0,1
NMR-508355,Soldier,Colony-C,28.7,38,0.265,32.4,10.8,6.06,4.89,0.514,20,11,22.48,0,1
NMR-504906,Worker,Colony-D,18.1,130,0.333,33.4,29.2,8.18,16.65,0.29,22,9,23.8,0,1
NMR-509593,Worker,Colony-E,15.7,32,0.293,32.4,10.3,7.22,6.86,0.388,23,15,19.35,0,1
NMR-504538,Worker,Colony-B,29.8,54,0.317,32.2,11.3,7.05,8.66,0.207,25,8,20.12,0,1
NMR-500376,Breeder,Colony-A,31.6,29,0.211,30.1,13.3,7.0,1.22,0.422,28,10,20.91,0,0
NMR-503043,Worker,Colony-D,37.0,41,0.432,29.9,14.7,6.59,9.05,0.046,22,13,14.62,0,0
NMR-503506,Worker,Colony-D,29.1,64,0.199,34.0,19.6,4.63,22.02,0.219,20,14,21.59,1,0
NMR-505199,Worker,Colony-D,20.8,67,0.26,31.3,18.4,7.33,13.98,0.201,29,10,20.66,0,0
NMR-507038,Soldier,Colony-D,33.7,75,0.245,31.9,20.0,7.42,12.5,0.318,15,11,18.81,1,1
NMR-501008,Soldier,Colony-A,23.4,52,0.233,31.6,17.4,4.35,4.94,0.266,24,11,16.23,1,1
NMR-503872,Worker,Colony-B,36.4,33,0.366,31.0,5.9,6.87,21.25,0.298,17,11,13.54,0,0
NMR-506723,Worker,Colony-E,23.4,68,0.304,32.2,15.7,5.12,13.13,0.189,18,10,22.66,0,1
NMR-507690,Worker,Colony-C,39.4,51,0.251,30.8,14.4,5.56,17.97,0.172,35,13,20.58,0,0
NMR-503130,Worker,Colony-D,33.7,42,0.3,32.2,39.3,7.52,16.98,0.235,17,9,21.46,1,1
NMR-501104,Soldier,Colony-C,42.4,20,0.197,31.5,35.9,6.96,13.05,0.332,31,6,25.02,1,0
NMR-502670,Soldier,Colony-E,31.9,59,0.254,31.8,11.6,7.15,6.35,0.492,26,7,15.55,0,0
NMR-500673,Breeder,Colony-D,33.6,57,0.325,32.6,18.6,6.74,6.44,0.622,24,7,17.51,0,0
NMR-503423,Breeder,Colony-A,37.4,44,0.164,32.1,13.7,5.93,14.12,0.157,23,9,20.15,0,1
NMR-509171,Worker,Colony-A,22.8,47,0.276,32.1,14.0,5.67,24.46,0.247,26,10,20.28,0,1
NMR-509400,Soldier,Colony-D,35.3,112,0.273,31.9,32.8,5.91,6.67,0.308,37,6,20.23,0,0
NMR-501932,Breeder,Colony-A,38.6,40,0.237,31.8,7.3,7.58,8.38,0.181,26,13,19.14,0,0
NMR-502038,Worker,Colony-A,28.5,34,0.175,33.2,14.4,5.99,16.67,0.33,29,11,18.98,0,1
NMR-508894,Worker,Colony-A,36.7,66,0.284,31.2,15.2,7.06,14.85,0.254,21,9,16.4,0,0
NMR-505210,Soldier,Colony-E,33.7,28,0.216,31.8,25.4,7.12,7.5,0.401,23,8,15.04,0,1
NMR-507735,Soldier,Colony-A,32.7,138,0.348,30.9,16.1,7.75,4.93,0.212,26,13,17.05,0,0
NMR-504381,Worker,Colony-B,28.4,122,0.256,31.9,17.9,7.18,9.92,0.471,24,11,21.59,0,1
NMR-501055,Worker,Colony-D,25.1,42,0.17,30.8,18.2,5.58,10.94,0.142,19,10,19.24,0,1
NMR-502732,Soldier,Colony-A,40.5,40,0.225,32.4,40.2,8.26,6.9,0.232,25,7,20.13,1,0
NMR-502956,Worker,Colony-A,24.1,82,0.233,31.2,33.1,6.52,18.03,0.307,16,14,22.12,1,0
NMR-504783,Queen,Colony-E,41.0,26,0.172,32.4,16.0,8.96,4.7,0.302,20,10,21.44,0,0
NMR-504958,Worker,Colony-A,30.9,43,0.261,33.6,21.3,6.44,7.7,0.14,27,14,25.21,1,0
NMR-506935,Worker,Colony-A,23.1,101,0.296,32.7,12.3,5.23,10.79,0.333,21,14,15.37,0,0
NMR-500472,Worker,Colony-B,25.6,65,0.156,32.6,20.8,10.07,8.15,0.242,23,9,14.08,1,1
NMR-508447,Breeder,Colony-B,35.8,63,0.319,31.4,18.5,5.91,8.87,0.303,24,20,22.04,0,0
NMR-502132,Worker,Colony-D,34.1,88,0.281,33.0,32.5,7.43,10.47,0.524,15,10,11.4,1,1
NMR-507756,Breeder,Colony-E,42.7,98,0.16,31.5,17.9,8.61,18.65,0.298,33,10,10.65,0,1
NMR-503405,Worker,Colony-B,29.6,40,0.238,32.7,26.8,5.45,8.19,0.167,24,4,22.7,1,1
NMR-504094,Breeder,Colony-A,37.6,41,0.202,31.2,15.4,4.52,0.89,0.334,29,10,18.86,0,1
NMR-506049,Queen,Colony-A,42.0,127,0.274,32.8,11.9,5.6,-0.45,0.288,18,6,17.92,1,0
NMR-502560,Breeder,Colony-A,42.6,24,0.311,32.6,20.4,5.42,7.28,0.282,26,12,17.45,0,1
NMR-505805,Soldier,Colony-B,30.6,125,0.212,33.8,32.4,5.99,14.89,0.307,27,7,20.5,1,0
NMR-504657,Soldier,Colony-E,36.4,39,0.414,31.4,19.0,6.7,5.14,0.134,17,13,23.29,1,1
NMR-506993,Soldier,Colony-C,30.8,29,0.237,33.5,23.1,6.48,14.16,0.31,24,11,21.39,1,0
NMR-503112,Worker,Colony-C,37.1,24,0.194,31.9,19.6,7.62,8.35,0.096,32,6,21.89,1,0
NMR-504229,Worker,Colony-A,31.9,24,0.317,32.1,19.0,7.14,13.89,0.293,30,11,22.59,0,0
NMR-505743,Worker,Colony-C,35.1,91,0.28,33.7,17.8,7.31,22.23,0.175,14,3,18.83,1,0
NMR-505534,Worker,Colony-B,38.3,82,0.133,32.5,16.4,6.37,8.59,0.345,27,4,18.59,0,1
NMR-501177,Soldier,Colony-B,34.0,169,0.153,33.0,24.4,8.74,13.22,0.175,27,12,24.73,1,1
NMR-506767,Breeder,Colony-D,45.4,70,0.236,31.5,14.0,5.34,6.2,0.05,25,6,18.87,1,0
NMR-508475,Worker,Colony-A,25.3,117,0.212,32.2,13.8,6.52,16.85,0.479,31,10,13.95,1,0
NMR-500883,Worker,Colony-D,31.3,96,0.21,32.4,25.5,8.09,12.93,0.223,24,7,12.99,0,1
NMR-508946,Worker,Colony-E,22.3,47,0.276,33.7,14.4,8.11,16.99,0.287,22,8,17.17,0,0
NMR-508964,Worker,Colony-B,38.6,54,0.268,31.8,19.7,7.57,16.77,0.326,21,13,20.12,1,1
NMR-500714,Worker,Colony-E,45.9,34,0.259,32.4,34.6,7.72,20.18,0.444,25,13,14.91,1,0
NMR-509718,Worker,Colony-D,30.0,41,0.219,31.4,33.3,7.53,13.46,0.177,22,14,19.93,1,0
NMR-505620,Breeder,Colony-B,36.7,96,0.309,31.7,7.2,6.17,13.63,0.093,21,10,21.92,1,1
NMR-503092,Soldier,Colony-D,37.7,70,0.276,32.2,14.0,5.78,3.24,0.541,18,9,19.52,1,0
NMR-507809,Breeder,Colony-B,27.1,40,0.286,33.4,20.6,8.63,2.94,0.162,24,6,23.81,1,0
NMR-504462,Worker,Colony-B,39.9,49,0.278,31.1,16.9,7.27,11.97,0.224,20,15,24.34,0,0
NMR-505798,Worker,Colony-A,28.2,55,0.382,31.0,35.3,6.13,12.2,0.385,26,17,14.84,1,0
NMR-506429,Worker,Colony-D,31.3,73,0.281,31.1,10.9,7.25,18.78,0.252,17,9,12.17,0,1
NMR-508139,Worker,Colony-B,24.8,85,0.177,32.6,12.0,5.68,9.49,0.43,25,10,23.13,1,0
NMR-503128,Worker,Colony-A,29.4,60,0.315,33.6,16.8,5.34,18.24,0.325,32,11,21.26,0,0
NMR-500204,Worker,Colony-A,34.3,113,0.202,31.8,11.4,6.31,10.03,0.324,28,6,19.48,1,0
NMR-509539,Worker,Colony-E,27.1,35,0.221,31.8,26.2,5.18,15.66,0.466,20,9,16.58,1,1
NMR-500148,Soldier,Colony-C,29.9,60,0.188,31.8,31.4,7.29,6.1,0.446,23,14,20.52,1,1
NMR-501817,Soldier,Colony-A,41.3,50,0.369,33.0,21.1,7.03,5.55,0.203,9,12,20.34,0,0
NMR-502236,Worker,Colony-D,25.1,28,0.237,33.6,26.9,8.15,14.55,0.146,22,18,23.36,1,0
NMR-507402,Soldier,Colony-A,32.6,72,0.26,31.8,27.1,9.3,12.51,0.324,21,17,16.36,0,1
NMR-505766,Worker,Colony-B,36.4,60,0.114,32.2,20.7,6.21,11.89,0.46,24,9,17.15,0,0
NMR-503511,Worker,Colony-C,29.3,20,0.096,32.9,56.7,5.7,15.77,0.232,27,16,17.73,1,1
NMR-508550,Worker,Colony-E,17.3,81,0.209,31.7,12.0,7.45,15.97,0.392,22,8,20.12,1,1
NMR-501883,Breeder,Colony-A,42.7,81,0.255,32.0,12.8,6.24,14.44,0.086,19,16,22.18,0,0
NMR-507720,Worker,Colony-B,37.0,28,0.159,32.3,28.9,5.78,12.16,0.256,23,10,22.26,1,1
NMR-506808,Worker,Colony-A,33.2,62,0.279,31.5,17.0,8.79,9.27,0.127,28,13,24.04,0,1
NMR-505882,Soldier,Colony-C,39.5,64,0.212,32.5,11.7,7.24,15.21,0.283,26,13,16.88,0,1
NMR-500977,Worker,Colony-E,26.5,42,0.281,31.5,11.8,5.74,9.29,0.487,30,12,23.07,1,1
NMR-503914,Soldier,Colony-C,40.3,51,0.188,32.0,14.8,6.72,2.88,0.197,26,21,22.47,1,1
NMR-505892,Worker,Colony-A,30.5,50,0.319,32.1,13.0,7.24,13.87,0.721,25,9,19.22,0,1
NMR-503975,Soldier,Colony-D,26.7,80,0.184,31.8,18.0,7.32,14.5,0.29,26,10,16.11,0,0
NMR-501481,Worker,Colony-C,23.6,28,0.267,31.7,27.9,6.02,13.31,0.37,30,13,20.44,1,1
NMR-507245,Worker,Colony-E,37.8,74,0.306,32.0,10.6,6.69,14.41,0.242,26,19,23.99,0,1
NMR-508002,Soldier,Colony-E,26.4,39,0.283,33.7,34.4,7.86,5.02,0.466,25,12,17.89,1,0
NMR-500307,Worker,Colony-D,34.4,44,0.142,31.7,17.6,4.64,15.96,0.26,32,12,23.47,1,1
NMR-501890,Worker,Colony-D,33.6,46,0.156,32.4,11.6,8.31,14.08,0.203,24,6,23.45,1,0
NMR-501776,Worker,Colony-C,29.7,57,0.249,32.4,12.4,7.38,34.56,0.604,19,12,17.53,0,1
NMR-500045,Breeder,Colony-A,32.0,23,0.244,30.9,27.4,7.79,2.82,0.351,34,11,20.36,0,0
NMR-507875,Soldier,Colony-B,31.8,58,0.312,31.4,28.6,6.3,10.63,0.178,25,18,20.41,1,0
NMR-507327,Soldier,Colony-D,37.2,34,0.276,30.4,19.1,6.16,5.33,0.134,27,18,15.79,1,0
NMR-506053,Worker,Colony-C,26.1,27,0.307,31.8,16.0,7.3,11.87,0.357,17,14,18.27,0,0
NMR-508209,Worker,Colony-E,25.6,90,0.28,32.9,19.2,7.94,13.13,0.326,33,7,20.28,1,1
NMR-506856,Worker,Colony-D,20.1,20,0.274,33.3,21.4,4.42,10.35,0.159,31,11,17.5,0,1
NMR-501461,Worker,Colony-D,33.5,37,0.47,32.5,28.6,7.89,10.57,0.216,29,14,14.27,0,0
NMR-508559,Breeder,Colony-C,34.8,71,0.328,32.7,20.7,8.1,11.97,0.586,20,11,22.01,0,1
NMR-505265,Breeder,Colony-B,51.4,31,0.183,31.6,36.5,6.94,6.32,0.32,28,9,19.9,1,1
NMR-501222,Worker,Colony-A,32.9,47,0.25,32.3,12.9,8.03,14.49,0.255,25,14,17.67,0,0
NMR-506545,Breeder,Colony-E,49.1,25,0.241,32.1,18.9,6.89,4.6,0.386,22,6,19.58,0,1
NMR-504485,Worker,Colony-C,23.1,25,0.481,32.1,18.4,6.91,11.99,0.151,17,11,16.81,1,1
NMR-501214,Worker,Colony-D,36.6,68,0.232,31.1,21.1,5.61,10.65,0.54,24,14,19.44,0,0
NMR-500449,Worker,Colony-A,42.6,68,0.263,31.1,13.2,7.1,11.8,0.215,31,10,20.05,0,0
NMR-504367,Soldier,Colony-B,31.2,36,0.292,31.0,18.7,7.61,10.66,0.272,28,17,18.85,0,0
NMR-506351,Worker,Colony-A,30.0,90,0.236,30.8,9.0,5.76,14.25,0.208,26,11,24.05,1,0
NMR-506699,Soldier,Colony-D,22.9,77,0.279,31.6,14.3,7.43,10.27,0.446,15,8,22.19,0,1
NMR-509942,Worker,Colony-A,39.9,28,0.26,30.8,17.3,7.13,12.6,0.222,25,6,22.04,1,0
NMR-509105,Worker,Colony-B,34.0,81,0.298,33.5,12.0,6.54,12.86,0.195,20,14,29.1,1,0
NMR-508674,Soldier,Colony-C,31.6,39,0.262,32.0,33.3,5.97,6.17,0.299,26,17,14.37,0,1
NMR-500435,Worker,Colony-E,25.5,24,0.214,32.9,15.0,6.63,15.98,0.718,23,14,15.97,0,0
NMR-502843,Soldier,Colony-B,25.8,93,0.251,32.5,10.9,5.85,3.7,0.356,22,8,20.93,0,1
NMR-506234,Worker,Colony-E,37.2,40,0.147,32.7,16.4,7.31,9.31,0.473,29,14,20.54,1,0
NMR-507344,Soldier,Colony-B,28.1,54,0.138,33.8,14.4,6.67,4.21,0.25,27,9,20.86,1,0
NMR-502254,Worker,Colony-A,30.0,100,0.249,31.5,22.4,7.25,9.6,0.264,25,8,21.14,1,0
NMR-502745,Worker,Colony-D,29.2,74,0.275,32.3,10.1,5.51,7.29,0.306,18,9,20.72,0,0
NMR-509025,Worker,Colony-E,38.7,27,0.207,31.7,10.2,7.09,15.93,0.123,31,14,20.74,0,1
NMR-502572,Worker,Colony-E,29.3,49,0.191,31.4,33.8,6.67,13.03,0.136,21,10,15.36,1,0
NMR-502175,Soldier,Colony-C,25.6,86,0.249,32.3,12.4,8.27,14.78,0.365,29,9,19.27,0,1
NMR-506434,Worker,Colony-A,31.3,70,0.243,31.2,26.4,7.53,13.29,0.295,26,10,18.72,0,0
NMR-501396,Breeder,Colony-B,37.9,89,0.293,31.8,51.7,5.59,0.93,0.522,17,16,17.17,1,0
NMR-506762,Soldier,Colony-D,27.9,78,0.316,31.9,17.9,8.28,9.96,0.657,22,14,20.13,1,1
NMR-504241,Soldier,Colony-B,25.8,50,0.268,31.0,16.6,6.52,9.76,0.456,24,10,18.26,0,0
NMR-504915,Worker,Colony-B,29.2,63,0.174,32.2,19.8,4.44,6.85,0.421,24,9,16.83,1,1
NMR-501615,Worker,Colony-D,26.5,43,0.405,32.0,18.1,4.56,10.28,0.267,22,8,20.88,1,1
NMR-501760,Worker,Colony-B,26.4,34,0.303,32.6,7.9,7.01,8.69,0.277,20,13,20.83,0,1
NMR-503249,Worker,Colony-E,44.2,54,0.288,31.9,11.0,7.7,11.21,0.435,32,6,21.98,0,0
NMR-500203,Worker,Colony-B,26.7,50,0.269,32.7,19.2,5.7,8.94,0.284,32,7,20.87,0,1
NMR-504850,Queen,Colony-B,48.3,34,0.255,32.3,18.5,6.23,-1.3,0.291,21,13,17.04,1,1
NMR-508063,Soldier,Colony-A,34.8,98,0.224,31.6,19.6,6.44,7.47,0.339,21,12,22.02,0,0
NMR-501153,Worker,Colony-C,26.2,36,0.158,32.9,37.2,8.42,22.7,0.149,25,7,20.44,1,0
NMR-505590,Soldier,Colony-A,21.9,198,0.325,31.9,13.8,4.27,15.97,0.38,30,7,19.2,0,0
NMR-509592,Worker,Colony-A,33.5,14,0.21,33.3,12.0,6.84,6.42,0.231,26,13,15.3,1,0
NMR-502073,Soldier,Colony-A,35.6,36,0.183,30.1,15.0,7.75,11.44,0.373,34,9,24.52,1,0
NMR-506498,Worker,Colony-A,28.7,68,0.192,32.5,16.9,9.49,13.52,0.325,27,17,17.69,0,1
NMR-503478,Worker,Colony-B,29.8,17,0.307,30.9,31.0,7.37,15.07,0.266,23,15,18.52,0,0
NMR-504713,Worker,Colony-E,25.8,31,0.326,33.5,24.7,6.52,21.26,0.458,23,9,26.06,1,0
NMR-500256,Soldier,Colony-B,36.0,80,0.154,31.6,17.5,6.25,10.9,0.231,21,11,16.66,1,0
NMR-501006,Worker,Colony-A,32.2,58,0.191,32.1,15.8,8.76,14.57,0.431,21,11,16.22,1,1
NMR-506986,Breeder,Colony-C,42.1,42,0.466,34.7,20.0,5.13,6.38,0.157,21,16,18.19,0,0
NMR-506175,Worker,Colony-E,40.5,70,0.193,32.7,13.3,6.93,11.94,0.129,37,10,18.08,0,0
NMR-506420,Worker,Colony-E,23.4,35,0.242,34.3,12.8,6.47,6.43,0.231,17,8,16.73,0,0
NMR-509689,Worker,Colony-D,22.2,40,0.324,31.2,9.0,6.03,15.98,0.345,28,10,15.83,0,0
NMR-508970,Worker,Colony-B,26.9,35,0.215,33.8,7.6,8.03,12.9,0.071,23,11,22.28,1,0
NMR-503948,Soldier,Colony-A,33.7,52,0.175,32.7,15.6,9.17,5.74,0.55,24,4,21.46,1,1
NMR-504642,Soldier,Colony-E,28.3,58,0.165,31.5,36.1,7.22,6.88,0.163,28,8,21.65,1,1
NMR-508436,Worker,Colony-B,25.6,68,0.386,32.1,31.2,6.24,9.29,0.173,23,11,19.26,0,0
NMR-505420,Breeder,Colony-D,28.5,134,0.333,30.1,12.3,6.64,4.16,0.223,20,6,20.43,0,0
NMR-509890,Worker,Colony-A,24.1,30,0.273,31.5,16.1,6.7,7.95,0.235,22,11,20.28,0,1
NMR-509956,Breeder,Colony-B,36.7,29,0.305,31.9,18.4,7.19,1.75,0.261,26,9,17.5,1,0
NMR-506040,Soldier,Colony-D,33.2,53,0.338,32.1,16.0,6.46,10.83,0.304,22,10,21.79,0,1
NMR-509907,Worker,Colony-B,26.4,40,0.448,32.6,37.4,5.55,22.41,0.125,18,13,14.02,0,1
NMR-508604,Worker,Colony-E,31.3,57,0.161,33.0,22.6,5.7,13.72,0.314,23,12,15.83,1,0
NMR-504574,Soldier,Colony-C,34.0,42,0.432,33.5,23.9,6.13,6.25,0.627,25,18,25.28,1,0
NMR-501785,Soldier,Colony-C,32.5,33,0.254,32.7,33.0,4.78,13.81,0.569,20,12,25.42,1,1
NMR-509152,Worker,Colony-A,31.9,48,0.195,31.0,17.6,7.84,12.42,0.464,22,17,24.43,1,0
NMR-500660,Worker,Colony-B,24.6,58,0.355,31.8,29.2,5.98,19.23,0.199,15,11,16.12,0,0
NMR-504708,Breeder,Colony-B,48.1,54,0.276,32.9,14.9,6.13,3.7,0.181,29,11,19.76,0,1
NMR-507539,Soldier,Colony-A,41.4,29,0.154,32.7,14.3,8.28,4.92,0.624,25,15,21.92,1,0
NMR-507292,Worker,Colony-A,33.4,24,0.417,32.0,22.3,7.91,11.94,0.236,26,12,22.43,0,0
NMR-509863,Worker,Colony-B,31.5,30,0.19,33.2,10.6,6.46,11.53,0.297,29,10,21.41,1,0
NMR-508848,Soldier,Colony-D,40.2,90,0.323,32.9,25.8,6.16,5.83,0.184,22,19,23.78,1,0
NMR-509061,Soldier,Colony-D,26.8,82,0.314,33.2,13.7,8.26,5.49,0.296,21,15,24.36,0,0
NMR-501508,Soldier,Colony-A,40.0,74,0.234,32.6,23.5,6.1,15.7,0.309,21,7,17.72,0,0
NMR-503755,Breeder,Colony-B,42.7,83,0.221,32.2,24.3,6.15,4.3,0.515,31,7,19.68,1,1
NMR-500065,Soldier,Colony-C,32.3,30,0.33,31.7,14.3,5.83,6.86,0.08,22,10,16.51,0,1
NMR-507599,Soldier,Colony-D,32.2,69,0.181,31.8,24.3,5.08,6.14,0.476,18,11,19.79,0,0
NMR-505132,Worker,Colony-C,37.5,51,0.192,32.0,19.6,5.12,10.87,0.382,30,9,20.98,0,0
NMR-505432,Soldier,Colony-E,42.1,58,0.289,33.7,19.6,6.13,10.55,0.328,26,7,20.58,1,0
NMR-506598,Soldier,Colony-A,24.7,56,0.353,31.4,11.4,9.9,6.41,0.219,21,17,19.13,0,1
NMR-508827,Soldier,Colony-C,27.6,59,0.179,30.6,13.1,6.23,5.56,0.338,24,9,21.82,0,0
NMR-501553,Worker,Colony-E,19.6,76,0.271,32.6,48.9,5.98,9.37,0.431,19,7,16.65,1,0
NMR-509333,Soldier,Colony-D,33.6,23,0.277,32.7,22.2,6.82,22.16,0.605,27,9,20.81,1,0
NMR-504365,Worker,Colony-E,33.3,72,0.217,30.6,9.0,7.82,14.95,0.162,34,8,19.83,0,0
NMR-502068,Worker,Colony-C,21.8,54,0.239,31.3,11.3,6.15,16.18,0.385,25,14,21.2,0,0
NMR-507729,Worker,Colony-E,22.1,28,0.265,32.8,43.9,5.59,14.99,0.361,19,8,15.76,1,1
NMR-509332,Worker,Colony-C,22.9,81,0.329,31.6,18.2,5.35,14.49,0.244,22,4,28.28,1,0
NMR-508419,Soldier,Colony-D,33.4,60,0.271,31.5,16.6,6.83,4.29,0.563,22,9,17.63,1,0
NMR-509489,Worker,Colony-C,27.4,102,0.211,32.0,23.4,7.21,16.49,0.391,23,12,21.68,1,1
NMR-509825,Soldier,Colony-B,37.8,66,0.26,33.3,6.4,7.89,4.22,0.281,24,11,14.28,0,0
NMR-507939,Breeder,Colony-D,38.4,76,0.276,34.1,29.0,6.74,22.02,0.253,23,17,18.31,1,0
NMR-502696,Soldier,Colony-B,38.4,288,0.163,30.9,13.4,7.23,6.76,0.227,21,7,17.17,0,0
NMR-506233,Worker,Colony-B,33.1,108,0.233,32.8,25.1,6.93,7.58,0.377,24,4,25.39,1,1
NMR-500262,Worker,Colony-A,25.3,115,0.335,33.4,43.8,7.67,14.0,0.108,29,14,20.91,1,1
NMR-509879,Breeder,Colony-A,44.4,106,0.174,32.0,17.8,7.93,11.85,0.257,36,8,19.18,0,1
NMR-507230,Queen,Colony-A,33.1,37,0.186,33.4,22.1,4.31,5.71,0.374,31,13,18.23,0,1
NMR-505673,Soldier,Colony-E,45.0,53,0.24,32.9,10.0,4.47,2.62,0.389,25,7,20.31,1,1
NMR-501072,Worker,Colony-D,29.7,52,0.181,33.6,16.5,7.81,17.63,0.451,19,15,13.71,0,0
NMR-501616,Worker,Colony-C,33.0,45,0.246,32.2,8.2,6.08,7.22,0.299,20,12,21.84,0,1
NMR-508332,Soldier,Colony-A,36.4,35,0.18,33.8,33.8,6.36,5.48,0.206,31,6,20.44,1,0
NMR-508413,Worker,Colony-B,31.8,151,0.439,31.8,6.7,4.48,9.69,0.543,26,14,15.12,0,0
NMR-505255,Worker,Colony-B,28.5,49,0.267,31.9,50.2,6.77,15.48,0.252,26,14,13.79,1,1
NMR-506159,Worker,Colony-B,34.0,55,0.229,32.0,9.6,5.56,11.08,0.218,33,11,26.75,0,1
NMR-502557,Soldier,Colony-E,35.7,43,0.31,32.2,19.9,8.15,8.31,0.457,23,8,19.81,0,0
NMR-505812,Worker,Colony-A,22.5,55,0.223,31.6,24.7,7.6,12.0,0.221,24,6,24.52,1,0
NMR-502768,Worker,Colony-B,20.0,97,0.255,30.5,8.5,6.81,7.32,0.299,20,10,20.29,1,0
NMR-501759,Worker,Colony-E,41.8,63,0.417,32.0,12.8,7.41,22.29,0.218,24,13,13.5,0,1
NMR-504714,Worker,Colony-E,30.2,119,0.294,33.2,12.1,7.92,14.93,0.06,33,9,20.88,0,1
NMR-508971,Worker,Colony-A,24.5,70,0.227,33.7,39.2,7.32,10.36,0.058,22,14,19.28,1,0
NMR-501221,Soldier,Colony-B,41.6,58,0.184,31.2,8.1,5.64,24.99,0.348,26,8,19.43,1,1
NMR-509915,Soldier,Colony-D,33.0,47,0.156,31.3,11.7,5.4,4.8,0.417,20,12,16.3,0,1
NMR-504921,Worker,Colony-E,17.0,55,0.287,32.7,21.0,6.2,8.24,0.145,28,16,21.18,1,0
NMR-500317,Worker,Colony-B,18.3,22,0.246,33.2,30.4,8.13,21.51,0.414,27,12,16.52,1,0
NMR-503490,Worker,Colony-C,27.8,76,0.283,32.4,16.4,6.51,19.38,0.311,21,13,14.74,0,1
NMR-500297,Worker,Colony-B,16.0,65,0.259,31.1,11.2,4.9,15.77,0.021,27,11,19.48,0,0
NMR-503203,Worker,Colony-A,27.0,50,0.215,32.3,17.6,8.92,11.92,0.269,30,14,17.96,0,1
NMR-507436,Worker,Colony-A,23.1,20,0.188,32.4,17.8,5.47,9.94,0.39,32,17,20.35,1,1
NMR-502918,Breeder,Colony-B,46.1,55,0.332,32.3,40.0,7.61,10.59,0.222,19,16,19.74,1,1
NMR-508528,Breeder,Colony-A,36.8,54,0.303,31.3,21.0,5.89,5.09,0.662,17,13,20.41,1,0
NMR-505574,Worker,Colony-A,34.5,37,0.302,31.3,16.0,6.21,18.16,0.366,20,8,15.9,0,1
NMR-508752,Worker,Colony-C,33.4,75,0.362,32.1,28.5,7.11,7.5,0.107,26,11,16.3,0,1
NMR-508508,Breeder,Colony-E,48.0,118,0.42,31.7,10.6,5.62,14.12,0.286,23,10,16.26,0,0
NMR-500922,Worker,Colony-B,19.3,103,0.179,32.9,16.9,7.16,14.54,0.647,21,16,19.81,1,1
NMR-506769,Breeder,Colony-A,39.0,24,0.195,32.8,33.6,6.26,8.07,0.287,24,11,16.33,1,1
NMR-503784,Worker,Colony-B,33.8,163,0.273,30.4,25.6,5.19,16.27,0.205,28,15,14.94,0,0
NMR-508438,Worker,Colony-D,42.6,48,0.319,31.9,14.2,7.24,18.59,0.487,26,12,22.54,1,0
NMR-506070,Worker,Colony-E,35.9,39,0.205,31.5,13.4,6.38,13.31,0.52,19,14,17.38,1,1
NMR-501131,Worker,Colony-E,30.9,116,0.331,32.4,17.6,6.16,8.87,0.244,27,18,20.53,1,0
NMR-509012,Worker,Colony-C,34.0,93,0.23,32.9,15.5,7.29,14.2,0.372,26,21,16.96,0,1
NMR-504137,Worker,Colony-C,41.2,50,0.246,32.7,9.0,6.0,11.89,0.382,31,9,19.52,0,0
NMR-502380,Soldier,Colony-D,34.1,50,0.334,31.5,32.5,6.31,9.96,0.408,31,8,16.48,0,1
NMR-506842,Worker,Colony-B,26.7,68,0.218,31.5,21.2,7.52,15.73,0.168,26,22,18.31,1,0
NMR-508453,Worker,Colony-A,29.9,49,0.245,31.5,14.7,6.81,8.89,0.168,19,10,19.61,0,0
NMR-509301,Worker,Colony-E,32.1,68,0.218,32.0,17.8,6.25,10.9,0.348,26,13,22.11,1,1
NMR-503602,Worker,Colony-E,32.8,18,0.23,31.0,25.0,5.91,8.51,0.287,19,10,19.3,0,1
NMR-505488,Worker,Colony-E,31.0,52,0.161,32.7,24.4,6.49,9.66,0.51,20,7,23.45,1,1
NMR-504747,Breeder,Colony-E,38.4,99,0.269,32.1,20.6,6.57,2.93,0.139,18,10,17.68,1,1
NMR-504302,Worker,Colony-C,24.3,25,0.273,31.1,9.5,7.64,6.42,0.349,23,13,16.36,0,0
NMR-501455,Worker,Colony-D,26.0,55,0.373,32.9,14.9,7.88,15.96,0.236,22,12,19.46,0,1
NMR-508568,Soldier,Colony-B,38.6,172,0.213,34.0,6.5,7.19,9.18,0.284,21,19,24.01,1,1
NMR-508652,Worker,Colony-E,23.3,60,0.229,33.0,20.0,6.37,22.05,0.346,22,12,21.35,0,1
NMR-504920,Breeder,Colony-B,39.7,41,0.17,33.0,25.3,8.3,5.82,0.268,28,10,14.25,1,0
NMR-503158,Worker,Colony-D,23.4,55,0.258,33.1,17.7,7.59,12.04,0.613,18,10,19.17,0,0
NMR-505391,Soldier,Colony-E,37.2,56,0.206,30.9,22.0,8.45,1.24,0.251,27,15,21.24,1,0
NMR-509308,Soldier,Colony-E,28.8,44,0.23,32.3,12.5,7.43,9.96,0.26,25,6,21.32,1,0
NMR-502589,Soldier,Colony-E,35.1,96,0.27,31.9,26.6,5.14,12.24,0.25,20,9,20.32,1,0
NMR-508721,Worker,Colony-B,29.8,28,0.141,32.3,17.1,7.28,12.92,0.221,30,12,13.92,0,1
NMR-506427,Soldier,Colony-B,25.8,122,0.16,30.9,11.2,7.03,10.25,0.271,32,12,19.88,0,0
NMR-505042,Worker,Colony-D,28.5,50,0.214,31.2,21.9,6.03,12.42,0.249,22,12,15.26,0,0
NMR-506188,Worker,Colony-E,22.2,44,0.388,30.9,14.6,6.04,7.57,0.301,22,10,21.08,0,0
NMR-509504,Worker,Colony-D,22.8,43,0.193,31.4,8.8,5.43,12.76,0.195,23,8,26.26,1,1
NMR-502413,Soldier,Colony-C,37.9,36,0.353,32.9,22.9,6.79,8.41,0.481,27,14,13.09,0,1
NMR-506795,Worker,Colony-C,31.2,62,0.261,32.6,20.0,6.39,9.95,0.44,23,12,19.4,1,1
NMR-501356,Soldier,Colony-E,24.6,69,0.304,31.9,15.9,6.76,4.35,0.435,24,16,30.72,1,1
NMR-505412,Worker,Colony-C,27.2,50,0.279,32.2,25.4,6.17,28.47,0.222,21,11,22.54,0,1
NMR-504303,Worker,Colony-D,29.1,85,0.203,32.3,18.1,7.86,14.56,0.208,22,19,19.51,1,1
NMR-507058,Breeder,Colony-A,48.3,73,0.21,31.3,15.7,6.49,4.73,0.462,31,14,20.17,0,0
NMR-502086,Soldier,Colony-B,31.1,61,0.262,32.7,20.2,7.9,10.6,0.369,19,12,12.73,0,1
NMR-509528,Breeder,Colony-D,37.5,23,0.233,31.8,13.0,9.7,9.51,0.16,22,13,23.24,0,0
NMR-505877,Worker,Colony-B,33.4,111,0.228,32.3,19.8,8.11,10.29,0.399,19,12,15.93,1,1
NMR-502590,Soldier,Colony-D,32.3,86,0.176,32.1,18.3,6.05,14.52,0.167,17,6,24.6,0,1
NMR-508701,Worker,Colony-C,34.9,40,0.171,31.1,17.5,8.84,7.08,0.248,21,15,19.85,1,0
NMR-509586,Worker,Colony-A,25.5,46,0.305,32.0,27.8,5.47,9.2,0.333,32,12,19.05,1,1
NMR-507100,Soldier,Colony-D,39.9,59,0.244,32.4,13.5,6.42,9.75,0.325,25,11,16.36,0,0
NMR-502311,Worker,Colony-B,27.4,26,0.177,32.3,17.4,5.79,7.61,0.271,34,7,19.21,0,1
NMR-509199,Soldier,Colony-E,35.2,32,0.19,32.3,26.9,8.6,17.21,0.351,38,7,19.41,0,0
NMR-508679,Soldier,Colony-C,39.4,44,0.172,31.7,46.1,6.09,7.07,0.21,22,9,20.6,1,1
NMR-509454,Worker,Colony-D,25.3,72,0.322,32.9,12.1,6.97,12.99,0.184,38,12,21.86,1,1
NMR-508465,Breeder,Colony-C,27.0,51,0.292,32.0,30.9,6.15,4.45,0.343,23,9,15.1,0,1
NMR-507684,Soldier,Colony-D,36.3,55,0.221,31.5,29.3,6.82,4.33,0.331,20,11,14.39,1,0
NMR-502205,Worker,Colony-D,24.4,121,0.157,31.7,12.7,5.5,18.45,0.125,31,9,23.65,1,0
NMR-502167,Soldier,Colony-C,29.6,78,0.272,32.7,22.5,6.84,9.16,0.442,32,9,19.62,0,1
NMR-502267,Worker,Colony-D,34.5,87,0.183,31.6,25.0,6.11,34.65,0.395,27,7,15.77,0,0
NMR-508049,Worker,Colony-D,33.9,48,0.146,31.2,24.9,7.08,18.76,0.137,16,8,20.57,1,0
NMR-507543,Worker,Colony-D,20.0,37,0.292,31.2,11.8,6.85,9.13,0.21,23,5,19.3,1,0
NMR-504285,Worker,Colony-B,23.1,38,0.259,33.4,18.4,6.47,7.93,0.328,22,15,21.57,1,1
NMR-500334,Worker,Colony-B,27.2,52,0.186,32.0,21.5,8.83,19.39,0.51,22,11,24.24,1,0
NMR-503821,Worker,Colony-E,38.5,111,0.198,33.2,22.5,7.64,16.51,0.474,25,8,24.33,1,1
NMR-507469,Worker,Colony-C,20.6,38,0.164,31.9,28.5,6.92,14.22,0.513,25,11,16.95,1,0
NMR-506672,Worker,Colony-D,29.7,40,0.275,32.8,18.2,7.44,23.02,0.174,23,9,17.92,0,0
NMR-503963,Soldier,Colony-C,38.5,67,0.201,33.2,14.1,7.11,9.86,0.505,35,12,21.38,0,0
NMR-508279,Worker,Colony-C,25.8,46,0.159,33.0,29.7,7.3,7.97,0.392,20,11,25.86,1,0
NMR-506840,Worker,Colony-D,29.6,75,0.19,33.4,16.8,6.95,13.75,0.309,31,13,17.42,0,0
NMR-505742,Soldier,Colony-C,34.6,75,0.254,32.1,23.4,4.93,9.0,0.256,15,19,24.36,1,1
NMR-501292,Worker,Colony-E,26.3,97,0.15,32.2,30.5,6.01,7.7,0.163,25,7,20.44,1,0
NMR-504788,Worker,Colony-D,28.5,71,0.191,31.3,6.4,7.93,19.3,0.069,27,13,19.91,0,1
NMR-508633,Soldier,Colony-A,27.5,95,0.307,32.2,26.4,6.13,10.51,0.358,25,7,21.02,1,0
NMR-504431,Worker,Colony-E,32.9,79,0.283,32.1,13.0,5.27,12.74,0.414,22,10,18.93,1,1
NMR-503514,Worker,Colony-E,34.5,54,0.181,33.5,28.5,6.56,7.94,0.067,30,9,21.11,1,0
NMR-504226,Worker,Colony-E,32.9,62,0.313,32.2,30.4,6.08,16.11,0.753,22,12,20.54,0,1
NMR-505693,Worker,Colony-A,21.4,74,0.287,30.8,32.6,6.12,14.35,0.311,19,12,12.88,0,0
NMR-508788,Soldier,Colony-B,38.2,41,0.262,32.1,15.2,6.76,15.97,0.495,17,11,18.62,0,1
NMR-505176,Soldier,Colony-E,39.9,92,0.192,32.7,25.3,6.52,11.45,0.296,27,19,15.06,0,0
NMR-500359,Queen,Colony-B,51.7,49,0.143,33.0,18.4,7.61,-0.91,0.419,27,15,20.24,0,0
NMR-502220,Worker,Colony-B,27.2,35,0.286,32.8,49.6,7.12,20.32,0.266,16,5,22.77,1,0
NMR-501856,Queen,Colony-D,49.9,46,0.457,31.1,9.3,5.5,3.21,0.383,23,10,23.48,0,0
NMR-504669,Worker,Colony-E,29.7,54,0.197,32.0,13.0,8.43,14.87,0.186,29,11,16.37,0,1
NMR-503470,Worker,Colony-A,30.9,84,0.308,31.0,53.3,6.87,13.82,0.399,26,14,17.64,1,0
NMR-500044,Worker,Colony-D,23.8,31,0.234,32.6,34.2,5.6,24.92,0.136,23,7,20.51,0,1
NMR-500795,Worker,Colony-B,21.4,73,0.316,31.2,22.0,6.06,21.11,0.4,34,18,23.83,0,0
NMR-507595,Soldier,Colony-E,32.1,33,0.126,32.4,23.5,8.32,14.25,0.266,20,16,16.68,0,0
NMR-504873,Worker,Colony-D,35.6,32,0.337,31.2,22.8,6.97,10.51,0.186,26,12,16.97,0,0
NMR-509450,Breeder,Colony-A,33.2,65,0.306,32.1,62.2,6.32,0.5,0.289,21,10,23.5,1,0
NMR-501626,Soldier,Colony-C,37.9,61,0.15,31.5,23.5,5.47,11.77,0.46,26,13,20.97,1,0
NMR-508772,Queen,Colony-E,43.8,38,0.223,31.5,24.4,8.18,3.64,0.45,25,9,15.97,1,0
NMR-504597,Worker,Colony-B,36.4,47,0.28,32.2,10.7,7.92,15.35,0.618,19,8,14.41,1,1
NMR-506150,Worker,Colony-B,37.3,28,0.58,32.8,34.1,8.54,11.35,0.395,19,11,23.74,0,0
NMR-502391,Soldier,Colony-A,30.4,67,0.345,31.4,15.0,7.77,13.0,0.189,24,8,17.88,0,0
NMR-502383,Soldier,Colony-E,29.5,90,0.201,31.6,21.2,5.72,16.27,0.484,26,18,19.79,0,0
NMR-507409,Worker,Colony-B,19.2,42,0.242,32.5,11.8,6.83,12.55,0.419,31,18,13.03,0,1
NMR-506587,Soldier,Colony-B,45.3,47,0.367,31.1,22.8,5.28,4.27,0.208,25,9,25.94,1,1
NMR-503255,Soldier,Colony-A,34.6,72,0.243,33.7,13.8,7.02,23.87,0.19,22,7,25.76,1,0
NMR-509463,Breeder,Colony-A,39.3,57,0.183,32.2,13.4,5.3,9.62,0.057,13,5,18.25,0,1
NMR-503930,Soldier,Colony-B,30.5,63,0.23,33.7,32.7,6.01,17.69,0.119,24,10,21.93,1,0
NMR-506742,Worker,Colony-B,29.3,104,0.37,32.2,12.3,8.02,10.26,0.064,28,10,20.18,0,1
NMR-507482,Soldier,Colony-B,36.1,37,0.277,31.0,45.2,6.61,7.33,0.253,27,13,19.94,1,0
NMR-502942,Soldier,Colony-D,20.2,109,0.282,30.5,14.1,6.3,7.27,0.505,18,15,22.28,0,0
NMR-509911,Breeder,Colony-D,42.8,47,0.218,31.6,11.3,7.61,15.8,0.394,15,11,15.72,0,0
NMR-502892,Soldier,Colony-E,24.8,44,0.272,32.3,22.4,6.06,5.72,0.56,28,13,21.41,1,1
NMR-507140,Worker,Colony-B,30.7,42,0.319,31.9,14.5,6.39,16.99,0.188,20,14,21.47,0,0
NMR-505825,Worker,Colony-D,29.1,88,0.186,32.4,21.6,5.9,18.19,0.16,27,8,20.4,1,0
NMR-508757,Soldier,Colony-D,20.0,54,0.184,31.3,28.0,7.23,7.99,0.609,21,10,19.71,1,1
NMR-501848,Worker,Colony-A,33.2,73,0.226,32.2,28.5,7.75,9.65,0.179,25,11,17.49,1,1
NMR-507442,Breeder,Colony-E,41.0,61,0.238,33.8,26.4,7.76,9.52,0.222,32,8,16.23,0,0
NMR-500980,Worker,Colony-C,26.1,48,0.267,32.4,52.0,6.48,10.32,0.164,22,11,19.8,1,1
NMR-501729,Soldier,Colony-A,33.2,139,0.361,32.1,15.3,7.18,12.78,0.323,19,7,27.73,1,1
NMR-509867,Breeder,Colony-E,44.0,75,0.144,31.9,24.9,7.42,9.65,0.358,26,17,18.17,1,1
NMR-505101,Soldier,Colony-A,26.3,57,0.229,32.2,13.6,7.47,8.32,0.076,21,12,23.4,0,1
NMR-509130,Worker,Colony-C,25.5,121,0.186,32.5,18.6,7.76,10.35,0.627,35,10,24.08,1,1
NMR-508645,Worker,Colony-E,27.2,18,0.311,32.7,16.7,6.1,11.23,0.089,18,9,22.36,0,1
NMR-500931,Worker,Colony-B,27.4,18,0.165,33.3,16.8,7.02,11.36,0.15,21,14,21.73,1,0
NMR-503420,Soldier,Colony-B,42.3,175,0.194,31.8,20.2,6.1,4.09,0.04,23,4,20.99,1,0
NMR-506631,Worker,Colony-B,22.5,40,0.331,30.4,9.0,6.15,9.06,0.104,23,7,22.46,0,0
NMR-500964,Worker,Colony-D,28.9,105,0.334,31.9,6.4,7.29,7.36,0.257,28,10,13.22,0,1
NMR-501600,Worker,Colony-B,32.7,40,0.232,32.0,8.2,8.35,10.78,0.508,27,13,20.52,0,0
NMR-504916,Worker,Colony-E,19.6,47,0.281,33.1,16.1,7.01,10.21,0.207,23,13,22.93,1,1
NMR-502596,Soldier,Colony-D,33.4,24,0.254,32.1,13.1,6.08,14.83,0.167,24,6,16.22,0,1
NMR-507162,Worker,Colony-E,30.3,44,0.193,32.8,24.0,6.43,8.51,0.485,23,12,22.67,1,1
NMR-503853,Worker,Colony-B,21.4,64,0.266,31.6,13.3,6.61,8.95,0.383,32,12,22.2,1,1
NMR-504105,Worker,Colony-B,24.3,104,0.294,31.7,9.8,6.69,22.3,0.165,21,9,17.1,0,1
NMR-507254,Breeder,Colony-A,34.1,64,0.282,33.3,12.7,8.2,1.46,0.146,20,13,16.29,0,1
NMR-501076,Worker,Colony-C,32.8,33,0.198,33.4,26.9,8.58,13.12,0.308,17,15,25.41,1,0
NMR-502711,Worker,Colony-E,33.7,66,0.315,31.0,44.1,7.33,16.11,0.112,30,7,11.81,1,1
NMR-500224,Worker,Colony-A,35.9,30,0.214,30.9,17.2,6.8,15.99,0.343,25,9,26.53,1,0
NMR-505792,Soldier,Colony-D,36.7,81,0.195,32.1,10.4,8.62,26.76,0.236,22,10,20.22,0,1
NMR-507976,Worker,Colony-B,21.3,96,0.173,32.0,23.8,7.13,15.83,0.078,19,11,16.1,0,1
NMR-503480,Breeder,Colony-D,41.1,96,0.238,32.5,13.7,5.95,4.36,0.35,21,11,18.94,1,0
NMR-502516,Breeder,Colony-B,29.2,90,0.287,32.7,24.3,4.36,8.77,0.212,28,15,23.82,1,0
NMR-503389,Queen,Colony-D,42.1,65,0.271,32.5,7.5,5.64,-3.36,0.174,24,8,20.96,0,1
NMR-501548,Breeder,Colony-D,38.9,99,0.144,32.8,55.7,7.32,4.06,0.372,22,8,22.95,1,1
NMR-504056,Worker,Colony-C,31.9,57,0.197,32.7,7.9,4.91,8.29,0.304,19,13,14.35,0,1
NMR-505134,Breeder,Colony-A,41.1,71,0.128,32.2,27.5,5.93,5.33,0.174,21,8,21.53,1,1
NMR-500113,Worker,Colony-B,39.6,59,0.136,31.0,22.0,5.71,12.4,0.312,22,13,22.81,1,1
NMR-505514,Worker,Colony-B,25.5,47,0.306,31.1,30.6,6.82,11.87,0.179,22,12,17.08,1,0
NMR-504532,Soldier,Colony-B,35.1,46,0.229,32.3,11.6,7.19,15.07,0.192,24,5,15.87,0,1
NMR-507159,Worker,Colony-B,23.4,59,0.354,32.3,15.9,7.73,8.91,0.292,27,13,18.4,0,1
NMR-501121,Breeder,Colony-C,46.4,27,0.337,31.8,42.0,5.52,2.87,0.154,21,6,26.27,1,1
NMR-509496,Worker,Colony-B,37.5,33,0.151,32.4,32.6,6.64,17.1,0.47,19,9,21.68,1,1
NMR-503211,Worker,Colony-E,19.1,35,0.185,31.4,17.3,8.0,16.54,0.351,23,10,13.88,0,0
NMR-506863,Worker,Colony-E,23.1,39,0.234,33.1,15.8,6.48,13.06,0.362,32,2,18.22,0,0
NMR-504283,Worker,Colony-D,40.8,56,0.425,33.0,31.6,4.71,12.11,0.144,26,11,20.53,0,0
NMR-504233,Worker,Colony-E,21.3,76,0.214,31.8,35.1,6.2,10.08,0.214,19,10,24.82,1,1
NMR-508191,Queen,Colony-B,39.1,58,0.363,31.2,17.6,6.91,1.05,0.322,23,12,21.0,0,0
NMR-502961,Soldier,Colony-C,28.3,59,0.272,32.7,15.9,7.36,8.24,0.275,24,8,21.26,1,1
NMR-505919,Breeder,Colony-E,44.5,44,0.158,32.9,17.1,6.67,5.51,0.149,29,6,24.56,1,1
NMR-509458,Worker,Colony-A,24.9,63,0.329,32.3,17.7,6.92,24.85,0.563,25,18,23.1,0,1
NMR-504199,Worker,Colony-E,31.9,87,0.449,33.4,15.9,5.96,16.67,0.386,30,6,20.67,0,0
NMR-503155,Breeder,Colony-A,40.4,30,0.293,31.7,30.0,7.38,7.84,0.39,19,9,20.31,1,1
NMR-504796,Soldier,Colony-A,32.8,46,0.2,32.9,32.4,7.2,5.52,0.089,25,8,21.17,1,1
NMR-509347,Worker,Colony-B,29.2,73,0.304,31.4,15.1,4.95,14.53,0.461,28,10,21.94,0,1
NMR-508730,Soldier,Colony-B,38.4,66,0.243,32.6,12.5,7.53,10.68,0.397,25,9,19.49,0,1
NMR-509182,Soldier,Colony-A,29.4,68,0.275,32.4,15.4,6.34,8.07,0.496,18,16,26.37,1,0
NMR-503058,Worker,Colony-C,30.4,18,0.288,32.9,17.3,5.39,9.07,0.413,15,8,12.65,0,1
NMR-500453,Queen,Colony-E,45.4,52,0.334,33.0,11.6,7.28,0.45,0.319,26,6,21.54,0,0
NMR-505559,Worker,Colony-E,25.0,82,0.228,33.4,12.3,6.62,6.83,0.303,20,7,21.38,0,0
NMR-508131,Soldier,Colony-D,39.4,115,0.213,31.0,14.5,6.43,8.46,0.183,26,10,19.67,1,0
NMR-507950,Soldier,Colony-B,39.4,63,0.213,34.5,21.8,6.71,26.85,0.208,23,16,16.78,0,0
NMR-509996,Worker,Colony-A,32.2,25,0.322,32.9,20.3,7.12,12.22,0.391,26,14,19.35,1,0
NMR-504816,Soldier,Colony-E,29.4,49,0.36,33.5,25.0,5.08,5.45,0.097,16,14,21.79,1,0
NMR-506176,Soldier,Colony-D,36.4,79,0.306,32.1,18.5,6.93,9.36,0.257,21,12,19.36,0,1
NMR-509106,Soldier,Colony-A,35.6,19,0.205,32.9,13.5,6.06,28.14,0.444,17,15,16.35,1,0
NMR-509606,Worker,Colony-E,33.0,30,0.258,32.1,56.2,7.34,11.93,0.525,26,15,23.86,1,1
NMR-505062,Breeder,Colony-E,44.7,59,0.393,33.7,24.0,7.05,2.73,0.412,24,11,19.64,0,0
NMR-509010,Worker,Colony-E,27.7,39,0.182,32.1,22.4,5.47,13.09,0.227,18,2,23.04,1,1
NMR-504249,Worker,Colony-C,34.3,63,0.264,32.3,23.4,7.13,23.03,0.304,28,10,22.56,1,1
NMR-501982,Worker,Colony-A,28.8,36,0.222,32.3,9.8,7.16,16.97,0.239,23,14,20.49,0,1
NMR-503527,Soldier,Colony-D,40.1,52,0.37,32.0,35.6,7.52,10.33,0.505,28,22,22.92,1,1
NMR-504655,Soldier,Colony-E,23.3,70,0.508,32.7,47.2,5.61,9.44,0.661,18,7,19.79,0,0
NMR-502726,Soldier,Colony-C,27.6,50,0.221,32.5,11.1,6.44,8.51,0.249,26,7,22.83,0,1
NMR-506273,Worker,Colony-D,33.8,27,0.253,32.9,23.4,5.43,18.3,0.3,26,14,23.8,1,1
NMR-506010,Queen,Colony-B,42.2,48,0.273,32.1,23.5,4.49,3.08,0.248,24,9,21.49,1,1
NMR-501327,Worker,Colony-E,33.8,53,0.387,32.5,21.3,7.03,15.68,0.133,17,7,18.44,0,1
NMR-505216,Breeder,Colony-C,36.4,35,0.225,31.2,13.7,8.33,5.86,0.026,21,15,24.23,1,0
NMR-504748,Soldier,Colony-D,31.8,15,0.207,30.9,10.8,5.54,13.85,0.375,23,21,16.13,0,1
NMR-506654,Soldier,Colony-A,36.6,92,0.439,32.9,21.7,7.49,9.14,0.208,24,11,15.51,0,1
NMR-502804,Worker,Colony-C,25.5,42,0.344,33.0,26.5,7.82,12.9,0.363,17,13,16.45,1,0
NMR-506728,Soldier,Colony-A,29.6,77,0.376,32.7,16.8,4.39,4.18,0.237,29,13,15.68,0,0
NMR-508529,Worker,Colony-A,22.5,88,0.424,33.1,17.1,5.97,10.37,0.309,24,8,15.01,0,0
NMR-509936,Soldier,Colony-C,27.2,31,0.331,30.9,13.6,6.17,10.71,0.056,22,4,20.99,0,1
NMR-500361,Soldier,Colony-A,37.9,85,0.231,32.7,24.1,7.86,6.15,0.287,24,11,26.67,0,1
NMR-504349,Worker,Colony-C,34.9,43,0.262,34.3,9.8,7.78,14.68,0.359,23,10,20.91,1,0
NMR-501474,Worker,Colony-A,21.9,38,0.325,33.3,16.4,6.66,21.34,0.265,27,9,22.52,1,0
NMR-500117,Worker,Colony-E,30.0,64,0.273,33.1,25.3,8.5,16.17,0.218,25,7,21.93,1,1
NMR-506354,Worker,Colony-B,29.0,111,0.25,34.0,17.3,4.99,21.17,0.398,23,14,18.04,0,0
NMR-502416,Breeder,Colony-A,43.3,55,0.406,33.3,13.5,7.35,11.8,0.247,21,17,20.31,0,0
NMR-503526,Worker,Colony-D,39.8,138,0.178,30.8,10.8,6.5,6.7,0.24,27,15,16.81,1,0
NMR-507366,Soldier,Colony-D,40.1,45,0.164,33.3,16.3,6.14,4.35,0.242,19,10,25.1,1,1
NMR-507398,Worker,Colony-A,27.2,42,0.227,33.5,32.6,7.52,18.55,0.104,23,10,21.41,0,0
NMR-503570,Worker,Colony-E,30.7,56,0.28,31.8,18.1,5.16,8.31,0.425,23,9,21.08,0,1
NMR-501100,Worker,Colony-D,30.9,89,0.241,31.6,9.1,6.17,12.29,0.667,35,17,20.37,0,0
NMR-506046,Worker,Colony-D,32.0,55,0.322,31.5,17.0,5.87,16.77,0.547,28,5,16.93,1,0
NMR-502642,Worker,Colony-B,24.6,53,0.22,31.6,17.2,6.81,70.61,0.369,22,10,16.64,0,0
NMR-508978,Soldier,Colony-C,34.1,136,0.284,31.8,13.9,6.98,9.99,0.219,32,8,19.2,0,1
NMR-507793,Worker,Colony-B,37.7,45,0.291,32.3,23.2,8.26,7.85,0.207,23,14,17.63,0,1
NMR-507097,Worker,Colony-C,30.3,68,0.188,32.3,6.5,5.99,13.55,0.174,24,11,23.4,0,1
NMR-509150,Worker,Colony-D,31.8,40,0.192,32.1,16.1,6.24,8.53,0.112,21,14,20.76,1,1
NMR-502274,Worker,Colony-A,24.1,30,0.192,33.4,20.6,6.02,12.6,0.267,26,6,21.88,1,1
NMR-501596,Worker,Colony-C,29.0,106,0.313,32.4,16.0,7.62,16.08,0.342,23,9,18.42,0,1
NMR-509414,Worker,Colony-E,27.6,43,0.344,30.9,27.9,6.72,7.29,0.317,29,12,21.59,1,0
NMR-505967,Soldier,Colony-C,32.1,47,0.212,32.2,16.5,4.49,8.02,0.187,26,10,25.0,1,1
NMR-506484,Worker,Colony-E,32.1,186,0.229,32.2,14.1,6.83,13.15,0.383,28,8,15.86,0,1
NMR-507981,Worker,Colony-A,36.6,31,0.211,32.8,34.9,5.54,19.37,0.448,24,8,18.09,1,1
NMR-509607,Worker,Colony-E,31.0,30,0.224,31.7,19.1,7.2,23.24,0.324,23,9,20.27,0,1
NMR-508258,Worker,Colony-E,35.9,60,0.149,33.4,24.7,7.87,19.59,0.272,26,12,15.96,0,0
NMR-507649,Worker,Colony-B,34.8,28,0.309,31.9,20.3,6.72,9.89,0.235,22,12,19.02,0,1
NMR-508215,Soldier,Colony-E,23.2,36,0.394,32.5,28.4,7.02,8.12,0.505,18,14,18.56,0,1
NMR-501877,Worker,Colony-D,32.8,24,0.219,30.1,13.3,6.18,9.98,0.517,32,13,20.64,0,1
NMR-503272,Soldier,Colony-E,31.5,64,0.237,33.2,12.8,7.57,3.42,0.526,20,12,13.41,0,0
NMR-509901,Queen,Colony-A,42.4,43,0.238,32.5,18.1,7.55,5.18,0.25,27,12,17.78,0,1
NMR-504152,Breeder,Colony-C,46.1,138,0.266,32.6,23.6,7.95,7.33,0.329,18,11,20.35,1,1
NMR-502752,Worker,Colony-C,37.7,86,0.214,31.4,19.3,7.31,16.03,0.196,17,9,13.33,0,1
NMR-509030,Worker,Colony-B,13.8,273,0.13,30.7,20.0,7.78,6.42,0.36,21,12,16.86,1,1
NMR-504198,Breeder,Colony-E,42.4,22,0.224,32.4,8.6,6.5,4.18,0.256,33,12,16.47,0,1
NMR-507426,Worker,Colony-D,32.3,38,0.22,31.2,10.9,6.53,13.84,0.245,27,10,19.48,0,1
NMR-500586,Worker,Colony-C,34.5,45,0.263,33.0,20.1,8.5,20.62,0.58,28,11,19.77,0,1
NMR-505476,Worker,Colony-E,34.1,74,0.316,31.6,10.5,8.5,8.3,0.22,29,9,19.52,0,1
NMR-503036,Soldier,Colony-D,32.1,35,0.284,32.3,24.2,4.72,6.9,0.506,15,11,18.17,0,1
NMR-508192,Soldier,Colony-B,31.7,61,0.167,30.8,24.3,5.73,19.32,0.071,30,7,18.59,1,0
NMR-509312,Worker,Colony-B,31.5,17,0.226,31.3,21.9,7.57,14.49,0.335,22,5,19.87,1,0
NMR-502319,Worker,Colony-A,39.1,94,0.258,32.3,25.7,8.25,9.31,0.19,31,11,24.39,0,1
NMR-503684,Worker,Colony-E,30.2,46,0.245,32.0,33.2,7.47,11.7,0.198,25,11,16.0,1,1
NMR-508141,Soldier,Colony-A,28.8,27,0.238,32.9,13.9,7.15,6.18,0.254,33,11,19.24,1,0
NMR-509813,Soldier,Colony-A,31.4,49,0.264,33.3,12.3,7.21,5.95,0.285,20,11,19.9,0,0
NMR-508341,Worker,Colony-D,25.2,85,0.243,32.0,18.2,6.75,19.61,0.282,20,10,18.37,0,1
NMR-500700,Worker,Colony-E,27.9,58,0.244,33.2,9.0,9.09,11.9,0.476,30,7,18.02,0,0
NMR-507766,Worker,Colony-E,24.1,129,0.312,33.3,8.1,6.58,9.93,0.182,19,14,18.88,0,0
NMR-508826,Worker,Colony-E,36.1,63,0.318,31.5,24.9,6.63,12.78,0.295,19,17,18.84,1,0
NMR-502108,Soldier,Colony-A,36.3,40,0.172,33.1,11.0,6.37,7.8,0.154,28,13,19.14,1,1
NMR-505298,Soldier,Colony-E,34.8,143,0.146,31.4,22.7,8.51,9.29,0.377,26,10,14.92,1,1
NMR-509390,Worker,Colony-D,26.5,27,0.221,32.5,27.6,8.89,12.2,0.648,23,9,23.12,1,0
NMR-509767,Worker,Colony-C,39.2,127,0.259,32.3,9.2,7.68,13.9,0.243,19,10,23.09,1,1
NMR-503668,Breeder,Colony-A,43.6,49,0.177,32.1,28.7,6.72,12.97,0.515,15,12,14.76,1,1
NMR-500839,Breeder,Colony-D,34.1,63,0.359,31.7,11.2,7.82,1.28,0.13,34,17,20.43,0,1
NMR-504700,Soldier,Colony-E,37.2,74,0.192,32.4,18.3,5.87,5.24,0.274,20,9,18.36,1,0
NMR-506076,Soldier,Colony-C,37.3,41,0.659,31.3,17.2,6.66,4.51,0.28,18,20,18.76,0,1
NMR-506388,Worker,Colony-B,39.0,92,0.25,34.0,24.6,5.02,14.93,0.16,23,14,19.05,1,0
NMR-500816,Soldier,Colony-C,37.4,50,0.306,31.8,16.6,7.74,6.77,0.047,32,16,21.9,0,1
NMR-505339,Worker,Colony-D,31.3,59,0.265,32.5,14.0,7.03,10.71,0.34,24,16,17.38,0,1
NMR-504558,Worker,Colony-B,34.1,22,0.303,33.0,26.4,7.43,8.04,0.169,25,10,12.97,0,0
NMR-508683,Soldier,Colony-C,31.3,130,0.255,32.3,32.6,5.92,14.43,0.267,27,13,20.64,1,1
NMR-505254,Worker,Colony-E,38.7,29,0.15,33.6,25.5,6.4,13.75,0.261,24,14,22.5,1,1
NMR-500050,Worker,Colony-E,25.0,54,0.198,33.3,15.9,7.58,11.16,0.195,16,10,17.92,0,0
NMR-505418,Soldier,Colony-D,27.3,57,0.195,33.4,19.9,7.58,6.21,0.143,18,10,25.09,1,0
NMR-507860,Worker,Colony-E,28.6,26,0.18,32.1,31.3,7.01,7.97,0.428,16,8,19.71,1,1
NMR-505268,Worker,Colony-E,30.2,20,0.38,33.4,16.4,8.31,17.73,0.295,23,12,16.92,1,0
NMR-508409,Soldier,Colony-E,38.7,40,0.302,31.0,18.8,7.86,10.44,0.535,23,9,23.89,1,0
NMR-502427,Soldier,Colony-B,25.6,63,0.286,30.6,30.0,6.06,5.63,0.584,23,20,17.98,0,0
NMR-509630,Worker,Colony-E,27.3,92,0.31,31.8,25.0,5.64,15.54,0.193,21,7,23.62,1,0
NMR-505811,Soldier,Colony-B,29.1,44,0.147,33.0,15.9,7.9,9.56,0.216,33,17,18.32,1,1
NMR-508690,Worker,Colony-B,24.4,49,0.337,33.0,14.7,6.85,6.72,0.166,23,8,17.4,0,0
NMR-505269,Worker,Colony-B,31.3,23,0.263,32.4,20.2,6.41,13.33,0.22,43,7,16.58,1,1
NMR-503843,Soldier,Colony-E,34.3,31,0.304,32.4,8.5,7.32,27.17,0.281,24,13,16.24,0,1
NMR-504320,Breeder,Colony-B,39.4,119,0.237,32.5,13.7,4.83,6.85,0.433,23,15,22.04,0,0
NMR-503256,Queen,Colony-D,34.1,94,0.21,32.2,29.1,6.39,5.62,0.262,30,10,12.32,0,1
NMR-509138,Worker,Colony-B,38.2,87,0.233,32.9,23.2,6.22,11.87,0.347,21,9,20.07,1,0
NMR-503231,Soldier,Colony-D,36.8,67,0.289,30.0,21.3,5.36,16.82,0.068,37,12,16.73,0,0
NMR-503221,Breeder,Colony-B,37.9,177,0.35,30.8,10.0,7.24,2.12,0.145,22,10,20.64,0,0
NMR-508180,Worker,Colony-C,42.9,58,0.309,31.9,13.3,7.93,13.56,0.4,27,6,17.34,0,1
NMR-505738,Worker,Colony-C,30.3,40,0.237,33.8,20.2,6.51,8.9,0.112,24,9,20.47,0,0
NMR-503523,Soldier,Colony-D,30.4,44,0.259,32.5,19.3,4.95,7.09,0.264,26,12,20.63,0,1
NMR-501485,Soldier,Colony-E,30.3,47,0.169,31.4,8.0,7.23,14.05,0.29,23,7,16.35,0,1
NMR-508558,Worker,Colony-D,20.7,75,0.231,30.9,16.7,8.52,11.0,0.427,21,7,16.05,0,0
NMR-502659,Breeder,Colony-B,26.7,44,0.343,31.1,23.3,5.68,6.21,0.461,25,6,26.05,0,0
NMR-504821,Breeder,Colony-D,41.0,43,0.297,32.8,14.3,6.14,2.63,0.203,26,12,19.2,0,1
NMR-506294,Soldier,Colony-D,32.6,46,0.237,31.9,19.7,7.37,8.79,0.397,21,10,24.33,1,1
NMR-500692,Soldier,Colony-D,39.0,117,0.162,32.3,24.4,6.86,7.38,0.299,31,19,20.34,1,1
NMR-505583,Worker,Colony-E,32.7,58,0.426,31.7,24.1,5.18,10.44,0.22,26,14,22.55,0,1
NMR-504535,Worker,Colony-A,28.1,39,0.258,32.1,23.3,5.78,8.55,0.111,30,13,22.39,1,1
NMR-508911,Worker,Colony-A,34.5,64,0.303,32.1,15.6,7.95,13.51,0.507,31,15,23.07,1,1
NMR-509120,Queen,Colony-B,54.7,30,0.189,30.8,14.8,7.34,8.4,0.263,20,15,10.87,0,0
NMR-503052,Worker,Colony-D,32.6,41,0.197,32.2,11.0,6.36,12.23,0.239,27,8,20.16,1,1
NMR-506055,Worker,Colony-D,29.0,59,0.244,32.1,15.8,6.31,8.36,0.375,15,5,18.79,0,1
NMR-501088,Worker,Colony-E,30.3,61,0.312,32.0,14.5,5.79,13.09,0.083,25,9,15.93,0,1
NMR-500150,Worker,Colony-C,25.6,57,0.194,32.8,13.5,6.34,10.71,0.388,20,13,19.9,0,1
NMR-501444,Worker,Colony-B,23.3,64,0.378,33.2,29.8,8.02,8.42,0.283,20,14,21.17,0,1
NMR-503322,Soldier,Colony-D,31.6,59,0.289,31.7,25.1,8.15,8.15,0.634,28,10,21.26,0,1
NMR-506829,Breeder,Colony-A,44.8,149,0.274,33.2,32.0,5.87,9.64,0.123,25,12,20.64,1,0
NMR-508322,Worker,Colony-E,34.4,63,0.201,31.9,9.7,4.55,12.96,0.343,22,9,15.1,0,0
NMR-500341,Soldier,Colony-D,26.9,53,0.291,33.2,41.6,6.46,13.76,0.302,25,11,21.97,1,1
NMR-503484,Worker,Colony-B,27.9,37,0.354,31.3,25.8,7.95,22.64,0.238,15,10,19.09,0,0
NMR-505762,Soldier,Colony-D,37.0,48,0.214,32.5,18.2,7.51,9.03,0.403,17,6,15.05,1,0
NMR-507447,Worker,Colony-C,30.5,23,0.159,30.6,15.1,5.63,13.39,0.506,28,20,15.66,0,0
NMR-501063,Soldier,Colony-D,40.4,97,0.414,32.3,13.5,6.57,4.83,0.257,22,13,20.97,0,0
NMR-506135,Soldier,Colony-C,33.3,34,0.218,31.2,10.3,6.96,4.83,0.11,19,11,22.81,0,0
NMR-502537,Worker,Colony-A,28.6,130,0.205,32.0,11.7,7.28,11.19,0.128,17,11,18.38,0,1
NMR-508161,Worker,Colony-C,34.0,93,0.187,31.7,13.4,6.77,12.05,0.433,24,11,18.93,1,0
NMR-507633,Worker,Colony-E,31.7,24,0.412,32.4,23.6,6.16,29.83,0.235,19,8,14.94,0,1
NMR-502242,Worker,Colony-D,33.5,108,0.18,30.6,11.4,4.95,22.56,0.112,29,8,19.98,1,0
NMR-502725,Worker,Colony-B,17.3,41,0.278,31.8,9.6,6.18,13.88,0.411,20,6,22.27,0,1
NMR-506715,Soldier,Colony-A,37.4,95,0.302,31.7,10.3,7.17,15.92,0.587,15,11,20.0,0,1
NMR-503723,Breeder,Colony-E,44.3,22,0.288,31.3,41.6,6.03,3.12,0.183,25,12,22.38,1,1
NMR-507846,Worker,Colony-E,28.4,54,0.369,30.1,25.3,7.22,6.61,0.502,30,12,21.68,1,0
NMR-500737,Worker,Colony-D,28.8,42,0.156,32.7,22.7,6.88,8.4,0.22,23,6,22.29,1,0
NMR-507461,Worker,Colony-B,28.5,52,0.305,32.4,9.5,5.88,21.73,0.227,23,11,15.27,0,1
NMR-508643,Soldier,Colony-A,41.6,71,0.276,32.1,23.1,5.98,7.88,0.161,24,6,18.71,0,0
NMR-509838,Worker,Colony-B,35.5,37,0.252,31.7,17.9,7.63,11.33,0.267,20,11,15.03,0,0
NMR-503206,Worker,Colony-C,33.8,53,0.265,32.8,14.2,5.66,11.01,0.382,28,17,20.14,1,1
NMR-501425,Queen,Colony-A,45.2,36,0.35,31.5,16.6,6.82,2.61,0.307,29,7,20.76,0,1
NMR-502492,Worker,Colony-D,34.5,67,0.248,31.4,21.1,7.07,12.54,0.114,28,7,24.03,0,0
NMR-507612,Worker,Colony-B,20.0,45,0.231,31.9,27.2,7.0,16.11,0.213,28,8,18.45,1,0
NMR-500739,Soldier,Colony-B,31.6,121,0.252,31.1,10.7,6.11,24.4,0.137,25,15,24.37,0,0
NMR-505597,Worker,Colony-E,28.1,47,0.238,32.2,15.6,5.65,9.42,0.199,19,13,21.24,0,1
NMR-509022,Soldier,Colony-A,42.5,40,0.149,31.2,24.7,6.21,9.13,0.39,14,7,25.34,1,0
NMR-502289,Soldier,Colony-B,41.7,50,0.219,32.1,21.0,5.41,8.26,0.33,28,8,25.07,1,1
NMR-509052,Worker,Colony-E,20.8,52,0.224,31.7,29.4,7.5,10.63,0.187,24,11,31.38,1,1
NMR-502173,Soldier,Colony-B,40.7,72,0.37,33.6,11.5,6.93,9.22,0.171,21,17,14.45,0,0
NMR-502650,Worker,Colony-A,17.6,34,0.304,31.7,19.4,3.56,11.79,0.304,24,10,19.35,0,1
NMR-507384,Worker,Colony-B,24.4,57,0.266,31.1,17.7,7.95,10.09,0.603,28,11,15.2,0,0
NMR-506169,Soldier,Colony-E,33.6,36,0.304,33.3,24.5,6.26,4.92,0.106,25,11,20.38,1,1
NMR-504602,Worker,Colony-C,34.3,95,0.151,32.3,11.6,6.97,12.04,0.351,16,7,20.32,1,1
NMR-503840,Worker,Colony-B,28.1,103,0.227,32.5,11.8,6.92,8.44,0.581,29,8,15.79,0,1
NMR-509247,Worker,Colony-A,25.0,60,0.192,32.5,24.3,5.89,10.11,0.49,25,6,19.05,1,1
NMR-500068,Soldier,Colony-D,45.2,62,0.221,32.7,15.0,5.84,14.25,0.726,19,11,13.67,0,1
NMR-505807,Worker,Colony-C,18.6,43,0.21,32.6,19.0,7.71,7.19,0.707,22,13,23.39,1,0
NMR-503399,Soldier,Colony-B,34.0,73,0.218,32.9,27.4,6.72,11.2,0.115,24,12,21.44,1,0
NMR-503113,Soldier,Colony-B,35.9,67,0.281,32.6,14.6,7.35,7.16,0.242,21,10,20.34,0,1
NMR-509067,Worker,Colony-C,28.3,48,0.125,32.4,20.7,6.05,12.72,0.286,34,14,20.61,1,1
NMR-507351,Worker,Colony-B,37.2,64,0.216,31.5,12.6,5.68,25.04,0.107,25,24,22.66,1,1
NMR-503217,Worker,Colony-D,31.8,41,0.197,31.5,16.9,4.15,10.97,0.341,26,14,20.93,0,1
NMR-501421,Soldier,Colony-D,40.6,148,0.244,32.2,12.6,5.92,11.37,0.261,24,9,22.08,1,0
NMR-502694,Worker,Colony-B,39.0,18,0.339,34.7,11.7,6.16,11.37,0.127,24,9,23.06,0,1
NMR-504528,Worker,Colony-E,43.5,81,0.266,30.7,22.7,5.74,8.47,0.534,23,9,17.71,0,0
NMR-502967,Worker,Colony-E,32.2,46,0.236,33.1,15.6,5.16,12.89,0.151,23,6,23.91,0,0
NMR-500257,Worker,Colony-D,27.0,43,0.375,32.7,44.7,6.02,17.3,0.443,25,9,16.78,1,1
NMR-500238,Soldier,Colony-D,37.4,34,0.213,32.3,66.6,7.55,11.16,0.297,21,15,16.56,1,0
NMR-500354,Worker,Colony-B,17.6,29,0.376,32.2,9.5,6.76,8.59,0.035,24,15,18.79,0,0
NMR-505405,Worker,Colony-C,36.7,57,0.242,33.8,13.0,6.66,9.07,0.475,27,18,21.46,1,0
NMR-501918,Worker,Colony-B,32.9,31,0.216,34.1,22.0,7.82,18.11,0.344,23,19,14.82,1,0
NMR-509832,Breeder,Colony-C,44.4,81,0.249,32.4,19.8,7.81,15.92,0.39,23,13,24.0,1,1
NMR-504231,Breeder,Colony-D,31.7,43,0.154,32.4,16.4,7.94,6.51,0.338,26,13,19.98,0,0
NMR-505863,Soldier,Colony-B,44.2,52,0.428,31.8,17.3,5.67,3.17,0.332,17,7,18.27,0,1
NMR-502218,Breeder,Colony-C,45.7,43,0.139,32.5,40.6,5.05,2.72,0.382,24,6,21.66,1,1
NMR-506039,Worker,Colony-C,37.1,60,0.165,32.1,15.0,5.22,9.36,0.432,20,11,15.5,0,1
NMR-504724,Breeder,Colony-C,26.6,48,0.386,31.7,16.9,5.39,3.58,0.063,20,15,13.46,0,1
NMR-508326,Soldier,Colony-D,36.4,58,0.271,31.5,17.1,7.8,15.21,0.357,21,8,18.33,0,0
NMR-504559,Worker,Colony-E,34.9,61,0.241,33.9,13.7,6.03,20.26,0.25,16,8,13.46,0,0
NMR-503726,Worker,Colony-E,25.0,51,0.257,31.9,18.7,7.86,8.49,0.265,30,8,18.04,1,0
NMR-501588,Worker,Colony-D,29.5,81,0.261,33.2,24.6,5.39,14.89,0.335,33,13,17.45,1,0
NMR-500344,Soldier,Colony-C,41.3,109,0.247,32.4,18.1,5.65,3.52,0.111,18,4,19.47,0,0
NMR-508289,Worker,Colony-E,17.2,32,0.258,31.1,19.5,7.67,14.56,0.52,21,7,18.61,1,0
NMR-509723,Worker,Colony-B,27.2,137,0.111,30.1,30.2,5.37,5.95,0.286,29,6,22.32,1,0
NMR-509054,Soldier,Colony-A,31.6,60,0.229,31.3,8.0,6.11,16.71,0.567,23,9,22.55,0,0
NMR-506975,Queen,Colony-C,50.1,45,0.201,32.3,14.4,5.69,8.51,0.556,27,10,18.58,1,1
NMR-507864,Worker,Colony-B,29.4,66,0.249,31.3,16.3,8.08,10.53,0.42,21,8,22.99,1,1
NMR-505340,Worker,Colony-E,39.0,33,0.26,34.7,18.0,7.64,14.37,0.578,25,12,19.78,1,0
NMR-508298,Worker,Colony-B,28.0,65,0.243,30.8,21.0,5.3,7.49,0.356,20,11,17.53,1,0
NMR-503531,Worker,Colony-D,27.9,55,0.332,31.6,37.0,6.7,11.74,0.217,33,12,17.19,1,1
NMR-507118,Worker,Colony-A,29.7,76,0.224,31.7,46.1,6.55,17.35,0.244,30,20,23.72,1,0
NMR-509787,Queen,Colony-A,45.5,31,0.108,32.8,9.9,5.9,1.42,0.234,24,9,22.38,0,1
NMR-503368,Breeder,Colony-E,44.0,123,0.312,33.3,17.3,6.56,12.03,0.282,19,7,18.05,0,0
NMR-508179,Breeder,Colony-D,33.1,29,0.327,31.5,22.8,6.53,24.81,0.472,21,5,24.18,0,1
NMR-504644,Worker,Colony-D,18.5,150,0.259,33.0,35.5,7.0,15.78,0.299,21,12,11.03,0,0
NMR-509673,Worker,Colony-C,38.7,27,0.235,31.0,26.2,6.5,20.65,0.582,35,12,19.4,0,0
NMR-506154,Worker,Colony-C,18.4,81,0.257,32.9,9.3,4.95,11.97,0.47,30,11,18.82,1,0
NMR-502049,Worker,Colony-B,40.6,108,0.227,31.6,25.2,5.85,11.63,0.4,21,10,24.49,0,0
NMR-500765,Breeder,Colony-B,39.9,54,0.304,32.6,11.9,8.02,3.7,0.288,21,4,22.66,1,1
NMR-501857,Worker,Colony-B,40.8,66,0.141,31.9,16.6,7.15,10.07,0.434,26,11,20.03,0,1
NMR-502850,Soldier,Colony-D,27.7,36,0.308,31.9,8.1,6.73,12.0,0.168,29,7,18.43,0,0
NMR-506857,Worker,Colony-A,31.3,81,0.344,31.1,70.4,6.47,9.23,0.262,26,12,23.22,1,0
NMR-506953,Worker,Colony-C,40.0,46,0.264,32.8,15.6,6.12,31.82,0.455,35,10,17.06,0,1
NMR-507008,Breeder,Colony-D,44.1,35,0.27,32.3,13.2,8.64,5.26,0.315,22,14,21.82,1,0
NMR-501962,Soldier,Colony-A,32.1,30,0.276,33.2,9.0,5.14,7.55,0.264,17,14,24.26,1,1
NMR-505386,Soldier,Colony-E,32.9,67,0.328,30.0,27.0,7.52,5.28,0.399,25,6,23.43,1,0
NMR-503266,Worker,Colony-E,39.9,36,0.21,33.0,19.6,6.06,10.44,0.132,23,10,21.34,1,1
NMR-504294,Worker,Colony-E,30.5,76,0.194,34.8,21.2,6.46,15.67,0.187,18,11,24.3,1,0
NMR-502065,Worker,Colony-B,25.7,13,0.177,31.0,51.0,5.19,11.13,0.172,33,10,15.37,1,1
NMR-500213,Soldier,Colony-C,45.4,24,0.175,32.3,19.7,6.77,5.11,0.491,19,6,17.33,0,1
NMR-509635,Worker,Colony-E,16.4,140,0.338,31.3,14.9,7.39,13.13,0.51,39,17,19.02,0,1
NMR-509878,Breeder,Colony-A,40.5,33,0.287,31.9,9.0,5.61,4.15,0.227,28,11,19.15,0,1
NMR-507659,Worker,Colony-A,45.9,122,0.192,32.9,29.1,3.97,11.7,0.297,18,12,19.4,1,0
NMR-500124,Soldier,Colony-A,40.7,34,0.407,32.9,7.5,6.74,10.95,0.245,20,15,16.79,0,1
NMR-503129,Worker,Colony-C,34.4,75,0.363,32.2,11.3,7.96,20.52,0.475,22,11,22.49,0,1
NMR-502159,Breeder,Colony-C,50.4,45,0.282,33.0,30.3,6.88,9.07,0.246,28,16,19.39,1,0
NMR-501519,Worker,Colony-B,40.2,63,0.255,32.2,33.3,6.05,15.28,0.13,26,9,18.42,1,1
NMR-506564,Soldier,Colony-E,41.2,57,0.271,31.5,7.5,5.88,10.87,0.61,26,18,21.13,0,1
NMR-501198,Worker,Colony-D,44.9,37,0.244,31.8,38.6,6.64,13.44,0.162,20,11,18.72,1,1
NMR-503076,Soldier,Colony-D,31.3,63,0.401,32.9,19.7,7.53,11.63,0.237,20,12,17.2,0,0
NMR-506043,Soldier,Colony-A,36.5,142,0.429,33.1,10.5,6.08,10.68,0.526,27,7,17.91,0,0
NMR-507986,Worker,Colony-B,19.8,28,0.343,32.2,20.8,7.72,11.75,0.62,23,11,18.97,0,0
NMR-506146,Breeder,Colony-E,42.8,34,0.168,33.9,22.0,5.94,9.36,0.248,23,13,15.58,1,0
NMR-502349,Breeder,Colony-A,30.4,34,0.218,32.0,15.3,5.91,3.77,0.223,37,11,10.96,0,1
NMR-502140,Worker,Colony-C,29.7,53,0.286,31.5,20.0,7.87,15.76,0.163,20,10,19.19,0,0
NMR-506177,Worker,Colony-A,29.1,46,0.205,31.7,6.7,6.47,16.51,0.303,21,14,18.73,0,1
NMR-501552,Worker,Colony-B,26.8,15,0.143,32.6,31.9,5.24,13.25,0.124,33,11,16.98,0,1
NMR-507941,Soldier,Colony-A,27.6,65,0.278,33.7,12.8,4.8,6.34,0.385,26,9,12.44,0,0
NMR-503576,Soldier,Colony-C,34.1,41,0.128,31.9,13.2,4.25,5.94,0.157,24,13,15.12,0,1
NMR-504512,Soldier,Colony-C,34.2,59,0.132,32.8,13.3,5.76,14.18,0.542,17,6,20.75,0,0
NMR-509569,Worker,Colony-B,26.4,91,0.234,32.1,19.5,7.94,13.47,0.256,21,10,21.36,0,1
NMR-508555,Worker,Colony-C,21.8,58,0.283,33.0,20.6,5.3,11.19,0.277,28,14,17.16,1,1
NMR-505692,Worker,Colony-D,33.9,58,0.182,31.0,11.5,7.02,16.85,0.314,19,13,20.73,0,0
NMR-508053,Breeder,Colony-D,37.4,45,0.234,32.2,41.6,5.77,1.51,0.324,14,9,14.43,1,1
NMR-509823,Worker,Colony-B,35.2,80,0.313,31.8,5.8,6.65,17.4,0.43,27,9,19.22,0,0
NMR-504099,Worker,Colony-A,27.5,43,0.251,31.9,48.7,6.23,10.6,0.135,26,17,17.51,1,1
NMR-509078,Worker,Colony-C,31.3,30,0.214,32.4,10.7,7.27,8.58,0.318,28,10,18.95,0,0
NMR-508346,Worker,Colony-B,24.0,30,0.323,32.7,15.7,5.02,16.45,0.446,25,17,15.42,0,1
NMR-500844,Worker,Colony-A,31.0,56,0.275,30.3,21.4,5.51,9.75,0.143,18,9,22.99,1,0
NMR-501988,Worker,Colony-E,32.5,88,0.442,31.1,16.9,6.27,16.64,0.154,20,7,14.31,0,0
NMR-505872,Breeder,Colony-A,46.2,90,0.218,33.8,14.5,6.33,0.46,0.097,25,14,22.22,1,0
NMR-501020,Breeder,Colony-A,49.2,23,0.239,34.1,27.1,6.4,4.06,0.195,21,13,13.47,1,0
NMR-501849,Breeder,Colony-A,49.5,23,0.156,31.6,19.9,5.44,2.5,0.093,24,9,19.87,1,1
NMR-501612,Soldier,Colony-B,29.1,24,0.267,32.1,23.2,5.58,6.96,0.319,27,10,24.37,1,1
NMR-507932,Soldier,Colony-E,24.8,33,0.372,30.9,35.4,6.33,10.88,0.388,17,12,28.7,1,0
NMR-505944,Breeder,Colony-A,49.8,50,0.243,30.1,14.4,8.24,25.02,0.206,23,10,19.21,0,0
NMR-503095,Worker,Colony-D,39.2,66,0.416,34.5,28.9,7.38,10.08,0.493,20,10,24.71,1,0
NMR-500711,Worker,Colony-A,24.4,56,0.299,32.0,12.0,6.05,19.49,0.582,27,14,27.57,0,1
NMR-502209,Worker,Colony-B,33.0,73,0.298,31.7,25.0,6.83,11.57,0.189,30,3,18.7,0,0
NMR-506160,Breeder,Colony-B,44.8,53,0.393,30.9,33.4,8.24,14.06,0.316,34,8,15.18,1,0
NMR-506645,Worker,Colony-C,31.2,32,0.253,31.8,9.9,6.68,11.45,0.372,22,7,20.22,0,0
NMR-507419,Worker,Colony-D,29.1,69,0.254,32.5,31.4,5.42,8.16,0.142,30,11,21.42,1,1
NMR-506295,Worker,Colony-C,32.8,37,0.189,32.7,10.8,6.87,10.29,0.056,14,14,20.89,1,0
NMR-501435,Worker,Colony-A,29.2,86,0.215,31.9,25.9,8.1,11.01,0.284,16,10,22.46,1,1
NMR-506326,Worker,Colony-A,16.9,161,0.261,30.5,17.4,6.13,6.4,0.216,20,15,13.07,0,0
NMR-502620,Soldier,Colony-D,45.1,91,0.444,31.7,22.9,6.96,8.73,0.157,17,10,20.61,0,1
NMR-505313,Soldier,Colony-E,47.4,94,0.163,33.2,18.1,7.33,5.97,0.112,32,9,13.71,0,1
NMR-509691,Soldier,Colony-E,39.9,80,0.201,30.8,20.5,7.11,9.4,0.18,21,12,21.56,1,1
NMR-504141,Breeder,Colony-D,31.6,36,0.343,32.8,20.4,5.62,24.87,0.387,24,13,14.62,0,1
NMR-501929,Breeder,Colony-E,45.3,72,0.217,32.4,14.7,9.01,3.51,0.183,30,17,24.44,0,1
NMR-509551,Worker,Colony-A,27.0,61,0.249,32.3,32.6,6.68,15.89,0.367,22,9,16.64,1,1
NMR-503757,Soldier,Colony-D,41.2,146,0.201,30.9,24.9,5.04,5.43,0.159,30,18,24.88,1,0
NMR-500226,Worker,Colony-E,20.0,37,0.294,32.9,9.2,5.61,8.86,0.447,24,15,18.82,0,1
NMR-504810,Worker,Colony-B,42.7,47,0.199,30.3,30.7,4.59,8.81,0.355,20,11,16.33,1,0
NMR-504449,Queen,Colony-E,52.4,92,0.248,32.8,36.0,7.23,0.58,0.342,25,7,16.7,1,1
NMR-504971,Soldier,Colony-B,42.5,39,0.161,32.4,27.7,5.98,8.74,0.272,26,8,21.19,0,1
NMR-506813,Worker,Colony-C,32.2,71,0.196,30.0,19.5,7.55,20.32,0.06,25,14,23.29,1,0
NMR-503316,Worker,Colony-B,35.9,116,0.349,31.8,8.3,6.85,9.81,0.468,22,6,13.65,0,1
NMR-500984,Soldier,Colony-E,35.6,50,0.174,31.7,18.9,8.62,23.49,0.332,24,8,15.17,1,0
NMR-508467,Worker,Colony-E,30.2,27,0.2,32.8,7.0,6.61,9.01,0.255,23,11,21.13,0,1
NMR-505171,Soldier,Colony-D,33.8,24,0.176,32.6,12.1,8.43,9.16,0.183,15,12,21.06,1,0
NMR-500174,Soldier,Colony-B,38.3,62,0.139,31.6,9.6,6.77,9.48,0.197,25,6,18.28,1,1
NMR-505870,Breeder,Colony-A,39.7,32,0.212,32.0,22.0,7.67,6.52,0.259,26,7,23.17,1,0
NMR-507621,Soldier,Colony-A,31.9,30,0.252,31.7,10.4,8.96,7.71,0.32,21,16,16.15,0,0
NMR-501056,Worker,Colony-E,26.2,73,0.162,33.4,22.2,8.31,24.01,0.544,33,10,26.74,1,1
NMR-508809,Worker,Colony-A,35.1,74,0.395,31.9,33.5,6.38,11.37,0.29,26,12,22.16,0,1
NMR-507778,Worker,Colony-E,33.5,104,0.164,32.7,15.4,7.13,15.63,0.108,19,12,18.73,1,1
NMR-503994,Breeder,Colony-C,44.0,72,0.244,31.7,18.2,6.13,10.32,0.511,23,17,21.34,1,0
NMR-501054,Soldier,Colony-B,36.6,75,0.314,31.8,14.6,7.97,9.43,0.465,29,16,21.52,0,1
NMR-505083,Breeder,Colony-A,36.8,41,0.258,34.2,28.2,6.79,13.35,0.172,26,9,23.89,1,0
NMR-509831,Worker,Colony-A,37.5,24,0.396,32.5,11.1,8.16,16.19,0.499,30,9,17.55,1,0
NMR-509338,Worker,Colony-A,40.4,32,0.232,30.4,19.7,7.66,9.49,0.319,13,16,18.75,0,0
NMR-508543,Worker,Colony-B,26.1,51,0.185,31.8,6.4,6.07,18.11,0.194,32,9,19.15,0,1
NMR-507476,Worker,Colony-A,34.7,44,0.288,32.2,16.6,6.93,14.92,0.3,19,12,16.91,0,1
NMR-504808,Breeder,Colony-B,38.1,66,0.457,31.8,18.1,5.37,4.69,0.228,30,6,27.94,1,0
NMR-503392,Worker,Colony-B,22.6,18,0.256,31.7,27.1,7.63,17.08,0.163,31,16,18.56,1,0
NMR-506098,Soldier,Colony-C,50.0,85,0.306,31.2,15.4,5.9,8.81,0.312,24,10,20.17,1,0
NMR-501394,Worker,Colony-A,26.3,59,0.181,31.4,9.8,7.03,15.33,0.045,27,15,16.01,0,1
NMR-502499,Soldier,Colony-D,36.7,27,0.269,32.2,29.1,5.45,6.11,0.543,29,9,12.78,0,1
NMR-506227,Worker,Colony-A,37.9,71,0.203,33.1,16.0,6.79,9.84,0.16,22,7,16.53,0,1
NMR-502746,Worker,Colony-A,29.0,21,0.212,32.0,23.1,7.81,13.45,0.06,28,19,16.63,1,0
NMR-502648,Worker,Colony-C,31.9,60,0.343,31.4,17.1,7.94,14.72,0.22,31,11,18.31,0,1
NMR-503201,Soldier,Colony-A,36.4,50,0.274,31.8,26.4,8.9,16.61,0.077,37,5,21.79,1,0
NMR-503744,Worker,Colony-A,42.2,56,0.176,31.4,36.2,5.53,26.23,0.268,29,9,17.84,1,0
NMR-508123,Soldier,Colony-A,36.3,19,0.249,32.7,19.2,4.17,16.64,0.4,27,9,18.46,0,1
NMR-507949,Soldier,Colony-E,35.4,78,0.186,31.5,12.8,6.09,4.82,0.235,25,9,13.38,1,0
NMR-507272,Soldier,Colony-E,48.6,73,0.243,33.2,20.1,7.96,9.86,0.232,25,11,19.51,1,1
NMR-503669,Breeder,Colony-A,27.8,32,0.219,31.9,13.7,5.18,7.83,0.421,21,11,18.72,0,1
NMR-506450,Soldier,Colony-C,38.2,79,0.309,31.5,16.9,8.29,9.44,0.11,29,12,26.51,1,1
NMR-504250,Queen,Colony-D,46.9,110,0.169,31.6,13.5,8.51,-3.08,0.352,19,10,23.06,1,1
NMR-504004,Worker,Colony-A,28.8,209,0.303,33.0,5.8,8.54,9.86,0.46,22,12,16.54,0,1
NMR-501870,Breeder,Colony-A,41.2,63,0.263,33.0,17.2,8.1,2.67,0.128,31,5,21.28,1,1
NMR-500143,Soldier,Colony-E,36.3,64,0.241,33.0,15.0,8.3,5.68,0.352,26,8,17.37,0,1
NMR-502292,Worker,Colony-C,21.0,57,0.239,31.0,17.8,8.36,9.86,0.333,20,18,20.74,1,0
NMR-509133,Soldier,Colony-B,27.2,75,0.43,33.5,15.1,6.66,7.7,0.227,29,9,19.81,1,0
NMR-505483,Soldier,Colony-E,31.2,43,0.233,32.2,34.3,6.63,16.51,0.289,29,16,23.09,1,1
NMR-506810,Worker,Colony-C,23.9,203,0.188,31.6,27.2,6.86,10.94,0.309,18,10,25.96,1,1
NMR-509366,Soldier,Colony-B,36.0,40,0.146,31.8,15.7,7.64,4.83,0.189,13,20,18.27,1,0
NMR-500053,Worker,Colony-D,26.9,73,0.295,30.9,12.6,6.4,15.69,0.276,21,15,18.55,1,0
NMR-502548,Worker,Colony-D,29.8,103,0.165,33.7,21.8,7.57,10.51,0.041,25,6,13.61,1,0
NMR-503762,Breeder,Colony-A,40.0,41,0.194,31.7,22.3,6.02,9.3,0.224,24,10,19.34,1,1
NMR-508194,Worker,Colony-D,22.9,29,0.208,31.8,24.2,7.61,7.17,0.613,26,11,17.1,1,0
NMR-505937,Breeder,Colony-D,49.5,61,0.482,32.8,24.4,6.54,5.83,0.28,27,11,20.15,0,1
NMR-503596,Soldier,Colony-A,34.9,294,0.257,33.7,7.8,6.21,5.66,0.45,15,12,17.71,1,0
NMR-502987,Worker,Colony-A,27.1,77,0.181,32.7,11.7,6.16,8.47,0.175,17,13,16.31,0,1
NMR-508700,Worker,Colony-D,21.6,30,0.237,30.7,24.0,6.99,14.4,0.323,29,14,21.17,1,0
NMR-500637,Worker,Colony-E,32.9,31,0.238,32.7,17.1,7.2,9.85,0.276,22,4,20.2,1,0
NMR-505711,Worker,Colony-D,29.4,38,0.162,33.0,18.6,5.52,19.26,0.222,26,12,16.46,0,1
NMR-507144,Worker,Colony-D,29.0,48,0.413,32.7,20.2,6.32,11.05,0.454,22,8,23.73,0,1
NMR-506928,Worker,Colony-E,32.0,59,0.318,31.4,21.9,6.29,13.27,0.168,22,8,22.18,1,1
NMR-502441,Worker,Colony-A,25.9,44,0.302,31.5,19.0,7.68,22.23,0.289,20,18,20.07,1,0
NMR-509167,Worker,Colony-B,27.5,70,0.233,30.9,31.2,6.46,16.96,0.208,17,9,13.4,0,0
NMR-506815,Worker,Colony-E,30.9,39,0.136,32.9,27.6,5.88,15.42,0.206,19,10,22.13,1,1
NMR-504998,Soldier,Colony-D,28.6,82,0.252,30.9,35.4,8.38,12.89,0.362,21,15,13.08,1,0
NMR-508501,Breeder,Colony-C,44.8,161,0.252,32.0,17.9,6.17,9.42,0.597,29,10,15.78,0,1
NMR-504618,Breeder,Colony-E,38.8,35,0.371,30.7,14.1,8.18,13.03,0.178,28,9,17.41,0,0
NMR-503555,Worker,Colony-E,29.0,12,0.16,31.0,25.7,7.31,8.07,0.355,28,9,19.35,1,0
NMR-503852,Worker,Colony-B,34.5,42,0.205,34.2,21.8,7.64,20.51,0.336,27,11,18.12,1,0
NMR-507555,Worker,Colony-E,20.8,50,0.342,33.4,14.7,6.33,15.35,0.162,20,10,19.41,0,0
NMR-500650,Worker,Colony-A,25.2,51,0.303,32.4,30.1,5.65,10.18,0.204,19,8,20.13,1,1
NMR-504373,Worker,Colony-B,34.7,48,0.382,32.9,15.2,6.57,10.72,0.287,32,16,21.74,0,0
NMR-503571,Worker,Colony-E,34.1,21,0.297,33.0,20.0,5.83,15.31,0.511,19,8,15.66,0,1
NMR-509845,Worker,Colony-C,26.6,38,0.272,30.3,17.5,6.88,10.24,0.523,18,14,25.25,0,0
NMR-500588,Worker,Colony-B,29.5,43,0.277,33.5,12.5,6.9,13.51,0.348,31,11,18.14,0,0
NMR-501495,Worker,Colony-A,27.3,16,0.156,32.3,25.4,6.84,8.67,0.376,13,10,17.38,1,1
NMR-507988,Worker,Colony-A,17.9,91,0.248,30.6,8.0,6.35,23.21,0.374,37,8,14.71,0,0
NMR-502101,Soldier,Colony-A,43.5,41,0.239,32.8,17.0,4.6,6.81,0.277,34,7,20.01,1,1
NMR-506012,Worker,Colony-E,23.5,67,0.651,32.5,28.6,5.45,19.69,0.106,28,15,12.59,0,1
NMR-503947,Worker,Colony-D,24.3,36,0.232,30.8,16.5,5.68,11.64,0.098,21,10,12.99,1,1
NMR-500425,Worker,Colony-E,38.5,21,0.403,31.4,12.6,5.68,10.8,0.58,29,7,18.53,0,1
NMR-509354,Breeder,Colony-B,32.8,64,0.17,32.1,16.6,7.55,0.47,0.474,21,11,17.49,1,1
NMR-507415,Worker,Colony-B,37.8,29,0.214,31.6,21.7,6.39,9.75,0.117,24,7,21.29,1,1
NMR-506458,Worker,Colony-A,21.0,59,0.205,32.0,21.5,7.55,10.24,0.418,21,12,21.77,1,1
NMR-500502,Worker,Colony-A,19.4,108,0.162,30.9,15.7,5.94,14.88,0.439,28,8,19.8,1,0
NMR-500871,Soldier,Colony-C,24.5,42,0.211,31.0,18.5,5.75,6.46,0.462,24,12,19.12,0,1
NMR-502034,Worker,Colony-E,23.8,93,0.215,33.7,12.6,8.45,10.42,0.48,29,7,24.65,0,1
NMR-505264,Breeder,Colony-C,43.2,48,0.321,32.6,19.5,6.63,8.1,0.191,31,12,16.18,1,1
NMR-508780,Breeder,Colony-C,34.5,58,0.134,32.4,20.7,7.0,5.37,0.449,23,8,24.06,1,1
NMR-503118,Worker,Colony-A,23.9,71,0.281,32.8,44.0,6.68,13.07,0.353,18,6,19.52,1,0
NMR-504416,Worker,Colony-C,25.9,48,0.231,31.8,26.8,6.94,12.02,0.189,24,8,14.42,0,1
NMR-506261,Worker,Colony-C,35.6,122,0.255,32.7,15.8,5.27,11.12,0.375,25,12,20.38,1,0
NMR-504435,Worker,Colony-A,31.1,91,0.331,32.5,46.3,6.27,14.4,0.038,22,16,17.73,1,1
NMR-500236,Worker,Colony-B,28.8,52,0.265,31.4,12.8,6.32,7.52,0.414,14,10,20.79,1,0
NMR-500076,Worker,Colony-B,36.9,51,0.18,33.6,17.6,6.38,10.16,0.155,24,8,18.44,1,1
NMR-508844,Soldier,Colony-C,45.0,81,0.41,33.4,19.9,7.32,11.02,0.336,27,9,18.08,1,1
NMR-503575,Worker,Colony-A,32.1,25,0.204,34.3,12.1,5.44,10.73,0.227,16,13,18.0,1,1
NMR-509357,Breeder,Colony-D,35.0,34,0.286,31.8,32.4,5.54,13.04,0.181,18,14,14.01,0,1
NMR-500134,Worker,Colony-D,41.7,76,0.307,30.8,26.0,6.54,13.34,0.552,26,7,22.83,1,0
NMR-508698,Worker,Colony-D,24.0,66,0.3,31.7,9.6,6.98,12.84,0.274,30,11,19.07,0,0
NMR-507197,Worker,Colony-C,23.4,142,0.195,30.1,11.4,5.91,7.12,0.506,20,10,16.7,0,0
NMR-504256,Worker,Colony-C,36.5,63,0.214,32.6,13.2,8.56,16.24,0.256,26,13,25.19,1,1
NMR-507253,Worker,Colony-A,37.2,25,0.279,30.8,11.0,6.34,8.48,0.392,17,14,14.15,0,1
NMR-509455,Worker,Colony-D,29.6,83,0.172,33.6,31.1,6.61,9.73,0.155,17,6,19.87,1,0
NMR-503169,Worker,Colony-A,25.8,51,0.383,31.3,20.8,8.24,8.39,0.217,22,11,15.12,0,0
NMR-500963,Worker,Colony-C,26.2,48,0.305,32.1,18.2,7.5,14.41,0.294,19,14,20.55,0,1
NMR-509917,Soldier,Colony-B,31.9,64,0.285,31.9,13.1,7.04,19.69,0.227,22,6,27.37,0,1
NMR-502497,Breeder,Colony-C,32.6,55,0.219,32.8,70.6,7.58,10.15,0.444,20,8,20.11,1,1
NMR-508403,Breeder,Colony-B,35.3,32,0.152,31.6,11.4,6.9,9.1,0.292,34,13,22.59,0,0
NMR-505419,Worker,Colony-C,28.0,45,0.302,31.0,9.8,6.12,17.06,0.528,26,14,21.47,0,0
NMR-500822,Worker,Colony-B,26.9,23,0.157,32.9,22.0,8.37,9.76,0.211,24,11,19.25,0,0
NMR-503137,Breeder,Colony-A,34.1,53,0.148,33.8,11.1,6.1,3.8,0.273,26,15,13.5,0,0
NMR-502835,Worker,Colony-A,25.9,28,0.324,33.1,20.7,5.52,10.9,0.361,20,5,17.72,0,1
NMR-505600,Worker,Colony-E,18.5,27,0.179,33.3,9.4,9.03,14.37,0.316,21,6,21.09,0,0
NMR-501380,Soldier,Colony-A,40.2,87,0.351,31.6,13.4,6.75,11.4,0.443,23,8,22.81,0,1
NMR-508121,Worker,Colony-C,36.5,33,0.227,32.4,10.2,6.69,9.99,0.318,21,14,15.51,1,1
NMR-508075,Worker,Colony-B,26.3,109,0.147,32.8,10.7,7.48,12.36,0.412,21,16,18.41,0,1
NMR-501391,Worker,Colony-C,24.1,40,0.151,34.1,17.1,5.67,5.98,0.314,28,12,19.67,1,0
NMR-503493,Worker,Colony-C,23.3,24,0.35,31.1,16.2,8.97,15.01,0.281,23,9,14.4,0,0
NMR-509145,Soldier,Colony-C,32.1,68,0.309,33.2,12.7,6.34,11.24,0.085,29,13,18.39,0,0
NMR-509069,Worker,Colony-A,22.3,58,0.228,32.9,8.5,8.4,22.52,0.064,20,15,17.66,0,0
NMR-503477,Soldier,Colony-E,45.9,62,0.195,31.7,15.9,8.5,13.94,0.209,26,12,16.63,0,1
NMR-501323,Breeder,Colony-D,36.3,110,0.243,31.7,20.8,8.35,14.36,0.238,25,10,21.36,1,1
NMR-504184,Soldier,Colony-E,33.7,41,0.247,32.5,7.7,5.84,8.26,0.419,20,7,18.31,0,1
NMR-500631,Soldier,Colony-C,36.2,44,0.232,32.4,19.1,6.89,13.62,0.494,18,3,20.69,0,1
NMR-500038,Worker,Colony-C,32.2,78,0.19,32.2,19.9,5.89,6.41,0.598,25,11,23.61,1,1
NMR-509842,Worker,Colony-B,31.3,29,0.391,33.4,18.0,6.14,14.61,0.156,35,11,20.11,0,1
NMR-508364,Worker,Colony-A,10.0,30,0.205,33.2,28.6,7.7,13.29,0.215,21,13,19.7,1,0
NMR-500363,Breeder,Colony-C,42.9,45,0.229,32.4,10.1,8.22,9.69,0.36,23,8,26.36,0,0
NMR-505351,Worker,Colony-B,32.9,25,0.176,31.0,23.9,6.34,10.92,0.347,28,10,15.48,0,0
NMR-500281,Worker,Colony-D,17.5,55,0.338,33.1,26.6,8.26,14.97,0.27,29,14,18.83,0,0
NMR-504460,Worker,Colony-C,33.5,44,0.312,33.3,24.8,6.57,10.62,0.251,16,12,24.99,1,0
NMR-508707,Worker,Colony-B,32.1,80,0.377,31.8,11.7,4.97,17.82,0.196,27,15,18.16,0,0
NMR-509392,Worker,Colony-E,18.4,86,0.242,30.0,30.6,7.81,6.57,0.347,19,9,17.76,1,0
NMR-504993,Worker,Colony-D,23.4,91,0.202,30.1,32.8,6.2,7.77,0.189,30,9,18.83,1,0
NMR-509242,Soldier,Colony-C,40.0,236,0.259,29.8,32.9,7.02,13.77,0.401,24,18,20.91,1,0
NMR-503357,Worker,Colony-A,37.5,31,0.328,32.7,32.8,8.26,24.37,0.094,27,11,20.85,1,0
NMR-503131,Worker,Colony-E,37.5,41,0.166,33.1,33.3,7.34,9.99,0.382,17,14,18.49,1,0
NMR-508807,Worker,Colony-D,21.0,77,0.247,29.2,29.0,5.81,16.47,0.308,17,11,25.65,1,0
NMR-508731,Worker,Colony-E,35.5,69,0.344,31.8,21.7,8.43,15.61,0.465,18,16,20.65,0,1
NMR-507894,Worker,Colony-C,23.7,110,0.243,31.6,24.3,6.57,10.52,0.223,27,13,22.06,1,0
NMR-501267,Breeder,Colony-C,45.9,74,0.133,33.4,16.5,8.78,8.23,0.343,34,13,15.06,0,1
NMR-502568,Soldier,Colony-D,37.4,101,0.192,32.9,19.6,6.04,4.99,0.315,23,12,23.5,1,0
NMR-507104,Breeder,Colony-A,32.1,91,0.301,30.9,12.2,5.73,4.07,0.081,18,6,16.75,0,0
NMR-502774,Worker,Colony-D,31.9,48,0.147,32.8,32.8,9.22,10.16,0.167,22,6,22.19,1,1
NMR-509587,Worker,Colony-C,32.8,61,0.328,31.6,24.0,7.56,11.89,0.169,27,12,16.74,0,1
NMR-506713,Soldier,Colony-E,29.0,34,0.292,32.6,17.0,5.28,12.78,0.347,32,11,16.54,0,1
NMR-502273,Soldier,Colony-A,38.8,117,0.15,32.0,16.6,7.44,9.75,0.175,24,6,17.88,1,1
NMR-505950,Worker,Colony-C,34.9,58,0.378,31.6,26.5,7.27,15.65,0.286,25,12,15.53,0,1
NMR-504496,Worker,Colony-A,34.0,55,0.233,32.1,13.4,7.89,9.84,0.381,25,12,16.21,0,1
NMR-505205,Soldier,Colony-C,36.9,124,0.275,32.6,22.2,7.17,14.88,0.393,26,12,20.57,1,1
NMR-501676,Soldier,Colony-A,29.5,66,0.167,32.4,17.7,6.5,5.63,0.49,31,13,18.07,1,1
NMR-504306,Worker,Colony-D,21.9,28,0.361,31.8,17.0,6.86,7.64,0.131,32,10,17.28,0,1
NMR-506862,Worker,Colony-B,33.1,54,0.346,33.1,20.7,8.5,19.27,0.289,22,12,18.8,1,0
NMR-500825,Worker,Colony-B,34.0,34,0.326,31.0,37.1,7.0,10.93,0.12,23,14,21.25,1,0
NMR-500575,Queen,Colony-B,37.1,43,0.364,30.7,12.6,7.29,-3.9,0.288,27,12,19.72,0,0
NMR-509916,Worker,Colony-A,41.1,92,0.314,31.5,20.4,6.42,16.16,0.412,35,10,18.82,0,0
NMR-501827,Soldier,Colony-D,42.1,98,0.319,32.6,45.5,6.62,11.2,0.409,21,8,18.26,1,1
NMR-509323,Worker,Colony-C,37.3,38,0.155,30.5,16.2,5.31,13.62,0.252,13,11,25.61,1,1
NMR-505774,Worker,Colony-B,30.7,31,0.24,31.8,15.9,7.16,10.62,0.335,22,15,16.24,0,1
NMR-506283,Breeder,Colony-D,49.3,119,0.197,31.1,12.3,5.11,8.38,0.269,23,8,24.21,1,0
NMR-501046,Worker,Colony-A,23.1,118,0.405,31.8,6.7,2.94,13.76,0.3,22,11,14.73,0,0
NMR-507935,Queen,Colony-A,44.3,20,0.186,32.6,9.0,7.1,-1.32,0.187,18,10,22.46,1,0
NMR-503604,Soldier,Colony-D,37.5,49,0.296,31.0,9.9,6.1,11.83,0.534,21,7,18.8,0,0
NMR-500136,Worker,Colony-E,21.0,44,0.243,32.5,29.0,8.23,12.63,0.302,20,12,15.26,1,0
NMR-500282,Worker,Colony-C,31.3,34,0.732,31.9,16.4,6.91,11.14,0.551,28,9,19.01,0,1
NMR-508616,Worker,Colony-B,28.8,45,0.182,32.8,14.0,7.23,12.23,0.426,26,5,16.92,1,0
NMR-509764,Soldier,Colony-D,39.5,52,0.467,32.3,21.2,4.34,10.75,0.491,26,14,20.0,0,1
NMR-501585,Breeder,Colony-B,38.1,70,0.261,33.0,22.2,8.56,6.87,0.241,30,11,20.47,1,0
NMR-505477,Worker,Colony-A,21.1,65,0.231,31.3,21.9,8.8,7.91,0.332,28,14,24.08,1,1
NMR-509314,Worker,Colony-A,37.7,47,0.198,32.0,32.0,7.41,9.33,0.101,21,20,22.13,1,1
NMR-507868,Worker,Colony-E,33.7,50,0.169,30.9,6.4,5.44,11.82,0.109,23,10,17.84,0,0
NMR-507718,Soldier,Colony-E,41.3,44,0.3,32.7,13.9,7.83,6.54,0.139,19,13,17.33,0,1
NMR-508352,Breeder,Colony-D,44.7,58,0.141,31.9,27.1,5.71,4.31,0.448,25,13,17.96,1,1
NMR-508871,Soldier,Colony-C,44.0,24,0.253,32.5,8.6,7.72,38.58,0.5,30,6,17.74,0,0
NMR-500072,Soldier,Colony-C,25.8,103,0.274,31.1,15.9,7.41,5.27,0.284,25,9,18.68,0,0
NMR-507852,Soldier,Colony-C,35.9,114,0.193,32.2,17.6,6.53,25.07,0.127,22,15,20.5,0,0
NMR-503983,Worker,Colony-A,34.3,37,0.333,32.2,11.2,6.24,6.62,0.464,37,16,15.67,0,1
NMR-509065,Worker,Colony-A,22.8,219,0.182,31.1,18.6,6.07,12.67,0.515,19,11,18.4,0,0
NMR-505394,Worker,Colony-C,38.1,38,0.238,31.1,29.8,6.45,12.01,0.214,13,9,16.81,1,0
NMR-506381,Breeder,Colony-C,40.3,21,0.348,31.7,10.6,5.59,4.72,0.298,25,13,22.08,0,1
NMR-509474,Worker,Colony-E,34.7,58,0.152,30.5,19.5,8.18,17.15,0.32,21,8,22.9,1,0
NMR-508306,Soldier,Colony-C,41.6,95,0.261,31.3,10.5,5.02,9.41,0.299,29,5,18.57,0,0
NMR-509714,Worker,Colony-E,23.8,31,0.382,33.3,17.0,6.49,8.49,0.215,13,10,10.65,0,0
NMR-506787,Worker,Colony-E,24.6,24,0.246,31.7,16.5,8.94,6.54,0.427,25,9,18.56,0,0
NMR-503885,Worker,Colony-D,32.4,58,0.261,32.4,24.6,7.17,6.36,0.28,29,12,20.06,0,1
NMR-501468,Worker,Colony-C,30.9,20,0.258,32.7,30.7,6.8,7.35,0.38,19,9,20.15,1,1
NMR-502306,Worker,Colony-D,35.0,54,0.205,32.5,23.6,7.03,12.94,0.285,25,5,24.49,1,0
NMR-501527,Soldier,Colony-C,34.1,54,0.209,31.5,11.4,7.16,5.53,0.283,19,17,21.34,1,1
NMR-504683,Worker,Colony-D,32.9,42,0.27,32.4,9.1,7.63,9.62,0.186,25,12,20.22,0,1
NMR-508025,Soldier,Colony-E,39.0,38,0.197,32.4,9.2,7.12,21.34,0.461,21,12,15.11,0,0
NMR-505827,Worker,Colony-B,12.4,44,0.329,32.1,11.6,8.41,18.9,0.299,27,6,21.44,1,1
NMR-505181,Worker,Colony-A,34.5,17,0.286,31.4,20.6,6.8,11.92,0.421,21,15,19.79,1,1
NMR-501702,Soldier,Colony-E,38.4,49,0.338,32.7,9.9,6.58,4.5,0.076,23,13,22.2,0,1
NMR-500466,Soldier,Colony-D,23.9,71,0.2,32.3,15.5,3.58,8.08,0.138,28,11,14.43,0,0
NMR-503634,Breeder,Colony-E,52.4,49,0.301,33.0,28.3,6.68,11.59,0.256,26,9,19.0,0,1
NMR-508233,Soldier,Colony-B,42.9,125,0.266,33.3,14.5,7.0,13.93,0.029,19,8,22.61,0,1
NMR-501725,Worker,Colony-A,14.9,65,0.19,31.2,16.3,6.78,11.62,0.148,23,10,20.66,1,0
NMR-506066,Soldier,Colony-C,39.5,66,0.317,32.4,9.6,6.42,8.22,0.023,23,10,25.25,0,0
NMR-505136,Worker,Colony-D,31.4,62,0.292,31.9,18.3,9.28,7.59,0.488,21,15,19.83,0,1
NMR-500486,Worker,Colony-D,35.0,68,0.215,32.0,22.0,6.55,7.35,0.511,22,11,15.69,1,1
NMR-509154,Worker,Colony-B,28.0,32,0.248,34.4,16.3,8.47,10.85,0.307,18,14,19.62,0,0
NMR-503793,Worker,Colony-C,25.3,30,0.26,33.0,27.6,6.92,14.07,0.486,27,11,21.07,0,0
NMR-502189,Breeder,Colony-B,47.3,80,0.35,31.1,23.5,6.44,5.56,0.12,18,14,19.54,0,0
NMR-502102,Soldier,Colony-C,34.7,40,0.276,31.9,12.1,6.09,10.42,0.476,19,7,17.19,0,1
NMR-502558,Soldier,Colony-E,28.7,45,0.268,31.7,12.2,4.92,6.31,0.304,23,13,20.32,0,1
NMR-506552,Soldier,Colony-A,23.5,46,0.244,32.7,18.8,7.54,14.15,0.238,30,11,16.75,1,1
NMR-505543,Soldier,Colony-E,34.1,37,0.26,30.5,15.2,5.06,19.0,0.267,19,15,14.81,0,1
NMR-507739,Worker,Colony-B,30.8,88,0.244,33.5,23.8,7.44,15.1,0.443,20,12,20.46,1,1
NMR-506596,Worker,Colony-E,24.6,56,0.158,32.4,23.5,7.76,12.83,0.337,22,10,18.77,1,1
NMR-509140,Worker,Colony-B,24.7,160,0.226,32.5,11.9,6.56,8.59,0.305,30,15,16.6,1,1
NMR-506367,Worker,Colony-E,27.6,52,0.37,31.2,13.8,7.62,11.13,0.289,26,7,21.19,0,0
NMR-509008,Breeder,Colony-C,38.6,100,0.362,31.2,31.6,5.57,2.29,0.241,34,5,19.35,0,0
NMR-505461,Worker,Colony-A,23.5,45,0.158,32.2,18.6,6.26,19.28,0.341,26,14,19.33,1,1
NMR-507559,Worker,Colony-D,25.3,54,0.36,33.1,22.9,7.18,9.59,0.327,21,8,13.31,0,0
NMR-503745,Queen,Colony-D,39.4,54,0.228,33.6,22.6,6.65,8.23,0.314,29,13,23.0,1,0
NMR-503696,Worker,Colony-D,24.8,55,0.268,32.4,25.6,8.88,10.59,0.263,26,11,18.53,1,0
NMR-506636,Soldier,Colony-B,39.6,46,0.221,31.3,21.2,6.38,9.34,0.433,26,10,19.63,0,0
NMR-507666,Worker,Colony-D,31.5,58,0.267,32.4,5.9,7.92,6.93,0.312,26,12,17.66,0,0
NMR-506387,Worker,Colony-C,42.8,54,0.28,31.3,39.5,6.8,19.41,0.313,20,12,16.87,0,0
NMR-500757,Worker,Colony-C,43.2,22,0.146,32.9,17.7,6.7,56.47,0.223,18,14,19.72,0,0
NMR-502971,Breeder,Colony-B,35.8,41,0.132,31.6,22.8,5.87,10.93,0.503,22,16,23.59,1,1
NMR-508264,Worker,Colony-D,30.8,91,0.273,30.5,16.2,8.57,16.84,0.54,21,13,26.36,1,1
NMR-506216,Worker,Colony-B,36.7,39,0.3,32.1,15.2,6.82,45.53,0.365,18,4,19.69,0,0
NMR-503998,Soldier,Colony-A,41.8,46,0.242,32.1,17.9,7.84,7.38,0.315,31,9,21.49,0,1
NMR-504314,Breeder,Colony-C,40.5,45,0.215,32.2,10.6,7.09,7.04,0.087,26,4,18.86,0,1
NMR-503057,Worker,Colony-B,27.4,22,0.186,31.1,20.1,7.36,9.78,0.46,29,11,22.21,1,0
NMR-508657,Breeder,Colony-A,43.2,112,0.29,31.5,18.2,5.99,5.26,0.242,18,8,14.38,0,0
NMR-503892,Worker,Colony-C,32.2,93,0.192,32.5,27.7,8.0,7.26,0.161,15,13,19.26,0,1
NMR-505261,Worker,Colony-E,28.8,64,0.259,32.7,10.8,6.38,11.41,0.512,21,15,15.29,0,0
NMR-501866,Soldier,Colony-C,34.0,41,0.243,30.4,9.8,7.29,8.6,0.179,25,16,16.6,0,0
NMR-503326,Soldier,Colony-E,33.9,80,0.244,31.1,16.2,7.03,16.31,0.651,16,14,21.14,1,0
NMR-502178,Breeder,Colony-B,46.3,42,0.183,33.2,53.0,5.52,13.06,0.374,24,9,20.94,1,0
NMR-504162,Worker,Colony-A,24.1,50,0.194,31.6,27.1,6.83,16.76,0.259,33,6,17.36,0,1
NMR-502185,Worker,Colony-A,34.8,50,0.307,31.4,19.8,6.94,18.93,0.31,20,11,15.54,0,1
NMR-509668,Soldier,Colony-E,30.8,251,0.284,30.9,14.9,5.48,9.64,0.451,36,14,20.99,0,0
NMR-508822,Soldier,Colony-A,40.7,139,0.265,32.1,19.9,4.33,8.12,0.136,29,11,18.47,1,0
NMR-506690,Worker,Colony-A,22.7,28,0.317,31.0,24.7,7.89,14.5,0.293,30,5,16.15,0,0
NMR-508128,Worker,Colony-A,30.0,47,0.344,34.5,16.6,7.6,19.15,0.182,24,9,22.76,1,0
NMR-508218,Soldier,Colony-E,34.2,59,0.166,30.7,11.0,8.21,8.96,0.469,16,13,18.42,0,0
NMR-501506,Soldier,Colony-D,33.7,52,0.183,33.8,19.3,6.82,8.91,0.194,26,15,17.07,1,0
NMR-509112,Worker,Colony-B,27.4,20,0.263,33.0,30.9,7.2,11.24,0.392,25,15,21.41,1,0
NMR-501840,Worker,Colony-C,32.3,67,0.308,31.3,9.8,5.81,14.61,0.321,30,8,23.67,1,0
NMR-507564,Soldier,Colony-B,37.1,46,0.306,32.9,15.4,5.92,5.99,0.495,27,11,16.56,0,1
NMR-500066,Worker,Colony-B,24.5,39,0.249,31.1,13.9,7.61,15.63,0.26,25,9,23.49,1,0
NMR-507467,Worker,Colony-C,29.8,139,0.306,31.9,46.6,10.65,12.23,0.447,26,3,15.97,1,1
NMR-509058,Worker,Colony-B,40.7,36,0.336,32.9,9.5,6.78,26.72,0.348,26,18,21.03,1,1
NMR-505788,Soldier,Colony-A,38.0,47,0.22,31.6,6.9,9.85,19.61,0.218,19,11,21.33,0,1
NMR-505475,Soldier,Colony-D,31.1,65,0.203,32.5,47.2,8.71,7.16,0.465,27,8,22.27,1,1
NMR-504766,Soldier,Colony-E,30.5,54,0.286,32.0,21.1,6.01,5.09,0.367,26,8,26.6,1,1
NMR-502750,Soldier,Colony-E,40.7,62,0.275,32.6,13.4,6.53,5.92,0.216,27,11,20.98,0,1
NMR-507601,Queen,Colony-A,41.1,20,0.396,32.4,14.0,7.33,4.41,0.235,25,12,20.27,0,0
NMR-505001,Soldier,Colony-A,35.6,58,0.176,32.4,16.6,8.29,5.19,0.388,23,11,19.76,0,1
NMR-500073,Worker,Colony-D,25.5,37,0.358,32.4,10.1,5.5,33.52,0.603,30,10,18.56,0,1
NMR-504523,Worker,Colony-A,20.2,62,0.223,31.3,21.1,5.88,12.72,0.156,25,7,16.83,1,0
NMR-504823,Worker,Colony-A,23.3,56,0.362,32.7,10.7,6.08,7.86,0.43,22,12,19.94,0,0
NMR-502714,Breeder,Colony-E,46.0,45,0.235,32.6,24.4,4.87,2.37,0.32,29,16,25.29,1,1
NMR-500543,Worker,Colony-D,25.2,45,0.365,31.3,5.5,8.01,12.76,0.173,21,12,17.01,1,0
NMR-508638,Soldier,Colony-B,38.9,72,0.225,31.1,14.3,8.93,5.53,0.334,24,15,21.68,0,1
NMR-502324,Soldier,Colony-D,27.8,40,0.254,31.5,17.9,7.72,12.24,0.462,24,13,19.8,1,0
NMR-509940,Worker,Colony-D,41.7,197,0.142,31.6,19.7,8.74,8.82,0.348,21,6,17.99,1,1
NMR-507141,Queen,Colony-D,41.3,77,0.328,32.2,20.4,6.07,5.18,0.299,27,10,22.19,0,0
NMR-504244,Worker,Colony-C,27.5,50,0.353,31.2,42.5,6.34,6.89,0.159,27,9,19.15,1,0
NMR-500431,Worker,Colony-D,23.6,50,0.263,32.6,12.7,5.55,10.31,0.606,28,9,20.94,1,1
NMR-507575,Worker,Colony-D,31.9,49,0.195,30.9,14.5,8.66,16.54,0.396,32,12,19.16,1,0
NMR-504179,Soldier,Colony-A,34.1,62,0.282,33.5,16.5,6.87,8.86,0.252,27,14,17.34,1,0
NMR-506097,Queen,Colony-D,48.3,48,0.187,32.6,14.0,6.98,5.86,0.091,27,15,17.47,1,1
NMR-503066,Soldier,Colony-A,21.3,106,0.263,31.4,16.6,6.92,8.95,0.163,21,13,23.65,1,0
NMR-504818,Soldier,Colony-D,35.1,30,0.239,33.0,15.6,6.31,7.75,0.238,27,11,23.08,1,1
NMR-509162,Worker,Colony-E,29.5,79,0.224,32.9,40.2,8.48,8.81,0.387,24,10,22.04,1,1
NMR-508110,Breeder,Colony-D,44.5,39,0.25,32.8,11.8,5.58,8.55,0.222,30,9,18.38,1,1
NMR-509945,Soldier,Colony-C,28.3,89,0.18,31.3,11.5,5.45,11.73,0.132,20,17,24.21,1,0
NMR-506409,Soldier,Colony-A,33.5,98,0.233,31.7,10.1,5.8,5.12,0.108,17,7,18.52,0,0
NMR-503923,Worker,Colony-D,18.4,28,0.367,31.0,17.1,8.45,17.5,0.392,22,11,16.94,0,0
NMR-508491,Soldier,Colony-D,24.9,44,0.199,32.3,14.0,8.54,7.04,0.251,21,8,22.78,0,1
NMR-505912,Breeder,Colony-A,39.6,57,0.259,33.4,16.3,6.69,16.76,0.217,22,8,18.67,1,0
NMR-502811,Worker,Colony-B,34.2,14,0.207,32.3,18.9,7.25,28.62,0.057,26,15,17.84,1,1
NMR-503796,Worker,Colony-D,31.9,53,0.165,31.7,15.1,6.22,13.41,0.15,17,13,20.51,1,1
NMR-502689,Breeder,Colony-D,37.8,42,0.163,33.1,18.0,8.5,3.05,0.62,29,7,19.95,1,0
NMR-505859,Soldier,Colony-E,37.0,43,0.294,32.7,14.0,6.94,13.71,0.159,20,17,22.32,0,1
NMR-506510,Soldier,Colony-D,27.6,37,0.233,32.2,23.4,5.32,18.43,0.265,29,8,15.59,0,1
NMR-502793,Worker,Colony-C,33.3,76,0.473,32.7,17.5,8.52,11.09,0.296,21,12,14.81,0,1
NMR-501985,Worker,Colony-C,34.9,27,0.261,32.5,10.3,5.71,19.92,0.343,21,6,19.26,0,1
NMR-508830,Worker,Colony-A,28.8,63,0.191,32.2,20.1,6.28,10.24,0.101,21,11,22.25,0,1
NMR-506874,Soldier,Colony-A,38.9,27,0.25,30.6,18.9,8.63,4.93,0.225,30,14,18.83,1,0
NMR-507078,Breeder,Colony-E,35.1,29,0.184,31.8,14.1,8.45,14.93,0.094,13,9,16.05,0,0
NMR-507231,Worker,Colony-A,25.6,74,0.428,33.1,22.9,7.38,16.82,0.199,24,9,18.89,0,1
NMR-508232,Breeder,Colony-C,38.6,238,0.287,31.8,15.2,6.19,-0.0,0.495,25,6,23.84,1,0
NMR-504487,Queen,Colony-E,45.7,101,0.231,32.4,14.6,6.83,-2.0,0.116,24,10,13.24,0,1
NMR-507227,Worker,Colony-C,15.0,25,0.231,30.9,24.4,9.39,12.37,0.491,17,11,18.0,0,0
NMR-502720,Soldier,Colony-A,36.1,47,0.246,31.7,20.8,6.63,11.72,0.194,21,6,22.16,1,0
NMR-503722,Worker,Colony-E,26.0,110,0.317,32.1,20.0,7.84,19.25,0.239,24,3,19.38,1,1
NMR-508305,Soldier,Colony-A,45.7,110,0.223,31.5,31.0,7.92,6.17,0.086,25,13,16.9,1,1
NMR-503663,Worker,Colony-A,33.9,95,0.19,32.8,24.6,4.88,10.0,0.432,18,12,17.53,0,0
NMR-507785,Worker,Colony-E,22.4,28,0.253,31.4,16.4,7.08,10.56,0.179,28,9,19.95,1,0
NMR-502333,Queen,Colony-A,43.9,60,0.093,32.2,25.1,5.53,3.08,0.116,22,12,14.16,0,1
NMR-505121,Worker,Colony-B,26.0,70,0.465,32.4,24.6,7.63,24.87,0.392,21,8,15.67,0,1
NMR-507957,Soldier,Colony-E,37.6,91,0.329,30.7,25.8,6.77,23.01,0.77,32,9,17.47,0,0
NMR-505625,Worker,Colony-C,41.0,74,0.296,33.0,13.4,6.54,18.62,0.132,25,10,17.19,0,0
NMR-504798,Worker,Colony-A,29.9,175,0.283,32.5,15.5,7.88,14.93,0.16,14,9,18.1,1,1
NMR-502806,Worker,Colony-D,33.2,82,0.278,32.6,14.5,6.7,17.76,0.286,25,6,18.04,0,1
NMR-507956,Worker,Colony-E,37.1,50,0.255,33.2,11.7,5.88,14.23,0.279,34,15,16.43,0,1
NMR-505676,Worker,Colony-B,34.8,63,0.446,31.9,19.4,7.03,8.19,0.333,15,12,15.46,0,1
NMR-504761,Worker,Colony-A,41.5,32,0.212,33.8,34.8,8.22,13.69,0.333,22,9,15.85,1,0
NMR-501156,Worker,Colony-C,41.3,38,0.206,31.7,27.1,5.27,19.82,0.463,27,14,20.35,1,1
NMR-502215,Breeder,Colony-C,34.7,44,0.289,31.1,8.4,8.39,0.1,0.079,28,12,16.57,0,0
NMR-507738,Worker,Colony-E,32.7,40,0.241,31.1,40.4,5.78,8.94,0.077,16,12,19.81,1,1
NMR-501862,Worker,Colony-A,32.8,56,0.203,30.4,18.1,6.38,9.69,0.396,27,12,15.8,0,0
NMR-501631,Worker,Colony-B,30.3,67,0.235,31.9,9.6,5.62,7.6,0.384,25,17,23.85,1,0
NMR-500828,Breeder,Colony-D,34.4,62,0.226,30.8,42.9,5.61,5.85,0.196,26,10,19.03,1,0
NMR-509932,Worker,Colony-E,25.0,52,0.298,31.2,29.3,5.95,11.37,0.203,24,13,17.33,0,1
NMR-504280,Breeder,Colony-C,33.4,61,0.252,31.0,25.9,5.66,9.78,0.383,26,8,18.6,1,0
NMR-508451,Worker,Colony-B,29.2,61,0.182,31.9,15.8,7.52,17.52,0.504,26,6,24.2,1,1
NMR-506506,Worker,Colony-A,34.9,115,0.2,32.6,7.8,6.06,13.32,0.394,23,12,18.59,0,0
NMR-507598,Soldier,Colony-B,27.4,40,0.174,33.9,19.9,5.83,5.41,0.362,22,9,21.62,1,0
NMR-509380,Worker,Colony-A,35.0,110,0.233,31.2,16.7,4.49,15.88,0.501,25,7,19.77,1,0
NMR-505570,Breeder,Colony-C,32.9,21,0.192,31.4,42.4,8.18,6.64,0.186,31,12,15.47,1,0
NMR-501941,Worker,Colony-C,28.4,83,0.209,32.9,12.1,7.64,13.8,0.265,25,7,14.23,0,1
NMR-504045,Worker,Colony-D,29.1,66,0.16,31.4,23.9,6.87,15.23,0.214,26,12,15.83,0,0
NMR-509513,Worker,Colony-C,28.2,59,0.283,32.0,46.4,7.86,12.39,0.406,27,15,19.93,1,1
NMR-504985,Worker,Colony-E,29.8,61,0.168,32.3,25.6,5.19,6.92,0.575,26,15,20.04,0,1
NMR-506041,Worker,Colony-E,34.8,40,0.202,33.1,44.3,6.79,12.22,0.267,28,14,16.62,1,0
NMR-508717,Soldier,Colony-B,33.0,41,0.119,31.8,27.7,6.84,12.74,0.186,24,8,20.41,1,0
NMR-502276,Breeder,Colony-D,45.4,40,0.339,33.0,17.3,7.92,1.97,0.16,21,9,18.62,0,0
NMR-506850,Worker,Colony-A,41.4,38,0.242,32.7,12.1,5.1,10.78,0.43,33,7,23.49,0,1
NMR-509033,Soldier,Colony-C,34.9,91,0.319,31.6,16.1,7.49,10.27,0.212,24,7,15.24,0,0
NMR-500668,Worker,Colony-E,27.3,84,0.198,32.8,9.0,5.39,9.45,0.217,24,16,19.26,0,0
NMR-506119,Worker,Colony-D,35.9,22,0.274,33.4,30.9,7.74,8.82,0.693,18,14,21.33,0,0
NMR-505875,Worker,Colony-A,29.8,74,0.313,30.5,14.3,9.07,11.94,0.182,22,10,14.68,0,1
NMR-503465,Soldier,Colony-E,31.5,72,0.239,31.9,30.7,9.14,9.69,0.292,32,8,21.53,1,1
NMR-509387,Worker,Colony-C,29.4,48,0.288,31.2,27.5,6.67,17.72,0.222,25,10,17.1,0,0
NMR-506521,Worker,Colony-C,28.4,53,0.195,33.1,40.4,4.64,20.02,0.296,21,5,22.53,1,0
NMR-509383,Soldier,Colony-A,33.6,55,0.193,31.3,48.9,8.41,9.23,0.269,27,12,22.07,1,1
NMR-503618,Soldier,Colony-C,38.2,61,0.233,32.0,17.7,7.1,7.53,0.314,30,11,18.14,1,1
NMR-509589,Worker,Colony-D,24.8,101,0.229,32.6,20.2,8.16,14.76,0.352,27,7,23.61,1,1
NMR-501966,Soldier,Colony-C,38.6,46,0.156,33.1,33.2,7.58,14.85,0.193,22,14,17.39,1,0
NMR-504258,Soldier,Colony-B,25.1,29,0.314,31.9,42.2,4.27,12.04,0.367,26,7,15.24,1,1
NMR-501377,Worker,Colony-E,25.6,65,0.329,31.4,28.1,6.24,10.84,0.246,25,11,21.72,1,0
NMR-502593,Worker,Colony-D,34.3,54,0.342,32.5,27.0,7.1,24.42,0.356,21,11,15.98,0,0
NMR-507839,Worker,Colony-A,29.5,11,0.282,32.5,15.2,8.01,18.06,0.319,31,9,19.35,1,0
NMR-505981,Worker,Colony-A,29.3,83,0.227,34.3,17.1,6.89,7.45,0.333,24,11,16.75,0,0
NMR-508866,Worker,Colony-D,19.3,69,0.296,31.1,12.0,5.32,11.22,0.272,29,9,24.25,0,0
NMR-504740,Soldier,Colony-D,37.0,29,0.316,32.3,14.4,5.17,13.11,0.206,26,10,15.7,0,1
NMR-506468,Soldier,Colony-C,34.6,43,0.468,32.9,14.0,7.33,9.66,0.249,26,13,19.57,0,1
NMR-505111,Worker,Colony-E,30.9,50,0.168,32.7,18.1,8.05,8.94,0.284,33,13,20.4,1,0
NMR-502585,Worker,Colony-C,40.8,69,0.19,32.6,8.2,6.9,9.62,0.166,15,7,20.65,0,0
NMR-505507,Worker,Colony-D,29.2,76,0.221,34.0,10.8,6.07,16.57,0.603,22,11,20.82,0,0
NMR-506180,Breeder,Colony-B,32.1,38,0.171,32.6,17.5,6.36,24.92,0.114,27,9,15.11,0,1
NMR-501955,Worker,Colony-C,22.3,78,0.451,33.2,10.3,4.99,10.15,0.305,23,7,16.86,0,0
NMR-503188,Worker,Colony-C,32.1,62,0.368,33.6,23.2,8.23,16.37,0.222,17,15,19.85,0,0
NMR-502401,Soldier,Colony-A,40.5,70,0.255,31.4,15.8,8.06,8.19,0.418,22,6,15.73,0,1
NMR-505524,Worker,Colony-B,31.7,36,0.277,32.4,30.6,6.77,10.8,0.384,21,11,21.95,1,1
NMR-509344,Soldier,Colony-E,37.1,64,0.244,32.3,29.1,6.94,15.02,0.368,24,5,22.22,1,1
NMR-500394,Soldier,Colony-D,30.9,25,0.158,33.9,27.4,6.02,12.59,0.154,31,18,18.05,1,0
NMR-502143,Soldier,Colony-E,34.3,132,0.232,31.4,25.4,7.95,5.23,0.23,32,11,21.77,1,1
NMR-500576,Soldier,Colony-A,25.7,63,0.23,31.2,6.0,6.39,6.63,0.318,13,5,21.64,1,0
NMR-503133,Worker,Colony-E,35.6,43,0.263,32.1,11.4,5.6,13.25,0.548,37,15,21.61,1,1
NMR-506209,Soldier,Colony-E,31.9,30,0.197,30.8,11.2,6.4,8.66,0.395,24,10,22.26,1,0
NMR-505685,Worker,Colony-D,36.8,39,0.249,32.0,24.8,8.01,11.87,0.234,22,6,18.37,0,0
NMR-508127,Soldier,Colony-D,37.8,28,0.251,31.7,14.1,5.82,10.0,0.253,29,17,15.83,0,1
NMR-501560,Worker,Colony-B,18.6,58,0.182,33.1,10.7,6.51,12.36,0.196,20,12,15.14,0,0
NMR-506901,Worker,Colony-A,29.4,99,0.283,33.7,13.9,7.86,12.54,0.457,22,13,16.39,0,1
NMR-508399,Soldier,Colony-A,27.0,43,0.222,32.2,28.9,7.29,10.85,0.308,18,9,16.49,1,0
NMR-502371,Worker,Colony-B,34.2,45,0.175,33.1,20.5,6.47,11.22,0.116,27,8,24.03,0,0
NMR-504612,Soldier,Colony-C,26.4,31,0.204,33.1,17.3,7.63,24.19,0.467,18,12,19.79,1,0
NMR-510000,Soldier,Colony-C,30.9,88,0.356,32.8,12.5,8.27,12.04,0.146,23,9,16.38,0,1
NMR-509744,Worker,Colony-D,26.7,59,0.378,32.5,25.9,6.95,20.75,0.311,17,9,23.35,1,0
NMR-509759,Soldier,Colony-B,32.8,40,0.425,31.6,38.1,6.29,6.75,0.281,39,8,23.11,1,0
NMR-505705,Worker,Colony-B,39.9,29,0.288,31.5,29.1,6.07,13.17,0.192,19,6,14.19,0,1
NMR-506656,Soldier,Colony-E,33.3,59,0.272,31.9,17.2,6.64,6.37,0.478,26,14,22.1,1,1
NMR-500049,Worker,Colony-A,29.8,98,0.219,31.8,21.9,5.01,11.19,0.418,30,10,21.52,1,0
NMR-507731,Soldier,Colony-E,38.2,21,0.351,31.0,11.9,8.39,2.09,0.223,20,16,24.66,1,0
NMR-500079,Breeder,Colony-E,43.2,125,0.306,33.7,24.7,6.52,1.47,0.452,17,12,26.5,1,0
NMR-509083,Worker,Colony-B,32.0,37,0.364,32.3,10.2,6.95,12.24,0.429,23,11,19.99,0,0
NMR-508849,Worker,Colony-A,28.2,115,0.222,32.4,14.5,8.34,20.48,0.37,30,15,17.45,0,1
NMR-507330,Worker,Colony-B,25.2,132,0.33,32.3,16.4,6.54,9.35,0.38,20,3,17.5,0,1
NMR-507792,Worker,Colony-B,23.6,76,0.183,32.9,30.5,7.01,9.52,0.476,20,10,19.1,1,0
NMR-508708,Worker,Colony-D,35.5,52,0.301,31.1,15.8,6.34,9.79,0.319,32,8,22.18,0,0
NMR-508401,Soldier,Colony-D,29.7,120,0.193,30.3,12.7,5.58,8.06,0.338,23,12,20.91,1,0
NMR-509856,Worker,Colony-B,28.5,59,0.305,32.0,20.7,5.69,13.47,0.44,22,13,23.66,1,1
NMR-509811,Worker,Colony-E,34.8,38,0.252,32.4,11.3,6.87,22.2,0.304,28,15,16.8,0,1
NMR-502225,Breeder,Colony-C,37.5,98,0.204,33.6,18.6,5.92,4.38,0.186,32,9,19.43,0,0
NMR-509713,Worker,Colony-B,29.6,69,0.429,33.6,18.2,7.63,23.38,0.409,34,14,19.44,0,0
NMR-506758,Worker,Colony-A,37.4,32,0.245,31.3,15.1,6.75,20.64,0.245,19,10,16.46,1,1
NMR-502860,Soldier,Colony-B,39.4,26,0.34,31.1,25.2,8.82,22.47,0.429,27,5,20.68,1,0
NMR-504950,Soldier,Colony-B,33.7,94,0.216,32.4,15.3,5.66,17.86,0.275,15,13,18.57,0,0
NMR-506328,Worker,Colony-D,34.6,85,0.234,33.6,19.3,6.63,13.09,0.298,33,9,20.68,1,0
NMR-504378,Worker,Colony-B,32.6,17,0.387,31.4,24.5,4.54,17.35,0.386,23,9,14.67,0,1
NMR-500802,Soldier,Colony-D,31.6,69,0.293,33.1,12.2,4.63,12.2,0.418,21,8,19.24,0,0
NMR-508671,Breeder,Colony-A,39.7,99,0.211,32.9,30.2,6.84,8.09,0.181,23,10,18.72,1,0
NMR-503682,Soldier,Colony-D,41.9,84,0.544,32.1,20.9,8.26,12.95,0.365,12,10,22.61,0,1
NMR-501388,Worker,Colony-B,33.3,79,0.289,31.5,8.9,6.81,8.97,0.313,20,16,18.8,0,1
NMR-508337,Worker,Colony-A,34.6,169,0.211,32.0,10.3,7.56,11.24,0.245,28,10,18.03,0,1
NMR-505460,Worker,Colony-C,25.0,89,0.447,32.0,37.2,7.3,9.99,0.655,23,8,18.06,0,1
NMR-505753,Worker,Colony-C,27.3,23,0.311,31.8,18.6,8.95,40.25,0.138,20,17,20.74,1,0
NMR-509605,Worker,Colony-A,36.5,51,0.241,32.5,37.7,7.81,9.63,0.405,17,15,14.49,1,1
NMR-509381,Worker,Colony-B,36.4,40,0.241,31.9,34.2,5.93,16.53,0.205,25,13,18.45,1,1
NMR-501844,Worker,Colony-A,24.5,49,0.291,32.8,21.0,7.39,7.47,0.437,18,15,20.91,0,1
NMR-502083,Breeder,Colony-E,34.0,47,0.245,32.2,10.8,7.51,8.04,0.214,13,10,21.8,1,0
NMR-509371,Soldier,Colony-D,23.7,84,0.194,29.8,18.6,6.66,4.69,0.116,21,9,18.92,1,0
NMR-509316,Worker,Colony-A,24.2,44,0.189,31.8,17.8,6.29,9.69,0.302,19,15,22.36,1,1
NMR-504417,Worker,Colony-A,26.0,39,0.177,31.4,20.3,8.39,17.0,0.074,21,8,18.04,1,1
NMR-504561,Soldier,Colony-A,33.8,170,0.169,31.2,15.6,6.31,8.72,0.137,24,13,24.12,1,0
NMR-501077,Soldier,Colony-E,43.4,36,0.398,32.2,22.8,6.83,11.37,0.366,24,11,20.55,1,1
NMR-502543,Worker,Colony-C,29.7,78,0.3,30.9,11.9,7.22,16.36,0.145,26,8,22.91,0,0
NMR-500267,Worker,Colony-A,30.6,55,0.338,31.8,15.7,7.23,9.53,0.058,23,12,23.28,0,1
NMR-506492,Worker,Colony-A,30.4,73,0.341,30.6,17.0,5.02,16.42,0.397,28,11,15.06,0,0
NMR-506750,Soldier,Colony-E,33.3,44,0.104,32.5,20.9,6.89,7.84,0.166,29,8,23.69,1,0
NMR-502701,Breeder,Colony-E,40.8,63,0.213,33.0,16.5,6.3,3.67,0.247,27,11,20.54,0,0
NMR-503500,Worker,Colony-A,29.9,55,0.279,33.2,26.3,8.39,9.83,0.206,30,15,22.82,1,1
NMR-508975,Breeder,Colony-A,41.4,32,0.292,32.1,28.6,6.04,8.84,0.147,32,17,17.35,1,1
NMR-503579,Worker,Colony-C,26.3,30,0.325,32.2,54.8,6.1,8.59,0.272,34,11,24.02,1,1
NMR-506555,Worker,Colony-C,31.6,84,0.224,31.9,12.6,7.62,14.13,0.402,17,8,16.75,0,1
NMR-507805,Worker,Colony-D,37.1,32,0.127,31.6,39.5,5.52,6.94,0.117,24,11,18.75,1,1
NMR-505945,Breeder,Colony-B,31.4,71,0.227,31.3,19.6,7.08,3.68,0.409,27,12,23.26,0,0
NMR-500149,Worker,Colony-A,34.4,75,0.171,32.7,24.6,7.21,28.54,0.134,29,13,19.49,1,1
NMR-500548,Worker,Colony-D,23.8,66,0.192,32.1,16.9,7.1,14.13,0.27,16,14,18.61,0,0
NMR-501921,Worker,Colony-E,24.5,74,0.287,31.7,18.1,5.95,17.15,0.131,23,10,16.34,0,0
NMR-506133,Worker,Colony-A,29.3,16,0.288,31.8,18.6,6.93,14.13,0.211,25,7,22.89,0,1
NMR-502079,Worker,Colony-A,28.7,15,0.417,31.7,18.4,6.66,21.18,0.174,20,9,24.21,0,1
NMR-508466,Worker,Colony-B,24.8,57,0.248,32.9,23.5,8.1,18.55,0.316,28,12,16.51,0,0
NMR-508612,Soldier,Colony-C,27.0,58,0.175,33.1,8.4,8.49,12.3,0.314,30,10,20.46,0,1
NMR-506881,Breeder,Colony-C,47.9,44,0.206,31.9,21.8,8.5,0.13,0.074,25,9,16.9,0,0
NMR-502418,Queen,Colony-B,45.6,146,0.223,31.5,10.6,6.97,3.55,0.37,34,11,21.61,1,0
NMR-506946,Worker,Colony-E,34.2,51,0.151,32.7,43.2,9.89,34.73,0.31,22,12,18.94,1,1
NMR-508564,Worker,Colony-C,28.2,126,0.318,32.7,55.3,5.78,13.15,0.367,19,12,14.8,1,0
NMR-508741,Breeder,Colony-A,48.2,108,0.345,33.5,9.5,5.2,6.26,0.194,16,13,20.9,0,0
NMR-503348,Soldier,Colony-A,39.8,32,0.238,30.2,13.5,5.91,10.35,0.364,20,18,18.38,0,0
NMR-504726,Soldier,Colony-B,29.6,57,0.414,31.2,13.7,7.14,9.43,0.196,22,23,18.18,0,0
NMR-505957,Worker,Colony-E,40.4,52,0.23,32.8,12.1,9.44,6.25,0.125,22,5,16.5,0,1
NMR-509293,Soldier,Colony-D,34.4,66,0.203,30.3,14.4,6.78,8.6,0.396,21,7,21.01,1,0
NMR-501422,Worker,Colony-B,31.0,50,0.224,33.8,12.4,5.86,13.27,0.136,20,11,18.5,0,0
NMR-503227,Worker,Colony-B,26.3,16,0.299,31.5,48.5,8.3,9.07,0.216,18,10,22.39,1,0
NMR-506679,Soldier,Colony-B,42.0,76,0.254,31.9,8.7,7.67,8.71,0.185,30,10,19.2,0,1
NMR-507081,Worker,Colony-C,12.1,52,0.165,31.4,6.3,5.54,16.29,0.398,24,9,18.67,0,0
NMR-508878,Worker,Colony-E,28.2,75,0.316,30.7,23.2,4.57,9.97,0.403,33,11,20.82,0,0
NMR-501059,Worker,Colony-E,21.1,69,0.186,31.4,18.4,6.8,14.85,0.283,28,13,18.76,1,0
NMR-501039,Breeder,Colony-B,39.7,69,0.366,32.2,48.9,6.97,14.32,0.194,26,6,18.14,1,1
NMR-503248,Soldier,Colony-C,35.5,58,0.461,30.9,13.4,4.7,6.37,0.179,33,8,17.81,0,0
NMR-504799,Soldier,Colony-C,34.1,75,0.271,33.7,14.9,5.99,13.98,0.172,25,13,16.03,1,0
NMR-501577,Worker,Colony-A,39.6,67,0.134,32.2,27.2,6.58,17.84,0.416,22,6,17.45,0,1
NMR-503957,Worker,Colony-A,39.4,76,0.165,31.7,11.9,6.88,21.0,0.276,24,11,18.89,0,1
NMR-507548,Soldier,Colony-C,26.6,28,0.31,31.9,23.8,7.52,9.52,0.283,23,16,18.48,0,1
NMR-505027,Worker,Colony-A,25.5,75,0.299,31.7,21.0,7.41,20.39,0.18,29,9,11.77,1,1
NMR-507007,Worker,Colony-B,16.3,46,0.22,31.5,18.2,5.92,13.8,0.202,21,9,15.3,0,1
NMR-505010,Worker,Colony-D,31.3,45,0.202,31.1,11.9,7.06,12.64,0.335,22,11,21.11,1,0
NMR-505526,Worker,Colony-B,34.0,50,0.214,32.1,17.6,6.2,21.34,0.078,24,7,20.13,0,0
NMR-503197,Worker,Colony-C,38.9,26,0.371,33.0,17.8,7.1,9.26,0.581,22,10,21.81,0,1
NMR-507385,Soldier,Colony-A,35.7,33,0.365,31.9,26.5,7.3,9.81,0.277,22,9,17.49,1,0
NMR-503290,Soldier,Colony-A,46.9,12,0.267,32.2,14.8,8.59,8.67,0.165,18,8,26.39,0,0
NMR-508149,Worker,Colony-C,32.1,37,0.325,31.7,10.7,7.03,13.34,0.276,14,6,21.63,0,1
NMR-508148,Soldier,Colony-D,31.4,49,0.212,31.5,38.3,8.66,8.42,0.271,28,14,14.08,1,1
NMR-501271,Worker,Colony-C,36.6,121,0.158,32.9,9.0,4.82,16.82,0.399,29,17,21.83,1,0
NMR-506740,Queen,Colony-C,41.4,100,0.226,32.6,12.5,7.76,6.09,0.177,24,8,21.8,1,1
NMR-500098,Soldier,Colony-C,24.5,55,0.222,31.6,28.8,6.65,4.89,0.094,20,9,19.69,1,0
NMR-507965,Worker,Colony-E,37.3,91,0.241,32.2,25.2,7.57,13.43,0.228,27,15,19.98,1,1
NMR-509857,Breeder,Colony-D,34.4,48,0.182,32.2,21.0,7.73,4.53,0.233,22,12,21.29,1,1
NMR-508334,Breeder,Colony-A,43.0,51,0.242,31.2,36.8,7.05,7.62,0.144,24,21,18.34,1,1
NMR-507642,Soldier,Colony-B,27.5,43,0.376,32.9,8.9,6.6,7.08,0.283,21,7,22.65,0,1
NMR-509983,Worker,Colony-A,31.2,71,0.327,31.6,7.4,7.68,10.87,0.196,18,9,21.71,0,1
NMR-505037,Worker,Colony-A,29.0,31,0.301,33.0,29.8,7.98,16.68,0.473,29,13,22.57,1,0
NMR-503382,Breeder,Colony-A,41.1,56,0.226,31.6,14.1,7.71,7.02,0.388,20,10,17.59,0,1
NMR-506014,Worker,Colony-C,23.6,45,0.221,31.6,25.8,6.95,11.39,0.674,26,14,19.19,1,1
NMR-503107,Worker,Colony-C,41.7,60,0.229,31.7,9.2,9.12,11.01,0.364,18,17,15.48,0,1
NMR-505575,Worker,Colony-E,30.1,54,0.195,31.1,34.5,6.65,16.56,0.254,21,8,19.79,1,0
NMR-505252,Worker,Colony-A,20.0,57,0.181,31.8,20.7,5.14,12.89,0.308,22,11,21.69,0,1
NMR-507247,Worker,Colony-E,18.5,70,0.231,32.5,33.1,5.93,20.3,0.161,28,16,20.75,1,1
NMR-502198,Worker,Colony-E,26.6,34,0.205,32.1,14.5,8.36,15.29,0.465,16,11,16.26,1,0
NMR-507301,Soldier,Colony-D,27.2,54,0.384,31.3,7.4,8.55,15.61,0.389,24,11,19.03,0,1
NMR-505310,Worker,Colony-C,37.1,84,0.39,33.2,20.5,6.48,10.03,0.263,21,6,24.87,0,0
NMR-504691,Breeder,Colony-D,46.1,42,0.208,33.4,66.1,8.63,18.5,0.193,29,9,21.09,1,0
NMR-504175,Breeder,Colony-A,42.5,106,0.253,32.9,20.1,6.12,4.95,0.402,20,11,18.85,0,0
NMR-502307,Breeder,Colony-B,28.1,29,0.296,32.6,22.3,6.35,8.77,0.4,21,13,21.21,0,1
NMR-503977,Worker,Colony-B,26.4,29,0.273,32.4,27.6,7.67,11.52,0.428,20,11,22.35,1,0
NMR-504698,Soldier,Colony-E,32.4,66,0.171,32.7,19.3,6.81,13.01,0.427,25,15,23.47,0,1
NMR-500172,Soldier,Colony-D,37.4,39,0.14,32.0,23.6,6.44,10.34,0.269,26,7,20.02,1,1
NMR-506625,Worker,Colony-D,30.1,49,0.334,31.9,30.8,7.76,10.2,0.286,26,12,18.88,0,1
NMR-500478,Worker,Colony-C,38.9,39,0.51,31.8,12.7,9.17,10.9,0.157,26,8,16.73,0,0
NMR-507451,Worker,Colony-C,39.4,65,0.343,30.1,8.9,5.79,15.83,0.225,22,10,21.37,0,0
NMR-507533,Soldier,Colony-A,39.1,79,0.247,31.3,17.4,6.88,17.34,0.338,31,5,18.11,1,1
NMR-501650,Worker,Colony-B,32.9,111,0.232,33.2,13.9,6.99,12.96,0.092,24,13,21.78,1,1
NMR-509908,Soldier,Colony-E,25.4,62,0.373,32.3,15.6,6.28,5.17,0.213,23,5,19.47,0,1
NMR-506538,Worker,Colony-E,23.8,34,0.237,32.2,14.4,6.86,22.03,0.308,24,9,20.88,1,0
NMR-503577,Worker,Colony-C,24.0,68,0.326,32.3,15.0,6.28,9.32,0.37,15,10,19.0,0,1
NMR-503400,Worker,Colony-C,26.5,68,0.384,31.7,17.4,6.14,7.7,0.565,33,11,24.73,1,1
NMR-500877,Soldier,Colony-B,41.6,72,0.236,30.3,9.7,7.09,9.95,0.405,23,11,21.53,0,0
NMR-504270,Worker,Colony-E,25.5,86,0.434,32.0,17.7,5.44,11.86,0.316,24,12,23.75,0,0
NMR-507813,Breeder,Colony-C,38.4,33,0.351,31.8,15.3,9.13,5.04,0.424,15,5,21.73,0,0
NMR-509861,Worker,Colony-A,25.0,34,0.256,31.3,21.2,7.03,11.37,0.16,30,12,22.61,1,0
NMR-502856,Worker,Colony-A,29.4,107,0.26,33.8,24.3,6.74,12.79,0.231,26,10,13.71,0,0
NMR-505961,Worker,Colony-D,26.5,48,0.235,32.3,15.9,7.2,37.22,0.424,33,16,19.11,1,1
NMR-508274,Breeder,Colony-D,43.9,62,0.304,32.9,44.9,6.47,10.91,0.443,21,17,15.08,0,0
NMR-500870,Worker,Colony-C,38.1,75,0.363,31.2,20.4,6.52,12.85,0.331,21,11,11.09,0,0
NMR-506246,Soldier,Colony-C,36.3,76,0.194,32.2,36.5,6.91,3.42,0.308,24,10,16.58,1,1
NMR-505161,Worker,Colony-A,33.4,35,0.293,32.3,6.4,6.42,6.51,0.044,38,8,19.16,0,1
NMR-502940,Worker,Colony-C,31.8,80,0.134,31.6,19.2,6.45,9.02,0.236,28,13,16.41,1,0
NMR-503600,Breeder,Colony-A,35.3,47,0.239,32.2,10.5,5.53,7.57,0.417,24,17,24.17,0,1
NMR-501019,Breeder,Colony-E,42.8,30,0.188,31.9,16.1,6.3,5.05,0.236,21,11,21.5,1,1
NMR-508339,Queen,Colony-B,43.4,98,0.253,32.0,24.6,7.24,8.68,0.189,26,15,28.5,1,1
NMR-508509,Worker,Colony-E,36.8,87,0.231,31.0,29.2,6.14,25.53,0.305,18,9,17.88,0,0
NMR-509151,Soldier,Colony-B,26.4,41,0.513,31.9,21.9,6.34,14.12,0.341,27,17,20.24,0,1
NMR-506440,Worker,Colony-C,32.3,33,0.151,31.5,46.9,7.08,16.23,0.395,20,9,15.92,1,1
NMR-509697,Soldier,Colony-A,28.0,35,0.532,32.6,24.4,5.01,8.9,0.331,22,10,17.97,0,1
NMR-503814,Worker,Colony-C,28.6,34,0.273,32.1,12.2,5.82,12.71,0.232,28,11,23.38,0,1
NMR-507755,Soldier,Colony-A,26.8,120,0.2,32.3,11.6,6.87,35.06,0.125,21,14,15.13,0,1
NMR-503730,Breeder,Colony-D,42.5,30,0.278,31.0,17.5,8.61,8.66,0.388,25,5,14.29,0,0
NMR-507801,Soldier,Colony-B,33.0,41,0.168,32.8,24.8,4.92,7.34,0.372,23,14,20.31,0,1
NMR-508477,Worker,Colony-D,31.7,40,0.197,31.6,20.1,6.65,16.04,0.156,21,16,17.11,1,1
NMR-505612,Soldier,Colony-E,34.0,47,0.205,32.4,41.3,7.15,14.87,0.425,19,5,20.07,1,1
NMR-507204,Worker,Colony-B,26.4,62,0.239,32.2,30.5,4.84,53.11,0.143,18,11,16.54,1,1
NMR-504592,Soldier,Colony-D,24.2,71,0.126,30.9,20.1,6.22,9.19,0.156,23,11,22.29,1,0
NMR-509682,Soldier,Colony-E,39.8,39,0.166,32.6,4.8,7.01,8.66,0.445,33,12,23.85,1,0
NMR-508390,Soldier,Colony-D,35.5,42,0.186,32.9,32.9,7.38,11.18,0.191,23,16,15.12,0,0
NMR-501022,Queen,Colony-A,44.0,109,0.409,32.0,12.1,7.77,-0.24,0.316,15,7,23.33,1,1
NMR-508581,Worker,Colony-C,31.8,109,0.398,32.8,25.3,5.55,13.33,0.259,23,10,23.39,1,0
NMR-505155,Worker,Colony-B,30.7,49,0.206,31.5,17.0,8.28,17.02,0.119,21,9,19.97,1,0
NMR-501192,Worker,Colony-E,28.4,39,0.202,32.4,39.5,7.31,15.73,0.168,17,13,12.2,1,0
NMR-505436,Worker,Colony-B,36.4,50,0.212,33.8,14.0,7.33,23.9,0.429,33,16,21.4,1,0
NMR-507946,Soldier,Colony-E,39.5,15,0.304,31.6,6.1,7.37,6.75,0.315,26,12,15.79,0,0
NMR-504315,Breeder,Colony-A,39.9,44,0.209,32.1,17.7,6.68,4.85,0.431,34,7,17.89,1,1
NMR-500601,Soldier,Colony-C,49.1,56,0.232,32.2,36.7,6.65,14.62,0.31,28,10,18.18,1,1
NMR-506452,Soldier,Colony-C,35.5,44,0.164,31.5,22.0,5.29,6.55,0.413,24,8,19.0,1,1
NMR-501165,Soldier,Colony-A,43.9,59,0.278,32.6,23.8,7.41,3.84,0.229,23,11,14.95,0,1
NMR-501369,Queen,Colony-A,49.0,58,0.372,31.4,15.7,7.15,2.04,0.242,31,13,18.18,0,0
NMR-503427,Worker,Colony-A,30.2,68,0.183,31.6,16.8,8.26,14.35,0.49,18,11,19.36,1,1
NMR-506374,Soldier,Colony-A,35.9,37,0.204,30.8,8.1,6.8,14.76,0.282,24,10,21.59,1,0
NMR-500345,Breeder,Colony-A,30.9,35,0.271,31.4,8.4,8.6,3.58,0.159,25,6,24.95,1,0
NMR-508944,Worker,Colony-B,28.7,57,0.356,32.0,16.2,8.58,29.53,0.285,19,7,14.95,0,1
NMR-502569,Soldier,Colony-E,43.6,58,0.161,32.7,10.1,7.1,13.33,0.054,21,11,15.6,0,1
NMR-507878,Soldier,Colony-E,42.8,43,0.304,31.0,23.4,6.05,7.08,0.35,29,4,18.73,0,0
NMR-501370,Worker,Colony-C,30.3,34,0.21,32.0,16.4,6.49,12.75,0.338,23,12,24.65,1,1
NMR-504923,Soldier,Colony-E,35.2,62,0.28,31.3,8.1,5.13,12.39,0.348,27,10,21.24,0,0
NMR-500506,Queen,Colony-E,48.4,45,0.248,33.3,15.7,5.07,0.93,0.489,17,13,19.53,1,0
NMR-506749,Soldier,Colony-D,40.1,38,0.2,32.6,29.0,8.13,18.03,0.411,23,11,14.34,1,1
NMR-502884,Soldier,Colony-E,33.3,118,0.209,31.1,9.6,7.32,34.14,0.166,39,10,23.87,0,1
NMR-509829,Worker,Colony-E,31.7,68,0.275,32.9,23.4,6.82,9.93,0.251,21,16,23.73,1,0
NMR-508482,Soldier,Colony-C,37.5,44,0.216,31.9,28.9,6.69,7.34,0.542,24,10,18.16,1,1
NMR-501378,Worker,Colony-D,30.7,63,0.136,32.1,32.5,8.01,11.39,0.361,28,6,18.12,1,1
NMR-505635,Worker,Colony-B,35.1,25,0.225,31.4,12.3,5.91,11.54,0.501,24,4,19.29,1,1
NMR-504832,Breeder,Colony-B,40.6,70,0.24,32.5,14.5,6.07,17.19,0.301,23,12,14.89,0,0
NMR-502950,Worker,Colony-B,37.7,63,0.271,32.9,25.2,6.8,10.51,0.194,25,12,25.9,1,1
NMR-501453,Worker,Colony-B,35.3,29,0.368,32.4,27.9,7.07,13.47,0.116,25,11,20.21,1,0
NMR-508354,Soldier,Colony-E,38.1,87,0.264,32.0,46.0,7.39,8.46,0.601,24,6,19.21,1,1
NMR-506515,Worker,Colony-A,38.7,91,0.284,30.6,17.0,6.78,11.37,0.344,23,11,21.43,1,0
NMR-504934,Breeder,Colony-E,29.6,20,0.314,34.1,17.9,6.98,6.14,0.306,33,6,19.23,0,0
NMR-501487,Worker,Colony-A,27.8,76,0.294,33.3,14.1,4.77,10.57,0.465,33,11,25.72,0,0
NMR-509928,Soldier,Colony-B,36.1,46,0.153,32.4,10.4,6.67,6.4,0.21,23,13,23.29,1,1
NMR-502277,Worker,Colony-E,29.0,52,0.307,31.4,14.6,8.22,5.84,0.211,16,10,23.61,0,0
NMR-501566,Soldier,Colony-A,29.5,23,0.342,32.1,8.2,6.92,11.41,0.267,28,6,20.52,0,1
NMR-504077,Soldier,Colony-B,29.2,83,0.261,32.3,12.6,7.49,7.3,0.115,19,7,19.4,0,1
NMR-509784,Soldier,Colony-E,37.5,177,0.223,31.6,29.7,6.25,9.7,0.629,21,15,19.09,1,0
NMR-501621,Worker,Colony-B,27.8,76,0.2,31.9,29.1,6.82,21.47,0.452,23,5,15.26,1,1
NMR-504680,Breeder,Colony-C,32.0,41,0.164,30.5,13.4,7.47,6.02,0.192,21,12,20.55,1,0
NMR-509743,Worker,Colony-B,42.8,188,0.287,32.3,10.8,7.49,11.25,0.306,33,12,23.19,1,1
NMR-509302,Worker,Colony-E,17.8,105,0.222,31.3,26.3,6.81,22.36,0.149,22,8,22.53,1,0
NMR-502107,Breeder,Colony-E,40.0,93,0.333,33.1,20.2,7.23,2.94,0.095,32,14,24.37,1,0
NMR-506734,Worker,Colony-C,28.3,90,0.298,31.4,17.7,7.13,9.71,0.525,28,19,17.55,0,1
NMR-500834,Soldier,Colony-D,43.8,96,0.197,32.1,18.6,9.45,5.22,0.051,30,6,20.88,1,1
NMR-508909,Worker,Colony-B,34.5,42,0.237,30.3,33.5,6.31,11.65,0.408,27,17,18.44,1,0
NMR-505246,Worker,Colony-D,35.7,16,0.201,32.7,42.4,7.26,14.7,0.119,30,12,19.26,1,0
NMR-502007,Worker,Colony-A,34.4,117,0.278,32.3,21.1,5.13,7.16,0.364,15,11,19.91,0,0
NMR-508879,Worker,Colony-C,39.2,117,0.213,32.0,29.4,5.04,8.88,0.208,21,13,15.04,1,0
NMR-508552,Worker,Colony-D,25.1,42,0.275,33.6,12.1,6.9,15.48,0.441,29,7,23.26,1,0
NMR-505490,Worker,Colony-D,26.1,52,0.195,31.6,18.6,5.55,12.09,0.475,30,14,20.76,0,1
NMR-501097,Worker,Colony-E,41.7,80,0.314,31.6,44.6,6.28,15.99,0.14,26,16,18.82,1,0
NMR-504444,Worker,Colony-A,28.5,72,0.175,33.1,11.2,6.74,14.06,0.623,18,14,18.83,0,0
NMR-504186,Worker,Colony-C,29.1,42,0.193,32.0,30.1,7.54,26.27,0.299,30,13,18.86,1,1
NMR-506605,Queen,Colony-B,49.7,49,0.089,31.2,19.7,5.47,4.71,0.478,25,14,14.36,1,0
NMR-504598,Soldier,Colony-A,33.4,33,0.19,32.8,8.1,6.17,9.39,0.518,20,16,18.94,0,1
NMR-501942,Worker,Colony-A,34.3,60,0.245,33.2,8.3,6.13,12.27,0.577,26,15,15.91,0,0
NMR-502064,Breeder,Colony-C,38.8,49,0.284,33.1,14.0,7.96,10.36,0.366,25,5,15.27,0,0
NMR-508833,Worker,Colony-B,41.6,31,0.384,33.5,4.9,5.72,7.51,0.378,24,9,17.28,0,1
NMR-500622,Worker,Colony-D,35.6,31,0.256,32.2,16.7,7.85,10.18,0.169,18,7,18.99,0,0
NMR-506783,Worker,Colony-C,39.7,27,0.38,30.8,20.1,5.82,11.52,0.133,22,7,18.47,1,1
NMR-509816,Worker,Colony-A,32.5,76,0.264,30.8,26.3,5.2,9.94,0.091,25,10,22.61,1,0
NMR-502281,Worker,Colony-B,37.3,30,0.211,32.5,16.4,8.01,13.97,0.046,13,14,21.02,0,0
NMR-506806,Worker,Colony-E,28.6,96,0.112,33.1,15.5,7.54,8.49,0.312,26,18,19.02,0,1
NMR-500754,Worker,Colony-D,31.3,56,0.248,33.2,14.5,9.16,8.36,0.135,29,15,20.07,1,0
NMR-502031,Worker,Colony-B,29.6,35,0.2,31.0,13.5,6.37,14.36,0.237,20,11,12.69,1,0
NMR-501742,Worker,Colony-D,22.2,90,0.288,31.4,12.3,7.39,16.38,0.494,20,11,23.35,0,1
NMR-508440,Worker,Colony-A,21.5,98,0.181,30.5,15.0,7.74,14.36,0.18,21,9,20.42,1,1
NMR-503578,Soldier,Colony-E,38.9,87,0.277,31.2,24.8,5.52,7.23,0.245,24,10,20.91,1,0
NMR-501355,Worker,Colony-E,35.0,89,0.363,32.5,17.8,6.91,14.77,0.16,10,8,19.15,0,1
NMR-501521,Worker,Colony-A,41.9,82,0.314,32.0,19.3,3.86,6.16,0.429,27,9,10.72,1,0
NMR-502453,Soldier,Colony-D,38.0,41,0.229,32.7,36.4,6.04,14.19,0.134,27,11,20.36,1,1
NMR-500057,Breeder,Colony-B,34.7,44,0.195,33.0,7.1,5.29,10.5,0.242,18,9,22.69,0,1
NMR-509482,Worker,Colony-D,35.4,38,0.175,32.0,23.5,8.68,31.32,0.345,21,10,19.18,1,0
NMR-506996,Worker,Colony-D,30.3,57,0.261,32.1,15.4,8.7,10.89,0.187,24,13,26.37,1,1
NMR-503253,Soldier,Colony-A,41.8,24,0.193,32.9,17.2,5.88,5.4,0.377,21,13,27.78,1,1
NMR-503061,Soldier,Colony-A,30.1,58,0.186,33.4,31.6,5.35,8.54,0.351,22,15,18.14,1,0
NMR-503834,Worker,Colony-B,25.5,26,0.156,32.6,29.3,6.67,10.47,0.29,20,8,23.0,1,1
NMR-509026,Worker,Colony-C,27.1,81,0.192,32.0,35.8,7.76,23.49,0.276,23,9,18.81,1,1
NMR-504992,Worker,Colony-B,28.9,53,0.211,32.9,8.6,6.01,13.75,0.355,31,14,22.78,1,1
NMR-505056,Worker,Colony-D,29.6,93,0.373,30.7,11.6,5.27,13.42,0.555,20,15,18.47,0,0
NMR-509499,Breeder,Colony-C,40.8,39,0.174,32.1,16.9,7.12,6.28,0.198,29,8,17.2,0,0
NMR-503267,Worker,Colony-D,33.6,103,0.334,31.1,36.1,7.42,12.72,0.499,27,15,15.73,0,1
NMR-503156,Soldier,Colony-A,27.1,47,0.157,32.0,10.2,7.0,8.4,0.535,25,7,21.26,1,1
NMR-505786,Soldier,Colony-D,29.7,41,0.386,33.5,13.7,6.45,5.55,0.205,29,13,18.59,0,0
NMR-507241,Worker,Colony-D,26.6,61,0.209,30.7,9.0,6.74,26.31,0.579,11,13,19.19,1,0
NMR-509972,Breeder,Colony-B,44.1,75,0.349,32.8,8.0,7.05,5.99,0.095,25,14,22.59,0,1
NMR-509505,Worker,Colony-C,18.5,64,0.166,32.2,8.7,7.48,6.38,0.596,25,13,27.1,1,1
NMR-501680,Worker,Colony-D,22.2,44,0.212,32.9,31.0,6.44,10.36,0.148,26,10,20.25,1,0
NMR-509768,Soldier,Colony-E,30.1,64,0.253,32.7,26.1,7.54,14.07,0.119,14,8,16.26,0,1
NMR-503580,Worker,Colony-A,27.5,58,0.172,32.2,12.7,6.1,14.25,0.406,20,8,17.95,1,0
NMR-508219,Soldier,Colony-C,42.3,23,0.192,32.3,22.3,7.34,13.73,0.175,27,14,20.24,1,0
NMR-505407,Worker,Colony-C,24.3,32,0.277,31.5,58.4,8.33,19.0,0.544,20,12,18.54,1,0
NMR-509999,Worker,Colony-E,30.4,52,0.311,33.4,13.8,8.51,13.32,0.275,17,11,17.06,0,0
NMR-505565,Worker,Colony-A,31.5,40,0.281,31.1,21.5,6.9,14.48,0.18,26,10,21.18,0,1
NMR-505468,Soldier,Colony-D,44.6,32,0.218,33.4,29.5,4.51,4.24,0.123,31,19,21.05,1,1
NMR-509234,Breeder,Colony-A,37.5,75,0.157,32.4,34.4,7.53,0.88,0.301,25,14,21.94,1,1
NMR-508234,Soldier,Colony-E,35.8,68,0.194,31.8,33.1,8.12,6.77,0.437,26,11,22.72,1,1
NMR-501842,Worker,Colony-D,29.6,62,0.232,31.2,25.1,7.64,14.06,0.276,19,7,18.51,1,0
NMR-507851,Breeder,Colony-A,39.8,41,0.215,33.0,21.7,6.48,17.49,0.074,35,13,19.37,1,1
NMR-509319,Soldier,Colony-B,27.3,48,0.23,32.7,18.1,6.3,13.63,0.264,17,14,21.91,1,1
NMR-502758,Breeder,Colony-C,48.4,43,0.154,32.5,22.9,7.4,0.52,0.311,21,14,24.17,1,0
NMR-507538,Worker,Colony-B,32.4,63,0.299,32.4,14.4,6.82,20.57,0.092,21,13,17.95,0,1
NMR-503686,Breeder,Colony-C,41.9,120,0.259,31.0,18.0,5.54,6.28,0.264,20,14,19.37,0,0
NMR-505287,Worker,Colony-E,26.8,28,0.18,33.0,15.5,6.89,10.92,0.415,27,9,21.39,1,0
NMR-507284,Worker,Colony-D,21.6,102,0.268,33.8,23.3,6.82,18.63,0.116,33,9,19.53,0,0
NMR-500042,Breeder,Colony-A,35.3,38,0.208,31.4,13.6,6.33,7.55,0.374,21,12,21.58,1,1
NMR-503564,Worker,Colony-D,24.2,73,0.142,32.4,14.6,6.71,12.0,0.163,16,6,29.33,1,1
NMR-502990,Worker,Colony-C,41.1,43,0.248,32.2,9.5,4.64,10.11,0.555,17,16,16.78,0,1
NMR-504758,Soldier,Colony-A,29.1,40,0.228,31.7,15.0,9.2,9.22,0.193,25,7,18.74,1,0
NMR-509292,Soldier,Colony-C,38.0,35,0.234,33.1,26.3,6.35,10.56,0.388,36,9,18.19,1,1
NMR-500789,Soldier,Colony-C,26.8,70,0.237,32.7,18.5,7.97,12.63,0.591,22,14,21.71,1,0
NMR-502235,Worker,Colony-C,33.4,61,0.348,32.6,12.9,8.69,15.25,0.094,26,18,20.91,0,1
NMR-503802,Queen,Colony-D,35.9,63,0.231,31.3,21.9,6.75,9.01,0.202,29,12,21.94,1,1
NMR-501407,Worker,Colony-D,28.4,54,0.237,31.3,13.3,8.32,20.06,0.614,22,11,18.79,0,0
NMR-507746,Worker,Colony-A,27.4,62,0.166,32.4,15.9,8.09,16.52,0.332,22,14,21.08,1,1
NMR-509741,Breeder,Colony-A,32.5,15,0.238,31.9,16.4,4.58,0.06,0.239,23,11,21.52,0,1
NMR-505043,Worker,Colony-D,29.2,193,0.237,30.7,21.7,6.13,12.54,0.204,23,8,26.75,1,0
NMR-502903,Worker,Colony-D,28.2,122,0.269,30.5,10.5,8.42,30.22,0.581,30,12,23.13,0,1
NMR-501312,Worker,Colony-A,29.5,47,0.202,33.0,17.5,7.74,10.86,0.302,20,11,20.12,1,0
NMR-508689,Worker,Colony-C,28.5,45,0.274,31.6,9.8,5.59,12.49,0.34,22,11,13.79,1,1
NMR-501436,Worker,Colony-A,29.5,91,0.226,32.3,22.7,6.92,17.8,0.29,24,15,22.6,1,1
NMR-505855,Worker,Colony-A,29.4,54,0.224,31.6,28.0,5.01,10.7,0.105,20,12,22.5,1,1
NMR-505304,Soldier,Colony-D,41.7,79,0.194,33.1,14.4,7.22,8.21,0.203,28,14,17.23,0,1
NMR-504990,Worker,Colony-D,36.8,43,0.348,32.7,20.9,6.51,7.08,0.348,19,13,9.92,0,0
NMR-508617,Worker,Colony-A,24.8,115,0.232,32.5,11.1,8.32,10.43,0.238,21,7,17.62,0,1
NMR-502243,Breeder,Colony-D,34.0,82,0.273,33.0,29.1,8.33,4.82,0.247,18,9,18.16,0,1
NMR-501386,Queen,Colony-D,36.5,90,0.408,32.9,20.6,6.18,3.84,0.403,40,14,21.83,0,0
NMR-505628,Worker,Colony-B,33.0,39,0.301,31.3,33.1,8.95,16.97,0.151,20,11,21.39,1,0
NMR-502672,Soldier,Colony-E,34.9,64,0.278,32.3,22.0,6.18,13.78,0.095,24,10,15.26,0,1
NMR-504854,Breeder,Colony-A,37.8,68,0.211,32.4,9.5,4.64,7.55,0.199,21,12,16.38,0,1
NMR-508854,Worker,Colony-E,28.5,97,0.255,32.4,24.0,4.87,13.42,0.073,24,14,17.01,1,0
NMR-504803,Worker,Colony-D,15.1,41,0.191,32.1,22.1,7.24,9.62,0.253,24,10,20.07,1,1
NMR-504663,Worker,Colony-A,35.9,69,0.345,30.4,40.5,4.9,6.74,0.291,31,7,19.4,0,0
NMR-509291,Worker,Colony-A,23.5,37,0.233,32.2,11.8,6.26,12.82,0.206,21,12,23.03,0,1
NMR-501027,Worker,Colony-E,38.1,93,0.376,31.5,13.8,6.3,8.79,0.099,33,14,20.51,0,0
NMR-509443,Worker,Colony-C,36.0,29,0.253,31.9,10.7,6.76,11.26,0.233,25,11,21.76,0,0
NMR-508016,Worker,Colony-D,38.7,61,0.361,32.2,19.3,7.39,17.3,0.361,23,12,20.02,0,1
NMR-502176,Soldier,Colony-D,37.6,63,0.198,31.6,14.3,8.57,20.31,0.416,17,10,22.27,1,1
NMR-509973,Worker,Colony-D,37.4,49,0.175,32.1,16.2,7.61,18.64,0.073,21,9,19.92,0,1
NMR-501789,Worker,Colony-B,28.1,86,0.385,33.0,31.3,6.77,10.95,0.496,29,10,20.59,1,1
NMR-502113,Breeder,Colony-A,39.5,49,0.411,32.3,19.8,7.21,1.26,0.179,14,11,18.45,0,1
NMR-501732,Worker,Colony-B,36.6,46,0.269,32.4,11.6,6.31,21.94,0.416,19,17,14.87,0,1
NMR-508452,Worker,Colony-E,23.2,59,0.311,31.9,10.6,6.85,13.45,0.294,24,6,21.64,0,0
NMR-508065,Worker,Colony-D,30.4,47,0.309,32.7,6.2,4.88,13.81,0.402,28,10,13.58,0,1
NMR-502246,Breeder,Colony-E,49.6,30,0.379,32.0,18.4,8.06,9.39,0.432,29,6,17.62,1,0
NMR-506399,Worker,Colony-C,36.2,74,0.341,32.6,17.5,6.31,32.51,0.431,26,11,21.79,0,1
NMR-504626,Worker,Colony-E,22.1,90,0.297,32.4,22.3,5.98,11.29,0.098,28,9,17.09,0,1
NMR-505424,Worker,Colony-E,20.6,64,0.371,31.8,23.4,7.45,28.63,0.25,21,8,15.39,0,1
NMR-505232,Worker,Colony-B,33.9,44,0.606,33.5,22.4,6.65,8.3,0.269,15,6,17.3,0,0
NMR-500908,Soldier,Colony-A,40.2,46,0.227,32.3,31.9,5.94,15.8,0.459,24,8,24.91,1,1
NMR-502468,Worker,Colony-E,43.9,58,0.353,32.9,7.4,7.02,14.06,0.501,23,15,20.63,0,1
NMR-501409,Soldier,Colony-E,28.4,48,0.35,31.3,7.7,6.27,11.9,0.03,23,11,20.7,0,0
NMR-509214,Worker,Colony-D,25.1,22,0.234,31.3,16.4,7.16,11.47,0.363,25,11,18.91,0,0
NMR-508102,Worker,Colony-A,21.2,31,0.242,31.5,16.0,6.42,15.6,0.193,18,14,25.67,0,0
NMR-509582,Worker,Colony-A,30.9,47,0.302,32.8,12.0,5.16,20.14,0.612,26,12,18.06,0,0
NMR-506580,Worker,Colony-B,33.1,72,0.2,33.0,21.2,6.23,10.74,0.356,27,8,17.73,0,0
NMR-505474,Queen,Colony-A,33.7,171,0.246,31.9,19.5,7.3,7.82,0.212,40,6,17.65,1,1
NMR-504436,Worker,Colony-C,29.9,27,0.271,31.2,22.5,5.61,16.26,0.212,26,8,14.2,0,1
NMR-501116,Soldier,Colony-A,44.1,44,0.201,31.8,29.5,4.36,13.68,0.383,21,8,15.67,1,1
NMR-504641,Soldier,Colony-C,34.8,63,0.165,32.7,12.8,6.34,26.31,0.439,13,13,19.05,0,1
NMR-509609,Soldier,Colony-C,35.8,35,0.218,31.7,18.8,5.11,6.76,0.122,25,11,20.08,1,1
NMR-508958,Worker,Colony-E,29.3,116,0.177,33.5,32.3,6.64,11.13,0.225,30,10,18.2,0,0
NMR-502626,Worker,Colony-B,32.3,16,0.476,30.8,28.8,6.16,14.16,0.344,28,9,18.91,0,0
NMR-503559,Soldier,Colony-B,27.5,25,0.281,30.3,11.3,8.94,5.5,0.401,25,12,20.25,0,0
NMR-508153,Soldier,Colony-C,32.5,48,0.4,33.2,16.8,6.64,8.04,0.037,23,11,18.99,0,0
NMR-507357,Worker,Colony-A,44.6,97,0.54,30.6,18.4,7.16,7.93,0.274,24,9,13.84,0,0
NMR-501005,Worker,Colony-C,22.0,33,0.205,35.1,13.4,7.29,21.03,0.312,32,4,20.18,0,0
NMR-501607,Breeder,Colony-A,37.6,77,0.201,32.4,17.4,6.95,1.56,0.247,21,11,20.03,1,0
NMR-508389,Soldier,Colony-E,34.5,24,0.223,32.4,8.7,7.83,21.98,0.264,32,12,24.84,0,0
NMR-503009,Worker,Colony-B,41.9,75,0.145,32.5,12.8,6.22,14.83,0.182,23,12,20.06,1,0
NMR-503150,Queen,Colony-A,36.8,57,0.111,32.2,10.7,7.09,4.31,0.365,29,17,19.83,0,1
NMR-506547,Queen,Colony-C,36.9,41,0.234,32.0,14.1,6.28,-1.44,0.088,19,20,18.83,1,1
NMR-507607,Worker,Colony-D,33.3,29,0.368,31.0,16.7,7.44,11.63,0.172,14,9,19.1,0,1
NMR-507496,Worker,Colony-D,24.5,45,0.175,34.4,23.3,5.95,9.57,0.111,25,9,18.66,1,0
NMR-504360,Worker,Colony-D,25.6,35,0.138,32.1,22.3,7.9,20.02,0.127,28,18,9.82,0,0
NMR-506494,Worker,Colony-C,30.6,62,0.19,30.9,26.9,5.56,8.68,0.46,11,9,17.02,0,0
NMR-504697,Worker,Colony-E,32.1,49,0.319,31.1,24.6,5.76,6.5,0.328,32,11,11.11,0,0
NMR-500248,Soldier,Colony-C,31.8,52,0.196,32.0,11.2,7.61,8.81,0.635,24,8,24.13,1,1
NMR-508636,Breeder,Colony-D,35.6,51,0.374,33.4,19.7,9.54,1.54,0.212,22,12,14.03,0,0
NMR-509306,Worker,Colony-D,30.6,55,0.189,30.9,11.7,7.34,24.97,0.323,25,12,19.26,0,0
NMR-506875,Worker,Colony-D,27.5,54,0.245,33.1,40.5,7.28,16.3,0.609,16,16,13.16,1,0
NMR-508217,Worker,Colony-D,8.4,60,0.239,33.3,14.4,6.14,12.57,0.058,21,4,21.45,1,0
NMR-508388,Soldier,Colony-D,25.2,116,0.255,30.7,20.8,7.1,10.67,0.129,35,12,25.63,1,0
NMR-505561,Worker,Colony-A,28.9,50,0.174,32.6,26.4,7.27,10.6,0.134,21,12,13.82,1,1
NMR-505552,Soldier,Colony-A,33.9,114,0.219,32.3,21.6,7.32,7.01,0.556,31,13,16.59,0,1
NMR-501287,Soldier,Colony-C,33.4,91,0.284,33.7,9.4,7.07,3.7,0.373,29,17,20.73,1,0
NMR-508524,Queen,Colony-E,39.1,39,0.191,32.3,18.3,5.13,-0.07,0.438,22,11,17.49,0,1
NMR-505779,Soldier,Colony-B,40.3,47,0.337,31.6,10.1,6.17,6.27,0.44,18,7,17.82,0,0
NMR-504563,Worker,Colony-C,40.2,32,0.174,32.2,19.6,4.96,14.17,0.243,23,9,18.63,1,1
NMR-500954,Worker,Colony-B,32.1,43,0.234,33.0,17.7,6.4,17.08,0.392,25,10,17.7,1,1
NMR-503447,Breeder,Colony-D,44.2,76,0.357,32.9,34.2,6.79,8.57,0.097,17,13,18.07,1,0
NMR-502991,Soldier,Colony-D,28.4,29,0.229,32.2,13.4,8.14,9.1,0.492,20,6,19.08,0,0
NMR-502734,Worker,Colony-E,36.4,102,0.381,32.8,27.2,5.94,11.46,0.561,31,8,19.36,0,0
NMR-507596,Soldier,Colony-C,30.5,116,0.252,33.4,26.2,8.18,9.22,0.28,23,7,17.08,0,1
NMR-504074,Worker,Colony-E,32.0,31,0.251,32.8,18.6,5.41,7.86,0.657,28,8,21.97,0,1
NMR-506378,Soldier,Colony-A,39.5,164,0.364,33.4,16.4,6.54,10.85,0.29,27,5,16.49,0,0
NMR-509895,Soldier,Colony-A,36.4,28,0.226,32.2,11.9,7.57,11.04,0.361,34,8,19.73,0,0
NMR-509732,Soldier,Colony-E,31.8,45,0.302,32.7,10.4,6.72,4.44,0.21,30,10,24.76,0,1
NMR-506266,Breeder,Colony-C,32.9,61,0.213,31.7,15.7,5.94,8.71,0.351,20,12,21.03,0,0
NMR-505309,Soldier,Colony-D,42.0,57,0.229,31.5,21.8,9.53,14.2,0.341,27,8,11.03,0,1
NMR-509421,Worker,Colony-D,27.4,121,0.304,33.8,33.0,5.3,10.27,0.484,25,16,16.93,1,0
NMR-503497,Breeder,Colony-E,39.5,48,0.317,31.8,43.5,6.72,10.82,0.393,20,5,21.15,1,0
NMR-506820,Worker,Colony-E,43.4,33,0.234,33.4,15.6,4.7,8.29,0.451,23,9,14.09,0,1
NMR-506979,Worker,Colony-D,25.2,102,0.201,31.2,14.4,8.47,9.19,0.17,27,10,19.85,0,1
NMR-506348,Soldier,Colony-A,23.8,110,0.282,33.7,15.9,7.57,6.26,0.288,28,6,21.86,0,0
NMR-507126,Worker,Colony-C,24.6,84,0.317,32.5,19.0,6.71,11.64,0.392,24,11,16.86,0,1
NMR-505876,Worker,Colony-C,27.6,76,0.247,34.2,25.1,6.89,15.25,0.401,21,19,23.06,0,0
NMR-506818,Worker,Colony-C,31.0,74,0.197,33.5,18.6,5.8,18.24,0.173,24,9,17.81,0,0
NMR-506577,Worker,Colony-C,38.3,46,0.453,31.9,11.4,4.99,8.5,0.198,20,12,17.01,0,1
NMR-508368,Breeder,Colony-C,29.2,31,0.172,33.0,25.6,7.12,9.71,0.661,28,13,21.87,0,0
NMR-506025,Worker,Colony-D,25.6,84,0.198,33.9,17.5,7.52,10.68,0.194,19,15,19.66,1,0
NMR-508206,Worker,Colony-E,24.4,74,0.312,32.4,8.8,5.77,10.45,0.195,27,11,17.85,0,1
NMR-504490,Worker,Colony-C,28.9,51,0.524,32.9,7.2,6.49,11.99,0.255,22,2,22.99,0,0
NMR-501349,Worker,Colony-A,35.4,76,0.185,32.0,12.4,7.67,7.38,0.493,24,16,20.68,0,1
NMR-501660,Soldier,Colony-D,31.6,58,0.22,31.7,16.6,7.9,13.13,0.518,22,10,21.36,0,1
NMR-508914,Worker,Colony-B,30.0,93,0.233,30.8,22.5,6.59,29.43,0.245,20,6,16.67,1,0
NMR-505167,Soldier,Colony-E,37.6,87,0.169,31.7,23.9,7.84,6.16,0.239,21,9,19.56,1,1
NMR-500869,Worker,Colony-C,33.9,60,0.153,34.0,9.9,5.21,18.56,0.212,24,8,23.4,1,0
NMR-509334,Breeder,Colony-E,50.0,96,0.303,32.4,13.1,6.65,2.03,0.165,25,5,16.75,0,1
NMR-506016,Worker,Colony-A,31.5,76,0.433,33.5,16.0,8.22,17.25,0.107,23,14,22.04,0,0
NMR-507838,Soldier,Colony-A,40.0,67,0.306,33.2,13.1,6.41,11.22,0.439,22,12,19.26,0,0
NMR-506023,Soldier,Colony-A,28.3,39,0.265,33.4,8.5,7.01,5.73,0.5,27,9,17.24,0,0
NMR-506712,Soldier,Colony-A,43.8,26,0.229,30.4,16.3,7.2,2.95,0.246,22,16,25.93,1,0
NMR-507037,Breeder,Colony-C,41.4,72,0.248,31.0,17.9,8.1,3.11,0.29,23,12,16.54,0,1
NMR-501218,Worker,Colony-E,44.5,72,0.171,31.3,43.8,6.57,13.16,0.443,25,8,20.64,1,0
NMR-502932,Worker,Colony-A,28.9,37,0.147,30.8,20.2,5.75,13.14,0.374,24,11,23.53,1,0
NMR-502587,Worker,Colony-B,24.3,48,0.199,32.9,19.1,5.85,11.16,0.17,30,5,20.74,0,0
NMR-504243,Worker,Colony-A,31.3,43,0.281,31.9,18.8,7.3,8.81,0.585,30,10,20.99,0,1
NMR-503307,Breeder,Colony-D,40.1,38,0.191,30.8,29.4,6.79,2.27,0.101,17,15,17.2,0,0
NMR-507916,Soldier,Colony-C,37.6,49,0.331,31.7,10.1,6.55,4.93,0.424,22,14,19.01,0,1
NMR-501611,Worker,Colony-D,31.7,37,0.148,32.8,13.9,5.59,10.43,0.439,23,13,15.98,1,1
NMR-503637,Worker,Colony-A,31.2,35,0.251,31.2,16.7,6.96,11.82,0.318,23,11,24.04,1,0
NMR-509837,Soldier,Colony-E,32.3,72,0.259,32.8,16.9,8.34,6.79,0.42,23,12,25.44,1,1
NMR-504429,Soldier,Colony-A,23.8,42,0.272,31.3,37.2,5.9,10.99,0.235,19,13,21.63,1,1
NMR-509288,Soldier,Colony-D,26.2,50,0.223,32.9,20.9,7.49,11.47,0.125,20,10,18.84,0,0
NMR-506439,Worker,Colony-B,24.6,55,0.26,32.4,27.3,6.86,17.3,0.504,30,15,22.69,1,0
NMR-500089,Worker,Colony-E,37.1,35,0.407,32.3,12.7,5.33,11.35,0.225,31,8,22.29,0,1
NMR-509051,Soldier,Colony-C,27.9,65,0.19,32.7,21.5,5.71,9.74,0.27,26,10,24.59,1,1
NMR-509951,Worker,Colony-E,21.3,28,0.225,31.7,17.4,6.8,14.13,0.346,27,12,13.18,0,1
NMR-508641,Soldier,Colony-B,34.4,32,0.225,32.7,25.9,5.98,5.76,0.372,37,7,21.22,0,1
NMR-506696,Soldier,Colony-A,39.8,85,0.216,31.9,6.7,7.1,11.8,0.109,25,11,19.3,1,1
NMR-500459,Worker,Colony-E,29.3,37,0.151,32.4,13.7,6.48,7.92,0.292,25,9,17.1,0,1
NMR-501963,Worker,Colony-A,30.7,32,0.263,32.0,11.7,7.17,13.51,0.447,31,7,17.61,1,0
NMR-502409,Worker,Colony-B,27.9,66,0.224,33.0,15.5,6.66,14.07,0.207,26,12,16.99,1,1
NMR-506380,Worker,Colony-A,21.2,107,0.206,30.9,9.6,7.68,16.02,0.449,22,10,12.65,0,0
NMR-506955,Worker,Colony-B,34.5,54,0.361,32.0,20.6,7.3,18.2,0.218,16,10,11.71,0,1
NMR-507404,Worker,Colony-E,19.0,39,0.382,33.8,23.5,8.49,13.52,0.158,31,6,19.21,0,0
NMR-503327,Breeder,Colony-E,39.7,115,0.351,31.1,26.2,5.64,2.79,0.208,36,12,18.78,0,0
NMR-504975,Breeder,Colony-B,43.4,46,0.28,33.2,22.7,6.01,6.42,0.325,22,12,16.79,0,0
NMR-504681,Worker,Colony-C,35.7,35,0.285,31.6,21.2,8.73,8.29,0.046,24,12,23.29,1,0
NMR-506970,Worker,Colony-B,26.5,41,0.281,31.6,7.8,5.17,14.16,0.116,15,9,21.77,1,1
NMR-506684,Worker,Colony-D,27.8,39,0.132,33.5,38.1,7.82,9.33,0.268,19,8,16.68,1,0
NMR-501275,Worker,Colony-B,41.6,59,0.228,31.3,12.3,7.76,11.6,0.164,19,14,14.46,0,1
NMR-500778,Worker,Colony-B,31.2,102,0.174,29.5,7.8,6.69,12.8,0.167,22,10,17.55,0,0
NMR-509398,Worker,Colony-C,29.0,43,0.216,32.3,46.4,5.51,21.61,0.434,15,19,22.15,1,1
NMR-508888,Worker,Colony-C,25.5,160,0.209,33.1,7.9,8.34,17.34,0.115,35,10,17.91,0,1
NMR-509766,Soldier,Colony-A,32.6,57,0.168,31.5,20.2,5.87,6.46,0.166,21,12,22.82,1,0
NMR-501030,Worker,Colony-A,30.1,55,0.217,34.2,20.7,5.49,21.3,0.162,24,14,9.59,0,0
NMR-505556,Worker,Colony-C,35.6,62,0.144,31.7,31.7,6.72,12.39,0.414,25,11,17.72,1,1
NMR-506594,Queen,Colony-D,45.1,34,0.19,33.2,16.7,6.94,10.87,0.388,24,16,21.18,1,0
NMR-506676,Breeder,Colony-D,47.6,61,0.245,30.7,18.4,8.06,10.3,0.214,26,8,18.01,0,0
NMR-502682,Soldier,Colony-E,40.8,59,0.193,31.9,26.6,7.52,6.22,0.254,25,12,25.35,1,1
NMR-500695,Worker,Colony-A,25.2,122,0.254,32.6,13.3,4.57,13.45,0.414,22,14,20.29,0,0
NMR-501618,Soldier,Colony-D,28.8,21,0.259,31.2,9.2,4.95,8.38,0.331,20,14,19.12,0,1
NMR-501247,Worker,Colony-A,30.0,40,0.274,31.8,28.5,4.86,15.28,0.583,27,8,18.48,1,1
NMR-503432,Worker,Colony-D,30.5,40,0.218,32.6,25.8,6.21,14.18,0.394,24,11,17.43,1,1
NMR-501720,Queen,Colony-B,42.5,31,0.273,31.4,20.5,6.67,0.67,0.075,13,12,22.19,1,1
NMR-500755,Soldier,Colony-B,33.4,24,0.222,32.3,11.2,7.87,6.99,0.156,26,10,16.06,0,0
NMR-506081,Worker,Colony-D,37.0,55,0.153,32.3,18.6,5.97,13.84,0.35,17,14,17.39,0,1
NMR-500929,Soldier,Colony-E,39.0,23,0.304,32.4,34.2,8.91,19.13,0.429,21,12,18.61,1,0
NMR-502602,Soldier,Colony-B,30.5,58,0.178,31.5,21.4,5.47,9.22,0.156,21,8,18.94,0,1
NMR-508297,Breeder,Colony-E,29.7,78,0.335,32.0,8.6,6.87,5.08,0.238,20,10,14.75,0,1
NMR-507672,Breeder,Colony-C,37.8,61,0.268,32.3,33.3,6.39,13.22,0.237,25,16,15.77,1,1
NMR-500665,Breeder,Colony-C,46.4,32,0.278,30.2,23.0,4.98,5.17,0.451,23,9,13.07,0,0
NMR-509060,Soldier,Colony-A,37.6,48,0.256,32.4,37.6,7.31,14.94,0.549,20,7,20.66,1,1
NMR-506110,Soldier,Colony-C,16.4,30,0.376,32.6,43.4,7.36,8.15,0.272,29,12,21.45,1,0
NMR-500975,Worker,Colony-B,15.2,63,0.223,31.4,18.6,7.25,13.88,0.228,25,12,16.44,0,0
NMR-503607,Breeder,Colony-B,45.2,86,0.138,31.8,25.1,6.07,4.29,0.563,23,13,23.61,1,0
NMR-500781,Soldier,Colony-E,26.6,27,0.19,30.4,9.8,5.97,9.66,0.335,26,9,16.65,1,1
NMR-506215,Soldier,Colony-B,28.6,36,0.215,33.1,14.5,7.15,15.41,0.451,21,8,18.97,1,0
NMR-509248,Breeder,Colony-A,40.8,34,0.381,32.2,21.0,6.9,6.0,0.158,20,12,24.75,0,0
NMR-503460,Worker,Colony-A,22.7,57,0.44,32.3,18.7,7.81,32.68,0.095,30,16,15.54,0,1
NMR-503004,Worker,Colony-E,29.4,18,0.28,32.6,11.0,6.68,10.71,0.303,16,11,24.93,0,0
NMR-502797,Worker,Colony-A,29.7,34,0.172,29.6,15.5,6.32,20.8,0.406,19,14,25.11,1,0
NMR-501176,Soldier,Colony-C,41.2,67,0.274,32.8,11.5,7.2,10.54,0.244,28,18,18.8,0,1
NMR-508396,Worker,Colony-C,32.1,103,0.211,31.9,19.7,5.64,10.01,0.249,23,11,19.04,0,0
NMR-502501,Worker,Colony-B,27.6,42,0.327,32.2,14.5,7.0,26.3,0.456,14,8,19.65,0,0
NMR-505123,Worker,Colony-B,25.4,91,0.213,31.7,12.7,5.88,14.83,0.486,16,10,16.86,0,1
NMR-502082,Worker,Colony-D,36.2,102,0.293,33.9,15.2,5.68,14.22,0.097,19,10,23.47,0,0
NMR-504885,Worker,Colony-A,32.0,41,0.351,30.8,11.8,8.16,15.15,0.093,23,6,17.69,0,0
NMR-500550,Breeder,Colony-D,44.3,29,0.363,31.7,36.2,7.09,8.98,0.395,29,13,16.33,0,0
NMR-509608,Breeder,Colony-C,30.5,32,0.243,33.0,24.5,6.34,4.58,0.461,22,10,15.09,0,0
NMR-500251,Worker,Colony-D,29.0,77,0.204,33.0,15.1,5.71,10.27,0.214,23,12,16.78,0,0
NMR-501285,Soldier,Colony-B,25.7,75,0.231,31.3,25.4,7.46,7.03,0.189,27,18,20.29,1,1
NMR-508067,Worker,Colony-E,31.8,58,0.248,32.0,15.1,7.33,9.29,0.482,33,9,20.82,0,1
NMR-501101,Worker,Colony-C,37.6,73,0.244,30.2,14.3,6.44,10.75,0.349,29,10,18.54,0,0
NMR-503754,Worker,Colony-B,33.0,29,0.3,31.7,16.9,6.94,13.05,0.251,20,8,16.05,0,1
NMR-506353,Worker,Colony-B,26.9,43,0.322,33.3,14.8,7.94,18.35,0.152,23,7,15.16,0,0
NMR-507977,Worker,Colony-E,31.1,27,0.222,32.4,17.4,7.67,12.77,0.544,37,14,22.89,0,0
NMR-509914,Worker,Colony-E,31.1,22,0.223,31.9,17.0,6.01,21.15,0.383,28,12,14.37,0,1
NMR-501278,Breeder,Colony-D,28.8,63,0.242,33.7,14.3,6.75,4.46,0.561,37,11,21.49,0,0
NMR-502741,Worker,Colony-B,26.7,30,0.291,30.7,16.0,6.99,20.18,0.142,25,17,19.53,0,0
NMR-506943,Worker,Colony-C,36.9,76,0.277,31.6,22.9,6.79,18.74,0.114,16,8,23.42,1,1
NMR-506231,Breeder,Colony-E,40.8,45,0.225,32.5,23.8,6.81,18.25,0.303,26,10,12.01,0,0
NMR-507779,Breeder,Colony-E,40.3,30,0.154,31.4,23.0,5.73,1.64,0.251,20,6,21.22,1,1
NMR-503788,Worker,Colony-B,24.2,33,0.261,32.5,13.3,5.01,11.5,0.145,18,15,22.16,0,1
NMR-509930,Worker,Colony-B,19.6,51,0.269,33.0,25.9,7.29,21.74,0.199,29,10,14.66,0,0
NMR-503605,Soldier,Colony-A,37.3,27,0.321,32.3,22.9,7.96,15.9,0.386,17,10,16.28,0,0
NMR-500062,Soldier,Colony-B,43.5,99,0.276,32.3,25.5,6.37,8.91,0.132,19,12,20.43,0,1
NMR-500683,Worker,Colony-E,39.5,45,0.274,32.9,10.5,5.92,10.86,0.244,28,15,18.11,0,0
NMR-506366,Worker,Colony-A,32.7,59,0.246,32.3,15.0,8.03,11.99,0.272,34,14,20.04,1,1
NMR-502203,Soldier,Colony-A,35.4,40,0.287,32.8,19.9,7.93,12.5,0.423,23,12,15.6,0,0
NMR-504104,Soldier,Colony-B,34.0,54,0.221,32.3,28.8,5.72,8.41,0.399,23,11,23.04,1,1
NMR-509378,Worker,Colony-A,30.8,70,0.547,32.9,19.4,7.02,8.32,0.118,17,5,22.39,0,1
NMR-505057,Soldier,Colony-D,33.2,51,0.294,32.7,20.4,6.89,9.04,0.675,20,12,18.08,1,1
NMR-503352,Soldier,Colony-E,38.3,40,0.201,33.6,27.3,7.16,11.19,0.187,20,9,25.05,1,0
NMR-505032,Worker,Colony-D,27.0,42,0.223,31.2,14.0,8.57,24.37,0.36,30,6,17.26,1,0
NMR-500444,Worker,Colony-B,27.7,181,0.308,31.6,9.4,6.48,9.6,0.394,22,12,19.43,0,0
NMR-504317,Soldier,Colony-D,30.8,78,0.195,32.2,7.4,5.8,5.35,0.104,18,11,17.43,0,0
NMR-503801,Soldier,Colony-D,34.8,74,0.301,31.6,21.0,5.22,3.93,0.641,24,12,27.75,1,0
NMR-501466,Worker,Colony-C,26.4,49,0.154,32.1,8.5,6.64,12.06,0.441,25,10,22.34,0,1
NMR-503033,Breeder,Colony-E,39.6,71,0.237,31.9,18.2,8.04,9.41,0.372,29,8,20.97,1,1
NMR-504156,Queen,Colony-B,41.1,47,0.207,31.0,22.8,5.71,-1.61,0.338,22,10,22.52,0,0
NMR-504057,Worker,Colony-D,35.8,146,0.194,33.2,18.6,7.9,14.61,0.177,29,11,22.62,1,1
NMR-509626,Worker,Colony-A,14.8,39,0.192,34.3,18.8,8.1,19.62,0.426,23,10,19.57,1,0
NMR-507562,Soldier,Colony-D,28.3,53,0.165,33.4,7.7,6.24,4.77,0.189,23,14,19.49,1,0
NMR-501969,Soldier,Colony-C,33.7,35,0.217,31.4,20.6,8.3,3.1,0.205,35,9,19.41,1,0
NMR-503358,Worker,Colony-C,21.5,74,0.241,31.4,12.5,3.44,12.7,0.434,21,15,20.06,1,0
NMR-502839,Breeder,Colony-A,43.5,57,0.293,32.5,8.2,5.91,0.52,0.447,33,10,20.89,0,1
NMR-506843,Worker,Colony-B,26.8,80,0.228,31.9,7.9,6.95,17.7,0.335,24,8,19.27,0,0
NMR-509964,Worker,Colony-A,29.5,93,0.283,32.2,10.9,6.32,13.55,0.496,16,7,16.81,0,0
NMR-500790,Soldier,Colony-C,41.6,31,0.267,31.5,18.8,6.65,8.57,0.158,19,7,14.66,0,1
NMR-504716,Worker,Colony-C,43.6,38,0.331,31.9,15.7,6.56,13.87,0.291,24,10,18.37,0,1
NMR-505146,Breeder,Colony-E,36.7,36,0.322,32.2,12.8,3.4,5.08,0.116,27,11,18.52,0,1
NMR-501368,Worker,Colony-B,17.2,126,0.283,32.3,8.5,6.65,18.25,0.293,24,8,18.93,1,1
NMR-502838,Worker,Colony-D,25.8,51,0.266,31.6,24.1,6.42,17.45,0.758,19,11,15.05,1,1
NMR-504540,Soldier,Colony-A,33.9,94,0.149,33.0,18.6,4.18,5.55,0.4,17,12,24.66,1,0
NMR-500016,Soldier,Colony-B,45.0,88,0.26,31.7,12.7,8.79,6.8,0.29,29,13,17.93,0,1
NMR-506907,Worker,Colony-C,31.1,32,0.247,31.3,31.8,6.58,19.62,0.335,26,8,13.44,0,0
NMR-508750,Worker,Colony-B,24.8,87,0.146,30.8,39.0,6.1,11.71,0.518,20,6,20.73,1,0
NMR-502241,Worker,Colony-B,32.3,40,0.309,31.9,33.1,6.97,21.38,0.248,23,17,19.58,1,1
NMR-505401,Worker,Colony-C,27.0,41,0.23,32.5,31.1,5.57,8.68,0.506,25,12,17.35,1,1
NMR-508286,Soldier,Colony-A,28.2,156,0.283,32.5,13.5,6.66,5.85,0.11,21,11,19.93,1,1
NMR-506032,Worker,Colony-D,20.8,48,0.201,32.1,13.8,6.53,6.35,0.325,22,15,23.61,1,1
NMR-502192,Worker,Colony-B,37.2,40,0.294,34.3,13.9,6.57,16.08,0.493,19,15,23.99,1,0
NMR-500625,Worker,Colony-A,27.8,45,0.218,32.9,15.4,7.56,29.67,0.165,22,8,17.98,0,0
NMR-506698,Breeder,Colony-B,50.2,49,0.346,34.1,32.9,7.44,4.96,0.537,22,8,19.64,1,0
NMR-507086,Soldier,Colony-A,36.2,27,0.229,33.3,25.8,7.69,14.91,0.361,20,10,17.15,1,0
NMR-508273,Worker,Colony-A,26.5,53,0.169,33.0,31.7,7.94,11.6,0.345,25,6,21.03,1,0
NMR-502245,Worker,Colony-D,24.0,52,0.292,32.4,12.9,3.98,7.49,0.129,17,8,18.59,1,1
NMR-506000,Soldier,Colony-B,39.1,69,0.236,31.9,8.7,6.57,7.07,0.147,21,9,15.36,1,0
NMR-504421,Soldier,Colony-A,34.2,58,0.248,33.1,15.0,5.66,6.78,0.494,25,6,23.0,1,0
NMR-505593,Breeder,Colony-E,40.7,45,0.206,32.6,21.4,6.86,7.83,0.356,22,15,24.47,1,1
NMR-501549,Worker,Colony-A,21.1,27,0.187,31.7,22.2,8.19,24.98,0.217,24,4,16.21,0,0
NMR-501938,Worker,Colony-E,37.7,41,0.342,32.8,21.2,6.41,13.91,0.292,29,8,16.1,1,1
NMR-500064,Soldier,Colony-C,37.6,113,0.153,31.5,23.7,8.33,4.51,0.265,25,11,17.78,1,1
NMR-507728,Worker,Colony-E,23.8,71,0.177,31.5,13.2,6.78,13.8,0.226,30,12,19.14,1,1
NMR-503670,Breeder,Colony-C,46.5,105,0.225,30.9,16.8,8.48,8.17,0.341,17,13,22.72,1,1
NMR-501979,Worker,Colony-A,27.0,110,0.286,31.6,8.8,8.3,21.35,0.246,27,9,22.48,1,1
NMR-509125,Worker,Colony-E,33.3,62,0.312,33.8,13.5,7.08,14.49,0.302,20,13,18.94,1,0
NMR-500696,Worker,Colony-A,28.3,47,0.197,31.5,24.0,5.13,10.87,0.324,19,9,20.29,1,1
NMR-506158,Soldier,Colony-B,39.3,81,0.232,32.7,16.1,7.38,17.24,0.393,32,11,17.79,1,1
NMR-504080,Worker,Colony-D,32.4,119,0.238,31.0,12.0,6.62,11.79,0.37,28,11,18.13,0,0
NMR-501993,Soldier,Colony-B,30.2,52,0.169,32.1,10.1,4.59,6.98,0.436,22,7,17.92,0,1
NMR-508435,Soldier,Colony-C,34.7,76,0.319,30.5,29.8,6.16,7.8,0.301,22,9,15.91,0,0
NMR-501071,Worker,Colony-E,35.1,99,0.302,33.4,25.1,8.22,22.62,0.339,23,15,14.45,0,1
NMR-508608,Soldier,Colony-B,44.0,99,0.182,30.4,11.4,6.29,6.55,0.381,18,14,21.01,1,0
NMR-507681,Soldier,Colony-B,38.2,15,0.269,31.9,16.7,8.29,15.83,0.488,16,9,18.01,0,0
NMR-500041,Breeder,Colony-C,24.4,50,0.361,32.2,9.9,6.67,6.95,0.35,21,8,17.07,0,1
NMR-504546,Worker,Colony-D,38.0,68,0.289,33.2,11.3,6.14,22.01,0.298,25,10,17.83,0,0
NMR-507176,Worker,Colony-E,30.3,74,0.312,34.1,13.0,7.93,14.93,0.211,22,5,20.54,1,0
NMR-508999,Soldier,Colony-C,29.4,50,0.174,31.9,11.0,7.83,3.36,0.612,19,14,19.02,0,1
NMR-506741,Worker,Colony-A,22.4,39,0.349,32.9,16.9,5.46,13.87,0.317,29,10,23.94,0,1
NMR-500388,Soldier,Colony-B,37.0,16,0.298,32.5,23.0,5.11,9.67,0.244,18,10,18.62,0,1
NMR-505442,Worker,Colony-E,33.0,54,0.333,32.2,46.1,5.7,17.91,0.299,23,16,24.16,1,1
NMR-501113,Worker,Colony-A,27.2,23,0.444,32.7,18.4,5.93,10.2,0.382,29,11,13.65,0,1
NMR-502133,Soldier,Colony-C,45.6,46,0.38,32.8,45.4,6.54,9.44,0.346,19,14,26.21,1,0
NMR-504807,Soldier,Colony-E,29.1,50,0.172,31.5,24.8,7.26,8.45,0.346,24,7,22.96,1,1
NMR-505296,Worker,Colony-E,35.7,86,0.172,33.3,13.4,6.95,12.12,0.4,20,11,23.8,1,0
NMR-505840,Worker,Colony-E,39.8,31,0.267,32.2,29.3,6.79,24.52,0.329,24,19,20.29,1,1
NMR-508483,Worker,Colony-C,31.3,56,0.205,33.5,11.5,7.39,14.34,0.483,36,11,15.02,0,0
NMR-509502,Breeder,Colony-E,39.7,47,0.137,32.8,10.8,8.9,5.05,0.463,21,14,23.12,1,1
NMR-503391,Soldier,Colony-E,31.4,69,0.349,33.1,21.2,6.06,7.07,0.369,25,9,15.86,0,0
NMR-501085,Breeder,Colony-A,46.7,145,0.195,32.4,54.4,7.71,12.65,0.459,22,10,22.17,1,1
NMR-506544,Worker,Colony-B,28.5,27,0.237,31.1,16.2,8.16,28.05,0.223,27,11,18.77,0,0
NMR-505632,Worker,Colony-C,26.3,67,0.282,30.9,25.6,6.13,13.82,0.338,28,9,21.45,0,0
NMR-509594,Breeder,Colony-E,41.1,48,0.189,31.4,15.7,4.9,2.7,0.299,22,8,19.51,0,1
NMR-500775,Worker,Colony-E,27.0,26,0.257,31.8,26.6,8.74,7.59,0.299,26,11,20.27,1,0
NMR-501400,Breeder,Colony-C,35.2,56,0.24,32.7,26.0,4.9,4.05,0.511,18,12,21.45,1,1
NMR-508648,Worker,Colony-D,38.4,59,0.24,32.2,24.4,6.38,10.35,0.56,28,6,15.71,1,1
NMR-503920,Worker,Colony-D,33.1,61,0.161,33.6,13.1,4.67,12.9,0.198,27,8,20.25,1,0
NMR-502121,Worker,Colony-A,31.8,57,0.208,31.6,34.7,6.95,11.33,0.576,29,15,20.13,1,0
NMR-506983,Breeder,Colony-D,49.4,78,0.277,33.0,16.8,6.19,12.02,0.403,26,11,19.73,0,1
NMR-504116,Soldier,Colony-D,24.9,89,0.209,33.3,23.1,7.45,6.57,0.444,18,8,17.33,0,1
NMR-500702,Worker,Colony-A,27.0,142,0.299,31.1,44.9,6.0,10.15,0.345,33,12,20.73,1,0
NMR-503551,Soldier,Colony-B,34.7,44,0.213,32.5,21.3,6.35,7.08,0.389,31,9,18.1,1,1
NMR-503034,Worker,Colony-B,28.1,80,0.224,32.3,19.9,7.51,10.15,0.106,34,12,17.21,1,1
NMR-504572,Soldier,Colony-D,28.7,53,0.293,32.6,56.2,7.14,12.75,0.176,21,7,23.9,1,1
NMR-506999,Queen,Colony-A,38.0,140,0.276,31.6,16.7,6.61,-0.34,0.348,22,10,25.24,1,0
NMR-501601,Worker,Colony-E,26.0,146,0.277,31.6,19.0,5.14,12.18,0.32,31,16,18.7,1,0
NMR-504878,Worker,Colony-A,22.9,25,0.256,31.5,28.8,6.67,17.42,0.1,18,7,22.98,0,1
NMR-509989,Queen,Colony-C,47.9,48,0.183,33.4,19.1,3.67,2.22,0.412,25,15,24.89,1,0
NMR-500969,Soldier,Colony-C,45.1,62,0.208,30.9,28.9,6.98,10.24,0.178,25,5,17.05,1,0
NMR-504361,Soldier,Colony-C,31.9,94,0.199,31.6,23.6,6.21,7.57,0.251,25,11,20.29,1,0
NMR-507610,Worker,Colony-E,23.6,55,0.337,32.0,29.8,6.99,17.57,0.408,23,12,23.04,0,1
NMR-505004,Worker,Colony-B,28.2,60,0.172,31.1,21.6,5.14,17.33,0.288,20,9,17.78,1,0
NMR-504918,Worker,Colony-D,42.1,34,0.304,32.2,31.0,6.79,9.28,0.339,26,12,18.0,1,1
NMR-502890,Worker,Colony-E,37.6,118,0.272,31.6,20.9,5.42,13.92,0.168,25,13,15.39,0,0
NMR-508775,Worker,Colony-A,31.8,114,0.129,31.0,8.8,7.04,8.09,0.322,22,10,17.81,1,0
NMR-502973,Soldier,Colony-C,41.0,35,0.358,32.4,20.8,5.79,8.72,0.519,25,9,13.48,0,1
NMR-502687,Worker,Colony-D,35.6,70,0.423,32.0,22.5,4.67,12.93,0.312,26,10,19.56,0,0
NMR-501299,Worker,Colony-D,27.3,32,0.397,32.5,25.3,6.86,22.42,0.361,23,10,20.88,0,1
NMR-508650,Soldier,Colony-B,37.2,16,0.24,33.2,19.0,8.58,10.09,0.365,25,11,17.62,0,0
NMR-501091,Breeder,Colony-E,37.3,64,0.383,33.2,24.6,7.82,1.43,0.402,32,6,15.22,0,1
NMR-508434,Worker,Colony-E,36.7,104,0.227,32.2,12.9,5.95,11.99,0.134,19,12,22.62,1,0
NMR-507850,Worker,Colony-C,33.9,71,0.202,31.1,12.0,6.29,8.31,0.246,30,9,16.89,0,0
NMR-505665,Worker,Colony-D,47.8,38,0.269,30.8,16.3,6.28,14.58,0.34,18,9,23.47,1,0
NMR-502233,Worker,Colony-A,36.8,62,0.337,31.0,13.6,6.04,15.24,0.142,19,11,19.08,0,0
NMR-502669,Worker,Colony-E,28.8,84,0.273,33.6,33.1,6.87,11.28,0.422,35,13,20.37,1,0
NMR-508903,Soldier,Colony-C,33.4,70,0.272,32.5,23.5,6.77,14.94,0.33,31,13,18.09,0,1
NMR-506451,Soldier,Colony-D,27.9,54,0.133,32.6,11.0,5.6,16.52,0.44,30,10,18.48,1,1
NMR-509547,Worker,Colony-B,29.1,75,0.299,33.8,11.4,6.88,10.45,0.22,21,13,12.62,0,0
NMR-509679,Worker,Colony-A,32.3,20,0.262,30.4,51.2,8.17,7.24,0.242,26,13,22.18,1,0
NMR-508856,Worker,Colony-E,22.8,84,0.21,33.2,11.4,6.77,9.3,0.237,20,13,21.32,0,0
NMR-503292,Worker,Colony-B,19.7,50,0.247,31.1,29.2,7.94,12.94,0.283,26,10,17.55,0,0
NMR-506703,Worker,Colony-E,27.1,31,0.243,31.5,11.0,5.98,7.93,0.472,27,11,15.58,0,1
NMR-509471,Worker,Colony-B,30.6,31,0.294,32.5,21.1,6.04,26.45,0.244,30,6,23.14,1,1
NMR-503064,Worker,Colony-C,31.5,85,0.23,31.9,20.3,6.33,9.78,0.047,31,9,20.99,1,1
NMR-509974,Worker,Colony-B,28.9,58,0.222,32.4,7.3,5.75,19.53,0.206,21,13,18.32,0,1
NMR-509464,Worker,Colony-B,35.5,62,0.211,31.4,29.9,5.58,13.77,0.389,26,14,18.93,1,0
NMR-508347,Soldier,Colony-D,39.6,38,0.23,29.8,16.9,7.51,8.92,0.256,20,13,10.83,0,0
NMR-508280,Soldier,Colony-E,33.1,35,0.208,31.8,15.2,7.46,12.34,0.328,37,9,17.09,0,0
NMR-501707,Worker,Colony-A,26.2,41,0.145,32.4,23.1,6.02,21.77,0.284,22,17,14.81,1,1
NMR-509240,Worker,Colony-D,15.8,34,0.226,32.3,27.8,6.08,15.91,0.075,23,10,18.78,1,1
NMR-507710,Worker,Colony-E,33.6,69,0.398,32.9,13.7,6.07,8.81,0.253,33,13,17.55,1,1
NMR-508458,Soldier,Colony-E,32.2,67,0.228,32.5,29.6,4.83,7.99,0.259,31,10,17.94,0,1
NMR-504038,Worker,Colony-C,28.0,77,0.203,32.1,16.4,7.45,6.98,0.429,20,9,18.13,0,1
NMR-509975,Worker,Colony-B,33.9,45,0.336,32.2,17.2,8.07,12.25,0.215,16,10,27.48,1,1
NMR-501708,Worker,Colony-D,26.2,64,0.231,31.1,12.0,10.67,22.81,0.639,21,10,24.57,1,1
NMR-504278,Worker,Colony-A,33.6,160,0.308,31.9,14.9,6.13,8.53,0.062,32,10,16.8,1,1
NMR-500277,Soldier,Colony-C,28.4,50,0.212,31.4,15.5,8.88,17.71,0.126,29,14,19.27,0,0
NMR-507886,Worker,Colony-A,35.2,91,0.257,31.1,30.2,8.78,17.37,0.57,27,7,21.17,1,1
NMR-501927,Breeder,Colony-B,38.4,53,0.303,31.8,18.4,6.33,13.78,0.169,24,10,12.16,1,1
NMR-508818,Worker,Colony-B,27.4,89,0.321,33.1,23.7,6.3,9.14,0.098,20,10,21.35,0,0
NMR-508397,Soldier,Colony-C,40.3,29,0.282,31.4,21.2,8.01,7.58,0.071,28,9,20.03,1,0
NMR-502237,Worker,Colony-E,25.8,110,0.288,33.6,18.7,7.42,7.4,0.276,30,16,16.54,0,0
NMR-500647,Soldier,Colony-B,39.5,36,0.158,33.3,28.3,7.5,5.65,0.372,20,9,23.13,1,0
NMR-501157,Breeder,Colony-D,40.2,67,0.242,31.7,19.3,3.7,0.08,0.396,24,20,24.2,0,1
NMR-509817,Worker,Colony-C,23.4,63,0.202,30.8,15.2,6.63,24.59,0.385,33,13,19.06,1,0
NMR-508873,Worker,Colony-E,29.2,97,0.224,33.0,28.6,7.76,56.37,0.354,19,12,18.66,1,1
NMR-500272,Soldier,Colony-E,41.6,48,0.264,31.8,29.1,7.67,5.53,0.233,25,8,23.02,1,1
NMR-507465,Worker,Colony-A,31.8,99,0.298,34.2,17.1,8.11,12.17,0.669,17,15,17.12,0,1
NMR-503295,Soldier,Colony-C,26.8,63,0.216,33.0,20.1,7.14,4.47,0.176,21,9,24.08,1,1
NMR-504581,Soldier,Colony-B,37.4,42,0.222,31.7,20.3,6.93,8.76,0.229,29,14,21.07,1,0
NMR-504237,Worker,Colony-E,29.8,47,0.323,32.6,13.0,7.36,10.06,0.354,29,11,23.66,0,1
NMR-506377,Soldier,Colony-B,30.7,61,0.279,32.7,9.3,7.24,10.61,0.555,30,10,19.25,0,1
NMR-501581,Worker,Colony-E,30.5,126,0.267,31.6,22.9,6.69,46.32,0.415,24,9,24.09,1,1
NMR-504527,Soldier,Colony-A,35.9,40,0.227,34.3,8.5,7.31,10.1,0.329,27,7,14.0,0,0
NMR-503535,Worker,Colony-A,38.1,41,0.268,32.6,19.7,6.86,14.49,0.346,20,11,17.82,0,0
NMR-501480,Queen,Colony-B,39.4,42,0.403,33.1,27.2,5.79,2.53,0.628,24,9,18.3,1,1
NMR-507481,Worker,Colony-D,30.1,74,0.246,33.0,21.6,9.07,14.44,0.629,25,8,19.87,1,0
NMR-505326,Soldier,Colony-D,40.8,37,0.216,31.7,9.1,5.86,7.81,0.339,21,10,22.36,0,1
NMR-503260,Worker,Colony-A,29.9,56,0.164,32.2,18.9,7.2,6.43,0.265,28,12,19.96,1,1
NMR-508200,Worker,Colony-B,21.5,62,0.313,31.0,6.7,7.23,21.19,0.069,25,5,18.68,0,1
NMR-506344,Soldier,Colony-E,34.8,65,0.344,31.8,28.2,7.05,49.37,0.315,25,11,21.08,1,1
NMR-507549,Worker,Colony-A,26.2,71,0.206,34.7,14.7,5.24,26.08,0.375,26,14,18.61,0,0
NMR-508241,Soldier,Colony-B,29.9,51,0.257,31.7,8.0,7.1,4.94,0.212,18,14,21.29,0,1
NMR-508000,Worker,Colony-A,33.4,40,0.277,32.1,14.6,5.12,8.9,0.561,29,14,18.01,0,1
NMR-508906,Worker,Colony-E,34.4,61,0.286,32.1,10.2,7.81,16.84,0.208,17,12,18.49,0,1
NMR-505347,Worker,Colony-C,26.6,27,0.231,31.8,17.4,4.81,11.85,0.359,30,14,18.59,1,1
NMR-507218,Soldier,Colony-D,35.1,15,0.146,32.6,18.7,8.03,21.23,0.344,29,11,19.57,1,0
NMR-506263,Breeder,Colony-E,39.4,41,0.254,32.5,16.2,7.42,6.35,0.172,25,9,19.48,1,0
NMR-501630,Worker,Colony-E,29.2,158,0.384,32.0,18.5,7.34,9.44,0.226,25,13,19.22,0,1
NMR-503860,Soldier,Colony-C,40.8,56,0.31,32.5,21.9,8.08,8.79,0.487,26,14,17.73,1,1
NMR-500058,Worker,Colony-B,32.5,81,0.287,29.9,20.3,7.03,8.74,0.159,18,11,19.89,1,0
NMR-507765,Worker,Colony-E,35.6,71,0.211,31.8,9.4,6.54,7.95,0.406,24,14,21.65,1,1
NMR-503031,Soldier,Colony-A,35.2,25,0.241,33.5,14.6,7.72,12.71,0.273,33,8,18.82,0,0
NMR-501507,Worker,Colony-D,35.6,21,0.343,33.9,21.0,7.01,15.06,0.397,24,14,19.2,1,0
NMR-503040,Breeder,Colony-D,41.1,58,0.334,32.7,10.2,8.34,1.09,0.147,20,13,22.11,0,1
NMR-504508,Worker,Colony-D,41.6,91,0.236,31.6,10.9,6.95,10.28,0.205,29,9,21.82,1,1
NMR-509636,Worker,Colony-D,23.5,77,0.454,31.9,43.3,5.93,28.46,0.092,29,14,24.96,1,1
NMR-503644,Worker,Colony-E,33.6,47,0.301,32.1,16.5,6.59,13.35,0.322,28,12,21.8,0,1
NMR-503403,Worker,Colony-B,24.5,47,0.157,31.9,27.8,5.22,11.9,0.212,27,11,21.24,1,1
NMR-502604,Soldier,Colony-E,33.5,55,0.185,31.9,28.8,6.71,4.41,0.297,28,7,19.31,0,1
NMR-506127,Worker,Colony-E,27.0,68,0.147,30.9,15.1,7.79,11.97,0.347,27,5,18.36,1,1
NMR-502874,Worker,Colony-D,34.6,105,0.348,33.2,14.4,5.41,8.49,0.316,28,14,19.52,0,0
NMR-502929,Soldier,Colony-A,28.5,91,0.288,32.6,15.1,7.28,11.33,0.285,26,10,17.97,0,1
NMR-502776,Worker,Colony-C,43.3,50,0.268,33.0,38.2,7.76,33.49,0.379,30,12,18.23,1,1
NMR-504931,Soldier,Colony-E,31.5,57,0.227,32.2,13.1,6.63,11.75,0.253,27,4,12.51,0,1
NMR-500966,Worker,Colony-D,22.9,58,0.281,33.5,29.1,8.25,11.9,0.123,31,9,22.15,1,0
NMR-509672,Worker,Colony-B,28.3,57,0.163,31.2,12.9,6.89,11.05,0.4,24,10,19.14,0,0
NMR-509785,Worker,Colony-C,33.1,28,0.214,32.3,24.7,5.45,19.16,0.575,21,10,23.68,1,1
NMR-505925,Soldier,Colony-C,47.6,68,0.169,32.5,10.9,6.14,7.33,0.278,30,12,15.26,0,1
NMR-503991,Soldier,Colony-C,31.7,53,0.196,32.4,26.0,7.8,7.81,0.271,28,10,21.21,1,1
NMR-506681,Breeder,Colony-E,40.6,25,0.302,31.6,26.7,5.77,21.57,0.266,14,11,19.81,0,1
NMR-506838,Worker,Colony-B,33.3,125,0.229,32.4,10.2,7.7,9.0,0.403,22,11,16.33,0,1
NMR-504259,Worker,Colony-E,28.7,33,0.216,31.7,10.8,5.78,17.25,0.393,22,10,13.96,0,1
NMR-500469,Soldier,Colony-B,40.5,69,0.323,30.3,13.6,7.77,8.25,0.479,21,12,17.77,0,1
NMR-504420,Worker,Colony-A,32.8,77,0.246,30.9,16.3,5.65,7.55,0.136,23,14,21.71,0,0
NMR-506678,Worker,Colony-C,23.9,80,0.226,31.3,23.1,9.01,9.46,0.379,23,11,18.3,1,1
NMR-502627,Worker,Colony-E,36.7,20,0.229,32.4,26.9,5.49,11.2,0.625,18,14,17.26,1,1
NMR-502857,Worker,Colony-D,31.9,54,0.406,32.3,7.7,7.39,37.96,0.225,19,12,19.82,0,1
NMR-502684,Worker,Colony-C,31.8,37,0.154,30.9,20.0,7.75,13.55,0.412,17,10,14.79,0,0
NMR-501024,Soldier,Colony-A,33.2,104,0.351,31.5,26.6,8.4,32.1,0.447,14,9,26.08,1,1
NMR-505985,Worker,Colony-E,31.4,39,0.221,32.2,16.9,5.64,11.95,0.252,22,12,20.21,1,1
NMR-506045,Worker,Colony-E,41.4,41,0.303,31.7,14.4,7.28,12.39,0.319,35,11,24.79,0,0
NMR-503433,Soldier,Colony-B,38.4,34,0.273,32.5,11.7,6.29,20.71,0.266,26,5,18.48,1,1
NMR-503047,Worker,Colony-A,33.5,33,0.328,31.6,19.5,8.33,9.4,0.198,24,9,20.39,1,0
NMR-500890,Worker,Colony-B,32.7,132,0.15,33.9,12.4,7.64,15.45,0.32,23,10,18.78,0,1
NMR-501821,Worker,Colony-B,29.0,32,0.281,32.9,21.0,6.37,14.01,0.496,28,16,21.51,1,1
NMR-502074,Soldier,Colony-D,38.4,99,0.167,33.1,18.7,6.29,8.98,0.184,20,11,24.18,1,0
NMR-500365,Worker,Colony-A,24.1,57,0.2,32.3,26.8,7.63,7.57,0.23,25,12,20.59,1,1
NMR-507505,Breeder,Colony-E,39.1,29,0.289,32.6,15.5,6.29,3.68,0.072,26,9,19.13,1,1
NMR-507528,Worker,Colony-A,28.8,27,0.218,31.5,12.8,6.94,27.55,0.527,27,14,20.98,1,0
NMR-502579,Worker,Colony-D,26.3,40,0.399,31.5,14.0,7.87,14.82,0.497,22,12,16.97,0,0
NMR-501338,Worker,Colony-D,31.2,76,0.395,31.7,22.9,6.67,14.32,0.27,26,8,25.25,0,1
NMR-509031,Worker,Colony-E,38.0,24,0.26,32.0,34.2,7.12,15.11,0.147,22,16,15.83,1,1
NMR-508855,Soldier,Colony-E,34.9,54,0.214,33.1,45.9,6.18,15.09,0.282,18,7,18.81,1,0
NMR-503074,Worker,Colony-E,32.6,33,0.203,30.9,16.3,8.24,8.72,0.267,20,7,23.43,1,0
NMR-506980,Worker,Colony-B,30.4,71,0.378,33.3,10.7,9.22,11.74,0.312,33,15,20.77,0,1
NMR-501471,Soldier,Colony-A,45.2,40,0.275,32.7,14.7,8.12,13.86,0.38,21,16,19.93,1,0
NMR-503817,Worker,Colony-B,34.8,39,0.247,31.5,18.5,7.79,11.6,0.227,15,15,17.63,0,0
NMR-506322,Soldier,Colony-C,40.8,73,0.186,31.5,14.6,7.15,4.31,0.132,20,15,19.18,1,1
NMR-500083,Breeder,Colony-A,34.2,106,0.217,30.4,18.9,6.9,8.79,0.128,25,7,16.02,1,0
NMR-506302,Breeder,Colony-B,49.0,57,0.147,32.5,32.5,6.29,9.53,0.194,29,13,14.54,1,1
NMR-507012,Breeder,Colony-E,40.8,92,0.325,32.0,10.8,7.39,8.56,0.238,22,8,15.52,0,1
NMR-509102,Soldier,Colony-D,27.1,89,0.38,32.5,27.9,7.26,12.14,0.405,23,8,19.93,0,1
NMR-509386,Worker,Colony-B,32.0,122,0.562,33.4,18.8,6.66,9.09,0.437,23,14,23.44,0,0
NMR-505496,Worker,Colony-B,30.7,34,0.463,33.2,20.5,4.61,15.34,0.15,30,13,16.6,0,1
NMR-509328,Soldier,Colony-A,39.0,60,0.292,34.4,16.0,6.88,11.17,0.609,21,15,18.68,1,0
NMR-501858,Soldier,Colony-D,31.3,29,0.253,32.0,14.5,6.09,5.65,0.3,24,11,20.38,0,1
NMR-508042,Worker,Colony-E,32.4,61,0.203,33.0,7.1,6.99,11.5,0.318,19,10,23.02,0,0
NMR-505834,Worker,Colony-A,29.4,155,0.24,31.7,36.3,5.16,17.66,0.449,26,5,25.15,1,0
NMR-508031,Soldier,Colony-C,26.1,28,0.468,33.9,8.6,3.96,6.42,0.146,29,16,20.59,0,1
NMR-505285,Worker,Colony-C,28.0,69,0.325,31.7,10.8,7.98,16.7,0.111,15,8,20.38,1,1
NMR-507433,Worker,Colony-E,32.4,43,0.216,31.7,14.3,8.42,12.84,0.529,30,15,16.39,0,0
NMR-509540,Worker,Colony-B,24.3,64,0.224,30.6,17.4,6.29,21.69,0.301,28,11,16.78,0,0
NMR-503218,Worker,Colony-E,21.2,43,0.227,32.4,9.2,5.6,19.1,0.246,22,13,20.0,0,1
NMR-507526,Worker,Colony-C,21.3,78,0.211,31.5,14.1,7.08,14.89,0.275,21,9,15.34,1,1
NMR-501269,Worker,Colony-C,41.9,57,0.177,32.4,6.8,5.94,11.13,0.228,22,8,16.11,1,1
NMR-502954,Worker,Colony-E,28.7,107,0.289,30.1,21.2,5.81,9.81,0.101,19,15,24.06,1,0
NMR-501437,Worker,Colony-B,22.8,64,0.281,33.0,23.0,8.58,11.98,0.348,20,14,22.37,1,1
NMR-507645,Worker,Colony-D,19.7,39,0.299,34.4,25.5,6.72,14.86,0.232,30,15,22.71,1,0
NMR-508577,Breeder,Colony-A,34.3,57,0.225,32.7,36.9,6.47,11.27,0.4,18,11,22.14,1,1
NMR-508316,Worker,Colony-D,32.7,75,0.349,31.2,22.2,8.12,14.59,0.35,19,5,24.9,1,1
NMR-504609,Worker,Colony-D,24.8,36,0.199,33.1,7.5,6.6,15.04,0.214,21,13,19.77,0,0
NMR-508850,Soldier,Colony-E,20.6,36,0.166,32.2,31.3,5.39,12.73,0.539,21,9,19.08,1,1
NMR-506981,Worker,Colony-C,26.6,22,0.236,33.4,13.6,6.33,14.96,0.381,25,12,23.04,1,0
NMR-501333,Soldier,Colony-C,38.3,69,0.428,31.5,12.6,8.07,10.62,0.338,18,10,19.3,0,1
NMR-508680,Worker,Colony-C,26.4,89,0.273,31.5,51.6,5.81,14.12,0.208,24,13,20.2,1,0
NMR-505658,Breeder,Colony-C,43.8,34,0.27,33.8,18.3,7.88,3.8,0.221,26,7,19.74,0,0
NMR-507382,Soldier,Colony-C,34.9,20,0.293,31.8,14.3,7.02,13.61,0.149,21,7,18.76,1,1
NMR-507927,Worker,Colony-B,27.6,42,0.163,32.5,20.1,7.59,13.61,0.147,29,13,21.1,1,0
NMR-504947,Worker,Colony-E,25.7,39,0.289,30.9,20.6,6.93,7.78,0.4,17,10,19.12,1,0
NMR-509070,Worker,Colony-E,23.7,49,0.125,33.2,4.7,6.76,17.35,0.377,25,13,14.49,0,1
NMR-502304,Worker,Colony-E,31.3,68,0.295,33.0,30.3,5.09,11.34,0.206,15,13,23.5,0,0
NMR-505931,Worker,Colony-B,20.3,29,0.149,32.8,10.3,6.43,15.51,0.335,22,13,14.74,0,1
NMR-507115,Soldier,Colony-A,41.7,80,0.287,34.2,12.1,8.45,8.11,0.498,35,13,17.35,0,0
NMR-508991,Soldier,Colony-E,37.0,20,0.348,32.7,8.8,6.67,11.62,0.223,29,11,17.8,1,1
NMR-502204,Soldier,Colony-C,40.0,84,0.257,32.2,40.5,5.91,13.89,0.338,20,14,20.18,0,1
NMR-502998,Breeder,Colony-D,46.3,67,0.196,32.5,11.0,4.64,8.46,0.173,23,15,17.65,0,0
NMR-504255,Breeder,Colony-D,42.3,44,0.432,34.1,16.2,7.17,4.77,0.316,18,8,21.21,0,0
NMR-507075,Breeder,Colony-E,39.3,32,0.331,32.1,26.3,6.2,6.88,0.195,25,12,19.08,0,1
NMR-504058,Soldier,Colony-B,25.7,50,0.268,32.2,12.0,6.97,13.1,0.178,17,9,22.18,1,1
NMR-508292,Worker,Colony-E,40.0,64,0.367,33.3,31.7,7.41,9.17,0.223,25,11,15.23,0,0
NMR-504594,Worker,Colony-E,27.1,54,0.26,32.2,20.2,5.28,10.92,0.327,21,8,19.71,0,1
NMR-502027,Worker,Colony-A,31.7,195,0.164,31.5,19.3,6.93,31.15,0.209,24,8,16.59,0,1
NMR-500335,Worker,Colony-E,36.2,101,0.116,32.5,12.0,7.25,8.25,0.404,22,11,20.14,1,1
NMR-508421,Breeder,Colony-C,39.7,63,0.28,31.7,18.8,9.25,0.2,0.204,22,7,21.64,0,1
NMR-502369,Worker,Colony-B,38.6,16,0.381,31.2,25.1,6.05,15.93,0.342,21,14,18.35,0,1
NMR-501933,Worker,Colony-D,27.0,42,0.246,32.7,21.3,6.68,13.06,0.063,19,11,21.84,1,1
NMR-500428,Worker,Colony-C,26.2,31,0.153,32.5,40.8,5.13,13.56,0.257,16,8,12.69,1,1
NMR-503714,Soldier,Colony-B,38.3,74,0.434,31.4,25.4,6.95,6.38,0.134,19,13,20.32,0,1
NMR-507652,Worker,Colony-A,39.3,30,0.351,33.0,6.5,7.16,8.35,0.321,29,16,21.59,0,0
NMR-503242,Worker,Colony-A,26.8,62,0.245,30.9,25.5,5.33,13.61,0.136,28,17,20.67,0,0
NMR-505471,Soldier,Colony-B,32.0,28,0.261,31.4,23.2,6.95,20.13,0.238,21,9,17.75,1,0
NMR-501343,Soldier,Colony-C,37.9,43,0.234,32.5,15.0,5.79,6.44,0.19,20,9,19.63,0,1
NMR-505922,Soldier,Colony-E,24.3,19,0.126,32.1,12.0,8.28,9.77,0.363,26,9,22.54,1,0
NMR-508086,Worker,Colony-E,29.4,20,0.445,31.7,4.3,8.64,17.15,0.29,27,7,17.2,0,0
NMR-507304,Worker,Colony-E,26.5,49,0.193,32.1,22.6,5.54,11.1,0.441,16,11,19.25,0,1
NMR-502078,Worker,Colony-B,31.0,79,0.341,30.3,17.3,6.12,12.13,0.261,21,14,13.08,0,0
NMR-507399,Worker,Colony-A,25.7,37,0.151,32.7,34.7,7.41,12.85,0.297,23,8,20.39,1,0
NMR-508541,Worker,Colony-E,25.0,177,0.232,32.3,23.0,6.93,16.29,0.246,17,7,19.55,1,1
NMR-504457,Worker,Colony-A,35.2,100,0.271,31.0,14.4,6.29,17.3,0.225,21,17,22.36,1,0
NMR-507933,Worker,Colony-E,34.7,37,0.212,32.4,27.0,6.25,14.84,0.391,24,7,24.0,1,1
NMR-500806,Breeder,Colony-D,31.9,24,0.16,34.0,31.2,5.71,1.8,0.275,20,16,16.84,0,1
NMR-500201,Worker,Colony-E,34.7,56,0.252,32.2,24.0,6.54,11.12,0.227,23,12,19.38,1,1
NMR-506398,Worker,Colony-E,34.7,70,0.252,31.1,31.7,8.02,20.83,0.338,21,15,23.65,1,0
NMR-502109,Soldier,Colony-B,26.3,75,0.253,32.3,26.1,7.02,9.5,0.181,30,8,19.57,0,1
NMR-501235,Breeder,Colony-C,38.0,80,0.316,30.6,9.8,7.44,9.98,0.076,17,13,20.24,0,0
NMR-500562,Worker,Colony-C,20.9,81,0.198,32.4,15.7,6.32,8.21,0.104,28,17,19.77,1,1
NMR-509579,Worker,Colony-A,29.3,59,0.279,32.2,36.5,9.05,6.57,0.372,23,12,20.91,1,1
NMR-502878,Soldier,Colony-E,31.6,44,0.297,33.2,22.7,6.02,6.18,0.227,23,14,22.25,1,1
NMR-502855,Worker,Colony-A,21.2,120,0.325,30.4,20.1,6.79,17.92,0.095,27,9,21.09,0,0
NMR-501727,Worker,Colony-B,39.2,32,0.223,31.4,21.8,6.08,35.03,0.35,26,14,25.25,1,0
NMR-500827,Worker,Colony-A,29.2,59,0.475,31.6,10.6,7.76,14.16,0.205,31,8,17.25,0,1
NMR-505153,Soldier,Colony-B,30.6,85,0.31,31.0,10.2,5.67,9.84,0.461,23,14,19.03,0,0
NMR-507795,Soldier,Colony-C,40.4,70,0.454,31.2,25.0,4.84,18.38,0.185,28,17,17.95,0,0
NMR-505878,Queen,Colony-C,46.5,42,0.285,32.6,16.7,6.15,0.93,0.302,22,12,18.75,0,1
NMR-507650,Soldier,Colony-E,22.8,26,0.186,31.2,23.9,4.93,29.39,0.548,24,9,18.65,1,1
NMR-507699,Soldier,Colony-B,21.5,36,0.205,29.9,12.2,5.88,3.58,0.358,33,9,17.21,0,1
NMR-500139,Worker,Colony-E,24.8,35,0.189,33.4,29.3,5.31,18.66,0.198,30,12,16.09,0,1
NMR-504310,Breeder,Colony-E,30.4,88,0.281,32.5,6.5,7.2,6.3,0.179,20,14,18.62,0,1
NMR-507937,Worker,Colony-B,26.4,59,0.483,30.7,16.9,6.58,21.46,0.415,24,18,19.37,0,0
NMR-502446,Worker,Colony-B,30.1,53,0.214,32.1,8.9,7.96,15.04,0.433,17,15,17.09,0,0
NMR-507541,Soldier,Colony-C,28.3,36,0.263,31.8,29.1,5.93,10.08,0.262,31,16,21.14,1,1
NMR-504685,Soldier,Colony-D,29.5,33,0.322,32.3,32.3,6.63,21.62,0.137,23,15,24.97,1,1
NMR-500331,Soldier,Colony-D,35.1,48,0.237,32.9,12.7,6.73,30.98,0.72,23,8,22.51,1,1
NMR-509902,Worker,Colony-C,30.7,67,0.207,32.5,13.7,7.13,27.61,0.269,25,12,21.42,0,1
NMR-504667,Worker,Colony-A,33.3,69,0.234,32.2,27.3,5.03,15.59,0.167,21,12,15.83,0,0
NMR-506889,Worker,Colony-A,29.6,84,0.231,31.6,24.8,5.03,12.55,0.306,26,23,17.1,0,0
NMR-504749,Worker,Colony-C,22.1,99,0.318,32.9,6.5,7.26,28.45,0.146,25,12,14.11,1,1
NMR-509005,Worker,Colony-E,29.3,10,0.107,30.9,12.9,7.48,37.73,0.17,32,8,18.71,0,0
NMR-504631,Worker,Colony-E,20.4,101,0.333,32.0,20.5,5.49,11.68,0.478,29,13,17.84,0,0
NMR-501678,Queen,Colony-D,45.7,119,0.364,31.3,36.3,6.8,0.14,0.176,27,8,12.32,0,0
NMR-500632,Worker,Colony-D,21.1,65,0.28,31.9,28.8,7.36,13.18,0.276,29,10,20.99,1,1
NMR-505182,Worker,Colony-B,31.6,125,0.399,32.7,8.9,7.1,7.77,0.233,22,11,21.15,0,1
NMR-503035,Soldier,Colony-C,32.8,35,0.14,31.7,27.5,7.55,10.02,0.368,17,7,14.36,0,0
NMR-502201,Worker,Colony-C,29.3,53,0.314,31.8,24.1,7.43,18.02,0.272,31,4,22.36,1,1
NMR-507161,Soldier,Colony-C,43.1,57,0.32,32.7,37.2,6.93,21.65,0.237,27,13,20.59,1,1
NMR-505822,Worker,Colony-E,41.9,95,0.228,31.9,33.3,7.72,8.91,0.241,18,16,15.48,1,1
NMR-504953,Worker,Colony-A,27.1,130,0.654,31.9,10.5,6.95,9.26,0.369,30,20,20.59,0,1
NMR-504268,Worker,Colony-B,33.8,35,0.178,29.8,24.7,7.67,16.18,0.358,20,16,25.51,1,0
NMR-505796,Soldier,Colony-D,33.9,32,0.415,31.7,30.4,7.43,3.83,0.044,18,11,17.13,0,0
NMR-509931,Worker,Colony-A,28.7,23,0.575,32.3,23.7,6.79,15.39,0.472,20,13,18.8,0,1
NMR-500434,Soldier,Colony-C,25.2,17,0.366,32.6,21.9,4.98,5.97,0.114,27,13,23.29,0,1
NMR-502011,Worker,Colony-E,23.9,146,0.279,31.5,12.8,7.63,12.77,0.38,29,14,22.53,1,1
NMR-503189,Soldier,Colony-C,28.6,51,0.287,30.9,11.6,8.09,8.72,0.13,27,8,18.78,0,0
NMR-508282,Worker,Colony-E,22.0,78,0.249,32.1,31.5,5.46,16.78,0.245,21,10,18.38,0,1
NMR-503037,Soldier,Colony-A,28.2,65,0.199,33.6,19.8,5.32,7.87,0.182,22,12,19.04,1,0
NMR-507032,Breeder,Colony-A,34.1,54,0.269,30.0,15.0,5.62,4.08,0.445,24,12,27.97,1,0
NMR-502368,Queen,Colony-C,39.6,82,0.282,32.5,29.6,7.48,1.41,0.418,22,11,24.66,0,1
NMR-502498,Worker,Colony-C,27.3,35,0.239,30.2,12.1,7.06,11.45,0.261,25,11,26.07,0,0
NMR-504483,Worker,Colony-B,32.5,62,0.207,31.0,33.3,4.21,8.23,0.431,6,14,21.75,1,0
NMR-505466,Breeder,Colony-A,31.1,51,0.275,30.6,31.7,5.85,22.67,0.362,26,12,25.19,1,0
NMR-503608,Soldier,Colony-A,34.2,90,0.232,33.1,12.1,8.7,10.37,0.162,22,11,20.41,1,1
NMR-509189,Breeder,Colony-E,16.0,116,0.246,31.9,9.1,6.04,3.82,0.271,12,9,16.3,0,0
NMR-500941,Soldier,Colony-B,34.0,193,0.192,30.9,15.8,4.25,4.31,0.356,19,6,21.39,1,0
NMR-506058,Worker,Colony-E,39.7,40,0.256,32.7,10.5,8.32,12.14,0.145,25,14,20.53,0,0
NMR-504039,Worker,Colony-C,31.1,77,0.191,32.1,24.0,7.66,8.92,0.38,18,16,23.11,1,1
NMR-505333,Worker,Colony-D,27.6,55,0.335,31.3,14.4,6.51,15.23,0.14,22,9,22.2,0,0
NMR-500194,Breeder,Colony-C,39.5,71,0.278,31.3,13.9,6.8,-0.79,0.255,20,5,17.32,1,0
NMR-509889,Worker,Colony-C,27.3,63,0.225,32.5,20.6,5.11,11.7,0.303,21,14,18.24,1,1
NMR-504944,Worker,Colony-C,30.4,38,0.209,32.1,18.3,6.72,9.71,0.265,18,8,20.76,0,1
NMR-509115,Worker,Colony-C,35.2,54,0.319,32.4,17.5,5.95,10.7,0.347,27,8,19.77,0,1
NMR-506299,Worker,Colony-E,24.2,56,0.233,31.8,27.5,7.87,9.12,0.452,20,9,14.62,1,1
NMR-504887,Worker,Colony-D,21.7,68,0.414,32.3,17.2,7.32,6.09,0.238,32,12,17.07,0,1
NMR-506256,Soldier,Colony-A,40.1,58,0.408,31.7,21.6,6.57,16.14,0.518,20,12,15.72,0,1
NMR-508767,Breeder,Colony-B,32.6,49,0.272,33.2,50.2,5.04,8.96,0.074,31,14,19.32,1,0
NMR-505454,Worker,Colony-E,19.4,90,0.205,32.4,9.6,6.22,18.7,0.32,20,13,22.28,0,0
NMR-504988,Soldier,Colony-A,36.9,90,0.231,32.3,10.3,6.98,17.04,0.212,21,7,24.35,0,1
NMR-501475,Worker,Colony-A,19.5,47,0.255,33.6,13.1,5.76,8.53,0.598,18,6,20.34,0,0
NMR-506226,Worker,Colony-A,31.5,63,0.262,33.1,15.4,7.88,7.5,0.317,25,14,21.37,0,1
NMR-508190,Soldier,Colony-C,38.8,93,0.295,31.7,19.6,8.96,6.49,0.202,27,12,22.4,0,1
NMR-507760,Breeder,Colony-B,38.5,136,0.34,31.5,13.6,6.33,2.55,0.377,22,12,18.95,0,1
NMR-507452,Worker,Colony-C,28.2,64,0.199,32.9,23.7,6.05,12.98,0.124,27,7,14.77,0,1
NMR-507960,Soldier,Colony-E,44.6,75,0.265,31.8,7.8,8.31,5.03,0.247,20,9,18.94,0,1
NMR-509409,Worker,Colony-C,25.1,60,0.186,31.8,12.9,7.13,9.35,0.288,25,13,19.67,1,0
NMR-504083,Soldier,Colony-C,26.8,67,0.186,31.5,20.2,7.79,8.93,0.35,26,13,22.48,1,0
NMR-502842,Worker,Colony-C,35.1,74,0.144,31.5,32.6,8.65,9.62,0.216,23,9,24.2,1,1
NMR-500308,Breeder,Colony-D,43.3,111,0.481,33.5,20.9,5.8,4.12,0.319,24,11,20.42,0,0
NMR-506585,Worker,Colony-C,27.7,89,0.379,33.1,24.8,6.03,15.87,0.41,22,7,17.67,0,0
NMR-509873,Worker,Colony-C,33.2,66,0.347,33.3,9.8,6.77,14.69,0.555,25,17,16.88,0,0
NMR-504812,Worker,Colony-B,30.4,47,0.239,32.1,16.9,5.74,11.24,0.157,23,12,19.43,0,1
NMR-504684,Queen,Colony-B,44.9,53,0.24,33.1,24.5,7.59,6.94,0.61,26,8,19.86,1,0
NMR-507909,Soldier,Colony-C,43.0,153,0.225,32.2,26.5,8.06,4.15,0.062,22,14,14.64,0,1
NMR-502514,Worker,Colony-B,26.6,33,0.141,31.6,15.4,7.19,10.73,0.273,22,7,23.34,1,1
NMR-509084,Soldier,Colony-A,45.5,67,0.18,33.1,13.3,6.65,6.95,0.195,27,14,14.8,1,0
NMR-501411,Worker,Colony-B,23.3,61,0.449,32.6,22.5,6.25,18.41,0.436,26,10,13.12,0,1
NMR-503742,Worker,Colony-A,24.8,77,0.333,32.0,16.4,5.59,20.88,0.361,22,10,14.93,0,0
NMR-502300,Worker,Colony-C,36.4,76,0.243,33.7,25.0,6.23,26.73,0.366,19,12,19.82,1,0
NMR-500768,Worker,Colony-C,27.4,30,0.223,34.1,29.0,5.46,20.63,0.427,23,13,11.74,0,1
NMR-505262,Worker,Colony-B,24.7,40,0.294,31.8,18.2,5.51,9.26,0.23,15,8,18.37,0,1
NMR-504336,Worker,Colony-C,19.8,94,0.235,32.8,21.8,6.95,17.37,0.273,34,9,23.8,1,0
NMR-504676,Soldier,Colony-E,38.2,136,0.257,32.3,7.7,5.8,9.89,0.12,17,15,24.75,0,0
NMR-500343,Breeder,Colony-C,41.4,67,0.214,31.5,28.1,6.89,13.71,0.594,25,13,19.24,1,1
NMR-502365,Queen,Colony-B,33.0,55,0.201,31.5,16.3,6.81,1.33,0.118,24,12,13.94,0,1
NMR-501318,Soldier,Colony-B,35.3,64,0.287,33.6,20.6,6.6,12.25,0.421,30,14,18.53,0,1
NMR-502202,Worker,Colony-E,22.7,36,0.206,32.1,18.5,7.94,11.43,0.188,26,11,20.56,1,0
NMR-500095,Worker,Colony-C,40.2,82,0.328,32.7,17.0,6.9,12.28,0.383,27,12,17.81,0,1
NMR-500666,Soldier,Colony-E,36.2,37,0.323,33.1,10.6,6.34,11.7,0.636,23,6,22.63,1,1
NMR-507888,Worker,Colony-A,32.8,46,0.217,33.1,5.7,4.95,16.33,0.424,21,7,18.05,0,1
NMR-500773,Worker,Colony-A,34.9,66,0.455,31.3,19.4,8.2,11.12,0.169,25,5,15.28,0,1
NMR-507551,Worker,Colony-C,39.4,72,0.266,31.3,25.0,7.69,8.23,0.105,22,9,19.2,1,0
NMR-503518,Soldier,Colony-E,30.9,79,0.343,30.2,47.2,5.42,6.6,0.464,17,8,17.59,1,0
NMR-507242,Worker,Colony-A,29.0,64,0.334,32.2,15.1,8.48,22.99,0.213,30,15,21.03,0,0
NMR-501765,Worker,Colony-A,43.8,106,0.324,32.3,21.8,6.36,10.98,0.409,22,17,20.21,0,1
NMR-501240,Worker,Colony-D,40.2,77,0.297,32.2,25.1,7.14,9.54,0.296,32,11,22.74,1,1
NMR-504224,Breeder,Colony-C,33.8,80,0.291,32.9,31.6,7.15,0.93,0.423,25,8,19.21,1,1
NMR-502578,Worker,Colony-E,41.3,55,0.366,32.3,35.2,5.22,12.55,0.181,25,16,15.21,0,1
NMR-505621,Soldier,Colony-B,40.5,28,0.269,31.4,15.8,7.99,4.12,0.274,22,5,21.23,0,0
NMR-507069,Worker,Colony-D,32.5,37,0.274,33.5,13.6,3.22,11.62,0.42,23,11,19.64,0,1
NMR-505727,Queen,Colony-E,40.6,32,0.165,33.5,18.1,8.84,2.01,0.104,25,12,16.83,1,0
NMR-505497,Soldier,Colony-B,27.6,22,0.215,32.0,18.4,5.74,4.17,0.244,24,14,18.71,0,1
NMR-501792,Worker,Colony-A,32.8,77,0.272,32.1,32.7,6.43,10.68,0.531,22,7,19.09,1,1
NMR-501053,Breeder,Colony-B,38.2,35,0.151,30.0,22.2,8.24,3.14,0.228,29,12,19.62,1,0
NMR-505943,Soldier,Colony-A,28.9,25,0.24,31.7,10.1,6.21,8.78,0.26,34,9,25.9,1,1
NMR-506737,Worker,Colony-C,35.4,44,0.144,33.6,13.5,7.48,7.1,0.229,26,12,21.01,1,0
NMR-506944,Worker,Colony-D,24.8,89,0.262,32.1,38.5,6.94,11.18,0.364,25,12,24.29,1,1
NMR-504153,Worker,Colony-C,45.5,150,0.272,33.3,11.8,5.87,9.17,0.158,29,14,22.44,0,0
NMR-503732,Soldier,Colony-A,33.1,44,0.382,32.2,13.9,8.82,21.7,0.093,19,7,20.27,0,1
NMR-506764,Worker,Colony-E,40.9,74,0.223,32.1,33.6,7.48,7.97,0.296,20,17,25.8,1,1
NMR-503008,Soldier,Colony-E,30.9,27,0.2,31.7,28.1,7.71,8.37,0.286,22,16,19.82,1,0
NMR-508338,Worker,Colony-A,24.4,27,0.215,31.4,25.0,4.38,9.96,0.136,33,5,23.41,1,1
NMR-500158,Worker,Colony-D,26.5,70,0.144,32.3,21.2,4.46,24.89,0.422,16,7,18.39,1,0
NMR-505395,Soldier,Colony-D,23.6,88,0.342,31.8,10.9,7.01,9.58,0.175,32,15,20.51,0,1
NMR-504246,Breeder,Colony-E,37.2,57,0.416,33.2,35.3,7.07,20.01,0.263,23,15,23.79,0,1
NMR-508404,Soldier,Colony-B,35.4,48,0.293,32.0,16.7,5.67,1.97,0.427,26,10,14.04,0,1
NMR-505354,Soldier,Colony-E,30.4,34,0.301,31.3,18.9,6.8,11.46,0.318,22,14,19.82,0,0
NMR-508685,Worker,Colony-B,36.5,41,0.244,32.1,19.6,6.71,14.26,0.303,15,14,20.15,1,1
NMR-506072,Worker,Colony-D,35.1,63,0.174,33.2,49.6,7.79,8.82,0.365,26,13,17.62,1,1
NMR-507859,Worker,Colony-A,29.7,40,0.195,31.5,24.4,7.29,12.92,0.225,26,11,15.88,0,0
NMR-503965,Worker,Colony-A,27.8,19,0.168,31.4,31.4,6.42,13.68,0.51,34,10,19.05,0,1
NMR-500192,Worker,Colony-E,25.7,44,0.263,33.1,21.1,5.87,7.05,0.546,25,12,20.37,1,1
NMR-500554,Worker,Colony-A,30.5,32,0.227,31.6,26.7,6.41,11.72,0.357,20,12,18.45,0,1
NMR-507831,Worker,Colony-E,34.7,43,0.17,32.0,6.2,7.75,13.62,0.234,24,5,22.62,0,0
NMR-503421,Breeder,Colony-D,44.3,34,0.181,32.6,12.8,6.96,6.09,0.286,22,8,21.2,1,1
NMR-503413,Breeder,Colony-D,31.1,86,0.194,31.6,10.1,5.36,2.14,0.479,23,9,20.61,0,0
NMR-502570,Worker,Colony-C,24.9,34,0.22,32.1,11.9,7.01,16.21,0.351,17,12,19.54,0,1
NMR-508825,Queen,Colony-D,43.3,79,0.319,32.5,25.6,6.08,-3.85,0.222,30,8,22.48,1,0
NMR-500967,Soldier,Colony-E,40.2,74,0.289,31.8,10.6,6.81,4.1,0.411,27,7,16.46,0,1
NMR-502761,Worker,Colony-C,25.9,69,0.347,32.2,12.3,5.42,15.15,0.129,29,13,20.34,0,1
NMR-503706,Soldier,Colony-D,29.3,41,0.149,33.0,5.5,7.52,5.94,0.469,27,12,20.92,0,0
NMR-509627,Worker,Colony-C,17.9,61,0.118,30.6,12.5,6.61,14.49,0.616,19,12,20.69,0,0
NMR-502849,Worker,Colony-A,32.0,48,0.249,33.0,31.3,4.93,14.13,0.095,22,19,22.73,1,1
NMR-501252,Soldier,Colony-D,43.4,32,0.15,32.0,23.2,6.82,7.86,0.155,18,7,20.44,1,1
NMR-504301,Worker,Colony-E,34.2,63,0.196,33.9,30.8,8.4,17.33,0.129,26,6,21.17,1,0
NMR-503286,Worker,Colony-E,34.6,140,0.158,32.4,28.1,6.15,6.91,0.09,24,11,22.43,1,0
NMR-506872,Worker,Colony-C,31.4,41,0.222,31.9,7.8,8.43,20.36,0.215,28,10,23.47,1,1
NMR-502054,Soldier,Colony-E,51.1,27,0.241,32.6,34.6,6.14,18.19,0.332,21,12,21.6,0,1
NMR-508490,Worker,Colony-A,31.5,31,0.208,31.4,38.2,8.8,15.75,0.779,16,14,16.93,1,0
NMR-502505,Worker,Colony-D,22.6,40,0.409,33.6,17.4,6.44,10.62,0.394,22,14,22.44,0,0
NMR-508012,Soldier,Colony-A,45.5,37,0.446,33.1,29.3,7.29,8.67,0.333,27,10,24.88,1,0
NMR-507993,Breeder,Colony-D,41.7,116,0.228,30.1,20.7,6.56,21.62,0.606,29,16,17.21,0,0
NMR-505614,Worker,Colony-C,25.6,45,0.219,32.3,15.7,8.57,6.57,0.231,33,11,17.35,0,0
NMR-504331,Worker,Colony-C,35.0,42,0.225,31.5,20.3,6.09,18.03,0.585,23,14,20.04,1,0
NMR-503020,Worker,Colony-A,32.8,67,0.22,33.0,11.5,7.47,7.7,0.214,24,5,21.5,1,1
NMR-501130,Worker,Colony-D,23.3,53,0.201,32.5,26.6,4.82,11.12,0.5,25,9,23.28,1,1
NMR-505451,Worker,Colony-B,35.0,58,0.249,31.9,15.6,8.16,16.32,0.461,31,7,24.26,0,1
NMR-502496,Soldier,Colony-E,39.6,47,0.232,33.3,16.9,7.25,7.94,0.391,25,11,22.62,1,0
NMR-505850,Queen,Colony-B,42.4,74,0.2,32.4,22.8,6.84,11.39,0.204,17,19,18.57,0,1
NMR-505953,Breeder,Colony-D,39.5,68,0.196,32.3,22.1,7.87,6.19,0.14,30,10,18.76,1,1
NMR-502321,Worker,Colony-D,31.0,54,0.24,33.4,14.9,8.59,10.86,0.243,21,13,12.25,0,0
NMR-507714,Queen,Colony-D,59.4,78,0.178,33.3,25.4,5.76,-2.86,0.25,24,8,24.42,1,0
NMR-508070,Breeder,Colony-B,46.0,66,0.198,31.8,18.8,7.75,2.81,0.461,21,14,18.06,1,1
NMR-502099,Soldier,Colony-E,30.6,65,0.208,30.2,23.0,4.87,13.2,0.074,26,15,20.49,1,0
NMR-508945,Worker,Colony-A,38.5,53,0.226,32.4,7.0,8.34,12.46,0.384,23,8,22.47,0,1
NMR-501944,Soldier,Colony-C,36.0,99,0.178,32.5,17.3,5.52,17.02,0.375,21,8,23.37,1,0
NMR-508963,Soldier,Colony-D,35.0,51,0.289,32.6,26.4,6.58,11.78,0.048,31,15,23.8,1,1
NMR-501838,Breeder,Colony-D,43.6,79,0.374,32.0,15.5,7.34,7.36,0.315,24,6,19.57,0,1
NMR-509937,Worker,Colony-B,25.8,59,0.305,31.0,10.1,5.9,8.92,0.171,31,13,14.69,0,0
NMR-509947,Breeder,Colony-B,49.7,68,0.218,31.6,25.6,8.59,1.88,0.075,20,11,22.02,1,1
NMR-507405,Worker,Colony-C,30.3,42,0.136,31.0,23.6,5.84,20.14,0.313,25,17,17.89,1,1
NMR-507091,Soldier,Colony-E,25.8,154,0.245,30.9,35.8,6.87,7.78,0.133,25,13,18.53,1,0
NMR-506054,Soldier,Colony-A,22.6,110,0.195,32.2,29.5,6.44,12.05,0.4,18,16,16.85,1,1
NMR-502531,Breeder,Colony-C,39.5,31,0.223,32.5,14.1,7.12,3.02,0.351,20,21,20.26,0,1
NMR-502036,Worker,Colony-E,27.9,97,0.206,32.7,10.4,7.66,9.98,0.291,26,5,21.87,1,1
NMR-505235,Soldier,Colony-A,49.6,39,0.147,34.7,27.4,6.45,8.43,0.167,26,6,24.11,1,0
NMR-501251,Worker,Colony-C,30.9,76,0.374,32.1,32.3,7.92,11.64,0.305,28,12,17.02,0,1
NMR-503606,Soldier,Colony-C,27.9,46,0.187,33.9,16.6,6.3,5.23,0.117,26,10,19.5,1,0
NMR-500222,Breeder,Colony-E,31.8,57,0.449,32.1,14.9,6.97,13.84,0.231,22,12,21.81,0,1
NMR-500948,Worker,Colony-B,25.2,58,0.227,31.8,40.1,7.43,8.92,0.357,22,10,24.08,1,1
NMR-509658,Worker,Colony-D,34.8,50,0.317,31.5,17.2,7.02,10.53,0.268,26,9,18.3,0,0
NMR-501740,Worker,Colony-C,35.8,42,0.35,31.3,21.0,6.32,7.73,0.465,19,11,20.84,0,0
NMR-501196,Queen,Colony-B,39.2,22,0.272,30.8,17.1,7.27,4.67,0.154,20,13,17.84,1,0
NMR-501545,Soldier,Colony-B,40.5,41,0.274,30.5,8.4,6.72,10.82,0.131,31,13,18.62,1,0
NMR-503303,Breeder,Colony-D,39.1,24,0.163,32.4,18.8,8.48,13.33,0.291,31,7,16.44,1,0
NMR-509994,Breeder,Colony-B,46.9,87,0.314,32.0,23.8,8.04,2.21,0.248,27,10,24.53,1,1
NMR-504150,Worker,Colony-C,36.5,44,0.131,31.4,14.5,6.47,17.96,0.569,17,11,16.59,1,0
NMR-501279,Worker,Colony-C,36.5,39,0.206,32.7,13.5,7.38,6.89,0.175,16,10,19.65,0,0
NMR-504828,Breeder,Colony-E,37.2,70,0.209,31.9,27.8,8.65,4.82,0.419,20,10,20.58,1,1
NMR-503866,Worker,Colony-D,33.0,79,0.212,31.7,23.2,7.93,9.3,0.131,18,11,16.13,1,1
NMR-504479,Worker,Colony-B,14.4,49,0.172,32.8,21.8,7.9,29.57,0.676,20,9,20.52,1,0
NMR-509920,Worker,Colony-A,31.4,77,0.263,32.6,15.0,7.34,9.97,0.367,31,20,19.73,0,1
NMR-503232,Breeder,Colony-E,33.4,110,0.188,31.4,13.8,7.06,6.58,0.557,24,14,20.11,1,1
NMR-505970,Soldier,Colony-D,33.0,86,0.198,32.5,20.7,8.55,6.01,0.501,24,6,13.09,1,1
NMR-507984,Worker,Colony-C,18.8,47,0.351,31.1,20.9,6.37,12.24,0.418,16,14,14.61,1,1
NMR-500208,Worker,Colony-D,36.6,22,0.122,31.5,32.5,8.3,11.53,0.54,22,9,19.54,1,0
NMR-508134,Soldier,Colony-D,41.1,37,0.181,34.0,7.6,7.2,14.49,0.242,24,9,18.21,1,0
NMR-503567,Worker,Colony-B,39.9,37,0.362,32.4,17.3,6.77,12.31,0.291,33,11,14.52,0,1
NMR-501483,Breeder,Colony-E,39.2,48,0.214,32.6,18.9,7.71,6.61,0.575,23,14,19.96,1,1
NMR-500419,Breeder,Colony-A,39.2,43,0.199,34.4,6.6,8.68,2.66,0.25,21,12,23.23,0,0
NMR-507026,Soldier,Colony-C,32.9,37,0.232,32.8,17.2,5.55,9.28,0.303,22,9,13.52,0,1
NMR-500720,Worker,Colony-D,32.5,33,0.241,32.2,13.7,7.28,13.97,0.317,21,14,18.21,0,1
NMR-506861,Worker,Colony-D,28.1,44,0.202,31.9,17.2,7.88,11.2,0.293,22,9,15.91,1,1
NMR-507488,Worker,Colony-D,16.3,106,0.18,32.6,18.6,7.8,11.73,0.143,24,11,23.71,1,1
NMR-507503,Worker,Colony-C,38.8,69,0.289,31.7,21.9,8.35,51.67,0.599,25,11,16.02,0,1
NMR-501472,Soldier,Colony-D,23.0,30,0.295,33.8,26.1,6.29,6.82,0.38,34,12,19.74,0,0
NMR-503724,Worker,Colony-A,34.6,52,0.33,31.9,22.1,7.98,11.65,0.388,25,5,20.12,1,1
NMR-504567,Worker,Colony-B,29.3,31,0.114,32.6,23.2,6.18,10.17,0.31,19,12,14.88,0,1
NMR-506632,Soldier,Colony-D,37.4,58,0.282,32.8,14.6,6.43,19.47,0.205,29,10,20.94,1,0
NMR-505450,Worker,Colony-E,35.6,43,0.21,32.7,18.7,5.35,14.12,0.128,30,11,21.61,0,1
NMR-509016,Worker,Colony-B,19.8,61,0.239,32.7,20.3,7.47,12.64,0.287,20,10,20.01,0,1
NMR-507517,Worker,Colony-E,31.3,64,0.162,33.3,12.4,8.05,16.9,0.494,22,12,17.52,0,0
NMR-501793,Soldier,Colony-D,24.7,54,0.332,32.5,18.6,7.85,17.76,0.391,28,6,24.07,0,1
NMR-507889,Worker,Colony-D,30.9,137,0.33,31.5,13.6,7.97,7.61,0.312,22,19,18.33,1,1
NMR-500732,Worker,Colony-E,45.2,35,0.493,32.4,16.2,5.44,10.94,0.133,27,10,22.94,0,1
NMR-509342,Worker,Colony-D,26.5,45,0.28,32.1,18.9,7.68,11.46,0.623,39,9,17.73,1,1
NMR-502930,Soldier,Colony-C,36.2,50,0.274,31.8,8.6,6.19,10.57,0.226,23,10,24.42,0,1
NMR-501138,Worker,Colony-C,23.0,72,0.194,31.8,26.6,7.29,13.45,0.569,17,4,16.1,0,1
NMR-507376,Worker,Colony-E,31.4,32,0.418,31.4,16.2,6.26,8.95,0.261,24,10,18.91,0,1
NMR-503807,Breeder,Colony-D,27.2,83,0.238,32.4,17.7,6.68,7.15,0.14,17,6,18.73,0,1
NMR-500015,Worker,Colony-B,22.2,42,0.258,32.0,14.0,5.83,18.62,0.442,32,15,14.86,0,1
NMR-506126,Soldier,Colony-B,28.4,35,0.331,30.6,23.0,8.65,14.54,0.116,29,10,19.66,0,0
NMR-506279,Worker,Colony-E,20.2,54,0.318,31.3,13.6,7.95,10.16,0.103,20,14,21.42,0,0
NMR-502137,Soldier,Colony-B,35.5,133,0.278,32.2,22.9,7.97,5.72,0.239,18,10,22.64,0,1
NMR-508330,Soldier,Colony-A,28.4,46,0.187,30.5,40.6,6.75,20.05,0.391,20,14,12.84,0,0
NMR-505280,Soldier,Colony-C,39.2,44,0.347,34.0,16.0,6.58,13.67,0.101,20,14,18.37,0,0
NMR-501733,Worker,Colony-B,27.2,68,0.223,32.1,12.3,7.11,12.32,0.209,26,16,19.22,0,1
NMR-503976,Worker,Colony-C,29.5,48,0.217,31.6,18.2,6.58,13.61,0.297,27,7,22.03,1,1
NMR-504254,Worker,Colony-E,30.8,70,0.226,31.5,28.7,7.71,14.31,0.2,24,16,15.73,1,0
NMR-505137,Soldier,Colony-C,41.8,47,0.182,33.7,30.1,7.36,7.26,0.177,22,12,16.11,1,0
NMR-501718,Soldier,Colony-B,28.6,52,0.233,33.8,17.6,8.17,4.36,0.123,27,14,20.54,1,0
NMR-508039,Soldier,Colony-C,31.7,54,0.187,31.5,22.1,7.4,8.29,0.256,28,15,17.58,1,0
NMR-506336,Worker,Colony-D,25.8,43,0.23,32.9,17.7,6.77,16.07,0.444,22,13,14.17,1,1
NMR-506297,Soldier,Colony-E,42.1,156,0.255,32.9,14.1,7.11,20.88,0.524,23,9,23.56,1,1
NMR-504346,Worker,Colony-D,15.2,25,0.178,31.5,12.4,5.65,10.02,0.322,32,12,21.07,1,1
NMR-504021,Breeder,Colony-B,22.9,34,0.226,32.4,12.1,6.01,10.2,0.529,21,7,20.93,1,1
NMR-506686,Worker,Colony-A,33.2,62,0.253,32.2,37.6,6.67,15.9,0.416,27,10,19.48,1,1
NMR-502757,Worker,Colony-B,29.6,78,0.369,33.5,31.9,6.35,20.61,0.092,23,12,21.28,1,0
NMR-501503,Breeder,Colony-D,39.3,21,0.439,31.7,12.7,8.52,3.49,0.53,28,12,19.61,0,0
NMR-503718,Worker,Colony-D,31.1,31,0.208,33.1,24.2,7.12,32.19,0.283,26,10,19.93,0,0
NMR-500868,Queen,Colony-B,47.3,70,0.306,32.2,17.5,5.34,0.75,0.511,31,15,20.15,0,1
NMR-509516,Worker,Colony-C,22.0,98,0.297,32.7,12.3,9.17,13.27,0.318,21,10,18.84,1,1
NMR-504019,Soldier,Colony-C,27.8,72,0.148,31.5,10.6,7.57,9.4,0.447,24,20,14.34,0,1
NMR-506985,Worker,Colony-A,25.8,96,0.247,32.5,13.5,6.57,7.38,0.506,18,12,18.75,0,0
NMR-500511,Worker,Colony-E,31.7,24,0.167,32.8,19.3,6.6,10.52,0.248,28,7,17.66,1,1
NMR-502484,Soldier,Colony-E,23.3,38,0.269,32.9,21.8,7.1,13.3,0.324,31,8,18.09,0,1
NMR-503222,Worker,Colony-D,28.1,144,0.19,32.4,13.8,6.37,25.81,0.344,31,14,25.43,1,1
NMR-509184,Soldier,Colony-A,25.7,40,0.241,31.5,6.9,6.75,11.95,0.385,27,11,18.99,0,0
NMR-508631,Worker,Colony-E,28.0,97,0.214,33.1,14.4,6.16,13.22,0.492,21,11,20.91,1,0
NMR-509550,Worker,Colony-A,26.2,80,0.29,31.0,18.4,7.65,11.07,0.339,29,11,15.39,0,0
NMR-508654,Queen,Colony-A,43.5,58,0.427,32.2,29.1,5.64,-2.09,0.194,20,12,27.06,1,1
NMR-501018,Soldier,Colony-C,38.1,53,0.198,31.8,20.6,6.85,6.64,0.163,10,8,22.58,1,1
NMR-500713,Breeder,Colony-E,43.7,30,0.152,31.9,14.2,6.56,12.42,0.182,23,14,21.36,1,1
NMR-501344,Worker,Colony-E,27.0,71,0.222,32.6,13.9,9.4,14.32,0.288,12,9,16.43,0,1
NMR-500559,Worker,Colony-E,41.7,36,0.169,32.9,5.1,8.89,8.46,0.371,25,9,21.84,0,0
NMR-502227,Worker,Colony-B,25.8,91,0.281,32.3,36.2,6.21,13.71,0.187,28,10,16.14,0,1
NMR-508642,Worker,Colony-B,27.0,101,0.143,32.9,38.3,5.98,12.3,0.371,21,10,23.99,1,0
NMR-505099,Breeder,Colony-C,40.2,67,0.272,32.5,41.0,7.13,8.35,0.39,16,9,19.04,1,1
NMR-502406,Worker,Colony-E,27.1,46,0.191,30.8,23.0,8.36,15.36,0.414,24,13,15.72,1,0
NMR-508178,Soldier,Colony-B,38.0,72,0.272,32.6,23.0,4.16,11.82,0.151,29,8,21.75,1,0
NMR-502988,Breeder,Colony-B,35.8,68,0.344,33.2,33.7,7.03,7.47,0.158,18,10,23.25,0,0
NMR-503583,Soldier,Colony-A,33.6,47,0.281,33.4,13.8,6.03,6.17,0.214,30,10,19.44,0,0
NMR-508921,Queen,Colony-A,48.0,52,0.156,31.2,20.7,7.67,1.22,0.33,30,6,18.89,1,0
NMR-507683,Worker,Colony-A,23.5,40,0.193,31.6,11.6,7.22,14.0,0.232,27,16,16.54,1,1
NMR-503224,Soldier,Colony-B,20.8,73,0.41,32.5,21.6,7.46,7.47,0.365,25,9,22.96,1,1
NMR-503586,Worker,Colony-B,31.7,40,0.25,31.6,12.1,6.26,11.65,0.485,27,10,15.02,0,1
NMR-502341,Soldier,Colony-C,34.3,56,0.253,31.8,15.9,4.18,8.72,0.257,23,13,19.99,1,0
NMR-501286,Queen,Colony-D,41.1,56,0.177,32.6,26.8,8.38,-0.32,0.143,29,9,20.07,1,1
NMR-509771,Worker,Colony-C,34.9,62,0.313,32.7,11.8,7.77,9.05,0.368,26,11,18.09,0,1
NMR-506178,Worker,Colony-A,28.5,46,0.259,30.8,19.0,7.87,13.86,0.668,28,10,24.4,1,0
NMR-506967,Breeder,Colony-E,48.7,62,0.283,31.5,25.4,6.0,2.75,0.356,13,13,23.03,1,0
NMR-504629,Breeder,Colony-A,37.2,60,0.231,33.0,33.2,9.13,7.62,0.248,35,8,17.45,1,0
NMR-503613,Worker,Colony-B,37.6,67,0.234,32.4,20.3,6.48,12.79,0.056,24,13,20.64,1,1
NMR-508244,Breeder,Colony-E,46.7,67,0.263,32.1,8.8,6.79,16.85,0.295,24,10,17.54,0,1
NMR-508937,Worker,Colony-B,35.2,63,0.347,33.1,14.2,7.28,16.36,0.194,24,22,19.9,0,0
NMR-509268,Breeder,Colony-A,41.3,43,0.266,32.6,10.9,5.81,4.21,0.156,27,16,19.1,0,1
NMR-504586,Soldier,Colony-B,34.4,45,0.285,32.0,20.6,7.26,9.53,0.24,28,7,24.97,1,1
NMR-505030,Queen,Colony-C,53.1,35,0.15,31.2,16.9,5.55,2.48,0.297,27,9,19.81,0,1
NMR-502305,Worker,Colony-B,26.0,66,0.358,31.7,6.6,7.41,15.94,0.292,23,17,20.03,0,1
NMR-505100,Soldier,Colony-A,43.8,59,0.342,31.8,17.9,7.49,5.85,0.346,30,7,15.82,0,0
NMR-504880,Worker,Colony-D,29.0,38,0.208,32.6,13.2,5.74,26.49,0.149,18,7,21.64,1,1
NMR-508037,Worker,Colony-E,29.8,42,0.796,32.4,13.5,8.27,18.35,0.341,22,8,18.45,0,0
NMR-501103,Worker,Colony-D,24.2,68,0.433,32.0,27.8,6.19,13.77,0.399,29,19,18.53,0,0
NMR-507093,Soldier,Colony-E,40.9,70,0.405,33.1,11.4,7.16,14.34,0.179,20,15,16.37,0,1
NMR-508518,Worker,Colony-C,32.9,114,0.272,31.8,15.2,7.86,12.85,0.138,24,11,13.55,0,1
NMR-504227,Soldier,Colony-A,37.2,57,0.256,34.1,9.1,6.33,7.32,0.638,21,8,15.19,0,0
NMR-505885,Breeder,Colony-A,32.4,150,0.273,31.5,13.4,6.68,1.57,0.142,29,10,25.76,0,0
NMR-502373,Worker,Colony-B,25.7,32,0.262,33.6,11.0,6.34,11.92,0.236,21,12,21.65,0,0
NMR-503347,Worker,Colony-E,22.5,90,0.252,32.3,26.0,7.7,13.59,0.103,25,17,17.05,1,1
NMR-507967,Soldier,Colony-E,41.1,32,0.295,32.3,9.8,7.11,12.11,0.298,25,17,22.3,0,1
NMR-509918,Worker,Colony-D,37.7,23,0.33,33.0,23.4,5.12,11.07,0.57,23,10,22.24,1,1
NMR-506568,Breeder,Colony-B,34.8,74,0.259,32.8,15.9,7.3,9.89,0.173,21,7,20.0,0,0
NMR-508099,Queen,Colony-A,59.8,85,0.182,32.3,15.4,4.42,0.2,0.282,24,15,15.43,0,0
NMR-505869,Worker,Colony-A,39.3,28,0.184,32.7,17.7,5.57,9.94,0.435,29,4,23.81,1,1
NMR-509139,Worker,Colony-B,29.8,54,0.207,32.6,17.2,7.0,11.93,0.394,21,7,19.37,0,0
NMR-500366,Soldier,Colony-A,44.5,20,0.207,32.2,17.1,8.62,5.13,0.175,32,12,17.91,0,0
NMR-503051,Worker,Colony-B,36.5,24,0.201,32.0,15.6,7.95,15.65,0.194,23,16,21.51,1,0
NMR-506474,Breeder,Colony-C,39.5,46,0.212,31.9,19.4,7.25,11.39,0.291,24,14,21.97,1,1
NMR-507374,Worker,Colony-E,30.4,65,0.183,33.5,9.6,6.44,8.53,0.582,25,8,21.59,1,0
NMR-508497,Breeder,Colony-C,29.4,75,0.132,32.6,24.1,6.72,12.98,0.476,26,11,19.12,1,1
NMR-501290,Worker,Colony-A,28.4,25,0.226,31.6,17.8,6.46,15.31,0.39,25,10,15.2,1,1
NMR-509118,Soldier,Colony-C,27.3,24,0.262,33.3,14.1,7.11,5.49,0.346,22,12,18.74,0,0
NMR-503805,Soldier,Colony-A,26.6,74,0.251,33.6,14.4,6.78,7.33,0.303,21,12,19.33,0,0
NMR-509736,Worker,Colony-B,37.7,47,0.378,32.5,24.2,7.56,7.8,0.545,29,9,20.59,0,1
NMR-507931,Worker,Colony-A,26.9,42,0.296,31.2,10.6,5.91,14.87,0.109,27,14,20.17,0,1
NMR-505595,Worker,Colony-A,24.7,86,0.252,31.4,8.3,5.76,17.38,0.143,20,8,19.4,1,0
NMR-506237,Worker,Colony-E,29.4,59,0.163,33.0,20.4,6.72,9.37,0.356,20,8,22.53,1,0
NMR-501119,Breeder,Colony-C,37.7,36,0.372,32.9,8.5,7.33,2.11,0.455,18,11,17.2,0,1
NMR-506267,Worker,Colony-E,28.8,42,0.247,33.5,5.2,6.84,16.4,0.201,27,9,21.0,1,0
NMR-503135,Worker,Colony-B,26.1,45,0.203,32.2,26.0,5.55,12.89,0.219,26,13,15.83,1,1
NMR-500530,Soldier,Colony-C,33.2,35,0.301,31.1,32.5,7.51,17.75,0.383,29,7,22.76,1,0
NMR-502252,Worker,Colony-B,32.6,199,0.323,31.8,26.5,7.94,10.19,0.272,27,11,17.83,0,1
NMR-503068,Breeder,Colony-A,38.4,60,0.234,32.8,34.0,5.34,7.52,0.388,19,13,23.0,0,1
NMR-508709,Worker,Colony-C,29.1,44,0.23,32.4,15.5,5.59,13.56,0.142,30,15,23.91,0,1
NMR-503091,Worker,Colony-D,39.0,40,0.255,33.5,17.7,6.8,10.7,0.06,26,13,16.87,0,0
NMR-507084,Worker,Colony-D,30.5,50,0.257,31.9,42.4,6.73,9.93,0.141,23,21,11.85,1,1
NMR-502980,Soldier,Colony-D,36.5,68,0.311,32.0,19.4,6.29,13.7,0.29,28,9,23.88,0,1
NMR-502195,Breeder,Colony-B,52.5,115,0.262,33.6,12.8,6.4,5.68,0.187,21,8,19.54,1,0
NMR-509769,Worker,Colony-D,32.5,85,0.19,31.8,15.2,6.91,9.56,0.079,26,11,24.34,1,1
NMR-501961,Worker,Colony-D,22.5,153,0.217,31.3,33.5,7.7,47.74,0.356,21,9,17.28,1,1
NMR-505081,Worker,Colony-B,32.1,23,0.392,32.4,7.8,8.99,15.38,0.471,28,9,13.77,0,0
NMR-507105,Soldier,Colony-D,34.8,45,0.296,32.3,8.0,6.06,5.91,0.409,24,16,19.55,0,1
NMR-503651,Worker,Colony-C,33.5,45,0.255,32.9,11.5,8.44,9.21,0.431,17,10,17.2,0,0
NMR-503194,Worker,Colony-E,33.8,61,0.48,32.4,13.6,7.7,18.26,0.152,18,12,19.79,0,1
NMR-509754,Worker,Colony-C,26.0,68,0.206,32.8,10.4,6.89,10.82,0.051,20,8,17.79,0,1
NMR-501061,Soldier,Colony-E,31.8,71,0.235,31.9,18.4,6.1,9.1,0.52,20,18,20.05,1,1
NMR-509389,Breeder,Colony-A,46.1,50,0.24,32.3,17.6,7.29,8.47,0.152,25,13,15.29,0,0
NMR-507076,Worker,Colony-E,24.9,68,0.247,31.8,13.9,7.04,8.73,0.202,21,15,17.87,0,1
NMR-500463,Breeder,Colony-A,41.0,97,0.218,32.4,9.2,6.86,3.6,0.341,37,11,18.3,0,0
NMR-501277,Queen,Colony-A,45.4,44,0.17,33.1,12.8,5.74,-1.51,0.362,19,12,18.12,1,0
NMR-501033,Worker,Colony-E,31.4,77,0.32,31.6,11.9,7.05,9.29,0.162,25,15,21.29,0,1
NMR-503228,Worker,Colony-B,28.0,47,0.171,30.9,11.3,6.66,11.56,0.24,25,14,24.45,1,1
NMR-500894,Worker,Colony-D,35.5,137,0.159,32.9,11.2,5.94,12.93,0.512,21,14,23.56,1,0
NMR-504351,Worker,Colony-B,32.0,66,0.349,32.1,19.1,6.99,13.23,0.162,28,14,19.87,0,1
NMR-501351,Worker,Colony-B,31.8,40,0.321,33.0,11.8,7.12,10.63,0.425,20,12,21.41,0,0
NMR-505669,Soldier,Colony-A,28.5,91,0.268,29.8,20.2,7.55,6.36,0.234,20,9,21.53,1,1
NMR-501193,Queen,Colony-E,49.8,84,0.33,32.3,14.2,7.76,-2.8,0.169,32,7,21.45,1,1
NMR-509941,Soldier,Colony-C,32.9,49,0.175,31.7,21.3,8.0,10.47,0.218,18,13,21.34,1,1
NMR-500499,Worker,Colony-B,28.9,53,0.325,33.7,24.1,4.74,11.04,0.225,27,6,20.68,0,0
NMR-503996,Queen,Colony-E,50.5,46,0.265,31.6,18.1,7.64,3.48,0.231,23,13,17.54,0,0
NMR-506500,Soldier,Colony-D,36.2,86,0.542,31.9,41.6,7.41,7.28,0.2,19,18,21.49,0,1
NMR-502509,Worker,Colony-B,34.0,53,0.174,31.4,18.2,6.96,10.06,0.192,22,6,16.92,1,0
NMR-503361,Worker,Colony-B,29.0,35,0.327,33.0,9.6,4.9,17.9,0.227,31,9,17.42,0,1
NMR-502764,Worker,Colony-B,28.4,38,0.152,32.7,13.0,5.91,11.73,0.711,24,18,19.97,1,1
NMR-509228,Worker,Colony-D,21.9,41,0.191,31.8,13.0,6.74,10.23,0.5,25,18,21.22,1,1
NMR-506485,Worker,Colony-B,36.9,47,0.248,32.2,20.3,6.72,11.76,0.433,17,19,19.04,0,1
NMR-500561,Worker,Colony-B,37.1,50,0.254,32.7,28.2,5.3,16.31,0.232,19,11,19.8,0,1
NMR-508373,Soldier,Colony-D,28.1,49,0.249,33.6,33.9,7.83,15.78,0.239,25,5,15.13,0,0
NMR-509933,Soldier,Colony-C,34.9,31,0.167,33.1,24.0,5.96,13.75,0.129,25,13,17.42,1,1
NMR-505802,Worker,Colony-A,29.9,26,0.238,33.9,16.8,5.29,10.23,0.249,17,8,19.52,0,1
NMR-509435,Worker,Colony-D,40.4,40,0.214,32.2,12.4,9.81,14.21,0.569,26,14,18.15,1,0
NMR-503749,Worker,Colony-E,24.4,171,0.274,32.8,13.5,7.64,12.83,0.308,24,8,23.73,1,1
NMR-508422,Worker,Colony-D,35.9,18,0.203,31.9,15.7,4.9,14.09,0.341,24,19,18.8,0,1
NMR-500220,Worker,Colony-E,29.5,45,0.249,33.0,10.5,7.28,8.88,0.122,25,9,19.93,0,0
NMR-504118,Worker,Colony-B,29.3,46,0.173,31.7,21.4,5.78,11.71,0.293,33,11,17.06,0,1
NMR-507071,Worker,Colony-E,22.5,84,0.223,30.7,30.9,6.34,14.65,0.366,27,13,18.64,0,0
NMR-509727,Breeder,Colony-B,41.5,91,0.199,32.1,15.2,7.34,5.72,0.407,18,15,23.41,0,1
NMR-505965,Queen,Colony-E,52.3,35,0.265,33.1,22.5,7.87,8.89,0.215,18,10,18.02,0,0
NMR-504425,Worker,Colony-A,24.2,29,0.21,32.4,31.3,6.12,8.77,0.442,25,12,20.38,0,1
NMR-500878,Worker,Colony-D,30.3,33,0.198,33.3,20.0,7.28,8.56,0.367,24,8,18.15,1,0
NMR-505572,Worker,Colony-A,27.8,158,0.4,32.1,31.0,5.88,12.41,0.497,26,6,25.05,1,0
NMR-502834,Worker,Colony-B,33.1,46,0.305,33.6,17.1,6.9,7.72,0.21,22,13,20.04,1,0
NMR-504235,Soldier,Colony-A,40.8,16,0.348,32.5,12.1,7.14,3.54,0.326,19,16,13.66,0,0
NMR-507303,Worker,Colony-C,34.5,263,0.304,32.8,43.5,6.14,14.93,0.22,22,11,16.76,1,0
NMR-505752,Worker,Colony-B,23.7,35,0.258,34.2,22.0,6.09,20.95,0.194,26,11,16.45,1,1
NMR-509986,Soldier,Colony-C,33.9,42,0.263,33.0,14.8,8.78,8.48,0.252,28,10,23.15,1,0
NMR-503220,Breeder,Colony-A,41.5,44,0.232,33.5,15.9,7.36,3.43,0.351,26,8,18.69,0,0
NMR-506444,Soldier,Colony-C,28.7,54,0.175,31.0,17.0,6.87,4.69,0.682,33,14,16.94,1,0
NMR-508159,Soldier,Colony-C,35.6,49,0.291,32.9,16.0,3.48,8.18,0.286,22,26,20.25,0,1
NMR-507908,Soldier,Colony-D,29.0,50,0.267,32.8,17.4,7.83,8.67,0.352,35,12,24.25,1,1
NMR-509699,Worker,Colony-D,29.3,70,0.401,32.3,12.9,5.33,14.33,0.266,28,13,18.22,0,0
NMR-505071,Queen,Colony-A,47.3,32,0.177,32.6,11.1,8.26,5.85,0.262,20,9,25.13,1,0
NMR-502122,Breeder,Colony-A,42.6,52,0.238,31.1,24.3,6.94,7.95,0.41,20,22,19.76,1,1
NMR-503751,Soldier,Colony-D,27.9,67,0.32,33.0,11.6,7.15,7.96,0.365,15,7,22.91,1,1
NMR-509646,Worker,Colony-C,28.1,29,0.339,31.6,29.6,6.97,7.9,0.269,28,10,18.95,1,1
NMR-504471,Worker,Colony-A,20.9,43,0.272,31.0,35.5,6.45,10.56,0.365,27,14,13.23,1,0
NMR-506786,Breeder,Colony-C,39.5,62,0.143,32.4,14.0,6.27,-0.85,0.599,25,13,19.95,1,0
NMR-502771,Worker,Colony-A,18.5,37,0.234,30.9,16.1,6.68,14.72,0.702,27,14,17.3,0,0
NMR-503349,Queen,Colony-A,45.3,52,0.224,31.9,11.1,4.5,0.74,0.276,21,8,20.01,0,1
NMR-507669,Worker,Colony-C,34.6,16,0.205,32.3,75.0,6.66,9.01,0.208,16,7,20.85,1,1
NMR-507751,Worker,Colony-A,24.8,54,0.31,32.2,19.8,6.86,14.49,0.176,28,12,21.13,1,1
NMR-505036,Soldier,Colony-D,32.9,100,0.259,33.0,8.4,7.0,12.92,0.097,18,15,19.99,0,0
NMR-503263,Soldier,Colony-B,33.3,49,0.37,32.4,19.7,7.68,20.0,0.111,26,15,24.75,1,1
NMR-504722,Worker,Colony-E,37.7,43,0.304,33.6,23.7,6.29,19.39,0.382,27,12,20.47,0,0
NMR-505116,Soldier,Colony-B,40.4,41,0.271,31.6,21.8,6.51,10.14,0.574,19,9,14.09,0,1
NMR-501622,Queen,Colony-D,44.8,90,0.174,31.7,36.6,5.44,5.03,0.525,19,10,15.7,0,0
NMR-503153,Breeder,Colony-C,43.4,52,0.233,32.7,8.3,5.95,7.29,0.183,20,6,18.93,0,1
NMR-503318,Soldier,Colony-C,33.0,36,0.231,32.3,54.9,4.17,10.81,0.296,17,16,18.69,1,1
NMR-502264,Worker,Colony-A,25.0,51,0.186,33.3,7.6,7.0,8.07,0.426,23,10,23.23,1,0
NMR-504193,Soldier,Colony-C,28.5,153,0.356,33.4,12.5,6.76,26.06,0.083,34,9,19.55,0,0
NMR-505064,Breeder,Colony-D,37.1,40,0.171,32.7,15.5,7.36,13.0,0.174,22,13,16.38,0,0
NMR-506539,Soldier,Colony-C,33.6,76,0.169,31.6,11.8,5.61,13.7,0.39,22,14,21.77,1,0
NMR-504550,Soldier,Colony-B,30.9,43,0.318,33.3,33.6,6.88,24.1,0.286,20,13,23.05,1,0
NMR-500360,Soldier,Colony-E,32.2,116,0.32,32.3,10.2,5.27,8.71,0.247,24,12,21.24,0,0
NMR-502814,Worker,Colony-D,26.6,79,0.326,31.5,37.0,7.56,13.1,0.192,23,9,20.8,0,0
NMR-509385,Worker,Colony-E,21.0,61,0.366,33.5,17.1,6.13,10.84,0.247,22,11,17.67,0,0
NMR-503910,Worker,Colony-E,30.5,23,0.256,30.9,11.0,8.01,13.9,0.157,27,7,17.5,0,0
NMR-507290,Soldier,Colony-A,46.6,105,0.503,30.6,11.7,4.47,4.5,0.303,23,14,21.34,0,0
NMR-500255,Soldier,Colony-B,39.0,70,0.22,32.3,30.9,7.19,11.4,0.175,24,7,20.95,1,1
NMR-503692,Worker,Colony-D,39.4,20,0.121,32.8,14.3,5.49,10.69,0.091,19,10,20.54,1,1
NMR-504470,Worker,Colony-B,32.6,52,0.195,32.1,27.8,6.66,11.44,0.141,14,12,16.21,1,1
NMR-509925,Worker,Colony-A,27.9,34,0.243,31.6,16.3,6.68,16.04,0.399,22,7,19.05,1,0
NMR-503079,Breeder,Colony-B,36.5,78,0.209,30.2,20.8,7.14,5.05,0.12,27,7,18.85,0,0
NMR-508091,Worker,Colony-B,34.4,60,0.262,30.3,19.5,7.06,9.05,0.45,26,12,18.53,0,0
NMR-505371,Breeder,Colony-D,42.6,65,0.254,31.2,17.5,7.07,11.13,0.129,24,6,24.97,1,0
NMR-504852,Soldier,Colony-B,28.9,37,0.434,33.1,17.6,7.25,17.98,0.354,24,7,15.79,0,0
NMR-504445,Worker,Colony-C,16.8,55,0.264,32.0,18.1,6.46,12.1,0.431,22,5,18.53,0,1
NMR-502053,Worker,Colony-E,25.9,72,0.167,31.7,25.1,7.97,18.14,0.161,27,8,17.46,1,1
NMR-500573,Breeder,Colony-B,35.4,34,0.207,34.0,15.2,7.84,5.59,0.173,20,10,21.96,1,0
NMR-508980,Worker,Colony-D,25.0,64,0.46,31.6,21.2,5.74,19.29,0.129,23,10,16.13,1,1
NMR-509690,Breeder,Colony-E,36.4,68,0.274,31.6,11.8,7.47,21.21,0.143,22,9,17.33,0,1
NMR-500784,Worker,Colony-C,25.4,63,0.187,30.6,30.0,7.8,10.5,0.115,24,10,23.22,0,0
NMR-504257,Worker,Colony-C,25.2,68,0.398,31.2,9.9,7.59,19.69,0.464,17,12,23.34,1,1
NMR-509869,Worker,Colony-C,27.5,42,0.339,31.9,21.4,5.36,9.06,0.135,18,9,22.03,1,1
NMR-508375,Worker,Colony-E,25.7,110,0.151,31.2,8.6,4.27,13.79,0.307,26,7,21.13,0,0
NMR-507706,Worker,Colony-E,28.5,44,0.195,33.2,22.1,5.9,9.4,0.505,37,9,18.05,1,0
NMR-503543,Worker,Colony-A,29.5,17,0.274,32.2,20.5,7.71,10.51,0.216,15,9,20.69,1,0
NMR-507842,Worker,Colony-E,41.6,123,0.169,33.2,8.3,5.59,7.27,0.209,19,8,22.07,0,0
NMR-508661,Breeder,Colony-C,42.7,63,0.277,32.1,31.4,5.52,5.16,0.286,25,15,20.05,0,1
NMR-508601,Worker,Colony-D,40.8,66,0.241,31.2,29.0,7.43,17.03,0.287,27,4,16.23,1,1
NMR-503050,Worker,Colony-C,25.0,62,0.331,31.1,13.1,6.06,49.55,0.431,20,8,16.32,1,1
NMR-507456,Queen,Colony-D,52.8,62,0.313,31.4,13.4,7.81,3.5,0.534,19,10,16.82,0,1
NMR-500265,Worker,Colony-D,35.5,49,0.375,30.8,23.9,5.98,16.36,0.353,36,16,13.61,0,0
NMR-502807,Soldier,Colony-A,28.8,43,0.223,33.1,22.5,6.88,5.2,0.321,24,9,21.93,1,0
NMR-506833,Worker,Colony-C,22.8,72,0.195,33.2,9.3,7.17,11.65,0.56,29,6,16.36,0,0
NMR-509470,Breeder,Colony-C,45.1,24,0.25,33.9,21.9,7.01,4.74,0.148,21,21,18.29,0,0
NMR-507900,Worker,Colony-C,32.3,62,0.158,29.3,40.8,6.3,16.83,0.107,25,11,25.98,1,0
NMR-501443,Worker,Colony-B,32.0,122,0.233,32.8,23.5,9.01,19.27,0.491,33,14,20.59,1,1
NMR-506205,Worker,Colony-A,36.6,80,0.285,32.0,26.4,7.13,9.82,0.089,26,14,21.29,1,1
NMR-502948,Worker,Colony-D,15.4,71,0.275,32.6,22.1,6.5,24.89,0.23,23,14,14.47,1,1
NMR-501098,Soldier,Colony-E,33.0,91,0.223,32.1,12.6,7.28,9.47,0.088,26,10,18.75,0,1
NMR-500009,Worker,Colony-D,30.5,69,0.295,33.1,11.9,5.11,14.82,0.24,28,7,22.46,1,1
NMR-506892,Worker,Colony-B,26.5,94,0.164,32.0,24.8,7.36,8.73,0.177,28,14,19.62,1,1
NMR-503054,Breeder,Colony-A,33.4,44,0.304,31.9,25.8,7.58,4.58,0.309,19,9,21.81,1,1
NMR-505588,Breeder,Colony-B,40.1,59,0.189,32.9,32.1,6.31,0.8,0.101,27,18,18.94,1,0
NMR-505599,Breeder,Colony-D,33.0,54,0.256,30.8,38.6,6.14,10.5,0.437,26,15,18.56,0,0
NMR-504687,Worker,Colony-C,21.2,22,0.237,31.2,21.0,5.4,28.13,0.689,21,10,18.5,0,1
NMR-507073,Worker,Colony-C,27.4,61,0.266,32.4,15.6,6.3,11.95,0.373,22,9,19.07,0,1
NMR-507769,Worker,Colony-C,33.7,59,0.28,30.6,12.7,7.19,13.95,0.224,29,7,24.49,1,0
NMR-500748,Worker,Colony-D,22.9,52,0.167,32.3,19.2,7.41,9.58,0.434,23,9,19.89,1,1
NMR-504396,Soldier,Colony-C,27.9,80,0.205,32.2,19.0,8.07,9.41,0.492,29,10,22.62,1,1
NMR-506052,Queen,Colony-A,39.8,101,0.244,32.7,21.5,4.55,24.43,0.177,34,10,23.81,0,0
NMR-503312,Breeder,Colony-C,47.1,47,0.432,33.0,17.3,5.95,-0.7,0.364,30,11,22.03,0,1
NMR-508410,Soldier,Colony-A,36.7,23,0.188,32.1,14.2,5.99,8.83,0.42,19,10,15.23,0,1
NMR-509712,Worker,Colony-C,19.1,54,0.264,32.7,24.9,6.76,13.01,0.286,24,7,24.65,1,1
NMR-508948,Worker,Colony-A,47.0,39,0.424,33.2,13.0,7.0,26.82,0.107,25,9,19.88,0,0
NMR-506535,Worker,Colony-B,33.4,115,0.257,33.7,14.0,8.1,23.49,0.198,13,4,18.31,0,1
NMR-503281,Worker,Colony-A,34.3,94,0.207,34.0,35.2,8.81,8.35,0.434,34,19,15.41,1,1
NMR-508260,Worker,Colony-C,29.4,31,0.181,32.3,40.4,8.47,11.84,0.087,18,15,16.96,1,0
NMR-504465,Worker,Colony-A,29.6,33,0.381,31.6,32.6,7.52,8.99,0.198,31,7,17.44,1,0
NMR-502207,Breeder,Colony-B,41.2,52,0.153,31.6,19.9,7.71,0.21,0.456,31,13,18.96,1,1
NMR-506669,Queen,Colony-C,38.9,37,0.255,31.5,20.6,8.47,0.23,0.234,27,6,18.04,0,0
NMR-509669,Worker,Colony-D,24.6,97,0.308,31.2,43.9,5.67,16.3,0.288,26,13,15.66,0,0
NMR-505755,Worker,Colony-E,22.0,37,0.362,33.7,23.4,6.41,29.21,0.097,19,16,24.0,1,0
NMR-503855,Worker,Colony-B,26.7,58,0.157,32.6,9.8,7.88,14.7,0.328,21,11,20.89,0,1
NMR-500052,Breeder,Colony-A,42.3,62,0.436,32.7,23.7,7.54,0.78,0.476,27,9,20.1,0,1
NMR-505020,Worker,Colony-D,28.0,77,0.317,33.5,31.6,6.9,8.96,0.187,31,11,15.99,1,0
NMR-500231,Breeder,Colony-E,41.8,22,0.306,32.7,15.3,6.45,1.24,0.103,23,11,14.24,0,1
NMR-504337,Worker,Colony-A,15.1,59,0.261,31.7,29.9,5.79,15.44,0.321,25,18,17.2,1,1
NMR-503935,Breeder,Colony-A,38.2,52,0.27,32.4,10.9,10.26,7.85,0.333,31,7,17.64,0,1
NMR-502425,Worker,Colony-C,30.4,87,0.176,33.5,42.3,7.52,39.26,0.212,32,5,19.14,1,1
NMR-507915,Worker,Colony-E,24.1,35,0.209,30.3,27.3,7.62,8.08,0.079,28,11,18.43,1,0
NMR-504790,Soldier,Colony-C,41.8,41,0.226,32.8,14.5,6.54,5.35,0.234,27,14,20.03,0,1
NMR-500023,Breeder,Colony-B,38.6,49,0.207,33.7,13.1,5.98,1.42,0.382,28,11,21.42,0,0
NMR-508054,Worker,Colony-C,23.0,49,0.179,32.8,15.2,6.12,12.97,0.246,25,9,20.74,1,0
NMR-502024,Worker,Colony-B,18.4,42,0.289,30.2,22.3,7.57,15.25,0.152,23,10,20.79,1,0
NMR-500138,Worker,Colony-C,25.7,50,0.216,32.6,33.4,8.03,14.51,0.44,29,8,12.02,1,1
NMR-504539,Soldier,Colony-E,29.7,9,0.239,34.5,9.7,4.26,7.78,0.514,31,5,17.92,0,1
NMR-503735,Breeder,Colony-D,40.1,27,0.157,31.1,15.4,7.61,10.94,0.24,19,22,17.53,0,0
NMR-501486,Worker,Colony-E,29.7,47,0.171,31.6,31.3,4.49,9.83,0.098,24,8,12.7,1,1
NMR-503568,Soldier,Colony-A,43.7,47,0.21,33.6,8.6,5.75,5.7,0.198,26,15,19.67,0,0
NMR-504092,Worker,Colony-C,30.7,38,0.221,32.1,11.7,6.9,12.22,0.191,28,8,16.2,0,1
NMR-501522,Worker,Colony-E,32.1,42,0.152,31.5,17.7,5.36,11.32,0.199,23,13,19.75,1,1
NMR-507917,Soldier,Colony-A,28.2,63,0.289,31.4,18.3,6.04,5.04,0.187,29,12,15.83,0,0
NMR-502946,Breeder,Colony-B,39.8,25,0.189,30.7,16.0,6.07,22.06,0.422,27,8,18.7,1,0
NMR-504277,Worker,Colony-C,36.1,40,0.279,31.1,9.9,6.29,14.54,0.277,28,12,13.5,0,1
NMR-501583,Worker,Colony-D,20.1,37,0.253,30.8,11.6,6.36,14.17,0.364,31,11,16.57,0,0
NMR-500001,Soldier,Colony-D,36.1,16,0.258,31.8,12.8,8.59,5.03,0.381,27,14,21.26,1,0
NMR-507964,Breeder,Colony-B,31.4,54,0.245,32.9,15.0,8.66,9.85,0.098,30,14,19.74,0,0
NMR-507499,Soldier,Colony-A,38.5,19,0.285,32.6,24.9,7.88,22.25,0.445,28,13,21.86,0,0
NMR-506408,Soldier,Colony-B,36.5,99,0.352,32.2,30.6,7.09,5.44,0.129,23,9,19.51,0,1
NMR-507849,Worker,Colony-B,38.3,82,0.232,33.6,23.1,7.72,12.29,0.297,16,5,16.36,0,1
NMR-506022,Soldier,Colony-A,24.7,60,0.446,32.3,5.4,6.73,5.2,0.425,26,16,21.29,0,1
NMR-508251,Soldier,Colony-E,33.0,59,0.35,32.5,15.9,6.1,10.52,0.435,20,17,17.81,0,0
NMR-506329,Worker,Colony-E,23.3,43,0.215,32.2,23.3,6.26,15.24,0.32,28,9,17.27,0,1
NMR-505389,Worker,Colony-A,32.8,19,0.19,32.2,11.5,6.84,8.71,0.545,24,17,25.38,0,1
NMR-506467,Breeder,Colony-A,48.6,50,0.169,31.9,13.5,8.37,4.98,0.394,28,10,21.35,1,0
NMR-507514,Soldier,Colony-C,31.8,96,0.343,31.6,19.2,7.22,7.81,0.347,19,10,23.55,0,1
NMR-507768,Worker,Colony-C,21.6,32,0.196,32.3,24.2,6.19,9.61,0.251,26,9,14.82,1,1
NMR-508430,Soldier,Colony-A,35.1,179,0.252,31.7,15.2,6.91,5.67,0.278,20,6,16.99,1,1
NMR-501089,Breeder,Colony-B,42.3,28,0.258,31.5,26.4,6.22,3.63,0.277,21,12,19.48,1,1
NMR-500207,Soldier,Colony-A,33.7,56,0.224,32.2,9.2,6.91,13.54,0.769,28,8,17.08,0,1
NMR-507187,Worker,Colony-D,25.1,110,0.346,32.4,16.2,8.38,11.98,0.348,24,13,22.65,0,1
NMR-501887,Soldier,Colony-C,42.4,49,0.308,31.0,9.5,8.24,9.81,0.205,25,7,16.63,0,0
NMR-509990,Soldier,Colony-C,36.0,41,0.419,33.6,27.5,5.51,7.29,0.214,17,12,19.4,0,0
NMR-505320,Worker,Colony-B,18.9,34,0.282,33.2,18.5,6.46,13.19,0.301,29,9,20.12,1,0
NMR-504514,Worker,Colony-C,37.4,38,0.162,31.4,13.5,6.98,13.97,0.124,25,7,15.97,0,1
NMR-502021,Queen,Colony-D,59.3,66,0.168,31.3,35.0,7.46,8.55,0.406,22,9,15.39,1,1
NMR-509733,Worker,Colony-D,23.9,74,0.237,32.8,22.8,6.14,8.1,0.376,23,12,24.65,1,0
NMR-504819,Soldier,Colony-D,30.8,51,0.375,32.5,27.6,7.66,4.97,0.341,23,5,18.36,1,1
NMR-507558,Worker,Colony-A,26.7,44,0.136,31.4,24.1,7.99,12.13,0.608,16,12,21.87,1,0
NMR-508336,Worker,Colony-E,27.9,69,0.307,32.4,12.6,9.13,16.84,0.374,33,12,20.19,0,1
NMR-509427,Worker,Colony-D,21.3,65,0.164,31.6,8.0,6.23,12.96,0.235,34,12,15.8,0,1
NMR-502566,Worker,Colony-E,24.0,60,0.313,31.1,21.6,5.8,16.94,0.437,21,13,13.62,0,0
NMR-501903,Breeder,Colony-E,40.9,57,0.233,32.2,26.8,6.47,1.64,0.481,21,7,14.88,0,0
NMR-501909,Breeder,Colony-A,40.6,28,0.39,33.7,13.5,7.93,21.83,0.381,24,14,16.88,0,0
NMR-506823,Soldier,Colony-C,32.4,25,0.22,31.9,28.8,7.39,9.39,0.415,22,9,19.34,0,0
NMR-506925,Worker,Colony-C,20.4,51,0.209,29.6,20.5,8.13,11.29,0.361,31,7,19.75,1,0
NMR-501266,Breeder,Colony-C,38.1,44,0.197,32.1,29.6,6.66,12.13,0.073,24,8,20.51,1,0
NMR-503202,Worker,Colony-D,28.9,43,0.181,33.1,33.5,7.25,10.18,0.428,27,10,15.84,1,0
NMR-504548,Worker,Colony-E,34.4,52,0.187,31.4,22.2,8.57,22.87,0.268,20,14,17.27,0,0
NMR-502910,Soldier,Colony-A,46.0,20,0.294,34.2,26.2,6.12,6.01,0.357,19,15,18.14,0,0
NMR-506760,Worker,Colony-D,43.2,43,0.224,32.3,27.0,6.73,11.92,0.457,24,10,16.63,1,1
NMR-500914,Worker,Colony-A,36.0,47,0.273,31.8,26.9,8.94,9.76,0.355,30,13,20.31,0,1
NMR-500517,Soldier,Colony-D,36.1,78,0.375,32.6,28.7,8.0,11.5,0.167,25,5,13.65,1,1
NMR-508919,Worker,Colony-C,33.4,61,0.46,31.9,35.5,6.93,21.56,0.222,21,14,13.88,0,1
NMR-503655,Worker,Colony-E,26.0,38,0.177,31.8,12.1,5.98,17.82,0.097,27,14,18.96,1,1
NMR-505979,Worker,Colony-B,23.6,20,0.2,32.0,21.3,7.86,9.8,0.28,36,9,20.39,0,0
NMR-508951,Worker,Colony-C,32.8,113,0.242,31.2,27.0,7.55,11.36,0.322,24,14,13.94,0,1
NMR-506884,Worker,Colony-C,29.9,17,0.335,33.0,45.1,9.23,22.99,0.16,22,13,15.76,0,0
NMR-509191,Soldier,Colony-D,30.2,63,0.174,32.5,9.1,7.45,13.61,0.004,22,10,19.22,1,1
NMR-506793,Worker,Colony-D,34.2,42,0.169,30.6,46.6,5.53,7.1,0.181,31,15,18.23,1,0
NMR-507090,Worker,Colony-E,33.6,30,0.136,33.2,15.6,5.43,17.53,0.494,18,9,19.51,1,1
NMR-507154,Worker,Colony-C,32.7,24,0.244,32.5,10.5,9.22,10.22,0.239,19,13,20.22,1,0
NMR-504544,Soldier,Colony-C,25.4,34,0.268,31.4,24.2,7.23,7.54,0.241,18,8,15.36,1,0
NMR-501745,Worker,Colony-C,33.5,37,0.378,30.7,32.2,5.45,15.23,0.192,19,9,16.16,0,1
NMR-506827,Soldier,Colony-E,37.8,64,0.303,32.5,17.3,5.78,6.17,0.352,28,15,18.89,0,1
NMR-504551,Worker,Colony-D,26.3,59,0.235,33.6,22.4,7.61,7.45,0.304,25,7,18.49,0,1
NMR-509704,Worker,Colony-C,24.7,22,0.263,33.7,9.6,6.73,14.48,0.118,32,18,19.9,1,0
NMR-500898,Soldier,Colony-D,31.0,72,0.233,30.1,19.8,5.89,17.64,0.413,32,7,20.9,0,0
NMR-503603,Worker,Colony-B,24.2,34,0.129,31.2,23.7,6.24,10.17,0.317,21,9,19.34,1,0
NMR-504871,Soldier,Colony-A,35.9,43,0.25,32.8,18.1,6.62,5.32,0.437,18,10,16.95,0,1
NMR-504326,Breeder,Colony-D,38.2,47,0.195,32.3,27.3,7.89,11.18,0.517,31,17,19.02,1,1
NMR-501415,Worker,Colony-B,34.6,46,0.312,31.8,5.2,5.16,10.32,0.753,29,12,22.58,0,1
NMR-500221,Breeder,Colony-E,36.0,67,0.185,32.4,14.8,6.29,-0.23,0.529,28,11,22.05,1,0
NMR-503552,Worker,Colony-D,30.8,29,0.225,31.3,11.2,3.57,10.79,0.374,26,18,17.72,0,1
NMR-508011,Worker,Colony-C,27.1,32,0.192,33.2,16.0,6.73,17.07,0.353,26,12,15.99,0,0
NMR-502208,Worker,Colony-A,33.4,184,0.124,30.9,7.6,6.42,10.75,0.119,19,11,19.73,0,0
NMR-507898,Soldier,Colony-E,34.2,49,0.279,33.2,12.7,7.06,8.75,0.152,24,9,22.97,0,0
NMR-505626,Breeder,Colony-D,38.0,76,0.415,34.3,15.2,7.41,21.57,0.221,16,16,18.46,0,0
NMR-504961,Soldier,Colony-D,34.7,27,0.27,32.8,15.0,6.79,6.08,0.23,22,3,20.71,0,0
NMR-504830,Queen,Colony-A,40.9,78,0.455,32.8,13.7,7.77,2.18,0.124,17,11,18.44,0,1
NMR-505431,Soldier,Colony-B,40.0,36,0.229,32.4,14.1,6.31,6.0,0.313,27,10,14.23,0,1
NMR-508212,Breeder,Colony-E,39.7,53,0.263,32.5,16.3,7.65,5.62,0.317,17,5,19.54,0,1
NMR-505513,Worker,Colony-E,30.5,93,0.279,31.4,25.2,7.84,13.15,0.471,18,13,22.82,1,1
NMR-509423,Soldier,Colony-C,30.7,111,0.212,32.5,20.6,7.55,8.6,0.188,29,11,25.07,1,1
NMR-508994,Breeder,Colony-D,44.6,15,0.279,32.4,27.4,8.4,7.36,0.483,25,10,15.75,0,0
NMR-509819,Soldier,Colony-B,35.8,49,0.214,33.7,6.9,7.19,13.18,0.115,22,13,19.2,0,0
NMR-500169,Soldier,Colony-A,36.6,56,0.212,33.0,7.7,5.81,8.2,0.187,26,8,17.58,0,1
NMR-503410,Worker,Colony-A,33.2,51,0.161,30.3,14.5,6.46,21.9,0.335,23,12,20.3,1,0
NMR-506372,Worker,Colony-B,21.6,56,0.203,32.0,14.5,6.61,13.71,0.368,23,13,17.34,0,1
NMR-501721,Worker,Colony-D,22.3,73,0.356,32.2,25.7,9.56,21.78,0.328,18,14,18.28,1,1
NMR-502166,Worker,Colony-E,18.1,32,0.287,32.5,20.0,7.23,8.39,0.292,26,6,18.46,1,0
NMR-500709,Soldier,Colony-C,31.6,48,0.435,33.1,22.2,6.6,5.73,0.171,24,10,18.33,0,0
NMR-505372,Worker,Colony-A,30.9,82,0.184,30.8,14.5,6.48,11.48,0.276,27,7,12.97,1,0
NMR-509129,Soldier,Colony-D,40.7,81,0.196,33.1,11.3,6.15,6.96,0.431,28,13,22.53,1,0
NMR-503707,Soldier,Colony-A,36.3,58,0.224,31.8,17.2,7.28,6.44,0.751,20,15,16.87,0,1
NMR-503011,Queen,Colony-A,44.4,75,0.207,30.8,18.7,8.86,-0.53,0.271,27,8,18.05,0,1
NMR-506641,Worker,Colony-A,34.2,98,0.183,31.7,26.7,6.91,10.39,0.249,28,11,20.28,1,1
NMR-506402,Worker,Colony-A,37.7,57,0.239,31.9,25.0,8.04,12.99,0.295,23,13,13.97,1,1
NMR-505898,Worker,Colony-A,32.7,54,0.23,30.4,13.4,6.57,11.44,0.123,26,10,16.27,0,0
NMR-504067,Worker,Colony-A,18.7,27,0.257,31.7,29.0,7.2,16.71,0.326,26,13,22.9,0,1
NMR-509453,Worker,Colony-D,33.2,34,0.21,31.4,7.6,4.66,12.13,0.341,25,13,23.53,1,1
NMR-500680,Worker,Colony-C,27.4,34,0.286,31.4,10.7,6.99,10.99,0.196,24,8,21.0,0,0
NMR-507459,Worker,Colony-A,32.9,56,0.194,32.0,13.7,6.26,11.33,0.255,22,11,15.81,0,1
NMR-502085,Worker,Colony-B,34.3,96,0.157,32.0,11.1,6.44,17.89,0.092,27,15,11.49,0,0
NMR-502577,Worker,Colony-A,42.0,71,0.181,31.6,23.9,7.76,14.22,0.433,24,14,17.28,0,1
NMR-509258,Worker,Colony-B,21.7,34,0.185,32.7,27.8,8.49,13.59,0.447,26,11,16.26,1,0
NMR-502922,Worker,Colony-B,21.9,22,0.247,32.7,15.3,4.33,17.33,0.167,26,9,20.32,0,1
NMR-504968,Worker,Colony-B,29.5,118,0.171,31.5,21.6,6.92,13.3,0.255,34,7,20.46,1,1
NMR-507000,Breeder,Colony-C,38.3,50,0.39,31.8,8.8,7.66,4.1,0.19,23,11,14.7,0,0
NMR-505211,Worker,Colony-A,36.2,45,0.301,31.0,29.6,7.52,14.95,0.329,11,11,18.93,1,0
NMR-509780,Worker,Colony-E,22.3,49,0.317,32.5,27.7,7.3,10.78,0.092,28,8,20.9,0,1
NMR-505672,Worker,Colony-E,30.5,33,0.262,33.3,26.3,7.56,8.95,0.377,25,12,21.84,1,0
NMR-505769,Worker,Colony-D,37.1,40,0.25,32.2,28.3,7.51,16.46,0.099,27,9,16.25,1,1
NMR-507466,Breeder,Colony-A,41.9,45,0.254,33.5,11.4,7.0,1.36,0.339,29,15,15.62,1,1
NMR-505725,Soldier,Colony-D,27.0,43,0.224,31.0,14.4,6.71,12.32,0.497,22,14,16.76,0,0
NMR-501973,Worker,Colony-D,27.7,69,0.335,32.2,10.2,7.73,10.33,0.469,23,8,19.03,0,1
NMR-501230,Worker,Colony-E,39.6,27,0.124,31.9,12.9,9.31,27.7,0.478,15,9,18.65,0,0
NMR-504848,Soldier,Colony-C,49.9,30,0.314,33.4,13.9,7.56,22.82,0.221,23,12,24.93,1,0
NMR-503025,Worker,Colony-B,25.3,26,0.244,31.5,24.0,6.06,12.06,0.413,31,13,20.45,1,1
NMR-505105,Soldier,Colony-B,39.7,33,0.227,34.9,23.6,7.41,9.83,0.151,21,22,23.7,1,0
NMR-504292,Queen,Colony-E,42.8,62,0.3,31.6,24.3,5.75,10.79,0.276,26,13,22.59,0,0
NMR-500319,Worker,Colony-D,41.4,89,0.201,32.3,9.1,6.33,9.99,0.146,25,6,23.83,1,0
NMR-500527,Worker,Colony-D,34.0,43,0.263,32.9,11.8,6.81,9.58,0.37,22,14,17.2,0,1
NMR-501209,Soldier,Colony-D,36.5,111,0.335,32.9,22.5,7.2,13.41,0.146,21,9,20.22,1,1
NMR-504242,Worker,Colony-B,15.7,48,0.19,32.9,32.0,5.46,13.75,0.196,31,10,19.05,0,1
NMR-503246,Soldier,Colony-D,28.9,44,0.172,32.3,15.9,8.11,9.28,0.367,35,9,14.75,0,0
NMR-506707,Breeder,Colony-C,43.1,45,0.202,31.8,12.4,7.46,16.47,0.339,34,11,14.16,0,1
NMR-509196,Worker,Colony-A,23.8,38,0.285,34.0,21.2,4.49,26.04,0.342,25,10,20.57,0,1
NMR-500346,Worker,Colony-B,35.0,39,0.28,31.3,22.1,6.59,11.84,0.327,22,12,17.48,0,0
NMR-504390,Soldier,Colony-A,34.6,92,0.223,30.9,14.2,3.31,12.75,0.269,21,8,23.22,1,0
NMR-503146,Worker,Colony-D,28.5,20,0.202,31.7,20.8,5.74,9.72,0.473,26,13,18.04,0,1
NMR-503032,Soldier,Colony-E,34.3,33,0.293,31.8,20.5,6.71,6.99,0.338,30,12,20.91,0,1
NMR-508992,Worker,Colony-E,23.1,35,0.265,31.2,18.6,5.66,20.51,0.342,28,11,16.96,0,1
NMR-508406,Worker,Colony-E,22.8,88,0.22,30.7,24.5,6.86,8.32,0.13,22,10,21.23,1,0
NMR-503913,Soldier,Colony-D,44.5,104,0.259,32.7,34.6,5.92,8.2,0.145,17,13,19.52,0,0
NMR-502066,Worker,Colony-E,39.7,64,0.18,32.7,12.7,5.21,11.99,0.252,19,11,24.11,1,0
NMR-500978,Worker,Colony-B,30.4,31,0.38,31.0,20.8,4.3,14.77,0.467,22,18,23.05,1,1
NMR-502953,Breeder,Colony-D,39.1,106,0.2,32.2,14.8,6.88,0.08,0.141,25,16,18.76,1,1
NMR-501984,Breeder,Colony-B,32.0,53,0.284,29.0,9.9,6.87,6.66,0.225,25,10,21.31,1,0
NMR-501372,Soldier,Colony-C,34.9,58,0.302,31.3,15.8,8.37,7.6,0.438,28,6,13.07,0,1
NMR-505733,Worker,Colony-C,40.0,113,0.184,31.3,14.5,6.63,10.52,0.24,19,12,25.16,1,0
NMR-500961,Soldier,Colony-E,29.7,62,0.275,33.3,18.1,5.4,12.64,0.184,20,15,22.83,0,0
NMR-507920,Breeder,Colony-C,36.8,52,0.274,32.9,11.4,7.03,0.39,0.394,21,13,20.73,0,0
NMR-505884,Soldier,Colony-B,33.6,12,0.287,31.1,20.5,5.5,18.38,0.34,31,9,20.68,1,1
NMR-507856,Breeder,Colony-A,45.1,60,0.277,31.1,10.5,6.41,1.36,0.184,26,15,19.29,1,0
NMR-503507,Breeder,Colony-D,46.7,50,0.309,32.9,29.2,8.55,9.6,0.112,14,6,22.51,1,0
NMR-507237,Soldier,Colony-E,29.6,55,0.237,33.2,19.6,6.44,9.24,0.449,29,10,22.11,0,0
NMR-507811,Worker,Colony-B,39.4,22,0.158,31.8,17.4,8.18,15.81,0.326,31,17,17.1,0,0
NMR-509652,Soldier,Colony-E,32.1,64,0.402,32.6,32.5,7.97,26.27,0.208,28,12,16.88,0,1
NMR-508302,Soldier,Colony-D,25.9,48,0.338,32.9,9.7,7.97,9.0,0.268,27,12,15.62,0,0
NMR-506433,Worker,Colony-C,17.5,65,0.342,31.9,10.4,6.6,12.3,0.443,23,8,13.29,0,1
NMR-507934,Breeder,Colony-C,37.3,104,0.162,32.2,7.3,9.36,18.56,0.564,20,12,21.11,0,1
NMR-502600,Worker,Colony-D,27.9,50,0.21,31.4,20.3,6.32,12.79,0.584,19,8,19.64,1,0
NMR-503080,Worker,Colony-A,34.7,31,0.292,32.2,11.1,6.59,18.53,0.323,26,7,17.74,0,1
NMR-508249,Worker,Colony-C,29.7,32,0.223,29.4,18.4,7.89,8.37,0.284,29,10,12.63,0,0
NMR-503479,Soldier,Colony-A,32.1,51,0.517,32.7,27.1,7.16,6.3,0.661,28,14,14.47,1,1
NMR-504136,Worker,Colony-B,28.7,29,0.259,31.2,16.8,5.7,17.39,0.233,23,8,22.77,0,0
NMR-500351,Worker,Colony-D,28.1,35,0.218,31.1,19.6,7.27,12.48,0.383,18,15,19.35,1,0
NMR-502388,Soldier,Colony-E,28.1,81,0.166,31.8,10.0,6.88,9.57,0.432,25,16,16.55,0,1
NMR-509577,Worker,Colony-E,28.9,47,0.206,33.9,21.2,6.69,11.76,0.132,24,13,25.41,0,0
NMR-501773,Worker,Colony-C,27.5,171,0.237,31.2,14.1,5.91,7.91,0.088,19,12,20.48,1,0
NMR-500651,Worker,Colony-B,23.8,81,0.318,32.0,19.9,6.22,9.68,0.457,23,14,23.86,1,1
NMR-509278,Worker,Colony-D,32.3,64,0.196,32.7,23.8,8.61,9.53,0.292,24,13,23.92,1,1
NMR-501197,Breeder,Colony-A,34.9,77,0.373,32.3,15.1,6.31,0.62,0.357,17,7,18.18,0,1
NMR-507244,Soldier,Colony-C,40.7,39,0.342,33.0,11.2,7.52,10.28,0.301,20,10,19.62,0,0
NMR-508922,Soldier,Colony-E,28.9,35,0.373,31.2,11.0,5.87,11.82,0.088,17,11,18.77,0,1
NMR-501412,Breeder,Colony-C,34.3,48,0.227,31.1,15.4,6.03,33.67,0.476,23,17,12.86,0,0
NMR-504963,Worker,Colony-D,21.2,71,0.279,32.0,29.6,6.15,11.27,0.109,30,7,20.86,1,1
NMR-502649,Worker,Colony-A,33.6,26,0.434,31.9,39.7,5.01,25.09,0.084,26,13,21.42,1,1
NMR-503978,Soldier,Colony-A,39.1,122,0.159,32.6,19.4,7.59,6.8,0.49,27,13,21.82,1,1
NMR-506942,Worker,Colony-D,30.0,37,0.228,33.4,37.9,7.04,7.41,0.443,34,15,16.3,1,0
NMR-505398,Soldier,Colony-D,41.7,23,0.245,32.4,10.3,5.67,4.21,0.206,22,10,19.03,1,1
NMR-501981,Worker,Colony-B,27.9,34,0.338,32.1,35.1,7.51,10.07,0.753,29,5,19.66,0,0
NMR-501452,Breeder,Colony-B,42.8,39,0.151,33.6,22.4,5.3,2.47,0.15,13,11,23.8,1,0
NMR-509687,Worker,Colony-A,28.5,99,0.208,32.3,16.9,9.34,13.55,0.121,21,13,22.86,0,1
NMR-500933,Worker,Colony-B,27.2,47,0.438,33.1,14.6,6.43,15.47,0.372,17,11,24.43,0,1
NMR-508164,Worker,Colony-E,21.7,83,0.301,31.7,14.9,6.58,13.42,0.504,20,4,23.74,0,1
NMR-505330,Breeder,Colony-B,29.8,78,0.32,30.6,36.6,6.43,6.24,0.335,25,12,14.91,1,0
NMR-504781,Soldier,Colony-E,29.8,42,0.216,33.5,15.4,6.15,7.34,0.326,23,14,20.24,0,0
NMR-506069,Worker,Colony-E,35.5,65,0.351,31.9,10.3,6.2,11.5,0.217,18,11,20.71,1,1
NMR-503709,Worker,Colony-D,38.6,43,0.218,32.5,26.6,5.19,17.78,0.209,21,13,23.78,1,1
NMR-507540,Worker,Colony-E,23.5,30,0.237,31.4,12.0,6.56,12.96,0.15,25,10,18.38,0,0
NMR-509218,Worker,Colony-C,34.7,35,0.189,31.7,11.2,7.3,17.57,0.405,26,15,13.06,0,1
NMR-502821,Queen,Colony-E,54.4,61,0.268,32.0,31.4,7.34,9.95,0.214,25,11,17.0,0,1
NMR-506647,Soldier,Colony-A,38.8,44,0.242,32.6,17.0,7.3,13.49,0.173,19,7,16.35,0,0
NMR-508702,Worker,Colony-E,34.0,80,0.285,32.4,26.7,8.43,16.74,0.472,21,8,16.15,0,1
NMR-506340,Worker,Colony-E,21.4,89,0.179,31.9,17.5,8.11,12.46,0.33,30,15,20.75,1,1
NMR-505092,Worker,Colony-A,31.2,112,0.2,31.4,17.6,7.83,13.42,0.4,25,13,14.81,0,1
NMR-503542,Worker,Colony-D,36.5,114,0.214,34.6,11.2,5.43,18.06,0.344,29,13,19.66,0,0
NMR-503716,Worker,Colony-D,30.7,76,0.17,32.0,19.8,8.92,7.85,0.204,29,5,18.81,1,1
NMR-504329,Worker,Colony-C,25.5,45,0.281,30.7,24.6,5.24,14.93,0.502,26,6,17.12,1,1
NMR-508243,Soldier,Colony-D,37.3,49,0.25,31.6,10.8,7.35,6.1,0.166,16,13,15.07,0,1
NMR-508010,Worker,Colony-B,38.8,62,0.273,32.6,19.1,5.95,9.27,0.209,31,10,19.57,1,1
NMR-502480,Queen,Colony-C,47.8,30,0.285,32.5,9.1,7.17,-2.53,0.332,23,11,17.33,0,1
NMR-509919,Soldier,Colony-A,36.1,104,0.302,31.3,22.9,7.66,12.76,0.169,18,11,19.29,1,1
NMR-503265,Worker,Colony-E,29.7,125,0.421,30.6,43.3,6.07,15.98,0.483,27,12,19.76,0,0
NMR-507872,Soldier,Colony-E,35.6,48,0.257,32.3,9.4,7.14,35.71,0.207,15,10,20.3,0,1
NMR-500520,Breeder,Colony-E,36.3,84,0.191,32.2,20.4,4.94,5.71,0.277,25,10,17.04,1,0
NMR-506271,Worker,Colony-B,34.3,37,0.341,32.1,11.4,7.03,17.0,0.238,19,13,22.16,0,1
NMR-509374,Worker,Colony-D,29.3,249,0.146,32.6,45.6,6.1,10.75,0.71,23,16,24.5,1,0
NMR-502191,Worker,Colony-B,29.9,59,0.192,32.9,12.3,6.6,11.29,0.266,22,15,21.86,1,1
NMR-501203,Breeder,Colony-C,32.6,165,0.281,33.7,36.0,6.98,5.93,0.066,40,8,22.25,1,0
NMR-503823,Soldier,Colony-B,42.9,53,0.202,32.3,10.7,8.31,2.95,0.326,22,12,18.8,0,0
NMR-505851,Worker,Colony-C,27.7,35,0.263,32.4,7.1,5.91,7.59,0.365,23,10,17.33,0,1
NMR-507947,Queen,Colony-E,40.2,145,0.2,32.0,25.5,7.61,24.74,0.12,24,17,14.85,1,1
NMR-509647,Worker,Colony-A,35.9,33,0.353,32.1,23.2,7.87,11.11,0.38,20,17,23.42,0,0
NMR-507189,Worker,Colony-D,39.8,23,0.351,32.4,24.6,6.96,13.21,0.281,28,9,22.2,1,1
NMR-504632,Breeder,Colony-C,39.8,46,0.127,31.2,29.8,7.54,2.95,0.187,25,17,26.25,1,0
NMR-504304,Worker,Colony-D,37.0,43,0.239,32.3,28.3,5.54,12.15,0.15,29,11,17.53,1,1
NMR-506292,Worker,Colony-C,26.2,146,0.311,31.7,25.5,7.98,11.53,0.214,34,12,22.21,0,1
NMR-502723,Worker,Colony-C,37.4,136,0.177,32.1,17.6,6.53,10.21,0.422,24,4,15.17,1,0
NMR-502751,Soldier,Colony-E,24.8,33,0.455,32.6,18.7,5.21,21.98,0.188,31,15,18.97,0,1
NMR-502363,Soldier,Colony-B,35.3,93,0.327,32.0,10.8,5.33,8.44,0.468,30,13,17.01,0,0
NMR-502673,Worker,Colony-A,36.5,99,0.408,32.4,28.0,6.78,10.94,0.599,19,10,16.76,0,0
NMR-508758,Soldier,Colony-B,38.7,50,0.456,32.6,29.2,7.0,5.25,0.271,20,8,18.47,0,1
NMR-502092,Worker,Colony-B,37.4,37,0.163,32.6,8.2,6.84,8.1,0.557,21,11,15.45,0,1
NMR-506118,Worker,Colony-E,26.8,59,0.164,31.5,32.5,8.34,8.11,0.229,22,10,19.09,1,1
NMR-506770,Worker,Colony-C,15.5,45,0.16,32.1,24.7,5.67,6.59,0.111,23,11,18.69,1,1
NMR-501284,Worker,Colony-C,34.5,37,0.252,33.6,17.8,5.75,10.81,0.464,18,8,17.83,0,1
NMR-505273,Worker,Colony-D,33.8,53,0.292,32.8,23.4,7.81,7.87,0.368,24,14,21.58,0,1
NMR-506248,Soldier,Colony-E,31.9,39,0.157,33.4,13.9,7.46,19.88,0.125,23,8,15.78,0,0
NMR-503683,Soldier,Colony-A,32.9,124,0.221,33.5,10.4,7.25,5.08,0.332,28,15,25.06,0,0
NMR-501894,Breeder,Colony-D,45.6,28,0.37,33.1,19.3,6.31,4.43,0.265,27,8,13.98,0,1
NMR-508669,Worker,Colony-D,32.7,43,0.259,30.9,12.3,6.68,8.35,0.204,31,8,23.89,1,0
NMR-509004,Worker,Colony-C,20.6,56,0.201,32.5,39.3,6.6,17.38,0.214,22,9,15.47,1,0
NMR-501332,Worker,Colony-C,27.0,85,0.188,32.2,21.7,5.72,13.97,0.281,20,10,19.05,1,0
NMR-504291,Worker,Colony-E,34.4,44,0.198,32.8,47.4,5.39,10.23,0.289,29,15,22.63,1,1
NMR-507662,Worker,Colony-E,29.6,79,0.193,33.0,15.4,6.47,7.23,0.231,28,14,21.35,1,0
NMR-501617,Worker,Colony-A,27.0,56,0.37,31.5,14.8,5.63,7.83,0.38,19,10,20.01,1,0
NMR-500433,Queen,Colony-E,35.0,67,0.436,31.9,23.9,6.48,3.06,0.284,36,15,25.11,0,1
NMR-503698,Soldier,Colony-D,32.5,70,0.287,33.8,34.9,6.63,4.92,0.169,29,13,20.59,1,0
NMR-506183,Soldier,Colony-D,33.4,22,0.303,32.5,40.7,6.18,6.29,0.341,26,10,15.08,1,1
NMR-503324,Worker,Colony-C,33.8,44,0.219,33.0,20.3,5.92,14.16,0.689,24,11,23.07,0,1
NMR-506711,Worker,Colony-E,21.4,75,0.171,32.4,38.9,7.0,7.14,0.323,21,10,23.4,1,0
NMR-506961,Queen,Colony-B,47.1,36,0.231,33.1,22.2,8.34,9.15,0.345,24,8,15.04,1,0
NMR-506918,Soldier,Colony-B,29.4,51,0.19,32.1,12.8,7.72,13.28,0.376,30,6,23.96,0,1
NMR-509896,Worker,Colony-D,22.1,96,0.383,32.2,16.8,6.62,21.88,0.244,24,23,16.54,0,1
NMR-508029,Soldier,Colony-E,35.7,63,0.394,33.5,29.8,9.21,16.4,0.157,17,20,23.04,1,0
NMR-506826,Worker,Colony-D,36.2,69,0.244,33.7,12.3,6.02,14.88,0.536,33,14,18.43,1,0
NMR-505550,Worker,Colony-E,31.9,69,0.201,32.8,11.4,6.37,17.46,0.328,35,9,17.73,0,0
NMR-501754,Breeder,Colony-E,36.8,27,0.235,33.2,23.8,5.91,7.85,0.304,18,9,20.09,0,1
NMR-500211,Worker,Colony-E,34.8,55,0.176,31.6,18.9,6.2,10.09,0.324,14,10,22.32,0,0
NMR-500801,Worker,Colony-C,28.7,126,0.169,32.4,39.5,6.42,19.16,0.387,24,9,18.21,1,0
NMR-506779,Worker,Colony-A,43.0,107,0.256,32.8,25.7,4.96,7.67,0.505,27,12,19.41,1,0
NMR-503845,Soldier,Colony-B,35.5,108,0.28,33.6,17.5,6.03,10.7,0.416,26,9,17.65,0,0
NMR-505800,Soldier,Colony-E,34.3,104,0.348,31.7,14.7,6.48,13.25,0.54,24,12,22.61,0,0
NMR-502091,Soldier,Colony-A,33.0,44,0.365,32.9,12.5,6.3,26.29,0.175,26,13,15.75,0,1
NMR-502900,Worker,Colony-E,37.5,34,0.196,31.8,15.6,6.03,7.7,0.225,21,11,22.75,1,1
NMR-507130,Soldier,Colony-D,34.3,27,0.222,34.0,15.1,7.85,17.2,0.675,28,9,19.65,0,0
NMR-503384,Worker,Colony-E,36.9,38,0.261,31.6,5.9,7.08,10.52,0.084,27,11,24.16,1,1
NMR-506709,Worker,Colony-D,34.2,73,0.249,32.0,24.0,7.39,21.26,0.472,24,9,13.64,1,1
NMR-508499,Worker,Colony-B,25.2,47,0.386,33.9,15.3,6.78,9.08,0.174,24,7,18.95,0,0
NMR-503678,Worker,Colony-B,25.7,133,0.283,31.2,7.8,7.02,8.14,0.322,23,11,15.63,1,0
NMR-506421,Worker,Colony-A,32.5,106,0.185,33.2,10.1,6.47,9.53,0.355,26,5,21.0,1,0
NMR-506602,Worker,Colony-C,32.3,43,0.19,31.7,14.7,7.37,13.15,0.109,25,10,22.5,1,0
NMR-507938,Worker,Colony-A,40.8,55,0.396,32.8,22.7,5.56,9.51,0.183,19,10,24.44,0,1
NMR-501687,Worker,Colony-A,27.4,49,0.257,33.0,15.6,7.76,10.7,0.409,23,9,19.18,1,0
NMR-501652,Worker,Colony-A,30.7,98,0.314,32.5,55.2,7.34,15.04,0.161,27,15,22.96,1,0
NMR-500377,Queen,Colony-E,42.8,36,0.203,33.4,33.0,7.1,9.3,0.298,28,6,14.48,1,1
NMR-502859,Soldier,Colony-E,30.7,36,0.213,31.9,11.5,7.5,4.64,0.337,19,11,21.93,0,0
NMR-503967,Soldier,Colony-A,42.7,55,0.383,31.6,10.6,6.45,2.43,0.286,18,13,19.34,0,1
NMR-505066,Worker,Colony-C,27.7,29,0.228,30.5,18.1,5.2,19.49,0.068,21,4,19.79,0,1
NMR-500021,Soldier,Colony-C,35.8,68,0.218,32.7,23.0,5.43,9.26,0.373,23,8,19.55,0,0
NMR-509675,Soldier,Colony-A,37.1,102,0.28,31.4,29.7,6.79,14.62,0.227,20,9,18.78,1,1
NMR-509789,Soldier,Colony-D,31.9,121,0.166,33.9,14.6,7.46,24.51,0.162,18,12,17.25,1,1
NMR-501319,Worker,Colony-D,25.8,111,0.349,32.7,11.4,6.73,14.43,0.236,24,8,15.75,0,1
NMR-504100,Worker,Colony-B,25.1,74,0.218,31.0,23.7,6.13,12.22,0.292,22,7,19.11,1,0
NMR-507869,Worker,Colony-D,34.4,58,0.265,31.5,18.2,8.6,15.52,0.391,27,12,19.55,0,0
NMR-503936,Worker,Colony-A,28.3,42,0.281,31.7,35.9,6.39,13.46,0.326,27,8,24.46,1,1
NMR-508308,Worker,Colony-C,35.6,96,0.156,32.5,34.6,6.25,18.73,0.501,13,11,19.71,1,0
NMR-505406,Soldier,Colony-B,32.8,66,0.273,30.9,11.2,8.08,10.03,0.113,22,10,21.97,0,0
NMR-504817,Worker,Colony-E,33.1,36,0.264,32.1,23.2,5.57,8.98,0.259,31,11,22.88,1,1
NMR-503629,Worker,Colony-E,32.9,46,0.272,33.2,17.6,7.93,13.35,0.35,24,5,13.35,0,0
NMR-509468,Worker,Colony-B,36.6,38,0.277,31.4,47.3,5.68,8.91,0.127,29,10,14.19,1,1
NMR-502829,Soldier,Colony-C,30.2,75,0.393,32.2,7.9,6.21,4.85,0.51,20,7,16.87,0,0
NMR-501477,Worker,Colony-B,27.8,35,0.255,32.6,13.1,7.02,16.81,0.393,14,7,16.71,0,1
NMR-501924,Worker,Colony-B,38.0,46,0.254,31.6,9.3,7.33,13.12,0.453,25,9,22.44,0,0
NMR-502594,Worker,Colony-A,26.2,33,0.202,31.8,16.8,7.7,12.22,0.115,22,12,12.59,0,0
NMR-502784,Worker,Colony-E,31.3,62,0.243,32.5,11.9,5.97,14.0,0.231,15,8,19.54,0,1
NMR-508360,Worker,Colony-A,40.7,111,0.298,31.6,29.6,6.24,17.94,0.092,24,8,20.12,0,1
NMR-506865,Worker,Colony-D,41.2,45,0.233,32.8,12.5,6.44,13.61,0.356,23,12,17.89,0,0
NMR-505352,Queen,Colony-D,52.4,73,0.358,31.6,19.1,5.21,14.04,0.494,27,11,21.85,0,0
NMR-505818,Soldier,Colony-E,22.8,149,0.151,32.1,21.3,6.64,4.5,0.429,20,8,21.87,1,1
NMR-500760,Worker,Colony-A,41.5,35,0.221,32.4,13.3,7.69,11.73,0.095,26,5,18.52,0,0
NMR-506867,Breeder,Colony-B,33.8,30,0.282,33.7,18.6,8.15,7.19,0.45,33,10,17.1,0,0
NMR-501690,Worker,Colony-B,31.4,139,0.183,33.2,28.0,6.63,15.18,0.651,31,12,23.2,1,1
NMR-506466,Soldier,Colony-E,36.5,41,0.443,31.6,18.4,8.02,23.57,0.224,27,12,16.04,0,0
NMR-500936,Worker,Colony-E,30.0,16,0.199,33.5,18.0,8.32,11.83,0.31,14,9,21.35,0,0
NMR-509684,Soldier,Colony-B,24.9,60,0.234,31.9,16.8,7.28,6.33,0.279,18,17,13.01,0,1
NMR-505192,Worker,Colony-B,28.5,62,0.381,31.5,8.8,6.26,14.39,0.263,20,11,21.75,0,1
NMR-506655,Worker,Colony-B,33.6,98,0.142,33.8,12.4,6.86,9.48,0.553,22,10,18.51,0,0
NMR-506262,Worker,Colony-E,26.4,36,0.212,33.0,15.5,6.12,21.01,0.219,37,10,23.95,1,1
NMR-502970,Queen,Colony-D,50.7,66,0.194,31.7,21.4,7.4,3.45,0.212,26,12,20.78,0,1
NMR-509613,Worker,Colony-D,32.2,79,0.253,32.3,15.1,7.19,21.07,0.225,21,14,19.95,1,1
NMR-500723,Worker,Colony-E,22.0,38,0.132,33.5,8.4,7.6,13.85,0.183,14,7,18.4,0,0
NMR-505529,Soldier,Colony-B,31.5,74,0.204,31.6,17.7,7.11,11.16,0.158,16,7,22.69,1,1
NMR-500767,Worker,Colony-E,30.4,51,0.146,33.9,12.8,5.84,11.84,0.505,24,17,19.57,0,0
NMR-506803,Soldier,Colony-A,34.7,87,0.369,31.7,21.3,5.95,9.1,0.151,25,8,24.21,1,1
NMR-507641,Worker,Colony-D,39.6,72,0.204,30.4,31.8,6.22,12.81,0.165,17,12,16.66,1,0
NMR-505190,Soldier,Colony-D,33.7,69,0.222,31.9,12.1,7.63,2.58,0.234,20,6,20.44,0,1
NMR-509009,Queen,Colony-C,34.4,47,0.419,31.4,23.7,7.12,1.69,0.403,26,10,18.39,0,0
NMR-503787,Worker,Colony-B,36.2,39,0.288,33.3,27.7,7.51,8.98,0.376,22,8,20.94,1,0
NMR-500997,Worker,Colony-C,45.8,89,0.264,32.5,14.2,5.96,14.74,0.142,25,15,22.7,1,1
NMR-501440,Worker,Colony-A,34.5,41,0.35,33.4,13.8,7.02,8.13,0.263,23,5,21.45,0,0
NMR-509523,Soldier,Colony-B,38.2,47,0.255,32.9,17.0,4.82,15.99,0.291,22,18,18.85,1,1
NMR-505072,Worker,Colony-B,23.6,61,0.155,31.4,35.2,5.73,12.2,0.286,24,18,17.28,1,0
NMR-507921,Breeder,Colony-E,36.9,68,0.217,33.3,15.9,6.23,5.89,0.112,32,8,21.55,1,1
NMR-509758,Worker,Colony-D,39.1,25,0.318,31.0,15.6,6.28,9.89,0.236,30,11,18.88,0,1
NMR-501231,Worker,Colony-D,40.4,59,0.178,31.7,15.4,6.81,7.24,0.339,31,4,24.32,1,0
NMR-508456,Soldier,Colony-E,39.1,54,0.281,31.9,22.1,7.94,12.53,0.067,25,10,21.01,1,1
NMR-504037,Soldier,Colony-C,37.1,56,0.303,32.3,17.8,7.67,4.34,0.204,33,12,23.37,0,1
NMR-507691,Breeder,Colony-A,33.7,44,0.366,31.9,19.0,6.89,11.11,0.397,15,11,21.96,0,0
NMR-505917,Soldier,Colony-D,35.2,122,0.358,32.5,27.8,5.14,11.7,0.468,26,12,20.2,0,0
NMR-506987,Worker,Colony-E,45.2,59,0.433,32.1,20.2,5.34,16.41,0.214,30,17,17.95,0,0
NMR-508942,Soldier,Colony-B,42.8,41,0.393,32.8,9.5,5.73,23.31,0.336,22,18,16.36,0,1
NMR-508734,Worker,Colony-A,23.6,40,0.152,32.6,12.8,7.43,7.52,0.183,24,14,18.66,0,0
NMR-509395,Worker,Colony-C,33.9,70,0.202,32.4,14.2,7.14,21.31,0.222,28,14,22.9,1,1
NMR-508227,Worker,Colony-B,36.5,28,0.239,32.7,26.9,6.78,19.61,0.18,20,8,18.89,1,1
NMR-505542,Worker,Colony-E,26.5,77,0.24,32.2,27.9,7.23,8.58,0.171,21,14,22.26,0,1
NMR-505400,Worker,Colony-C,38.9,126,0.203,33.3,83.3,7.21,9.63,0.166,28,14,24.87,1,1
NMR-503693,Soldier,Colony-D,20.9,68,0.209,31.0,18.4,6.76,9.37,0.373,21,12,25.1,0,0
NMR-503012,Soldier,Colony-E,33.2,39,0.269,31.8,29.7,5.37,6.62,0.144,20,8,13.0,1,1
NMR-507629,Worker,Colony-D,26.7,63,0.161,32.5,17.4,5.56,8.71,0.446,24,9,19.65,0,0
NMR-507109,Soldier,Colony-B,34.0,44,0.261,33.4,24.8,7.62,10.46,0.3,28,9,21.86,1,0
NMR-504014,Worker,Colony-B,34.6,26,0.368,31.6,13.9,7.34,8.28,0.347,20,6,19.39,0,0
NMR-505911,Breeder,Colony-C,39.7,22,0.267,33.3,19.5,8.77,11.88,0.374,23,7,20.83,0,0
NMR-507828,Worker,Colony-C,34.5,33,0.309,30.3,32.7,7.28,10.11,0.332,19,13,15.47,1,0
NMR-506499,Worker,Colony-E,37.7,52,0.551,30.7,31.5,8.76,17.2,0.385,21,15,18.53,0,0
NMR-507790,Soldier,Colony-E,37.0,87,0.514,32.0,17.6,5.53,8.35,0.163,22,11,22.89,0,0
NMR-500445,Worker,Colony-A,23.4,178,0.236,32.1,18.3,8.83,10.28,0.472,25,12,20.1,0,1
NMR-500920,Soldier,Colony-C,40.1,113,0.208,32.4,39.9,5.43,11.7,0.35,20,12,19.44,1,0
NMR-503482,Soldier,Colony-D,42.9,39,0.177,32.8,13.0,6.04,6.62,0.1,24,13,23.0,0,1
NMR-504628,Worker,Colony-D,34.3,40,0.32,32.9,23.9,6.63,11.79,0.172,32,6,24.95,1,0
NMR-501586,Worker,Colony-C,25.4,34,0.216,32.1,11.2,5.87,9.64,0.249,30,16,18.73,0,1
NMR-509205,Worker,Colony-D,30.1,39,0.191,32.5,18.3,5.53,13.36,0.335,24,11,24.53,1,1
NMR-507107,Worker,Colony-D,30.3,33,0.23,32.0,14.1,6.97,14.83,0.143,24,21,20.33,1,1
NMR-502828,Breeder,Colony-D,35.1,30,0.329,33.7,22.0,6.17,9.09,0.139,29,10,26.04,0,0
NMR-508320,Worker,Colony-A,29.8,36,0.194,32.8,15.9,8.7,12.02,0.221,21,11,17.51,1,0
NMR-504980,Breeder,Colony-A,36.0,84,0.138,30.2,11.7,9.3,6.6,0.604,26,14,28.61,1,1
NMR-506349,Soldier,Colony-D,41.9,40,0.22,32.3,8.9,8.27,13.31,0.406,30,11,21.39,0,0
NMR-506652,Worker,Colony-E,32.9,65,0.219,30.8,17.9,5.07,21.97,0.445,35,14,24.02,1,0
NMR-508586,Worker,Colony-B,30.3,64,0.247,32.6,15.0,6.97,18.13,0.431,18,11,18.45,0,1
NMR-501078,Soldier,Colony-A,42.7,66,0.26,32.4,16.5,8.7,10.13,0.623,18,13,22.02,0,1
NMR-506061,Soldier,Colony-A,50.8,44,0.168,31.8,36.7,5.38,15.45,0.384,30,5,21.04,1,0
NMR-501706,Soldier,Colony-D,40.7,47,0.214,32.7,27.4,7.35,15.92,0.286,19,16,22.28,1,1
NMR-503067,Soldier,Colony-B,39.6,35,0.193,31.4,27.4,6.12,5.97,0.37,19,14,21.95,1,1
NMR-505920,Worker,Colony-D,33.5,73,0.24,32.7,40.5,7.05,9.1,0.365,23,10,21.36,1,1
NMR-509615,Queen,Colony-E,41.8,99,0.157,31.1,39.5,7.32,10.56,0.179,18,13,12.73,1,1
NMR-503331,Soldier,Colony-B,37.9,150,0.197,31.5,17.2,7.45,6.26,0.297,25,15,15.6,1,1
NMR-502981,Worker,Colony-C,30.6,48,0.208,31.2,15.7,6.22,8.77,0.304,15,8,19.8,1,0
NMR-501069,Worker,Colony-E,40.8,28,0.234,31.2,23.9,6.19,18.23,0.182,26,5,19.74,1,1
NMR-509227,Worker,Colony-A,33.4,57,0.205,33.2,25.7,5.63,10.92,0.11,34,10,21.88,1,0
NMR-508366,Worker,Colony-A,37.2,94,0.145,32.3,10.9,6.43,16.38,0.342,23,10,22.97,0,0
NMR-509452,Worker,Colony-B,29.6,82,0.261,31.5,23.3,4.15,11.2,0.218,17,10,20.42,1,1
NMR-502681,Worker,Colony-E,32.7,45,0.25,31.8,17.0,7.05,10.99,0.338,26,5,24.88,0,1
NMR-503244,Soldier,Colony-E,36.5,103,0.297,32.2,16.1,8.72,9.27,0.063,17,9,27.44,1,1
NMR-506600,Worker,Colony-E,29.9,65,0.42,33.6,12.7,8.2,25.87,0.141,31,6,21.03,0,0
NMR-500990,Soldier,Colony-B,38.3,29,0.145,30.8,15.8,7.12,12.63,0.287,19,9,16.67,0,0
NMR-504446,Soldier,Colony-C,36.4,86,0.283,29.5,20.8,5.03,8.27,0.161,19,15,19.26,0,0
NMR-503769,Soldier,Colony-C,27.9,72,0.26,32.5,16.5,6.51,10.84,0.411,15,16,20.47,0,1
NMR-503198,Worker,Colony-C,20.2,30,0.209,32.7,7.6,7.84,13.04,0.101,31,13,18.16,1,0
NMR-504134,Worker,Colony-D,32.0,66,0.164,31.9,23.7,5.95,13.15,0.241,25,15,18.33,1,1
NMR-503783,Breeder,Colony-A,33.3,96,0.354,32.5,38.1,5.2,8.63,0.24,24,11,16.96,1,0
NMR-505494,Worker,Colony-C,28.5,57,0.273,31.3,24.6,6.98,9.19,0.263,27,10,17.7,0,0
NMR-504590,Worker,Colony-D,34.8,59,0.293,31.3,17.8,7.69,10.86,0.331,23,12,21.17,0,0
NMR-504125,Soldier,Colony-C,31.5,62,0.376,32.7,16.2,7.32,7.72,0.489,25,7,19.97,0,0
NMR-507270,Breeder,Colony-C,41.7,96,0.206,32.8,11.7,6.88,2.29,0.152,23,12,18.67,0,1
NMR-502232,Worker,Colony-B,27.7,72,0.203,33.2,10.6,6.39,13.26,0.184,20,11,26.62,1,0
NMR-508556,Worker,Colony-E,32.5,32,0.288,31.1,25.9,8.25,13.98,0.479,24,12,18.62,1,0
NMR-503236,Soldier,Colony-B,37.7,32,0.244,32.7,16.4,7.6,6.7,0.314,24,10,14.36,0,0
NMR-501772,Soldier,Colony-D,35.3,48,0.405,31.7,21.6,7.7,13.5,0.355,19,10,21.76,0,1
NMR-502299,Worker,Colony-B,29.0,122,0.223,32.0,9.0,6.47,14.96,0.318,37,13,14.94,0,0
NMR-502851,Worker,Colony-A,34.7,38,0.196,32.0,12.5,6.27,19.02,0.299,19,6,22.31,1,1
NMR-506289,Worker,Colony-C,35.6,95,0.155,31.5,29.4,5.61,16.39,0.302,24,15,22.02,1,0
NMR-509702,Worker,Colony-B,25.8,40,0.277,33.4,6.6,8.17,7.56,0.138,18,6,19.77,0,0
NMR-501906,Worker,Colony-C,28.2,69,0.198,31.4,20.9,5.27,11.3,0.427,23,17,15.59,0,0
NMR-507383,Soldier,Colony-C,30.0,47,0.32,31.3,14.3,5.61,12.55,0.138,24,9,19.63,0,0
NMR-504754,Soldier,Colony-B,39.5,83,0.279,31.1,20.9,7.9,4.3,0.075,25,12,28.56,1,0
NMR-503084,Worker,Colony-B,24.1,43,0.226,31.0,10.0,6.39,14.18,0.204,18,12,20.2,0,0
NMR-506714,Worker,Colony-E,27.2,124,0.134,34.0,34.9,7.25,7.9,0.424,19,15,20.99,1,0
NMR-508150,Breeder,Colony-A,34.7,38,0.151,31.1,50.5,8.05,4.22,0.206,24,11,18.15,1,0
NMR-507347,Worker,Colony-D,32.3,73,0.354,31.9,14.3,6.8,17.24,0.36,27,10,21.03,0,1
NMR-503984,Breeder,Colony-E,37.5,42,0.312,32.0,13.4,9.98,8.91,0.606,30,7,21.74,0,1
NMR-506140,Worker,Colony-B,33.7,41,0.146,32.5,12.8,6.4,15.17,0.172,28,12,21.54,0,1
NMR-503760,Worker,Colony-B,36.7,48,0.376,33.2,15.2,6.84,20.2,0.226,18,12,20.19,0,1
NMR-502609,Worker,Colony-D,28.9,37,0.295,32.7,10.8,7.25,12.14,0.508,23,8,25.16,0,1
NMR-508439,Soldier,Colony-A,46.1,65,0.38,33.8,34.9,6.02,8.93,0.281,22,14,17.47,0,0
NMR-508382,Breeder,Colony-C,36.6,59,0.171,32.9,13.1,7.46,7.09,0.364,26,13,18.09,0,0
NMR-502785,Queen,Colony-B,34.2,18,0.355,32.4,27.1,8.6,8.91,0.518,22,12,18.48,1,0
NMR-500081,Worker,Colony-E,34.4,43,0.218,32.7,18.1,6.24,9.69,0.246,30,11,23.06,0,1
NMR-500628,Worker,Colony-C,25.1,58,0.353,32.0,19.8,7.0,12.71,0.153,20,10,19.68,0,1
NMR-500162,Worker,Colony-C,27.7,27,0.231,32.8,19.9,8.25,14.88,0.478,21,12,22.5,1,0
NMR-500690,Worker,Colony-B,25.1,55,0.256,32.1,26.1,6.45,23.16,0.235,24,11,18.5,1,0
NMR-508998,Worker,Colony-E,26.3,27,0.23,33.5,17.7,6.66,14.29,0.361,20,14,19.79,1,1
NMR-503027,Soldier,Colony-D,25.5,101,0.307,34.3,22.4,5.91,26.11,0.278,20,8,18.58,1,0
NMR-509812,Breeder,Colony-A,34.4,35,0.242,32.8,17.7,6.6,5.65,0.518,20,12,14.76,0,1
NMR-505317,Worker,Colony-B,35.1,56,0.294,32.6,30.9,6.41,8.12,0.181,22,14,21.42,1,1
NMR-509042,Worker,Colony-C,33.8,40,0.159,32.6,13.6,6.44,14.81,0.241,30,9,25.5,1,0
NMR-509944,Soldier,Colony-A,20.8,26,0.184,30.9,11.1,8.2,13.2,0.367,34,8,23.18,0,0
NMR-500635,Worker,Colony-C,30.0,96,0.271,31.6,23.9,7.34,9.83,0.497,26,13,20.79,0,1
NMR-509233,Soldier,Colony-A,26.7,36,0.162,31.0,15.1,8.28,6.77,0.233,32,7,14.76,1,0
NMR-503370,Soldier,Colony-E,29.4,73,0.264,32.3,14.2,7.28,9.74,0.168,20,8,14.87,0,1
NMR-507532,Soldier,Colony-E,32.9,68,0.251,31.7,15.5,5.74,6.42,0.12,20,13,19.46,1,1
NMR-506428,Worker,Colony-C,30.7,53,0.228,32.0,18.4,6.78,10.84,0.277,22,10,18.85,0,0
NMR-507480,Worker,Colony-A,28.3,40,0.183,32.0,11.7,7.15,20.36,0.508,26,16,21.08,1,1
NMR-505608,Worker,Colony-E,34.8,78,0.356,31.0,22.1,8.05,11.3,0.316,20,11,23.16,1,1
NMR-501945,Worker,Colony-B,33.6,42,0.256,32.3,17.1,6.53,14.06,0.414,24,9,20.49,1,1
NMR-501655,Worker,Colony-D,26.2,92,0.405,32.8,17.8,8.33,20.42,0.425,27,10,20.48,0,1
NMR-506841,Worker,Colony-B,26.3,51,0.148,32.6,39.7,6.01,15.06,0.026,31,10,18.05,1,1
NMR-500639,Worker,Colony-B,37.0,45,0.24,32.6,28.6,9.29,13.82,0.34,27,11,20.6,0,1
NMR-501408,Worker,Colony-C,37.4,37,0.279,31.2,20.7,6.32,25.03,0.333,25,10,20.45,1,0
NMR-504097,Worker,Colony-B,27.4,100,0.541,32.0,8.0,8.52,9.24,0.153,26,13,18.08,0,1
NMR-506571,Worker,Colony-C,32.9,22,0.422,32.7,18.8,7.01,20.93,0.42,20,9,22.86,0,0
NMR-509049,Worker,Colony-D,23.7,57,0.147,31.3,11.5,5.97,29.88,0.116,26,8,16.93,1,0
NMR-506525,Soldier,Colony-E,37.2,86,0.271,32.2,21.1,7.61,17.45,0.221,21,13,23.08,1,1
NMR-506386,Worker,Colony-B,40.4,93,0.269,33.1,18.9,6.27,11.19,0.17,20,15,19.54,1,0
NMR-501161,Soldier,Colony-E,33.8,73,0.141,32.7,39.0,7.77,10.66,0.163,27,10,23.53,1,1
NMR-509960,Queen,Colony-C,44.5,25,0.277,32.0,6.9,6.82,3.42,0.113,30,10,23.05,0,1
NMR-506038,Soldier,Colony-C,33.8,33,0.411,33.0,39.2,8.1,2.97,0.31,30,10,23.23,1,0
NMR-502145,Soldier,Colony-D,36.7,87,0.275,30.5,17.0,8.25,6.8,0.253,28,10,19.47,1,1
NMR-503262,Worker,Colony-A,29.5,81,0.192,32.5,11.4,7.49,23.24,0.379,21,11,15.06,0,1
NMR-503159,Breeder,Colony-B,41.5,60,0.308,31.7,35.3,7.72,16.18,0.765,17,12,18.56,1,1
NMR-500179,Soldier,Colony-C,30.4,86,0.406,33.0,30.7,7.12,7.63,0.379,22,7,25.31,1,1
NMR-501262,Worker,Colony-A,24.2,35,0.199,32.0,21.1,9.59,9.56,0.365,16,4,21.89,0,0
NMR-503623,Soldier,Colony-B,23.9,99,0.324,31.5,37.1,7.78,5.39,0.333,21,10,28.02,1,1
NMR-503406,Worker,Colony-A,27.4,89,0.29,32.0,22.4,6.02,15.15,0.366,27,16,17.56,0,0
NMR-501783,Breeder,Colony-D,37.2,105,0.318,31.1,25.0,6.62,4.83,0.393,23,8,19.06,1,0
NMR-501575,Worker,Colony-A,33.8,19,0.154,30.5,15.6,7.76,14.48,0.074,22,15,23.23,1,0
NMR-500831,Soldier,Colony-B,28.1,79,0.297,32.7,31.0,7.5,13.76,0.249,18,18,14.4,0,1
NMR-506305,Worker,Colony-D,29.5,65,0.23,30.1,19.7,6.43,8.43,0.28,20,12,21.17,1,0
NMR-508591,Worker,Colony-C,29.2,62,0.214,32.3,23.4,6.51,8.9,0.504,21,13,17.1,1,1
NMR-509146,Worker,Colony-D,30.5,34,0.241,33.0,9.9,6.84,23.19,0.336,25,9,20.3,1,0
NMR-506962,Queen,Colony-D,38.2,164,0.223,32.4,9.2,6.48,-0.19,0.26,25,13,13.94,0,1
NMR-501454,Worker,Colony-E,28.9,39,0.24,33.3,14.8,5.18,6.89,0.306,24,17,19.4,0,1
NMR-503250,Worker,Colony-B,37.2,66,0.178,32.4,48.2,6.12,9.02,0.276,26,12,16.79,1,1
NMR-508237,Worker,Colony-E,24.0,38,0.173,33.2,12.4,5.64,13.52,0.277,29,10,16.0,0,1
NMR-502738,Soldier,Colony-B,38.4,53,0.241,33.0,34.7,4.26,10.65,0.305,15,9,18.04,1,1
NMR-504371,Worker,Colony-D,21.0,104,0.284,32.2,18.8,8.42,11.51,0.096,20,10,21.69,0,1
NMR-501865,Breeder,Colony-C,34.1,36,0.366,32.9,10.4,6.31,3.97,0.521,24,10,20.81,0,1
NMR-505323,Worker,Colony-B,28.0,30,0.188,33.3,19.8,5.19,14.19,0.292,28,15,19.84,1,1
NMR-507830,Queen,Colony-B,45.7,31,0.228,30.6,16.6,7.23,3.73,0.076,36,15,15.84,0,0
NMR-503163,Soldier,Colony-A,33.7,84,0.282,31.0,29.8,4.9,8.26,0.341,16,9,16.22,1,0
NMR-501023,Worker,Colony-B,19.6,54,0.188,32.0,10.8,4.34,8.14,0.175,24,16,19.27,0,1
NMR-507098,Worker,Colony-A,27.7,72,0.268,32.1,17.4,5.67,8.43,0.137,26,6,23.58,0,0
NMR-508551,Breeder,Colony-D,42.1,50,0.257,31.2,34.5,7.15,6.5,0.172,26,17,24.67,1,0
NMR-503186,Breeder,Colony-E,35.7,44,0.337,31.3,18.2,6.75,4.11,0.497,22,12,21.54,1,0
NMR-503270,Worker,Colony-D,23.5,113,0.205,33.1,39.3,8.12,11.6,0.121,32,11,19.52,1,1
NMR-508959,Worker,Colony-B,29.6,38,0.246,32.3,21.4,6.25,5.55,0.154,21,13,14.48,0,1
NMR-508875,Soldier,Colony-B,33.6,41,0.295,32.7,15.5,6.46,8.29,0.782,23,13,20.39,0,1
NMR-501035,Worker,Colony-D,24.3,46,0.259,32.0,23.4,6.45,14.66,0.29,24,14,16.2,0,1
NMR-502974,Worker,Colony-E,31.2,41,0.234,33.7,50.1,6.03,24.5,0.198,31,11,16.19,1,0
NMR-506816,Worker,Colony-D,19.3,176,0.224,31.9,27.8,6.78,11.47,0.511,24,10,19.89,1,1
NMR-505445,Worker,Colony-D,30.5,87,0.256,31.8,9.3,7.09,14.94,0.285,18,11,23.4,1,1
NMR-502434,Breeder,Colony-A,38.4,51,0.205,33.5,7.9,5.12,3.66,0.463,33,12,17.8,1,0
NMR-506393,Worker,Colony-D,22.9,99,0.485,32.5,20.8,7.49,10.7,0.345,17,14,15.79,0,1
NMR-505253,Worker,Colony-E,31.3,37,0.388,30.9,24.6,5.26,8.3,0.606,20,13,18.68,1,1
NMR-501029,Breeder,Colony-B,50.4,102,0.272,33.1,29.1,6.47,1.11,0.18,23,13,21.78,1,0
NMR-501751,Breeder,Colony-A,43.0,69,0.352,32.4,47.7,5.13,27.68,0.337,29,10,20.59,1,0
NMR-502597,Worker,Colony-E,39.8,45,0.118,31.7,31.6,7.42,12.49,0.304,27,12,26.05,1,0
NMR-507057,Soldier,Colony-B,31.1,42,0.227,31.6,7.8,6.65,5.75,0.205,31,10,20.37,0,0
NMR-502581,Worker,Colony-E,36.2,75,0.193,33.1,27.0,6.57,7.24,0.108,25,9,22.75,1,0
NMR-509252,Worker,Colony-B,37.6,117,0.507,32.3,21.0,7.72,12.68,0.079,22,9,22.13,0,1
NMR-502212,Worker,Colony-B,38.1,47,0.285,32.2,13.3,5.72,11.7,0.228,24,16,17.7,0,1
NMR-505384,Worker,Colony-B,29.3,40,0.21,33.9,19.7,7.14,11.38,0.378,22,8,22.27,1,0
NMR-505547,Breeder,Colony-D,49.4,64,0.227,33.7,21.2,5.83,0.63,0.214,21,9,19.61,0,0
NMR-508301,Worker,Colony-D,32.4,58,0.225,33.9,17.0,6.41,9.63,0.174,18,10,20.84,0,0
NMR-504151,Soldier,Colony-D,33.1,27,0.335,32.4,19.5,6.91,4.82,0.408,24,16,13.06,0,1
NMR-508898,Breeder,Colony-C,39.1,71,0.265,32.0,19.4,7.86,-0.04,0.472,15,5,20.29,1,1
NMR-507552,Worker,Colony-B,33.0,33,0.303,30.8,39.8,5.68,8.94,0.353,19,9,23.95,1,1
NMR-508433,Soldier,Colony-E,27.9,86,0.206,31.3,5.8,7.74,7.77,0.086,27,4,14.29,0,1
NMR-508540,Worker,Colony-B,24.1,52,0.273,31.7,20.7,7.36,12.35,0.182,30,8,17.6,1,1
NMR-505159,Soldier,Colony-E,31.7,36,0.284,32.5,22.1,5.28,8.79,0.306,25,9,21.82,0,1
NMR-504665,Worker,Colony-E,30.9,70,0.361,31.3,15.9,6.69,14.59,0.187,25,5,14.15,0,0
NMR-501653,Worker,Colony-D,26.6,166,0.218,32.4,25.8,6.99,17.56,0.224,30,8,21.15,1,0
NMR-503018,Worker,Colony-D,23.1,90,0.174,32.2,13.3,8.31,12.42,0.623,17,15,17.69,1,1
NMR-507166,Worker,Colony-D,35.9,96,0.186,32.7,23.6,6.17,14.23,0.318,25,7,20.79,1,0
NMR-509719,Worker,Colony-A,33.8,69,0.342,31.2,24.2,8.18,11.48,0.327,30,12,19.69,1,1
NMR-505682,Worker,Colony-C,36.2,59,0.173,32.8,31.4,8.52,13.78,0.345,25,6,20.87,1,0
NMR-505655,Breeder,Colony-C,32.6,42,0.395,32.6,22.2,9.37,17.14,0.359,34,11,21.93,0,0
NMR-501128,Soldier,Colony-E,42.2,64,0.115,31.0,25.7,6.9,6.8,0.264,29,12,25.63,1,1
NMR-505941,Worker,Colony-C,33.9,38,0.354,34.1,19.2,5.88,14.64,0.261,24,15,19.74,0,1
NMR-500464,Worker,Colony-C,33.8,148,0.2,32.1,20.6,5.01,15.68,0.518,28,15,19.7,1,0
NMR-503408,Soldier,Colony-C,43.6,35,0.193,33.0,17.4,6.78,11.29,0.43,20,16,21.91,1,1
NMR-506189,Worker,Colony-C,26.7,109,0.206,33.1,25.6,7.96,11.83,0.108,21,9,21.33,1,1
NMR-500889,Soldier,Colony-E,38.5,38,0.203,32.2,7.6,7.29,12.23,0.386,23,3,19.5,0,1
NMR-502702,Worker,Colony-A,41.0,52,0.231,31.7,22.1,5.63,8.98,0.242,22,7,22.55,1,0
NMR-508977,Worker,Colony-C,13.3,40,0.292,33.2,12.0,6.98,31.14,0.304,27,10,13.26,1,0
NMR-507329,Breeder,Colony-C,41.6,27,0.213,32.1,19.0,5.93,0.73,0.283,24,14,20.01,1,1
NMR-504501,Worker,Colony-D,34.4,41,0.272,30.8,21.4,6.57,8.77,0.294,33,5,18.24,1,0
NMR-505936,Soldier,Colony-D,39.5,25,0.31,32.5,21.9,6.86,20.78,0.337,27,11,12.82,0,1
NMR-503569,Soldier,Colony-E,36.6,30,0.221,32.5,13.3,9.88,12.22,0.206,28,19,24.28,0,0
NMR-502747,Soldier,Colony-E,40.2,46,0.244,31.1,14.1,7.58,13.66,0.186,33,13,12.55,0,0
NMR-507990,Soldier,Colony-A,35.7,80,0.182,33.3,37.6,8.41,12.0,0.153,18,10,22.11,1,1
NMR-501728,Soldier,Colony-C,22.1,42,0.262,32.8,31.7,7.06,11.53,0.44,28,17,17.33,0,1
NMR-508418,Soldier,Colony-E,36.2,40,0.214,33.1,35.1,7.67,10.39,0.217,21,10,24.13,1,0
NMR-508862,Soldier,Colony-D,24.6,26,0.45,32.2,22.6,8.22,10.81,0.073,17,8,18.74,0,0
NMR-501371,Soldier,Colony-A,34.3,46,0.263,32.4,10.0,8.23,23.11,0.362,27,11,15.85,0,1
NMR-501872,Breeder,Colony-D,37.8,39,0.248,30.6,15.3,8.31,4.31,0.273,26,8,18.46,0,0
NMR-503230,Breeder,Colony-A,49.1,55,0.29,31.9,20.2,6.07,13.9,0.289,22,13,24.56,1,0
NMR-506782,Soldier,Colony-C,37.1,56,0.316,31.1,15.2,5.85,13.75,0.254,36,14,18.34,0,0
NMR-500712,Worker,Colony-A,30.1,63,0.224,32.5,15.7,5.34,9.76,0.21,19,7,23.52,0,0
NMR-501828,Breeder,Colony-C,37.0,47,0.251,32.8,12.0,7.1,6.46,0.428,24,13,23.47,0,1
NMR-505895,Worker,Colony-D,26.9,61,0.385,31.4,21.1,7.48,9.12,0.601,20,15,24.73,1,1
NMR-505653,Soldier,Colony-C,40.4,48,0.215,32.0,19.1,6.79,15.64,0.178,21,9,23.22,1,1
NMR-509558,Worker,Colony-D,35.9,56,0.295,31.7,19.4,6.69,7.87,0.544,21,6,13.86,0,0
NMR-507319,Soldier,Colony-C,34.9,24,0.287,29.7,15.0,6.51,3.79,0.577,22,17,17.59,0,1
NMR-505902,Worker,Colony-C,39.3,78,0.273,30.2,20.7,6.35,10.02,0.361,31,9,17.97,1,0
NMR-507521,Soldier,Colony-A,27.0,43,0.155,31.2,26.6,7.33,6.87,0.309,20,9,22.11,1,0
NMR-507484,Worker,Colony-C,23.1,44,0.277,31.5,36.1,7.1,11.89,0.429,21,14,16.43,1,0
NMR-507437,Breeder,Colony-B,44.4,42,0.241,33.5,15.3,6.76,5.72,0.143,30,9,25.66,1,0
NMR-505928,Worker,Colony-C,33.1,59,0.335,30.8,32.8,5.91,26.94,0.071,16,8,20.07,0,0
NMR-505009,Queen,Colony-E,47.7,49,0.276,32.9,26.8,7.67,4.21,0.276,24,17,17.16,0,1
NMR-507181,Worker,Colony-B,21.3,73,0.224,31.4,27.1,7.72,25.87,0.086,20,10,19.95,1,1
NMR-505562,Queen,Colony-A,53.5,94,0.225,32.6,20.0,7.7,-2.91,0.088,28,13,17.56,1,1
NMR-501469,Worker,Colony-D,38.1,49,0.127,31.5,46.6,8.49,10.13,0.105,28,8,16.35,1,1
NMR-508843,Worker,Colony-D,32.5,64,0.119,31.6,13.5,8.84,17.66,0.332,31,12,18.77,1,1
NMR-505686,Worker,Colony-A,29.9,64,0.181,32.8,17.5,5.87,12.63,0.202,20,11,24.34,1,0
NMR-506966,Worker,Colony-D,35.5,80,0.225,31.8,6.5,6.73,13.02,0.394,20,9,16.64,0,0
NMR-501458,Worker,Colony-E,27.6,22,0.201,31.7,16.8,8.14,16.5,0.429,23,11,23.3,1,0
NMR-505208,Soldier,Colony-B,39.2,46,0.267,32.1,14.6,8.43,18.54,0.275,19,7,21.15,1,0
NMR-501074,Worker,Colony-B,21.0,25,0.26,32.0,20.5,8.02,32.13,0.353,23,20,21.6,0,0
NMR-504399,Worker,Colony-D,37.1,96,0.323,33.5,21.8,5.14,11.65,0.511,25,13,17.82,0,0
NMR-500465,Worker,Colony-C,28.4,103,0.242,32.9,50.9,5.84,12.01,0.206,19,12,25.82,1,0
NMR-502601,Worker,Colony-A,30.0,57,0.167,32.8,13.3,7.44,7.01,0.427,17,9,16.57,1,1
NMR-505783,Worker,Colony-D,33.0,212,0.364,32.2,8.7,6.34,15.41,0.068,19,13,14.98,0,0
NMR-507422,Soldier,Colony-C,36.9,64,0.199,30.7,16.7,6.21,11.47,0.35,30,15,21.27,0,0
NMR-502350,Worker,Colony-A,30.7,34,0.284,33.3,10.5,7.4,10.63,0.131,26,12,17.97,0,0
NMR-503715,Soldier,Colony-B,23.7,47,0.168,32.0,14.7,7.08,15.87,0.161,20,7,20.13,1,0
NMR-504194,Worker,Colony-A,41.1,59,0.233,33.0,25.5,7.07,8.39,0.611,28,14,19.73,1,0
NMR-505281,Worker,Colony-A,30.8,66,0.256,31.9,25.2,5.92,20.32,0.428,22,9,17.86,1,0
NMR-506680,Soldier,Colony-D,37.9,62,0.228,32.4,52.4,7.98,12.21,0.46,23,15,18.01,1,1
NMR-509840,Worker,Colony-B,33.8,39,0.306,32.1,17.5,7.01,18.46,0.182,24,7,21.16,0,1
NMR-502729,Soldier,Colony-E,42.1,54,0.16,30.8,17.0,7.57,22.91,0.465,19,14,21.77,1,1
NMR-504966,Worker,Colony-D,31.3,76,0.149,31.3,35.8,5.85,9.3,0.139,23,11,21.93,1,0
NMR-506933,Soldier,Colony-A,42.1,86,0.248,33.3,17.5,7.24,14.43,0.174,26,5,13.21,0,0
NMR-508798,Breeder,Colony-B,45.0,39,0.287,31.4,16.5,7.25,11.93,0.506,23,12,12.7,0,0
NMR-505127,Worker,Colony-B,27.8,40,0.451,32.7,16.3,6.47,9.34,0.197,17,14,17.55,0,1
NMR-508904,Breeder,Colony-D,31.1,37,0.296,32.0,27.7,5.38,1.6,0.468,22,11,23.55,1,1
NMR-500587,Soldier,Colony-A,34.9,39,0.291,32.1,17.1,7.62,13.95,0.424,25,10,21.49,0,0
NMR-503774,Soldier,Colony-D,27.2,59,0.282,30.7,29.5,7.37,9.94,0.334,17,15,17.48,0,0
NMR-504133,Breeder,Colony-A,44.2,41,0.327,31.3,10.3,5.1,7.0,0.457,29,7,14.97,0,0
NMR-500841,Worker,Colony-C,30.3,41,0.195,31.9,12.5,7.97,13.68,0.458,24,11,25.69,1,1
NMR-500513,Worker,Colony-E,27.3,50,0.411,31.0,20.0,7.04,16.65,0.306,31,9,23.0,0,0
NMR-503075,Worker,Colony-D,25.5,176,0.163,31.7,16.9,6.07,20.39,0.285,22,12,17.34,1,0
NMR-500838,Worker,Colony-D,37.5,37,0.223,30.8,21.5,6.9,19.64,0.311,25,8,22.46,1,0
NMR-502845,Worker,Colony-C,30.0,43,0.192,30.7,13.7,4.78,12.85,0.588,35,13,12.93,0,0
NMR-505908,Worker,Colony-A,20.9,75,0.552,31.7,10.8,5.9,23.21,0.122,28,11,17.25,0,0
NMR-505954,Breeder,Colony-C,44.2,78,0.302,32.5,22.3,6.39,4.64,0.335,21,14,17.51,0,1
NMR-507125,Worker,Colony-B,32.9,101,0.189,31.1,10.3,5.36,13.06,0.232,32,15,24.36,0,0
NMR-505952,Worker,Colony-E,28.8,38,0.285,32.8,15.2,8.84,6.61,0.312,28,11,28.74,1,0
NMR-508810,Worker,Colony-A,30.0,34,0.309,32.3,17.6,7.68,13.8,0.42,26,14,21.07,0,1
NMR-504840,Soldier,Colony-C,32.9,152,0.382,32.2,23.7,7.23,9.21,0.134,18,9,16.99,0,1
NMR-507832,Soldier,Colony-B,29.7,60,0.186,33.3,11.9,6.68,9.39,0.317,19,7,17.4,0,0
NMR-509656,Breeder,Colony-E,34.9,75,0.204,32.5,20.0,7.76,7.33,0.315,20,13,14.75,0,1
NMR-503205,Worker,Colony-B,40.5,51,0.176,32.0,14.9,4.7,12.37,0.13,20,8,16.98,1,1
NMR-500259,Worker,Colony-A,29.1,142,0.271,32.3,15.7,8.58,22.43,0.175,22,5,22.57,0,1
NMR-506094,Soldier,Colony-E,43.6,43,0.238,32.6,17.6,4.32,6.32,0.242,26,10,17.53,1,1
NMR-502342,Worker,Colony-E,38.8,45,0.27,32.9,13.7,6.79,7.93,0.413,27,9,20.28,1,1
NMR-507952,Breeder,Colony-E,45.9,55,0.429,31.8,21.7,7.41,10.49,0.315,32,7,23.04,1,1
NMR-505267,Worker,Colony-A,36.6,44,0.177,32.8,21.5,6.52,9.56,0.255,31,10,19.96,0,0
NMR-509707,Worker,Colony-D,25.9,21,0.239,32.3,53.3,6.83,14.42,0.434,22,10,16.81,1,1
NMR-502595,Worker,Colony-E,30.2,62,0.248,32.6,20.7,4.97,17.18,0.028,27,7,17.21,0,1
NMR-504398,Worker,Colony-A,33.6,62,0.234,31.6,54.7,4.52,15.96,0.148,22,9,21.88,1,0
NMR-508519,Worker,Colony-C,24.8,156,0.274,32.1,18.2,7.07,14.63,0.098,24,10,18.28,1,1
NMR-508571,Soldier,Colony-A,27.3,84,0.259,32.2,22.4,6.71,16.81,0.484,14,9,19.31,1,1
NMR-508655,Worker,Colony-E,29.4,54,0.19,32.9,8.7,5.96,9.36,0.316,31,20,17.15,0,1
NMR-502327,Worker,Colony-D,32.6,49,0.252,31.7,12.8,6.62,11.01,0.437,20,13,20.27,0,0
NMR-501070,Breeder,Colony-C,39.6,66,0.332,32.6,35.6,7.35,20.27,0.244,34,13,22.01,1,1
NMR-500821,Worker,Colony-A,36.9,38,0.364,32.7,13.8,6.79,8.5,0.28,14,11,16.94,0,1
NMR-500658,Soldier,Colony-B,36.1,92,0.484,32.4,22.4,5.79,4.91,0.341,25,11,21.08,0,0
NMR-500071,Worker,Colony-B,36.9,15,0.262,32.6,21.6,7.41,8.49,0.237,22,19,16.25,1,0
NMR-503396,Worker,Colony-A,30.6,15,0.19,32.3,18.5,7.17,16.0,0.196,16,8,21.27,1,0
NMR-505715,Soldier,Colony-B,30.9,100,0.421,32.7,18.9,5.04,19.66,0.371,30,12,22.57,0,0
NMR-509249,Worker,Colony-E,32.0,25,0.307,33.6,24.6,5.89,6.84,0.137,16,8,21.13,1,1
NMR-502605,Soldier,Colony-D,45.1,64,0.166,33.1,30.6,7.17,11.68,0.14,25,12,19.22,1,1
NMR-506551,Worker,Colony-B,27.5,48,0.215,31.0,19.4,7.41,12.14,0.455,24,12,22.98,1,0
NMR-509388,Worker,Colony-E,29.8,50,0.28,32.6,23.7,6.3,13.45,0.055,32,5,15.55,1,0
NMR-508506,Worker,Colony-B,28.3,87,0.22,32.0,7.3,8.22,13.16,0.442,30,9,16.59,0,1
NMR-508136,Soldier,Colony-E,39.5,106,0.325,31.9,28.7,7.15,10.25,0.362,26,9,13.07,1,1
NMR-508835,Soldier,Colony-C,30.7,47,0.143,33.0,23.2,8.45,7.98,0.247,23,9,19.92,0,0
NMR-506425,Soldier,Colony-C,31.4,55,0.241,29.9,13.7,4.03,7.87,0.264,23,11,14.96,0,0
NMR-509852,Soldier,Colony-A,38.6,42,0.513,32.2,12.3,6.21,9.78,0.415,19,11,22.11,0,1
NMR-504543,Worker,Colony-C,30.7,102,0.253,31.8,24.0,5.19,7.51,0.688,16,16,16.0,0,0
NMR-501111,Worker,Colony-D,25.9,54,0.247,31.8,4.0,7.91,10.17,0.361,23,7,20.6,1,0
NMR-501084,Worker,Colony-E,36.9,35,0.244,32.8,18.7,7.0,19.83,0.245,15,4,24.76,0,0
NMR-501691,Worker,Colony-B,25.0,75,0.128,32.7,14.2,5.73,10.2,0.225,20,10,25.57,1,0
NMR-504486,Breeder,Colony-D,40.3,52,0.335,31.8,31.6,6.85,8.8,0.361,24,9,19.19,1,1
NMR-509280,Worker,Colony-D,34.9,34,0.242,33.2,32.7,4.96,12.33,0.105,20,13,15.49,0,1
NMR-506125,Soldier,Colony-C,41.1,36,0.201,31.6,15.5,6.53,10.21,0.252,24,8,21.12,1,1
NMR-503911,Breeder,Colony-E,40.4,79,0.16,32.4,17.6,6.58,15.23,0.324,20,8,21.13,0,0
NMR-506835,Worker,Colony-C,30.4,56,0.447,32.0,29.4,8.58,7.69,0.1,19,5,19.19,0,1
NMR-508142,Worker,Colony-D,26.4,46,0.245,32.1,40.9,7.13,17.52,0.322,19,15,21.59,1,1
NMR-507430,Breeder,Colony-E,43.6,96,0.186,31.2,13.1,6.04,2.76,0.172,32,8,16.93,0,0
NMR-506122,Soldier,Colony-E,33.4,38,0.353,31.8,20.2,5.82,2.98,0.228,22,12,14.68,0,0
NMR-501997,Soldier,Colony-D,34.2,55,0.253,30.9,31.2,6.98,7.08,0.092,24,12,22.31,1,0
NMR-509493,Soldier,Colony-A,43.6,31,0.293,32.2,23.4,8.18,40.85,0.074,29,18,21.17,0,0
NMR-509982,Queen,Colony-B,50.1,64,0.165,32.4,8.1,4.49,0.0,0.143,24,10,17.41,1,1
NMR-509738,Worker,Colony-E,29.5,37,0.159,32.3,36.5,5.58,10.0,0.279,20,11,23.6,1,1
NMR-500301,Soldier,Colony-D,34.2,38,0.16,32.1,11.5,7.75,9.92,0.233,24,11,17.54,0,0
NMR-504674,Worker,Colony-C,26.6,89,0.135,32.7,22.3,6.11,14.77,0.351,28,8,18.5,1,0
NMR-506837,Worker,Colony-A,30.6,51,0.207,30.9,14.2,7.37,20.72,0.502,24,10,11.47,0,1
NMR-509441,Worker,Colony-E,27.1,53,0.247,32.4,22.3,6.72,14.49,0.149,21,16,27.65,1,1
NMR-505107,Worker,Colony-C,31.7,61,0.132,31.6,18.0,8.36,9.4,0.168,24,15,18.45,0,1
NMR-507883,Breeder,Colony-B,37.9,44,0.315,33.1,15.2,5.63,4.28,0.641,24,6,22.07,1,0
NMR-504503,Soldier,Colony-B,37.5,46,0.237,32.1,6.1,6.42,8.68,0.236,25,9,17.77,0,1
NMR-505569,Breeder,Colony-C,44.3,103,0.209,33.6,13.7,7.03,2.99,0.135,24,8,17.61,0,0
NMR-507742,Worker,Colony-E,24.2,60,0.167,31.9,15.1,8.18,10.93,0.271,26,11,22.3,1,1
NMR-503826,Worker,Colony-A,32.9,26,0.34,32.1,19.9,6.1,19.1,0.171,25,9,26.59,0,1
NMR-506516,Queen,Colony-B,45.6,124,0.167,33.7,19.5,5.32,2.94,0.154,22,13,13.86,1,0
NMR-507668,Soldier,Colony-E,22.7,45,0.194,31.7,17.5,7.4,7.16,0.048,22,8,21.1,1,1
NMR-500237,Soldier,Colony-E,43.1,43,0.143,32.8,14.4,5.2,6.89,0.251,29,12,24.95,1,1
NMR-509488,Worker,Colony-D,33.2,44,0.316,32.6,17.4,7.14,7.14,0.165,18,7,19.87,0,1
NMR-507973,Worker,Colony-E,21.9,23,0.216,32.4,24.5,6.54,8.67,0.512,17,10,17.31,1,1
NMR-509447,Queen,Colony-D,44.5,41,0.127,32.2,22.8,6.52,-0.28,0.297,22,15,18.16,1,1
NMR-501064,Worker,Colony-D,31.4,50,0.226,31.2,23.4,6.64,15.1,0.244,30,14,15.38,1,1
NMR-504605,Worker,Colony-D,33.9,52,0.196,31.9,7.7,5.57,13.49,0.169,22,19,23.0,0,1
NMR-509037,Worker,Colony-D,32.8,45,0.374,31.5,12.8,5.71,13.9,0.39,18,14,14.35,0,1
NMR-504686,Worker,Colony-D,40.4,52,0.371,32.5,16.1,8.63,7.8,0.31,23,14,23.94,0,0
NMR-509864,Soldier,Colony-A,35.8,83,0.228,32.7,17.4,6.96,8.88,0.256,26,10,21.91,0,0
NMR-508472,Worker,Colony-E,28.8,36,0.143,32.0,26.0,8.27,20.0,0.268,21,14,19.92,1,0
NMR-504120,Worker,Colony-E,26.3,36,0.2,32.8,18.8,7.67,12.93,0.332,28,9,16.52,0,0
NMR-504936,Soldier,Colony-D,33.8,40,0.213,32.8,20.7,6.47,4.07,0.483,20,6,19.46,0,0
NMR-507288,Worker,Colony-D,33.1,32,0.251,31.9,14.9,6.67,6.92,0.623,16,8,23.81,1,1
NMR-505086,Soldier,Colony-A,38.6,48,0.296,31.8,26.6,6.42,9.86,0.366,28,12,23.7,1,1
NMR-503544,Worker,Colony-D,35.5,55,0.235,31.4,8.6,6.59,11.67,0.22,26,12,22.91,0,1
NMR-503691,Worker,Colony-E,26.3,40,0.324,32.1,17.0,7.12,10.58,0.388,28,12,20.86,1,1
NMR-508694,Worker,Colony-D,31.8,72,0.37,31.0,20.7,7.76,14.71,0.158,19,11,20.33,0,1
NMR-503062,Worker,Colony-E,30.6,63,0.207,31.8,22.8,7.53,12.99,0.254,21,14,21.76,1,1
NMR-507293,Worker,Colony-E,21.2,59,0.21,32.3,20.9,5.98,8.9,0.341,23,8,19.73,1,0
NMR-504652,Breeder,Colony-B,40.7,46,0.203,32.7,37.6,4.21,15.33,0.345,30,10,15.11,1,1
NMR-506352,Soldier,Colony-A,34.4,35,0.338,31.6,20.0,5.75,5.95,0.338,29,8,26.3,1,1
NMR-501446,Soldier,Colony-A,43.0,116,0.326,33.1,13.5,6.03,16.14,0.137,26,14,23.76,1,0
NMR-500279,Worker,Colony-D,30.1,62,0.328,32.4,21.5,5.71,27.27,0.417,24,12,19.06,1,1
NMR-507657,Breeder,Colony-C,37.6,56,0.256,32.8,29.9,6.07,14.36,0.165,20,12,21.2,1,0
NMR-501243,Breeder,Colony-B,28.5,92,0.222,32.8,12.3,8.71,5.37,0.315,19,11,15.42,0,1
NMR-503590,Soldier,Colony-D,35.3,38,0.176,33.0,8.2,9.25,7.67,0.309,26,12,22.94,1,0
NMR-503351,Worker,Colony-C,41.9,54,0.223,31.4,33.2,7.95,12.36,0.297,23,10,17.05,1,1
NMR-502139,Breeder,Colony-A,37.8,51,0.298,32.5,22.0,5.43,1.31,0.374,16,15,16.14,0,1
NMR-509554,Breeder,Colony-E,32.7,56,0.342,32.7,19.5,6.37,2.58,0.231,27,7,15.95,0,1
NMR-501816,Worker,Colony-E,26.1,50,0.252,31.1,47.4,4.72,10.34,0.24,21,16,22.46,1,0
NMR-508737,Worker,Colony-A,38.9,85,0.172,31.1,22.2,6.95,11.06,0.225,22,7,20.84,0,1
NMR-505119,Soldier,Colony-C,35.0,51,0.17,31.7,8.5,7.37,20.05,0.537,17,5,18.61,0,1
NMR-504295,Worker,Colony-D,26.0,41,0.211,32.7,26.4,7.97,11.37,0.168,31,13,19.03,1,0
NMR-509674,Worker,Colony-B,26.3,36,0.19,31.3,20.9,7.21,6.79,0.373,22,13,21.76,0,0
NMR-506790,Breeder,Colony-C,43.4,43,0.216,29.5,36.3,7.23,3.29,0.624,25,8,15.99,1,0
NMR-506204,Breeder,Colony-B,25.3,69,0.226,31.3,9.1,5.98,5.37,0.234,32,8,18.67,0,0
NMR-502128,Soldier,Colony-B,36.7,51,0.237,32.0,17.4,9.02,4.53,0.212,19,9,17.94,0,1
NMR-505075,Worker,Colony-C,26.6,121,0.247,32.2,16.6,6.42,12.14,0.378,21,7,21.75,1,1
NMR-505661,Queen,Colony-D,43.7,47,0.269,33.6,12.6,8.55,11.26,0.198,29,13,14.47,0,0
NMR-509531,Worker,Colony-A,27.7,106,0.237,33.2,13.0,7.92,11.31,0.195,25,8,20.5,0,1
NMR-500688,Worker,Colony-D,35.6,47,0.166,31.8,13.5,6.22,7.27,0.346,24,12,17.17,0,1
NMR-502275,Breeder,Colony-A,35.0,129,0.375,31.1,40.9,7.87,9.35,0.546,33,7,24.04,0,1
NMR-504895,Breeder,Colony-E,36.6,76,0.238,33.2,26.2,4.87,15.48,0.57,22,11,18.81,1,0
NMR-505063,Worker,Colony-B,35.7,80,0.198,33.1,15.1,6.9,12.43,0.389,28,4,25.35,1,0
NMR-506103,Worker,Colony-E,19.7,53,0.158,31.5,35.6,8.46,16.02,0.242,34,9,21.37,1,0
NMR-508976,Soldier,Colony-E,44.2,48,0.339,32.2,10.2,6.84,5.9,0.095,24,18,19.05,0,0
NMR-500612,Worker,Colony-E,26.6,98,0.216,32.6,69.8,9.55,8.76,0.244,29,10,11.52,1,1
NMR-501424,Worker,Colony-C,24.6,194,0.239,32.3,27.6,6.62,18.12,0.25,22,10,25.17,1,0
NMR-504875,Breeder,Colony-D,34.7,56,0.176,32.2,28.7,7.63,4.1,0.294,20,8,14.68,1,1
NMR-500604,Breeder,Colony-A,43.3,92,0.287,31.2,36.1,6.96,0.81,0.463,16,12,23.73,1,0
NMR-506476,Soldier,Colony-B,28.4,68,0.213,33.0,15.2,8.84,12.72,0.182,21,10,18.64,1,1
NMR-502500,Worker,Colony-D,39.5,74,0.199,32.8,14.2,5.44,7.59,0.347,23,5,22.44,1,0
NMR-502032,Worker,Colony-B,33.2,50,0.269,32.8,34.0,6.69,11.97,0.186,27,12,20.99,1,1
NMR-507906,Soldier,Colony-E,42.3,80,0.151,32.1,14.9,6.01,5.01,0.364,21,15,17.83,0,1
NMR-502634,Breeder,Colony-C,35.5,45,0.263,33.7,28.1,6.86,6.58,0.266,24,5,20.74,1,1
NMR-501602,Worker,Colony-C,26.8,128,0.164,32.3,21.9,5.14,12.64,0.73,22,7,16.73,1,0
NMR-503833,Soldier,Colony-C,39.6,49,0.203,31.5,23.5,7.42,13.05,0.242,19,12,20.48,1,0
NMR-501731,Soldier,Colony-E,30.5,52,0.251,31.4,14.5,4.56,11.57,0.61,24,15,18.88,0,0
NMR-508034,Soldier,Colony-E,28.0,60,0.191,31.5,21.8,6.45,15.8,0.27,22,12,17.48,1,1
NMR-508095,Breeder,Colony-A,36.9,67,0.396,32.3,22.0,5.39,14.79,0.119,23,14,13.84,0,1
NMR-501724,Soldier,Colony-E,39.3,78,0.177,33.0,14.6,4.64,15.45,0.354,20,9,22.82,1,0
NMR-502545,Worker,Colony-D,33.3,43,0.335,30.3,19.0,6.3,13.84,0.406,17,11,20.12,0,0
NMR-507371,Worker,Colony-D,34.1,84,0.187,32.7,15.4,7.4,10.36,0.323,19,12,17.74,0,1
NMR-507581,Soldier,Colony-A,35.4,41,0.374,32.7,18.9,6.8,8.17,0.411,30,13,26.83,1,1
NMR-504616,Breeder,Colony-A,41.9,67,0.129,32.1,15.2,6.97,13.77,0.159,32,14,15.71,1,0
NMR-503335,Breeder,Colony-B,35.0,44,0.247,32.4,23.1,7.35,1.65,0.572,20,7,15.84,0,1
NMR-505256,Breeder,Colony-E,43.0,60,0.241,31.6,29.6,6.4,4.06,0.366,30,12,19.22,1,1
NMR-504959,Worker,Colony-D,29.6,52,0.211,30.9,16.7,5.93,10.28,0.203,17,13,15.16,0,0
NMR-505656,Worker,Colony-E,37.8,31,0.275,32.9,12.5,5.81,14.12,0.459,22,11,19.28,1,1
NMR-500320,Worker,Colony-D,40.7,79,0.218,32.2,16.1,6.84,9.69,0.621,26,5,20.6,0,1
NMR-505816,Soldier,Colony-C,43.6,49,0.263,33.2,7.5,5.4,8.38,0.169,19,10,19.53,0,0
NMR-508030,Breeder,Colony-B,35.9,63,0.247,31.3,18.7,7.83,10.64,0.321,19,10,20.85,0,1
NMR-506414,Worker,Colony-E,41.9,49,0.187,32.1,10.1,8.15,15.94,0.411,22,7,25.64,1,0
NMR-504662,Worker,Colony-E,27.0,19,0.201,31.1,16.8,7.05,14.97,0.215,20,9,21.96,1,0
NMR-505238,Soldier,Colony-A,37.9,54,0.172,30.1,15.4,5.59,9.06,0.204,19,7,21.15,1,0
NMR-509512,Worker,Colony-C,28.7,153,0.154,30.7,16.2,6.44,13.79,0.253,18,12,16.52,0,0
NMR-500137,Worker,Colony-E,31.3,38,0.185,32.2,23.8,8.16,11.83,0.18,16,13,15.32,1,1
NMR-503997,Worker,Colony-D,26.5,49,0.159,31.6,19.8,6.03,13.37,0.298,17,15,14.46,1,1
NMR-501200,Soldier,Colony-B,37.1,21,0.153,33.2,35.1,7.7,10.19,0.426,26,18,22.78,1,0
NMR-502576,Breeder,Colony-D,40.9,54,0.499,31.8,14.8,7.42,10.0,0.265,25,8,22.28,0,0
NMR-505505,Soldier,Colony-A,33.4,47,0.216,32.9,23.2,5.94,9.24,0.17,18,11,17.03,1,1
NMR-502665,Worker,Colony-D,30.6,62,0.281,32.3,24.5,7.28,13.55,0.333,34,13,18.2,1,1
NMR-500436,Worker,Colony-B,25.5,38,0.229,34.0,8.4,7.19,13.39,0.351,29,11,19.11,0,0
NMR-506024,Worker,Colony-D,23.9,55,0.176,32.8,69.8,5.85,12.67,0.152,21,11,22.41,1,0
NMR-506854,Breeder,Colony-B,28.9,42,0.153,30.7,35.8,5.41,4.2,0.433,21,8,22.82,1,0
NMR-506537,Soldier,Colony-D,32.8,90,0.162,32.5,18.2,7.91,9.09,0.161,24,12,17.59,1,1
NMR-509362,Soldier,Colony-E,35.3,36,0.143,32.9,14.8,5.84,7.79,0.518,18,13,19.45,1,1
NMR-500227,Worker,Colony-B,27.3,62,0.149,32.4,17.0,6.3,7.3,0.297,24,19,24.63,1,1
NMR-509877,Soldier,Colony-C,40.7,33,0.272,32.2,48.4,6.15,13.88,0.362,36,13,13.94,0,1
NMR-503595,Worker,Colony-B,29.7,45,0.214,30.5,6.8,6.94,8.84,0.411,23,14,18.29,0,0
NMR-502076,Soldier,Colony-E,34.3,82,0.25,31.9,13.9,7.85,6.73,0.168,23,12,21.07,1,1
NMR-505701,Soldier,Colony-E,45.8,51,0.222,31.2,15.3,7.72,16.57,0.137,29,10,20.06,1,0
NMR-506391,Queen,Colony-B,43.6,65,0.171,32.1,18.0,8.18,8.41,0.391,24,6,15.0,0,1
NMR-504230,Worker,Colony-C,17.1,54,0.255,31.7,9.3,7.46,10.27,0.139,21,12,24.19,0,0
NMR-509806,Soldier,Colony-D,31.2,45,0.156,32.3,24.6,6.78,4.58,0.466,17,8,16.96,0,1
NMR-502526,Worker,Colony-E,33.2,42,0.205,32.2,17.0,6.45,18.14,0.188,21,9,27.66,1,1
NMR-502863,Soldier,Colony-B,37.4,21,0.225,32.3,15.3,8.58,5.24,0.164,21,5,17.35,0,0
NMR-505473,Worker,Colony-D,30.9,55,0.149,31.2,21.5,6.34,11.96,0.475,22,8,15.59,0,0
NMR-505571,Worker,Colony-E,34.2,61,0.347,33.3,19.6,4.84,13.25,0.258,20,8,14.68,0,0
NMR-506392,Worker,Colony-B,30.6,56,0.389,32.3,26.1,6.29,9.54,0.23,28,7,15.18,0,1
NMR-504661,Worker,Colony-A,30.0,55,0.334,31.9,16.1,4.81,12.06,0.286,23,14,21.94,0,1
NMR-505616,Breeder,Colony-E,33.1,189,0.214,32.3,17.5,7.12,8.41,0.431,21,9,22.75,1,1
NMR-509486,Worker,Colony-A,30.3,114,0.193,31.9,35.1,7.31,10.46,0.182,16,11,22.14,1,1
NMR-504409,Worker,Colony-C,27.1,17,0.195,32.6,21.1,6.63,9.84,0.294,20,10,20.81,1,1
NMR-507085,Worker,Colony-B,30.0,52,0.133,33.5,15.5,4.9,31.33,0.18,19,14,21.21,1,0
NMR-500421,Queen,Colony-D,47.2,63,0.325,33.2,16.3,6.26,7.37,0.31,25,10,18.14,0,0
NMR-508022,Worker,Colony-D,31.9,54,0.186,31.6,17.8,6.73,21.42,0.351,26,10,10.03,0,1
NMR-508507,Worker,Colony-A,40.4,48,0.437,32.5,20.3,6.56,20.42,0.392,29,10,17.38,0,1
NMR-501561,Worker,Colony-C,25.6,33,0.37,32.2,20.2,7.0,6.58,0.131,23,6,18.19,0,1
NMR-502037,Worker,Colony-E,36.3,43,0.401,32.2,13.1,7.22,49.92,0.496,19,4,18.44,0,1
NMR-501802,Soldier,Colony-D,32.3,42,0.18,32.4,12.4,6.04,18.77,0.384,24,15,22.26,0,1
NMR-506644,Worker,Colony-A,26.6,50,0.156,30.3,14.2,7.61,10.36,0.388,30,9,18.1,1,0
NMR-504174,Worker,Colony-D,25.8,101,0.3,32.3,28.0,5.79,14.33,0.096,31,11,17.2,0,1
NMR-502599,Breeder,Colony-B,33.9,63,0.441,32.2,33.5,6.79,2.33,0.327,31,14,20.66,0,1
NMR-501922,Worker,Colony-E,35.4,62,0.172,32.7,23.8,6.94,13.82,0.232,24,15,16.93,1,0
NMR-506608,Soldier,Colony-A,35.2,41,0.202,32.8,10.3,5.84,11.58,0.193,38,7,19.79,0,0
NMR-500426,Soldier,Colony-E,30.8,38,0.294,32.8,7.3,7.92,5.4,0.375,27,10,19.54,0,0
NMR-502876,Breeder,Colony-A,32.5,48,0.227,32.2,10.2,5.39,9.72,0.203,25,5,24.45,0,0
NMR-507460,Breeder,Colony-A,50.7,107,0.207,33.4,28.3,7.78,5.85,0.355,22,10,24.12,1,1
NMR-504170,Breeder,Colony-B,42.8,53,0.195,33.4,14.0,6.37,5.05,0.214,27,10,13.95,0,0
NMR-502466,Breeder,Colony-C,24.1,26,0.199,31.2,16.9,6.57,2.13,0.146,19,10,20.77,1,0
NMR-502297,Worker,Colony-C,27.8,49,0.389,31.4,30.7,6.41,10.85,0.649,26,8,16.23,0,0
NMR-504787,Worker,Colony-C,34.4,89,0.244,32.1,20.0,6.64,15.94,0.221,29,7,19.44,0,0
NMR-503743,Worker,Colony-D,29.4,27,0.39,30.6,28.1,6.0,12.41,0.463,29,7,16.5,0,0
NMR-500460,Worker,Colony-C,39.4,47,0.251,33.8,28.6,6.25,7.87,0.214,30,6,23.52,1,1
NMR-505096,Worker,Colony-E,32.8,51,0.192,31.2,14.9,6.85,24.63,0.247,18,11,19.61,1,0
NMR-508660,Soldier,Colony-A,33.0,137,0.408,31.8,15.4,5.37,5.04,0.629,27,14,12.73,0,0
NMR-504773,Worker,Colony-E,29.7,53,0.258,33.1,22.0,7.64,17.29,0.228,24,10,24.92,1,0
NMR-508284,Soldier,Colony-D,24.5,115,0.192,33.4,38.5,7.68,14.67,0.3,22,17,14.39,1,1
NMR-502475,Soldier,Colony-C,26.9,49,0.211,32.2,16.0,5.76,5.05,0.293,23,12,19.89,1,1
NMR-509904,Breeder,Colony-E,28.9,43,0.442,31.9,31.6,7.05,5.76,0.262,24,11,24.68,1,0
NMR-503815,Soldier,Colony-B,32.2,44,0.34,32.6,9.5,6.41,17.97,0.133,20,14,26.18,0,1
NMR-502429,Breeder,Colony-E,41.0,133,0.129,30.8,21.1,7.35,5.92,0.03,27,10,16.25,1,1
NMR-509696,Breeder,Colony-B,51.8,86,0.169,31.5,24.7,5.77,1.53,0.446,23,7,23.9,1,0
NMR-502459,Breeder,Colony-B,47.1,15,0.427,31.3,21.2,5.37,6.4,0.427,15,13,21.21,1,1
NMR-506894,Worker,Colony-B,22.8,38,0.222,30.4,16.8,6.7,25.57,0.167,19,9,15.25,0,0
NMR-505295,Soldier,Colony-A,40.7,140,0.295,33.4,20.7,6.0,13.24,0.222,26,16,26.05,1,0
NMR-509168,Soldier,Colony-A,48.7,103,0.261,32.1,8.9,7.46,3.98,0.241,30,8,19.24,0,1
NMR-501667,Breeder,Colony-A,45.5,68,0.211,30.8,8.5,6.28,10.52,0.401,29,16,20.24,1,0
NMR-500014,Worker,Colony-C,28.9,37,0.163,31.5,12.6,5.02,11.9,0.151,33,6,18.89,1,1
NMR-506937,Worker,Colony-C,30.7,30,0.141,33.5,16.8,7.24,9.02,0.211,25,9,16.74,0,0
NMR-500183,Soldier,Colony-D,41.8,115,0.219,33.8,25.6,8.26,7.42,0.107,29,14,20.35,0,1
NMR-501123,Queen,Colony-D,35.8,66,0.171,32.8,28.6,6.22,0.09,0.235,23,14,15.28,1,1
NMR-505331,Worker,Colony-B,35.9,19,0.341,32.4,37.3,4.98,11.22,0.297,24,8,13.11,0,1
NMR-501233,Worker,Colony-D,33.8,32,0.196,30.6,19.5,7.81,7.97,0.21,32,10,19.6,0,0
NMR-503086,Worker,Colony-D,26.2,85,0.164,33.1,29.5,7.35,12.96,0.445,29,7,21.22,1,1
NMR-501758,Worker,Colony-C,37.1,95,0.192,30.1,9.3,8.03,11.46,0.4,25,13,18.0,0,0
NMR-500249,Worker,Colony-C,28.2,80,0.306,32.2,8.0,7.9,25.22,0.406,19,11,25.15,0,1
NMR-501417,Soldier,Colony-E,27.6,48,0.205,32.0,27.5,6.45,14.47,0.334,18,13,23.08,1,1
NMR-508113,Worker,Colony-E,25.8,62,0.414,32.5,10.2,6.4,13.05,0.395,24,12,20.94,0,1
NMR-504163,Soldier,Colony-E,40.2,43,0.248,33.3,17.9,6.25,14.83,0.222,26,6,21.99,1,0
NMR-504041,Worker,Colony-B,26.4,29,0.372,30.9,9.8,7.22,11.19,0.231,17,13,15.75,0,0
NMR-507258,Worker,Colony-E,23.3,67,0.198,31.5,8.2,7.25,9.5,0.254,21,7,20.45,0,0
NMR-507044,Worker,Colony-A,35.1,39,0.344,32.3,10.1,6.33,10.05,0.279,20,9,20.25,1,1
NMR-506355,Breeder,Colony-B,39.7,45,0.31,32.8,12.4,5.81,1.24,0.145,21,9,14.65,0,1
NMR-507874,Worker,Colony-A,35.6,32,0.307,32.7,46.9,5.77,10.55,0.403,26,9,18.15,1,1
NMR-508449,Worker,Colony-D,37.1,70,0.288,30.9,7.6,5.62,11.14,0.223,18,11,20.14,0,0
NMR-504728,Breeder,Colony-B,37.5,84,0.182,32.7,26.2,7.17,5.42,0.36,24,14,18.78,0,0
NMR-505539,Soldier,Colony-E,39.7,79,0.128,33.1,14.1,7.38,55.31,0.302,28,9,21.28,1,1
NMR-500278,Soldier,Colony-C,30.1,153,0.236,31.5,36.7,8.44,9.84,0.2,19,17,21.95,1,1
NMR-504375,Queen,Colony-E,32.0,54,0.231,31.9,12.5,6.39,-4.14,0.198,29,9,18.45,0,1
NMR-506919,Soldier,Colony-E,38.5,93,0.228,32.3,9.8,7.11,4.68,0.352,22,10,19.22,1,1
NMR-500290,Worker,Colony-E,32.2,37,0.179,31.8,24.6,5.44,10.13,0.201,30,12,19.09,1,1
NMR-503378,Soldier,Colony-E,38.1,18,0.259,31.0,23.7,7.15,9.71,0.189,22,10,15.84,0,0
NMR-502963,Worker,Colony-C,24.8,45,0.258,31.9,10.8,7.33,9.3,0.122,15,11,18.72,0,0
NMR-501090,Soldier,Colony-D,35.7,52,0.141,31.5,21.5,7.14,15.3,0.142,27,11,22.98,1,1
NMR-502117,Soldier,Colony-D,33.3,88,0.16,31.7,9.8,8.23,10.46,0.344,21,14,17.89,0,1
NMR-507454,Worker,Colony-D,15.0,140,0.292,32.7,14.5,7.34,25.6,0.307,37,4,14.14,1,1
NMR-509359,Worker,Colony-D,25.2,179,0.254,31.0,23.0,7.21,9.06,0.544,20,12,14.7,0,0
NMR-507463,Worker,Colony-C,27.5,40,0.244,31.5,13.9,6.26,13.41,0.206,17,13,21.49,1,1
NMR-506001,Soldier,Colony-C,34.2,82,0.105,32.4,17.7,5.19,7.78,0.269,23,11,20.31,1,0
NMR-506064,Worker,Colony-B,34.2,26,0.193,32.1,14.7,7.57,21.39,0.365,27,17,20.26,1,0
NMR-503160,Queen,Colony-A,55.0,72,0.239,33.6,7.9,7.25,7.58,0.128,24,10,19.02,0,0
NMR-500293,Breeder,Colony-C,48.7,58,0.38,31.6,20.6,6.55,0.05,0.242,28,11,13.69,0,1
NMR-509431,Worker,Colony-D,31.6,73,0.232,32.2,33.6,8.47,7.98,0.257,21,8,15.02,1,1
NMR-508691,Breeder,Colony-A,38.6,29,0.219,33.9,17.6,7.04,7.32,0.138,32,13,24.89,1,0
NMR-509753,Worker,Colony-E,36.8,75,0.33,33.2,26.1,5.99,9.48,0.142,25,8,15.96,0,0
NMR-501638,Worker,Colony-C,19.4,57,0.18,32.4,17.1,6.44,9.22,0.205,20,8,21.99,1,1
NMR-501628,Worker,Colony-A,23.1,62,0.182,33.7,19.9,7.21,12.85,0.369,22,8,14.52,1,0
NMR-504689,Worker,Colony-C,27.3,63,0.192,30.7,18.4,4.9,23.16,0.388,30,6,22.69,1,0
NMR-506927,Soldier,Colony-B,34.7,106,0.231,32.9,23.9,6.54,3.63,0.219,18,13,23.6,1,0
NMR-506893,Soldier,Colony-A,30.5,36,0.33,31.2,22.4,6.66,7.86,0.267,21,9,19.89,1,0
NMR-509329,Worker,Colony-C,22.3,45,0.36,32.9,23.8,7.51,10.0,0.437,21,9,15.3,0,1
NMR-504225,Worker,Colony-A,20.9,53,0.488,33.7,15.1,6.97,10.58,0.209,14,10,16.59,0,0
NMR-508041,Worker,Colony-A,30.0,78,0.293,30.1,9.8,8.16,12.7,0.208,18,14,21.62,0,0
NMR-507353,Worker,Colony-E,29.6,18,0.245,32.5,8.4,8.43,7.72,0.208,22,9,15.33,0,0
NMR-507561,Soldier,Colony-E,17.2,33,0.312,32.6,23.0,6.28,7.55,0.237,23,14,18.13,1,1
NMR-509003,Worker,Colony-D,16.9,32,0.213,31.0,13.9,6.68,21.1,0.122,21,9,13.22,0,0
NMR-506529,Queen,Colony-B,35.2,68,0.383,32.3,16.5,6.31,3.69,0.295,17,11,26.04,0,1
NMR-504335,Worker,Colony-E,22.3,14,0.191,31.4,8.9,7.81,16.17,0.607,21,21,24.08,1,0
NMR-503673,Worker,Colony-A,27.3,48,0.29,32.9,17.3,7.52,24.37,0.137,28,9,19.68,1,0
NMR-502846,Worker,Colony-E,27.0,36,0.184,32.0,12.1,7.24,13.39,0.094,20,10,16.9,1,1
NMR-502796,Worker,Colony-B,26.4,191,0.321,32.3,28.4,4.52,9.26,0.448,24,10,20.85,0,0
NMR-505833,Worker,Colony-D,23.3,131,0.155,32.3,22.1,8.0,7.76,0.252,26,9,20.35,1,1
NMR-507627,Soldier,Colony-D,33.4,63,0.226,34.0,29.4,8.21,11.61,0.445,25,7,14.9,1,0
NMR-503302,Worker,Colony-A,29.1,35,0.194,32.5,19.3,7.39,14.28,0.449,20,10,20.13,0,1
NMR-502182,Soldier,Colony-E,42.3,42,0.27,33.1,23.3,6.23,8.83,0.342,27,8,11.95,0,0
NMR-503315,Worker,Colony-B,32.1,56,0.195,31.8,17.5,5.79,6.42,0.549,19,9,18.62,1,1
NMR-500206,Worker,Colony-E,30.3,68,0.163,33.0,32.8,6.43,12.06,0.269,18,17,22.18,1,1
NMR-503863,Worker,Colony-E,27.1,52,0.177,31.8,25.9,6.15,23.18,0.194,28,10,13.09,0,1
NMR-509155,Worker,Colony-C,28.1,110,0.229,32.4,16.4,8.25,8.84,0.333,19,13,14.61,0,1
NMR-506897,Worker,Colony-C,24.8,25,0.282,33.1,5.9,6.52,27.58,0.259,27,18,22.39,0,1
NMR-506362,Worker,Colony-C,28.4,55,0.395,32.3,27.9,5.46,15.83,0.076,24,10,11.08,0,0
NMR-504515,Worker,Colony-E,26.3,63,0.183,30.8,18.9,8.56,7.74,0.495,22,9,19.41,1,0
NMR-507870,Worker,Colony-A,37.4,52,0.32,33.8,24.0,6.93,13.86,0.471,22,16,21.22,1,0
NMR-508019,Soldier,Colony-C,35.0,131,0.243,32.6,18.9,6.38,4.15,0.356,24,15,19.66,1,1
NMR-503495,Soldier,Colony-C,25.1,108,0.23,32.3,15.0,6.88,12.52,0.545,24,19,18.42,0,0
NMR-509957,Worker,Colony-D,35.4,52,0.233,31.9,9.1,5.74,12.12,0.466,28,7,23.4,1,1
NMR-503473,Worker,Colony-B,21.4,25,0.194,32.5,25.8,8.21,10.11,0.115,23,13,14.54,0,0
NMR-504718,Breeder,Colony-D,43.1,65,0.248,31.6,20.1,8.89,3.11,0.197,27,11,18.51,1,1
NMR-507041,Soldier,Colony-B,39.1,138,0.278,32.8,19.5,6.34,14.95,0.684,25,12,24.68,1,0
NMR-509466,Breeder,Colony-E,38.9,13,0.174,32.1,6.9,5.44,8.67,0.1,27,12,23.87,0,1
NMR-508817,Worker,Colony-B,32.9,18,0.318,31.6,10.0,7.52,17.56,0.271,24,5,17.42,0,0
NMR-506089,Worker,Colony-C,31.5,106,0.157,32.4,12.8,5.54,10.01,0.112,26,8,21.08,1,0
NMR-503509,Worker,Colony-A,23.1,108,0.196,32.9,11.2,7.84,13.07,0.251,19,12,18.83,0,1
NMR-506805,Worker,Colony-A,33.7,74,0.383,31.8,24.1,8.04,25.06,0.232,26,18,15.39,1,1
NMR-506308,Worker,Colony-B,34.7,30,0.351,30.8,18.6,7.75,17.53,0.188,27,12,19.23,0,0
NMR-509568,Worker,Colony-D,30.7,80,0.234,31.3,26.3,7.61,17.19,0.374,23,11,23.47,1,1
NMR-504633,Soldier,Colony-E,34.4,57,0.276,33.0,24.3,6.85,20.0,0.429,22,10,16.26,0,0
NMR-505139,Worker,Colony-B,37.2,96,0.273,32.6,14.8,7.36,15.7,0.159,26,20,16.09,0,1
NMR-502873,Soldier,Colony-E,29.4,64,0.193,33.9,16.8,6.43,5.98,0.335,25,7,24.82,0,0
NMR-505639,Soldier,Colony-B,53.6,45,0.163,31.9,11.8,6.75,10.51,0.334,23,16,13.67,0,1
NMR-504994,Worker,Colony-C,33.4,67,0.331,33.5,14.7,5.89,41.2,0.167,22,10,14.78,0,0
NMR-503503,Worker,Colony-A,28.7,50,0.305,33.2,31.3,7.06,12.18,0.379,20,13,23.93,1,0
NMR-506778,Worker,Colony-B,35.2,31,0.189,32.8,14.9,6.77,10.18,0.465,23,5,19.43,1,1
NMR-508278,Queen,Colony-D,48.4,38,0.206,30.6,24.2,8.28,6.15,0.35,18,13,16.34,1,0
NMR-505670,Worker,Colony-C,18.6,80,0.251,30.2,21.6,8.6,10.23,0.529,20,11,19.54,1,0
NMR-500758,Worker,Colony-C,42.4,74,0.197,33.2,20.6,5.79,22.63,0.431,28,9,26.89,1,0
NMR-508646,Worker,Colony-D,33.1,101,0.249,33.1,17.1,4.72,9.43,0.48,21,8,22.34,1,0
NMR-501912,Soldier,Colony-E,31.4,56,0.243,32.9,13.0,6.91,7.1,0.104,25,19,19.62,0,1
NMR-506293,Worker,Colony-D,25.8,29,0.197,31.6,16.3,6.25,20.21,0.404,30,13,20.88,1,1
NMR-506941,Worker,Colony-E,32.6,39,0.227,31.6,7.6,9.51,11.53,0.223,26,7,19.51,0,0
NMR-503617,Worker,Colony-A,25.6,58,0.28,32.8,13.7,6.15,9.02,0.385,20,12,15.34,1,0
NMR-501050,Soldier,Colony-C,42.5,72,0.168,30.9,27.5,6.34,5.62,0.695,19,13,16.47,1,0
NMR-501107,Worker,Colony-E,25.7,73,0.237,30.7,9.5,7.25,8.09,0.243,24,5,11.65,0,0
NMR-500893,Soldier,Colony-B,40.9,22,0.348,31.2,21.4,6.47,11.14,0.627,25,8,15.8,0,0
NMR-500761,Breeder,Colony-B,39.7,23,0.336,32.4,17.7,6.17,11.56,0.323,22,8,18.84,0,1
NMR-508238,Worker,Colony-B,29.7,80,0.352,32.3,23.5,4.55,21.86,0.229,27,10,17.14,1,0
NMR-504001,Queen,Colony-E,49.0,36,0.281,31.1,24.2,7.78,1.3,0.528,17,12,16.66,0,0
NMR-502360,Soldier,Colony-E,42.9,55,0.205,31.4,32.9,7.81,3.88,0.233,32,7,19.88,1,0
NMR-506400,Soldier,Colony-E,26.0,44,0.265,32.4,28.0,6.33,18.19,0.492,27,15,20.56,0,1
NMR-508932,Worker,Colony-D,15.8,86,0.205,31.4,19.8,8.38,9.32,0.2,17,11,16.87,1,1
NMR-507837,Breeder,Colony-A,41.0,88,0.274,33.5,8.3,6.41,23.76,0.209,29,9,21.67,0,0
NMR-500245,Worker,Colony-B,29.0,47,0.219,32.2,27.0,4.92,13.57,0.377,20,13,18.53,1,1
NMR-508487,Soldier,Colony-C,36.3,60,0.176,31.4,63.5,6.02,5.02,0.402,24,6,17.21,1,1
NMR-505841,Worker,Colony-C,31.8,41,0.136,32.4,17.0,6.45,15.11,0.231,22,11,15.34,0,1
NMR-502606,Worker,Colony-B,37.4,32,0.355,31.1,9.7,7.97,10.34,0.298,24,10,27.22,1,0
NMR-508795,Worker,Colony-A,31.5,30,0.167,31.9,13.1,7.18,14.11,0.494,22,11,20.62,1,1
NMR-502958,Soldier,Colony-C,37.3,62,0.304,31.4,14.1,7.82,5.46,0.512,21,12,24.57,1,1
NMR-502538,Worker,Colony-C,31.8,81,0.198,31.4,32.9,4.91,8.39,0.618,26,9,23.68,1,0
NMR-508605,Soldier,Colony-A,44.2,96,0.185,34.3,23.2,7.78,6.77,0.449,26,9,18.21,0,0
NMR-507802,Soldier,Colony-E,33.9,35,0.345,31.4,50.5,6.48,9.77,0.276,17,10,15.99,1,0
NMR-501716,Breeder,Colony-C,40.3,62,0.198,31.4,17.7,7.2,5.47,0.74,29,11,22.73,1,0
NMR-507092,Worker,Colony-C,28.2,50,0.206,32.8,20.7,5.48,18.61,0.249,25,12,13.88,0,1
NMR-501126,Soldier,Colony-A,35.2,124,0.248,31.7,21.9,7.27,16.59,0.306,20,12,18.77,1,1
NMR-509934,Worker,Colony-E,31.7,51,0.265,32.0,20.9,7.26,13.03,0.351,22,6,24.43,1,1
NMR-505060,Soldier,Colony-C,36.9,84,0.397,31.6,27.0,8.18,11.11,0.407,18,11,19.71,0,1
NMR-502523,Worker,Colony-B,33.0,126,0.324,31.7,35.8,7.03,18.25,0.332,26,8,16.47,1,0
NMR-508271,Breeder,Colony-C,42.9,55,0.227,32.0,12.4,7.11,2.23,0.555,21,15,21.58,1,1
NMR-505523,Soldier,Colony-A,32.9,74,0.27,32.4,22.4,6.84,14.46,0.125,21,10,23.0,1,1
NMR-508187,Worker,Colony-C,28.8,66,0.174,31.8,12.9,5.49,15.84,0.38,23,9,18.11,0,0
NMR-507667,Soldier,Colony-B,41.6,72,0.315,32.5,32.3,4.58,19.91,0.344,20,15,19.81,0,0
NMR-505619,Soldier,Colony-A,34.7,59,0.2,32.4,13.3,6.84,16.48,0.352,21,10,16.13,0,1
NMR-508953,Worker,Colony-D,18.1,82,0.276,33.1,38.8,8.72,14.01,0.142,19,14,23.64,1,1
NMR-506546,Worker,Colony-E,26.0,121,0.4,31.3,10.0,5.49,24.62,0.472,33,11,18.39,0,0
NMR-504774,Soldier,Colony-D,37.1,62,0.214,32.5,14.5,8.07,11.06,0.287,19,9,14.66,0,1
NMR-507132,Soldier,Colony-E,34.8,25,0.187,32.8,23.0,4.93,7.87,0.221,28,10,21.26,0,1
NMR-505886,Worker,Colony-B,32.8,27,0.212,32.0,16.7,6.0,11.31,0.213,26,16,23.17,0,1
NMR-504705,Worker,Colony-B,26.4,163,0.158,32.0,10.7,5.99,15.27,0.239,27,13,22.53,1,0
NMR-507177,Breeder,Colony-A,43.8,45,0.218,31.5,48.7,8.16,5.07,0.158,22,11,12.86,1,1
NMR-508431,Breeder,Colony-A,42.1,43,0.29,31.2,22.1,6.07,2.96,0.22,20,12,17.34,0,1
NMR-500944,Soldier,Colony-E,33.6,30,0.209,32.4,15.7,7.26,11.91,0.405,27,14,17.41,1,0
NMR-500427,Worker,Colony-C,28.8,51,0.215,31.9,16.5,6.9,17.51,0.375,33,18,18.02,1,1
NMR-506869,Soldier,Colony-A,29.9,127,0.163,31.2,9.8,6.29,8.37,0.362,19,19,14.18,0,0
NMR-502567,Soldier,Colony-A,27.1,158,0.236,31.6,14.8,10.15,10.13,0.271,19,13,16.13,1,1
NMR-504858,Soldier,Colony-C,45.5,41,0.105,32.7,8.5,7.47,12.39,0.119,30,14,19.9,0,0
NMR-505098,Soldier,Colony-D,39.7,83,0.167,35.3,17.7,7.6,4.99,0.432,15,16,19.34,1,1
NMR-506721,Soldier,Colony-E,34.4,31,0.289,32.3,20.9,6.24,16.77,0.768,23,16,16.24,0,1
NMR-504797,Worker,Colony-B,43.1,83,0.176,34.0,11.7,6.41,21.45,0.324,16,11,21.81,1,0
NMR-508553,Soldier,Colony-E,31.2,34,0.229,31.8,27.7,6.45,8.07,0.484,26,14,23.45,0,1
NMR-509752,Worker,Colony-C,34.1,32,0.372,33.9,10.9,8.98,7.11,0.369,21,14,18.36,0,0
NMR-500863,Worker,Colony-E,35.8,56,0.26,33.1,31.3,5.13,8.45,0.289,22,17,22.21,1,1
NMR-501309,Worker,Colony-D,43.2,194,0.217,31.9,20.1,4.86,22.68,0.296,24,12,21.58,1,0
NMR-508723,Worker,Colony-C,28.1,86,0.164,32.1,17.3,7.33,21.66,0.139,26,11,17.87,1,1
NMR-509087,Queen,Colony-E,37.6,56,0.373,33.2,37.6,7.36,3.62,0.223,21,10,14.37,1,0
NMR-500215,Worker,Colony-C,38.6,19,0.26,31.2,19.0,5.5,6.06,0.188,27,11,17.59,0,1
NMR-508188,Worker,Colony-D,34.7,33,0.299,32.2,25.3,4.8,10.71,0.203,21,12,17.6,0,1
NMR-508663,Worker,Colony-B,23.3,52,0.259,31.7,20.2,6.04,11.15,0.1,23,13,22.58,0,1
NMR-501889,Breeder,Colony-C,39.0,50,0.214,33.1,27.4,6.47,4.86,0.361,26,15,26.49,0,1
NMR-508291,Soldier,Colony-C,21.8,79,0.166,31.1,12.8,7.74,8.75,0.254,17,10,17.96,1,0
NMR-505411,Breeder,Colony-C,49.3,74,0.322,32.4,14.0,5.22,5.96,0.367,20,9,21.5,0,1
NMR-501366,Worker,Colony-B,31.8,58,0.193,32.0,8.0,7.28,11.05,0.395,26,10,18.33,0,1
NMR-507557,Breeder,Colony-E,38.2,22,0.15,31.2,20.4,7.9,3.99,0.16,22,9,20.63,1,0
NMR-506445,Worker,Colony-A,27.0,85,0.323,32.9,15.3,5.88,10.98,0.413,22,16,18.03,0,0
NMR-509929,Worker,Colony-A,22.2,42,0.311,32.8,20.5,6.89,10.5,0.217,22,16,17.75,0,1
NMR-505428,Soldier,Colony-C,35.6,44,0.227,33.5,20.6,7.53,5.97,0.32,25,10,14.16,0,0
NMR-505861,Soldier,Colony-B,33.2,122,0.186,32.1,48.6,7.54,7.09,0.338,28,15,19.32,1,1
NMR-506019,Worker,Colony-A,39.0,97,0.331,31.1,28.4,5.25,16.59,0.08,29,11,19.7,0,0
NMR-505737,Breeder,Colony-B,37.7,80,0.172,32.4,9.5,6.57,7.42,0.193,30,12,16.75,0,1
NMR-509165,Soldier,Colony-B,27.9,103,0.22,32.2,19.3,6.79,10.84,0.156,25,6,18.91,1,1
NMR-508877,Breeder,Colony-B,38.0,31,0.197,32.5,18.2,6.43,11.99,0.21,19,7,14.62,0,1
NMR-504173,Soldier,Colony-B,37.3,19,0.223,33.0,31.3,6.71,6.39,0.215,18,9,26.13,1,0
NMR-508183,Soldier,Colony-A,40.9,76,0.201,30.3,20.2,4.89,8.15,0.214,25,12,16.16,1,0
NMR-508837,Breeder,Colony-D,39.5,37,0.258,30.8,13.3,7.93,9.07,0.183,29,12,15.69,0,0
NMR-505257,Soldier,Colony-C,39.2,42,0.289,32.7,15.5,7.99,21.32,0.185,24,8,19.67,0,1
NMR-506824,Worker,Colony-E,20.1,50,0.289,32.4,21.6,8.4,12.24,0.525,18,12,23.02,0,1
NMR-502607,Breeder,Colony-E,52.4,71,0.201,32.6,26.7,8.93,6.47,0.232,26,14,19.45,1,1
NMR-508514,Breeder,Colony-E,44.5,37,0.389,33.4,21.9,6.77,6.04,0.404,23,11,22.22,1,0
NMR-508442,Worker,Colony-B,39.6,69,0.23,31.6,18.9,6.12,12.83,0.23,19,10,17.91,0,0
NMR-502582,Worker,Colony-A,27.6,85,0.214,32.6,9.1,5.4,24.32,0.361,27,8,23.79,0,0
NMR-501989,Soldier,Colony-A,33.9,42,0.296,30.8,15.7,7.44,10.39,0.109,19,11,19.14,1,0
NMR-505069,Soldier,Colony-C,35.3,60,0.273,31.8,18.2,5.52,15.57,0.264,26,16,21.94,1,1
NMR-502719,Worker,Colony-B,45.1,18,0.227,32.1,12.9,5.97,21.7,0.299,26,9,19.19,0,1
NMR-507397,Worker,Colony-A,27.2,78,0.226,32.1,20.7,7.22,10.92,0.454,21,9,15.66,1,0
NMR-504207,Worker,Colony-D,30.2,79,0.194,31.1,11.1,5.37,8.71,0.136,25,13,23.39,0,0
NMR-506855,Soldier,Colony-E,38.8,24,0.307,30.7,13.0,8.7,7.73,0.564,27,9,21.48,0,0
NMR-506207,Soldier,Colony-B,33.2,86,0.253,32.5,11.5,7.56,8.9,0.289,24,12,25.3,1,1
NMR-506646,Worker,Colony-B,27.9,107,0.24,30.5,13.7,8.37,12.11,0.229,26,12,19.26,0,1
NMR-504843,Queen,Colony-B,45.7,58,0.363,30.6,13.1,7.21,-1.58,0.252,23,12,19.99,0,0
NMR-503917,Worker,Colony-B,30.9,46,0.169,31.5,40.3,6.12,10.14,0.343,22,14,16.65,1,1
NMR-500163,Worker,Colony-E,32.9,26,0.215,32.2,33.1,5.95,8.67,0.451,25,11,22.55,1,1
NMR-503216,Worker,Colony-B,35.4,118,0.313,31.3,16.9,6.58,16.46,0.375,15,14,22.84,0,1
NMR-509538,Soldier,Colony-A,28.5,61,0.223,31.9,23.5,6.82,15.44,0.192,16,10,11.97,0,1
NMR-508193,Worker,Colony-D,34.0,23,0.218,33.3,19.1,7.96,9.83,0.113,33,5,22.46,1,0
NMR-507400,Worker,Colony-C,9.2,80,0.263,33.2,15.1,5.51,13.1,0.248,27,8,15.72,0,0
NMR-504374,Soldier,Colony-A,36.5,158,0.4,32.6,36.9,7.5,11.36,0.176,22,11,23.41,0,1
NMR-500572,Worker,Colony-A,40.6,63,0.17,34.0,11.9,7.72,10.73,0.136,27,8,22.95,1,0
NMR-504477,Soldier,Colony-E,33.2,141,0.286,33.5,14.5,7.04,6.02,0.528,38,14,18.64,0,0
NMR-509670,Worker,Colony-B,34.4,78,0.251,32.3,17.8,5.81,9.18,0.177,18,15,19.67,0,0
NMR-503838,Worker,Colony-D,36.8,33,0.199,32.6,35.6,7.04,24.02,0.178,30,10,17.24,1,1
NMR-503808,Worker,Colony-A,37.2,83,0.372,30.7,19.7,7.1,18.58,0.207,23,11,18.46,0,0
NMR-501689,Soldier,Colony-D,34.2,28,0.183,32.8,7.4,8.1,5.36,0.526,28,14,21.33,1,0
NMR-509444,Breeder,Colony-B,34.7,31,0.237,32.2,30.7,6.64,4.65,0.428,28,11,22.87,0,1
NMR-503411,Soldier,Colony-D,35.0,64,0.425,31.6,19.0,6.87,7.9,0.077,21,6,15.86,0,1
NMR-505808,Worker,Colony-D,31.6,69,0.478,33.0,18.7,5.56,14.42,0.161,32,10,20.83,0,0
NMR-504211,Worker,Colony-C,23.7,22,0.237,32.1,15.3,6.2,15.0,0.157,27,14,15.11,0,1
NMR-500157,Worker,Colony-D,35.9,51,0.245,34.0,24.1,6.1,10.61,0.45,16,12,15.46,1,0
NMR-506009,Worker,Colony-D,39.9,70,0.27,31.0,22.8,6.27,11.72,0.48,26,5,22.58,1,0
NMR-509432,Worker,Colony-B,26.4,51,0.25,31.8,16.6,6.94,6.47,0.465,24,12,18.6,0,1
NMR-504672,Breeder,Colony-A,37.8,28,0.136,31.9,12.2,7.94,14.16,0.273,32,9,20.95,1,1
NMR-504121,Worker,Colony-D,18.2,60,0.285,32.8,19.6,7.49,17.63,0.487,32,16,20.32,0,1
NMR-500691,Worker,Colony-B,25.5,60,0.284,31.6,33.3,6.75,36.27,0.174,26,13,19.11,1,0
NMR-508777,Soldier,Colony-D,45.5,68,0.219,31.1,12.0,5.43,14.06,0.23,20,12,23.39,0,0
NMR-501009,Breeder,Colony-E,31.5,89,0.358,33.4,12.8,6.58,3.72,0.075,30,11,20.14,0,0
NMR-503369,Worker,Colony-E,32.3,51,0.264,32.1,32.9,6.28,15.63,0.215,31,10,20.7,1,1
NMR-509565,Worker,Colony-D,33.7,30,0.26,31.7,16.9,6.43,20.64,0.628,14,15,24.99,1,1
NMR-509882,Worker,Colony-C,37.6,64,0.132,30.8,12.6,6.58,7.22,0.279,36,11,16.95,0,0
NMR-500185,Soldier,Colony-A,32.6,28,0.345,33.0,24.0,6.72,11.28,0.525,22,6,13.31,0,1
NMR-501460,Worker,Colony-D,25.6,49,0.247,30.7,19.9,9.45,9.99,0.08,25,9,14.73,0,0
NMR-503229,Worker,Colony-A,27.2,59,0.212,31.8,48.9,6.13,21.21,0.267,27,8,17.47,1,1
NMR-502379,Worker,Colony-C,30.8,47,0.294,32.0,23.4,7.22,15.16,0.659,21,7,20.3,1,0
NMR-504069,Breeder,Colony-A,37.6,66,0.258,31.7,23.0,7.34,-0.47,0.215,25,13,19.97,0,1
NMR-501640,Worker,Colony-E,34.5,23,0.265,32.6,29.0,6.37,13.39,0.377,29,10,19.81,1,1
NMR-509830,Worker,Colony-A,20.8,37,0.188,30.5,9.3,8.22,30.06,0.252,30,11,14.52,0,0
NMR-501362,Worker,Colony-E,35.5,184,0.248,32.1,18.3,6.79,27.21,0.22,27,12,15.6,0,1
NMR-502737,Soldier,Colony-A,33.4,70,0.347,33.5,28.5,6.66,7.98,0.256,21,9,18.34,1,0
NMR-508296,Worker,Colony-B,29.7,63,0.284,31.7,10.1,6.72,11.23,0.234,25,8,19.6,0,1
NMR-502611,Soldier,Colony-E,25.1,62,0.258,32.7,18.1,6.5,6.25,0.461,17,7,22.21,1,0
NMR-503463,Soldier,Colony-C,34.0,29,0.424,30.9,7.8,7.62,8.82,0.579,27,12,20.8,0,0
NMR-505380,Worker,Colony-C,28.7,64,0.213,33.1,13.6,7.69,9.76,0.183,25,12,16.99,0,1
NMR-501990,Soldier,Colony-D,34.9,92,0.173,32.4,36.6,6.48,6.17,0.377,22,15,17.2,1,0
NMR-506280,Worker,Colony-E,37.6,42,0.326,31.2,28.4,6.71,8.54,0.492,25,8,16.01,0,1
NMR-500368,Soldier,Colony-E,32.7,36,0.237,31.7,25.8,6.67,3.04,0.652,28,9,17.72,0,0
NMR-501669,Soldier,Colony-C,30.0,81,0.255,32.1,14.6,5.8,12.54,0.697,18,14,18.12,1,0
NMR-502310,Soldier,Colony-C,35.2,30,0.167,33.7,11.0,8.38,13.1,0.088,23,15,13.56,0,0
NMR-503587,Worker,Colony-D,38.7,45,0.243,32.4,27.5,6.53,7.99,0.51,28,15,14.91,1,1
NMR-501499,Queen,Colony-C,43.0,138,0.248,33.0,43.1,8.31,-2.98,0.324,24,16,21.98,1,1
NMR-506343,Worker,Colony-C,31.4,80,0.18,32.4,16.0,7.16,12.85,0.075,21,4,19.22,1,1
NMR-503437,Soldier,Colony-B,40.5,126,0.255,31.9,10.7,9.03,19.37,0.155,26,4,16.97,0,1
NMR-508613,Worker,Colony-B,38.9,85,0.374,33.8,21.1,6.89,7.86,0.329,18,11,21.83,0,1
NMR-504456,Soldier,Colony-E,53.8,41,0.376,32.2,24.7,6.42,29.38,0.323,24,23,23.7,1,0
NMR-500921,Worker,Colony-E,37.2,32,0.308,32.4,15.0,8.04,11.65,0.181,37,7,21.5,0,0
NMR-506331,Worker,Colony-C,34.2,38,0.19,31.3,22.9,7.47,9.41,0.488,27,18,27.59,1,1
NMR-505482,Worker,Colony-B,34.7,97,0.383,31.2,19.5,6.17,10.4,0.2,28,14,20.88,0,1
NMR-506196,Soldier,Colony-E,37.2,48,0.144,32.2,12.5,6.24,5.87,0.815,26,15,18.63,1,1
NMR-500999,Soldier,Colony-D,31.5,39,0.203,32.1,12.8,5.89,19.58,0.396,23,14,16.81,0,1
NMR-509530,Worker,Colony-C,28.4,39,0.272,32.4,12.1,6.52,13.59,0.256,26,13,17.62,0,1
NMR-509481,Worker,Colony-C,31.6,43,0.12,31.8,15.8,7.77,10.85,0.169,29,9,15.81,0,1
NMR-505904,Breeder,Colony-C,39.4,71,0.33,34.1,23.9,4.54,5.88,0.278,30,19,21.52,1,0
NMR-505772,Worker,Colony-E,31.2,87,0.277,33.0,13.2,5.29,22.26,0.374,19,13,20.48,1,0
NMR-501533,Soldier,Colony-D,43.8,72,0.197,32.2,29.3,6.65,15.93,0.098,29,12,27.17,1,1
NMR-501459,Soldier,Colony-B,33.6,77,0.154,31.2,22.8,5.34,8.29,0.149,30,14,12.08,1,0
NMR-507079,Worker,Colony-D,24.8,40,0.221,31.9,16.4,7.23,16.5,0.332,27,15,18.49,0,1
NMR-501926,Worker,Colony-C,30.0,51,0.344,32.0,10.4,5.64,12.09,0.472,15,14,20.52,0,1
NMR-506991,Worker,Colony-D,33.8,66,0.248,32.0,15.7,7.09,12.84,0.271,21,8,26.33,1,1
NMR-503441,Worker,Colony-A,22.9,34,0.16,32.8,56.8,5.36,15.73,0.37,17,11,20.26,1,1
NMR-506105,Worker,Colony-D,23.1,35,0.269,32.2,9.7,8.18,11.97,0.352,18,13,25.01,1,1
NMR-502656,Worker,Colony-C,27.1,75,0.19,32.6,22.4,6.74,8.41,0.281,32,8,18.25,0,0
NMR-502042,Worker,Colony-A,24.3,51,0.37,32.2,30.0,9.28,14.4,0.098,21,9,23.26,1,1
NMR-503154,Worker,Colony-A,36.5,26,0.188,31.1,42.0,7.1,12.95,0.395,18,7,22.59,1,1
NMR-508560,Worker,Colony-D,37.8,79,0.178,31.8,12.2,8.01,21.5,0.276,31,13,22.14,1,1
NMR-503733,Breeder,Colony-E,53.3,81,0.157,31.5,11.1,8.63,10.09,0.172,25,12,23.82,1,1
NMR-506569,Worker,Colony-B,30.4,103,0.234,30.4,35.4,5.07,9.01,0.134,15,11,19.89,1,0
NMR-507721,Soldier,Colony-E,40.5,90,0.18,31.8,15.9,7.17,4.75,0.388,23,10,25.17,1,1
NMR-502977,Worker,Colony-D,42.8,45,0.196,33.9,12.2,6.9,20.58,0.421,21,8,22.89,1,0
NMR-508441,Soldier,Colony-A,32.9,68,0.282,30.7,19.8,2.32,11.97,0.342,19,15,23.88,1,0
NMR-506332,Worker,Colony-C,22.7,68,0.356,32.8,23.9,7.92,12.06,0.226,31,5,24.39,0,1
NMR-507229,Breeder,Colony-A,36.2,35,0.357,31.1,7.4,5.03,7.96,0.425,23,8,22.51,0,1
NMR-500487,Worker,Colony-E,28.6,45,0.259,32.0,46.9,6.37,32.3,0.254,25,13,14.28,1,1
NMR-501442,Worker,Colony-B,37.2,60,0.283,32.2,25.4,7.46,9.13,0.292,24,9,19.62,0,1
NMR-503081,Worker,Colony-D,28.5,51,0.315,31.8,12.4,7.37,6.97,0.333,15,9,16.69,0,1
NMR-507070,Worker,Colony-D,24.5,63,0.25,32.1,18.6,5.03,11.79,0.445,22,8,24.68,1,1
NMR-501441,Worker,Colony-D,24.7,49,0.252,31.6,13.4,8.07,9.81,0.502,32,10,24.15,0,0
NMR-502943,Worker,Colony-C,16.5,129,0.14,31.4,24.2,5.7,21.84,0.333,21,7,20.24,1,0
NMR-500833,Worker,Colony-B,27.4,177,0.304,31.5,7.9,6.37,15.35,0.159,22,14,19.42,0,0
NMR-508567,Soldier,Colony-B,32.8,96,0.37,30.3,19.1,7.76,5.58,0.358,26,13,20.01,0,1
NMR-503521,Soldier,Colony-B,30.0,66,0.19,31.8,17.4,8.19,5.55,0.447,25,12,20.49,0,1
NMR-506358,Worker,Colony-B,39.3,64,0.197,30.6,14.7,7.45,17.01,0.303,16,8,18.15,0,0
NMR-505291,Worker,Colony-B,30.6,45,0.348,32.5,19.0,6.93,10.36,0.458,19,11,18.39,0,1
NMR-509053,Worker,Colony-A,18.8,39,0.321,31.1,21.8,8.16,12.26,0.454,27,6,25.66,0,0
NMR-503314,Worker,Colony-D,42.7,82,0.281,31.9,19.5,4.99,26.57,0.121,28,14,16.84,0,1
NMR-502161,Queen,Colony-B,35.4,36,0.338,33.8,25.1,5.99,11.31,0.185,24,12,18.56,1,0
NMR-501163,Worker,Colony-D,25.5,139,0.215,32.7,44.4,6.1,14.15,0.479,12,12,16.73,1,0
NMR-502449,Soldier,Colony-C,46.7,32,0.274,34.2,8.6,5.36,20.46,0.226,42,12,18.94,0,1
NMR-509987,Soldier,Colony-E,35.8,57,0.297,32.0,21.6,5.82,4.53,0.358,23,8,19.77,1,1
NMR-507525,Worker,Colony-E,42.3,40,0.245,30.7,17.3,7.59,7.04,0.21,26,12,23.82,0,0
NMR-505694,Worker,Colony-E,28.4,70,0.285,31.0,16.7,8.11,16.77,0.178,33,7,18.06,0,1
NMR-501358,Soldier,Colony-E,37.3,28,0.25,32.0,21.5,6.75,5.29,0.2,21,8,16.21,0,0
NMR-506249,Worker,Colony-D,20.3,59,0.316,32.7,13.6,7.77,12.98,0.252,37,9,24.58,0,1
NMR-504733,Queen,Colony-E,49.2,55,0.308,31.6,18.2,5.36,0.22,0.371,20,11,15.83,0,1
NMR-500266,Soldier,Colony-B,37.5,74,0.176,32.2,17.9,7.02,18.06,0.201,24,15,18.98,1,1
NMR-501384,Breeder,Colony-D,33.0,46,0.381,32.8,41.6,7.24,4.91,0.52,27,9,19.51,1,0
NMR-506442,Worker,Colony-C,29.5,49,0.178,32.4,18.3,7.32,9.86,0.426,15,16,19.14,1,1
NMR-503925,Soldier,Colony-A,41.1,26,0.328,31.3,34.2,7.58,11.91,0.359,22,8,21.31,1,0
NMR-506852,Worker,Colony-B,32.2,75,0.186,32.6,19.1,8.82,15.54,0.377,26,14,20.07,1,1
NMR-501144,Worker,Colony-D,36.0,87,0.199,33.2,35.8,6.14,11.55,0.401,22,12,22.83,1,0
NMR-500316,Worker,Colony-B,27.8,47,0.321,32.7,26.6,7.97,25.24,0.22,26,12,20.35,1,0
NMR-505214,Worker,Colony-B,36.4,111,0.161,32.2,21.0,5.45,6.16,0.42,28,18,17.59,1,0
NMR-505106,Worker,Colony-B,27.3,76,0.343,32.0,14.7,7.18,26.42,0.34,20,15,20.9,0,0
NMR-505260,Soldier,Colony-D,35.5,54,0.239,32.9,26.6,6.5,7.57,0.337,22,17,20.38,1,0
NMR-508614,Worker,Colony-E,35.6,15,0.176,34.4,31.7,6.68,22.91,0.524,18,9,13.68,1,0
NMR-500481,Worker,Colony-C,29.4,135,0.205,31.8,13.8,5.95,21.35,0.401,26,18,19.61,1,1
NMR-504846,Worker,Colony-B,26.3,47,0.363,33.2,19.8,6.26,5.6,0.371,13,10,19.1,0,0
NMR-509273,Queen,Colony-C,38.4,30,0.199,33.0,21.2,6.86,-0.09,0.143,25,10,20.09,1,0
NMR-504621,Worker,Colony-A,32.8,47,0.213,32.3,37.7,4.81,8.09,0.135,20,8,24.33,1,1
NMR-508712,Worker,Colony-A,37.8,14,0.199,32.3,22.3,6.95,12.05,0.269,26,9,24.31,1,0
NMR-509805,Queen,Colony-C,45.1,63,0.302,33.5,7.4,4.95,2.23,0.222,26,12,21.21,0,0
NMR-504131,Worker,Colony-C,23.9,31,0.339,32.2,18.4,5.56,13.74,0.259,19,13,19.86,0,1
NMR-502938,Worker,Colony-B,32.5,39,0.263,32.5,14.4,6.18,13.22,0.309,38,17,13.86,0,1
NMR-500495,Soldier,Colony-D,38.0,61,0.199,30.5,19.0,7.86,7.47,0.335,24,8,25.2,1,0
NMR-506373,Worker,Colony-D,25.9,90,0.283,32.1,13.5,7.16,17.05,0.255,22,17,20.92,1,1
NMR-503134,Worker,Colony-A,31.5,83,0.276,31.6,15.2,6.25,17.06,0.396,25,10,21.73,1,0
NMR-502287,Worker,Colony-B,20.3,57,0.2,31.6,19.0,6.24,10.71,0.279,24,10,16.81,1,1
NMR-500070,Soldier,Colony-A,26.3,44,0.172,31.9,11.2,7.79,5.17,0.244,22,14,21.63,1,0
NMR-507338,Breeder,Colony-E,45.9,37,0.175,31.6,20.1,6.12,1.16,0.051,21,10,20.61,1,1
NMR-505370,Worker,Colony-D,28.6,50,0.253,33.2,13.5,6.2,10.46,0.252,26,11,24.53,0,0
NMR-506214,Worker,Colony-C,32.2,65,0.307,30.2,12.8,6.21,27.34,0.299,19,16,20.16,1,0
NMR-502934,Queen,Colony-A,40.6,43,0.181,32.5,21.8,6.24,13.52,0.168,31,12,16.65,1,1
NMR-505657,Worker,Colony-B,28.0,83,0.242,32.9,13.4,7.07,19.83,0.472,33,18,18.94,1,1
NMR-506102,Worker,Colony-E,36.0,29,0.201,31.9,12.9,5.09,18.3,0.29,23,9,16.5,1,1
NMR-500895,Worker,Colony-D,36.2,55,0.299,33.4,24.4,4.88,9.5,0.037,31,16,20.25,0,1
NMR-509446,Worker,Colony-D,33.9,106,0.168,31.9,19.1,7.17,11.96,0.132,20,10,18.06,0,1
NMR-508823,Worker,Colony-D,24.9,49,0.438,31.2,22.6,7.28,19.73,0.42,20,8,23.93,0,0
NMR-501974,Worker,Colony-E,21.1,70,0.169,33.2,17.2,7.22,18.54,0.132,19,13,17.46,1,0
NMR-508304,Worker,Colony-E,36.0,158,0.207,31.9,17.8,7.92,7.9,0.29,25,6,13.18,1,1
NMR-507471,Queen,Colony-B,39.3,108,0.271,32.8,30.6,6.23,6.68,0.446,25,18,22.11,1,0
NMR-507342,Worker,Colony-B,19.0,51,0.186,32.3,18.1,7.02,13.69,0.462,27,9,24.03,1,1
NMR-505429,Worker,Colony-D,27.9,48,0.309,32.0,9.6,6.11,11.43,0.436,26,16,22.29,1,0
NMR-500250,Worker,Colony-E,27.7,101,0.234,33.2,12.5,5.77,8.52,0.461,33,10,20.55,1,0
NMR-500943,Worker,Colony-A,22.3,45,0.418,30.6,12.6,9.05,14.65,0.525,21,13,15.0,1,0
NMR-500853,Soldier,Colony-B,35.2,22,0.333,31.9,15.2,7.13,15.62,0.46,22,10,22.02,1,1
NMR-507530,Soldier,Colony-D,40.6,36,0.289,31.2,15.2,7.39,10.29,0.177,32,12,20.99,1,0
NMR-503584,Breeder,Colony-B,36.7,49,0.231,33.4,19.5,7.08,8.61,0.507,22,11,16.39,0,1
NMR-504675,Worker,Colony-B,9.2,103,0.217,31.5,9.7,4.49,17.59,0.513,27,9,19.14,1,0
NMR-508961,Breeder,Colony-E,39.5,104,0.166,30.8,25.2,8.04,1.04,0.363,33,17,18.59,1,1
NMR-508754,Soldier,Colony-B,33.8,28,0.391,31.0,18.5,6.32,7.08,0.059,22,10,17.64,0,1
NMR-504941,Worker,Colony-B,35.1,89,0.328,33.2,11.9,6.97,17.61,0.298,19,9,16.96,0,1
NMR-505610,Soldier,Colony-B,40.0,46,0.148,31.2,34.5,6.98,9.56,0.287,21,18,19.63,1,0
NMR-502964,Worker,Colony-E,36.8,79,0.301,32.2,35.8,5.86,16.32,0.401,22,10,18.62,1,0
NMR-502744,Worker,Colony-C,32.6,206,0.278,32.8,15.1,7.66,11.31,0.262,27,6,24.45,1,1
NMR-502353,Worker,Colony-B,27.0,123,0.109,31.4,20.1,6.32,14.65,0.172,18,9,20.09,1,0
NMR-502615,Worker,Colony-E,35.1,56,0.195,32.9,10.5,7.31,10.35,0.202,27,12,18.94,0,0
NMR-509429,Worker,Colony-E,41.4,75,0.184,31.7,34.5,7.39,12.39,0.099,24,13,16.12,1,1
NMR-503240,Worker,Colony-E,26.2,97,0.275,32.9,22.7,6.1,13.36,0.36,20,7,10.99,0,0
NMR-505852,Worker,Colony-C,20.8,33,0.201,31.1,18.5,7.65,7.93,0.282,24,11,17.44,1,0
NMR-506401,Soldier,Colony-C,31.0,71,0.288,32.9,9.0,5.22,4.03,0.495,29,11,18.19,0,0
NMR-508445,Soldier,Colony-A,28.7,27,0.178,32.5,33.2,7.68,12.86,0.411,29,9,21.61,1,0
NMR-504447,Worker,Colony-B,23.3,59,0.216,31.1,38.3,5.02,15.8,0.221,27,14,16.83,0,0
NMR-508461,Worker,Colony-E,33.0,102,0.236,32.1,12.2,7.15,11.45,0.361,16,12,22.24,0,1
NMR-504956,Breeder,Colony-D,40.4,24,0.15,32.1,29.3,6.06,13.73,0.607,20,14,18.45,1,1
NMR-505175,Worker,Colony-A,37.4,27,0.157,31.6,16.7,6.21,8.44,0.357,14,9,22.15,1,1
NMR-503818,Soldier,Colony-D,33.2,48,0.167,33.8,64.5,6.74,7.4,0.396,27,15,15.03,1,0
NMR-500509,Worker,Colony-D,36.0,35,0.325,31.9,14.3,7.14,8.21,0.283,26,8,21.39,0,1
NMR-500985,Worker,Colony-D,40.4,59,0.34,34.3,27.1,8.25,17.81,0.407,27,16,21.36,0,1
NMR-505118,Worker,Colony-E,34.6,106,0.401,32.1,20.2,6.27,15.47,0.313,18,10,17.13,1,0
NMR-504886,Soldier,Colony-D,37.4,41,0.346,29.9,38.0,6.53,19.63,0.248,24,6,21.92,1,0
NMR-507262,Worker,Colony-C,27.9,70,0.197,33.7,17.5,5.07,10.21,0.609,21,12,14.86,0,0
NMR-509892,Soldier,Colony-C,30.0,28,0.239,32.5,13.8,6.66,8.22,0.295,14,13,19.23,1,0
NMR-505706,Worker,Colony-A,33.9,59,0.329,32.7,29.2,7.72,9.76,0.506,27,13,14.4,0,1
NMR-506390,Worker,Colony-A,40.6,31,0.258,32.9,15.4,6.67,11.27,0.192,28,6,14.54,0,1
NMR-506906,Worker,Colony-C,34.5,102,0.459,32.0,13.4,7.91,18.77,0.139,27,14,21.89,0,1
NMR-500270,Worker,Colony-E,16.8,56,0.177,31.9,7.2,8.35,14.34,0.065,25,13,18.2,0,0
NMR-501998,Worker,Colony-C,35.3,36,0.18,32.9,33.2,9.06,14.16,0.132,22,17,20.51,1,0
NMR-505768,Worker,Colony-E,33.1,77,0.288,31.5,24.0,6.08,9.42,0.441,26,11,17.79,1,1
NMR-501217,Worker,Colony-B,35.4,48,0.248,33.9,59.2,7.91,8.93,0.393,25,14,17.95,1,0
NMR-503611,Worker,Colony-A,33.0,24,0.3,31.9,18.2,5.85,14.54,0.169,28,17,14.03,0,1
NMR-508494,Soldier,Colony-E,41.9,80,0.286,31.5,18.1,6.58,4.32,0.158,23,9,22.73,1,0
NMR-505016,Worker,Colony-D,35.4,64,0.264,31.6,9.3,5.23,16.39,0.15,26,14,17.92,0,0
NMR-508018,Worker,Colony-E,33.4,33,0.495,32.1,16.4,5.37,10.18,0.405,24,19,14.23,0,1
NMR-505021,Worker,Colony-C,30.3,73,0.325,31.2,15.8,6.93,10.4,0.521,14,12,19.51,0,0
NMR-501155,Worker,Colony-A,39.3,65,0.146,34.0,11.0,9.81,12.23,0.146,16,10,24.68,1,0
NMR-502795,Queen,Colony-D,50.2,65,0.24,31.0,12.2,5.9,1.62,0.396,20,17,19.6,0,0
NMR-508697,Worker,Colony-A,31.2,144,0.178,31.8,15.1,6.8,12.76,0.383,17,16,6.29,0,0
NMR-504851,Worker,Colony-D,25.8,62,0.342,31.0,19.2,6.86,9.37,0.32,19,18,27.09,0,0
NMR-500815,Worker,Colony-D,43.9,26,0.178,32.8,24.1,8.19,15.43,0.219,26,16,18.18,0,0
NMR-508211,Worker,Colony-E,33.4,32,0.278,30.6,15.2,6.42,6.29,0.426,23,10,23.91,0,0
NMR-509275,Worker,Colony-B,25.7,37,0.202,31.6,9.9,5.73,11.24,0.303,28,19,20.92,0,1
NMR-505996,Worker,Colony-C,27.5,32,0.24,32.5,12.0,7.93,6.58,0.288,25,16,13.38,0,0
NMR-506112,Worker,Colony-B,30.9,27,0.261,29.7,22.9,7.16,7.26,0.425,25,8,18.13,1,0
NMR-502261,Worker,Colony-D,31.2,39,0.191,33.1,22.0,7.23,14.93,0.247,26,11,17.22,0,0
NMR-504825,Queen,Colony-C,36.9,36,0.296,32.4,23.1,7.27,1.2,0.368,21,8,21.97,0,1
NMR-503703,Worker,Colony-A,38.2,28,0.381,31.7,17.4,6.06,15.66,0.276,25,8,13.3,0,1
NMR-503083,Soldier,Colony-D,48.4,141,0.343,32.2,15.7,6.06,7.53,0.407,30,14,23.6,0,0
NMR-507576,Worker,Colony-A,30.1,53,0.209,32.9,22.9,7.45,10.95,0.174,26,14,14.54,0,1
NMR-505149,Breeder,Colony-E,36.9,49,0.235,33.2,12.9,6.87,8.17,0.298,26,8,25.23,1,0
NMR-500310,Worker,Colony-C,30.6,54,0.199,32.0,14.4,7.2,7.66,0.199,22,10,17.67,1,1
NMR-506704,Worker,Colony-C,34.7,31,0.299,31.0,52.7,8.2,7.78,0.368,19,10,23.02,1,0
NMR-505166,Soldier,Colony-D,32.8,81,0.304,31.6,23.1,7.24,10.49,0.112,19,7,21.83,1,1
NMR-506650,Soldier,Colony-A,25.5,30,0.174,33.2,12.6,7.31,7.43,0.256,14,14,19.4,1,0
NMR-503878,Soldier,Colony-C,35.0,67,0.292,32.9,9.6,5.63,15.68,0.216,23,13,16.43,0,0
NMR-501698,Soldier,Colony-D,37.7,77,0.173,31.2,19.4,3.51,10.56,0.033,17,9,13.49,0,0
NMR-508349,Worker,Colony-B,39.0,89,0.119,32.7,19.9,6.25,22.19,0.223,28,12,16.44,1,1
NMR-503902,Worker,Colony-B,29.1,30,0.188,32.4,19.9,7.46,11.98,0.368,30,12,20.44,0,1
NMR-500621,Worker,Colony-E,37.5,42,0.37,31.2,17.6,7.03,11.88,0.372,26,12,21.0,0,0
NMR-509556,Breeder,Colony-D,46.2,226,0.182,33.1,12.2,6.51,2.17,0.385,25,9,17.64,0,0
NMR-507307,Breeder,Colony-B,46.5,48,0.243,31.1,14.4,6.53,3.74,0.247,22,11,18.2,1,0
NMR-507724,Worker,Colony-B,39.9,54,0.268,32.5,7.8,7.55,10.93,0.255,24,12,19.47,0,1
NMR-509294,Worker,Colony-A,25.7,78,0.323,31.1,11.8,7.25,16.29,0.326,15,10,24.18,0,0
NMR-509110,Worker,Colony-B,20.5,68,0.148,31.2,18.9,5.97,13.51,0.247,22,14,26.51,0,0
NMR-509086,Soldier,Colony-A,35.9,46,0.377,31.9,17.0,4.1,8.2,0.16,22,13,21.31,1,1
NMR-503429,Soldier,Colony-D,30.4,123,0.36,30.2,20.2,7.04,19.93,0.274,31,12,18.62,0,0
NMR-509799,Worker,Colony-D,24.1,13,0.252,32.0,17.1,7.3,9.25,0.328,26,9,23.34,1,0
NMR-504450,Worker,Colony-A,30.3,59,0.215,31.2,12.9,6.58,10.85,0.558,26,14,21.69,0,0
NMR-503995,Worker,Colony-D,31.2,42,0.225,33.4,28.9,5.75,8.36,0.069,25,10,22.26,1,0
NMR-509006,Worker,Colony-D,33.5,88,0.154,32.1,12.9,9.86,13.26,0.493,21,10,19.98,1,1
NMR-508256,Worker,Colony-C,26.5,23,0.347,31.7,9.3,6.95,9.76,0.243,29,12,16.93,0,0
NMR-501346,Breeder,Colony-D,42.8,35,0.21,31.1,26.0,5.83,5.89,0.185,22,16,20.6,1,1
NMR-504072,Worker,Colony-B,30.3,50,0.155,33.0,12.4,7.36,11.98,0.039,22,12,16.57,0,0
NMR-505889,Worker,Colony-D,29.2,41,0.252,31.9,50.1,6.65,13.6,0.466,24,7,19.36,1,1
NMR-506988,Worker,Colony-A,29.8,99,0.267,31.9,33.7,5.91,13.35,0.233,20,15,18.17,1,0
NMR-509281,Worker,Colony-E,28.5,59,0.181,30.9,16.7,6.49,18.21,0.117,18,10,17.2,0,0
NMR-502530,Soldier,Colony-D,30.0,68,0.22,32.9,17.5,7.29,4.73,0.269,25,10,20.5,1,1
NMR-508979,Worker,Colony-D,39.2,70,0.315,32.5,62.9,5.8,10.68,0.306,35,12,22.55,1,0
NMR-509898,Worker,Colony-D,30.7,52,0.135,32.6,8.9,5.77,9.44,0.211,26,9,18.25,0,1
NMR-500642,Worker,Colony-E,29.8,18,0.143,31.4,16.5,7.31,12.68,0.411,16,9,21.26,1,0
NMR-504981,Worker,Colony-E,33.8,54,0.246,31.9,23.0,7.58,6.19,0.238,28,8,22.82,1,1
NMR-505178,Soldier,Colony-D,28.4,28,0.357,34.1,14.0,5.79,13.81,0.053,20,10,18.09,0,1
NMR-507749,Breeder,Colony-E,33.6,36,0.242,31.1,16.3,6.89,5.15,0.543,31,12,21.89,0,0
NMR-508109,Worker,Colony-D,36.3,57,0.276,32.8,10.1,6.53,7.37,0.272,26,8,20.05,0,1
NMR-507807,Worker,Colony-B,30.1,84,0.197,31.5,21.1,6.29,25.53,0.042,31,8,16.17,1,1
NMR-504159,Worker,Colony-E,21.9,41,0.311,33.8,37.9,8.06,13.18,0.329,22,11,16.89,0,0
NMR-507396,Worker,Colony-D,33.0,30,0.247,32.5,34.6,5.33,19.35,0.632,31,16,20.91,1,1
NMR-503494,Worker,Colony-D,31.4,15,0.356,30.7,12.6,6.3,26.48,0.349,25,13,20.33,0,0
NMR-508365,Soldier,Colony-A,29.0,53,0.239,32.1,16.6,6.65,26.67,0.369,22,9,19.42,0,1
NMR-500214,Soldier,Colony-B,28.5,56,0.347,31.5,19.7,6.71,8.38,0.413,26,8,19.03,0,1
NMR-509081,Worker,Colony-B,25.8,53,0.257,31.7,20.8,9.32,9.05,0.204,23,3,19.3,0,0
NMR-503656,Soldier,Colony-B,34.0,46,0.286,32.8,13.5,6.33,6.4,0.091,21,12,18.01,0,1
NMR-508420,Worker,Colony-A,34.3,38,0.273,31.1,33.2,6.99,16.04,0.55,20,12,21.95,1,0
NMR-508930,Soldier,Colony-E,22.8,68,0.419,30.9,16.4,5.7,6.72,0.324,29,17,18.14,0,0
NMR-507438,Breeder,Colony-B,43.5,34,0.201,30.6,39.0,7.02,5.9,0.314,22,9,19.0,1,0
NMR-506182,Worker,Colony-D,16.2,77,0.279,32.5,7.0,7.91,34.73,0.381,32,14,23.66,0,1
NMR-505103,Soldier,Colony-A,29.4,23,0.234,31.1,16.2,6.49,11.36,0.049,30,16,20.42,1,0
NMR-500168,Worker,Colony-C,36.4,36,0.172,33.1,10.3,6.89,13.23,0.267,24,8,18.97,1,0
NMR-500056,Worker,Colony-B,39.5,62,0.25,32.1,17.3,6.91,17.76,0.431,25,8,21.48,0,1
NMR-500187,Soldier,Colony-B,40.2,27,0.233,31.9,30.1,6.96,12.86,0.312,23,15,23.79,1,1
NMR-500986,Soldier,Colony-D,24.6,48,0.308,31.4,11.4,6.6,10.85,0.283,22,12,16.87,1,0
NMR-506971,Soldier,Colony-D,35.5,76,0.507,33.8,12.3,7.01,8.46,0.155,19,13,19.22,0,0
NMR-501645,Worker,Colony-C,27.7,40,0.202,32.4,19.8,8.62,15.35,0.546,29,13,18.25,0,1
NMR-500152,Worker,Colony-E,30.1,86,0.222,31.2,21.5,7.68,6.02,0.228,26,12,22.88,1,0
NMR-500682,Soldier,Colony-B,30.4,40,0.213,30.9,17.4,6.7,4.43,0.473,20,11,21.49,1,0
NMR-502357,Breeder,Colony-D,42.2,169,0.329,33.3,20.4,6.0,3.29,0.402,30,17,15.95,1,0
NMR-502400,Breeder,Colony-B,41.7,125,0.165,30.7,13.1,7.44,2.05,0.266,22,8,19.42,0,1
NMR-501350,Breeder,Colony-C,37.7,114,0.327,34.1,14.9,7.36,3.81,0.126,21,8,18.33,0,0
NMR-509459,Worker,Colony-D,39.8,99,0.202,32.6,10.9,6.74,12.86,0.443,22,19,17.09,0,1
NMR-506303,Worker,Colony-C,32.5,48,0.202,31.9,11.1,6.42,20.05,0.383,30,12,20.87,0,1
NMR-506275,Worker,Colony-B,28.3,74,0.219,30.9,11.9,6.99,16.98,0.139,29,13,27.47,1,1
NMR-509465,Breeder,Colony-D,42.3,121,0.229,31.2,29.2,6.48,6.01,0.319,26,14,18.08,1,0
NMR-504458,Worker,Colony-E,26.8,162,0.138,29.9,14.1,6.7,12.73,0.433,23,10,17.85,0,0
NMR-504613,Soldier,Colony-B,39.0,61,0.239,31.8,6.7,6.6,15.37,0.377,31,7,16.09,0,1
NMR-506649,Worker,Colony-A,29.8,74,0.395,33.1,11.5,8.43,13.07,0.486,25,14,19.79,0,1
NMR-504200,Soldier,Colony-C,28.9,73,0.435,31.7,20.6,7.24,6.19,0.289,24,15,14.82,0,1
NMR-507613,Breeder,Colony-A,37.5,64,0.172,33.1,13.3,6.31,3.68,0.211,32,9,23.75,1,0
NMR-501034,Soldier,Colony-C,27.6,61,0.309,31.5,17.2,5.72,6.19,0.425,23,6,23.67,1,0
NMR-506491,Soldier,Colony-A,27.3,40,0.19,31.9,32.3,6.79,10.57,0.41,19,9,19.63,1,1
NMR-509203,Worker,Colony-D,41.8,145,0.198,32.2,8.8,5.68,12.29,0.555,26,9,22.63,1,0
NMR-508307,Soldier,Colony-D,36.3,101,0.211,32.5,29.0,6.33,6.84,0.232,22,17,20.98,1,0
NMR-501032,Worker,Colony-A,34.3,47,0.172,32.7,17.5,8.14,12.6,0.325,13,9,19.36,1,0
NMR-505423,Breeder,Colony-A,41.5,25,0.269,31.5,21.1,6.8,2.76,0.307,17,9,15.88,1,0
NMR-509900,Worker,Colony-C,18.0,92,0.208,32.2,15.8,6.77,17.18,0.559,25,14,22.44,1,1
NMR-502763,Breeder,Colony-C,42.4,89,0.201,34.6,14.8,7.86,3.34,0.372,24,11,20.9,1,0
NMR-506784,Worker,Colony-B,25.0,97,0.298,32.2,15.2,6.59,8.21,0.204,30,8,17.43,0,1
NMR-506229,Breeder,Colony-A,39.0,23,0.215,32.5,32.9,8.72,12.09,0.136,17,13,21.45,1,0
NMR-505481,Worker,Colony-B,33.2,44,0.258,32.4,26.2,4.94,15.73,0.401,25,8,20.3,1,1
NMR-508313,Worker,Colony-C,26.2,51,0.201,32.4,18.0,6.49,13.7,0.244,24,16,17.02,0,1
NMR-502411,Soldier,Colony-D,41.6,45,0.325,32.2,9.7,7.92,7.22,0.662,21,14,20.32,0,1
NMR-509121,Breeder,Colony-C,39.9,45,0.201,32.1,19.3,7.04,2.2,0.174,25,7,19.48,1,1
NMR-508547,Worker,Colony-C,31.7,71,0.238,32.4,27.9,5.52,24.07,0.149,16,12,18.93,1,1
NMR-508747,Soldier,Colony-A,34.9,79,0.202,30.6,51.6,6.1,13.91,0.335,24,10,19.98,1,0
NMR-504888,Worker,Colony-C,18.3,61,0.228,31.2,41.8,6.71,12.15,0.268,30,10,18.16,1,0
NMR-500284,Worker,Colony-B,45.9,137,0.307,32.4,27.4,6.66,8.81,0.094,20,12,22.67,0,0
NMR-504617,Worker,Colony-C,41.6,34,0.186,32.2,23.9,5.77,12.79,0.321,25,4,24.27,0,1
NMR-509322,Worker,Colony-A,31.7,73,0.194,32.9,15.6,9.11,8.54,0.273,28,13,19.68,1,1
NMR-500809,Worker,Colony-C,15.3,76,0.399,31.0,25.4,8.53,14.18,0.302,26,11,19.66,0,1
NMR-502052,Soldier,Colony-A,37.7,44,0.324,33.1,20.3,7.52,8.74,0.085,22,14,17.17,0,0
NMR-508787,Soldier,Colony-B,35.4,70,0.182,33.1,28.8,6.97,13.62,0.548,23,7,19.51,0,0
NMR-506007,Soldier,Colony-E,34.0,63,0.171,32.5,10.2,7.3,6.2,0.063,19,9,26.6,1,1
NMR-506616,Soldier,Colony-B,40.7,66,0.303,31.1,17.9,7.15,28.56,0.544,19,12,19.66,1,1
NMR-507789,Soldier,Colony-A,37.0,45,0.239,33.0,12.5,7.11,6.08,0.139,16,7,21.69,1,0
NMR-502657,Worker,Colony-E,26.9,55,0.362,30.8,30.7,8.48,19.62,0.312,18,12,12.33,0,0
NMR-504355,Soldier,Colony-D,29.5,32,0.158,32.8,25.0,7.1,16.01,0.147,23,16,19.57,1,0
NMR-500949,Worker,Colony-E,35.8,48,0.264,32.5,8.4,8.69,13.87,0.244,25,12,19.51,1,1
NMR-505435,Worker,Colony-D,37.6,41,0.172,30.8,16.8,4.45,17.7,0.247,30,11,25.76,1,1
NMR-502896,Soldier,Colony-E,44.9,49,0.327,33.2,12.4,7.12,13.75,0.239,35,7,21.33,0,0
NMR-505758,Queen,Colony-E,43.3,37,0.24,32.4,10.7,4.74,3.6,0.207,25,12,16.77,0,1
NMR-507143,Soldier,Colony-B,29.1,24,0.157,32.7,23.6,7.63,16.85,0.454,15,12,20.47,1,0
NMR-508503,Breeder,Colony-D,38.7,121,0.133,32.9,13.6,6.08,3.48,0.214,29,13,18.56,1,0
NMR-508949,Worker,Colony-D,30.9,47,0.202,32.1,18.7,8.74,6.55,0.239,13,12,17.67,0,1
NMR-504119,Soldier,Colony-D,41.9,26,0.219,33.9,16.1,8.23,6.87,0.201,25,11,18.16,0,0
NMR-502550,Soldier,Colony-B,31.7,69,0.375,33.3,42.3,7.52,4.99,0.277,25,11,24.28,0,0
NMR-506397,Soldier,Colony-E,29.2,98,0.342,32.8,11.5,6.0,12.7,0.184,20,9,15.94,0,0
NMR-506926,Worker,Colony-A,29.5,90,0.301,32.8,25.1,7.13,11.39,0.241,20,10,22.31,1,0
NMR-506876,Soldier,Colony-A,27.1,43,0.345,31.3,17.6,9.06,5.26,0.201,15,9,19.11,0,0
NMR-509953,Soldier,Colony-A,29.7,63,0.276,32.9,12.8,5.79,25.24,0.286,22,12,21.96,1,0
NMR-500367,Worker,Colony-C,21.9,113,0.213,31.5,14.2,7.69,16.4,0.623,23,17,21.47,0,1
NMR-506217,Worker,Colony-D,37.3,35,0.245,32.8,22.4,6.23,10.02,0.415,24,7,21.09,1,1
NMR-506170,Worker,Colony-B,28.3,35,0.21,31.4,28.1,6.91,14.02,0.224,22,16,19.0,1,1
NMR-508733,Worker,Colony-C,36.0,69,0.329,33.9,16.8,5.52,11.67,0.426,33,15,18.95,1,0
NMR-503558,Worker,Colony-C,23.5,72,0.241,32.0,18.0,7.3,9.36,0.189,20,14,22.97,1,1
NMR-507577,Worker,Colony-D,30.0,48,0.181,31.3,8.3,8.26,12.62,0.087,26,16,22.94,1,0
NMR-508947,Worker,Colony-E,32.3,47,0.306,31.8,26.2,5.4,15.71,0.305,30,6,18.32,1,1
NMR-504699,Worker,Colony-A,30.5,46,0.205,32.8,34.8,5.28,13.88,0.296,16,11,18.2,1,1
NMR-502989,Worker,Colony-B,29.3,134,0.184,30.8,13.4,6.91,10.87,0.2,24,11,16.96,0,0
NMR-508699,Soldier,Colony-B,38.6,132,0.271,33.2,49.3,5.14,6.54,0.309,20,16,16.52,1,0
NMR-501183,Worker,Colony-A,34.5,62,0.223,31.3,22.6,5.71,10.34,0.264,23,13,18.35,1,0
NMR-503887,Worker,Colony-C,21.9,111,0.388,30.8,18.6,6.76,19.33,0.277,32,12,22.6,0,0
NMR-507308,Worker,Colony-B,27.4,61,0.219,31.6,17.8,6.56,9.47,0.076,23,14,23.29,0,1
NMR-503294,Worker,Colony-C,37.4,32,0.16,32.0,18.3,6.77,26.85,0.11,17,9,17.51,1,1
NMR-507184,Worker,Colony-B,22.3,87,0.216,31.1,24.3,7.55,22.04,0.493,31,15,16.46,1,1
NMR-508285,Worker,Colony-B,21.4,42,0.264,32.1,9.7,10.42,10.68,0.082,22,13,20.51,0,0
NMR-507068,Worker,Colony-D,23.7,25,0.257,32.4,18.2,6.94,26.37,0.452,24,9,20.37,1,0
NMR-501694,Breeder,Colony-A,39.1,36,0.231,31.0,14.8,6.8,6.01,0.455,23,10,17.67,1,0
NMR-506743,Breeder,Colony-C,40.7,211,0.282,31.7,22.8,9.49,9.75,0.376,18,13,18.09,1,1
NMR-508051,Worker,Colony-C,30.9,89,0.153,32.3,12.3,6.12,9.24,0.19,21,6,18.32,1,0
NMR-503117,Soldier,Colony-C,34.6,85,0.13,32.9,14.0,7.11,8.64,0.512,31,10,21.61,1,1
NMR-506203,Soldier,Colony-A,24.8,63,0.14,32.7,25.4,7.83,20.62,0.261,27,11,19.02,1,1
NMR-503616,Breeder,Colony-E,35.3,32,0.215,31.4,14.9,5.65,3.35,0.425,21,17,17.25,1,1
NMR-506882,Worker,Colony-C,36.1,103,0.235,29.9,14.6,8.62,11.93,0.248,24,7,16.68,0,0
NMR-507173,Breeder,Colony-E,39.9,30,0.191,30.9,16.7,6.48,10.33,0.05,21,19,19.79,1,0
NMR-503180,Soldier,Colony-D,42.7,11,0.176,30.6,30.5,8.98,14.53,0.452,17,10,21.4,1,0
NMR-503448,Breeder,Colony-D,44.6,86,0.165,33.2,15.2,8.26,3.78,0.334,31,6,24.35,1,1
NMR-507297,Worker,Colony-C,24.6,90,0.161,32.4,9.7,7.51,14.58,0.373,26,6,20.46,0,1
NMR-508225,Soldier,Colony-E,30.4,39,0.171,30.5,14.0,8.66,16.57,0.077,20,11,24.84,1,0
NMR-506604,Worker,Colony-E,27.0,35,0.23,34.3,16.2,5.8,18.05,0.385,31,13,17.35,1,0
NMR-500952,Breeder,Colony-D,52.2,67,0.519,32.7,10.9,6.03,0.39,0.263,23,15,17.34,0,0
NMR-507192,Worker,Colony-A,32.1,50,0.224,33.0,22.5,6.54,19.12,0.318,25,10,20.33,1,1
NMR-504424,Soldier,Colony-E,27.4,69,0.198,30.8,17.4,6.45,6.92,0.272,29,11,21.26,1,0
NMR-504469,Worker,Colony-E,22.2,40,0.346,31.5,17.3,7.41,20.43,0.267,25,10,21.23,0,0
NMR-500598,Worker,Colony-A,33.0,22,0.477,32.1,23.3,4.27,15.46,0.47,27,10,18.89,0,1
NMR-508615,Soldier,Colony-C,38.6,100,0.227,32.2,15.3,4.51,10.46,0.16,33,14,18.04,0,0
NMR-500797,Worker,Colony-A,28.9,71,0.178,32.8,17.9,8.66,13.25,0.351,20,8,23.22,1,1
NMR-507674,Worker,Colony-C,37.3,26,0.25,33.3,25.9,6.94,11.79,0.368,22,8,20.42,0,0
NMR-505426,Worker,Colony-C,30.6,75,0.282,31.9,5.6,7.29,20.15,0.568,25,17,22.79,0,1
NMR-508173,Worker,Colony-B,31.3,50,0.281,32.6,10.6,4.49,15.43,0.354,22,14,23.85,1,1
NMR-509410,Soldier,Colony-B,32.2,58,0.41,32.3,10.1,6.27,12.09,0.135,17,9,20.7,0,1
NMR-505687,Worker,Colony-C,33.2,101,0.261,33.5,11.0,7.35,7.57,0.532,28,14,25.14,1,1
NMR-506455,Worker,Colony-B,32.3,51,0.231,32.1,6.6,6.98,10.24,0.314,16,9,23.18,0,1
NMR-503642,Soldier,Colony-C,44.4,43,0.229,32.8,10.8,6.36,8.03,0.574,25,10,19.58,0,1
NMR-504499,Worker,Colony-C,37.8,73,0.33,32.9,28.8,8.39,12.17,0.138,29,8,20.94,1,1
NMR-507036,Worker,Colony-A,43.6,41,0.23,31.1,16.6,6.64,14.82,0.134,19,15,18.77,0,0
NMR-508852,Worker,Colony-E,33.8,47,0.3,31.5,17.3,7.07,12.85,0.215,23,6,22.68,0,1
NMR-503636,Breeder,Colony-E,45.3,29,0.163,33.4,15.4,7.85,1.73,0.246,26,16,17.86,1,0
NMR-506687,Worker,Colony-C,28.4,43,0.148,31.4,15.6,6.3,7.71,0.539,27,11,19.0,1,1
NMR-502749,Worker,Colony-C,26.6,65,0.322,33.1,28.8,7.44,11.25,0.255,19,10,19.59,0,0
NMR-503271,Worker,Colony-D,25.5,32,0.412,33.6,12.8,6.9,11.54,0.408,21,9,18.79,0,0
NMR-508202,Worker,Colony-E,30.0,107,0.316,33.6,13.3,6.73,10.4,0.276,21,9,21.08,1,0
NMR-508735,Worker,Colony-E,18.8,40,0.265,30.2,31.4,6.13,17.34,0.222,25,11,22.11,1,0
NMR-500505,Soldier,Colony-D,27.1,50,0.19,32.7,16.2,6.18,6.45,0.259,30,17,23.05,1,1
NMR-507334,Worker,Colony-B,30.4,24,0.284,33.4,16.2,6.91,6.82,0.483,23,14,18.24,0,0
NMR-501808,Worker,Colony-C,29.1,73,0.254,31.8,39.2,6.94,11.71,0.441,26,8,16.53,1,1
NMR-503360,Soldier,Colony-D,32.2,66,0.261,31.8,25.2,6.26,33.17,0.028,23,13,18.1,1,1
NMR-506410,Soldier,Colony-A,38.3,94,0.453,32.4,12.1,7.19,13.47,0.427,18,13,16.63,0,1
NMR-507974,Soldier,Colony-E,40.1,57,0.217,31.5,17.8,5.85,7.49,0.666,23,15,7.0,0,0
NMR-508204,Breeder,Colony-C,47.2,56,0.292,31.6,17.5,7.59,10.07,0.34,27,10,21.1,1,1
NMR-505980,Worker,Colony-E,22.3,72,0.193,31.2,16.2,7.3,12.51,0.574,25,14,21.14,0,0
NMR-504571,Worker,Colony-B,35.0,45,0.134,32.1,19.6,6.85,18.11,0.189,20,11,17.17,1,0
NMR-506533,Worker,Colony-C,30.4,36,0.359,31.4,27.4,6.28,8.53,0.159,25,10,21.91,0,1
NMR-500686,Soldier,Colony-D,39.6,34,0.175,31.7,23.4,5.79,6.37,0.193,30,12,15.33,0,1
NMR-509255,Worker,Colony-B,33.5,62,0.445,30.8,15.1,8.32,11.75,0.48,27,10,19.02,0,0
NMR-508784,Worker,Colony-B,35.8,53,0.291,30.7,9.1,5.56,7.57,0.516,21,10,15.73,0,0
NMR-500501,Worker,Colony-D,38.0,61,0.176,32.1,17.2,5.58,14.3,0.389,20,20,20.52,1,0
NMR-506775,Worker,Colony-B,34.3,56,0.369,33.0,22.5,8.22,8.47,0.205,25,18,20.62,0,1
NMR-501790,Soldier,Colony-C,32.5,43,0.441,33.3,42.1,8.43,18.81,0.063,26,10,14.55,0,0
NMR-500930,Breeder,Colony-C,44.7,123,0.297,32.3,17.1,5.36,7.97,0.224,21,10,18.27,0,0
NMR-500036,Worker,Colony-A,22.3,42,0.31,32.3,25.3,8.95,15.91,0.304,26,8,16.99,1,0
NMR-507689,Worker,Colony-B,33.2,32,0.231,31.3,27.6,6.42,14.52,0.384,20,13,23.57,1,1
NMR-500107,Worker,Colony-C,30.1,48,0.11,30.0,11.2,5.92,11.76,0.195,13,10,22.2,1,0
NMR-507179,Soldier,Colony-E,32.7,21,0.262,32.0,10.1,8.26,9.29,0.456,18,8,17.97,1,1
NMR-507701,Worker,Colony-C,41.6,62,0.31,32.9,14.2,7.28,9.74,0.394,18,12,9.28,0,1
NMR-507867,Worker,Colony-B,30.3,113,0.267,31.2,28.3,6.7,8.84,0.253,20,8,16.82,0,0
NMR-502269,Worker,Colony-D,37.6,54,0.244,33.5,28.9,7.67,25.05,0.091,18,8,20.32,1,0
NMR-507804,Worker,Colony-E,36.2,39,0.287,33.7,26.4,5.44,7.19,0.104,18,11,15.79,0,1
NMR-504983,Breeder,Colony-D,42.4,47,0.548,30.9,23.5,6.48,14.58,0.333,19,8,19.96,0,0
NMR-502465,Soldier,Colony-E,32.1,68,0.221,31.5,17.7,7.26,7.92,0.288,23,8,24.06,1,1
NMR-505077,Worker,Colony-C,37.5,27,0.254,32.9,28.8,6.73,14.52,0.232,18,10,23.33,1,0
NMR-507732,Worker,Colony-E,35.9,43,0.199,32.6,5.7,7.47,18.98,0.182,16,9,21.46,0,0
NMR-503674,Worker,Colony-E,27.3,28,0.421,32.2,19.1,8.13,14.49,0.358,31,10,20.97,0,0
NMR-505213,Worker,Colony-E,33.0,63,0.405,33.6,19.7,8.84,16.1,0.195,25,11,11.81,0,0
NMR-506519,Worker,Colony-D,26.8,61,0.189,31.5,20.4,7.2,13.19,0.369,24,11,16.98,0,1
NMR-507980,Worker,Colony-E,17.9,75,0.15,31.4,21.8,5.91,11.53,0.331,23,10,19.65,1,0
NMR-500675,Worker,Colony-B,33.8,22,0.395,32.7,23.0,8.29,18.02,0.214,22,10,18.83,1,0
NMR-506561,Worker,Colony-D,24.6,73,0.428,32.6,16.3,7.55,14.26,0.594,23,14,19.99,0,1
NMR-506441,Worker,Colony-D,29.4,48,0.169,33.2,14.8,8.24,10.68,0.328,26,11,17.15,1,0
NMR-505820,Worker,Colony-B,22.7,50,0.189,31.5,22.5,7.36,7.05,0.215,18,16,15.69,1,0
NMR-504060,Soldier,Colony-E,35.6,42,0.432,33.4,11.7,4.94,2.71,0.36,23,9,17.46,0,1
NMR-501744,Soldier,Colony-D,39.8,64,0.181,32.5,21.8,5.6,5.24,0.266,24,11,23.23,1,1
NMR-503766,Soldier,Colony-E,34.5,66,0.204,31.7,11.1,7.44,8.87,0.461,22,11,21.93,0,1
NMR-508579,Worker,Colony-C,27.7,39,0.19,32.4,19.3,8.6,15.25,0.38,19,8,17.99,1,0
NMR-506167,Worker,Colony-D,25.9,47,0.173,31.2,10.5,7.1,14.92,0.29,17,6,25.84,1,1
NMR-501518,Worker,Colony-B,33.9,62,0.327,33.2,12.1,7.71,7.48,0.345,25,14,16.72,0,0
NMR-502554,Worker,Colony-B,26.6,53,0.445,33.3,36.0,7.36,14.68,0.42,19,8,19.01,1,0
NMR-503195,Breeder,Colony-D,44.7,38,0.19,33.0,15.0,8.53,6.13,0.384,28,10,19.7,0,1
NMR-507519,Worker,Colony-C,24.0,81,0.167,33.8,20.8,5.86,12.28,0.373,26,16,20.67,1,0
NMR-503660,Worker,Colony-E,24.0,79,0.259,32.7,19.4,7.04,21.66,0.287,25,8,20.38,1,1
NMR-505763,Worker,Colony-B,28.5,28,0.189,32.0,6.0,6.85,8.34,0.463,18,16,19.35,0,0
NMR-504952,Soldier,Colony-B,37.5,116,0.273,33.0,16.1,7.1,21.21,0.281,27,15,18.66,1,1
NMR-509088,Soldier,Colony-D,37.1,36,0.293,30.6,12.6,5.38,8.98,0.338,18,13,16.79,0,1
NMR-506877,Worker,Colony-B,34.8,180,0.305,31.7,40.8,7.01,27.28,0.373,23,18,24.84,1,1
NMR-506878,Worker,Colony-B,37.1,64,0.338,32.4,22.9,7.32,13.75,0.134,26,9,18.62,1,1
NMR-502339,Worker,Colony-B,37.5,34,0.3,32.8,36.9,6.04,11.75,0.358,20,8,20.53,1,1
NMR-506250,Worker,Colony-B,30.5,54,0.227,32.7,16.1,7.47,11.14,0.392,28,9,20.21,0,1
NMR-504143,Queen,Colony-C,44.9,32,0.406,31.9,45.9,6.15,10.62,0.144,29,18,23.74,1,1
NMR-509757,Worker,Colony-D,36.6,33,0.229,32.1,30.1,4.31,13.52,0.161,24,10,21.0,1,1
NMR-501557,Soldier,Colony-C,36.5,27,0.211,31.4,20.3,7.59,18.4,0.215,28,7,22.25,1,0
NMR-501823,Soldier,Colony-B,35.5,74,0.685,32.4,11.9,8.38,30.07,0.609,25,9,18.8,0,1
NMR-505991,Worker,Colony-D,29.3,42,0.326,31.5,14.3,7.09,10.42,0.279,20,12,17.01,0,1
NMR-506454,Worker,Colony-A,34.5,33,0.286,32.4,32.8,5.98,13.28,0.185,27,9,19.78,1,1
NMR-506333,Worker,Colony-C,29.0,63,0.229,33.1,17.9,4.5,8.65,0.066,21,8,23.41,0,0
NMR-500671,Soldier,Colony-A,43.3,177,0.257,31.4,13.8,7.04,4.66,0.183,24,8,20.54,1,0
NMR-509625,Worker,Colony-A,28.9,25,0.116,32.5,15.0,6.93,11.7,0.481,27,11,17.37,1,0
NMR-501999,Worker,Colony-B,31.6,62,0.307,31.2,43.6,7.96,15.46,0.101,26,11,13.59,0,0
NMR-506430,Queen,Colony-E,48.4,193,0.218,32.6,18.6,6.16,9.17,0.17,27,10,22.89,1,0
NMR-506886,Worker,Colony-A,25.1,67,0.316,32.2,20.1,8.05,22.31,0.453,23,5,15.96,1,1
NMR-503556,Soldier,Colony-A,33.1,24,0.222,32.3,23.8,7.86,17.52,0.19,30,10,15.4,0,0
NMR-503912,Breeder,Colony-B,40.9,52,0.231,31.1,14.4,6.3,12.09,0.218,28,12,15.6,0,0
NMR-504286,Worker,Colony-C,39.6,36,0.224,31.2,16.1,7.18,14.74,0.299,20,12,17.62,1,0
NMR-505068,Worker,Colony-B,25.9,52,0.344,31.8,14.8,6.94,7.42,0.232,29,11,22.85,0,1
NMR-509416,Worker,Colony-C,30.6,94,0.234,31.9,14.2,6.82,22.51,0.386,33,15,21.6,1,1
NMR-507285,Breeder,Colony-D,32.4,31,0.355,33.6,20.1,6.98,5.94,0.246,25,10,22.57,0,0
NMR-500813,Worker,Colony-E,25.2,40,0.29,31.1,18.0,8.07,11.95,0.691,25,10,11.39,0,0
NMR-501907,Worker,Colony-B,23.1,41,0.197,32.1,19.8,8.1,15.03,0.203,33,7,28.64,1,1
NMR-505126,Breeder,Colony-D,48.0,56,0.276,32.8,8.6,6.67,4.45,0.305,25,13,21.27,0,1
NMR-500387,Queen,Colony-D,35.9,66,0.281,33.5,25.2,8.3,10.6,0.158,16,11,17.65,0,1
NMR-501068,Breeder,Colony-E,39.0,15,0.253,31.8,11.3,7.68,2.75,0.489,22,11,12.7,0,0
NMR-501590,Worker,Colony-D,22.4,53,0.328,30.8,13.9,8.8,9.73,0.221,15,22,18.23,0,0
NMR-502431,Soldier,Colony-D,37.1,59,0.168,33.2,23.1,6.7,9.04,0.185,26,10,23.51,1,1
NMR-502792,Soldier,Colony-A,34.8,56,0.222,32.6,19.1,6.98,4.48,0.147,29,13,24.37,1,0
NMR-509305,Worker,Colony-A,23.8,65,0.148,33.0,15.1,8.15,17.33,0.428,23,13,16.99,1,0
NMR-501822,Worker,Colony-C,31.7,61,0.149,32.0,12.9,6.26,31.13,0.39,31,8,22.15,0,1
NMR-503661,Worker,Colony-B,21.7,45,0.164,30.6,15.6,5.68,11.94,0.573,21,12,25.85,1,1
NMR-505013,Soldier,Colony-D,29.8,62,0.289,33.3,21.3,6.48,19.49,0.497,32,15,23.85,1,0
NMR-503461,Worker,Colony-C,27.6,63,0.139,33.1,12.2,7.44,15.8,0.133,19,11,18.56,0,1
NMR-503780,Breeder,Colony-E,45.7,51,0.218,31.9,18.6,5.79,4.13,0.493,21,7,21.93,0,1
NMR-505650,Queen,Colony-D,45.6,54,0.234,33.0,33.3,7.66,4.57,0.387,23,13,19.03,1,0
NMR-509777,Queen,Colony-E,54.8,55,0.194,32.9,24.4,6.68,2.55,0.189,27,10,14.7,0,1
NMR-507120,Worker,Colony-D,32.1,133,0.449,31.6,47.6,7.13,11.95,0.048,34,8,20.41,1,1
NMR-507004,Worker,Colony-E,37.8,53,0.187,32.2,19.2,7.04,12.9,0.34,16,13,19.16,1,1
NMR-504569,Worker,Colony-D,34.0,71,0.301,33.2,33.4,5.66,7.49,0.2,23,18,22.93,1,0
NMR-505756,Worker,Colony-E,21.8,13,0.166,32.2,21.5,5.64,11.34,0.146,24,14,17.73,1,1
NMR-503254,Breeder,Colony-D,43.3,30,0.382,33.4,23.0,6.01,0.93,0.141,31,12,22.14,1,0
NMR-500899,Worker,Colony-B,34.9,31,0.217,31.2,12.2,8.3,13.8,0.21,24,8,19.22,0,0
NMR-502614,Soldier,Colony-B,30.3,36,0.255,30.6,21.9,6.22,5.25,0.41,22,8,16.82,0,0
NMR-502966,Soldier,Colony-E,35.7,48,0.239,33.9,11.6,5.67,14.83,0.261,19,9,16.19,0,0
NMR-509657,Breeder,Colony-E,35.0,67,0.27,32.3,18.7,6.42,7.3,0.48,17,11,17.09,0,0
NMR-505622,Soldier,Colony-A,26.2,28,0.153,34.3,17.5,7.12,4.18,0.668,18,13,21.7,1,0
NMR-507077,Breeder,Colony-D,41.9,32,0.148,34.0,19.8,6.19,4.4,0.45,23,15,21.36,0,0
NMR-509225,Breeder,Colony-A,47.6,77,0.206,32.0,15.2,5.7,1.04,0.397,21,14,23.43,1,1
NMR-505172,Worker,Colony-D,22.4,41,0.476,31.3,34.6,6.97,31.32,0.203,31,15,18.79,1,0
NMR-503038,Breeder,Colony-D,51.4,29,0.196,33.6,20.7,4.89,6.45,0.235,23,10,19.48,0,1
NMR-504650,Worker,Colony-A,26.4,80,0.2,30.3,9.4,7.53,12.61,0.266,28,14,21.7,0,0
NMR-502816,Worker,Colony-D,34.9,60,0.382,32.5,12.8,7.34,17.7,0.259,24,11,17.81,0,1
NMR-502827,Worker,Colony-B,30.4,21,0.223,31.5,17.6,6.39,12.58,0.415,28,17,22.22,1,0
NMR-508138,Worker,Colony-C,32.9,13,0.273,32.2,15.8,7.42,15.94,0.165,35,13,23.41,0,0
NMR-509131,Queen,Colony-A,41.2,68,0.332,32.8,8.9,6.42,-1.31,0.177,25,15,21.15,0,0
NMR-508578,Worker,Colony-E,30.9,70,0.245,30.7,11.6,4.29,9.37,0.274,35,8,19.65,1,0
NMR-503804,Worker,Colony-D,29.3,44,0.143,31.9,10.0,4.8,10.13,0.458,30,6,14.65,0,1
NMR-503190,Worker,Colony-E,30.6,45,0.278,32.0,19.3,9.04,8.59,0.21,24,8,18.1,1,1
NMR-506592,Worker,Colony-B,40.6,77,0.259,31.3,25.8,8.47,14.15,0.278,27,10,19.79,1,1
NMR-503599,Soldier,Colony-A,22.7,53,0.359,32.0,11.7,8.25,20.92,0.241,18,13,20.25,0,1
NMR-505511,Soldier,Colony-E,33.4,40,0.35,31.4,19.5,6.94,7.26,0.374,25,10,19.47,0,1
NMR-509599,Worker,Colony-E,25.8,157,0.303,33.2,16.0,7.9,11.38,0.355,15,12,23.21,1,1
NMR-502882,Worker,Colony-D,31.1,106,0.272,32.8,41.6,6.51,18.18,0.41,23,16,20.29,1,1
NMR-505343,Worker,Colony-C,22.0,111,0.199,32.6,15.0,8.27,13.93,0.464,24,13,19.57,1,1
NMR-509397,Worker,Colony-D,31.9,38,0.239,31.0,9.3,7.17,17.76,0.331,23,11,15.14,1,0
NMR-508598,Queen,Colony-C,39.4,90,0.293,31.9,16.9,7.16,1.21,0.144,22,12,20.43,0,1
NMR-507560,Soldier,Colony-C,28.8,54,0.32,30.6,28.8,8.05,3.75,0.317,20,10,21.69,0,0
NMR-507895,Soldier,Colony-E,42.3,64,0.28,33.2,14.3,7.65,6.08,0.282,22,14,23.85,1,0
NMR-502819,Breeder,Colony-C,35.1,95,0.137,32.2,21.4,6.03,12.27,0.355,18,12,16.68,1,1
NMR-506689,Worker,Colony-B,18.9,47,0.361,32.8,22.6,7.26,13.53,0.472,24,15,23.07,1,0
NMR-501705,Soldier,Colony-C,32.6,89,0.203,32.2,26.2,6.35,6.08,0.219,15,14,23.68,1,0
NMR-505003,Breeder,Colony-D,32.1,69,0.296,32.3,9.8,6.76,17.92,0.144,28,11,15.63,1,1
NMR-503839,Worker,Colony-B,26.4,75,0.187,32.6,14.6,5.63,12.43,0.138,32,12,22.76,0,0
NMR-501102,Worker,Colony-E,26.9,105,0.177,32.6,20.1,6.96,14.02,0.036,28,11,16.03,0,1
NMR-502908,Queen,Colony-D,39.3,56,0.188,32.1,31.7,8.15,4.1,0.261,30,11,20.69,1,1
NMR-502355,Breeder,Colony-B,41.6,35,0.166,32.1,16.2,5.67,4.49,0.259,21,12,21.06,0,1
NMR-500145,Soldier,Colony-A,29.5,34,0.192,32.1,12.1,6.92,5.79,0.263,25,10,16.99,0,0
NMR-502858,Queen,Colony-C,37.8,18,0.234,32.8,20.9,5.24,-0.67,0.266,13,2,16.7,1,1
NMR-509783,Worker,Colony-B,30.6,58,0.371,31.8,10.3,8.76,8.31,0.372,19,9,19.84,0,1
NMR-503926,Breeder,Colony-B,42.8,30,0.368,32.6,12.9,6.3,0.67,0.529,15,9,15.9,0,1
NMR-501964,Worker,Colony-C,29.5,46,0.252,30.8,26.5,7.56,9.08,0.125,30,5,15.07,1,0
NMR-509521,Worker,Colony-D,25.1,227,0.179,32.4,7.0,4.76,9.01,0.366,27,11,23.4,0,0
NMR-501302,Worker,Colony-B,36.3,101,0.428,32.8,15.7,7.6,15.69,0.246,22,13,15.4,0,1
NMR-506281,Queen,Colony-D,32.5,49,0.208,30.1,12.0,6.61,1.65,0.445,24,9,22.27,1,0
NMR-500100,Worker,Colony-E,28.0,81,0.12,33.4,14.3,6.34,13.6,0.493,25,11,19.15,0,0
NMR-500855,Worker,Colony-C,28.8,46,0.242,31.2,19.0,6.62,13.45,0.197,25,10,12.33,0,0
NMR-507343,Soldier,Colony-E,35.0,42,0.107,32.5,11.1,6.18,3.99,0.506,21,2,13.75,1,0
NMR-500232,Worker,Colony-A,30.5,37,0.334,32.2,18.0,5.88,11.79,0.569,23,4,17.3,0,1
NMR-504438,Worker,Colony-C,31.8,42,0.223,33.1,10.0,7.47,19.68,0.416,21,13,17.54,1,0
NMR-506908,Worker,Colony-E,24.1,25,0.329,32.8,32.0,8.25,10.02,0.448,25,15,23.8,0,0
NMR-508533,Worker,Colony-D,41.9,88,0.382,31.8,5.9,6.49,10.86,0.389,29,8,21.69,0,0
NMR-500402,Soldier,Colony-E,33.6,24,0.229,34.2,26.5,6.66,11.55,0.229,23,6,22.24,1,0
NMR-504894,Worker,Colony-D,21.9,55,0.199,33.1,15.8,6.97,16.23,0.166,29,16,16.57,0,0
NMR-504054,Soldier,Colony-E,34.6,179,0.419,31.0,30.7,6.13,3.14,0.374,17,13,22.76,0,0
NMR-500970,Worker,Colony-B,29.6,42,0.386,32.2,24.8,6.59,13.38,0.423,16,7,18.71,1,1
NMR-507518,Worker,Colony-A,28.5,75,0.355,31.7,19.0,7.51,12.36,0.276,24,7,12.09,0,1
NMR-508361,Soldier,Colony-D,43.7,81,0.294,31.8,38.5,6.05,7.64,0.478,25,11,18.34,1,0
NMR-505368,Worker,Colony-B,36.8,70,0.352,32.3,21.5,8.57,12.08,0.284,21,10,17.29,0,1
NMR-504914,Soldier,Colony-A,33.5,55,0.255,31.5,15.6,8.07,7.87,0.134,26,14,20.84,1,0
NMR-509272,Breeder,Colony-C,43.0,65,0.175,32.6,17.8,6.26,8.94,0.281,25,16,16.47,1,1
NMR-502518,Worker,Colony-B,38.3,120,0.337,33.1,14.0,6.66,7.45,0.51,19,8,21.72,0,0
NMR-502272,Worker,Colony-D,21.6,45,0.241,33.5,13.8,6.78,8.14,0.394,25,15,19.86,0,0
NMR-506635,Worker,Colony-A,31.9,18,0.184,32.0,12.0,5.54,7.61,0.33,27,7,18.26,1,1
NMR-502136,Worker,Colony-E,32.0,56,0.303,31.6,15.9,6.47,7.16,0.147,23,11,20.71,1,1
NMR-505364,Worker,Colony-A,35.9,70,0.267,31.3,29.3,7.26,23.26,0.345,26,8,22.08,0,1
NMR-500420,Worker,Colony-C,42.1,68,0.291,33.1,21.0,4.78,14.05,0.292,25,17,20.49,1,0
NMR-507546,Soldier,Colony-A,46.4,38,0.31,32.3,27.9,8.02,8.88,0.463,23,12,18.96,1,0
NMR-503110,Soldier,Colony-B,38.4,39,0.43,31.7,38.4,8.36,13.21,0.243,21,14,19.98,0,0
NMR-509885,Worker,Colony-A,22.4,75,0.309,32.0,16.1,5.22,10.86,0.243,19,10,13.54,0,0
NMR-502142,Breeder,Colony-D,34.9,89,0.261,31.8,23.2,5.63,3.4,0.156,22,8,19.51,0,0
NMR-506623,Worker,Colony-D,34.0,99,0.284,32.4,20.9,8.23,8.51,0.384,23,8,23.46,1,1
NMR-504679,Breeder,Colony-E,41.1,72,0.139,32.9,26.4,7.17,6.3,0.332,25,7,16.64,1,1
NMR-505739,Worker,Colony-D,28.4,48,0.353,31.2,15.3,5.82,18.36,0.4,24,10,20.9,0,1
NMR-507816,Worker,Colony-B,36.7,31,0.213,33.1,23.6,7.36,11.13,0.312,28,11,16.96,1,0
NMR-504702,Worker,Colony-B,30.4,34,0.187,32.7,22.9,7.63,10.7,0.449,26,11,15.31,0,0
NMR-501418,Soldier,Colony-A,30.7,45,0.263,31.4,37.3,5.63,6.3,0.338,25,13,20.04,1,1
NMR-506190,Soldier,Colony-D,39.6,37,0.183,32.0,18.9,4.11,5.09,0.246,23,11,22.1,1,1
NMR-501537,Soldier,Colony-A,43.5,69,0.232,32.7,29.3,5.47,6.72,0.199,26,8,15.51,0,0
NMR-503797,Queen,Colony-E,46.9,36,0.243,31.0,12.0,7.21,0.7,0.112,21,9,18.78,0,0
NMR-503209,Worker,Colony-C,20.2,19,0.16,32.7,18.5,4.59,7.73,0.325,19,17,21.43,1,1
NMR-505601,Soldier,Colony-E,39.6,21,0.34,31.5,16.0,6.79,7.34,0.173,21,10,20.36,0,1
NMR-503971,Soldier,Colony-A,31.6,103,0.165,34.7,18.3,7.2,5.85,0.381,37,9,14.42,0,0
NMR-501750,Soldier,Colony-C,36.3,57,0.319,32.3,31.2,7.37,15.75,0.219,21,11,20.96,1,1
NMR-500046,Soldier,Colony-C,41.1,24,0.185,31.7,35.9,5.29,15.63,0.17,19,10,22.59,1,1
NMR-502847,Worker,Colony-B,26.8,49,0.236,31.6,21.1,6.07,16.82,0.348,25,11,20.24,0,0
NMR-505749,Worker,Colony-B,28.8,43,0.271,31.4,11.1,7.83,7.46,0.338,17,9,18.12,0,0
NMR-503365,Worker,Colony-C,33.4,75,0.203,32.1,17.4,7.7,8.8,0.255,26,7,17.43,0,1
NMR-503455,Soldier,Colony-B,38.7,53,0.16,32.4,20.5,5.99,49.8,0.3,21,8,19.43,1,1
NMR-506601,Worker,Colony-A,23.3,100,0.187,30.4,22.6,6.42,12.93,0.348,29,12,16.59,1,0
NMR-502935,Soldier,Colony-A,39.0,69,0.205,31.8,12.9,8.87,7.82,0.315,24,10,22.27,0,1
NMR-506193,Worker,Colony-A,28.0,166,0.237,32.3,23.0,6.43,7.84,0.385,21,7,21.3,1,0
NMR-503464,Worker,Colony-C,25.8,45,0.282,31.0,12.1,6.88,20.17,0.327,23,18,18.34,0,0
NMR-502147,Soldier,Colony-A,21.2,24,0.337,33.1,11.0,6.46,9.14,0.235,27,9,21.67,0,1
NMR-508839,Breeder,Colony-D,35.1,92,0.329,31.9,16.3,5.67,4.91,0.362,23,10,22.12,0,1
NMR-503759,Breeder,Colony-C,43.7,51,0.281,31.4,24.7,5.94,7.24,0.448,22,12,17.44,1,0
NMR-505688,Worker,Colony-C,35.4,57,0.408,31.8,25.0,7.01,22.03,0.057,20,10,19.85,1,1
NMR-507350,Worker,Colony-B,25.6,28,0.201,32.3,8.8,6.64,12.69,0.318,33,13,18.84,0,1
NMR-500485,Worker,Colony-E,34.3,82,0.227,31.7,16.8,5.22,7.7,0.084,18,10,22.18,1,0
NMR-508064,Worker,Colony-B,18.0,44,0.236,31.5,19.2,7.13,17.97,0.156,15,19,20.22,1,0
NMR-507025,Worker,Colony-E,35.3,40,0.277,32.3,25.6,6.53,14.54,0.135,22,9,20.63,1,0
NMR-506211,Soldier,Colony-E,33.8,68,0.273,32.6,16.9,4.5,6.61,0.105,25,10,20.93,0,0
NMR-504066,Worker,Colony-C,27.9,31,0.185,32.8,21.1,4.95,14.23,0.192,33,17,19.67,1,1
NMR-509085,Queen,Colony-A,37.7,93,0.225,31.8,21.8,7.37,-0.53,0.506,23,14,18.59,1,1
NMR-500609,Breeder,Colony-B,36.8,127,0.209,31.6,7.4,4.71,3.44,0.296,25,12,18.12,0,0
NMR-504042,Worker,Colony-B,25.9,93,0.43,33.1,11.5,6.68,10.68,0.17,25,11,23.53,1,0
NMR-506181,Worker,Colony-B,28.2,36,0.241,32.0,15.4,8.5,15.28,0.467,25,13,25.7,1,0
NMR-507198,Worker,Colony-A,32.9,99,0.195,33.2,10.1,8.48,13.41,0.222,28,13,23.27,1,1
NMR-501158,Queen,Colony-E,55.7,54,0.32,32.8,8.5,5.43,7.84,0.403,34,11,21.95,0,1
NMR-509545,Worker,Colony-D,25.9,62,0.322,32.4,9.1,7.59,17.69,0.088,22,11,17.85,1,1
NMR-502707,Worker,Colony-D,38.1,159,0.367,33.0,17.3,6.25,22.74,0.274,15,15,18.2,0,0
NMR-503102,Worker,Colony-A,29.6,47,0.257,31.8,26.6,7.85,10.31,0.144,28,12,21.26,1,1
NMR-502730,Soldier,Colony-C,38.2,50,0.172,31.0,17.4,4.72,10.29,0.162,19,11,20.09,1,0
NMR-507252,Worker,Colony-B,23.1,94,0.344,31.9,27.7,6.46,24.23,0.238,19,16,21.72,1,1
NMR-505663,Worker,Colony-D,18.6,51,0.308,33.5,33.0,7.84,15.37,0.31,20,12,20.56,0,0
NMR-508484,Breeder,Colony-A,40.3,58,0.247,32.9,16.5,5.88,5.98,0.144,28,20,19.28,0,0
NMR-506520,Worker,Colony-B,33.3,56,0.434,33.2,15.6,4.68,11.65,0.243,15,10,18.11,1,0
NMR-504439,Worker,Colony-C,28.0,38,0.323,32.9,29.6,7.41,10.15,0.111,23,11,17.42,0,0
NMR-505708,Breeder,Colony-B,38.9,43,0.395,32.4,13.3,7.25,4.86,0.289,23,10,16.93,0,0
NMR-503893,Soldier,Colony-C,37.1,69,0.295,32.9,32.9,8.75,15.64,0.336,31,12,20.13,1,1
NMR-505322,Worker,Colony-D,26.3,42,0.303,32.5,18.0,6.39,18.36,0.094,30,8,16.44,0,1
NMR-502571,Worker,Colony-A,29.7,84,0.255,31.9,18.0,6.7,12.83,0.145,28,8,25.94,1,1
NMR-504693,Worker,Colony-D,23.5,22,0.255,32.1,6.4,7.04,9.17,0.436,24,8,19.27,1,1
NMR-508851,Worker,Colony-E,28.5,73,0.28,32.8,27.1,7.68,8.67,0.364,27,13,22.22,1,0
NMR-502872,Worker,Colony-B,28.2,68,0.4,30.3,21.3,7.14,21.12,0.225,27,14,21.34,0,0
NMR-502825,Soldier,Colony-C,38.6,71,0.39,32.6,26.2,6.05,4.09,0.482,19,9,21.17,1,1
NMR-504488,Worker,Colony-D,20.3,95,0.205,32.6,25.4,6.5,11.31,0.394,31,12,15.1,0,1
NMR-503557,Worker,Colony-E,30.7,43,0.389,32.0,19.5,7.14,12.01,0.519,20,9,15.9,0,1
NMR-503056,Queen,Colony-D,52.1,45,0.172,31.6,20.8,5.0,0.25,0.359,23,12,18.45,1,1
NMR-503896,Worker,Colony-A,33.8,48,0.242,32.3,25.6,6.46,9.89,0.13,19,8,15.3,0,1
NMR-504511,Soldier,Colony-E,24.0,87,0.25,32.2,19.4,7.41,10.54,0.472,24,13,21.75,1,1
NMR-508935,Worker,Colony-E,36.2,93,0.177,31.7,20.3,6.82,8.15,0.193,16,13,22.22,1,1
NMR-503184,Worker,Colony-B,17.6,35,0.449,32.7,13.0,9.2,11.04,0.443,21,10,22.32,0,0
NMR-501605,Worker,Colony-C,37.0,23,0.176,32.9,15.7,7.41,24.48,0.356,16,7,15.05,0,0
NMR-501148,Soldier,Colony-A,37.2,114,0.201,32.5,30.7,7.85,15.56,0.213,17,12,17.82,0,1
NMR-508886,Breeder,Colony-E,50.1,25,0.258,31.8,22.6,5.85,12.1,0.316,24,13,21.45,1,1
NMR-505789,Soldier,Colony-A,26.6,88,0.395,31.7,21.6,6.83,5.57,0.299,32,7,14.68,0,1
NMR-508954,Worker,Colony-C,27.7,44,0.241,31.6,6.4,6.91,11.28,0.359,28,8,18.59,0,0
NMR-506584,Soldier,Colony-E,36.4,62,0.309,32.3,15.1,6.97,11.41,0.382,27,20,19.77,0,1
NMR-508093,Worker,Colony-D,32.7,93,0.35,32.6,9.0,6.69,9.05,0.211,20,13,17.62,0,1
NMR-502712,Worker,Colony-E,36.9,63,0.306,32.2,19.0,5.28,25.38,0.062,23,10,18.02,1,0
NMR-502255,Soldier,Colony-E,33.7,34,0.199,32.5,35.1,6.97,4.55,0.307,19,10,22.11,1,0
NMR-508048,Queen,Colony-C,43.0,123,0.223,31.4,26.7,8.84,-3.05,0.23,23,12,18.73,0,1
NMR-509560,Worker,Colony-E,24.5,165,0.195,32.0,18.9,7.11,13.1,0.227,28,14,18.19,1,1
NMR-508957,Worker,Colony-E,31.7,62,0.276,32.7,29.2,5.41,8.94,0.293,33,10,20.83,1,0
NMR-503471,Soldier,Colony-E,38.3,61,0.248,32.4,12.7,4.65,25.33,0.22,28,15,23.0,1,1
NMR-504710,Breeder,Colony-D,40.9,37,0.246,32.6,27.5,5.67,3.38,0.304,27,7,21.13,1,1
NMR-505266,Worker,Colony-D,33.7,27,0.236,32.3,13.8,7.58,7.82,0.172,26,11,19.12,0,0
NMR-507695,Worker,Colony-C,19.8,64,0.305,32.4,11.3,5.91,13.48,0.16,27,8,21.53,0,1
NMR-501175,Worker,Colony-B,35.1,175,0.302,32.0,26.6,7.14,22.21,0.636,27,11,16.66,1,1
NMR-500888,Soldier,Colony-B,26.8,70,0.283,32.3,5.5,6.89,5.71,0.306,18,16,20.79,0,1
NMR-509617,Worker,Colony-D,10.0,80,0.199,31.1,19.1,5.98,18.81,0.126,28,17,21.99,1,0
NMR-507725,Worker,Colony-E,30.3,164,0.206,32.8,5.5,6.89,15.09,0.352,19,8,19.2,0,0
NMR-502688,Soldier,Colony-E,35.5,56,0.24,31.7,22.1,6.48,9.71,0.241,29,11,18.06,1,0
NMR-506132,Queen,Colony-A,47.2,73,0.254,31.3,13.1,7.94,-1.69,0.198,28,17,24.07,1,1
NMR-501738,Worker,Colony-A,30.7,48,0.296,32.6,9.7,8.98,23.73,0.358,24,20,14.14,0,1
NMR-505778,Soldier,Colony-E,34.3,36,0.253,32.2,15.6,6.09,7.25,0.258,23,13,14.77,1,1
NMR-502700,Soldier,Colony-C,29.9,42,0.345,32.4,27.2,7.73,4.28,0.284,23,6,27.74,1,0
NMR-503625,Worker,Colony-C,28.2,47,0.185,31.2,15.6,5.41,13.51,0.214,25,9,20.89,1,1
NMR-506115,Soldier,Colony-C,24.4,72,0.221,33.3,37.0,6.84,16.0,0.269,20,17,16.53,1,1
NMR-509537,Worker,Colony-D,21.5,96,0.194,31.8,8.6,7.31,11.69,0.372,22,7,25.04,1,1
NMR-507626,Soldier,Colony-D,28.1,39,0.181,32.1,15.6,7.05,8.01,0.351,27,8,20.44,1,1
NMR-504555,Worker,Colony-A,27.2,84,0.211,32.3,25.2,6.88,10.78,0.673,31,12,16.16,0,1
NMR-501410,Worker,Colony-A,27.9,85,0.534,32.8,13.5,8.27,14.96,0.472,15,10,21.2,0,1
NMR-502923,Worker,Colony-E,32.0,61,0.24,30.5,20.3,7.3,11.33,0.504,20,6,17.51,1,0
NMR-508672,Worker,Colony-B,32.4,31,0.241,31.4,9.8,7.46,10.47,0.371,29,6,17.64,0,0
NMR-500915,Worker,Colony-A,36.5,41,0.208,32.9,35.3,5.67,10.2,0.273,30,11,14.97,1,1
NMR-502622,Worker,Colony-E,28.5,33,0.256,31.9,26.3,7.0,12.75,0.281,24,9,24.01,1,0
NMR-502399,Breeder,Colony-D,46.7,57,0.211,31.9,19.8,7.3,8.5,0.39,27,10,20.91,1,1
NMR-505947,Soldier,Colony-D,35.7,117,0.214,33.0,23.3,6.18,8.19,0.21,19,10,23.81,1,0
NMR-501150,Worker,Colony-E,33.4,33,0.207,32.5,36.8,5.62,8.18,0.385,16,13,27.11,1,1
NMR-501610,Worker,Colony-E,31.0,40,0.204,32.0,31.3,7.17,14.83,0.35,24,17,21.14,1,0
NMR-503952,Worker,Colony-B,31.6,28,0.222,32.8,15.3,6.18,9.07,0.115,25,8,15.79,0,1
NMR-502879,Soldier,Colony-C,34.9,51,0.272,32.9,15.0,8.48,16.1,0.198,29,10,20.77,1,1
NMR-508535,Worker,Colony-A,21.7,43,0.346,32.4,17.1,7.99,11.25,0.622,24,11,18.99,1,1
NMR-507877,Worker,Colony-E,20.4,36,0.298,30.5,13.5,7.12,15.03,0.378,24,14,22.16,0,0
NMR-500685,Worker,Colony-B,30.1,45,0.193,32.8,19.7,7.49,10.87,0.24,25,8,16.76,0,1
NMR-500742,Breeder,Colony-B,38.0,45,0.173,33.3,15.7,6.57,5.96,0.117,20,13,21.33,0,0
NMR-505659,Worker,Colony-E,28.0,27,0.228,32.7,25.3,4.58,15.2,0.491,23,10,19.76,1,1
NMR-504987,Soldier,Colony-A,35.9,50,0.297,32.2,52.7,6.29,8.88,0.154,24,8,20.2,1,1
NMR-507146,Soldier,Colony-B,33.9,98,0.167,31.7,26.6,6.71,16.09,0.101,22,10,22.09,1,1
NMR-508521,Worker,Colony-B,22.1,57,0.229,31.6,8.2,7.1,24.64,0.297,22,10,19.36,0,1
NMR-504342,Worker,Colony-E,32.3,57,0.241,30.8,24.0,7.7,17.73,0.278,32,7,21.23,1,0
NMR-505244,Worker,Colony-A,45.3,68,0.193,32.8,15.1,5.6,6.08,0.431,20,18,18.7,0,0
NMR-505227,Soldier,Colony-E,42.2,64,0.275,32.5,17.6,8.29,10.29,0.428,25,13,18.36,0,1
NMR-509469,Worker,Colony-B,21.9,41,0.204,31.8,14.0,7.86,17.14,0.323,20,8,23.01,1,1
NMR-503530,Soldier,Colony-C,39.2,20,0.314,33.4,23.3,4.93,13.61,0.322,24,8,14.02,0,1
NMR-506079,Worker,Colony-B,31.7,50,0.27,32.6,19.0,6.78,9.67,0.239,20,8,24.03,1,1
NMR-504434,Worker,Colony-D,24.4,43,0.206,31.7,14.9,5.79,10.7,0.264,29,11,20.1,1,1
NMR-509815,Worker,Colony-A,32.0,47,0.303,31.8,23.9,7.21,18.18,0.118,18,13,25.07,1,0
NMR-506238,Worker,Colony-C,34.7,54,0.394,32.7,5.3,7.19,13.3,0.201,20,9,22.43,0,0
NMR-509352,Worker,Colony-B,40.3,27,0.173,32.6,24.8,7.28,13.65,0.375,18,12,18.88,1,1
NMR-500473,Worker,Colony-B,34.1,77,0.225,32.5,10.2,6.45,30.08,0.328,21,6,22.69,0,1
NMR-501567,Worker,Colony-D,24.4,110,0.293,32.3,19.5,8.86,12.44,0.575,25,5,20.43,0,1
NMR-505962,Worker,Colony-B,34.4,42,0.292,33.3,19.0,6.19,28.84,0.45,19,6,19.75,0,0
NMR-502010,Worker,Colony-C,33.7,65,0.37,31.4,19.1,7.29,22.73,0.359,33,12,21.14,1,1
NMR-501516,Breeder,Colony-D,38.5,34,0.214,30.5,17.4,6.3,3.35,0.341,18,12,18.2,0,0
NMR-501293,Worker,Colony-D,32.6,55,0.193,31.4,20.9,6.77,25.59,0.436,23,11,16.72,1,0
NMR-503183,Worker,Colony-C,39.9,45,0.292,32.8,21.1,6.4,9.57,0.101,19,7,21.29,0,1
NMR-504573,Soldier,Colony-D,32.6,121,0.251,31.8,9.0,6.62,6.56,0.214,24,13,23.38,1,1
NMR-501313,Worker,Colony-E,35.2,67,0.221,32.8,37.7,7.18,8.57,0.109,16,14,16.57,1,0
NMR-509178,Worker,Colony-B,27.9,104,0.234,32.2,15.5,7.82,10.29,0.296,21,16,25.21,1,1
NMR-509629,Breeder,Colony-C,37.4,33,0.376,32.0,22.6,4.77,6.39,0.351,35,12,16.89,0,1
NMR-508883,Soldier,Colony-C,39.1,38,0.198,31.4,18.7,8.68,14.15,0.256,18,11,20.02,1,0
NMR-507392,Worker,Colony-E,28.1,60,0.185,33.2,27.4,7.36,18.31,0.255,26,8,16.85,1,0
NMR-504082,Worker,Colony-B,34.5,19,0.185,32.1,20.0,4.64,13.6,0.287,24,15,18.65,1,1
NMR-504859,Queen,Colony-A,48.9,42,0.283,33.8,12.5,5.97,5.77,0.545,25,9,22.11,0,0
NMR-508210,Worker,Colony-D,30.5,39,0.295,33.2,18.8,7.2,17.09,0.266,26,7,25.38,1,1
NMR-506643,Worker,Colony-A,33.9,27,0.292,31.6,7.4,6.58,24.01,0.301,21,10,19.17,0,1
NMR-509519,Worker,Colony-C,22.3,91,0.31,31.7,12.8,5.91,13.78,0.4,21,10,16.29,0,0
NMR-504377,Worker,Colony-B,36.4,38,0.232,33.2,17.4,6.59,11.34,0.417,26,9,16.04,0,0
NMR-506406,Breeder,Colony-E,37.5,41,0.306,31.2,11.4,4.75,2.2,0.158,28,17,13.4,0,0
NMR-504238,Worker,Colony-A,28.4,65,0.186,32.0,14.6,6.95,10.91,0.286,33,10,21.95,0,1
NMR-506839,Worker,Colony-E,23.8,53,0.267,31.9,12.3,6.49,10.99,0.08,27,10,16.85,1,1
NMR-500567,Worker,Colony-E,30.7,55,0.216,30.7,14.4,5.84,12.8,0.387,30,10,23.46,1,0
NMR-505874,Soldier,Colony-E,38.9,39,0.341,32.0,5.9,6.85,11.52,0.376,20,9,19.08,0,1
NMR-500362,Worker,Colony-A,24.5,103,0.202,32.9,20.2,6.87,28.84,0.312,19,3,19.33,1,1
NMR-505849,Worker,Colony-D,34.7,56,0.22,32.0,30.4,6.22,12.43,0.658,21,15,19.55,1,0
NMR-504195,Worker,Colony-D,36.5,29,0.281,32.6,31.0,4.92,8.86,0.094,25,12,18.48,0,1
NMR-509175,Soldier,Colony-D,36.3,123,0.321,32.2,37.0,7.15,19.56,0.428,20,11,24.71,1,1
NMR-506063,Worker,Colony-B,33.8,63,0.169,31.4,11.7,6.15,8.5,0.567,21,5,23.78,1,0
NMR-506334,Soldier,Colony-B,29.4,60,0.265,33.0,48.8,8.54,16.81,0.168,24,9,18.05,1,1
NMR-509939,Soldier,Colony-D,31.6,96,0.41,32.4,17.3,5.22,10.31,0.194,34,10,15.36,0,0
NMR-505531,Soldier,Colony-C,29.1,31,0.342,32.8,26.6,6.56,6.88,0.121,24,13,19.42,1,1
NMR-502630,Worker,Colony-C,23.5,118,0.231,33.4,51.1,8.15,8.94,0.11,22,11,15.8,1,1
NMR-504692,Worker,Colony-E,33.5,46,0.194,33.3,37.1,5.48,14.09,0.142,26,6,22.34,1,0
NMR-508287,Worker,Colony-C,25.4,60,0.208,32.3,20.3,6.08,12.64,0.163,22,9,20.31,1,0
NMR-506974,Soldier,Colony-E,35.2,43,0.333,31.6,15.6,7.98,8.62,0.327,18,15,25.97,1,1
NMR-501132,Soldier,Colony-E,32.7,66,0.34,32.5,21.6,7.41,7.31,0.457,30,15,19.5,0,1
NMR-509413,Worker,Colony-E,34.3,89,0.213,31.7,8.4,5.54,13.53,0.235,21,10,18.62,0,0
NMR-502739,Worker,Colony-C,25.7,75,0.251,32.9,11.5,6.46,11.4,0.394,26,13,23.63,1,0
NMR-508687,Worker,Colony-A,43.3,29,0.176,33.9,12.9,7.86,9.29,0.269,25,14,20.47,0,0
NMR-503639,Breeder,Colony-C,37.4,64,0.354,32.2,29.5,8.09,2.69,0.442,17,10,19.82,0,1
NMR-503533,Breeder,Colony-B,32.4,152,0.333,33.7,19.2,5.39,3.72,0.313,31,9,25.31,1,0
NMR-500721,Worker,Colony-C,24.3,69,0.344,33.0,25.6,6.5,10.82,0.113,25,8,25.11,1,0
NMR-509211,Soldier,Colony-E,32.0,23,0.215,31.2,12.1,6.03,8.39,0.268,22,10,18.41,1,1
NMR-509965,Soldier,Colony-D,35.8,32,0.169,32.4,10.6,6.1,13.04,0.388,23,18,23.8,0,1
NMR-503941,Soldier,Colony-B,30.1,76,0.307,32.2,12.3,5.32,35.77,0.161,33,10,19.03,0,0
NMR-508738,Soldier,Colony-B,43.2,62,0.338,31.8,28.6,6.68,4.5,0.497,20,12,14.15,1,1
NMR-509671,Worker,Colony-E,22.7,69,0.232,31.5,21.1,6.88,14.68,0.352,29,11,16.4,0,1
NMR-506287,Soldier,Colony-A,39.4,80,0.253,32.3,13.6,9.17,20.85,0.411,18,14,22.46,0,1
NMR-505910,Worker,Colony-A,25.5,34,0.251,31.2,18.0,5.06,13.8,0.364,20,9,20.52,0,1
NMR-502671,Soldier,Colony-D,29.6,81,0.352,32.3,13.4,7.33,5.27,0.194,26,14,18.17,0,1
NMR-501515,Worker,Colony-B,29.3,43,0.179,31.8,11.4,6.7,12.89,0.274,22,14,23.85,1,1
NMR-507879,Queen,Colony-A,52.8,105,0.225,33.2,26.2,5.14,5.66,0.166,36,12,22.09,1,0
NMR-506685,Soldier,Colony-D,27.5,112,0.36,31.7,12.5,8.53,12.96,0.486,18,11,15.0,0,1
NMR-506272,Soldier,Colony-B,37.8,30,0.384,32.3,12.1,6.36,10.05,0.083,16,13,20.58,0,1
NMR-501389,Worker,Colony-D,33.8,23,0.236,31.5,33.2,6.47,14.28,0.306,17,13,20.7,1,1
NMR-507020,Breeder,Colony-C,39.7,90,0.255,31.6,18.3,5.56,14.89,0.442,29,8,17.68,1,0
NMR-508786,Soldier,Colony-E,34.2,62,0.282,33.1,18.5,7.02,9.85,0.244,27,14,20.36,1,0
NMR-501341,Worker,Colony-B,28.6,125,0.357,34.5,21.1,5.54,17.64,0.438,32,6,23.9,1,0
NMR-506453,Worker,Colony-D,31.1,62,0.171,31.5,18.3,6.46,11.01,0.188,32,17,16.76,1,0
NMR-507225,Worker,Colony-A,27.5,119,0.219,33.1,10.7,6.16,25.99,0.232,13,11,18.24,0,0
NMR-505949,Soldier,Colony-E,37.4,17,0.191,31.4,15.0,5.67,3.28,0.19,22,6,15.41,0,1
NMR-504103,Worker,Colony-E,20.3,52,0.268,31.0,22.5,7.6,7.83,0.13,21,5,20.57,0,0
NMR-501268,Soldier,Colony-D,28.0,76,0.238,32.0,13.2,7.87,10.09,0.095,31,10,22.54,0,1
NMR-508448,Breeder,Colony-E,48.3,41,0.229,31.8,23.1,5.07,10.38,0.247,17,11,14.45,0,1
NMR-501709,Breeder,Colony-B,40.0,31,0.201,32.7,18.7,5.29,5.71,0.505,29,9,18.06,0,1
NMR-501295,Worker,Colony-B,25.5,85,0.288,31.5,19.1,9.0,12.89,0.322,20,10,18.53,0,1
NMR-502791,Soldier,Colony-C,30.7,32,0.211,32.5,23.1,5.86,8.1,0.294,17,7,25.29,1,1
NMR-502939,Soldier,Colony-D,28.9,66,0.203,32.3,14.8,7.02,7.78,0.214,24,12,22.45,1,1
NMR-503425,Breeder,Colony-A,37.6,39,0.308,31.8,32.6,5.88,6.28,0.194,31,7,20.45,0,1
NMR-507881,Worker,Colony-A,36.4,66,0.254,31.9,18.3,8.41,16.96,0.431,21,13,14.56,0,1
NMR-500115,Worker,Colony-D,22.7,56,0.212,30.6,23.3,6.55,10.42,0.697,30,8,16.96,0,0
NMR-501305,Worker,Colony-C,29.4,137,0.275,33.4,17.3,6.72,7.17,0.323,22,6,28.41,1,0
NMR-507882,Worker,Colony-D,34.3,95,0.21,31.3,18.9,6.0,16.72,0.305,19,11,16.32,0,1
NMR-503489,Breeder,Colony-D,29.6,26,0.356,31.0,11.4,6.85,3.35,0.117,18,8,15.38,0,0
NMR-501202,Worker,Colony-A,40.2,76,0.248,31.7,26.6,5.69,16.13,0.196,26,12,21.26,1,0
NMR-502608,Soldier,Colony-E,26.0,29,0.258,33.1,15.7,8.32,13.23,0.397,23,6,19.71,0,0
NMR-501763,Worker,Colony-D,28.2,128,0.18,33.4,23.6,7.25,16.44,0.598,22,13,18.52,0,1
NMR-500133,Worker,Colony-B,19.9,86,0.173,29.2,16.2,7.08,13.34,0.367,23,11,22.08,0,0
NMR-509809,Breeder,Colony-A,47.3,64,0.183,32.6,12.5,8.7,0.72,0.301,23,10,22.0,1,0
NMR-508887,Queen,Colony-A,42.9,42,0.349,31.3,15.0,7.28,-0.37,0.357,21,12,13.53,0,0
NMR-501881,Soldier,Colony-B,34.5,37,0.29,30.6,14.8,7.44,21.47,0.373,29,10,17.39,0,0
NMR-505011,Worker,Colony-C,28.6,61,0.368,32.6,20.6,6.66,19.04,0.251,26,11,19.93,0,1
NMR-507955,Breeder,Colony-E,35.4,53,0.247,31.3,30.7,6.03,5.3,0.312,27,11,17.41,0,0
NMR-507803,Breeder,Colony-C,42.7,43,0.342,31.0,24.7,8.17,7.73,0.398,21,11,21.71,1,0
NMR-509236,Soldier,Colony-B,34.2,30,0.188,31.4,18.1,4.68,3.59,0.057,18,9,20.58,0,1
NMR-502794,Worker,Colony-E,22.3,39,0.301,33.1,19.7,6.05,11.86,0.254,25,8,19.89,1,1
NMR-500006,Worker,Colony-B,24.5,23,0.35,30.2,54.7,9.57,9.29,0.331,32,15,18.28,1,0
NMR-503779,Soldier,Colony-C,43.7,53,0.158,32.4,20.1,6.19,10.35,0.687,32,7,20.55,1,0
NMR-503168,Worker,Colony-E,25.8,100,0.246,31.2,10.3,6.21,8.34,0.137,30,10,14.21,0,0
NMR-502949,Worker,Colony-B,30.0,15,0.163,31.9,22.3,7.57,9.66,0.257,25,14,20.63,0,0
NMR-509217,Soldier,Colony-C,42.3,21,0.263,32.0,17.9,5.24,8.06,0.176,29,13,23.23,1,1
NMR-502263,Soldier,Colony-A,34.5,26,0.269,31.5,18.3,5.17,5.55,0.437,20,11,20.16,1,1
NMR-505170,Breeder,Colony-E,39.3,88,0.284,32.9,22.0,7.1,5.41,0.369,23,17,20.38,1,0
NMR-501478,Worker,Colony-D,39.9,61,0.168,32.2,19.1,7.21,11.33,0.239,27,10,20.83,1,1
NMR-501939,Worker,Colony-E,30.9,154,0.443,30.5,43.4,7.96,6.88,0.321,26,9,12.96,1,0
NMR-508374,Worker,Colony-D,24.2,39,0.186,32.6,12.3,8.38,10.76,0.317,29,6,20.44,0,0
NMR-508749,Worker,Colony-B,37.7,47,0.377,31.0,58.1,6.1,16.22,0.216,23,12,22.61,1,0
NMR-504707,Worker,Colony-A,21.1,42,0.308,33.2,36.9,8.14,14.55,0.19,22,15,24.75,1,0
NMR-501608,Soldier,Colony-A,31.4,80,0.283,31.3,9.4,7.08,10.27,0.296,25,11,20.19,0,0
NMR-508020,Worker,Colony-E,35.4,106,0.156,32.5,14.5,4.9,11.51,0.23,27,12,18.57,0,0
NMR-502072,Soldier,Colony-B,28.4,118,0.426,31.2,27.6,6.15,3.78,0.293,14,9,26.12,0,0
NMR-500672,Queen,Colony-C,46.3,68,0.25,31.6,11.6,5.74,12.84,0.293,18,12,24.26,0,1
NMR-506990,Worker,Colony-B,31.9,78,0.231,32.3,13.2,6.0,11.92,0.296,25,11,18.51,0,1
NMR-501846,Worker,Colony-D,23.2,89,0.264,33.5,17.5,7.26,15.07,0.235,18,6,24.34,1,0
NMR-501712,Soldier,Colony-D,32.2,80,0.221,32.2,23.9,6.6,15.12,0.351,20,9,18.75,0,1
NMR-508988,Worker,Colony-C,30.3,56,0.257,32.2,17.4,5.32,7.61,0.297,21,8,18.82,0,1
NMR-508859,Worker,Colony-C,34.1,76,0.217,31.4,22.9,8.39,11.36,0.037,28,9,24.28,1,1
NMR-504478,Worker,Colony-C,27.8,56,0.289,32.6,8.7,7.68,13.02,0.479,18,11,18.19,0,1
NMR-502309,Breeder,Colony-A,38.7,38,0.351,32.9,29.4,6.75,4.82,0.227,15,11,18.44,0,0
NMR-506111,Soldier,Colony-B,38.3,100,0.176,32.3,19.8,5.3,17.3,0.146,26,13,17.71,1,0
NMR-500122,Soldier,Colony-C,32.7,44,0.486,32.7,7.7,6.18,7.61,0.358,16,9,20.39,0,1
NMR-505881,Worker,Colony-A,36.3,79,0.215,31.7,12.4,6.79,11.79,0.18,18,9,19.51,0,1
NMR-500804,Soldier,Colony-B,30.1,47,0.193,32.6,16.4,7.76,8.55,0.576,19,19,17.43,0,0
NMR-507294,Breeder,Colony-E,35.0,79,0.243,32.3,19.6,5.38,1.65,0.405,30,13,21.25,0,0
NMR-503790,Soldier,Colony-E,36.5,107,0.182,33.2,13.2,7.61,11.54,0.346,21,11,18.55,1,1
NMR-503811,Worker,Colony-D,25.6,51,0.183,32.7,35.3,5.83,9.8,0.048,19,16,21.34,1,1
NMR-506465,Worker,Colony-C,21.2,94,0.252,32.0,17.7,7.79,13.71,0.276,22,14,12.5,0,1
NMR-507359,Soldier,Colony-C,31.7,50,0.383,32.3,39.7,5.03,9.52,0.419,23,14,17.75,0,1
NMR-507848,Soldier,Colony-B,44.6,116,0.261,31.2,19.9,4.91,7.96,0.286,24,11,21.95,1,0
NMR-506727,Soldier,Colony-E,23.5,80,0.195,32.8,10.6,6.33,7.67,0.308,19,9,19.18,0,1
NMR-500355,Worker,Colony-D,27.8,88,0.29,30.9,19.1,6.56,11.72,0.133,33,17,17.05,0,0
NMR-508583,Worker,Colony-C,31.1,36,0.233,32.4,13.6,5.79,9.99,0.352,16,11,21.63,1,1
NMR-500300,Worker,Colony-D,33.8,60,0.273,31.9,21.6,6.36,7.7,0.354,26,10,20.95,1,1
NMR-509056,Queen,Colony-E,45.0,48,0.212,32.4,16.7,7.58,2.97,0.326,25,5,16.57,0,1
NMR-503418,Worker,Colony-E,31.7,141,0.268,32.8,42.9,8.54,9.25,0.225,25,12,19.44,1,1
NMR-503235,Worker,Colony-B,26.0,31,0.281,32.2,19.6,7.11,6.16,0.193,14,11,22.54,0,0
NMR-509090,Soldier,Colony-A,39.5,77,0.144,32.8,10.6,6.0,22.04,0.527,31,11,18.6,0,1
NMR-507687,Worker,Colony-E,27.1,32,0.111,33.0,19.9,7.06,15.72,0.395,26,13,15.95,0,1
NMR-509188,Soldier,Colony-D,39.5,60,0.22,32.6,10.4,5.54,2.32,0.173,18,6,18.21,0,1
NMR-509638,Worker,Colony-D,28.2,80,0.377,31.7,26.1,7.82,18.85,0.12,23,10,19.0,0,1
NMR-509220,Worker,Colony-A,23.9,180,0.238,33.0,21.3,7.14,16.56,0.194,31,6,14.29,0,0
NMR-501957,Worker,Colony-C,26.6,32,0.164,31.6,20.6,6.21,7.79,0.255,28,13,15.05,0,1
NMR-506473,Worker,Colony-D,33.6,70,0.377,32.6,14.9,7.04,21.94,0.292,29,9,18.13,0,1
NMR-507891,Worker,Colony-A,32.0,94,0.168,31.1,12.4,5.55,9.04,0.342,25,10,18.5,0,0
NMR-502187,Queen,Colony-D,38.4,50,0.189,30.9,30.0,4.99,2.92,0.708,18,9,21.92,1,1
NMR-500474,Breeder,Colony-D,37.3,47,0.183,31.9,23.8,6.36,9.27,0.075,17,5,20.3,1,1
NMR-500942,Worker,Colony-B,37.8,24,0.131,32.6,22.9,6.4,7.89,0.255,32,11,20.45,1,1
NMR-503332,Worker,Colony-A,31.5,87,0.171,33.0,20.5,8.34,10.37,0.326,19,11,19.54,1,1
NMR-501169,Worker,Colony-A,37.6,59,0.364,31.7,29.7,7.69,13.39,0.14,29,16,11.47,1,1
NMR-506590,Queen,Colony-C,56.6,75,0.271,33.9,28.4,7.41,-0.83,0.316,20,12,19.89,1,0
NMR-508816,Queen,Colony-A,48.7,32,0.277,32.5,19.4,6.55,3.79,0.183,29,7,18.12,1,0
NMR-503456,Worker,Colony-A,31.2,151,0.225,32.3,17.9,6.12,8.38,0.129,26,7,22.62,1,0
NMR-505938,Soldier,Colony-D,44.0,83,0.17,31.2,10.8,7.21,10.0,0.531,32,9,19.82,1,0
NMR-503761,Worker,Colony-A,32.9,46,0.242,31.8,19.5,6.03,13.3,0.261,25,8,18.05,1,1
NMR-501543,Worker,Colony-D,19.1,36,0.243,32.5,17.4,6.0,10.57,0.051,30,10,22.15,1,1
NMR-503148,Worker,Colony-A,37.8,42,0.337,30.6,19.3,8.04,19.23,0.232,15,7,19.16,0,0
NMR-503662,Worker,Colony-E,24.4,72,0.302,32.1,37.4,7.14,11.11,0.655,23,14,18.73,1,1
NMR-505434,Worker,Colony-C,36.1,81,0.3,32.2,28.5,5.94,9.81,0.638,24,10,13.23,0,1
NMR-509760,Worker,Colony-C,27.2,34,0.23,32.7,24.6,7.38,8.09,0.24,26,12,15.26,1,1
NMR-500906,Worker,Colony-A,25.2,51,0.289,32.3,30.6,6.61,9.48,0.54,28,14,20.09,0,1
NMR-502547,Worker,Colony-A,24.9,62,0.207,31.0,15.0,7.54,12.73,0.226,27,15,18.02,0,0
NMR-504087,Soldier,Colony-E,28.0,27,0.195,32.3,11.6,5.66,8.03,0.256,19,12,20.09,0,1
NMR-501220,Worker,Colony-C,37.9,36,0.461,32.3,47.3,8.35,10.65,0.247,30,13,15.06,0,0
NMR-505913,Worker,Colony-E,27.9,21,0.229,33.2,14.6,5.59,14.55,0.281,23,13,22.51,1,1
NMR-501983,Breeder,Colony-D,48.6,96,0.134,32.4,9.3,6.87,12.61,0.489,15,13,20.5,0,1
NMR-507835,Worker,Colony-E,25.9,72,0.434,33.2,17.1,7.02,13.37,0.319,24,14,12.07,0,1
NMR-508632,Worker,Colony-A,30.5,32,0.237,33.0,15.3,6.41,13.0,0.301,24,10,20.29,0,0
NMR-508224,Soldier,Colony-E,26.5,69,0.241,32.9,17.6,7.98,12.91,0.456,29,17,23.05,1,1
NMR-508351,Worker,Colony-B,29.8,61,0.32,33.1,27.8,6.83,11.83,0.277,20,12,17.45,0,1
NMR-505969,Soldier,Colony-B,32.5,65,0.238,32.2,7.5,5.56,14.55,0.127,19,13,18.85,0,0
NMR-502112,Worker,Colony-B,32.5,79,0.334,33.2,18.6,4.37,11.35,0.09,35,11,20.31,1,0
NMR-505240,Worker,Colony-B,31.3,75,0.152,32.3,10.9,5.09,20.27,0.23,30,12,18.53,1,1
NMR-501636,Worker,Colony-C,33.7,68,0.328,29.9,30.4,6.14,14.08,0.129,24,6,12.84,1,0
NMR-508760,Worker,Colony-A,33.1,29,0.234,31.7,17.9,6.98,8.88,0.293,23,11,19.85,1,0
NMR-501593,Worker,Colony-D,24.9,117,0.302,32.4,11.5,7.93,12.09,0.554,30,9,20.47,1,1
NMR-509909,Worker,Colony-E,37.3,66,0.22,32.1,19.2,6.15,18.16,0.241,19,11,21.24,0,0
NMR-503918,Soldier,Colony-E,33.8,37,0.234,32.7,39.1,6.03,9.64,0.358,17,13,16.12,1,1
NMR-504979,Worker,Colony-E,28.6,25,0.193,32.6,27.7,7.68,19.03,0.225,31,7,17.03,1,0
NMR-502481,Worker,Colony-B,46.3,23,0.17,31.5,46.0,7.99,23.53,0.163,34,11,23.25,1,0
NMR-508432,Soldier,Colony-C,33.5,56,0.253,31.3,16.4,8.25,15.09,0.348,28,11,19.3,1,0
NMR-503645,Worker,Colony-E,35.4,110,0.277,30.6,8.1,5.48,19.37,0.693,21,5,19.87,0,0
NMR-507200,Worker,Colony-D,28.6,47,0.449,32.3,36.0,3.89,25.17,0.193,25,17,19.16,0,1
NMR-505847,Worker,Colony-A,37.3,72,0.296,32.2,12.9,8.24,11.77,0.136,28,10,17.47,0,1
NMR-507417,Soldier,Colony-D,35.0,64,0.271,31.4,19.5,6.58,11.94,0.559,25,13,17.56,0,0
NMR-500294,Worker,Colony-D,31.9,52,0.296,32.3,11.4,4.73,9.88,0.459,25,18,20.49,0,1
NMR-508015,Worker,Colony-D,28.3,83,0.23,32.3,26.3,4.37,21.38,0.363,24,7,20.21,0,0
NMR-501416,Breeder,Colony-E,35.4,76,0.311,31.2,9.5,6.5,2.89,0.223,25,9,24.19,1,0
NMR-509136,Worker,Colony-E,24.0,9,0.204,33.2,12.9,7.34,13.91,0.419,29,9,18.71,0,0
NMR-501766,Soldier,Colony-A,35.7,59,0.332,32.9,14.1,8.39,7.32,0.52,20,11,22.64,0,1
NMR-502887,Queen,Colony-B,56.2,30,0.288,31.9,12.6,3.91,8.2,0.266,37,5,22.67,1,1
NMR-508220,Worker,Colony-C,41.5,26,0.222,33.6,17.8,6.15,23.02,0.345,25,10,21.77,1,0
NMR-500125,Breeder,Colony-D,38.4,41,0.198,30.3,31.4,4.71,3.9,0.454,25,15,18.1,1,0
NMR-500191,Worker,Colony-E,19.8,59,0.231,32.2,44.2,8.37,9.5,0.239,28,15,17.35,1,1
NMR-507821,Breeder,Colony-C,34.3,95,0.186,32.1,12.4,7.81,8.26,0.348,25,15,18.21,1,1
NMR-502138,Breeder,Colony-D,40.8,50,0.303,31.2,13.1,5.57,8.47,0.357,12,11,27.86,1,0
NMR-506245,Worker,Colony-B,37.6,33,0.441,32.5,21.4,6.48,9.13,0.155,27,9,18.46,0,1
NMR-500674,Breeder,Colony-C,50.1,26,0.248,32.2,16.6,7.96,7.8,0.381,33,12,15.94,0,0
NMR-503904,Worker,Colony-D,39.5,23,0.301,33.0,10.2,6.79,14.61,0.265,30,7,16.96,0,0
NMR-504649,Soldier,Colony-B,38.9,40,0.518,32.2,14.5,8.07,16.62,0.564,18,14,21.63,0,0
NMR-502852,Worker,Colony-D,34.6,54,0.37,31.6,8.8,7.44,7.6,0.264,26,17,19.16,0,0
NMR-504900,Worker,Colony-B,25.0,66,0.179,32.0,13.7,7.84,22.63,0.261,18,9,20.53,0,1
NMR-508362,Breeder,Colony-D,31.2,31,0.294,33.9,5.0,4.93,16.9,0.19,21,15,20.27,0,1
NMR-506603,Worker,Colony-C,26.7,44,0.286,31.6,15.6,5.82,7.67,0.337,31,11,21.76,1,1
NMR-505344,Worker,Colony-E,33.3,44,0.183,32.4,17.2,7.6,20.64,0.39,27,14,23.97,1,1
NMR-509798,Worker,Colony-C,34.3,100,0.361,32.7,28.0,6.19,9.39,0.231,18,14,14.85,0,0
NMR-500067,Worker,Colony-E,26.6,27,0.359,31.6,24.4,8.08,24.06,0.4,25,10,20.7,0,0
NMR-507083,Queen,Colony-B,56.7,23,0.3,32.8,10.9,7.17,7.2,0.314,20,10,20.76,0,0
NMR-504073,Worker,Colony-C,25.6,66,0.13,32.7,18.7,7.37,11.79,0.26,18,14,19.71,1,1
NMR-501307,Queen,Colony-C,41.5,145,0.208,31.7,19.3,7.45,9.66,0.108,21,14,15.85,0,1
NMR-501439,Worker,Colony-D,29.5,49,0.226,31.9,14.8,4.78,20.45,0.553,24,21,25.45,1,1
NMR-503164,Soldier,Colony-B,32.0,37,0.428,32.7,44.6,6.7,12.64,0.393,11,8,16.0,0,1
NMR-503831,Worker,Colony-C,33.6,94,0.232,31.6,6.9,7.94,16.76,0.366,21,9,21.5,0,1
NMR-509166,Worker,Colony-B,21.0,53,0.261,31.6,33.6,8.72,15.48,0.173,25,10,21.34,1,1
NMR-505823,Worker,Colony-A,24.6,78,0.287,33.2,16.8,4.54,11.01,0.374,33,12,23.59,1,0
NMR-505988,Breeder,Colony-D,42.6,83,0.164,32.3,37.8,5.09,3.66,0.342,26,15,19.15,1,0
NMR-506832,Breeder,Colony-D,45.8,28,0.225,33.2,13.2,5.08,5.16,0.122,18,12,14.65,0,1
NMR-502812,Breeder,Colony-C,41.3,56,0.233,34.7,14.0,6.0,5.45,0.071,25,16,18.05,0,0
NMR-501859,Soldier,Colony-E,43.1,99,0.207,33.2,12.2,8.4,10.1,0.279,24,11,25.75,1,1
NMR-508146,Worker,Colony-D,27.5,186,0.172,33.8,47.8,6.54,16.96,0.414,22,6,17.32,1,0
NMR-504079,Worker,Colony-D,18.5,48,0.297,31.5,12.5,7.79,19.4,0.079,18,9,18.23,0,0
NMR-507574,Worker,Colony-B,33.2,86,0.311,32.9,17.6,6.35,11.83,0.358,27,13,19.63,0,0
NMR-508402,Worker,Colony-E,35.5,28,0.379,31.0,13.8,7.68,10.37,0.329,19,8,17.04,0,0
NMR-503792,Soldier,Colony-A,23.4,119,0.364,32.9,20.5,7.75,19.51,0.409,18,9,17.62,0,1
NMR-503301,Soldier,Colony-A,37.0,36,0.221,33.1,18.8,6.52,7.88,0.149,22,9,15.37,1,1
NMR-500326,Worker,Colony-C,24.9,44,0.322,32.9,19.0,4.43,18.76,0.26,33,14,18.8,0,1
NMR-504035,Worker,Colony-B,27.3,63,0.171,33.1,29.6,5.91,22.4,0.336,25,10,20.11,0,1
NMR-504397,Breeder,Colony-D,42.1,59,0.245,32.9,8.9,4.64,5.66,0.175,24,13,17.07,0,0
NMR-506006,Soldier,Colony-A,38.1,47,0.232,31.5,20.3,5.6,15.02,0.284,15,3,17.06,0,1
NMR-503298,Soldier,Colony-A,36.6,134,0.445,31.1,29.3,6.72,10.32,0.295,23,12,24.66,1,0
NMR-502407,Worker,Colony-C,32.9,30,0.379,32.2,18.8,4.74,8.71,0.203,21,16,18.22,0,1
NMR-506969,Worker,Colony-D,27.6,23,0.22,32.4,23.7,6.74,6.68,0.172,22,8,20.34,1,0
NMR-505654,Breeder,Colony-D,38.1,74,0.329,30.8,20.6,8.1,6.71,0.299,28,9,25.63,0,0
NMR-507651,Worker,Colony-D,35.6,68,0.186,31.9,32.8,7.98,14.27,0.136,23,13,18.07,1,1
NMR-500756,Worker,Colony-D,26.5,144,0.22,32.8,32.9,5.29,21.36,0.263,19,12,25.1,1,0
NMR-509526,Breeder,Colony-A,44.9,90,0.246,33.5,17.8,7.17,13.45,0.233,27,8,12.56,0,1
NMR-506325,Soldier,Colony-A,22.0,66,0.212,31.6,20.6,7.14,6.95,0.225,28,16,14.01,0,1
NMR-508208,Soldier,Colony-B,40.0,93,0.212,32.9,25.4,6.38,7.98,0.386,24,7,24.21,1,0
NMR-506860,Worker,Colony-A,21.4,56,0.254,32.4,16.1,7.09,7.65,0.19,27,4,19.02,0,1
NMR-502361,Worker,Colony-D,23.6,76,0.297,33.3,19.3,8.7,27.34,0.175,19,20,18.42,0,1
NMR-500590,Worker,Colony-D,24.6,63,0.274,31.4,28.4,3.93,19.88,0.131,25,8,19.7,1,0
NMR-507165,Worker,Colony-D,30.0,41,0.166,33.2,13.8,7.18,15.83,0.34,14,7,17.14,1,0
NMR-500998,Soldier,Colony-C,34.6,22,0.309,32.2,25.9,7.89,11.43,0.247,23,8,20.79,1,0
NMR-507043,Breeder,Colony-E,40.2,27,0.277,33.0,25.7,5.76,5.13,0.302,26,10,17.79,1,0
NMR-507275,Soldier,Colony-D,33.8,50,0.185,32.7,34.9,7.99,9.88,0.101,28,11,21.37,1,1
NMR-501190,Worker,Colony-A,34.7,21,0.291,31.2,12.1,6.42,10.45,0.373,28,14,21.2,1,1
NMR-507825,Worker,Colony-A,28.4,51,0.197,32.6,16.7,5.73,6.82,0.188,24,10,25.07,1,1
NMR-502513,Worker,Colony-A,34.1,23,0.428,32.2,49.4,8.0,20.36,0.365,21,12,21.46,1,0
NMR-500636,Worker,Colony-C,40.3,30,0.3,31.9,25.4,6.7,29.2,0.205,16,12,18.42,0,1
NMR-502999,Worker,Colony-A,27.1,54,0.211,31.5,12.1,4.83,20.02,0.252,25,12,17.36,1,0
NMR-501991,Worker,Colony-D,24.7,83,0.261,31.5,40.0,4.93,24.31,0.253,21,11,20.3,1,0
NMR-501915,Worker,Colony-A,29.2,72,0.256,33.7,30.8,4.53,16.55,0.499,21,9,19.5,1,0
NMR-509223,Worker,Colony-B,43.6,66,0.28,31.8,19.2,6.37,10.84,0.447,30,10,16.25,0,0
NMR-506997,Breeder,Colony-D,52.7,40,0.219,33.0,11.9,6.56,3.03,0.211,26,5,19.16,0,1
NMR-505051,Soldier,Colony-B,37.3,52,0.195,30.7,8.7,6.59,6.14,0.308,21,7,13.9,0,0
NMR-505500,Worker,Colony-A,40.0,60,0.173,32.2,10.6,7.73,8.32,0.339,22,8,18.51,0,1
NMR-503694,Soldier,Colony-A,31.1,102,0.361,33.7,15.6,7.95,3.96,0.508,27,15,18.22,0,0
NMR-506665,Soldier,Colony-C,30.1,189,0.172,31.4,12.9,6.6,11.24,0.422,25,14,18.39,0,0
NMR-502023,Worker,Colony-B,36.8,34,0.298,32.3,11.9,6.33,18.41,0.374,27,12,24.73,1,1
NMR-501395,Worker,Colony-E,29.1,64,0.177,32.8,26.8,7.28,11.5,0.21,21,12,20.66,1,0
NMR-500135,Worker,Colony-B,29.3,18,0.328,31.4,77.3,7.17,15.44,0.247,23,12,19.69,1,1
NMR-501818,Soldier,Colony-E,38.7,57,0.411,32.7,9.5,7.16,12.18,0.289,25,10,17.9,0,0
NMR-502077,Soldier,Colony-A,33.0,133,0.212,33.9,20.5,9.07,11.91,0.06,20,7,19.83,1,1
NMR-506201,Soldier,Colony-E,29.6,34,0.175,33.7,13.1,7.31,14.81,0.424,25,16,19.85,1,0
NMR-502372,Worker,Colony-E,30.2,77,0.172,31.1,29.7,9.06,9.79,0.436,24,10,20.64,1,0
NMR-506155,Soldier,Colony-D,33.0,63,0.181,33.0,11.5,6.85,14.35,0.601,34,14,18.51,1,1
NMR-503901,Soldier,Colony-C,32.6,97,0.296,33.8,16.7,5.9,5.64,0.13,25,18,22.92,0,0
NMR-501986,Worker,Colony-A,29.3,77,0.164,32.2,6.1,3.96,27.38,0.409,31,9,21.78,1,0
NMR-503299,Soldier,Colony-D,44.8,113,0.361,31.7,23.6,5.71,10.81,0.351,38,10,23.9,0,0
NMR-502510,Worker,Colony-E,30.6,46,0.289,33.5,66.1,7.15,10.7,0.235,18,8,20.96,1,0
NMR-505157,Worker,Colony-D,32.2,56,0.258,32.1,26.8,6.99,23.88,0.577,21,13,15.31,1,1
NMR-504305,Worker,Colony-E,44.5,111,0.199,33.0,39.2,7.12,14.9,0.237,25,11,15.53,1,1
NMR-501191,Soldier,Colony-A,33.3,109,0.19,34.0,15.5,5.99,12.35,0.445,21,13,20.85,1,0
NMR-500524,Breeder,Colony-E,38.8,29,0.203,33.0,6.2,6.27,5.39,0.253,23,11,19.93,0,1
NMR-501470,Breeder,Colony-A,37.3,35,0.256,31.4,29.9,6.72,4.0,0.25,22,11,18.24,1,0
NMR-507930,Worker,Colony-A,39.4,90,0.195,32.6,25.6,8.35,11.88,0.196,15,11,18.53,1,1
NMR-500531,Worker,Colony-A,27.4,35,0.261,33.0,40.0,7.46,18.33,0.389,19,13,19.0,1,0
NMR-500369,Worker,Colony-E,24.7,112,0.184,34.0,15.2,4.43,9.69,0.282,28,18,19.67,0,0
NMR-505383,Worker,Colony-B,36.2,62,0.198,33.7,7.2,8.05,14.18,0.29,25,12,18.52,0,0
NMR-501952,Worker,Colony-B,25.4,63,0.201,33.9,12.2,7.45,10.39,0.426,34,13,15.85,0,0
NMR-505144,Worker,Colony-C,26.9,82,0.217,32.5,53.3,7.45,16.71,0.707,23,16,19.07,1,1
NMR-509160,Worker,Colony-B,25.4,32,0.244,32.6,22.6,7.81,11.06,0.544,24,6,17.79,1,1
NMR-509854,Worker,Colony-E,28.8,92,0.306,31.0,13.8,9.23,15.23,0.371,28,12,25.55,1,0
NMR-508682,Breeder,Colony-B,38.8,92,0.241,31.9,21.9,7.36,3.03,0.264,14,10,15.9,0,1
NMR-506078,Worker,Colony-E,35.6,95,0.217,31.7,21.2,7.32,7.15,0.239,33,10,25.75,1,1
NMR-500454,Worker,Colony-C,24.3,21,0.257,33.2,16.5,6.73,9.84,0.291,26,11,21.64,0,1
NMR-503858,Worker,Colony-E,30.7,44,0.191,32.6,15.2,8.12,32.96,0.464,27,7,20.97,0,0
NMR-502452,Worker,Colony-B,30.8,36,0.262,33.5,12.7,9.35,13.23,0.357,30,1,24.31,1,0
NMR-505712,Worker,Colony-D,34.9,29,0.379,31.7,32.6,6.76,11.53,0.175,27,13,25.31,0,0
NMR-509417,Worker,Colony-E,25.1,50,0.19,31.6,39.7,5.89,14.47,0.34,33,11,18.42,1,0
NMR-505696,Worker,Colony-C,32.4,53,0.19,32.9,18.6,6.9,16.58,0.211,22,16,18.21,1,0
NMR-509984,Soldier,Colony-D,38.6,85,0.361,33.3,29.6,6.16,21.59,0.463,24,11,18.35,0,0
NMR-503666,Soldier,Colony-E,40.5,84,0.154,31.4,19.1,7.33,7.37,0.315,23,15,10.48,1,0
NMR-500386,Worker,Colony-B,35.9,142,0.572,30.6,12.2,6.82,15.64,0.549,20,9,16.82,0,1
NMR-508395,Worker,Colony-E,29.3,101,0.296,31.1,13.2,6.22,10.58,0.434,23,11,21.7,1,0
NMR-508599,Worker,Colony-B,27.9,50,0.223,32.3,23.4,7.05,12.0,0.227,24,9,21.19,1,1
NMR-502861,Breeder,Colony-A,35.2,28,0.377,31.6,6.0,7.49,4.57,0.484,13,15,13.55,0,0
NMR-501223,Worker,Colony-E,25.8,59,0.251,30.8,20.3,5.32,18.41,0.375,20,9,18.6,1,0
NMR-500059,Worker,Colony-B,27.8,89,0.258,30.3,22.3,7.52,10.09,0.24,18,14,20.89,1,1
NMR-505533,Worker,Colony-C,32.9,87,0.234,31.4,27.7,7.76,7.42,0.453,17,14,19.44,1,0
NMR-503671,Worker,Colony-D,22.3,47,0.342,32.7,24.9,6.54,10.42,0.583,20,19,12.79,0,1
NMR-501108,Worker,Colony-B,40.3,54,0.201,32.3,16.5,6.85,14.38,0.046,29,12,16.61,1,1
NMR-504101,Worker,Colony-A,36.1,29,0.144,32.7,11.4,6.64,9.21,0.414,30,6,16.52,0,0
NMR-504584,Worker,Colony-C,22.7,81,0.14,32.7,26.6,7.93,17.94,0.246,20,19,17.45,1,1
NMR-506093,Soldier,Colony-A,32.1,43,0.107,32.6,11.6,7.49,8.2,0.341,29,8,18.53,0,0
NMR-500004,Soldier,Colony-B,32.7,103,0.415,31.2,13.6,5.38,10.74,0.421,24,9,22.0,0,0
NMR-503268,Worker,Colony-D,32.9,68,0.222,32.9,17.9,5.91,24.42,0.426,21,8,22.2,0,1
NMR-505019,Soldier,Colony-E,29.8,395,0.251,32.1,15.2,6.59,7.42,0.413,30,11,25.56,1,0
NMR-509208,Worker,Colony-E,32.4,99,0.258,32.8,12.9,8.21,15.16,0.408,19,13,24.29,1,1
NMR-505891,Worker,Colony-B,22.1,89,0.198,31.3,23.1,5.62,12.34,0.26,19,8,20.79,1,0
NMR-502815,Soldier,Colony-E,36.3,33,0.165,32.0,23.9,8.18,22.18,0.476,22,6,14.96,1,0
NMR-502652,Worker,Colony-D,32.0,35,0.227,33.0,20.5,3.8,9.64,0.389,24,12,19.12,0,1
NMR-501464,Soldier,Colony-A,42.7,38,0.207,31.7,20.7,6.79,14.55,0.279,23,13,17.93,1,1
NMR-507565,Worker,Colony-E,37.7,88,0.253,32.7,9.7,8.08,16.38,0.299,24,17,18.07,0,1
NMR-500011,Worker,Colony-D,30.5,61,0.343,30.9,16.2,6.99,11.52,0.199,23,12,20.73,0,0
NMR-509283,Worker,Colony-A,26.7,89,0.195,32.2,12.8,6.84,16.62,0.098,26,9,20.79,1,1
NMR-504759,Breeder,Colony-E,40.7,103,0.408,32.9,13.7,7.94,3.95,0.449,32,14,22.46,0,1
NMR-505337,Worker,Colony-D,30.8,21,0.312,32.2,25.2,8.31,22.61,0.265,25,10,12.79,0,0
NMR-506286,Worker,Colony-D,29.3,62,0.275,32.2,7.2,6.86,29.47,0.174,22,12,25.22,1,1
NMR-500034,Worker,Colony-C,25.9,37,0.319,31.0,15.2,8.48,10.85,0.345,31,8,26.81,1,0
NMR-503090,Breeder,Colony-E,49.9,36,0.302,34.6,23.0,6.8,8.76,0.75,17,11,18.28,0,0
NMR-503851,Worker,Colony-B,26.9,127,0.21,33.0,13.8,7.02,20.42,0.366,20,10,18.89,0,1
NMR-505971,Worker,Colony-E,32.2,155,0.144,32.5,18.6,7.68,9.76,0.23,23,15,24.19,1,1
NMR-507411,Worker,Colony-A,19.5,77,0.378,33.6,13.2,7.74,9.73,0.593,28,8,14.92,0,1
NMR-502253,Worker,Colony-D,27.0,36,0.202,29.9,32.1,5.6,19.15,0.69,18,11,18.7,1,0
NMR-507703,Soldier,Colony-C,28.6,81,0.196,31.2,37.1,5.19,9.12,0.157,31,9,14.8,1,0
NMR-504209,Worker,Colony-E,37.0,33,0.197,32.6,11.9,7.02,9.56,0.427,32,12,20.99,1,1
NMR-503615,Breeder,Colony-D,39.4,72,0.308,31.7,29.4,7.09,3.2,0.18,30,11,25.99,1,1
NMR-509749,Soldier,Colony-D,30.4,50,0.275,32.0,31.4,6.91,12.05,0.282,25,7,15.84,0,1
NMR-506307,Worker,Colony-B,38.4,70,0.203,31.8,26.9,7.05,15.56,0.19,22,6,18.19,1,1
NMR-508145,Soldier,Colony-A,33.2,42,0.2,32.6,22.5,8.77,8.48,0.132,24,19,18.77,1,1
NMR-508637,Soldier,Colony-E,33.5,43,0.259,32.2,17.0,5.98,7.71,0.336,25,9,20.3,0,1
NMR-505277,Worker,Colony-A,28.7,52,0.251,31.8,25.7,7.17,19.99,0.306,30,19,18.93,1,1
NMR-500092,Worker,Colony-D,31.2,127,0.151,31.8,13.5,5.96,12.35,0.13,32,12,19.83,0,0
NMR-506071,Breeder,Colony-A,51.3,42,0.131,33.1,13.7,7.01,5.84,0.162,15,13,20.82,1,0
NMR-509198,Worker,Colony-C,28.0,50,0.456,31.3,12.1,7.23,12.15,0.413,11,6,20.92,0,0
NMR-505122,Breeder,Colony-E,31.9,86,0.268,32.7,17.9,4.71,5.33,0.172,26,16,20.32,1,0
NMR-505012,Worker,Colony-A,28.2,76,0.245,33.4,13.1,7.53,8.67,0.357,31,14,19.24,0,1
NMR-501500,Soldier,Colony-E,31.0,64,0.179,33.1,25.2,5.32,20.37,0.421,23,15,14.87,0,1
NMR-509476,Breeder,Colony-A,42.0,54,0.239,31.6,28.2,6.72,4.68,0.24,23,7,16.52,1,0
NMR-509866,Soldier,Colony-E,38.6,94,0.152,33.2,12.1,7.75,9.84,0.372,28,11,22.91,1,1
NMR-506338,Worker,Colony-E,28.1,39,0.474,31.5,26.0,7.04,13.83,0.257,17,13,19.79,1,1
NMR-506206,Worker,Colony-C,33.5,74,0.169,33.3,31.1,7.43,6.97,0.388,24,8,18.32,0,0
NMR-504098,Worker,Colony-A,35.6,55,0.323,31.1,13.3,8.25,8.75,0.358,19,10,19.25,0,0
NMR-503214,Worker,Colony-B,29.0,96,0.328,33.3,40.6,6.61,13.36,0.05,21,9,13.89,1,0
NMR-501591,Soldier,Colony-C,26.7,20,0.321,31.6,8.1,7.94,5.86,0.455,25,11,20.94,0,0
NMR-504251,Queen,Colony-C,39.8,37,0.223,32.8,9.9,7.92,7.82,0.436,28,10,25.91,0,0
NMR-506151,Worker,Colony-C,46.1,35,0.243,32.8,16.5,6.72,13.88,0.193,23,7,14.94,0,0
NMR-506534,Worker,Colony-D,36.3,105,0.331,34.4,15.7,7.62,17.79,0.272,18,10,20.14,0,0
NMR-507982,Breeder,Colony-C,43.2,35,0.349,31.0,13.1,7.91,13.68,0.333,23,11,18.41,0,0
NMR-501406,Worker,Colony-E,23.6,147,0.183,32.7,14.1,6.42,12.64,0.308,16,7,14.73,0,0
NMR-503300,Worker,Colony-A,36.2,63,0.349,31.3,23.5,6.57,13.5,0.215,28,13,15.08,0,0
NMR-502234,Breeder,Colony-E,37.9,64,0.204,32.9,22.7,5.71,4.74,0.168,25,4,12.81,0,0
NMR-507767,Worker,Colony-E,29.7,17,0.242,32.2,13.3,6.29,15.94,0.245,25,7,24.18,1,1
NMR-504533,Soldier,Colony-B,37.4,52,0.359,31.8,10.5,7.06,7.06,0.283,20,4,23.77,0,1
NMR-507635,Worker,Colony-A,28.7,57,0.177,32.0,22.4,9.65,7.82,0.144,28,6,16.18,0,0
NMR-504142,Worker,Colony-A,25.7,54,0.253,32.9,27.6,5.85,19.42,0.498,27,12,17.92,1,1
NMR-506461,Soldier,Colony-D,36.5,61,0.275,32.6,25.2,8.48,9.67,0.195,28,11,22.76,1,1
NMR-509046,Worker,Colony-B,28.8,42,0.153,33.3,11.4,7.37,13.35,0.368,25,11,21.02,0,0
NMR-509111,Worker,Colony-A,30.3,60,0.219,33.2,12.7,7.65,24.66,0.536,21,9,19.26,0,0
NMR-503101,Worker,Colony-A,23.6,66,0.173,31.4,16.9,5.7,17.24,0.468,24,10,22.51,1,0
NMR-501633,Queen,Colony-D,38.9,39,0.279,31.6,23.6,5.14,10.1,0.431,22,9,22.95,1,1
NMR-501363,Breeder,Colony-B,35.1,98,0.267,31.7,26.5,7.34,6.85,0.367,22,16,16.98,0,1
NMR-506675,Worker,Colony-D,25.4,32,0.286,31.8,16.3,5.47,13.67,0.359,22,18,17.23,0,1
NMR-500164,Breeder,Colony-C,34.6,51,0.298,33.8,9.0,6.86,4.61,0.297,25,11,22.69,0,0
NMR-500055,Worker,Colony-C,32.4,19,0.273,31.8,22.2,7.97,12.35,0.283,21,11,20.73,1,0
NMR-509345,Worker,Colony-D,34.6,42,0.216,30.6,11.1,9.31,23.85,0.2,20,14,16.27,1,0
NMR-509230,Worker,Colony-E,41.4,28,0.264,32.0,27.5,6.2,9.86,0.327,25,19,25.58,1,1
NMR-506527,Worker,Colony-D,23.7,33,0.186,32.2,10.8,6.37,9.21,0.454,30,10,15.56,1,1
NMR-502641,Soldier,Colony-C,26.8,71,0.159,33.1,28.8,6.35,7.99,0.254,32,8,11.17,1,0
NMR-508411,Soldier,Colony-A,34.5,75,0.266,30.2,37.1,6.58,25.08,0.321,28,16,19.44,1,0
NMR-502301,Worker,Colony-B,27.9,54,0.235,32.9,17.1,6.91,12.18,0.41,27,16,19.42,0,0
NMR-506493,Soldier,Colony-B,28.8,37,0.301,32.0,24.7,6.17,4.67,0.093,25,9,14.71,0,1
NMR-503481,Worker,Colony-E,34.0,190,0.257,33.5,19.6,6.38,17.14,0.517,26,14,19.55,1,0
NMR-507578,Worker,Colony-E,31.3,31,0.233,32.5,24.6,6.35,13.07,0.225,21,10,17.25,1,1
NMR-505508,Soldier,Colony-A,26.4,60,0.186,33.5,9.4,8.08,2.61,0.281,19,9,21.75,0,0
NMR-507492,Soldier,Colony-A,26.9,64,0.278,31.4,15.8,6.95,7.19,0.098,24,13,17.81,0,1
NMR-506773,Worker,Colony-D,41.1,105,0.162,32.8,15.8,6.47,12.22,0.507,20,10,14.87,1,0
NMR-505046,Breeder,Colony-D,31.9,54,0.258,31.8,26.6,6.2,2.52,0.202,24,8,25.55,0,1
NMR-502742,Worker,Colony-A,32.0,18,0.197,32.9,17.9,6.95,10.91,0.127,22,6,24.17,1,0
NMR-500661,Worker,Colony-E,22.5,25,0.316,31.4,22.3,6.18,14.05,0.429,12,5,20.8,1,0
NMR-506777,Soldier,Colony-A,32.8,82,0.204,31.4,7.2,6.51,8.16,0.203,36,13,14.82,0,1
NMR-506092,Soldier,Colony-E,35.2,57,0.29,32.2,9.2,8.24,9.14,0.162,27,14,18.99,0,1
NMR-501456,Worker,Colony-E,31.1,62,0.306,31.6,17.3,6.08,21.43,0.318,25,10,18.14,0,1
NMR-501594,Worker,Colony-C,24.7,52,0.396,32.2,24.5,6.27,9.82,0.154,24,12,19.27,0,1
NMR-500338,Queen,Colony-A,47.3,30,0.347,33.0,6.8,5.02,5.54,0.162,31,16,15.32,0,1
NMR-506828,Worker,Colony-D,28.9,108,0.272,33.5,44.2,6.69,9.95,0.307,28,11,9.89,0,0
NMR-506588,Worker,Colony-B,27.9,101,0.195,32.8,18.8,7.93,9.83,0.174,18,6,17.49,1,1
NMR-503763,Queen,Colony-A,49.0,50,0.259,31.7,14.3,7.11,-0.18,0.352,34,18,16.07,0,1
NMR-506060,Breeder,Colony-D,44.4,43,0.159,33.5,26.1,6.17,2.93,0.207,21,7,17.32,1,0
NMR-500336,Soldier,Colony-D,30.0,109,0.424,29.8,10.8,5.45,9.41,0.371,17,12,19.3,0,0
NMR-501511,Worker,Colony-E,41.6,59,0.311,33.6,22.4,6.43,10.71,0.329,26,12,21.96,1,0
NMR-509794,Soldier,Colony-B,26.9,63,0.138,31.6,33.0,6.27,20.38,0.436,23,7,19.34,1,0
NMR-507059,Soldier,Colony-B,36.9,112,0.255,30.3,30.2,5.68,7.12,0.114,21,12,22.22,1,0
NMR-507196,Breeder,Colony-E,45.1,67,0.259,33.0,13.5,5.66,3.32,0.491,35,16,19.33,1,0
NMR-503241,Worker,Colony-E,35.9,123,0.244,32.5,26.0,8.81,10.85,0.137,26,15,20.3,1,1
NMR-501512,Worker,Colony-A,16.9,60,0.239,32.2,10.5,9.01,15.08,0.389,25,7,13.13,1,1
NMR-505416,Soldier,Colony-A,46.6,35,0.321,31.1,27.0,7.15,13.04,0.347,21,12,22.91,1,0
NMR-502193,Queen,Colony-D,54.6,133,0.166,31.8,9.2,6.32,0.31,0.316,25,10,17.4,0,0
NMR-504530,Breeder,Colony-A,41.0,44,0.205,31.6,14.2,4.71,7.09,0.411,22,10,16.96,0,1
NMR-504636,Worker,Colony-E,23.6,56,0.168,33.2,16.5,8.39,12.51,0.247,30,8,24.36,0,0
NMR-505989,Worker,Colony-E,31.9,51,0.176,32.8,13.0,6.63,10.31,0.254,21,8,17.25,1,1
NMR-509765,Worker,Colony-B,29.0,94,0.303,32.9,31.1,7.05,31.11,0.223,23,9,17.69,1,1
NMR-508538,Queen,Colony-C,48.7,35,0.238,31.4,31.9,4.22,6.23,0.369,30,13,20.16,1,1
NMR-509508,Worker,Colony-E,28.0,82,0.467,32.4,18.3,8.25,12.81,0.41,28,12,12.31,0,1
NMR-509484,Worker,Colony-B,15.2,33,0.286,31.0,16.4,7.73,13.89,0.471,26,4,19.58,1,0
NMR-506449,Worker,Colony-D,30.2,44,0.343,30.9,16.6,6.44,10.0,0.122,24,17,18.48,0,0
NMR-509801,Soldier,Colony-B,37.7,36,0.295,32.8,12.8,7.07,8.39,0.377,24,7,23.02,1,0
NMR-504299,Worker,Colony-B,31.8,66,0.17,32.4,21.0,5.68,8.16,0.319,16,15,16.15,1,1
NMR-502629,Worker,Colony-B,33.9,99,0.287,33.2,9.2,8.24,11.59,0.539,28,8,23.57,0,1
NMR-509868,Worker,Colony-C,25.1,25,0.34,34.0,19.3,7.46,14.53,0.492,22,15,19.63,0,0
NMR-503903,Worker,Colony-C,35.5,61,0.316,31.7,12.8,5.58,24.1,0.528,22,9,14.87,0,1
NMR-504493,Breeder,Colony-A,38.9,34,0.321,32.7,19.9,5.37,2.37,0.396,20,13,18.21,0,1
NMR-504646,Breeder,Colony-E,41.4,67,0.318,31.1,12.5,5.14,6.25,0.331,28,11,21.17,1,0
NMR-508927,Worker,Colony-E,36.5,43,0.339,33.1,17.5,7.38,13.78,0.182,22,7,13.8,0,0
NMR-501797,Soldier,Colony-E,32.3,35,0.191,30.2,16.8,6.29,7.05,0.293,15,11,22.21,1,1
NMR-506312,Worker,Colony-B,37.3,56,0.308,32.6,62.4,6.75,14.21,0.501,22,4,23.07,1,1
NMR-501886,Worker,Colony-E,29.7,36,0.146,32.7,19.5,8.18,12.27,0.174,24,9,15.43,0,0
NMR-501494,Worker,Colony-A,40.1,69,0.382,32.6,28.6,6.63,12.08,0.216,23,13,21.25,0,1
NMR-506357,Soldier,Colony-A,37.9,36,0.292,33.4,24.7,8.08,8.3,0.585,27,9,18.28,0,0
NMR-502131,Worker,Colony-A,29.0,84,0.327,31.7,7.5,6.75,7.29,0.337,20,10,20.17,0,1
NMR-508941,Soldier,Colony-E,22.3,131,0.256,31.5,36.6,8.95,11.04,0.23,27,16,17.4,1,1
NMR-502199,Soldier,Colony-A,37.4,60,0.243,33.2,21.2,6.53,5.24,0.283,27,10,24.22,0,1
NMR-504338,Worker,Colony-A,12.3,66,0.183,32.8,13.7,5.44,20.89,0.118,29,11,20.7,1,0
NMR-508417,Breeder,Colony-A,43.2,37,0.291,32.0,17.8,6.67,1.08,0.281,16,11,15.96,0,1
NMR-507892,Breeder,Colony-C,32.6,47,0.254,31.5,18.6,5.1,11.2,0.461,21,12,19.18,0,1
NMR-506259,Worker,Colony-A,31.3,39,0.166,31.1,14.4,6.62,8.15,0.302,23,12,16.93,1,0
NMR-508813,Worker,Colony-A,30.6,57,0.296,30.9,40.0,5.75,12.11,0.323,25,11,21.09,1,0
NMR-504738,Worker,Colony-C,30.7,40,0.281,33.9,26.1,8.11,8.7,0.349,26,10,20.39,0,0
NMR-500780,Worker,Colony-D,25.5,78,0.157,31.4,22.9,5.2,15.0,0.478,23,8,14.08,1,0
NMR-508140,Soldier,Colony-C,34.7,23,0.116,30.6,15.2,5.42,8.68,0.125,23,7,12.8,0,1
NMR-509143,Queen,Colony-B,46.8,56,0.352,30.9,31.2,7.58,3.74,0.602,19,16,19.61,1,0
NMR-505553,Worker,Colony-A,27.6,67,0.137,32.4,17.2,8.23,8.29,0.067,24,8,27.38,1,1
NMR-501914,Worker,Colony-A,32.1,75,0.314,31.8,24.9,6.71,13.07,0.299,25,10,19.94,1,1
NMR-509575,Worker,Colony-C,33.9,54,0.187,32.7,15.6,7.22,10.84,0.303,23,11,18.12,1,1
NMR-506722,Worker,Colony-A,24.7,24,0.257,31.7,15.8,8.59,18.73,0.601,26,8,18.2,0,0
NMR-506957,Worker,Colony-C,29.8,31,0.254,31.2,22.1,6.93,14.06,0.536,21,13,18.38,0,0
NMR-500182,Soldier,Colony-D,44.1,42,0.138,32.3,23.0,7.24,7.94,0.6,26,8,20.34,1,0
NMR-502156,Soldier,Colony-C,39.9,48,0.267,31.7,10.9,5.73,6.64,0.208,24,14,24.08,0,1
NMR-502553,Worker,Colony-A,29.4,53,0.214,33.5,17.5,6.74,9.47,0.139,23,13,24.02,1,0
NMR-506556,Worker,Colony-C,30.4,159,0.26,34.0,14.5,7.45,14.89,0.229,26,17,25.48,1,0
NMR-509261,Soldier,Colony-E,32.3,63,0.196,31.0,19.8,9.02,8.64,0.263,21,10,24.11,1,0
NMR-500228,Worker,Colony-E,27.4,24,0.453,31.9,41.3,5.96,10.48,0.181,25,11,19.38,1,1
NMR-500029,Worker,Colony-C,30.9,38,0.205,32.4,19.6,6.59,11.92,0.28,29,10,19.93,0,1
NMR-504497,Worker,Colony-B,32.5,69,0.406,31.3,18.2,7.33,12.05,0.355,19,14,14.72,0,0
NMR-507554,Soldier,Colony-D,34.1,131,0.239,32.0,18.0,7.39,10.18,0.459,27,17,17.85,0,1
NMR-508060,Worker,Colony-C,24.0,32,0.202,31.9,18.2,5.33,7.84,0.694,16,13,19.57,1,1
NMR-500382,Worker,Colony-A,25.9,88,0.247,32.0,13.7,7.79,29.79,0.403,27,13,20.06,0,1
NMR-500875,Soldier,Colony-D,33.4,52,0.262,33.9,14.1,6.12,2.85,0.322,21,10,23.63,0,0
NMR-507727,Worker,Colony-E,43.8,48,0.231,31.7,14.3,7.2,21.17,0.314,14,6,20.12,0,1
NMR-503657,Worker,Colony-E,44.7,31,0.189,32.5,26.6,5.96,8.71,0.521,26,7,18.04,1,1
NMR-503711,Soldier,Colony-C,28.4,61,0.303,31.4,21.2,7.11,12.47,0.207,29,18,16.76,0,0
NMR-504330,Breeder,Colony-A,42.8,36,0.226,31.8,26.6,7.47,3.53,0.232,23,14,20.12,1,0
NMR-501204,Worker,Colony-E,32.5,54,0.163,30.8,25.0,6.27,17.25,0.377,20,13,21.51,1,0
NMR-505744,Worker,Colony-D,24.9,33,0.263,30.6,16.5,8.15,8.82,0.438,22,8,16.54,0,0
NMR-504296,Soldier,Colony-E,26.7,38,0.357,33.7,29.7,7.62,3.95,0.154,25,5,20.71,1,0
NMR-500087,Worker,Colony-D,31.8,50,0.283,31.8,40.3,7.75,10.85,0.45,25,6,17.61,1,1
NMR-503419,Breeder,Colony-B,36.9,48,0.32,31.5,30.7,6.22,1.65,0.572,23,10,19.68,1,1
NMR-506443,Soldier,Colony-B,45.1,75,0.203,33.6,16.7,7.41,11.16,0.449,26,11,18.47,1,0
NMR-506220,Soldier,Colony-B,41.9,40,0.235,32.1,49.8,6.0,12.75,0.447,22,13,19.43,1,1
NMR-506830,Worker,Colony-D,15.9,31,0.327,31.4,10.3,7.27,10.34,0.315,20,12,24.41,1,0
NMR-506554,Worker,Colony-A,36.3,34,0.323,30.7,26.0,7.01,12.86,0.089,19,8,13.36,0,0
NMR-505678,Soldier,Colony-A,34.7,131,0.289,31.5,16.5,7.01,17.99,0.218,28,12,22.22,0,1
NMR-500547,Worker,Colony-C,27.4,41,0.195,33.1,6.1,8.3,8.18,0.211,20,13,12.1,0,0
NMR-502871,Worker,Colony-E,28.8,29,0.267,30.5,12.8,7.73,9.2,0.555,24,9,16.89,0,0
NMR-501114,Soldier,Colony-B,39.7,122,0.129,33.3,13.2,4.11,3.7,0.403,33,14,22.5,1,0
NMR-505229,Soldier,Colony-D,38.1,44,0.184,30.9,19.8,4.87,8.53,0.293,25,7,16.96,0,1
NMR-507762,Soldier,Colony-B,36.4,39,0.305,32.8,10.3,6.47,11.05,0.371,25,12,26.44,0,0
NMR-500734,Soldier,Colony-B,34.3,111,0.366,32.7,13.5,7.24,18.78,0.385,27,12,23.37,0,1
NMR-506822,Breeder,Colony-E,36.5,173,0.265,32.7,9.1,6.02,4.1,0.345,38,7,21.76,0,0
NMR-506570,Soldier,Colony-A,40.1,25,0.299,31.9,14.1,8.39,4.05,0.51,19,11,25.63,0,0
NMR-508916,Breeder,Colony-E,33.2,68,0.153,31.3,44.1,7.13,3.38,0.297,31,10,20.1,1,1
NMR-505241,Worker,Colony-B,29.1,67,0.254,32.8,21.5,6.92,7.68,0.079,24,12,19.45,1,1
NMR-502170,Soldier,Colony-B,46.4,104,0.245,30.6,26.0,6.17,15.05,0.107,21,11,23.61,0,0
NMR-500448,Worker,Colony-A,30.2,26,0.113,32.6,33.3,4.23,9.84,0.373,16,12,18.78,1,1
NMR-503346,Worker,Colony-A,24.7,100,0.193,32.3,25.2,7.5,32.73,0.229,22,9,21.58,1,1
NMR-502521,Soldier,Colony-D,29.0,132,0.189,31.8,23.2,6.75,16.89,0.075,18,7,19.04,0,1
NMR-509688,Worker,Colony-B,38.2,36,0.323,32.8,28.5,5.02,10.72,0.348,22,10,22.9,1,1
NMR-500861,Worker,Colony-A,33.9,104,0.244,31.4,24.0,7.07,15.39,0.094,33,8,15.15,1,1
NMR-504575,Soldier,Colony-E,28.5,39,0.145,30.6,13.5,7.24,12.47,0.313,32,14,20.65,1,0
NMR-504323,Worker,Colony-A,29.8,49,0.384,32.1,28.5,7.27,10.57,0.114,25,9,15.51,0,1
NMR-505128,Worker,Colony-D,32.0,50,0.267,33.2,21.7,8.74,10.02,0.081,23,11,19.37,1,0
NMR-500965,Worker,Colony-D,36.3,87,0.267,31.2,20.1,8.88,12.28,0.195,22,10,16.18,0,1
NMR-503522,Breeder,Colony-A,40.7,69,0.169,32.8,19.9,7.15,12.26,0.344,15,10,17.82,0,0
NMR-508253,Queen,Colony-C,46.0,45,0.324,33.2,9.0,8.98,-1.72,0.552,18,11,18.18,0,0
NMR-506800,Breeder,Colony-E,29.1,36,0.222,31.6,10.5,7.19,9.11,0.469,16,9,24.75,1,1
NMR-500645,Soldier,Colony-A,32.5,69,0.318,33.0,30.7,4.69,6.34,0.427,20,10,18.27,0,0
NMR-502476,Soldier,Colony-E,30.0,124,0.318,30.5,16.6,5.57,9.2,0.23,29,13,21.19,0,0
NMR-502809,Soldier,Colony-E,30.6,58,0.331,32.4,16.9,6.48,15.22,0.249,19,12,18.29,0,1
NMR-504441,Worker,Colony-E,41.3,64,0.322,31.8,14.2,6.37,10.07,0.506,34,11,20.34,0,0
NMR-509921,Worker,Colony-B,22.6,92,0.143,32.4,19.7,6.71,20.44,0.257,22,8,27.43,1,1
NMR-507034,Worker,Colony-B,40.1,94,0.287,31.7,17.1,6.68,9.47,0.479,15,8,20.19,0,0
NMR-500864,Worker,Colony-A,21.6,39,0.289,33.0,9.7,8.85,6.88,0.403,17,12,17.82,0,0
NMR-508226,Worker,Colony-E,28.2,70,0.141,33.9,39.8,6.81,13.33,0.127,28,11,18.84,1,0
NMR-508938,Worker,Colony-E,29.9,71,0.275,30.6,18.8,6.47,10.77,0.388,26,10,9.94,0,0
NMR-501582,Worker,Colony-D,25.1,48,0.243,31.4,23.3,6.15,13.53,0.122,18,10,16.89,1,1
NMR-503861,Soldier,Colony-D,28.5,51,0.289,31.9,16.1,8.94,6.98,0.113,22,9,15.84,0,0
NMR-503114,Worker,Colony-A,39.9,83,0.326,31.7,14.9,6.83,11.61,0.339,24,5,16.91,0,1
NMR-503099,Worker,Colony-B,16.8,74,0.299,32.7,23.9,7.91,19.55,0.194,25,9,24.83,1,1
NMR-501185,Soldier,Colony-E,38.9,86,0.223,32.1,29.1,6.25,15.3,0.177,29,8,13.51,0,0
NMR-503867,Soldier,Colony-D,41.8,36,0.217,32.4,21.7,6.13,11.24,0.103,31,6,19.08,1,1
NMR-501853,Soldier,Colony-E,25.7,44,0.282,32.3,18.0,8.47,9.27,0.133,15,9,21.04,0,1
NMR-500252,Worker,Colony-A,39.4,49,0.182,34.3,17.6,7.47,9.9,0.443,18,11,20.22,1,0
NMR-508498,Worker,Colony-A,26.0,19,0.284,32.5,13.0,5.12,14.18,0.187,25,6,16.27,0,1
NMR-507486,Worker,Colony-C,26.5,48,0.247,32.4,31.7,6.4,8.72,0.205,20,8,21.72,1,1
NMR-502417,Queen,Colony-E,41.4,61,0.258,30.2,8.5,5.39,6.69,0.084,21,13,17.59,0,0
NMR-508647,Worker,Colony-A,26.6,33,0.308,32.4,18.5,6.95,14.01,0.278,18,13,18.86,0,0
NMR-508342,Worker,Colony-D,26.1,20,0.254,31.3,11.1,6.68,8.33,0.254,24,5,17.54,0,1
NMR-509976,Queen,Colony-E,30.4,80,0.186,31.1,10.9,8.29,2.99,0.444,17,14,19.28,1,1
NMR-501757,Worker,Colony-D,28.9,94,0.26,32.2,15.8,5.34,17.23,0.132,17,13,23.74,0,0
NMR-504839,Worker,Colony-A,22.6,30,0.286,32.7,33.6,7.77,11.92,0.231,29,8,22.28,1,0
NMR-503120,Worker,Colony-C,32.1,27,0.196,31.8,57.6,8.58,6.63,0.12,23,11,22.43,1,0
NMR-507223,Soldier,Colony-E,28.7,59,0.29,31.1,28.3,7.18,4.45,0.236,25,8,20.28,0,0
NMR-507583,Worker,Colony-D,28.2,37,0.252,32.0,15.2,7.98,14.36,0.563,21,14,18.26,0,1
NMR-503028,Breeder,Colony-E,42.3,13,0.336,32.9,28.1,6.13,1.22,0.248,25,7,17.11,0,1
NMR-509264,Worker,Colony-C,31.0,39,0.393,32.4,10.3,5.85,11.34,0.4,31,9,16.64,0,1
NMR-509572,Queen,Colony-E,47.3,28,0.255,31.7,17.8,7.09,-0.4,0.358,21,9,13.69,0,0
NMR-505506,Queen,Colony-A,46.3,39,0.228,31.2,19.5,5.88,-0.76,0.31,30,11,17.74,0,1
NMR-503844,Worker,Colony-D,26.1,41,0.302,32.6,39.2,6.33,26.1,0.255,25,13,21.59,1,0
NMR-504454,Worker,Colony-D,35.9,37,0.264,31.8,38.2,8.45,10.19,0.35,17,8,15.64,1,0
NMR-509553,Worker,Colony-D,33.1,40,0.153,31.7,13.3,7.31,18.67,0.11,24,14,24.38,1,1
NMR-509746,Worker,Colony-A,31.0,26,0.222,32.6,20.9,6.88,12.7,0.389,28,5,27.65,1,1
NMR-504582,Worker,Colony-A,24.2,71,0.292,31.1,30.7,6.67,18.07,0.35,28,12,17.85,1,0
NMR-507264,Worker,Colony-A,26.6,33,0.36,31.7,17.4,6.77,9.78,0.38,25,16,25.15,0,0
NMR-500024,Worker,Colony-D,24.3,92,0.366,32.0,18.5,7.76,12.02,0.09,26,9,14.96,0,1
NMR-509437,Worker,Colony-C,30.9,82,0.356,32.0,20.8,6.58,9.99,0.334,26,11,17.28,0,1
NMR-505675,Worker,Colony-E,24.2,44,0.317,32.0,28.6,6.44,8.33,0.358,19,10,18.68,0,1
NMR-509555,Breeder,Colony-D,28.6,54,0.204,31.6,47.6,8.63,10.37,0.365,25,11,17.61,1,0
NMR-508125,Queen,Colony-E,50.7,47,0.273,32.1,16.5,7.29,4.42,0.261,33,11,21.17,1,0
NMR-506197,Soldier,Colony-A,30.1,20,0.253,31.5,15.7,7.81,11.85,0.365,20,10,19.87,0,0
NMR-503943,Worker,Colony-B,30.5,91,0.135,32.0,19.0,6.49,14.67,0.242,25,11,21.1,0,0
NMR-506940,Soldier,Colony-A,32.9,60,0.221,32.3,10.2,8.0,8.43,0.113,27,11,15.03,0,1
NMR-502378,Soldier,Colony-B,28.0,45,0.13,32.4,9.7,7.58,9.72,0.106,30,7,19.96,0,0
NMR-502153,Worker,Colony-A,29.3,122,0.348,31.7,22.5,7.64,29.13,0.162,23,20,17.68,0,1
NMR-508118,Breeder,Colony-C,46.4,46,0.285,32.2,10.1,7.46,3.67,0.194,26,14,17.39,0,1
NMR-503338,Breeder,Colony-B,48.7,48,0.217,32.9,18.3,6.76,9.96,0.155,16,15,17.77,0,0
NMR-500099,Soldier,Colony-E,36.5,55,0.374,34.0,25.7,6.03,11.67,0.095,27,10,18.94,1,0
NMR-502914,Soldier,Colony-C,31.5,63,0.521,32.9,6.3,7.07,6.79,0.219,17,13,22.85,0,1
NMR-502832,Worker,Colony-A,25.7,45,0.263,32.3,19.3,5.83,10.35,0.454,33,12,19.96,0,1
NMR-503476,Worker,Colony-B,41.8,105,0.196,32.7,20.7,6.57,16.43,0.382,16,14,18.59,0,1
NMR-500007,Soldier,Colony-A,36.1,73,0.187,32.5,27.2,3.81,15.88,0.366,12,13,18.96,0,0
NMR-504593,Soldier,Colony-A,33.9,49,0.456,31.8,19.6,7.99,7.77,0.428,31,10,26.68,0,1
NMR-504389,Breeder,Colony-E,44.9,70,0.292,31.9,66.0,7.83,8.09,0.256,29,13,20.5,1,1
NMR-509260,Breeder,Colony-D,36.3,93,0.352,32.1,11.0,8.24,8.78,0.481,24,8,19.5,0,1
NMR-501902,Worker,Colony-D,36.4,64,0.356,32.3,32.2,7.0,16.88,0.262,24,10,24.55,1,1
NMR-503857,Worker,Colony-E,37.2,52,0.134,30.3,11.5,5.6,23.35,0.533,23,10,20.77,1,0
NMR-504945,Worker,Colony-D,26.8,39,0.328,30.8,9.0,8.26,11.74,0.342,17,11,22.78,0,0
NMR-501225,Worker,Colony-A,31.0,85,0.273,31.1,26.1,5.94,14.71,0.346,26,11,17.16,0,0
NMR-506100,Worker,Colony-B,25.6,45,0.244,32.8,24.1,7.58,14.96,0.049,22,14,20.56,0,1
NMR-505666,Soldier,Colony-C,33.3,35,0.273,32.0,20.8,8.18,21.16,0.174,31,8,18.8,1,0
NMR-502223,Breeder,Colony-E,42.6,52,0.087,30.8,17.2,6.02,1.73,0.169,27,7,20.35,1,0
NMR-500302,Worker,Colony-B,28.5,54,0.259,31.5,8.1,6.79,19.94,0.218,22,11,21.28,0,0
NMR-505242,Soldier,Colony-A,40.0,60,0.18,32.5,11.5,7.81,9.73,0.192,20,13,19.84,0,1
NMR-500763,Soldier,Colony-C,31.8,28,0.282,33.9,24.8,8.18,10.1,0.566,27,8,18.95,0,0
NMR-509445,Worker,Colony-B,36.8,44,0.268,31.7,14.7,5.46,13.04,0.357,22,11,20.31,0,1
NMR-501208,Soldier,Colony-D,28.9,54,0.414,32.5,23.8,5.33,7.26,0.244,24,16,17.25,0,1
NMR-505485,Worker,Colony-E,40.0,54,0.303,31.5,22.6,7.88,24.8,0.414,23,13,23.38,1,0
NMR-507266,Worker,Colony-C,17.6,37,0.446,33.2,27.8,5.19,10.33,0.506,18,14,20.15,1,1
NMR-501975,Soldier,Colony-E,29.8,98,0.187,32.3,14.0,6.6,14.76,0.305,22,12,19.52,0,1
NMR-507219,Worker,Colony-B,28.7,75,0.192,32.6,16.9,7.97,13.23,0.333,18,15,15.68,0,1
NMR-501206,Breeder,Colony-E,40.7,87,0.375,33.4,46.5,7.42,2.17,0.318,22,12,21.47,1,0
NMR-509949,Soldier,Colony-B,29.1,82,0.312,33.1,21.6,6.67,12.94,0.276,27,7,23.55,1,1
NMR-507897,Worker,Colony-C,36.6,32,0.247,32.2,21.8,6.52,23.08,0.275,35,11,18.69,0,0
NMR-506087,Soldier,Colony-A,29.7,200,0.182,33.7,18.7,8.13,6.53,0.228,21,12,15.28,0,1
NMR-506831,Worker,Colony-E,29.5,96,0.214,32.1,19.1,7.68,8.92,0.247,11,12,16.34,0,1
NMR-509955,Soldier,Colony-D,30.9,90,0.215,30.9,11.8,6.15,7.01,0.234,22,5,14.32,0,0
NMR-502402,Worker,Colony-E,25.2,60,0.362,32.2,22.0,4.69,10.56,0.441,26,9,18.26,0,0
NMR-502583,Worker,Colony-A,23.8,75,0.248,33.3,18.4,6.92,12.61,0.129,17,20,24.76,0,0
NMR-507103,Soldier,Colony-E,37.4,66,0.199,31.7,18.9,8.12,5.97,0.523,21,14,15.41,0,1
NMR-501498,Worker,Colony-E,35.9,58,0.196,33.6,25.9,7.36,11.07,0.221,18,17,19.04,1,0
NMR-503989,Soldier,Colony-C,37.8,58,0.429,31.6,14.1,7.1,10.17,0.269,20,7,19.51,0,0
NMR-502909,Worker,Colony-D,24.1,69,0.167,32.2,27.3,4.97,11.13,0.335,19,16,15.29,1,0
NMR-506853,Soldier,Colony-B,24.4,126,0.216,32.2,19.4,8.26,17.19,0.307,29,13,13.92,1,1
NMR-507147,Breeder,Colony-A,37.6,39,0.17,31.9,32.8,6.21,2.12,0.351,26,7,16.4,1,1
