sample_id,group,batch,measure_1,resting_potential_mv,input_resistance_mohm,membrane_tau_ms,rheobase_pa,ap_threshold_mv,ap_half_width_ms,max_firing_rate_hz,spike_count,adaptation_index,target_a,target_b
NEU-504333,Control,B03,110.0,-60.08,140.3,11.39,147.6,-43.41,1.564,62.2,63,0.2454,1,1
NEU-507324,TreatmentB,B02,97.91,-62.42,510.3,30.1,49.7,-43.2,0.717,32.4,92,0.3361,0,0
NEU-507988,TreatmentB,B02,112.75,-65.62,148.3,25.5,68.4,-41.13,1.172,73.4,78,0.4532,1,1
NEU-504657,Control,B01,81.27,-66.78,144.2,28.21,109.6,-46.12,0.987,42.2,91,0.5126,0,1
NEU-501156,TreatmentB,B03,92.23,-68.6,83.4,13.69,88.8,-39.69,1.037,72.6,82,0.2002,1,0
NEU-504680,Control,B02,83.35,-66.02,165.8,22.9,113.0,-37.56,1.439,29.4,85,0.5586,0,1
NEU-509149,TreatmentB,B02,125.63,-74.33,279.3,15.08,117.6,-48.6,0.704,67.7,76,0.6591,1,0
NEU-506630,TreatmentB,B01,87.45,-60.32,59.1,11.05,9.7,-42.42,0.93,72.2,98,0.3796,1,0
NEU-504703,Control,B02,88.62,-60.68,349.3,17.02,146.7,-39.52,1.117,37.3,83,0.4988,1,1
NEU-503241,TreatmentB,B03,113.38,-58.29,268.3,14.35,88.7,-43.5,1.052,45.5,81,0.3941,0,0
NEU-506218,TreatmentA,B03,115.5,-63.23,551.6,10.04,104.5,-42.1,1.203,51.0,78,0.2653,0,1
NEU-509504,Control,B01,103.56,-60.6,199.6,21.51,115.6,-45.09,0.832,38.8,71,0.3831,0,0
NEU-508373,TreatmentA,B03,115.04,-64.11,167.0,29.53,48.8,-38.04,0.898,54.2,82,0.3575,1,1
NEU-506556,Control,B01,114.39,-65.57,234.5,17.69,113.6,-43.38,1.063,34.2,77,0.428,0,1
NEU-508795,TreatmentB,B02,96.44,-66.64,268.9,16.5,53.7,-42.8,1.1,49.8,75,0.2542,0,0
NEU-501463,TreatmentA,B01,96.34,-72.77,114.8,6.79,41.2,-43.24,1.37,55.0,80,0.3842,1,0
NEU-506662,Control,B01,102.44,-62.19,146.6,19.02,138.4,-34.43,1.121,20.2,108,0.1294,0,1
NEU-505968,Control,B02,85.08,-68.62,117.2,13.5,173.9,-43.02,1.27,48.9,73,0.5639,0,0
NEU-508499,TreatmentA,B01,119.5,-65.2,219.2,14.36,170.5,-44.89,1.459,48.6,79,0.4742,0,1
NEU-504330,Control,B02,73.77,-54.54,154.8,9.72,151.9,-33.49,1.571,42.2,87,0.2541,0,0
NEU-504033,TreatmentA,B02,78.64,-64.97,231.3,17.26,129.3,-48.75,1.096,45.6,93,0.2923,0,1
NEU-509945,TreatmentB,B02,89.22,-53.93,145.6,12.15,69.3,-40.63,1.294,58.2,81,0.1924,1,0
NEU-506657,TreatmentA,B01,110.24,-73.58,72.6,6.91,58.3,-43.29,0.677,72.6,75,0.4315,1,0
NEU-501420,Control,B02,81.71,-66.26,170.1,13.3,143.5,-35.0,0.741,33.9,79,0.6347,0,1
NEU-501783,TreatmentA,B03,85.86,-65.4,84.8,20.01,136.0,-45.25,1.1,43.3,87,0.6222,1,1
NEU-507909,TreatmentA,B01,88.95,-66.31,306.1,20.49,95.7,-38.66,0.876,37.4,74,0.4177,0,1
NEU-508859,Control,B01,119.62,-76.0,119.5,9.43,160.9,-35.91,0.965,46.3,88,0.2103,0,0
NEU-500699,Control,B02,74.22,-70.74,290.4,9.75,143.2,-35.8,0.876,56.5,85,0.4199,0,0
NEU-509671,TreatmentA,B03,112.82,-58.01,231.7,26.82,105.5,-43.64,1.244,38.7,82,0.3526,1,0
NEU-508788,TreatmentA,B02,118.11,-62.99,365.5,24.46,110.1,-44.29,1.918,55.7,86,0.5284,0,1
NEU-506700,TreatmentB,B02,110.47,-66.68,151.1,16.5,68.4,-48.19,1.372,84.9,81,0.3128,1,0
NEU-508716,TreatmentA,B02,106.63,-54.76,217.6,23.19,135.2,-37.26,1.128,72.1,92,0.5667,1,0
NEU-504340,Control,B02,102.3,-71.84,169.5,19.48,126.6,-37.41,1.037,35.6,94,0.6903,1,1
NEU-506736,TreatmentA,B03,93.96,-64.05,391.6,5.01,113.2,-47.3,0.755,63.2,82,0.5355,0,0
NEU-501104,TreatmentB,B01,123.36,-66.53,94.5,9.57,124.0,-41.98,1.009,44.3,78,0.4513,0,1
NEU-508593,Control,B02,109.82,-71.59,151.8,14.39,90.3,-40.66,0.885,22.7,92,0.3443,0,0
NEU-506826,TreatmentA,B02,111.6,-68.11,229.6,17.55,74.5,-36.84,0.975,41.0,76,0.5313,0,1
NEU-505259,Control,B01,92.7,-63.2,124.3,16.0,127.4,-39.69,0.984,32.1,89,0.389,0,0
NEU-505602,TreatmentB,B01,112.07,-67.7,273.3,20.91,49.9,-50.18,0.605,49.8,94,0.3007,0,0
NEU-503875,TreatmentB,B01,82.4,-68.62,163.7,14.34,71.8,-43.81,0.688,76.4,74,0.3724,1,1
NEU-508595,TreatmentB,B01,88.09,-65.02,111.2,10.84,30.6,-49.67,0.791,64.0,94,0.3081,1,1
NEU-508828,TreatmentB,B01,83.02,-72.31,134.6,8.87,82.1,-46.7,0.709,72.1,102,0.2255,1,1
NEU-505321,TreatmentA,B03,110.8,-61.64,218.6,15.96,90.4,-43.84,1.278,49.3,78,0.2179,1,1
NEU-508111,Control,B03,89.08,-68.89,165.7,17.57,146.9,-46.22,1.18,17.6,85,0.1076,0,0
NEU-506445,TreatmentB,B02,88.41,-67.3,222.5,10.34,45.3,-47.67,1.195,73.5,103,0.3157,1,1
NEU-504466,TreatmentA,B02,90.58,-58.88,200.8,13.8,24.9,-44.57,1.527,68.9,89,0.2696,1,1
NEU-506800,Control,B03,120.04,-67.96,209.4,9.72,56.0,-48.8,0.784,30.5,91,0.2526,0,1
NEU-503923,TreatmentB,B02,76.16,-70.32,115.6,10.73,24.4,-46.94,1.198,72.4,89,0.5204,1,0
NEU-501790,Control,B03,100.51,-73.61,338.2,8.11,157.9,-39.39,1.513,42.4,88,0.5683,0,0
NEU-508328,Control,B01,93.66,-63.55,66.3,8.09,176.8,-47.06,0.682,49.5,97,0.3644,0,1
NEU-504977,Control,B01,92.22,-63.85,208.9,13.6,57.1,-42.1,0.822,22.7,84,0.068,0,1
NEU-504399,TreatmentA,B02,116.97,-69.14,160.4,18.23,126.9,-47.54,1.036,67.9,117,0.5707,1,1
NEU-507361,TreatmentA,B03,87.97,-57.26,202.9,13.53,75.9,-45.72,0.655,50.6,82,0.2992,1,0
NEU-501382,TreatmentA,B03,100.81,-61.85,171.6,36.81,91.2,-41.53,1.3,69.8,75,0.4728,1,1
NEU-500390,TreatmentB,B01,115.16,-72.54,156.7,12.12,50.8,-40.74,1.063,59.3,85,0.5846,1,0
NEU-505073,TreatmentB,B03,94.0,-72.1,225.0,21.46,77.8,-41.84,1.162,70.3,92,0.2662,1,0
NEU-501043,TreatmentA,B02,96.71,-64.46,215.1,17.56,94.9,-40.56,0.825,64.0,81,0.2838,1,0
NEU-501623,TreatmentB,B01,107.98,-66.77,237.8,27.94,74.8,-47.61,0.834,55.6,82,0.415,0,1
NEU-503887,Control,B03,88.8,-66.95,391.1,26.33,125.8,-39.39,0.997,31.2,88,0.4628,0,1
NEU-501362,TreatmentA,B03,83.23,-62.56,68.7,16.66,183.5,-47.55,0.931,43.9,94,0.3459,1,1
NEU-503950,TreatmentB,B02,105.42,-57.17,109.8,14.11,84.0,-45.41,1.35,79.5,78,0.4349,1,0
NEU-506134,TreatmentB,B03,79.93,-66.85,260.8,16.6,85.2,-35.4,1.212,70.9,77,0.1684,1,0
NEU-507061,Control,B03,78.6,-64.55,224.4,9.71,145.8,-39.57,1.208,53.0,106,0.5648,1,1
NEU-507470,Control,B01,100.55,-63.18,213.0,9.34,205.5,-41.33,0.783,50.9,88,0.6134,1,0
NEU-508192,TreatmentA,B02,101.2,-66.47,126.6,5.12,140.0,-41.7,1.213,37.3,75,0.1892,0,1
NEU-504794,TreatmentB,B02,80.44,-50.37,122.6,7.18,74.9,-47.11,0.951,58.3,91,0.2586,0,0
NEU-503319,TreatmentB,B01,91.6,-66.7,108.0,32.06,58.8,-33.36,0.564,60.1,85,0.3997,0,1
NEU-509944,TreatmentA,B02,91.57,-55.59,76.0,13.59,93.5,-51.95,0.843,65.7,96,0.1473,1,0
NEU-504103,TreatmentA,B03,102.65,-56.99,123.5,9.17,52.6,-36.39,1.1,55.6,76,0.6453,0,0
NEU-501829,Control,B02,117.52,-65.93,226.1,13.04,115.1,-45.88,0.766,39.5,94,0.4176,0,1
NEU-504750,Control,B03,96.07,-68.34,108.0,15.62,137.4,-43.12,1.314,26.7,91,0.1832,0,0
NEU-509910,TreatmentB,B02,83.64,-63.68,221.4,6.89,94.7,-44.83,1.06,73.7,85,0.4564,1,0
NEU-508307,Control,B02,101.05,-64.37,96.9,19.05,228.7,-44.67,0.996,77.1,105,0.3628,1,1
NEU-503257,TreatmentA,B02,75.83,-65.46,256.1,11.55,80.2,-42.83,1.18,59.5,79,0.3346,1,1
NEU-508531,TreatmentA,B01,106.64,-63.88,96.0,15.11,132.3,-36.48,1.228,74.2,84,0.4702,1,1
NEU-508017,Control,B02,106.32,-64.71,110.6,15.2,135.7,-44.66,0.763,54.5,84,0.3466,1,1
NEU-505348,TreatmentB,B02,92.08,-66.3,281.3,20.53,69.1,-40.49,1.611,57.4,76,0.2721,1,0
NEU-504547,Control,B01,84.23,-75.19,190.9,15.09,32.0,-49.39,0.598,28.4,91,0.3013,0,0
NEU-506688,TreatmentA,B02,115.91,-67.59,220.0,16.52,102.0,-39.67,1.225,39.4,91,0.4873,0,0
NEU-501058,Control,B01,115.24,-73.33,160.4,14.71,151.1,-39.73,0.906,35.5,77,0.4018,1,0
NEU-503678,TreatmentB,B02,104.85,-71.59,129.7,14.95,103.0,-42.56,1.254,102.5,91,0.3152,1,0
NEU-509764,TreatmentB,B02,103.14,-61.29,268.4,8.76,114.1,-38.79,0.749,54.6,102,0.3236,0,1
NEU-508748,TreatmentB,B01,80.0,-61.68,174.5,9.9,120.9,-40.71,0.878,61.9,91,0.2139,1,1
NEU-509842,TreatmentA,B02,85.63,-55.21,246.7,18.05,169.9,-37.28,0.633,49.9,76,0.3441,0,0
NEU-507260,TreatmentA,B01,127.09,-63.22,135.1,7.62,107.3,-37.8,1.199,58.2,75,0.3244,1,1
NEU-508293,TreatmentA,B02,77.79,-67.21,143.3,10.07,72.0,-42.53,1.525,73.5,66,0.2377,1,1
NEU-501799,Control,B01,123.46,-72.98,176.9,17.81,130.7,-36.38,1.333,61.0,102,0.4696,1,0
NEU-509484,TreatmentA,B03,83.21,-68.39,117.2,10.34,101.8,-40.18,0.52,49.3,97,0.4488,0,1
NEU-500365,TreatmentA,B01,74.87,-59.27,108.3,6.85,87.1,-53.39,1.236,64.7,92,0.4697,1,0
NEU-506774,Control,B02,97.98,-67.26,221.7,9.02,136.7,-42.27,1.46,47.9,80,0.4066,0,1
NEU-504897,TreatmentB,B01,92.23,-71.85,190.5,8.59,67.7,-36.98,1.082,59.9,81,0.4473,1,0
NEU-503621,Control,B01,109.35,-64.47,239.3,11.99,78.2,-44.72,1.336,23.8,80,0.4481,1,1
NEU-504044,TreatmentB,B02,114.13,-63.14,151.9,23.52,54.4,-42.81,1.064,69.4,66,0.2376,1,0
NEU-502764,TreatmentA,B01,85.56,-66.63,148.2,5.5,61.9,-36.27,1.135,58.4,85,0.5681,1,0
NEU-505711,TreatmentB,B03,73.55,-68.69,134.8,16.24,109.1,-44.3,1.388,43.5,95,0.2549,1,0
NEU-501916,TreatmentB,B03,94.93,-70.82,195.8,11.91,117.0,-42.86,1.003,63.9,88,0.2803,0,1
NEU-505298,TreatmentA,B03,100.08,-64.88,165.1,21.7,80.6,-49.21,1.001,50.6,87,0.2577,1,0
NEU-503037,TreatmentB,B03,105.47,-59.93,76.8,27.26,127.3,-47.26,1.242,85.8,79,0.545,1,1
NEU-504384,Control,B02,73.8,-66.06,187.8,6.86,217.5,-44.4,1.119,55.1,83,0.359,0,1
NEU-503221,Control,B01,98.79,-67.3,121.6,8.89,113.3,-45.08,0.783,30.8,92,0.2948,0,1
NEU-506509,TreatmentB,B03,72.14,-66.04,139.2,8.65,63.7,-36.42,0.963,68.1,89,0.4512,1,0
NEU-509587,TreatmentA,B02,96.26,-75.16,221.0,19.11,115.7,-43.41,0.996,36.3,93,0.319,0,0
NEU-502214,TreatmentB,B02,84.86,-71.36,89.9,11.81,106.1,-46.8,1.377,60.4,89,0.3576,1,0
NEU-508241,Control,B01,110.76,-67.98,147.1,7.56,116.2,-53.99,0.849,40.0,83,0.7182,0,0
NEU-504280,TreatmentB,B01,78.37,-63.18,223.9,9.48,63.6,-38.81,0.842,79.2,81,0.2792,1,1
NEU-503122,TreatmentA,B02,114.29,-79.41,149.2,7.47,113.1,-42.54,2.272,29.0,82,0.448,1,0
NEU-507277,TreatmentB,B02,108.72,-67.87,197.5,13.26,71.5,-29.88,1.382,42.7,81,0.595,1,1
NEU-502751,TreatmentB,B01,104.41,-68.12,206.3,22.98,81.7,-45.49,1.019,66.5,78,0.4766,0,1
NEU-502556,Control,B02,91.72,-61.1,258.8,9.41,132.4,-46.29,0.783,45.1,82,0.3868,1,0
NEU-508177,Control,B01,96.41,-64.5,211.4,10.29,76.2,-39.25,0.912,44.2,82,0.4326,0,1
NEU-500340,TreatmentB,B01,119.3,-67.88,154.7,10.4,90.4,-47.43,1.349,50.9,77,0.7906,1,0
NEU-504224,TreatmentA,B02,79.93,-64.94,306.5,9.73,77.3,-40.52,2.83,45.9,75,0.4325,1,1
NEU-503278,TreatmentB,B01,100.61,-65.11,270.0,12.9,63.7,-44.98,1.174,58.1,95,0.285,1,1
NEU-502827,Control,B02,88.99,-57.99,172.0,12.29,115.8,-51.16,0.943,58.9,90,0.2841,1,0
NEU-507404,Control,B01,72.62,-64.73,214.6,9.8,163.8,-43.03,1.037,47.4,95,0.2707,0,1
NEU-509786,TreatmentB,B02,94.03,-67.01,171.1,16.63,29.3,-36.46,1.167,52.7,69,0.6789,0,1
NEU-502285,Control,B01,98.71,-68.39,205.0,12.5,82.3,-39.53,0.703,23.7,101,0.2176,0,1
NEU-508592,Control,B01,105.55,-71.09,411.7,20.83,143.4,-41.43,0.855,41.3,91,0.4605,0,0
NEU-501692,Control,B02,136.28,-59.81,188.1,10.16,143.0,-40.26,1.412,20.3,78,0.0907,0,1
NEU-509674,TreatmentA,B01,96.33,-62.3,109.1,17.51,117.7,-41.88,1.444,65.7,80,0.4124,1,1
NEU-505514,TreatmentA,B02,114.48,-68.87,213.4,7.82,62.3,-42.27,1.016,40.3,91,0.2379,0,1
NEU-504182,TreatmentA,B01,111.46,-63.29,185.0,18.63,87.1,-38.48,1.472,55.2,78,0.3782,1,1
NEU-506186,TreatmentA,B01,109.35,-61.31,95.1,9.46,95.7,-36.87,0.939,55.9,91,0.3116,1,1
NEU-502912,Control,B01,116.24,-61.48,113.7,15.67,86.9,-37.33,0.982,36.1,98,0.2771,1,0
NEU-509228,TreatmentA,B01,61.05,-56.49,122.3,23.36,173.4,-35.91,0.666,36.5,89,0.4953,0,0
NEU-503459,TreatmentA,B01,83.68,-64.53,312.4,19.86,114.0,-45.15,0.857,55.3,73,0.3954,0,1
NEU-503980,Control,B03,93.47,-57.49,241.4,10.06,73.4,-42.05,0.977,31.9,95,0.4536,0,0
NEU-503437,TreatmentA,B01,131.04,-61.51,134.0,29.44,59.4,-47.64,1.435,35.1,78,0.5075,0,1
NEU-504350,Control,B03,120.97,-60.71,203.7,14.66,120.1,-42.08,0.753,41.0,87,0.1431,0,0
NEU-502669,Control,B02,123.13,-57.88,144.1,20.07,180.3,-46.13,0.656,35.1,92,0.4856,0,1
NEU-503596,TreatmentA,B03,87.18,-65.84,89.6,11.45,114.6,-40.87,0.642,68.5,94,0.5867,1,1
NEU-506452,TreatmentB,B01,87.32,-69.73,308.2,19.91,91.2,-39.95,1.055,68.7,88,0.6532,1,1
NEU-507426,TreatmentB,B01,83.03,-64.09,365.1,27.45,91.1,-35.55,0.889,62.4,66,0.5488,0,1
NEU-501930,TreatmentB,B01,131.27,-58.08,291.9,13.75,91.2,-34.79,1.065,77.7,94,0.6637,1,0
NEU-504883,TreatmentB,B03,84.19,-75.32,169.7,11.28,128.8,-38.28,0.982,55.1,69,0.4133,1,0
NEU-508067,TreatmentA,B03,102.42,-71.82,228.8,24.34,47.8,-43.91,0.995,77.6,81,0.5339,1,1
NEU-505132,TreatmentA,B03,100.08,-69.64,192.6,15.95,90.7,-35.83,0.715,28.5,80,0.5066,0,0
NEU-504508,Control,B01,103.38,-66.44,79.1,10.51,118.9,-41.52,0.782,36.7,85,0.3509,0,1
NEU-503870,TreatmentB,B03,96.34,-66.69,311.0,15.83,51.7,-42.26,0.993,56.2,79,0.5525,1,1
NEU-504361,TreatmentB,B03,87.53,-63.45,304.1,14.76,82.0,-38.98,2.2,72.3,86,0.4883,1,1
NEU-503194,Control,B01,102.65,-67.13,342.8,17.28,100.9,-34.6,1.15,26.0,97,0.5452,0,1
NEU-500674,TreatmentB,B02,97.97,-64.45,375.2,13.92,97.2,-47.57,0.854,59.3,91,0.6075,0,1
NEU-502677,TreatmentA,B02,93.31,-59.31,125.0,10.99,16.4,-40.81,1.041,71.3,105,0.3761,1,0
NEU-503589,Control,B02,118.64,-61.36,386.1,7.36,136.6,-36.34,0.648,62.6,99,0.4759,0,0
NEU-506189,TreatmentA,B01,113.76,-60.35,401.5,6.43,107.7,-36.41,0.747,81.8,97,0.5102,0,0
NEU-500066,TreatmentA,B03,96.15,-60.17,100.4,11.18,67.0,-36.9,1.057,42.4,85,0.5427,0,0
NEU-507728,Control,B01,139.12,-62.15,172.7,14.73,129.5,-43.71,1.881,45.0,78,0.4104,1,0
NEU-502404,Control,B02,86.59,-68.87,121.5,22.84,142.7,-43.1,1.297,59.4,90,0.5634,1,1
NEU-505428,Control,B01,99.9,-70.61,389.9,14.27,132.5,-35.42,1.472,36.2,69,0.425,0,1
NEU-508736,TreatmentB,B02,94.89,-67.79,264.0,9.01,63.9,-51.25,1.251,61.9,87,0.5458,0,0
NEU-506385,TreatmentB,B02,100.08,-64.95,323.3,8.3,71.6,-41.14,0.891,66.1,93,0.4625,0,1
NEU-507766,TreatmentB,B01,89.72,-65.55,129.8,10.01,38.7,-43.17,1.363,32.2,81,0.403,1,1
NEU-508984,Control,B01,88.69,-66.08,131.3,9.32,110.6,-43.96,0.855,38.1,90,0.204,0,1
NEU-508231,Control,B03,103.26,-67.04,205.1,13.3,109.4,-43.75,1.2,42.8,103,0.5305,0,0
NEU-500871,TreatmentA,B02,75.76,-58.85,127.9,15.24,106.5,-41.01,0.624,49.5,88,0.4985,0,0
NEU-502399,Control,B03,122.97,-62.96,314.0,8.19,126.6,-39.17,0.701,60.1,84,0.1884,0,1
NEU-504190,TreatmentA,B01,68.82,-70.71,123.2,15.53,149.2,-42.86,1.313,57.0,83,0.5241,1,1
NEU-503971,Control,B01,92.97,-53.2,135.6,10.2,75.5,-35.7,1.03,50.7,82,0.5678,1,0
NEU-507679,Control,B03,108.43,-61.04,159.6,8.77,106.3,-37.93,0.988,67.4,73,0.3648,1,1
NEU-501427,TreatmentB,B01,97.54,-74.09,185.2,18.74,67.4,-36.01,0.53,59.6,80,0.4661,0,0
NEU-503028,Control,B03,92.88,-68.16,132.3,15.22,119.8,-39.5,1.087,54.8,74,0.2211,1,1
NEU-505048,TreatmentB,B03,87.97,-59.47,136.3,15.56,119.8,-35.94,1.178,72.1,83,0.4526,1,0
NEU-504036,TreatmentA,B02,115.56,-70.45,128.1,24.54,152.1,-47.28,1.505,57.2,78,0.4497,1,0
NEU-500977,Control,B03,83.06,-62.72,192.5,7.68,98.9,-41.57,1.219,39.9,87,0.4613,0,0
NEU-506819,TreatmentB,B01,111.3,-63.8,223.2,20.7,88.3,-46.03,0.799,62.2,85,0.2651,0,1
NEU-508830,TreatmentA,B01,77.01,-61.28,187.1,14.07,38.5,-43.61,1.151,52.5,84,0.5126,0,1
NEU-503012,Control,B02,58.66,-62.73,244.5,23.81,67.7,-46.52,0.678,47.7,102,0.4309,0,0
NEU-500647,TreatmentB,B01,112.22,-63.18,184.0,8.34,122.2,-45.98,0.785,62.1,107,0.2927,0,1
NEU-507536,TreatmentA,B03,96.32,-62.41,359.5,6.83,91.8,-40.69,0.782,38.0,88,0.1302,0,1
NEU-501782,Control,B01,111.46,-62.74,124.1,19.59,145.7,-47.63,1.533,55.6,83,0.6712,1,1
NEU-506169,TreatmentA,B01,119.07,-66.93,94.6,11.79,130.7,-42.72,2.043,44.6,90,0.4708,1,0
NEU-503745,TreatmentA,B03,126.55,-72.53,121.0,19.25,47.0,-44.54,1.205,67.6,82,0.6544,1,0
NEU-509648,Control,B02,87.44,-59.87,215.9,12.9,162.4,-44.43,0.78,39.6,90,0.5846,0,0
NEU-505519,TreatmentB,B02,87.87,-66.29,591.3,6.13,65.4,-44.2,1.425,43.3,95,0.47,0,1
NEU-501740,Control,B02,116.89,-67.88,256.2,11.0,109.5,-44.85,1.031,64.3,79,0.5198,1,0
NEU-503310,Control,B03,114.21,-72.35,152.0,18.7,188.6,-48.85,1.13,62.9,86,0.2116,1,0
NEU-501823,TreatmentA,B02,103.28,-69.79,165.6,22.73,95.2,-39.01,0.937,72.9,93,0.1463,1,0
NEU-509145,Control,B01,96.62,-70.3,248.1,21.05,153.1,-38.96,1.828,40.6,86,0.5828,0,1
NEU-500053,TreatmentA,B02,102.66,-62.51,520.3,19.27,64.7,-37.82,1.054,59.3,85,0.3221,0,0
NEU-509381,Control,B01,85.12,-68.0,247.6,20.67,101.4,-38.38,1.228,26.8,92,0.6391,0,1
NEU-504320,Control,B02,84.52,-65.5,260.6,18.63,175.5,-44.3,0.936,44.9,87,0.3561,0,1
NEU-500464,TreatmentB,B02,102.79,-65.83,215.5,22.78,105.6,-46.5,1.548,49.7,83,0.214,1,0
NEU-509572,TreatmentA,B02,116.03,-59.6,555.1,14.98,215.5,-39.73,0.961,58.2,84,0.3743,0,0
NEU-503255,Control,B03,120.07,-62.11,197.5,14.99,133.3,-37.99,1.284,40.7,99,0.5028,0,1
NEU-503426,Control,B03,83.69,-62.57,228.5,28.58,95.9,-43.31,1.179,22.8,94,0.2932,0,0
NEU-506410,Control,B03,109.62,-70.95,93.2,15.21,124.8,-40.75,0.806,52.6,83,0.4323,1,1
NEU-504746,TreatmentA,B01,116.52,-59.44,227.3,17.79,63.6,-42.43,1.046,69.6,112,0.3357,1,1
NEU-503984,Control,B03,63.95,-57.62,417.8,10.1,213.5,-36.81,1.192,29.9,82,0.1997,0,1
NEU-506971,TreatmentA,B02,109.84,-71.46,144.4,10.93,15.2,-39.14,0.953,39.5,78,0.3089,0,1
NEU-504626,TreatmentA,B03,92.38,-72.0,200.8,13.8,88.0,-34.81,0.777,66.2,94,0.3701,0,0
NEU-502131,TreatmentB,B01,97.99,-62.41,101.7,5.39,67.7,-47.01,0.978,31.6,72,0.4453,0,0
NEU-504600,TreatmentB,B03,133.59,-67.81,131.5,9.45,116.0,-35.42,1.114,59.8,80,0.2262,0,1
NEU-507298,TreatmentB,B03,112.27,-63.28,188.9,19.09,85.9,-43.51,0.991,54.0,83,0.3718,1,0
NEU-501978,Control,B01,84.69,-66.89,314.1,13.58,148.2,-45.42,0.962,38.9,90,0.1748,0,1
NEU-500951,Control,B01,91.96,-67.94,85.1,48.43,78.2,-42.71,1.111,33.5,87,0.5223,0,1
NEU-500154,Control,B02,97.55,-68.2,142.1,5.06,104.8,-38.48,0.927,52.4,80,0.5509,1,0
NEU-504378,Control,B01,127.93,-67.52,160.9,29.98,100.8,-43.23,1.274,34.9,102,0.2635,1,0
NEU-507976,TreatmentA,B03,97.29,-60.18,300.6,6.95,176.4,-40.64,1.409,28.9,92,0.2361,0,1
NEU-500527,Control,B02,115.94,-69.54,136.7,7.04,81.7,-42.54,1.193,39.9,88,0.5337,1,0
NEU-506491,TreatmentA,B02,108.4,-65.72,107.6,12.13,79.8,-42.15,1.101,76.4,86,0.6088,1,0
NEU-508416,Control,B03,103.36,-63.33,335.7,13.63,127.8,-47.59,0.904,47.0,80,0.4036,0,1
NEU-506118,TreatmentB,B03,99.87,-57.4,135.4,19.21,60.5,-44.12,1.009,75.5,83,0.5019,1,1
NEU-508243,TreatmentB,B03,122.33,-70.8,166.1,12.76,99.7,-47.06,0.983,84.5,87,0.2365,1,1
NEU-506530,Control,B02,84.26,-65.66,149.1,11.24,182.4,-39.1,1.221,38.9,79,0.1063,1,1
NEU-503913,TreatmentB,B03,95.52,-64.42,122.8,8.91,89.2,-46.21,0.979,74.3,79,0.1754,1,1
NEU-501505,TreatmentB,B01,106.02,-70.16,256.4,13.24,10.9,-41.93,0.982,68.5,82,0.3307,0,1
NEU-509252,TreatmentB,B02,91.15,-63.98,166.1,17.86,141.9,-43.93,2.891,73.3,85,0.5022,1,1
NEU-505101,TreatmentB,B01,80.16,-64.05,124.9,20.71,-28.7,-40.96,1.129,62.6,88,0.3865,1,1
NEU-502133,TreatmentA,B03,111.27,-62.23,83.8,24.51,157.0,-37.35,1.705,71.6,84,0.4379,1,1
NEU-501616,TreatmentB,B01,102.6,-56.06,191.0,15.32,28.6,-41.43,0.988,64.5,96,0.5007,0,0
NEU-508398,Control,B02,96.46,-59.53,103.1,17.3,124.2,-50.4,1.573,51.1,83,0.5022,1,0
NEU-507463,TreatmentB,B01,94.57,-73.49,137.7,12.54,108.5,-44.0,1.486,45.3,98,0.3461,0,0
NEU-506669,TreatmentA,B01,75.01,-72.04,254.7,14.89,121.6,-43.81,1.138,52.1,93,0.5205,0,1
NEU-509867,Control,B02,97.52,-70.93,117.3,12.56,124.2,-41.78,0.672,56.0,82,0.3046,0,0
NEU-503922,TreatmentB,B01,89.43,-60.46,111.4,9.41,117.9,-45.8,1.215,63.0,79,0.4494,1,0
NEU-501968,Control,B03,94.89,-71.38,155.8,13.73,127.8,-44.53,1.618,47.0,77,0.3859,0,1
NEU-502281,TreatmentB,B03,78.98,-62.26,179.6,9.16,111.7,-40.95,1.215,54.9,87,0.7261,0,0
NEU-509481,TreatmentB,B02,114.2,-66.41,151.2,14.12,133.3,-45.46,1.39,54.1,77,0.6216,1,1
NEU-507726,Control,B02,140.87,-66.52,152.4,13.95,168.3,-38.31,1.023,52.1,81,0.6022,0,1
NEU-504175,Control,B01,59.19,-69.22,124.8,20.5,130.9,-43.62,0.98,50.9,70,0.4436,1,0
NEU-504970,TreatmentA,B03,93.2,-70.65,150.5,15.21,95.5,-37.54,1.272,76.3,107,0.3739,1,0
NEU-500047,TreatmentB,B02,93.85,-73.73,233.4,11.08,83.3,-39.43,0.893,70.0,65,0.2371,0,0
NEU-504282,TreatmentA,B01,115.27,-70.87,176.1,23.56,120.6,-35.36,0.811,70.0,99,0.7211,0,1
NEU-503423,Control,B03,104.33,-54.07,163.0,11.57,157.2,-41.26,0.532,52.0,83,0.4092,0,0
NEU-509781,TreatmentA,B03,100.18,-60.73,147.8,16.52,62.2,-46.91,1.158,44.6,83,0.4182,1,1
NEU-500475,Control,B01,110.63,-64.81,118.9,5.39,190.0,-40.53,2.098,48.3,83,0.7677,1,0
NEU-507332,TreatmentA,B01,96.26,-73.8,194.6,14.89,42.1,-44.96,1.4,59.3,86,0.1749,1,0
NEU-504604,TreatmentA,B01,128.52,-74.47,240.3,18.17,116.6,-41.99,0.79,56.4,96,0.5359,0,0
NEU-507723,Control,B03,90.75,-61.84,636.8,4.79,129.9,-42.43,1.148,41.9,71,0.3374,0,1
NEU-505035,Control,B03,124.97,-66.35,121.9,11.23,172.6,-44.85,1.09,52.8,88,0.4864,0,1
NEU-501309,TreatmentA,B03,82.94,-62.47,112.8,14.39,90.7,-39.59,0.966,69.8,101,0.3205,1,0
NEU-502712,Control,B02,111.25,-57.01,276.0,14.76,91.8,-42.71,1.04,27.3,80,0.3701,0,0
NEU-509348,TreatmentA,B02,119.32,-69.54,139.8,32.79,29.4,-43.87,1.28,71.4,94,0.2794,1,0
NEU-501570,TreatmentA,B01,98.23,-70.05,128.4,6.68,118.3,-41.26,0.845,52.3,80,0.6947,0,0
NEU-508246,Control,B01,96.08,-71.42,198.5,15.61,186.4,-38.14,0.95,36.5,88,0.4292,1,0
NEU-508681,TreatmentB,B03,100.29,-62.01,137.4,9.69,165.6,-34.63,1.335,82.2,99,0.5166,0,1
NEU-505400,TreatmentB,B02,99.0,-69.11,140.6,14.81,110.5,-44.28,0.877,59.9,91,0.3002,0,0
NEU-507265,TreatmentA,B02,95.81,-71.26,515.2,13.45,81.7,-36.01,1.618,49.5,77,0.4767,0,0
NEU-506049,TreatmentA,B03,97.07,-68.25,426.8,11.75,119.0,-33.49,0.991,49.1,100,0.1906,1,1
NEU-507224,TreatmentB,B02,40.81,-57.84,135.0,24.34,119.0,-42.15,0.62,46.7,86,0.4076,0,0
NEU-507831,Control,B01,99.94,-64.95,191.3,27.93,131.8,-46.11,0.599,50.4,88,0.1207,0,0
NEU-506910,TreatmentA,B03,88.33,-68.6,211.7,10.2,82.1,-49.3,1.598,61.1,98,0.1993,1,1
NEU-500922,Control,B01,75.66,-63.0,542.4,13.75,166.9,-41.82,1.881,41.5,89,0.6755,0,1
NEU-503920,TreatmentA,B01,89.11,-70.82,179.7,24.49,110.8,-46.61,0.761,49.2,79,0.3933,0,0
NEU-501344,TreatmentA,B03,107.68,-66.93,372.9,20.3,101.4,-47.39,1.278,66.1,78,0.5191,0,1
NEU-505811,TreatmentB,B03,111.82,-65.04,176.7,21.72,92.5,-45.57,0.81,59.5,85,0.4894,1,1
NEU-504830,Control,B01,121.6,-67.12,179.9,15.0,86.5,-40.34,0.95,34.3,101,0.5828,1,1
NEU-501497,TreatmentB,B01,106.32,-71.73,142.9,6.18,126.9,-37.8,0.736,68.1,92,0.1831,0,1
NEU-508535,Control,B02,118.12,-69.46,488.5,13.5,108.3,-40.41,1.478,43.5,95,0.3628,0,1
NEU-503064,TreatmentA,B02,115.37,-69.79,123.0,18.29,70.4,-46.21,0.812,64.9,78,0.6778,1,1
NEU-509227,Control,B01,94.51,-64.16,108.4,23.42,91.1,-45.98,1.785,50.0,80,0.3892,0,1
NEU-505398,TreatmentA,B03,99.97,-61.86,126.1,5.52,115.5,-38.37,1.059,66.9,69,0.098,1,1
NEU-504602,TreatmentA,B03,99.72,-59.9,151.2,9.63,71.7,-41.51,0.6,42.9,86,0.3879,0,0
NEU-508649,TreatmentB,B01,92.42,-69.91,259.4,11.09,19.3,-39.52,1.043,91.4,94,0.3767,1,1
NEU-509541,Control,B01,109.72,-65.02,161.8,6.26,154.6,-42.81,0.995,46.4,92,0.5512,1,0
NEU-507797,TreatmentA,B01,99.59,-65.88,146.2,14.19,92.9,-30.4,1.194,64.4,96,0.4045,1,1
NEU-500290,TreatmentB,B01,73.33,-75.16,201.2,18.81,-3.3,-41.7,0.706,54.3,83,0.4752,0,0
NEU-507433,TreatmentB,B01,92.93,-54.24,395.4,10.03,55.1,-47.39,1.104,52.9,101,0.4885,1,0
NEU-509431,TreatmentB,B01,95.77,-60.26,235.6,16.52,55.7,-42.39,0.825,40.8,89,0.4964,0,1
NEU-503993,Control,B02,93.16,-63.46,182.9,13.43,141.8,-35.82,0.983,41.2,84,0.2854,0,1
NEU-508725,TreatmentB,B02,91.33,-74.22,160.1,10.98,43.6,-46.23,0.938,50.7,92,0.6299,0,0
NEU-504057,TreatmentB,B03,119.15,-74.48,160.6,6.87,33.5,-42.81,0.762,49.1,105,0.3281,1,0
NEU-506991,TreatmentB,B03,85.26,-73.99,132.0,15.49,85.1,-38.5,0.902,62.5,73,0.3072,1,0
NEU-504427,TreatmentA,B02,116.5,-61.42,256.5,16.45,63.1,-50.22,0.748,52.9,86,0.4327,0,1
NEU-505350,Control,B03,95.12,-61.26,170.8,14.04,87.7,-39.62,1.401,46.9,82,0.4285,0,1
NEU-504127,Control,B02,63.47,-64.11,211.7,8.22,87.7,-44.38,0.725,64.7,79,0.5105,1,0
NEU-507965,TreatmentA,B02,118.38,-66.91,71.4,18.73,174.1,-40.83,0.828,47.6,80,0.3932,0,1
NEU-506256,TreatmentA,B01,115.6,-67.61,112.1,20.31,87.9,-41.89,0.752,48.0,103,0.3434,1,0
NEU-501902,TreatmentB,B01,86.38,-71.41,478.5,13.36,68.0,-46.44,1.177,42.0,85,0.6388,0,0
NEU-509028,TreatmentB,B03,81.14,-64.19,301.9,12.09,55.3,-42.5,0.961,92.1,88,0.3941,0,0
NEU-508533,TreatmentB,B02,90.47,-59.2,255.2,16.87,50.5,-39.75,1.7,56.7,84,0.3057,1,0
NEU-502107,TreatmentA,B03,111.65,-58.02,230.6,13.15,42.1,-46.16,1.71,50.4,83,0.261,0,1
NEU-501127,TreatmentA,B02,114.75,-68.36,159.7,9.42,113.1,-44.9,0.755,51.0,101,0.2286,1,1
NEU-507572,TreatmentA,B03,78.3,-61.04,232.9,13.17,100.8,-39.59,0.974,63.1,87,0.6041,0,0
NEU-504442,TreatmentA,B02,86.55,-73.91,185.5,25.71,94.3,-41.87,0.653,65.6,101,0.4073,0,0
NEU-500257,TreatmentA,B01,116.08,-66.29,125.0,39.72,54.2,-48.32,0.74,44.4,78,0.4542,0,0
NEU-503368,TreatmentA,B02,73.57,-66.99,291.5,9.07,119.1,-43.98,1.482,35.8,70,0.7385,1,0
NEU-503061,TreatmentB,B01,101.88,-61.07,153.1,15.06,71.5,-43.66,0.94,75.1,76,0.1634,1,1
NEU-508670,Control,B03,81.71,-60.02,307.3,9.26,154.3,-37.7,0.729,34.0,85,0.2851,0,1
NEU-502118,TreatmentB,B01,99.24,-59.73,129.0,10.84,175.2,-36.18,0.977,75.3,88,0.4873,0,0
NEU-509659,Control,B02,93.46,-62.76,88.9,13.02,62.1,-39.74,1.594,33.5,90,0.2888,1,1
NEU-504599,TreatmentA,B02,131.35,-61.81,140.3,19.24,118.2,-36.08,1.079,56.5,79,0.7517,1,1
NEU-501834,TreatmentA,B03,108.6,-76.1,97.0,8.89,70.5,-39.49,1.262,60.0,68,0.4098,1,0
NEU-500514,TreatmentA,B02,95.45,-70.72,188.6,13.24,92.5,-37.61,1.711,63.5,64,0.6966,1,0
NEU-508949,TreatmentA,B01,70.02,-62.81,215.2,13.86,171.0,-35.88,0.638,73.6,82,0.4068,0,1
NEU-502136,Control,B03,96.92,-67.35,231.2,9.93,159.0,-40.96,1.447,27.7,74,0.4209,0,1
NEU-503893,Control,B02,99.27,-63.85,147.6,10.53,139.8,-43.33,1.214,33.6,83,0.2863,0,1
NEU-500963,TreatmentA,B03,96.15,-60.03,156.9,23.7,152.7,-39.77,1.194,55.2,93,0.5011,1,1
NEU-500534,Control,B02,107.32,-58.99,199.5,16.69,199.2,-41.19,1.496,38.8,94,0.6691,0,1
NEU-506882,TreatmentB,B02,75.98,-62.3,274.5,6.59,96.3,-49.11,0.795,65.5,74,0.531,0,0
NEU-507676,TreatmentA,B03,98.13,-68.46,103.7,23.27,132.4,-36.79,0.96,59.3,82,0.2735,1,0
NEU-500482,TreatmentB,B01,106.08,-59.57,150.3,13.92,132.3,-43.8,1.203,56.5,89,0.394,0,0
NEU-503350,Control,B02,101.54,-65.8,136.9,15.25,119.2,-39.2,1.59,51.0,89,0.289,1,0
NEU-509838,Control,B02,90.0,-70.41,380.6,15.38,143.6,-48.3,1.016,41.2,75,0.4273,0,0
NEU-501204,TreatmentA,B03,117.16,-61.44,415.7,11.23,157.7,-38.57,1.296,67.0,97,0.4038,0,0
NEU-508321,Control,B01,102.67,-74.35,291.1,18.01,146.3,-37.74,1.115,32.8,95,0.3608,0,0
NEU-505953,Control,B01,88.86,-66.57,281.3,10.63,73.0,-44.09,1.258,37.5,75,0.3693,1,1
NEU-500576,Control,B01,95.86,-60.6,91.2,15.66,86.1,-39.16,1.046,33.8,70,0.6017,0,1
NEU-507818,TreatmentA,B01,91.86,-50.29,155.7,20.5,106.7,-44.96,1.021,22.8,94,0.4507,0,0
NEU-508279,TreatmentB,B02,112.87,-66.41,268.6,9.19,127.1,-38.22,0.707,52.2,73,0.3572,0,0
NEU-506224,TreatmentA,B03,115.1,-56.93,150.4,16.27,122.3,-44.18,1.107,40.2,98,0.5312,1,0
NEU-501493,Control,B02,108.23,-66.81,460.5,16.14,134.3,-50.12,1.005,37.4,101,0.3215,0,1
NEU-507681,Control,B02,90.21,-68.89,157.5,12.87,92.9,-40.35,1.001,33.3,72,0.3843,0,0
NEU-505165,Control,B02,98.99,-69.04,102.4,10.48,91.9,-42.48,0.991,34.8,95,0.4861,0,0
NEU-506676,TreatmentA,B02,93.34,-68.71,199.5,19.64,56.8,-36.96,0.812,61.1,92,0.2965,1,0
NEU-501445,Control,B03,104.04,-59.49,177.5,22.05,117.2,-49.18,1.211,60.4,99,0.3903,1,0
NEU-505650,TreatmentB,B03,108.55,-64.56,224.1,10.14,55.9,-38.03,0.855,38.0,94,0.1963,0,1
NEU-502288,Control,B02,104.52,-61.9,219.4,17.54,100.8,-44.05,1.657,64.5,78,0.2318,1,0
NEU-506363,TreatmentB,B03,123.34,-59.51,182.2,13.84,76.2,-38.77,0.864,48.6,106,0.3142,0,1
NEU-505659,TreatmentB,B02,93.77,-66.16,209.5,11.05,98.6,-42.04,0.861,80.0,79,0.2753,1,1
NEU-502330,Control,B03,69.77,-64.83,367.1,16.65,159.7,-45.52,0.818,11.2,70,0.4591,0,1
NEU-503758,TreatmentB,B03,108.62,-55.85,219.6,15.31,-11.3,-40.7,1.709,59.9,93,0.1869,1,0
NEU-506057,TreatmentA,B03,123.2,-63.6,150.9,19.57,100.9,-38.26,0.76,52.8,77,0.6496,0,1
NEU-507235,Control,B02,77.03,-65.1,251.2,7.54,111.1,-42.44,0.635,53.2,81,0.447,0,1
NEU-506845,Control,B01,106.25,-63.38,236.7,11.09,146.4,-47.39,0.976,45.1,92,0.59,0,0
NEU-509399,TreatmentB,B01,117.6,-65.67,89.8,23.55,80.7,-41.87,0.705,52.2,76,0.4626,0,1
NEU-504118,Control,B02,113.47,-60.79,237.3,19.43,94.0,-45.4,0.765,22.8,81,0.5634,0,1
NEU-507481,Control,B01,113.34,-66.82,259.6,8.85,137.8,-42.44,1.241,72.7,79,0.4733,0,0
NEU-509539,Control,B02,119.55,-62.21,148.3,11.52,130.0,-37.33,1.14,38.6,66,0.386,0,0
NEU-509153,TreatmentB,B03,117.03,-66.11,377.0,4.42,52.3,-39.8,0.913,73.4,87,0.4568,0,0
NEU-505157,Control,B01,98.22,-65.19,224.0,14.78,92.6,-47.76,1.511,47.1,75,0.4688,0,1
NEU-507379,TreatmentA,B03,87.62,-68.31,296.7,15.6,68.4,-44.58,0.957,43.6,85,0.3688,0,1
NEU-505567,TreatmentB,B03,90.58,-65.23,162.3,13.86,69.7,-44.46,0.808,61.8,76,0.6473,1,1
NEU-500578,TreatmentB,B03,84.07,-69.53,213.6,15.83,113.8,-38.34,0.874,46.2,78,0.7952,0,1
NEU-509416,Control,B01,136.56,-58.77,150.9,14.54,98.5,-45.94,1.6,35.8,103,0.2133,1,0
NEU-509151,TreatmentB,B03,90.85,-57.42,160.6,14.32,83.6,-39.77,1.123,49.9,86,0.442,0,0
NEU-503107,Control,B02,75.91,-76.65,161.3,25.53,110.2,-41.97,1.334,48.8,84,0.4224,1,0
NEU-505564,TreatmentB,B03,106.42,-56.48,210.5,13.58,91.6,-46.6,1.14,57.6,81,0.1236,0,1
NEU-501179,Control,B03,62.17,-61.47,263.2,18.36,140.7,-39.22,1.243,41.5,88,0.2245,1,0
NEU-501953,TreatmentB,B02,96.54,-65.34,187.5,10.43,92.4,-44.51,1.096,42.6,96,0.1927,1,1
NEU-504353,Control,B03,86.16,-62.18,135.8,12.63,96.0,-37.37,0.986,47.6,75,0.549,1,1
NEU-504374,Control,B01,98.29,-55.84,146.9,15.08,228.1,-46.18,1.248,39.7,85,0.329,1,0
NEU-500892,Control,B03,88.81,-67.39,263.7,14.4,52.2,-49.56,1.335,40.9,80,0.3747,1,1
NEU-504568,TreatmentB,B02,91.62,-59.97,106.4,11.14,58.7,-42.5,1.072,72.1,83,0.2204,0,1
NEU-501741,TreatmentB,B02,97.4,-53.9,75.5,14.37,134.3,-43.12,0.923,94.7,97,0.3453,1,0
NEU-504876,TreatmentA,B02,100.77,-56.22,76.8,5.57,160.4,-41.31,1.005,80.9,84,0.3982,1,0
NEU-503192,Control,B03,76.48,-61.24,58.5,15.9,102.5,-41.08,0.909,29.2,86,0.32,0,0
NEU-502387,Control,B03,94.69,-59.12,275.6,10.49,106.9,-42.0,0.763,73.1,90,0.3849,0,0
NEU-503817,TreatmentB,B02,84.21,-74.95,234.0,13.58,65.7,-46.58,1.055,61.9,83,0.4544,0,0
NEU-509098,Control,B01,114.84,-60.76,233.5,11.54,167.4,-46.4,0.931,59.2,74,0.4205,0,1
NEU-508946,TreatmentA,B02,101.32,-60.22,197.2,21.97,139.6,-46.62,1.231,56.1,95,0.2471,1,0
NEU-500209,TreatmentA,B01,99.36,-69.96,91.5,24.0,63.8,-42.04,0.93,53.1,87,0.3984,0,0
NEU-504668,Control,B01,79.1,-72.03,121.9,17.78,155.5,-40.59,0.929,38.6,98,0.4287,0,1
NEU-503373,TreatmentA,B02,87.22,-54.04,256.9,11.16,78.8,-40.87,0.76,64.7,78,0.5018,0,0
NEU-503788,TreatmentB,B01,126.7,-60.03,82.0,7.1,134.0,-38.88,1.135,60.2,74,0.167,1,1
NEU-504264,TreatmentB,B02,93.53,-59.39,306.8,28.07,68.9,-40.2,1.591,74.7,85,0.3639,1,0
NEU-501372,TreatmentA,B03,129.47,-55.99,231.6,30.1,95.2,-48.29,0.693,60.4,98,0.3932,1,0
NEU-508743,TreatmentB,B01,104.38,-66.26,137.1,10.79,55.9,-35.31,1.526,60.2,88,0.1104,1,1
NEU-508291,TreatmentB,B01,74.02,-68.12,100.1,21.07,82.2,-42.26,1.283,99.0,84,0.218,1,0
NEU-506583,TreatmentB,B03,125.88,-59.16,487.0,16.76,49.2,-42.29,0.786,56.1,75,0.36,0,0
NEU-502739,TreatmentA,B02,103.9,-67.99,314.5,22.45,98.8,-34.73,0.985,51.3,80,0.2366,0,0
NEU-508605,TreatmentB,B03,94.74,-67.52,359.6,13.55,111.7,-49.82,0.903,57.0,73,0.4967,0,1
NEU-500373,TreatmentB,B03,122.29,-71.69,405.5,14.2,53.9,-37.92,0.926,56.3,85,0.2843,1,0
NEU-507915,TreatmentA,B02,111.02,-67.8,264.4,10.32,8.5,-43.05,0.911,81.1,70,0.3757,0,1
NEU-503646,TreatmentB,B02,73.48,-78.09,83.2,14.14,7.6,-46.99,1.21,77.3,97,0.5443,1,0
NEU-506711,TreatmentB,B02,106.41,-62.58,160.6,16.1,68.7,-40.63,0.889,66.5,92,0.5921,1,1
NEU-509489,TreatmentB,B03,111.84,-64.76,206.6,8.69,172.8,-38.06,0.763,61.9,88,0.2123,1,1
NEU-504893,TreatmentB,B02,101.26,-63.65,165.0,7.5,90.6,-42.67,0.961,63.3,82,0.1925,0,1
NEU-502752,Control,B02,73.01,-54.33,176.6,7.84,111.9,-39.42,1.189,22.9,82,0.4426,0,0
NEU-509184,Control,B03,107.7,-61.19,180.4,13.65,99.9,-37.67,1.449,40.4,107,0.5885,0,0
NEU-502185,Control,B01,102.05,-77.51,205.4,11.33,110.0,-43.08,1.319,54.7,90,0.2906,1,0
NEU-502224,Control,B02,94.04,-59.58,185.8,20.13,121.7,-43.7,1.737,45.9,87,0.1139,1,0
NEU-509456,TreatmentA,B03,104.59,-64.68,161.5,12.08,84.8,-41.72,2.034,34.3,91,0.3897,0,1
NEU-504089,Control,B02,110.42,-68.83,255.0,7.76,135.1,-46.0,0.637,36.8,93,0.3131,0,1
NEU-502235,Control,B01,102.16,-72.07,148.9,8.41,92.4,-43.4,1.031,31.0,84,0.4444,1,0
NEU-504716,TreatmentA,B03,100.99,-70.21,100.9,8.85,121.0,-47.45,0.95,25.7,86,0.4377,1,1
NEU-505117,TreatmentA,B01,97.99,-63.95,148.6,12.66,80.4,-42.4,0.872,22.3,89,0.1523,0,1
NEU-505290,TreatmentA,B03,120.69,-73.98,182.7,12.66,124.3,-45.42,0.736,68.4,66,0.4154,0,0
NEU-502111,TreatmentA,B01,97.79,-61.86,91.3,7.18,72.6,-42.34,1.422,72.9,96,0.4707,1,1
NEU-501858,TreatmentA,B01,99.97,-52.21,156.1,21.32,112.6,-36.24,1.305,62.5,75,0.236,1,0
NEU-508805,TreatmentA,B02,95.53,-68.44,103.0,12.31,116.1,-50.14,0.843,59.9,89,0.3857,1,1
NEU-503190,Control,B02,114.59,-68.2,224.5,17.27,142.0,-40.63,1.093,57.1,86,0.3181,1,1
NEU-508912,TreatmentA,B02,98.61,-62.62,143.8,14.72,113.3,-43.69,1.366,52.1,87,0.256,1,1
NEU-503444,TreatmentB,B01,103.51,-63.03,242.9,25.66,135.9,-42.94,1.142,57.4,80,0.4786,0,1
NEU-501205,TreatmentB,B03,129.76,-65.8,227.8,11.5,142.5,-46.79,1.991,73.4,88,0.2609,1,1
NEU-504618,TreatmentB,B01,112.19,-71.5,326.1,22.09,107.1,-45.63,0.516,44.7,66,0.303,0,1
NEU-506151,TreatmentB,B03,110.53,-64.66,258.9,10.14,60.6,-33.22,1.49,46.3,82,0.2111,1,1
NEU-502576,TreatmentB,B02,103.33,-66.7,94.0,9.94,119.6,-43.18,0.933,46.5,85,0.2686,0,1
NEU-504672,TreatmentA,B02,111.67,-61.39,52.1,9.74,172.8,-45.12,0.887,55.9,82,0.3038,1,1
NEU-501788,Control,B01,118.33,-69.88,245.2,14.73,162.8,-39.61,0.817,22.2,76,0.3913,0,1
NEU-504917,TreatmentB,B01,81.73,-64.9,363.0,17.98,36.6,-45.51,1.081,83.8,98,0.3178,0,1
NEU-507018,TreatmentA,B01,115.8,-73.83,282.0,13.18,127.9,-45.87,0.904,64.4,88,0.6299,0,0
NEU-505135,Control,B03,75.04,-63.09,228.8,11.58,83.3,-39.62,0.882,35.7,89,0.402,0,1
NEU-505299,TreatmentA,B02,93.32,-70.03,189.7,23.56,124.9,-49.04,0.509,69.5,80,0.5395,0,1
NEU-504990,TreatmentA,B01,95.49,-66.08,140.0,13.38,102.4,-41.98,1.369,40.1,87,0.2797,1,1
NEU-505988,Control,B02,114.29,-72.27,99.6,13.09,102.3,-39.28,0.962,37.8,91,0.5099,0,0
NEU-500540,TreatmentB,B01,96.94,-69.54,139.4,10.64,90.6,-36.36,1.025,55.0,87,0.5404,1,1
NEU-504955,Control,B03,116.67,-67.67,155.2,9.96,110.7,-45.39,1.246,63.0,106,0.2451,1,1
NEU-507353,TreatmentA,B01,98.77,-66.63,232.6,10.82,60.4,-41.66,0.957,58.3,92,0.5969,0,1
NEU-505226,TreatmentA,B03,116.8,-60.55,193.6,12.6,63.0,-42.02,0.968,61.2,86,0.3853,1,1
NEU-501091,TreatmentB,B01,68.75,-63.6,202.2,14.48,70.2,-37.49,1.304,69.1,91,0.4319,1,0
NEU-505704,TreatmentB,B01,95.77,-66.67,586.3,12.37,71.6,-46.85,1.312,20.5,85,0.3569,0,1
NEU-505921,TreatmentB,B03,105.57,-73.26,395.4,11.64,153.1,-40.93,0.982,65.3,90,0.3784,0,0
NEU-501825,TreatmentA,B02,108.43,-67.95,434.1,9.4,50.2,-43.21,1.227,60.9,72,0.1248,0,1
NEU-503329,TreatmentB,B01,100.14,-62.94,115.2,5.36,155.3,-40.29,1.827,65.8,86,0.3688,1,1
NEU-504331,TreatmentA,B02,100.01,-64.44,250.1,13.54,50.1,-32.99,0.806,27.0,85,0.3034,0,1
NEU-502917,TreatmentA,B01,98.45,-66.3,575.3,15.99,28.4,-33.15,0.7,52.7,87,0.2157,0,1
NEU-507134,TreatmentA,B02,100.48,-69.42,178.2,14.4,107.4,-39.6,1.483,62.3,105,0.5776,1,0
NEU-500961,Control,B03,84.37,-68.38,243.1,14.18,117.7,-41.31,1.176,43.9,78,0.2739,0,1
NEU-500423,Control,B02,97.6,-57.4,137.9,15.89,155.6,-38.73,1.197,50.6,82,0.2928,1,0
NEU-506521,TreatmentB,B03,94.76,-67.28,159.7,15.87,46.6,-41.52,0.813,83.3,80,0.717,1,1
NEU-503709,TreatmentA,B02,102.35,-57.29,88.8,23.54,144.0,-37.31,1.166,65.9,88,0.3943,1,0
NEU-505803,TreatmentB,B03,85.38,-64.15,165.9,15.81,128.0,-37.08,0.658,77.3,84,0.3321,1,1
NEU-506437,TreatmentA,B02,72.96,-60.95,239.8,12.57,91.0,-38.6,1.002,59.2,91,0.5858,1,0
NEU-509840,TreatmentB,B03,128.72,-71.81,174.8,13.28,89.6,-45.03,0.972,68.6,87,0.2941,1,0
NEU-507338,Control,B01,94.93,-59.19,159.7,9.62,89.5,-43.05,1.138,62.5,80,0.6538,0,0
NEU-509372,TreatmentB,B03,81.48,-71.17,299.7,6.09,106.4,-35.86,1.149,69.7,98,0.5235,1,0
NEU-502849,TreatmentA,B03,102.58,-74.29,156.0,36.54,156.6,-38.18,0.966,46.8,102,0.6629,0,1
NEU-505909,Control,B01,93.3,-68.66,198.2,16.0,153.9,-41.45,0.936,30.9,95,0.4231,0,1
NEU-509353,TreatmentA,B03,100.09,-65.54,143.3,15.08,42.1,-39.99,1.137,71.6,87,0.3769,1,1
NEU-505634,Control,B01,100.46,-66.32,309.9,12.91,76.7,-39.26,1.176,71.5,75,0.2886,0,1
NEU-501952,TreatmentB,B01,101.57,-62.85,76.3,14.9,148.1,-46.69,0.651,26.6,95,0.3071,0,1
NEU-509899,TreatmentA,B03,106.51,-65.99,291.7,24.16,138.1,-40.51,1.222,79.1,77,0.1113,1,0
NEU-509592,Control,B01,76.44,-65.17,136.5,11.95,88.2,-42.78,0.795,50.7,85,0.174,1,1
NEU-502418,Control,B03,98.82,-59.6,147.9,16.99,157.0,-48.06,0.684,49.4,89,0.2914,0,0
NEU-507228,TreatmentB,B03,83.97,-53.75,571.6,6.99,55.2,-47.53,1.006,65.0,94,0.2887,0,0
NEU-505378,Control,B02,98.78,-63.93,225.5,12.57,83.5,-37.95,0.933,36.4,86,0.3015,0,1
NEU-500139,Control,B02,86.84,-71.21,310.6,7.38,54.4,-38.17,1.025,53.7,69,0.2131,1,1
NEU-508950,Control,B03,102.88,-60.24,117.0,17.29,124.5,-39.83,0.914,34.8,71,0.6212,0,1
NEU-501095,Control,B01,113.11,-51.58,84.3,8.07,121.9,-39.81,1.238,60.9,83,0.1752,1,1
NEU-508853,TreatmentA,B01,93.13,-72.07,185.6,9.13,73.4,-43.61,1.038,81.1,87,0.3604,1,0
NEU-504383,Control,B03,101.84,-65.53,104.1,10.38,183.0,-45.71,1.129,42.3,87,0.4458,0,1
NEU-508154,Control,B03,121.82,-61.74,95.0,8.28,144.5,-44.6,1.135,46.2,88,0.4088,1,0
NEU-502655,TreatmentA,B01,112.77,-66.34,288.4,10.34,38.3,-44.3,1.127,33.3,70,0.3945,0,1
NEU-502363,Control,B03,90.16,-67.51,114.2,12.25,60.9,-37.74,1.352,34.0,93,0.6455,0,0
NEU-502122,TreatmentA,B03,100.35,-65.77,206.5,6.48,105.9,-44.78,0.891,73.9,87,0.3495,1,1
NEU-506346,TreatmentA,B03,108.89,-65.75,135.3,13.41,92.3,-44.71,0.848,60.5,106,0.4776,1,1
NEU-500274,TreatmentB,B03,88.37,-59.72,96.4,16.51,135.3,-38.83,1.602,78.3,103,0.6218,1,1
NEU-504959,TreatmentA,B01,128.25,-61.63,104.2,22.26,-11.9,-45.37,1.225,70.6,79,0.2121,1,0
NEU-505736,TreatmentA,B01,97.17,-58.61,136.9,10.13,80.2,-50.0,0.976,35.4,70,0.2612,0,0
NEU-506724,TreatmentB,B02,96.51,-66.15,337.4,17.58,100.5,-49.99,0.88,59.5,87,0.2997,0,1
NEU-502689,Control,B02,107.49,-67.49,170.9,19.08,131.1,-43.23,1.055,49.4,82,0.4705,1,1
NEU-506989,Control,B03,91.82,-52.81,261.2,18.02,120.3,-38.93,1.124,55.2,97,0.6247,1,0
NEU-503926,TreatmentA,B01,108.3,-70.54,434.2,13.55,130.3,-38.61,1.162,48.1,88,0.4714,0,1
NEU-508904,Control,B01,99.15,-63.17,208.2,14.73,80.1,-41.56,2.104,55.3,78,0.4576,1,1
NEU-508431,Control,B02,114.0,-66.87,118.4,38.49,119.9,-41.74,1.41,38.2,102,0.4659,0,1
NEU-500250,Control,B02,90.77,-61.04,227.8,15.13,146.4,-42.92,0.935,58.8,83,0.6902,1,1
NEU-504995,TreatmentB,B03,101.71,-62.34,265.9,17.56,154.4,-39.05,1.198,76.9,94,0.3381,1,1
NEU-500628,TreatmentA,B02,113.11,-76.42,428.2,15.18,14.2,-43.1,0.915,48.8,91,0.5226,0,0
NEU-509808,Control,B03,110.67,-59.46,241.4,9.2,144.6,-42.24,0.775,41.9,80,0.6917,0,0
NEU-504370,Control,B03,115.88,-72.54,216.4,26.2,135.5,-47.04,0.949,37.1,94,0.2694,0,0
NEU-505099,TreatmentA,B03,89.16,-57.61,268.1,11.93,78.3,-31.02,0.93,62.4,82,0.2753,0,0
NEU-501276,Control,B03,91.9,-67.52,187.3,7.38,112.7,-49.13,0.664,60.6,96,0.4063,1,1
NEU-504759,Control,B03,102.08,-59.51,142.3,10.29,82.8,-41.9,0.576,48.8,63,0.2369,0,1
NEU-508346,TreatmentB,B02,89.33,-68.46,222.1,24.8,10.4,-44.51,1.231,49.4,86,0.5967,0,1
NEU-507609,TreatmentB,B03,133.76,-61.73,324.0,11.0,82.8,-40.93,1.361,77.7,110,0.1631,1,1
NEU-503327,TreatmentA,B02,98.49,-66.25,132.3,20.53,123.1,-37.54,0.933,60.0,93,0.54,0,1
NEU-500682,Control,B03,124.95,-62.02,559.4,15.3,75.5,-43.09,0.996,64.2,81,0.3525,0,1
NEU-503824,Control,B03,92.05,-71.63,111.2,13.08,141.1,-43.71,1.305,54.4,78,0.4514,1,0
NEU-509882,TreatmentA,B03,114.35,-72.69,198.5,15.49,128.8,-46.31,0.879,58.2,80,0.2901,1,0
NEU-506269,TreatmentB,B01,91.63,-68.08,175.2,17.61,149.6,-43.6,0.686,86.3,84,0.6,1,1
NEU-504278,Control,B03,82.2,-60.45,283.8,8.15,57.2,-39.04,0.823,40.8,85,0.6181,0,0
NEU-506244,Control,B03,101.02,-72.09,102.0,15.29,124.2,-36.39,1.016,34.7,91,0.1315,0,0
NEU-507327,TreatmentA,B01,102.83,-45.72,182.8,17.46,137.0,-40.67,2.032,73.2,75,0.7046,1,1
NEU-509725,TreatmentA,B02,75.19,-71.23,483.6,29.95,123.6,-37.28,1.014,29.9,91,0.205,0,0
NEU-506976,TreatmentB,B02,113.83,-65.52,117.1,14.16,75.5,-39.93,0.975,42.5,100,0.4,0,1
NEU-505430,TreatmentA,B01,105.03,-66.43,183.2,17.0,102.3,-38.31,0.944,50.6,81,0.395,1,1
NEU-504008,TreatmentB,B01,103.63,-72.97,193.7,23.09,98.1,-47.39,0.668,57.3,85,0.5551,0,1
NEU-505569,Control,B01,102.18,-58.61,192.6,10.17,190.0,-39.77,0.869,58.7,75,0.6435,0,0
NEU-508971,TreatmentB,B02,100.26,-68.3,199.1,9.98,47.4,-39.72,0.641,78.8,78,0.6938,0,0
NEU-505970,TreatmentB,B01,86.33,-71.86,136.1,17.98,95.5,-39.97,0.971,79.5,87,0.2745,1,0
NEU-501901,TreatmentA,B01,86.31,-58.87,125.4,12.63,112.7,-43.39,0.61,51.6,86,0.4115,0,0
NEU-503867,Control,B03,92.08,-65.18,57.6,29.12,64.6,-46.53,0.825,39.9,93,0.3511,1,0
NEU-506609,TreatmentB,B02,111.94,-66.32,390.6,7.96,53.9,-38.87,1.873,78.0,93,0.379,1,0
NEU-503547,Control,B02,86.77,-69.3,163.5,7.05,76.3,-40.23,0.742,44.0,80,0.5524,0,0
NEU-501598,TreatmentA,B03,89.77,-58.2,117.7,8.06,121.9,-44.31,0.704,54.4,104,0.6131,1,0
NEU-502243,TreatmentB,B02,72.66,-61.43,209.5,15.14,88.1,-41.57,1.241,67.3,78,0.294,1,1
NEU-501227,TreatmentB,B01,104.0,-69.74,94.3,12.78,89.9,-49.02,0.864,78.9,66,0.2058,0,0
NEU-507837,TreatmentB,B02,70.84,-62.61,180.1,19.95,72.9,-44.27,0.955,37.9,82,0.5602,0,1
NEU-502194,TreatmentA,B02,114.23,-74.49,246.2,17.86,9.4,-43.06,1.2,46.8,78,0.3217,0,0
NEU-505383,Control,B02,102.78,-56.26,184.1,8.6,63.7,-46.6,1.027,18.1,75,0.298,0,1
NEU-506231,TreatmentA,B01,107.84,-61.37,195.6,12.09,126.0,-39.56,1.592,27.5,69,0.4788,0,0
NEU-503954,Control,B03,106.13,-72.98,137.0,19.46,177.4,-45.08,1.113,33.3,76,0.5212,0,0
NEU-507180,Control,B01,104.3,-65.88,128.1,9.94,174.4,-51.89,1.39,28.6,80,0.4561,1,1
NEU-500506,TreatmentA,B01,120.54,-58.1,127.7,11.47,72.3,-45.45,1.354,73.4,85,0.3769,1,0
NEU-505667,Control,B02,97.02,-67.62,120.9,13.71,132.7,-43.64,1.106,31.0,83,0.3015,0,1
NEU-503903,TreatmentB,B03,108.12,-69.99,91.3,11.72,63.1,-36.98,0.95,57.1,93,0.4029,1,1
NEU-503869,TreatmentA,B03,100.49,-64.12,117.0,12.12,57.6,-34.93,0.896,46.0,60,0.6376,0,1
NEU-504881,TreatmentB,B03,96.3,-68.18,328.3,18.11,73.4,-38.56,0.684,65.6,91,0.3953,1,1
NEU-504319,TreatmentB,B02,105.8,-62.27,277.7,10.32,8.7,-35.76,0.88,88.2,96,0.4603,1,1
NEU-508890,TreatmentB,B01,97.24,-63.72,245.6,23.55,66.2,-33.37,1.051,53.2,84,0.3347,0,1
NEU-507229,Control,B03,119.81,-61.45,126.6,14.29,139.1,-47.07,0.813,23.3,86,0.6842,1,1
NEU-509787,TreatmentB,B03,113.5,-62.9,92.0,10.41,113.9,-47.5,0.982,44.7,91,0.336,1,1
NEU-506226,TreatmentA,B02,112.19,-70.69,156.4,11.32,156.5,-48.45,1.755,77.9,93,0.1459,1,1
NEU-501779,TreatmentA,B02,92.65,-60.99,137.0,7.9,131.3,-39.76,1.511,72.5,86,0.3656,1,1
NEU-506754,TreatmentA,B02,104.32,-63.69,269.1,12.09,88.6,-44.11,1.211,74.9,85,0.6679,1,0
NEU-507288,TreatmentA,B02,107.62,-72.68,177.6,22.31,103.7,-46.16,1.246,46.9,77,0.4442,1,1
NEU-508672,Control,B03,90.21,-69.53,192.2,8.83,81.3,-48.0,1.171,53.4,98,0.4074,0,1
NEU-505705,Control,B02,90.32,-68.22,177.6,10.47,116.1,-43.42,0.945,38.5,91,0.5378,1,0
NEU-505651,TreatmentA,B03,116.48,-59.58,179.0,17.31,86.8,-44.95,1.012,41.3,73,0.4139,0,0
NEU-502132,TreatmentB,B01,110.57,-61.11,303.7,11.98,78.1,-47.56,0.986,56.0,74,0.4403,0,0
NEU-504737,TreatmentB,B03,85.06,-61.97,409.6,8.39,-1.5,-38.09,0.887,55.2,90,0.5358,0,0
NEU-504690,TreatmentA,B03,101.32,-60.32,150.6,8.92,94.0,-41.01,1.26,42.1,74,0.4122,1,1
NEU-505728,TreatmentA,B01,110.82,-54.03,196.2,26.16,101.1,-40.53,1.154,50.8,78,0.7292,1,1
NEU-502858,Control,B02,105.65,-57.61,222.8,15.98,49.0,-43.15,1.005,73.2,87,0.5454,1,0
NEU-509113,TreatmentA,B03,91.64,-60.05,51.7,15.29,24.2,-44.72,0.713,57.7,70,0.4695,1,1
NEU-504839,Control,B01,123.3,-68.89,92.4,10.35,95.0,-43.35,1.55,19.8,81,0.4204,1,0
NEU-505716,TreatmentB,B02,104.19,-66.54,301.2,14.29,80.5,-44.19,1.119,75.4,84,0.3548,1,1
NEU-507051,Control,B03,100.52,-57.58,298.8,8.69,90.8,-41.96,0.952,30.7,77,0.3045,0,1
NEU-505572,Control,B03,127.42,-55.43,113.6,15.01,104.0,-39.44,0.969,35.2,82,0.3532,1,0
NEU-502071,Control,B02,78.03,-60.1,328.3,23.04,135.1,-41.54,1.216,5.8,91,0.4151,0,1
NEU-506115,TreatmentA,B01,113.76,-60.82,244.0,17.62,98.8,-42.32,1.359,65.2,86,0.2274,1,0
NEU-507511,Control,B02,99.32,-59.23,240.5,18.06,57.6,-45.69,1.652,31.7,100,0.3607,1,0
NEU-501023,Control,B01,126.48,-66.38,157.5,16.49,207.5,-40.27,0.681,44.9,93,0.3122,0,1
NEU-501909,TreatmentB,B01,101.37,-67.19,189.8,10.72,91.1,-46.37,2.015,79.2,90,0.1722,1,1
NEU-502284,TreatmentA,B03,107.19,-65.17,160.5,10.93,62.0,-35.75,0.979,55.2,73,0.5521,1,1
NEU-502031,Control,B01,95.58,-67.54,252.2,11.02,121.2,-42.76,1.038,57.6,88,0.3873,0,0
NEU-502349,Control,B01,111.68,-58.02,180.7,13.82,59.8,-42.06,1.316,47.5,82,0.5069,0,0
NEU-505337,Control,B01,90.47,-57.58,90.8,24.1,94.9,-36.25,1.13,53.6,83,0.281,1,0
NEU-507618,TreatmentA,B02,96.14,-51.84,136.3,11.28,85.1,-42.54,1.154,78.9,83,0.311,1,0
NEU-503771,TreatmentA,B01,84.13,-61.97,145.9,5.94,69.9,-44.08,1.258,49.3,93,0.3037,0,1
NEU-507336,TreatmentB,B01,67.5,-69.66,196.8,14.26,129.3,-43.6,1.107,85.8,74,0.4691,1,1
NEU-505386,TreatmentB,B01,84.15,-65.72,132.9,12.33,63.9,-40.09,1.187,70.9,81,0.4424,1,0
NEU-505166,TreatmentB,B03,102.48,-71.59,225.2,11.78,41.1,-47.95,1.337,64.1,84,0.1981,1,0
NEU-508405,TreatmentB,B01,96.79,-62.41,138.5,17.01,43.4,-41.3,1.381,56.7,100,0.4414,1,1
NEU-500652,TreatmentA,B02,65.32,-68.02,377.5,11.49,107.4,-44.23,0.805,74.8,74,0.2754,0,1
NEU-501806,TreatmentB,B03,119.36,-71.28,109.8,25.83,119.3,-49.62,1.332,60.2,78,0.4311,1,0
NEU-507449,Control,B01,114.33,-62.94,83.4,10.31,91.0,-38.2,0.811,54.9,89,0.2721,1,1
NEU-508059,Control,B03,107.89,-74.02,305.9,15.34,114.3,-42.14,1.823,53.7,89,0.3673,1,1
NEU-506474,Control,B02,92.85,-68.69,155.2,9.85,157.9,-42.02,1.381,67.1,82,0.4238,1,1
NEU-509961,TreatmentA,B02,86.74,-68.22,144.7,11.78,105.2,-40.23,0.79,43.7,80,0.468,1,1
NEU-500395,TreatmentA,B02,70.44,-65.96,133.0,8.16,206.4,-45.08,1.097,57.3,92,0.3592,1,1
NEU-505655,Control,B03,87.51,-67.24,97.1,11.87,123.9,-36.34,0.507,44.3,87,0.1755,0,1
NEU-508496,TreatmentA,B01,105.65,-61.23,130.1,12.2,53.7,-38.74,0.882,53.5,91,0.163,1,0
NEU-508055,TreatmentB,B01,111.19,-66.84,92.6,24.12,82.7,-45.17,0.539,68.2,88,0.4535,1,1
NEU-508908,TreatmentB,B01,124.84,-73.08,266.8,12.12,119.3,-42.92,0.952,58.0,87,0.3935,0,0
NEU-502720,TreatmentB,B03,86.55,-57.02,132.6,16.29,57.0,-40.13,0.686,68.2,100,0.2801,0,0
NEU-500734,Control,B03,109.76,-65.58,121.9,4.97,98.2,-40.8,1.106,30.0,102,0.55,0,0
NEU-508680,Control,B01,110.1,-64.72,174.4,20.4,91.1,-44.56,0.58,46.3,76,0.4204,0,1
NEU-507302,TreatmentA,B02,120.92,-58.18,169.0,7.19,114.7,-42.7,1.168,52.3,101,0.5192,0,0
NEU-508978,TreatmentA,B02,105.48,-68.4,145.5,20.38,101.1,-42.33,2.176,96.3,78,0.5268,1,1
NEU-509229,TreatmentB,B01,100.71,-65.49,161.4,10.48,12.8,-42.16,0.891,95.3,97,0.5382,1,0
NEU-509171,TreatmentA,B02,122.03,-70.78,135.2,19.24,100.6,-39.64,1.584,44.6,88,0.3082,1,0
NEU-505828,TreatmentA,B03,112.95,-65.52,141.8,7.44,105.5,-43.0,0.986,24.5,78,0.7211,0,0
NEU-505887,Control,B02,115.04,-66.96,127.1,9.93,122.2,-44.45,0.735,32.1,85,0.2302,0,1
NEU-508854,Control,B01,122.07,-70.08,333.1,9.27,127.1,-44.03,1.614,39.8,106,0.2609,0,1
NEU-508474,TreatmentA,B02,109.7,-64.96,162.2,12.1,66.0,-42.39,0.798,41.7,77,0.3584,0,1
NEU-508150,TreatmentA,B02,122.18,-74.31,182.0,15.95,43.6,-44.87,1.041,36.3,82,0.6368,0,1
NEU-502467,TreatmentA,B02,97.62,-71.81,135.2,22.08,42.2,-45.26,1.257,47.5,76,0.1143,1,0
NEU-507144,TreatmentB,B01,78.29,-70.56,275.6,18.24,62.7,-43.34,0.782,54.6,100,0.6197,0,1
NEU-502844,TreatmentB,B03,91.34,-55.29,233.5,11.37,28.5,-36.83,0.685,77.4,75,0.1293,1,1
NEU-500579,TreatmentA,B03,136.28,-62.74,335.2,12.68,167.6,-43.13,0.66,57.8,99,0.4241,1,1
NEU-501731,TreatmentB,B01,73.09,-62.0,377.0,9.57,74.8,-35.12,0.894,47.1,84,0.7339,0,0
NEU-506386,Control,B03,102.39,-60.98,111.4,13.08,127.5,-40.38,0.937,37.9,76,0.6784,0,1
NEU-509374,TreatmentA,B01,91.05,-58.34,256.8,19.46,58.7,-47.58,0.913,51.7,86,0.3735,0,0
NEU-500788,TreatmentA,B03,107.78,-68.08,188.7,20.33,85.0,-44.35,0.785,62.7,81,0.343,0,0
NEU-502228,Control,B01,85.48,-66.38,135.1,10.55,153.3,-37.87,0.628,44.7,92,0.7143,1,0
NEU-506475,TreatmentA,B02,95.29,-64.37,342.5,7.57,112.8,-42.91,1.117,72.2,66,0.6101,0,0
NEU-502839,TreatmentA,B01,103.77,-64.04,274.6,17.08,132.1,-36.71,0.576,29.7,99,0.623,0,1
NEU-503322,Control,B01,97.63,-68.9,90.3,23.12,149.6,-45.3,0.992,45.5,86,0.3167,1,0
NEU-507182,Control,B02,110.67,-68.09,118.3,12.68,116.0,-43.2,1.164,33.2,91,0.5311,1,1
NEU-508866,TreatmentB,B01,100.25,-68.67,261.1,12.18,151.5,-42.99,1.22,55.8,86,0.5968,1,0
NEU-506167,TreatmentA,B02,104.9,-69.72,462.1,10.12,15.3,-40.87,0.723,75.2,80,0.4153,1,0
NEU-507758,TreatmentA,B02,73.73,-69.15,132.3,18.26,115.3,-41.07,0.597,25.9,67,0.2522,0,0
NEU-503116,TreatmentB,B01,110.68,-72.31,193.6,13.28,48.3,-42.87,0.821,60.4,109,0.3684,1,0
NEU-500602,Control,B03,71.94,-73.42,90.0,15.17,108.9,-42.68,1.207,52.4,84,0.5412,1,0
NEU-505171,Control,B03,124.46,-61.93,203.9,16.27,87.2,-45.14,0.786,42.3,93,0.3587,0,1
NEU-507321,TreatmentA,B03,79.34,-69.57,322.7,9.51,59.6,-42.07,0.878,49.2,84,0.7821,1,0
NEU-504109,TreatmentA,B03,116.38,-65.82,276.1,9.9,146.1,-37.02,0.879,65.6,76,0.6603,0,0
NEU-501536,TreatmentA,B02,90.48,-57.38,266.1,14.14,93.6,-33.12,1.002,39.1,99,0.3612,0,0
NEU-508392,TreatmentB,B01,110.61,-62.5,229.8,8.42,66.2,-40.3,0.771,59.5,89,0.6044,0,0
NEU-500175,TreatmentA,B02,102.62,-76.29,200.8,13.08,88.3,-39.3,1.004,45.9,84,0.1703,0,0
NEU-509307,TreatmentB,B02,125.3,-66.42,228.0,10.48,67.3,-44.83,1.435,60.9,91,0.5401,1,0
NEU-500225,TreatmentB,B03,80.19,-57.39,68.5,35.85,103.2,-37.39,0.788,51.2,80,0.0887,1,0
NEU-507770,TreatmentA,B03,94.47,-67.8,129.4,8.59,111.1,-44.93,0.905,39.5,92,0.4134,0,0
NEU-501291,TreatmentB,B01,82.21,-58.99,96.7,15.74,15.5,-45.24,0.748,37.3,89,0.2508,0,0
NEU-507731,TreatmentA,B02,119.81,-57.95,178.3,9.57,94.3,-36.8,1.004,46.3,93,0.3639,1,0
NEU-507732,TreatmentB,B01,107.3,-68.03,176.9,13.83,129.4,-41.42,1.116,77.4,99,0.2045,0,1
NEU-507903,TreatmentB,B01,103.81,-60.46,231.6,12.89,109.4,-37.05,0.988,78.0,98,0.46,1,1
NEU-503511,TreatmentB,B01,115.46,-60.76,191.5,7.07,63.6,-45.64,1.17,62.1,94,0.3041,1,1
NEU-500474,TreatmentA,B01,96.26,-68.58,256.0,21.38,46.5,-41.9,2.444,73.3,93,0.4941,1,1
NEU-509562,TreatmentB,B02,113.02,-64.09,264.8,9.02,158.9,-44.54,1.48,57.0,86,0.5853,1,1
NEU-501035,Control,B01,81.43,-65.92,130.0,16.59,141.9,-41.02,1.336,31.4,91,0.4936,0,1
NEU-500967,TreatmentB,B02,97.36,-65.43,131.2,18.6,115.1,-40.24,0.961,72.3,88,0.506,0,1
NEU-501830,Control,B03,129.59,-68.85,182.9,13.61,130.6,-40.82,1.563,48.2,92,0.2488,1,0
NEU-504392,TreatmentB,B03,98.96,-69.53,93.9,15.16,87.2,-45.37,0.646,53.0,82,0.2713,0,1
NEU-500352,TreatmentA,B03,95.94,-68.26,53.8,21.0,163.3,-45.22,1.14,57.4,64,0.4606,0,1
NEU-509544,Control,B03,118.61,-55.28,138.9,13.81,118.8,-51.56,1.005,15.1,86,0.3745,0,0
NEU-506617,TreatmentA,B02,84.36,-67.51,244.2,8.34,50.8,-42.17,1.259,71.5,84,0.4393,1,1
NEU-509508,TreatmentA,B03,112.02,-69.57,177.6,13.97,101.2,-43.82,0.765,57.0,91,0.5102,0,1
NEU-502184,TreatmentA,B03,136.39,-70.21,136.0,14.53,63.9,-44.85,1.275,56.0,84,0.1291,1,1
NEU-501223,TreatmentA,B02,115.62,-59.83,352.2,14.46,40.8,-46.03,1.16,70.3,92,0.3448,1,0
NEU-500226,TreatmentA,B01,114.39,-58.34,209.9,13.59,100.8,-42.18,0.928,52.3,87,0.5914,0,0
NEU-505947,TreatmentA,B01,92.45,-62.52,107.4,25.96,92.5,-45.41,1.347,61.6,80,0.23,1,0
NEU-507110,TreatmentB,B01,94.29,-66.86,56.9,22.62,82.6,-34.47,1.046,57.2,106,0.4055,1,1
NEU-506911,TreatmentA,B01,70.3,-66.41,212.5,12.18,71.1,-40.59,0.964,34.5,97,0.3743,0,0
NEU-506957,Control,B02,99.84,-68.4,446.4,6.93,118.1,-46.72,1.4,55.4,102,0.2832,0,1
NEU-505003,Control,B03,97.12,-75.48,429.4,12.66,161.7,-36.96,1.043,36.0,80,0.3399,0,0
NEU-501469,Control,B03,122.5,-72.08,235.1,10.6,133.5,-42.75,0.77,60.1,100,0.2013,0,0
NEU-503120,Control,B02,110.91,-66.51,76.7,6.08,120.7,-45.77,1.325,27.4,93,0.7247,1,0
NEU-507794,TreatmentA,B01,89.44,-67.65,184.0,10.47,98.4,-39.94,1.625,54.8,99,0.2106,1,1
NEU-505638,Control,B01,103.62,-65.09,244.6,25.45,114.2,-39.44,0.831,47.3,79,0.1377,0,0
NEU-503223,TreatmentA,B03,69.77,-70.19,190.6,19.36,98.8,-40.49,0.616,37.9,78,0.6438,0,1
NEU-504820,TreatmentA,B01,89.87,-64.72,145.2,11.38,62.1,-41.78,0.897,46.8,70,0.545,1,1
NEU-508323,TreatmentA,B01,92.55,-54.84,182.3,13.42,147.2,-40.47,1.359,50.8,75,0.4272,1,0
NEU-509628,Control,B03,102.38,-65.57,78.1,12.01,68.2,-42.19,1.009,45.3,99,0.5205,1,0
NEU-501018,Control,B01,114.33,-59.66,167.3,20.07,144.0,-48.93,0.963,65.3,83,0.5266,1,0
NEU-504570,Control,B02,108.09,-70.04,165.8,7.93,138.7,-33.85,1.15,53.0,93,0.478,1,0
NEU-503391,TreatmentB,B01,96.67,-65.64,218.7,13.72,23.1,-41.88,1.092,78.6,78,0.2613,1,1
NEU-503820,Control,B02,88.55,-69.86,208.3,8.04,123.5,-42.98,1.004,36.5,105,0.3541,0,1
NEU-505282,Control,B03,103.53,-70.75,81.7,25.05,146.1,-48.97,1.013,17.1,91,0.364,1,0
NEU-502902,Control,B01,92.37,-67.35,353.4,23.69,74.7,-43.15,0.559,37.3,84,0.3155,0,1
NEU-505528,Control,B03,101.31,-66.48,114.0,14.73,135.5,-46.24,1.238,45.5,76,0.4759,1,1
NEU-509221,Control,B01,105.97,-63.19,161.3,11.98,118.2,-44.73,1.244,41.5,85,0.2769,0,1
NEU-505057,TreatmentB,B02,69.89,-63.5,258.2,12.03,56.5,-33.42,1.094,76.1,98,0.1415,1,1
NEU-504407,TreatmentA,B03,102.14,-61.13,144.8,12.12,58.9,-31.07,0.897,72.0,94,0.2895,1,1
NEU-509215,TreatmentA,B03,81.01,-67.56,131.1,10.85,229.2,-41.52,1.001,55.6,92,0.4089,1,1
NEU-505793,TreatmentA,B02,90.24,-66.57,107.3,23.11,79.7,-42.17,0.77,77.5,90,0.3257,1,0
NEU-509366,Control,B03,116.58,-74.18,122.5,12.47,116.3,-39.97,0.536,28.0,89,0.4261,0,0
NEU-502021,Control,B03,85.39,-68.08,164.9,15.17,40.6,-43.41,0.796,41.3,86,0.4927,0,1
NEU-504066,TreatmentA,B01,113.05,-59.86,261.8,10.66,128.9,-39.66,1.079,43.7,93,0.3858,1,0
NEU-507886,Control,B02,85.0,-65.01,226.5,19.7,154.4,-40.68,0.747,37.8,85,0.3155,0,0
NEU-500116,TreatmentA,B03,75.72,-65.62,227.3,12.91,58.7,-40.84,1.065,47.0,92,0.3298,0,1
NEU-504784,TreatmentB,B02,104.75,-67.74,172.7,6.09,68.8,-43.0,1.56,66.0,96,0.4025,1,1
NEU-507727,TreatmentB,B01,128.77,-67.4,209.1,7.75,88.0,-39.61,0.782,82.6,85,0.4433,1,1
NEU-503277,Control,B03,113.01,-67.32,102.2,15.77,61.2,-43.38,0.689,43.4,78,0.6396,0,1
NEU-500253,TreatmentA,B01,117.07,-63.32,200.7,12.83,98.3,-42.2,0.847,47.3,80,0.6145,0,1
NEU-507822,TreatmentB,B03,102.29,-65.56,163.1,12.31,138.4,-41.55,1.856,86.5,74,0.6776,1,0
NEU-502151,TreatmentA,B02,106.65,-65.2,178.2,15.14,16.8,-44.95,0.859,40.3,96,0.4455,1,0
NEU-505997,Control,B03,96.28,-67.09,165.2,8.16,91.3,-42.42,2.386,29.0,84,0.6131,1,0
NEU-509386,TreatmentA,B01,85.68,-71.83,174.8,4.44,120.4,-46.65,1.222,52.4,94,0.3263,1,0
NEU-507193,TreatmentA,B01,83.74,-64.1,322.3,5.07,116.1,-42.19,1.046,27.0,100,0.2018,0,1
NEU-506990,TreatmentB,B03,104.03,-64.3,180.6,7.99,93.6,-39.56,0.64,53.1,92,0.5126,0,1
NEU-504135,Control,B03,74.36,-63.29,234.2,25.27,187.6,-42.56,0.611,35.5,81,0.4487,0,1
NEU-504139,TreatmentB,B01,107.39,-58.86,152.4,12.86,132.3,-45.26,1.092,48.7,95,0.3466,1,0
NEU-505027,TreatmentA,B01,85.16,-74.68,447.2,8.85,64.8,-46.43,0.981,54.8,96,0.2206,0,1
NEU-505405,TreatmentA,B02,112.2,-66.67,114.9,41.98,104.5,-48.62,0.999,53.5,75,0.4165,0,1
NEU-506266,Control,B03,62.17,-64.33,236.7,13.31,123.5,-42.4,1.082,58.1,85,0.3252,1,0
NEU-507843,TreatmentA,B02,80.96,-56.26,141.8,13.46,177.9,-47.96,0.985,68.9,90,0.346,1,0
NEU-503889,TreatmentA,B01,79.84,-72.23,50.2,10.13,125.3,-45.1,1.012,52.9,99,0.1662,1,0
NEU-509542,TreatmentA,B03,80.88,-58.17,174.5,22.23,141.4,-47.7,1.333,36.1,88,0.3828,0,0
NEU-507083,Control,B03,112.53,-71.97,266.0,9.5,88.1,-41.38,0.814,53.4,65,0.3864,0,0
NEU-502638,TreatmentB,B01,134.49,-73.19,238.4,8.09,53.2,-47.62,1.122,34.8,96,0.3633,0,0
NEU-504114,TreatmentA,B03,108.26,-75.91,92.9,12.85,119.3,-35.0,1.032,46.6,91,0.1452,1,0
NEU-505090,TreatmentA,B02,71.79,-68.89,274.2,12.03,58.6,-50.12,0.7,41.8,103,0.2784,0,1
NEU-505402,Control,B03,102.85,-68.02,95.8,27.09,96.9,-43.57,1.385,41.0,94,0.5411,1,1
NEU-500198,Control,B02,117.61,-64.18,196.8,12.44,174.4,-41.98,1.402,57.3,91,0.4893,1,0
NEU-505285,TreatmentA,B02,70.89,-62.48,222.0,14.55,91.1,-36.08,1.268,74.0,91,0.2374,1,0
NEU-503188,TreatmentA,B03,85.14,-64.97,133.4,24.85,71.0,-39.22,0.808,61.1,87,0.6122,1,1
NEU-508345,TreatmentA,B01,97.79,-64.53,271.1,10.33,119.5,-45.28,0.608,48.8,83,0.1861,0,1
NEU-506544,TreatmentB,B03,83.48,-66.2,214.5,6.88,71.0,-43.82,0.649,47.5,87,0.7804,0,0
NEU-505045,Control,B02,108.07,-69.83,72.6,16.65,157.3,-48.26,0.645,35.0,117,0.6317,1,1
NEU-502976,Control,B03,97.44,-62.34,321.6,11.39,148.9,-39.04,1.445,44.3,98,0.3102,1,1
NEU-500993,TreatmentA,B01,95.41,-69.1,126.0,8.94,140.7,-40.3,0.934,73.1,95,0.3523,1,0
NEU-505164,Control,B03,82.85,-59.36,210.5,10.24,119.2,-37.69,1.86,57.3,67,0.3234,1,0
NEU-505451,TreatmentB,B02,93.9,-65.2,114.7,26.32,1.3,-43.5,0.525,85.9,83,0.5946,1,1
NEU-503783,Control,B01,73.09,-68.28,159.2,25.48,144.3,-39.85,1.12,50.1,81,0.4455,0,1
NEU-509083,TreatmentB,B03,85.46,-71.29,219.9,9.63,121.1,-46.28,0.905,68.0,97,0.2543,0,1
NEU-505257,TreatmentB,B02,110.13,-63.36,251.2,15.73,76.2,-38.71,1.176,45.5,87,0.503,0,1
NEU-503316,Control,B03,90.52,-59.7,285.4,11.6,85.5,-43.49,1.18,47.6,88,0.5428,0,0
NEU-507640,Control,B02,107.29,-61.35,175.6,23.05,141.3,-45.02,0.997,45.2,82,0.4285,1,1
NEU-503608,TreatmentB,B01,75.9,-69.54,143.3,24.95,110.2,-38.76,0.764,11.5,75,0.3876,0,1
NEU-503772,Control,B01,71.89,-64.09,136.3,24.69,106.3,-43.55,0.681,58.9,100,0.3672,0,0
NEU-502833,TreatmentA,B01,114.38,-70.17,245.7,8.73,163.2,-38.55,0.664,75.5,86,0.3725,1,1
NEU-507349,TreatmentB,B03,99.51,-70.83,320.3,8.74,62.9,-43.29,1.074,51.9,79,0.4972,0,0
NEU-506505,Control,B02,72.12,-68.52,150.1,15.03,68.3,-43.64,1.417,44.8,91,0.4318,1,1
NEU-506036,Control,B02,84.38,-62.42,185.4,15.88,124.8,-43.22,1.448,47.9,86,0.4294,1,1
NEU-500731,TreatmentB,B03,103.64,-65.38,124.1,8.83,129.8,-47.68,1.122,43.3,79,0.5423,1,1
NEU-502279,TreatmentB,B02,80.65,-70.02,141.2,19.65,144.2,-40.14,0.819,53.0,89,0.4564,1,1
NEU-502152,TreatmentB,B01,112.53,-66.32,177.9,17.93,39.3,-36.16,0.861,76.8,88,0.4432,1,1
NEU-503453,TreatmentB,B01,103.11,-73.83,226.8,16.06,85.3,-40.38,1.365,35.6,102,0.4494,0,0
NEU-502730,Control,B01,87.23,-60.3,121.8,13.06,112.2,-44.22,0.818,50.0,94,0.2275,0,1
NEU-504544,TreatmentA,B02,116.39,-63.69,243.5,7.43,131.1,-42.28,1.12,38.8,118,0.5395,0,0
NEU-508226,Control,B02,87.82,-65.3,212.3,11.51,137.8,-32.55,0.784,20.0,87,0.517,0,1
NEU-501644,Control,B02,110.51,-63.21,183.1,20.77,164.2,-53.94,1.067,44.0,99,0.4285,1,1
NEU-504529,Control,B02,105.07,-78.73,105.3,9.81,184.9,-44.94,1.183,35.6,88,0.6639,1,0
NEU-503813,Control,B01,117.9,-67.74,353.2,13.98,104.2,-42.35,1.268,17.7,74,0.4032,0,1
NEU-502538,TreatmentA,B03,106.36,-66.05,130.8,37.68,83.0,-39.89,1.634,54.5,84,0.3965,1,1
NEU-508141,TreatmentA,B02,104.44,-64.24,443.0,12.85,88.2,-40.96,1.201,50.5,78,0.2814,0,1
NEU-502715,TreatmentA,B01,90.99,-69.4,154.3,8.76,71.4,-36.47,0.792,40.8,92,0.6481,1,0
NEU-506635,Control,B01,107.46,-65.28,168.5,7.91,269.4,-46.38,1.079,50.8,100,0.4813,0,1
NEU-504215,TreatmentA,B02,104.06,-73.82,193.7,8.72,68.7,-40.56,0.785,45.7,84,0.4973,1,0
NEU-508780,TreatmentA,B01,113.04,-66.98,134.2,17.61,135.3,-41.91,0.838,30.2,94,0.0614,0,0
NEU-500669,Control,B01,86.53,-57.13,791.4,12.93,124.1,-46.1,2.004,21.4,76,0.2635,0,0
NEU-501328,TreatmentB,B01,95.97,-63.61,93.6,22.25,13.3,-47.94,1.492,61.4,95,0.4295,1,1
NEU-509644,Control,B02,95.11,-75.53,116.5,27.58,161.8,-43.73,0.845,21.5,95,0.4586,0,0
NEU-507776,Control,B02,77.76,-68.43,473.1,22.46,179.0,-35.14,1.151,22.0,81,0.4752,0,1
NEU-508695,TreatmentA,B02,92.19,-69.56,254.3,14.47,66.8,-43.37,1.381,36.0,102,0.3195,0,1
NEU-503380,TreatmentA,B03,103.65,-56.01,282.5,14.47,142.6,-45.46,1.072,30.0,86,0.3466,0,1
NEU-503801,Control,B01,115.13,-54.67,106.4,13.34,120.3,-41.65,0.631,39.0,83,0.5869,1,0
NEU-503324,Control,B03,111.95,-78.75,181.6,15.75,100.9,-36.0,1.025,48.3,91,0.2703,0,0
NEU-509807,TreatmentA,B03,120.24,-59.78,271.3,9.73,135.5,-36.77,1.711,56.0,89,0.3545,1,1
NEU-500103,Control,B03,85.14,-62.72,312.7,5.37,102.0,-44.41,1.146,61.3,80,0.5527,1,0
NEU-503301,Control,B03,107.23,-64.37,183.6,16.48,127.8,-41.82,1.111,65.2,93,0.2179,1,1
NEU-505268,TreatmentA,B03,112.01,-58.74,106.3,10.38,41.0,-37.7,1.413,47.0,77,0.2533,1,0
NEU-500460,Control,B01,83.08,-68.56,281.7,15.94,93.2,-37.78,1.313,28.2,99,0.6635,0,1
NEU-506937,Control,B02,115.03,-58.27,191.2,10.43,141.9,-45.35,0.941,36.5,86,0.2002,1,0
NEU-506862,TreatmentA,B01,98.39,-58.77,382.4,14.11,88.5,-42.47,0.703,80.3,92,0.5903,0,0
NEU-507673,Control,B02,117.35,-68.65,199.8,9.13,71.6,-33.08,1.431,43.6,82,0.3383,1,1
NEU-500396,Control,B01,65.11,-58.23,163.6,20.34,140.7,-44.56,1.894,40.6,72,0.3381,1,1
NEU-505901,TreatmentA,B03,87.65,-68.93,171.9,13.66,95.1,-41.93,1.148,56.7,92,0.413,1,0
NEU-501300,TreatmentA,B01,106.97,-65.09,152.8,11.68,87.2,-33.32,0.869,27.5,88,0.3364,0,0
NEU-505002,TreatmentB,B03,110.94,-68.21,192.4,8.62,112.4,-36.32,1.366,61.9,86,0.3727,1,1
NEU-509915,Control,B03,80.23,-69.93,176.9,10.38,116.0,-41.35,1.189,17.3,77,0.1757,0,1
NEU-505648,TreatmentB,B03,91.89,-61.14,122.6,11.43,125.2,-36.51,0.98,52.8,76,0.2343,0,1
NEU-500391,TreatmentB,B03,103.75,-66.73,201.2,21.3,98.3,-43.2,0.478,57.0,83,0.2874,1,0
NEU-500592,TreatmentB,B01,92.23,-62.45,349.1,10.35,50.6,-34.85,1.434,36.4,92,0.4111,0,0
NEU-503910,Control,B03,82.92,-66.99,238.9,18.55,107.1,-47.79,0.841,30.4,72,0.1829,0,0
NEU-509780,TreatmentB,B03,143.26,-69.23,201.2,14.3,71.6,-44.83,1.222,60.1,81,0.4965,0,1
NEU-504003,TreatmentB,B03,104.47,-59.96,187.4,19.17,116.5,-38.24,1.177,53.7,95,0.3679,1,0
NEU-504710,TreatmentB,B03,94.53,-73.79,345.4,11.6,63.5,-42.63,0.911,59.4,111,0.4676,0,0
NEU-500298,Control,B03,117.84,-62.93,147.8,12.02,107.9,-40.94,0.73,31.3,87,0.4076,0,1
NEU-506395,Control,B02,101.76,-54.71,338.4,28.02,109.0,-38.3,0.711,45.2,112,0.4189,0,0
NEU-500360,TreatmentA,B01,116.83,-62.55,106.7,6.94,-2.0,-44.22,0.866,61.0,78,0.6506,1,0
NEU-508452,TreatmentB,B03,86.09,-63.53,89.2,12.69,79.6,-52.43,0.703,49.5,70,0.138,1,1
NEU-501158,Control,B03,105.7,-61.78,199.5,25.52,169.7,-41.05,1.428,71.4,82,0.5508,1,1
NEU-504979,TreatmentA,B03,111.52,-62.27,252.7,8.44,28.2,-44.15,0.867,50.9,92,0.363,0,1
NEU-509401,Control,B03,89.65,-70.38,65.8,11.28,108.1,-42.88,1.343,47.6,85,0.4459,1,1
NEU-507989,TreatmentA,B02,100.49,-57.98,340.2,12.81,52.7,-49.62,0.729,71.4,90,0.4468,0,0
NEU-501951,TreatmentB,B03,109.82,-60.05,238.5,12.72,136.5,-40.3,0.783,79.1,90,0.5216,1,1
NEU-505448,TreatmentB,B03,105.95,-58.36,156.0,14.46,85.6,-42.98,1.963,54.7,85,0.1579,1,0
NEU-500415,TreatmentB,B02,76.41,-62.98,310.2,15.09,59.4,-40.6,1.282,78.5,91,0.3933,1,1
NEU-505962,TreatmentB,B02,96.67,-77.84,198.2,20.05,138.5,-37.21,1.059,43.8,76,0.418,0,0
NEU-501477,TreatmentA,B03,90.72,-59.2,169.4,12.92,71.2,-40.07,1.091,78.1,93,0.4301,1,0
NEU-509963,TreatmentB,B01,99.11,-72.06,139.4,6.63,78.7,-45.72,1.633,68.7,81,0.2849,1,1
NEU-508252,TreatmentA,B01,110.99,-64.97,165.2,14.89,60.6,-40.71,0.883,30.4,104,0.3248,0,0
NEU-500057,TreatmentA,B02,111.95,-70.02,227.0,10.32,80.2,-43.96,1.272,57.8,97,0.2688,1,1
NEU-505836,TreatmentB,B03,98.33,-64.92,193.1,10.63,85.1,-37.89,0.905,65.4,78,0.1805,1,1
NEU-509615,Control,B01,74.81,-67.68,195.2,7.12,111.5,-43.88,0.803,30.6,80,0.1727,0,1
NEU-501908,TreatmentB,B01,115.22,-65.78,129.7,25.0,102.8,-42.4,0.835,100.6,84,0.1044,1,0
NEU-500890,Control,B03,66.9,-64.18,137.5,7.91,132.1,-39.18,0.888,30.3,88,0.6225,0,1
NEU-506690,TreatmentB,B03,120.33,-66.82,264.2,18.83,59.6,-37.61,1.158,27.3,83,0.1808,0,0
NEU-504249,TreatmentB,B01,59.79,-68.0,146.2,8.06,37.6,-38.94,1.472,60.2,82,0.2955,1,1
NEU-500055,TreatmentA,B02,123.1,-57.51,146.9,12.15,133.2,-39.14,0.939,51.0,89,0.4293,0,0
NEU-500283,TreatmentA,B03,116.67,-74.65,250.8,15.36,139.1,-43.14,0.79,50.9,98,0.6841,1,0
NEU-502524,TreatmentB,B01,109.05,-65.13,350.0,16.97,33.3,-35.45,1.013,61.9,91,0.6126,0,1
NEU-502457,TreatmentA,B03,110.98,-70.47,250.1,16.68,101.8,-34.64,1.387,51.4,88,0.559,1,1
NEU-501516,TreatmentA,B02,91.34,-69.59,282.9,9.55,159.1,-44.7,0.793,44.2,86,0.2627,0,1
NEU-503026,TreatmentA,B03,121.83,-57.77,156.4,18.56,96.9,-38.5,1.101,57.4,92,0.2997,1,0
NEU-504877,TreatmentA,B01,111.79,-63.82,230.3,11.56,92.3,-36.91,1.274,67.1,92,0.2317,0,1
NEU-507653,TreatmentA,B02,129.65,-57.03,188.2,12.17,130.2,-36.53,1.106,57.1,88,0.3976,1,0
NEU-507503,Control,B02,114.2,-76.05,498.2,18.52,203.2,-36.97,0.701,27.1,66,0.4563,0,0
NEU-504495,Control,B02,86.66,-56.07,290.8,17.48,72.3,-43.01,1.161,40.6,94,0.4097,1,0
NEU-508701,Control,B02,79.48,-56.77,103.1,18.2,111.5,-43.73,1.581,62.9,97,0.3435,1,0
NEU-508546,TreatmentB,B02,72.81,-73.68,300.7,12.04,108.2,-48.71,1.323,66.1,88,0.3429,0,1
NEU-501038,TreatmentA,B03,84.46,-64.69,187.8,10.49,66.3,-39.2,0.746,34.1,74,0.4679,0,1
NEU-502145,Control,B01,97.21,-67.3,96.6,18.21,117.8,-37.45,1.037,46.1,70,0.3077,1,0
NEU-508548,TreatmentB,B02,107.5,-54.23,150.5,19.74,41.8,-42.1,1.559,53.2,84,0.3114,1,0
NEU-508223,TreatmentA,B02,115.05,-61.44,145.0,8.51,107.8,-44.72,0.846,52.2,103,0.7067,0,0
NEU-508982,TreatmentA,B01,100.32,-62.1,351.1,11.1,113.8,-42.39,1.457,56.9,92,0.3216,0,1
NEU-500760,Control,B02,101.19,-71.45,128.7,8.62,101.2,-36.05,0.679,47.2,72,0.1735,1,1
NEU-505830,TreatmentB,B01,94.46,-64.01,75.9,7.59,73.6,-36.82,0.676,48.2,92,0.3948,1,1
NEU-506782,TreatmentA,B03,100.85,-68.78,185.8,16.94,55.3,-38.56,0.659,46.6,88,0.442,1,1
NEU-507675,TreatmentB,B01,85.83,-48.92,330.9,6.94,11.7,-43.96,0.907,57.2,77,0.5004,0,0
NEU-508825,TreatmentA,B01,103.63,-68.12,122.7,8.66,47.9,-36.3,1.084,51.7,89,0.4191,1,1
NEU-505601,TreatmentB,B03,90.47,-60.59,199.2,24.32,70.3,-48.4,0.993,74.7,97,0.3518,1,1
NEU-506066,Control,B03,97.79,-61.45,399.3,8.12,144.7,-44.32,0.597,48.8,92,0.3646,0,1
NEU-507546,Control,B02,118.83,-64.28,124.2,13.07,148.7,-44.25,0.884,50.1,95,0.3749,1,0
NEU-502534,TreatmentB,B01,76.97,-63.12,146.2,16.64,104.6,-47.92,0.826,88.9,80,0.2213,1,1
NEU-508482,Control,B03,105.05,-68.42,121.5,19.9,97.8,-40.68,1.565,63.1,89,0.3208,1,0
NEU-508645,TreatmentA,B03,101.48,-51.94,46.6,13.82,84.3,-43.02,1.328,35.6,80,0.2786,1,0
NEU-500186,TreatmentA,B02,96.81,-63.46,247.4,11.47,35.8,-36.22,1.025,52.1,82,0.3013,0,1
NEU-503808,TreatmentB,B01,83.15,-70.56,144.1,12.45,107.5,-43.35,1.063,35.6,82,0.6243,0,0
NEU-501986,TreatmentB,B03,50.8,-61.17,219.3,24.47,94.3,-39.1,1.033,64.1,97,0.5393,0,1
NEU-506869,TreatmentB,B03,84.1,-56.4,550.3,10.92,49.6,-41.83,1.383,47.8,88,0.3268,0,1
NEU-504719,TreatmentA,B03,91.85,-67.8,108.2,13.17,97.7,-40.61,1.062,28.3,76,0.3488,0,1
NEU-505219,Control,B02,93.96,-68.79,78.9,15.95,94.3,-48.77,0.908,68.1,90,0.2703,1,1
NEU-500368,TreatmentB,B03,131.16,-75.93,83.4,8.32,114.4,-46.75,1.56,79.3,73,0.3144,1,0
NEU-508858,TreatmentB,B02,104.63,-54.43,215.4,42.47,95.8,-48.75,1.316,61.0,81,0.4659,0,0
NEU-503515,TreatmentB,B03,85.7,-81.12,183.7,12.07,27.2,-48.88,0.89,66.8,73,0.2006,1,1
NEU-509937,TreatmentB,B03,91.99,-61.93,338.3,8.77,83.8,-42.94,0.932,72.2,89,0.5459,0,0
NEU-506328,TreatmentA,B01,85.61,-59.61,214.0,15.76,30.3,-44.88,1.216,48.8,75,0.3858,1,0
NEU-508233,TreatmentA,B01,82.74,-55.87,131.4,22.95,175.3,-41.25,1.159,58.4,81,0.5125,1,0
NEU-507153,Control,B03,127.09,-71.98,233.2,10.7,187.7,-39.41,0.67,46.6,80,0.3501,0,0
NEU-502227,Control,B01,97.69,-75.29,252.9,15.65,154.2,-44.08,0.868,43.0,88,0.2991,0,0
NEU-505557,TreatmentB,B03,109.91,-57.64,172.8,9.74,144.7,-39.83,1.407,58.2,94,0.422,1,0
NEU-507495,Control,B02,121.3,-60.75,212.8,16.69,129.9,-52.05,0.937,55.9,99,0.296,0,1
NEU-504162,TreatmentB,B02,90.46,-70.76,140.5,16.88,95.0,-43.2,0.851,39.0,80,0.5026,0,1
NEU-507567,TreatmentA,B02,83.69,-68.48,144.1,21.68,165.9,-42.43,1.337,57.7,83,0.3963,1,1
NEU-502223,TreatmentA,B02,103.69,-68.65,206.3,7.53,75.6,-45.3,1.255,48.6,87,0.5436,1,0
NEU-504632,Control,B02,69.54,-64.97,144.6,12.37,82.5,-43.39,1.103,41.7,74,0.2154,1,1
NEU-502945,TreatmentA,B03,119.68,-61.91,170.7,28.76,85.1,-45.87,1.952,61.2,71,0.4699,1,1
NEU-504029,TreatmentB,B03,93.02,-56.62,246.2,9.33,56.6,-45.37,0.944,60.9,95,0.2029,1,1
NEU-508503,TreatmentA,B01,90.57,-67.84,121.5,13.99,67.5,-42.82,1.243,45.5,103,0.2569,0,0
NEU-505703,TreatmentB,B01,82.65,-58.84,244.8,21.4,97.2,-42.46,1.373,42.7,82,0.6014,1,1
NEU-504098,TreatmentB,B03,106.75,-68.76,96.5,21.76,117.5,-35.81,2.734,58.2,77,0.4413,1,0
NEU-506520,TreatmentA,B03,98.04,-68.31,333.4,18.3,128.2,-47.38,0.774,28.9,83,0.4087,0,1
NEU-504698,TreatmentA,B02,104.96,-64.02,165.9,27.59,133.7,-46.44,0.915,66.9,78,0.4725,1,1
NEU-501870,TreatmentA,B01,109.79,-61.59,325.4,11.57,82.2,-37.92,1.119,64.5,83,0.285,1,1
NEU-503204,TreatmentA,B03,98.26,-72.61,175.5,18.55,168.2,-39.97,0.851,58.2,94,0.5453,1,0
NEU-500067,TreatmentB,B01,115.86,-76.21,157.5,21.05,-10.4,-47.63,1.534,43.7,71,0.385,0,0
NEU-507570,TreatmentB,B02,102.65,-72.96,339.1,34.5,46.4,-42.32,1.81,60.5,94,0.6702,1,1
NEU-501351,Control,B02,64.84,-66.0,170.3,11.95,138.0,-40.44,0.9,44.3,76,0.4573,0,1
NEU-503593,TreatmentA,B01,88.93,-74.37,211.2,19.81,64.2,-39.67,1.541,78.5,78,0.1468,1,0
NEU-506899,TreatmentB,B01,121.34,-64.22,132.6,11.4,66.4,-42.33,1.232,63.7,85,0.3851,1,1
NEU-505206,TreatmentB,B01,99.98,-68.33,229.8,18.28,34.7,-42.36,0.886,36.5,102,0.2115,0,0
NEU-507734,TreatmentB,B03,82.61,-63.42,162.6,10.92,92.0,-41.34,1.17,66.1,87,0.3409,1,1
NEU-507851,Control,B03,75.66,-62.29,264.3,8.44,101.5,-37.19,0.789,50.1,81,0.3616,0,0
NEU-501407,TreatmentB,B02,106.93,-62.38,376.6,10.36,34.0,-44.76,0.778,59.3,79,0.5186,0,1
NEU-503723,TreatmentB,B03,117.06,-54.41,141.7,9.07,39.1,-35.86,0.978,64.9,94,0.3142,0,0
NEU-503001,Control,B02,95.69,-59.55,222.5,19.67,151.5,-40.0,1.05,34.8,83,0.3465,1,0
NEU-509538,Control,B01,73.34,-65.82,125.6,11.72,178.0,-43.32,1.2,22.2,88,0.2902,0,1
NEU-505804,Control,B01,109.07,-63.79,174.1,9.33,126.1,-47.66,1.873,50.8,63,0.4918,0,0
NEU-504348,Control,B02,79.42,-62.1,128.7,8.04,136.3,-42.82,1.221,59.5,103,0.3465,1,0
NEU-505788,TreatmentA,B01,97.89,-72.76,181.0,17.94,109.0,-44.34,1.565,51.2,59,0.3961,1,0
NEU-501240,TreatmentB,B01,114.62,-70.43,283.3,22.02,143.1,-44.59,1.305,55.8,81,0.6387,0,1
NEU-503781,Control,B03,97.9,-63.94,89.8,12.04,160.4,-42.64,1.222,30.2,78,0.1316,1,1
NEU-506098,TreatmentA,B01,102.86,-62.79,112.6,16.61,134.6,-38.18,1.549,50.3,81,0.5305,1,1
NEU-504032,TreatmentB,B03,108.64,-67.61,258.4,16.26,28.3,-40.16,0.656,51.9,86,0.4992,0,1
NEU-506416,TreatmentB,B02,105.01,-59.63,343.0,33.16,95.1,-37.19,0.527,45.2,97,0.3159,0,0
NEU-507613,TreatmentA,B03,110.59,-63.27,334.6,11.95,107.4,-41.07,0.967,38.0,90,0.601,0,1
NEU-500207,TreatmentA,B03,129.53,-71.09,98.4,15.07,78.1,-44.78,0.894,59.9,86,0.3511,1,1
NEU-500519,TreatmentB,B01,104.37,-68.9,179.9,11.91,117.4,-36.55,1.177,85.6,89,0.4516,0,0
NEU-507547,TreatmentA,B02,129.96,-62.9,154.0,21.79,102.9,-53.22,0.97,23.2,63,0.3197,0,1
NEU-503786,Control,B01,125.65,-65.75,137.6,25.87,163.0,-42.28,0.975,35.2,91,0.5503,1,1
NEU-504411,TreatmentA,B03,109.92,-63.96,193.3,8.78,167.1,-39.8,0.792,64.8,90,0.2456,1,1
NEU-501125,TreatmentA,B03,75.94,-71.8,82.2,17.38,185.2,-40.34,1.458,53.9,99,0.4251,1,1
NEU-502510,TreatmentB,B01,95.45,-56.79,470.1,12.82,85.1,-38.31,1.066,76.7,81,0.7528,0,0
NEU-500416,TreatmentA,B01,94.75,-70.25,121.2,17.29,103.9,-45.39,0.914,60.4,89,0.3486,0,0
NEU-504886,TreatmentA,B02,102.22,-66.3,122.1,21.14,151.0,-42.97,0.734,48.0,96,0.3181,1,1
NEU-503989,TreatmentB,B02,106.87,-69.73,279.9,10.43,81.6,-44.06,1.214,43.6,89,0.3386,0,0
NEU-508112,TreatmentB,B01,87.49,-60.04,125.8,29.25,152.7,-43.62,0.96,53.7,62,0.3661,1,0
NEU-509315,Control,B02,111.23,-61.38,189.4,15.02,82.1,-46.59,1.281,26.5,85,0.2986,0,0
NEU-502699,Control,B02,109.46,-78.45,87.0,14.6,54.8,-43.45,1.625,34.5,97,0.0835,1,0
NEU-507342,TreatmentA,B03,112.56,-67.29,140.4,19.36,74.5,-29.76,1.575,49.8,83,0.3592,1,0
NEU-500329,TreatmentB,B03,104.45,-67.8,294.1,15.42,102.7,-42.14,1.276,59.2,78,0.4363,0,1
NEU-506902,TreatmentB,B03,90.11,-63.24,121.5,9.37,111.9,-43.13,1.026,72.3,76,0.286,1,1
NEU-502267,TreatmentB,B01,85.52,-72.73,419.4,13.58,61.9,-41.69,1.032,27.8,88,0.2884,1,0
NEU-503693,Control,B01,121.46,-62.19,143.6,21.31,90.7,-35.58,0.909,49.9,94,0.134,0,0
NEU-504059,Control,B03,76.39,-62.79,230.5,8.59,141.0,-40.66,0.67,28.7,95,0.3307,0,1
NEU-505283,TreatmentA,B03,98.59,-63.78,262.2,13.84,26.5,-37.0,1.116,42.9,93,0.4693,0,1
NEU-503017,TreatmentB,B01,92.85,-59.96,104.1,8.31,17.1,-36.17,1.678,70.5,78,0.274,1,1
NEU-505353,Control,B01,125.77,-73.4,212.9,15.94,89.0,-44.16,1.128,53.7,81,0.3313,1,0
NEU-508153,Control,B03,85.63,-64.38,138.6,9.15,134.3,-37.21,1.026,38.7,88,0.589,1,1
NEU-506654,Control,B03,86.28,-66.49,166.4,13.57,54.1,-39.1,0.955,12.8,90,0.476,0,0
NEU-508276,TreatmentB,B03,105.64,-70.25,307.8,12.52,58.4,-34.94,0.859,54.0,96,0.8266,0,0
NEU-504728,Control,B03,116.25,-74.1,208.8,13.59,161.0,-36.27,1.232,19.1,93,0.6594,0,0
NEU-501187,TreatmentA,B03,115.52,-57.0,390.4,10.93,150.1,-34.93,1.034,55.7,93,0.6727,0,0
NEU-508254,TreatmentB,B03,114.93,-59.24,180.6,9.86,90.9,-43.07,1.439,86.3,77,0.381,1,0
NEU-503057,TreatmentA,B03,117.61,-68.48,117.5,15.81,36.2,-36.5,0.619,71.1,87,0.2,0,0
NEU-506009,Control,B03,107.46,-56.75,468.7,12.66,222.6,-39.16,0.795,34.7,98,0.3376,0,0
NEU-509040,Control,B03,115.37,-56.16,210.0,8.3,140.6,-41.18,0.828,6.2,92,0.4598,0,0
NEU-507808,TreatmentB,B02,90.77,-72.6,162.1,10.92,80.5,-34.28,1.174,71.5,89,0.6295,1,0
NEU-505605,TreatmentA,B02,102.13,-70.61,126.0,10.45,107.9,-38.24,1.341,53.0,79,0.3884,1,1
NEU-509141,Control,B01,90.9,-68.15,290.7,11.78,69.2,-44.48,0.951,25.4,91,0.4317,0,0
NEU-505043,TreatmentA,B01,74.97,-59.03,99.2,10.84,117.2,-46.92,1.146,65.3,82,0.1396,1,1
NEU-507116,TreatmentA,B01,84.51,-63.48,114.3,8.47,85.7,-42.02,1.512,54.5,111,0.285,1,1
NEU-505692,TreatmentA,B03,114.06,-62.28,90.9,12.62,141.5,-41.99,1.655,44.3,106,0.0733,1,1
NEU-507339,TreatmentA,B01,73.56,-59.56,314.6,15.35,156.6,-35.29,1.842,71.8,91,0.7271,1,0
NEU-509767,TreatmentB,B01,70.27,-69.67,110.0,18.12,64.2,-35.27,1.378,67.0,85,0.4039,1,0
NEU-502203,TreatmentA,B02,108.07,-57.58,146.2,14.81,78.5,-44.12,1.033,85.6,82,0.2604,1,0
NEU-506138,Control,B01,97.98,-67.0,252.0,14.21,159.1,-39.86,1.112,45.0,76,0.4055,0,1
NEU-506733,TreatmentA,B01,83.26,-58.97,262.7,9.28,127.5,-47.48,0.843,70.0,94,0.2997,1,1
NEU-505356,Control,B01,99.72,-68.94,140.8,17.13,104.7,-41.48,1.119,22.4,103,0.518,0,1
NEU-507310,Control,B01,91.72,-62.38,125.3,11.31,194.9,-44.85,1.01,42.6,92,0.411,0,0
NEU-505614,TreatmentB,B03,112.6,-63.16,107.7,13.48,90.5,-44.83,0.845,65.0,71,0.1898,1,1
NEU-507786,Control,B02,98.28,-68.46,149.1,17.41,124.6,-41.08,1.187,31.6,88,0.3607,1,1
NEU-506603,Control,B01,111.41,-71.89,172.5,14.4,205.8,-51.51,0.939,41.2,82,0.6028,1,0
NEU-507381,TreatmentA,B02,107.84,-65.21,227.0,21.81,102.1,-44.07,1.017,64.7,71,0.2035,1,0
NEU-504978,TreatmentB,B02,84.43,-71.58,216.5,19.9,143.0,-37.34,1.492,74.9,81,0.2781,1,0
NEU-506037,TreatmentB,B02,89.3,-76.25,194.0,15.26,-13.8,-38.96,0.824,46.8,87,0.7034,1,0
NEU-505248,TreatmentA,B01,80.8,-55.81,158.2,6.5,79.2,-45.11,0.861,61.0,86,0.7345,0,0
NEU-507716,TreatmentA,B02,101.85,-71.84,274.2,31.43,150.1,-35.82,0.877,34.5,83,0.1072,0,0
NEU-506968,TreatmentB,B01,92.09,-70.13,276.3,9.41,49.4,-46.7,1.121,72.2,104,0.1897,0,1
NEU-509839,Control,B03,79.97,-71.02,408.7,8.48,75.1,-37.49,1.15,43.7,84,0.2374,0,1
NEU-507326,TreatmentA,B01,90.41,-65.11,204.7,17.78,178.6,-43.82,1.144,62.2,95,0.8464,1,1
NEU-505131,TreatmentB,B02,82.4,-79.59,319.3,16.49,92.8,-39.31,0.881,41.7,101,0.1082,0,0
NEU-505316,Control,B02,103.99,-69.58,152.3,11.27,136.4,-40.38,1.503,34.2,72,0.4176,0,1
NEU-507577,Control,B01,112.47,-55.89,100.1,22.63,169.7,-35.55,1.126,47.2,86,0.2383,1,0
NEU-500110,TreatmentA,B01,106.5,-58.35,225.5,13.84,119.3,-40.73,1.663,50.9,80,0.3434,1,1
NEU-502999,TreatmentB,B02,84.01,-61.58,238.7,8.13,65.2,-39.03,1.641,70.2,82,0.5532,1,0
NEU-503705,Control,B03,80.82,-61.62,128.2,22.02,143.5,-39.11,1.059,33.0,74,0.3619,0,1
NEU-502652,Control,B03,96.38,-67.88,231.0,9.49,161.0,-41.82,1.405,45.6,79,0.3296,1,1
NEU-502166,TreatmentA,B03,82.06,-54.71,253.8,17.34,70.9,-36.17,0.997,42.0,85,0.3439,0,0
NEU-504835,TreatmentB,B02,70.34,-75.96,329.2,14.74,62.5,-35.89,1.476,74.0,86,0.4111,0,0
NEU-501103,TreatmentA,B01,87.94,-61.14,187.5,13.65,97.5,-36.1,1.671,90.1,91,0.629,1,1
NEU-502153,Control,B01,71.97,-63.64,178.5,18.17,82.0,-44.8,1.114,39.7,72,0.4843,1,1
NEU-501637,TreatmentA,B02,97.55,-64.01,293.2,20.71,107.6,-49.62,0.733,53.6,94,0.1762,0,0
NEU-501100,TreatmentB,B02,84.26,-63.86,291.3,16.8,53.7,-35.51,0.705,55.9,93,0.4491,0,0
NEU-500071,Control,B01,113.84,-50.28,151.9,16.29,149.2,-53.49,0.586,55.5,89,0.3496,0,0
NEU-506294,TreatmentB,B01,80.57,-50.51,210.1,31.62,-14.1,-44.91,1.361,69.0,88,0.3696,1,0
NEU-501633,TreatmentA,B03,80.48,-63.42,126.6,18.96,34.2,-37.59,1.003,67.5,91,0.3699,1,1
NEU-500399,TreatmentA,B02,108.01,-66.61,327.2,8.59,188.3,-45.56,1.575,57.3,62,0.3684,1,1
NEU-506568,TreatmentA,B03,94.41,-76.98,109.8,11.6,46.7,-36.03,0.921,31.2,85,0.3855,0,0
NEU-505077,TreatmentB,B02,80.09,-67.1,105.6,15.62,84.7,-43.31,0.729,61.1,93,0.4847,1,1
NEU-504730,TreatmentB,B02,77.37,-56.83,253.8,6.54,115.9,-41.39,0.752,65.0,84,0.4453,1,0
NEU-509805,TreatmentB,B03,91.0,-69.45,159.3,9.74,83.5,-38.57,0.882,78.5,94,0.5319,1,0
NEU-501869,TreatmentB,B02,98.73,-75.7,78.8,10.37,67.3,-41.85,0.994,58.1,93,0.342,1,0
NEU-508961,TreatmentA,B03,83.39,-72.65,131.8,18.36,73.5,-41.89,1.41,58.5,85,0.3303,1,0
NEU-502154,TreatmentB,B03,78.6,-53.24,103.1,22.75,47.6,-37.81,1.011,60.1,103,0.4206,1,0
NEU-504336,TreatmentB,B02,69.98,-66.7,189.1,24.58,75.9,-49.87,0.763,39.0,87,0.2847,0,1
NEU-506887,TreatmentB,B03,73.79,-61.75,222.1,23.3,60.4,-41.43,0.995,80.4,83,0.4231,1,1
NEU-502829,TreatmentB,B01,141.88,-65.21,182.0,13.55,28.3,-40.71,1.071,53.4,75,0.3788,0,1
NEU-505228,Control,B01,108.93,-65.39,90.1,14.08,202.1,-40.24,1.381,35.9,88,0.5113,0,1
NEU-504536,Control,B01,91.91,-76.89,127.1,14.95,117.9,-47.28,1.443,43.7,81,0.1968,1,0
NEU-508380,TreatmentA,B01,83.09,-68.46,200.6,9.19,143.2,-38.24,0.98,46.8,117,0.3459,0,1
NEU-502402,TreatmentA,B01,98.68,-61.98,588.1,13.87,127.4,-46.35,0.746,72.6,97,0.6736,0,1
NEU-506793,Control,B02,127.07,-63.03,143.9,15.63,156.1,-47.23,0.898,28.5,87,0.1956,1,1
NEU-505858,TreatmentA,B03,102.12,-61.48,249.3,5.94,119.8,-50.42,1.064,51.9,98,0.4993,0,0
NEU-507330,Control,B02,100.53,-62.65,314.4,13.31,79.3,-39.38,1.952,59.3,74,0.5223,1,0
NEU-504754,TreatmentA,B03,100.19,-60.11,252.7,6.36,168.0,-40.52,0.896,70.2,91,0.3945,1,1
NEU-506570,Control,B02,101.58,-59.61,217.2,13.37,149.5,-46.96,1.096,49.8,86,0.6992,1,1
NEU-500746,Control,B02,79.28,-55.19,292.9,17.18,117.8,-36.48,0.85,30.8,83,0.2644,0,0
NEU-505859,TreatmentA,B02,118.02,-57.26,191.6,9.62,43.4,-41.02,0.907,54.4,102,0.3705,1,0
NEU-506140,TreatmentA,B03,103.77,-66.82,269.4,10.93,72.7,-38.14,0.805,48.1,84,0.4974,1,0
NEU-506013,TreatmentB,B02,89.35,-58.14,169.4,8.92,87.7,-43.88,0.811,82.7,90,0.5661,1,0
NEU-506638,TreatmentB,B01,78.28,-63.74,129.3,21.32,129.2,-45.68,0.669,85.6,108,0.3996,1,0
NEU-504910,TreatmentB,B02,134.05,-70.59,252.9,12.65,52.4,-43.72,0.749,61.4,98,0.2894,0,1
NEU-501093,TreatmentB,B02,122.05,-53.25,249.2,6.66,129.8,-48.14,0.775,74.2,91,0.3659,1,0
NEU-508261,TreatmentB,B02,99.1,-60.57,144.4,8.96,47.6,-40.87,0.791,66.5,90,0.4612,1,0
NEU-501743,TreatmentA,B03,99.7,-62.0,218.2,33.05,81.6,-41.48,1.003,44.8,71,0.3683,0,0
NEU-503952,Control,B01,96.18,-73.68,111.7,12.54,95.7,-43.76,0.627,65.7,92,0.1807,1,0
NEU-501365,TreatmentA,B01,108.33,-55.96,316.9,7.06,64.1,-47.9,0.8,33.1,75,0.28,0,0
NEU-500605,TreatmentA,B02,70.18,-68.05,144.5,10.27,72.5,-41.9,1.732,48.9,78,0.3719,1,1
NEU-500152,TreatmentA,B02,116.45,-63.08,264.9,9.67,158.2,-44.76,1.5,44.6,99,0.3564,0,1
NEU-502205,TreatmentA,B02,104.74,-55.08,224.7,10.04,83.6,-42.49,1.103,61.7,83,0.3799,0,0
NEU-500564,Control,B03,99.06,-56.58,410.1,17.87,195.3,-45.97,1.314,34.6,88,0.1955,0,0
NEU-500308,TreatmentB,B01,100.42,-65.69,220.6,15.96,35.3,-37.94,1.604,62.8,94,0.2341,1,1
NEU-506510,TreatmentB,B01,75.12,-62.75,361.1,7.87,73.0,-45.98,0.716,54.1,75,0.5763,0,0
NEU-500304,TreatmentB,B03,96.23,-64.55,141.9,11.93,76.6,-45.4,1.031,58.9,83,0.3305,1,1
NEU-500035,TreatmentB,B01,112.19,-63.45,329.8,11.75,94.6,-40.49,0.872,30.8,91,0.6285,0,1
NEU-507008,Control,B02,90.02,-61.66,126.7,9.27,105.3,-38.95,2.045,20.6,87,0.4595,1,1
NEU-503013,TreatmentA,B03,115.21,-63.14,144.0,16.19,99.1,-48.13,1.167,36.9,83,0.4176,0,1
NEU-502571,Control,B03,93.96,-63.5,123.3,12.65,82.8,-41.8,0.965,64.2,76,0.228,1,1
NEU-507053,Control,B02,110.14,-62.85,190.7,13.63,117.8,-41.1,1.662,27.4,95,0.2739,1,0
NEU-509159,TreatmentB,B03,95.71,-64.7,191.1,21.35,77.3,-42.74,1.148,64.9,82,0.5654,1,1
NEU-504206,Control,B01,96.9,-78.0,364.4,15.43,107.8,-41.71,0.748,49.6,87,0.2482,0,0
NEU-506423,TreatmentB,B01,109.52,-63.02,125.7,20.19,60.5,-47.92,0.736,63.8,87,0.1808,1,0
NEU-504292,TreatmentB,B02,121.48,-65.69,334.9,11.63,86.8,-49.92,1.148,63.4,88,0.3173,0,1
NEU-509185,Control,B03,126.67,-58.49,200.3,28.9,104.8,-42.3,1.385,15.1,85,0.3767,0,0
NEU-508678,TreatmentA,B03,104.02,-69.38,102.5,9.63,142.9,-36.97,1.855,32.5,82,0.35,1,1
NEU-504242,Control,B02,120.44,-64.91,124.0,36.9,114.7,-52.0,0.964,35.1,81,0.5268,0,1
NEU-507997,TreatmentA,B01,100.83,-73.88,174.2,12.63,99.2,-50.19,1.291,52.7,100,0.5684,1,0
NEU-505862,Control,B02,101.71,-65.5,252.0,20.5,110.6,-42.72,1.129,50.5,87,0.364,1,1
NEU-503182,TreatmentB,B02,90.32,-61.79,265.6,12.17,105.6,-44.97,0.668,47.9,90,0.4698,0,0
NEU-508330,TreatmentA,B01,94.23,-68.07,125.4,15.51,27.7,-46.04,1.56,49.1,113,0.3723,1,1
NEU-509340,TreatmentB,B03,107.42,-75.87,206.2,13.76,90.9,-31.87,0.86,68.9,87,0.6026,1,1
NEU-502002,TreatmentA,B01,85.74,-61.71,71.8,17.11,100.3,-47.31,0.892,70.4,89,0.3567,0,0
NEU-508133,TreatmentA,B02,101.92,-70.25,423.6,9.97,69.8,-37.49,1.231,34.5,70,0.5691,0,0
NEU-507126,TreatmentA,B03,90.56,-65.76,386.3,11.69,134.2,-41.12,0.918,48.3,77,0.4441,0,1
NEU-507081,TreatmentA,B02,99.93,-58.11,347.2,10.92,130.5,-41.09,0.977,34.8,71,0.5079,0,0
NEU-508532,TreatmentB,B02,104.25,-67.91,205.0,11.75,82.5,-42.08,1.529,76.0,90,0.2594,1,1
NEU-505064,Control,B01,90.56,-71.46,134.6,18.01,106.8,-50.49,0.715,68.2,93,0.5555,1,0
NEU-500282,TreatmentB,B03,96.27,-70.44,149.2,12.21,37.4,-42.5,0.883,55.0,90,0.6014,0,0
NEU-503925,Control,B01,135.24,-61.48,310.6,23.47,221.2,-50.13,0.97,49.5,83,0.6497,1,1
NEU-504940,TreatmentA,B03,103.79,-56.99,114.2,21.27,42.0,-45.82,1.183,64.0,100,0.3371,1,0
NEU-506172,TreatmentA,B01,120.6,-70.38,133.4,19.73,96.6,-41.59,1.162,21.5,97,0.1768,1,0
NEU-505933,TreatmentB,B02,101.13,-65.02,793.1,35.25,83.4,-37.83,0.98,56.3,61,0.5431,0,1
NEU-503708,Control,B01,113.51,-59.31,117.0,8.5,143.1,-44.79,0.858,29.0,79,0.2974,1,1
NEU-504736,TreatmentA,B03,69.56,-73.25,275.2,19.52,78.5,-41.78,0.91,70.5,95,0.5624,1,1
NEU-502369,TreatmentB,B01,113.37,-70.67,257.2,10.5,68.6,-34.01,1.126,70.5,83,0.5356,1,0
NEU-501651,Control,B03,107.05,-65.46,72.1,13.01,116.3,-44.52,1.257,30.3,82,0.1511,0,1
NEU-505484,TreatmentB,B02,79.19,-68.93,242.3,21.51,52.8,-44.87,1.156,73.6,84,0.4223,1,1
NEU-509190,TreatmentA,B02,108.43,-65.01,78.5,35.53,109.7,-41.66,0.974,57.9,83,0.5219,0,1
NEU-507625,TreatmentB,B03,107.39,-69.5,161.6,19.65,119.3,-45.13,0.806,49.1,89,0.4103,0,1
NEU-502570,Control,B03,112.96,-57.12,190.6,9.15,168.6,-33.81,0.974,36.5,96,0.3096,0,0
NEU-502710,TreatmentB,B02,91.36,-56.04,79.2,15.42,52.4,-36.57,0.789,49.0,90,0.3096,0,0
NEU-508659,Control,B01,95.06,-65.67,278.6,8.8,90.5,-41.3,0.9,37.4,88,0.2727,0,1
NEU-500025,Control,B03,88.8,-65.63,108.5,16.48,115.8,-36.29,0.836,34.0,87,0.6867,0,1
NEU-501618,TreatmentA,B02,113.89,-62.37,287.6,20.63,154.4,-37.07,1.11,54.4,81,0.6318,0,1
NEU-500082,TreatmentB,B02,89.37,-62.86,419.0,15.4,138.9,-43.92,0.952,57.8,95,0.4287,0,0
NEU-508754,Control,B03,99.74,-69.64,95.9,9.8,188.2,-48.42,1.542,12.7,79,0.3139,0,0
NEU-508791,TreatmentA,B02,101.18,-71.26,172.8,10.76,75.7,-43.46,0.81,51.2,72,0.4157,0,0
NEU-508655,TreatmentA,B01,111.0,-67.61,215.6,13.65,113.2,-38.58,1.218,60.9,92,0.5124,0,0
NEU-500214,Control,B02,124.68,-67.87,264.1,25.63,181.4,-46.45,1.052,51.0,95,0.5426,1,1
NEU-505270,Control,B01,83.77,-60.67,177.3,6.36,182.2,-43.63,1.338,51.0,84,0.4598,0,0
NEU-501346,TreatmentA,B01,95.85,-63.91,205.5,5.48,139.3,-33.18,0.67,34.6,81,0.3692,0,0
NEU-506086,TreatmentA,B03,68.16,-57.49,189.9,11.33,84.9,-38.63,1.422,35.0,80,0.5287,1,0
NEU-502291,TreatmentB,B02,72.36,-66.88,250.5,21.45,102.1,-42.3,1.185,46.2,89,0.8263,1,1
NEU-501763,Control,B01,87.56,-66.52,451.5,19.98,113.6,-47.83,1.316,44.5,94,0.556,0,1
NEU-509402,TreatmentB,B03,74.33,-71.01,138.3,8.83,89.5,-47.63,0.957,61.0,85,0.6296,1,0
NEU-508487,TreatmentA,B03,86.28,-63.89,128.5,24.07,129.4,-41.06,1.66,38.5,83,0.4138,1,1
NEU-502257,TreatmentA,B03,111.67,-61.39,310.7,12.68,62.7,-46.58,1.247,18.4,80,0.2118,0,0
NEU-506015,Control,B01,114.04,-59.79,283.2,12.69,155.0,-42.37,1.046,53.2,95,0.4021,0,0
NEU-507117,TreatmentA,B03,101.8,-68.06,159.5,11.61,145.9,-38.09,0.651,75.7,84,0.6406,1,0
NEU-509217,TreatmentB,B03,107.7,-61.29,157.5,14.79,73.4,-44.42,1.071,71.7,86,0.6366,1,1
NEU-508388,TreatmentB,B03,97.5,-72.34,236.7,13.22,20.9,-46.08,1.108,50.9,88,0.4842,1,0
NEU-505698,TreatmentA,B02,73.71,-73.38,336.8,13.46,43.3,-49.69,1.576,53.3,80,0.4655,1,0
NEU-500617,TreatmentA,B02,67.92,-69.03,133.7,18.48,131.6,-48.9,1.661,53.9,84,0.3838,1,1
NEU-507982,TreatmentA,B03,110.88,-67.42,279.3,21.58,65.8,-38.49,2.02,71.7,87,0.5115,1,1
NEU-508414,Control,B02,124.76,-63.79,260.7,10.45,177.9,-35.97,0.893,48.9,86,0.4848,0,1
NEU-508300,Control,B03,111.06,-65.42,82.3,21.46,106.0,-45.31,0.979,52.7,85,0.309,0,0
NEU-509884,TreatmentA,B01,106.57,-65.82,159.9,11.96,127.1,-39.81,2.343,47.2,72,0.2858,1,1
NEU-505600,TreatmentB,B03,115.67,-63.64,286.4,14.13,104.7,-35.3,1.181,23.2,84,0.7525,0,1
NEU-504931,TreatmentA,B02,55.82,-61.56,158.0,14.16,119.6,-40.23,1.613,43.1,83,0.2876,0,1
NEU-504856,Control,B01,79.67,-70.78,104.2,6.66,166.3,-39.0,1.058,55.8,90,0.1704,1,1
NEU-508816,Control,B02,75.68,-65.13,150.6,20.14,83.9,-39.69,0.832,24.8,92,0.356,1,1
NEU-502841,TreatmentB,B01,119.0,-50.67,120.7,13.78,101.5,-37.61,1.096,76.9,86,0.2324,1,0
NEU-500885,Control,B01,116.77,-57.32,405.9,17.46,171.6,-36.89,1.29,32.6,74,0.5465,0,1
NEU-505317,TreatmentB,B01,116.12,-69.36,237.2,10.08,133.2,-47.01,0.96,49.7,87,0.4231,0,1
NEU-507901,TreatmentB,B03,85.56,-75.15,312.3,30.22,65.3,-40.39,0.952,68.6,82,0.4189,0,0
NEU-503170,TreatmentB,B02,82.09,-61.91,156.4,21.53,71.8,-48.82,1.705,47.8,81,0.6142,1,1
NEU-505941,Control,B03,108.38,-74.03,133.6,15.13,79.9,-41.63,0.566,46.6,71,0.3589,0,0
NEU-503810,TreatmentA,B01,118.95,-56.03,186.3,15.02,124.0,-39.1,1.591,76.4,84,0.2511,1,0
NEU-507012,TreatmentA,B01,120.41,-80.6,238.8,23.47,101.4,-40.71,1.169,60.1,82,0.587,1,1
NEU-509904,TreatmentA,B03,94.15,-64.74,156.5,21.69,120.5,-39.6,0.763,67.0,79,0.7584,0,1
NEU-509343,Control,B02,95.56,-66.23,158.0,10.62,125.3,-41.75,1.219,26.0,90,0.2514,0,1
NEU-501540,TreatmentB,B01,97.98,-71.21,199.1,15.16,65.0,-44.9,1.043,61.8,78,0.6477,1,1
NEU-502499,TreatmentB,B02,94.53,-63.64,131.5,13.18,89.0,-40.59,1.356,74.1,89,0.4698,1,1
NEU-502384,TreatmentA,B02,87.47,-67.97,150.5,14.04,36.3,-41.91,0.813,41.4,100,0.6688,0,1
NEU-502939,Control,B01,81.06,-75.36,357.7,34.08,98.5,-37.79,0.751,45.9,92,0.3508,0,0
NEU-502936,TreatmentA,B02,105.85,-69.91,120.7,16.07,159.4,-48.31,1.294,64.3,82,0.3041,1,0
NEU-505694,TreatmentA,B02,90.18,-74.78,261.8,10.78,116.7,-46.49,1.583,56.1,88,0.4556,0,0
NEU-505658,TreatmentB,B03,83.62,-62.12,117.2,19.68,108.1,-43.87,0.979,74.0,96,0.5972,1,1
NEU-503700,TreatmentA,B01,89.0,-64.93,133.7,12.59,103.4,-37.52,1.153,41.1,81,0.4764,1,1
NEU-508407,Control,B03,97.91,-70.04,177.5,10.92,77.7,-45.39,1.073,45.7,81,0.4092,0,0
NEU-502405,Control,B01,116.93,-63.16,307.4,13.18,95.7,-39.29,0.495,65.5,90,0.2506,0,0
NEU-501215,Control,B01,119.89,-67.1,156.3,17.34,103.2,-44.88,1.188,72.8,77,0.3476,0,1
NEU-507513,TreatmentB,B02,102.83,-53.81,121.4,13.25,51.3,-41.62,0.766,76.6,88,0.5881,1,0
NEU-507097,Control,B03,87.58,-74.28,304.4,10.41,212.5,-39.53,0.929,57.3,82,0.3813,0,0
NEU-501062,TreatmentB,B03,115.02,-66.58,336.6,40.47,62.5,-41.77,1.16,57.8,70,0.1912,0,0
NEU-507465,TreatmentA,B02,79.85,-53.91,107.7,15.66,120.1,-43.59,1.293,79.5,91,0.5609,1,0
NEU-509234,TreatmentA,B01,108.56,-67.41,153.1,15.45,103.0,-39.58,1.473,34.4,92,0.4064,0,0
NEU-509026,Control,B01,92.3,-63.17,112.8,12.53,143.7,-41.04,1.329,49.9,89,0.4188,0,0
NEU-503707,TreatmentA,B03,96.1,-61.28,471.5,35.36,116.1,-46.28,0.865,63.8,80,0.3469,0,0
NEU-507928,TreatmentB,B02,113.6,-70.8,591.7,11.21,-6.8,-43.41,0.591,65.9,87,0.4364,0,0
NEU-507702,TreatmentA,B01,118.17,-65.69,123.1,9.36,38.2,-41.87,0.797,57.1,66,0.3745,1,1
NEU-501180,Control,B03,111.7,-74.21,216.6,27.13,135.5,-46.47,1.339,5.1,96,0.5721,0,1
NEU-505895,TreatmentA,B02,96.37,-70.6,476.1,12.41,122.7,-40.2,1.028,50.9,78,0.5917,0,0
NEU-505390,TreatmentA,B03,81.28,-59.79,273.5,14.2,83.4,-39.41,0.594,55.3,77,0.4618,1,0
NEU-508166,TreatmentB,B01,112.8,-70.96,213.3,8.91,50.7,-49.56,0.705,53.7,77,0.4006,0,0
NEU-508322,TreatmentA,B03,78.66,-64.1,135.0,21.51,126.8,-42.48,0.921,47.6,80,0.565,0,1
NEU-501141,TreatmentB,B01,106.41,-60.1,151.2,21.67,47.3,-37.04,1.034,52.5,86,0.219,0,0
NEU-505009,Control,B03,73.71,-54.98,230.6,10.79,92.1,-40.44,1.344,47.6,100,0.4817,1,0
NEU-503655,TreatmentA,B01,93.23,-71.28,171.5,27.86,95.0,-37.54,0.934,60.4,90,0.1138,0,0
NEU-506794,TreatmentB,B02,91.16,-63.22,363.7,8.49,57.2,-46.56,0.703,56.3,86,0.1488,0,1
NEU-506419,Control,B02,96.15,-73.54,115.4,9.99,89.4,-45.25,1.628,42.6,77,0.4186,1,1
NEU-506875,TreatmentA,B01,116.52,-72.26,153.1,16.85,46.9,-43.56,1.155,44.9,79,0.3275,0,0
NEU-505512,Control,B01,94.1,-66.54,146.5,15.89,208.9,-44.6,0.908,24.1,78,0.6689,0,1
NEU-501050,Control,B03,120.04,-64.76,308.0,5.28,184.4,-40.92,1.086,35.8,87,0.3335,0,1
NEU-509158,TreatmentA,B02,114.0,-57.21,87.0,17.22,100.3,-42.15,0.966,58.2,81,0.4002,1,0
NEU-501425,Control,B03,77.22,-71.8,117.5,18.82,82.4,-40.88,1.044,39.5,87,0.4333,1,1
NEU-500708,TreatmentB,B03,103.63,-71.1,180.8,16.91,110.2,-39.36,0.851,71.7,92,0.2907,0,0
NEU-508819,TreatmentB,B02,96.49,-75.74,231.1,24.67,46.3,-40.71,1.043,68.3,92,0.1824,1,0
NEU-505163,TreatmentA,B01,98.19,-70.51,141.9,14.99,144.7,-39.32,0.97,51.2,86,0.308,1,0
NEU-500201,TreatmentA,B03,101.28,-67.01,162.2,14.19,74.2,-42.48,1.219,54.8,75,0.245,0,1
NEU-509131,Control,B03,91.27,-69.88,162.1,23.23,117.4,-39.81,0.802,59.7,85,0.4843,0,1
NEU-505502,TreatmentB,B02,112.54,-62.08,144.3,30.21,61.0,-37.96,1.161,54.4,98,0.3113,1,0
NEU-501405,TreatmentB,B01,110.5,-69.55,123.1,9.55,116.8,-48.13,0.889,50.7,79,0.2232,1,1
NEU-508577,TreatmentA,B01,129.53,-64.66,154.0,22.37,193.9,-41.8,1.648,49.6,88,0.3853,1,1
NEU-509438,TreatmentA,B01,100.35,-58.69,204.7,14.04,129.6,-41.25,1.021,63.3,73,0.4051,0,0
NEU-507152,TreatmentA,B02,102.8,-63.68,204.5,14.16,123.0,-42.07,1.035,33.1,84,0.5305,1,1
NEU-505126,Control,B01,101.73,-58.24,85.3,7.49,98.8,-42.53,0.931,62.8,85,0.5212,0,0
NEU-503653,Control,B03,56.74,-63.56,85.9,11.86,137.6,-40.07,0.765,54.9,80,0.4089,1,1
NEU-505570,Control,B01,116.19,-72.43,363.3,25.62,123.6,-42.75,0.773,37.8,82,0.4628,0,1
NEU-509293,Control,B02,77.85,-59.44,275.5,24.25,75.8,-37.26,0.771,30.7,86,0.2917,0,0
NEU-508171,TreatmentA,B02,101.37,-64.24,108.8,12.21,110.8,-47.39,1.855,69.1,76,0.3409,1,0
NEU-500144,TreatmentB,B01,116.72,-62.91,144.1,10.71,39.8,-40.88,1.373,48.0,94,0.4184,1,0
NEU-505344,Control,B01,109.2,-72.84,269.8,11.84,100.7,-47.1,1.016,55.1,71,0.6579,0,0
NEU-500156,TreatmentB,B03,103.69,-57.95,154.1,28.44,117.4,-43.14,1.175,50.3,78,0.6576,0,1
NEU-509851,TreatmentB,B02,112.98,-66.28,384.3,10.3,99.2,-41.14,0.985,67.4,97,0.4934,0,0
NEU-506107,TreatmentA,B03,108.25,-64.15,139.2,9.24,63.0,-38.58,0.894,56.7,105,0.4396,0,0
NEU-505580,TreatmentB,B01,88.72,-69.67,221.0,12.36,49.0,-41.11,1.131,71.3,91,0.6163,1,1
NEU-507885,TreatmentB,B02,85.34,-63.12,297.6,8.82,75.7,-42.27,1.57,69.1,87,0.2541,0,1
NEU-509342,Control,B01,94.2,-68.18,268.6,12.51,214.3,-46.15,1.285,50.6,93,0.4854,0,1
NEU-506590,TreatmentA,B01,90.93,-73.98,181.4,17.82,96.8,-44.11,0.716,69.6,89,0.5507,1,0
NEU-507592,TreatmentA,B03,92.4,-70.59,277.6,17.28,153.3,-35.89,1.026,50.1,94,0.4383,0,0
NEU-502518,TreatmentB,B03,112.34,-69.13,115.8,11.07,127.0,-40.18,0.606,47.1,85,0.2091,1,1
NEU-505374,TreatmentA,B02,104.91,-62.32,256.6,12.06,107.2,-38.51,1.093,38.0,74,0.1412,0,1
NEU-506216,TreatmentB,B02,101.21,-60.36,112.8,9.78,62.2,-45.57,0.922,68.5,82,0.4801,1,0
NEU-504005,Control,B03,95.56,-60.29,98.3,15.83,97.9,-40.94,0.902,52.6,81,0.5136,1,1
NEU-509449,Control,B03,120.11,-71.18,181.1,20.07,127.1,-35.43,0.923,69.0,94,0.5941,0,1
NEU-503643,Control,B01,126.64,-65.04,105.6,11.6,141.8,-40.86,0.932,35.9,103,0.4505,1,1
NEU-502175,TreatmentB,B01,118.34,-63.47,141.9,16.34,74.6,-45.94,1.263,70.1,80,0.1996,0,1
NEU-503743,TreatmentB,B01,95.24,-77.07,424.0,15.24,69.3,-43.33,1.012,80.9,93,0.4609,1,0
NEU-509208,Control,B02,69.81,-58.03,318.8,6.47,105.9,-43.0,1.006,20.6,87,0.2938,0,1
NEU-502622,TreatmentB,B02,119.97,-63.08,209.7,16.05,86.7,-44.81,1.668,71.4,83,0.2644,1,0
NEU-504421,Control,B01,98.53,-58.07,172.5,7.21,158.2,-46.39,1.241,18.3,86,0.3044,0,1
NEU-504048,TreatmentB,B02,89.97,-70.92,99.2,9.98,133.0,-49.19,0.84,52.5,85,0.2963,0,1
NEU-502218,TreatmentB,B01,72.98,-64.76,182.0,8.95,87.6,-36.41,0.639,43.9,90,0.3786,0,1
NEU-504584,Control,B02,107.92,-66.69,99.2,14.92,151.0,-45.94,1.426,38.7,93,0.4865,1,1
NEU-509589,TreatmentA,B01,66.06,-77.63,148.9,21.46,130.0,-40.24,1.667,66.3,93,0.2859,1,0
NEU-502282,Control,B02,83.16,-66.97,230.3,11.03,129.6,-44.47,1.537,57.0,80,0.2837,0,1
NEU-501590,TreatmentA,B03,85.33,-67.35,308.5,27.7,75.5,-46.54,1.324,60.7,79,0.4432,1,1
NEU-508401,TreatmentA,B01,91.83,-63.29,148.7,9.91,39.2,-39.55,1.169,26.9,87,0.5058,0,0
NEU-503073,Control,B02,104.55,-65.2,238.3,13.86,126.3,-46.08,0.727,37.6,93,0.4653,0,0
NEU-500060,TreatmentA,B01,102.46,-65.23,352.8,11.81,138.1,-47.34,1.306,48.9,81,0.3222,0,1
NEU-509765,TreatmentA,B03,121.59,-63.7,271.6,11.29,137.5,-35.42,0.779,76.2,82,0.6957,1,0
NEU-500141,Control,B02,83.37,-60.79,113.7,12.72,91.5,-42.87,0.689,42.3,73,0.3134,0,0
NEU-504523,TreatmentA,B03,91.81,-58.12,120.3,10.02,91.3,-41.16,1.362,66.8,75,0.4828,1,0
NEU-506506,TreatmentA,B01,117.09,-65.28,193.8,15.6,93.9,-47.73,1.328,50.1,76,0.5586,1,1
NEU-505820,TreatmentA,B01,90.09,-59.8,187.8,10.47,139.6,-43.65,1.933,32.6,94,0.347,0,1
NEU-500385,Control,B01,96.15,-82.51,174.5,12.98,84.5,-36.3,0.982,23.1,92,0.3554,0,0
NEU-503845,Control,B01,110.53,-66.04,312.6,14.47,178.7,-36.82,0.72,83.7,108,0.4579,0,1
NEU-508700,TreatmentA,B01,100.01,-67.25,257.3,22.36,81.5,-46.39,1.904,49.0,101,0.521,1,1
NEU-506686,TreatmentA,B03,90.99,-64.1,309.7,10.3,105.8,-41.75,0.832,44.8,111,0.4383,0,1
NEU-508471,TreatmentB,B03,131.65,-68.08,205.9,27.14,43.2,-45.73,1.004,35.6,95,0.6451,0,1
NEU-503481,TreatmentB,B02,92.87,-57.42,142.3,16.62,104.1,-46.26,1.625,61.0,76,0.4158,1,0
NEU-502066,TreatmentA,B03,110.52,-68.09,248.9,13.35,145.4,-42.87,0.929,63.5,82,0.4955,0,0
NEU-507895,Control,B01,99.56,-56.4,181.5,17.5,139.3,-43.75,1.092,38.9,97,0.3166,1,0
NEU-502448,TreatmentA,B03,94.19,-63.06,162.7,23.85,116.1,-42.85,1.438,51.1,87,0.6191,1,1
NEU-506290,TreatmentB,B01,67.44,-61.11,139.1,16.67,83.8,-40.18,0.986,56.0,94,0.4073,1,1
NEU-509350,TreatmentB,B03,103.32,-60.41,205.9,11.21,99.7,-39.21,0.529,45.7,92,0.4841,0,0
NEU-505505,Control,B03,86.91,-63.22,184.0,12.37,129.9,-41.77,2.074,39.5,86,0.6259,1,0
NEU-502249,Control,B02,100.9,-63.68,180.5,21.19,174.7,-38.76,1.289,31.9,98,0.3868,0,1
NEU-509721,Control,B02,96.74,-61.25,92.8,19.53,157.9,-42.51,1.641,51.5,108,0.3767,1,0
NEU-502490,Control,B01,85.29,-65.32,138.0,13.67,129.5,-38.88,1.266,33.3,96,0.3799,1,1
NEU-502461,TreatmentA,B02,85.63,-49.3,216.5,9.2,115.3,-44.61,1.017,33.3,93,0.3402,0,0
NEU-504556,TreatmentA,B02,105.03,-65.0,195.2,8.16,119.0,-38.33,0.759,48.7,90,0.7072,1,0
NEU-506323,Control,B03,92.07,-59.1,377.7,14.94,86.4,-39.46,0.832,62.6,91,0.4877,0,0
NEU-503472,TreatmentA,B03,98.56,-72.88,136.5,17.02,78.2,-44.54,0.71,39.4,78,0.4671,0,0
NEU-509737,TreatmentB,B01,97.4,-58.92,218.7,24.57,73.9,-46.61,0.939,52.5,96,0.3228,0,0
NEU-502949,Control,B01,112.33,-57.62,75.7,12.56,123.1,-42.92,0.968,37.9,71,0.341,0,0
NEU-503029,TreatmentB,B03,114.04,-63.69,188.1,7.09,46.9,-44.27,1.004,70.0,80,0.2002,1,1
NEU-501942,TreatmentA,B03,94.14,-59.56,408.5,23.35,108.9,-46.34,1.576,72.1,97,0.4439,1,0
NEU-506422,TreatmentA,B03,106.09,-59.36,146.6,23.58,97.1,-34.16,0.96,49.0,101,0.2406,1,0
NEU-505111,TreatmentB,B01,97.78,-71.36,200.6,16.26,124.2,-39.77,0.919,71.7,94,0.518,1,0
NEU-508570,TreatmentA,B03,112.05,-66.56,143.6,11.15,111.3,-47.93,1.242,66.7,94,0.2564,1,1
NEU-504023,TreatmentB,B01,62.75,-66.64,187.9,27.11,33.6,-36.11,0.705,61.8,90,0.3573,0,1
NEU-502368,Control,B02,113.17,-58.86,261.7,12.0,135.2,-47.02,1.007,55.5,82,0.4103,0,0
NEU-508698,TreatmentB,B01,113.05,-66.52,213.0,29.6,56.1,-42.68,0.611,71.7,90,0.5299,1,1
NEU-509129,TreatmentA,B01,110.91,-76.34,296.1,11.63,96.5,-46.83,1.746,40.0,101,0.3136,1,0
NEU-507319,Control,B03,93.31,-62.55,371.1,37.35,46.2,-39.59,0.999,58.8,93,0.1706,0,0
NEU-503384,Control,B01,99.62,-67.55,153.2,25.47,69.9,-46.6,0.96,65.1,94,0.2586,1,0
NEU-506420,Control,B03,73.32,-65.39,124.8,14.35,135.4,-35.86,1.325,62.7,86,0.3447,1,1
NEU-508492,TreatmentB,B01,93.6,-71.01,173.8,11.79,92.0,-46.25,0.837,73.2,76,0.2666,1,1
NEU-503716,Control,B01,113.13,-54.3,95.1,14.58,137.5,-36.24,1.144,27.6,74,0.5295,0,0
NEU-502846,TreatmentB,B03,94.4,-72.72,275.2,17.07,96.0,-35.98,1.354,41.2,83,0.2943,0,0
NEU-505434,TreatmentB,B02,105.43,-52.75,146.4,9.09,119.5,-45.08,1.073,63.6,90,0.3324,0,0
NEU-500759,TreatmentB,B03,94.81,-59.56,218.6,20.43,145.1,-46.28,1.124,64.6,89,0.5228,1,1
NEU-503308,Control,B01,90.89,-59.78,413.3,7.47,77.7,-34.44,0.939,42.8,99,0.3353,0,1
NEU-500672,Control,B03,99.5,-63.0,218.5,10.68,57.6,-46.41,0.888,41.6,96,0.1873,0,1
NEU-507929,Control,B02,98.6,-70.91,181.0,16.38,144.2,-41.58,1.328,35.1,78,0.1965,1,0
NEU-503049,Control,B01,75.46,-69.26,209.2,11.22,146.2,-41.28,0.772,41.9,85,0.3399,0,1
NEU-501720,TreatmentB,B01,95.58,-67.26,250.9,9.12,29.8,-42.86,1.47,41.7,77,0.2799,0,1
NEU-500673,TreatmentB,B03,98.82,-64.31,121.2,5.98,76.1,-45.79,0.846,54.7,88,0.3391,1,1
NEU-503964,Control,B03,114.46,-61.22,278.2,14.02,180.5,-42.49,0.775,39.5,86,0.3173,0,1
NEU-500271,TreatmentB,B03,105.69,-64.09,245.0,11.98,69.5,-43.9,0.894,61.2,79,0.4693,0,0
NEU-503640,TreatmentB,B03,78.01,-71.9,120.4,21.24,108.7,-41.23,1.01,43.0,74,0.3575,0,0
NEU-500376,TreatmentA,B03,107.22,-66.6,228.9,8.74,115.2,-45.07,1.06,45.5,91,0.3309,1,1
NEU-505950,Control,B02,116.29,-60.07,214.5,9.22,64.4,-45.74,1.19,77.5,87,0.2153,1,1
NEU-503084,Control,B02,111.97,-65.26,295.0,9.16,79.2,-36.65,0.628,26.3,84,0.1385,0,1
NEU-507688,Control,B01,130.39,-64.98,75.0,15.69,124.5,-44.4,1.224,11.7,82,0.1032,0,0
NEU-505724,TreatmentA,B02,73.45,-62.63,112.2,10.59,71.1,-45.33,0.66,38.5,89,0.5055,0,1
NEU-506040,TreatmentB,B03,89.64,-66.12,92.7,17.92,102.0,-41.09,0.958,82.2,97,0.3864,0,0
NEU-506434,TreatmentB,B01,105.67,-79.25,170.9,25.54,75.2,-45.79,1.675,75.7,85,0.5247,1,0
NEU-506300,Control,B03,81.76,-52.7,179.6,10.32,105.8,-48.46,1.245,63.1,97,0.3763,1,0
NEU-509758,TreatmentB,B03,121.06,-68.87,260.3,13.07,126.7,-43.2,1.017,66.2,74,0.626,1,1
NEU-509088,TreatmentA,B03,114.4,-68.65,274.0,17.03,153.0,-43.99,0.942,48.0,76,0.3373,0,1
NEU-503244,TreatmentB,B01,82.41,-70.12,273.2,20.04,102.1,-42.35,1.617,83.4,94,0.3844,1,0
NEU-501653,Control,B02,116.28,-71.75,115.8,15.27,139.0,-42.5,1.506,41.1,74,0.1276,1,0
NEU-508463,Control,B03,89.49,-63.69,66.1,14.1,145.4,-41.79,1.581,67.0,69,0.2871,1,1
NEU-501449,Control,B02,98.16,-68.59,355.7,23.09,95.1,-43.88,0.62,38.5,71,0.5756,0,1
NEU-506550,TreatmentB,B01,78.62,-72.4,290.0,19.3,78.3,-35.51,1.238,69.3,81,0.5484,1,0
NEU-504165,TreatmentA,B03,94.71,-58.06,135.9,18.02,51.4,-46.12,1.366,64.6,82,0.2354,1,0
NEU-505931,TreatmentB,B03,112.95,-57.7,148.1,17.05,10.6,-45.09,1.128,74.6,69,0.5795,0,0
NEU-501988,Control,B02,76.82,-64.91,316.3,15.69,100.7,-44.69,1.161,20.1,68,0.4185,0,1
NEU-500840,TreatmentA,B02,100.0,-69.81,218.5,11.11,113.1,-38.78,1.193,58.3,71,0.7036,0,0
NEU-508551,TreatmentB,B01,56.8,-70.44,114.2,8.97,28.1,-41.23,0.958,55.6,90,0.4678,1,0
NEU-505192,TreatmentB,B01,117.91,-68.63,258.6,12.94,17.8,-45.25,0.789,61.7,83,0.6941,0,1
NEU-503565,Control,B02,106.22,-64.94,131.7,12.19,108.9,-41.82,0.793,35.8,84,0.3817,0,1
NEU-505364,Control,B02,101.46,-59.28,136.8,16.56,110.3,-35.52,0.934,15.9,85,0.5636,0,1
NEU-506694,Control,B01,92.91,-59.67,218.1,15.73,152.7,-45.07,0.953,31.3,95,0.4277,0,0
NEU-505579,TreatmentA,B02,125.96,-67.5,82.4,9.18,135.5,-42.59,0.912,33.0,85,0.4575,1,1
NEU-508116,Control,B02,105.77,-59.97,236.2,14.91,35.3,-38.03,0.539,29.1,97,0.397,0,0
NEU-504859,TreatmentA,B03,68.29,-67.55,90.4,20.85,115.4,-47.66,1.327,46.2,100,0.3716,0,1
NEU-509958,TreatmentB,B02,93.57,-65.02,214.3,12.69,150.9,-45.44,0.999,61.6,92,0.3852,0,1
NEU-501683,Control,B01,116.6,-57.32,165.2,14.68,113.1,-40.03,1.377,43.8,75,0.4102,1,0
NEU-507934,TreatmentA,B01,90.87,-65.26,177.4,8.6,75.9,-42.47,1.526,74.3,95,0.3626,1,1
NEU-506553,TreatmentA,B01,86.08,-71.15,257.4,10.9,149.5,-43.49,0.885,73.1,97,0.3484,1,1
NEU-502377,TreatmentB,B01,104.38,-65.76,282.8,6.81,66.7,-39.81,1.56,72.4,98,0.3051,0,1
NEU-508486,TreatmentA,B03,88.57,-56.21,135.6,13.79,49.3,-41.81,1.296,51.4,88,0.1986,0,0
NEU-504022,Control,B01,123.24,-59.82,307.3,13.69,145.8,-46.32,0.952,46.0,59,0.4955,0,1
NEU-507063,TreatmentA,B02,129.46,-61.58,181.0,6.69,47.2,-45.33,0.987,65.2,101,0.4457,1,0
NEU-502634,TreatmentA,B01,103.47,-75.63,122.8,6.23,37.3,-34.27,1.047,75.6,80,0.2793,1,1
NEU-504635,Control,B02,90.99,-68.71,130.9,11.16,145.8,-36.17,0.54,32.4,81,0.4642,0,1
NEU-503152,TreatmentA,B03,114.82,-69.14,110.7,13.76,83.6,-41.67,1.288,33.2,72,0.4786,1,0
NEU-507022,Control,B02,102.42,-64.5,222.2,12.63,99.2,-37.65,1.218,32.3,81,0.3912,0,1
NEU-508034,Control,B02,75.47,-63.93,350.5,12.91,95.6,-45.24,0.894,40.2,74,0.6288,0,0
NEU-505792,TreatmentB,B02,118.88,-63.85,291.1,10.71,98.4,-46.44,0.953,79.3,83,0.1745,0,1
NEU-509452,TreatmentB,B03,111.76,-69.45,125.7,17.04,60.5,-47.44,1.821,61.0,97,0.3604,1,0
NEU-503485,Control,B03,97.36,-66.41,297.8,11.72,147.2,-39.9,0.657,52.7,97,0.5027,0,1
NEU-505869,Control,B01,113.24,-63.76,219.7,17.11,143.2,-45.06,0.891,31.6,85,0.2842,0,0
NEU-502424,TreatmentB,B03,115.66,-65.04,286.7,13.64,-52.8,-38.91,1.244,64.6,77,0.5298,1,1
NEU-506896,TreatmentB,B03,71.55,-65.16,242.7,11.75,101.0,-42.16,1.957,57.6,88,0.682,1,0
NEU-502645,TreatmentB,B03,118.07,-61.41,120.3,23.12,105.2,-45.71,1.823,49.2,85,0.243,0,0
NEU-505686,TreatmentB,B02,88.38,-60.47,282.6,5.9,128.8,-46.23,1.166,67.4,81,0.397,1,1
NEU-506954,TreatmentA,B01,107.06,-73.21,251.5,21.88,71.6,-41.66,1.028,63.2,95,0.3235,0,0
NEU-507093,TreatmentB,B03,113.14,-57.14,112.3,18.49,90.3,-36.97,0.687,53.5,85,0.3183,0,0
NEU-502797,TreatmentB,B01,104.18,-71.23,250.7,7.76,108.0,-42.45,0.963,57.7,94,0.1863,0,1
NEU-502220,Control,B03,87.32,-68.26,257.0,11.4,111.1,-44.84,0.455,36.9,94,0.4737,0,0
NEU-509128,Control,B01,110.49,-70.09,134.7,7.88,89.9,-40.78,1.255,49.4,87,0.2859,1,1
NEU-501064,Control,B03,97.13,-67.16,215.9,7.65,158.1,-44.51,0.718,24.2,92,0.4227,1,1
NEU-509616,TreatmentA,B03,87.86,-75.78,193.6,15.07,108.5,-39.12,0.917,14.5,88,0.3731,0,0
NEU-509756,Control,B03,91.88,-70.38,163.0,13.39,51.0,-34.63,1.287,38.1,75,0.2496,1,1
NEU-501744,TreatmentB,B03,113.16,-62.27,222.5,15.3,155.1,-47.59,0.679,64.1,85,0.2873,1,1
NEU-507622,TreatmentB,B03,92.27,-57.32,181.8,23.58,43.4,-43.73,1.148,53.2,94,0.542,0,1
NEU-502100,TreatmentA,B03,92.07,-65.22,181.0,20.09,108.1,-33.86,1.248,49.3,99,0.2351,0,0
NEU-501281,TreatmentA,B02,111.43,-61.82,170.0,17.93,12.4,-38.19,0.818,65.2,77,0.2437,0,0
NEU-502507,TreatmentB,B01,97.11,-60.09,216.0,16.85,67.0,-37.79,1.539,75.4,82,0.4575,1,1
NEU-505697,TreatmentA,B02,96.88,-68.55,106.6,14.52,136.4,-40.82,0.767,62.0,98,0.3572,1,1
NEU-508803,TreatmentA,B01,96.39,-68.25,290.6,9.59,105.4,-40.45,1.268,61.4,106,0.6379,1,0
NEU-509577,TreatmentB,B02,101.18,-69.07,269.5,11.62,101.7,-41.98,0.891,54.5,79,0.3922,1,0
NEU-506383,TreatmentB,B01,105.79,-64.74,239.7,17.43,112.0,-39.25,1.393,67.9,81,0.5522,1,1
NEU-508076,TreatmentB,B01,108.49,-72.56,284.6,16.49,71.4,-43.48,1.121,98.2,75,0.4275,1,1
NEU-509428,TreatmentB,B03,102.92,-60.22,281.9,10.61,58.5,-33.67,0.743,65.6,99,0.5336,1,0
NEU-500587,TreatmentA,B02,91.4,-60.3,128.4,13.37,212.5,-37.15,1.213,56.3,83,0.4078,1,1
NEU-501390,TreatmentA,B01,99.62,-60.95,251.3,23.98,141.4,-45.04,0.801,50.7,84,0.5871,0,0
NEU-507977,Control,B03,64.31,-63.42,368.4,11.22,169.8,-49.48,1.208,40.0,87,0.2057,0,1
NEU-506362,Control,B01,67.31,-55.74,135.3,16.37,179.1,-38.13,0.794,43.9,91,0.5641,0,0
NEU-509247,TreatmentA,B01,99.43,-65.26,80.7,22.23,86.1,-41.55,1.112,47.6,82,0.5608,1,1
NEU-508502,Control,B02,97.69,-71.68,145.0,31.97,146.4,-42.57,0.939,69.6,74,0.4496,1,1
NEU-507312,TreatmentB,B03,91.15,-64.47,259.0,18.35,40.9,-49.59,1.274,65.1,83,0.4966,1,1
NEU-503418,Control,B02,57.53,-54.61,164.0,12.87,60.1,-44.14,0.959,20.6,65,0.6198,0,0
NEU-509955,TreatmentA,B01,74.53,-69.98,192.3,8.76,103.8,-35.59,0.752,57.4,98,0.2183,0,1
NEU-507941,TreatmentA,B02,81.85,-73.41,165.2,11.48,57.9,-45.88,1.08,52.6,81,0.3505,0,0
NEU-500045,TreatmentB,B02,115.57,-69.29,215.6,11.48,42.5,-38.96,1.353,71.2,99,0.6778,1,0
NEU-509571,TreatmentB,B02,105.99,-64.67,276.8,12.98,115.8,-46.72,0.783,88.4,83,0.5896,1,1
NEU-508021,Control,B01,82.46,-54.96,214.0,12.17,132.4,-45.63,0.972,47.6,80,0.2603,0,0
NEU-506567,TreatmentA,B03,112.05,-62.21,301.4,10.29,132.5,-44.74,0.999,33.0,93,0.347,0,1
NEU-503436,Control,B02,82.9,-68.23,50.7,11.53,81.8,-44.85,1.089,55.4,89,0.3924,0,0
NEU-506855,TreatmentA,B02,115.76,-66.17,173.7,11.82,147.6,-38.74,1.299,77.4,95,0.4602,1,1
NEU-503283,TreatmentB,B02,86.75,-70.72,144.9,14.68,81.5,-45.62,1.08,66.4,97,0.2395,1,1
NEU-509677,TreatmentA,B01,112.46,-58.24,244.5,34.88,58.3,-40.28,2.047,55.6,91,0.2553,1,0
NEU-500769,TreatmentB,B01,94.06,-56.95,295.6,28.78,43.0,-42.69,1.09,84.0,92,0.2705,0,0
NEU-502098,TreatmentA,B01,107.6,-56.29,281.9,9.2,133.6,-37.75,0.974,79.9,86,0.5596,0,0
NEU-506185,TreatmentB,B03,89.65,-61.78,113.0,16.07,35.0,-31.14,1.03,57.5,96,0.668,0,1
NEU-504489,Control,B02,113.16,-60.42,240.2,14.79,128.1,-33.2,0.947,39.6,84,0.3637,0,0
NEU-502732,Control,B01,88.93,-59.31,363.5,22.78,128.0,-49.14,1.808,51.1,77,0.1871,0,0
NEU-500428,TreatmentA,B03,113.74,-69.8,187.4,13.4,90.8,-37.74,1.118,68.9,79,0.36,0,0
NEU-500353,TreatmentB,B03,99.31,-64.49,229.2,8.95,91.0,-34.89,0.925,53.5,88,0.4702,1,0
NEU-500615,TreatmentB,B02,114.51,-69.94,192.5,14.53,107.2,-40.54,1.18,66.9,100,0.5708,1,1
NEU-503025,TreatmentA,B01,101.28,-58.2,117.0,20.76,64.8,-41.76,1.149,46.6,88,0.1877,0,0
NEU-509970,TreatmentB,B03,128.65,-59.27,206.1,13.2,-29.0,-34.78,0.72,64.0,76,0.5261,1,0
NEU-505934,TreatmentB,B02,127.12,-73.94,169.1,8.91,72.1,-39.23,0.793,69.3,76,0.5528,1,0
NEU-504296,TreatmentB,B01,134.55,-65.73,218.1,10.7,95.6,-32.65,1.388,83.0,85,0.1352,1,1
NEU-507633,TreatmentB,B03,103.32,-68.37,104.0,11.92,27.3,-31.92,0.958,76.5,76,0.5899,1,0
NEU-509134,Control,B02,96.4,-62.98,279.5,14.85,102.4,-37.8,0.898,52.8,102,0.5478,0,1
NEU-503460,TreatmentA,B02,90.11,-68.11,183.5,20.59,130.1,-40.67,0.947,52.7,83,0.3263,1,0
NEU-509468,Control,B03,112.25,-61.45,99.3,7.65,150.3,-33.07,1.102,46.9,86,0.2859,1,1
NEU-509612,TreatmentB,B01,88.07,-68.23,232.5,12.42,137.5,-42.17,1.359,85.4,69,0.3375,1,1
NEU-500713,TreatmentB,B02,105.18,-56.84,141.5,11.9,68.0,-51.7,0.797,74.4,85,0.1852,1,0
NEU-508369,TreatmentB,B03,106.89,-68.34,209.0,18.23,-20.2,-41.92,0.652,73.8,88,0.7494,1,1
NEU-509031,Control,B02,108.43,-63.66,222.0,11.94,107.9,-42.37,1.233,42.0,85,0.5413,1,1
NEU-501761,TreatmentA,B03,112.89,-66.58,76.4,19.08,131.5,-42.24,0.91,40.3,89,0.2047,0,0
NEU-507410,Control,B03,115.05,-63.12,659.8,14.21,118.8,-37.76,1.303,33.7,84,0.3968,0,0
NEU-500807,TreatmentB,B03,119.95,-60.89,185.3,14.14,24.0,-41.89,1.622,44.9,89,0.6543,1,1
NEU-500820,Control,B03,98.53,-56.93,239.6,21.02,33.4,-50.6,0.713,52.3,106,0.3325,0,0
NEU-503162,TreatmentB,B02,117.02,-62.58,70.1,12.68,57.6,-41.87,1.283,67.1,79,0.3913,1,0
NEU-503784,TreatmentB,B03,83.63,-72.33,129.7,10.29,82.6,-38.05,1.007,53.7,84,0.4203,0,0
NEU-502268,Control,B03,132.97,-62.04,317.8,9.63,113.9,-37.53,1.101,76.0,74,0.2497,1,1
NEU-501917,Control,B01,96.73,-54.91,151.2,10.36,154.4,-38.76,1.059,50.8,81,0.3636,0,1
NEU-506972,TreatmentA,B01,128.02,-61.56,135.2,16.3,100.9,-42.25,1.372,55.3,85,0.3008,1,0
NEU-502147,TreatmentB,B01,91.81,-63.61,295.9,10.04,125.1,-47.01,0.854,47.7,94,0.5961,0,1
NEU-505397,TreatmentB,B03,102.75,-65.71,177.7,7.86,63.9,-38.99,0.696,68.3,84,0.7898,1,0
NEU-503046,Control,B01,95.82,-63.04,272.4,19.13,91.6,-45.67,1.182,46.5,88,0.3841,1,1
NEU-509772,Control,B01,94.98,-57.18,191.3,13.4,103.0,-43.37,1.199,38.4,66,0.4194,1,0
NEU-502357,TreatmentA,B02,90.67,-78.7,156.4,10.3,83.5,-40.11,1.35,50.2,68,0.2436,1,1
NEU-500851,Control,B02,87.48,-63.91,149.9,14.78,137.8,-40.11,0.986,39.5,81,0.2041,0,0
NEU-508318,Control,B03,112.11,-64.43,352.2,17.04,133.2,-42.0,0.796,39.2,96,0.4538,0,1
NEU-503402,TreatmentA,B02,99.05,-55.77,162.0,14.51,118.7,-42.71,0.749,47.7,84,0.513,1,0
NEU-501756,TreatmentB,B02,99.32,-66.0,180.5,24.79,120.3,-39.21,0.984,44.3,91,0.3674,1,0
NEU-505324,TreatmentB,B02,93.45,-70.33,210.6,18.71,60.2,-46.89,0.744,81.4,101,0.5066,1,0
NEU-500802,TreatmentB,B02,95.29,-58.78,288.4,8.16,92.8,-43.2,0.815,77.0,95,0.3208,0,1
NEU-508778,Control,B01,92.22,-62.55,171.6,14.92,134.1,-39.99,1.379,48.2,99,0.2521,0,1
NEU-507845,TreatmentB,B01,87.33,-63.34,178.9,17.33,18.9,-48.32,1.077,41.6,87,0.3355,0,1
NEU-502717,TreatmentB,B01,86.59,-62.72,207.5,34.14,22.7,-37.93,1.546,94.6,87,0.5658,1,1
NEU-507924,TreatmentA,B01,85.5,-62.09,142.5,22.76,66.3,-47.16,0.799,40.5,89,0.1537,1,0
NEU-507789,TreatmentA,B02,85.74,-64.28,163.7,17.63,83.2,-48.08,0.801,61.2,83,0.4892,1,1
NEU-506663,TreatmentB,B03,101.7,-59.7,230.8,9.61,90.8,-44.86,1.345,107.8,80,0.522,1,0
NEU-500084,Control,B03,84.74,-72.15,178.1,9.21,116.8,-35.89,0.933,52.6,81,0.677,0,0
NEU-505216,Control,B03,80.52,-71.71,264.8,12.4,153.2,-36.82,0.994,44.2,107,0.1816,0,0
NEU-508612,TreatmentA,B03,107.23,-71.69,202.6,6.94,76.4,-44.97,0.737,33.8,85,0.1546,0,1
NEU-505312,Control,B02,83.41,-67.98,125.8,7.87,152.4,-43.59,0.846,47.3,94,0.453,1,1
NEU-504217,TreatmentB,B01,73.32,-61.45,267.1,9.33,107.4,-43.63,1.363,48.1,102,0.4697,0,0
NEU-507238,TreatmentA,B02,89.49,-71.66,120.2,10.79,91.9,-47.19,1.103,15.3,91,0.2774,0,1
NEU-500857,TreatmentB,B03,122.0,-63.9,258.0,10.69,90.2,-40.98,1.247,57.9,72,0.4055,1,1
NEU-500902,Control,B03,97.43,-66.13,154.5,11.34,132.4,-38.25,1.095,34.0,91,0.4529,0,0
NEU-509909,TreatmentB,B03,96.5,-67.41,199.6,16.75,33.7,-40.33,1.55,72.9,82,0.3851,1,0
NEU-509046,TreatmentA,B01,102.96,-67.61,151.5,10.15,146.0,-40.93,1.587,60.4,85,0.1935,1,1
NEU-508123,Control,B02,82.18,-59.08,297.3,22.23,141.1,-44.46,1.103,37.4,78,0.2705,0,0
NEU-509827,Control,B03,140.65,-66.24,82.8,5.68,94.3,-45.31,1.404,34.8,76,0.1337,0,1
NEU-507508,TreatmentA,B01,85.38,-69.63,129.8,13.89,105.9,-47.23,1.573,69.5,82,0.273,1,1
NEU-507696,Control,B02,93.32,-70.25,281.7,13.1,85.6,-38.35,1.021,61.9,93,0.2254,0,0
NEU-504355,Control,B02,78.49,-73.19,173.2,20.71,177.0,-39.46,1.669,72.4,94,0.3044,1,0
NEU-507072,TreatmentB,B01,72.51,-66.38,251.6,16.57,93.2,-44.3,0.696,74.5,97,0.2794,0,0
NEU-500539,TreatmentA,B02,88.91,-63.87,219.7,7.86,103.2,-45.01,0.846,54.6,96,0.5096,1,0
NEU-500958,Control,B03,102.5,-60.12,109.8,9.42,122.3,-47.17,1.182,51.5,80,0.3551,0,1
NEU-500645,TreatmentA,B02,82.78,-59.29,210.7,22.63,126.5,-40.64,1.344,64.0,82,0.4722,0,0
NEU-505777,Control,B03,85.35,-70.54,274.1,11.27,115.3,-45.78,1.645,70.2,99,0.437,1,0
NEU-509515,Control,B02,112.29,-72.24,161.6,15.04,117.9,-39.82,0.727,35.0,81,0.3207,0,0
NEU-501118,Control,B02,93.77,-69.45,116.1,15.81,133.2,-37.45,0.98,40.2,83,0.6416,1,1
NEU-501635,TreatmentA,B01,114.4,-65.56,175.9,19.12,76.9,-37.36,0.854,54.3,94,0.3383,0,0
NEU-507713,TreatmentB,B01,104.83,-63.08,150.8,10.9,109.7,-48.39,1.477,58.6,109,0.4333,1,1
NEU-507920,Control,B01,79.95,-69.55,444.1,14.54,115.3,-43.41,0.564,69.5,94,0.4426,1,0
NEU-501352,TreatmentB,B02,107.44,-67.22,174.4,4.55,51.6,-40.86,0.667,35.2,85,0.2416,0,1
NEU-500498,TreatmentA,B03,96.35,-67.46,255.2,9.68,160.8,-40.7,1.232,44.7,91,0.5803,0,1
NEU-509810,TreatmentA,B03,102.01,-67.49,96.1,11.4,157.2,-39.58,1.463,53.5,82,0.3428,1,0
NEU-502013,TreatmentA,B03,107.44,-56.74,83.0,7.17,50.9,-44.5,0.821,31.5,86,0.5254,1,0
NEU-502868,Control,B02,130.06,-63.26,153.2,5.83,161.8,-37.7,1.291,33.2,106,0.4649,1,1
NEU-507769,TreatmentA,B02,102.72,-62.01,289.6,9.3,171.8,-46.09,1.353,50.7,74,0.3819,0,1
NEU-505620,Control,B02,113.54,-67.4,116.5,15.35,119.4,-42.89,1.267,27.8,78,0.3005,0,0
NEU-502101,Control,B01,86.2,-52.45,284.7,16.54,123.2,-39.05,1.381,39.6,75,0.3277,1,0
NEU-500835,TreatmentA,B01,90.51,-63.85,161.3,15.88,117.0,-46.74,0.916,37.7,86,0.2308,0,0
NEU-507205,TreatmentB,B03,124.85,-69.13,284.9,11.73,139.0,-41.88,0.929,72.2,89,0.1991,1,1
NEU-504410,Control,B01,69.28,-61.01,165.7,15.8,150.7,-45.3,1.719,41.9,68,0.3361,1,0
NEU-507362,TreatmentB,B02,91.19,-64.25,154.3,12.24,132.2,-40.42,1.127,63.1,102,0.2685,1,1
NEU-502580,Control,B03,66.33,-63.69,159.4,13.71,131.8,-36.14,1.287,46.1,86,0.5179,0,1
NEU-504616,TreatmentA,B01,101.47,-68.7,246.4,12.86,88.4,-48.13,1.178,32.6,102,0.4542,0,0
NEU-507010,Control,B01,85.89,-70.7,159.8,9.52,166.2,-41.47,0.933,36.5,82,0.6029,0,0
NEU-509406,TreatmentB,B01,117.38,-65.6,161.8,24.13,43.9,-35.38,1.149,92.4,88,0.2415,1,0
NEU-507023,TreatmentB,B02,88.63,-69.84,407.4,10.03,97.6,-49.95,0.829,43.1,92,0.4237,0,1
NEU-508562,TreatmentA,B03,88.98,-66.68,155.5,8.08,85.4,-50.54,1.732,82.4,95,0.6547,1,0
NEU-507893,TreatmentA,B03,93.78,-72.66,140.4,13.19,134.7,-36.19,0.823,46.4,99,0.4278,0,0
NEU-504381,TreatmentB,B02,95.73,-60.31,142.2,21.23,71.9,-39.9,0.998,81.1,102,0.223,1,0
NEU-506002,TreatmentA,B02,105.42,-59.8,136.7,12.78,100.0,-38.88,1.52,67.8,90,0.4879,1,1
NEU-501560,TreatmentB,B03,102.26,-69.28,165.4,16.03,59.6,-41.81,1.113,87.1,89,0.5277,1,0
NEU-502163,TreatmentA,B01,101.31,-72.77,347.1,18.01,111.3,-37.54,1.049,50.8,87,0.6609,0,1
NEU-504829,TreatmentB,B01,96.03,-59.5,366.3,19.16,111.7,-41.43,1.062,47.8,83,0.3697,0,0
NEU-506194,TreatmentB,B02,88.3,-60.69,164.9,9.23,64.1,-39.07,0.988,64.1,93,0.4656,0,0
NEU-505532,Control,B03,97.81,-70.21,153.1,17.84,78.7,-49.28,1.546,34.6,89,0.489,1,0
NEU-509271,TreatmentA,B01,80.6,-69.37,82.1,9.93,115.9,-38.85,1.26,38.9,81,0.5653,1,1
NEU-501842,TreatmentA,B03,111.1,-62.59,193.4,17.87,104.2,-49.66,1.692,41.5,82,0.4807,1,1
NEU-505360,Control,B01,108.5,-64.58,123.1,34.01,148.1,-38.92,0.986,43.6,92,0.6631,1,1
NEU-504497,Control,B03,101.7,-76.61,312.0,37.07,72.0,-47.57,0.909,36.7,83,0.5402,0,0
NEU-503641,TreatmentA,B03,77.67,-61.74,196.6,18.86,128.0,-44.51,1.394,38.2,91,0.7248,0,1
NEU-506050,TreatmentB,B03,88.48,-62.57,208.0,7.21,59.6,-41.82,0.816,70.4,80,0.4495,0,0
NEU-502176,TreatmentB,B01,95.52,-65.84,145.9,11.39,135.1,-36.59,1.345,61.9,91,0.2757,1,1
NEU-503140,Control,B01,103.41,-59.15,164.3,24.99,167.9,-42.2,0.959,37.7,73,0.3128,0,0
NEU-502082,TreatmentB,B03,115.03,-75.9,185.9,19.06,151.7,-37.21,0.668,68.2,99,0.4317,1,0
NEU-503595,Control,B02,108.39,-63.9,189.4,12.11,138.5,-38.04,1.653,23.8,97,0.1855,0,1
NEU-501727,TreatmentB,B01,106.63,-63.22,175.0,22.37,38.8,-47.18,1.005,67.4,97,0.1654,1,0
NEU-508786,TreatmentB,B02,109.61,-62.29,213.1,8.24,32.5,-50.32,1.169,68.7,102,0.3186,1,1
NEU-502116,Control,B03,79.65,-67.66,246.3,10.79,161.7,-40.06,0.865,40.7,99,0.5286,0,0
NEU-504591,TreatmentA,B03,96.19,-68.75,58.7,9.42,146.1,-39.37,1.163,52.3,70,0.3684,1,1
NEU-509209,TreatmentA,B03,101.79,-67.72,366.7,25.64,139.6,-46.77,1.565,73.3,91,0.4906,1,1
NEU-506843,TreatmentB,B02,96.96,-69.65,365.7,13.23,92.0,-39.4,1.217,74.9,83,0.7117,1,1
NEU-501971,Control,B03,110.2,-67.24,74.6,16.31,146.4,-39.64,2.157,24.3,77,0.4211,1,1
NEU-505355,TreatmentB,B01,91.1,-58.88,277.6,14.11,59.9,-28.99,0.83,36.3,90,0.4593,0,0
NEU-503882,TreatmentB,B03,129.1,-67.04,219.8,24.54,75.7,-36.41,1.201,77.9,87,0.594,1,1
NEU-507961,TreatmentA,B02,113.91,-63.59,154.0,20.19,36.5,-41.1,1.246,48.2,87,0.4021,1,1
NEU-505262,Control,B03,106.04,-60.75,111.1,12.55,117.6,-44.94,1.204,30.4,81,0.5918,0,0
NEU-508652,TreatmentB,B03,107.34,-59.75,347.4,12.72,122.5,-35.19,0.853,59.9,83,0.6065,0,0
NEU-502378,TreatmentA,B03,121.07,-55.24,142.2,12.72,139.0,-39.32,1.504,45.2,97,0.5077,0,0
NEU-502753,TreatmentB,B01,121.45,-66.81,276.3,11.07,69.7,-46.92,0.758,80.4,89,0.5589,1,1
NEU-501105,Control,B02,107.48,-61.79,215.8,13.51,149.2,-44.5,1.262,56.5,65,0.2766,0,1
NEU-500185,TreatmentA,B01,116.37,-66.64,242.9,21.02,83.0,-43.4,0.764,68.1,86,0.366,1,1
NEU-506717,Control,B01,78.64,-63.43,147.3,15.86,158.2,-43.63,1.365,41.8,97,0.1862,0,0
NEU-509702,TreatmentA,B02,96.08,-54.86,143.8,14.7,141.1,-41.5,1.28,62.7,102,0.596,1,0
NEU-507545,TreatmentB,B03,86.07,-68.49,207.2,14.67,114.2,-45.23,0.991,40.1,77,0.3709,0,0
NEU-501404,Control,B01,96.76,-64.8,218.0,18.96,207.7,-35.45,0.519,42.6,95,0.3988,0,1
NEU-509742,Control,B02,103.06,-67.94,188.6,17.53,165.1,-45.0,0.913,34.5,65,0.4223,0,1
NEU-501682,Control,B02,101.4,-66.18,182.4,13.37,87.6,-42.59,0.703,32.0,99,0.4648,0,1
NEU-509061,TreatmentA,B03,98.54,-62.16,263.3,15.18,94.1,-43.52,0.935,45.5,102,0.2937,0,0
NEU-507386,Control,B03,104.66,-63.54,137.7,13.09,125.5,-40.97,1.384,41.8,76,0.2248,1,1
NEU-504904,Control,B03,108.86,-68.98,370.8,17.0,83.9,-46.05,1.112,40.4,103,0.3501,1,0
NEU-508690,TreatmentB,B01,98.85,-57.95,162.8,9.16,-7.9,-42.59,1.31,42.9,55,0.2674,0,1
NEU-504323,Control,B02,109.74,-71.6,260.9,13.29,97.1,-37.98,1.424,27.5,105,0.3744,0,0
NEU-507480,Control,B02,107.84,-59.54,165.0,9.89,100.5,-46.01,1.252,49.4,88,0.3152,1,1
NEU-500509,Control,B03,108.89,-65.14,222.7,12.98,64.4,-42.3,0.866,34.1,105,0.4293,0,1
NEU-500090,TreatmentB,B03,95.44,-71.14,89.6,13.39,112.9,-40.27,0.992,61.7,102,0.4622,1,1
NEU-509575,TreatmentB,B01,102.5,-71.31,83.3,10.04,47.9,-42.75,1.722,48.7,80,0.2914,1,1
NEU-503124,Control,B03,120.63,-76.73,377.1,10.13,96.2,-46.74,1.25,53.8,87,0.6257,0,0
NEU-500551,TreatmentB,B01,100.54,-68.63,122.5,6.65,73.0,-46.21,1.382,46.6,87,0.2599,0,1
NEU-500408,TreatmentB,B01,121.53,-56.65,225.2,13.99,37.8,-43.8,0.92,71.9,95,0.3911,1,0
NEU-504696,TreatmentA,B01,101.4,-62.52,127.4,14.12,61.6,-38.09,0.831,61.0,76,0.5273,0,1
NEU-503131,Control,B01,104.9,-66.38,139.7,13.39,159.7,-47.77,0.816,37.9,81,0.28,0,1
NEU-503169,TreatmentA,B01,67.0,-60.18,140.9,23.49,49.1,-36.21,1.305,50.7,72,0.179,1,0
NEU-503619,Control,B01,104.68,-66.82,280.1,16.19,141.5,-42.79,0.661,40.2,98,0.2691,0,1
NEU-505239,TreatmentB,B03,90.03,-63.13,220.6,10.48,60.8,-51.18,1.04,54.8,81,0.2224,1,1
NEU-502569,Control,B02,94.78,-70.02,196.3,10.47,135.9,-35.27,1.21,49.6,75,0.3265,0,1
NEU-506545,Control,B01,94.84,-65.03,148.8,12.59,162.3,-38.4,0.949,42.4,95,0.522,0,1
NEU-506945,TreatmentB,B03,100.29,-62.47,501.1,5.96,56.4,-41.67,1.131,68.4,81,0.2511,0,1
NEU-505688,Control,B01,85.06,-66.78,244.0,11.91,165.4,-45.49,1.515,33.5,78,0.5149,0,1
NEU-501666,TreatmentA,B02,114.36,-68.02,354.4,12.6,136.3,-43.5,1.138,28.6,70,0.449,0,1
NEU-508079,Control,B01,129.44,-57.8,130.6,10.11,114.5,-37.79,0.52,29.3,80,0.5024,0,0
NEU-501850,TreatmentB,B02,95.78,-63.01,272.1,17.49,84.3,-46.78,1.542,76.5,83,0.1631,0,0
NEU-502362,TreatmentB,B02,100.89,-57.64,137.2,12.12,-6.7,-42.93,1.52,53.2,60,0.1971,0,0
NEU-507101,TreatmentB,B03,101.56,-59.8,59.6,11.98,102.2,-40.59,1.768,69.8,89,0.2518,1,1
NEU-502248,TreatmentA,B03,111.2,-61.1,89.8,6.88,56.0,-43.02,1.207,29.0,90,0.6416,1,0
NEU-509280,TreatmentA,B02,100.27,-55.79,108.5,10.78,161.8,-45.0,0.423,63.0,96,0.7751,1,0
NEU-502942,TreatmentB,B03,88.95,-66.98,131.1,14.18,28.1,-34.71,0.781,71.8,88,0.4061,1,0
NEU-504514,Control,B02,69.76,-71.39,150.8,7.37,173.3,-45.2,1.037,48.1,80,0.4125,1,0
NEU-507485,Control,B01,71.99,-58.84,94.3,7.49,160.6,-38.48,0.545,38.0,60,0.4118,0,0
NEU-502037,TreatmentB,B03,117.61,-69.48,168.9,20.36,18.4,-42.84,1.504,95.8,82,0.1076,1,0
NEU-507912,TreatmentA,B01,79.54,-60.56,293.8,7.07,81.4,-38.81,1.279,66.5,75,0.2504,1,1
NEU-507064,Control,B03,111.02,-67.8,157.9,14.1,64.2,-47.45,0.785,47.9,86,0.19,0,0
NEU-500327,TreatmentB,B02,100.6,-64.96,337.2,19.49,70.6,-46.98,0.844,56.4,101,0.3761,1,1
NEU-503358,TreatmentA,B02,86.76,-61.61,449.8,11.27,122.7,-39.76,1.838,52.4,80,0.2841,1,0
NEU-500959,Control,B02,81.46,-60.81,116.3,11.23,147.8,-44.47,1.298,22.0,92,0.4962,0,0
NEU-507666,Control,B02,123.33,-65.25,194.8,15.77,68.6,-39.6,1.215,40.3,99,0.3027,1,1
NEU-509166,TreatmentB,B01,79.85,-64.76,98.0,28.16,62.9,-49.44,0.816,67.2,92,0.1828,1,0
NEU-507150,TreatmentA,B01,110.21,-59.35,193.3,9.93,115.8,-39.45,0.774,45.4,85,0.1164,1,1
NEU-501522,TreatmentB,B01,86.54,-65.55,343.0,8.67,69.3,-49.98,1.294,75.0,86,0.4853,1,0
NEU-508909,TreatmentB,B03,108.17,-70.25,131.8,17.87,46.9,-37.7,0.733,66.5,87,0.3657,0,0
NEU-509146,Control,B03,112.48,-63.62,431.7,37.68,84.6,-41.25,0.884,55.3,93,0.3932,0,1
NEU-500706,TreatmentA,B01,90.34,-67.94,287.7,18.89,155.0,-47.61,0.79,66.0,99,0.3227,0,0
NEU-504352,TreatmentB,B02,85.42,-65.88,179.1,16.61,15.6,-42.19,1.069,61.7,92,0.4588,0,1
NEU-502563,Control,B03,118.12,-58.35,279.9,12.28,97.3,-38.51,0.621,3.3,84,0.3173,0,1
NEU-501706,TreatmentA,B01,109.28,-58.2,160.8,15.88,99.6,-42.93,0.952,53.3,78,0.1761,1,0
NEU-504235,TreatmentB,B02,113.34,-64.5,157.1,20.02,91.9,-36.51,1.005,51.7,82,0.2994,1,0
NEU-507629,Control,B03,138.81,-67.77,205.9,15.06,132.1,-48.06,0.792,46.3,59,0.1826,0,1
NEU-501754,TreatmentB,B02,114.73,-69.75,126.8,12.69,107.5,-40.21,0.695,77.1,73,0.275,1,1
NEU-509001,TreatmentA,B03,101.11,-64.7,174.8,12.83,69.8,-45.86,0.891,68.3,90,0.6767,1,1
NEU-500689,TreatmentA,B02,123.83,-66.22,83.1,12.44,112.4,-42.43,1.091,46.7,87,0.5285,1,1
NEU-505020,TreatmentB,B02,115.84,-64.45,152.1,12.48,105.4,-48.27,1.722,60.1,82,0.3131,1,0
NEU-507765,TreatmentB,B03,109.6,-60.27,90.0,10.87,63.6,-44.55,1.212,66.5,76,0.674,1,0
NEU-506619,TreatmentA,B02,100.79,-65.37,147.4,5.79,105.1,-48.88,1.06,71.9,70,0.4066,1,0
NEU-501154,Control,B01,106.94,-70.22,99.9,11.39,41.1,-42.25,1.43,54.2,84,0.1629,1,1
NEU-508668,TreatmentB,B02,81.68,-69.55,192.3,26.24,38.5,-39.02,0.909,79.2,65,0.2512,1,0
NEU-508306,TreatmentB,B03,96.07,-71.64,214.3,32.63,6.4,-48.84,1.239,49.7,94,0.3254,0,0
NEU-504181,TreatmentB,B03,88.23,-70.11,248.0,12.97,75.5,-34.02,1.631,75.9,104,0.3766,1,1
NEU-504972,TreatmentB,B03,111.13,-70.74,153.9,11.45,90.2,-42.52,0.969,55.2,100,0.7728,1,0
NEU-501396,TreatmentA,B03,99.52,-67.55,209.5,10.0,79.8,-41.49,0.602,30.3,95,0.3451,0,1
NEU-508061,Control,B01,115.63,-58.68,160.1,15.78,85.0,-43.68,0.753,65.0,77,0.4672,0,0
NEU-502641,TreatmentA,B02,85.55,-65.52,153.4,13.56,68.3,-36.41,0.812,50.7,94,0.3674,1,1
NEU-502004,Control,B03,81.41,-68.13,143.7,11.66,55.0,-42.38,1.425,53.9,73,0.2625,1,1
NEU-509339,Control,B03,122.59,-58.97,161.1,14.29,109.8,-43.31,1.003,47.0,103,0.2974,0,1
NEU-500848,Control,B01,91.18,-70.53,328.9,13.65,128.4,-40.96,1.138,53.7,81,0.4406,0,0
NEU-504494,Control,B01,90.72,-73.72,201.4,15.04,127.6,-35.96,1.177,47.4,103,0.437,0,0
NEU-508304,TreatmentA,B01,82.05,-65.12,116.7,17.88,71.5,-45.27,0.993,47.5,57,0.7008,0,1
NEU-501314,Control,B01,103.89,-64.34,124.6,25.21,127.1,-36.97,0.963,40.7,94,0.3974,1,1
NEU-507594,TreatmentB,B01,95.59,-59.46,178.9,32.41,138.5,-34.46,1.422,26.0,108,0.338,0,0
NEU-502904,Control,B01,106.67,-63.92,147.8,13.03,196.7,-47.98,1.357,46.6,104,0.4947,1,1
NEU-505945,TreatmentB,B01,99.43,-66.76,161.9,12.58,1.2,-43.77,0.756,70.5,78,0.2931,1,1
NEU-504643,TreatmentA,B01,126.17,-59.76,198.4,8.84,38.1,-39.05,0.893,61.5,76,0.5446,0,0
NEU-502381,Control,B02,84.26,-62.64,104.5,13.34,143.7,-44.91,0.975,37.4,79,0.5133,0,1
NEU-503042,TreatmentB,B02,78.77,-62.29,120.7,8.33,84.3,-44.4,1.062,53.5,74,0.2498,1,1
NEU-500190,TreatmentB,B02,111.47,-66.95,125.5,7.6,-18.9,-44.48,0.859,61.5,90,0.2302,0,1
NEU-508515,TreatmentB,B01,95.53,-62.2,144.9,10.16,69.7,-41.0,1.195,35.8,90,0.3811,1,0
NEU-509421,TreatmentA,B03,126.54,-58.09,151.9,32.86,146.2,-50.46,0.777,57.4,99,0.3043,1,0
NEU-500741,TreatmentB,B01,94.39,-71.76,162.9,16.53,55.8,-37.27,0.908,53.2,83,0.5042,0,0
NEU-502088,TreatmentB,B03,61.96,-69.86,131.3,11.86,104.7,-43.95,0.955,32.2,81,0.449,0,1
NEU-507802,TreatmentA,B03,111.38,-62.12,153.2,13.73,112.7,-37.26,0.397,58.1,74,0.2179,1,1
NEU-508312,Control,B02,86.56,-66.39,242.5,7.02,104.8,-45.78,1.165,37.2,80,0.4101,0,1
NEU-500397,TreatmentB,B01,82.51,-70.83,252.7,15.32,79.9,-39.54,1.358,75.5,97,0.5261,1,1
NEU-507896,TreatmentB,B03,132.48,-66.84,235.8,16.08,37.9,-38.24,1.102,66.8,90,0.1797,1,0
NEU-500065,Control,B02,74.4,-61.13,222.4,23.38,135.1,-38.54,2.36,56.1,85,0.5106,1,1
NEU-506027,TreatmentB,B02,85.26,-58.17,120.8,21.07,77.7,-38.08,0.662,71.4,91,0.4705,1,1
NEU-501812,TreatmentA,B01,94.43,-67.74,484.2,5.49,121.9,-42.27,0.7,57.9,75,0.4607,0,0
NEU-501182,TreatmentB,B02,88.78,-62.01,186.2,9.28,77.4,-38.3,1.338,82.4,75,0.6428,1,0
NEU-507804,TreatmentA,B02,98.3,-70.85,152.7,7.58,80.0,-41.64,1.352,53.1,89,0.4224,0,0
NEU-500334,TreatmentB,B01,90.99,-60.77,268.5,9.05,35.0,-46.02,0.521,55.1,86,0.3565,0,1
NEU-502616,Control,B01,110.81,-62.88,350.5,14.01,148.4,-41.22,1.206,19.4,74,0.7027,0,1
NEU-507600,TreatmentA,B02,123.34,-67.58,231.4,23.87,90.5,-40.25,0.906,77.2,68,0.5109,1,1
NEU-507159,TreatmentA,B03,88.31,-66.72,212.8,12.27,55.2,-37.99,0.733,52.7,85,0.595,0,1
NEU-508501,Control,B01,100.44,-71.62,428.0,23.3,150.9,-37.1,1.496,56.3,84,0.4937,0,1
NEU-509240,TreatmentB,B02,80.81,-60.7,123.7,22.84,117.2,-42.5,0.645,49.6,81,0.5325,1,1
NEU-506621,Control,B01,98.44,-68.28,106.2,18.75,89.9,-36.32,1.083,37.8,85,0.4622,0,1
NEU-500606,TreatmentB,B01,98.19,-64.47,95.0,12.13,0.4,-35.62,0.96,70.6,57,0.318,1,1
NEU-506702,TreatmentA,B03,81.46,-58.93,216.1,7.57,69.5,-31.85,0.689,53.6,86,0.3477,0,1
NEU-504229,Control,B02,104.28,-70.22,205.8,16.11,153.1,-47.53,1.346,24.7,90,0.368,0,0
NEU-500714,TreatmentB,B03,115.09,-64.37,202.8,19.59,111.7,-43.05,1.25,85.9,90,0.5056,0,0
NEU-501217,TreatmentA,B01,85.91,-63.17,131.1,11.68,73.3,-40.61,1.014,55.1,94,0.2813,1,1
NEU-506728,TreatmentB,B03,75.6,-53.9,98.7,25.09,100.7,-35.47,1.124,44.5,95,0.1921,1,0
NEU-501494,Control,B01,96.56,-53.24,192.3,6.84,71.9,-37.19,1.114,29.4,92,0.27,0,0
NEU-509584,TreatmentA,B02,99.61,-62.19,302.1,12.68,76.0,-41.36,0.966,35.7,80,0.2176,0,1
NEU-508379,TreatmentA,B03,77.56,-65.11,111.0,10.65,68.8,-39.34,1.847,66.6,86,0.4804,1,1
NEU-500855,TreatmentB,B01,88.77,-60.52,276.2,8.9,50.2,-38.4,0.866,63.6,94,0.2607,1,0
NEU-505980,TreatmentB,B02,85.05,-61.65,195.0,17.06,54.7,-49.41,1.181,51.7,89,0.3419,1,1
NEU-500223,TreatmentA,B02,91.3,-66.81,215.1,13.6,148.3,-44.2,1.0,51.4,88,0.3025,0,1
NEU-501675,Control,B02,86.62,-62.64,98.3,17.55,92.7,-36.76,1.115,58.3,70,0.3392,0,1
NEU-505996,TreatmentB,B02,113.22,-65.35,749.2,12.58,53.4,-43.11,0.868,54.8,83,0.5577,0,0
NEU-503422,TreatmentA,B02,91.89,-66.08,125.2,14.76,32.3,-41.19,1.29,46.9,80,0.3889,1,1
NEU-502150,Control,B01,120.15,-61.18,85.6,20.35,165.3,-38.18,1.034,21.9,83,0.284,1,0
NEU-503694,TreatmentA,B02,99.45,-56.86,104.2,12.27,100.0,-38.42,0.876,30.3,96,0.3423,1,0
NEU-504993,Control,B01,98.54,-73.27,166.4,10.93,94.2,-43.25,0.873,50.5,80,0.3243,1,0
NEU-509996,Control,B01,108.43,-52.63,203.9,31.04,80.7,-45.2,1.112,51.2,78,0.3972,0,0
NEU-509352,TreatmentB,B01,103.19,-67.61,107.2,8.01,115.9,-49.31,0.839,77.0,91,0.3521,1,1
NEU-502600,TreatmentA,B01,138.87,-61.93,219.6,14.45,109.7,-45.38,1.261,83.6,81,0.3256,1,1
NEU-503475,TreatmentB,B03,113.02,-66.36,108.3,13.43,56.0,-46.88,1.015,54.8,90,0.0466,1,1
NEU-503606,TreatmentA,B02,92.39,-65.69,123.1,13.51,100.8,-39.66,0.787,65.3,78,0.2905,1,0
NEU-507774,Control,B02,115.03,-60.09,141.3,20.76,153.7,-45.13,1.25,30.5,84,0.5854,0,1
NEU-508144,Control,B03,124.46,-66.16,259.8,17.35,26.1,-40.08,1.085,53.3,76,0.2922,1,1
NEU-507368,TreatmentB,B01,95.06,-62.81,179.4,15.28,65.4,-42.13,1.523,42.9,73,0.2866,0,1
NEU-506941,TreatmentA,B02,88.21,-72.58,146.2,15.94,94.4,-39.83,1.405,55.9,83,0.4488,1,0
NEU-509898,Control,B01,102.39,-57.89,129.3,21.28,154.2,-41.92,0.933,71.4,88,0.2028,0,0
NEU-507050,Control,B02,83.27,-56.09,186.8,10.01,68.8,-39.99,1.248,48.1,87,0.188,0,0
NEU-503302,Control,B02,130.3,-74.99,162.6,14.7,99.9,-45.93,0.816,22.1,81,0.3964,0,0
NEU-502159,Control,B02,79.73,-69.43,140.7,15.06,172.4,-38.15,0.598,45.0,91,0.3211,0,0
NEU-506913,TreatmentB,B03,92.83,-56.54,136.3,15.3,70.4,-47.89,0.807,52.8,69,0.4388,1,0
NEU-505492,TreatmentB,B01,83.82,-66.35,227.2,14.54,72.4,-42.19,1.27,80.2,87,0.4774,0,0
NEU-506349,TreatmentB,B03,113.17,-59.28,163.1,11.12,86.3,-47.13,0.654,37.7,102,0.8144,0,0
NEU-501140,TreatmentB,B01,119.77,-65.74,205.2,16.09,82.0,-43.44,1.292,82.0,89,0.2869,1,1
NEU-504722,TreatmentA,B03,90.0,-60.54,93.3,22.2,1.3,-46.98,1.015,37.0,70,0.5818,1,1
NEU-502604,TreatmentA,B02,96.11,-62.42,258.5,20.78,105.2,-44.69,1.102,51.6,88,0.2718,1,0
NEU-503240,TreatmentB,B03,72.07,-61.12,124.4,20.13,107.3,-42.06,1.142,68.8,75,0.3415,1,1
NEU-504537,TreatmentB,B01,80.02,-65.41,112.9,10.55,104.0,-39.54,0.899,55.7,78,0.5515,1,1
NEU-502202,Control,B01,89.35,-68.31,179.6,15.11,79.7,-42.83,0.796,19.0,90,0.4258,0,0
NEU-502275,TreatmentB,B02,85.45,-61.53,213.3,9.58,68.5,-43.61,1.354,63.1,83,0.6797,1,0
NEU-507392,Control,B02,99.84,-62.38,54.2,16.51,115.1,-38.0,0.908,51.3,72,0.2068,1,1
NEU-507356,TreatmentB,B01,113.21,-64.7,128.5,19.74,113.0,-44.1,1.139,59.7,84,0.1747,1,0
NEU-505861,TreatmentB,B01,87.38,-63.3,242.9,8.83,73.6,-43.5,1.153,58.0,92,0.4142,0,1
NEU-500809,TreatmentB,B02,100.0,-65.7,187.8,7.05,29.6,-44.78,1.662,76.2,97,0.5074,1,0
NEU-504519,TreatmentA,B02,100.03,-72.01,325.3,14.65,121.7,-41.56,1.074,29.7,79,0.176,0,0
NEU-509334,Control,B01,85.88,-56.98,165.8,8.4,166.9,-29.55,1.198,60.1,85,0.3933,1,0
NEU-504907,TreatmentA,B01,124.06,-65.47,132.6,30.8,115.7,-41.63,1.715,44.3,101,0.5413,0,1
NEU-506646,Control,B01,69.9,-67.97,320.1,9.61,154.0,-39.71,0.95,27.0,88,0.1815,0,1
NEU-507200,TreatmentA,B03,120.86,-56.87,136.2,9.14,62.5,-49.85,0.97,47.5,91,0.2469,0,1
NEU-500704,Control,B03,82.97,-61.15,63.1,42.3,132.4,-42.03,1.485,54.5,86,0.4271,1,1
NEU-505180,TreatmentA,B02,124.19,-62.92,118.8,17.57,136.0,-41.18,0.945,56.5,83,0.5026,1,1
NEU-509723,Control,B02,80.87,-73.51,169.3,15.08,119.5,-48.05,0.792,46.2,79,0.2581,0,0
NEU-503300,TreatmentB,B02,103.06,-63.67,170.4,13.53,33.0,-40.37,1.481,87.0,88,0.4449,1,1
NEU-509219,Control,B02,88.48,-53.82,99.5,7.68,97.2,-41.41,0.857,32.2,82,0.6515,0,0
NEU-505293,TreatmentB,B03,82.18,-69.03,191.5,11.43,40.9,-39.25,1.001,58.6,89,0.2776,1,1
NEU-506456,TreatmentA,B02,133.84,-70.62,165.3,24.49,83.5,-49.32,1.642,33.1,89,0.757,0,1
NEU-507815,Control,B03,127.11,-76.31,192.9,9.65,194.0,-41.5,1.514,22.4,84,0.2248,0,1
NEU-502850,Control,B01,106.65,-65.92,138.3,20.69,171.4,-43.3,1.106,24.3,88,0.4848,0,1
NEU-503613,TreatmentB,B03,80.01,-65.25,358.1,13.83,108.7,-43.32,0.711,49.3,79,0.3309,0,1
NEU-509694,TreatmentA,B01,118.38,-65.79,269.7,19.05,73.9,-38.74,1.297,35.4,83,0.3287,0,1
NEU-502065,TreatmentA,B01,127.92,-69.09,259.9,9.24,60.4,-48.19,1.488,54.8,81,0.0501,0,1
NEU-502661,TreatmentB,B01,102.9,-59.28,255.8,14.69,84.3,-41.7,1.722,54.2,103,0.4916,1,0
NEU-501063,TreatmentA,B02,95.63,-53.67,214.7,7.1,41.9,-45.81,1.279,41.8,84,0.3301,1,1
NEU-500947,TreatmentB,B02,90.92,-75.53,155.6,19.02,77.8,-34.9,1.328,59.3,112,0.3138,0,0
NEU-501270,Control,B01,124.75,-66.27,287.5,12.58,114.5,-46.04,1.291,79.2,71,0.2413,1,1
NEU-506102,Control,B02,116.49,-64.71,115.9,14.79,62.3,-45.8,1.108,63.7,95,0.5377,1,0
NEU-501935,TreatmentA,B02,106.69,-55.77,364.8,13.92,104.2,-41.29,0.789,74.4,107,0.1781,0,0
NEU-503141,TreatmentB,B02,129.11,-65.18,430.7,11.03,111.5,-40.2,1.144,51.3,84,0.2954,0,0
NEU-502639,TreatmentA,B02,87.81,-72.25,292.2,30.74,107.7,-51.33,0.884,63.2,103,0.1471,1,0
NEU-500948,TreatmentB,B01,94.83,-73.95,112.0,13.1,19.3,-44.54,1.147,84.7,95,0.37,1,0
NEU-507880,TreatmentB,B03,97.84,-64.68,220.1,10.7,109.9,-43.25,1.299,70.1,98,0.3499,1,0
NEU-506620,TreatmentB,B02,106.79,-58.57,68.0,16.8,80.6,-42.23,0.983,81.9,91,0.3879,0,0
NEU-509363,TreatmentB,B02,94.86,-66.44,216.1,27.28,137.3,-46.39,1.132,79.1,88,0.3247,1,0
NEU-500215,TreatmentB,B03,116.24,-61.11,110.5,10.59,114.9,-37.96,1.328,52.9,73,0.7496,1,0
NEU-502705,TreatmentA,B02,113.71,-63.68,179.0,11.32,52.7,-48.23,0.833,70.6,78,0.5545,1,1
NEU-507129,Control,B03,84.12,-55.01,133.8,19.25,105.8,-40.3,1.05,38.7,73,0.4138,0,0
NEU-503463,Control,B02,89.48,-59.35,98.6,8.37,128.2,-35.39,0.601,60.5,110,0.3227,0,1
NEU-506693,TreatmentA,B02,90.73,-73.58,201.6,15.48,97.9,-43.38,0.741,66.7,83,0.5457,1,0
NEU-506574,TreatmentB,B02,81.54,-66.47,149.1,10.66,102.0,-39.23,1.044,80.7,82,0.535,1,1
NEU-501002,TreatmentB,B02,96.82,-56.14,240.9,17.68,48.0,-36.56,2.027,74.6,73,0.1561,1,0
NEU-502808,TreatmentA,B03,96.11,-65.92,244.1,3.74,114.6,-42.04,1.179,35.1,86,0.5435,0,0
NEU-506230,TreatmentB,B01,95.68,-65.68,199.1,12.0,79.4,-35.93,1.459,83.0,80,0.5615,1,1
NEU-506757,TreatmentB,B02,98.7,-69.14,187.9,19.44,77.8,-50.35,1.219,52.3,91,0.4918,1,1
NEU-501122,TreatmentB,B03,83.13,-66.79,237.9,9.86,29.9,-36.79,0.937,63.4,93,0.4467,0,1
NEU-503664,Control,B02,108.95,-69.32,141.0,8.76,115.2,-36.89,0.625,53.2,94,0.4445,1,0
NEU-501609,TreatmentB,B02,83.0,-61.82,105.8,10.3,94.5,-36.52,1.918,59.2,86,0.6789,1,0
NEU-509985,Control,B02,94.91,-58.3,204.6,10.01,149.0,-38.88,2.18,28.7,82,0.3133,1,1
NEU-502322,TreatmentB,B03,93.23,-68.33,73.9,34.96,152.3,-39.95,0.824,54.2,85,0.3545,1,0
NEU-507682,TreatmentB,B03,91.56,-71.11,369.8,13.31,54.2,-43.92,0.712,51.5,83,0.4238,0,0
NEU-505432,TreatmentA,B02,103.38,-70.56,199.9,10.77,120.8,-42.74,1.292,57.5,96,0.2831,0,0
NEU-505985,TreatmentB,B03,108.53,-62.65,77.1,30.11,97.6,-43.14,1.323,70.0,89,0.3967,1,0
NEU-508584,TreatmentB,B02,101.63,-66.55,166.2,13.69,127.0,-40.73,0.969,93.6,93,0.7376,1,0
NEU-508571,TreatmentA,B03,106.46,-63.27,163.1,10.97,126.3,-40.23,1.463,50.2,74,0.5127,1,1
NEU-500146,TreatmentA,B02,124.45,-69.57,224.1,17.56,99.5,-32.1,1.142,37.8,79,0.6227,0,1
NEU-502990,TreatmentA,B02,111.96,-55.07,163.3,7.22,116.4,-38.97,0.929,86.2,79,0.4109,1,0
NEU-504046,Control,B03,92.66,-64.09,230.1,20.66,133.7,-41.89,0.831,31.3,85,0.3796,0,1
NEU-505629,Control,B02,99.52,-58.09,121.6,8.23,170.5,-40.67,0.792,27.8,78,0.3122,0,1
NEU-500231,Control,B02,101.67,-59.45,575.4,10.01,137.1,-45.07,1.338,34.8,89,0.3609,0,1
NEU-501631,Control,B01,97.12,-60.57,93.1,15.13,103.4,-38.63,1.286,41.7,85,0.4543,1,0
NEU-505915,TreatmentB,B03,136.86,-71.55,88.2,12.3,127.1,-40.89,0.815,67.9,97,0.3224,1,1
NEU-506816,TreatmentA,B03,116.85,-67.69,141.4,16.19,99.6,-45.04,1.441,26.9,94,0.4118,0,1
NEU-504244,TreatmentB,B02,103.25,-64.17,164.0,8.03,48.7,-41.83,1.723,89.1,90,0.3944,1,1
NEU-507717,TreatmentB,B01,74.94,-68.65,105.0,15.77,22.4,-43.47,1.768,58.7,80,0.3656,1,1
NEU-500779,TreatmentB,B03,100.75,-69.54,98.5,9.6,65.6,-41.53,0.872,65.0,93,0.6815,1,0
NEU-503681,TreatmentA,B01,106.01,-58.75,212.3,4.88,145.7,-43.96,1.037,47.5,81,0.4364,0,0
NEU-501287,TreatmentB,B01,90.48,-62.58,248.0,14.24,138.6,-37.8,1.045,76.4,93,0.5197,0,1
NEU-506919,TreatmentB,B03,79.78,-71.72,407.5,7.38,42.4,-45.99,0.971,31.4,74,0.2932,0,1
NEU-502260,TreatmentB,B02,107.59,-68.12,259.9,8.19,76.7,-36.77,0.919,62.7,88,0.3126,0,1
NEU-502093,TreatmentA,B01,79.16,-54.26,145.8,34.12,139.5,-48.3,0.852,67.9,82,0.3001,1,0
NEU-506738,Control,B02,96.95,-62.45,149.8,41.0,151.9,-42.87,1.755,19.4,96,0.3118,1,0
NEU-501722,TreatmentA,B02,124.81,-64.06,140.6,13.4,30.4,-44.94,1.01,43.1,84,0.5147,0,1
NEU-504476,Control,B02,126.1,-60.86,374.2,11.52,149.7,-44.05,0.846,59.7,78,0.0817,0,1
NEU-500582,TreatmentB,B03,109.11,-54.4,330.7,7.25,66.0,-42.12,1.198,61.5,96,0.535,1,0
NEU-503435,TreatmentA,B03,81.46,-63.22,229.5,9.06,162.0,-40.0,1.42,50.7,83,0.5912,0,0
NEU-504015,TreatmentA,B02,110.5,-63.41,71.8,7.82,137.7,-38.04,0.807,71.2,92,0.6382,1,0
NEU-507795,TreatmentA,B03,105.04,-74.96,81.0,11.16,53.0,-42.25,0.849,44.9,100,0.4993,1,0
NEU-501017,TreatmentA,B01,91.96,-58.41,219.1,6.47,31.0,-36.68,1.047,54.3,90,0.3004,1,1
NEU-505872,TreatmentB,B01,105.93,-68.37,179.3,8.68,76.4,-38.73,1.868,37.5,78,0.3493,1,1
NEU-505720,TreatmentA,B03,102.75,-67.13,166.4,6.02,153.2,-49.36,0.834,50.2,94,0.2599,0,1
NEU-502703,TreatmentB,B03,117.62,-71.65,155.2,10.08,93.6,-40.94,1.474,33.5,82,0.3381,0,1
NEU-506858,TreatmentA,B02,90.47,-60.28,231.2,21.73,178.1,-41.12,1.355,56.4,96,0.2915,0,0
NEU-500642,TreatmentA,B03,101.02,-59.27,82.1,20.26,100.5,-38.25,1.037,38.1,97,0.1656,1,0
NEU-503785,Control,B03,105.94,-65.66,275.0,10.91,111.4,-44.45,1.205,38.2,94,0.3271,0,1
NEU-500294,TreatmentB,B01,86.36,-53.56,70.7,6.55,51.6,-48.72,1.048,65.6,100,0.5048,0,0
NEU-508711,TreatmentB,B02,101.09,-67.99,184.3,19.02,129.5,-42.82,1.215,70.0,72,0.5357,1,1
NEU-500641,TreatmentA,B01,131.5,-56.32,101.1,9.67,106.3,-41.5,0.91,44.4,80,0.7638,1,0
NEU-504037,Control,B02,116.11,-61.05,196.7,24.89,148.7,-54.5,1.007,48.8,98,0.1748,1,0
NEU-503273,Control,B01,118.99,-71.42,233.0,10.25,124.9,-50.83,1.042,31.7,97,0.2898,1,0
NEU-501462,TreatmentB,B03,101.89,-63.0,251.5,15.82,-19.5,-41.89,0.709,54.2,99,0.5833,0,1
NEU-508303,Control,B01,105.27,-71.01,125.0,25.93,117.6,-41.09,0.811,41.3,92,0.5422,0,1
NEU-509567,Control,B03,104.01,-73.55,148.8,28.25,183.5,-40.48,0.835,49.8,86,0.4712,1,0
NEU-506801,Control,B03,114.78,-66.51,162.7,24.35,141.8,-46.51,1.21,53.4,75,0.3956,1,1
NEU-508169,Control,B01,109.28,-73.03,287.7,7.02,157.5,-45.41,0.797,43.4,78,0.2453,0,1
NEU-500943,TreatmentB,B02,84.36,-61.52,153.4,22.83,80.4,-41.64,0.845,55.2,78,0.0929,0,0
NEU-505800,Control,B02,95.58,-59.35,90.2,10.64,126.9,-48.64,0.824,54.2,102,0.5295,0,0
NEU-502642,TreatmentB,B02,116.01,-66.66,105.6,7.18,142.3,-39.53,0.812,61.8,89,0.5613,1,0
NEU-506815,TreatmentB,B02,79.56,-70.16,102.9,19.09,76.9,-34.29,1.255,73.8,85,0.3578,1,0
NEU-500608,TreatmentA,B03,83.14,-61.57,319.5,15.96,128.9,-42.21,0.678,41.9,82,0.5199,0,1
NEU-504326,Control,B02,120.2,-64.1,147.4,21.57,-9.2,-45.6,1.933,36.8,76,0.2047,0,0
NEU-508622,Control,B01,116.07,-61.72,225.2,21.16,139.0,-37.8,1.23,41.4,96,0.4412,1,1
NEU-500010,TreatmentB,B01,95.73,-66.8,119.3,13.4,120.5,-45.45,0.771,49.3,85,0.4349,0,1
NEU-505760,Control,B01,82.75,-63.78,83.0,8.79,139.2,-44.27,0.709,36.0,88,0.1216,0,1
NEU-509321,Control,B01,101.3,-61.32,282.6,20.23,112.9,-46.91,0.772,21.0,84,0.4414,0,1
NEU-509284,TreatmentB,B02,85.89,-60.65,370.0,18.09,86.6,-43.72,0.627,72.1,100,0.4326,0,0
NEU-501440,Control,B02,102.07,-58.98,172.8,21.39,149.9,-43.0,1.187,51.8,105,0.2366,1,0
NEU-506126,TreatmentB,B03,100.02,-61.66,230.5,9.25,104.4,-44.53,1.128,86.3,95,0.1366,1,1
NEU-501687,Control,B02,116.36,-58.23,249.6,9.79,181.3,-38.42,1.39,40.9,82,0.3759,0,0
NEU-503574,Control,B02,100.54,-70.27,147.4,11.3,113.3,-43.11,1.257,32.0,84,0.4137,0,0
NEU-507006,TreatmentA,B02,90.24,-71.25,301.6,18.8,93.9,-41.14,1.678,61.1,95,0.2042,1,0
NEU-503590,TreatmentA,B01,96.27,-55.46,177.5,16.15,120.4,-42.92,1.522,46.3,86,0.507,1,0
NEU-503102,Control,B01,95.8,-60.66,183.0,9.57,77.1,-40.77,0.625,26.4,92,0.6016,0,0
NEU-505284,Control,B02,105.59,-62.04,164.6,23.48,101.1,-47.48,0.96,23.0,83,0.6406,1,1
NEU-507960,TreatmentB,B01,82.9,-64.83,539.2,14.91,95.4,-38.22,1.164,46.9,72,0.2426,0,1
NEU-503876,TreatmentA,B02,112.13,-60.29,256.6,8.32,84.4,-44.25,1.376,63.7,91,0.2104,1,1
NEU-505530,Control,B01,107.72,-60.64,239.4,9.25,127.1,-46.54,0.595,70.3,103,0.5698,1,0
NEU-500867,TreatmentA,B03,92.79,-64.81,173.7,8.17,56.1,-41.1,0.742,53.3,97,0.3554,1,1
NEU-503038,Control,B02,118.13,-65.12,133.6,9.25,71.2,-41.12,1.041,21.1,82,0.5136,0,0
NEU-507540,Control,B02,90.65,-67.83,145.5,13.41,75.0,-45.06,1.431,48.0,94,0.5801,0,1
NEU-504131,Control,B01,72.44,-60.35,168.4,8.91,163.9,-47.19,0.585,29.4,77,0.2751,0,1
NEU-501483,Control,B03,85.5,-61.75,277.5,19.76,119.3,-41.64,1.332,43.6,75,0.4029,0,0
NEU-509226,Control,B01,75.4,-70.4,171.5,22.89,109.6,-36.1,0.796,31.1,82,0.6423,0,1
NEU-507668,TreatmentA,B03,100.26,-67.99,116.3,16.48,134.8,-38.17,1.032,67.5,114,0.2764,1,0
NEU-507724,TreatmentA,B02,131.66,-58.19,124.6,14.2,25.2,-44.93,1.249,59.8,102,0.4317,0,1
NEU-501470,TreatmentB,B03,116.08,-59.73,174.8,15.43,122.8,-44.8,0.555,53.0,82,0.5413,0,1
NEU-503088,Control,B01,100.61,-58.22,149.9,21.22,124.1,-40.46,0.658,66.5,92,0.432,1,1
NEU-509928,TreatmentA,B01,93.08,-57.26,97.1,12.75,51.6,-42.13,0.752,56.9,80,0.2291,0,0
NEU-501370,TreatmentA,B01,93.23,-65.9,192.4,23.41,67.6,-41.01,1.008,52.6,75,0.3106,0,1
NEU-500562,TreatmentB,B03,82.24,-63.18,248.3,21.28,125.2,-40.59,1.782,51.3,77,0.4716,1,1
NEU-507703,TreatmentB,B03,100.4,-76.14,209.3,9.32,-15.0,-43.12,0.804,63.1,106,0.2323,0,1
NEU-505389,Control,B02,89.79,-65.73,247.7,27.39,212.4,-40.34,1.115,40.1,85,0.2613,1,0
NEU-509354,TreatmentA,B02,108.53,-65.51,242.5,5.73,89.4,-48.75,1.402,38.2,82,0.366,1,1
NEU-505347,TreatmentB,B01,110.74,-61.85,97.9,6.26,78.6,-39.9,1.291,86.4,100,0.3281,1,1
NEU-506751,TreatmentB,B01,107.62,-69.69,128.7,18.2,43.1,-40.9,2.126,80.9,90,0.7188,1,1
NEU-502817,Control,B01,117.51,-62.2,233.2,14.36,110.2,-40.54,0.627,50.5,94,0.4342,1,1
NEU-504026,TreatmentA,B01,89.22,-68.34,253.5,18.45,52.1,-41.97,1.274,32.5,93,0.6259,1,1
NEU-505251,TreatmentB,B01,103.91,-63.04,175.2,7.65,93.5,-42.45,0.965,74.8,86,0.3559,1,1
NEU-505721,TreatmentB,B03,103.23,-60.02,269.3,11.85,117.9,-46.83,0.745,81.2,88,0.43,1,0
NEU-504914,Control,B03,98.71,-62.88,458.2,13.11,118.1,-43.48,1.146,35.0,71,0.5865,0,1
NEU-505905,TreatmentA,B02,128.76,-61.48,179.0,18.59,131.6,-42.29,1.286,63.4,92,0.2074,1,0
NEU-503816,TreatmentB,B02,100.88,-65.0,212.3,6.51,106.1,-40.53,0.603,76.2,74,0.2453,1,1
NEU-503189,TreatmentA,B02,127.06,-67.23,127.4,14.51,92.8,-48.47,1.097,32.7,73,0.268,0,1
NEU-508865,TreatmentB,B01,105.45,-70.54,128.2,10.57,29.7,-35.11,1.053,69.6,96,0.4445,1,0
NEU-507102,Control,B03,106.33,-57.72,238.0,10.28,112.4,-44.0,1.036,45.0,83,0.5161,0,0
NEU-503090,TreatmentA,B02,104.15,-68.34,89.6,17.15,121.4,-42.83,1.177,73.6,85,0.6652,1,1
NEU-507300,Control,B02,99.27,-71.44,149.9,8.85,65.5,-42.83,0.837,67.7,81,0.2662,0,1
NEU-501728,Control,B02,104.9,-62.48,195.2,15.81,149.5,-43.58,1.008,54.3,98,0.4408,0,1
NEU-500348,TreatmentA,B03,115.38,-70.91,167.8,17.0,56.9,-44.76,1.515,41.3,89,0.1965,1,0
NEU-506060,TreatmentB,B01,103.29,-74.14,175.5,16.36,87.7,-39.74,1.974,58.2,88,0.3857,1,0
NEU-504857,TreatmentA,B01,81.84,-68.22,113.6,16.41,111.7,-28.09,1.4,26.1,90,0.3213,0,1
NEU-509687,TreatmentB,B03,89.59,-63.68,273.2,13.93,94.6,-40.92,1.413,62.7,82,0.3923,1,1
NEU-504543,TreatmentB,B02,116.77,-72.1,117.3,5.75,99.8,-40.03,0.947,89.0,101,0.2753,1,1
NEU-502206,TreatmentB,B03,110.88,-57.76,239.9,17.2,145.9,-44.31,1.054,70.6,90,0.2241,0,0
NEU-508933,Control,B02,93.97,-60.16,98.7,5.92,89.0,-42.68,1.181,42.5,100,0.616,0,0
NEU-508625,TreatmentB,B02,91.34,-66.21,346.7,12.52,133.7,-38.5,1.633,63.9,93,0.6172,1,1
NEU-505125,TreatmentB,B03,105.53,-69.02,142.1,10.21,47.2,-46.34,1.428,57.8,81,0.6214,1,0
NEU-509172,TreatmentA,B01,85.29,-68.63,132.8,19.15,47.5,-34.97,0.97,52.8,79,0.2927,1,0
NEU-507199,TreatmentB,B03,118.28,-60.08,131.6,16.15,110.5,-41.94,1.247,92.9,93,0.5122,1,1
NEU-505275,Control,B03,112.25,-56.71,53.5,19.85,111.1,-44.38,0.994,39.6,96,0.4104,0,0
NEU-505503,TreatmentA,B03,104.09,-70.19,201.2,7.89,73.8,-45.15,1.112,68.3,86,0.6261,0,0
NEU-500649,Control,B02,110.13,-63.22,90.6,11.46,103.6,-37.69,1.127,22.8,85,0.2901,0,1
NEU-501130,TreatmentA,B01,127.24,-67.96,144.1,8.59,135.2,-47.73,1.102,56.3,83,0.2885,1,1
NEU-502566,Control,B01,108.45,-62.71,435.1,21.05,136.5,-42.95,0.828,64.7,81,0.5514,1,1
NEU-501082,TreatmentA,B03,137.35,-62.53,53.7,10.33,88.5,-47.24,1.291,63.9,83,0.3923,1,1
NEU-502686,Control,B03,122.34,-69.12,215.3,12.27,72.3,-41.51,1.038,54.7,94,0.5798,0,0
NEU-506703,Control,B03,106.1,-50.92,238.9,19.82,100.4,-43.41,1.721,30.2,71,0.2183,0,0
NEU-504676,Control,B01,103.54,-54.78,497.2,11.49,140.6,-42.66,1.17,41.2,90,0.4967,0,0
NEU-507805,TreatmentA,B01,131.1,-55.97,311.1,23.34,86.1,-39.12,0.45,26.5,82,0.291,0,0
NEU-509177,TreatmentA,B01,105.58,-63.79,283.4,11.42,125.8,-41.08,1.5,50.8,72,0.1746,1,1
NEU-509049,Control,B03,117.67,-55.16,126.0,11.89,126.0,-41.32,0.829,44.9,100,0.4899,0,0
NEU-501188,TreatmentA,B03,98.59,-60.54,129.5,13.53,78.9,-44.1,0.976,37.1,106,0.3938,1,1
NEU-504391,TreatmentA,B01,103.78,-62.48,146.8,8.56,93.1,-39.01,1.146,34.0,96,0.399,0,1
NEU-501228,TreatmentB,B01,90.75,-65.98,201.1,16.32,81.7,-45.78,1.018,49.6,85,0.2279,0,1
NEU-506449,Control,B02,107.9,-57.17,301.6,11.7,111.1,-39.98,1.468,16.6,81,0.2407,0,0
NEU-503821,TreatmentB,B01,61.68,-57.3,252.9,24.08,125.8,-32.11,0.688,50.6,93,0.2098,1,0
NEU-501747,TreatmentB,B02,105.22,-62.6,268.7,17.75,55.6,-41.04,1.55,68.1,95,0.2493,0,0
NEU-504655,TreatmentA,B01,106.94,-65.76,142.9,18.96,154.7,-35.18,1.221,53.7,103,0.3967,1,1
NEU-508771,TreatmentB,B03,116.92,-66.03,210.3,11.44,118.5,-41.52,1.052,42.3,76,0.3147,1,1
NEU-505574,TreatmentA,B02,114.02,-70.67,187.8,10.42,166.7,-39.86,1.051,51.1,79,0.1063,1,1
NEU-501415,TreatmentB,B01,109.11,-66.71,60.0,10.42,64.2,-39.67,1.07,78.2,79,0.4594,1,1
NEU-502407,TreatmentA,B02,100.94,-65.45,161.2,19.8,32.6,-44.03,0.772,54.4,80,0.3528,0,0
NEU-500356,TreatmentA,B01,119.92,-64.07,127.2,14.5,80.8,-47.58,1.085,26.7,72,0.3083,0,1
NEU-507890,TreatmentB,B03,83.43,-68.85,150.0,11.76,126.9,-46.1,0.845,84.7,78,0.5838,1,0
NEU-509164,TreatmentA,B03,99.85,-59.4,248.7,17.69,117.3,-38.63,0.72,36.7,93,0.4149,0,1
NEU-505765,TreatmentA,B03,64.19,-61.68,126.4,12.56,122.4,-46.16,1.036,63.5,99,0.5966,1,0
NEU-509206,TreatmentA,B02,106.87,-64.9,130.6,16.25,62.2,-42.15,0.921,63.6,96,0.4231,1,1
NEU-503561,Control,B02,104.86,-55.47,179.3,11.06,122.7,-43.11,0.994,25.2,65,0.1191,0,0
NEU-504837,Control,B02,83.64,-60.5,99.4,10.92,91.1,-41.89,0.806,38.4,108,0.4811,1,1
NEU-506106,TreatmentA,B01,99.28,-79.13,190.9,14.95,113.3,-35.47,0.446,48.4,84,0.2294,0,0
NEU-505083,TreatmentB,B02,102.4,-59.2,100.0,18.99,101.1,-43.67,2.315,61.1,88,0.6646,1,1
NEU-500543,Control,B01,133.68,-68.13,154.4,9.37,161.9,-44.14,1.258,51.8,86,0.5942,1,0
NEU-509620,TreatmentA,B02,81.54,-74.18,171.5,45.06,132.4,-49.28,1.068,54.8,104,0.309,0,0
NEU-505314,TreatmentB,B01,95.24,-69.71,212.3,9.45,12.7,-37.78,1.456,49.1,74,0.2395,0,1
NEU-506207,TreatmentB,B03,128.52,-58.62,300.3,18.58,71.9,-47.83,1.281,51.1,80,0.2862,0,0
NEU-509467,TreatmentA,B02,93.98,-61.74,69.1,10.38,100.9,-39.39,0.902,43.9,83,0.4191,1,1
NEU-502761,Control,B01,103.38,-61.97,431.8,25.57,106.0,-48.43,1.299,49.2,100,0.2196,0,0
NEU-505308,TreatmentA,B02,96.09,-64.79,191.8,7.1,108.7,-49.41,0.796,19.5,89,0.2019,0,1
NEU-500814,TreatmentA,B02,114.2,-69.91,154.3,16.49,99.3,-37.54,0.687,49.4,88,0.229,0,0
NEU-502530,TreatmentA,B03,69.43,-60.11,247.2,15.35,126.4,-47.87,0.893,49.7,81,0.3676,1,0
NEU-503540,TreatmentB,B01,83.4,-64.09,212.2,11.41,124.7,-47.82,1.741,83.1,74,0.3768,1,0
NEU-502342,Control,B01,107.23,-69.31,622.5,18.91,146.5,-42.0,0.428,52.0,91,0.4817,0,1
NEU-502240,Control,B02,111.25,-59.56,298.3,21.17,92.8,-39.9,1.088,42.0,97,0.5083,0,1
NEU-508399,TreatmentA,B01,72.28,-69.26,134.6,11.46,120.1,-42.51,1.426,47.3,80,0.3614,1,1
NEU-508954,TreatmentA,B01,92.91,-67.6,225.3,10.46,120.7,-43.88,1.084,59.8,80,0.5427,1,1
NEU-505645,TreatmentA,B03,122.62,-58.0,59.3,12.11,109.3,-40.21,0.948,67.9,85,0.3398,1,0
NEU-506414,TreatmentB,B03,92.53,-56.99,139.1,4.39,82.1,-38.56,1.123,55.5,90,0.3083,1,1
NEU-502598,TreatmentB,B03,118.14,-49.38,196.9,17.78,63.7,-41.73,1.308,88.2,86,0.5338,1,0
NEU-502034,Control,B01,83.88,-63.78,480.6,9.53,125.3,-39.66,0.843,66.4,93,0.5039,0,1
NEU-503779,TreatmentA,B03,119.94,-61.99,227.2,19.11,139.3,-37.32,1.261,-3.3,103,0.2916,0,0
NEU-503220,Control,B02,115.09,-66.19,109.1,11.52,76.3,-36.42,1.079,71.6,83,0.5962,0,0
NEU-505732,TreatmentA,B03,121.68,-75.09,233.5,8.95,84.5,-39.2,0.853,42.3,79,0.4294,0,0
NEU-508444,TreatmentB,B01,115.7,-74.45,181.9,6.4,130.3,-46.27,1.425,70.0,82,0.3052,0,1
NEU-503510,TreatmentB,B02,113.24,-70.53,153.8,13.36,91.5,-45.87,1.539,56.1,75,0.2933,1,0
NEU-507165,TreatmentA,B01,84.49,-66.57,156.0,9.08,116.1,-42.42,0.795,43.9,89,0.4216,1,1
NEU-507606,TreatmentB,B01,100.55,-60.22,119.1,10.8,127.8,-38.09,1.304,33.9,88,0.2502,0,0
NEU-505391,Control,B02,109.58,-65.22,181.0,11.47,95.1,-45.79,1.409,40.0,96,0.5294,0,0
NEU-502229,Control,B02,93.29,-63.92,88.2,17.43,139.6,-36.94,0.683,21.6,84,0.6582,1,1
NEU-500442,TreatmentA,B02,114.24,-66.85,116.7,12.87,109.7,-39.82,1.565,59.5,90,0.3883,1,0
NEU-503074,Control,B02,126.93,-70.42,208.7,11.32,137.1,-42.64,0.99,35.7,81,0.2689,1,1
NEU-502015,Control,B01,91.39,-58.65,209.1,17.93,92.7,-38.33,1.215,61.3,83,0.2495,1,0
NEU-500170,TreatmentA,B01,119.72,-55.06,335.0,5.83,48.1,-42.25,0.395,51.3,89,0.5505,0,0
NEU-500414,Control,B02,108.26,-63.31,80.2,14.65,119.1,-37.94,1.525,44.3,75,0.3865,0,1
NEU-503949,TreatmentA,B01,67.64,-67.79,180.3,5.57,115.6,-35.22,1.85,59.9,73,0.3344,1,1
NEU-505396,Control,B03,91.42,-63.56,333.1,9.14,88.3,-40.8,0.899,48.8,90,0.2183,0,1
NEU-502390,TreatmentA,B03,85.67,-56.18,114.0,15.37,127.2,-38.47,1.174,58.1,94,0.4662,1,1
NEU-508899,Control,B03,94.53,-60.44,217.8,16.0,102.6,-36.93,1.123,1.9,86,0.4898,0,1
NEU-502823,Control,B02,60.08,-65.93,189.2,13.78,132.5,-43.82,1.198,28.1,82,0.3372,0,1
NEU-508553,Control,B02,102.64,-55.93,209.6,8.45,114.4,-45.53,1.136,25.1,78,0.1875,0,1
NEU-509193,Control,B02,106.02,-65.5,364.6,12.04,165.6,-40.44,0.909,47.0,78,0.4719,0,0
NEU-500129,TreatmentB,B02,119.52,-61.3,207.5,5.88,27.7,-42.94,2.025,40.1,78,0.5399,0,0
NEU-503193,TreatmentA,B02,113.58,-66.61,41.5,13.27,127.0,-48.28,1.552,69.7,78,0.738,1,1
NEU-501360,TreatmentA,B03,117.0,-64.86,100.9,12.15,89.2,-43.89,0.885,79.3,96,0.5153,1,1
NEU-501863,TreatmentA,B03,74.68,-69.44,143.3,11.2,86.1,-44.41,0.555,52.5,80,0.544,0,0
NEU-504186,TreatmentA,B01,98.7,-63.84,337.6,11.14,150.4,-47.92,1.162,56.5,97,0.3137,1,1
NEU-505585,Control,B01,113.04,-68.02,450.0,15.48,128.5,-42.37,2.043,52.8,94,0.3828,1,1
NEU-502821,TreatmentB,B03,97.08,-65.76,108.8,7.5,88.5,-46.68,0.956,48.8,78,0.5641,1,0
NEU-504549,TreatmentA,B03,80.88,-60.76,156.0,12.22,77.6,-47.13,0.802,46.9,80,0.4887,1,0
NEU-503795,Control,B01,102.34,-66.79,77.4,12.68,152.6,-43.14,1.183,44.5,72,0.4542,1,0
NEU-502515,TreatmentA,B03,92.02,-63.56,184.7,6.97,51.7,-42.3,1.635,53.7,91,0.5366,1,0
NEU-501428,TreatmentB,B03,106.28,-65.06,91.1,7.66,89.0,-41.92,0.869,89.2,87,0.5555,1,0
NEU-502697,TreatmentA,B03,86.77,-65.08,131.6,17.94,88.7,-39.22,0.997,53.0,110,0.5211,0,1
NEU-501129,TreatmentB,B02,73.97,-63.65,139.0,12.16,10.0,-45.45,1.215,42.1,84,0.4298,1,1
NEU-509824,Control,B01,101.17,-63.97,99.5,20.28,102.8,-44.36,1.266,40.4,94,0.2901,1,0
NEU-502596,TreatmentB,B03,108.38,-72.61,242.1,13.06,87.0,-37.75,1.267,50.4,71,0.3876,0,0
NEU-500870,TreatmentB,B01,114.65,-67.0,196.7,11.62,79.5,-37.28,1.219,49.4,84,0.254,1,1
NEU-504454,TreatmentA,B02,95.68,-72.15,142.4,15.22,57.9,-37.77,0.809,29.3,86,0.4489,0,0
NEU-507281,TreatmentB,B01,115.96,-58.99,133.4,9.88,124.5,-44.95,1.118,52.5,85,0.1458,0,0
NEU-506672,Control,B02,108.75,-72.01,259.5,15.07,153.0,-37.06,1.001,48.8,82,0.3579,0,0
NEU-507469,TreatmentA,B01,111.55,-66.34,253.7,16.11,180.3,-44.13,1.111,42.0,85,0.2822,0,1
NEU-504791,Control,B02,88.51,-61.22,281.0,19.09,121.3,-43.29,1.166,36.5,85,0.407,0,0
NEU-500303,TreatmentA,B03,131.7,-62.64,194.6,18.32,110.4,-43.72,0.675,79.6,87,0.158,1,0
NEU-500917,TreatmentB,B02,91.77,-67.76,308.1,7.86,123.7,-42.33,0.949,65.5,91,0.6618,0,0
NEU-504561,TreatmentA,B01,107.23,-63.67,264.8,8.61,128.0,-42.65,1.548,43.0,97,0.3593,1,0
NEU-500336,TreatmentA,B01,80.61,-63.39,129.2,9.93,76.2,-42.91,1.239,56.9,89,0.4087,1,1
NEU-507533,TreatmentA,B03,92.54,-66.82,91.3,11.64,94.7,-42.51,0.775,68.9,91,0.3491,1,1
NEU-506274,TreatmentB,B03,93.95,-62.67,394.3,42.9,84.9,-42.27,1.118,44.7,69,0.3866,0,1
NEU-503722,Control,B01,76.91,-70.26,275.4,10.33,100.5,-46.57,1.423,20.0,104,0.7978,0,0
NEU-507641,TreatmentA,B03,93.47,-67.32,328.9,24.81,129.6,-40.96,0.861,41.5,79,0.4998,0,1
NEU-505676,TreatmentB,B02,110.83,-69.86,112.1,10.14,-13.0,-42.37,1.054,37.7,96,0.6757,1,0
NEU-506149,Control,B02,105.43,-66.44,366.0,12.21,165.1,-39.37,0.766,52.4,85,0.0784,0,1
NEU-505982,TreatmentA,B03,124.67,-69.22,105.9,14.77,127.3,-47.93,1.219,30.5,76,0.1018,0,0
NEU-508687,Control,B03,104.14,-72.78,171.4,22.85,138.3,-41.64,1.234,36.1,90,0.3423,0,0
NEU-506124,TreatmentA,B02,113.74,-63.87,205.0,16.33,108.9,-41.79,1.19,47.5,70,0.3553,1,1
NEU-501241,TreatmentB,B02,90.94,-53.65,372.4,10.66,141.3,-50.59,1.232,62.6,81,0.4724,0,0
NEU-507910,Control,B03,114.1,-57.28,131.1,10.96,153.6,-44.99,1.08,39.7,88,0.3373,0,0
NEU-502789,TreatmentA,B01,91.61,-72.35,99.4,21.21,120.7,-43.46,1.516,47.7,85,0.6996,1,1
NEU-506339,Control,B03,128.68,-71.21,145.4,5.65,169.1,-41.97,0.741,54.5,83,0.394,0,0
NEU-505291,TreatmentB,B03,101.18,-61.11,231.0,8.43,53.8,-41.15,0.757,89.0,93,0.4421,0,0
NEU-506367,TreatmentA,B03,72.82,-66.71,320.4,35.44,91.1,-38.63,1.73,47.8,96,0.3254,1,0
NEU-507986,TreatmentB,B01,106.09,-64.81,172.0,29.13,101.9,-43.97,1.182,34.5,83,0.1601,0,0
NEU-506251,TreatmentB,B03,102.38,-65.12,394.7,14.82,57.4,-37.22,1.11,60.4,85,0.1841,0,0
NEU-504142,TreatmentB,B03,79.07,-67.49,133.1,31.08,32.7,-41.96,1.443,66.9,83,0.4528,1,1
NEU-504386,TreatmentB,B02,106.9,-59.16,124.3,22.25,98.9,-41.26,1.706,64.0,83,0.2433,1,0
NEU-502350,Control,B01,87.95,-60.73,180.6,27.94,153.7,-47.75,1.881,33.5,99,0.4519,0,1
NEU-503337,TreatmentA,B03,102.86,-73.68,489.4,22.14,115.4,-41.39,1.004,45.3,86,0.1535,0,0
NEU-509852,Control,B02,95.76,-65.35,255.4,27.06,136.8,-43.07,0.846,23.3,105,0.2358,0,0
NEU-503351,TreatmentB,B02,119.97,-56.76,316.3,13.08,111.3,-39.34,1.028,87.2,71,0.388,1,0
NEU-509793,TreatmentB,B01,92.42,-69.97,172.7,12.46,61.6,-39.99,1.345,67.6,93,0.4082,0,1
NEU-509543,TreatmentB,B03,87.85,-74.64,81.9,16.42,93.0,-40.32,0.889,86.5,76,0.3157,1,0
NEU-505755,Control,B03,77.95,-70.49,191.7,13.85,92.6,-48.55,1.144,25.5,87,0.2821,0,0
NEU-502003,TreatmentB,B03,92.82,-68.91,296.6,18.71,73.7,-47.87,1.104,41.0,82,0.2433,0,0
NEU-500619,TreatmentA,B02,110.45,-55.63,255.4,7.82,111.0,-40.95,1.437,58.4,87,0.633,1,0
NEU-504772,TreatmentA,B03,90.21,-72.88,186.0,8.62,91.0,-46.62,0.955,42.6,88,0.3341,0,0
NEU-500938,Control,B01,73.21,-65.57,321.2,12.5,128.3,-42.22,1.155,32.1,80,0.2885,0,1
NEU-502303,TreatmentB,B03,82.45,-57.43,215.1,6.66,86.8,-45.41,0.897,72.5,68,0.4304,0,0
NEU-506952,TreatmentB,B01,88.9,-72.34,153.7,7.24,87.8,-45.64,0.983,83.3,93,0.2136,1,1
NEU-501435,TreatmentB,B02,107.65,-64.87,270.6,26.12,35.9,-40.23,0.997,75.5,83,0.6512,1,1
NEU-500949,TreatmentB,B03,108.78,-59.66,188.8,9.29,71.5,-46.67,0.667,43.9,97,0.2894,1,1
NEU-504459,TreatmentB,B03,83.12,-63.9,145.7,12.88,76.9,-35.21,1.612,51.3,99,0.385,0,1
NEU-505366,TreatmentA,B03,112.49,-54.24,223.1,31.9,125.1,-47.42,0.828,46.4,84,0.5542,0,1
NEU-501134,Control,B03,113.4,-69.45,184.1,7.15,183.5,-44.29,0.538,35.4,99,0.4285,0,0
NEU-507568,TreatmentB,B02,105.45,-65.4,258.4,19.42,109.8,-46.26,0.931,76.2,74,0.5146,1,1
NEU-502313,TreatmentB,B01,97.08,-59.93,113.2,16.53,77.6,-43.42,1.069,47.3,80,0.29,1,0
NEU-509583,TreatmentA,B03,99.68,-70.29,220.0,12.71,96.3,-43.02,1.483,35.8,76,0.4055,1,0
NEU-501578,TreatmentB,B02,97.71,-66.87,156.7,11.35,153.0,-32.14,0.81,37.6,77,0.418,1,0
NEU-506227,TreatmentB,B01,121.11,-65.61,199.3,10.6,70.0,-40.84,1.075,62.4,78,0.261,1,1
NEU-508430,TreatmentB,B01,99.71,-58.88,232.9,10.37,114.0,-47.9,1.368,63.2,77,0.3668,0,0
NEU-501354,TreatmentB,B03,110.4,-64.64,144.7,10.12,125.3,-37.66,1.531,55.4,80,0.7463,1,0
NEU-504189,TreatmentA,B02,113.98,-62.64,313.0,32.41,82.1,-38.12,1.765,46.7,89,0.6205,1,1
NEU-509512,TreatmentB,B02,115.14,-62.69,190.7,17.94,124.0,-44.43,1.083,60.9,73,0.3862,1,1
NEU-502625,Control,B03,87.23,-62.25,115.3,8.51,147.6,-41.59,0.991,42.9,85,0.1013,1,1
NEU-505244,TreatmentA,B02,107.67,-54.88,203.9,13.18,83.8,-37.07,1.031,66.7,79,0.3748,0,0
NEU-501691,TreatmentA,B02,104.81,-71.12,219.1,14.76,76.6,-37.99,1.112,33.0,87,0.4427,0,1
NEU-507660,TreatmentA,B01,109.82,-59.37,303.2,28.04,96.0,-37.08,1.014,42.5,92,0.688,0,1
NEU-501738,TreatmentB,B01,132.24,-60.84,170.4,6.21,89.7,-39.8,0.793,73.6,92,0.0794,0,1
NEU-506783,TreatmentB,B03,86.69,-64.52,79.7,11.65,83.9,-50.08,1.092,54.9,91,0.426,1,1
NEU-506718,Control,B02,105.82,-61.52,187.2,9.01,188.5,-47.8,0.794,58.8,70,0.1072,0,1
NEU-503178,TreatmentB,B02,116.85,-55.62,309.0,13.36,82.6,-41.73,0.85,57.6,95,0.6248,0,0
NEU-502422,TreatmentA,B01,90.98,-66.67,420.1,16.28,133.1,-45.49,0.988,50.0,87,0.7275,0,1
NEU-502171,TreatmentB,B03,107.42,-64.17,484.5,17.08,55.5,-35.49,1.44,67.9,101,0.3301,1,0
NEU-500487,Control,B03,100.0,-62.25,93.1,7.33,137.2,-47.71,1.761,24.0,67,0.4131,0,1
NEU-503372,TreatmentA,B02,90.87,-71.7,214.9,8.05,86.8,-49.28,0.841,46.6,86,0.4594,0,0
NEU-500420,Control,B02,110.23,-67.38,110.0,16.4,107.7,-40.94,1.614,20.0,85,0.775,1,1
NEU-505967,TreatmentB,B01,69.9,-61.19,114.1,18.04,51.8,-38.9,0.823,65.9,74,0.3625,0,0
NEU-501865,TreatmentA,B03,86.41,-70.15,130.2,7.73,87.5,-34.4,1.618,44.6,79,0.7004,1,0
NEU-500686,Control,B01,75.25,-72.24,189.3,11.76,100.0,-34.64,1.314,19.3,84,0.1615,0,0
NEU-505465,Control,B02,82.43,-69.63,185.6,14.17,155.6,-45.74,0.959,63.8,81,0.1173,1,0
NEU-508126,TreatmentB,B02,108.27,-60.23,185.3,17.68,3.3,-41.64,0.834,65.5,83,0.336,1,0
NEU-508007,TreatmentB,B01,100.9,-61.31,132.9,17.75,56.7,-31.8,1.466,83.9,89,0.4,1,1
NEU-509173,TreatmentA,B02,85.46,-73.78,167.0,16.2,65.9,-44.4,0.979,59.9,67,0.1658,0,0
NEU-509451,TreatmentA,B03,103.85,-66.81,145.3,14.18,64.4,-49.45,1.182,67.8,100,0.2948,1,0
NEU-504491,TreatmentA,B01,108.54,-70.46,356.3,17.33,80.6,-41.52,0.822,36.9,91,0.2333,0,0
NEU-504891,Control,B02,84.01,-72.34,120.4,20.39,203.6,-35.46,1.435,57.8,75,0.1264,1,0
NEU-502389,TreatmentA,B02,100.02,-67.02,200.7,25.27,100.9,-35.27,0.85,60.8,94,0.6354,1,1
NEU-505050,TreatmentB,B02,81.71,-62.43,135.7,13.68,110.5,-37.56,1.033,76.7,73,0.3774,0,0
NEU-504771,Control,B02,115.4,-63.74,97.8,16.98,106.7,-39.42,1.643,28.9,77,0.484,0,1
NEU-503846,TreatmentA,B03,91.46,-56.49,141.2,14.97,73.6,-38.05,0.681,51.9,69,0.3731,0,0
NEU-502654,TreatmentB,B02,112.15,-64.23,102.2,13.19,57.2,-34.75,0.763,67.4,83,0.3366,1,1
NEU-507968,Control,B01,98.99,-72.02,91.3,13.3,107.3,-43.57,1.016,54.2,86,0.2949,1,0
NEU-504394,TreatmentB,B03,96.15,-65.98,217.2,11.89,83.5,-40.92,0.585,70.3,94,0.3642,0,1
NEU-509640,TreatmentA,B03,90.49,-66.07,84.6,8.19,76.6,-41.7,1.514,62.6,97,0.6782,1,0
NEU-506335,TreatmentA,B02,98.74,-66.17,232.3,31.3,112.1,-44.78,0.713,53.0,92,0.4074,0,1
NEU-500389,Control,B01,89.99,-63.32,84.0,21.77,128.5,-46.43,0.786,33.4,95,0.4818,0,1
NEU-503918,TreatmentA,B02,89.46,-66.43,158.3,12.86,12.0,-42.87,1.439,57.4,93,0.3048,1,1
NEU-508225,TreatmentA,B01,78.45,-67.95,234.2,9.46,67.9,-50.14,1.104,26.7,88,0.2086,0,1
NEU-500832,TreatmentA,B01,96.89,-65.31,122.7,13.8,66.3,-42.51,1.589,31.0,76,0.163,1,1
NEU-508037,TreatmentA,B01,74.27,-54.37,108.4,7.84,71.4,-43.63,1.392,50.5,83,0.4104,0,0
NEU-506917,TreatmentB,B03,93.01,-57.36,149.1,12.28,43.0,-45.53,0.481,53.2,75,0.5571,0,0
NEU-505779,TreatmentB,B02,85.45,-66.31,76.6,19.79,49.5,-50.76,1.394,63.4,98,0.2286,1,0
NEU-505649,TreatmentA,B02,85.48,-57.41,186.9,19.36,91.3,-40.19,0.934,52.3,92,0.2538,0,0
NEU-501510,TreatmentA,B03,77.21,-68.03,163.8,18.23,131.3,-44.61,2.12,53.3,71,0.4857,1,0
NEU-504471,TreatmentB,B03,89.97,-55.95,149.9,18.08,106.1,-39.8,1.423,79.8,90,0.4851,1,0
NEU-506427,TreatmentB,B01,109.24,-64.01,423.4,20.23,60.6,-41.64,0.907,64.6,101,0.1957,0,0
NEU-503585,TreatmentB,B02,103.72,-51.3,82.5,37.47,109.7,-38.42,0.805,50.7,80,0.0758,1,0
NEU-502947,TreatmentA,B02,87.09,-70.53,174.0,13.02,98.3,-43.45,1.306,27.0,84,0.4067,0,0
NEU-502149,Control,B01,112.57,-68.81,112.8,9.13,85.3,-44.71,0.984,30.1,75,0.3139,0,1
NEU-509440,TreatmentB,B03,76.61,-61.82,184.4,8.08,94.4,-45.26,1.267,53.8,85,0.3945,0,0
NEU-501997,Control,B03,85.49,-64.33,267.3,12.5,116.5,-38.97,1.024,45.6,100,0.3874,0,1
NEU-507906,TreatmentA,B02,117.82,-64.71,247.7,16.56,76.3,-36.61,1.048,61.9,78,0.2523,0,1
NEU-501919,TreatmentA,B03,85.12,-55.65,128.6,23.78,98.7,-45.12,0.676,54.9,99,0.5828,1,0
NEU-509133,Control,B01,110.98,-62.01,356.4,22.47,103.0,-42.6,1.494,31.8,85,0.4411,0,1
NEU-505368,TreatmentB,B02,97.43,-67.97,94.7,24.23,73.3,-35.0,1.034,64.6,107,0.2209,1,0
NEU-501294,Control,B02,95.97,-56.94,181.4,15.74,138.8,-41.45,1.653,35.7,89,0.2636,1,0
NEU-509192,TreatmentA,B02,134.5,-66.27,321.1,16.22,120.2,-36.56,0.526,37.4,84,0.6205,0,1
NEU-505273,Control,B03,93.53,-68.75,139.0,11.78,123.6,-42.54,0.508,43.8,78,0.3794,0,0
NEU-509558,Control,B03,105.78,-70.53,101.6,15.77,117.0,-51.63,1.436,52.5,80,0.5241,1,1
NEU-504034,TreatmentA,B02,127.51,-64.92,88.5,15.35,122.2,-42.75,1.061,47.0,75,0.2438,1,0
NEU-507777,Control,B02,97.67,-66.17,196.1,20.82,102.5,-44.74,0.95,37.5,86,0.552,0,1
NEU-504122,TreatmentB,B01,98.79,-55.33,256.2,10.22,77.6,-37.16,0.788,95.3,80,0.2234,1,1
NEU-500453,TreatmentB,B01,86.76,-60.95,148.4,8.32,51.2,-37.83,1.066,89.4,94,0.2792,1,1
NEU-500557,TreatmentB,B01,117.04,-61.34,87.5,6.55,95.2,-45.92,0.949,83.7,84,0.3143,1,1
NEU-504211,Control,B03,102.15,-64.61,239.3,12.63,111.7,-45.49,1.7,60.6,86,0.3762,1,0
NEU-508520,TreatmentA,B01,129.65,-63.59,371.8,19.84,93.9,-38.64,1.295,51.8,90,0.6175,0,1
NEU-507255,TreatmentA,B03,105.52,-58.52,58.1,8.25,147.6,-52.89,1.043,42.8,94,0.3961,0,0
NEU-503763,TreatmentA,B01,95.39,-63.54,197.3,18.78,68.4,-43.82,1.222,81.1,82,0.4926,1,1
NEU-500601,Control,B02,70.25,-66.35,194.0,12.04,191.1,-48.23,1.204,17.9,85,0.2892,0,1
NEU-509450,Control,B02,85.66,-66.92,189.1,21.19,94.4,-40.64,1.414,18.6,86,0.4432,0,1
NEU-500322,TreatmentB,B01,85.5,-58.91,199.4,18.72,89.5,-42.68,1.052,91.1,77,0.3844,1,0
NEU-505260,TreatmentB,B02,108.69,-67.83,186.9,11.0,64.4,-39.74,0.916,81.9,84,0.6108,1,0
NEU-506772,TreatmentA,B03,121.04,-63.48,148.6,12.73,83.9,-41.36,0.856,56.1,100,0.18,1,1
NEU-502274,TreatmentA,B02,129.59,-69.36,364.4,16.68,116.2,-40.42,1.022,73.9,106,0.6497,1,1
NEU-502054,Control,B03,117.34,-63.54,206.7,5.37,154.2,-37.35,1.482,41.3,88,0.1901,1,1
NEU-505184,Control,B01,98.03,-74.96,354.2,23.18,111.8,-42.92,1.409,48.2,80,0.4442,1,0
NEU-505201,TreatmentB,B03,128.69,-65.09,118.2,9.49,57.6,-44.52,0.673,39.1,82,0.5492,1,0
NEU-502300,Control,B03,99.44,-70.26,255.9,7.08,137.0,-51.18,1.475,41.9,94,0.296,1,1
NEU-506967,Control,B02,110.6,-71.43,459.1,13.87,139.1,-44.51,1.181,22.9,83,0.3625,0,0
NEU-505812,Control,B01,93.8,-68.41,353.2,12.97,130.0,-43.93,0.649,54.7,106,0.5337,0,1
NEU-500123,Control,B03,110.53,-56.39,146.6,17.55,86.1,-48.95,1.805,52.0,90,0.5468,1,0
NEU-503987,TreatmentA,B01,105.11,-69.12,173.8,17.53,108.6,-42.25,1.559,34.9,100,0.2644,0,0
NEU-505647,Control,B01,112.28,-66.2,243.2,33.71,134.7,-39.67,0.902,42.9,95,0.2992,0,0
NEU-501386,TreatmentB,B03,101.66,-70.97,257.3,16.61,72.4,-43.1,1.136,59.8,98,0.6675,0,0
NEU-504546,TreatmentB,B02,91.31,-68.34,78.7,9.74,27.2,-41.86,2.182,67.2,91,0.4569,1,1
NEU-502985,Control,B02,110.45,-57.65,226.5,23.0,136.9,-40.61,0.675,38.0,102,0.1621,1,0
NEU-500874,TreatmentA,B01,76.85,-65.48,121.8,14.1,31.7,-39.53,0.993,37.5,107,0.4731,0,1
NEU-507430,Control,B01,91.75,-56.11,180.2,11.08,92.3,-40.87,2.97,49.8,91,0.6287,1,0
NEU-507076,TreatmentB,B03,89.98,-65.44,157.6,20.45,111.3,-39.07,0.95,80.3,71,0.2847,1,0
NEU-503035,TreatmentB,B03,127.92,-58.36,175.4,8.81,135.9,-38.4,0.955,58.7,74,0.194,0,1
NEU-506393,TreatmentA,B03,102.31,-58.55,209.9,13.61,87.1,-35.37,1.268,43.0,79,0.2287,0,0
NEU-509174,Control,B03,89.34,-59.86,148.1,10.87,135.3,-50.56,1.562,69.7,87,0.4629,1,0
NEU-506548,TreatmentA,B02,109.88,-66.38,234.5,17.06,23.3,-47.81,1.279,53.3,98,0.1733,1,0
NEU-504779,TreatmentB,B01,117.06,-69.53,80.3,15.52,56.8,-43.99,0.937,68.1,84,0.4616,1,1
NEU-503553,TreatmentB,B02,115.26,-59.21,266.2,11.45,64.9,-39.82,0.75,82.0,88,0.2215,0,0
NEU-508347,TreatmentB,B02,93.54,-60.97,169.7,15.68,74.1,-47.51,0.724,52.4,93,0.301,1,1
NEU-504517,Control,B01,126.17,-66.43,237.4,9.56,136.2,-44.72,0.854,49.3,79,0.4072,1,1
NEU-501267,TreatmentB,B02,104.99,-63.91,64.9,29.57,80.1,-39.88,0.918,72.1,77,0.5646,1,1
NEU-507038,Control,B01,110.15,-63.84,91.4,17.4,120.8,-44.52,0.67,26.5,62,0.411,0,1
NEU-509477,Control,B02,81.8,-67.12,137.9,5.46,101.8,-40.08,0.807,36.1,111,0.6808,1,0
NEU-505252,Control,B03,88.65,-59.46,447.1,12.08,109.5,-41.93,1.676,43.1,76,0.2432,0,1
NEU-509105,Control,B02,74.71,-63.18,195.5,16.31,128.1,-48.45,1.152,54.5,74,0.663,1,1
NEU-505612,Control,B03,111.55,-61.44,324.8,9.66,70.5,-45.96,1.51,14.3,101,0.3053,0,1
NEU-503070,TreatmentA,B03,74.9,-62.23,169.7,20.15,127.9,-46.6,0.838,30.2,83,0.3541,0,1
NEU-507632,TreatmentA,B01,98.55,-72.27,215.0,16.71,58.6,-42.28,1.703,39.5,79,0.5572,0,0
NEU-501582,TreatmentB,B02,73.17,-73.37,317.4,13.37,129.6,-35.76,1.458,81.3,71,0.3921,1,0
NEU-508351,TreatmentB,B01,92.56,-55.27,117.8,19.01,124.3,-40.34,0.92,85.9,83,0.3567,1,0
NEU-507887,Control,B01,95.45,-51.71,171.7,7.33,170.7,-43.59,1.43,45.6,120,0.2467,1,1
NEU-507571,TreatmentA,B02,99.27,-67.01,167.6,14.76,47.6,-38.76,1.157,53.3,91,0.4781,0,1
NEU-508759,Control,B03,86.0,-62.78,112.3,9.7,106.1,-40.98,1.672,30.9,102,0.3585,1,1
NEU-508524,Control,B03,104.23,-70.23,202.8,27.18,153.1,-44.36,0.803,55.7,75,0.2109,0,0
NEU-502610,TreatmentA,B02,112.32,-50.02,500.7,7.14,140.4,-35.16,1.324,34.0,75,0.6382,0,0
NEU-508824,Control,B03,94.15,-63.16,333.8,20.8,104.2,-42.17,1.342,63.1,83,0.4104,1,1
NEU-500767,TreatmentA,B03,106.63,-63.45,201.1,14.4,114.8,-40.93,1.724,77.7,99,0.7413,1,1
NEU-506547,TreatmentA,B03,76.66,-66.72,165.0,9.08,43.9,-46.25,0.839,63.6,94,0.5194,1,0
NEU-500115,TreatmentB,B02,69.61,-70.49,182.9,11.44,38.5,-41.76,0.576,85.6,74,0.4104,1,0
NEU-500410,TreatmentB,B03,70.04,-68.93,171.1,23.08,89.6,-42.11,1.72,57.6,81,0.2859,1,0
NEU-509789,TreatmentA,B01,85.58,-61.34,176.7,10.97,29.3,-43.14,1.338,43.1,98,0.5958,0,0
NEU-508793,TreatmentA,B03,118.12,-58.81,87.2,20.01,107.7,-41.98,0.873,48.6,79,0.2878,0,0
NEU-504810,TreatmentA,B03,100.04,-59.13,210.2,7.36,123.7,-38.54,0.857,48.7,76,0.4664,0,0
NEU-503575,Control,B02,100.9,-71.86,160.1,19.52,135.9,-37.8,1.447,87.4,71,0.5322,1,1
NEU-509244,TreatmentB,B01,84.03,-60.59,235.2,18.1,30.9,-39.54,1.462,29.5,67,0.5694,0,1
NEU-506059,TreatmentA,B03,108.01,-51.83,144.4,15.9,108.4,-46.1,1.292,66.5,79,0.4535,1,0
NEU-500023,TreatmentB,B03,72.21,-59.1,379.3,12.55,14.5,-43.32,0.843,54.4,72,0.4663,0,0
NEU-501670,Control,B02,90.08,-63.12,103.9,10.7,167.9,-44.83,0.665,73.8,89,0.5591,1,0
NEU-505433,Control,B02,106.02,-69.49,598.5,12.38,121.8,-51.3,0.944,47.3,91,0.1473,0,1
NEU-502464,Control,B02,99.24,-72.66,101.1,9.22,154.9,-41.83,1.185,49.0,92,0.2601,0,1
NEU-502885,TreatmentA,B01,106.29,-70.98,150.5,11.38,125.4,-42.53,1.216,53.7,74,0.5053,1,0
NEU-508020,Control,B02,97.13,-68.01,317.6,9.22,119.4,-39.14,1.284,53.3,83,0.547,1,0
NEU-501402,TreatmentA,B03,83.82,-67.43,249.1,13.35,122.1,-47.58,1.316,56.4,88,0.5963,1,0
NEU-500520,Control,B02,92.5,-66.29,136.0,13.45,88.9,-37.45,0.407,53.8,77,0.2613,0,1
NEU-509378,TreatmentB,B03,113.95,-70.72,136.6,3.77,50.7,-42.42,1.492,53.2,79,0.4197,1,0
NEU-505102,Control,B02,101.14,-66.42,118.1,15.51,219.7,-39.01,1.13,46.3,78,0.5525,0,0
NEU-508284,Control,B03,135.53,-73.38,343.9,12.59,77.9,-44.77,0.835,18.5,86,0.3192,0,0
NEU-507699,TreatmentA,B03,106.77,-78.94,202.4,15.87,133.6,-43.9,1.146,40.1,99,0.3811,0,0
NEU-502505,TreatmentB,B03,113.76,-72.78,135.0,8.53,49.7,-44.7,1.096,77.4,94,0.5591,1,0
NEU-501268,Control,B03,102.64,-67.58,311.1,10.54,62.7,-42.89,1.163,29.9,77,0.2656,0,1
NEU-500876,TreatmentA,B01,104.72,-61.84,124.8,4.88,191.0,-43.52,1.053,32.3,91,0.3535,0,1
NEU-508110,TreatmentA,B03,99.73,-61.79,237.6,17.42,72.5,-44.59,0.907,47.6,97,0.5002,0,1
NEU-506432,TreatmentB,B03,140.35,-72.12,136.9,10.82,31.5,-47.48,1.086,39.8,68,0.2066,0,0
NEU-507671,TreatmentB,B02,91.02,-65.62,178.1,7.63,111.7,-44.07,1.598,58.2,96,0.333,1,1
NEU-503247,TreatmentA,B01,102.01,-68.04,249.6,19.98,72.9,-39.07,1.618,36.0,95,0.3661,0,0
NEU-508679,TreatmentB,B02,103.3,-74.56,117.0,9.6,122.8,-38.34,1.008,53.3,86,0.2966,1,0
NEU-503055,TreatmentA,B02,105.11,-66.66,244.1,10.79,93.3,-39.67,0.825,48.3,88,0.464,0,0
NEU-508049,TreatmentB,B03,106.4,-65.47,198.7,8.1,107.3,-44.76,1.295,62.7,80,0.1769,1,1
NEU-501733,TreatmentB,B03,100.84,-68.28,193.9,17.01,62.3,-38.11,0.643,58.4,81,0.4236,0,1
NEU-508443,Control,B01,100.01,-67.78,122.8,17.85,144.2,-42.78,0.999,37.8,91,0.5609,1,1
NEU-502177,TreatmentA,B03,125.33,-62.86,174.2,32.31,70.7,-42.15,0.989,61.0,87,0.3711,1,1
NEU-506704,TreatmentB,B02,108.7,-81.24,96.5,8.61,46.7,-42.28,2.098,65.1,80,0.3765,1,0
NEU-508557,TreatmentB,B01,114.33,-66.59,87.3,17.63,-19.8,-41.54,0.925,60.9,88,0.5735,1,1
NEU-502972,TreatmentA,B02,109.87,-67.62,284.3,9.42,104.2,-48.33,0.774,46.4,82,0.6299,0,0
NEU-501649,TreatmentA,B01,100.85,-63.02,127.6,22.18,53.8,-52.3,0.821,87.1,80,0.6746,1,1
NEU-502347,TreatmentB,B02,98.12,-62.15,92.4,13.52,49.9,-42.1,0.926,98.0,73,0.406,1,0
NEU-503951,TreatmentA,B02,96.58,-64.36,206.1,12.18,81.0,-40.39,1.034,60.7,75,0.4374,0,1
NEU-508494,TreatmentB,B02,67.28,-52.8,110.6,12.36,46.8,-36.57,1.273,31.4,74,0.2857,0,0
NEU-502070,TreatmentA,B02,67.49,-62.73,796.4,8.17,147.8,-41.84,1.211,38.9,102,0.3961,0,1
NEU-507935,TreatmentA,B03,108.05,-51.4,155.8,11.5,157.4,-42.43,1.298,63.1,68,0.6573,1,0
NEU-508966,TreatmentA,B02,105.67,-64.72,174.2,9.77,47.4,-40.17,0.867,62.6,76,0.4528,1,0
NEU-507448,TreatmentB,B03,110.03,-65.18,168.9,8.84,28.9,-36.41,0.685,76.9,106,0.3766,0,0
NEU-505044,Control,B02,108.81,-60.08,302.0,17.68,77.2,-35.62,0.882,39.6,94,0.1569,0,0
NEU-505233,TreatmentA,B03,106.73,-66.45,138.6,27.28,48.6,-45.9,1.359,51.0,83,0.4019,0,1
NEU-501891,TreatmentB,B02,92.26,-69.18,198.2,13.45,79.8,-44.24,1.541,62.4,78,0.4346,1,0
NEU-501310,Control,B03,108.98,-66.22,59.4,5.95,202.3,-42.72,0.867,34.7,82,0.1569,0,1
NEU-504405,TreatmentB,B01,112.54,-62.84,180.9,6.84,105.0,-41.61,0.751,38.1,83,0.4015,0,1
NEU-501818,Control,B03,120.47,-63.18,150.6,18.8,82.8,-45.49,1.339,27.1,92,0.3148,0,0
NEU-508479,TreatmentB,B01,109.68,-65.83,257.5,12.3,25.0,-40.74,0.618,83.8,99,0.2667,0,1
NEU-507913,TreatmentA,B03,85.58,-68.85,186.2,11.55,106.4,-47.43,1.405,58.0,86,0.2754,1,1
NEU-501551,TreatmentA,B01,111.65,-55.15,180.7,14.97,28.0,-40.07,0.902,48.3,80,0.7866,0,0
NEU-508627,Control,B02,103.51,-67.68,174.7,24.71,110.9,-41.73,0.69,58.6,90,0.3938,1,0
NEU-503052,TreatmentA,B02,91.05,-62.79,196.7,31.18,95.6,-40.16,1.337,41.3,94,0.7791,0,1
NEU-509306,Control,B02,137.84,-61.77,41.9,12.78,123.5,-42.44,1.129,30.2,87,0.3784,1,1
NEU-500906,TreatmentA,B01,83.42,-68.07,195.4,24.96,4.3,-36.14,0.793,34.6,80,0.3782,1,0
NEU-506806,TreatmentB,B01,120.77,-50.11,205.2,17.6,147.0,-39.75,1.654,68.7,97,0.729,1,0
NEU-508692,Control,B02,73.23,-61.02,241.9,12.91,108.1,-41.73,1.595,54.1,82,0.5667,1,0
NEU-508195,TreatmentA,B03,102.75,-53.99,173.3,19.46,163.0,-50.48,1.125,23.1,74,0.5226,0,1
NEU-502241,Control,B03,109.51,-55.43,69.4,38.55,116.7,-46.24,0.854,44.9,82,0.4384,1,0
NEU-505054,TreatmentA,B03,95.21,-63.34,92.6,12.75,105.6,-42.98,1.015,68.0,74,0.6471,1,1
NEU-509914,TreatmentA,B01,89.55,-62.18,638.4,19.06,86.9,-46.47,0.979,55.6,96,0.3017,0,0
NEU-505870,TreatmentA,B02,79.38,-69.51,226.1,13.96,126.6,-35.54,0.823,62.8,89,0.309,1,0
NEU-501339,Control,B03,120.49,-62.14,294.1,7.99,103.5,-36.34,1.137,14.6,77,0.4677,0,0
NEU-502488,TreatmentB,B01,98.24,-71.21,260.1,14.8,14.9,-38.22,0.964,69.2,94,0.4335,1,0
NEU-506959,TreatmentA,B02,103.35,-64.38,284.6,10.04,101.4,-41.17,0.644,46.9,73,0.0929,0,1
NEU-502341,TreatmentA,B01,72.12,-60.1,79.6,13.15,46.0,-39.98,0.973,69.1,90,0.5732,1,1
NEU-503331,TreatmentA,B02,77.96,-71.25,223.2,13.0,119.0,-39.4,1.134,75.3,92,0.2138,1,1
NEU-504481,TreatmentB,B03,123.44,-68.92,240.1,6.24,45.0,-47.79,1.061,75.1,75,0.1894,0,1
NEU-503610,TreatmentB,B03,100.51,-59.31,147.2,13.18,137.9,-45.69,0.717,68.3,94,0.3676,1,1
NEU-503895,TreatmentB,B01,103.37,-62.63,210.1,10.45,46.7,-40.48,1.16,52.8,82,0.4894,1,0
NEU-507985,TreatmentA,B02,89.79,-61.0,162.0,10.76,48.7,-39.05,0.995,51.0,77,0.0769,1,1
NEU-501737,TreatmentA,B03,94.69,-55.72,98.6,36.27,56.0,-44.98,0.745,48.0,87,0.2183,0,0
NEU-509023,TreatmentB,B03,83.32,-74.61,231.2,7.28,72.5,-31.68,1.095,64.9,91,0.5005,0,0
NEU-501303,TreatmentA,B03,97.31,-62.05,123.1,8.5,94.3,-33.61,0.992,44.0,81,0.2968,1,1
NEU-502265,TreatmentB,B01,89.22,-69.67,263.6,6.41,25.2,-43.8,0.797,55.3,101,0.1802,1,1
NEU-505770,TreatmentA,B02,122.9,-62.55,270.1,21.21,111.0,-34.1,0.609,53.8,91,0.5882,1,1
NEU-504654,TreatmentB,B01,84.18,-66.18,394.9,14.54,21.3,-46.89,1.58,80.3,98,0.5402,1,1
NEU-508308,TreatmentA,B03,82.37,-66.01,303.6,9.27,129.0,-45.2,1.091,38.4,73,0.3635,0,1
NEU-507971,Control,B03,94.18,-60.94,113.9,18.15,163.9,-42.6,1.071,35.3,80,0.4669,0,1
NEU-501014,TreatmentB,B02,100.57,-60.62,174.0,10.57,98.4,-47.13,1.012,76.8,78,0.3672,1,0
NEU-507041,TreatmentA,B01,64.11,-75.83,447.0,14.16,84.6,-44.27,0.795,59.6,84,0.4533,0,0
NEU-505191,Control,B01,96.52,-73.99,228.8,13.47,138.0,-35.88,0.498,25.0,80,0.4656,0,0
NEU-502032,Control,B03,87.22,-60.34,336.6,20.13,72.2,-44.27,1.315,37.6,88,0.368,1,0
NEU-500928,TreatmentA,B02,111.01,-62.19,186.2,8.94,130.2,-41.53,0.603,44.7,104,0.5593,0,0
NEU-502012,TreatmentA,B03,88.48,-59.84,150.9,8.31,75.7,-45.4,0.493,57.2,85,0.355,1,1
NEU-504174,Control,B03,79.74,-69.81,135.5,22.68,104.8,-41.22,0.786,44.4,87,0.3954,0,0
NEU-506730,Control,B01,79.9,-71.02,179.2,10.57,87.7,-44.94,0.825,61.1,89,0.226,1,1
NEU-503056,TreatmentA,B02,125.69,-65.9,359.5,13.23,64.4,-46.82,1.241,62.4,79,0.3771,1,0
NEU-503881,TreatmentA,B01,85.91,-69.11,152.5,29.85,104.0,-41.21,1.772,37.6,104,0.4123,1,1
NEU-503582,TreatmentB,B03,97.81,-61.64,220.9,12.35,72.2,-46.45,0.921,69.0,86,0.4694,0,1
NEU-509140,TreatmentB,B03,114.76,-67.84,115.0,11.57,88.5,-41.17,1.256,59.4,88,0.4659,1,1
NEU-504729,TreatmentB,B01,99.33,-63.34,119.0,11.55,80.2,-51.09,0.796,58.1,89,0.3578,0,1
NEU-507687,Control,B01,93.48,-61.27,169.8,4.37,148.0,-44.01,0.859,53.1,81,0.3363,1,1
NEU-509507,Control,B03,64.7,-64.54,188.1,6.51,170.7,-42.06,0.78,40.0,68,0.3232,0,1
NEU-503591,Control,B01,87.55,-60.23,213.5,13.65,153.5,-42.07,1.016,24.0,81,0.2123,1,0
NEU-506409,Control,B03,86.73,-71.02,102.7,13.19,159.0,-44.89,1.298,44.8,87,0.7743,1,0
NEU-501700,TreatmentB,B03,104.35,-66.95,246.5,27.33,85.3,-37.4,0.733,74.3,96,0.6512,0,1
NEU-507531,Control,B03,113.78,-69.57,299.8,12.28,124.3,-40.07,0.937,49.2,74,0.5,0,0
NEU-508368,Control,B03,98.08,-68.81,109.1,20.59,143.3,-42.78,1.018,54.8,115,0.4545,1,1
NEU-503356,TreatmentB,B01,74.7,-69.5,87.2,14.44,92.5,-45.04,1.042,57.2,82,0.2474,1,1
NEU-500291,TreatmentA,B02,127.86,-64.17,135.8,18.29,131.8,-43.74,0.907,48.5,88,0.6593,1,1
NEU-504532,TreatmentA,B01,92.91,-63.68,131.6,12.43,6.8,-33.97,1.179,39.9,89,0.6909,1,1
NEU-505974,Control,B01,103.85,-57.18,155.5,9.31,97.3,-40.35,1.14,42.0,88,0.3652,0,0
NEU-505160,Control,B01,92.7,-67.76,398.0,13.31,95.8,-40.48,1.22,61.3,81,0.4728,0,1
NEU-501085,Control,B01,114.17,-72.71,386.3,14.14,192.6,-44.36,0.611,19.5,92,0.1824,0,0
NEU-500833,Control,B01,74.35,-68.12,247.2,7.24,110.3,-41.79,1.28,64.3,85,0.1826,1,1
NEU-506280,TreatmentB,B01,99.43,-62.29,204.7,7.49,36.6,-38.03,0.755,50.6,92,0.3054,1,1
NEU-501619,TreatmentB,B03,97.84,-59.93,149.7,12.63,75.2,-44.32,1.102,73.5,104,0.431,1,0
NEU-507183,TreatmentA,B01,96.82,-58.59,254.7,6.44,56.5,-46.4,0.791,75.6,77,0.2907,0,0
NEU-505540,Control,B03,120.17,-71.16,83.4,19.1,142.3,-42.64,1.404,67.0,92,0.7511,1,1
NEU-506064,TreatmentB,B01,106.11,-68.98,85.1,10.68,124.7,-41.32,1.235,72.8,84,0.3829,1,1
NEU-507497,TreatmentB,B01,92.92,-64.39,171.0,14.21,66.1,-32.33,1.357,51.8,94,0.2547,0,1
NEU-507957,TreatmentA,B01,90.2,-59.71,108.6,9.94,140.0,-36.47,0.94,34.0,86,0.6262,1,0
NEU-503370,TreatmentB,B03,98.73,-73.91,130.5,14.41,106.3,-35.65,1.758,35.0,89,0.2653,1,0
NEU-508685,TreatmentB,B01,82.13,-72.41,58.6,12.77,43.4,-40.66,1.513,74.4,75,0.1523,1,0
NEU-503121,TreatmentB,B01,111.15,-70.32,131.8,20.7,63.1,-48.08,1.102,42.8,78,0.3856,1,0
NEU-502419,TreatmentA,B03,106.7,-67.82,184.4,19.28,62.4,-43.69,0.795,56.9,86,0.5096,1,1
NEU-506881,TreatmentB,B01,86.36,-67.1,103.2,13.45,64.7,-40.13,1.156,72.5,74,0.3821,1,0
NEU-502236,TreatmentB,B02,99.7,-64.32,165.1,18.03,-28.4,-47.38,0.98,67.6,95,0.1933,1,0
NEU-501406,TreatmentB,B03,87.92,-62.45,187.5,7.37,77.1,-41.54,1.413,74.9,80,0.596,1,0
NEU-503272,TreatmentA,B01,75.93,-69.36,229.4,10.09,160.7,-42.2,0.934,47.8,107,0.3139,0,1
NEU-506935,TreatmentA,B03,75.51,-79.11,231.8,6.45,79.5,-42.68,0.774,30.3,76,0.3655,0,0
NEU-508917,TreatmentA,B01,118.79,-72.33,190.5,12.92,64.4,-50.28,1.114,56.6,98,0.431,1,0
NEU-504833,TreatmentA,B03,106.06,-54.31,96.1,12.2,111.3,-45.06,0.68,49.0,85,0.4806,0,0
NEU-503281,TreatmentA,B02,70.2,-61.12,127.4,10.88,102.6,-34.73,1.035,55.9,77,0.4571,1,0
NEU-500488,Control,B03,92.77,-72.65,263.2,19.95,29.5,-41.6,1.023,32.4,82,0.1936,0,0
NEU-505754,Control,B01,91.36,-52.5,114.7,16.26,144.3,-45.64,0.981,34.0,85,0.3491,0,0
NEU-503765,Control,B01,74.51,-72.08,136.7,14.31,140.1,-48.36,1.576,34.7,84,0.4357,0,0
NEU-509526,TreatmentA,B01,93.49,-71.26,182.3,38.56,108.4,-50.9,1.041,60.7,80,0.5182,1,1
NEU-502078,TreatmentB,B01,119.33,-67.08,290.5,15.29,76.2,-39.67,0.883,58.4,91,0.4724,0,1
NEU-500265,TreatmentB,B02,82.52,-58.81,193.1,12.38,118.2,-51.53,1.13,81.1,81,0.406,1,1
NEU-509547,TreatmentB,B01,78.74,-66.83,266.7,18.07,60.8,-45.49,0.619,65.6,84,0.4651,1,1
NEU-507759,Control,B01,97.72,-65.8,272.6,16.5,77.5,-40.66,1.37,42.7,65,0.2577,0,1
NEU-507899,TreatmentB,B01,101.56,-62.37,187.4,8.96,103.8,-45.5,0.927,57.9,98,0.2763,1,1
NEU-500691,TreatmentB,B02,92.61,-61.14,131.6,11.14,81.0,-40.21,1.149,72.6,96,0.3549,1,0
NEU-501845,Control,B01,68.43,-63.76,118.7,5.8,176.1,-43.35,1.406,34.1,85,0.6651,0,0
NEU-509187,TreatmentB,B02,134.49,-56.37,338.8,12.03,23.6,-41.84,1.368,51.6,69,0.2192,0,0
NEU-505971,TreatmentB,B02,115.59,-67.43,87.5,8.18,19.6,-39.25,0.761,56.8,93,0.3069,1,1
NEU-506946,Control,B02,74.06,-63.33,149.0,11.35,-0.6,-42.38,1.752,48.8,79,0.6233,1,1
NEU-501275,TreatmentA,B03,117.32,-64.05,242.3,23.58,112.7,-42.8,1.198,61.5,81,0.4895,0,1
NEU-500199,TreatmentA,B02,103.05,-65.53,166.8,16.07,66.2,-40.63,1.087,61.6,82,0.349,0,1
NEU-508919,Control,B01,92.33,-64.06,145.2,17.83,93.2,-46.16,1.314,11.6,77,0.2617,0,0
NEU-505305,TreatmentB,B01,78.19,-66.39,511.6,11.52,86.6,-51.88,0.746,76.4,109,0.6404,0,1
NEU-500594,TreatmentA,B02,133.52,-58.8,199.3,18.58,73.0,-48.44,0.58,52.2,80,0.1768,0,0
NEU-503348,TreatmentB,B01,106.94,-67.15,89.5,22.05,69.7,-45.03,0.782,56.5,60,0.3647,1,1
NEU-508597,TreatmentB,B03,103.73,-64.36,136.8,10.03,51.5,-38.18,1.567,50.3,100,0.39,0,1
NEU-503657,TreatmentA,B02,79.02,-65.14,276.4,12.4,96.6,-44.1,1.19,50.3,84,0.6018,1,0
NEU-501759,TreatmentB,B02,113.16,-66.82,277.0,12.46,70.7,-47.9,0.95,71.6,84,0.3217,0,1
NEU-508053,Control,B03,97.86,-63.23,144.2,19.45,102.9,-44.44,1.046,48.9,76,0.4797,1,1
NEU-505199,Control,B02,95.2,-65.51,140.9,10.13,70.2,-41.4,1.136,41.2,82,0.86,0,0
NEU-508387,TreatmentB,B02,109.02,-62.15,130.7,6.88,127.9,-45.84,1.315,44.6,81,0.543,0,0
NEU-507634,TreatmentB,B02,97.71,-50.83,86.8,12.51,75.6,-47.69,0.838,51.8,89,0.1211,1,0
NEU-501353,TreatmentB,B02,97.61,-69.29,201.4,8.3,52.3,-41.14,0.719,68.5,87,0.4952,1,0
NEU-504996,TreatmentB,B03,82.13,-66.83,148.1,12.44,111.3,-45.12,1.489,68.6,75,0.2802,1,0
NEU-506734,TreatmentA,B03,104.12,-67.69,127.8,23.1,59.9,-41.25,0.73,70.0,94,0.4367,0,1
NEU-508772,Control,B02,114.25,-72.63,105.0,15.62,93.5,-45.96,1.451,39.7,101,0.3602,1,0
NEU-502873,TreatmentA,B01,119.32,-67.52,133.4,13.52,132.6,-31.37,1.442,53.3,85,0.3434,0,1
NEU-504858,TreatmentA,B03,93.87,-71.03,188.3,14.66,91.7,-45.58,0.83,68.6,87,0.4196,1,0
NEU-504965,TreatmentB,B03,95.59,-68.35,163.4,8.78,40.7,-32.5,1.86,37.9,94,0.1522,1,1
NEU-506507,Control,B02,99.53,-65.01,165.9,10.92,165.3,-41.49,1.216,40.5,92,0.267,1,1
NEU-506045,Control,B03,92.32,-66.48,285.4,12.85,116.5,-43.71,1.172,54.5,79,0.4087,0,0
NEU-504083,TreatmentB,B02,92.22,-63.28,58.5,8.67,101.1,-41.49,0.973,39.8,88,0.289,0,1
NEU-502838,Control,B02,89.02,-70.47,222.6,24.12,106.7,-47.1,1.216,12.1,108,0.493,0,1
NEU-509038,TreatmentB,B02,70.89,-66.94,110.5,29.9,27.8,-43.71,0.93,70.9,83,0.609,1,1
NEU-500364,TreatmentB,B01,102.77,-61.31,284.6,18.37,87.8,-37.62,1.269,61.9,74,0.3743,1,0
NEU-503929,TreatmentA,B03,88.94,-66.14,197.8,10.14,153.8,-40.84,1.034,51.6,81,0.3668,1,1
NEU-502956,TreatmentB,B01,91.88,-67.55,297.0,20.02,158.7,-42.49,0.874,43.4,89,0.1857,0,0
NEU-500235,Control,B01,124.54,-59.88,104.8,11.2,57.7,-45.58,1.057,51.9,77,0.4683,1,0
NEU-509092,Control,B01,121.45,-65.62,96.8,11.13,145.9,-42.37,1.08,35.4,94,0.3667,1,1
NEU-500845,TreatmentA,B03,106.0,-63.81,142.2,14.27,118.5,-41.67,1.617,52.5,75,0.2926,1,1
NEU-506753,TreatmentA,B02,99.34,-60.82,134.7,12.03,112.6,-43.95,0.665,61.1,78,0.1949,1,1
NEU-500398,TreatmentA,B02,106.08,-61.32,320.8,13.1,178.8,-43.08,1.446,67.3,102,0.207,0,1
NEU-500996,TreatmentB,B03,91.52,-73.76,87.1,14.0,29.5,-42.23,0.52,55.2,102,0.2475,1,0
NEU-503103,TreatmentB,B01,102.96,-63.83,55.5,16.22,45.4,-38.57,1.772,40.5,79,0.374,1,1
NEU-505839,TreatmentB,B03,125.43,-64.42,109.3,14.56,75.9,-42.94,0.615,56.6,73,0.3691,1,1
NEU-500342,Control,B02,90.09,-55.16,179.2,16.3,196.5,-41.11,0.763,42.3,72,0.2448,1,0
NEU-509811,TreatmentA,B03,85.36,-67.2,274.6,17.09,118.5,-47.54,1.087,23.6,83,0.1812,0,0
NEU-503137,TreatmentA,B02,90.33,-71.08,200.4,18.06,52.1,-44.05,1.48,56.2,81,0.3601,1,0
NEU-504958,Control,B02,98.49,-61.98,522.6,10.3,109.8,-40.2,0.898,59.1,85,0.1933,0,0
NEU-506706,TreatmentA,B03,102.96,-68.2,114.4,13.2,106.5,-35.76,1.26,37.8,64,0.5735,1,0
NEU-506645,Control,B02,82.41,-72.92,199.0,24.93,159.7,-41.48,1.007,20.6,80,0.4155,1,0
NEU-500595,TreatmentB,B01,112.53,-63.43,151.8,21.29,87.4,-36.99,0.867,63.0,82,0.4527,1,1
NEU-504776,TreatmentB,B01,138.55,-64.62,125.2,14.46,121.1,-40.2,1.155,71.6,84,0.4077,1,1
NEU-505782,TreatmentB,B01,131.35,-63.96,165.9,10.84,101.6,-43.14,1.419,67.7,80,0.691,1,1
NEU-509784,Control,B02,96.17,-57.99,426.3,17.14,73.8,-46.76,1.117,26.0,89,0.4122,0,0
NEU-504288,Control,B02,84.24,-65.96,242.4,11.96,192.4,-37.08,1.355,34.5,79,0.4239,1,1
NEU-507442,TreatmentB,B03,114.16,-67.18,267.6,11.48,97.2,-40.26,1.362,79.4,94,0.2686,1,1
NEU-505097,TreatmentA,B03,102.32,-61.52,255.8,30.92,128.7,-47.7,1.346,76.6,82,0.1722,1,0
NEU-501987,TreatmentB,B02,99.03,-66.1,118.6,10.64,73.1,-38.06,1.068,42.2,69,0.793,0,0
NEU-502162,Control,B02,109.96,-56.01,119.3,15.96,98.6,-40.89,1.199,48.7,91,0.1847,0,0
NEU-508829,TreatmentA,B03,110.72,-58.68,217.5,16.68,96.4,-39.59,0.921,49.7,83,0.5732,0,0
NEU-509600,TreatmentA,B01,85.84,-68.55,267.9,8.5,101.4,-49.43,0.808,56.8,111,0.4577,0,0
NEU-501575,Control,B03,95.26,-72.64,194.6,7.16,158.7,-42.12,2.322,42.6,97,0.3216,1,1
NEU-508498,TreatmentB,B03,102.71,-61.98,137.7,6.34,85.7,-37.09,1.49,35.8,89,0.3319,0,1
NEU-501495,TreatmentB,B02,106.71,-64.77,130.6,16.31,38.7,-46.87,1.032,67.8,95,0.1333,0,1
NEU-509273,Control,B02,120.0,-71.24,123.8,11.15,192.5,-42.38,1.18,56.8,84,0.6229,1,0
NEU-502411,Control,B03,81.27,-64.65,137.1,12.47,117.0,-39.78,1.082,30.2,91,0.5297,0,0
NEU-505237,TreatmentA,B03,79.19,-55.16,153.1,12.03,71.1,-49.66,1.129,45.8,84,0.438,1,0
NEU-506912,TreatmentB,B02,89.13,-61.57,282.1,26.94,16.1,-45.6,1.293,66.3,80,0.4813,1,1
NEU-504507,TreatmentA,B01,96.6,-62.66,200.4,14.29,154.9,-39.58,0.72,30.6,79,0.5831,0,1
NEU-505109,TreatmentA,B02,115.04,-62.73,81.4,15.39,108.9,-43.93,0.964,68.0,96,0.396,1,1
NEU-508211,TreatmentB,B02,110.67,-63.71,228.7,12.08,79.1,-42.97,0.972,52.0,105,0.3784,0,1
NEU-504137,TreatmentA,B02,105.34,-71.88,170.8,14.38,62.6,-47.99,0.806,58.1,98,0.3302,0,0
NEU-506977,TreatmentB,B03,118.53,-56.02,141.9,21.18,65.7,-39.79,0.744,66.5,94,0.6613,1,1
NEU-503685,TreatmentB,B03,111.95,-56.3,243.1,11.78,20.7,-50.56,0.601,51.2,90,0.3055,0,0
NEU-500535,TreatmentA,B01,113.25,-70.13,144.4,21.83,88.4,-43.88,1.388,41.1,85,0.3278,1,0
NEU-506082,TreatmentA,B01,87.41,-69.83,115.2,14.94,120.0,-46.7,1.123,32.9,93,0.2911,1,0
NEU-509341,Control,B03,107.39,-68.46,147.4,9.29,149.3,-45.17,0.867,29.1,66,0.5153,0,0
NEU-504231,TreatmentB,B01,107.15,-65.8,199.1,26.09,12.6,-47.27,0.776,65.1,91,0.5561,0,1
NEU-501381,Control,B03,86.28,-69.04,315.6,25.97,178.0,-40.98,1.333,30.5,87,0.3687,0,0
NEU-503323,TreatmentB,B03,104.4,-71.13,119.8,9.99,73.4,-32.59,1.514,94.9,79,0.2526,1,0
NEU-502813,TreatmentB,B03,104.24,-65.09,99.2,9.47,143.5,-41.92,1.571,51.6,82,0.4438,1,1
NEU-507079,TreatmentB,B02,107.41,-62.73,295.3,8.59,53.9,-43.72,1.045,72.6,87,0.605,1,0
NEU-503749,Control,B03,68.43,-68.26,646.4,10.59,120.1,-38.1,0.836,49.1,90,0.1798,0,1
NEU-505461,TreatmentB,B02,104.08,-64.21,220.7,10.19,82.1,-45.56,1.326,70.3,83,0.3031,0,1
NEU-506044,TreatmentB,B02,113.97,-69.82,159.6,15.34,81.8,-53.81,1.266,82.9,89,0.1905,1,0
NEU-507842,Control,B02,87.65,-65.26,321.4,17.68,126.8,-37.27,1.724,36.1,89,0.6291,0,1
NEU-508509,Control,B02,78.29,-61.62,123.4,14.05,109.9,-41.02,1.308,43.5,77,0.3153,1,1
NEU-502512,TreatmentB,B01,116.0,-58.18,146.0,22.63,73.9,-42.81,0.86,69.8,85,0.4537,0,0
NEU-505907,TreatmentA,B02,79.0,-67.28,113.7,14.1,30.7,-43.6,0.87,57.4,91,0.5757,1,1
NEU-504681,TreatmentB,B03,103.61,-66.39,390.7,16.28,95.1,-49.08,0.955,59.5,87,0.5669,0,1
NEU-502855,Control,B03,98.41,-70.7,148.4,9.14,224.1,-43.84,1.715,36.8,88,0.3786,1,1
NEU-502555,TreatmentB,B02,88.2,-60.66,121.1,8.95,115.2,-37.81,1.692,56.6,78,0.3896,1,1
NEU-501173,TreatmentA,B03,78.6,-67.13,220.1,12.09,94.4,-49.45,0.906,44.1,83,0.4405,0,1
NEU-500546,TreatmentB,B02,89.3,-62.25,184.2,12.67,82.9,-40.67,0.553,73.9,72,0.3891,0,1
NEU-501411,TreatmentA,B03,105.9,-58.58,215.7,12.31,26.4,-38.57,1.392,61.3,83,0.2011,1,0
NEU-503059,Control,B02,107.54,-67.7,110.5,13.57,134.7,-52.23,1.283,37.5,82,0.4667,0,1
NEU-506803,Control,B03,113.4,-70.74,160.9,19.79,72.0,-40.87,0.873,24.6,85,0.2596,0,0
NEU-504814,Control,B01,107.31,-60.0,198.6,18.11,155.4,-41.08,1.263,29.3,83,0.381,1,0
NEU-506426,TreatmentB,B03,104.29,-67.39,147.8,11.01,90.6,-46.97,0.814,42.0,80,0.4438,0,1
NEU-507768,TreatmentA,B02,109.99,-67.18,122.1,9.2,138.2,-42.65,1.127,45.1,93,0.4291,1,1
NEU-507318,TreatmentA,B03,80.92,-72.87,151.4,16.59,78.2,-38.12,1.102,48.9,79,0.4815,0,0
NEU-501725,Control,B03,82.81,-60.32,334.7,9.0,143.8,-38.44,1.141,52.3,87,0.5253,0,0
NEU-500471,TreatmentB,B01,93.46,-56.87,137.2,12.69,106.1,-46.75,1.482,63.6,73,0.5453,1,0
NEU-501634,TreatmentB,B01,91.71,-65.86,189.1,22.06,-5.4,-50.46,0.955,92.0,79,0.1499,1,0
NEU-505089,TreatmentB,B01,92.62,-56.16,164.4,15.44,72.3,-41.98,0.916,57.9,84,0.4223,1,0
NEU-504093,TreatmentB,B01,99.34,-74.05,188.8,31.45,79.6,-44.9,0.974,88.6,101,0.3495,1,0
NEU-503570,TreatmentB,B03,94.21,-69.25,119.8,23.83,93.0,-45.81,1.171,84.3,100,0.259,1,0
NEU-506639,TreatmentA,B02,94.77,-58.75,417.1,8.51,90.7,-43.02,0.904,47.7,96,0.1837,0,0
NEU-500536,TreatmentB,B02,83.38,-63.44,286.9,9.21,75.9,-41.71,0.938,59.5,96,0.2502,1,1
NEU-500856,Control,B01,83.87,-72.91,216.5,12.53,118.6,-40.06,1.191,61.5,80,0.3656,1,0
NEU-501135,TreatmentB,B01,121.07,-57.21,421.2,14.05,50.0,-40.06,1.267,60.7,78,0.2249,0,0
NEU-504104,Control,B01,80.89,-59.07,171.2,17.07,93.6,-42.79,1.595,47.3,84,0.2177,0,0
NEU-505349,TreatmentB,B01,108.39,-57.57,181.3,20.97,75.7,-42.72,1.092,67.6,84,0.316,0,0
NEU-505959,TreatmentA,B02,108.1,-67.18,348.1,13.2,128.0,-41.44,1.262,57.8,91,0.4779,0,0
NEU-506790,Control,B02,107.48,-68.29,262.8,15.08,154.8,-40.59,0.522,49.4,71,0.1845,0,0
NEU-501194,TreatmentB,B03,112.34,-60.48,195.2,12.75,50.1,-36.97,0.97,50.4,75,0.1673,1,1
NEU-502777,Control,B03,110.55,-56.54,161.0,19.2,100.0,-41.33,0.737,49.5,91,0.6373,0,0
NEU-504573,TreatmentA,B02,123.07,-63.99,463.7,8.27,115.1,-35.82,1.139,86.7,92,0.3509,0,1
NEU-508997,TreatmentA,B02,127.98,-72.95,198.8,11.18,130.5,-43.04,1.097,52.3,95,0.3066,0,0
NEU-501994,Control,B02,96.4,-69.42,448.0,12.61,161.0,-45.46,1.275,26.2,85,0.3888,0,1
NEU-501208,TreatmentA,B01,88.88,-60.67,106.1,8.95,118.3,-46.54,0.768,49.8,86,0.5404,0,0
NEU-509017,Control,B01,107.44,-65.52,170.7,19.63,114.8,-41.38,1.42,30.9,98,0.3888,1,1
NEU-507208,TreatmentA,B01,140.3,-66.94,149.0,11.53,89.5,-40.92,1.017,52.8,94,0.7287,0,0
NEU-500447,TreatmentA,B02,86.65,-70.96,226.7,19.22,114.6,-38.7,1.151,33.3,86,0.2392,0,0
NEU-506606,TreatmentA,B02,98.14,-54.43,413.6,12.66,193.7,-42.69,1.589,63.8,75,0.4134,1,0
NEU-500679,Control,B03,117.07,-78.59,247.8,15.92,107.1,-40.88,0.795,47.7,97,0.6862,0,0
NEU-502565,TreatmentA,B01,114.23,-68.41,207.3,11.22,123.5,-45.62,0.789,64.8,86,0.3575,0,0
NEU-505007,Control,B03,121.29,-69.22,275.4,7.46,59.4,-43.9,1.324,36.8,87,0.6831,0,0
NEU-500503,Control,B03,104.5,-65.56,150.8,17.95,102.1,-38.97,1.692,51.2,101,0.275,0,1
NEU-508309,TreatmentB,B01,92.45,-70.96,174.4,13.35,102.9,-43.52,1.445,44.4,81,0.3881,0,0
NEU-501061,Control,B02,74.69,-57.36,170.0,12.76,123.2,-39.99,1.231,49.4,90,0.5783,1,0
NEU-501373,Control,B02,93.21,-58.51,134.2,13.38,53.1,-40.78,0.922,70.7,98,0.5274,1,0
NEU-503149,TreatmentB,B01,150.68,-65.15,133.7,16.52,105.6,-42.71,0.961,54.0,96,0.2353,0,1
NEU-501769,TreatmentB,B01,109.64,-63.44,60.9,20.38,90.3,-38.29,0.806,47.3,94,0.3362,1,0
NEU-507461,TreatmentA,B03,79.52,-63.69,347.9,9.37,112.6,-41.13,0.74,50.7,86,0.3198,0,1
NEU-501884,TreatmentB,B01,108.34,-58.07,126.0,9.96,7.6,-41.43,1.339,82.6,87,0.4357,1,0
NEU-503516,Control,B01,103.8,-68.46,69.7,8.76,96.9,-44.59,1.099,20.1,72,0.4753,0,0
NEU-503885,TreatmentB,B02,102.2,-62.84,337.0,8.28,111.2,-41.16,1.933,41.5,93,0.3266,0,1
NEU-505712,Control,B01,105.61,-68.63,63.4,6.66,186.9,-40.83,0.795,36.6,75,0.3315,0,1
NEU-500313,TreatmentA,B02,94.05,-68.61,176.4,20.61,161.5,-46.35,0.722,33.2,81,0.4298,1,1
NEU-505162,TreatmentB,B02,103.53,-66.58,118.3,16.37,128.4,-41.0,0.913,74.8,80,0.5246,1,1
NEU-503822,TreatmentB,B03,97.07,-61.72,159.3,23.76,113.1,-38.34,0.997,52.8,77,0.3881,1,0
NEU-504952,TreatmentA,B03,99.83,-59.02,98.7,16.54,135.0,-39.59,1.632,54.7,108,0.6134,1,1
NEU-506928,Control,B03,105.8,-70.31,107.4,18.16,114.8,-40.98,0.863,37.1,85,0.7659,0,1
NEU-505351,TreatmentA,B01,117.62,-61.9,126.2,17.96,100.1,-50.01,0.873,49.1,78,0.2297,0,0
NEU-508209,TreatmentB,B02,117.15,-75.28,364.7,9.07,110.8,-48.11,0.549,97.5,80,0.4924,0,0
NEU-500644,TreatmentA,B02,99.52,-73.19,241.7,7.55,116.6,-42.31,1.214,68.0,85,0.4123,1,0
NEU-503841,TreatmentA,B03,90.74,-62.03,172.1,15.84,127.8,-41.53,1.25,48.8,91,0.435,1,0
NEU-502345,Control,B03,96.86,-55.42,218.7,16.08,57.8,-46.24,0.857,27.0,93,0.2032,0,0
NEU-501165,Control,B01,103.13,-65.67,71.2,7.86,165.8,-45.14,1.114,39.1,78,0.3103,0,1
NEU-509024,TreatmentA,B02,135.89,-72.13,154.1,11.13,99.1,-35.96,1.266,63.7,76,0.3971,1,0
NEU-504236,TreatmentB,B01,110.97,-65.53,307.9,8.68,115.6,-39.5,1.003,63.9,76,0.4825,1,0
NEU-509304,TreatmentA,B02,101.46,-67.46,487.8,7.69,153.8,-47.26,1.598,43.9,99,0.3776,0,1
NEU-504534,Control,B01,98.08,-65.29,364.9,18.98,124.4,-44.12,1.2,34.8,93,0.2996,0,0
NEU-509331,TreatmentB,B01,88.98,-65.34,127.4,22.58,35.3,-40.23,0.61,36.6,80,0.2725,0,1
NEU-503837,Control,B01,93.92,-56.94,398.7,23.72,99.5,-39.06,1.97,42.9,81,0.3931,1,0
NEU-504460,Control,B02,74.29,-63.8,214.7,13.01,112.9,-39.01,1.248,18.2,92,0.5063,0,1
NEU-505037,TreatmentB,B01,97.75,-65.0,131.1,7.31,88.3,-38.01,1.197,56.3,91,0.5437,1,0
NEU-500230,TreatmentA,B01,113.35,-60.77,178.8,16.31,170.3,-39.07,0.611,67.2,94,0.2592,1,0
NEU-502910,Control,B02,106.84,-65.78,195.5,9.45,185.9,-32.6,1.189,54.9,88,0.369,1,1
NEU-506835,TreatmentA,B01,101.02,-66.09,304.9,19.41,93.7,-44.3,1.641,53.8,97,0.6444,1,1
NEU-504300,Control,B01,81.24,-63.98,170.1,5.94,161.0,-41.89,0.781,44.2,78,0.562,0,0
NEU-508297,TreatmentB,B02,95.28,-62.66,159.7,9.2,138.3,-34.24,0.851,51.8,99,0.3692,1,0
NEU-501861,Control,B02,85.89,-60.46,167.5,9.41,160.1,-37.03,0.725,45.8,91,0.355,0,1
NEU-506310,TreatmentA,B01,122.5,-65.27,226.2,13.73,80.3,-44.51,0.741,42.0,80,0.2702,0,1
NEU-509649,Control,B03,108.08,-66.24,111.9,8.56,55.1,-45.92,1.121,72.6,88,0.2412,1,1
NEU-501821,TreatmentA,B01,98.33,-66.44,78.2,9.72,120.4,-44.3,0.985,39.5,77,0.5178,0,1
NEU-502385,TreatmentB,B03,107.02,-49.26,96.5,13.91,123.1,-45.98,1.017,69.8,90,0.4774,1,0
NEU-503948,Control,B01,119.33,-62.48,102.9,7.11,191.9,-39.89,1.038,26.5,93,0.4247,0,0
NEU-507156,Control,B02,105.56,-66.59,129.3,9.98,77.6,-33.01,0.756,48.8,88,0.2292,0,1
NEU-503835,TreatmentA,B01,88.3,-65.79,149.8,10.27,108.5,-41.29,0.722,87.6,94,0.3516,1,1
NEU-500728,Control,B02,96.94,-57.61,128.3,9.3,127.7,-39.63,1.359,58.2,77,0.4901,1,0
NEU-502909,Control,B02,84.35,-69.76,117.0,16.51,89.3,-39.44,0.862,49.9,79,0.5362,1,1
NEU-504899,TreatmentA,B01,96.98,-62.21,168.4,22.22,150.7,-50.33,1.121,46.8,95,0.3546,1,0
NEU-503413,TreatmentA,B02,78.28,-60.56,154.0,26.15,5.5,-39.34,1.646,34.3,89,0.4065,0,0
NEU-508663,TreatmentB,B03,117.81,-56.59,167.5,18.61,130.6,-42.65,0.777,29.7,107,0.5083,0,0
NEU-505546,TreatmentA,B02,86.46,-65.02,166.1,30.68,68.4,-45.17,1.472,54.9,96,0.2739,1,0
NEU-509389,TreatmentA,B02,104.21,-64.8,328.6,16.08,52.6,-40.69,1.166,47.7,81,0.5228,0,1
NEU-500237,TreatmentA,B01,107.08,-69.46,101.7,6.28,122.1,-38.63,0.859,48.5,91,0.5046,1,0
NEU-503978,TreatmentB,B03,95.85,-73.03,108.1,17.62,20.5,-43.58,1.483,82.2,84,0.256,1,0
NEU-502592,TreatmentB,B03,85.31,-67.04,87.7,8.05,123.2,-35.52,1.145,69.4,78,0.2243,1,1
NEU-503805,Control,B01,83.8,-60.59,377.9,9.46,107.8,-41.19,1.104,40.8,100,0.4363,0,0
NEU-509987,TreatmentB,B01,95.91,-60.25,175.3,15.95,62.1,-48.4,1.156,51.7,90,0.3177,0,0
NEU-505809,TreatmentA,B03,107.23,-69.08,309.1,13.3,100.4,-40.8,1.248,57.8,98,0.3676,1,1
NEU-503659,TreatmentA,B03,98.04,-61.31,164.4,18.74,140.9,-38.73,1.14,59.7,87,0.2763,0,0
NEU-509903,Control,B01,95.77,-68.22,142.1,14.96,135.0,-39.81,1.103,52.8,75,0.3106,0,0
NEU-502977,Control,B02,95.38,-65.09,430.0,9.16,159.5,-46.23,0.917,45.0,83,0.2018,0,1
NEU-506072,TreatmentA,B02,98.69,-69.31,252.6,25.48,63.1,-39.34,0.7,40.6,103,0.4279,0,1
NEU-508755,TreatmentA,B01,122.41,-67.53,113.8,17.77,86.2,-44.94,1.353,43.0,93,0.2523,1,0
NEU-507422,Control,B02,96.84,-66.13,71.4,25.55,86.9,-41.45,1.416,61.1,76,0.3679,0,0
NEU-503535,TreatmentA,B03,98.89,-56.72,192.1,19.52,126.9,-49.91,0.928,37.8,93,0.1228,0,0
NEU-500344,TreatmentB,B03,91.51,-61.97,246.2,18.72,81.1,-44.75,0.771,48.9,82,0.3693,1,1
NEU-509068,TreatmentB,B01,92.08,-64.38,217.1,12.37,82.6,-36.65,0.823,55.5,89,0.5418,0,1
NEU-501181,TreatmentB,B02,67.22,-67.41,51.4,12.03,50.3,-43.64,0.874,76.2,92,0.2284,1,1
NEU-502444,TreatmentB,B02,136.48,-63.66,167.4,3.82,64.6,-42.52,0.975,57.0,71,0.5771,0,0
NEU-507086,TreatmentB,B01,105.84,-72.12,176.9,24.16,61.3,-38.26,1.504,76.6,103,0.6408,1,1
NEU-507024,TreatmentB,B01,91.76,-60.38,207.2,19.97,111.0,-45.89,1.021,56.5,82,0.3666,0,0
NEU-500817,TreatmentB,B03,77.92,-58.85,269.3,9.33,161.1,-42.31,1.176,67.6,86,0.8468,1,0
NEU-506829,TreatmentB,B01,101.35,-70.06,372.9,21.27,122.6,-40.11,1.108,58.9,77,0.4177,1,0
NEU-502787,TreatmentA,B01,92.8,-69.74,398.3,8.31,141.6,-37.57,0.752,39.2,99,0.2732,0,1
NEU-509685,TreatmentA,B03,103.56,-59.44,115.1,25.6,126.8,-42.72,0.907,47.7,98,0.5747,1,1
NEU-505545,TreatmentA,B01,121.89,-63.03,164.8,10.17,226.2,-35.76,1.26,42.7,98,0.2907,1,1
NEU-503512,Control,B02,101.23,-69.89,165.0,5.58,98.8,-37.3,1.038,16.2,85,0.3728,0,1
NEU-500946,TreatmentB,B02,95.01,-76.02,148.0,12.69,103.8,-46.58,1.199,57.8,86,0.3218,0,0
NEU-501148,Control,B02,94.23,-64.47,249.5,10.96,113.8,-42.18,1.352,30.8,89,0.4398,0,1
NEU-506358,TreatmentB,B01,92.77,-65.19,340.2,13.83,86.6,-43.43,0.726,74.7,77,0.2835,0,1
NEU-505039,TreatmentA,B01,101.33,-68.8,136.3,8.87,54.6,-37.49,1.618,64.8,89,0.1499,1,1
NEU-509305,Control,B01,99.36,-65.72,166.1,13.55,100.4,-41.9,1.166,36.0,79,0.4165,0,1
NEU-502187,TreatmentB,B03,79.78,-65.62,244.7,15.2,111.2,-44.04,1.398,61.0,91,0.5289,1,1
NEU-509332,TreatmentA,B01,104.14,-74.84,89.7,15.79,105.3,-42.66,1.046,43.2,83,0.5295,1,0
NEU-507562,TreatmentB,B01,111.71,-63.51,153.6,10.36,65.6,-48.18,1.077,56.6,96,0.6486,1,0
NEU-501206,TreatmentA,B02,113.11,-60.58,290.8,15.08,87.2,-39.14,1.754,77.8,61,0.2877,1,0
NEU-504804,TreatmentB,B03,95.79,-71.39,174.7,15.27,119.2,-41.42,0.881,70.2,93,0.0994,1,0
NEU-506682,Control,B03,79.72,-61.35,156.8,14.88,194.3,-41.27,1.22,39.6,88,0.4664,1,1
NEU-501233,TreatmentA,B02,116.57,-67.69,336.0,9.72,167.1,-50.16,1.084,37.7,87,0.1902,0,1
NEU-509978,TreatmentB,B03,100.05,-60.16,303.3,16.1,40.6,-40.97,1.588,52.3,77,0.6478,1,0
NEU-502595,TreatmentB,B02,67.73,-71.1,166.8,19.89,118.8,-34.29,1.006,55.2,81,0.366,0,0
NEU-504434,TreatmentA,B03,129.79,-68.0,267.9,13.13,127.9,-42.43,1.031,59.2,80,0.3686,1,1
NEU-505823,TreatmentA,B02,105.47,-61.92,234.4,7.1,130.8,-44.81,1.63,61.0,79,0.5263,1,0
NEU-509250,TreatmentA,B01,119.28,-63.35,234.1,11.28,94.0,-46.91,1.18,51.3,84,0.5073,0,0
NEU-508265,Control,B03,91.65,-59.32,71.4,21.52,120.1,-34.5,1.13,30.6,82,0.3898,0,1
NEU-500733,TreatmentB,B02,108.52,-60.42,344.6,5.54,64.0,-39.57,1.85,43.7,82,0.4085,0,0
NEU-507367,TreatmentB,B02,110.42,-56.91,193.1,14.75,154.8,-37.37,1.097,72.6,93,0.3465,0,0
NEU-503092,Control,B03,80.49,-64.42,316.0,6.98,157.3,-41.79,1.161,27.2,75,0.4514,0,1
NEU-500469,Control,B01,114.88,-65.97,233.0,8.01,151.4,-39.65,0.925,23.2,100,0.3548,0,0
NEU-501001,TreatmentB,B02,130.89,-67.79,221.8,12.79,126.2,-39.06,0.951,40.4,78,0.4504,0,1
NEU-504020,TreatmentA,B03,117.18,-62.99,127.7,11.3,144.4,-43.42,0.867,41.6,88,0.2699,1,1
NEU-506289,TreatmentA,B01,100.5,-65.63,234.6,11.98,100.9,-49.19,1.195,49.2,80,0.2363,1,1
NEU-505799,TreatmentB,B01,99.8,-57.33,373.4,16.13,113.7,-40.13,0.615,64.3,89,0.4561,0,0
NEU-503649,Control,B03,129.76,-65.8,259.5,12.53,204.1,-44.26,1.049,31.7,87,0.4455,1,1
NEU-509336,TreatmentB,B01,84.98,-64.52,251.5,18.71,105.9,-37.8,1.277,49.7,70,0.431,1,1
NEU-503501,TreatmentB,B01,88.45,-63.36,159.6,17.21,35.2,-40.05,1.29,53.5,66,0.7439,0,1
NEU-509605,Control,B01,82.76,-63.16,214.1,17.52,188.2,-47.76,0.906,7.9,72,0.6399,0,1
NEU-506566,TreatmentA,B02,81.0,-68.89,270.8,6.09,107.5,-43.7,1.815,54.4,96,0.6458,0,0
NEU-505874,TreatmentA,B01,100.64,-67.42,60.9,15.57,109.9,-44.13,0.705,40.5,80,0.2417,1,1
NEU-504597,TreatmentB,B01,101.25,-66.91,204.5,37.2,61.6,-44.84,0.998,71.5,72,0.438,1,1
NEU-509718,TreatmentB,B03,100.21,-61.46,292.0,17.09,89.0,-35.24,0.97,78.1,85,0.4804,1,1
NEU-509075,Control,B02,86.88,-70.68,174.7,9.58,219.8,-46.27,1.31,38.0,81,0.2762,1,1
NEU-508606,Control,B01,100.74,-65.61,193.9,12.43,106.3,-52.01,0.734,49.3,94,0.3573,0,0
NEU-503612,Control,B01,115.36,-52.9,248.2,27.24,77.8,-45.53,2.319,44.4,79,0.2434,1,0
NEU-500072,Control,B02,119.82,-66.46,205.0,15.02,165.8,-39.85,0.824,46.6,84,0.4311,0,1
NEU-503871,Control,B01,114.4,-66.84,102.0,15.2,143.4,-43.28,1.273,35.8,88,0.447,1,1
NEU-505412,TreatmentA,B02,103.77,-62.78,190.9,17.93,97.2,-35.29,0.85,45.1,89,0.422,0,1
NEU-509682,TreatmentA,B02,90.78,-65.12,166.0,14.26,143.1,-46.26,1.447,41.0,83,0.4725,1,1
NEU-509704,TreatmentB,B01,67.29,-67.42,99.2,17.12,111.5,-41.07,0.999,66.4,74,0.332,1,1
NEU-500479,TreatmentB,B02,113.21,-51.87,273.0,9.64,76.3,-36.69,0.922,70.3,81,0.1587,1,0
NEU-508467,TreatmentA,B01,123.5,-64.86,138.0,32.94,155.0,-39.72,0.97,39.0,102,0.5342,0,1
NEU-509408,TreatmentA,B02,99.72,-68.25,320.2,8.14,99.6,-43.58,1.425,43.1,101,0.4503,0,0
NEU-508638,TreatmentA,B02,90.96,-65.67,215.9,15.98,101.6,-46.37,0.787,60.1,98,0.7077,1,1
NEU-500801,Control,B02,110.97,-74.56,283.2,19.17,197.9,-42.92,1.552,31.4,71,0.3913,0,0
NEU-509645,Control,B01,110.18,-67.67,399.8,16.68,152.7,-41.93,0.726,33.7,94,0.452,0,1
NEU-506742,Control,B03,121.12,-58.72,167.8,21.92,124.7,-35.92,0.753,32.3,104,0.2694,0,0
NEU-500254,Control,B02,137.34,-61.37,376.7,7.55,65.4,-45.84,0.865,33.9,76,0.4309,0,0
NEU-506132,TreatmentA,B03,108.12,-74.35,183.8,7.22,191.5,-49.72,0.795,44.4,71,0.3188,0,1
NEU-509179,Control,B03,115.54,-64.05,137.1,15.91,123.6,-45.25,1.241,42.4,86,0.366,1,1
NEU-506666,Control,B02,103.76,-60.32,257.4,14.24,158.1,-44.41,0.586,29.9,87,0.3246,0,0
NEU-508618,Control,B01,118.5,-65.02,173.5,10.47,133.2,-33.21,1.458,47.8,68,0.6568,1,0
NEU-503992,TreatmentB,B01,90.45,-65.35,125.3,22.28,59.9,-37.5,1.573,78.6,90,0.5268,1,1
NEU-508868,Control,B02,117.01,-65.99,224.4,11.67,56.4,-37.53,1.292,41.1,95,0.6585,0,0
NEU-501376,TreatmentA,B01,88.71,-79.09,167.9,7.32,90.7,-42.28,1.027,58.3,85,0.4958,0,0
NEU-506866,TreatmentA,B02,111.04,-59.65,122.8,16.76,108.8,-46.58,0.858,76.5,76,0.5357,0,1
NEU-502795,Control,B02,92.28,-56.76,183.4,12.29,152.7,-42.24,1.459,70.4,96,0.5698,1,0
NEU-508620,TreatmentA,B01,79.66,-63.67,276.9,14.12,144.4,-39.9,0.613,58.9,104,0.2606,0,1
NEU-503487,Control,B01,89.73,-71.08,83.7,10.87,76.1,-47.04,0.804,54.9,96,0.3366,0,0
NEU-501910,TreatmentB,B01,98.03,-61.55,208.7,13.71,5.1,-36.87,1.144,69.8,93,0.5903,0,1
NEU-500986,Control,B02,101.25,-65.76,311.6,7.55,133.0,-40.73,1.056,42.8,86,0.4063,0,1
NEU-505070,Control,B03,78.56,-67.6,110.7,26.52,133.0,-55.44,1.941,54.6,91,0.4697,1,1
NEU-508069,TreatmentA,B02,120.05,-76.96,413.6,15.48,57.1,-39.32,0.957,33.5,89,0.0649,0,0
NEU-509864,TreatmentA,B03,104.06,-62.84,209.5,7.19,119.6,-41.91,1.899,24.5,91,0.4414,0,1
NEU-504575,TreatmentA,B02,94.64,-56.51,206.9,11.14,122.2,-38.45,0.963,66.4,72,0.3633,1,0
NEU-506860,Control,B02,98.63,-74.97,198.4,17.0,183.5,-40.66,0.995,38.9,81,0.4655,0,0
NEU-501442,TreatmentB,B02,114.56,-60.9,48.3,28.2,43.0,-46.12,1.655,57.4,83,0.1859,1,0
NEU-506655,TreatmentA,B02,94.63,-58.88,218.0,22.07,81.2,-42.25,1.016,41.9,86,0.2785,0,0
NEU-503731,TreatmentA,B03,111.73,-65.56,197.5,14.25,38.7,-42.51,0.905,49.6,88,0.1169,0,1
NEU-508651,TreatmentB,B02,120.66,-60.75,95.5,18.23,66.8,-44.49,0.94,61.7,89,0.1877,1,0
NEU-507883,Control,B03,113.4,-52.71,158.7,8.9,159.4,-33.42,1.003,29.0,90,0.5971,1,0
NEU-508004,TreatmentA,B01,99.61,-60.7,80.8,14.92,56.9,-46.22,0.966,31.9,85,0.2956,0,0
NEU-502075,TreatmentB,B01,105.99,-62.75,180.7,11.57,66.6,-44.27,0.951,63.3,92,0.3951,1,1
NEU-502867,Control,B03,88.27,-68.47,353.0,20.32,118.7,-44.79,0.78,62.7,89,0.4579,0,1
NEU-505999,Control,B01,99.93,-56.51,298.8,21.51,125.1,-40.4,0.747,44.2,100,0.4511,0,1
NEU-504422,Control,B01,91.94,-66.1,186.7,10.52,52.9,-42.59,0.994,57.2,61,0.4743,1,0
NEU-501361,TreatmentA,B03,105.15,-57.01,189.3,20.15,76.0,-39.85,1.359,67.5,109,0.1994,1,0
NEU-505973,TreatmentB,B02,124.71,-60.52,244.5,6.9,117.0,-41.08,0.905,61.3,90,0.3558,0,0
NEU-505485,TreatmentA,B02,81.82,-61.43,200.8,21.84,105.2,-41.89,0.938,44.7,88,0.4576,0,1
NEU-500024,TreatmentB,B02,119.09,-66.61,83.1,13.28,6.1,-39.51,1.179,55.4,86,0.4366,1,1
NEU-501231,TreatmentA,B03,117.79,-69.01,403.7,13.83,73.5,-45.21,0.876,35.7,88,0.3889,0,1
NEU-502441,TreatmentB,B02,105.67,-65.62,146.5,7.88,109.1,-41.2,0.717,50.6,95,0.4394,1,1
NEU-507526,TreatmentA,B01,70.1,-63.95,61.2,11.93,61.3,-43.94,1.132,57.4,85,0.2887,1,1
NEU-500187,TreatmentB,B03,114.28,-54.84,264.4,24.67,118.3,-41.98,1.444,53.4,80,0.2049,1,0
NEU-503901,TreatmentB,B01,96.76,-60.81,152.9,12.34,71.1,-40.22,1.009,45.1,76,0.2248,0,1
NEU-506527,TreatmentB,B01,120.56,-69.4,283.4,20.75,68.2,-42.27,1.528,53.5,93,0.3788,1,0
NEU-500806,TreatmentA,B02,87.29,-64.44,239.2,19.57,62.5,-47.83,1.484,81.9,75,0.2903,1,0
NEU-505523,TreatmentB,B01,121.95,-65.96,158.2,10.49,38.1,-42.09,0.488,57.6,88,0.3935,1,1
NEU-506220,Control,B01,105.03,-64.03,81.0,19.11,93.2,-44.39,1.109,30.4,77,0.5944,1,1
NEU-509429,Control,B01,76.54,-61.86,365.2,20.72,121.7,-50.03,0.893,33.9,98,0.315,0,0
NEU-502067,TreatmentB,B01,121.05,-62.99,191.7,9.55,59.7,-43.09,0.723,43.4,77,0.4187,1,1
NEU-509690,TreatmentB,B01,114.61,-64.3,303.0,9.33,0.5,-43.64,1.091,79.7,80,0.2423,0,1
NEU-501601,TreatmentB,B01,100.36,-64.42,77.5,15.09,60.6,-48.55,0.609,66.2,76,0.5379,0,1
NEU-501998,Control,B03,85.2,-59.4,183.1,8.73,124.9,-39.78,0.602,47.6,91,0.6959,0,0
NEU-506355,TreatmentB,B02,100.65,-59.85,127.2,9.52,105.2,-38.68,1.539,50.7,83,0.3854,1,1
NEU-508158,TreatmentB,B01,96.84,-67.88,93.1,7.8,75.5,-46.0,1.593,57.1,75,0.6513,1,0
NEU-501120,Control,B02,109.32,-68.72,130.2,19.37,86.2,-46.86,0.863,21.4,71,0.214,0,0
NEU-502771,Control,B02,97.32,-63.64,201.4,17.18,105.1,-30.43,1.206,64.5,86,0.3042,1,0
NEU-506055,TreatmentB,B02,116.21,-60.52,348.8,7.58,78.1,-39.72,0.764,85.1,98,0.2834,1,1
NEU-500203,TreatmentA,B01,85.93,-58.73,198.5,23.95,114.4,-45.16,1.268,17.5,85,0.5143,0,1
NEU-508229,TreatmentB,B01,115.77,-69.95,123.2,11.28,42.3,-41.91,1.232,79.2,94,0.5523,1,0
NEU-508136,TreatmentB,B02,94.8,-63.6,198.7,20.98,29.0,-36.25,1.112,60.4,102,0.4039,1,1
NEU-509920,TreatmentA,B02,103.08,-56.51,95.9,35.76,111.9,-37.62,1.227,67.3,87,0.6149,1,1
NEU-509529,TreatmentB,B01,111.8,-66.18,78.4,15.54,58.5,-45.5,2.066,55.2,77,0.3146,1,1
NEU-500997,TreatmentA,B03,103.66,-65.29,365.4,17.08,6.5,-40.08,1.6,63.3,86,0.36,0,1
NEU-505443,TreatmentB,B03,81.97,-63.21,187.7,19.35,78.4,-42.59,0.73,66.4,70,0.3948,0,1
NEU-505168,Control,B01,96.07,-54.15,167.5,10.66,116.9,-39.77,1.03,39.9,101,0.2905,1,0
NEU-502628,TreatmentB,B01,104.78,-65.55,70.7,16.81,40.2,-42.51,0.824,78.3,95,0.174,1,0
NEU-500427,Control,B03,106.98,-67.1,248.5,16.35,38.7,-46.94,0.869,27.9,65,0.4786,0,1
NEU-501356,TreatmentA,B03,114.31,-68.73,448.2,24.31,92.9,-40.96,1.842,59.5,81,0.3237,1,0
NEU-509879,TreatmentB,B02,75.4,-71.3,199.8,11.53,83.4,-42.56,0.891,57.7,80,0.6859,0,0
NEU-500528,TreatmentA,B03,107.73,-70.35,149.7,23.97,48.9,-40.49,1.216,75.5,84,0.2609,1,0
NEU-501337,TreatmentA,B03,110.69,-69.57,300.3,12.53,81.0,-38.4,0.751,60.4,92,0.3518,0,1
NEU-506915,TreatmentB,B03,101.4,-66.17,189.1,7.31,33.4,-50.36,1.023,51.0,100,0.323,1,0
NEU-505421,Control,B01,83.83,-62.94,169.0,23.53,143.4,-48.06,1.421,46.0,85,0.1445,0,0
NEU-506708,Control,B01,94.39,-70.4,236.1,12.59,140.2,-42.52,0.956,41.7,85,0.5748,0,1
NEU-500552,TreatmentB,B02,93.32,-73.16,162.4,14.29,85.7,-41.24,0.703,63.6,97,0.4725,1,0
NEU-508134,TreatmentB,B02,87.01,-63.58,410.2,14.69,26.0,-45.25,1.226,36.3,83,0.4781,0,1
NEU-509799,TreatmentA,B02,97.89,-64.41,223.0,9.26,86.6,-39.46,1.098,73.2,90,0.2167,0,1
NEU-507147,Control,B03,114.11,-66.56,330.6,9.09,118.9,-40.05,1.411,28.5,87,0.2415,0,1
NEU-505978,TreatmentB,B02,99.37,-75.45,171.4,13.93,88.9,-39.6,1.395,59.8,79,0.3721,1,0
NEU-509301,Control,B01,101.46,-67.06,242.8,11.67,120.0,-45.27,0.757,37.6,86,0.302,0,1
NEU-505322,TreatmentA,B02,97.29,-66.13,131.9,19.82,67.1,-40.19,1.025,39.5,88,0.4843,0,1
NEU-502520,Control,B02,84.0,-66.19,243.2,18.22,175.9,-41.93,1.246,51.8,104,0.453,0,1
NEU-502692,TreatmentA,B03,82.7,-57.47,209.2,13.22,53.1,-47.27,0.758,45.4,87,0.5743,0,0
NEU-503740,Control,B02,100.18,-71.28,242.1,12.97,109.3,-44.41,0.573,25.9,75,0.1864,0,0
NEU-501326,TreatmentA,B02,112.55,-68.05,117.4,14.32,93.5,-44.31,1.345,66.5,81,0.6758,1,0
NEU-509259,Control,B02,101.36,-56.56,64.3,11.41,122.9,-39.29,1.504,55.0,83,0.628,1,0
NEU-502880,TreatmentA,B02,104.05,-64.47,195.3,14.63,109.6,-39.2,1.393,44.7,83,0.4717,0,1
NEU-500243,TreatmentA,B01,73.61,-63.47,194.8,10.94,-3.1,-37.38,1.624,54.0,76,0.3536,1,1
NEU-508074,TreatmentB,B03,85.83,-63.42,234.4,14.65,97.3,-42.27,1.651,53.7,86,0.7035,0,1
NEU-508365,Control,B01,98.15,-73.29,157.2,12.62,64.9,-36.1,1.017,33.4,74,0.2287,0,0
NEU-505780,TreatmentB,B01,93.2,-65.42,269.3,17.07,25.3,-44.77,1.506,57.6,77,0.4305,0,1
NEU-502637,TreatmentA,B01,97.93,-56.26,135.5,13.21,126.9,-37.63,1.8,60.3,91,0.2032,1,1
NEU-500394,Control,B02,108.49,-65.4,197.7,10.59,186.9,-38.52,1.036,44.7,77,0.4413,1,1
NEU-505652,TreatmentB,B01,93.99,-68.85,244.0,12.84,100.7,-38.88,0.834,73.9,84,0.5418,1,0
NEU-500662,TreatmentB,B01,78.49,-64.66,85.6,11.77,97.9,-44.19,0.717,42.1,84,0.216,0,1
NEU-506924,TreatmentB,B03,116.62,-68.03,428.9,13.55,59.2,-45.01,0.706,67.7,90,0.4527,0,0
NEU-502721,Control,B02,81.43,-68.42,358.7,9.23,108.9,-43.4,0.863,34.5,70,0.504,0,0
NEU-502606,TreatmentB,B02,113.83,-69.29,208.8,13.46,48.1,-45.89,1.372,73.1,74,0.4647,1,1
NEU-500204,TreatmentA,B03,60.49,-65.76,265.7,14.47,111.4,-51.11,0.562,53.4,82,0.2985,1,0
NEU-506529,TreatmentB,B03,111.75,-67.13,373.0,9.53,107.0,-39.99,0.829,74.1,72,0.601,0,0
NEU-500800,TreatmentA,B03,88.18,-65.87,154.0,8.22,42.5,-35.45,0.839,47.9,74,0.3211,0,1
NEU-505743,TreatmentB,B02,102.79,-73.8,108.7,8.52,52.8,-44.17,0.767,53.2,86,0.3558,1,0
NEU-501385,TreatmentA,B01,111.54,-55.53,131.6,8.79,86.8,-50.3,0.865,56.9,96,0.4466,1,0
NEU-504335,TreatmentA,B03,103.68,-71.15,161.2,16.49,97.8,-44.62,0.816,53.4,91,0.3765,0,0
NEU-508875,TreatmentB,B01,112.16,-70.28,162.2,14.39,113.6,-39.81,0.747,59.6,75,0.6238,0,1
NEU-505597,TreatmentB,B03,77.73,-64.67,292.5,15.5,10.0,-45.33,0.868,22.7,83,0.5386,0,1
NEU-504983,Control,B01,108.28,-74.05,183.0,12.59,75.8,-48.61,0.728,55.1,86,0.2914,0,1
NEU-507637,TreatmentA,B01,83.62,-67.23,202.8,13.06,61.4,-42.7,1.532,34.3,87,0.3044,1,1
NEU-501755,Control,B02,90.24,-68.78,582.2,22.92,168.3,-43.46,1.661,53.4,78,0.268,0,0
NEU-504724,Control,B03,100.1,-62.46,129.1,21.9,74.0,-41.99,0.704,25.8,77,0.6584,0,1
NEU-506886,Control,B01,77.25,-69.61,100.5,11.31,119.3,-40.83,1.289,55.7,98,0.3353,0,0
NEU-501563,Control,B02,119.7,-62.12,105.9,15.53,139.3,-47.56,1.133,53.1,84,0.1899,1,0
NEU-503147,TreatmentB,B03,133.32,-74.84,116.1,15.56,101.7,-48.12,1.167,57.7,90,0.3534,0,0
NEU-509908,Control,B02,112.65,-66.75,220.9,7.5,184.7,-46.77,1.003,64.3,95,0.3665,1,1
NEU-502633,TreatmentA,B02,111.37,-65.47,94.2,12.37,96.3,-40.75,1.169,58.4,88,0.509,1,1
NEU-508092,TreatmentA,B02,88.82,-72.05,121.5,7.96,90.4,-39.75,1.359,85.9,88,0.4994,1,0
NEU-506859,TreatmentA,B03,95.42,-82.32,100.2,29.35,79.0,-39.53,1.305,59.1,71,0.263,1,0
NEU-505816,Control,B03,84.97,-56.52,145.6,7.0,101.7,-37.73,1.085,18.9,88,0.6338,1,0
NEU-506770,TreatmentA,B01,106.26,-65.29,98.1,5.66,105.0,-38.45,1.029,68.0,85,0.5078,1,0
NEU-502195,Control,B02,103.52,-59.32,145.2,23.45,38.5,-34.08,1.474,49.0,74,0.2456,0,0
NEU-508200,TreatmentB,B01,91.22,-58.0,371.0,8.23,138.1,-45.34,1.104,66.7,87,0.1772,1,1
NEU-506683,TreatmentB,B02,106.02,-67.53,451.2,16.1,36.0,-45.03,0.941,53.6,95,0.5041,0,1
NEU-507798,Control,B01,76.59,-67.0,244.0,23.29,172.2,-43.91,1.412,51.5,81,0.1054,1,0
NEU-503733,TreatmentA,B01,144.08,-57.39,280.8,15.58,77.2,-46.16,2.363,45.3,82,0.2321,1,0
NEU-500461,Control,B01,98.8,-58.22,142.2,10.76,159.0,-30.97,0.694,35.2,69,0.4542,0,0
NEU-506760,Control,B02,126.89,-73.2,208.4,12.04,56.5,-39.1,1.088,39.1,84,0.3018,0,0
NEU-501814,Control,B02,105.49,-64.08,182.6,5.03,128.5,-37.57,0.904,62.5,77,0.1371,0,1
NEU-509722,TreatmentA,B01,96.62,-66.9,57.9,19.01,110.9,-43.27,0.586,59.9,79,0.542,0,1
NEU-500387,TreatmentA,B02,121.21,-63.17,212.6,15.51,158.5,-39.75,0.625,72.7,81,0.4269,0,1
NEU-506948,TreatmentB,B01,100.32,-55.3,323.7,15.73,118.4,-36.85,1.721,34.0,87,0.4066,0,0
NEU-506653,TreatmentA,B03,84.41,-61.44,348.5,10.65,113.4,-47.14,1.458,60.4,80,0.3076,0,0
NEU-504911,Control,B02,97.93,-65.61,100.6,10.26,133.8,-42.86,1.375,58.5,66,0.3283,0,1
NEU-504305,TreatmentB,B01,86.28,-70.25,239.3,13.31,39.0,-41.96,0.843,61.7,87,0.4115,0,0
NEU-503271,TreatmentB,B01,123.09,-61.65,183.6,27.62,43.4,-45.76,1.151,41.8,84,0.2736,1,0
NEU-509522,TreatmentB,B02,112.36,-75.77,226.7,15.72,62.8,-42.7,1.345,46.6,101,0.3972,1,0
NEU-502553,Control,B01,94.06,-65.71,136.1,6.74,117.5,-42.56,1.58,47.1,73,0.4952,1,0
NEU-504299,Control,B03,88.12,-72.06,127.3,10.81,98.7,-34.58,0.583,38.0,83,0.4886,1,0
NEU-504149,TreatmentA,B01,98.56,-70.07,136.7,8.66,118.7,-47.29,0.686,47.4,89,0.2188,1,1
NEU-500244,Control,B02,102.54,-67.45,425.1,25.11,119.2,-40.39,0.807,21.9,96,0.293,0,0
NEU-508718,TreatmentB,B03,91.79,-65.6,278.4,17.6,85.6,-42.78,1.175,47.0,85,0.1348,0,0
NEU-509837,TreatmentA,B02,104.88,-54.11,103.6,41.11,59.9,-42.98,1.002,40.3,91,0.3972,0,0
NEU-507408,TreatmentB,B02,101.95,-72.24,179.7,12.48,91.1,-43.39,1.029,50.3,89,0.5684,1,0
NEU-502056,TreatmentA,B02,98.79,-65.5,407.5,5.7,121.5,-44.82,1.463,35.3,67,0.3486,0,1
NEU-506154,TreatmentA,B01,112.21,-69.05,224.7,14.57,111.2,-37.68,0.753,51.7,92,0.4144,0,0
NEU-505989,Control,B02,111.7,-56.52,179.2,16.82,117.8,-37.69,0.931,37.5,90,0.2668,0,0
NEU-506068,Control,B02,84.15,-71.14,383.4,10.32,48.0,-45.54,0.814,67.5,81,0.5961,1,0
NEU-508827,Control,B01,103.81,-70.22,226.9,19.11,170.2,-42.56,1.528,30.3,93,0.4765,0,1
NEU-502052,Control,B03,89.91,-60.3,291.4,8.31,170.0,-40.45,1.408,42.7,90,0.6585,1,0
NEU-502523,TreatmentA,B01,82.43,-74.65,132.3,6.86,81.7,-38.19,0.97,53.9,87,0.3277,0,1
NEU-501145,Control,B01,100.14,-71.2,94.1,19.48,166.9,-41.51,1.036,42.1,101,0.5332,0,1
NEU-502803,TreatmentA,B02,130.5,-60.43,124.0,13.23,171.2,-48.29,1.128,44.1,93,0.6802,0,1
NEU-507089,TreatmentA,B03,119.84,-68.32,123.5,20.24,48.5,-42.7,0.928,61.7,88,0.2011,1,0
NEU-500675,TreatmentA,B03,105.47,-66.04,355.1,10.78,141.1,-42.58,1.096,52.7,76,0.5106,0,1
NEU-500140,Control,B01,109.51,-61.87,136.1,11.93,106.1,-44.68,1.633,45.9,86,0.3761,1,0
NEU-509680,TreatmentA,B02,112.52,-65.94,132.8,8.16,101.1,-44.66,1.083,51.2,76,0.3745,1,0
NEU-505553,Control,B01,118.18,-70.23,159.0,14.76,112.1,-42.41,1.743,34.0,88,0.3069,1,0
NEU-509639,Control,B03,111.06,-64.47,292.1,10.49,142.2,-41.92,1.419,18.6,81,0.1844,0,1
NEU-509818,TreatmentA,B03,98.91,-62.11,123.1,17.75,162.5,-38.17,1.244,64.9,93,0.5031,1,1
NEU-502671,TreatmentB,B03,102.25,-67.64,160.7,18.73,113.8,-44.57,0.83,74.0,85,0.1376,1,0
NEU-509013,TreatmentA,B03,98.77,-55.06,253.2,17.06,214.3,-38.01,1.031,83.5,88,0.3816,1,0
NEU-504113,TreatmentA,B01,96.03,-61.95,207.1,7.6,142.4,-47.61,1.02,62.4,85,0.1939,0,1
NEU-509949,TreatmentA,B03,106.12,-77.8,160.2,8.47,117.0,-39.27,0.697,27.4,100,0.6392,0,0
NEU-506242,Control,B02,109.11,-70.0,169.7,17.33,114.4,-40.11,1.106,46.6,109,0.4152,1,1
NEU-507054,TreatmentB,B03,104.32,-63.97,193.1,14.86,159.1,-42.77,0.973,43.2,83,0.2091,1,0
NEU-508140,Control,B01,91.1,-74.1,179.6,7.89,82.8,-41.55,1.874,56.9,84,0.4917,1,0
NEU-508934,TreatmentA,B01,100.56,-70.01,255.9,11.86,62.0,-41.02,1.157,70.1,94,0.5808,1,0
NEU-501400,Control,B03,121.61,-73.12,250.2,11.57,118.6,-40.08,0.963,36.1,70,0.4439,0,0
NEU-509110,TreatmentB,B01,109.71,-64.23,182.5,8.26,141.1,-40.58,1.381,79.8,78,0.206,1,1
NEU-500600,TreatmentA,B02,95.95,-62.13,240.2,12.84,135.2,-44.99,1.347,51.7,80,0.5233,0,1
NEU-501335,TreatmentA,B02,119.86,-65.27,185.2,10.31,32.4,-41.95,2.475,56.0,90,0.5914,1,0
NEU-509716,Control,B01,106.23,-61.88,293.1,17.53,226.8,-37.35,0.842,60.2,82,0.5522,0,1
NEU-501709,Control,B03,96.49,-65.66,213.3,15.86,148.1,-46.92,1.01,64.6,80,0.3296,0,1
NEU-508371,TreatmentA,B02,103.7,-51.83,106.5,6.74,114.7,-50.71,1.06,65.6,80,0.3404,0,0
NEU-504885,TreatmentB,B02,91.82,-66.58,142.2,13.97,37.4,-43.48,1.016,87.9,95,0.1863,0,0
NEU-507297,Control,B02,81.21,-62.55,193.8,17.96,92.6,-45.1,0.989,12.0,60,0.3277,0,1
NEU-501119,TreatmentA,B03,108.62,-61.45,212.0,14.62,67.5,-42.71,0.996,55.3,86,0.3339,0,1
NEU-501142,TreatmentB,B01,115.34,-67.32,195.9,18.96,89.3,-30.33,1.742,72.3,64,0.3292,1,0
NEU-507799,TreatmentB,B02,91.98,-61.12,306.4,12.24,96.2,-39.67,1.184,79.6,88,0.3694,1,0
NEU-502963,TreatmentA,B03,124.78,-73.86,202.3,7.93,102.4,-44.33,1.226,69.3,100,0.2826,1,1
NEU-503754,TreatmentB,B01,125.53,-63.93,84.3,34.02,89.4,-38.73,0.596,73.9,79,0.5088,1,1
NEU-509037,TreatmentB,B01,94.43,-67.07,153.8,13.96,134.2,-40.47,0.858,61.0,78,0.3525,1,1
NEU-503703,TreatmentA,B02,117.07,-62.41,303.4,9.49,100.5,-43.33,1.137,54.3,87,0.4986,0,1
NEU-508216,Control,B02,145.58,-69.69,98.0,8.9,128.4,-42.66,1.106,29.4,82,0.3631,0,1
NEU-508203,TreatmentB,B03,108.75,-69.23,272.0,11.47,-30.2,-42.68,0.654,58.4,96,0.6077,0,0
NEU-506108,Control,B03,91.65,-57.37,127.1,20.1,176.5,-41.64,1.259,45.8,74,0.3207,0,0
NEU-507169,Control,B01,77.99,-65.7,260.6,23.46,136.8,-41.82,1.201,46.9,71,0.4256,0,1
NEU-509446,Control,B03,76.19,-68.59,148.8,12.28,149.6,-36.42,1.349,67.4,85,0.4799,1,0
NEU-501943,TreatmentA,B01,90.18,-61.6,234.1,6.29,166.5,-49.27,1.051,60.7,91,0.5273,0,0
NEU-509783,TreatmentA,B03,71.02,-67.94,94.7,15.44,81.6,-36.33,0.885,58.1,87,0.2992,1,1
NEU-501306,TreatmentA,B02,94.82,-74.97,246.5,7.06,104.2,-37.1,1.03,54.3,93,0.5429,0,0
NEU-506051,TreatmentA,B02,111.28,-63.38,96.0,11.23,114.3,-41.13,1.483,38.5,95,0.3753,1,1
NEU-504180,TreatmentB,B01,113.79,-61.77,289.0,3.31,70.0,-45.82,0.648,79.9,94,0.3663,1,1
NEU-505603,Control,B03,103.45,-72.93,96.2,8.91,97.7,-38.02,0.776,10.4,93,0.4067,0,1
NEU-503634,TreatmentA,B01,124.06,-69.69,219.9,13.6,112.6,-35.63,0.807,53.9,77,0.3109,0,0
NEU-506767,Control,B02,94.63,-67.45,161.4,21.07,133.6,-43.5,1.404,44.5,84,0.5913,0,1
NEU-508396,Control,B02,98.52,-76.22,311.9,5.65,165.2,-47.63,1.42,48.4,83,0.5531,1,0
NEU-500142,Control,B01,63.32,-70.26,292.4,19.85,135.7,-43.13,2.075,41.8,96,0.4673,0,1
NEU-501718,Control,B01,86.18,-67.55,79.1,15.61,122.3,-44.67,1.124,69.5,93,0.4209,1,1
NEU-503071,TreatmentA,B02,104.66,-70.33,109.9,8.58,119.5,-35.9,0.973,32.1,72,0.4318,0,0
NEU-500455,TreatmentB,B01,98.04,-71.33,381.9,11.96,57.7,-46.93,0.792,49.6,107,0.4797,0,0
NEU-506497,Control,B02,111.64,-64.04,624.0,12.59,131.2,-51.64,1.17,65.6,84,0.2968,0,1
NEU-501455,Control,B02,107.47,-61.86,210.7,17.71,126.8,-45.63,1.238,57.6,92,0.3487,1,1
NEU-508632,TreatmentA,B02,102.66,-73.34,184.2,14.64,129.4,-36.85,1.495,48.3,92,0.3352,0,0
NEU-503016,TreatmentB,B03,85.57,-62.57,331.2,16.18,8.7,-36.42,0.991,59.7,98,0.2321,0,1
NEU-500326,TreatmentA,B01,109.41,-66.21,116.5,19.38,124.7,-32.85,1.385,40.3,72,0.1732,1,0
NEU-505487,TreatmentA,B01,98.92,-56.31,105.6,12.65,94.8,-37.55,0.854,67.9,87,0.1546,0,0
NEU-504344,TreatmentA,B02,107.89,-59.16,182.2,12.53,95.4,-31.48,0.899,54.0,79,0.4753,0,1
NEU-504339,TreatmentB,B02,102.14,-62.46,169.2,3.79,87.9,-41.3,0.969,49.2,77,0.5738,0,0
NEU-501185,TreatmentB,B02,113.05,-68.64,353.7,12.61,7.7,-47.85,0.976,90.5,91,0.432,1,0
NEU-507424,TreatmentB,B03,85.72,-58.68,77.8,13.22,51.1,-43.02,1.233,63.8,91,0.274,1,1
NEU-505966,Control,B03,70.99,-63.92,168.8,7.03,135.9,-42.23,1.196,23.0,104,0.3673,1,1
NEU-501742,TreatmentA,B01,129.2,-72.22,252.4,21.39,69.0,-49.64,1.149,73.9,81,0.3832,1,0
NEU-505766,TreatmentB,B02,130.86,-56.8,137.5,11.97,146.5,-32.37,1.17,69.3,99,0.5714,1,0
NEU-503838,Control,B03,85.1,-59.48,146.6,15.88,63.6,-34.41,0.666,34.1,76,0.1931,0,0
NEU-509272,Control,B03,85.81,-59.91,107.0,39.98,169.7,-41.7,0.806,31.7,94,0.5996,0,1
NEU-509638,TreatmentA,B01,119.45,-67.5,276.3,12.11,119.0,-41.9,0.909,69.5,102,0.2529,0,1
NEU-507143,TreatmentA,B02,119.1,-67.15,171.1,21.64,47.4,-32.9,1.393,78.0,84,0.2357,1,0
NEU-502816,TreatmentA,B02,93.33,-69.43,196.7,17.92,85.8,-43.26,0.845,12.8,80,0.5733,0,1
NEU-506152,TreatmentB,B02,110.89,-55.1,250.2,10.26,80.2,-35.17,0.919,40.0,95,0.1876,1,0
NEU-506895,TreatmentB,B03,96.71,-62.19,121.7,19.1,93.3,-43.52,0.417,69.5,105,0.2506,0,0
NEU-504786,TreatmentA,B03,109.76,-70.78,232.6,11.8,88.6,-37.81,1.79,46.7,77,0.704,1,0
NEU-507697,TreatmentB,B03,103.53,-59.97,294.5,23.06,38.3,-45.51,0.869,65.1,73,0.493,0,1
NEU-502316,TreatmentB,B01,109.03,-79.37,525.3,21.24,70.8,-38.29,0.975,61.8,74,0.3445,0,0
NEU-507293,TreatmentA,B01,118.95,-69.2,223.8,16.59,56.9,-44.92,1.053,79.5,107,0.2223,1,0
NEU-505446,TreatmentA,B03,82.99,-66.06,471.0,7.75,79.5,-46.22,1.11,75.4,75,0.1421,1,1
NEU-501939,TreatmentA,B01,69.76,-68.67,200.5,24.1,54.2,-37.85,1.608,63.8,101,0.3615,1,0
NEU-501613,TreatmentA,B01,110.22,-55.21,219.0,20.78,130.4,-35.56,0.985,37.1,85,0.1939,0,0
NEU-507375,TreatmentB,B01,128.97,-72.36,187.3,9.74,156.8,-44.56,1.041,64.4,93,0.4609,1,0
NEU-500001,TreatmentA,B03,102.26,-54.47,140.2,6.5,19.7,-40.39,0.956,55.5,87,0.5318,0,0
NEU-506029,Control,B03,87.92,-69.14,297.6,17.36,166.2,-42.33,1.603,27.9,70,0.418,0,1
NEU-504683,TreatmentB,B02,82.28,-54.75,288.9,9.13,99.2,-29.81,0.631,49.6,94,0.3406,0,0
NEU-502323,TreatmentB,B01,82.9,-60.03,228.1,11.07,52.5,-39.75,1.005,52.7,73,0.2737,0,0
NEU-503752,TreatmentB,B02,102.73,-63.69,130.7,15.51,127.3,-37.6,1.294,60.7,88,0.5403,1,1
NEU-506444,Control,B03,97.93,-59.37,159.7,15.54,121.2,-39.83,0.954,57.5,87,0.2354,0,0
NEU-506904,TreatmentA,B02,115.59,-63.37,210.3,12.6,81.6,-42.24,0.784,55.9,81,0.266,1,1
NEU-500757,TreatmentA,B01,83.38,-58.3,261.2,15.96,100.2,-41.71,0.736,39.3,81,0.5776,0,0
NEU-502247,Control,B01,103.79,-70.44,328.1,20.93,92.0,-42.1,0.753,52.1,83,0.4024,0,0
NEU-503417,TreatmentA,B01,113.81,-64.72,259.7,10.03,55.2,-46.55,1.014,48.4,83,0.4956,0,1
NEU-505319,TreatmentB,B03,92.13,-54.71,212.9,11.62,39.2,-39.26,1.302,69.7,84,0.2278,0,0
NEU-503289,TreatmentB,B03,79.84,-72.32,253.5,5.0,50.6,-40.37,0.738,35.7,80,0.5125,0,0
NEU-505318,TreatmentB,B02,82.55,-70.02,374.3,13.42,47.0,-47.3,0.79,63.7,90,0.5354,0,1
NEU-504509,Control,B02,90.51,-68.65,364.3,25.15,110.2,-43.86,0.933,33.7,98,0.326,0,1
NEU-502987,Control,B02,108.86,-68.72,171.9,13.77,125.8,-40.65,1.174,38.6,93,0.5118,0,1
NEU-501544,TreatmentA,B01,81.99,-70.22,366.7,13.14,105.6,-42.2,1.148,65.5,83,0.5436,0,0
NEU-507345,TreatmentB,B01,106.19,-73.24,290.7,7.19,69.8,-41.24,1.18,85.8,74,0.4001,1,0
NEU-504221,TreatmentB,B03,121.09,-71.58,209.5,14.76,53.1,-46.38,0.774,35.2,85,0.5151,0,0
NEU-508525,Control,B01,99.29,-58.75,131.1,14.58,77.8,-41.79,0.661,47.2,84,0.394,0,0
NEU-507743,TreatmentA,B01,105.84,-68.36,261.7,4.83,86.8,-37.08,1.141,79.0,92,0.2624,0,1
NEU-508043,Control,B03,109.65,-57.45,100.2,16.7,59.3,-40.49,0.965,35.7,79,0.2742,0,0
NEU-504212,Control,B01,98.65,-65.51,143.8,15.31,149.6,-43.48,1.343,36.2,96,0.3271,0,1
NEU-503100,Control,B03,113.82,-63.14,148.6,12.35,154.7,-35.36,0.715,26.9,93,0.5246,1,0
NEU-504984,TreatmentA,B03,112.12,-65.81,98.8,7.71,101.5,-45.82,1.42,53.0,85,0.6115,1,0
NEU-501458,TreatmentB,B03,105.78,-61.27,161.7,9.09,90.0,-41.12,1.392,93.0,77,0.3113,1,1
NEU-503427,TreatmentB,B02,85.57,-68.24,292.5,14.94,72.2,-44.42,1.117,65.2,97,0.3344,0,0
NEU-507130,Control,B01,75.91,-63.08,112.0,17.5,130.3,-44.72,2.332,37.3,107,0.4756,1,1
NEU-509010,TreatmentA,B01,119.2,-63.78,212.3,49.97,113.8,-35.55,1.867,40.9,69,0.5935,0,1
NEU-507251,TreatmentB,B02,98.44,-65.2,167.7,8.59,90.9,-37.71,0.977,42.6,92,0.7058,0,1
NEU-505458,TreatmentA,B03,96.17,-60.28,112.0,24.07,66.5,-36.21,0.926,64.5,90,0.3341,0,0
NEU-506304,Control,B03,90.59,-59.58,95.0,10.72,117.4,-47.63,0.877,34.8,76,0.1601,0,1
NEU-504538,Control,B03,97.96,-65.84,101.9,17.37,71.9,-44.91,1.242,32.4,71,0.5309,1,1
NEU-503054,Control,B01,106.34,-58.84,128.0,7.33,125.1,-43.41,1.826,17.2,80,0.3264,1,1
NEU-503228,Control,B01,118.98,-59.0,91.2,19.82,191.1,-41.69,0.898,48.9,90,0.4224,0,1
NEU-504741,TreatmentB,B01,112.85,-61.86,359.2,10.66,72.0,-43.65,0.889,57.8,88,0.4155,0,1
NEU-506512,Control,B03,98.61,-58.69,231.5,13.23,130.2,-39.34,1.069,17.6,95,0.2674,0,0
NEU-503521,Control,B01,109.74,-52.34,134.1,12.01,214.5,-40.89,1.672,46.4,81,0.0795,1,0
NEU-508733,Control,B03,108.13,-51.74,111.5,23.57,181.5,-40.6,0.867,52.3,106,0.5933,0,1
NEU-507527,TreatmentA,B01,117.77,-64.2,78.6,13.75,119.8,-45.17,0.98,74.1,94,0.5217,1,0
NEU-500424,TreatmentB,B03,95.28,-72.62,126.7,23.64,31.1,-44.31,0.559,69.5,84,0.2415,0,0
NEU-500744,TreatmentB,B01,101.51,-62.05,300.9,10.34,85.0,-46.59,1.069,66.7,92,0.5026,1,0
NEU-507001,TreatmentA,B02,103.27,-65.65,87.1,19.5,61.2,-44.55,0.77,62.0,96,0.2874,1,0
NEU-505878,TreatmentA,B01,105.0,-61.41,201.0,18.97,115.1,-35.46,0.675,77.8,89,0.5699,1,1
NEU-506018,TreatmentA,B01,110.08,-68.04,359.6,7.49,158.5,-45.21,1.026,68.8,110,0.6596,0,0
NEU-507655,Control,B02,111.17,-58.66,238.3,10.96,69.0,-46.42,0.861,43.3,79,0.3254,0,0
NEU-503326,TreatmentA,B02,89.01,-65.64,115.7,16.31,44.8,-43.53,0.869,52.2,90,0.3365,1,1
NEU-505685,Control,B01,107.88,-76.07,114.8,11.9,146.8,-41.07,0.643,46.5,86,0.335,0,1
NEU-509370,TreatmentA,B02,115.0,-67.8,165.4,13.1,121.7,-48.63,0.757,58.5,88,0.4057,0,1
NEU-500100,Control,B01,103.02,-68.52,119.9,11.2,148.1,-40.88,0.852,33.4,95,0.511,0,0
NEU-507316,TreatmentB,B03,105.1,-60.2,268.3,15.09,51.0,-42.76,0.887,64.1,92,0.2738,0,0
NEU-508636,TreatmentB,B01,102.12,-63.9,467.4,8.09,117.0,-48.71,0.926,40.7,78,0.2086,0,1
NEU-504311,TreatmentB,B03,98.19,-60.75,133.6,11.22,13.6,-41.49,0.633,57.5,83,0.4438,1,0
NEU-507888,TreatmentB,B01,112.49,-71.29,247.3,21.5,23.1,-37.96,1.392,73.7,84,0.5353,1,1
NEU-504469,Control,B02,104.15,-84.07,164.2,4.69,110.5,-40.8,1.11,28.2,83,0.6273,0,0
NEU-508275,TreatmentB,B03,86.46,-59.18,147.8,8.2,79.1,-42.81,1.161,60.4,83,0.6154,1,0
NEU-507045,TreatmentA,B03,78.05,-69.79,194.1,11.97,104.2,-37.97,0.618,36.3,80,0.6806,0,0
NEU-509132,Control,B02,122.08,-62.76,145.0,16.2,133.2,-41.21,1.332,69.9,75,0.2851,1,1
NEU-501332,TreatmentB,B01,100.44,-64.81,179.7,14.89,116.8,-37.59,1.469,69.4,83,0.6553,0,1
NEU-502432,Control,B03,93.11,-61.59,139.5,15.23,116.9,-46.1,0.885,32.7,83,0.6551,0,1
NEU-508269,TreatmentA,B03,78.25,-53.8,297.8,10.93,50.8,-40.49,0.897,54.8,79,0.7901,0,0
NEU-509326,TreatmentB,B02,104.02,-62.74,77.3,17.55,56.4,-41.83,0.774,75.1,88,0.2412,1,0
NEU-508367,Control,B03,111.13,-66.46,158.3,15.47,153.6,-46.08,1.871,45.4,82,0.785,1,1
NEU-509207,Control,B01,126.38,-64.2,130.9,14.7,110.1,-44.64,0.906,12.9,62,0.3407,0,1
NEU-508264,TreatmentA,B03,98.57,-78.16,364.5,15.47,83.6,-46.72,0.702,69.5,74,0.4117,0,0
NEU-500366,TreatmentB,B01,94.78,-70.21,173.1,13.76,5.7,-45.28,1.146,50.4,96,0.3958,1,0
NEU-504942,TreatmentA,B01,103.23,-56.89,287.4,14.51,127.5,-38.96,1.106,38.5,79,0.6567,0,0
NEU-506781,Control,B03,103.13,-71.94,252.7,10.74,135.5,-44.95,1.049,39.3,84,0.28,0,0
NEU-505297,TreatmentA,B03,111.05,-68.87,296.1,7.92,51.3,-41.69,1.47,61.8,91,0.5727,0,0
NEU-509147,Control,B02,81.69,-64.05,74.9,14.76,90.2,-35.28,0.858,52.4,88,0.473,0,1
NEU-504035,Control,B03,107.05,-64.84,142.3,15.96,124.5,-44.11,1.332,76.6,87,0.3953,1,1
NEU-508962,Control,B01,90.53,-60.36,183.7,8.33,160.5,-40.35,0.847,43.3,85,0.5772,0,0
NEU-508691,TreatmentB,B02,104.68,-64.52,195.2,14.44,67.7,-40.0,1.031,68.8,79,0.5268,1,1
NEU-507810,Control,B03,85.06,-63.73,150.9,7.97,144.4,-41.18,1.321,40.5,79,0.2379,1,1
NEU-502272,TreatmentB,B03,121.44,-62.4,313.4,21.96,77.3,-38.41,1.382,60.5,88,0.4773,1,1
NEU-504396,Control,B01,103.33,-59.22,53.0,13.68,196.2,-47.37,0.937,42.0,84,0.4279,0,0
NEU-508662,TreatmentB,B01,106.64,-59.36,170.6,13.36,91.8,-40.79,0.954,79.5,81,0.2093,0,0
NEU-504456,TreatmentB,B03,89.38,-60.5,354.7,15.42,55.9,-40.45,1.077,67.8,98,0.6989,1,1
NEU-503284,TreatmentA,B03,100.06,-68.02,199.0,8.95,161.7,-34.8,1.205,21.4,70,0.3709,0,1
NEU-508363,Control,B02,103.81,-63.0,230.7,12.95,181.3,-35.65,1.33,62.1,90,0.5561,1,1
NEU-507178,TreatmentA,B02,85.22,-66.09,120.9,16.68,47.7,-36.41,0.964,31.5,70,0.3852,0,0
NEU-503983,Control,B03,115.01,-64.64,181.2,11.99,88.9,-43.89,0.633,57.2,91,0.2572,1,1
NEU-504297,TreatmentB,B03,82.86,-68.07,214.6,21.7,3.2,-36.55,1.749,70.4,84,0.3993,1,1
NEU-501073,TreatmentA,B03,88.24,-63.68,283.0,20.07,96.3,-42.22,0.883,61.4,91,0.1956,0,0
NEU-504732,TreatmentB,B02,106.22,-67.98,270.3,10.83,20.1,-39.21,1.019,69.6,91,0.2188,0,1
NEU-509731,Control,B01,118.33,-70.78,178.0,22.75,133.9,-52.43,1.106,49.3,76,0.2082,1,0
NEU-508738,TreatmentB,B01,95.66,-63.46,110.4,15.36,73.9,-41.03,1.408,68.4,78,0.2993,1,0
NEU-508260,TreatmentB,B03,124.19,-58.55,224.3,14.39,119.2,-50.12,0.81,61.5,104,0.4176,0,1
NEU-506879,Control,B03,89.8,-63.05,259.4,33.46,149.4,-42.79,1.115,46.4,65,0.4715,0,1
NEU-502984,TreatmentA,B01,112.07,-73.3,191.0,29.04,98.4,-41.55,1.073,72.3,92,0.3455,1,1
NEU-506667,Control,B02,102.22,-65.8,409.4,10.84,119.1,-39.83,1.105,41.5,92,0.0876,0,1
NEU-509231,TreatmentB,B01,107.61,-60.03,426.4,8.67,47.5,-45.84,0.706,52.0,78,0.5225,0,0
NEU-505307,TreatmentB,B03,99.15,-58.35,160.1,11.61,109.8,-42.83,0.746,88.4,84,0.5141,1,1
NEU-504689,TreatmentB,B03,124.13,-62.77,192.2,15.46,117.7,-39.43,0.432,47.4,78,0.7392,0,1
NEU-500044,Control,B02,79.86,-65.93,146.5,20.7,154.8,-43.98,1.431,60.5,89,0.4141,1,1
NEU-500661,TreatmentB,B02,105.62,-61.24,120.5,10.95,136.5,-45.27,1.003,60.0,88,0.384,1,1
NEU-504312,TreatmentA,B02,101.12,-57.76,294.5,12.3,127.2,-42.17,0.978,62.0,86,0.2767,0,0
NEU-509070,TreatmentB,B03,130.62,-64.57,204.8,33.36,46.2,-36.81,1.028,75.0,77,0.357,1,0
NEU-501110,TreatmentA,B02,111.19,-60.01,238.9,10.61,92.3,-42.71,0.925,62.9,81,0.3822,0,1
NEU-502674,TreatmentA,B01,125.55,-67.24,365.3,10.85,123.3,-47.6,1.185,49.7,82,0.3924,1,0
NEU-501772,TreatmentA,B03,112.34,-62.49,134.1,23.22,66.3,-44.01,1.329,37.5,85,0.4072,1,1
NEU-500212,Control,B03,83.67,-65.65,215.9,17.45,121.6,-39.13,1.6,35.2,69,0.4113,1,1
NEU-506428,Control,B03,116.93,-67.95,299.3,16.75,140.4,-45.88,1.25,35.5,97,0.2963,0,0
NEU-502138,Control,B02,92.68,-71.27,158.6,11.24,63.8,-42.29,0.79,49.2,89,0.2272,1,0
NEU-508544,Control,B03,102.22,-65.62,167.5,11.43,146.0,-42.18,1.869,45.5,88,0.293,1,1
NEU-505080,TreatmentB,B01,91.41,-75.89,65.9,22.66,71.0,-37.52,0.691,76.7,92,0.2782,1,0
NEU-502161,Control,B03,86.75,-64.22,105.8,10.04,119.8,-32.38,1.161,22.7,75,0.5573,1,0
NEU-504261,Control,B03,106.89,-68.26,281.9,11.97,103.9,-50.63,1.333,23.7,102,0.1884,0,1
NEU-506892,Control,B03,103.45,-56.93,84.3,20.39,106.1,-43.28,0.937,35.7,78,0.5942,0,1
NEU-506104,TreatmentB,B01,93.59,-74.76,215.2,15.88,69.6,-37.05,0.582,53.3,89,0.2221,0,0
NEU-502804,Control,B01,97.46,-66.63,184.7,11.69,144.4,-42.69,0.827,51.3,79,0.4109,0,1
NEU-504733,Control,B01,111.35,-64.75,342.1,8.43,84.4,-40.25,1.63,9.0,92,0.658,1,0
NEU-505890,TreatmentA,B03,97.35,-80.1,235.8,9.28,86.3,-40.84,0.7,48.3,91,0.7119,1,0
NEU-504346,Control,B03,76.51,-71.84,172.6,11.63,106.4,-45.82,0.942,62.3,93,0.4366,1,0
NEU-504571,Control,B03,96.29,-66.04,258.9,15.26,71.8,-42.13,0.66,40.9,79,0.1623,0,1
NEU-503601,TreatmentA,B03,127.65,-66.37,174.2,8.18,133.0,-42.68,0.82,58.1,78,0.5345,0,0
NEU-503914,TreatmentA,B02,108.17,-68.25,180.1,19.3,18.1,-49.78,0.995,71.9,76,0.5525,1,1
NEU-509609,Control,B01,73.68,-69.58,198.2,38.61,142.5,-39.27,1.614,39.5,93,0.2876,1,0
NEU-505835,TreatmentB,B03,79.95,-71.88,210.8,4.17,28.9,-40.01,1.375,53.7,100,0.334,1,0
NEU-507280,Control,B03,105.8,-70.6,93.4,12.74,75.1,-50.06,1.051,46.0,101,0.3556,0,0
NEU-502212,TreatmentB,B01,76.54,-64.1,109.7,6.31,21.4,-44.05,1.461,82.9,99,0.4427,1,0
NEU-506597,Control,B01,114.53,-72.99,197.4,22.02,92.7,-43.05,1.156,54.4,80,0.5399,0,0
NEU-503378,Control,B01,91.61,-65.42,187.1,10.75,120.3,-47.81,0.87,20.6,75,0.3327,0,1
NEU-506352,Control,B01,105.41,-63.94,178.7,12.64,50.1,-42.5,1.027,28.9,73,0.6844,0,1
NEU-509143,TreatmentB,B02,88.45,-63.82,184.2,19.73,37.8,-44.45,1.532,65.0,79,0.6191,1,1
NEU-504831,Control,B02,105.24,-71.9,101.8,11.47,104.3,-38.5,0.739,65.4,89,0.5226,1,0
NEU-508230,TreatmentB,B01,80.25,-65.15,171.8,8.0,40.2,-36.55,0.917,96.8,90,0.2549,1,1
NEU-502200,TreatmentB,B01,97.96,-76.16,96.7,16.14,86.2,-32.59,0.699,71.2,85,0.6143,1,0
NEU-504767,Control,B01,84.94,-57.95,210.0,17.49,157.8,-40.31,1.355,71.8,84,0.5251,1,0
NEU-505494,TreatmentB,B02,124.02,-72.86,235.4,15.56,62.9,-44.46,1.082,74.5,75,0.2436,1,0
NEU-503566,Control,B01,115.15,-65.9,105.9,7.71,164.2,-44.64,1.548,56.9,76,0.4546,1,0
NEU-503133,TreatmentA,B03,94.61,-76.06,244.6,27.93,114.1,-42.8,0.872,19.1,96,0.1907,0,0
NEU-503969,Control,B02,105.77,-72.59,152.5,20.15,160.0,-42.76,1.044,22.7,91,0.292,0,0
NEU-501257,TreatmentB,B01,91.65,-66.47,112.1,16.02,37.1,-49.6,0.89,34.0,77,0.3915,1,1
NEU-500088,TreatmentA,B01,89.58,-73.09,88.2,7.03,86.2,-43.13,1.574,39.0,86,0.4436,1,0
NEU-504225,TreatmentA,B01,84.27,-64.05,206.4,12.6,117.4,-36.86,0.897,47.7,66,0.1958,0,1
NEU-501873,Control,B02,80.0,-58.52,193.3,15.24,179.4,-37.62,0.916,24.3,91,0.5822,0,0
NEU-501092,Control,B01,117.15,-60.85,180.2,10.3,123.0,-34.24,0.76,26.2,83,0.4406,0,1
NEU-509848,Control,B01,136.76,-65.56,252.1,12.15,160.9,-46.95,1.53,36.6,88,0.2076,0,1
NEU-502035,TreatmentB,B01,78.98,-64.45,130.5,12.58,18.2,-43.76,0.885,62.0,76,0.6313,1,1
NEU-507486,Control,B03,78.02,-62.02,112.6,9.62,181.4,-42.76,1.472,37.9,84,0.3911,0,1
NEU-507505,TreatmentA,B03,86.35,-72.85,136.6,16.41,50.8,-36.98,0.85,63.6,85,0.6498,1,1
NEU-501220,Control,B01,126.48,-61.34,267.8,12.73,198.4,-40.9,0.875,21.2,92,0.3097,0,1
NEU-501557,TreatmentA,B02,105.8,-70.22,229.6,7.04,58.5,-36.36,1.118,67.6,89,0.5158,1,0
NEU-503872,TreatmentB,B01,91.02,-57.21,104.0,13.65,86.1,-51.03,0.933,54.5,90,0.4824,1,1
NEU-508500,TreatmentA,B02,74.1,-63.71,245.5,8.8,142.4,-44.06,1.265,29.8,85,0.3535,0,1
NEU-500046,TreatmentA,B03,102.98,-66.58,200.6,19.73,124.0,-45.58,1.324,37.1,92,0.2057,0,0
NEU-509935,TreatmentA,B02,95.32,-54.37,124.7,7.87,196.1,-43.06,0.993,66.6,85,0.2097,1,0
NEU-501626,TreatmentA,B02,109.82,-63.86,129.3,7.66,171.9,-44.84,1.217,70.8,87,0.2894,1,1
NEU-509491,TreatmentB,B03,80.81,-60.22,274.0,23.12,70.4,-38.9,1.584,73.8,74,0.2826,1,0
NEU-505190,TreatmentA,B03,134.6,-56.22,468.5,9.67,55.7,-44.65,0.522,76.6,73,0.3588,0,0
NEU-509845,TreatmentA,B01,110.61,-59.2,218.8,17.53,5.9,-46.35,0.788,40.1,86,0.4775,0,1
NEU-506123,Control,B02,113.35,-68.21,130.1,13.23,160.3,-43.75,0.618,52.0,81,0.3774,0,1
NEU-505085,TreatmentB,B03,93.85,-67.76,242.6,24.51,43.4,-43.13,1.272,64.1,83,0.2838,0,0
NEU-502140,TreatmentB,B03,110.84,-71.71,193.4,16.29,131.4,-50.41,0.87,48.1,91,0.1829,1,0
NEU-506030,Control,B02,128.12,-60.06,131.1,13.32,126.6,-34.35,0.92,55.2,107,0.1363,1,1
NEU-503405,TreatmentB,B02,112.56,-57.77,157.2,6.31,70.8,-40.91,1.015,41.1,87,0.273,1,1
NEU-500796,TreatmentB,B01,105.38,-63.81,219.2,15.94,129.1,-39.95,0.677,61.0,83,0.3949,0,1
NEU-503377,TreatmentB,B01,86.49,-56.34,172.1,10.45,105.7,-50.27,1.061,52.6,88,0.4033,1,0
NEU-503936,Control,B01,76.43,-71.43,290.3,30.62,156.8,-46.7,0.874,41.6,81,0.3359,0,0
NEU-503230,TreatmentB,B02,99.89,-60.46,209.8,23.98,55.5,-41.07,1.388,71.8,70,0.4623,1,1
NEU-502233,TreatmentB,B03,94.33,-64.8,73.0,12.95,39.5,-42.61,1.608,79.8,84,0.2405,1,0
NEU-506122,Control,B03,62.75,-68.35,222.2,12.04,106.9,-41.1,0.972,44.8,102,0.4168,0,1
NEU-500547,TreatmentB,B03,116.51,-63.08,223.0,13.41,91.9,-48.47,1.412,83.7,94,0.4592,1,1
NEU-501519,TreatmentB,B01,55.64,-66.6,228.9,15.53,140.1,-51.96,0.669,67.5,86,0.2245,1,1
NEU-502094,TreatmentA,B01,111.45,-68.55,122.4,31.18,72.0,-44.6,1.351,47.1,88,0.4095,1,1
NEU-504793,Control,B03,103.19,-63.07,167.6,8.96,123.3,-41.84,1.576,45.3,76,0.3448,1,1
NEU-502722,Control,B01,120.33,-62.02,143.4,21.5,58.0,-45.46,1.246,48.4,96,0.2716,1,0
NEU-508350,TreatmentA,B02,89.51,-64.22,353.5,14.05,83.1,-44.12,0.568,47.0,72,0.5924,0,1
NEU-507491,TreatmentB,B02,77.45,-63.89,137.3,9.34,91.0,-41.73,0.531,78.2,106,0.4467,1,1
NEU-503611,TreatmentB,B03,87.55,-65.76,491.3,16.18,88.2,-37.23,1.055,45.3,101,0.4036,0,1
NEU-504505,TreatmentA,B01,72.08,-75.12,232.4,18.37,108.0,-38.39,0.672,23.0,89,0.199,0,0
NEU-506797,Control,B03,69.65,-67.67,153.7,16.95,129.5,-45.12,1.057,45.1,85,0.3724,0,1
NEU-507423,Control,B02,113.72,-63.53,143.1,23.54,109.3,-42.92,0.829,52.9,98,0.3692,0,1
NEU-507176,TreatmentA,B01,113.04,-55.96,258.3,18.73,140.3,-42.74,0.985,79.9,73,0.4808,1,0
NEU-504395,TreatmentA,B02,104.01,-65.81,134.2,9.96,71.6,-43.27,1.304,66.9,85,0.3306,1,1
NEU-503704,Control,B02,99.08,-64.42,123.4,9.76,125.7,-40.98,1.832,40.7,80,0.444,1,1
NEU-501606,TreatmentB,B03,89.35,-60.89,380.4,7.22,134.9,-42.21,0.999,54.7,85,0.274,0,1
NEU-500467,Control,B01,82.74,-66.98,194.3,12.18,129.3,-43.26,1.113,34.9,74,0.336,1,1
NEU-502925,TreatmentB,B02,104.64,-52.6,160.0,8.75,130.7,-44.42,0.843,74.6,80,0.1849,1,0
NEU-504878,TreatmentA,B03,82.19,-69.83,194.4,15.0,58.6,-45.17,1.45,61.4,100,0.5202,1,0
NEU-503527,TreatmentB,B03,93.7,-53.04,217.5,20.89,50.8,-38.66,0.796,55.9,105,0.4629,0,1
NEU-501545,Control,B01,102.55,-60.94,283.0,18.35,170.6,-35.52,1.125,35.7,96,0.0516,0,0
NEU-507981,TreatmentB,B03,99.47,-67.15,202.7,25.04,34.8,-37.52,0.766,66.2,86,0.4503,1,1
NEU-505596,TreatmentA,B03,113.21,-58.46,110.2,11.03,155.2,-44.57,1.605,23.2,79,0.3384,0,0
NEU-500476,Control,B02,81.62,-61.96,114.1,13.09,107.8,-43.42,0.895,50.2,89,0.2805,1,1
NEU-506883,TreatmentA,B02,94.76,-60.55,321.6,11.2,33.0,-39.21,0.686,24.1,71,0.3433,0,1
NEU-501992,TreatmentB,B02,101.26,-56.95,305.1,12.36,94.0,-41.78,1.091,51.9,85,0.4044,0,0
NEU-504082,TreatmentB,B01,113.05,-60.78,131.5,7.22,33.8,-38.06,0.953,64.2,102,0.3354,1,1
NEU-508386,TreatmentB,B01,88.55,-69.24,181.2,16.98,137.5,-40.11,1.105,64.9,83,0.5695,1,0
NEU-501302,Control,B02,112.99,-63.03,158.9,10.42,161.9,-41.14,0.567,42.7,97,0.3856,0,1
NEU-506670,Control,B01,89.05,-63.41,231.9,10.35,155.8,-39.5,1.339,36.8,78,0.3873,0,1
NEU-505418,TreatmentB,B03,109.37,-68.31,207.6,12.06,115.5,-39.52,0.71,59.8,66,0.4892,0,0
NEU-507597,TreatmentB,B03,80.5,-61.31,201.0,22.14,68.3,-42.51,2.131,72.8,82,0.4189,1,1
NEU-504823,TreatmentA,B02,99.01,-74.41,223.2,7.41,23.1,-38.62,0.708,68.5,78,0.6211,0,0
NEU-502809,TreatmentA,B03,113.08,-68.47,126.4,30.16,67.9,-40.48,0.658,36.7,86,0.4397,0,1
NEU-509991,Control,B03,73.69,-64.98,254.7,8.12,160.6,-42.05,0.617,51.0,81,0.467,0,0
NEU-500957,Control,B02,114.47,-66.76,345.8,24.37,98.4,-42.13,1.131,20.5,98,0.2806,0,0
NEU-506284,TreatmentA,B02,77.3,-66.45,266.9,14.77,124.2,-43.49,0.434,62.9,78,0.4779,0,1
NEU-508446,TreatmentA,B02,110.43,-67.14,139.8,16.33,59.6,-44.44,0.848,53.4,89,0.539,0,1
NEU-503849,Control,B02,114.87,-64.1,117.7,16.99,142.0,-41.63,0.942,30.8,79,0.6731,0,1
NEU-506326,TreatmentA,B02,93.81,-53.51,351.5,11.76,83.4,-44.42,0.89,51.0,79,0.6654,1,0
NEU-501615,TreatmentB,B01,100.77,-67.83,120.2,11.51,58.2,-38.07,1.246,70.3,94,0.2639,1,1
NEU-502903,Control,B03,98.73,-71.84,213.3,14.64,171.3,-42.75,0.763,39.9,73,0.5664,0,0
NEU-505359,TreatmentA,B01,96.49,-61.6,139.7,10.21,111.4,-43.94,0.9,62.8,96,0.457,0,0
NEU-503564,TreatmentA,B03,97.24,-55.46,283.8,10.47,50.0,-41.23,0.722,44.9,91,0.2446,0,1
NEU-502089,TreatmentA,B02,102.46,-66.57,203.4,19.51,153.6,-45.27,1.507,45.4,91,0.3201,0,0
NEU-509025,TreatmentB,B03,126.31,-66.51,136.9,12.28,172.8,-45.09,0.957,64.3,84,0.532,1,0
NEU-501473,TreatmentA,B03,98.32,-65.51,173.1,6.53,70.7,-30.19,1.392,46.4,84,0.5877,0,0
NEU-504802,Control,B03,115.65,-63.39,125.2,19.04,117.5,-40.74,1.477,33.9,103,0.2133,1,0
NEU-505407,Control,B01,112.18,-57.35,93.6,13.64,100.2,-39.48,1.555,25.9,103,0.4617,1,0
NEU-502979,TreatmentB,B02,104.39,-74.23,472.9,14.44,46.8,-45.26,1.08,57.5,87,0.5036,0,0
NEU-500490,TreatmentB,B01,80.1,-68.32,250.5,14.24,21.3,-36.13,1.126,75.1,103,0.5002,1,0
NEU-506775,TreatmentA,B03,82.0,-60.29,75.2,8.11,89.0,-38.46,0.876,53.4,78,0.3185,0,0
NEU-503953,TreatmentA,B02,97.77,-58.23,235.2,15.16,121.9,-41.38,1.084,37.9,80,0.5257,0,0
NEU-508591,TreatmentB,B01,87.5,-57.05,181.2,22.74,56.6,-44.21,0.789,54.3,93,0.3089,1,0
NEU-507311,Control,B02,125.1,-56.8,328.6,12.47,144.6,-34.81,0.775,44.3,77,0.6363,0,0
NEU-502117,TreatmentA,B02,82.17,-75.68,238.6,20.64,52.1,-46.39,0.909,49.7,71,0.5625,0,1
NEU-502120,Control,B03,85.07,-59.89,154.7,15.19,70.3,-44.8,1.607,43.9,87,0.3428,0,1
NEU-502010,TreatmentB,B02,92.72,-70.11,271.4,12.87,86.6,-40.86,1.717,74.8,87,0.5153,1,0
NEU-505409,TreatmentA,B01,78.15,-65.58,198.2,12.69,112.5,-39.4,0.763,63.6,84,0.5927,1,1
NEU-506634,Control,B01,93.93,-67.57,161.3,9.54,80.4,-38.2,1.279,32.2,70,0.3288,1,1
NEU-509266,TreatmentB,B03,108.41,-69.77,81.5,12.98,63.7,-37.51,0.592,62.5,77,0.5396,0,0
NEU-507714,TreatmentB,B03,80.43,-62.16,187.8,7.93,48.4,-44.0,1.205,75.9,64,0.5192,1,0
NEU-501196,TreatmentB,B02,118.58,-63.74,141.6,12.45,85.9,-39.56,1.032,51.1,84,0.6212,1,0
NEU-500315,TreatmentA,B02,106.3,-72.12,158.0,23.25,154.4,-42.88,1.091,79.8,78,0.2996,1,0
NEU-508614,TreatmentB,B03,82.06,-60.14,360.1,26.81,27.3,-43.79,1.671,54.7,97,0.2809,0,0
NEU-508944,TreatmentB,B03,103.55,-65.73,115.2,9.78,92.8,-41.27,0.923,82.0,97,0.5497,0,0
NEU-507242,Control,B02,95.75,-54.66,438.7,8.25,99.9,-48.21,1.831,58.6,97,0.3612,0,0
NEU-502750,TreatmentA,B02,110.74,-64.46,283.4,11.19,127.9,-42.06,1.859,49.0,90,0.2392,1,1
NEU-500508,Control,B01,68.11,-65.6,104.7,6.62,101.7,-47.52,0.784,40.6,107,0.5746,1,0
NEU-503439,Control,B02,133.0,-58.46,381.7,13.76,92.0,-46.92,1.37,53.8,77,0.4494,0,1
NEU-500884,TreatmentB,B03,83.78,-61.23,139.0,36.92,79.2,-42.85,0.843,62.9,101,0.3252,1,0
NEU-500887,Control,B02,99.89,-66.28,186.3,7.06,114.2,-43.22,1.01,51.9,73,0.1112,0,1
NEU-502370,TreatmentA,B02,96.89,-69.9,316.1,16.63,124.3,-41.84,2.037,52.6,103,0.7534,1,1
NEU-504269,TreatmentB,B02,118.36,-56.46,276.2,8.21,61.8,-42.72,0.747,62.2,91,0.2946,0,1
NEU-502307,TreatmentB,B02,101.64,-60.33,109.5,16.81,7.7,-36.8,0.784,73.9,89,0.3069,0,0
NEU-508160,TreatmentA,B03,95.88,-58.2,312.1,10.96,66.5,-39.99,0.86,65.9,91,0.4569,0,0
NEU-509822,Control,B03,103.98,-67.38,231.7,11.45,70.0,-43.37,1.327,35.1,93,0.2774,0,1
NEU-505511,TreatmentA,B03,117.81,-69.0,223.9,17.13,62.1,-40.3,1.067,74.6,81,0.3446,1,0
NEU-509631,TreatmentB,B01,111.58,-76.73,142.8,5.41,73.5,-40.9,1.226,62.4,98,0.2276,1,1
NEU-509312,TreatmentB,B01,79.13,-63.22,268.0,13.85,47.7,-43.03,0.683,86.9,98,0.2179,0,1
NEU-509497,Control,B02,101.58,-62.78,451.8,24.03,202.6,-42.37,1.213,31.9,92,0.4913,0,1
NEU-503539,Control,B01,117.04,-67.68,372.2,27.98,91.8,-47.97,0.912,42.2,98,0.4761,0,1
NEU-501143,TreatmentB,B03,66.02,-58.07,153.3,11.01,43.8,-37.04,1.885,55.4,98,0.5747,1,0
NEU-509730,Control,B01,109.24,-68.76,182.4,12.78,77.1,-37.47,1.557,57.4,79,0.2847,1,1
NEU-503977,TreatmentA,B01,102.03,-66.38,255.8,9.14,131.7,-41.69,0.806,57.3,91,0.318,0,1
NEU-503528,Control,B01,98.8,-68.1,206.9,12.05,172.8,-40.44,1.361,50.7,86,0.4451,1,1
NEU-506056,TreatmentA,B01,94.63,-64.75,167.0,18.05,81.1,-43.4,0.783,48.1,76,0.573,0,1
NEU-502334,TreatmentA,B03,93.28,-76.0,276.7,9.2,78.8,-43.51,1.317,76.7,77,0.3616,1,0
NEU-509236,TreatmentA,B01,96.92,-65.52,60.9,12.41,27.0,-41.0,0.839,51.7,98,0.3642,1,1
NEU-504347,TreatmentA,B02,103.27,-70.96,62.9,26.36,64.9,-34.79,1.044,59.6,86,0.0914,1,0
NEU-504310,TreatmentB,B03,103.85,-59.79,177.3,13.97,70.3,-37.7,1.15,69.4,83,0.5375,1,1
NEU-506237,TreatmentB,B01,99.07,-67.9,86.6,17.17,92.8,-37.02,0.682,84.2,85,0.2777,1,0
NEU-501791,TreatmentA,B02,76.51,-67.85,193.0,31.47,62.4,-37.82,1.053,61.2,84,0.64,1,1
NEU-509376,Control,B02,101.78,-61.01,144.9,19.68,191.4,-39.49,0.857,39.3,89,0.3913,0,0
NEU-502974,TreatmentB,B03,107.64,-58.59,99.7,16.31,88.8,-42.86,0.662,44.8,82,0.4496,0,0
NEU-501201,Control,B02,109.09,-66.14,201.8,25.83,135.6,-44.62,0.658,54.3,91,0.4048,0,1
NEU-503142,TreatmentA,B03,101.9,-66.0,226.3,10.1,110.3,-43.36,1.278,78.5,94,0.1965,1,1
NEU-508040,Control,B01,112.29,-61.71,601.9,7.24,173.5,-47.46,0.659,39.7,78,0.617,0,0
NEU-501511,TreatmentB,B01,89.89,-58.88,103.9,6.55,35.8,-39.15,1.069,55.9,85,0.5673,1,0
NEU-508041,Control,B01,68.3,-67.21,190.1,19.83,98.3,-38.66,1.128,52.3,83,0.6356,1,1
NEU-500942,Control,B01,93.5,-72.42,156.6,14.18,117.8,-46.77,0.959,50.6,76,0.6003,0,0
NEU-506465,TreatmentB,B03,112.48,-59.47,286.9,12.53,107.8,-36.27,1.067,61.4,78,0.7754,0,0
NEU-504693,Control,B02,87.39,-68.38,153.4,15.01,151.9,-37.55,1.128,49.4,82,0.5796,0,1
NEU-500341,Control,B02,84.1,-72.56,306.8,17.44,109.9,-34.68,1.491,39.0,75,0.5519,0,0
NEU-504615,Control,B02,94.59,-63.45,226.0,14.16,77.2,-38.99,1.301,47.8,71,0.5562,1,1
NEU-508975,TreatmentA,B02,80.7,-74.87,266.8,9.47,59.5,-42.89,0.77,73.0,88,0.2549,1,0
NEU-503833,Control,B03,134.19,-47.67,307.7,11.63,54.3,-34.16,1.049,58.8,85,0.5957,0,0
NEU-508842,Control,B02,87.46,-63.54,206.0,19.92,110.9,-38.98,1.365,55.5,88,0.488,0,1
NEU-505280,TreatmentB,B02,96.99,-61.84,179.6,14.64,113.7,-48.94,1.292,76.0,86,0.0898,1,1
NEU-503670,Control,B03,72.87,-61.88,103.3,9.6,100.6,-45.38,1.609,57.1,102,0.617,0,0
NEU-503239,TreatmentA,B02,93.87,-65.78,101.1,9.75,109.1,-41.17,1.472,61.9,98,0.5374,1,0
NEU-505678,TreatmentA,B02,103.9,-64.18,80.2,9.92,61.1,-40.41,1.028,24.6,94,0.3349,0,1
NEU-502860,TreatmentB,B03,84.93,-71.99,110.7,15.9,38.5,-38.34,1.188,60.4,93,0.486,1,1
NEU-501288,TreatmentA,B02,122.54,-65.94,164.5,16.0,65.1,-37.51,1.148,53.2,82,0.5494,1,1
NEU-504576,TreatmentA,B02,96.3,-69.75,282.3,16.09,123.3,-46.25,0.916,49.3,82,0.4914,0,0
NEU-500206,TreatmentB,B03,123.63,-66.91,158.6,13.03,93.8,-41.63,1.184,63.2,91,0.4083,1,1
NEU-500655,TreatmentA,B03,84.33,-68.2,363.0,16.39,87.5,-43.19,1.872,28.4,100,0.4433,1,1
NEU-507291,Control,B02,124.78,-69.95,241.1,17.66,106.2,-38.88,1.431,38.7,107,0.4808,1,1
NEU-503866,TreatmentB,B02,96.07,-59.59,121.3,14.32,109.1,-37.69,1.141,85.2,82,0.2351,1,0
NEU-507905,Control,B02,75.79,-63.41,223.1,13.93,124.7,-39.57,0.837,71.0,83,0.2399,0,1
NEU-504774,TreatmentA,B02,100.88,-59.6,392.4,19.88,105.0,-49.17,1.431,50.5,94,0.4547,0,0
NEU-504590,TreatmentB,B03,71.04,-69.61,254.2,8.8,86.6,-48.13,0.575,58.0,71,0.5486,0,0
NEU-503191,TreatmentA,B03,117.12,-59.27,415.8,12.47,107.9,-43.8,1.359,48.1,84,0.2387,0,1
NEU-502646,TreatmentA,B01,91.51,-64.19,210.8,11.59,60.4,-46.64,0.939,40.5,71,0.3874,0,1
NEU-503432,TreatmentB,B01,117.44,-52.4,169.2,18.51,43.3,-38.89,1.17,53.9,92,0.3358,0,0
NEU-504187,Control,B03,77.77,-68.22,271.5,20.04,106.4,-36.97,1.056,34.4,80,0.6076,0,1
NEU-501577,Control,B02,93.09,-73.12,247.0,19.41,94.5,-45.5,0.934,53.6,82,0.5287,0,1
NEU-506481,Control,B02,73.88,-66.17,360.2,11.91,90.8,-41.42,1.217,30.1,76,0.1371,0,1
NEU-500316,TreatmentA,B02,87.8,-64.12,420.6,24.5,99.8,-42.12,0.5,61.2,75,0.5509,1,1
NEU-504987,Control,B02,77.05,-65.35,214.0,9.53,104.0,-43.09,1.456,48.0,94,0.494,0,0
NEU-501543,Control,B02,89.64,-63.73,222.3,13.51,158.3,-35.78,0.836,48.9,81,0.6639,0,1
NEU-501697,Control,B01,103.36,-69.43,122.1,44.39,170.6,-46.14,1.237,22.6,75,0.3801,0,0
NEU-500485,Control,B01,117.57,-65.21,70.5,10.37,107.9,-37.36,0.826,58.4,81,0.3489,0,1
NEU-502394,TreatmentB,B03,112.13,-70.7,338.6,20.7,157.2,-39.56,1.072,77.7,72,0.3163,0,0
NEU-506327,TreatmentA,B01,113.13,-59.99,140.0,8.15,98.7,-40.64,1.217,59.0,70,0.3993,1,1
NEU-504380,Control,B03,82.37,-64.75,253.8,14.92,150.1,-44.06,1.193,59.5,82,0.432,1,1
NEU-500978,TreatmentB,B01,114.19,-53.13,315.7,17.06,75.2,-40.52,0.959,77.2,74,0.1903,0,0
NEU-509337,Control,B03,90.71,-67.56,134.5,11.5,143.7,-44.17,0.849,57.9,96,0.4475,1,1
NEU-500272,Control,B01,103.26,-59.04,196.9,15.53,107.2,-42.44,0.685,38.0,93,0.6398,0,0
NEU-500664,TreatmentA,B02,103.37,-63.98,178.6,9.82,96.8,-43.48,1.357,25.9,76,0.4449,0,1
NEU-502531,Control,B03,101.33,-64.97,111.7,15.27,125.8,-36.11,0.977,40.2,78,0.3607,0,1
NEU-504262,TreatmentA,B03,92.76,-70.49,250.6,8.43,-12.2,-35.78,0.656,59.9,73,0.4186,0,0
NEU-504329,TreatmentA,B03,106.18,-64.21,229.8,6.61,40.1,-38.8,1.309,78.6,86,0.4512,1,0
NEU-507784,Control,B02,101.1,-53.05,231.9,8.94,102.2,-47.97,1.112,50.5,89,0.4062,0,0
NEU-500782,TreatmentB,B01,88.57,-72.58,79.4,9.97,107.0,-41.86,0.914,55.8,70,0.3767,1,0
NEU-506764,TreatmentA,B01,94.32,-68.39,331.1,10.33,93.4,-41.38,1.105,61.4,105,0.2983,1,1
NEU-501501,Control,B03,97.9,-51.4,125.9,14.88,188.7,-41.5,0.756,72.9,90,0.3306,1,0
NEU-504847,TreatmentA,B02,88.66,-67.85,110.8,7.74,137.6,-48.36,0.571,54.2,81,0.2176,0,1
NEU-503799,TreatmentA,B03,107.85,-72.65,294.4,5.63,130.1,-42.95,0.982,49.8,68,0.4063,0,0
NEU-501672,TreatmentA,B01,85.14,-65.34,163.8,10.73,61.1,-39.97,0.903,45.6,92,0.5141,0,1
NEU-502060,Control,B03,107.8,-66.56,308.3,19.73,58.5,-42.46,1.74,51.7,99,0.314,0,1
NEU-504592,TreatmentA,B03,123.98,-65.61,195.6,11.21,98.0,-32.21,1.499,73.6,92,0.457,0,1
NEU-506836,TreatmentB,B02,101.89,-72.21,89.6,11.27,118.7,-39.42,0.723,45.7,74,0.5624,1,0
NEU-508847,TreatmentB,B03,95.34,-66.8,189.7,19.62,56.8,-27.88,0.871,38.2,84,0.3045,0,0
NEU-505144,TreatmentA,B01,71.82,-63.31,449.2,11.0,151.9,-37.74,1.11,58.0,98,0.5723,0,1
NEU-500251,Control,B03,102.86,-62.25,261.8,10.98,165.3,-49.06,1.384,47.1,79,0.4729,0,1
NEU-501628,TreatmentB,B03,91.64,-56.43,155.2,19.77,143.6,-43.01,0.907,93.9,71,0.32,1,0
NEU-502574,Control,B02,121.18,-71.26,170.4,9.25,137.7,-40.25,0.653,15.1,77,0.2585,0,1
NEU-501151,TreatmentA,B01,103.09,-62.32,183.8,16.68,132.4,-40.25,1.272,73.7,81,0.3055,1,1
NEU-507678,TreatmentA,B03,96.99,-64.7,244.6,17.87,78.6,-45.3,1.057,66.2,74,0.4672,0,1
NEU-506205,TreatmentB,B02,108.61,-71.15,92.0,18.74,41.3,-45.81,0.833,72.7,86,0.4334,1,0
NEU-506490,Control,B01,93.04,-68.77,420.7,5.56,134.6,-44.51,0.953,67.1,86,0.3347,0,1
NEU-506058,Control,B01,95.6,-70.08,151.7,17.91,90.1,-43.08,0.711,51.0,73,0.6846,1,1
NEU-507135,TreatmentA,B01,114.72,-64.86,219.9,6.37,92.6,-40.27,1.381,58.7,82,0.2642,1,1
NEU-506641,TreatmentA,B03,109.34,-63.55,295.6,11.5,103.2,-37.3,1.662,47.5,91,0.6429,0,1
NEU-503416,Control,B01,104.51,-59.18,168.8,10.45,126.1,-35.37,1.195,48.8,101,0.2096,1,1
NEU-502948,Control,B01,65.56,-59.74,179.5,16.56,92.4,-37.98,1.335,28.1,87,0.5085,0,1
NEU-501934,TreatmentA,B01,103.19,-60.65,123.0,9.94,118.8,-40.79,0.662,51.7,83,0.2048,0,1
NEU-506312,Control,B03,100.38,-60.96,167.2,25.61,133.6,-53.38,1.441,64.4,98,0.4962,1,0
NEU-509662,TreatmentA,B02,102.99,-57.27,51.4,14.32,90.2,-42.29,0.672,13.2,83,0.1737,0,0
NEU-505187,TreatmentB,B03,83.32,-67.33,322.1,15.38,60.0,-40.9,0.543,69.9,88,0.4262,1,1
NEU-503775,TreatmentB,B02,89.35,-60.08,142.9,18.93,145.1,-40.78,0.791,41.7,75,0.6002,0,1
NEU-505119,Control,B02,88.71,-64.35,117.7,9.85,109.7,-39.57,1.289,16.9,90,0.6911,1,0
NEU-502401,TreatmentA,B01,116.62,-64.63,74.9,12.55,63.3,-35.52,0.556,58.1,69,0.2974,0,0
NEU-508901,TreatmentB,B03,95.71,-63.94,244.8,17.45,-17.2,-44.99,1.342,61.3,89,0.7395,1,1
NEU-509574,TreatmentB,B03,103.55,-60.12,96.3,9.75,48.8,-39.84,1.652,42.1,79,0.4136,1,1
NEU-509528,TreatmentA,B02,72.69,-72.15,309.9,7.01,110.9,-41.77,1.044,45.5,91,0.28,0,1
NEU-500362,Control,B03,111.87,-67.52,203.8,19.45,132.2,-41.58,1.055,47.8,74,0.3563,0,1
NEU-501487,TreatmentB,B01,100.87,-62.52,199.9,14.16,108.2,-44.2,0.701,53.3,90,0.3328,0,0
NEU-504909,Control,B01,105.81,-64.99,101.4,15.82,131.0,-41.51,1.047,24.2,94,0.6277,0,1
NEU-509197,Control,B02,82.51,-60.68,53.4,15.47,98.1,-41.33,1.182,53.2,82,0.4669,1,1
NEU-505023,TreatmentB,B01,66.98,-67.85,298.8,12.15,114.5,-40.01,1.517,42.0,81,0.3691,0,0
NEU-500542,TreatmentA,B01,86.46,-52.54,313.8,8.84,84.6,-43.57,1.026,38.6,108,0.3762,0,0
NEU-507878,TreatmentB,B01,91.49,-68.92,107.4,10.6,40.8,-42.2,1.558,52.0,94,0.3109,0,1
NEU-501984,TreatmentA,B02,97.96,-66.53,139.1,20.5,154.3,-45.96,1.057,50.8,89,0.3239,1,0
NEU-509521,TreatmentA,B01,123.57,-63.13,121.9,17.59,122.4,-45.21,2.411,61.6,94,0.3883,1,1
NEU-503814,TreatmentB,B03,112.16,-54.92,141.3,17.35,6.7,-42.13,0.77,59.5,85,0.39,0,0
NEU-505866,Control,B03,101.88,-66.32,292.1,33.24,170.5,-38.51,0.928,24.6,81,0.5082,0,1
NEU-504317,TreatmentA,B03,87.74,-62.49,115.8,6.03,64.9,-42.36,0.773,48.4,84,0.4474,0,0
NEU-506103,Control,B02,59.61,-60.89,135.6,9.84,82.0,-46.48,1.047,62.0,84,0.5676,1,0
NEU-507207,TreatmentB,B01,108.15,-59.35,116.1,10.75,9.3,-37.7,0.725,51.9,87,0.3064,0,1
NEU-501355,TreatmentB,B02,96.25,-70.2,283.6,12.71,123.1,-33.48,0.946,73.0,80,0.4058,0,0
NEU-509410,Control,B02,95.29,-60.72,81.2,10.71,72.9,-46.95,1.32,50.7,84,0.5187,1,0
NEU-503486,TreatmentA,B03,90.98,-63.39,170.9,20.98,133.5,-45.46,0.592,56.3,76,0.4083,0,1
NEU-500831,Control,B01,120.9,-69.17,457.9,9.4,83.8,-46.67,1.051,36.4,75,0.5242,0,0
NEU-504756,Control,B01,74.56,-56.01,97.9,16.49,143.6,-44.15,1.197,41.8,69,0.4681,1,0
NEU-503098,TreatmentA,B02,95.46,-65.02,171.0,12.95,89.0,-47.35,0.937,50.5,94,0.1968,0,1
NEU-501176,TreatmentB,B01,73.64,-65.82,171.4,9.19,127.5,-39.45,1.152,68.6,108,0.6974,1,0
NEU-501911,TreatmentB,B01,87.21,-66.15,133.9,8.23,32.4,-39.52,1.499,63.1,107,0.1475,1,1
NEU-505040,Control,B03,110.55,-56.12,95.1,18.41,145.2,-39.23,1.191,16.1,70,0.4307,0,0
NEU-507402,Control,B02,108.45,-66.03,148.4,12.85,118.6,-41.29,1.117,56.7,100,0.2673,1,1
NEU-507092,Control,B02,107.28,-57.8,219.0,12.62,200.5,-47.75,1.697,67.3,82,0.5524,1,0
NEU-500638,TreatmentA,B03,99.21,-64.85,205.0,9.53,170.4,-44.28,0.608,47.7,91,0.3669,0,1
NEU-500013,Control,B01,97.61,-77.17,118.5,7.55,139.8,-37.45,0.967,41.2,90,0.3141,1,1
NEU-509268,TreatmentB,B03,104.84,-59.53,209.8,13.03,68.2,-42.12,1.33,71.7,80,0.2604,1,0
NEU-506877,TreatmentA,B03,125.05,-65.11,290.2,12.22,143.2,-43.26,1.031,60.0,58,0.2899,0,1
NEU-504014,TreatmentB,B02,85.65,-73.44,85.0,12.25,80.0,-45.24,0.72,27.1,77,0.3211,0,0
NEU-508590,TreatmentA,B03,103.97,-54.97,564.9,15.0,95.8,-34.54,0.76,31.9,66,0.3112,0,0
NEU-506075,TreatmentB,B02,108.64,-65.82,96.0,15.38,100.9,-34.83,1.381,40.9,88,0.5436,1,1
NEU-500776,TreatmentA,B01,95.31,-62.95,260.4,19.82,108.8,-38.49,0.968,59.6,90,0.4574,1,1
NEU-509430,TreatmentA,B02,86.66,-66.18,165.7,14.79,100.0,-47.67,1.176,83.9,79,0.32,0,1
NEU-502676,Control,B03,98.68,-66.51,185.0,8.82,128.0,-38.52,0.475,38.5,86,0.3732,0,1
NEU-502317,Control,B01,112.48,-68.0,269.5,20.16,80.3,-47.23,1.244,52.2,87,0.2863,0,0
NEU-508327,TreatmentA,B02,97.52,-58.38,373.0,14.71,108.9,-38.18,0.806,35.9,84,0.4875,0,1
NEU-509777,TreatmentB,B03,99.59,-68.76,360.9,9.81,135.1,-40.18,1.331,68.2,101,0.3417,0,1
NEU-505912,Control,B01,109.55,-60.13,181.4,16.79,168.4,-45.49,1.485,61.0,73,0.2073,1,0
NEU-507492,TreatmentA,B02,95.35,-59.71,197.4,53.28,109.3,-51.47,1.104,45.4,84,0.3921,0,1
NEU-503748,TreatmentB,B03,121.8,-56.68,155.8,13.09,109.7,-42.45,1.071,57.8,86,0.3116,1,0
NEU-505288,Control,B01,99.14,-72.19,143.9,10.78,119.0,-42.07,1.538,39.4,97,0.2076,0,0
NEU-509664,TreatmentB,B02,96.24,-67.95,188.9,8.32,102.2,-33.98,0.803,82.8,69,0.6432,1,0
NEU-508419,TreatmentA,B02,100.11,-66.68,198.2,8.92,163.7,-41.04,1.012,47.4,90,0.4365,1,1
NEU-504144,TreatmentA,B02,84.69,-72.09,62.4,28.52,111.6,-47.33,1.157,41.1,85,0.3841,0,0
NEU-507091,Control,B03,109.45,-66.13,179.4,22.13,122.9,-46.18,1.026,50.6,88,0.4919,0,1
NEU-501867,TreatmentA,B03,78.58,-54.89,315.5,18.59,50.0,-51.14,1.352,40.8,77,0.488,0,0
NEU-508227,Control,B03,97.22,-65.53,159.6,12.89,165.7,-49.42,1.081,30.6,84,0.4343,0,1
NEU-500766,Control,B01,107.62,-66.92,104.5,17.43,107.5,-46.98,0.845,55.7,84,0.5874,1,1
NEU-509905,TreatmentB,B03,104.61,-66.46,166.3,19.53,68.4,-41.11,0.9,49.3,84,0.3278,1,0
NEU-506632,TreatmentB,B02,96.63,-66.16,191.0,8.71,51.6,-42.67,0.742,78.5,80,0.1262,1,1
NEU-501809,Control,B01,99.93,-67.79,219.2,16.38,144.8,-43.59,1.266,46.6,86,0.2517,1,1
NEU-500775,TreatmentB,B02,89.78,-57.97,186.0,10.36,78.2,-47.68,1.182,53.1,82,0.2689,1,1
NEU-502656,TreatmentB,B03,100.44,-66.85,135.6,8.49,95.8,-43.27,0.922,76.8,99,0.2811,1,1
NEU-508840,TreatmentB,B01,90.47,-62.71,368.9,13.24,81.8,-44.73,1.355,86.1,62,0.3977,0,0
NEU-506908,Control,B02,119.75,-72.62,296.0,16.02,137.1,-35.65,0.671,37.7,75,0.2771,0,0
NEU-504873,TreatmentB,B02,109.18,-68.06,137.1,24.35,118.2,-45.34,1.126,74.6,74,0.2982,1,0
NEU-502916,TreatmentB,B02,109.28,-61.43,216.0,13.15,42.0,-42.28,0.685,59.4,81,0.2154,1,1
NEU-504518,TreatmentB,B01,93.73,-62.5,248.6,22.39,106.0,-46.89,1.0,66.9,76,0.2923,0,0
NEU-504475,TreatmentB,B01,98.43,-63.74,224.6,21.22,64.4,-39.71,1.344,45.8,83,0.2898,0,0
NEU-508060,TreatmentA,B03,96.48,-76.03,276.1,10.39,104.6,-48.75,0.77,53.1,98,0.4393,0,0
NEU-506083,Control,B02,99.35,-64.8,192.3,13.24,152.0,-39.35,1.683,42.8,97,0.1798,1,0
NEU-503085,Control,B02,95.3,-65.64,179.1,13.92,166.0,-45.47,1.163,44.2,78,0.2513,0,0
NEU-500864,TreatmentA,B03,88.16,-62.63,213.0,9.97,126.0,-41.28,0.702,59.3,79,0.3291,0,0
NEU-506087,TreatmentB,B02,96.57,-68.73,92.7,16.8,42.5,-37.46,1.248,57.3,82,0.3603,1,1
NEU-506741,Control,B02,89.79,-61.2,316.3,13.35,141.4,-38.24,0.842,55.1,90,0.5839,1,1
NEU-505817,TreatmentA,B02,100.5,-68.6,335.9,10.42,71.9,-34.39,1.366,13.5,84,0.2307,0,1
NEU-501051,TreatmentA,B02,101.61,-67.14,392.9,9.37,104.8,-47.32,0.803,41.1,83,0.4441,0,1
NEU-506516,Control,B01,107.48,-70.54,261.5,16.04,151.5,-49.13,1.378,28.0,85,0.6146,0,0
NEU-505471,Control,B01,93.58,-66.87,134.1,10.82,67.9,-37.52,1.744,51.2,78,0.544,1,1
NEU-500869,TreatmentA,B01,106.48,-60.14,140.7,10.24,135.4,-39.41,0.766,58.1,95,0.4402,0,1
NEU-500009,TreatmentB,B02,86.91,-57.41,157.8,21.83,62.8,-46.74,1.053,43.6,76,0.5227,0,0
NEU-504092,TreatmentB,B03,102.47,-67.54,137.5,12.45,114.2,-45.68,0.703,69.3,82,0.3952,0,1
NEU-509973,Control,B03,105.0,-55.83,247.7,12.48,165.4,-38.96,0.875,49.0,74,0.2919,1,0
NEU-508222,TreatmentA,B02,94.95,-59.8,76.8,12.47,92.9,-42.11,0.911,56.9,93,0.4455,1,1
NEU-506109,TreatmentB,B01,98.96,-61.96,114.5,7.71,12.5,-39.49,0.638,63.0,57,0.5493,0,0
NEU-508773,Control,B02,92.82,-69.98,359.4,18.37,101.1,-43.88,1.529,35.7,85,0.7032,0,1
NEU-509603,TreatmentA,B03,97.77,-69.43,104.1,13.91,107.8,-41.48,1.093,60.3,82,0.4367,1,1
NEU-508601,TreatmentB,B03,91.86,-66.84,449.9,14.09,23.7,-34.26,1.279,63.4,100,0.1673,0,0
NEU-502204,Control,B01,130.42,-72.46,62.7,14.6,187.1,-43.52,0.943,41.4,80,0.4159,1,1
NEU-502926,Control,B02,108.78,-66.97,367.0,16.4,128.4,-43.03,0.805,38.6,108,0.6298,0,1
NEU-504564,TreatmentA,B03,118.51,-68.34,233.5,20.91,88.7,-50.69,0.886,40.6,86,0.5532,0,1
NEU-504731,TreatmentA,B01,114.87,-64.98,245.0,11.41,97.8,-43.03,1.353,53.7,94,0.4685,0,1
NEU-508886,Control,B03,121.33,-61.61,155.9,15.59,71.4,-42.36,1.006,40.0,90,0.6487,1,1
NEU-504193,TreatmentA,B02,64.59,-67.04,472.6,18.23,93.7,-34.89,0.953,36.2,103,0.5384,0,1
NEU-501421,TreatmentB,B02,97.98,-77.58,141.2,9.75,116.7,-48.52,0.957,61.0,78,0.4452,0,0
NEU-502104,TreatmentB,B01,87.12,-71.26,159.1,11.16,101.9,-38.92,0.947,80.7,77,0.5728,1,0
NEU-500127,TreatmentA,B02,105.52,-58.23,194.8,14.49,117.7,-38.59,1.051,49.9,98,0.2042,1,0
NEU-502485,TreatmentB,B02,80.02,-73.61,200.8,16.02,22.4,-39.12,1.138,37.0,80,0.5916,0,0
NEU-504636,TreatmentA,B01,130.82,-72.51,173.9,10.86,116.8,-43.03,0.946,51.5,64,0.2191,1,1
NEU-506287,TreatmentB,B03,111.8,-70.8,144.3,8.7,140.7,-47.04,1.112,68.8,81,0.4855,1,0
NEU-505715,Control,B01,117.57,-63.75,257.2,12.67,154.1,-37.99,0.826,49.5,80,0.5046,0,1
NEU-501762,Control,B03,115.93,-67.25,148.6,10.93,97.1,-40.49,0.765,57.9,101,0.4629,1,1
NEU-507268,TreatmentA,B01,103.43,-63.73,214.6,12.98,178.9,-39.82,1.09,88.8,88,0.4312,1,1
NEU-502812,TreatmentB,B01,98.42,-69.04,171.0,23.78,68.7,-44.23,1.002,73.9,79,0.8012,0,1
NEU-501186,TreatmentA,B01,128.31,-59.7,162.8,10.01,128.8,-47.32,1.706,36.5,95,0.5685,1,0
NEU-501399,TreatmentB,B01,96.38,-63.55,163.9,17.86,65.7,-41.16,1.271,52.6,83,0.0918,0,0
NEU-504160,TreatmentA,B01,104.18,-62.83,149.8,12.83,127.0,-49.77,1.035,18.4,70,0.4519,0,0
NEU-504768,TreatmentB,B03,94.62,-67.75,227.3,12.23,33.2,-38.0,1.248,52.3,100,0.2661,1,0
NEU-503354,TreatmentB,B01,84.15,-57.01,161.0,51.27,59.4,-48.07,1.156,61.6,119,0.1786,0,0
NEU-505456,Control,B01,104.56,-59.33,251.1,15.81,131.4,-37.4,1.448,47.2,98,0.4546,1,1
NEU-502897,TreatmentB,B01,102.52,-72.84,291.3,9.11,104.5,-40.09,1.073,51.8,78,0.5199,1,0
NEU-505582,TreatmentA,B01,89.67,-56.67,150.0,15.81,93.8,-43.94,0.839,75.1,94,0.3727,1,1
NEU-508374,Control,B01,113.07,-62.22,139.2,36.17,114.8,-34.42,0.84,54.2,100,0.5832,1,1
NEU-508599,Control,B03,95.08,-73.03,101.2,15.5,73.0,-45.13,1.601,26.0,85,0.5596,1,0
NEU-506934,TreatmentA,B01,95.02,-61.17,579.0,20.64,26.7,-34.83,0.817,34.6,72,0.2352,0,0
NEU-503114,TreatmentB,B01,109.06,-62.74,110.9,23.82,20.6,-38.74,1.5,61.0,83,0.5019,1,1
NEU-504525,Control,B03,99.02,-59.44,219.8,17.76,135.1,-37.84,1.169,45.6,81,0.3769,1,0
NEU-507472,Control,B02,92.32,-67.31,197.3,13.58,145.7,-45.59,1.048,54.9,92,0.5153,1,1
NEU-507763,Control,B01,111.38,-58.6,137.2,14.8,66.5,-46.21,0.876,27.1,83,0.6059,0,0
NEU-503005,Control,B01,108.32,-64.47,85.7,8.23,199.8,-39.94,0.849,22.1,97,0.2952,0,1
NEU-505984,Control,B02,100.05,-61.15,426.2,13.16,133.9,-42.14,0.986,39.1,84,0.4816,0,0
NEU-504938,TreatmentA,B01,88.28,-66.14,159.9,17.46,127.9,-45.57,1.279,67.2,75,0.4562,1,1
NEU-503616,Control,B03,110.36,-60.23,366.3,7.49,151.7,-44.59,1.092,36.7,94,0.5549,0,0
NEU-502077,Control,B02,116.48,-70.49,115.6,9.83,41.7,-40.95,0.661,55.9,76,0.3327,0,0
NEU-503469,TreatmentB,B03,97.01,-64.45,94.0,12.62,62.8,-40.14,1.009,54.8,75,0.5601,1,1
NEU-505591,Control,B01,113.14,-69.9,171.3,16.62,107.2,-42.37,1.091,44.1,83,0.6411,0,1
NEU-508566,TreatmentA,B03,96.99,-62.74,221.9,19.81,101.8,-41.41,0.83,45.0,96,0.4276,0,1
NEU-508193,TreatmentA,B01,79.91,-63.03,200.0,9.98,137.6,-46.13,1.208,36.2,85,0.5549,0,0
NEU-507285,TreatmentB,B01,99.41,-61.43,277.0,13.99,74.6,-49.76,1.206,55.0,77,0.2601,0,1
NEU-504902,TreatmentA,B01,71.52,-63.0,322.7,15.54,88.2,-41.73,1.391,46.9,82,0.3306,1,1
NEU-507830,Control,B01,85.96,-56.11,300.0,16.31,93.7,-39.68,1.012,23.8,90,0.343,0,0
NEU-509746,TreatmentB,B01,101.93,-72.6,162.3,20.96,51.6,-33.53,1.294,90.1,88,0.4636,1,0
NEU-509445,TreatmentB,B02,80.72,-66.67,146.5,24.44,85.9,-33.67,1.136,50.3,74,0.341,1,1
NEU-502818,TreatmentB,B01,84.99,-60.78,249.0,18.4,102.6,-41.05,1.166,50.2,106,0.4627,1,1
NEU-507647,Control,B03,83.05,-61.31,158.9,8.71,142.9,-43.12,1.193,25.5,70,0.5091,0,0
NEU-501027,TreatmentB,B01,115.06,-65.58,223.8,8.83,74.7,-38.19,1.305,83.2,83,0.2882,1,1
NEU-500293,Control,B02,118.11,-64.06,291.2,11.56,144.2,-50.78,1.263,46.1,85,0.5731,0,0
NEU-505263,TreatmentB,B03,102.3,-66.39,164.6,20.49,-25.9,-49.74,0.976,61.9,85,0.3087,1,1
NEU-500730,Control,B03,115.08,-69.84,89.5,20.63,177.3,-47.76,0.859,38.5,94,0.7507,0,1
NEU-505084,TreatmentA,B03,86.21,-60.47,116.1,8.01,62.8,-41.06,1.386,32.9,100,0.1008,0,1
NEU-501956,Control,B02,118.75,-66.65,178.9,10.29,148.0,-43.68,1.07,42.5,86,0.3939,1,0
NEU-506872,Control,B01,96.88,-68.13,98.0,8.43,72.1,-45.48,1.065,48.4,109,0.4153,1,0
NEU-502234,TreatmentB,B02,123.23,-71.4,124.6,37.06,98.2,-38.23,0.71,71.4,82,0.2943,1,0
NEU-506215,TreatmentB,B02,88.59,-58.58,192.7,29.44,16.0,-35.97,0.899,70.4,72,0.4968,1,1
NEU-500629,Control,B02,86.33,-59.11,295.1,22.26,173.5,-44.58,2.271,45.5,81,0.5803,1,1
NEU-506111,TreatmentA,B02,95.36,-67.67,270.2,18.91,126.7,-48.28,1.043,50.9,77,0.3642,0,1
NEU-508047,Control,B01,104.16,-67.33,182.0,44.02,111.6,-47.42,0.889,15.3,98,0.2062,0,0
NEU-502593,TreatmentA,B02,84.97,-57.29,223.9,13.14,104.5,-45.01,0.692,53.6,90,0.6414,0,0
NEU-500992,Control,B01,92.7,-72.23,194.9,19.84,97.7,-49.95,1.496,37.5,95,0.3766,0,0
NEU-501773,TreatmentB,B03,96.09,-68.6,148.2,11.35,95.8,-48.44,1.071,63.0,93,0.3265,1,1
NEU-509832,TreatmentB,B01,78.76,-66.41,131.1,14.63,142.4,-42.01,0.921,78.8,111,0.2991,1,0
NEU-504115,Control,B01,84.7,-61.29,232.3,9.02,98.1,-43.22,0.755,48.3,90,0.4025,0,0
NEU-504581,Control,B02,93.38,-63.54,232.9,9.77,114.0,-41.24,0.573,43.1,86,0.3994,0,1
NEU-503298,TreatmentB,B01,87.52,-66.53,199.1,13.37,136.7,-46.29,1.869,58.8,89,0.3554,1,1
NEU-500626,Control,B03,85.19,-61.05,85.6,15.13,110.2,-45.78,0.746,42.3,87,0.4864,1,0
NEU-507626,TreatmentA,B01,114.82,-61.55,189.3,15.62,171.4,-39.71,1.373,62.8,89,0.5711,1,1
NEU-502105,TreatmentA,B03,85.89,-66.84,172.0,14.45,93.9,-47.44,0.82,57.6,92,0.4101,0,1
NEU-503855,Control,B01,101.58,-67.24,195.9,23.88,164.6,-40.46,1.389,42.1,85,0.3172,1,1
NEU-509635,TreatmentA,B02,99.85,-70.1,97.1,8.8,103.3,-39.71,1.066,52.5,88,0.5373,1,0
NEU-504285,TreatmentB,B01,102.93,-61.55,235.8,9.99,180.2,-40.96,0.893,65.2,90,0.4565,0,1
NEU-500208,TreatmentA,B01,96.82,-73.63,246.4,14.15,145.4,-41.58,1.652,62.2,90,0.4259,0,0
NEU-502760,Control,B02,108.44,-61.15,393.5,10.63,100.2,-43.96,0.801,45.5,90,0.5107,0,0
NEU-501621,TreatmentB,B02,73.64,-56.59,198.6,11.71,10.1,-49.3,0.417,66.5,76,0.4199,0,0
NEU-502482,TreatmentA,B02,105.36,-68.13,188.4,10.24,115.5,-42.75,1.496,29.8,70,0.5979,0,0
NEU-503184,TreatmentB,B03,85.6,-59.51,89.1,9.33,134.8,-44.84,0.656,54.9,99,0.37,1,0
NEU-501874,TreatmentA,B03,107.5,-68.47,196.8,8.97,103.7,-50.03,1.208,65.6,87,0.2333,1,1
NEU-501162,Control,B01,107.63,-57.52,407.0,17.48,198.9,-42.87,1.25,47.5,75,0.2107,0,0
NEU-505940,Control,B02,110.97,-61.18,188.8,15.19,111.5,-37.61,1.449,16.6,82,0.297,0,0
NEU-500522,TreatmentA,B02,97.7,-59.06,152.5,8.83,74.2,-49.78,1.079,42.1,81,0.299,0,1
NEU-503562,TreatmentA,B01,103.33,-68.4,345.6,6.57,99.2,-42.9,0.883,63.1,85,0.5494,0,0
NEU-504870,Control,B03,82.53,-65.31,279.7,15.4,162.6,-44.37,1.078,38.8,104,0.5299,0,0
NEU-504435,Control,B03,80.08,-63.02,116.5,17.82,96.9,-42.92,1.592,58.8,82,0.4086,1,1
NEU-501447,TreatmentB,B03,142.35,-67.41,144.8,11.84,94.8,-43.07,1.546,69.9,92,0.5131,1,0
NEU-506534,Control,B03,122.61,-54.03,183.9,20.64,167.9,-42.78,0.826,65.7,83,0.4318,0,0
NEU-504140,Control,B03,115.57,-68.8,236.2,12.09,128.0,-45.35,0.668,16.7,83,0.27,0,1
NEU-502591,Control,B03,120.6,-59.91,140.7,11.46,154.1,-41.74,0.879,41.9,68,0.2325,0,1
NEU-504154,TreatmentA,B03,97.36,-68.96,109.2,18.04,202.4,-37.9,0.961,49.4,67,0.2651,1,0
NEU-501191,Control,B01,91.01,-66.26,164.0,6.64,118.7,-45.68,1.276,6.6,76,0.3513,0,1
NEU-501778,Control,B03,85.52,-62.03,107.3,11.54,153.7,-47.1,0.772,22.4,83,0.5347,0,1
NEU-505422,TreatmentA,B01,108.49,-67.86,253.7,9.88,87.8,-36.36,0.935,63.5,95,0.2282,0,1
NEU-505657,TreatmentA,B01,85.73,-67.33,62.8,13.65,46.1,-43.01,1.007,54.6,102,0.4635,1,1
NEU-505313,TreatmentA,B03,95.67,-66.78,271.6,11.84,38.1,-38.79,1.351,66.1,87,0.3022,0,1
NEU-502662,TreatmentA,B01,96.64,-65.28,176.7,15.17,59.5,-44.74,2.544,61.3,48,0.5363,1,1
NEU-505069,TreatmentA,B01,87.36,-62.59,114.1,13.49,144.2,-45.63,0.837,89.1,95,0.583,1,1
NEU-501431,Control,B01,106.48,-66.68,76.6,8.19,148.9,-46.6,0.61,22.3,83,0.7004,1,0
NEU-508334,TreatmentB,B01,63.96,-68.66,95.5,19.3,62.9,-37.94,1.177,55.3,89,0.51,1,1
NEU-509216,Control,B01,87.06,-78.19,190.8,8.78,94.7,-57.55,1.068,15.6,89,0.4744,0,0
NEU-502758,TreatmentB,B03,86.13,-59.86,391.4,20.3,65.3,-41.69,0.893,71.3,74,0.3195,0,0
NEU-506399,TreatmentB,B02,114.27,-74.08,242.8,15.21,109.0,-41.25,1.437,68.9,81,0.3773,1,0
NEU-504243,TreatmentB,B03,110.2,-58.7,133.1,10.26,87.2,-49.96,0.866,65.0,87,0.2663,1,1
NEU-501432,TreatmentA,B01,111.13,-71.69,306.6,14.45,133.9,-42.19,1.5,64.2,85,0.0971,1,0
NEU-503878,Control,B03,94.39,-66.82,136.2,14.58,101.4,-39.57,0.751,24.8,84,0.1722,0,1
NEU-509952,Control,B03,101.15,-67.23,101.8,10.67,121.6,-43.38,1.424,30.2,64,0.5097,0,0
NEU-509735,TreatmentA,B02,115.99,-61.98,136.4,13.41,87.6,-36.71,1.548,47.3,82,0.3064,1,0
NEU-509917,TreatmentA,B03,114.37,-52.26,129.5,13.51,96.7,-39.81,1.283,70.4,95,0.4113,1,0
NEU-502286,TreatmentB,B01,106.71,-62.1,99.6,9.46,26.2,-37.82,0.797,85.6,71,0.6605,1,0
NEU-506871,Control,B02,104.53,-65.98,120.5,6.04,121.9,-43.82,0.646,35.5,79,0.5128,1,0
NEU-509048,TreatmentA,B01,121.07,-57.88,88.0,18.09,99.5,-40.56,0.873,35.0,74,0.3105,1,0
NEU-504971,TreatmentB,B03,92.24,-54.79,217.6,15.45,42.7,-41.7,0.495,43.8,93,0.2135,0,0
NEU-507340,TreatmentA,B03,82.44,-73.31,146.9,10.18,41.4,-48.41,1.277,58.9,80,0.6487,1,0
NEU-509866,TreatmentA,B03,101.03,-63.68,89.3,8.38,172.6,-46.88,1.307,62.8,91,0.3398,1,1
NEU-508164,TreatmentB,B03,104.45,-56.13,213.3,14.54,30.1,-48.03,0.865,35.0,79,0.2336,0,0
NEU-507755,TreatmentA,B01,107.62,-67.89,130.5,11.65,171.6,-39.93,1.667,55.3,93,0.4541,0,1
NEU-500998,TreatmentB,B03,79.49,-59.41,73.1,13.68,43.7,-44.3,0.826,54.8,83,0.2652,1,0
NEU-505014,TreatmentA,B01,82.46,-66.45,146.4,18.63,106.5,-40.17,0.983,44.9,68,0.345,0,1
NEU-505919,TreatmentB,B01,123.95,-69.59,211.9,8.76,99.7,-35.81,1.295,53.5,86,0.6177,1,0
NEU-509369,Control,B01,90.71,-64.73,166.5,11.52,158.6,-38.01,0.845,44.8,93,0.2479,0,1
NEU-505438,TreatmentB,B03,85.69,-49.71,145.6,20.14,81.0,-50.43,1.135,64.3,92,0.3445,1,0
NEU-500793,Control,B01,76.49,-64.02,166.3,9.02,108.1,-35.12,1.654,36.7,85,0.4252,1,0
NEU-509096,TreatmentA,B03,120.67,-54.73,136.0,9.38,127.0,-44.46,0.692,55.1,72,0.4089,0,0
NEU-506403,TreatmentB,B03,100.9,-60.25,229.7,16.41,91.4,-48.39,1.217,58.7,79,0.4829,1,1
NEU-500633,TreatmentA,B01,116.55,-62.96,337.7,11.17,133.6,-41.63,1.204,39.4,91,0.4592,0,1
NEU-501146,Control,B01,92.1,-68.45,420.9,10.75,100.9,-44.54,0.919,41.9,76,0.6707,0,0
NEU-503734,TreatmentB,B01,123.76,-61.6,168.0,14.87,101.5,-44.98,0.637,79.8,90,0.3843,1,1
NEU-500905,Control,B03,88.37,-65.01,212.2,12.12,129.9,-35.69,1.436,65.2,97,0.2063,1,1
NEU-500380,TreatmentB,B03,96.07,-65.94,440.3,14.37,66.0,-45.75,0.773,62.9,85,0.4984,0,1
NEU-503930,Control,B03,109.11,-54.97,438.1,12.45,157.8,-44.67,1.222,40.5,80,0.3565,0,0
NEU-504233,TreatmentA,B02,95.76,-60.83,244.5,16.68,114.1,-40.99,0.465,43.8,68,0.423,0,0
NEU-504147,TreatmentB,B02,100.3,-65.41,168.2,20.75,69.5,-32.38,1.085,57.0,95,0.2893,0,0
NEU-504678,TreatmentA,B01,104.12,-56.49,123.9,9.3,81.6,-40.88,1.509,47.2,78,0.2084,1,1
NEU-506974,Control,B02,122.96,-63.04,168.8,5.7,123.1,-42.88,0.93,31.7,96,0.3974,0,1
NEU-501604,Control,B01,93.75,-65.25,220.6,5.86,91.5,-43.81,1.15,23.8,98,0.2723,1,1
NEU-509752,Control,B01,116.43,-61.77,154.7,6.13,102.7,-37.22,1.686,47.9,63,0.4732,1,0
NEU-507032,Control,B02,105.76,-66.88,194.6,13.77,145.5,-43.58,1.403,44.5,83,0.2782,1,1
NEU-507114,TreatmentB,B03,92.44,-68.0,134.0,13.29,37.8,-44.45,1.237,59.8,86,0.6228,1,0
NEU-507788,TreatmentB,B01,104.82,-70.34,91.1,15.97,65.4,-41.69,0.875,59.4,81,0.2087,0,0
NEU-506901,TreatmentB,B01,71.62,-55.15,369.6,14.76,33.1,-37.41,0.804,77.3,82,0.6969,0,0
NEU-501183,Control,B02,93.39,-60.5,193.7,10.87,132.3,-39.17,1.458,33.0,85,0.5293,0,0
NEU-506221,TreatmentA,B01,95.58,-66.72,228.7,8.49,89.2,-39.01,1.55,48.5,68,0.5177,0,1
NEU-500413,TreatmentA,B01,103.23,-60.05,142.3,21.33,119.6,-43.65,1.191,46.2,105,0.1489,1,0
NEU-500355,TreatmentA,B02,92.84,-59.98,137.4,5.04,91.3,-43.14,0.915,29.1,96,0.1379,0,1
NEU-508073,TreatmentA,B03,102.03,-62.98,373.9,11.55,145.2,-34.21,0.875,39.2,103,0.3948,0,1
NEU-508411,Control,B02,103.68,-60.77,263.8,6.57,139.9,-38.58,1.89,23.5,79,0.2528,0,1
NEU-506105,TreatmentB,B02,110.85,-69.79,194.4,13.7,10.5,-39.23,1.012,56.7,92,0.4381,1,0
NEU-503081,TreatmentB,B01,98.18,-60.49,188.9,7.87,27.4,-31.38,0.773,59.2,75,0.3622,1,1
NEU-500530,TreatmentB,B03,84.43,-66.93,193.9,14.53,100.8,-43.45,1.159,66.8,81,0.6115,1,1
NEU-506137,TreatmentB,B01,83.2,-61.45,82.6,15.02,145.9,-40.31,1.065,79.1,98,0.5805,1,1
NEU-509163,TreatmentB,B03,75.44,-65.32,258.8,8.02,23.1,-44.52,0.814,55.2,89,0.315,0,1
NEU-504649,TreatmentA,B02,94.58,-66.85,71.6,10.19,99.0,-44.93,1.261,55.8,81,0.5019,1,0
NEU-502466,TreatmentA,B01,91.23,-63.39,101.3,25.44,25.8,-49.83,0.959,72.1,64,0.366,1,1
NEU-507582,TreatmentB,B02,112.21,-62.19,268.9,16.4,111.2,-37.47,1.796,58.8,84,0.1837,1,0
NEU-500604,Control,B03,68.98,-63.46,506.9,14.97,205.1,-41.96,0.587,34.7,94,0.4352,0,1
NEU-505559,TreatmentA,B01,102.18,-64.43,122.2,16.62,71.7,-36.73,0.819,49.2,98,0.236,1,1
NEU-504836,TreatmentB,B03,80.55,-58.98,97.9,13.0,78.8,-41.8,0.675,83.6,78,0.3194,0,0
NEU-501898,TreatmentB,B02,120.64,-66.06,131.7,7.67,59.3,-37.96,1.168,59.5,90,0.5216,1,0
NEU-504406,TreatmentA,B01,102.85,-67.8,98.9,17.68,65.2,-45.34,0.911,47.7,94,0.2805,1,1
NEU-508162,Control,B03,104.47,-59.44,205.0,12.77,126.7,-43.58,0.87,17.3,67,0.5574,0,1
NEU-506353,TreatmentB,B03,95.66,-71.2,208.5,16.48,36.5,-32.85,0.57,73.3,79,0.6364,0,1
NEU-501484,Control,B02,128.43,-65.89,124.6,13.62,119.8,-40.75,1.994,44.0,83,0.5567,0,1
NEU-507248,TreatmentA,B03,71.29,-68.34,147.8,7.33,21.8,-33.97,0.911,25.4,78,0.3422,0,1
NEU-502835,TreatmentB,B01,117.45,-66.13,194.2,23.47,73.1,-32.37,0.957,57.2,111,0.3076,0,0
NEU-507369,TreatmentB,B01,124.77,-65.93,530.1,19.28,68.6,-42.5,0.959,82.6,87,0.6267,1,1
NEU-508774,Control,B01,89.67,-68.18,296.8,21.05,142.7,-35.41,1.108,41.0,75,0.3297,0,1
NEU-509385,TreatmentB,B02,110.65,-65.21,218.0,9.11,115.4,-41.36,1.113,54.2,90,0.3386,1,1
NEU-501465,TreatmentA,B03,87.86,-63.82,123.1,15.83,131.7,-41.98,1.498,71.0,83,0.7017,1,0
NEU-509433,TreatmentB,B01,105.41,-63.52,149.1,15.67,88.6,-41.76,0.776,41.5,93,0.3088,0,1
NEU-500150,Control,B01,88.13,-66.18,214.7,9.42,51.6,-43.89,0.843,38.1,93,0.326,0,1
NEU-508262,TreatmentB,B02,135.97,-65.01,220.2,16.02,85.7,-43.44,1.075,52.1,72,0.0997,0,0
NEU-507355,TreatmentA,B01,103.45,-73.97,248.6,23.61,89.2,-48.32,1.687,44.5,70,0.6573,1,1
NEU-503644,TreatmentA,B03,103.66,-67.41,150.3,33.94,41.2,-43.99,1.303,63.9,93,0.4289,1,1
NEU-505897,TreatmentB,B02,88.7,-70.54,183.7,14.23,71.3,-41.28,0.921,72.0,88,0.4462,1,0
NEU-509482,Control,B01,99.94,-53.99,258.8,17.29,169.7,-41.09,1.121,60.8,89,0.3807,0,0
NEU-508999,Control,B02,103.87,-74.95,122.8,21.76,143.0,-41.47,0.677,41.2,89,0.2612,1,0
NEU-504832,TreatmentA,B01,90.73,-61.16,234.9,11.33,147.9,-35.08,1.964,53.9,82,0.3645,1,1
NEU-508600,Control,B03,109.98,-51.46,221.2,12.96,125.7,-34.21,1.155,47.3,88,0.4542,1,0
NEU-503513,Control,B02,81.55,-64.58,282.2,11.57,43.5,-37.96,0.86,79.1,84,0.3715,1,1
NEU-505336,Control,B02,84.92,-66.36,613.1,12.24,167.4,-40.41,0.917,56.2,96,0.4188,0,1
NEU-503159,TreatmentA,B01,103.8,-58.4,108.1,17.04,56.3,-41.38,0.754,61.1,100,0.4136,1,0
NEU-508255,TreatmentB,B03,78.46,-70.31,96.8,16.49,127.3,-40.43,0.814,61.4,93,0.5505,0,1
NEU-505815,Control,B02,109.4,-70.05,354.7,13.58,105.8,-43.13,1.508,48.6,112,0.3836,0,0
NEU-505326,TreatmentB,B02,80.45,-65.26,182.6,23.08,88.3,-53.48,1.462,74.6,91,0.3196,1,0
NEU-505034,TreatmentA,B03,75.5,-60.53,171.1,16.87,82.7,-36.55,0.971,60.6,93,0.6273,1,1
NEU-507900,Control,B03,88.77,-71.46,225.1,16.1,133.0,-44.69,0.841,36.3,83,0.3978,0,1
NEU-503861,TreatmentB,B02,117.64,-61.84,204.3,13.93,72.1,-37.27,1.078,70.5,95,0.5556,0,0
NEU-509759,TreatmentB,B02,99.13,-67.3,81.7,16.02,65.9,-53.57,1.595,81.3,97,0.3596,1,0
NEU-501378,TreatmentB,B02,104.94,-64.19,151.7,7.28,148.2,-52.62,1.059,70.2,101,0.5042,1,0
NEU-501797,TreatmentB,B03,95.89,-66.68,145.4,8.33,69.2,-42.6,0.862,81.8,104,0.4826,1,1
NEU-500008,TreatmentA,B02,76.02,-68.67,140.1,13.12,144.4,-43.28,0.935,39.7,77,0.6747,1,0
NEU-509990,TreatmentA,B02,93.75,-69.5,251.2,9.79,155.4,-34.07,0.705,84.5,87,0.3112,0,1
NEU-502076,TreatmentB,B01,96.98,-68.29,111.9,12.55,102.8,-37.24,0.692,100.3,78,0.3068,1,1
NEU-503294,TreatmentA,B03,94.14,-68.07,210.5,37.27,91.9,-43.6,1.264,55.7,93,0.4292,0,1
NEU-504762,TreatmentB,B03,76.3,-64.54,401.4,24.15,48.4,-47.18,1.557,50.8,95,0.3886,0,1
NEU-505902,TreatmentB,B02,106.43,-60.77,495.2,23.28,116.2,-40.47,0.885,47.8,92,0.4705,0,1
NEU-507174,TreatmentB,B03,75.11,-71.33,126.0,12.39,11.3,-42.19,1.213,77.4,77,0.2687,1,1
NEU-509387,Control,B02,104.38,-63.05,172.6,9.92,69.5,-38.23,1.098,39.7,83,0.4437,0,1
NEU-507407,Control,B01,97.49,-57.87,148.9,26.5,114.7,-39.44,1.665,39.8,95,0.2302,1,0
NEU-508844,TreatmentA,B01,117.89,-63.28,178.3,11.54,151.9,-32.24,0.704,32.6,83,0.3366,0,1
NEU-503110,TreatmentB,B02,92.61,-56.61,201.0,8.69,99.3,-43.78,1.154,46.6,94,0.3317,1,0
NEU-502754,TreatmentA,B03,143.19,-59.65,190.3,15.83,16.7,-43.18,1.589,70.6,78,0.3927,1,1
NEU-508423,TreatmentB,B01,115.16,-50.73,180.2,14.36,43.9,-45.8,0.845,55.1,77,0.2072,0,0
NEU-502219,Control,B03,89.87,-59.39,256.3,31.23,153.7,-42.27,1.879,40.7,92,0.2507,1,0
NEU-500434,TreatmentB,B01,108.34,-60.83,276.6,8.04,76.9,-38.59,1.748,62.2,92,0.1027,1,1
NEU-505943,TreatmentB,B03,96.39,-68.16,259.3,17.62,69.2,-37.11,0.677,82.4,78,0.4113,0,1
NEU-507722,TreatmentA,B02,87.5,-77.87,235.9,14.55,128.9,-43.28,0.625,54.7,91,0.3753,0,0
NEU-509684,TreatmentA,B02,121.33,-69.96,217.5,16.09,146.6,-47.65,0.768,52.4,93,0.441,0,1
NEU-502079,TreatmentA,B01,110.24,-70.95,116.3,8.91,100.3,-39.61,1.431,65.3,101,0.4999,1,0
NEU-505917,TreatmentB,B01,106.87,-68.97,365.6,10.74,77.4,-38.76,0.916,65.1,85,0.1266,0,1
NEU-500866,TreatmentA,B02,94.02,-61.4,215.6,16.63,49.5,-33.0,0.999,41.7,98,0.6284,1,1
NEU-503907,TreatmentB,B01,108.14,-62.38,192.9,7.62,59.7,-41.6,0.874,55.1,82,0.5951,0,0
NEU-500063,TreatmentA,B02,114.76,-65.23,216.1,8.58,99.5,-39.35,1.664,47.0,98,0.4581,0,1
NEU-500512,TreatmentB,B03,93.69,-70.01,147.4,11.87,45.7,-42.18,0.927,94.4,94,0.2571,1,0
NEU-503431,TreatmentA,B02,91.24,-71.08,234.0,12.56,32.9,-50.91,0.716,58.7,70,0.3148,0,0
NEU-509071,TreatmentB,B03,75.68,-68.37,316.6,8.88,95.8,-41.75,0.925,58.7,86,0.3229,0,1
NEU-500262,TreatmentA,B02,110.34,-71.81,163.4,19.35,75.9,-38.68,1.013,30.8,68,0.4802,0,0
NEU-504327,TreatmentA,B03,94.36,-61.18,238.0,15.02,50.5,-41.44,1.248,49.4,89,0.255,0,1
NEU-505001,TreatmentA,B03,87.09,-68.37,134.1,17.46,74.2,-43.15,0.983,63.1,88,0.263,0,0
NEU-509382,TreatmentA,B03,134.45,-67.22,208.9,20.53,52.6,-41.57,0.937,37.4,84,0.437,0,1
NEU-508963,TreatmentA,B02,109.05,-58.34,198.1,16.97,85.6,-40.26,0.702,40.0,81,0.6336,0,1
NEU-507364,Control,B02,95.84,-61.42,618.9,27.23,83.6,-36.08,1.11,27.8,99,0.2414,0,0
NEU-507775,TreatmentB,B03,112.04,-64.78,174.3,31.71,117.8,-42.44,0.708,104.5,83,0.5998,1,1
NEU-505718,TreatmentA,B03,124.0,-60.58,203.7,13.29,161.9,-43.22,0.75,43.6,79,0.4691,0,0
NEU-506322,TreatmentB,B02,92.58,-62.65,109.0,19.56,24.3,-41.27,0.648,81.9,81,0.3016,1,0
NEU-503746,TreatmentA,B02,96.19,-73.15,145.5,21.2,128.6,-42.56,0.968,28.6,86,0.2288,1,0
NEU-506499,TreatmentB,B01,101.97,-67.0,314.9,4.63,4.9,-44.82,0.671,75.8,93,0.4028,1,0
NEU-501210,Control,B03,118.74,-68.81,157.1,13.88,71.6,-38.8,1.075,48.3,72,0.3244,1,1
NEU-508861,TreatmentB,B03,83.84,-67.98,65.3,7.8,75.0,-35.52,0.941,63.6,82,0.2631,1,1
NEU-501805,TreatmentA,B03,106.82,-67.25,192.8,11.4,105.4,-34.81,1.57,31.6,94,0.2179,0,1
NEU-506958,TreatmentA,B02,117.88,-65.0,199.8,23.97,35.1,-40.56,1.276,47.0,101,0.4261,0,1
NEU-504611,Control,B03,133.4,-67.98,504.2,8.89,32.9,-41.47,1.187,74.0,80,0.3678,0,1
NEU-509971,TreatmentA,B02,85.21,-61.32,168.2,16.66,137.7,-46.53,1.21,44.5,92,0.427,1,1
NEU-506697,Control,B02,99.88,-62.42,184.8,9.05,104.1,-46.57,0.903,44.4,92,0.3449,0,0
NEU-500681,TreatmentA,B03,78.2,-77.04,98.3,13.83,60.9,-41.82,0.862,47.1,96,0.3251,1,0
NEU-509495,TreatmentA,B03,113.68,-55.07,206.1,11.45,42.7,-37.57,1.086,49.2,103,0.3005,0,0
NEU-505630,TreatmentB,B03,105.43,-70.49,154.6,13.53,75.5,-46.72,0.767,60.3,70,0.2102,0,1
NEU-503027,TreatmentA,B01,87.34,-64.83,359.0,22.19,120.6,-45.41,1.49,55.9,77,0.4344,1,1
NEU-500610,Control,B02,103.88,-57.98,131.9,6.01,129.6,-42.56,1.079,27.0,80,0.573,0,0
NEU-500411,Control,B01,93.58,-67.42,135.7,11.92,117.7,-48.01,0.807,14.5,87,0.2024,0,1
NEU-508818,Control,B03,102.07,-71.18,272.5,11.8,74.1,-41.93,0.951,66.9,81,0.4506,1,0
NEU-507615,TreatmentA,B01,98.57,-64.76,180.0,18.83,87.0,-46.35,1.436,56.7,89,0.636,0,1
NEU-500785,Control,B02,85.14,-71.12,170.0,13.54,106.4,-43.19,1.483,37.8,92,0.4529,1,0
NEU-503419,TreatmentB,B02,121.71,-67.0,179.0,15.64,105.1,-38.18,1.801,72.3,92,0.223,1,0
NEU-505169,Control,B01,114.64,-73.03,408.0,19.91,96.7,-42.56,1.404,63.8,83,0.4623,0,0
NEU-509107,Control,B01,99.0,-57.72,180.0,13.56,126.8,-46.35,1.085,28.9,94,0.2312,0,0
NEU-502398,Control,B02,111.39,-64.84,206.9,9.44,65.2,-43.68,1.373,62.5,63,0.2554,1,1
NEU-504012,TreatmentB,B02,81.95,-66.36,449.3,7.8,-3.7,-40.37,0.778,60.8,81,0.1766,0,1
NEU-507612,TreatmentB,B01,103.05,-63.48,235.8,16.68,61.1,-43.67,1.0,76.0,81,0.5123,1,1
NEU-505416,Control,B01,86.31,-67.91,331.8,19.53,129.2,-39.96,0.777,43.5,89,0.4185,0,0
NEU-508172,TreatmentB,B02,103.31,-75.9,330.7,18.85,47.3,-44.59,0.868,81.8,83,0.2572,0,0
NEU-500500,TreatmentA,B03,83.5,-61.84,212.7,32.69,121.4,-44.14,0.988,62.2,88,0.178,1,0
NEU-508152,TreatmentB,B02,104.6,-62.01,250.3,14.4,47.0,-39.07,1.049,64.1,87,0.1852,1,1
NEU-502491,Control,B03,106.34,-65.51,293.4,15.14,124.2,-40.54,0.676,42.0,88,0.4614,0,1
NEU-500369,Control,B02,84.92,-72.81,186.6,11.24,110.1,-38.73,1.456,55.1,91,0.3662,1,1
NEU-503434,Control,B02,101.42,-57.48,138.3,7.93,111.7,-36.2,1.07,18.6,84,0.5532,0,0
NEU-501699,TreatmentB,B03,117.72,-58.64,298.5,5.08,61.1,-41.59,0.504,57.1,78,0.3791,0,1
NEU-501554,Control,B01,116.06,-68.06,146.7,15.15,173.2,-42.66,1.275,39.3,81,0.2424,0,0
NEU-500939,Control,B01,91.02,-57.98,137.4,7.22,62.4,-48.37,0.709,37.9,91,0.3819,0,0
NEU-503755,TreatmentA,B02,99.47,-66.76,121.7,26.34,145.3,-49.74,1.175,63.7,79,0.3707,0,1
NEU-501202,TreatmentB,B01,78.72,-66.73,102.7,14.72,33.7,-37.75,0.904,82.2,73,0.2092,1,0
NEU-505266,TreatmentB,B01,49.79,-63.98,216.4,16.11,43.1,-43.11,0.934,70.9,74,0.1752,1,0
NEU-502799,TreatmentB,B02,91.25,-62.16,124.3,16.7,34.5,-33.82,0.783,41.9,77,0.2353,1,1
NEU-500489,TreatmentA,B02,109.93,-69.62,325.2,9.91,133.7,-46.72,1.782,40.9,78,0.2087,1,1
NEU-501377,TreatmentB,B01,104.54,-53.17,400.0,12.69,68.7,-43.16,1.129,74.6,101,0.31,0,0
NEU-503156,Control,B03,101.67,-67.76,258.4,19.62,97.2,-41.75,0.982,47.0,102,0.3031,0,0
NEU-508445,Control,B01,77.63,-69.24,147.9,10.12,111.7,-38.08,0.768,26.9,75,0.2923,0,1
NEU-500795,TreatmentA,B02,108.86,-64.67,162.6,10.79,70.9,-38.04,1.243,59.0,91,0.4152,0,1
NEU-509346,TreatmentB,B02,98.76,-58.62,111.4,16.56,78.9,-46.87,0.787,80.4,103,0.5986,1,0
NEU-509324,Control,B03,114.21,-66.52,174.1,32.43,163.5,-35.48,0.972,34.4,101,0.4606,0,1
NEU-501636,Control,B02,95.78,-61.85,189.2,21.97,132.9,-41.77,0.861,43.7,75,0.2496,0,0
NEU-502702,TreatmentA,B01,103.05,-63.7,159.0,9.13,90.0,-41.23,0.955,74.9,114,0.8515,0,0
NEU-503632,TreatmentA,B03,79.1,-61.34,233.4,11.57,149.1,-40.99,1.04,56.6,83,0.2015,0,1
NEU-501258,Control,B01,122.46,-65.5,135.7,15.32,113.0,-38.2,1.634,59.1,94,0.3011,1,1
NEU-507827,TreatmentA,B02,96.37,-62.97,95.0,22.28,112.8,-44.33,1.367,62.9,87,0.3356,1,1
NEU-508806,Control,B02,104.58,-63.37,160.6,6.96,262.7,-40.45,1.378,58.6,70,0.4528,0,1
NEU-503217,TreatmentA,B02,111.82,-67.26,186.0,26.55,153.3,-48.79,1.183,67.9,94,0.4344,1,1
NEU-501715,TreatmentA,B02,82.56,-66.05,66.3,15.54,117.3,-38.08,1.051,49.2,85,0.3135,1,1
NEU-505250,TreatmentA,B03,114.69,-76.7,182.5,6.06,122.6,-41.56,0.781,41.4,91,0.2831,1,1
NEU-506595,TreatmentB,B03,94.11,-72.81,194.6,19.96,128.7,-39.58,0.806,52.1,72,0.3606,0,0
NEU-502957,TreatmentB,B02,86.56,-67.55,266.7,14.6,107.4,-44.36,1.336,56.0,80,0.1399,1,1
NEU-500574,Control,B03,84.46,-57.02,260.2,16.81,121.1,-39.98,0.841,46.1,96,0.5668,1,0
NEU-506276,TreatmentB,B03,106.89,-61.54,267.7,10.78,21.9,-41.62,1.091,55.9,86,0.5084,1,0
NEU-500768,TreatmentA,B03,91.31,-63.17,180.8,6.22,59.3,-39.98,1.412,62.4,86,0.3687,0,1
NEU-502452,Control,B02,103.36,-61.95,107.9,10.59,98.2,-40.79,0.717,55.2,98,0.2125,1,1
NEU-500808,TreatmentA,B02,106.11,-79.82,157.8,12.73,94.9,-33.07,1.586,74.1,88,0.446,1,0
NEU-504869,TreatmentB,B01,95.0,-51.59,99.9,26.64,102.2,-38.45,2.006,67.9,77,0.6586,1,1
NEU-503479,Control,B01,74.05,-62.95,143.4,7.64,117.7,-44.45,1.147,27.4,78,0.4569,0,0
NEU-502693,TreatmentA,B01,95.37,-63.65,144.8,16.43,17.8,-47.98,0.976,72.1,91,0.2982,1,0
NEU-504252,TreatmentB,B01,87.27,-64.6,152.2,26.16,102.9,-42.93,1.236,52.9,85,0.3447,1,0
NEU-507096,Control,B01,113.6,-63.02,148.4,16.87,91.5,-47.39,0.681,1.0,89,0.1916,0,0
NEU-504369,TreatmentA,B03,93.93,-56.95,148.3,21.08,144.5,-42.98,1.568,29.6,75,0.5507,1,1
NEU-503638,Control,B01,79.52,-62.28,311.1,15.35,173.8,-33.83,0.607,21.3,80,0.6506,0,1
NEU-509740,Control,B02,106.56,-74.35,135.4,13.37,149.6,-36.69,0.679,54.2,85,0.6463,1,0
NEU-506540,Control,B01,83.38,-77.32,160.2,23.78,132.2,-46.05,0.911,49.6,78,0.3322,1,0
NEU-509622,Control,B01,99.76,-71.9,104.8,11.28,106.7,-40.19,0.919,64.9,87,0.3329,0,1
NEU-509435,Control,B02,148.01,-61.14,259.0,8.74,104.2,-35.03,0.869,54.4,91,0.5049,0,0
NEU-501060,TreatmentB,B02,99.6,-68.49,153.3,15.0,14.4,-44.31,0.93,90.5,111,0.3776,1,1
NEU-501457,TreatmentB,B02,84.53,-67.78,117.0,10.98,50.4,-49.14,1.096,74.8,94,0.4005,1,1
NEU-502899,Control,B03,94.3,-56.47,71.7,13.19,172.3,-42.04,1.232,46.6,82,0.6,0,0
NEU-504967,TreatmentA,B03,101.97,-67.31,160.0,10.6,128.5,-40.6,1.081,49.8,85,0.3671,0,1
NEU-502339,Control,B03,88.24,-70.57,219.4,10.83,162.0,-35.48,1.374,30.5,73,0.3957,0,0
NEU-501131,TreatmentA,B01,115.4,-66.21,206.8,9.13,140.2,-45.16,0.692,68.3,77,0.3504,0,1
NEU-503753,TreatmentA,B03,84.41,-70.56,183.1,17.62,118.1,-37.37,1.315,62.5,88,0.4607,0,1
NEU-503389,Control,B03,98.49,-56.97,250.6,17.15,122.3,-39.53,0.662,36.0,88,0.4589,0,1
NEU-508896,TreatmentB,B02,111.54,-62.41,85.9,26.62,31.8,-46.26,1.122,69.1,78,0.547,1,1
NEU-504112,TreatmentB,B03,94.55,-58.02,445.8,19.68,41.7,-42.41,1.452,61.0,68,0.3902,0,1
NEU-508874,TreatmentA,B01,90.36,-57.23,286.0,24.64,120.4,-37.19,1.176,54.5,67,0.3598,0,0
NEU-507315,TreatmentA,B01,92.06,-56.83,197.4,13.45,130.8,-41.02,0.763,63.9,80,0.4348,0,0
NEU-508344,Control,B01,131.12,-62.84,142.7,12.15,148.0,-40.43,1.379,41.3,75,0.317,0,1
NEU-506182,TreatmentB,B03,91.04,-72.9,279.3,8.77,121.9,-44.53,1.501,48.8,79,0.2279,0,1
NEU-504662,TreatmentB,B01,99.81,-58.94,380.1,23.9,101.2,-40.17,1.101,77.4,86,0.5877,1,1
NEU-502211,TreatmentB,B01,111.8,-65.92,149.7,12.82,127.1,-48.08,0.638,67.5,92,0.3253,0,1
NEU-505661,Control,B03,114.84,-66.43,282.5,9.93,87.9,-37.39,0.806,19.5,77,0.2768,0,1
NEU-501981,TreatmentB,B02,113.35,-62.47,136.7,13.52,76.2,-36.36,1.056,55.9,89,0.429,1,0
NEU-508928,Control,B01,96.24,-78.52,254.6,7.27,113.4,-43.0,1.081,40.9,81,0.3363,1,0
NEU-506923,TreatmentA,B02,89.37,-64.19,70.5,10.87,47.5,-40.65,0.981,77.9,91,0.4686,1,1
NEU-509525,Control,B02,109.38,-63.26,154.1,18.08,30.3,-38.51,1.247,38.0,91,0.3333,1,1
NEU-508582,TreatmentA,B02,116.49,-73.53,176.7,9.6,99.4,-43.38,1.185,44.9,92,0.6244,1,0
NEU-503347,TreatmentA,B01,113.63,-68.3,111.6,11.51,106.7,-42.82,0.646,46.9,95,0.3793,0,1
NEU-508052,TreatmentB,B02,92.71,-75.26,108.4,15.33,52.6,-41.95,0.977,42.6,91,0.2999,0,0
NEU-503710,Control,B03,79.2,-55.86,200.7,12.69,153.4,-35.07,0.871,26.9,85,0.5817,0,0
NEU-506061,TreatmentB,B03,95.41,-61.73,177.0,16.0,40.9,-43.94,0.586,56.1,84,0.4803,0,0
NEU-500715,Control,B03,88.86,-69.14,147.5,11.32,78.1,-39.02,1.166,41.7,78,0.3903,0,1
NEU-501269,TreatmentB,B02,101.65,-55.78,220.3,21.76,80.0,-35.05,1.588,39.5,97,0.2932,0,0
NEU-505304,TreatmentB,B03,105.77,-59.64,143.6,34.73,135.2,-36.88,1.336,43.7,89,0.3403,0,0
NEU-503195,Control,B03,98.74,-60.26,354.8,14.78,94.8,-46.69,0.936,52.3,81,0.4717,0,0
NEU-508382,Control,B03,100.03,-57.91,122.5,16.64,101.7,-40.62,0.763,32.1,73,0.2733,0,0
NEU-507014,TreatmentA,B03,102.04,-59.85,254.6,10.92,48.9,-49.15,1.532,42.3,85,0.3532,1,0
NEU-508644,TreatmentB,B02,83.92,-55.8,118.1,7.38,90.1,-40.64,1.032,66.4,86,0.3725,1,1
NEU-507995,TreatmentA,B03,71.94,-68.17,347.9,14.18,42.7,-37.13,1.049,50.2,77,0.4943,0,1
NEU-501937,TreatmentB,B02,117.88,-62.69,173.9,26.8,76.0,-40.24,0.667,66.8,82,0.3196,1,0
NEU-508145,Control,B01,97.2,-63.5,338.1,15.12,98.0,-48.77,1.592,40.5,76,0.292,0,1
NEU-504579,TreatmentA,B03,107.11,-59.2,189.1,25.16,56.4,-45.68,0.87,65.0,83,0.5903,1,1
NEU-500280,TreatmentB,B01,105.09,-65.23,300.0,19.89,126.1,-41.91,0.805,71.2,88,0.4627,1,1
NEU-509086,Control,B01,122.51,-63.36,773.4,6.6,174.3,-41.3,1.376,28.4,86,0.5968,0,0
NEU-500761,TreatmentA,B01,81.23,-65.85,153.7,5.78,167.3,-44.52,0.915,58.3,95,0.1621,1,1
NEU-504290,TreatmentA,B03,113.72,-61.75,192.3,21.9,128.9,-43.29,0.703,34.0,75,0.4294,0,1
NEU-502102,TreatmentA,B02,102.77,-74.33,240.7,13.62,118.2,-44.46,1.284,61.8,98,0.5523,0,0
NEU-500907,Control,B03,127.62,-61.83,140.6,17.46,42.9,-38.83,0.931,29.7,102,0.2351,0,0
NEU-504895,TreatmentA,B01,68.67,-62.57,233.7,11.44,66.2,-41.36,1.131,52.3,83,0.458,0,0
NEU-503661,TreatmentB,B03,131.06,-65.76,157.6,19.39,109.0,-42.57,0.883,59.0,80,0.2174,0,0
NEU-504201,Control,B03,85.94,-67.18,326.8,11.22,147.9,-45.86,0.81,58.2,97,0.2224,0,1
NEU-505310,Control,B03,95.22,-66.65,69.0,27.68,74.9,-40.52,1.051,57.1,80,0.4438,1,1
NEU-506225,TreatmentA,B01,121.26,-68.45,288.6,19.92,110.6,-38.03,0.873,64.8,111,0.0938,0,0
NEU-503518,TreatmentB,B02,95.96,-70.84,249.8,7.93,85.9,-37.69,1.186,83.8,89,0.382,1,0
NEU-509816,TreatmentB,B03,103.22,-63.62,204.4,16.07,129.4,-42.16,0.808,73.2,67,0.394,0,0
NEU-505455,TreatmentA,B01,96.11,-54.31,132.2,25.87,127.9,-35.83,1.338,61.7,87,0.282,1,0
NEU-504141,Control,B02,124.23,-58.12,168.7,11.8,60.7,-38.02,1.122,31.2,78,0.6529,1,0
NEU-501280,TreatmentB,B01,95.55,-61.41,294.5,12.03,94.6,-38.76,1.265,76.7,71,0.4253,1,0
NEU-509982,TreatmentA,B01,119.28,-68.99,111.3,16.68,60.4,-36.06,0.945,59.0,94,0.4467,1,1
NEU-504202,TreatmentA,B01,113.91,-74.13,253.8,14.69,112.8,-48.65,0.575,42.6,85,0.6067,0,0
NEU-505167,TreatmentB,B02,74.19,-58.16,95.8,18.33,63.1,-32.76,0.522,55.2,76,0.3784,0,0
NEU-503229,TreatmentA,B03,119.98,-61.35,267.6,12.71,98.4,-40.2,2.486,60.6,91,0.324,1,1
NEU-504393,Control,B03,117.38,-68.02,99.9,7.3,147.9,-34.41,0.887,15.1,91,0.2281,0,1
NEU-500081,TreatmentB,B02,105.38,-62.52,141.3,16.82,50.7,-50.48,1.021,73.1,101,0.4077,1,1
NEU-504205,TreatmentB,B03,100.12,-57.79,180.4,36.35,32.8,-44.59,0.944,72.3,84,0.2142,1,0
NEU-504705,Control,B03,73.98,-56.92,142.1,9.47,120.1,-38.7,1.708,73.5,80,0.3066,1,0
NEU-503465,TreatmentB,B03,98.56,-72.83,172.8,22.55,89.9,-45.03,1.616,42.8,88,0.5543,1,1
NEU-502375,TreatmentA,B02,74.42,-65.21,87.4,25.09,168.2,-42.74,1.062,68.3,82,0.5784,1,1
NEU-508332,TreatmentA,B02,110.91,-69.64,179.0,23.49,75.0,-42.62,1.673,47.3,87,0.2926,1,0
NEU-504289,TreatmentA,B02,100.11,-61.39,190.9,10.27,188.3,-50.8,1.13,84.2,86,0.6408,1,0
NEU-507510,TreatmentA,B03,83.33,-68.29,132.4,18.53,122.4,-44.93,1.116,68.6,78,0.2102,1,0
NEU-506421,TreatmentA,B03,102.87,-56.58,88.3,23.14,141.5,-40.18,1.003,35.0,91,0.3251,0,0
NEU-507453,Control,B01,97.28,-73.94,55.9,18.38,115.8,-42.22,0.972,43.1,87,0.3099,1,0
NEU-506961,TreatmentB,B01,101.7,-68.29,197.2,9.63,59.8,-41.67,1.003,42.9,86,0.4039,1,0
NEU-508404,Control,B03,99.84,-69.23,249.4,10.58,201.1,-40.89,1.335,23.9,92,0.277,0,1
NEU-502360,TreatmentB,B01,102.3,-65.4,121.4,9.82,47.3,-41.21,0.684,74.7,84,0.4918,1,1
NEU-503584,Control,B03,113.76,-63.07,231.6,9.74,121.9,-40.02,1.949,49.9,79,0.4071,1,1
NEU-505189,TreatmentA,B02,129.82,-57.16,243.4,6.25,124.9,-48.93,1.22,65.9,97,0.4332,1,0
NEU-501256,Control,B03,95.41,-64.61,84.9,13.82,136.5,-40.7,1.301,30.1,75,0.2107,1,1
NEU-503713,Control,B02,127.2,-61.65,117.8,8.26,119.6,-40.98,0.667,44.5,96,0.485,0,0
NEU-505437,Control,B02,108.28,-68.4,301.0,13.86,120.5,-35.81,0.678,64.1,80,0.4148,1,0
NEU-509555,Control,B03,99.18,-67.54,121.2,22.24,163.8,-42.08,2.003,40.1,79,0.3471,1,0
NEU-506631,TreatmentA,B01,103.42,-75.92,183.8,13.17,60.3,-39.09,1.237,62.9,88,0.4258,1,0
NEU-500904,TreatmentB,B03,93.85,-62.32,129.7,12.28,18.2,-43.25,1.676,65.8,95,0.4857,1,0
NEU-509335,TreatmentB,B03,69.47,-66.9,189.6,15.1,53.6,-34.03,1.069,74.5,78,0.3219,1,1
NEU-506297,TreatmentA,B03,76.56,-63.09,195.7,14.2,71.4,-41.82,0.803,70.8,103,0.8326,0,1
NEU-502085,TreatmentB,B01,82.56,-60.98,352.3,15.85,118.5,-40.42,0.658,82.5,81,0.6568,1,0
NEU-501438,TreatmentB,B02,114.21,-56.62,328.6,10.68,88.7,-34.73,1.608,70.3,116,0.605,1,0
NEU-502293,TreatmentA,B01,96.22,-59.97,131.7,19.16,149.3,-38.88,0.905,44.4,85,0.392,1,1
NEU-509169,TreatmentA,B01,116.2,-53.37,356.4,39.37,101.9,-47.39,0.928,21.9,76,0.4855,0,0
NEU-500987,TreatmentA,B02,106.6,-62.7,213.2,27.26,46.0,-42.87,1.125,57.1,82,0.3626,1,1
NEU-504941,TreatmentA,B02,89.96,-66.05,138.4,13.46,19.8,-33.95,1.498,53.4,96,0.6041,1,1
NEU-501535,TreatmentB,B02,90.88,-63.95,506.8,10.69,60.0,-40.23,1.377,56.2,104,0.4916,0,0
NEU-506888,TreatmentB,B01,99.4,-61.72,204.5,15.6,140.4,-48.57,1.028,86.0,83,0.4581,1,1
NEU-506340,TreatmentB,B01,125.65,-63.27,185.3,10.06,88.0,-46.88,1.378,53.2,102,0.445,1,1
NEU-508766,TreatmentA,B03,106.67,-76.87,357.1,17.03,52.6,-45.3,0.793,54.5,75,0.4042,0,0
NEU-507864,TreatmentA,B01,72.32,-62.7,220.4,9.71,140.5,-45.84,1.107,18.5,90,0.5104,0,0
NEU-503456,Control,B03,102.44,-61.72,260.1,19.55,189.9,-43.77,1.218,47.8,89,0.3443,0,0
NEU-508925,TreatmentA,B02,106.68,-74.23,151.9,14.8,83.7,-42.22,1.223,63.4,86,0.4109,1,0
NEU-507853,Control,B01,111.31,-62.71,147.1,8.59,186.5,-35.69,1.135,48.8,75,0.5932,0,0
NEU-507584,TreatmentA,B01,92.71,-61.74,146.0,18.97,109.7,-42.25,0.84,42.4,87,0.5557,1,1
NEU-500371,TreatmentA,B03,104.05,-66.44,277.9,17.29,77.3,-40.77,2.282,63.4,82,0.3778,1,1
NEU-507027,TreatmentA,B01,94.84,-75.43,145.4,19.1,71.1,-36.9,1.349,33.4,87,0.335,0,0
NEU-500973,Control,B01,106.22,-79.25,147.2,8.7,75.4,-47.36,1.282,23.9,77,0.318,1,0
NEU-501321,TreatmentA,B01,109.92,-72.05,151.2,10.54,81.9,-41.41,1.84,63.4,81,0.3083,1,0
NEU-503955,Control,B03,113.78,-68.41,183.8,11.47,119.3,-38.82,1.029,35.7,90,0.5603,0,0
NEU-508027,TreatmentB,B03,65.51,-72.37,186.6,12.1,87.0,-51.0,1.633,87.6,106,0.5631,1,0
NEU-504308,TreatmentB,B01,93.95,-68.44,415.6,18.28,65.8,-44.04,1.196,67.4,84,0.3873,0,0
NEU-502522,TreatmentB,B01,127.1,-63.97,40.4,18.53,73.4,-43.98,1.016,51.5,102,0.3215,1,0
NEU-503376,Control,B01,111.19,-63.78,126.1,16.85,136.2,-39.63,0.859,18.4,92,0.3035,0,1
NEU-501444,TreatmentA,B02,105.75,-70.23,231.6,10.31,153.4,-40.75,1.132,60.7,82,0.2911,1,1
NEU-501144,TreatmentA,B02,96.65,-61.93,246.2,16.67,119.7,-44.11,0.901,74.6,86,0.368,1,1
NEU-503030,TreatmentA,B01,98.16,-66.94,310.3,16.04,37.2,-46.37,1.181,43.2,92,0.5282,0,1
NEU-502811,TreatmentB,B01,123.06,-66.4,157.1,6.87,103.3,-47.61,0.919,43.1,83,0.4475,1,0
NEU-509296,TreatmentA,B03,107.0,-65.18,254.0,8.15,135.6,-41.18,1.225,53.9,77,0.3952,1,1
NEU-508478,TreatmentB,B03,113.94,-64.78,304.2,11.56,122.9,-40.82,1.617,77.0,84,0.3389,1,0
NEU-504413,TreatmentA,B02,95.05,-66.7,163.9,6.1,120.3,-38.64,0.787,70.8,76,0.1912,0,1
NEU-508792,TreatmentA,B03,127.65,-66.73,195.1,10.29,38.7,-44.98,2.904,60.3,86,0.3372,1,1
NEU-502542,TreatmentA,B03,86.03,-61.17,268.0,12.38,93.9,-47.8,1.476,52.5,84,0.5629,0,0
NEU-504379,TreatmentA,B01,118.0,-63.67,237.1,14.61,92.9,-39.41,0.743,65.2,83,0.3975,1,1
NEU-507314,Control,B02,83.68,-67.09,230.2,11.66,157.7,-57.21,1.138,34.3,91,0.2882,0,1
NEU-502423,TreatmentA,B03,94.48,-52.27,142.7,8.07,151.5,-44.27,1.023,51.4,89,0.3591,1,0
NEU-508712,Control,B03,95.37,-69.85,184.0,8.52,63.7,-44.92,1.356,44.2,89,0.2245,1,1
NEU-506471,TreatmentA,B01,107.17,-64.66,146.4,12.06,106.9,-38.74,1.433,70.3,85,0.1354,1,1
NEU-506192,Control,B01,114.94,-66.36,197.9,13.41,185.5,-43.65,0.798,34.8,69,0.3224,0,1
NEU-507823,TreatmentB,B02,104.69,-57.9,326.1,23.67,50.8,-38.89,0.981,80.2,80,0.214,0,0
NEU-508851,TreatmentA,B02,126.62,-72.49,282.9,14.78,78.0,-40.4,1.086,33.3,93,0.5032,0,0
NEU-500609,TreatmentA,B02,106.8,-55.86,207.5,15.35,40.1,-39.85,0.66,66.8,73,0.5511,0,0
NEU-506184,Control,B01,69.29,-67.46,291.3,13.1,113.5,-42.05,0.951,64.2,89,0.2719,1,1
NEU-502930,TreatmentA,B02,89.72,-68.66,145.5,8.09,43.4,-45.73,0.896,70.8,92,0.4458,1,0
NEU-505954,TreatmentB,B02,86.08,-62.76,390.6,14.65,84.2,-40.95,0.68,65.7,98,0.489,0,1
NEU-504337,TreatmentB,B03,104.82,-67.94,158.6,12.86,117.9,-44.1,1.023,80.4,95,0.4271,1,1
NEU-507994,TreatmentB,B02,135.66,-74.11,224.2,5.51,97.9,-40.81,0.955,44.8,83,0.5772,0,0
NEU-506594,Control,B02,75.34,-61.74,173.9,17.13,174.1,-44.87,1.212,31.7,77,0.531,0,1
NEU-503569,TreatmentA,B02,106.7,-63.08,182.3,13.24,70.3,-42.46,1.434,50.1,70,0.782,1,1
NEU-506467,Control,B01,100.24,-67.41,173.6,15.35,127.0,-34.84,1.842,31.1,67,0.3177,0,1
NEU-504492,TreatmentB,B02,95.81,-52.44,179.1,10.63,69.6,-49.4,1.238,61.8,111,0.3669,1,0
NEU-501660,TreatmentA,B03,91.86,-63.96,138.0,12.13,61.9,-45.5,1.115,41.9,74,0.2053,0,1
NEU-506396,TreatmentA,B02,92.48,-70.79,296.3,10.32,177.3,-45.41,0.973,38.4,90,0.35,0,0
NEU-500197,Control,B02,106.76,-59.59,337.2,10.69,151.2,-47.88,0.704,55.2,87,0.3169,0,1
NEU-503163,Control,B03,100.38,-61.5,120.2,16.75,144.4,-42.53,0.869,45.7,92,0.4817,0,1
NEU-503896,TreatmentB,B01,100.79,-62.71,137.6,11.59,55.0,-39.63,1.541,62.2,88,0.5358,1,1
NEU-506344,TreatmentA,B02,100.07,-60.38,99.7,15.98,73.0,-41.87,2.432,62.4,70,0.2808,1,0
NEU-509750,TreatmentA,B01,84.2,-66.58,140.6,6.42,122.9,-45.46,0.76,3.5,78,0.3694,0,0
NEU-502614,Control,B03,96.88,-68.21,239.8,9.58,106.3,-47.98,0.827,37.7,86,0.6545,0,1
NEU-500180,TreatmentB,B01,91.21,-59.14,208.0,13.07,72.9,-36.31,1.346,87.9,85,0.3777,1,0
NEU-507686,TreatmentB,B02,85.41,-63.78,211.2,14.97,36.8,-39.12,1.004,47.1,76,0.5418,1,0
NEU-506723,TreatmentA,B01,86.67,-63.47,205.8,15.32,106.4,-42.62,0.832,72.6,87,0.226,1,1
NEU-503844,TreatmentB,B02,82.19,-49.86,376.4,6.09,38.9,-46.96,1.296,75.4,94,0.6299,1,0
NEU-507862,Control,B02,97.73,-71.42,167.3,19.5,133.1,-48.42,1.135,45.2,77,0.3177,0,1
NEU-505047,TreatmentA,B03,125.75,-67.19,255.9,10.27,-1.8,-42.41,0.904,58.4,90,0.3574,0,1
NEU-504266,Control,B01,59.14,-65.46,319.8,19.18,76.7,-41.53,0.637,37.5,82,0.6689,0,1
NEU-507234,TreatmentB,B01,78.87,-68.28,162.0,12.6,81.1,-38.99,1.032,44.9,88,0.1616,0,1
NEU-506366,Control,B03,103.69,-70.4,187.8,21.44,95.7,-47.02,0.992,32.5,86,0.1659,1,0
NEU-509059,TreatmentB,B01,101.22,-65.78,321.3,13.78,-39.1,-49.35,1.28,64.6,95,0.4689,1,1
NEU-504440,Control,B02,99.53,-59.63,220.7,17.13,93.5,-45.81,0.898,63.6,83,0.3761,1,0
NEU-501330,TreatmentA,B03,88.36,-64.18,291.8,6.23,196.6,-38.02,0.908,43.1,86,0.3237,1,1
NEU-500249,TreatmentA,B02,100.63,-61.03,231.5,11.21,100.7,-47.66,1.519,44.2,85,0.5847,1,0
NEU-503086,TreatmentB,B01,94.44,-53.09,204.4,11.24,95.0,-37.99,1.021,58.3,113,0.4747,1,0
NEU-502794,TreatmentA,B01,94.5,-69.4,140.3,27.56,77.5,-51.32,0.907,40.1,96,0.1797,0,0
NEU-501685,TreatmentA,B03,76.41,-59.76,103.8,12.09,34.5,-42.48,2.326,50.1,98,0.3172,1,1
NEU-507963,TreatmentB,B01,102.92,-67.27,456.6,10.81,62.5,-42.34,1.003,63.4,81,0.3695,0,1
NEU-506541,Control,B01,75.57,-64.94,154.8,10.16,164.1,-31.64,1.357,49.4,72,0.2869,1,1
NEU-500792,TreatmentA,B01,70.03,-70.7,91.3,8.24,103.8,-37.37,0.903,73.5,99,0.4447,1,1
NEU-507595,Control,B02,85.85,-68.28,191.3,7.14,82.3,-45.48,0.738,36.8,77,0.7654,0,0
NEU-504054,TreatmentA,B03,90.76,-67.48,99.2,16.58,148.6,-39.87,1.057,65.3,92,0.383,1,1
NEU-501238,TreatmentA,B01,101.63,-74.74,122.8,11.65,99.1,-43.37,0.862,42.7,93,0.3594,0,0
NEU-507740,TreatmentA,B03,86.49,-59.44,462.0,8.73,101.2,-43.58,0.957,47.7,85,0.1331,0,1
NEU-500823,Control,B02,113.61,-66.91,154.7,21.14,129.5,-43.23,0.836,56.1,85,0.4595,0,1
NEU-503089,TreatmentA,B03,86.79,-72.04,356.9,9.39,112.8,-46.19,1.603,45.3,79,0.3222,0,0
NEU-509675,TreatmentA,B03,100.7,-64.04,140.2,13.32,140.6,-38.49,1.354,54.2,85,0.3406,1,1
NEU-504429,Control,B01,109.47,-73.67,84.7,16.38,137.7,-46.93,1.371,27.2,71,0.7904,1,0
NEU-506199,TreatmentA,B01,133.07,-71.76,252.0,11.31,110.6,-45.36,1.165,58.8,94,0.5759,1,0
NEU-508277,TreatmentA,B02,89.72,-57.85,215.4,15.67,29.3,-39.63,1.628,59.5,62,0.3854,1,0
NEU-502121,TreatmentB,B03,87.89,-78.03,78.9,13.51,1.9,-42.44,1.176,46.8,84,0.6715,1,0
NEU-504364,TreatmentA,B02,101.87,-68.85,111.0,30.51,142.6,-37.63,1.341,63.0,88,0.3645,1,1
NEU-504813,TreatmentB,B02,85.35,-68.39,127.1,7.62,77.8,-43.33,1.264,52.6,91,0.7127,1,0
NEU-507323,TreatmentB,B02,79.07,-57.67,255.6,14.85,96.3,-43.44,0.552,80.0,81,0.3084,1,0
NEU-507272,TreatmentA,B01,115.75,-63.96,163.2,14.42,41.4,-34.89,1.45,59.0,67,0.1532,1,1
NEU-507191,TreatmentB,B02,102.05,-60.38,139.2,24.73,40.2,-46.83,0.826,79.3,89,0.2547,1,0
NEU-502869,TreatmentB,B03,106.85,-68.06,237.5,6.77,86.8,-51.48,0.896,53.6,97,0.2924,0,1
NEU-503684,TreatmentB,B03,102.53,-75.56,195.7,16.87,25.3,-38.35,1.026,58.3,73,0.2548,0,0
NEU-507452,TreatmentB,B03,105.28,-65.13,97.1,19.14,97.4,-39.07,0.794,75.1,71,0.4255,1,1
NEU-507614,TreatmentB,B01,110.38,-71.43,305.6,9.31,98.3,-37.35,1.384,51.8,99,0.2713,0,0
NEU-506046,TreatmentA,B03,98.49,-62.56,108.9,22.71,95.4,-49.39,1.207,79.3,65,0.1096,0,0
NEU-503959,TreatmentB,B01,124.55,-75.77,122.7,12.4,102.9,-30.54,0.678,55.9,76,0.4224,0,0
NEU-500457,Control,B01,83.21,-59.63,185.8,17.22,154.9,-43.11,1.004,41.9,79,0.3209,0,0
NEU-504425,TreatmentA,B01,101.14,-59.63,299.0,9.18,82.7,-39.9,0.727,43.9,79,0.2814,0,1
NEU-508995,TreatmentA,B03,60.68,-65.03,206.8,8.95,77.9,-42.62,0.845,58.0,83,0.6542,1,0
NEU-507948,Control,B01,96.74,-65.09,100.2,17.14,150.1,-38.69,0.998,8.1,102,0.3709,0,1
NEU-500184,TreatmentA,B03,96.45,-56.15,160.1,12.39,105.6,-41.05,1.3,44.1,75,0.4807,1,0
NEU-502414,TreatmentA,B03,107.17,-67.99,173.4,11.08,157.0,-46.28,0.903,51.8,81,0.4003,0,1
NEU-502695,TreatmentB,B03,80.64,-56.75,380.9,22.34,105.8,-43.4,1.06,67.5,82,0.5277,0,1
NEU-508425,TreatmentA,B02,126.42,-63.69,151.6,19.54,88.9,-44.67,0.903,44.3,99,0.4207,0,1
NEU-501530,Control,B01,104.44,-64.88,176.5,11.6,138.8,-55.2,1.43,54.6,87,0.4609,1,1
NEU-506356,Control,B03,111.1,-65.16,124.4,14.37,65.3,-44.73,0.932,25.2,81,0.482,0,1
NEU-505354,TreatmentA,B03,102.17,-65.59,325.1,15.62,88.1,-43.24,1.357,48.8,76,0.4682,0,1
NEU-501993,TreatmentA,B01,92.43,-65.25,134.7,16.85,87.9,-33.73,0.746,52.0,84,0.653,1,1
NEU-509157,TreatmentA,B02,107.19,-62.74,203.6,13.09,144.3,-40.86,1.266,42.6,78,0.3514,0,1
NEU-501661,TreatmentB,B01,88.46,-63.23,199.0,23.72,43.7,-45.22,0.956,71.1,80,0.1187,1,0
NEU-501010,TreatmentA,B02,112.88,-64.5,148.7,12.45,87.3,-40.24,0.896,74.0,81,0.6294,1,1
NEU-508317,TreatmentA,B03,100.21,-63.42,141.6,9.69,39.7,-39.07,0.648,48.0,99,0.3254,0,1
NEU-507772,Control,B01,103.18,-65.98,158.0,21.55,97.9,-40.88,0.871,56.5,94,0.2175,1,0
NEU-500404,TreatmentB,B02,117.67,-54.82,116.3,12.87,79.3,-45.45,1.238,50.0,84,0.0926,1,0
NEU-505873,TreatmentA,B01,92.31,-61.69,163.2,14.16,76.5,-36.65,1.007,38.1,79,0.5541,1,1
NEU-506463,TreatmentA,B01,106.24,-57.43,146.4,29.77,61.4,-37.9,1.134,36.3,78,0.606,1,1
NEU-508465,TreatmentA,B01,126.08,-68.85,88.8,8.5,27.3,-51.79,1.119,89.3,74,0.3694,1,1
NEU-500388,TreatmentB,B02,108.13,-70.96,136.2,6.36,60.3,-45.63,1.102,42.4,110,0.3027,1,0
NEU-506980,Control,B01,108.22,-58.63,266.7,13.06,104.8,-35.56,0.818,51.1,97,0.3352,0,1
NEU-507175,TreatmentA,B02,125.62,-68.46,290.9,12.07,70.3,-51.38,1.287,68.8,87,0.6079,0,0
NEU-502327,Control,B01,93.53,-66.84,321.1,4.63,79.8,-44.15,1.019,46.4,99,0.2452,0,1
NEU-502857,Control,B02,114.7,-56.51,293.6,20.39,153.5,-41.92,1.644,28.5,80,0.3145,0,0
NEU-506581,TreatmentB,B03,94.37,-76.93,349.8,16.7,89.2,-34.76,1.698,61.8,104,0.5078,0,0
NEU-501714,Control,B02,101.25,-64.47,187.1,27.39,141.9,-38.11,0.991,20.8,85,0.324,0,1
NEU-507484,TreatmentA,B01,86.21,-65.75,338.2,14.59,170.3,-37.36,1.246,69.7,95,0.4917,1,1
NEU-502970,TreatmentB,B02,112.17,-62.87,172.0,12.63,62.2,-46.68,0.959,27.4,82,0.5645,0,1
NEU-503470,TreatmentA,B01,108.71,-64.9,237.4,26.63,100.8,-50.15,0.579,50.6,77,0.4416,0,1
NEU-500616,Control,B02,91.25,-65.32,118.4,20.54,171.1,-44.61,0.609,53.5,103,0.1648,0,0
NEU-503333,Control,B03,88.07,-64.64,63.3,50.19,140.6,-48.44,0.827,58.1,72,0.3288,1,1
NEU-505786,Control,B03,71.22,-69.68,160.7,10.68,90.3,-41.97,0.996,52.6,97,0.4646,1,1
NEU-508887,TreatmentA,B02,97.19,-69.92,136.5,14.64,73.6,-44.02,1.317,55.8,89,0.3903,1,0
NEU-501750,TreatmentB,B03,86.97,-62.96,219.0,11.05,53.4,-44.77,0.964,86.6,96,0.3939,1,1
NEU-504168,TreatmentB,B02,98.84,-62.28,234.2,14.39,38.2,-50.32,0.748,51.6,81,0.7033,0,0
NEU-508439,TreatmentA,B01,102.27,-71.98,136.6,10.12,142.8,-43.41,0.971,67.2,106,0.536,0,0
NEU-506739,TreatmentA,B01,108.26,-73.53,266.2,8.57,155.8,-40.41,0.706,56.3,73,0.7423,0,0
NEU-503078,TreatmentB,B02,88.26,-63.35,148.1,14.97,145.9,-46.71,1.428,89.9,86,0.7624,1,1
NEU-502735,Control,B03,96.92,-65.83,287.8,13.34,173.3,-41.7,1.118,28.5,80,0.5797,0,1
NEU-507737,TreatmentB,B03,104.54,-49.61,217.7,17.14,2.4,-40.46,1.11,74.9,84,0.6201,1,0
NEU-509249,TreatmentA,B03,79.81,-61.98,200.5,10.91,68.8,-36.08,1.257,51.1,95,0.6622,0,0
NEU-507836,TreatmentB,B02,112.04,-67.46,189.0,13.69,44.1,-41.7,1.324,62.9,84,0.72,1,1
NEU-503506,TreatmentA,B02,67.41,-54.22,111.3,26.95,131.4,-35.45,1.329,45.4,90,0.366,1,1
NEU-502506,Control,B01,137.03,-67.78,89.7,11.32,135.8,-41.24,0.856,22.0,100,0.3306,0,1
NEU-504912,TreatmentB,B02,107.56,-64.46,140.4,18.34,72.6,-36.96,0.952,63.4,97,0.4174,0,1
NEU-509696,TreatmentB,B01,111.0,-58.22,118.6,13.3,89.2,-38.53,1.046,60.5,91,0.4837,1,0
NEU-508720,Control,B01,117.26,-67.0,189.6,36.03,137.8,-43.99,1.881,41.6,96,0.4352,0,1
NEU-508393,TreatmentB,B01,82.65,-75.51,784.5,16.24,31.0,-49.38,0.726,80.5,101,0.2185,0,0
NEU-504309,TreatmentB,B01,81.89,-65.41,239.7,12.15,59.6,-42.32,0.721,59.5,77,0.4525,0,1
NEU-500172,Control,B01,114.14,-65.27,159.5,6.79,89.0,-40.9,0.924,34.0,99,0.4633,1,1
NEU-504444,TreatmentA,B03,120.3,-59.15,190.6,18.28,55.2,-38.41,1.795,61.0,82,0.3034,1,0
NEU-509874,TreatmentA,B01,92.5,-67.62,90.3,11.09,95.4,-37.46,1.234,83.3,85,0.4388,0,1
NEU-507170,Control,B03,91.38,-62.98,117.1,18.27,103.0,-37.15,0.688,25.0,78,0.4919,0,1
NEU-503960,Control,B01,111.09,-62.19,191.5,18.84,151.7,-39.95,1.072,63.8,92,0.7575,0,1
NEU-507047,TreatmentA,B03,94.32,-61.65,129.7,16.54,124.6,-47.64,1.33,56.9,90,0.464,1,1
NEU-506844,TreatmentB,B01,109.71,-60.08,264.2,13.49,71.6,-40.86,1.385,62.1,79,0.5506,1,1
NEU-505810,Control,B01,87.9,-61.15,237.7,11.63,115.1,-35.61,1.325,77.1,86,0.3236,0,1
NEU-508413,TreatmentA,B03,105.45,-63.14,341.8,12.26,126.0,-36.68,1.132,67.4,101,0.2104,1,1
NEU-502922,TreatmentB,B03,94.42,-74.23,224.7,23.51,40.3,-46.58,1.161,44.5,99,0.4241,0,1
NEU-505865,TreatmentB,B03,103.45,-60.79,112.0,8.29,94.4,-42.77,0.887,74.4,78,0.3461,1,1
NEU-503109,Control,B02,96.36,-58.73,260.1,16.54,130.4,-40.04,1.41,40.7,82,0.2456,0,0
NEU-507744,TreatmentB,B01,99.81,-62.68,154.3,10.58,81.1,-44.5,1.886,85.4,68,0.2231,1,1
NEU-501655,TreatmentB,B01,101.86,-64.71,360.1,12.42,68.7,-36.74,0.802,82.4,86,0.4655,1,1
NEU-501941,TreatmentA,B02,67.44,-73.78,111.9,29.66,90.4,-41.72,0.742,82.5,89,0.5617,1,1
NEU-507871,Control,B03,124.27,-64.09,95.3,8.36,115.3,-34.54,0.736,66.3,104,0.3249,0,1
NEU-508907,TreatmentB,B01,99.71,-65.78,184.8,15.42,119.9,-43.96,1.215,58.4,88,0.5522,0,1
NEU-509365,TreatmentB,B01,99.35,-62.28,120.7,20.37,54.8,-37.74,0.814,89.7,85,0.3595,1,0
NEU-504030,Control,B03,94.16,-63.85,134.1,17.01,183.9,-40.07,0.674,26.5,86,0.3728,0,1
NEU-507425,TreatmentB,B03,93.83,-64.45,92.5,6.75,57.6,-35.61,0.793,40.7,105,0.2356,0,1
NEU-503499,TreatmentB,B01,121.33,-67.49,117.0,10.64,33.2,-44.02,1.343,50.5,83,0.4677,1,0
NEU-503689,TreatmentA,B02,90.74,-54.91,75.4,20.13,138.8,-41.21,1.04,45.5,95,0.4133,0,0
NEU-508940,TreatmentB,B01,118.8,-70.92,365.0,16.63,74.0,-39.6,0.915,88.4,91,0.572,1,1
NEU-503045,TreatmentA,B02,123.42,-62.37,135.2,14.16,104.1,-45.72,0.752,48.9,86,0.4248,1,1
NEU-505079,TreatmentB,B02,102.82,-68.26,196.5,15.94,68.1,-44.52,1.239,48.3,87,0.1768,1,0
NEU-508337,TreatmentB,B03,99.54,-67.43,197.7,7.62,89.1,-40.57,1.785,49.6,78,0.2856,0,1
NEU-501948,TreatmentA,B01,100.05,-73.64,191.6,24.06,185.9,-41.29,1.201,52.0,95,0.3978,0,0
NEU-500693,TreatmentB,B01,118.39,-61.81,348.9,7.04,78.3,-39.01,1.162,34.4,92,0.4071,0,0
NEU-501357,TreatmentB,B01,104.79,-62.94,160.1,8.36,108.1,-40.99,0.935,47.3,95,0.3737,0,0
NEU-502462,TreatmentB,B03,113.79,-56.65,160.4,14.36,58.3,-40.6,1.048,43.4,86,0.4544,0,0
NEU-507039,TreatmentB,B01,83.69,-54.96,166.8,14.26,1.9,-44.05,1.266,33.8,86,0.3637,0,0
NEU-507398,Control,B02,105.31,-54.03,263.1,24.88,116.2,-42.48,1.021,22.3,85,0.3838,0,0
NEU-508355,TreatmentB,B03,95.05,-75.28,219.7,11.6,54.4,-45.65,1.027,66.0,78,0.1554,1,0
NEU-500285,TreatmentB,B02,101.33,-66.35,313.8,18.7,72.0,-47.23,1.38,71.5,77,0.5283,1,1
NEU-506397,TreatmentA,B01,103.61,-68.71,221.8,12.31,35.0,-41.0,1.299,75.4,88,0.411,1,1
NEU-509418,TreatmentB,B02,95.98,-66.11,154.8,16.18,65.2,-42.5,1.259,66.3,93,0.3839,1,1
NEU-502653,Control,B02,95.49,-70.9,270.1,8.96,124.5,-45.65,0.804,49.2,77,0.3663,1,1
NEU-506909,Control,B02,97.28,-66.17,83.6,15.73,131.5,-43.84,1.317,65.7,85,0.3599,1,1
NEU-504630,TreatmentA,B03,121.89,-64.99,183.0,19.32,143.6,-39.78,0.519,29.4,89,0.3053,0,1
NEU-509950,TreatmentB,B01,92.06,-63.26,326.7,14.08,50.3,-47.87,1.318,66.8,93,0.3624,0,1
NEU-506743,TreatmentB,B02,96.44,-71.42,154.9,9.35,125.0,-42.45,0.756,66.9,95,0.4398,1,1
NEU-500915,Control,B03,93.82,-67.02,216.2,20.81,226.6,-37.65,1.124,48.3,98,0.3435,1,0
NEU-507221,TreatmentA,B01,78.39,-78.71,264.2,13.82,160.3,-39.17,1.374,74.4,80,0.4927,1,0
NEU-507672,TreatmentB,B01,88.73,-60.13,81.1,13.27,45.3,-40.58,1.06,74.6,83,0.1671,1,1
NEU-507549,TreatmentB,B03,96.17,-73.94,253.4,35.56,161.2,-38.16,1.127,71.9,91,0.5476,1,1
NEU-504842,TreatmentB,B02,86.18,-66.63,225.2,8.09,89.4,-44.64,1.43,48.7,78,0.6227,1,0
NEU-501395,Control,B01,104.5,-71.01,145.4,14.22,101.5,-41.85,1.01,48.6,94,0.1875,1,0
NEU-500566,TreatmentA,B01,132.92,-64.7,123.7,9.78,106.4,-51.2,0.66,39.3,106,0.4718,0,0
NEU-503917,TreatmentA,B02,125.91,-61.84,99.0,15.89,110.5,-46.03,0.811,47.0,79,0.4424,1,1
NEU-503493,TreatmentB,B02,100.97,-74.54,226.2,10.15,42.7,-42.92,1.013,78.5,84,0.1762,1,0
NEU-508054,Control,B03,99.91,-64.87,267.7,6.12,158.1,-38.0,1.222,73.5,76,0.2667,0,1
NEU-508794,TreatmentB,B03,84.21,-49.95,125.6,21.38,64.5,-46.72,1.009,87.4,78,0.264,1,0
NEU-501375,Control,B03,148.54,-60.53,151.7,14.3,165.3,-37.31,1.023,41.5,78,0.2912,0,1
NEU-500256,Control,B03,120.66,-65.27,176.9,11.35,141.4,-41.34,1.0,25.7,92,0.4259,0,1
NEU-508746,TreatmentA,B03,126.42,-63.64,361.7,8.57,99.2,-47.21,0.904,60.3,83,0.3357,0,1
NEU-500923,TreatmentA,B02,112.88,-63.01,152.6,7.66,86.7,-43.83,0.721,62.8,84,0.5481,0,0
NEU-504755,TreatmentB,B01,110.33,-63.71,338.0,10.12,85.7,-40.66,0.77,46.1,89,0.2931,0,1
NEU-504928,TreatmentB,B02,107.46,-64.5,189.2,15.52,69.9,-47.61,0.958,53.9,111,0.4928,0,1
NEU-508280,TreatmentB,B02,86.04,-68.99,220.2,13.7,13.1,-37.05,0.955,64.0,96,0.2331,1,0
NEU-501617,TreatmentB,B01,86.49,-67.63,496.3,21.53,140.1,-42.0,0.86,106.9,72,0.4444,0,1
NEU-509351,Control,B02,102.89,-72.41,167.5,10.67,138.5,-33.64,1.339,49.8,61,0.5611,0,0
NEU-507709,Control,B02,112.06,-66.81,245.0,11.94,78.9,-37.63,1.595,45.2,86,0.7616,0,0
NEU-509926,Control,B03,110.19,-63.96,183.4,8.52,116.7,-40.05,0.96,31.7,88,0.4125,0,1
NEU-504153,TreatmentA,B02,73.88,-63.32,346.4,6.85,149.6,-37.05,1.46,62.6,95,0.2304,0,1
NEU-506771,TreatmentA,B02,96.15,-62.18,182.2,27.24,84.7,-40.95,1.44,29.6,97,0.2275,0,0
NEU-500289,TreatmentB,B01,118.47,-47.76,245.2,8.34,112.1,-39.9,1.774,92.6,80,0.6602,1,0
NEU-500787,Control,B01,96.07,-66.17,152.2,13.75,139.5,-35.38,0.637,35.6,79,0.4092,1,1
NEU-504223,Control,B01,115.53,-59.68,148.1,35.51,176.4,-43.75,0.843,29.6,79,0.308,0,0
NEU-502437,TreatmentA,B03,102.08,-72.31,313.5,18.31,45.7,-42.65,0.898,35.5,115,0.1907,0,0
NEU-501259,Control,B02,90.76,-68.81,197.5,13.76,140.5,-36.15,1.076,32.5,72,0.3705,0,0
NEU-504801,Control,B03,109.29,-67.05,153.4,7.09,69.2,-36.64,0.566,41.0,100,0.3625,0,1
NEU-503554,TreatmentA,B03,104.84,-56.04,254.1,17.16,59.6,-43.78,0.768,48.7,67,0.4995,1,1
NEU-505911,TreatmentA,B02,99.34,-59.74,188.4,10.47,144.1,-35.42,0.873,63.2,84,0.4936,0,0
NEU-503986,TreatmentA,B02,73.55,-71.99,94.3,8.22,138.8,-47.52,1.303,41.1,95,0.3873,0,0
NEU-502017,Control,B03,100.4,-66.85,290.5,8.1,128.8,-42.05,1.259,40.1,84,0.4931,1,1
NEU-507561,TreatmentB,B02,116.74,-69.94,336.8,8.6,66.9,-45.85,1.208,67.6,89,0.7103,1,0
NEU-502048,TreatmentB,B02,107.73,-73.18,166.0,13.86,93.6,-44.39,0.586,43.5,76,0.4078,0,0
NEU-501630,TreatmentA,B03,103.77,-63.59,148.3,20.57,75.1,-39.92,1.604,63.4,93,0.1641,1,0
NEU-505841,Control,B02,111.9,-56.56,218.9,16.33,66.8,-49.93,1.045,26.4,82,0.5736,0,1
NEU-507796,TreatmentA,B02,81.78,-66.72,198.3,17.58,100.3,-38.74,1.823,70.2,68,0.462,1,1
NEU-508959,TreatmentA,B02,108.27,-66.47,288.6,28.26,99.1,-46.68,0.984,33.8,72,0.4907,0,1
NEU-502898,Control,B03,123.59,-65.34,179.8,15.59,77.5,-38.98,1.163,52.1,91,0.3454,1,1
NEU-508787,TreatmentA,B03,102.82,-59.72,266.1,10.49,181.3,-48.63,0.773,39.3,88,0.391,1,1
NEU-504607,TreatmentA,B02,84.82,-59.73,155.5,15.23,75.9,-39.37,0.924,40.5,85,0.6971,0,0
NEU-505174,TreatmentB,B03,68.92,-62.23,235.9,8.92,28.0,-43.44,1.007,59.7,80,0.411,1,1
NEU-504569,TreatmentB,B02,86.24,-55.8,115.8,15.16,78.9,-40.87,1.67,25.2,88,0.4055,1,0
NEU-500101,TreatmentB,B01,117.55,-67.46,139.7,6.41,44.9,-47.46,0.876,85.7,94,0.494,1,0
NEU-500583,Control,B02,103.0,-74.65,256.4,27.38,112.5,-37.84,1.566,40.2,86,0.6015,1,0
NEU-501224,TreatmentB,B01,97.94,-73.93,353.2,17.13,114.9,-39.2,1.548,58.0,88,0.3167,0,0
NEU-509993,Control,B03,98.77,-73.61,301.7,11.0,70.1,-38.12,1.114,53.3,78,0.2552,1,0
NEU-503242,TreatmentA,B03,97.67,-61.5,92.3,13.72,58.0,-36.62,1.478,37.4,90,0.3483,1,1
NEU-506811,TreatmentA,B01,86.51,-66.36,203.4,26.72,78.2,-41.83,0.719,53.6,89,0.5131,0,1
NEU-500247,Control,B01,79.58,-67.47,165.7,15.45,195.7,-46.8,1.53,29.9,75,0.6543,1,1
NEU-503741,Control,B01,89.31,-69.39,94.8,27.27,147.7,-33.41,0.987,47.4,96,0.3042,0,0
NEU-504617,Control,B01,107.2,-55.16,328.0,9.68,123.3,-42.07,1.047,45.2,70,0.375,0,1
NEU-503627,TreatmentB,B03,93.36,-62.73,155.0,29.62,73.2,-42.13,1.29,78.0,99,0.2394,0,0
NEU-503551,Control,B03,116.51,-61.46,162.9,22.69,96.3,-42.59,1.059,60.0,80,0.3196,0,0
NEU-507616,TreatmentA,B03,78.93,-67.52,166.2,6.49,152.7,-36.39,1.233,45.3,79,0.3259,0,1
NEU-506962,Control,B01,119.03,-63.77,229.8,7.0,76.2,-42.75,0.98,23.0,99,0.4503,0,0
NEU-506070,Control,B03,107.69,-62.26,176.9,14.01,136.3,-38.34,1.429,44.1,82,0.3168,0,0
NEU-509439,TreatmentB,B03,139.19,-70.48,131.0,12.3,69.5,-43.45,1.302,82.1,82,0.4217,1,0
NEU-503759,TreatmentB,B01,116.17,-70.28,90.4,11.02,23.8,-48.79,0.889,65.6,83,0.4323,1,1
NEU-508138,TreatmentB,B03,104.92,-58.88,179.8,14.68,92.1,-38.65,1.243,87.7,85,0.4127,1,0
NEU-507695,Control,B03,109.76,-55.87,236.6,14.29,161.7,-46.14,1.04,20.0,84,0.0676,0,0
NEU-505906,TreatmentA,B02,65.97,-71.06,230.7,12.36,75.2,-41.66,1.848,47.6,66,0.7279,1,0
NEU-501946,TreatmentB,B03,101.9,-68.41,292.0,18.32,28.0,-44.58,0.769,65.4,76,0.7226,0,1
NEU-507075,TreatmentA,B01,84.34,-61.14,194.5,12.72,118.3,-43.49,1.647,69.8,81,0.4001,1,0
NEU-500328,TreatmentB,B02,84.28,-58.98,166.3,21.42,131.3,-31.28,1.103,69.3,85,0.4208,0,0
NEU-502586,TreatmentB,B01,96.85,-72.1,201.9,9.41,-18.0,-42.53,1.457,82.0,85,0.2385,1,1
NEU-500729,Control,B02,89.7,-71.93,205.7,11.78,143.4,-40.6,1.221,49.8,86,0.4466,1,0
NEU-508301,Control,B02,116.86,-70.06,112.8,15.93,127.8,-39.16,1.601,41.5,85,0.4368,1,0
NEU-505843,TreatmentA,B01,104.7,-68.99,142.6,18.79,63.4,-41.92,1.286,39.4,74,0.1936,0,0
NEU-503843,TreatmentB,B01,97.64,-60.83,366.4,13.74,36.1,-36.28,0.709,51.8,91,0.3631,0,0
NEU-509708,TreatmentB,B02,91.86,-69.4,195.3,7.12,102.2,-44.85,1.23,40.4,79,0.2261,1,1
NEU-500480,TreatmentA,B03,117.35,-59.85,185.6,8.55,150.0,-45.37,0.819,53.0,76,0.2778,0,1
NEU-501107,TreatmentB,B01,107.69,-69.33,197.5,21.0,89.6,-43.28,1.095,69.8,75,0.0775,0,0
NEU-507108,Control,B01,90.75,-63.94,254.9,12.9,152.6,-45.07,0.726,47.9,89,0.1663,0,1
NEU-502544,Control,B03,78.57,-61.19,189.8,19.62,145.0,-39.98,0.996,33.2,84,0.5559,1,1
NEU-503853,Control,B01,93.31,-61.77,265.7,9.82,130.5,-43.82,1.786,50.5,80,0.3828,0,1
NEU-506478,TreatmentA,B02,102.5,-53.78,336.1,12.93,71.9,-38.89,1.091,80.6,88,0.4662,0,0
NEU-507586,Control,B03,114.72,-62.61,258.4,12.93,89.8,-47.56,1.027,34.7,71,0.5219,0,0
NEU-509065,Control,B03,82.36,-67.44,156.7,19.06,48.0,-44.42,0.93,74.8,87,0.4203,1,1
NEU-509404,TreatmentA,B03,97.94,-68.14,160.5,14.78,127.2,-38.75,1.124,55.5,69,0.4472,1,1
NEU-502664,Control,B03,118.66,-67.0,258.9,14.21,163.3,-38.56,1.418,42.5,79,0.5661,1,1
NEU-504452,TreatmentA,B01,67.82,-56.06,154.3,17.55,165.0,-43.02,1.163,56.8,86,0.5277,1,0
NEU-508314,TreatmentA,B03,89.64,-61.39,163.6,10.41,115.2,-41.0,1.263,44.1,77,0.3746,0,1
NEU-507733,Control,B01,109.97,-71.87,270.4,15.62,57.6,-37.95,0.853,56.5,72,0.2718,0,0
NEU-503051,TreatmentA,B01,101.79,-67.28,305.2,11.46,111.6,-34.41,1.678,30.7,83,0.3361,0,1
NEU-502465,TreatmentA,B03,101.82,-81.16,171.8,14.21,77.2,-37.78,0.806,71.8,81,0.5481,1,0
NEU-509379,Control,B02,97.34,-67.78,128.3,7.04,119.0,-47.3,0.819,53.2,91,0.3102,1,1
NEU-508180,TreatmentB,B03,79.89,-67.85,90.6,11.23,142.0,-37.15,1.183,71.6,95,0.3403,1,1
NEU-504826,Control,B03,112.22,-60.17,135.1,9.79,98.8,-39.0,0.84,52.5,74,0.3086,0,1
NEU-503379,TreatmentB,B03,107.89,-60.42,232.1,18.94,32.5,-41.39,1.501,51.5,95,0.6432,1,1
NEU-505795,TreatmentB,B02,134.88,-62.91,179.4,28.56,56.0,-42.45,1.086,89.4,84,0.7238,1,1
NEU-506841,TreatmentB,B03,92.84,-69.7,260.1,12.88,48.9,-48.68,0.751,44.2,99,0.4523,0,0
NEU-502609,TreatmentA,B03,110.32,-72.63,254.7,15.56,111.1,-45.59,0.973,72.6,104,0.2807,1,0
NEU-501364,TreatmentB,B02,111.34,-69.16,239.2,12.85,65.2,-42.4,1.059,80.9,84,0.4263,1,0
NEU-503880,Control,B02,83.08,-68.0,266.9,17.85,143.4,-44.93,1.092,30.2,74,0.3158,0,0
NEU-509019,Control,B02,142.12,-54.01,173.1,12.82,133.7,-36.51,1.719,48.5,79,0.3348,1,0
NEU-507927,Control,B03,97.22,-69.42,193.8,20.6,74.7,-37.25,2.119,36.0,97,0.247,1,0
NEU-504997,TreatmentA,B03,91.01,-62.57,288.9,20.3,214.4,-46.4,0.913,28.3,86,0.4653,0,1
NEU-506539,Control,B01,122.86,-58.27,407.0,13.2,143.0,-40.41,1.189,42.9,96,0.4235,1,1
NEU-506691,TreatmentA,B02,94.13,-71.77,68.8,4.32,127.5,-42.96,1.616,40.7,82,0.5173,1,0
NEU-508119,TreatmentA,B03,103.61,-65.68,256.4,16.95,146.8,-39.51,0.899,28.6,69,0.3185,0,1
NEU-508127,TreatmentB,B03,102.99,-65.22,202.2,14.41,139.8,-42.71,0.817,64.8,88,0.3941,0,1
NEU-504398,TreatmentA,B03,105.44,-68.05,141.5,11.07,93.9,-41.23,1.031,68.4,77,0.3623,0,1
NEU-509358,TreatmentA,B02,81.84,-59.34,391.8,10.28,6.7,-47.28,0.759,57.7,92,0.493,0,0
NEU-508911,TreatmentA,B03,124.13,-63.22,57.6,16.38,86.2,-40.21,0.975,60.3,79,0.3007,0,0
NEU-509626,Control,B03,118.47,-69.11,109.7,33.03,158.4,-42.68,1.302,44.7,100,0.3864,0,1
NEU-504074,TreatmentA,B03,77.68,-61.71,244.1,18.17,104.2,-32.32,1.242,46.1,83,0.3836,0,0
NEU-500925,Control,B01,79.82,-68.33,153.6,6.36,121.8,-38.56,0.619,37.2,75,0.5454,0,0
NEU-509820,TreatmentA,B01,87.46,-62.46,286.1,22.51,73.0,-35.27,1.06,66.1,91,0.5261,0,1
NEU-505041,Control,B01,72.6,-65.17,131.9,16.88,66.4,-43.62,1.687,59.2,78,0.5211,1,1
NEU-503645,TreatmentA,B02,88.31,-55.08,98.8,14.81,105.4,-39.9,0.849,40.4,84,0.3604,1,0
NEU-502068,TreatmentB,B03,81.82,-58.58,82.0,20.82,41.6,-42.43,0.949,57.4,87,0.2154,1,0
NEU-508581,TreatmentB,B01,103.3,-59.17,321.1,17.09,44.4,-38.04,0.959,39.1,88,0.2964,0,0
NEU-509338,TreatmentB,B03,128.03,-62.25,103.0,8.22,12.5,-38.92,1.384,72.8,100,0.2596,1,1
NEU-503598,TreatmentB,B03,134.62,-66.17,74.4,21.37,68.3,-41.64,1.113,71.4,76,0.4019,1,1
NEU-508576,TreatmentB,B02,88.06,-71.2,176.8,12.78,20.4,-40.49,0.828,41.2,82,0.2045,0,0
NEU-508898,TreatmentA,B03,109.52,-51.31,221.9,11.09,155.7,-37.01,0.711,40.1,92,0.3391,0,0
NEU-508217,Control,B01,104.49,-66.92,223.3,19.03,134.8,-41.99,1.417,41.2,89,0.4503,0,1
NEU-507908,Control,B02,114.42,-70.34,376.8,20.63,94.1,-41.13,0.828,37.5,89,0.15,0,0
NEU-503712,Control,B02,106.68,-64.91,203.5,15.4,79.0,-35.85,1.385,22.9,100,0.5558,0,1
NEU-508761,Control,B01,115.34,-62.52,210.1,13.49,150.4,-39.71,0.713,42.9,92,0.2184,0,0
NEU-505893,Control,B03,111.08,-59.87,157.9,12.65,182.7,-49.09,0.682,37.0,92,0.1295,0,0
NEU-508008,TreatmentA,B01,101.33,-68.32,244.3,12.32,183.6,-43.11,0.899,41.9,75,0.5649,0,0
NEU-500651,TreatmentA,B02,110.52,-74.66,288.5,20.09,11.0,-44.39,0.976,58.7,107,0.5699,0,1
NEU-506299,TreatmentA,B02,120.1,-60.29,162.1,19.33,90.9,-34.48,0.503,64.1,86,0.4382,1,1
NEU-506306,TreatmentA,B01,92.4,-69.23,254.4,38.47,137.4,-33.04,1.007,62.8,87,0.5503,0,1
NEU-507074,Control,B01,100.51,-70.19,381.9,21.69,123.6,-39.71,0.917,36.7,82,0.3403,0,0
NEU-503307,TreatmentB,B01,108.93,-67.78,467.3,28.83,111.8,-40.12,0.806,53.4,90,0.7176,0,1
NEU-509726,Control,B03,93.97,-64.79,334.2,14.79,142.6,-42.83,0.983,46.0,97,0.3572,0,1
NEU-500676,TreatmentA,B02,81.32,-68.54,271.7,10.53,70.8,-36.29,1.025,60.9,88,0.5749,1,0
NEU-503408,TreatmentA,B01,90.0,-62.25,108.9,12.21,134.3,-39.95,1.027,32.9,84,0.5555,0,1
NEU-504863,TreatmentB,B02,110.93,-64.42,258.8,12.71,71.7,-40.8,1.047,66.8,85,0.4634,1,1
NEU-507745,Control,B01,129.76,-62.05,169.6,11.71,121.2,-39.67,1.346,31.5,75,0.1975,0,1
NEU-505709,TreatmentA,B03,96.87,-62.48,232.4,41.29,21.1,-43.23,1.198,67.4,70,0.1851,0,0
NEU-502726,TreatmentB,B02,109.19,-67.23,55.3,20.38,133.4,-49.29,0.822,57.8,93,0.4112,1,0
NEU-505124,TreatmentA,B02,103.83,-67.35,135.1,18.53,65.6,-39.6,1.691,59.0,84,0.169,1,0
NEU-508120,TreatmentA,B03,106.51,-59.77,195.5,10.38,95.9,-36.76,1.264,12.1,88,0.317,0,1
NEU-506992,Control,B01,101.23,-67.25,225.4,22.15,133.7,-45.56,1.353,41.4,86,0.5123,1,1
NEU-509006,TreatmentB,B03,104.63,-64.18,179.1,22.12,124.0,-44.26,1.745,70.4,84,0.7233,1,1
NEU-506313,Control,B02,96.67,-54.26,292.6,7.41,107.7,-47.51,1.132,60.1,79,0.5393,0,0
NEU-504709,TreatmentB,B02,79.12,-56.4,88.5,10.01,118.9,-38.23,1.17,57.4,92,0.6121,1,0
NEU-508983,TreatmentB,B02,108.84,-65.02,129.7,14.97,82.5,-39.64,0.913,59.0,92,0.4392,0,1
NEU-509778,TreatmentA,B03,117.66,-61.74,300.8,12.87,127.9,-44.5,0.636,37.9,98,0.503,0,0
NEU-508594,TreatmentA,B03,97.82,-63.97,81.3,13.6,112.6,-38.97,1.361,33.8,81,0.3003,1,1
NEU-505745,TreatmentB,B02,113.12,-60.66,126.2,18.82,107.8,-43.6,0.698,67.1,97,0.6692,1,1
NEU-500452,Control,B03,80.82,-72.33,210.0,14.37,94.9,-39.1,0.641,26.9,81,0.2278,0,0
NEU-506900,Control,B02,73.04,-66.86,106.2,10.57,96.8,-43.34,1.016,43.9,85,0.3888,1,1
NEU-509953,TreatmentB,B02,87.74,-61.66,168.9,9.92,66.4,-42.53,1.173,26.8,76,0.4323,0,0
NEU-508129,TreatmentB,B03,88.3,-63.15,222.0,11.97,40.0,-40.78,1.915,76.4,87,0.1379,1,1
NEU-506856,Control,B02,107.53,-63.25,200.0,12.0,124.5,-41.26,1.574,58.0,88,0.716,1,0
NEU-507283,Control,B01,110.24,-62.75,94.9,11.96,126.6,-43.95,0.762,43.3,86,0.588,1,1
NEU-507651,TreatmentA,B02,121.13,-61.86,121.7,12.72,120.6,-51.47,0.966,39.3,102,0.5318,1,1
NEU-501945,Control,B01,122.9,-74.01,156.9,16.18,108.3,-51.82,1.301,24.0,78,0.5291,0,0
NEU-505771,TreatmentA,B03,95.63,-66.63,89.0,6.17,25.8,-37.38,2.156,36.0,83,0.2661,1,1
NEU-506940,TreatmentB,B03,101.78,-59.29,114.8,5.51,145.3,-44.02,1.521,63.9,87,0.5643,1,0
NEU-502670,Control,B02,115.27,-61.78,152.0,22.43,56.3,-41.69,0.746,59.9,85,0.3992,0,1
NEU-509161,TreatmentA,B01,123.34,-65.71,210.2,18.22,122.7,-47.32,0.889,18.6,91,0.1547,0,0
NEU-509535,TreatmentB,B02,104.03,-65.98,224.2,7.22,42.4,-44.38,1.414,44.0,95,0.6055,1,0
NEU-504356,TreatmentB,B01,101.69,-74.42,196.0,16.48,40.7,-49.21,1.026,66.8,76,0.4508,1,0
NEU-500940,Control,B02,99.74,-67.19,269.3,15.88,194.7,-41.07,1.019,31.0,72,0.1807,0,0
NEU-504838,Control,B01,116.89,-55.2,113.1,9.91,87.0,-35.96,1.042,33.9,83,0.3645,1,0
NEU-502123,TreatmentB,B03,104.96,-58.79,84.2,26.44,46.8,-47.9,0.952,72.9,86,0.2541,1,0
NEU-505833,TreatmentB,B03,91.11,-72.3,169.1,11.6,62.6,-46.89,1.167,46.1,102,0.5886,1,0
NEU-506684,Control,B01,117.71,-62.49,166.4,13.98,180.1,-37.36,1.342,57.3,68,0.5391,1,1
NEU-504428,TreatmentB,B02,116.15,-72.31,224.0,12.58,38.9,-39.86,1.004,65.0,90,0.4966,1,0
NEU-500764,Control,B03,105.52,-71.64,237.1,22.8,109.8,-33.81,1.118,39.5,81,0.3341,0,0
NEU-507933,TreatmentB,B03,108.87,-62.32,119.6,30.33,49.3,-49.16,1.178,76.2,92,0.2484,1,0
NEU-500657,TreatmentB,B01,108.1,-64.13,152.1,14.8,89.6,-42.61,0.994,79.2,73,0.3565,1,1
NEU-505067,TreatmentB,B03,117.08,-61.83,101.7,6.88,133.0,-44.54,1.216,71.6,107,0.4474,0,1
NEU-509701,TreatmentB,B03,116.08,-67.41,164.2,10.5,57.2,-39.54,1.302,59.1,92,0.1474,1,1
NEU-505818,Control,B03,133.98,-68.52,152.3,8.41,74.1,-41.58,1.612,35.0,90,0.8053,0,0
NEU-503791,TreatmentA,B03,125.76,-58.81,149.5,13.16,139.1,-40.37,0.829,69.1,86,0.5047,0,0
NEU-502613,Control,B02,90.03,-62.7,120.8,11.82,98.6,-41.11,1.69,36.2,71,0.241,1,1
NEU-507494,TreatmentB,B02,99.18,-72.54,210.9,11.43,-20.1,-46.32,0.812,61.5,98,0.3021,0,0
NEU-507167,Control,B03,96.91,-67.22,280.2,11.55,121.2,-45.33,0.875,54.6,103,0.7804,0,0
NEU-505508,TreatmentB,B01,115.54,-65.06,130.1,9.41,78.4,-42.2,1.679,48.9,83,0.4664,0,0
NEU-505333,Control,B01,110.04,-55.87,171.7,22.88,179.3,-39.58,1.082,31.4,92,0.4898,0,0
NEU-506286,Control,B02,101.75,-55.49,232.5,25.82,72.1,-41.12,0.802,46.6,88,0.4989,0,0
NEU-504279,Control,B01,107.47,-72.81,104.1,12.56,35.8,-43.13,1.419,64.0,87,0.4161,1,0
NEU-507166,Control,B02,96.42,-70.84,287.9,12.67,159.8,-39.61,1.218,40.4,89,0.4629,0,0
NEU-509003,TreatmentA,B02,102.68,-54.88,109.6,19.63,150.5,-47.52,1.297,48.4,85,0.2475,1,0
NEU-508512,TreatmentA,B03,134.64,-69.59,304.9,19.46,63.9,-41.19,0.74,30.7,91,0.3767,0,0
NEU-502199,Control,B01,108.71,-70.19,325.9,26.51,133.3,-31.47,0.636,27.4,72,0.2506,0,0
NEU-501736,TreatmentA,B02,64.97,-64.39,175.2,26.19,102.5,-47.04,1.183,77.8,75,0.3089,1,1
NEU-502991,TreatmentA,B03,97.41,-68.28,190.4,17.65,91.4,-41.52,0.914,62.2,76,0.2251,0,0
NEU-502820,TreatmentA,B01,91.35,-63.24,160.8,21.59,77.9,-42.47,1.233,41.8,92,0.1248,0,0
NEU-506839,TreatmentA,B03,132.36,-68.48,208.3,11.8,65.0,-37.55,1.154,47.0,63,0.4476,1,1
NEU-506777,Control,B01,110.9,-66.62,90.1,17.26,154.6,-37.35,1.057,50.1,84,0.2255,0,1
NEU-509437,Control,B02,95.65,-67.81,306.2,13.37,54.6,-38.66,0.888,46.0,88,0.4079,0,0
NEU-509924,TreatmentB,B03,81.36,-54.5,189.8,16.43,86.8,-42.92,0.996,63.7,71,0.4638,1,0
NEU-509011,TreatmentA,B01,93.21,-63.41,177.3,12.8,74.8,-37.95,1.018,45.8,88,0.462,1,1
NEU-509494,TreatmentB,B03,109.38,-63.67,129.9,8.82,96.9,-35.44,0.866,33.7,79,0.515,0,0
NEU-505016,Control,B02,97.37,-71.61,244.5,15.86,74.7,-38.46,1.069,29.9,99,0.1825,0,0
NEU-508181,TreatmentB,B03,94.37,-71.35,167.8,12.14,68.5,-37.18,1.758,62.7,82,0.5095,0,0
NEU-508204,TreatmentB,B03,90.18,-66.63,261.6,11.33,24.6,-39.55,1.697,74.2,85,0.2786,1,1
NEU-500758,Control,B01,124.61,-63.93,161.6,8.88,97.3,-46.17,1.187,42.5,82,0.334,1,1
NEU-502756,TreatmentA,B02,76.76,-64.81,177.6,11.94,96.7,-41.6,1.188,40.8,91,0.5209,0,1
NEU-502326,TreatmentA,B03,92.47,-59.5,112.8,16.81,154.7,-40.94,1.557,45.6,85,0.2913,1,1
NEU-506219,Control,B01,93.85,-55.64,200.8,21.02,98.3,-37.35,1.229,39.6,100,0.4656,0,0
NEU-503947,TreatmentA,B02,81.22,-65.81,130.0,12.8,221.2,-46.78,0.731,43.8,86,0.4534,0,1
NEU-501827,TreatmentB,B03,102.76,-60.43,112.1,12.74,169.3,-48.29,1.342,89.3,94,0.4093,1,1
NEU-504267,Control,B01,137.49,-60.88,245.2,19.46,60.4,-52.75,1.198,33.3,86,0.5544,1,1
NEU-502047,TreatmentA,B02,111.94,-55.22,137.1,10.5,98.6,-44.67,1.081,25.1,90,0.6426,0,0
NEU-503797,TreatmentB,B02,85.01,-61.36,189.6,33.14,6.9,-42.02,1.323,67.6,97,0.7777,0,1
NEU-502611,TreatmentA,B01,101.54,-58.12,110.3,8.92,105.0,-37.02,1.16,61.1,94,0.4369,1,0
NEU-508676,TreatmentB,B02,111.89,-63.54,549.6,11.49,112.8,-42.89,2.198,54.5,70,0.2827,0,1
NEU-507420,TreatmentA,B03,88.68,-60.93,145.1,8.66,144.6,-41.72,1.052,61.0,82,0.338,0,0
NEU-509689,TreatmentB,B01,99.26,-60.27,418.8,30.31,10.7,-43.85,1.148,72.1,98,0.3643,0,0
NEU-509850,TreatmentB,B02,73.38,-70.2,116.0,32.03,75.1,-50.14,1.23,79.0,81,0.4919,1,1
NEU-504533,TreatmentB,B01,105.51,-66.08,273.5,15.04,104.2,-41.02,0.797,30.9,83,0.2098,0,0
NEU-500309,TreatmentA,B01,74.07,-61.64,309.3,12.5,105.7,-45.09,1.945,45.4,77,0.503,0,1
NEU-509984,TreatmentB,B01,93.88,-76.57,143.2,17.81,64.4,-37.71,0.889,49.5,90,0.3356,0,0
NEU-506890,TreatmentA,B03,94.34,-70.4,78.4,17.15,100.8,-42.44,0.912,33.4,93,0.3468,1,0
NEU-506469,Control,B01,131.46,-60.83,561.8,22.54,146.2,-39.7,0.868,44.7,91,0.6213,0,1
NEU-502324,TreatmentA,B01,110.13,-50.7,99.0,20.15,132.6,-39.41,1.191,49.0,73,0.5426,1,0
NEU-507215,TreatmentB,B03,85.25,-67.0,146.5,9.33,104.3,-44.1,1.745,42.1,81,0.3125,1,1
NEU-509199,TreatmentA,B02,102.29,-65.16,192.2,28.44,141.0,-44.81,0.979,60.5,96,0.3396,1,0
NEU-503937,TreatmentA,B01,94.49,-66.26,119.6,12.45,123.9,-39.44,0.868,56.7,90,0.2179,0,1
NEU-508849,TreatmentA,B01,107.38,-63.04,181.9,13.27,43.6,-42.91,1.057,66.0,68,0.3338,1,1
NEU-507115,TreatmentA,B01,100.55,-67.79,321.0,12.02,94.3,-44.78,0.986,56.7,93,0.3754,0,1
NEU-505722,TreatmentB,B01,91.88,-70.97,206.6,15.7,131.6,-38.98,0.946,50.4,86,0.1579,1,0
NEU-502435,TreatmentA,B02,117.34,-70.92,302.6,7.65,120.1,-39.4,1.294,74.8,89,0.5217,1,0
NEU-507419,TreatmentA,B01,124.93,-55.21,383.3,9.93,151.9,-41.12,1.282,42.3,89,0.3138,0,0
NEU-506160,Control,B01,91.62,-61.76,206.4,6.7,119.3,-42.95,0.94,50.9,80,0.3201,0,0
NEU-504777,Control,B01,129.35,-65.51,138.7,16.74,166.4,-43.0,2.309,35.4,116,0.3652,1,0
NEU-509518,TreatmentA,B02,99.93,-66.23,201.7,9.07,26.2,-39.99,1.239,55.3,85,0.2935,1,1
NEU-504778,Control,B03,95.43,-69.42,283.0,12.61,57.2,-41.37,1.514,46.3,80,0.3421,0,0
NEU-501036,Control,B03,91.53,-63.03,101.2,24.43,63.7,-37.23,1.107,41.9,90,0.6605,0,1
NEU-507158,TreatmentB,B03,100.47,-55.91,129.9,14.8,77.0,-35.36,1.099,56.0,105,0.3706,1,0
NEU-501832,TreatmentB,B01,110.13,-71.65,145.7,15.15,36.5,-49.7,0.881,54.3,87,0.8093,1,0
NEU-502782,TreatmentB,B01,107.99,-62.92,120.8,6.77,77.0,-44.07,1.234,65.4,92,0.281,1,1
NEU-504232,TreatmentB,B03,93.52,-64.98,185.0,10.52,71.9,-46.1,1.353,72.6,77,0.3789,1,1
NEU-502511,Control,B03,90.65,-62.89,290.2,11.7,132.1,-38.7,1.11,33.4,108,0.4115,0,1
NEU-508435,TreatmentA,B03,90.19,-65.61,522.0,22.3,64.2,-41.79,0.747,69.6,82,0.4132,0,1
NEU-509018,TreatmentB,B03,100.33,-59.05,138.0,19.6,82.7,-42.93,0.905,75.1,88,0.3567,1,1
NEU-507264,TreatmentA,B03,84.58,-65.03,292.0,6.74,148.1,-48.1,0.616,63.2,90,0.2325,1,1
NEU-501433,TreatmentA,B02,101.64,-57.21,146.9,15.36,69.9,-38.32,0.721,30.6,77,0.3242,0,0
NEU-503662,TreatmentB,B03,80.68,-66.91,204.5,14.02,28.8,-37.95,0.636,72.6,73,0.3692,1,0
NEU-506531,Control,B02,99.34,-55.03,133.9,22.47,120.5,-47.07,1.093,42.6,90,0.3544,1,0
NEU-501490,TreatmentB,B02,129.09,-68.96,358.9,13.54,79.7,-35.71,1.204,85.3,79,0.5099,1,1
NEU-506258,TreatmentB,B02,124.32,-55.77,76.9,11.81,54.3,-48.37,0.955,63.0,85,0.336,0,0
NEU-501040,Control,B03,102.27,-60.29,180.1,7.99,80.2,-41.58,1.416,50.4,94,0.406,1,1
NEU-500513,Control,B01,125.78,-69.69,556.5,15.28,60.7,-38.96,1.087,39.8,80,0.4219,0,0
NEU-506479,TreatmentB,B02,86.18,-62.68,193.2,13.29,80.7,-36.95,0.68,51.2,80,0.3189,0,0
NEU-508340,Control,B03,88.41,-70.4,291.8,11.87,185.0,-42.85,1.311,52.3,90,0.5696,1,0
NEU-502231,TreatmentA,B02,106.71,-63.33,404.6,9.91,117.3,-39.68,0.971,54.4,96,0.407,0,1
NEU-503343,TreatmentB,B01,89.23,-60.5,123.1,9.15,66.4,-41.04,0.963,54.1,77,0.1594,1,1
NEU-508980,TreatmentA,B03,73.42,-66.49,242.5,13.98,83.1,-45.93,1.209,35.4,75,0.3224,0,1
NEU-503532,TreatmentB,B02,93.67,-58.39,284.2,8.12,20.2,-43.65,0.666,67.6,105,0.3855,1,0
NEU-502045,TreatmentA,B03,88.69,-68.08,152.8,23.52,115.3,-49.52,1.134,45.1,77,0.2053,0,0
NEU-506197,TreatmentB,B03,85.65,-62.67,151.7,7.1,100.1,-48.92,0.575,65.7,78,0.2296,0,1
NEU-501515,TreatmentA,B01,117.93,-64.81,363.3,24.98,89.2,-42.12,1.68,59.6,73,0.1706,0,0
NEU-508927,TreatmentA,B01,106.75,-70.2,166.3,9.26,165.9,-42.07,1.324,64.0,87,0.3729,1,0
NEU-500005,TreatmentB,B03,64.73,-70.05,120.8,15.44,61.5,-34.28,1.293,72.1,100,0.4171,1,0
NEU-500985,Control,B01,116.11,-62.48,301.6,10.24,101.6,-39.84,0.925,56.0,84,0.4186,0,1
NEU-500504,TreatmentA,B02,107.19,-64.84,114.6,16.26,40.9,-41.55,0.933,56.0,77,0.4406,1,1
NEU-502822,TreatmentB,B01,100.09,-62.47,188.6,7.63,118.0,-40.69,0.946,65.5,94,0.4282,1,1
NEU-503155,Control,B01,88.1,-67.92,242.5,8.36,101.7,-41.65,1.836,48.2,88,0.6381,1,0
NEU-506259,TreatmentB,B02,107.84,-56.12,201.0,18.87,145.5,-40.55,1.056,43.0,90,0.4559,1,0
NEU-505031,TreatmentB,B03,97.61,-64.94,199.3,10.75,168.3,-38.01,1.463,65.0,87,0.5843,1,1
NEU-500580,TreatmentB,B03,108.57,-70.3,233.4,16.76,-9.0,-41.53,1.028,65.3,97,0.1986,0,0
NEU-502929,TreatmentB,B01,95.43,-58.17,370.8,5.65,37.3,-49.83,1.66,81.4,96,0.4313,1,0
NEU-505964,TreatmentA,B03,119.3,-63.58,124.6,13.5,86.8,-46.2,1.035,32.4,83,0.2082,0,0
NEU-503082,TreatmentA,B01,77.63,-73.12,118.5,18.13,147.6,-46.37,0.786,47.7,89,0.385,0,0
NEU-507067,Control,B02,85.88,-62.8,103.7,10.22,111.0,-45.5,0.963,42.0,80,0.4974,1,0
NEU-501157,TreatmentB,B01,84.82,-74.02,407.5,25.7,90.2,-41.23,1.1,66.4,74,0.2578,1,0
NEU-505178,TreatmentA,B02,84.86,-56.87,106.9,14.04,56.0,-41.88,0.663,59.2,98,0.0516,0,0
NEU-507657,TreatmentB,B02,116.79,-73.91,123.2,10.75,53.1,-50.66,0.904,47.0,95,0.0992,0,0
NEU-507917,TreatmentB,B01,100.44,-58.57,332.7,9.58,13.2,-40.94,0.895,46.7,93,0.3737,0,0
NEU-506613,TreatmentB,B02,72.42,-68.07,170.5,12.04,73.2,-47.5,1.448,57.5,73,0.3496,1,1
NEU-507380,TreatmentA,B02,110.76,-59.21,176.0,14.47,109.3,-42.69,1.266,50.1,88,0.1418,1,0
NEU-504935,Control,B01,88.28,-57.02,284.6,13.28,133.2,-48.08,1.366,58.9,86,0.3399,0,0
NEU-506357,TreatmentA,B01,93.08,-57.07,161.1,12.81,132.0,-41.3,0.888,47.1,95,0.2749,0,0
NEU-503125,TreatmentB,B02,118.7,-64.93,148.3,28.14,72.0,-49.09,0.842,72.2,94,0.6422,1,1
NEU-502367,TreatmentA,B01,93.11,-53.43,78.8,8.55,157.4,-41.27,0.794,66.0,94,0.5883,0,0
NEU-500690,TreatmentA,B01,101.49,-64.07,128.5,18.49,130.8,-38.51,0.706,74.0,80,0.1276,1,0
NEU-503153,TreatmentB,B03,101.36,-61.8,146.8,7.6,53.4,-44.08,0.981,46.4,95,0.277,1,1
NEU-500075,Control,B01,114.1,-74.07,242.7,11.58,56.7,-45.87,1.188,46.6,87,0.3938,1,0
NEU-507124,TreatmentA,B03,96.08,-57.77,286.9,11.0,93.7,-41.65,0.973,78.2,72,0.3855,0,1
NEU-501286,Control,B01,113.02,-63.33,281.9,9.65,116.1,-42.95,1.645,46.3,66,0.3675,1,1
NEU-502027,Control,B01,76.27,-60.8,77.7,32.46,46.0,-36.0,0.818,48.8,84,0.1301,0,0
NEU-508270,TreatmentB,B02,102.69,-72.71,197.3,7.89,60.1,-41.96,1.294,68.6,103,0.1809,1,0
NEU-506944,TreatmentA,B02,113.79,-60.09,351.8,5.51,87.5,-44.4,1.129,50.6,76,0.3736,0,1
NEU-509277,TreatmentA,B01,108.03,-64.36,139.6,18.18,62.9,-30.38,1.103,51.0,76,0.1546,1,0
NEU-506610,TreatmentB,B03,100.41,-65.34,274.5,23.66,-7.6,-40.63,0.853,45.5,89,0.6343,0,1
NEU-503647,Control,B01,78.76,-63.89,293.9,18.05,163.3,-47.05,0.941,49.7,106,0.2411,1,0
NEU-504853,TreatmentA,B01,100.22,-59.74,134.9,14.83,126.4,-47.1,1.679,56.7,80,0.4829,0,0
NEU-504021,TreatmentA,B02,92.71,-61.27,179.0,22.4,112.0,-41.27,1.085,66.1,74,0.2881,0,0
NEU-501253,TreatmentA,B03,97.74,-60.68,166.7,11.29,139.3,-44.9,0.768,52.6,77,0.3755,1,0
NEU-509633,Control,B01,93.1,-65.08,138.8,10.49,120.7,-43.2,1.103,22.3,75,0.4502,0,1
NEU-504515,TreatmentB,B03,142.2,-65.41,245.8,14.54,100.8,-40.47,1.822,72.6,72,0.5405,1,1
NEU-502439,TreatmentB,B02,90.86,-60.34,261.2,12.68,66.0,-36.83,1.442,66.5,89,0.3398,1,0
NEU-505301,TreatmentA,B01,105.45,-76.04,112.2,10.94,119.9,-39.0,0.49,64.1,87,0.706,0,0
NEU-504541,TreatmentB,B01,120.64,-70.51,143.0,16.54,33.1,-41.76,0.583,64.0,79,0.5788,0,1
NEU-500762,TreatmentA,B03,113.06,-79.4,192.5,20.68,140.3,-41.54,0.793,47.3,79,0.3442,0,1
NEU-501646,TreatmentB,B01,93.11,-64.71,139.2,3.62,102.9,-40.24,1.513,95.5,79,0.3369,1,1
NEU-507945,TreatmentB,B03,100.75,-64.35,231.7,8.23,73.9,-39.19,1.132,96.4,95,0.2759,1,1
NEU-501289,TreatmentA,B02,108.96,-65.51,103.7,14.12,113.6,-34.08,0.79,57.4,97,0.4239,0,1
NEU-504060,TreatmentB,B02,110.83,-76.51,118.0,19.2,24.1,-39.03,1.751,72.2,83,0.3972,1,0
NEU-505177,TreatmentA,B01,85.19,-63.53,257.2,9.51,104.8,-41.52,1.22,32.0,86,0.4948,0,0
NEU-503767,Control,B02,107.35,-62.53,243.9,26.84,207.9,-36.49,0.592,50.1,87,0.2849,0,0
NEU-507946,TreatmentA,B01,113.73,-63.41,154.2,7.25,125.9,-46.58,1.288,75.4,84,0.4599,0,0
NEU-502055,Control,B03,106.91,-68.71,181.0,8.54,72.2,-45.65,0.967,55.2,79,0.3567,0,0
NEU-500349,TreatmentB,B02,82.69,-70.1,298.3,12.46,116.8,-40.29,0.735,78.2,63,0.192,0,1
NEU-506501,TreatmentA,B02,110.64,-69.23,96.2,10.78,70.4,-40.52,0.897,61.9,78,0.2289,1,1
NEU-500791,Control,B02,80.07,-66.01,102.2,8.06,127.9,-38.76,0.774,31.4,74,0.3901,0,1
NEU-508185,TreatmentA,B03,77.59,-64.4,261.9,6.8,122.7,-32.82,1.239,49.3,79,0.5971,0,0
NEU-500634,TreatmentB,B02,90.09,-68.63,165.3,14.32,-5.0,-41.65,1.596,44.3,80,0.4023,1,0
NEU-505802,TreatmentA,B02,106.71,-75.41,360.8,12.9,174.9,-40.75,1.073,66.5,90,0.0708,0,0
NEU-505127,Control,B03,73.16,-61.22,91.1,10.25,123.1,-40.42,1.373,69.4,75,0.1694,1,1
NEU-508437,Control,B03,89.82,-70.79,240.2,12.11,178.4,-38.31,1.015,43.1,102,0.3241,0,0
NEU-508881,TreatmentA,B02,98.83,-56.87,174.9,7.82,129.5,-35.76,0.942,41.5,86,0.4336,0,0
NEU-505469,TreatmentB,B02,84.96,-63.84,95.3,8.65,107.0,-38.82,1.192,30.5,88,0.4013,1,1
NEU-500660,TreatmentA,B03,107.83,-70.0,426.9,19.25,66.7,-44.64,1.087,58.9,101,0.3443,0,0
NEU-502186,TreatmentA,B02,88.4,-67.17,232.6,18.39,115.3,-38.48,0.962,30.9,90,0.1759,0,0
NEU-508703,TreatmentA,B02,78.07,-61.67,211.5,20.13,94.7,-43.04,0.69,60.5,84,0.3624,1,0
NEU-504184,TreatmentA,B02,89.66,-71.45,116.9,13.36,153.1,-38.38,1.182,21.3,78,0.5084,0,0
NEU-500143,TreatmentB,B02,95.05,-56.86,247.9,10.54,103.1,-46.01,0.591,82.9,87,0.4827,0,0
NEU-502960,Control,B03,108.81,-74.26,165.7,9.57,131.7,-44.86,1.383,66.1,90,0.2115,1,1
NEU-505121,TreatmentB,B02,95.27,-68.0,144.7,17.09,30.2,-39.71,1.053,68.2,90,0.3997,1,1
NEU-501193,TreatmentA,B01,109.3,-63.05,210.4,34.5,119.6,-44.87,0.545,56.0,101,0.3562,1,1
NEU-502558,TreatmentB,B02,97.02,-58.21,212.5,13.05,94.8,-44.44,0.817,65.0,87,0.6234,1,0
NEU-506528,Control,B01,102.6,-71.31,141.9,10.06,97.8,-43.73,0.616,51.8,81,0.3891,0,0
NEU-503832,TreatmentA,B02,109.0,-66.71,129.3,15.63,115.4,-35.73,0.942,61.0,91,0.387,1,0
NEU-500726,TreatmentA,B03,125.39,-63.1,67.0,11.66,155.0,-43.91,1.094,54.6,87,0.1525,1,1
NEU-509959,TreatmentB,B03,94.39,-61.37,99.2,28.51,104.8,-37.99,0.889,60.6,87,0.4173,1,1
NEU-509918,TreatmentB,B02,113.03,-63.6,444.0,11.96,96.0,-40.13,1.127,28.6,102,0.1688,0,1
NEU-506188,TreatmentA,B02,106.92,-60.3,126.3,9.58,151.9,-33.32,1.686,72.5,90,0.2818,1,1
NEU-508508,TreatmentB,B02,126.14,-65.25,226.8,16.72,120.9,-44.93,1.3,47.7,85,0.4494,0,1
NEU-507972,TreatmentB,B03,77.52,-68.36,157.5,8.26,128.5,-41.81,1.492,71.2,83,0.3378,1,1
NEU-501751,Control,B01,94.0,-61.35,131.0,21.75,150.8,-47.97,1.79,51.9,81,0.4903,1,1
NEU-507598,Control,B01,88.66,-62.61,74.4,17.24,207.4,-40.47,1.544,56.3,74,0.3826,1,1
NEU-507414,TreatmentB,B03,110.61,-65.8,156.7,14.97,132.8,-39.47,0.888,55.3,88,0.3203,1,0
NEU-509703,TreatmentA,B01,107.88,-64.78,98.5,16.1,99.6,-45.26,0.93,42.9,83,0.5578,0,1
NEU-501914,Control,B03,107.45,-66.06,359.6,15.75,135.1,-36.21,1.015,34.3,93,0.5361,0,1
NEU-502840,TreatmentA,B02,127.44,-62.12,161.8,18.47,103.0,-49.83,1.32,57.2,93,0.4249,0,1
NEU-505886,Control,B01,88.2,-69.32,150.3,16.97,159.5,-49.19,1.583,34.6,100,0.3986,0,0
NEU-506099,TreatmentB,B02,101.71,-68.19,247.3,18.11,-4.9,-42.94,1.143,68.0,83,0.4855,1,1
NEU-507121,TreatmentA,B03,85.39,-68.44,186.7,8.01,88.7,-37.18,0.765,46.8,77,0.2865,0,1
NEU-508790,TreatmentB,B03,103.07,-80.08,122.3,13.12,68.0,-42.46,1.181,53.7,74,0.7239,0,0
NEU-503474,Control,B03,107.63,-55.1,214.9,18.88,81.2,-40.21,1.867,63.0,80,0.3617,1,0
NEU-502772,Control,B02,85.69,-71.02,171.2,24.31,96.8,-37.05,1.067,81.1,85,0.3613,1,1
NEU-509200,TreatmentB,B02,115.62,-60.15,83.5,21.55,101.7,-40.38,0.777,68.8,81,0.5494,1,1
NEU-503620,TreatmentA,B03,78.85,-59.87,254.6,11.71,137.0,-40.85,0.851,51.5,84,0.2802,1,1
NEU-508634,TreatmentA,B01,124.59,-73.94,286.5,8.45,173.8,-41.47,1.365,52.0,89,0.4307,0,0
NEU-507602,TreatmentA,B03,93.68,-47.63,92.0,15.82,90.8,-42.59,1.43,98.7,93,0.2072,1,0
NEU-505483,Control,B01,103.08,-65.52,272.3,17.0,85.6,-47.8,1.429,35.1,92,0.4507,0,1
NEU-506847,TreatmentB,B01,124.01,-64.54,223.8,10.32,104.1,-41.94,1.039,78.4,93,0.3521,0,1
NEU-500147,TreatmentB,B03,86.93,-61.35,244.0,24.37,84.7,-39.36,1.035,68.9,74,0.322,1,1
NEU-509957,TreatmentA,B01,117.39,-69.23,65.3,30.34,130.4,-31.34,1.32,66.3,88,0.4417,1,0
NEU-501887,TreatmentB,B02,104.77,-74.21,225.4,12.9,15.7,-40.93,1.548,63.0,84,0.5564,1,0
NEU-508763,TreatmentB,B01,89.66,-71.62,68.0,11.63,79.0,-39.21,1.613,55.5,102,0.26,1,1
NEU-506719,TreatmentA,B02,105.95,-60.91,151.6,10.73,54.1,-46.51,1.065,62.9,74,0.2126,1,1
NEU-505763,TreatmentB,B01,92.87,-63.58,151.7,13.17,103.4,-48.97,1.339,72.1,108,0.4633,1,1
NEU-505473,TreatmentB,B01,74.7,-51.05,157.6,20.69,111.0,-39.17,1.141,51.1,98,0.6157,0,1
NEU-501820,Control,B03,98.43,-66.05,245.5,12.96,74.6,-44.93,0.703,18.5,88,0.4541,0,1
NEU-504855,TreatmentA,B01,96.71,-64.71,92.4,17.57,22.5,-37.09,1.459,51.4,93,0.4585,1,1
NEU-504100,TreatmentB,B03,113.26,-56.11,385.3,13.44,82.0,-44.52,0.738,81.2,98,0.4713,0,0
NEU-506870,Control,B01,98.1,-71.74,63.4,11.13,143.0,-32.7,1.408,43.3,75,0.4145,0,0
NEU-508137,TreatmentB,B02,101.59,-66.67,233.6,15.23,40.3,-41.16,1.19,45.3,81,0.3114,0,1
NEU-503557,TreatmentB,B03,77.26,-76.04,168.3,15.51,52.7,-38.3,0.729,74.0,88,0.5192,1,1
NEU-508686,TreatmentB,B02,91.04,-65.54,145.3,12.51,13.7,-52.33,1.034,63.7,83,0.3758,1,1
NEU-506010,TreatmentA,B02,86.38,-66.84,284.1,7.8,111.8,-42.68,0.879,76.9,97,0.3609,1,1
NEU-505879,Control,B02,93.4,-63.63,433.6,10.61,158.5,-42.48,0.847,48.9,81,0.2263,0,1
NEU-509502,Control,B02,103.7,-68.49,97.9,14.01,128.4,-44.64,1.275,11.0,69,0.4031,1,1
NEU-500426,TreatmentA,B02,105.56,-73.41,193.7,6.07,111.8,-38.26,0.997,41.3,76,0.3767,0,0
NEU-502766,TreatmentA,B02,62.01,-64.96,436.8,7.76,153.4,-37.95,0.916,52.4,83,0.3538,0,1
NEU-500751,TreatmentA,B01,97.24,-60.16,149.4,12.79,94.7,-44.11,0.952,44.3,77,0.5546,0,1
NEU-504043,TreatmentB,B03,95.74,-67.46,168.5,10.11,87.2,-50.39,1.328,77.7,80,0.4225,1,1
NEU-504126,Control,B03,66.79,-64.49,185.4,5.39,66.2,-44.95,2.214,44.5,83,0.3981,1,0
NEU-507195,TreatmentA,B03,126.8,-58.92,289.2,7.66,110.8,-43.78,1.029,71.3,80,0.2358,1,1
NEU-508519,Control,B01,116.06,-76.78,97.6,14.95,55.2,-49.47,0.896,31.6,74,0.123,0,0
NEU-507005,TreatmentB,B01,92.21,-64.57,272.8,19.21,110.3,-43.21,1.117,35.4,94,0.3873,1,1
NEU-508173,Control,B03,94.0,-71.76,191.1,16.02,13.6,-42.87,1.119,51.1,73,0.1932,0,0
NEU-501539,TreatmentA,B01,74.26,-61.83,266.3,9.84,89.4,-41.71,0.768,74.7,86,0.2561,0,1
NEU-502770,Control,B02,107.91,-65.88,205.1,14.14,135.8,-41.96,1.227,36.5,72,0.4006,1,1
NEU-505367,Control,B01,107.44,-70.85,420.3,13.14,114.1,-43.92,0.592,43.0,92,0.353,0,0
NEU-501161,TreatmentA,B03,88.11,-66.23,210.3,11.22,68.4,-43.56,1.112,57.2,83,0.3269,1,1
NEU-508023,TreatmentA,B03,122.64,-67.44,260.9,24.41,97.1,-43.54,1.29,57.0,78,0.5361,1,1
NEU-508381,TreatmentA,B01,94.19,-71.12,130.6,10.48,65.8,-54.23,0.867,72.1,89,0.5214,1,1
NEU-504138,Control,B02,65.51,-76.74,254.8,8.67,85.1,-33.83,1.004,21.4,81,0.5369,1,0
NEU-501168,TreatmentB,B01,94.78,-66.35,233.1,13.49,119.1,-45.61,1.25,52.4,74,0.5761,1,1
NEU-507969,TreatmentA,B03,112.18,-64.63,246.7,26.06,89.3,-47.54,1.12,52.0,75,0.5842,0,1
NEU-504218,TreatmentA,B02,120.97,-56.92,224.8,8.78,69.6,-47.35,1.318,47.4,93,0.2428,0,1
NEU-502528,Control,B01,110.53,-64.04,176.3,9.56,149.7,-44.42,0.874,23.1,88,0.2375,1,1
NEU-502713,TreatmentB,B03,111.83,-71.82,187.5,40.39,132.7,-38.69,0.741,87.3,95,0.3322,1,0
NEU-509843,TreatmentA,B01,86.83,-64.9,345.1,9.15,106.3,-44.99,0.982,42.2,80,0.422,0,0
NEU-505211,TreatmentB,B03,98.75,-72.91,201.2,8.35,97.0,-44.72,0.976,52.6,83,0.5271,1,0
NEU-504702,Control,B03,92.36,-69.11,179.7,11.51,165.8,-48.29,1.106,45.1,75,0.3631,0,0
NEU-501716,TreatmentB,B03,100.55,-65.25,326.2,14.88,143.7,-39.34,0.917,42.1,84,0.1796,0,1
NEU-509524,TreatmentA,B02,98.94,-66.84,94.2,13.07,105.6,-43.46,0.83,22.7,96,0.3665,1,1
NEU-503911,Control,B02,129.67,-65.54,189.0,10.21,110.1,-44.25,1.686,58.1,96,0.4139,1,1
NEU-503556,TreatmentA,B01,98.81,-68.17,328.2,18.19,100.9,-42.58,0.882,53.1,77,0.3243,0,0
NEU-509004,Control,B02,96.14,-60.14,283.4,12.95,124.8,-48.12,1.162,61.9,67,0.1748,0,1
NEU-505486,TreatmentB,B01,80.15,-60.62,266.6,7.57,62.6,-39.17,2.102,63.8,96,0.2678,1,1
NEU-506812,Control,B01,103.77,-55.18,164.9,11.14,84.0,-41.75,1.493,62.2,82,0.3873,1,0
NEU-504711,TreatmentB,B02,93.4,-64.03,90.2,16.73,32.6,-43.49,1.007,37.0,83,0.0822,0,0
NEU-500550,Control,B02,98.47,-69.8,127.6,11.75,148.9,-43.86,1.173,47.8,67,0.56,0,0
NEU-506867,TreatmentA,B01,100.66,-54.59,170.2,8.92,85.9,-43.96,0.861,53.7,81,0.3954,0,0
NEU-507812,TreatmentA,B02,87.26,-68.88,104.2,14.4,67.1,-34.09,0.767,42.1,86,0.4826,1,0
NEU-503536,Control,B03,98.62,-70.54,260.9,7.07,98.4,-39.03,1.201,39.5,80,0.2437,0,1
NEU-500538,TreatmentB,B02,99.83,-61.51,66.4,9.71,30.6,-37.49,1.111,62.6,88,0.1411,0,1
NEU-503009,TreatmentB,B03,110.97,-64.29,105.4,11.26,14.9,-42.2,1.083,68.4,73,0.6173,1,1
NEU-504408,TreatmentA,B02,107.53,-72.9,326.0,8.6,130.7,-36.54,1.021,54.5,110,0.5525,0,0
NEU-509102,TreatmentB,B03,106.98,-71.55,209.5,9.66,83.2,-41.7,1.329,61.6,79,0.2811,1,1
NEU-504760,TreatmentA,B01,117.9,-67.34,142.9,13.95,162.3,-36.37,0.954,40.3,85,0.4579,0,1
NEU-505183,TreatmentA,B03,104.64,-68.66,161.1,15.34,100.2,-40.1,0.927,62.2,81,0.3281,1,0
NEU-508882,Control,B02,113.94,-56.49,170.9,18.23,90.4,-40.93,1.837,31.8,88,0.2541,0,0
NEU-503550,TreatmentA,B01,88.66,-58.46,176.7,14.35,98.4,-44.48,0.71,53.1,79,0.7642,0,1
NEU-506970,TreatmentA,B01,92.68,-63.38,220.5,14.34,88.8,-40.82,0.639,65.6,92,0.2986,1,0
NEU-505341,TreatmentB,B02,106.25,-75.79,261.7,11.7,76.9,-37.31,1.078,60.2,84,0.3246,1,0
NEU-508206,TreatmentB,B01,132.58,-73.78,165.0,7.77,93.7,-47.51,0.937,48.1,79,0.5637,0,0
NEU-505821,TreatmentB,B02,117.98,-63.87,158.9,9.82,104.3,-42.06,1.094,51.8,91,0.1201,1,1
NEU-505179,Control,B02,117.6,-57.35,310.2,13.51,65.5,-46.97,0.743,39.1,84,0.5683,0,1
NEU-509706,TreatmentB,B03,114.28,-73.45,310.9,6.61,76.6,-43.36,0.998,41.3,90,0.5593,0,0
NEU-507329,TreatmentB,B03,100.35,-53.05,430.8,9.21,28.5,-41.58,0.848,50.3,87,0.5029,0,0
NEU-509596,TreatmentB,B03,103.59,-70.11,145.9,8.16,120.5,-43.78,0.748,58.9,74,0.4953,0,0
NEU-502406,TreatmentB,B03,90.99,-67.46,201.0,16.79,69.9,-50.28,1.394,74.5,80,0.4723,1,1
NEU-506048,TreatmentA,B02,83.23,-58.08,129.7,14.89,94.3,-38.66,1.318,34.7,76,0.2239,0,0
NEU-506333,Control,B01,101.82,-72.81,171.4,9.16,118.9,-44.0,1.407,44.1,86,0.5142,0,0
NEU-508510,TreatmentA,B01,99.04,-57.39,308.0,7.92,70.3,-38.2,0.632,41.1,87,0.38,0,0
NEU-507021,TreatmentB,B01,50.76,-59.87,725.7,9.76,76.8,-42.35,0.809,52.4,97,0.3422,0,0
NEU-508006,Control,B02,89.94,-62.67,352.3,9.54,138.4,-40.02,1.543,42.4,93,0.2391,0,1
NEU-506517,Control,B02,107.72,-79.43,111.3,9.96,95.9,-49.02,1.062,54.7,85,0.7036,1,0
NEU-507352,TreatmentB,B01,87.61,-62.73,282.8,15.32,106.6,-37.51,0.915,41.6,89,0.671,0,1
NEU-506578,TreatmentA,B03,83.5,-69.53,127.6,15.73,45.7,-50.29,0.859,49.0,80,0.3082,1,0
NEU-507918,TreatmentA,B01,86.42,-60.02,252.8,11.35,92.3,-47.44,1.046,63.8,102,0.2587,0,1
NEU-508810,TreatmentA,B02,107.54,-64.14,364.8,11.82,123.5,-44.9,1.486,53.9,72,0.1944,1,1
NEU-508274,TreatmentB,B02,107.48,-60.6,206.1,10.4,90.9,-46.25,1.046,62.1,91,0.3284,0,0
NEU-503251,TreatmentB,B02,99.3,-62.33,126.2,9.88,106.8,-41.81,1.172,82.9,84,0.3541,1,1
NEU-506503,TreatmentA,B03,109.29,-62.9,240.3,23.71,120.3,-39.06,1.259,60.3,81,0.4365,0,1
NEU-501441,Control,B03,107.32,-75.73,203.2,18.96,145.2,-37.53,1.067,29.1,87,0.5835,0,0
NEU-503796,TreatmentA,B01,98.34,-71.57,176.7,15.82,94.5,-44.24,0.734,70.9,80,0.3196,0,1
NEU-501735,TreatmentA,B02,65.94,-62.01,187.8,17.28,97.5,-39.53,0.955,44.3,86,0.3579,0,1
NEU-507189,Control,B01,91.42,-66.98,282.2,7.12,99.2,-39.36,0.632,50.8,93,0.2452,0,1
NEU-506222,TreatmentA,B02,110.71,-76.73,121.2,10.83,132.1,-42.67,0.991,42.8,87,0.1612,0,1
NEU-509118,TreatmentA,B01,122.7,-62.27,163.5,8.25,48.0,-45.89,1.28,77.6,84,0.4844,1,1
NEU-506978,Control,B02,73.89,-59.31,191.8,11.01,122.6,-41.99,1.164,30.6,90,0.6473,1,0
NEU-501250,TreatmentB,B02,83.16,-64.18,180.6,13.56,74.1,-40.86,0.842,44.0,105,0.4707,1,1
NEU-504277,TreatmentB,B02,96.47,-68.59,201.3,14.45,86.0,-41.66,0.731,54.7,100,0.2808,0,0
NEU-503157,TreatmentA,B02,88.62,-75.36,178.9,12.94,68.4,-40.62,1.453,43.4,91,0.5295,0,0
NEU-500292,TreatmentB,B03,105.39,-71.18,166.3,7.12,84.2,-41.64,0.79,57.2,77,0.3598,1,1
NEU-500980,TreatmentA,B01,92.83,-62.57,73.2,12.06,80.0,-41.83,0.954,24.1,96,0.5108,0,0
NEU-508305,TreatmentA,B01,92.12,-66.58,199.7,16.61,74.0,-38.69,1.08,57.7,86,0.2699,1,1
NEU-504666,TreatmentA,B03,120.18,-62.82,231.5,13.82,94.6,-44.83,0.72,46.1,71,0.353,0,1
NEU-505311,Control,B03,93.33,-67.35,175.9,12.13,134.0,-40.41,1.303,59.8,85,0.4114,1,1
NEU-503252,TreatmentB,B03,109.7,-66.77,255.8,11.69,99.1,-43.66,1.097,55.4,77,0.5342,0,0
NEU-508862,Control,B01,126.36,-59.88,141.1,9.31,180.5,-47.15,1.138,32.8,100,0.5369,1,0
NEU-501656,Control,B03,110.57,-64.79,156.3,17.12,161.0,-40.27,0.731,41.0,104,0.6744,0,1
NEU-503848,TreatmentB,B01,83.87,-68.64,260.7,10.32,22.2,-42.51,1.5,48.8,89,0.317,1,0
NEU-500270,TreatmentA,B01,111.36,-64.42,299.8,6.49,137.9,-44.79,1.814,60.8,94,0.3956,1,1
NEU-502024,TreatmentA,B01,79.02,-68.9,249.5,16.07,147.3,-32.97,0.906,43.7,89,0.6348,0,0
NEU-500098,TreatmentB,B03,104.6,-69.2,417.4,15.45,81.9,-44.82,1.245,59.3,86,0.1397,0,0
NEU-502040,TreatmentA,B03,112.28,-63.21,190.8,7.3,100.9,-49.89,0.923,71.1,79,0.3576,1,1
NEU-508031,Control,B01,80.13,-72.32,225.8,9.75,145.9,-46.84,0.6,40.8,84,0.5318,0,0
NEU-503778,Control,B03,116.54,-70.59,303.7,16.69,166.5,-44.92,1.188,46.8,98,0.5409,0,1
NEU-505287,Control,B02,123.52,-59.36,140.2,11.38,140.5,-47.96,1.519,37.6,87,0.4055,1,1
NEU-505589,TreatmentA,B03,95.84,-54.77,340.9,19.93,36.4,-41.51,0.665,58.6,90,0.3639,0,0
NEU-507684,TreatmentB,B01,132.15,-60.12,145.3,10.29,48.3,-37.08,1.512,60.0,88,0.561,1,0
NEU-502896,Control,B02,112.56,-61.82,129.2,7.61,168.2,-47.28,0.927,44.3,92,0.5385,0,0
NEU-500287,TreatmentA,B03,92.61,-60.74,193.3,6.13,176.8,-42.66,0.823,53.4,92,0.5541,0,0
NEU-500491,TreatmentB,B03,113.22,-61.14,102.8,9.57,120.7,-41.61,1.432,67.5,92,0.3274,1,1
NEU-501426,TreatmentB,B03,102.85,-69.78,179.7,13.59,120.2,-38.59,0.683,72.5,94,0.2711,0,1
NEU-500911,TreatmentB,B02,87.71,-69.99,110.5,15.11,108.2,-39.85,1.685,57.4,89,0.3595,1,0
NEU-500837,TreatmentB,B03,99.95,-57.64,162.6,24.05,108.6,-34.76,1.42,61.2,83,0.2288,1,0
NEU-507109,TreatmentA,B03,107.07,-61.41,112.3,10.99,74.2,-41.33,0.891,62.4,70,0.3932,1,0
NEU-505232,TreatmentA,B03,110.07,-62.85,207.6,8.43,86.7,-42.54,1.257,55.1,90,0.1792,0,1
NEU-505419,TreatmentB,B01,110.58,-72.44,216.3,17.72,56.3,-35.34,1.071,73.2,88,0.4907,1,1
NEU-506255,TreatmentA,B01,95.62,-71.37,382.4,22.02,98.1,-45.69,1.783,56.9,77,0.2052,0,0
NEU-502318,Control,B01,117.38,-59.72,201.7,9.04,165.0,-44.82,1.045,33.2,92,0.4068,0,0
NEU-500588,TreatmentB,B03,108.29,-66.43,237.3,10.15,60.2,-37.25,0.343,75.7,88,0.3301,1,1
NEU-507718,TreatmentA,B02,78.19,-62.86,187.0,16.17,147.5,-46.69,1.096,19.4,83,0.6693,0,1
NEU-506305,TreatmentB,B03,114.41,-71.9,293.4,13.7,129.5,-36.52,0.934,29.2,102,0.6027,0,0
NEU-501467,TreatmentA,B01,96.23,-59.8,128.9,5.29,69.2,-33.16,1.262,61.4,70,0.5446,0,0
NEU-505181,TreatmentB,B01,131.5,-72.55,182.9,8.27,104.5,-38.56,0.887,58.8,91,0.2991,0,0
NEU-501297,Control,B03,77.04,-71.74,194.8,12.41,91.7,-35.75,0.711,29.3,80,0.6068,0,0
NEU-507623,Control,B02,90.85,-65.2,126.0,19.41,180.2,-38.08,1.422,69.3,96,0.4714,1,1
NEU-509629,Control,B02,97.05,-69.5,301.8,15.06,148.3,-44.07,0.752,42.3,105,0.1528,0,1
NEU-503447,TreatmentB,B01,102.35,-65.08,147.9,11.12,76.8,-40.4,0.749,64.3,68,0.3897,1,1
NEU-500113,TreatmentA,B02,109.03,-74.64,118.9,16.38,116.4,-35.54,1.991,32.5,95,0.4404,1,0
NEU-509082,TreatmentA,B01,87.23,-64.21,262.5,29.01,132.9,-45.22,1.174,45.1,81,0.2268,0,0
NEU-508042,Control,B02,97.96,-69.86,288.7,8.81,184.3,-40.27,0.856,47.7,78,0.6369,1,0
NEU-500159,TreatmentA,B03,99.95,-60.52,337.1,11.61,113.4,-47.52,1.415,55.7,89,0.3802,1,1
NEU-503599,TreatmentA,B02,84.84,-58.53,301.5,15.09,140.7,-47.1,1.207,45.0,91,0.4482,0,0
NEU-504423,TreatmentB,B01,81.2,-59.35,144.1,17.67,147.1,-42.45,1.731,63.9,74,0.6101,1,1
NEU-503568,Control,B03,110.69,-74.98,72.8,7.4,95.0,-40.29,0.991,51.9,94,0.5455,0,0
NEU-504735,Control,B02,89.98,-65.36,182.3,12.32,186.7,-43.19,1.681,39.8,82,0.4964,1,0
NEU-509611,TreatmentB,B02,91.78,-65.29,381.8,12.86,44.7,-40.49,1.15,74.3,69,0.2673,0,1
NEU-503587,TreatmentA,B03,109.36,-82.53,162.8,22.75,63.1,-45.33,0.593,54.6,84,0.283,0,0
NEU-504612,TreatmentA,B03,98.36,-64.36,191.8,10.24,93.9,-43.25,0.671,64.6,93,0.5681,0,1
NEU-500783,TreatmentA,B03,88.43,-66.79,230.0,13.71,72.8,-41.51,0.851,67.5,102,0.1966,0,1
NEU-509328,Control,B01,90.87,-77.1,68.6,16.0,74.7,-45.58,0.744,5.6,94,0.2,0,0
NEU-505946,TreatmentA,B01,103.45,-61.89,141.5,23.76,84.7,-47.71,1.075,56.0,72,0.3663,0,1
NEU-503877,TreatmentB,B01,106.03,-70.03,126.2,20.22,38.6,-44.6,1.022,68.5,97,0.6162,1,1
NEU-501574,TreatmentB,B01,101.41,-62.19,135.2,8.1,76.0,-42.48,1.45,84.4,90,0.247,1,1
NEU-504316,Control,B02,110.52,-62.53,135.1,8.24,98.9,-46.3,1.205,77.6,84,0.3524,0,1
NEU-505951,TreatmentB,B03,77.74,-63.34,202.0,12.79,114.4,-46.33,2.107,90.5,95,0.3271,1,1
NEU-501587,TreatmentB,B03,103.91,-62.22,620.5,18.23,11.0,-35.83,1.523,66.9,75,0.4198,1,1
NEU-503043,TreatmentA,B03,92.26,-65.78,109.4,6.84,30.2,-45.18,0.8,60.4,86,0.2978,0,1
NEU-507931,TreatmentA,B02,89.99,-80.83,512.0,13.25,93.7,-44.84,1.2,61.9,97,0.4125,0,0
NEU-509613,TreatmentA,B03,100.37,-59.72,116.0,14.22,106.2,-39.62,1.016,12.6,92,0.4038,1,0
NEU-506007,Control,B01,117.32,-68.93,138.7,14.13,43.6,-39.0,0.604,60.5,101,0.4421,0,0
NEU-501947,TreatmentA,B03,91.16,-65.31,354.5,15.96,64.3,-47.32,1.716,56.9,71,0.647,1,1
NEU-503213,Control,B01,107.56,-59.78,183.2,26.42,178.8,-44.55,1.418,17.4,98,0.4603,0,1
NEU-504343,TreatmentA,B03,103.82,-68.77,163.2,9.78,165.7,-38.45,0.843,65.8,86,0.6924,1,0
NEU-502734,TreatmentA,B02,93.83,-59.87,291.5,12.34,77.4,-38.75,1.207,63.7,77,0.6474,1,0
NEU-502460,TreatmentB,B03,87.86,-60.55,372.8,5.77,32.3,-43.2,0.767,68.9,76,0.2313,0,1
NEU-503864,TreatmentB,B01,127.45,-62.47,162.0,14.77,100.9,-48.45,1.494,51.6,66,0.4821,1,1
NEU-501293,Control,B03,111.73,-65.76,109.8,13.45,124.8,-43.25,0.91,62.4,74,0.311,1,1
NEU-502724,Control,B02,72.64,-66.16,283.1,13.62,113.5,-37.75,0.982,54.0,76,0.4476,0,1
NEU-508237,TreatmentA,B02,101.95,-59.11,219.5,32.41,172.8,-47.48,0.908,71.3,91,0.4285,1,0
NEU-509548,TreatmentB,B02,109.95,-71.93,184.1,20.6,2.2,-36.9,0.938,50.3,80,0.48,1,1
NEU-508356,TreatmentA,B02,97.54,-59.44,112.8,23.97,76.1,-38.7,0.961,59.6,86,0.5671,1,1
NEU-509344,TreatmentA,B03,85.52,-71.35,137.7,13.48,142.0,-45.55,1.017,42.5,86,0.3666,0,0
NEU-504861,TreatmentB,B01,119.26,-67.89,163.2,14.18,33.9,-43.21,0.875,63.6,97,0.4789,0,0
NEU-505577,TreatmentA,B03,103.45,-65.55,161.5,20.71,153.4,-44.04,0.672,48.1,77,0.6552,0,1
NEU-507856,TreatmentA,B01,86.93,-65.49,175.2,8.9,156.4,-36.55,0.708,79.6,87,0.7422,1,0
NEU-504432,TreatmentB,B02,96.24,-58.39,80.3,7.25,84.8,-45.97,0.963,28.0,101,0.4123,0,0
NEU-509939,TreatmentB,B02,114.61,-68.27,77.5,9.94,145.9,-43.12,0.976,47.9,90,0.2006,1,0
NEU-504625,TreatmentA,B02,85.27,-70.34,116.9,23.57,154.1,-37.67,1.053,66.7,90,0.4844,1,0
NEU-500465,TreatmentA,B03,118.85,-60.83,333.9,4.41,111.2,-40.26,0.948,44.9,95,0.5177,0,0
NEU-507393,Control,B03,98.89,-68.4,166.5,7.48,123.9,-48.37,1.573,46.9,106,0.7799,1,0
NEU-505197,TreatmentA,B03,106.62,-61.05,118.1,19.76,90.7,-46.18,0.758,42.4,84,0.29,0,1
NEU-509972,TreatmentA,B03,99.87,-65.47,182.5,17.2,82.8,-40.42,1.247,78.6,88,0.3044,1,1
NEU-502167,TreatmentA,B03,115.11,-66.16,132.4,14.6,95.9,-43.62,1.094,37.2,89,0.4374,0,1
NEU-501896,TreatmentA,B01,108.95,-67.48,202.0,15.66,122.7,-43.8,0.969,27.8,96,0.4757,0,1
NEU-502915,TreatmentB,B01,116.0,-66.24,89.1,22.12,14.6,-41.61,1.709,47.6,88,0.3016,1,0
NEU-506275,TreatmentA,B01,94.24,-62.08,96.1,12.74,76.1,-34.43,0.858,37.4,68,0.645,1,1
NEU-507333,Control,B01,83.36,-58.96,153.0,9.23,116.7,-49.37,0.783,21.4,88,0.1433,0,1
NEU-503686,Control,B03,121.19,-62.41,149.3,16.97,104.7,-38.93,0.799,64.7,88,0.3053,0,0
NEU-507289,TreatmentB,B01,92.06,-68.01,136.2,19.53,62.8,-37.88,1.159,70.8,102,0.506,0,1
NEU-501534,TreatmentB,B03,106.01,-67.76,171.4,22.13,77.1,-51.83,1.32,52.2,98,0.2998,1,1
NEU-503744,TreatmentA,B03,102.14,-55.09,168.7,6.37,155.0,-47.29,0.855,66.4,77,0.4525,1,0
NEU-506077,TreatmentB,B01,77.66,-71.63,368.7,25.98,81.0,-43.02,1.64,60.5,84,0.5816,1,0
NEU-506602,Control,B01,116.74,-56.37,107.7,11.99,131.5,-41.08,0.983,35.7,95,0.3061,0,0
NEU-505413,TreatmentA,B01,102.33,-69.63,101.7,9.86,70.9,-47.5,0.751,68.9,78,0.5323,1,0
NEU-504898,TreatmentA,B03,93.12,-69.0,242.3,16.69,106.8,-46.29,1.191,51.2,76,0.4513,1,1
NEU-507892,TreatmentB,B02,112.33,-66.78,133.6,16.47,47.2,-35.88,1.372,62.9,91,0.2503,0,1
NEU-505860,Control,B01,106.63,-59.3,220.4,10.25,147.6,-43.7,0.88,22.5,79,0.4139,0,0
NEU-509625,Control,B02,81.31,-60.14,228.2,9.28,96.1,-42.31,1.597,22.6,100,0.2282,1,1
NEU-505904,TreatmentA,B03,123.91,-68.81,122.1,16.99,81.8,-38.82,1.084,57.7,89,0.3519,1,1
NEU-509912,TreatmentA,B02,89.77,-61.88,230.0,11.53,166.8,-41.84,1.691,63.5,90,0.315,1,1
NEU-500826,Control,B03,81.39,-62.09,299.9,9.96,132.7,-45.17,0.927,38.2,98,0.3054,0,1
NEU-506252,TreatmentA,B03,104.11,-66.55,193.1,16.19,88.2,-43.72,0.869,26.5,78,0.2572,0,1
NEU-502932,Control,B01,104.73,-58.06,64.1,8.22,148.2,-42.52,0.879,66.8,76,0.5187,0,0
NEU-504598,Control,B02,107.28,-73.49,283.6,11.2,98.1,-42.14,1.258,26.0,77,0.5681,0,0
NEU-501024,TreatmentB,B01,98.94,-57.59,212.2,9.61,29.9,-49.53,0.852,55.3,92,0.343,1,0
NEU-501815,Control,B02,92.79,-65.36,247.7,24.58,91.3,-42.03,0.979,46.6,98,0.3219,0,1
NEU-500784,TreatmentA,B01,101.83,-63.34,265.2,7.76,77.2,-46.88,0.674,37.1,70,0.3157,0,1
NEU-507142,Control,B01,103.52,-69.7,401.8,6.99,85.7,-46.98,0.889,41.5,84,0.3236,0,1
NEU-504809,TreatmentB,B03,98.39,-64.84,194.9,8.38,94.9,-39.08,0.773,70.2,84,0.3122,1,1
NEU-502371,TreatmentA,B02,85.33,-60.84,93.9,17.9,102.8,-44.71,1.08,53.5,84,0.3561,0,0
NEU-506273,TreatmentA,B02,118.06,-62.87,136.6,26.6,80.3,-40.54,0.884,56.8,85,0.5501,1,1
NEU-505159,TreatmentB,B01,103.18,-64.15,323.4,12.46,65.1,-46.55,0.552,57.9,89,0.5064,0,1
NEU-509057,Control,B02,52.12,-57.09,208.7,16.38,135.3,-39.72,1.286,66.7,90,0.2886,1,0
NEU-504713,Control,B02,108.38,-69.03,153.7,13.24,142.2,-41.66,0.706,22.1,78,0.5505,0,1
NEU-502254,Control,B02,102.7,-61.74,85.7,18.49,116.9,-41.45,0.837,69.1,89,0.2856,1,1
NEU-501123,TreatmentA,B03,121.8,-72.83,140.8,11.93,120.1,-41.87,1.324,41.6,86,0.4239,1,0
NEU-509136,TreatmentB,B03,112.62,-63.07,275.5,22.57,137.8,-46.66,1.147,72.8,75,0.2698,1,0
NEU-508428,TreatmentA,B01,76.06,-56.26,116.3,17.67,143.2,-34.36,0.926,37.1,69,0.3539,1,0
NEU-503144,Control,B03,94.3,-70.29,191.7,8.06,153.9,-45.23,1.616,40.1,94,0.6145,1,0
NEU-500555,Control,B03,91.65,-64.4,216.7,9.96,79.3,-41.66,2.121,50.0,73,0.297,1,1
NEU-502365,TreatmentB,B03,70.24,-65.3,187.4,7.44,50.1,-44.93,1.347,64.6,91,0.4398,1,1
NEU-501774,TreatmentA,B03,92.9,-65.97,125.7,33.21,101.0,-49.64,1.417,27.5,78,0.2998,1,0
NEU-506618,TreatmentA,B02,87.6,-65.74,187.6,11.04,118.7,-51.43,1.423,58.2,76,0.3336,1,1
NEU-504866,Control,B02,91.15,-65.79,191.5,12.77,89.9,-40.07,1.468,48.2,99,0.5584,1,1
NEU-507670,TreatmentB,B02,98.25,-64.77,122.6,12.19,97.8,-41.78,0.7,62.2,78,0.4439,1,1
NEU-503654,TreatmentB,B03,114.72,-62.3,263.1,13.76,58.1,-39.68,1.216,62.3,89,0.3743,1,1
NEU-504642,TreatmentB,B02,91.01,-59.09,248.4,19.59,95.9,-31.62,1.19,52.8,74,0.4616,1,1
NEU-506851,TreatmentB,B01,124.9,-62.77,268.7,16.98,45.2,-39.48,0.941,40.9,91,0.289,0,0
NEU-508045,TreatmentB,B01,94.28,-67.35,269.5,14.9,22.5,-36.76,1.061,42.8,78,0.2635,0,0
NEU-508722,Control,B03,88.56,-68.79,268.4,13.62,134.9,-45.59,1.035,37.3,81,0.5564,0,1
NEU-502636,Control,B03,91.08,-66.79,218.0,11.12,155.1,-40.92,1.235,50.5,81,0.4391,0,0
NEU-501504,TreatmentB,B01,141.18,-73.78,150.4,9.26,110.3,-35.49,0.908,62.0,98,0.429,1,0
NEU-503500,TreatmentA,B02,85.84,-62.1,130.8,8.97,172.8,-41.5,1.162,47.0,92,0.4632,0,0
NEU-507252,Control,B02,111.51,-70.57,211.3,13.24,163.6,-42.2,0.825,51.0,85,0.4293,0,1
NEU-501955,TreatmentA,B02,110.66,-65.81,410.8,19.1,176.6,-45.43,1.045,47.4,86,0.7049,0,1
NEU-506116,Control,B01,100.17,-75.06,101.0,13.87,191.5,-41.94,1.372,50.9,79,0.385,0,0
NEU-502769,TreatmentB,B03,118.48,-70.32,260.8,7.75,63.6,-42.47,1.308,44.2,84,0.3649,1,1
NEU-504134,TreatmentA,B01,104.76,-60.19,113.1,10.39,37.3,-41.39,0.601,41.4,82,0.5954,0,0
NEU-503200,Control,B01,110.23,-67.38,281.8,19.32,160.6,-41.85,1.124,52.4,82,0.3905,1,0
NEU-508751,TreatmentA,B02,103.44,-53.44,265.4,10.46,92.4,-47.58,1.009,31.1,72,0.4531,0,0
NEU-500120,TreatmentB,B02,134.72,-66.68,136.5,19.1,68.7,-42.82,1.297,59.3,85,0.2721,1,0
NEU-505633,TreatmentB,B01,117.55,-56.32,170.8,11.59,142.4,-43.44,1.603,43.2,86,0.1439,1,0
NEU-508267,TreatmentA,B01,106.69,-55.63,255.4,24.15,96.0,-44.21,1.633,33.5,93,0.7528,1,1
NEU-503544,Control,B01,95.92,-73.26,235.8,6.99,118.8,-39.67,0.787,43.7,85,0.5946,1,0
NEU-509275,Control,B01,104.17,-72.63,106.9,9.4,117.1,-36.56,0.732,52.9,88,0.4181,1,0
NEU-508044,TreatmentA,B01,57.17,-66.41,113.0,10.87,148.0,-40.35,0.686,48.4,73,0.1527,1,1
NEU-505607,TreatmentB,B01,66.18,-60.41,94.8,14.14,114.5,-42.58,1.519,69.6,86,0.2737,1,1
NEU-502525,TreatmentA,B03,100.68,-82.94,246.8,11.97,86.6,-37.07,0.913,73.1,81,0.4248,1,0
NEU-508976,TreatmentB,B02,64.06,-80.6,122.4,11.16,31.9,-46.09,0.989,59.1,101,0.3076,1,0
NEU-501757,TreatmentA,B03,101.38,-60.34,89.2,23.91,181.2,-36.5,0.865,43.9,87,0.1917,0,0
NEU-508930,Control,B02,77.72,-56.18,354.4,21.96,13.2,-40.26,1.845,60.2,79,0.297,1,0
NEU-509115,Control,B03,74.21,-64.66,141.0,9.17,128.3,-45.16,0.583,42.3,107,0.6454,0,0
NEU-508914,Control,B02,95.43,-58.55,239.8,14.55,115.7,-46.94,1.269,37.1,76,0.1924,0,0
NEU-505918,TreatmentA,B02,116.17,-68.72,240.2,9.96,94.8,-45.03,0.844,38.7,85,0.4712,0,1
NEU-507269,Control,B03,101.15,-65.59,112.0,18.72,107.0,-39.57,1.891,39.4,81,0.4605,1,1
NEU-505118,TreatmentA,B02,109.42,-68.54,396.3,15.02,68.4,-40.29,1.042,65.0,80,0.7005,0,1
NEU-506148,Control,B03,88.62,-66.45,243.4,8.25,122.5,-41.61,1.047,31.3,99,0.1465,0,1
NEU-503066,TreatmentB,B03,103.62,-68.51,232.1,25.39,86.7,-41.52,0.752,53.0,86,0.1898,0,0
NEU-504890,TreatmentA,B03,100.86,-67.89,232.1,16.38,109.6,-36.21,0.837,27.4,90,0.2692,0,0
NEU-502434,Control,B02,99.28,-61.1,173.5,12.75,96.6,-33.62,1.663,31.7,85,0.4784,1,1
NEU-502438,TreatmentB,B01,91.2,-71.44,227.3,20.29,110.5,-40.88,1.319,74.0,87,0.2265,1,0
NEU-504913,TreatmentB,B01,133.17,-66.53,365.8,11.63,93.0,-50.15,1.125,82.1,92,0.6139,1,1
NEU-507753,TreatmentB,B01,85.04,-66.68,278.8,19.8,104.3,-51.62,0.864,74.7,72,0.3962,0,1
NEU-502080,TreatmentB,B03,112.24,-61.47,149.6,20.44,40.5,-41.37,0.984,44.2,95,0.3978,0,0
NEU-501777,Control,B02,85.18,-69.58,240.7,9.87,91.5,-39.19,0.634,35.8,85,0.5218,0,1
NEU-501787,TreatmentA,B03,105.08,-66.47,251.2,15.55,69.2,-44.03,1.059,40.8,93,0.1997,1,1
NEU-505479,TreatmentA,B03,105.33,-74.74,219.0,13.11,61.2,-46.38,1.057,38.4,74,0.3533,0,0
NEU-504019,Control,B02,113.69,-64.03,133.4,13.85,160.4,-43.78,1.524,48.8,69,0.4004,1,1
NEU-501066,TreatmentB,B02,78.59,-74.72,301.1,13.14,60.2,-37.47,1.239,45.4,91,0.1742,1,0
NEU-505635,Control,B03,96.14,-68.38,152.3,11.17,143.2,-36.61,1.466,21.1,91,0.5205,0,0
NEU-507685,TreatmentA,B02,104.16,-64.65,254.4,6.38,111.3,-38.8,0.938,54.2,80,0.2866,0,1
NEU-503507,TreatmentB,B03,117.88,-62.22,321.9,14.32,115.8,-43.95,0.8,58.0,85,0.3925,0,0
NEU-508182,TreatmentB,B01,73.93,-57.99,131.5,7.87,71.4,-49.69,1.016,73.3,103,0.3565,1,1
NEU-509913,TreatmentB,B02,90.48,-70.37,136.3,15.74,128.1,-38.8,1.504,77.2,72,0.1892,1,0
NEU-508343,TreatmentA,B01,100.87,-67.21,200.9,14.77,103.9,-47.23,0.832,47.4,87,0.2823,0,0
NEU-506320,TreatmentB,B03,110.7,-69.48,108.1,19.68,20.1,-41.69,1.017,49.5,80,0.6953,1,1
NEU-508741,TreatmentA,B02,137.43,-63.74,122.2,9.86,122.4,-43.25,1.015,44.8,78,0.3572,1,0
NEU-503624,TreatmentA,B02,108.23,-68.86,142.3,6.15,86.0,-38.33,0.903,61.6,90,0.2254,1,1
NEU-500960,Control,B03,136.44,-73.26,173.7,23.32,131.9,-47.24,1.176,11.9,82,0.4997,0,0
NEU-500095,TreatmentA,B01,76.18,-61.05,179.8,9.75,78.5,-43.72,1.085,31.5,75,0.1354,0,1
NEU-508958,TreatmentB,B03,91.35,-68.1,292.5,8.62,109.4,-36.51,1.724,89.1,102,0.5517,1,0
NEU-506993,TreatmentA,B01,89.27,-65.03,228.2,12.49,89.7,-34.37,1.32,28.1,71,0.4955,1,1
NEU-503268,TreatmentA,B03,126.95,-62.07,208.5,20.11,32.5,-37.43,0.885,49.9,95,0.3477,0,1
NEU-502862,TreatmentB,B01,89.84,-64.86,244.1,18.2,64.6,-43.23,1.017,67.5,86,0.4349,1,1
NEU-502866,TreatmentB,B01,112.78,-59.3,99.6,32.17,44.6,-34.52,0.966,67.2,83,0.3248,1,0
NEU-503826,TreatmentB,B02,106.27,-63.41,137.6,5.37,41.1,-39.84,1.282,68.4,99,0.3801,1,1
NEU-503388,TreatmentA,B01,142.77,-60.1,220.5,10.93,155.8,-44.02,0.941,50.9,75,0.4326,1,0
NEU-507760,TreatmentA,B03,78.48,-66.48,101.9,29.26,94.1,-49.14,1.179,66.9,69,0.5305,1,1
NEU-500920,TreatmentA,B02,94.07,-61.32,205.9,25.53,167.4,-44.95,1.074,53.9,82,0.5363,0,1
NEU-509461,Control,B03,88.94,-61.4,75.2,16.33,91.8,-35.21,2.079,35.2,83,0.4193,1,1
NEU-505478,TreatmentB,B03,95.72,-64.6,206.1,15.48,58.2,-42.76,0.711,72.2,80,0.3713,1,1
NEU-506345,TreatmentB,B02,79.74,-70.63,284.6,6.89,36.4,-45.87,1.138,67.4,85,0.7738,0,0
NEU-504908,TreatmentB,B02,95.3,-65.08,79.2,13.06,25.0,-39.0,0.833,61.0,75,0.5207,1,1
NEU-501677,TreatmentA,B03,125.98,-78.88,104.8,8.89,18.0,-44.46,1.801,38.2,88,0.7242,1,0
NEU-508753,Control,B02,88.33,-56.84,166.7,6.96,147.3,-33.25,0.857,31.4,78,0.357,0,0
NEU-505669,Control,B02,102.54,-73.02,103.8,11.4,112.7,-42.06,1.097,68.4,72,0.4868,1,0
NEU-509643,TreatmentB,B02,94.34,-61.13,168.0,8.76,98.0,-50.6,2.171,69.6,96,0.4715,1,0
NEU-506673,TreatmentB,B01,107.98,-76.03,156.0,4.67,116.9,-43.86,0.857,58.6,80,0.513,0,0
NEU-500659,Control,B03,103.14,-62.05,223.3,17.97,86.7,-44.18,1.266,40.6,80,0.6378,1,1
NEU-501039,TreatmentB,B03,120.81,-59.17,92.9,32.13,45.3,-39.01,0.979,61.7,99,0.3896,1,1
NEU-508359,TreatmentA,B03,95.3,-60.76,133.5,14.28,57.5,-43.51,1.106,42.7,71,0.5584,1,1
NEU-502126,TreatmentA,B03,85.04,-62.46,191.0,18.92,101.6,-51.98,1.219,60.6,93,0.5032,1,1
NEU-508756,Control,B01,104.87,-75.01,216.0,11.94,114.6,-39.47,1.022,30.4,87,0.4937,0,0
NEU-502108,TreatmentB,B01,87.6,-62.41,86.3,21.26,29.4,-36.64,1.143,55.7,79,0.5843,1,1
NEU-504593,TreatmentB,B03,76.28,-53.61,275.8,7.68,118.2,-52.65,1.42,53.7,71,0.6218,1,0
NEU-502097,Control,B02,105.77,-61.19,115.2,12.03,151.3,-44.73,0.909,40.3,86,0.6951,0,0
NEU-509152,TreatmentB,B03,96.04,-70.3,191.3,10.27,136.4,-42.69,1.308,63.9,83,0.481,1,0
NEU-509790,Control,B01,71.06,-68.97,144.0,12.76,161.5,-41.67,1.179,38.8,99,0.4171,0,0
NEU-500678,TreatmentA,B03,91.59,-62.37,215.0,7.37,146.7,-36.4,1.212,49.0,95,0.1815,1,1
NEU-501648,TreatmentB,B01,119.68,-67.07,177.6,15.58,68.5,-38.59,0.54,60.5,87,0.4154,0,1
NEU-502373,TreatmentA,B03,72.58,-67.15,214.0,10.01,99.6,-40.93,0.607,31.3,73,0.3999,0,1
NEU-503171,TreatmentA,B02,100.14,-73.92,134.6,6.55,169.0,-40.06,0.817,70.0,87,0.473,1,0
NEU-505140,TreatmentB,B03,98.02,-63.99,379.6,5.48,23.9,-38.27,0.963,60.9,87,0.3911,0,1
NEU-506785,TreatmentB,B03,124.59,-57.28,132.1,37.09,121.0,-42.56,1.295,68.8,92,0.1704,1,0
NEU-502657,TreatmentA,B03,94.08,-75.31,158.1,8.77,62.9,-38.07,1.339,87.3,77,0.1811,1,1
NEU-501622,TreatmentB,B02,121.33,-71.49,104.0,19.61,95.0,-39.91,1.057,35.9,73,0.4133,1,1
NEU-504624,TreatmentA,B01,116.04,-70.88,269.4,5.95,124.1,-28.22,0.799,70.5,71,0.484,1,0
NEU-500418,TreatmentB,B01,90.28,-62.8,383.2,8.69,75.4,-39.49,0.835,61.0,87,0.6817,0,0
NEU-508895,TreatmentA,B01,109.4,-67.0,253.8,7.16,129.4,-32.59,0.895,70.7,102,0.4165,0,1
NEU-502993,Control,B01,66.11,-57.63,327.6,13.21,129.1,-40.17,0.805,2.7,100,0.6657,0,0
NEU-503290,TreatmentB,B01,80.19,-66.45,127.9,10.36,62.8,-42.24,0.593,69.7,84,0.4564,0,1
NEU-504389,Control,B02,116.15,-68.65,269.9,9.09,166.1,-45.89,1.411,49.7,95,0.3958,1,0
NEU-507648,TreatmentB,B03,80.68,-68.52,300.4,25.06,153.4,-42.55,0.974,51.3,100,0.1962,1,0
NEU-505975,TreatmentA,B02,85.26,-61.85,102.7,9.84,125.0,-45.21,0.919,48.8,94,0.3481,0,1
NEU-501301,TreatmentB,B03,101.51,-72.75,180.8,15.29,76.3,-46.94,1.743,63.0,77,0.4974,0,0
NEU-506212,TreatmentA,B01,70.35,-59.21,353.1,31.67,75.6,-39.31,1.021,39.4,94,0.5131,0,1
NEU-502242,TreatmentB,B02,106.62,-55.98,156.1,19.51,55.0,-41.52,1.042,77.1,84,0.4822,1,0
NEU-501684,TreatmentB,B02,88.15,-55.5,126.9,17.38,65.0,-43.93,0.828,60.4,104,0.5682,0,0
NEU-505038,TreatmentA,B01,119.12,-58.36,305.8,20.84,96.2,-42.39,1.137,70.4,107,0.3269,1,0
NEU-501174,TreatmentA,B03,96.85,-63.93,453.8,10.18,48.2,-47.09,0.767,59.4,103,0.4865,0,1
NEU-501599,TreatmentA,B03,107.36,-80.03,213.2,8.98,163.6,-46.29,1.86,49.8,78,0.3458,0,0
NEU-509032,Control,B03,63.47,-55.23,229.0,16.88,135.8,-39.31,0.784,30.5,71,0.3493,0,0
NEU-503604,TreatmentB,B02,75.75,-69.95,165.2,27.51,53.2,-40.24,1.225,58.1,83,0.3872,1,1
NEU-501546,TreatmentB,B02,122.57,-74.81,132.0,14.17,103.5,-39.04,1.018,81.7,98,0.7171,1,0
NEU-509426,TreatmentB,B03,90.7,-60.3,394.6,11.0,167.9,-38.13,1.033,40.7,84,0.4382,0,1
NEU-500736,Control,B01,114.55,-67.31,197.4,15.54,155.5,-38.19,1.39,43.7,77,0.3462,1,1
NEU-506032,Control,B02,105.36,-67.76,214.0,13.53,79.2,-41.51,0.837,43.8,92,0.3684,0,1
NEU-504177,TreatmentA,B02,88.93,-66.19,183.6,11.8,127.4,-41.02,0.858,50.8,76,0.2044,0,0
NEU-508002,TreatmentB,B01,115.86,-77.2,306.5,10.75,117.5,-46.8,1.008,40.2,84,0.3815,0,0
NEU-506997,Control,B02,88.62,-58.99,153.4,10.19,139.8,-38.69,0.708,25.1,84,0.1602,0,1
NEU-508798,TreatmentB,B03,89.05,-64.99,102.4,10.88,80.5,-40.6,1.07,56.0,71,0.3861,1,1
NEU-506744,TreatmentA,B02,116.58,-62.83,87.6,9.49,96.6,-42.11,1.102,60.7,82,0.4699,1,0
NEU-505710,TreatmentA,B02,103.87,-67.86,174.1,14.82,116.3,-36.63,0.719,48.6,82,0.2978,0,0
NEU-502182,Control,B03,98.98,-64.39,233.9,26.39,128.2,-35.47,1.281,34.2,85,0.2511,0,0
NEU-500499,TreatmentB,B03,112.24,-62.11,351.1,24.33,76.6,-47.38,1.041,50.7,80,0.4984,0,1
NEU-505137,TreatmentA,B03,119.37,-66.46,122.8,11.82,108.7,-49.8,1.091,54.1,94,0.3821,1,1
NEU-508104,TreatmentA,B01,118.13,-60.81,116.9,17.81,79.4,-43.08,1.076,59.8,85,0.3742,1,0
NEU-501871,Control,B02,105.67,-71.67,150.3,38.49,116.1,-43.36,1.631,60.2,78,0.5872,1,1
NEU-507279,Control,B01,93.81,-65.28,249.3,11.99,148.9,-46.34,0.714,47.1,79,0.555,0,1
NEU-506246,TreatmentA,B02,99.28,-63.6,224.7,18.07,106.6,-41.99,0.873,17.9,90,0.3062,0,0
NEU-509719,TreatmentA,B03,115.21,-59.56,100.8,10.59,93.6,-39.42,0.833,54.4,72,0.4434,1,0
NEU-501654,Control,B01,102.2,-71.37,81.2,14.11,95.5,-45.72,1.133,58.0,96,0.2081,1,1
NEU-500181,TreatmentB,B03,87.02,-63.33,216.8,12.11,92.3,-35.53,0.815,54.9,92,0.3081,0,0
NEU-506658,Control,B01,110.18,-75.91,276.7,9.62,37.8,-41.22,0.716,55.5,83,0.4312,1,0
NEU-501248,TreatmentB,B01,96.32,-63.48,112.4,10.69,80.7,-39.05,1.704,69.3,85,0.1557,1,1
NEU-504659,Control,B01,110.81,-58.23,233.7,14.27,157.6,-42.72,0.98,45.3,84,0.3371,1,1
NEU-504011,Control,B01,101.06,-58.78,120.0,23.99,169.0,-34.26,1.705,31.8,82,0.7342,1,1
NEU-502559,TreatmentB,B02,96.65,-61.87,290.6,19.41,92.0,-46.14,1.095,76.9,96,0.5697,1,1
NEU-503473,TreatmentB,B02,96.97,-69.38,219.8,10.47,7.3,-46.44,0.898,75.4,90,0.5385,1,1
NEU-501189,Control,B01,121.12,-63.94,157.2,6.96,135.8,-42.3,1.111,30.0,85,0.3023,0,1
NEU-500026,Control,B01,84.99,-65.26,143.5,21.39,155.6,-36.64,1.295,38.9,95,0.7684,1,1
NEU-501387,TreatmentA,B02,123.15,-74.31,229.5,23.55,140.8,-42.87,1.066,33.9,106,0.5974,0,1
NEU-508012,TreatmentB,B03,111.43,-54.93,388.1,32.55,135.5,-42.5,1.954,77.4,92,0.5603,1,0
NEU-502298,TreatmentB,B02,105.61,-67.93,326.3,25.99,-10.0,-49.91,0.994,69.5,78,0.5373,0,1
NEU-509647,TreatmentA,B02,87.77,-73.52,216.5,14.04,117.4,-42.59,1.308,38.2,80,0.2298,1,0
NEU-507876,TreatmentB,B03,99.87,-55.61,243.3,12.21,71.5,-43.84,0.93,65.1,94,0.7966,1,0
NEU-500375,TreatmentB,B03,92.75,-66.61,230.4,8.61,15.2,-39.63,0.974,79.5,80,0.3891,1,1
NEU-507998,Control,B02,116.35,-76.47,316.1,9.74,109.5,-40.89,1.173,14.5,87,0.451,0,0
NEU-505681,Control,B01,113.73,-65.24,336.2,13.51,183.4,-34.85,1.322,46.8,98,0.4636,0,1
NEU-503541,Control,B02,97.25,-67.07,171.0,9.48,148.8,-41.56,0.885,35.0,86,0.3886,1,1
NEU-508290,Control,B02,84.93,-58.11,164.2,17.2,120.0,-48.8,1.262,39.1,70,0.3981,1,1
NEU-509941,TreatmentA,B03,85.1,-64.25,168.9,12.23,107.8,-41.35,1.331,43.7,90,0.5956,1,0
NEU-500076,TreatmentA,B02,99.72,-56.45,210.7,30.81,98.3,-42.95,1.027,58.6,72,0.5435,0,1
NEU-504887,Control,B02,105.83,-62.65,273.5,17.15,104.5,-47.1,1.833,36.8,93,0.4571,1,0
NEU-505196,TreatmentA,B01,111.01,-61.29,238.8,24.42,47.5,-43.06,1.373,42.0,102,0.6867,1,1
NEU-508489,Control,B01,112.73,-67.38,171.8,7.8,139.9,-37.15,1.239,54.1,87,0.497,0,0
NEU-506092,TreatmentB,B03,91.75,-52.51,264.9,11.23,51.1,-45.36,1.015,55.7,84,0.1485,0,1
NEU-504031,TreatmentB,B02,85.57,-58.82,224.0,13.53,44.3,-43.87,0.626,69.8,89,0.4223,1,0
NEU-507698,TreatmentA,B03,129.26,-60.39,336.9,17.3,87.7,-33.85,1.232,38.4,86,0.4513,0,0
NEU-506715,TreatmentB,B03,80.83,-65.88,140.5,19.82,21.8,-42.87,0.991,52.6,78,0.4809,0,1
NEU-501099,Control,B01,97.16,-68.95,149.9,17.73,68.8,-40.62,0.947,14.5,84,0.6112,0,1
NEU-507219,Control,B01,118.78,-58.74,128.2,13.29,128.0,-44.56,0.868,42.4,77,0.3615,1,0
NEU-504318,TreatmentA,B01,85.31,-71.57,212.3,21.69,53.8,-44.76,0.991,61.4,75,0.5794,0,1
NEU-500984,Control,B03,84.26,-58.36,101.3,14.12,114.4,-47.92,0.968,35.4,89,0.4687,0,0
NEU-504314,TreatmentA,B02,72.7,-69.26,175.1,28.62,160.3,-30.43,1.179,36.7,70,0.4913,1,1
NEU-501974,Control,B03,91.34,-61.18,234.3,17.32,133.5,-37.56,0.727,19.8,81,0.4807,0,1
NEU-506830,TreatmentA,B01,75.99,-65.26,190.9,5.67,203.3,-36.37,1.098,49.9,84,0.3024,0,1
NEU-505814,TreatmentA,B03,111.28,-56.73,81.6,11.52,157.9,-32.21,0.998,52.7,84,0.5314,0,0
NEU-506984,Control,B02,85.76,-67.7,177.6,8.07,133.9,-45.44,1.093,45.3,95,0.7015,0,0
NEU-507033,TreatmentA,B03,125.85,-58.13,107.1,10.17,71.4,-36.04,0.887,41.6,88,0.2874,1,1
NEU-508922,TreatmentA,B03,108.6,-60.77,185.9,19.21,110.0,-45.13,2.094,54.3,81,0.3231,1,0
NEU-509610,Control,B03,80.98,-59.4,229.0,16.96,83.3,-41.36,1.384,57.7,81,0.3116,1,0
NEU-500279,TreatmentB,B02,96.6,-59.78,167.5,9.47,13.2,-40.81,1.408,89.1,77,0.7147,1,0
NEU-504304,TreatmentB,B01,89.57,-67.52,112.5,24.65,61.4,-45.16,0.843,75.8,87,0.3656,1,1
NEU-502640,TreatmentB,B03,102.42,-66.8,155.9,17.5,85.8,-42.42,1.01,57.2,82,0.5489,0,1
NEU-502011,TreatmentA,B03,104.29,-69.58,247.7,16.35,101.1,-37.31,1.178,37.4,72,0.2867,0,0
NEU-502776,Control,B02,85.98,-64.38,115.8,11.91,161.8,-45.65,0.669,21.5,94,0.6979,0,0
NEU-507869,TreatmentA,B02,105.48,-64.98,62.9,9.53,36.9,-39.43,1.665,48.2,96,0.3791,1,1
NEU-505726,Control,B02,116.2,-62.62,145.9,8.84,99.1,-35.68,1.063,55.5,79,0.1007,0,1
NEU-504375,TreatmentB,B03,85.23,-73.91,119.0,9.85,94.2,-40.02,1.371,70.7,94,0.4106,1,0
NEU-503304,TreatmentA,B02,120.66,-70.4,175.6,13.11,143.7,-41.36,1.493,51.6,96,0.4188,1,0
NEU-500505,Control,B01,64.08,-58.37,250.2,23.2,189.1,-45.46,0.983,39.8,83,0.8008,0,1
NEU-508801,TreatmentB,B02,103.44,-57.96,165.6,13.43,122.9,-43.2,1.119,63.9,79,0.4501,0,0
NEU-503691,Control,B01,119.83,-68.11,210.4,17.24,154.3,-41.39,0.724,-0.7,76,0.4641,0,0
NEU-505436,Control,B01,100.4,-64.74,105.4,12.04,146.5,-45.6,1.584,63.0,100,0.4935,1,1
NEU-500227,TreatmentA,B01,114.33,-78.97,152.5,11.21,80.2,-39.11,1.045,36.4,75,0.4308,1,0
NEU-509591,TreatmentA,B01,103.22,-72.14,428.7,16.38,63.3,-45.17,0.82,47.7,88,0.6058,0,0
NEU-502022,Control,B02,107.77,-63.15,424.2,21.61,82.7,-39.77,1.011,41.2,86,0.4784,0,1
NEU-500080,Control,B02,99.14,-57.5,258.4,11.85,176.7,-43.91,0.735,48.7,100,0.4004,0,0
NEU-506431,TreatmentA,B02,85.39,-71.28,190.7,24.33,5.9,-40.04,1.114,53.5,87,0.2403,0,0
NEU-507639,Control,B02,102.45,-61.82,232.4,16.38,130.6,-40.38,1.123,41.8,88,0.1596,0,0
NEU-504478,TreatmentB,B01,98.36,-54.95,247.4,10.13,55.5,-45.2,1.006,85.5,86,0.2308,1,0
NEU-502036,TreatmentB,B03,118.89,-62.93,230.1,19.06,104.6,-43.16,1.083,47.9,84,0.6401,0,1
NEU-500118,TreatmentA,B01,135.48,-61.72,270.1,13.54,113.7,-41.63,0.707,47.2,95,0.3356,0,1
NEU-506462,Control,B02,93.84,-60.68,67.2,11.68,142.2,-47.22,1.135,33.1,90,0.3676,1,1
NEU-507904,TreatmentB,B03,90.58,-69.24,78.0,11.95,73.0,-43.42,0.808,42.7,101,0.1928,0,1
NEU-506759,TreatmentB,B01,97.76,-67.53,110.0,11.72,39.1,-48.76,0.914,71.1,85,0.5453,1,0
NEU-503145,Control,B03,97.42,-64.56,197.6,10.01,125.0,-31.52,0.812,39.0,81,0.2598,0,1
NEU-501472,Control,B02,79.83,-57.63,162.2,8.61,138.8,-48.36,0.762,23.5,96,0.288,0,1
NEU-500861,TreatmentB,B01,116.6,-68.3,261.7,11.42,105.3,-41.17,1.591,81.5,94,0.2708,1,1
NEU-505063,TreatmentB,B01,106.28,-61.37,140.7,14.3,115.4,-42.4,1.499,54.9,93,0.4677,0,0
NEU-500598,Control,B01,98.32,-58.02,421.4,19.56,96.5,-36.97,1.142,31.9,68,0.4362,0,0
NEU-505217,Control,B01,102.07,-62.95,225.9,12.31,170.9,-38.35,1.144,33.4,87,0.3496,1,1
NEU-509766,TreatmentA,B03,93.32,-75.23,110.1,8.74,87.8,-40.09,1.236,54.8,80,0.3769,1,0
NEU-500910,TreatmentB,B02,93.83,-71.48,142.3,11.55,91.3,-41.67,1.837,92.5,89,0.2,1,1
NEU-503764,TreatmentA,B01,115.33,-76.29,123.9,7.53,67.4,-39.27,1.559,47.6,92,0.6327,1,0
NEU-505339,TreatmentB,B01,70.03,-64.7,436.0,20.66,82.7,-46.64,1.586,57.7,95,0.6772,0,1
NEU-508696,TreatmentB,B01,89.85,-67.11,269.0,11.92,95.3,-46.09,0.777,82.4,83,0.4161,0,1
NEU-502744,Control,B01,76.76,-68.26,245.8,23.39,149.8,-38.13,1.972,37.2,73,0.487,0,1
NEU-503160,Control,B02,119.26,-71.52,206.6,7.44,95.0,-45.65,1.646,-1.1,82,0.5701,0,0
NEU-505990,TreatmentA,B02,111.27,-64.28,282.1,9.36,125.3,-47.38,0.847,37.1,71,0.5589,0,0
NEU-500401,Control,B01,87.32,-71.28,187.7,15.82,179.5,-37.63,1.191,43.2,91,0.5338,0,0
NEU-506141,Control,B02,106.83,-68.83,84.7,33.68,126.6,-39.08,1.17,42.9,77,0.3269,1,1
NEU-503407,Control,B03,100.07,-65.57,152.2,7.1,139.9,-44.08,0.794,36.2,90,0.1787,0,1
NEU-509051,TreatmentB,B03,88.99,-60.34,304.2,8.64,100.3,-42.57,1.065,54.0,88,0.1678,0,1
NEU-504740,Control,B01,113.29,-68.27,165.9,8.46,79.2,-42.56,0.681,38.9,69,0.2761,1,1
NEU-501531,TreatmentB,B03,79.72,-70.24,112.4,16.7,103.8,-40.02,0.963,70.5,61,0.5867,1,1
NEU-507983,TreatmentA,B01,76.53,-77.97,248.2,17.84,180.6,-38.62,0.996,55.5,83,0.205,0,0
NEU-505541,TreatmentA,B03,96.41,-58.05,106.8,17.07,46.5,-43.96,1.388,66.6,77,0.2943,1,0
NEU-501207,TreatmentA,B01,110.95,-62.03,292.0,13.79,60.9,-39.34,1.285,41.1,100,0.2783,0,0
NEU-500086,TreatmentA,B02,91.66,-60.98,156.4,10.53,86.1,-46.8,0.895,43.1,85,0.2982,0,0
NEU-500707,TreatmentB,B01,87.82,-63.77,150.4,16.54,89.6,-45.11,1.795,49.3,80,0.3009,1,1
NEU-508834,Control,B01,115.46,-64.19,246.0,11.63,121.6,-48.38,0.704,51.1,92,0.4434,0,0
NEU-506927,Control,B01,108.22,-75.48,136.5,20.76,225.1,-40.44,0.733,32.2,79,0.4606,0,0
NEU-508333,TreatmentA,B03,99.62,-60.89,136.4,7.68,126.5,-41.35,0.908,21.4,79,0.2892,0,1
NEU-503696,TreatmentB,B02,115.1,-66.35,149.3,13.35,40.1,-34.1,1.118,59.7,74,0.2316,1,1
NEU-501133,Control,B02,115.33,-61.45,220.6,18.54,184.4,-39.63,1.034,43.0,85,0.3532,0,1
NEU-501913,TreatmentB,B01,123.8,-74.44,183.3,18.52,130.1,-40.6,2.276,77.9,72,0.5231,1,1
NEU-509287,TreatmentA,B01,79.3,-66.24,196.5,28.49,53.5,-45.47,0.583,48.6,87,0.4255,0,1
NEU-509097,TreatmentA,B03,97.1,-61.87,276.3,18.92,62.1,-36.2,0.89,46.6,68,0.4418,0,1
NEU-505223,TreatmentB,B01,97.45,-64.3,234.9,13.83,104.2,-36.04,1.222,59.7,101,0.4727,1,1
NEU-502340,TreatmentB,B02,91.86,-63.28,393.8,3.82,91.4,-39.94,1.079,60.6,80,0.3848,1,1
NEU-506063,TreatmentA,B01,85.31,-64.15,127.7,10.43,85.0,-43.02,1.905,87.5,94,0.5372,1,1
NEU-505056,Control,B03,113.14,-59.8,157.7,11.68,112.8,-44.22,1.171,51.7,98,0.1685,1,0
NEU-500621,TreatmentB,B03,101.23,-71.87,163.0,22.56,62.5,-35.52,1.143,87.5,107,0.4057,1,0
NEU-509871,TreatmentB,B02,114.57,-61.26,170.2,6.85,84.6,-42.84,1.025,55.0,88,0.251,0,1
NEU-509724,TreatmentB,B01,90.02,-69.85,178.5,9.07,125.4,-44.97,1.021,42.7,83,0.2203,0,0
NEU-506262,Control,B01,104.55,-75.98,195.0,10.38,162.8,-39.11,1.021,63.1,93,0.4824,0,0
NEU-503680,TreatmentA,B01,125.84,-57.97,379.7,9.17,103.9,-43.76,1.155,48.1,70,0.5836,0,0
NEU-502446,TreatmentB,B02,115.28,-70.72,363.1,11.71,111.5,-34.84,0.929,55.3,101,0.4593,0,1
NEU-503904,Control,B01,93.33,-63.81,184.8,16.07,119.7,-39.83,1.997,46.7,92,0.7494,1,1
NEU-508426,TreatmentB,B02,93.25,-68.36,81.1,16.93,26.7,-38.42,0.91,55.5,81,0.1659,1,0
NEU-502139,Control,B02,106.07,-59.01,169.8,10.97,113.5,-32.18,0.764,39.8,89,0.2735,0,0
NEU-508117,TreatmentA,B03,101.82,-61.45,195.4,12.72,56.8,-42.0,1.229,64.0,69,0.2536,0,1
NEU-508466,TreatmentA,B03,84.77,-55.16,166.7,9.8,91.5,-47.29,1.169,87.3,90,0.2151,1,0
NEU-501430,TreatmentA,B02,84.35,-64.89,177.6,13.18,152.5,-41.61,0.743,50.8,77,0.2791,0,1
NEU-504865,TreatmentB,B02,102.21,-50.82,114.3,10.73,95.1,-42.55,1.744,68.3,100,0.3595,1,0
NEU-509308,TreatmentA,B01,121.55,-64.67,220.4,16.16,77.9,-51.31,1.156,75.7,94,0.3321,1,1
NEU-501802,TreatmentA,B02,96.02,-68.99,254.8,12.82,104.3,-40.4,0.759,57.6,80,0.6134,0,0
NEU-503044,Control,B01,92.73,-63.44,428.3,2.92,116.9,-40.35,1.139,40.2,86,0.419,0,1
NEU-504647,TreatmentB,B01,86.93,-65.03,262.7,8.6,138.4,-44.18,1.281,51.3,83,0.3597,0,1
NEU-502975,Control,B03,97.86,-65.65,182.0,35.77,94.8,-41.09,0.927,70.4,67,0.4506,1,1
NEU-501793,TreatmentA,B01,102.8,-65.13,75.5,19.1,105.3,-38.5,0.86,56.1,89,0.4825,0,1
NEU-504894,TreatmentB,B01,88.85,-62.96,128.2,12.8,36.8,-46.16,1.026,74.8,97,0.3521,1,1
NEU-508658,Control,B02,109.18,-65.08,222.6,7.63,-3.1,-39.17,1.041,63.6,86,0.4422,1,1
NEU-501486,Control,B01,100.5,-64.15,255.5,15.26,128.0,-39.93,1.222,32.5,106,0.4905,0,1
NEU-502778,TreatmentA,B02,73.65,-61.51,59.6,9.24,124.6,-45.32,0.994,47.6,96,0.4253,1,1
NEU-504086,TreatmentB,B03,96.42,-64.29,151.9,13.35,57.8,-50.46,0.941,82.6,82,0.4893,0,1
NEU-501822,Control,B01,91.8,-71.91,234.5,12.16,141.8,-46.58,0.804,33.8,78,0.3164,0,0
NEU-500559,TreatmentB,B03,88.51,-63.97,105.4,17.97,85.0,-30.79,1.02,69.7,95,0.3292,0,1
NEU-509007,TreatmentB,B01,109.9,-63.71,161.5,13.99,52.1,-44.42,0.794,69.8,85,0.3099,1,1
NEU-500901,Control,B02,84.12,-65.27,106.0,13.06,99.4,-52.3,1.246,41.0,91,0.4623,1,1
NEU-508336,TreatmentB,B02,98.54,-65.91,194.0,15.38,92.0,-41.98,1.014,55.8,96,0.2859,1,1
NEU-506726,TreatmentA,B01,122.69,-64.56,181.2,13.25,98.6,-33.63,0.586,30.6,87,0.5128,0,1
NEU-507551,Control,B02,104.23,-57.39,171.1,8.73,150.9,-42.52,1.25,20.0,76,0.251,1,1
NEU-506707,TreatmentB,B02,80.82,-72.54,184.2,8.6,30.8,-39.57,1.337,69.2,94,0.538,1,0
NEU-507715,Control,B01,91.41,-62.81,294.7,12.26,105.3,-41.64,0.896,33.7,74,0.355,0,1
NEU-508325,Control,B03,106.21,-56.75,330.4,14.99,89.1,-39.31,1.158,65.8,86,0.5918,0,0
NEU-506376,TreatmentB,B02,116.97,-63.87,465.8,24.18,40.9,-39.97,0.825,47.8,91,0.4165,0,1
NEU-508122,TreatmentB,B02,90.96,-66.36,320.8,9.27,72.5,-43.87,1.081,49.9,93,0.3081,1,0
NEU-509823,TreatmentB,B01,92.45,-63.53,155.9,8.06,65.1,-46.79,0.622,79.6,94,0.3645,1,1
NEU-501305,Control,B01,100.67,-66.11,268.8,12.51,107.1,-49.53,1.216,32.6,95,0.3285,0,1
NEU-501906,Control,B02,102.27,-72.78,420.6,9.46,143.5,-39.54,1.192,48.6,87,0.3416,0,0
NEU-501771,Control,B03,92.39,-64.7,107.6,18.03,117.2,-38.79,0.857,38.3,82,0.551,0,1
NEU-503692,Control,B03,87.43,-60.66,199.6,16.51,137.8,-49.06,1.255,36.1,108,0.4551,1,1
NEU-500937,TreatmentB,B02,93.75,-68.11,230.7,10.69,60.8,-45.36,1.154,65.9,90,0.3874,0,1
NEU-501707,TreatmentB,B03,120.54,-65.57,267.4,19.54,160.5,-46.98,1.719,67.7,100,0.4268,1,1
NEU-502269,TreatmentB,B03,83.89,-58.87,129.6,9.27,79.8,-38.1,1.405,73.2,75,0.2291,1,0
NEU-500135,TreatmentB,B03,97.17,-73.86,143.9,9.37,51.6,-45.69,0.993,54.7,78,0.5766,1,0
NEU-509691,TreatmentB,B03,80.05,-57.54,309.2,25.06,32.6,-45.81,0.612,53.7,82,0.4256,0,0
NEU-507748,TreatmentB,B02,121.64,-71.15,168.3,10.88,78.2,-48.3,1.032,77.8,79,0.4927,1,0
NEU-507781,TreatmentB,B03,62.89,-62.2,117.8,17.12,189.8,-38.42,0.619,61.5,82,0.4785,0,1
NEU-500278,TreatmentB,B03,138.42,-63.06,244.5,10.15,90.5,-41.75,1.063,58.5,84,0.2605,0,1
NEU-506316,TreatmentB,B03,98.05,-70.75,298.0,15.32,102.3,-43.92,0.894,62.0,86,0.2637,0,0
NEU-503780,Control,B01,117.65,-66.31,234.9,19.45,212.8,-38.29,0.58,36.7,84,0.5214,0,1
NEU-504065,TreatmentA,B03,111.15,-66.58,168.4,10.65,189.5,-52.64,0.549,50.5,91,0.3752,0,1
NEU-506073,Control,B01,67.62,-67.2,158.3,10.35,127.3,-42.07,0.979,45.3,76,0.568,0,0
NEU-504247,Control,B03,81.92,-65.23,161.8,13.22,53.2,-42.64,0.814,58.1,78,0.4166,1,1
NEU-508639,TreatmentA,B02,112.78,-63.51,136.0,7.78,31.2,-30.45,0.859,55.9,93,0.7153,1,0
NEU-502477,TreatmentA,B02,93.91,-66.93,156.4,12.36,116.3,-39.7,1.853,76.5,98,0.2512,1,1
NEU-505942,Control,B03,66.03,-66.04,140.8,12.87,100.1,-37.16,1.52,51.6,77,0.2722,1,1
NEU-506261,TreatmentA,B03,98.49,-65.19,247.8,6.33,55.2,-46.97,1.009,65.5,91,0.2301,1,1
NEU-507764,TreatmentA,B03,113.33,-65.36,155.2,12.64,160.4,-40.85,0.659,28.8,91,0.2522,1,1
NEU-503999,TreatmentA,B01,86.31,-70.37,170.2,7.53,114.2,-36.68,1.063,46.0,89,0.4458,0,0
NEU-502632,TreatmentA,B02,83.6,-63.39,241.5,17.2,114.2,-38.62,1.253,57.8,89,0.5338,0,1
NEU-509878,TreatmentB,B02,65.91,-62.22,250.2,15.07,119.8,-33.52,1.137,39.9,82,0.2887,1,0
NEU-501102,Control,B01,95.25,-60.26,156.5,11.82,139.1,-40.56,0.979,56.1,74,0.4496,1,0
NEU-509392,TreatmentB,B01,107.37,-64.18,83.6,12.55,59.3,-37.4,0.652,71.9,98,0.2509,1,1
NEU-509846,Control,B01,117.66,-68.85,73.0,24.06,114.1,-48.98,1.21,58.6,84,0.2632,1,0
NEU-505875,TreatmentA,B01,110.58,-65.4,270.5,13.76,90.2,-47.92,0.754,37.6,83,0.2641,1,1
NEU-505384,Control,B02,78.02,-69.3,122.5,11.33,113.2,-52.13,1.159,67.1,80,0.4061,1,0
NEU-504834,Control,B02,93.83,-70.59,144.5,10.68,135.2,-41.85,0.869,38.5,72,0.5468,0,0
NEU-508268,Control,B03,90.78,-57.83,202.7,18.45,61.4,-33.09,0.969,28.4,80,0.7992,0,1
NEU-508295,TreatmentB,B01,99.01,-69.73,158.5,18.49,64.8,-34.21,1.53,35.2,72,0.2456,1,0
NEU-503973,TreatmentB,B03,76.63,-69.16,179.6,19.21,140.6,-39.58,0.988,66.0,87,0.5608,1,1
NEU-503280,Control,B03,99.18,-59.11,155.7,17.32,126.4,-38.49,1.557,50.0,80,0.2197,1,0
NEU-500591,TreatmentB,B01,89.66,-70.39,139.0,15.05,141.6,-50.58,1.067,57.1,84,0.5019,0,1
NEU-502095,Control,B03,109.76,-63.21,152.1,14.14,145.4,-34.29,1.363,55.8,95,0.4046,1,1
NEU-501724,TreatmentA,B01,104.49,-60.75,168.5,14.7,107.6,-41.55,1.011,56.6,94,0.5465,1,0
NEU-502709,TreatmentB,B03,147.12,-71.9,370.6,17.22,56.0,-44.66,0.702,55.0,80,0.2066,0,0
NEU-508071,TreatmentA,B02,77.7,-67.75,213.6,11.85,60.7,-37.25,1.012,35.4,81,0.4054,0,1
NEU-504409,Control,B01,84.03,-59.72,164.6,13.07,127.5,-42.44,1.251,19.3,101,0.5001,1,0
NEU-501811,TreatmentA,B03,124.86,-60.7,156.3,16.89,104.4,-44.51,0.889,67.4,90,0.4707,1,1
NEU-504004,TreatmentA,B03,108.61,-59.94,170.2,15.17,125.4,-37.99,0.91,42.1,80,0.185,0,0
NEU-501195,TreatmentA,B01,137.8,-71.18,106.5,11.87,138.5,-43.44,0.668,30.0,100,0.3094,0,0
NEU-509900,Control,B03,128.16,-64.96,305.4,16.2,165.3,-46.64,1.37,37.6,84,0.2373,0,0
NEU-504945,TreatmentB,B01,85.02,-61.02,104.0,19.76,131.2,-42.99,1.123,60.1,82,0.4919,1,1
NEU-503651,TreatmentB,B01,80.71,-67.92,296.0,14.11,77.4,-38.86,0.517,43.8,87,0.4962,0,0
NEU-503873,TreatmentA,B03,123.09,-69.26,262.8,21.93,143.0,-37.34,0.711,42.5,93,0.366,0,1
NEU-503119,Control,B01,90.21,-62.76,71.1,34.95,88.8,-44.46,1.62,39.6,88,0.6596,1,1
NEU-503517,TreatmentA,B03,93.57,-61.23,239.5,10.66,99.9,-44.14,0.94,67.4,98,0.4847,1,0
NEU-501602,TreatmentA,B02,98.76,-65.4,186.9,30.31,101.9,-41.13,1.094,34.2,93,0.3806,0,1
NEU-501315,TreatmentB,B02,102.96,-55.17,269.3,16.59,51.9,-45.33,1.199,44.8,83,0.1824,0,0
NEU-506577,Control,B03,107.25,-66.94,225.1,13.0,105.0,-35.94,1.351,38.0,87,0.4526,0,1
NEU-504588,TreatmentA,B02,109.67,-70.45,219.0,10.35,138.0,-41.87,0.917,62.3,104,0.5937,0,0
NEU-503154,TreatmentB,B01,101.52,-68.83,186.2,17.33,86.1,-44.39,0.779,67.6,84,0.5668,1,1
NEU-505129,Control,B01,110.29,-59.29,104.4,16.44,189.4,-42.47,1.018,27.9,68,0.3248,0,0
NEU-504226,TreatmentB,B03,107.97,-70.44,168.3,11.98,50.0,-45.21,1.238,55.7,83,0.5539,1,1
NEU-506433,Control,B02,84.48,-50.21,122.7,10.59,129.5,-44.61,1.035,59.8,97,0.4956,1,0
NEU-500532,Control,B01,107.13,-57.5,247.0,11.98,129.8,-40.86,1.015,30.1,91,0.4233,0,1
NEU-500975,TreatmentA,B03,109.7,-62.43,204.3,10.7,65.8,-38.47,0.778,47.9,89,0.531,0,0
NEU-505827,TreatmentA,B02,74.75,-62.48,305.5,21.48,89.4,-37.97,1.39,56.4,90,0.7333,0,1
NEU-507317,TreatmentA,B01,93.48,-60.02,282.2,41.05,96.9,-37.59,1.477,39.9,77,0.501,1,1
NEU-509474,TreatmentB,B03,96.15,-65.53,158.0,22.68,99.4,-36.63,0.715,35.2,72,0.6236,0,1
NEU-506159,TreatmentB,B03,122.69,-68.47,111.5,20.4,110.0,-45.79,1.09,41.7,102,0.4889,1,1
NEU-501841,Control,B03,91.7,-62.55,316.8,17.1,143.6,-33.84,0.898,43.8,82,0.2653,0,0
NEU-506831,TreatmentA,B01,108.05,-71.37,84.8,7.83,123.4,-37.76,2.509,31.8,96,0.4461,1,0
NEU-504896,TreatmentB,B01,93.4,-66.29,121.2,10.53,95.9,-37.38,1.183,58.3,93,0.5684,0,1
NEU-500965,TreatmentA,B02,84.04,-60.13,114.0,20.95,124.3,-48.84,1.031,69.8,78,0.5364,0,1
NEU-502547,TreatmentA,B02,93.31,-72.46,210.1,11.23,90.6,-38.24,0.896,59.1,91,0.3775,0,0
NEU-502847,Control,B02,91.7,-69.59,106.0,19.39,77.3,-44.7,1.057,41.9,84,0.5506,1,1
NEU-503761,Control,B03,94.78,-83.37,128.6,17.36,77.9,-42.32,1.589,53.4,87,0.2759,1,0
NEU-506671,TreatmentA,B02,84.51,-65.36,353.9,8.95,59.9,-41.5,1.12,63.4,77,0.1792,1,1
NEU-505531,TreatmentB,B02,91.65,-67.03,309.8,12.75,95.3,-46.53,1.158,65.5,99,0.4768,1,1
NEU-504222,TreatmentB,B03,73.66,-59.53,218.0,6.31,-12.1,-42.67,1.328,62.6,107,0.3666,1,1
NEU-504468,TreatmentA,B01,87.09,-63.57,275.8,12.58,116.1,-49.58,0.891,46.3,79,0.3523,0,1
NEU-508449,Control,B03,118.21,-71.17,318.9,5.85,71.4,-41.33,1.317,34.4,75,0.1715,1,1
NEU-508151,TreatmentB,B01,103.72,-59.13,174.9,13.15,71.1,-40.25,1.122,62.2,71,0.191,1,0
NEU-503675,Control,B03,113.49,-75.69,220.5,8.61,118.2,-39.0,1.028,50.1,104,0.3017,0,0
NEU-502517,Control,B03,87.07,-64.18,309.5,18.43,75.4,-43.05,1.92,40.4,97,0.2215,0,0
NEU-506651,TreatmentA,B03,108.85,-61.1,177.6,15.7,168.1,-41.92,0.975,48.2,92,0.4256,0,0
NEU-501792,TreatmentB,B03,104.06,-60.69,157.0,17.88,109.3,-45.61,0.775,68.1,78,0.4305,0,0
NEU-505225,TreatmentB,B02,68.55,-62.84,185.6,13.26,99.3,-40.42,0.82,81.2,79,0.2866,1,1
NEU-509873,Control,B03,109.31,-66.44,171.5,21.49,55.4,-45.71,1.746,32.6,88,0.4579,0,0
NEU-507214,Control,B01,110.8,-69.15,217.4,12.13,150.5,-41.82,1.887,52.8,77,0.6486,0,0
NEU-507738,TreatmentB,B01,110.05,-62.23,265.8,11.91,62.0,-42.91,0.896,62.8,81,0.3419,0,0
NEU-509300,TreatmentB,B02,99.94,-59.67,331.7,11.04,99.9,-42.72,0.815,63.8,96,0.1862,0,0
NEU-504554,Control,B02,129.42,-68.97,144.7,5.78,118.3,-37.25,0.892,71.8,90,0.6009,1,0
NEU-507949,Control,B01,129.77,-63.62,114.3,23.16,118.8,-42.11,0.985,51.5,96,0.505,1,1
NEU-500145,Control,B02,113.47,-67.52,282.2,10.66,152.4,-41.36,1.302,43.0,84,0.5793,1,0
NEU-501572,Control,B03,96.37,-61.57,222.8,15.98,177.8,-35.49,1.716,49.0,78,0.318,1,1
NEU-504101,TreatmentA,B03,115.65,-68.11,249.0,17.25,100.2,-42.33,0.675,52.2,79,0.2708,0,0
NEU-507245,TreatmentA,B01,68.64,-57.03,131.6,13.96,51.7,-39.08,1.499,45.5,88,0.2942,0,0
NEU-500264,TreatmentA,B03,92.37,-51.81,276.4,21.02,133.5,-46.05,1.513,42.7,101,0.3385,1,0
NEU-500419,Control,B02,100.96,-58.36,262.1,16.7,109.2,-46.54,1.746,49.6,74,0.4409,1,0
NEU-508212,TreatmentA,B03,93.53,-65.21,145.3,10.83,126.6,-38.0,1.283,53.5,83,0.4055,1,1
NEU-500481,Control,B01,87.86,-62.35,137.7,17.43,163.0,-43.79,1.173,12.2,83,0.3092,0,0
NEU-506979,Control,B02,125.53,-61.16,389.3,24.78,132.8,-40.51,0.676,58.5,91,0.2207,1,0
NEU-506439,TreatmentA,B01,92.59,-59.88,159.9,32.62,77.9,-42.06,1.284,53.9,79,0.2392,1,0
NEU-502050,TreatmentB,B02,86.51,-63.06,259.3,9.56,11.3,-45.91,1.179,53.6,76,0.6171,1,1
NEU-507253,Control,B02,97.98,-65.35,208.4,12.92,145.9,-40.33,0.931,45.9,68,0.3475,0,1
NEU-506633,TreatmentB,B03,101.42,-65.42,53.0,8.49,128.4,-45.24,0.792,53.2,83,0.3657,1,1
NEU-505643,Control,B01,89.09,-69.15,120.1,16.99,131.0,-48.21,0.666,54.2,100,0.2537,0,0
NEU-500531,TreatmentB,B03,109.42,-58.18,210.3,9.38,45.2,-37.28,1.603,73.6,80,0.3525,1,0
NEU-506091,TreatmentA,B01,98.97,-68.06,258.4,8.81,77.4,-40.55,1.313,51.1,80,0.4981,1,0
NEU-507771,TreatmentA,B01,125.96,-58.64,287.7,21.39,63.0,-43.23,1.72,48.5,78,0.5848,1,1
NEU-508526,TreatmentB,B01,112.91,-66.25,150.7,16.84,132.6,-44.77,1.047,61.9,90,0.6858,0,1
NEU-508804,Control,B02,86.13,-56.69,178.1,12.74,141.3,-47.26,1.787,33.5,85,0.5027,1,0
NEU-505583,Control,B02,102.37,-71.8,491.8,13.2,115.4,-46.14,1.319,49.5,91,0.4641,0,0
NEU-501388,TreatmentA,B01,103.49,-62.64,562.1,12.2,44.2,-32.77,1.23,42.6,85,0.1947,1,1
NEU-501886,TreatmentA,B02,101.12,-66.76,218.4,12.68,116.1,-43.2,1.191,58.2,75,0.5315,0,1
NEU-504552,TreatmentB,B03,88.8,-57.91,328.9,29.26,25.9,-41.74,1.676,50.9,78,0.3126,0,0
NEU-508731,TreatmentA,B02,79.36,-59.2,208.4,9.79,81.8,-43.59,1.295,32.4,78,0.4699,1,0
NEU-501084,Control,B02,112.49,-60.25,196.1,16.28,138.2,-43.02,1.534,35.2,103,0.3702,0,1
NEU-507132,Control,B01,110.05,-67.27,366.4,13.95,84.5,-42.71,1.041,38.0,86,0.5383,0,1
NEU-507479,TreatmentB,B02,110.26,-71.22,120.7,19.85,12.9,-45.59,1.148,43.0,97,0.3188,1,0
NEU-508299,Control,B02,92.59,-72.09,160.3,9.76,106.8,-38.74,0.607,34.7,96,0.2881,0,1
NEU-500553,TreatmentA,B01,93.69,-66.68,124.8,11.87,124.6,-34.41,1.142,79.2,78,0.3302,1,1
NEU-500786,TreatmentB,B03,97.25,-65.21,244.4,43.57,108.3,-44.84,0.787,79.2,87,0.3976,1,1
NEU-508573,Control,B01,83.77,-62.98,194.5,15.43,115.5,-35.58,0.977,32.8,78,0.3106,0,1
NEU-507127,Control,B03,110.21,-66.27,246.6,10.34,121.5,-41.69,0.683,40.0,84,0.2198,0,1
NEU-502157,TreatmentB,B03,113.49,-69.46,111.9,15.61,64.2,-49.12,0.976,65.7,95,0.4201,1,0
NEU-502038,TreatmentB,B03,76.24,-67.28,378.5,13.54,90.1,-39.36,1.028,62.7,85,0.5224,1,1
NEU-507992,Control,B02,94.1,-57.17,101.7,8.07,112.9,-38.48,1.381,41.2,87,0.2489,0,1
NEU-501159,TreatmentA,B02,109.89,-65.61,130.0,17.25,53.4,-47.8,0.642,52.4,76,0.3407,1,1
NEU-505452,TreatmentB,B03,118.05,-65.25,294.4,16.29,70.3,-37.91,1.774,50.2,98,0.4972,1,1
NEU-508349,TreatmentB,B02,89.99,-59.64,233.0,11.43,103.5,-39.87,0.764,73.0,108,0.3353,1,0
NEU-508451,TreatmentA,B03,97.77,-69.53,100.2,12.96,49.5,-47.74,0.879,47.1,85,0.428,0,1
NEU-509601,TreatmentA,B01,111.47,-65.46,170.7,7.47,90.5,-48.28,1.459,73.3,96,0.73,1,0
NEU-507593,TreatmentB,B03,99.1,-69.79,186.4,15.55,113.8,-46.56,1.136,71.8,77,0.2966,1,0
NEU-509887,TreatmentB,B01,108.4,-62.45,362.0,21.44,115.6,-39.77,0.919,73.9,86,0.5768,0,1
NEU-507652,TreatmentB,B03,114.18,-71.61,209.0,12.83,102.9,-47.22,0.618,63.7,93,0.3452,0,0
NEU-500545,TreatmentB,B03,94.34,-64.68,166.6,11.03,115.6,-43.36,0.879,73.6,104,0.5217,1,1
NEU-507553,TreatmentB,B01,115.02,-64.07,105.1,14.53,27.3,-44.64,1.101,88.2,84,0.4931,1,1
NEU-504744,TreatmentA,B03,91.22,-61.5,183.1,20.4,159.9,-38.23,1.031,46.5,75,0.3048,0,0
NEU-508391,Control,B03,97.51,-59.43,194.5,16.05,141.0,-44.52,0.858,71.1,82,0.3809,1,0
NEU-502828,TreatmentB,B03,104.43,-64.68,179.4,17.12,53.0,-41.87,0.863,69.6,93,0.4292,1,1
NEU-501383,TreatmentA,B01,103.8,-58.48,167.8,15.61,104.6,-47.32,0.796,56.0,89,0.4556,1,1
NEU-503040,Control,B01,99.61,-65.25,341.9,15.89,178.2,-40.88,0.852,30.2,78,0.3129,0,1
NEU-502115,Control,B02,96.0,-55.74,79.5,16.74,179.6,-36.84,0.971,48.4,99,0.0895,1,0
NEU-502333,TreatmentB,B02,98.1,-67.9,176.5,17.9,39.8,-43.07,0.655,66.8,93,0.2873,0,0
NEU-501139,TreatmentB,B01,103.15,-61.32,191.4,12.32,73.7,-44.32,1.193,58.5,83,0.2925,1,1
NEU-508981,Control,B03,110.95,-56.06,140.3,13.13,101.0,-41.36,0.882,54.3,79,0.2898,1,0
NEU-508947,TreatmentB,B03,109.86,-71.48,281.3,17.73,111.7,-36.24,0.794,46.5,76,0.3109,0,0
NEU-509347,Control,B03,71.46,-65.55,131.3,14.31,117.2,-41.35,1.004,39.3,68,0.3898,1,1
NEU-507620,TreatmentA,B03,73.5,-76.56,66.1,28.25,125.3,-42.07,0.68,42.5,85,0.3996,0,0
NEU-503579,Control,B03,118.41,-66.61,179.4,9.78,151.6,-41.91,0.918,49.4,87,0.6036,1,0
NEU-507855,TreatmentA,B02,131.95,-71.18,131.6,14.56,114.2,-38.6,1.147,51.9,97,0.6534,1,1
NEU-501166,TreatmentB,B01,90.32,-61.06,349.1,6.02,115.9,-44.03,1.118,51.1,93,0.3659,0,1
NEU-508018,TreatmentA,B01,104.65,-62.47,72.5,16.36,102.7,-38.98,0.794,64.9,94,0.5362,1,1
NEU-504255,TreatmentB,B03,95.15,-69.52,241.0,7.23,126.5,-45.1,0.741,41.9,78,0.4353,0,0
NEU-501255,Control,B02,114.29,-73.36,187.2,32.51,117.0,-41.47,0.792,43.9,79,0.2598,1,0
NEU-505987,TreatmentA,B02,98.46,-58.13,448.7,15.75,36.7,-45.08,0.782,61.5,86,0.5032,0,1
NEU-508065,Control,B01,88.61,-66.6,219.2,8.49,90.3,-40.79,1.336,22.8,82,0.6322,0,0
NEU-509717,Control,B02,122.13,-56.55,123.8,23.24,142.8,-51.31,0.81,61.1,95,0.5746,1,1
NEU-504673,TreatmentB,B01,73.31,-60.22,96.6,7.56,89.4,-29.42,1.047,69.1,72,0.4557,1,0
NEU-509570,TreatmentB,B01,103.41,-62.48,279.6,16.06,64.3,-42.06,0.98,55.9,96,0.0933,1,1
NEU-504682,TreatmentB,B02,129.97,-69.44,119.9,12.07,162.4,-47.34,1.071,71.3,97,0.4792,0,1
NEU-504169,TreatmentA,B01,86.84,-65.54,203.6,8.06,62.4,-48.02,1.277,75.1,93,0.6748,1,0
NEU-505142,TreatmentA,B01,111.48,-67.54,207.6,26.16,91.4,-35.49,1.374,24.9,102,0.3152,0,1
NEU-504039,TreatmentA,B01,117.44,-56.5,167.6,14.28,90.6,-41.61,1.384,47.9,92,0.2253,1,0
NEU-506587,TreatmentB,B01,86.62,-71.04,223.0,11.54,104.6,-49.01,1.125,58.0,90,0.4326,1,0
NEU-508249,TreatmentA,B02,103.95,-63.65,359.1,7.97,129.3,-42.71,0.514,58.4,78,0.1515,0,1
NEU-503399,TreatmentA,B03,118.43,-65.63,120.4,6.59,78.7,-33.5,0.807,29.3,80,0.2389,1,1
NEU-501413,TreatmentA,B03,103.61,-66.6,368.2,7.26,93.2,-42.76,1.742,32.9,100,0.3964,0,0
NEU-500919,Control,B02,97.11,-67.93,121.0,24.11,90.2,-42.87,1.481,40.2,98,0.4041,1,1
NEU-503650,TreatmentB,B03,118.31,-66.75,156.6,18.28,83.6,-45.94,1.13,54.8,89,0.4565,0,1
NEU-502748,Control,B03,83.13,-61.28,210.8,16.48,119.0,-42.01,0.799,33.7,95,0.3826,0,0
NEU-506709,TreatmentB,B03,85.56,-67.16,368.0,10.44,4.9,-40.76,1.084,72.7,99,0.3393,0,1
NEU-508988,Control,B02,101.1,-68.22,70.6,29.99,135.8,-48.46,1.34,33.1,93,0.507,0,1
NEU-501199,TreatmentA,B01,130.04,-70.32,199.3,7.84,168.6,-40.45,1.39,56.6,87,0.2705,1,1
NEU-501999,TreatmentB,B03,101.23,-63.98,84.6,17.63,114.5,-44.43,1.112,76.2,80,0.737,1,1
NEU-506400,Control,B02,110.03,-67.23,323.5,9.71,103.8,-45.22,1.286,31.3,93,0.3652,0,1
NEU-500042,TreatmentA,B01,128.16,-68.61,285.8,5.53,157.6,-36.5,0.738,35.2,93,0.4747,0,0
NEU-500016,TreatmentB,B03,86.37,-70.4,90.6,13.05,113.4,-42.3,1.082,55.1,86,0.3382,0,1
NEU-500891,TreatmentB,B03,99.13,-70.07,379.5,11.28,76.8,-42.83,0.894,67.1,95,0.6225,0,0
NEU-503637,TreatmentA,B03,111.05,-61.13,130.9,14.08,137.8,-36.71,0.951,44.5,83,0.7815,0,1
NEU-509327,TreatmentA,B03,131.77,-65.74,161.9,27.93,123.9,-53.46,0.382,66.7,83,0.3218,0,0
NEU-507212,TreatmentA,B01,91.93,-64.93,281.1,10.42,121.6,-45.68,0.766,33.8,92,0.5708,0,1
NEU-507190,Control,B03,101.16,-60.66,121.3,13.89,136.8,-34.83,1.534,18.2,84,0.4018,0,0
NEU-503420,TreatmentB,B02,79.02,-56.03,137.3,11.7,83.8,-39.55,0.943,66.0,75,0.6602,0,0
NEU-503428,TreatmentA,B03,103.73,-59.81,118.0,14.12,89.7,-39.95,0.971,61.9,78,0.3966,1,0
NEU-507161,TreatmentA,B02,98.42,-64.38,256.7,12.53,124.5,-36.53,0.625,44.4,95,0.335,0,1
NEU-508184,TreatmentB,B01,111.89,-70.08,179.5,10.6,127.7,-40.34,1.524,69.3,70,0.4593,1,0
NEU-500565,TreatmentB,B03,105.59,-61.83,258.1,16.73,109.1,-43.8,1.446,61.9,83,0.3307,1,1
NEU-500314,Control,B03,87.65,-63.58,210.4,21.0,219.4,-35.88,0.776,74.2,74,0.5451,1,1
NEU-508441,TreatmentB,B03,91.02,-59.96,114.0,6.62,87.6,-39.9,1.331,51.4,87,0.736,1,0
NEU-503966,TreatmentA,B02,121.05,-78.7,140.3,23.11,84.0,-39.24,0.888,45.6,101,0.1276,1,0
NEU-506043,TreatmentA,B01,80.6,-72.66,169.6,10.22,89.7,-50.43,1.389,63.4,92,0.1254,0,1
NEU-507588,TreatmentB,B02,120.98,-62.87,177.0,21.23,88.5,-46.19,0.901,30.7,83,0.6284,0,1
NEU-505058,Control,B03,99.98,-61.0,163.6,29.92,98.3,-37.69,1.673,92.5,94,0.5836,1,1
NEU-507478,TreatmentB,B03,101.25,-59.83,88.4,22.09,92.4,-53.03,1.636,56.2,80,0.3972,1,1
NEU-502785,TreatmentB,B03,121.18,-70.61,89.6,14.47,78.4,-43.88,0.955,38.9,78,0.3831,0,0
NEU-507846,TreatmentA,B01,90.95,-63.39,132.3,7.51,161.0,-43.47,1.266,34.0,93,0.4721,0,1
NEU-507350,TreatmentB,B02,102.01,-64.48,202.6,8.04,61.9,-41.31,1.047,42.6,78,0.2608,0,1
NEU-509080,TreatmentA,B01,111.32,-56.86,198.2,14.39,81.3,-38.93,1.156,89.1,87,0.5714,1,0
NEU-500312,Control,B01,116.08,-66.52,177.4,14.78,47.2,-42.31,1.024,13.1,91,0.7489,0,1
NEU-507638,TreatmentA,B02,89.92,-66.87,223.2,11.24,116.8,-38.97,1.776,48.3,95,0.4706,1,1
NEU-506019,TreatmentA,B03,86.01,-62.66,274.5,13.71,93.0,-46.73,1.01,57.3,94,0.6956,0,1
NEU-509564,Control,B01,80.74,-63.76,202.3,14.8,118.4,-40.77,1.142,57.4,113,0.1505,1,1
NEU-508491,Control,B01,93.76,-72.01,193.8,34.39,102.0,-42.18,0.756,41.7,77,0.6378,0,1
NEU-503545,TreatmentA,B03,107.32,-68.4,120.1,10.02,106.4,-44.82,1.296,42.8,105,0.4018,0,1
NEU-509741,Control,B01,84.31,-57.46,158.1,8.69,67.3,-39.36,1.32,40.1,92,0.2729,0,1
NEU-504526,TreatmentA,B01,109.8,-65.33,270.3,7.02,94.0,-42.19,1.068,65.1,88,0.2621,0,1
NEU-504315,TreatmentB,B03,113.81,-58.36,223.0,20.46,81.0,-34.64,0.692,58.4,74,0.479,1,1
NEU-501468,Control,B03,99.14,-53.95,119.5,15.7,144.5,-46.35,1.029,43.1,91,0.2998,1,0
NEU-508339,TreatmentB,B03,119.73,-59.91,36.1,12.36,100.0,-48.04,1.382,47.9,81,0.3183,1,1
NEU-505496,TreatmentB,B03,124.31,-65.1,348.2,13.41,86.2,-44.53,1.042,49.7,88,0.2852,0,1
NEU-505033,TreatmentA,B02,97.55,-62.24,63.7,30.55,136.7,-45.96,1.281,50.6,76,0.2805,0,0
NEU-503172,Control,B01,117.66,-62.36,91.0,8.69,76.3,-40.06,0.808,52.3,95,0.5154,1,0
NEU-501674,Control,B02,92.5,-57.29,242.9,19.27,147.3,-41.56,0.636,44.6,82,0.5035,0,0
NEU-501265,Control,B01,144.6,-59.03,203.4,20.53,67.6,-48.35,1.169,45.0,92,0.7265,0,1
NEU-500684,TreatmentA,B02,108.89,-66.85,103.7,22.94,72.1,-37.34,0.926,61.7,94,0.5672,1,1
NEU-505910,TreatmentA,B03,99.17,-61.66,355.2,6.51,98.5,-40.19,1.278,53.7,92,0.4609,0,0
NEU-500131,TreatmentB,B01,104.07,-64.18,135.4,23.14,46.9,-49.3,1.578,79.6,96,0.5857,1,1
NEU-502332,TreatmentA,B01,79.88,-57.43,97.5,20.35,135.0,-34.03,1.09,46.6,86,0.2983,0,0
NEU-508948,Control,B02,76.03,-55.9,170.9,5.56,79.2,-41.28,0.77,54.7,82,0.6757,0,0
NEU-503002,Control,B01,109.48,-76.41,256.0,10.82,112.4,-47.24,0.991,49.7,81,0.6825,0,1
NEU-500477,TreatmentA,B02,108.04,-64.27,285.2,15.14,119.0,-43.83,1.254,75.3,96,0.5,0,1
NEU-506842,TreatmentA,B02,85.29,-61.75,235.9,4.18,85.9,-42.79,1.418,51.3,77,0.6515,1,0
NEU-506939,TreatmentA,B03,66.34,-55.84,129.0,11.68,81.7,-38.46,0.901,53.9,63,0.3551,1,0
NEU-502688,Control,B02,127.04,-70.46,86.5,17.42,93.0,-45.16,0.842,60.9,84,0.1886,1,0
NEU-508564,TreatmentB,B01,116.98,-61.76,188.3,13.37,75.4,-48.05,1.024,56.1,82,0.5778,0,0
NEU-507471,TreatmentA,B03,100.46,-70.55,155.7,29.59,154.1,-43.13,1.836,55.3,80,0.5526,1,0
NEU-506175,Control,B03,127.18,-63.01,602.1,12.07,98.2,-43.87,0.641,33.8,96,0.6031,0,1
NEU-505052,TreatmentA,B02,107.75,-58.24,175.9,6.84,22.7,-47.67,1.092,34.4,77,0.5157,0,0
NEU-504578,TreatmentB,B03,88.86,-54.5,169.0,17.48,6.2,-44.48,1.254,55.9,72,0.2551,0,0
NEU-504250,TreatmentA,B03,116.71,-67.69,300.1,19.81,97.3,-40.49,0.976,61.0,77,0.6348,0,1
NEU-502968,TreatmentA,B03,158.37,-60.01,128.9,12.03,134.8,-45.05,1.255,62.0,86,0.4371,1,0
NEU-501264,Control,B01,89.61,-65.32,179.0,24.44,174.6,-40.2,1.113,30.1,113,0.2835,0,1
NEU-507643,TreatmentA,B01,92.67,-55.11,198.8,12.1,131.3,-43.71,1.286,56.4,82,0.562,1,0
NEU-503161,Control,B01,93.65,-73.29,125.6,24.14,135.2,-43.07,1.668,30.9,84,0.2843,0,0
NEU-502393,Control,B02,115.5,-60.04,402.8,20.09,139.4,-38.8,1.513,25.0,81,0.27,0,0
NEU-500036,TreatmentB,B01,89.76,-69.92,392.7,19.02,122.2,-45.24,1.547,62.3,81,0.4444,0,1
NEU-507711,Control,B03,113.75,-67.77,248.1,13.64,108.5,-38.21,1.35,50.0,79,0.3382,1,1
NEU-502796,TreatmentB,B01,84.72,-64.34,251.3,18.41,101.3,-48.0,0.902,43.7,96,0.2154,0,1
NEU-506451,TreatmentA,B01,95.87,-67.56,209.9,15.42,127.5,-38.97,1.087,21.5,91,0.4555,1,1
NEU-506537,TreatmentA,B03,90.57,-71.47,229.2,27.2,122.4,-46.1,1.258,65.7,74,0.3906,1,0
NEU-508199,TreatmentA,B03,107.1,-58.94,294.8,19.82,23.7,-44.99,0.928,63.4,103,0.4647,0,1
NEU-503769,TreatmentB,B03,107.37,-68.58,120.4,13.04,71.1,-39.71,0.772,50.2,67,0.7199,0,1
NEU-503967,TreatmentA,B03,116.04,-58.81,221.5,11.85,41.9,-39.96,0.919,65.1,77,0.4281,1,0
NEU-501681,Control,B03,93.36,-62.28,348.3,14.06,107.7,-39.05,0.848,58.3,74,0.5232,0,1
NEU-509299,TreatmentB,B03,79.15,-64.99,547.0,14.61,111.9,-46.35,0.928,54.4,97,0.645,1,1
NEU-506508,TreatmentB,B02,109.4,-66.28,125.9,9.07,97.4,-47.67,0.906,97.7,83,0.313,1,1
NEU-502955,Control,B02,94.35,-59.99,277.1,13.41,20.3,-41.44,0.927,36.3,73,0.4613,0,1
NEU-508035,Control,B03,114.21,-67.45,182.7,8.9,154.6,-34.71,1.668,38.4,87,0.4641,0,0
NEU-507227,Control,B01,108.75,-59.43,312.3,14.26,21.1,-42.62,1.024,37.0,92,0.5301,0,0
NEU-502304,Control,B01,90.37,-62.83,185.1,14.56,162.8,-40.22,1.191,27.2,73,0.3869,0,1
NEU-509156,Control,B01,94.97,-57.88,216.3,16.56,132.6,-36.71,1.234,38.7,76,0.4114,1,0
NEU-508033,TreatmentA,B02,99.53,-57.42,113.4,24.78,65.9,-44.47,1.165,79.7,80,0.197,1,0
NEU-506982,Control,B01,101.86,-64.46,368.9,26.61,185.2,-45.13,1.356,57.7,99,0.2061,0,0
NEU-506183,Control,B03,92.6,-67.12,275.7,13.92,108.1,-48.25,0.773,38.3,85,0.6506,0,1
NEU-500873,Control,B02,116.83,-62.64,208.7,19.19,135.2,-45.34,0.868,20.5,86,0.3706,0,1
NEU-505185,TreatmentA,B01,81.15,-59.4,113.7,16.9,44.3,-40.17,1.239,63.9,89,0.2637,1,0
NEU-502876,TreatmentB,B01,97.8,-65.71,229.6,15.81,121.4,-38.23,1.274,77.4,97,0.3402,1,1
NEU-505790,Control,B01,93.39,-53.49,172.3,15.94,186.1,-43.8,1.1,12.3,98,0.1694,0,0
NEU-502879,Control,B02,108.94,-56.42,226.5,14.6,161.9,-48.23,1.295,41.5,79,0.3657,0,0
NEU-503039,TreatmentA,B02,74.8,-65.62,93.8,6.76,23.4,-43.72,0.783,31.8,100,0.4985,0,0
NEU-506097,TreatmentA,B02,92.31,-69.8,170.9,22.26,76.7,-41.2,0.656,26.0,67,0.3064,1,0
NEU-509693,Control,B02,106.24,-70.27,239.9,15.47,113.3,-39.06,0.689,30.7,79,0.2201,0,0
NEU-506931,Control,B03,92.06,-65.39,321.8,14.98,160.5,-43.89,0.814,36.1,86,0.6573,0,1
NEU-509931,Control,B01,87.25,-61.61,126.4,16.64,117.9,-39.07,1.548,59.4,81,0.3775,1,1
NEU-505665,Control,B02,132.09,-70.62,168.8,10.12,134.2,-43.58,1.196,42.5,81,0.5358,0,1
NEU-503927,TreatmentB,B01,104.99,-73.05,239.3,14.09,50.9,-45.12,1.652,57.2,73,0.2236,1,0
NEU-508953,TreatmentA,B02,108.94,-59.67,373.1,25.07,92.2,-36.56,1.251,52.9,83,0.3249,0,0
NEU-503677,TreatmentB,B03,103.95,-62.45,210.0,6.92,117.4,-39.03,1.859,74.6,96,0.4608,1,0
NEU-508250,Control,B02,108.1,-65.45,448.3,7.87,155.5,-43.14,1.305,49.4,88,0.4203,0,1
NEU-501394,Control,B01,97.31,-72.03,136.4,4.55,122.2,-46.36,1.339,14.1,81,0.6862,1,0
NEU-508530,Control,B02,87.33,-66.39,236.2,17.94,109.8,-39.6,1.129,13.3,77,0.2785,1,1
NEU-508397,TreatmentB,B01,74.92,-61.18,149.9,17.48,121.3,-36.55,1.021,50.8,89,0.5434,1,1
NEU-506263,TreatmentB,B03,79.83,-69.54,344.6,18.89,61.7,-43.87,0.98,53.7,83,0.193,0,0
NEU-507267,Control,B01,87.67,-70.11,163.6,19.61,93.3,-43.17,0.873,51.8,90,0.1822,1,0
NEU-502938,TreatmentA,B01,77.94,-52.77,213.2,15.71,43.5,-36.17,1.267,66.5,87,0.1272,1,0
NEU-503063,Control,B03,95.72,-63.02,269.0,11.02,124.6,-41.4,1.474,44.7,92,0.2253,0,1
NEU-504805,TreatmentA,B02,95.49,-68.54,412.7,11.0,90.6,-39.44,0.535,63.4,85,0.4273,0,0
NEU-503010,TreatmentA,B02,88.81,-65.48,295.7,12.62,126.4,-43.07,3.032,61.8,96,0.2343,1,1
NEU-501689,Control,B03,66.92,-65.57,134.2,12.12,147.3,-40.24,1.3,56.2,79,0.2774,1,1
NEU-509870,Control,B01,83.35,-52.26,57.9,27.89,141.4,-35.47,0.966,49.7,82,0.5987,0,1
NEU-500950,TreatmentB,B03,80.02,-62.24,156.5,15.78,128.4,-45.3,0.744,82.9,81,0.1758,1,0
NEU-507891,TreatmentB,B02,80.75,-62.57,263.8,9.06,-24.5,-44.72,1.135,57.2,83,0.5042,1,0
NEU-503286,TreatmentB,B02,80.92,-69.85,126.8,17.02,20.5,-41.0,1.879,54.8,75,0.2277,1,0
NEU-507868,Control,B02,100.71,-70.63,103.7,13.78,140.6,-40.05,1.549,25.0,93,0.5081,1,0
NEU-503902,TreatmentA,B03,87.55,-63.78,160.7,11.02,91.6,-42.67,0.711,29.2,86,0.5641,0,1
NEU-501659,TreatmentB,B02,102.27,-67.01,107.5,15.72,58.1,-52.26,1.227,63.8,77,0.3634,1,1
NEU-505689,TreatmentB,B02,108.33,-67.69,207.4,15.02,93.2,-44.98,1.316,40.0,77,0.6093,0,1
NEU-501817,Control,B01,97.22,-80.11,200.3,12.7,97.7,-39.38,1.005,44.5,87,0.3332,0,0
NEU-508210,TreatmentA,B01,74.55,-67.4,114.2,7.99,87.5,-35.98,0.892,19.2,97,0.49,0,1
NEU-501562,TreatmentA,B02,95.46,-62.72,95.7,29.1,22.8,-50.12,0.914,57.2,90,0.2139,1,0
NEU-507292,TreatmentA,B03,78.46,-64.75,127.9,10.07,126.1,-44.14,0.908,40.8,77,0.3675,1,1
NEU-500217,TreatmentB,B02,126.79,-55.46,225.0,12.99,102.3,-40.36,1.6,73.4,87,0.4826,1,0
NEU-507439,Control,B02,82.37,-57.3,221.4,7.07,93.8,-48.0,0.785,22.4,83,0.4151,0,0
NEU-501642,TreatmentA,B02,111.76,-63.31,305.4,32.52,145.0,-36.5,1.208,44.2,77,0.2187,0,0
NEU-501412,Control,B03,105.98,-67.29,515.2,7.95,129.1,-43.19,1.134,52.2,73,0.3688,0,1
NEU-501965,Control,B02,84.42,-71.68,190.1,30.9,96.0,-44.58,0.999,21.1,97,0.6324,0,1
NEU-508235,Control,B01,102.64,-72.22,151.5,13.67,62.9,-40.63,0.941,22.7,86,0.6583,0,0
NEU-504490,Control,B02,121.11,-71.25,289.7,15.28,107.7,-45.89,1.062,63.3,81,0.4111,1,0
NEU-504726,TreatmentA,B01,96.75,-66.83,361.7,8.8,87.4,-49.4,0.94,67.6,83,0.4518,0,1
NEU-505627,TreatmentA,B02,94.2,-68.1,102.8,19.61,96.8,-41.34,1.481,61.4,87,0.2625,1,0
NEU-500541,TreatmentB,B02,98.56,-70.67,256.3,23.74,76.6,-44.33,1.024,62.1,85,0.6381,0,1
NEU-503443,TreatmentA,B01,94.89,-64.71,296.2,13.4,120.5,-48.31,0.674,30.6,93,0.367,0,1
NEU-504640,TreatmentA,B02,93.79,-58.33,241.2,16.85,90.3,-45.77,1.41,50.4,77,0.3424,0,0
NEU-507237,TreatmentA,B01,122.45,-59.51,389.5,29.54,30.4,-36.92,1.059,45.3,81,0.5814,0,1
NEU-500242,TreatmentA,B03,101.45,-60.73,93.2,19.11,69.8,-43.47,1.626,59.2,72,0.1122,1,0
NEU-501178,TreatmentA,B02,127.24,-64.65,129.9,7.76,86.8,-36.22,0.918,42.4,87,0.2108,0,1
NEU-509039,TreatmentB,B03,111.76,-65.66,184.1,9.96,52.0,-39.41,1.016,41.0,86,0.3722,1,0
NEU-504207,Control,B03,94.26,-57.7,210.2,18.16,160.9,-39.49,1.373,36.9,91,0.2473,0,0
NEU-507286,Control,B02,108.06,-70.12,136.8,11.44,89.0,-39.14,0.987,50.0,82,0.3547,1,0
NEU-504670,Control,B01,98.05,-61.33,189.2,14.08,62.7,-41.42,0.725,38.8,95,0.172,0,1
NEU-506329,TreatmentA,B02,102.63,-65.58,106.8,13.36,102.0,-48.24,1.204,44.1,84,0.3879,1,1
NEU-500931,TreatmentB,B02,116.2,-56.51,315.5,9.16,109.9,-47.59,1.097,50.0,94,0.3166,0,1
NEU-505328,Control,B01,81.59,-65.54,179.9,18.57,140.0,-38.43,1.127,34.9,81,0.2625,1,1
NEU-506208,Control,B03,83.24,-60.9,134.9,21.46,112.7,-46.41,1.062,39.8,74,0.4054,0,0
NEU-507202,TreatmentB,B02,117.51,-67.8,116.9,16.15,88.5,-49.37,1.821,51.5,81,0.736,1,1
NEU-508101,TreatmentA,B03,101.03,-71.71,240.9,16.16,96.0,-50.17,1.088,32.1,82,0.3611,1,0
NEU-508095,Control,B01,122.32,-71.24,375.1,13.98,153.7,-40.38,0.911,75.1,101,0.5278,0,0
NEU-508661,TreatmentA,B01,84.81,-68.86,305.9,12.31,104.9,-38.1,1.077,78.4,79,0.2849,0,0
NEU-502188,TreatmentA,B01,89.38,-64.66,168.1,10.24,83.5,-38.15,1.508,70.0,80,0.2702,1,1
NEU-508188,Control,B01,105.09,-72.22,271.9,14.65,120.8,-46.14,1.043,44.3,74,0.3771,1,0
NEU-504874,Control,B01,70.81,-65.05,200.8,16.21,73.4,-42.52,1.106,49.0,88,0.5161,1,1
NEU-506067,Control,B03,125.13,-67.74,200.1,6.79,144.7,-41.13,1.199,40.1,88,0.3538,0,1
NEU-505139,Control,B02,96.77,-60.34,319.5,12.02,118.8,-38.64,1.546,35.6,86,0.2837,0,1
NEU-506177,Control,B02,99.4,-66.97,256.1,12.06,145.0,-40.92,1.506,42.4,96,0.5454,1,1
NEU-507256,TreatmentA,B03,90.39,-62.0,147.4,8.03,108.2,-41.05,1.089,24.7,83,0.2939,0,1
NEU-508876,TreatmentA,B03,89.68,-66.28,188.9,8.95,105.9,-36.67,1.374,76.7,93,0.4933,1,0
NEU-502270,Control,B02,78.71,-72.58,357.2,14.62,112.2,-43.03,0.622,32.7,88,0.2548,0,0
NEU-502255,Control,B03,82.31,-67.37,262.1,13.72,88.5,-44.8,0.971,51.9,68,0.2609,1,1
NEU-502083,TreatmentA,B03,86.55,-68.55,172.1,7.19,144.8,-46.56,0.927,49.0,89,0.4448,1,0
NEU-506455,TreatmentB,B03,98.92,-57.62,178.4,7.14,106.7,-38.71,0.745,56.4,94,0.4608,0,0
NEU-506755,TreatmentA,B03,100.6,-61.75,314.3,11.77,103.3,-39.45,0.543,51.0,111,0.2888,0,1
NEU-505621,TreatmentB,B01,91.9,-62.58,109.7,4.22,85.9,-39.87,0.923,88.5,74,0.3884,1,1
NEU-500167,TreatmentB,B02,89.53,-64.63,227.2,5.74,99.6,-41.46,1.089,50.5,103,0.3286,0,1
NEU-503800,TreatmentA,B03,113.1,-73.11,310.4,29.45,149.6,-37.59,0.51,29.9,94,0.4339,0,1
NEU-509828,TreatmentA,B02,91.06,-63.53,161.5,10.05,71.7,-46.88,1.03,49.6,86,0.1701,1,1
NEU-508105,Control,B02,99.35,-71.13,268.9,8.91,174.2,-37.44,0.567,49.4,88,0.5202,0,0
NEU-506476,TreatmentA,B02,106.36,-69.7,164.1,12.47,81.5,-37.52,0.772,47.8,79,0.4945,0,0
NEU-507416,TreatmentA,B03,101.51,-66.17,515.3,11.96,114.2,-34.18,0.891,28.9,73,0.7398,0,1
NEU-506716,TreatmentA,B01,114.31,-72.39,185.6,21.64,100.2,-38.54,1.336,58.1,81,0.61,1,1
NEU-508342,TreatmentB,B01,124.35,-65.46,79.8,26.61,111.8,-48.51,1.148,34.6,99,0.3121,0,0
NEU-505066,Control,B02,99.13,-58.29,116.5,15.33,118.3,-44.82,0.974,38.8,71,0.7718,0,0
NEU-502581,TreatmentA,B02,138.68,-65.74,410.0,18.34,101.9,-34.34,0.562,89.7,88,0.2828,0,0
NEU-503886,TreatmentA,B02,92.81,-59.45,124.4,19.32,91.8,-39.61,2.081,43.9,97,0.4271,1,1
NEU-509906,Control,B02,86.62,-67.97,244.1,28.54,147.8,-41.62,1.139,38.4,96,0.3162,0,0
NEU-507477,TreatmentA,B03,102.79,-66.94,156.5,15.6,109.6,-42.64,0.673,60.5,89,0.4015,1,1
NEU-501046,TreatmentA,B01,82.76,-51.4,167.3,8.7,88.0,-48.39,1.217,30.1,96,0.2395,1,1
NEU-502014,Control,B01,117.78,-67.28,162.9,13.49,149.8,-33.42,1.166,34.9,76,0.3104,0,1
NEU-508472,TreatmentA,B02,115.95,-67.47,83.2,6.2,62.1,-34.76,1.063,29.5,70,0.5237,0,0
NEU-506756,TreatmentA,B03,103.52,-67.88,143.2,15.54,152.1,-50.43,0.973,43.7,76,0.4686,0,0
NEU-504614,TreatmentB,B03,68.49,-59.72,210.2,9.85,62.8,-42.84,1.226,61.6,93,0.2381,1,0
NEU-508080,TreatmentA,B02,121.06,-66.8,229.0,28.23,68.0,-42.53,1.408,43.1,81,0.3704,0,0
NEU-507601,TreatmentB,B01,97.08,-63.39,142.5,10.65,49.1,-47.4,0.584,75.4,85,0.3089,1,1
NEU-502682,Control,B01,114.16,-66.69,104.7,8.33,107.2,-40.18,1.092,40.2,80,0.2673,1,1
NEU-506076,TreatmentA,B01,106.07,-63.76,181.7,21.17,165.9,-37.91,0.964,80.1,69,0.1912,1,0
NEU-508936,Control,B01,126.57,-75.26,143.5,9.0,54.2,-39.67,1.09,41.0,91,0.6379,0,0
NEU-502299,TreatmentA,B03,102.88,-64.37,195.9,9.9,128.7,-37.59,1.3,73.4,97,0.1319,1,1
NEU-506390,TreatmentA,B03,110.12,-70.33,98.8,18.76,49.6,-47.9,1.089,66.9,99,0.7788,1,1
NEU-509000,TreatmentB,B03,99.87,-70.64,190.4,10.03,111.2,-43.66,1.141,53.0,89,0.1434,0,1
NEU-506012,TreatmentA,B01,110.61,-65.33,112.9,15.52,142.5,-49.41,0.532,55.4,100,0.3708,1,1
NEU-502463,Control,B02,97.99,-57.03,204.5,13.71,158.0,-42.75,1.201,27.2,76,0.5912,0,0
NEU-504797,Control,B02,126.6,-73.15,215.6,10.98,191.1,-38.36,1.66,43.6,78,0.488,0,0
NEU-503860,Control,B03,105.46,-63.61,161.5,6.37,23.8,-46.51,1.052,28.5,94,0.4271,1,1
NEU-507742,TreatmentA,B01,97.8,-54.88,293.1,9.12,133.5,-39.25,1.108,72.0,79,0.2106,0,1
NEU-507223,TreatmentA,B03,88.9,-69.26,174.6,8.98,107.4,-41.96,0.967,58.9,99,0.2736,0,1
NEU-500711,TreatmentA,B03,104.62,-58.49,172.4,10.49,176.0,-34.84,1.389,56.0,101,0.2027,1,0
NEU-502180,Control,B01,81.16,-71.61,122.2,7.03,127.3,-32.59,1.198,82.5,92,0.3245,1,0
NEU-505147,Control,B02,70.55,-57.15,82.3,15.62,121.1,-43.17,0.719,44.0,74,0.3272,0,0
NEU-500031,TreatmentB,B02,131.32,-62.21,102.9,7.33,108.0,-44.31,1.056,51.9,89,0.4854,0,0
NEU-505700,TreatmentB,B03,76.44,-71.0,243.5,16.95,143.8,-43.6,1.144,60.3,106,0.2606,0,0
NEU-501705,Control,B03,118.09,-68.59,169.9,18.78,134.0,-45.93,1.848,32.5,97,0.3096,0,0
NEU-504846,Control,B01,93.95,-71.6,97.6,13.23,72.6,-38.24,0.734,59.7,63,0.5276,1,0
NEU-501408,Control,B01,89.17,-60.11,191.2,18.9,190.6,-39.37,1.152,18.0,94,0.4234,0,0
NEU-509665,Control,B01,93.52,-59.02,139.5,7.71,125.6,-39.42,1.449,26.2,92,0.3693,1,0
NEU-508390,TreatmentB,B01,115.62,-63.41,99.3,9.68,120.4,-44.77,0.936,80.5,96,0.2414,0,1
NEU-504373,TreatmentB,B01,107.04,-68.23,303.7,8.56,131.8,-36.38,0.846,85.2,80,0.5666,1,0
NEU-500572,Control,B02,70.75,-69.26,131.3,11.43,125.4,-41.73,1.237,27.3,75,0.5605,1,0
NEU-505231,TreatmentB,B01,95.92,-64.58,151.7,13.34,135.2,-46.61,0.879,60.0,82,0.5502,1,0
NEU-501057,Control,B02,130.91,-69.12,301.3,7.74,116.1,-44.05,1.406,45.0,81,0.4137,0,0
NEU-504439,TreatmentA,B01,117.56,-63.75,375.1,5.12,88.8,-41.4,1.141,26.1,94,0.3361,0,1
NEU-509967,TreatmentA,B03,83.16,-68.08,216.8,16.87,42.5,-41.67,0.561,48.7,80,0.4468,0,1
NEU-509323,TreatmentB,B03,127.64,-75.58,297.9,14.78,96.3,-43.23,1.039,59.2,92,0.5908,1,0
NEU-501905,Control,B01,110.72,-63.92,175.8,10.73,100.5,-47.08,1.14,65.4,88,0.6813,1,0
NEU-506025,TreatmentA,B01,101.89,-71.7,156.7,4.61,151.4,-44.5,0.998,37.8,97,0.2027,0,1
NEU-505123,TreatmentA,B02,90.16,-62.84,128.5,14.3,185.9,-43.15,1.123,41.3,88,0.1562,1,1
NEU-503336,TreatmentA,B03,117.85,-61.82,205.6,13.71,175.2,-51.68,0.964,77.8,91,0.329,0,0
NEU-506714,TreatmentA,B02,90.91,-63.77,208.7,21.32,120.5,-44.35,0.771,51.3,88,0.5604,1,1
NEU-503132,TreatmentA,B01,109.69,-58.76,96.8,17.11,120.8,-40.57,0.55,37.0,86,0.4871,0,1
NEU-501928,TreatmentA,B01,139.87,-65.24,156.5,11.0,71.8,-40.98,0.703,50.5,100,0.3328,0,0
NEU-501730,TreatmentA,B01,101.96,-65.86,130.6,23.45,141.8,-37.97,1.397,37.6,94,0.212,1,0
NEU-505103,TreatmentB,B01,102.4,-68.42,161.0,14.46,74.0,-43.04,0.869,60.1,75,0.1993,1,0
NEU-503909,TreatmentA,B03,106.65,-66.06,131.6,8.44,113.0,-42.2,0.788,70.8,87,0.5744,0,0
NEU-501153,Control,B02,79.88,-61.09,122.1,7.16,177.7,-46.75,1.094,52.4,93,0.3353,1,1
NEU-508567,TreatmentB,B02,94.38,-72.02,250.9,33.75,143.9,-39.27,0.69,37.5,73,0.3224,0,0
NEU-507866,TreatmentA,B02,124.32,-62.01,323.1,19.69,76.1,-45.43,1.548,46.3,86,0.3509,0,0
NEU-507519,Control,B02,111.84,-65.85,270.3,16.99,165.6,-39.28,1.562,48.3,89,0.3522,0,1
NEU-503269,Control,B01,93.56,-55.29,390.6,13.47,163.3,-37.57,0.577,46.9,89,0.1434,0,0
NEU-502069,TreatmentB,B01,85.34,-67.9,150.2,14.48,18.7,-45.32,0.937,60.8,78,0.3627,0,0
NEU-500281,TreatmentA,B01,112.05,-58.4,306.7,11.29,122.7,-46.01,0.921,61.8,84,0.405,1,1
NEU-503150,TreatmentA,B03,97.06,-56.05,64.3,12.85,107.7,-40.26,1.244,66.7,86,0.4437,1,0
NEU-507783,TreatmentB,B03,98.92,-63.73,268.8,9.52,90.7,-45.44,0.859,42.8,89,0.1478,0,1
NEU-509455,Control,B02,86.86,-65.76,321.4,14.57,145.2,-45.63,1.174,41.2,89,0.5107,0,1
NEU-501342,Control,B03,92.76,-66.99,256.5,15.04,77.2,-43.6,1.181,36.6,78,0.5501,0,1
NEU-509999,TreatmentB,B01,105.9,-71.34,101.9,17.3,88.6,-41.72,0.513,65.9,75,0.5345,1,0
NEU-504238,Control,B01,103.98,-70.09,283.5,16.79,60.3,-43.48,1.03,47.1,77,0.5134,0,1
NEU-509860,TreatmentA,B01,90.82,-57.28,174.5,5.26,140.0,-41.12,0.966,27.0,81,0.2566,1,1
NEU-507450,Control,B03,105.55,-62.17,164.7,24.95,163.6,-50.17,1.229,39.5,81,0.62,0,1
NEU-500865,TreatmentA,B01,89.69,-66.9,102.1,18.85,95.2,-43.32,0.829,58.5,64,0.3013,1,1
NEU-505106,TreatmentB,B02,93.04,-57.91,163.8,10.48,58.5,-46.72,0.663,72.5,91,0.3942,1,0
NEU-506492,Control,B03,105.62,-68.91,312.3,7.77,105.0,-41.57,1.664,36.9,95,0.1547,0,1
NEU-505315,TreatmentB,B03,115.27,-72.11,380.8,10.62,79.8,-35.04,0.881,58.8,89,0.2405,1,0
NEU-505723,Control,B03,100.68,-71.04,200.8,16.2,96.3,-40.95,0.622,37.8,94,0.3263,0,1
NEU-500570,TreatmentA,B03,95.43,-64.07,161.5,8.7,127.5,-41.26,1.202,40.8,98,0.4207,0,0
NEU-506388,TreatmentA,B02,53.9,-61.82,169.3,7.83,107.8,-37.19,1.127,51.5,84,0.2074,1,1
NEU-509067,TreatmentA,B03,90.0,-66.46,248.8,8.74,75.6,-40.38,1.54,59.3,80,0.3219,1,1
NEU-500276,Control,B01,114.07,-67.86,142.4,18.97,140.1,-42.99,0.927,45.3,82,0.2824,0,1
NEU-509073,TreatmentA,B02,105.47,-65.33,212.1,44.88,132.1,-35.67,2.236,42.4,80,0.3488,1,0
NEU-504565,Control,B03,79.57,-66.7,266.6,19.86,127.2,-42.83,1.154,56.3,79,0.1566,0,0
NEU-501712,TreatmentA,B01,91.28,-62.57,230.4,23.15,65.8,-39.9,1.444,57.8,68,0.5964,1,1
NEU-503850,Control,B02,103.04,-68.51,312.3,32.27,150.6,-34.28,0.787,63.8,78,0.5647,1,1
NEU-502189,TreatmentB,B01,111.65,-70.98,102.9,15.56,94.0,-43.42,1.0,73.3,84,0.375,1,0
NEU-502913,Control,B03,97.32,-65.46,194.9,21.91,95.2,-50.46,0.828,59.8,90,0.3361,1,0
NEU-505992,TreatmentB,B01,88.97,-61.38,230.4,34.69,65.7,-36.54,1.561,51.0,78,0.4552,1,1
NEU-509585,TreatmentA,B03,83.72,-62.98,126.3,8.44,82.0,-37.8,1.169,64.4,91,0.4334,1,1
NEU-502314,TreatmentB,B02,89.3,-64.05,168.9,25.9,159.8,-44.68,0.983,46.7,76,0.683,1,1
NEU-506174,Control,B02,88.97,-70.0,106.8,8.24,71.1,-39.4,1.031,50.7,78,0.4946,1,0
NEU-501537,TreatmentB,B03,101.1,-66.33,156.5,20.91,37.8,-35.75,1.0,73.9,90,0.4745,1,1
NEU-508085,TreatmentA,B03,103.9,-61.5,105.8,13.9,115.2,-39.26,0.818,37.3,89,0.2997,0,1
NEU-506415,Control,B01,132.06,-64.25,125.2,17.13,138.4,-46.96,1.438,18.6,80,0.4761,1,1
NEU-506796,TreatmentB,B01,102.11,-55.95,100.2,20.92,53.9,-42.48,1.065,22.6,85,0.197,0,0
NEU-502884,Control,B02,80.16,-75.2,238.0,9.51,110.9,-45.36,0.808,31.5,98,0.5516,0,0
NEU-501972,TreatmentB,B03,100.55,-65.02,188.3,32.2,112.0,-46.06,0.782,65.6,78,0.3746,1,0
NEU-506823,TreatmentB,B02,104.64,-64.09,131.9,8.88,-7.2,-41.3,1.1,75.1,81,0.2937,1,1
NEU-509992,TreatmentB,B01,106.9,-68.4,181.6,7.17,142.7,-41.15,1.415,79.2,88,0.2839,1,1
NEU-508905,Control,B03,92.9,-66.98,162.7,11.87,147.9,-41.85,1.406,30.4,95,0.6496,0,1
NEU-502379,Control,B02,112.84,-53.19,205.6,20.47,153.9,-50.53,1.066,44.8,94,0.2622,0,0
NEU-503798,Control,B03,100.46,-58.18,77.2,8.16,87.2,-41.73,1.16,33.7,77,0.6486,1,0
NEU-506408,TreatmentA,B03,117.47,-72.37,209.5,9.08,113.4,-46.07,1.468,54.2,93,0.4368,1,0
NEU-509436,TreatmentA,B02,109.5,-68.68,108.3,11.78,144.2,-39.26,0.582,48.0,89,0.3312,0,1
NEU-500200,TreatmentB,B02,100.98,-65.22,248.3,19.95,74.4,-37.68,0.749,62.9,93,0.4192,1,1
NEU-509651,Control,B02,137.96,-65.96,92.7,28.66,108.6,-44.71,1.278,66.1,76,0.5458,1,1
NEU-507011,TreatmentA,B02,104.64,-56.66,115.7,9.0,140.7,-42.06,1.026,56.9,81,0.3443,1,1
NEU-505230,Control,B02,91.58,-65.68,365.9,5.25,192.8,-44.77,0.689,49.1,80,0.6277,0,0
NEU-507514,TreatmentB,B01,79.58,-77.05,262.2,9.96,116.7,-35.25,1.08,85.0,81,0.3302,0,0
NEU-509673,Control,B02,100.24,-69.18,111.9,13.24,182.0,-46.93,1.734,39.2,92,0.4761,1,1
NEU-507360,TreatmentB,B03,67.53,-70.53,217.8,12.74,79.5,-37.09,1.634,65.3,98,0.2982,1,0
NEU-504811,Control,B03,98.69,-67.13,117.8,20.6,179.5,-37.96,1.154,54.1,93,0.3805,1,1
NEU-500895,TreatmentA,B03,112.64,-59.48,374.0,11.81,104.8,-49.8,1.1,58.1,76,0.2246,0,1
NEU-505707,Control,B03,98.64,-73.55,342.9,11.06,157.5,-48.39,0.843,42.4,86,0.4038,0,0
NEU-502937,TreatmentB,B02,83.78,-61.13,201.8,13.01,138.6,-34.49,1.307,58.0,71,0.5487,1,1
NEU-503834,Control,B01,85.73,-60.8,256.1,16.12,81.4,-44.26,0.831,57.0,82,0.2726,0,0
NEU-500470,TreatmentB,B02,115.31,-63.85,138.3,16.0,77.9,-44.25,1.122,63.1,76,0.5005,1,1
NEU-503312,Control,B01,111.74,-73.82,219.0,13.73,162.8,-41.29,0.946,53.8,55,0.4593,0,0
NEU-505053,TreatmentA,B02,91.83,-67.67,310.9,11.01,94.3,-38.52,1.116,71.3,96,0.4498,0,1
NEU-506234,TreatmentA,B01,87.77,-71.16,74.5,22.52,126.8,-42.32,1.296,69.2,98,0.4577,0,1
NEU-500059,Control,B03,107.51,-59.76,138.9,25.09,115.5,-39.23,0.709,28.2,84,0.4531,1,1
NEU-502749,TreatmentA,B01,114.54,-67.39,448.0,14.26,122.0,-41.3,1.111,16.4,95,0.2107,0,0
NEU-500027,TreatmentB,B02,112.81,-62.98,84.8,8.62,31.8,-45.11,1.509,71.9,97,0.2426,1,1
NEU-505834,Control,B03,90.7,-62.98,122.2,17.26,167.9,-35.54,1.091,29.1,82,0.5862,0,1
NEU-505506,TreatmentA,B01,98.07,-61.37,113.3,19.14,33.3,-40.5,1.248,49.5,92,0.5327,1,1
NEU-502295,TreatmentA,B02,91.98,-61.41,311.5,19.01,54.8,-33.59,0.999,86.7,72,0.252,0,0
NEU-505855,TreatmentA,B01,114.46,-58.11,212.1,13.15,141.5,-45.21,1.467,80.6,83,0.502,0,0
NEU-507541,Control,B03,104.86,-76.05,198.9,12.52,99.7,-41.41,1.453,50.4,82,0.4009,0,1
NEU-503751,Control,B03,85.73,-61.11,211.2,23.85,144.9,-41.02,1.216,34.2,63,0.3438,0,0
NEU-509563,TreatmentA,B03,111.36,-62.8,107.6,22.16,97.2,-36.6,1.207,52.1,82,0.2329,1,0
NEU-508823,TreatmentA,B01,91.1,-59.99,84.7,10.82,100.6,-37.72,0.728,29.5,72,0.6989,0,0
NEU-508030,TreatmentB,B01,109.33,-65.08,94.1,13.47,94.5,-40.15,1.272,53.9,118,0.2495,0,1
NEU-502493,TreatmentB,B01,90.74,-70.24,148.3,15.65,55.9,-45.08,1.132,54.2,76,0.2514,1,0
NEU-508604,Control,B02,92.47,-62.16,291.1,8.74,96.1,-41.71,1.035,26.3,108,0.32,0,1
NEU-501665,TreatmentB,B01,74.58,-70.36,266.2,19.12,117.5,-38.06,1.092,57.7,89,0.4479,0,1
NEU-502940,Control,B02,115.37,-63.02,179.5,9.32,133.0,-44.8,1.224,23.6,93,0.3583,0,0
NEU-508650,TreatmentA,B03,90.22,-67.16,94.7,8.91,127.6,-42.71,0.877,21.0,89,0.5566,0,0
NEU-509022,Control,B02,114.26,-59.71,255.3,11.53,147.1,-37.98,1.176,58.8,92,0.3276,0,1
NEU-506768,TreatmentA,B03,119.28,-60.25,126.4,15.2,106.4,-42.34,1.355,59.1,76,0.2617,1,0
NEU-509422,TreatmentB,B01,104.61,-64.72,140.4,17.38,87.3,-32.56,0.697,54.0,86,0.4723,1,1
NEU-507194,TreatmentB,B01,100.64,-72.06,229.7,20.94,78.9,-45.21,2.521,51.7,76,0.6311,1,1
NEU-501313,TreatmentA,B03,127.66,-63.79,127.7,20.83,159.8,-43.03,1.78,56.9,74,0.1218,1,0
NEU-501192,Control,B02,114.27,-69.55,125.0,9.43,155.5,-44.29,0.725,36.3,74,0.3466,0,1
NEU-506054,TreatmentA,B03,105.54,-62.89,131.4,7.28,120.4,-37.42,1.201,50.3,90,0.2779,1,1
NEU-508938,TreatmentB,B01,83.68,-68.15,316.6,6.39,71.9,-39.95,1.545,60.7,79,0.2552,1,1
NEU-507498,TreatmentA,B02,100.73,-74.7,379.4,22.13,75.0,-42.22,0.939,54.5,91,0.2046,0,0
NEU-501333,TreatmentA,B01,107.87,-73.45,117.3,7.85,134.0,-38.96,0.743,56.9,93,0.3663,0,0
NEU-507085,TreatmentB,B01,101.04,-65.88,110.3,11.77,70.2,-47.45,1.158,64.8,70,0.0875,0,1
NEU-509356,TreatmentB,B03,116.76,-57.57,102.4,12.98,92.4,-47.76,1.001,66.1,86,0.3409,1,0
NEU-501015,TreatmentA,B01,78.75,-68.6,213.4,43.97,75.6,-37.23,1.171,57.2,83,0.3538,0,1
NEU-506023,Control,B03,85.57,-66.37,130.1,21.49,115.7,-39.38,1.686,51.0,90,0.2192,1,0
NEU-504663,Control,B02,102.95,-71.04,247.4,19.74,186.5,-37.25,0.951,43.2,75,0.3304,1,1
NEU-505372,Control,B02,101.02,-56.62,218.7,5.72,91.4,-38.76,1.638,23.4,92,0.4842,0,0
NEU-500462,TreatmentB,B01,93.9,-62.66,62.0,19.04,177.5,-46.82,1.173,61.7,88,0.5354,1,1
NEU-501801,TreatmentB,B03,99.34,-67.65,256.3,20.66,108.0,-38.64,1.063,64.8,85,0.4255,1,1
NEU-509774,TreatmentB,B03,71.21,-65.73,349.9,11.41,82.9,-42.05,0.672,89.3,86,0.3004,1,1
NEU-505120,TreatmentA,B02,97.23,-62.29,268.1,11.29,37.7,-48.08,0.724,52.5,79,0.5543,0,1
NEU-500639,TreatmentB,B01,108.67,-61.58,336.2,24.85,89.3,-37.44,0.86,85.9,77,0.5445,1,1
NEU-501021,TreatmentB,B03,85.48,-70.43,115.5,18.57,152.9,-52.99,1.208,35.6,75,0.5003,0,1
NEU-504947,Control,B01,94.41,-64.3,238.4,20.37,125.2,-42.58,1.146,38.2,99,0.7354,0,1
NEU-507607,TreatmentA,B03,98.61,-62.6,140.5,12.82,114.9,-41.99,0.724,44.8,81,0.6647,1,0
NEU-500971,Control,B03,83.49,-56.84,161.1,15.47,161.2,-36.61,1.331,36.2,76,0.4785,1,0
NEU-504817,TreatmentA,B02,98.61,-64.68,558.8,15.88,149.1,-41.35,1.122,40.4,87,0.5778,0,1
NEU-509757,TreatmentB,B02,87.5,-68.22,170.7,6.53,48.6,-33.68,0.589,45.2,94,0.508,0,0
NEU-502583,Control,B01,98.94,-67.89,86.8,13.12,144.1,-41.39,1.008,56.6,81,0.2874,0,1
NEU-501770,TreatmentA,B01,106.82,-73.54,153.8,10.24,133.2,-38.95,1.281,56.6,81,0.5953,1,0
NEU-501831,Control,B03,76.22,-67.65,216.6,14.41,107.7,-47.23,1.088,68.2,101,0.3459,1,1
NEU-500533,Control,B01,104.75,-64.89,390.8,15.69,157.0,-48.88,0.843,51.1,85,0.3706,0,1
NEU-509658,TreatmentA,B01,85.96,-68.39,128.8,11.22,79.3,-39.22,1.343,78.9,92,0.2465,1,1
NEU-507690,TreatmentA,B02,95.85,-65.51,149.8,8.22,128.8,-39.84,0.785,24.5,91,0.1943,1,1
NEU-509663,TreatmentA,B01,72.66,-63.12,149.9,14.69,101.9,-33.01,1.351,45.3,82,0.3978,0,1
NEU-505670,Control,B03,96.3,-73.62,160.4,13.62,149.0,-42.25,1.194,60.3,87,0.6154,1,0
NEU-508689,TreatmentB,B01,109.57,-58.93,177.9,12.56,94.2,-47.55,1.3,54.3,91,0.2602,0,1
NEU-503032,TreatmentA,B01,81.46,-61.66,172.9,14.24,82.2,-40.41,0.738,48.3,79,0.3882,1,0
NEU-504467,TreatmentA,B03,128.07,-68.05,155.0,19.24,71.8,-32.99,0.762,40.8,71,0.6469,1,1
NEU-507911,Control,B02,99.98,-71.67,181.7,16.42,92.9,-43.6,0.838,57.9,94,0.2307,0,0
NEU-509501,TreatmentA,B03,92.37,-59.71,188.9,17.55,-8.3,-48.99,1.156,66.9,89,0.5046,1,0
NEU-506190,TreatmentA,B01,95.65,-63.12,236.5,29.01,85.8,-41.78,0.83,56.1,102,0.4221,0,0
NEU-500449,TreatmentA,B01,95.96,-63.78,205.7,22.04,62.2,-37.97,0.771,49.7,80,0.43,0,1
NEU-505029,Control,B02,111.7,-68.31,225.9,12.74,56.1,-47.34,1.013,60.9,90,0.4847,1,1
NEU-501422,Control,B01,110.19,-59.23,219.0,20.81,135.7,-42.19,1.204,55.7,86,0.3709,0,1
NEU-505756,TreatmentB,B01,99.72,-60.22,413.4,6.71,177.4,-36.86,1.019,64.5,91,0.4172,0,0
NEU-509916,Control,B02,97.72,-62.14,256.5,6.81,89.4,-40.52,1.985,41.6,94,0.4035,1,0
NEU-506824,Control,B01,113.24,-65.79,202.6,12.82,105.7,-54.9,1.32,35.0,61,0.2547,0,1
NEU-508205,Control,B01,106.47,-62.73,178.9,12.89,112.8,-35.42,1.219,51.2,89,0.3779,1,0
NEU-502209,TreatmentB,B03,120.33,-66.15,172.1,15.11,142.3,-40.66,0.968,59.9,84,0.1673,0,0
NEU-503823,TreatmentB,B02,95.64,-65.41,252.2,16.17,84.9,-51.67,0.783,59.2,79,0.5042,0,1
NEU-505806,TreatmentB,B03,109.88,-66.35,66.6,20.06,-7.9,-36.62,0.933,59.2,101,0.3391,0,0
NEU-503335,TreatmentA,B01,84.72,-61.79,352.3,12.41,155.9,-42.82,0.727,38.8,95,0.6992,0,1
NEU-505182,TreatmentA,B02,92.13,-63.67,184.5,10.52,105.4,-39.26,1.189,73.6,97,0.4459,1,0
NEU-504723,TreatmentA,B03,102.52,-59.54,210.6,17.1,83.1,-38.25,1.907,25.6,90,0.4592,1,0
NEU-503537,Control,B03,81.52,-62.22,324.5,21.22,74.8,-39.27,2.191,20.7,92,0.1536,1,0
NEU-509588,TreatmentA,B02,117.08,-65.99,166.3,16.76,105.8,-49.74,0.664,32.4,88,0.4727,1,1
NEU-502023,Control,B03,107.61,-66.59,130.9,7.25,166.5,-40.41,1.259,40.6,83,0.2931,0,1
NEU-502941,Control,B03,99.71,-63.1,195.2,14.7,33.6,-47.65,0.956,47.5,85,0.2401,0,1
NEU-500263,TreatmentA,B02,128.32,-69.32,181.2,8.42,100.5,-37.58,1.236,37.7,69,0.6685,0,0
NEU-503736,TreatmentA,B02,103.44,-70.04,445.8,7.82,119.1,-49.81,0.876,41.3,81,0.2486,0,1
NEU-508247,Control,B01,98.87,-66.48,90.2,12.93,63.9,-41.87,0.656,39.4,79,0.4761,0,1
NEU-507692,Control,B01,112.88,-66.22,324.4,13.3,125.4,-41.78,1.44,36.5,84,0.5459,0,1
NEU-504110,TreatmentA,B02,92.57,-57.88,223.6,21.51,108.3,-40.92,1.345,24.1,89,0.2631,0,1
NEU-509976,TreatmentA,B01,119.21,-69.06,285.2,12.42,129.5,-42.82,1.708,25.9,81,0.5364,0,1
NEU-502589,TreatmentB,B01,82.46,-66.7,90.2,9.79,26.6,-48.18,0.445,57.1,85,0.3478,0,1
NEU-505784,TreatmentA,B01,130.17,-63.99,255.5,30.68,159.3,-42.56,1.433,61.4,90,0.4432,0,1
NEU-507385,TreatmentA,B02,109.7,-69.33,61.0,28.36,117.8,-48.04,1.094,39.8,109,0.4164,1,1
NEU-502417,Control,B02,103.41,-72.62,129.0,11.7,184.2,-42.73,1.868,56.9,78,0.3713,1,0
NEU-507307,TreatmentA,B01,85.88,-67.67,179.3,17.68,99.8,-39.66,1.324,58.4,78,0.3378,0,1
NEU-504749,Control,B01,111.95,-65.94,69.0,11.69,178.9,-38.96,1.027,38.4,57,0.404,0,1
NEU-500745,TreatmentA,B02,80.94,-74.61,225.5,17.86,140.2,-43.71,1.248,28.6,96,0.2173,0,0
NEU-506950,TreatmentA,B03,107.83,-65.12,179.9,22.98,134.6,-40.44,1.256,51.2,99,0.354,1,1
NEU-509768,TreatmentB,B02,77.62,-69.03,66.5,12.23,145.5,-41.66,0.733,59.1,89,0.3615,1,1
NEU-504286,Control,B02,93.42,-60.15,100.9,14.72,115.9,-44.01,1.177,34.8,68,0.2866,0,1
NEU-507984,TreatmentA,B03,105.71,-70.6,218.1,16.79,87.8,-45.88,1.415,74.4,83,0.457,1,1
NEU-502951,TreatmentA,B01,103.07,-59.53,309.8,12.76,108.7,-42.45,1.285,57.9,87,0.2069,0,1
NEU-504071,TreatmentA,B02,94.87,-68.69,241.4,18.45,125.9,-44.9,1.556,55.5,99,0.3227,1,0
NEU-501979,Control,B01,82.27,-62.4,274.1,13.73,164.4,-39.57,1.277,59.0,66,0.1726,0,1
NEU-505329,Control,B01,123.37,-69.07,108.0,10.92,189.0,-42.35,0.946,60.3,74,0.3744,1,0
NEU-500311,TreatmentB,B01,100.97,-49.6,127.0,22.23,74.0,-36.6,0.931,35.2,85,0.3309,0,0
NEU-508617,TreatmentA,B03,110.41,-58.08,177.3,21.39,135.0,-38.74,1.846,70.5,85,0.5374,0,1
NEU-502320,TreatmentA,B02,111.79,-61.96,191.0,21.08,95.7,-40.63,1.166,41.0,85,0.4595,1,1
NEU-501331,Control,B01,104.62,-69.3,155.3,8.35,167.7,-39.01,0.622,36.2,79,0.3506,0,1
NEU-507852,TreatmentB,B01,122.67,-72.04,192.5,10.01,90.4,-34.84,0.876,69.4,108,0.3896,1,0
NEU-504256,Control,B03,95.81,-63.25,164.9,19.23,150.2,-53.06,0.962,42.3,74,0.5047,0,1
NEU-506482,TreatmentA,B01,95.83,-60.54,140.9,33.28,113.4,-50.87,1.178,69.3,83,0.7012,1,1
NEU-500168,TreatmentA,B02,105.37,-59.19,209.3,12.81,98.6,-41.06,0.909,52.8,85,0.4392,1,0
NEU-509921,TreatmentB,B02,71.32,-68.54,310.6,8.74,97.0,-45.38,1.043,77.5,79,0.4124,0,0
NEU-503762,Control,B02,116.63,-62.95,197.3,14.91,160.1,-44.68,1.548,27.1,81,0.1377,1,1
NEU-504027,Control,B01,92.56,-71.21,237.2,8.8,122.6,-41.12,0.696,31.4,77,0.314,0,1
NEU-509561,TreatmentB,B02,122.1,-71.0,103.0,8.24,45.3,-47.2,1.641,73.1,84,0.6833,1,0
NEU-502623,TreatmentB,B01,91.57,-70.62,380.4,8.71,78.3,-44.0,1.244,75.1,91,0.4153,1,0
NEU-507036,Control,B03,87.82,-62.16,305.2,9.4,135.2,-45.58,1.161,33.7,87,0.3498,0,1
NEU-508987,TreatmentB,B02,124.05,-70.23,351.3,14.85,101.7,-39.34,1.312,57.4,78,0.4262,0,1
NEU-504825,TreatmentA,B03,107.7,-61.55,225.7,19.79,113.7,-47.56,0.904,32.1,73,0.4289,0,1
NEU-500149,TreatmentA,B01,65.63,-69.09,196.6,10.46,100.2,-48.14,1.243,55.9,85,0.3963,1,1
NEU-506164,Control,B03,127.99,-63.94,169.6,12.15,113.6,-45.39,2.037,48.3,91,0.7673,1,1
NEU-507587,TreatmentB,B02,136.46,-67.11,116.0,16.05,105.4,-47.04,0.821,60.5,78,0.3033,0,1
NEU-500983,TreatmentA,B03,117.21,-57.53,163.8,18.86,156.6,-35.38,0.915,48.6,82,0.1626,0,0
NEU-507821,TreatmentB,B01,77.69,-56.98,228.2,9.25,100.3,-39.55,0.923,50.4,93,0.6427,0,0
NEU-509534,Control,B01,113.95,-69.86,101.8,16.82,111.9,-35.74,0.747,47.9,88,0.5556,0,1
NEU-502741,TreatmentA,B01,88.66,-67.52,256.6,10.92,93.1,-41.5,0.818,38.0,83,0.2721,0,1
NEU-500058,TreatmentB,B01,125.65,-64.05,98.0,28.03,44.0,-40.13,1.166,63.5,77,0.2628,1,0
NEU-508807,Control,B02,94.43,-68.33,311.8,17.73,144.7,-34.44,1.392,24.3,96,0.6309,0,1
NEU-509960,TreatmentA,B02,89.35,-69.08,255.9,11.62,5.3,-43.96,1.017,52.0,98,0.3484,0,1
NEU-507247,Control,B02,84.39,-69.61,238.6,12.84,101.2,-39.31,1.56,73.1,80,0.1333,0,1
NEU-504918,TreatmentA,B03,133.12,-76.23,368.0,14.79,57.9,-34.89,1.2,58.9,88,0.3135,0,0
NEU-503729,Control,B03,83.16,-59.53,338.5,10.25,81.6,-41.38,1.437,59.4,86,0.3188,0,1
NEU-508841,TreatmentA,B01,108.43,-64.07,133.7,17.71,133.2,-45.31,1.198,35.9,90,0.3027,0,1
NEU-506873,Control,B01,125.09,-63.61,234.2,11.2,39.6,-40.49,1.427,54.5,88,0.3956,0,1
NEU-503777,TreatmentA,B02,93.58,-56.07,74.4,6.28,102.3,-41.26,1.018,56.6,68,0.2527,0,0
NEU-503111,TreatmentA,B02,91.79,-65.38,222.9,7.26,56.0,-44.94,0.978,23.8,90,0.4604,0,0
NEU-505062,TreatmentB,B03,75.88,-77.59,365.5,9.55,89.9,-36.32,0.607,52.4,82,0.4744,0,0
NEU-507211,TreatmentA,B02,133.21,-60.25,227.3,13.66,113.7,-36.38,2.117,36.5,86,0.3912,1,1
NEU-506629,Control,B03,83.74,-74.44,138.1,16.08,115.0,-46.3,1.14,34.5,94,0.6136,1,0
NEU-505644,TreatmentA,B01,109.96,-64.44,265.7,22.83,65.7,-39.69,1.2,62.2,87,0.473,1,1
NEU-505143,TreatmentA,B01,96.2,-58.86,77.7,18.37,75.8,-41.4,0.617,58.1,106,0.7208,0,1
NEU-501786,Control,B01,106.88,-65.88,205.1,16.48,185.1,-50.82,1.22,48.6,79,0.2712,1,1
NEU-502125,TreatmentA,B01,129.34,-66.77,203.1,8.79,109.5,-40.15,1.835,60.9,82,0.4418,1,0
NEU-500034,TreatmentB,B02,89.32,-66.02,271.6,10.69,101.7,-44.66,1.842,35.4,75,0.4558,1,1
NEU-500829,TreatmentA,B02,86.28,-54.48,210.5,14.44,80.0,-47.4,0.84,64.0,89,0.3132,1,0
NEU-502786,Control,B02,105.14,-61.96,195.9,23.25,56.4,-42.44,1.104,50.5,89,0.4472,1,1
NEU-501940,Control,B01,113.65,-65.13,102.3,7.09,44.4,-32.62,1.404,79.4,81,0.3376,1,1
NEU-504446,TreatmentB,B02,108.33,-63.75,333.9,5.85,71.9,-52.2,0.779,60.2,72,0.3356,0,1
NEU-505725,TreatmentA,B03,86.5,-63.16,215.8,9.72,122.2,-32.86,1.147,71.8,80,0.1939,1,1
NEU-500818,TreatmentA,B01,111.15,-71.17,141.8,12.08,113.4,-45.93,1.094,56.0,91,0.2817,0,1
NEU-508517,Control,B01,86.21,-67.68,140.6,7.42,119.5,-39.89,1.14,32.7,84,0.0615,1,1
NEU-502579,Control,B02,97.67,-62.6,257.0,25.7,132.6,-44.43,0.595,44.3,94,0.1671,0,0
NEU-501589,TreatmentB,B01,108.44,-66.29,108.3,6.77,38.6,-42.94,1.187,56.5,86,0.5603,1,0
NEU-501032,Control,B03,113.56,-81.03,123.6,10.08,125.2,-42.33,0.862,27.8,75,0.4552,0,0
NEU-509901,TreatmentB,B01,95.16,-59.77,190.9,16.14,87.6,-41.91,1.0,90.7,78,0.3012,1,0
NEU-504562,TreatmentA,B01,125.02,-62.04,186.2,12.16,106.7,-45.18,1.163,48.7,76,0.2302,0,1
NEU-501920,TreatmentB,B01,106.88,-62.49,94.9,6.94,105.0,-48.42,1.556,64.4,81,0.5631,0,0
NEU-502549,TreatmentB,B03,84.78,-68.78,191.5,14.62,126.5,-41.39,0.689,76.3,89,0.5228,1,1
NEU-500436,TreatmentA,B01,83.86,-66.77,191.8,12.41,17.9,-30.64,0.615,54.5,78,0.8013,0,0
NEU-507141,TreatmentA,B02,112.29,-56.63,182.6,14.72,91.5,-41.64,1.443,41.6,99,0.3295,0,1
NEU-501620,TreatmentA,B03,83.69,-60.74,296.8,11.5,140.4,-39.0,0.965,49.3,93,0.278,1,1
NEU-502908,TreatmentA,B01,100.92,-64.16,176.8,14.52,99.3,-45.35,0.859,59.3,79,0.1756,1,1
NEU-504151,Control,B03,113.43,-71.57,296.0,20.68,103.4,-39.89,0.759,41.6,83,0.3866,1,1
NEU-507841,TreatmentB,B03,118.52,-69.47,182.5,21.04,59.7,-50.26,1.211,49.7,99,0.216,0,0
NEU-501607,TreatmentB,B01,103.3,-61.88,104.4,20.16,46.4,-40.43,0.877,58.7,75,0.3228,0,0
NEU-501922,Control,B01,101.53,-71.3,213.4,14.56,60.8,-44.77,1.478,57.4,94,0.5166,1,1
NEU-506093,Control,B03,115.84,-56.86,118.1,15.12,111.9,-42.74,0.869,35.3,83,0.3865,0,0
NEU-507813,TreatmentB,B03,91.57,-62.02,215.5,16.19,27.5,-42.26,0.896,65.9,86,0.4722,0,1
NEU-501892,Control,B02,96.96,-61.29,157.8,13.66,129.6,-39.28,1.159,28.6,90,0.3807,1,1
NEU-503520,TreatmentA,B03,107.38,-73.96,119.2,15.29,132.4,-50.39,0.951,27.7,79,0.3739,0,0
NEU-504661,Control,B02,112.16,-63.84,162.1,19.45,95.7,-37.92,0.762,50.1,82,0.442,0,1
NEU-508410,Control,B03,98.43,-57.62,159.3,21.18,129.0,-45.24,0.495,27.4,85,0.3601,0,0
NEU-507069,TreatmentA,B03,111.13,-63.71,153.4,12.76,97.8,-45.65,0.964,51.2,85,0.4938,1,1
NEU-508993,TreatmentB,B01,113.07,-68.16,189.8,7.95,55.7,-43.27,1.087,86.9,79,0.2945,1,1
NEU-509289,Control,B02,94.6,-63.21,199.1,6.66,116.1,-36.22,1.346,44.6,83,0.5136,1,1
NEU-508848,TreatmentA,B01,121.42,-63.24,165.8,12.76,126.7,-41.5,1.012,40.9,102,0.3913,1,1
NEU-505876,Control,B02,92.88,-58.96,107.6,11.45,65.9,-38.88,1.359,31.3,75,0.5404,1,0
NEU-500211,TreatmentA,B03,104.12,-61.96,381.0,17.51,122.1,-40.75,1.645,79.6,70,0.2153,1,0
NEU-505345,Control,B01,97.38,-64.95,253.2,19.51,143.0,-40.53,1.085,54.8,86,0.3902,0,1
NEU-505813,TreatmentA,B01,113.83,-56.27,139.8,14.01,104.5,-42.86,0.852,49.1,94,0.4386,1,0
NEU-501878,TreatmentB,B02,99.15,-69.71,233.2,19.96,56.4,-34.11,1.089,67.5,67,0.5866,0,0
NEU-502181,TreatmentA,B02,93.21,-61.9,307.7,14.33,149.8,-37.92,1.22,57.6,69,0.3243,0,1
NEU-501070,Control,B03,103.92,-64.91,166.0,12.85,133.2,-40.67,1.04,27.2,93,0.1983,0,1
NEU-509841,TreatmentB,B03,75.88,-71.24,345.2,19.82,46.4,-41.72,0.838,54.0,92,0.3388,0,0
NEU-507163,TreatmentB,B02,107.58,-68.92,316.8,10.67,128.9,-41.47,1.566,48.5,86,0.5154,0,0
NEU-507621,Control,B01,98.84,-53.96,158.6,12.2,199.7,-32.31,1.031,45.4,82,0.6307,1,0
NEU-500640,TreatmentB,B01,106.44,-73.5,340.9,12.23,59.4,-46.92,1.298,75.8,89,0.1856,0,0
NEU-501667,Control,B02,107.7,-59.6,103.7,13.02,116.3,-39.99,0.467,54.3,103,0.3752,0,0
NEU-500705,TreatmentA,B01,110.79,-59.7,269.8,16.16,109.4,-41.95,1.475,65.6,108,0.5415,1,1
NEU-507693,TreatmentA,B01,97.79,-62.91,235.0,12.51,70.0,-49.95,1.075,46.6,71,0.4447,0,1
NEU-507585,TreatmentA,B02,93.41,-59.43,176.5,20.29,133.5,-46.8,1.102,9.2,91,0.5147,0,1
NEU-505534,TreatmentB,B02,87.97,-64.53,139.2,11.17,32.3,-38.83,0.978,51.6,90,0.3832,1,0
NEU-503355,Control,B02,107.92,-58.0,235.0,10.34,113.0,-36.62,0.975,17.0,81,0.6905,0,0
NEU-504463,Control,B01,101.39,-76.06,132.3,12.45,164.0,-38.97,1.102,39.2,89,0.4778,1,0
NEU-502742,Control,B03,111.5,-60.72,128.8,9.83,118.2,-44.84,1.212,10.7,73,0.5491,1,0
NEU-505453,TreatmentB,B02,98.96,-59.24,201.7,10.52,57.8,-45.13,1.607,66.7,69,0.4595,1,0
NEU-505993,Control,B01,70.62,-53.54,173.8,11.28,210.6,-40.94,0.702,66.9,85,0.5155,1,0
NEU-501481,Control,B01,96.01,-63.6,289.5,12.52,125.8,-43.36,0.813,49.4,82,0.3328,0,1
NEU-505787,TreatmentA,B02,101.09,-74.01,321.4,27.85,151.5,-43.94,1.159,52.1,74,0.2989,1,0
NEU-505447,Control,B02,128.43,-70.66,143.0,19.08,210.2,-43.93,0.935,47.4,68,0.3264,1,0
NEU-503254,TreatmentB,B01,100.38,-75.59,245.7,6.96,54.7,-44.01,0.739,45.1,100,0.7833,0,0
NEU-504404,TreatmentA,B01,123.54,-59.84,473.3,12.83,104.2,-36.45,0.896,60.4,90,0.4438,0,0
NEU-500908,TreatmentA,B03,98.65,-67.92,154.0,16.02,-0.1,-36.17,1.528,37.9,74,0.4962,1,1
NEU-503187,Control,B01,79.84,-64.26,184.2,13.07,196.5,-39.36,1.055,65.5,85,0.3748,0,1
NEU-503563,Control,B02,94.82,-65.44,262.1,14.11,213.1,-40.01,0.956,38.5,86,0.4731,1,1
NEU-505515,TreatmentB,B02,88.57,-64.41,187.4,36.65,96.4,-43.65,1.866,98.6,94,0.1874,1,0
NEU-505764,TreatmentB,B01,92.22,-55.37,158.1,15.12,131.2,-44.35,1.081,79.6,92,0.1283,1,0
NEU-500192,Control,B01,87.43,-65.81,302.2,12.4,171.5,-45.27,1.294,46.5,77,0.1295,0,1
NEU-504667,TreatmentB,B01,122.43,-72.05,150.2,23.46,44.9,-39.87,1.474,75.1,86,0.3082,1,0
NEU-506202,Control,B03,96.79,-71.86,153.3,18.36,171.3,-35.77,1.181,34.1,82,0.5062,1,0
NEU-503737,TreatmentB,B02,112.59,-71.26,226.7,8.8,69.2,-45.66,0.963,43.8,77,0.4258,0,0
NEU-508271,TreatmentB,B01,79.16,-58.75,140.2,10.45,110.5,-41.63,0.916,68.4,77,0.4196,1,0
NEU-507854,TreatmentB,B03,74.41,-59.83,129.2,8.32,111.4,-40.57,0.899,82.7,83,0.2559,1,1
NEU-509974,Control,B02,97.62,-58.23,377.4,14.04,205.4,-51.05,0.934,40.8,98,0.2201,0,0
NEU-502364,TreatmentA,B01,88.64,-70.17,434.6,12.15,126.6,-35.03,0.998,70.3,83,0.1917,0,1
NEU-509875,Control,B03,106.0,-66.82,148.6,10.99,84.4,-46.55,0.747,42.6,103,0.354,0,1
NEU-504950,TreatmentB,B02,107.77,-73.02,305.6,13.83,36.6,-45.29,0.564,77.7,80,0.4584,1,0
NEU-509608,TreatmentB,B02,122.98,-67.57,185.3,13.44,66.1,-36.4,1.09,72.1,87,0.3617,1,1
NEU-500174,TreatmentB,B03,108.53,-69.89,157.8,11.97,-47.7,-44.83,0.898,76.0,78,0.6199,0,0
NEU-504237,Control,B02,102.86,-70.12,93.1,36.82,114.4,-48.54,1.39,37.2,80,0.1533,0,0
NEU-503633,Control,B02,86.76,-56.8,198.4,15.38,160.0,-42.77,0.874,42.1,90,0.4324,0,1
NEU-507939,TreatmentB,B01,101.46,-66.95,259.1,16.18,106.9,-33.01,0.624,88.9,83,0.2762,1,1
NEU-502905,TreatmentB,B03,100.48,-60.54,215.2,16.04,85.9,-42.16,2.586,56.2,79,0.2752,1,0
NEU-504845,Control,B01,104.87,-61.93,106.3,9.75,57.8,-41.66,1.546,37.0,72,0.3885,0,1
NEU-500882,Control,B01,99.87,-70.01,193.2,8.14,121.9,-45.65,1.199,17.3,81,0.334,0,1
NEU-505668,TreatmentB,B03,92.62,-72.02,193.4,13.25,117.7,-42.5,0.778,65.2,81,0.3808,0,1
NEU-502001,TreatmentA,B01,96.01,-73.17,195.7,9.7,113.0,-46.11,0.63,22.6,75,0.2573,0,1
NEU-506318,TreatmentB,B01,78.54,-67.44,129.3,7.54,83.4,-43.18,1.595,70.1,93,0.4583,1,1
NEU-504179,TreatmentA,B03,122.83,-56.22,147.2,7.89,97.6,-40.01,1.81,42.4,88,0.4012,1,0
NEU-502440,Control,B03,92.42,-63.02,206.4,21.59,70.3,-45.7,1.203,40.8,96,0.4449,1,1
NEU-506996,Control,B02,112.85,-78.41,234.5,19.0,91.1,-41.51,0.722,49.7,92,0.2308,1,0
NEU-506342,TreatmentA,B01,113.76,-64.24,146.5,8.94,29.2,-39.84,0.633,31.0,88,0.2529,0,1
NEU-505986,Control,B03,98.88,-63.7,342.0,14.57,98.9,-38.4,1.346,72.9,91,0.5221,0,1
NEU-507950,TreatmentA,B02,78.95,-66.27,172.5,11.71,64.9,-40.28,0.869,59.4,99,0.5449,1,1
NEU-506096,Control,B02,100.98,-59.57,131.0,21.96,195.0,-44.99,0.702,30.8,73,0.2472,0,0
NEU-504637,TreatmentA,B03,116.21,-59.26,214.0,11.91,69.0,-41.91,1.15,56.8,73,0.4387,1,0
NEU-500755,Control,B01,78.6,-78.79,231.3,14.14,81.9,-46.91,1.315,33.5,88,0.6185,0,0
NEU-500359,Control,B02,131.49,-66.39,214.2,14.53,152.2,-44.13,0.922,48.6,79,0.2514,0,1
NEU-506608,TreatmentA,B02,74.49,-62.5,324.0,17.22,132.8,-49.71,0.472,57.9,98,0.9296,0,1
NEU-504939,TreatmentB,B01,124.99,-62.23,162.0,8.86,55.3,-48.6,1.073,89.7,90,0.3246,1,1
NEU-500687,Control,B02,93.87,-61.67,230.4,8.59,143.6,-39.8,0.816,41.0,90,0.4216,0,0
NEU-508660,TreatmentA,B03,92.69,-68.95,233.3,16.89,100.6,-45.14,1.211,53.8,82,0.1872,1,0
NEU-504800,Control,B03,106.99,-79.69,146.4,18.06,92.0,-44.06,0.925,27.8,91,0.4928,0,0
NEU-506905,TreatmentA,B01,118.7,-57.76,135.3,12.69,75.1,-41.78,0.742,48.4,91,0.3261,1,1
NEU-502315,TreatmentB,B01,104.83,-58.15,188.8,14.6,27.4,-41.99,0.753,68.3,89,0.4516,0,0
NEU-504117,TreatmentB,B01,140.84,-57.34,211.2,22.42,25.8,-42.96,1.168,76.1,105,0.1877,1,0
NEU-500702,TreatmentB,B03,128.29,-70.5,147.9,16.39,116.5,-34.56,1.456,49.4,73,0.3393,1,1
NEU-508013,Control,B03,115.97,-72.98,192.4,7.61,100.7,-41.34,0.792,29.8,87,0.3219,0,1
NEU-503430,Control,B03,101.85,-73.45,173.4,18.79,63.2,-42.23,1.045,60.9,91,0.5693,1,1
NEU-503367,TreatmentB,B02,99.03,-67.62,106.5,16.1,63.2,-39.33,0.593,71.8,86,0.3229,0,1
NEU-506543,Control,B02,91.86,-70.06,142.0,9.64,104.2,-44.67,2.148,33.4,101,0.5498,1,0
NEU-509256,Control,B03,118.64,-64.05,278.9,21.96,133.3,-38.62,1.112,42.6,87,0.4415,0,1
NEU-507979,TreatmentB,B01,85.95,-60.79,170.0,9.92,72.8,-54.06,1.094,49.3,69,0.2226,1,1
NEU-506792,Control,B02,110.47,-59.78,359.6,6.96,166.0,-44.51,1.097,33.1,83,0.1783,0,1
NEU-509125,TreatmentA,B02,114.98,-57.35,236.0,10.22,10.1,-40.91,0.775,34.6,87,0.3058,0,0
NEU-505592,TreatmentA,B01,115.46,-59.53,339.2,9.44,41.1,-39.4,1.008,73.0,77,0.3495,1,1
NEU-500252,Control,B03,99.88,-63.9,116.9,14.48,111.0,-36.87,0.776,46.0,86,0.2946,0,0
NEU-508183,TreatmentB,B03,118.88,-68.08,90.8,7.85,80.8,-48.1,0.799,40.8,89,0.1739,0,1
NEU-500232,Control,B02,115.94,-72.65,165.9,26.08,168.6,-35.36,0.825,43.8,90,0.5176,0,1
NEU-503395,TreatmentA,B02,98.89,-66.75,204.6,13.07,91.2,-47.07,0.684,58.8,82,0.4079,1,1
NEU-504365,TreatmentA,B01,114.73,-63.74,127.9,18.64,93.7,-46.31,0.857,60.5,81,0.4837,0,1
NEU-506211,TreatmentB,B02,77.9,-71.39,121.4,21.79,62.3,-38.23,0.72,58.3,87,0.3887,0,0
NEU-505302,TreatmentA,B03,72.09,-63.97,124.7,26.0,136.3,-44.68,1.517,48.0,73,0.3601,1,1
NEU-509656,TreatmentB,B03,82.76,-65.72,118.6,6.99,116.5,-40.39,1.177,61.6,84,0.3315,1,1
NEU-506588,TreatmentA,B02,113.78,-61.28,313.7,13.69,95.6,-36.76,0.77,69.5,87,0.2476,1,0
NEU-507378,TreatmentA,B02,97.11,-62.34,99.2,17.51,68.7,-44.09,0.996,51.1,79,0.5373,0,1
NEU-507932,Control,B02,94.66,-66.0,214.6,9.87,163.2,-42.79,0.778,38.1,81,0.3114,0,1
NEU-502832,TreatmentA,B02,108.85,-60.01,139.1,9.91,146.1,-39.7,0.877,39.1,97,0.2215,0,1
NEU-500497,TreatmentB,B03,95.99,-65.73,293.9,14.39,70.3,-45.63,0.826,43.9,84,0.54,0,1
NEU-509476,TreatmentB,B01,102.45,-67.49,216.0,13.89,40.7,-39.52,0.66,62.2,73,0.5496,1,1
NEU-501163,TreatmentB,B01,94.2,-63.04,316.1,16.32,47.9,-43.34,1.127,73.3,69,0.28,1,0
NEU-506311,TreatmentB,B03,91.31,-67.71,135.9,9.59,93.1,-40.91,1.134,55.7,99,0.3158,1,0
NEU-500393,TreatmentB,B02,92.21,-67.05,136.1,29.04,48.4,-50.16,1.408,48.7,85,0.2941,1,0
NEU-505394,TreatmentA,B03,88.12,-66.44,251.7,20.39,106.1,-44.32,1.089,48.4,100,0.6297,0,1
NEU-508142,Control,B01,113.17,-67.59,101.9,15.0,97.5,-43.36,1.485,48.6,96,0.3895,1,1
NEU-506863,TreatmentA,B03,112.64,-57.8,78.7,30.05,72.1,-41.72,0.998,30.8,68,0.5203,0,1
NEU-500091,TreatmentA,B02,93.52,-67.94,181.7,23.85,104.7,-38.89,1.667,46.2,76,0.2463,1,0
NEU-502659,Control,B02,126.98,-62.04,380.9,19.84,140.1,-43.97,1.515,53.8,84,0.2363,0,0
NEU-502513,TreatmentA,B02,113.04,-64.35,148.3,19.64,155.9,-35.09,1.072,62.1,85,0.4913,1,1
NEU-506271,TreatmentB,B02,90.56,-67.59,328.7,18.49,50.2,-37.84,0.992,45.6,89,0.3612,0,0
NEU-508024,TreatmentB,B03,90.61,-62.43,211.8,8.13,132.1,-45.37,1.026,81.8,92,0.653,0,0
NEU-508878,TreatmentB,B01,117.03,-63.4,126.8,14.49,117.7,-41.1,1.112,58.4,85,0.4299,1,0
NEU-508607,TreatmentB,B01,92.48,-71.64,214.0,10.15,96.4,-38.78,1.605,61.0,86,0.3756,0,0
NEU-500188,Control,B01,118.56,-71.06,137.5,6.77,158.6,-41.18,1.12,58.8,93,0.3304,0,1
NEU-509948,Control,B03,94.03,-73.46,137.4,15.65,165.4,-42.48,0.942,32.6,92,0.1864,0,0
NEU-509441,Control,B02,96.32,-70.6,203.2,10.56,128.9,-47.84,0.916,22.2,90,0.1813,1,1
NEU-502546,Control,B02,115.59,-74.48,158.2,11.74,145.5,-45.52,0.8,29.7,78,0.4968,1,0
NEU-501212,Control,B03,108.19,-64.11,208.7,14.84,97.5,-45.85,1.064,48.6,114,0.4634,0,1
NEU-502346,TreatmentA,B02,83.9,-60.04,107.2,6.72,97.4,-43.6,0.672,55.3,85,0.2036,1,1
NEU-500446,TreatmentB,B01,91.94,-65.54,187.8,9.76,57.7,-41.36,1.16,73.7,82,0.662,1,0
NEU-503531,TreatmentA,B01,70.59,-50.49,161.7,9.54,82.9,-46.55,0.931,51.1,88,0.2784,1,0
NEU-502193,TreatmentB,B03,104.36,-78.28,234.6,16.34,108.4,-43.89,1.16,59.6,93,0.5165,1,1
NEU-500299,TreatmentB,B01,103.65,-66.77,59.0,7.08,51.6,-33.48,1.062,56.0,84,0.477,1,0
NEU-505105,TreatmentB,B03,104.24,-70.06,345.0,10.55,86.3,-38.29,0.699,80.9,93,0.4861,0,0
NEU-508856,TreatmentA,B03,141.48,-59.41,141.8,19.64,78.8,-45.73,0.507,45.3,97,0.349,1,0
NEU-508952,Control,B03,121.01,-71.1,94.5,13.74,95.0,-39.25,0.92,45.1,73,0.3289,1,0
NEU-508331,TreatmentA,B01,110.02,-67.52,360.1,7.58,116.5,-39.72,1.852,73.7,78,0.6739,1,0
NEU-501989,TreatmentB,B02,106.41,-59.74,50.3,8.81,133.2,-52.82,1.481,68.7,99,0.1934,1,1
NEU-505903,TreatmentA,B02,102.25,-61.84,209.6,22.23,104.7,-35.05,0.765,45.7,94,0.476,0,1
NEU-502728,TreatmentB,B01,68.53,-63.13,92.4,21.67,1.7,-44.34,0.954,67.7,83,0.3444,0,1
NEU-508360,TreatmentA,B03,92.25,-65.33,234.6,20.25,33.8,-40.01,1.023,59.9,88,0.3536,0,1
NEU-502599,Control,B03,123.3,-65.32,204.8,14.66,66.2,-41.79,0.937,49.4,77,0.1521,0,1
NEU-501990,TreatmentB,B01,89.6,-63.53,157.2,11.23,73.7,-43.84,1.57,69.7,82,0.191,1,1
NEU-507489,TreatmentA,B02,89.33,-70.09,213.8,16.92,94.8,-50.62,1.341,66.6,80,0.2344,1,0
NEU-502469,TreatmentA,B02,88.96,-60.16,215.1,9.68,155.3,-45.46,1.156,51.6,89,0.5181,0,0
NEU-502814,TreatmentB,B02,120.3,-53.94,116.7,4.55,134.4,-45.06,0.78,50.1,63,0.2461,0,1
NEU-501573,TreatmentB,B03,93.61,-60.26,265.0,9.65,78.6,-43.18,1.41,58.4,94,0.6115,1,0
NEU-504930,TreatmentB,B01,100.61,-64.09,229.9,9.31,93.2,-36.23,0.933,85.1,97,0.397,1,1
NEU-503442,TreatmentA,B01,91.45,-55.8,157.7,9.56,53.1,-43.36,1.398,56.0,91,0.3083,0,0
NEU-503293,TreatmentA,B03,79.47,-59.68,170.5,8.46,123.6,-45.53,0.878,60.9,60,0.429,1,1
NEU-501260,TreatmentA,B02,103.04,-61.34,359.6,11.83,59.1,-35.85,0.716,44.0,85,0.2071,0,1
NEU-509533,TreatmentB,B02,89.3,-63.43,205.2,17.42,27.1,-44.9,1.462,32.6,82,0.5179,0,1
NEU-502800,Control,B03,91.4,-55.22,191.1,10.21,154.9,-43.75,0.921,51.5,91,0.6459,1,0
NEU-500558,TreatmentA,B02,109.19,-72.56,135.4,13.69,55.8,-38.26,1.226,28.3,86,0.5278,1,0
NEU-508286,Control,B01,97.5,-54.81,173.9,18.92,99.2,-44.48,1.305,27.3,89,0.2883,1,0
NEU-507824,Control,B01,100.43,-67.04,145.6,13.15,182.4,-46.06,1.071,42.3,92,0.3784,0,1
NEU-508891,TreatmentA,B02,93.88,-70.59,428.2,17.56,90.7,-43.84,0.925,39.8,78,0.3571,0,0
NEU-507757,TreatmentB,B01,98.83,-67.07,129.7,15.69,44.5,-39.53,1.627,42.3,101,0.3128,1,1
NEU-500379,TreatmentA,B01,82.53,-55.5,275.2,7.58,208.7,-41.84,1.14,49.2,73,0.6342,1,0
NEU-508809,TreatmentB,B02,110.1,-60.68,108.5,7.12,89.5,-45.28,1.264,48.0,80,0.4152,0,1
NEU-505005,TreatmentA,B03,102.61,-54.15,138.0,21.52,156.6,-44.56,0.937,48.1,86,0.4997,0,0
NEU-504789,TreatmentB,B02,106.66,-57.28,101.7,12.86,117.4,-41.39,0.6,33.7,89,0.3078,0,0
NEU-507025,TreatmentA,B01,105.23,-63.56,124.7,8.65,83.0,-40.62,0.848,42.3,96,0.5087,0,1
NEU-505781,TreatmentB,B03,94.88,-63.08,205.9,9.41,106.7,-42.61,0.678,52.2,90,0.2675,0,1
NEU-505210,TreatmentB,B02,104.39,-56.46,233.2,9.64,137.6,-37.72,1.205,71.0,79,0.4459,0,0
NEU-508897,Control,B02,105.94,-66.03,95.4,13.05,168.5,-40.75,0.783,32.6,77,0.3347,0,0
NEU-500099,Control,B01,115.29,-61.43,114.4,7.5,108.6,-48.96,1.302,28.9,90,0.5416,1,0
NEU-506852,Control,B01,92.53,-64.94,116.6,10.71,101.4,-33.52,1.119,41.5,109,0.4959,0,1
NEU-506338,Control,B03,101.5,-66.16,153.2,6.85,99.3,-42.12,1.017,52.8,62,0.1791,1,1
NEU-508326,TreatmentB,B03,82.25,-60.69,424.7,19.84,10.8,-44.4,1.018,57.4,94,0.3495,0,0
NEU-509998,Control,B03,127.86,-67.22,195.6,9.4,153.7,-34.41,0.917,36.9,95,0.2446,0,1
NEU-509586,Control,B03,109.94,-57.36,339.0,15.87,130.9,-48.16,0.758,26.6,94,0.1333,0,0
NEU-507320,Control,B02,104.22,-56.66,201.4,8.23,111.9,-35.28,0.878,52.0,88,0.6549,1,0
NEU-505008,TreatmentA,B01,121.53,-59.24,106.7,12.53,122.8,-43.62,0.518,50.9,70,0.4783,1,0
NEU-503311,Control,B01,81.79,-65.95,170.8,19.31,48.4,-39.35,1.247,34.7,90,0.6519,0,1
NEU-501323,TreatmentA,B02,103.77,-70.86,109.6,12.95,178.9,-42.35,0.906,54.3,99,0.3643,1,0
NEU-502805,TreatmentA,B02,81.33,-61.92,200.0,15.72,139.9,-42.19,0.682,54.5,85,0.4898,0,1
NEU-507098,Control,B02,104.36,-64.2,198.7,7.79,103.9,-48.44,0.993,34.7,92,0.6451,0,0
NEU-501766,Control,B03,115.33,-61.82,143.6,40.45,109.5,-43.87,1.283,39.2,79,0.3447,1,0
NEU-506604,TreatmentB,B01,95.61,-57.14,134.9,31.24,84.6,-43.42,1.006,50.4,77,0.6325,1,1
NEU-506986,TreatmentB,B03,74.53,-63.83,131.9,18.78,98.8,-38.12,0.665,61.5,90,0.665,0,1
NEU-508051,TreatmentB,B02,111.22,-71.2,276.9,16.68,20.7,-42.4,2.028,55.7,84,0.1897,1,0
NEU-504436,TreatmentB,B01,90.93,-69.69,161.5,17.79,61.1,-44.96,1.224,68.5,85,0.3853,0,1
NEU-504906,TreatmentA,B01,111.84,-66.06,184.7,12.47,117.4,-40.07,2.021,52.6,87,0.432,1,1
NEU-508316,TreatmentA,B02,114.19,-52.63,232.4,8.04,145.3,-37.26,0.81,47.5,86,0.5036,0,0
NEU-503636,Control,B01,95.52,-61.41,87.2,15.94,137.3,-36.64,0.874,48.3,60,0.5303,1,1
NEU-500821,Control,B03,106.45,-61.67,125.4,16.59,140.5,-41.64,1.022,47.6,68,0.6014,0,1
NEU-504674,TreatmentB,B02,82.08,-63.25,68.5,12.88,46.9,-41.33,0.992,44.2,92,0.6268,0,1
NEU-507532,TreatmentB,B03,106.21,-56.71,163.3,26.88,98.7,-38.34,0.994,37.5,89,0.2367,0,0
NEU-503267,TreatmentA,B02,86.88,-67.77,153.0,22.16,66.0,-51.62,0.884,68.7,99,0.349,1,1
NEU-505462,TreatmentA,B01,100.74,-55.59,90.3,22.66,93.7,-42.72,1.153,64.1,85,0.3131,1,0
NEU-500295,TreatmentB,B02,87.52,-63.38,140.1,15.58,68.8,-41.41,1.526,70.6,84,0.2987,1,1
NEU-501776,Control,B03,95.17,-64.93,161.6,13.3,180.2,-42.84,0.997,41.2,84,0.49,1,1
NEU-506746,Control,B03,81.22,-61.34,390.9,10.71,104.7,-35.63,1.374,56.8,91,0.4169,0,0
NEU-508296,TreatmentA,B01,119.16,-63.69,135.3,19.67,158.0,-43.77,1.119,15.9,98,0.4423,0,1
NEU-503072,TreatmentA,B01,122.96,-64.3,309.4,11.12,76.1,-40.01,0.61,47.9,94,0.5958,0,1
NEU-500914,Control,B02,90.92,-63.93,251.4,7.18,98.2,-46.58,1.127,10.6,84,0.3969,0,1
NEU-503673,TreatmentB,B03,102.68,-53.75,153.4,13.11,81.1,-36.23,1.141,63.6,88,0.358,1,0
NEU-509253,TreatmentB,B03,89.99,-60.82,186.6,18.35,61.9,-35.86,0.755,75.1,79,0.4153,0,0
NEU-500358,Control,B02,105.14,-54.71,96.9,11.02,88.3,-42.56,1.547,17.4,91,0.3363,0,0
NEU-509121,Control,B01,64.16,-65.74,151.4,13.66,121.3,-40.17,0.938,34.0,88,0.5143,0,1
NEU-501225,TreatmentB,B01,99.24,-63.68,258.7,21.51,40.1,-41.02,1.25,60.0,100,0.3916,1,1
NEU-506253,Control,B01,83.49,-71.61,210.3,13.72,203.3,-36.61,0.979,41.5,81,0.381,0,0
NEU-501668,TreatmentB,B01,100.98,-67.93,177.5,13.3,129.5,-36.1,1.461,80.6,91,0.3115,1,1
NEU-503365,TreatmentA,B01,120.7,-54.03,202.2,20.89,67.9,-45.35,1.232,45.5,87,0.3008,0,0
NEU-505222,TreatmentB,B02,71.63,-62.45,207.0,6.57,105.2,-40.36,1.229,70.4,86,0.7764,1,0
NEU-505499,TreatmentB,B03,66.91,-72.06,150.7,18.3,51.8,-44.16,0.989,44.2,87,0.2414,0,0
NEU-500218,TreatmentB,B01,115.61,-73.39,284.2,17.31,73.1,-37.79,0.784,99.0,80,0.2732,1,0
NEU-505153,TreatmentB,B03,115.72,-69.31,341.7,12.89,101.3,-43.11,0.72,82.4,87,0.4689,0,1
NEU-504652,TreatmentB,B02,115.09,-68.36,219.0,14.74,57.9,-38.86,2.391,47.2,100,0.2839,1,0
NEU-507999,TreatmentB,B01,99.05,-66.37,145.8,10.75,-16.4,-39.08,2.056,56.7,91,0.2479,1,1
NEU-504699,TreatmentB,B03,103.78,-61.95,135.0,19.62,83.9,-45.21,1.392,58.7,77,0.7642,1,1
NEU-508239,TreatmentA,B03,94.73,-67.83,157.1,13.97,-5.0,-39.34,0.787,42.9,96,0.4008,1,0
NEU-506699,Control,B03,114.37,-60.73,236.2,10.09,37.2,-37.98,0.936,19.0,88,0.2822,0,1
NEU-507754,Control,B02,103.78,-57.21,270.7,12.04,59.0,-35.9,0.519,52.6,92,0.2196,0,0
NEU-508616,TreatmentB,B03,134.71,-61.94,80.1,10.26,96.7,-42.54,1.023,41.2,77,0.4168,0,1
NEU-507863,TreatmentA,B01,82.68,-58.43,223.6,17.37,138.9,-36.94,1.343,56.5,93,0.6312,1,1
NEU-504298,Control,B03,131.88,-76.2,121.0,14.35,134.6,-38.14,1.136,39.9,82,0.1378,1,0
NEU-505606,TreatmentA,B03,109.2,-66.11,84.0,9.13,93.2,-48.59,1.016,56.7,94,0.4811,1,1
NEU-508989,TreatmentA,B01,113.3,-66.12,128.8,8.96,99.6,-44.1,1.163,48.0,79,0.1252,1,1
NEU-505292,TreatmentA,B02,79.21,-73.13,104.9,23.58,115.2,-41.53,1.317,53.7,101,0.1824,1,0
NEU-505753,TreatmentB,B02,98.34,-64.9,117.9,10.36,99.5,-37.89,0.793,66.6,70,0.1561,1,1
NEU-503394,TreatmentA,B03,97.39,-61.15,96.4,8.34,12.4,-39.5,1.208,44.9,78,0.6665,0,0
NEU-502665,TreatmentA,B02,69.15,-71.12,167.2,5.41,119.3,-49.52,0.859,41.6,81,0.4715,1,0
NEU-508278,Control,B01,108.22,-72.03,130.4,15.2,151.0,-40.71,0.916,33.0,95,0.1669,0,0
NEU-504209,TreatmentB,B01,123.09,-57.99,144.4,33.51,51.9,-47.8,1.07,62.3,86,0.5359,1,1
NEU-506834,TreatmentA,B01,117.03,-57.85,180.8,23.34,98.5,-39.42,0.903,65.7,70,0.4064,1,1
NEU-504539,Control,B03,102.16,-69.33,133.9,14.25,82.2,-40.7,0.89,16.9,82,0.3907,0,0
NEU-503615,TreatmentA,B02,97.56,-62.81,127.2,29.79,221.2,-41.38,1.698,79.2,93,0.0828,1,1
NEU-502690,TreatmentA,B03,104.35,-69.17,195.5,15.33,68.8,-44.21,1.16,53.9,102,0.4731,0,0
NEU-508228,Control,B01,99.99,-72.49,587.4,18.05,129.3,-40.27,1.243,24.6,72,0.4281,0,0
NEU-508537,TreatmentA,B01,115.84,-63.73,133.8,7.43,123.4,-42.29,0.855,52.4,91,0.4627,1,1
NEU-506557,TreatmentB,B01,135.65,-55.98,144.6,15.37,38.9,-45.07,1.407,47.1,81,0.6179,0,1
NEU-503210,TreatmentB,B02,96.01,-70.55,124.5,20.93,116.0,-46.67,0.914,54.2,84,0.3385,1,0
NEU-507574,TreatmentA,B01,75.49,-61.32,85.2,15.1,67.9,-44.81,0.987,55.1,101,0.4572,1,1
NEU-500275,TreatmentB,B02,85.92,-47.42,297.8,17.26,125.3,-46.22,1.321,58.6,103,0.1767,0,0
NEU-506963,Control,B02,94.29,-55.39,179.1,10.06,128.1,-46.8,0.972,34.7,79,0.5447,0,0
NEU-505330,TreatmentA,B01,110.4,-72.23,297.2,11.31,49.8,-47.84,1.287,57.2,97,0.3046,0,0
NEU-503862,TreatmentB,B02,84.18,-54.83,87.8,25.25,49.7,-36.7,1.442,54.7,86,0.4375,1,0
NEU-500122,TreatmentB,B03,79.17,-74.66,177.4,14.37,170.2,-38.95,0.793,72.5,81,0.3615,1,0
NEU-506589,Control,B02,100.03,-60.35,149.4,17.84,204.9,-41.96,0.825,54.6,69,0.5012,0,1
NEU-504214,Control,B03,113.21,-74.42,211.6,5.11,214.8,-47.85,0.844,56.4,82,0.3843,0,0
NEU-507187,TreatmentB,B02,111.22,-63.1,413.4,6.24,74.7,-39.49,2.166,43.3,85,0.5308,1,0
NEU-508719,TreatmentA,B03,78.3,-58.22,284.7,15.72,86.0,-34.01,0.903,55.5,61,0.4016,0,0
NEU-508935,TreatmentB,B01,124.49,-60.58,508.8,19.97,74.8,-43.24,0.715,59.5,87,0.4313,0,0
NEU-505205,TreatmentB,B03,87.82,-66.6,151.1,8.41,62.6,-40.62,1.167,55.9,87,0.6395,1,0
NEU-509661,TreatmentB,B02,103.55,-64.53,176.0,8.69,118.9,-43.67,0.79,72.0,89,0.5356,1,0
NEU-506460,TreatmentB,B02,95.54,-83.67,99.9,16.55,25.2,-47.5,0.752,85.1,77,0.2577,1,0
NEU-509886,TreatmentA,B01,100.32,-63.24,141.3,11.19,94.6,-42.37,1.269,72.4,70,0.1871,0,1
NEU-502564,TreatmentB,B02,111.2,-76.01,234.4,7.95,36.0,-43.33,2.154,61.4,81,0.4526,1,0
NEU-500383,Control,B01,111.93,-68.63,158.7,18.54,99.6,-37.51,1.515,65.7,96,0.5033,1,1
NEU-509295,TreatmentA,B02,124.66,-71.74,315.6,8.54,80.9,-31.71,1.437,53.5,91,0.3638,0,0
NEU-508495,Control,B03,98.3,-58.62,117.8,6.71,153.1,-40.86,0.862,53.4,105,0.3073,1,0
NEU-508884,TreatmentA,B02,115.35,-68.38,151.5,8.68,44.6,-39.35,1.322,53.4,71,0.3185,1,1
NEU-508224,TreatmentA,B02,85.57,-59.81,192.2,16.37,108.4,-40.86,0.882,43.8,63,0.3145,0,1
NEU-505939,Control,B02,109.17,-69.33,108.4,21.15,113.1,-46.49,1.316,34.8,80,0.517,0,1
NEU-505490,Control,B03,109.43,-66.7,334.4,10.09,133.2,-46.29,1.265,36.6,78,0.484,0,0
NEU-509865,TreatmentA,B03,115.93,-75.0,137.3,17.66,75.7,-40.19,1.439,68.7,95,0.3238,1,0
NEU-509705,TreatmentA,B02,87.37,-62.27,167.5,5.66,168.7,-36.38,1.169,29.8,100,0.3014,1,1
NEU-506381,TreatmentA,B02,80.15,-71.52,370.4,11.17,53.5,-40.83,0.63,45.1,86,0.4823,0,0
NEU-502630,TreatmentA,B03,91.36,-64.31,100.6,15.9,68.0,-29.2,0.559,48.5,97,0.5628,0,1
NEU-500549,TreatmentB,B03,81.29,-76.11,309.7,4.95,47.5,-38.99,0.916,48.4,91,0.3994,0,0
NEU-509940,TreatmentA,B02,101.96,-58.59,85.8,3.92,159.0,-43.89,0.726,49.8,95,0.6111,0,0
NEU-507140,Control,B02,127.62,-65.66,169.7,13.83,103.3,-39.76,1.212,50.6,81,0.5342,0,1
NEU-507736,Control,B02,124.57,-78.33,138.2,25.39,206.9,-43.39,1.163,7.0,80,0.3345,0,0
NEU-508070,TreatmentB,B03,95.7,-64.86,243.9,24.95,56.3,-40.68,1.153,63.6,90,0.4294,1,1
NEU-501044,TreatmentA,B01,99.45,-64.26,160.8,8.7,110.4,-40.31,1.003,48.1,97,0.7121,0,0
NEU-500233,TreatmentA,B01,84.97,-58.17,128.1,9.54,87.1,-38.02,0.975,49.8,93,0.5971,0,0
NEU-505642,TreatmentB,B01,93.08,-67.06,313.6,12.33,68.4,-37.42,0.95,63.7,86,0.4765,0,1
NEU-508272,Control,B01,81.83,-65.59,222.8,6.73,89.5,-45.93,0.944,66.0,95,0.257,0,1
NEU-507820,Control,B02,73.81,-60.77,77.0,21.58,162.7,-37.85,0.649,55.3,76,0.4415,0,0
NEU-500337,Control,B02,78.13,-68.13,156.2,16.21,109.9,-42.73,1.695,35.8,82,0.1899,1,0
NEU-500193,TreatmentA,B01,122.02,-48.57,248.6,13.9,107.9,-38.0,1.136,79.2,95,0.6407,1,0
NEU-506193,TreatmentA,B01,95.7,-59.8,314.5,12.24,156.0,-40.02,0.917,15.0,88,0.5123,0,0
NEU-500011,TreatmentB,B01,121.23,-71.13,129.9,28.22,99.4,-39.31,1.089,69.8,78,0.2581,1,0
NEU-501020,TreatmentB,B03,65.25,-77.87,91.5,22.65,61.8,-46.08,1.715,84.1,82,0.368,1,0
NEU-505429,TreatmentA,B02,92.94,-61.56,271.6,21.12,116.0,-33.93,0.7,65.9,77,0.576,1,0
NEU-503462,TreatmentA,B03,121.67,-67.18,171.2,22.09,45.9,-42.18,0.869,44.1,80,0.3127,0,0
NEU-505019,TreatmentB,B02,61.42,-57.72,107.3,14.58,109.3,-36.78,1.526,45.6,65,0.2912,1,0
NEU-503490,TreatmentA,B02,108.38,-58.79,373.5,10.09,164.9,-39.06,1.061,50.2,96,0.2449,0,1
NEU-509654,Control,B02,116.59,-60.08,327.7,17.05,95.6,-47.3,1.481,38.6,87,0.145,0,0
NEU-503934,TreatmentB,B01,112.05,-61.79,152.4,12.65,140.4,-46.25,0.746,60.6,79,0.2748,0,1
NEU-503728,Control,B01,104.56,-65.11,103.5,28.64,120.8,-48.66,0.702,36.7,77,0.262,0,1
NEU-506260,TreatmentB,B02,89.13,-70.11,167.7,5.58,135.3,-44.63,0.559,32.5,75,0.23,0,1
NEU-509072,TreatmentA,B02,116.7,-70.26,94.0,16.63,60.2,-50.06,1.037,40.6,102,0.3852,0,1
NEU-504050,Control,B03,80.64,-61.08,154.3,7.92,118.7,-43.67,1.132,45.5,72,0.6485,0,0
NEU-505527,Control,B01,121.19,-63.71,168.9,11.02,98.2,-42.09,1.279,49.5,103,0.2351,0,1
NEU-500078,TreatmentA,B01,106.79,-57.76,387.9,24.12,172.3,-44.11,0.517,40.1,92,0.56,0,1
NEU-502092,TreatmentA,B01,85.89,-56.76,114.6,13.09,121.2,-58.61,1.026,65.1,101,0.4125,1,0
NEU-505752,TreatmentB,B03,101.96,-62.86,190.1,21.54,42.7,-40.36,0.613,54.3,92,0.1316,0,0
NEU-506864,Control,B03,82.42,-60.59,148.6,12.02,131.8,-38.99,0.687,62.2,85,0.6676,1,0
NEU-504961,TreatmentB,B01,100.66,-62.92,235.1,12.09,7.8,-39.33,0.975,63.4,88,0.507,1,0
NEU-508926,TreatmentA,B03,117.88,-65.03,207.7,12.27,79.6,-39.56,1.03,59.7,85,0.4809,0,0
NEU-502931,TreatmentA,B02,85.77,-65.58,225.1,12.57,116.5,-36.46,1.437,31.7,88,0.4804,0,1
NEU-505588,Control,B01,87.46,-71.47,437.2,25.32,83.0,-33.32,2.686,48.0,77,0.1997,0,0
NEU-504822,TreatmentB,B02,101.19,-80.06,219.1,15.0,41.7,-42.67,1.109,64.6,93,0.5761,1,0
NEU-502091,TreatmentB,B01,91.12,-59.67,148.3,23.88,85.9,-42.17,1.561,70.5,82,0.4908,1,1
NEU-500501,TreatmentA,B03,123.13,-63.92,99.1,12.06,38.4,-42.13,1.576,39.3,80,0.6117,1,1
NEU-500330,TreatmentB,B01,97.39,-65.49,137.9,13.91,57.0,-46.16,1.31,63.0,86,0.1688,1,1
NEU-500162,Control,B01,129.77,-60.79,156.8,14.24,92.8,-44.4,0.903,38.8,83,0.4448,0,0
NEU-508821,Control,B01,104.08,-67.67,301.6,9.83,102.4,-39.12,1.043,38.8,86,0.3872,0,1
NEU-507359,TreatmentA,B03,101.72,-67.24,216.8,9.52,101.7,-38.68,0.677,64.7,80,0.4138,0,0
NEU-503496,Control,B02,90.84,-62.67,182.7,21.55,138.3,-46.33,0.676,32.5,96,0.5127,0,1
NEU-507677,TreatmentA,B01,86.58,-63.24,122.0,10.74,111.2,-42.32,1.201,62.2,90,0.4545,1,0
NEU-509261,TreatmentB,B02,97.78,-66.88,226.6,9.45,67.1,-35.55,1.038,66.5,91,0.4004,0,1
NEU-502603,TreatmentB,B01,106.7,-64.03,176.2,12.38,70.1,-38.3,0.623,55.4,79,0.5854,1,1
NEU-508125,TreatmentA,B02,74.95,-58.02,159.8,16.45,54.2,-50.57,0.717,64.6,95,0.2897,0,0
NEU-508852,Control,B03,70.47,-63.34,289.9,13.55,130.6,-38.86,0.95,40.0,72,0.4127,0,0
NEU-505238,TreatmentA,B01,98.86,-71.25,159.5,12.39,134.6,-40.0,0.588,61.8,94,0.4563,0,0
NEU-508628,Control,B02,81.72,-62.71,150.4,29.73,104.6,-46.16,1.208,32.3,98,0.2933,0,1
NEU-508402,TreatmentB,B03,77.23,-67.27,263.5,23.05,116.2,-42.35,0.773,56.5,93,0.7193,0,1
NEU-505625,TreatmentA,B02,90.9,-62.27,444.6,9.55,127.0,-40.02,1.163,76.9,74,0.2002,0,1
NEU-502532,Control,B01,106.59,-77.73,165.9,9.18,158.9,-46.79,1.111,50.3,94,0.272,0,0
NEU-509420,TreatmentA,B01,69.73,-63.04,523.9,14.62,128.1,-42.31,0.554,57.8,94,0.3587,0,0
NEU-500517,Control,B03,117.64,-64.38,304.3,13.93,139.0,-37.16,1.444,51.3,84,0.2883,1,0
NEU-505240,TreatmentA,B02,73.08,-68.63,149.9,15.82,129.8,-43.2,0.848,44.5,83,0.5235,1,1
NEU-509078,TreatmentA,B03,94.06,-65.21,107.3,8.89,84.4,-42.56,0.765,52.0,85,0.4763,1,1
NEU-505379,Control,B02,87.93,-66.69,196.8,5.89,81.9,-40.72,1.539,26.7,83,0.6163,0,0
NEU-501552,TreatmentA,B02,133.53,-71.15,132.3,8.75,72.3,-36.63,0.884,60.4,81,0.2924,1,1
NEU-508156,TreatmentB,B01,97.07,-63.73,172.3,18.4,110.9,-43.17,0.976,77.8,84,0.2861,0,1
NEU-505365,TreatmentB,B01,108.56,-57.02,163.4,9.12,53.5,-44.32,0.9,50.4,73,0.4088,1,0
NEU-506129,TreatmentA,B03,122.04,-68.09,104.6,25.72,97.8,-39.42,0.683,37.6,97,0.2828,0,0
NEU-505150,TreatmentB,B03,115.93,-57.7,174.7,6.9,14.9,-45.2,0.859,51.0,86,0.363,1,0
NEU-504123,Control,B02,109.76,-43.29,241.7,20.94,123.8,-43.44,0.919,44.2,86,0.1779,0,0
NEU-509262,TreatmentB,B01,86.03,-58.44,190.6,10.65,56.9,-46.29,0.663,57.6,96,0.2954,0,0
NEU-505699,TreatmentA,B03,91.08,-66.6,260.1,14.41,118.8,-43.03,1.075,50.5,87,0.2235,0,1
NEU-505021,TreatmentB,B03,100.8,-54.06,185.6,14.07,47.0,-43.34,1.526,72.7,81,0.7328,1,0
NEU-501591,Control,B02,107.63,-66.15,154.1,18.97,105.5,-41.39,0.982,54.3,81,0.375,1,1
NEU-503014,TreatmentA,B03,105.93,-66.6,390.9,10.75,114.4,-42.5,1.045,65.5,90,0.3201,0,1
NEU-502921,Control,B01,103.45,-70.4,203.3,19.55,159.1,-37.16,1.224,54.7,77,0.354,0,1
NEU-504557,TreatmentA,B01,107.56,-67.81,173.0,9.4,102.6,-37.87,0.789,57.3,92,0.3555,0,1
NEU-507236,Control,B01,97.31,-71.87,192.3,18.15,148.8,-41.02,1.157,24.7,87,0.5606,1,1
NEU-506293,Control,B02,100.78,-56.69,280.8,20.15,203.1,-43.97,0.845,66.4,78,0.5094,1,1
NEU-504293,Control,B01,110.65,-61.17,450.1,4.2,106.0,-52.69,1.084,59.4,78,0.6039,0,0
NEU-507730,TreatmentB,B01,90.48,-62.63,198.8,22.76,98.1,-45.36,0.907,71.8,89,0.4823,1,1
NEU-504496,TreatmentB,B01,120.19,-65.52,214.9,8.55,62.8,-41.75,1.194,87.1,76,0.4749,1,0
NEU-502207,Control,B01,86.79,-62.14,148.5,15.11,91.1,-41.79,1.248,41.1,96,0.5691,0,1
NEU-505961,Control,B02,112.26,-63.97,170.5,14.44,131.1,-40.01,0.546,50.8,89,0.356,0,1
NEU-507173,TreatmentB,B02,99.26,-70.16,148.4,7.67,33.6,-41.35,1.165,57.3,65,0.2698,1,1
NEU-508647,TreatmentA,B03,83.32,-52.84,156.1,17.36,89.5,-44.79,0.977,24.5,89,0.3284,0,0
NEU-500656,TreatmentB,B02,80.84,-59.37,129.4,14.84,85.8,-40.99,1.031,89.8,86,0.1716,1,0
NEU-503321,TreatmentA,B01,95.84,-65.96,182.4,14.45,110.1,-35.68,0.833,72.5,85,0.5987,1,1
NEU-506558,TreatmentA,B03,99.66,-70.07,209.1,8.24,133.2,-40.56,1.522,37.4,92,0.3553,0,0
NEU-501019,Control,B02,117.35,-65.62,246.7,4.37,141.9,-44.31,0.734,42.2,92,0.5074,0,0
NEU-501071,TreatmentB,B03,95.82,-71.97,144.6,9.53,75.3,-44.3,1.525,44.8,75,0.1998,0,0
NEU-507840,Control,B03,86.71,-78.2,139.1,15.19,131.2,-39.32,1.155,46.2,86,0.4795,0,0
NEU-503346,TreatmentA,B01,59.69,-59.11,158.4,15.18,93.3,-48.46,1.024,47.9,84,0.3992,1,1
NEU-509922,Control,B03,88.92,-65.95,158.5,17.87,171.2,-40.32,0.986,44.2,82,0.6635,0,1
NEU-506447,TreatmentA,B02,73.16,-65.74,209.0,15.79,141.5,-32.26,1.319,44.3,74,0.7276,1,1
NEU-509258,TreatmentB,B01,99.42,-64.32,195.6,17.62,43.5,-38.86,0.626,54.4,78,0.537,0,1
NEU-504812,Control,B02,105.77,-74.83,110.9,13.76,123.5,-35.48,0.837,47.8,78,0.2114,0,0
NEU-505672,TreatmentA,B02,109.27,-66.85,221.8,7.81,85.0,-39.44,0.945,68.4,85,0.4548,1,0
NEU-500445,TreatmentA,B01,73.35,-63.09,206.8,15.68,141.5,-39.19,1.691,47.0,90,0.3935,1,1
NEU-506392,TreatmentA,B03,123.55,-64.1,69.3,34.61,142.6,-32.15,1.213,69.3,91,0.7391,1,1
NEU-502618,TreatmentB,B03,106.29,-63.49,124.4,9.91,116.3,-39.93,1.354,80.7,78,0.4969,1,0
NEU-509463,Control,B03,105.54,-66.78,243.1,11.18,115.6,-41.34,0.777,34.9,100,0.2507,0,1
NEU-509803,TreatmentB,B01,90.73,-65.12,224.0,10.34,61.3,-47.5,1.413,73.7,77,0.6424,1,1
NEU-509894,TreatmentB,B02,130.46,-62.14,293.9,9.0,86.3,-47.39,0.987,56.0,86,0.3238,1,1
NEU-501538,TreatmentB,B01,111.09,-64.41,172.9,10.57,52.0,-39.72,1.759,39.6,88,0.3234,0,1
NEU-508062,TreatmentB,B02,108.04,-80.2,94.6,9.65,57.4,-43.08,0.946,79.2,77,0.3439,1,0
NEU-506598,Control,B02,97.07,-58.41,161.6,12.78,51.3,-44.87,0.845,40.1,100,0.2861,0,0
NEU-502106,TreatmentB,B02,81.02,-64.64,220.5,12.85,130.8,-48.99,1.286,61.6,94,0.2967,1,1
NEU-507630,TreatmentA,B01,117.15,-59.33,132.0,6.69,35.4,-46.3,0.997,53.4,80,0.2237,1,1
NEU-503847,Control,B01,89.91,-70.94,155.5,10.51,134.1,-37.11,0.887,40.4,81,0.6055,0,0
NEU-503021,Control,B02,107.18,-75.41,213.2,23.38,104.9,-48.38,1.088,49.8,89,0.4323,0,0
NEU-508635,TreatmentA,B03,86.0,-69.31,175.1,30.86,114.6,-40.26,1.138,75.5,101,0.3027,0,0
NEU-505335,Control,B01,106.13,-68.0,240.5,28.11,61.6,-47.84,1.148,13.4,76,0.6126,0,0
NEU-509471,TreatmentB,B03,100.43,-61.88,143.5,18.43,40.7,-34.22,0.651,54.2,81,0.2692,0,0
NEU-502172,TreatmentB,B01,139.69,-74.99,179.1,12.33,75.6,-37.85,0.699,57.4,104,0.4692,1,0
NEU-505653,Control,B01,85.64,-71.51,173.5,8.65,84.2,-41.96,1.612,52.8,106,0.3855,0,0
NEU-508906,TreatmentA,B02,85.69,-67.0,249.6,20.59,59.7,-40.84,0.657,55.6,85,0.3227,0,0
NEU-502707,Control,B02,105.07,-65.9,294.5,15.15,132.0,-36.21,0.901,60.9,78,0.5095,1,0
NEU-503498,TreatmentA,B01,89.89,-63.47,282.0,9.73,78.6,-45.21,1.124,36.0,98,0.5871,0,0
NEU-508288,TreatmentA,B02,85.99,-66.37,297.2,15.08,64.5,-36.24,1.372,76.0,103,0.2113,1,1
NEU-509747,TreatmentA,B02,113.15,-60.12,140.7,8.57,60.1,-49.5,1.403,59.4,93,0.3595,0,0
NEU-507397,Control,B01,96.2,-58.34,92.3,14.79,94.5,-43.84,0.915,56.7,93,0.1563,1,0
NEU-509317,TreatmentB,B03,102.15,-74.74,385.9,24.1,59.7,-40.55,1.191,55.8,93,0.3222,0,0
NEU-503617,TreatmentB,B01,133.11,-67.17,219.6,11.68,128.4,-41.55,1.508,81.0,86,0.5873,0,0
NEU-509050,TreatmentB,B01,95.01,-59.69,109.2,18.05,157.2,-39.08,1.438,55.5,97,0.3898,0,1
NEU-503006,TreatmentB,B01,115.18,-66.27,172.2,7.13,126.5,-41.53,0.983,54.2,89,0.6717,1,0
NEU-509630,TreatmentA,B03,102.63,-75.91,264.3,16.91,89.6,-46.77,1.548,55.9,69,0.1409,1,0
NEU-506752,TreatmentB,B03,126.72,-70.1,53.2,10.67,114.5,-37.27,1.807,43.5,83,0.3558,1,1
NEU-501055,TreatmentA,B01,141.55,-63.15,163.4,37.3,182.4,-43.79,0.759,46.7,90,0.409,0,0
NEU-509235,TreatmentA,B01,97.84,-58.87,145.1,15.53,117.6,-50.24,1.282,40.7,84,0.5641,1,1
NEU-504064,TreatmentB,B03,105.09,-64.83,364.7,12.5,66.6,-50.88,0.954,56.7,78,0.2177,1,1
NEU-507155,TreatmentB,B02,98.7,-49.09,94.4,14.32,77.2,-42.79,1.128,35.0,83,0.2599,1,1
NEU-509355,TreatmentB,B02,73.59,-57.62,195.4,9.14,43.5,-48.55,1.002,43.5,96,0.2521,0,0
NEU-505145,TreatmentA,B03,91.83,-60.23,394.0,22.29,103.1,-38.97,1.083,25.3,92,0.1728,0,0
NEU-505049,Control,B03,92.21,-66.75,205.3,22.68,119.3,-43.51,0.965,57.2,91,0.361,0,1
NEU-506143,Control,B03,95.03,-63.68,220.4,7.91,130.0,-36.35,1.043,41.7,85,0.5184,0,1
NEU-503538,TreatmentB,B01,93.72,-74.37,306.1,8.92,118.1,-43.08,1.075,64.6,84,0.2854,0,0
NEU-506893,Control,B03,109.85,-67.8,157.5,10.19,143.3,-45.45,0.743,51.1,82,0.1391,1,1
NEU-500935,TreatmentA,B01,92.06,-67.0,201.5,23.81,124.2,-44.14,1.125,58.9,86,0.2679,1,1
NEU-505093,Control,B01,79.64,-52.38,124.5,9.53,87.0,-44.32,1.137,67.2,92,0.4431,1,0
NEU-504156,Control,B01,95.92,-65.25,351.2,10.51,65.1,-42.49,0.856,55.2,87,0.2209,0,1
NEU-510000,TreatmentA,B03,100.56,-66.56,220.0,16.83,132.2,-40.12,0.847,42.5,84,0.5329,0,1
NEU-502148,TreatmentB,B03,124.54,-60.61,275.9,12.58,93.2,-48.56,0.829,61.3,78,0.4675,0,0
NEU-505207,TreatmentB,B02,112.92,-68.93,130.0,23.71,120.2,-48.4,1.634,48.3,80,0.3425,1,0
NEU-500382,TreatmentB,B02,85.46,-60.35,184.7,18.08,80.6,-44.34,0.713,61.4,92,0.4006,1,1
NEU-502383,Control,B02,121.53,-64.96,65.0,14.7,119.2,-47.92,1.073,30.8,86,0.3153,1,1
NEU-501907,TreatmentA,B01,91.88,-44.1,312.0,13.53,22.7,-45.88,2.783,58.3,74,0.4325,1,0
NEU-503328,Control,B01,135.02,-64.58,197.2,22.83,41.8,-41.89,1.334,72.7,72,0.6223,1,1
NEU-500819,TreatmentA,B01,99.33,-65.81,86.5,10.99,117.3,-42.88,0.81,72.7,83,0.4701,0,0
NEU-504660,Control,B03,90.23,-62.53,144.9,12.77,165.8,-36.85,1.069,18.4,95,0.5941,0,1
NEU-509380,TreatmentA,B03,104.22,-62.5,76.4,16.5,115.7,-44.68,0.889,60.2,76,0.3554,1,1
NEU-503735,Control,B02,92.46,-58.64,177.9,14.23,98.2,-45.34,1.135,55.3,99,0.3537,1,0
NEU-506406,TreatmentB,B03,93.93,-57.14,232.8,15.36,54.7,-46.83,1.158,49.2,84,0.4139,0,0
NEU-503750,TreatmentA,B03,107.22,-63.63,132.9,26.35,103.0,-38.21,1.35,66.6,101,0.448,1,1
NEU-506279,TreatmentA,B03,108.34,-58.73,270.7,12.76,99.7,-43.2,1.338,27.3,76,0.4809,0,0
NEU-503558,TreatmentB,B01,94.95,-57.64,120.1,31.81,97.5,-46.46,1.071,64.8,74,0.3778,1,0
NEU-508779,TreatmentB,B03,108.47,-70.25,178.6,11.97,76.1,-44.57,1.135,53.8,89,0.5676,1,0
NEU-504923,TreatmentB,B03,92.99,-70.86,193.8,8.15,115.8,-41.28,0.743,75.3,90,0.2415,0,1
NEU-509033,TreatmentB,B02,79.37,-63.36,109.5,8.64,69.9,-40.05,0.661,78.1,76,0.4896,0,1
NEU-509980,TreatmentA,B03,78.88,-60.58,264.7,22.24,80.8,-42.9,1.05,48.2,72,0.1673,0,0
NEU-508364,Control,B03,124.54,-72.46,308.2,8.08,102.1,-44.84,1.247,51.6,87,0.2135,0,1
NEU-502416,TreatmentA,B03,98.67,-73.17,334.5,12.81,75.1,-44.76,1.533,56.9,95,0.4641,1,0
NEU-504145,Control,B02,90.17,-65.28,130.5,8.84,118.7,-43.48,1.254,40.5,87,0.4542,1,1
NEU-509849,Control,B01,80.19,-59.57,299.5,12.5,124.4,-43.89,0.894,54.9,85,0.1869,0,0
NEU-500921,Control,B03,77.9,-72.27,175.6,8.89,108.3,-48.34,0.971,26.4,102,0.2714,0,1
NEU-504936,TreatmentB,B02,110.45,-69.39,150.8,24.12,9.7,-38.38,1.161,76.5,90,0.1063,1,0
NEU-503067,TreatmentB,B02,85.83,-58.48,197.6,6.48,125.9,-50.48,1.473,82.7,76,0.6558,1,0
NEU-508536,TreatmentA,B01,83.4,-70.45,319.7,11.7,140.6,-41.66,0.808,75.6,69,0.4302,0,0
NEU-507002,Control,B02,118.66,-64.46,176.3,13.92,112.4,-48.94,0.797,24.5,75,0.2452,0,1
NEU-504148,Control,B02,101.58,-70.94,324.9,15.81,65.8,-45.79,0.867,62.2,98,0.615,0,1
NEU-501423,TreatmentA,B03,107.78,-66.46,193.2,11.36,229.8,-51.28,0.99,35.5,102,0.4602,1,1
NEU-509384,TreatmentB,B01,104.64,-57.4,289.9,10.26,28.7,-36.28,0.95,34.8,74,0.5847,0,0
NEU-500273,TreatmentB,B03,87.94,-58.88,267.5,12.32,85.1,-46.56,0.712,78.7,112,0.3956,1,0
NEU-503095,TreatmentA,B03,105.5,-65.92,260.5,12.45,82.4,-49.18,1.263,51.3,90,0.4978,1,1
NEU-502891,TreatmentA,B02,86.87,-61.18,201.1,24.85,132.8,-44.14,0.957,44.4,87,0.5397,0,1
NEU-506809,TreatmentA,B02,80.21,-67.14,191.7,18.48,42.2,-34.44,0.924,54.4,84,0.2468,0,0
NEU-501556,TreatmentB,B03,101.95,-66.47,319.0,23.28,54.1,-41.14,0.818,62.7,88,0.1708,0,0
NEU-500836,TreatmentA,B03,97.92,-60.95,192.5,14.77,78.1,-32.74,0.921,54.6,90,0.3936,1,0
NEU-501571,TreatmentA,B02,83.99,-72.62,76.7,7.38,121.6,-40.32,1.686,61.4,93,0.3036,1,0
NEU-507515,TreatmentA,B01,122.46,-63.93,223.9,10.46,108.7,-47.14,1.557,32.4,89,0.3377,1,1
NEU-503770,Control,B02,101.27,-64.26,146.3,10.24,122.9,-47.72,0.534,32.5,85,0.3317,0,1
NEU-507555,TreatmentA,B03,91.99,-65.13,379.7,21.29,78.1,-41.74,1.009,30.7,87,0.539,0,1
NEU-509872,Control,B02,114.03,-52.25,341.8,18.31,122.3,-39.13,1.865,53.2,88,0.3936,0,0
NEU-501234,TreatmentA,B02,118.02,-67.63,135.4,14.58,93.9,-47.33,1.922,61.9,86,0.5833,1,1
NEU-504671,TreatmentA,B01,102.63,-69.42,97.6,33.55,99.1,-41.34,0.586,44.2,88,0.7115,1,1
NEU-509279,TreatmentB,B01,121.33,-62.09,87.6,5.26,70.2,-38.16,1.238,81.0,85,0.3908,1,1
NEU-504828,TreatmentA,B01,87.17,-72.38,158.5,9.92,146.4,-43.39,1.063,68.4,82,0.2931,1,1
NEU-500567,TreatmentA,B03,114.04,-73.4,65.1,18.55,158.7,-43.86,0.768,66.9,78,0.5848,1,1
NEU-503265,TreatmentB,B03,102.95,-60.54,78.1,9.84,138.4,-44.18,1.001,61.9,79,0.2944,1,1
NEU-501358,TreatmentB,B02,77.03,-61.36,164.4,11.39,-33.8,-45.68,1.198,57.6,93,0.581,1,1
NEU-501392,Control,B03,111.74,-65.05,123.0,12.41,152.2,-39.87,1.045,46.6,87,0.3284,1,1
NEU-505562,TreatmentA,B02,96.11,-68.41,169.2,13.55,159.2,-44.16,1.347,45.8,97,0.2314,1,1
NEU-506069,TreatmentA,B01,70.19,-66.47,358.5,9.49,97.8,-35.2,1.073,52.0,97,0.4853,0,0
NEU-505631,TreatmentA,B03,65.64,-61.24,203.7,18.85,97.7,-42.4,1.337,32.7,77,0.4058,0,1
NEU-504230,TreatmentB,B01,107.89,-57.47,205.6,10.03,110.0,-38.3,1.524,59.7,78,0.6009,0,0
NEU-503225,TreatmentA,B01,103.18,-63.56,67.9,18.43,66.0,-44.3,0.752,29.7,78,0.6627,0,1
NEU-502449,Control,B02,87.39,-68.51,66.8,9.9,59.2,-48.47,1.653,22.4,119,0.3219,1,1
NEU-500183,TreatmentB,B02,124.34,-64.13,77.9,20.21,97.3,-47.6,1.71,73.0,80,0.3492,1,0
NEU-505797,TreatmentB,B02,115.01,-55.05,144.2,23.06,82.0,-40.83,0.992,90.5,94,0.1286,1,0
NEU-507401,TreatmentA,B02,122.77,-72.53,180.0,10.35,55.3,-46.42,1.061,51.4,98,0.4632,0,0
NEU-506078,Control,B02,98.98,-64.49,205.7,9.25,104.7,-39.24,0.864,33.9,81,0.5043,0,0
NEU-503857,Control,B01,90.36,-62.34,144.8,32.14,166.8,-47.53,0.763,69.0,88,0.4268,0,1
NEU-508400,TreatmentA,B02,113.81,-78.13,271.3,11.74,87.1,-40.25,0.829,22.4,83,0.4797,0,1
NEU-507790,Control,B02,113.78,-73.08,167.0,8.05,41.4,-36.23,1.285,84.3,78,0.292,1,1
NEU-503548,TreatmentA,B01,97.05,-63.24,174.7,8.77,117.9,-37.9,1.468,21.1,94,0.416,0,0
NEU-501171,TreatmentA,B02,93.76,-72.59,139.3,11.08,83.0,-46.55,1.28,50.4,88,0.0952,1,0
NEU-500842,TreatmentA,B01,101.79,-58.05,86.9,16.16,99.4,-38.12,1.034,64.6,81,0.5829,1,1
NEU-506418,TreatmentA,B02,109.53,-59.23,151.5,10.7,89.5,-43.44,0.711,61.9,84,0.2868,1,1
NEU-508831,TreatmentB,B01,101.26,-64.25,89.6,8.58,86.9,-40.09,1.057,93.3,77,0.4369,1,0
NEU-503730,TreatmentA,B01,97.26,-66.23,109.5,13.3,118.8,-35.99,0.852,49.3,88,0.255,0,1
NEU-505362,Control,B02,112.62,-65.16,185.2,20.27,125.5,-41.75,1.512,32.4,87,0.4089,0,1
NEU-504006,TreatmentB,B03,76.85,-70.66,553.6,21.75,99.7,-38.93,1.138,73.7,106,0.5228,0,1
NEU-505012,TreatmentA,B02,107.26,-64.35,121.6,15.37,81.7,-31.11,1.673,35.9,84,0.3461,1,1
NEU-505664,TreatmentA,B01,124.73,-60.97,165.7,13.66,42.0,-40.31,1.539,53.7,84,0.2684,0,1
NEU-503932,TreatmentA,B01,116.93,-71.5,110.9,21.1,92.9,-39.44,1.14,45.1,80,0.4403,1,0
NEU-503451,TreatmentA,B02,100.58,-65.57,79.0,13.02,133.6,-41.54,2.06,58.6,102,0.2771,1,0
NEU-504125,TreatmentA,B02,112.67,-71.88,181.6,10.72,39.0,-49.84,0.751,33.2,78,0.5067,0,0
NEU-506459,Control,B01,95.6,-53.81,75.7,25.5,120.2,-50.21,0.769,49.8,77,0.3501,0,0
NEU-507800,Control,B01,120.1,-64.88,256.6,19.07,109.1,-40.14,2.611,45.5,83,0.4704,1,1
NEU-504301,TreatmentA,B03,106.08,-66.77,275.5,11.32,80.6,-36.9,0.903,59.0,82,0.1741,0,1
NEU-500350,Control,B01,97.63,-62.47,151.9,9.22,124.3,-41.18,1.416,52.2,89,0.7542,0,0
NEU-508602,TreatmentB,B01,105.25,-62.66,810.7,9.56,96.3,-42.54,0.84,54.8,81,0.315,0,1
NEU-501152,Control,B02,80.01,-67.51,131.9,13.32,116.4,-44.23,0.576,37.8,102,0.3767,0,1
NEU-508857,TreatmentA,B03,88.31,-67.27,193.4,19.43,25.9,-37.75,0.696,29.9,90,0.6261,0,1
NEU-508528,Control,B02,82.48,-71.81,137.8,43.18,85.6,-37.05,1.042,60.0,81,0.4583,1,1
NEU-507773,Control,B02,123.13,-61.97,434.1,17.81,139.5,-43.18,1.504,50.8,93,0.5114,0,1
NEU-509320,Control,B01,87.16,-66.49,168.7,16.58,142.6,-47.61,1.341,50.4,87,0.2081,1,1
NEU-507663,TreatmentA,B01,65.46,-62.55,260.1,12.16,52.3,-44.82,0.966,40.9,86,0.2608,0,1
NEU-505195,Control,B01,96.79,-68.13,160.9,29.68,103.4,-43.44,0.971,46.2,97,0.187,1,0
NEU-502062,Control,B01,108.19,-58.52,190.6,16.49,159.2,-38.58,1.297,60.4,97,0.4552,1,0
NEU-502336,Control,B01,110.81,-70.89,122.4,9.96,63.7,-41.32,1.254,70.4,78,0.2372,1,1
NEU-505472,TreatmentB,B02,88.98,-65.85,158.9,8.23,49.9,-49.87,1.104,60.1,74,0.5474,1,1
NEU-502723,Control,B01,107.78,-57.45,344.9,9.58,167.6,-41.28,1.638,63.1,101,0.3011,1,1
NEU-502292,TreatmentB,B03,125.98,-67.5,101.4,6.89,128.5,-48.36,1.368,51.6,82,0.3306,1,1
NEU-505533,TreatmentA,B02,88.59,-62.0,184.5,18.14,28.0,-44.31,1.573,41.5,86,0.2692,0,0
NEU-509457,Control,B02,93.64,-65.43,247.4,26.89,123.4,-47.56,0.895,24.6,81,0.1516,0,0
NEU-507930,Control,B03,85.52,-70.12,155.9,9.37,111.9,-48.21,1.049,49.7,89,0.5209,1,0
NEU-506365,TreatmentA,B03,114.14,-69.69,201.0,29.18,68.4,-47.81,0.937,64.1,83,0.3644,1,0
NEU-506701,TreatmentA,B03,122.09,-56.48,280.3,14.02,55.7,-54.04,1.23,38.9,89,0.3428,0,0
NEU-509809,Control,B03,79.55,-60.91,231.5,15.79,107.8,-44.53,0.57,53.2,85,0.174,1,0
NEU-504161,TreatmentB,B02,100.36,-52.13,303.6,7.25,64.4,-41.16,1.042,56.1,101,0.6331,0,0
NEU-507009,Control,B03,63.16,-63.63,99.3,6.76,149.2,-41.21,0.819,25.6,91,0.2433,1,1
NEU-503099,TreatmentA,B03,106.03,-54.07,70.4,19.97,45.3,-37.47,1.56,46.2,92,0.647,1,1
NEU-502146,Control,B02,91.74,-63.66,216.5,16.91,98.0,-43.9,0.984,41.3,81,0.4867,0,1
NEU-503148,Control,B03,97.56,-66.32,91.9,17.45,114.7,-40.12,0.802,36.5,77,0.5644,0,1
NEU-505922,TreatmentB,B01,74.9,-65.66,339.0,20.97,71.9,-44.05,0.947,42.8,98,0.3873,0,1
NEU-501443,TreatmentA,B02,88.81,-63.06,305.9,20.83,101.6,-37.81,1.142,63.4,86,0.2785,1,0
NEU-501839,TreatmentB,B01,91.42,-58.88,150.5,15.94,60.8,-43.66,0.636,56.6,99,0.5095,0,1
NEU-506101,TreatmentB,B03,108.86,-58.98,199.1,5.45,68.2,-45.41,0.935,71.9,105,0.618,1,0
NEU-503349,TreatmentB,B02,81.27,-69.84,237.6,9.53,70.1,-39.86,0.538,53.9,90,0.4381,0,0
NEU-509930,TreatmentB,B01,101.35,-54.26,103.9,16.68,109.2,-37.56,1.124,57.9,97,0.3706,0,0
NEU-502774,Control,B02,97.55,-73.02,122.9,6.64,82.4,-34.79,1.213,47.0,95,0.4911,0,0
NEU-501089,Control,B03,66.51,-71.65,174.3,10.57,157.6,-37.31,0.839,29.2,87,0.6967,0,0
NEU-508187,Control,B02,90.51,-64.17,165.5,16.15,113.0,-40.5,0.881,26.5,84,0.384,0,1
NEU-509371,TreatmentA,B03,90.62,-62.2,171.6,10.46,26.7,-41.94,0.681,64.6,89,0.5,1,1
NEU-502130,TreatmentA,B01,89.89,-73.64,114.3,8.63,108.2,-48.35,0.944,59.7,62,0.3653,1,0
NEU-507415,TreatmentA,B02,104.8,-64.98,223.2,15.62,143.8,-41.83,1.053,54.7,83,0.5542,1,1
NEU-500386,TreatmentB,B02,117.19,-68.76,133.3,14.95,143.4,-46.9,0.892,95.0,94,0.2058,1,0
NEU-505525,Control,B03,96.66,-69.83,263.4,23.1,84.0,-52.02,1.502,39.9,91,0.1082,0,0
NEU-508837,TreatmentA,B03,85.32,-75.12,187.4,19.55,96.3,-36.81,1.975,59.9,82,0.6391,1,1
NEU-509929,TreatmentB,B03,94.21,-67.6,168.7,13.41,50.5,-43.7,1.306,56.9,78,0.4878,1,0
NEU-506292,TreatmentB,B01,116.52,-62.72,144.7,6.95,54.7,-35.98,0.962,76.1,93,0.5649,1,0
NEU-508484,TreatmentB,B01,107.57,-61.85,124.7,13.52,111.3,-49.05,0.942,53.5,104,0.4426,0,1
NEU-504158,TreatmentA,B02,104.39,-69.06,402.6,20.16,61.0,-40.98,0.889,46.0,75,0.2776,0,0
NEU-506732,TreatmentA,B03,110.24,-61.39,329.5,28.97,146.9,-47.0,1.519,28.6,101,0.7752,0,1
NEU-505513,Control,B03,101.03,-58.54,158.8,15.16,103.8,-40.9,1.117,35.5,73,0.2155,0,0
NEU-509514,TreatmentA,B03,98.45,-54.72,163.8,11.21,87.4,-47.34,1.745,37.0,91,0.1834,1,0
NEU-502155,TreatmentA,B03,89.35,-61.48,201.4,26.22,167.0,-37.99,1.149,41.1,86,0.1963,1,0
NEU-507850,TreatmentA,B02,85.52,-63.26,154.6,9.96,112.7,-45.35,1.266,36.2,83,0.2161,1,1
NEU-508699,TreatmentB,B02,109.13,-55.4,239.5,12.22,83.7,-48.98,1.892,76.8,83,0.2795,1,0
NEU-505155,Control,B03,92.96,-64.69,190.7,13.14,156.0,-37.87,0.874,63.4,81,0.0861,0,1
NEU-502216,TreatmentB,B01,99.23,-61.46,133.3,21.21,76.2,-47.73,0.7,40.5,83,0.222,0,0
NEU-501597,Control,B03,97.22,-72.1,278.9,8.23,120.5,-39.28,1.691,32.8,102,0.2301,0,1
NEU-505382,TreatmentA,B01,104.94,-69.77,163.0,8.08,126.5,-44.14,0.949,50.0,98,0.495,1,0
NEU-502781,TreatmentA,B03,124.38,-75.72,257.1,11.75,99.5,-41.53,1.043,72.3,86,0.3788,0,0
NEU-505274,TreatmentB,B02,128.99,-62.55,160.5,14.16,94.7,-55.52,1.199,48.7,80,0.3709,0,1
NEU-500004,TreatmentA,B02,91.05,-71.0,204.1,16.7,122.6,-37.84,1.631,51.7,74,0.4438,1,0
NEU-509203,Control,B01,91.69,-62.68,188.4,9.91,98.6,-33.34,1.526,23.9,88,0.6284,0,1
NEU-502882,TreatmentB,B02,73.29,-64.82,61.4,14.08,152.8,-44.52,0.925,62.6,75,0.1579,1,0
NEU-508538,Control,B02,122.51,-58.86,108.8,9.01,119.8,-42.67,0.975,51.3,78,0.2686,1,0
NEU-508077,TreatmentA,B02,117.98,-68.78,157.5,6.27,104.1,-35.47,0.904,60.9,72,0.4609,1,0
NEU-509779,Control,B03,86.7,-63.95,327.4,10.61,136.7,-46.75,0.771,40.8,85,0.1183,0,1
NEU-502680,Control,B03,125.52,-61.04,93.3,15.99,85.4,-46.84,0.919,42.4,89,0.3552,0,0
NEU-500924,TreatmentB,B02,92.89,-69.4,76.6,10.21,43.3,-40.98,1.119,59.5,96,0.5442,1,0
NEU-501456,TreatmentB,B03,75.05,-62.26,132.5,18.78,93.9,-39.98,0.964,65.4,87,0.363,0,1
NEU-503279,Control,B01,99.89,-63.47,163.6,6.49,113.7,-34.94,0.946,30.8,86,0.4701,0,0
NEU-506288,Control,B02,100.06,-69.21,269.4,11.09,136.1,-42.58,1.049,61.6,85,0.2641,1,1
NEU-501169,TreatmentB,B03,94.38,-69.9,335.0,12.28,67.1,-41.18,0.441,43.8,87,0.4652,0,0
NEU-509124,TreatmentB,B02,115.75,-61.97,327.0,20.7,113.8,-42.52,0.818,82.0,85,0.5325,0,1
NEU-504548,TreatmentB,B01,94.88,-59.31,140.7,12.11,58.4,-39.08,0.907,66.6,84,0.4646,1,0
NEU-509264,TreatmentA,B01,113.54,-62.74,193.8,16.02,57.9,-43.78,1.568,48.6,83,0.4028,1,1
NEU-501533,Control,B03,96.27,-59.6,153.3,11.79,154.0,-39.79,1.015,37.2,87,0.3497,0,0
NEU-502453,Control,B01,79.7,-70.51,113.6,8.15,107.2,-45.69,0.646,16.6,86,0.3508,0,1
NEU-504172,TreatmentB,B03,86.19,-55.92,185.6,12.75,81.6,-46.53,0.772,66.4,80,0.2703,1,0
NEU-509794,TreatmentA,B02,87.52,-60.68,54.3,11.77,112.0,-37.91,0.741,53.1,74,0.5081,1,0
NEU-503235,TreatmentB,B02,96.45,-53.89,173.3,17.29,46.6,-34.13,0.683,50.8,90,0.4984,1,0
NEU-503600,Control,B03,132.97,-54.87,449.2,8.03,164.7,-42.63,0.779,54.5,89,0.6259,0,0
NEU-508221,TreatmentA,B02,103.75,-61.19,216.3,15.85,102.5,-42.64,1.042,52.5,89,0.2297,0,0
NEU-500548,Control,B01,99.05,-60.08,289.5,8.71,133.5,-40.5,0.888,19.4,89,0.4007,0,0
NEU-509720,TreatmentB,B03,87.6,-59.61,193.0,15.32,73.1,-47.34,0.864,59.4,69,0.3432,0,1
NEU-509881,Control,B03,83.83,-56.19,128.4,9.53,105.7,-34.28,1.249,28.2,79,0.3159,1,0
NEU-507073,TreatmentA,B03,117.57,-55.03,138.4,20.76,118.6,-50.65,1.037,62.5,81,0.5806,1,1
NEU-501502,TreatmentB,B02,106.16,-64.88,234.7,7.91,76.8,-38.38,1.23,54.9,77,0.349,0,1
NEU-500666,Control,B03,86.32,-64.4,101.2,17.9,60.1,-50.01,0.733,35.9,91,0.4707,1,1
NEU-500696,Control,B03,82.22,-68.61,309.2,11.86,106.1,-36.21,0.538,33.5,80,0.4831,0,1
NEU-506903,TreatmentB,B02,91.27,-56.55,226.3,15.09,90.4,-34.68,0.785,67.5,94,0.3913,0,0
NEU-506005,Control,B02,96.26,-74.97,135.4,13.03,231.8,-42.29,0.814,54.4,77,0.5757,0,0
NEU-502028,TreatmentB,B02,87.46,-67.51,243.8,13.9,118.0,-42.71,1.148,53.8,74,0.6905,1,1
NEU-503158,TreatmentA,B03,109.85,-63.25,116.3,7.49,134.4,-50.53,0.773,48.1,68,0.4929,0,0
NEU-509291,TreatmentB,B02,123.57,-69.97,146.9,19.43,87.8,-40.25,1.059,46.6,84,0.4559,0,1
NEU-500268,TreatmentB,B02,92.79,-66.94,211.3,23.21,23.2,-38.49,0.947,79.4,79,0.5634,1,1
NEU-503259,TreatmentB,B01,109.71,-66.17,94.0,14.07,99.0,-42.17,1.611,74.4,91,0.6643,1,1
NEU-507154,Control,B03,112.69,-64.77,267.3,14.82,148.6,-44.51,0.706,49.3,97,0.5047,0,1
NEU-505595,TreatmentB,B01,116.26,-63.73,87.4,11.28,47.9,-40.01,1.197,55.2,100,0.7383,1,0
NEU-500320,TreatmentB,B02,110.17,-62.23,196.3,11.14,140.3,-38.91,0.77,67.7,90,0.2351,1,1
NEU-502103,Control,B02,102.08,-74.69,77.3,13.79,162.7,-49.6,1.426,42.7,80,0.1421,1,0
NEU-505691,TreatmentB,B01,99.54,-59.1,168.5,17.26,103.7,-42.74,1.756,48.5,74,0.3254,1,1
NEU-508796,Control,B01,103.66,-61.55,356.3,6.83,103.1,-38.31,0.821,56.7,86,0.2717,0,1
NEU-504560,TreatmentB,B03,90.12,-63.92,127.8,17.74,115.8,-41.35,0.96,48.3,78,0.5233,0,1
NEU-507384,TreatmentA,B03,112.38,-63.76,283.9,9.64,67.5,-48.67,1.42,33.0,95,0.4375,1,1
NEU-508702,Control,B03,91.01,-64.06,120.6,12.78,47.9,-37.35,0.85,38.8,98,0.529,1,0
NEU-503287,TreatmentB,B01,90.38,-63.68,96.8,12.7,129.3,-37.84,0.998,48.7,107,0.2153,0,0
NEU-507088,TreatmentA,B02,68.2,-69.1,410.8,6.72,126.1,-41.84,1.016,64.0,83,0.5222,0,0
NEU-505146,TreatmentA,B01,110.4,-68.5,217.0,10.02,60.7,-48.11,1.789,63.9,82,0.4234,1,1
NEU-506351,Control,B03,82.3,-75.12,318.9,9.88,135.7,-40.02,1.746,56.7,110,0.5301,0,0
NEU-507554,TreatmentA,B01,97.98,-64.13,161.5,18.08,122.3,-39.5,0.946,54.7,88,0.4048,1,1
NEU-507566,Control,B01,133.19,-66.06,85.0,12.49,97.1,-39.27,1.497,51.7,88,0.3929,1,1
NEU-509391,Control,B02,103.68,-63.2,170.7,7.61,116.7,-40.55,0.901,8.0,85,0.3908,0,1
NEU-500815,Control,B03,97.6,-64.98,122.2,12.44,129.8,-30.63,0.824,35.7,88,0.4795,0,1
NEU-504684,TreatmentB,B01,91.59,-66.17,316.8,8.95,69.1,-47.96,0.847,75.6,85,0.3107,1,0
NEU-502958,TreatmentA,B03,91.05,-63.04,224.9,9.53,158.2,-42.55,0.857,61.8,90,0.4964,0,0
NEU-504994,TreatmentB,B01,95.88,-62.07,259.9,15.84,134.1,-46.41,1.346,74.1,83,0.3091,1,0
NEU-509270,Control,B02,94.65,-55.09,228.1,12.03,188.3,-35.64,1.17,54.2,102,0.6519,1,0
NEU-503097,Control,B03,100.31,-67.14,377.8,11.47,113.2,-42.4,0.876,46.2,77,0.2833,0,1
NEU-507462,TreatmentA,B01,119.97,-73.9,117.0,20.26,112.0,-42.72,0.928,72.3,100,0.0313,1,0
NEU-507120,TreatmentB,B02,75.82,-66.36,190.0,9.76,76.0,-47.25,1.003,68.2,71,0.2428,0,1
NEU-505735,TreatmentB,B03,100.4,-70.55,208.9,18.16,74.9,-40.19,0.877,82.8,82,0.4684,0,0
NEU-506136,Control,B03,102.13,-66.94,114.2,9.36,137.9,-37.86,1.419,48.3,86,0.2,1,1
NEU-504377,TreatmentA,B02,99.69,-63.59,181.2,9.12,111.4,-40.66,1.485,59.7,84,0.3477,1,0
NEU-504753,Control,B02,86.52,-67.17,118.2,27.8,124.0,-47.44,0.802,47.2,92,0.6321,0,1
NEU-501506,TreatmentB,B03,119.21,-60.25,221.0,13.26,69.8,-39.55,1.144,53.1,78,0.3587,0,0
NEU-504976,TreatmentA,B02,110.89,-65.39,112.0,15.73,35.0,-48.65,0.96,69.6,87,0.5442,1,1
NEU-507196,TreatmentB,B01,85.6,-67.13,204.0,21.34,29.7,-37.44,1.504,62.3,102,0.3131,1,0
NEU-508372,TreatmentA,B03,96.16,-69.22,385.6,11.82,91.1,-41.31,0.712,46.7,85,0.3866,0,0
NEU-500888,Control,B01,79.67,-63.66,198.7,17.08,71.2,-46.82,0.758,59.1,84,0.3818,0,0
NEU-508039,TreatmentA,B02,74.81,-68.59,167.8,18.66,86.6,-40.77,1.164,48.1,82,0.6901,0,1
NEU-506659,Control,B01,109.51,-63.93,247.3,13.78,148.3,-40.19,0.898,16.5,98,0.4453,0,1
NEU-509393,TreatmentA,B01,120.94,-65.53,170.1,18.59,98.6,-40.56,1.46,49.1,96,0.4642,1,1
NEU-502410,TreatmentB,B01,119.28,-72.65,221.8,13.65,69.7,-42.34,1.285,56.7,84,0.4049,1,0
NEU-505411,Control,B03,113.38,-63.45,351.7,13.81,84.9,-44.3,1.452,51.3,98,0.334,1,1
NEU-504559,Control,B03,81.36,-64.9,249.4,14.47,129.7,-37.74,1.39,28.5,84,0.1996,0,1
NEU-507308,Control,B01,86.53,-63.03,118.5,10.58,92.7,-34.46,1.005,30.2,74,0.3497,0,1
NEU-500177,Control,B01,113.71,-64.84,225.1,7.44,119.3,-43.51,1.104,35.8,93,0.2509,0,1
NEU-506579,Control,B02,113.89,-67.14,96.0,13.19,134.5,-32.76,0.72,32.5,83,0.3818,0,0
NEU-509233,TreatmentA,B02,99.79,-64.28,343.9,20.14,126.4,-37.78,1.32,55.1,84,0.2499,1,1
NEU-502650,TreatmentA,B03,61.38,-61.76,199.0,14.21,114.7,-46.48,1.378,59.9,92,0.4329,1,1
NEU-508157,Control,B01,110.03,-68.58,56.9,12.2,161.4,-37.74,0.903,39.7,90,0.2249,0,1
NEU-500521,Control,B03,93.81,-62.91,123.0,7.34,66.8,-35.73,1.092,30.7,90,0.5184,1,0
NEU-500370,Control,B02,91.64,-68.74,171.6,10.44,122.0,-38.23,0.863,38.7,86,0.2974,0,1
NEU-502731,TreatmentB,B02,79.74,-72.53,249.6,15.74,75.4,-40.58,0.944,77.6,94,0.3969,1,0
NEU-508714,TreatmentA,B02,101.21,-63.08,224.2,21.27,127.4,-52.24,1.224,42.2,88,0.3764,1,1
NEU-507569,Control,B02,116.75,-60.96,296.1,6.82,189.2,-39.45,1.28,33.3,87,0.3075,0,0
NEU-507171,TreatmentB,B01,115.7,-68.11,121.0,8.49,83.5,-37.16,1.265,62.0,96,0.521,1,0
NEU-501640,Control,B02,91.72,-74.73,215.6,8.83,157.0,-50.02,1.076,56.9,90,0.6352,1,0
NEU-505798,TreatmentB,B02,105.22,-61.56,393.9,12.38,60.2,-45.38,1.018,35.0,88,0.3674,0,1
NEU-504567,TreatmentA,B03,85.89,-61.06,198.2,8.12,95.2,-47.76,0.826,32.6,113,0.2526,1,1
NEU-509303,TreatmentB,B02,92.57,-69.08,209.5,11.13,58.0,-43.09,0.959,74.8,72,0.1587,0,1
NEU-505361,TreatmentA,B01,100.55,-73.99,128.3,15.43,97.9,-35.45,0.804,42.9,78,0.2976,1,0
NEU-501170,TreatmentB,B02,124.98,-56.33,191.5,9.13,106.9,-38.71,1.536,38.8,67,0.4637,1,0
NEU-505750,TreatmentB,B02,106.49,-62.53,276.9,17.77,52.2,-40.42,0.846,31.2,75,0.2976,0,1
NEU-509652,TreatmentB,B01,85.72,-69.96,223.8,21.78,88.2,-47.53,1.211,70.7,92,0.4486,1,1
NEU-509496,Control,B02,97.16,-65.38,173.7,14.6,129.7,-36.31,1.358,26.9,81,0.4938,0,1
NEU-506493,Control,B02,82.92,-71.22,97.1,8.12,89.5,-36.69,0.794,45.8,89,0.181,1,1
NEU-507125,TreatmentA,B02,98.26,-54.02,79.8,22.91,46.7,-44.58,0.794,64.2,92,0.3272,1,0
NEU-504927,TreatmentA,B03,89.78,-68.58,128.7,8.15,152.7,-44.93,0.93,45.7,102,0.3485,1,0
NEU-502420,TreatmentA,B02,91.17,-61.07,151.6,14.63,38.3,-42.23,0.982,47.1,109,0.1902,0,0
NEU-505481,TreatmentB,B03,105.4,-69.88,246.1,28.62,107.1,-49.59,0.941,68.2,80,0.4232,1,1
NEU-501931,TreatmentB,B03,70.22,-63.79,242.8,19.94,84.1,-39.97,1.096,56.2,93,0.2875,0,0
NEU-508785,TreatmentA,B01,76.31,-72.05,203.0,12.71,97.7,-44.5,1.468,60.4,90,0.3592,1,0
NEU-504188,Control,B02,107.23,-61.37,250.5,24.41,102.6,-45.82,1.289,32.8,93,0.276,0,0
NEU-504449,Control,B03,93.67,-67.26,168.8,22.89,134.5,-33.56,1.799,45.9,90,0.1527,1,0
NEU-502582,TreatmentA,B03,76.67,-73.58,283.9,23.82,176.5,-50.15,0.828,52.1,98,0.317,0,0
NEU-505269,TreatmentA,B02,105.65,-67.96,239.7,10.02,50.1,-42.74,1.726,37.7,88,0.4608,1,0
NEU-502605,TreatmentA,B03,87.29,-65.24,351.0,11.53,99.8,-32.66,1.123,16.8,88,0.5123,0,1
NEU-504975,TreatmentB,B01,91.28,-60.33,169.1,6.54,98.3,-37.23,1.23,75.4,85,0.2973,1,1
NEU-504606,TreatmentB,B02,106.62,-67.6,337.2,19.11,107.4,-38.22,1.05,53.1,81,0.3295,0,1
NEU-507270,Control,B03,115.9,-75.94,132.1,18.83,80.4,-44.52,0.588,41.1,98,0.4612,1,0
NEU-506787,TreatmentA,B02,80.45,-61.98,175.1,17.52,43.3,-36.45,1.296,66.4,94,0.3303,1,0
NEU-506656,Control,B01,78.04,-66.73,151.2,15.56,122.1,-47.81,1.319,21.6,103,0.4237,0,1
NEU-504094,Control,B03,65.65,-54.33,78.3,16.86,140.1,-35.82,0.77,49.6,94,0.2731,0,0
NEU-504171,TreatmentA,B03,107.86,-55.69,84.2,14.43,90.9,-46.05,0.883,42.5,80,0.1187,0,0
NEU-508757,TreatmentB,B01,128.39,-58.26,257.5,29.31,19.8,-40.15,0.997,89.6,93,0.4745,1,1
NEU-509009,TreatmentB,B02,102.63,-69.26,260.5,6.27,101.9,-42.27,0.988,51.4,87,0.6234,0,0
NEU-509776,TreatmentB,B03,110.47,-63.05,92.5,9.77,128.3,-46.54,1.124,67.3,72,0.4823,1,0
NEU-505539,TreatmentB,B01,80.52,-70.13,106.4,19.24,79.6,-40.8,1.378,54.0,95,0.2167,1,0
NEU-503586,TreatmentB,B03,90.05,-60.8,339.3,10.07,120.8,-43.64,1.023,70.4,96,0.4576,0,0
NEU-509578,TreatmentB,B02,108.14,-55.62,215.2,13.63,34.2,-43.16,0.867,62.5,95,0.2103,1,0
NEU-506150,Control,B03,103.62,-61.95,290.6,11.39,171.2,-41.15,0.644,41.5,76,0.4646,0,0
NEU-502127,TreatmentA,B02,104.96,-64.53,249.7,12.92,144.5,-42.24,0.718,40.5,89,0.5109,0,1
NEU-504208,TreatmentB,B02,101.91,-62.87,215.8,21.2,20.4,-43.09,1.079,45.4,92,0.4295,0,0
NEU-502366,Control,B02,88.59,-68.08,190.1,6.94,68.0,-42.0,1.266,57.4,78,0.3129,1,1
NEU-504458,Control,B03,93.88,-61.42,76.4,16.05,165.0,-35.18,1.536,54.1,83,0.5143,1,1
NEU-505930,TreatmentB,B01,98.51,-63.13,205.4,13.42,111.4,-42.88,1.003,57.2,79,0.3569,0,0
NEU-507000,TreatmentA,B02,54.99,-64.38,308.6,8.53,154.0,-37.52,0.976,41.4,83,0.2347,0,1
NEU-501359,Control,B02,108.08,-65.21,190.2,6.62,102.8,-42.31,0.889,48.1,56,0.4982,0,0
NEU-504362,Control,B03,91.6,-65.42,128.6,26.57,66.2,-37.55,1.058,57.9,87,0.1409,0,0
NEU-507090,TreatmentB,B01,98.81,-62.38,211.8,13.54,102.3,-50.02,0.58,54.4,91,0.5068,0,1
NEU-507118,TreatmentA,B02,89.38,-69.2,48.4,18.59,168.0,-43.22,1.078,40.7,86,0.247,1,0
NEU-501767,TreatmentB,B03,100.0,-71.83,90.2,10.76,108.6,-47.95,1.668,61.8,86,0.4453,0,0
NEU-507558,TreatmentA,B02,106.59,-65.27,146.4,9.6,96.9,-39.08,0.705,53.3,81,0.7693,0,0
NEU-505805,Control,B03,97.33,-62.21,128.2,13.73,177.4,-47.54,0.902,67.6,85,0.3129,1,1
NEU-508768,Control,B02,123.03,-65.64,168.1,6.84,182.8,-31.22,1.487,24.5,71,0.3398,0,1
NEU-503497,TreatmentB,B03,103.79,-57.02,167.0,10.62,65.8,-41.47,0.652,60.6,78,0.269,0,0
NEU-506861,TreatmentA,B03,47.95,-57.73,89.1,10.61,75.9,-46.07,0.695,33.0,80,0.1674,0,0
NEU-507399,TreatmentA,B02,70.25,-69.65,277.5,9.52,161.9,-42.23,0.671,55.7,99,0.3126,0,1
NEU-500018,TreatmentB,B02,111.04,-61.46,269.5,9.97,35.8,-37.64,0.659,66.8,88,0.3797,0,0
NEU-509835,TreatmentA,B02,87.19,-71.41,138.6,26.76,167.7,-35.59,1.633,44.9,96,0.6338,1,1
NEU-500556,Control,B02,111.09,-63.67,202.2,11.41,89.1,-40.75,1.441,38.4,105,0.5189,1,0
NEU-506128,Control,B01,113.02,-72.74,222.0,25.52,151.3,-41.27,1.657,24.9,101,0.4035,1,0
NEU-506894,TreatmentA,B02,121.58,-63.7,146.1,23.76,116.3,-40.49,1.045,75.9,85,0.4284,1,1
NEU-501732,TreatmentA,B01,102.45,-54.58,204.3,18.3,101.5,-44.84,0.959,47.8,86,0.335,0,0
NEU-502160,TreatmentB,B01,95.63,-69.54,241.7,8.68,100.0,-42.03,0.705,51.5,74,0.4729,0,0
NEU-508384,TreatmentA,B03,102.17,-69.85,437.9,13.93,84.3,-44.69,0.969,30.8,73,0.3847,0,1
NEU-507052,TreatmentB,B01,90.88,-72.04,179.7,7.79,151.0,-37.0,0.86,62.0,77,0.4228,0,0
NEU-502943,Control,B02,141.38,-67.97,289.3,12.64,104.5,-44.38,1.259,74.8,79,0.6649,0,0
NEU-501643,TreatmentB,B01,121.87,-64.35,233.6,13.43,128.7,-41.45,1.676,49.6,84,0.1243,1,0
NEU-502997,TreatmentA,B02,105.14,-64.43,360.3,15.71,138.8,-39.43,1.556,27.1,92,0.6924,1,1
NEU-501252,TreatmentA,B02,93.83,-64.2,93.2,19.03,50.4,-36.39,1.022,65.9,86,0.4019,1,1
NEU-502451,TreatmentA,B01,89.82,-63.95,244.1,18.13,65.4,-38.59,2.401,51.2,89,0.2674,1,0
NEU-509500,Control,B01,97.16,-56.33,254.4,14.65,154.0,-38.15,1.213,55.8,87,0.3274,0,0
NEU-502934,Control,B01,81.65,-61.54,180.6,19.81,100.7,-46.11,1.276,63.8,74,0.5574,1,1
NEU-504806,TreatmentA,B01,72.13,-65.93,229.4,9.82,112.3,-48.01,1.287,50.4,92,0.3556,0,1
NEU-505885,TreatmentA,B03,146.65,-64.97,144.4,14.03,110.9,-39.1,1.358,40.6,84,0.5191,1,1
NEU-502009,TreatmentB,B02,87.53,-58.08,83.1,11.91,88.7,-38.74,1.594,48.8,78,0.3976,1,0
NEU-500331,Control,B01,86.19,-62.82,118.6,17.57,112.7,-43.07,1.447,40.0,77,0.511,0,1
NEU-505955,Control,B03,86.85,-59.67,224.9,12.69,84.5,-37.97,0.718,35.9,82,0.3478,0,0
NEU-504892,TreatmentA,B02,90.48,-59.73,199.1,13.09,44.8,-44.95,1.526,40.7,84,0.4515,0,0
NEU-508568,TreatmentB,B03,102.78,-56.79,255.7,20.01,158.2,-42.67,1.197,56.1,85,0.6672,0,0
NEU-505498,TreatmentB,B03,110.67,-63.07,192.9,17.01,68.7,-39.88,1.337,78.0,76,0.5134,1,1
NEU-506849,Control,B01,108.91,-60.53,212.7,12.43,113.2,-40.77,0.541,53.9,74,0.5222,0,0
NEU-505061,TreatmentB,B03,117.63,-49.2,178.1,12.98,122.4,-46.65,1.126,63.3,92,0.2168,0,0
NEU-507835,TreatmentB,B02,119.8,-63.63,277.5,17.52,135.7,-40.42,0.677,63.9,90,0.3652,1,1
NEU-505948,TreatmentB,B02,105.5,-66.68,169.0,14.52,140.5,-42.37,1.17,59.0,88,0.2753,0,1
NEU-500936,TreatmentA,B03,66.6,-58.06,201.4,18.9,94.4,-39.25,1.131,55.7,73,0.644,1,1
NEU-503622,TreatmentA,B03,131.47,-62.83,161.9,29.4,103.8,-40.7,2.078,42.0,101,0.3549,1,1
NEU-501262,Control,B03,84.41,-60.74,125.3,6.52,135.5,-42.04,1.058,42.0,97,0.3288,1,1
NEU-505500,TreatmentA,B01,109.94,-72.11,185.6,8.43,72.1,-51.8,1.641,36.8,104,0.4532,0,0
NEU-503214,TreatmentB,B02,90.39,-60.85,259.2,15.12,27.0,-37.75,1.054,67.9,83,0.4988,1,1
NEU-509403,TreatmentA,B03,84.75,-65.83,315.3,17.82,45.3,-49.89,1.134,60.9,94,0.3139,1,1
NEU-502965,TreatmentA,B01,97.06,-71.57,63.8,20.26,147.7,-36.19,0.721,54.8,86,0.4035,1,0
NEU-503077,TreatmentB,B03,82.64,-70.96,255.8,7.47,119.2,-49.02,1.1,50.1,97,0.5105,0,0
NEU-506457,TreatmentA,B02,113.97,-59.1,181.2,8.49,52.7,-37.73,0.73,30.4,94,0.2396,1,1
NEU-502798,TreatmentB,B01,97.77,-59.01,255.8,12.38,72.0,-35.01,0.652,57.9,86,0.5759,1,1
NEU-508728,Control,B01,112.81,-76.19,312.1,6.13,102.4,-47.66,0.97,6.3,80,0.6098,0,0
NEU-507844,Control,B02,109.7,-60.81,74.4,13.71,104.4,-42.94,0.818,33.2,89,0.3318,0,0
NEU-500735,TreatmentA,B03,75.05,-68.37,144.9,20.93,99.3,-41.53,0.625,65.8,80,0.1092,1,0
NEU-504358,TreatmentB,B03,113.27,-62.8,144.7,12.96,100.0,-44.72,1.055,71.4,94,0.3399,0,1
NEU-505825,Control,B03,103.15,-65.07,219.1,10.84,84.3,-42.61,1.162,67.4,80,0.3918,1,1
NEU-503245,TreatmentB,B03,116.14,-63.44,309.9,15.29,73.0,-47.95,0.58,64.9,76,0.1975,0,1
NEU-500990,TreatmentB,B02,109.88,-64.65,200.9,36.29,109.4,-48.06,1.49,60.4,76,0.1366,1,0
NEU-503924,TreatmentA,B03,104.84,-57.41,122.2,17.29,94.0,-42.15,0.674,50.2,82,0.2817,1,0
NEU-507816,Control,B01,95.81,-65.89,222.1,7.7,118.8,-42.65,0.732,41.9,96,0.548,0,0
NEU-501317,TreatmentA,B02,107.66,-62.43,133.3,16.17,96.6,-39.36,0.655,55.6,84,0.4275,0,1
NEU-500137,TreatmentA,B03,97.82,-71.31,113.6,14.16,144.5,-46.15,1.028,44.4,104,0.2548,1,1
NEU-506380,TreatmentA,B01,122.78,-67.41,70.6,19.91,85.5,-47.22,0.988,47.8,83,0.3302,0,1
NEU-503454,TreatmentA,B02,110.41,-64.43,181.0,20.83,73.3,-42.02,1.032,49.1,79,0.3538,1,1
NEU-501466,Control,B02,98.49,-62.5,257.1,10.62,96.9,-43.84,0.899,39.0,81,0.4145,1,1
NEU-500473,TreatmentA,B02,116.4,-60.73,155.6,18.72,112.9,-46.76,0.772,68.2,79,0.4525,1,0
NEU-509892,Control,B03,120.89,-61.81,280.6,18.79,137.0,-53.05,0.825,33.5,82,0.6634,0,1
NEU-508943,TreatmentB,B03,74.06,-57.75,191.9,11.8,118.9,-32.85,1.283,60.7,87,0.3764,0,0
NEU-507454,TreatmentA,B03,98.74,-66.11,219.0,12.81,117.5,-41.73,1.254,25.6,97,0.6524,0,1
NEU-505036,Control,B02,58.35,-65.02,99.8,8.46,146.9,-39.07,1.026,56.7,88,0.4769,1,1
NEU-502352,TreatmentA,B01,133.35,-62.34,130.1,11.44,144.3,-44.82,1.193,57.6,90,0.4547,0,1
NEU-505671,TreatmentB,B01,131.17,-59.28,193.1,8.16,132.1,-42.6,1.62,52.8,95,0.5318,1,0
NEU-509285,Control,B02,88.83,-62.06,231.1,16.63,183.3,-46.24,0.716,48.8,80,0.264,1,0
NEU-503965,TreatmentA,B02,105.49,-66.46,191.7,19.86,87.4,-45.08,1.07,45.8,90,0.3238,0,0
NEU-502287,TreatmentB,B03,94.9,-64.42,268.2,11.95,109.4,-43.76,1.144,61.1,79,0.4374,1,1
NEU-508724,TreatmentA,B02,93.3,-58.43,138.6,22.45,108.4,-43.11,0.942,58.3,100,0.4024,1,0
NEU-509367,TreatmentA,B02,92.65,-49.98,159.9,11.77,88.1,-36.43,0.876,41.4,84,0.4148,1,0
NEU-502784,TreatmentA,B03,96.15,-63.84,93.3,11.97,36.0,-32.47,1.108,47.1,77,0.4207,1,1
NEU-504070,TreatmentB,B03,85.95,-62.65,147.4,7.6,104.6,-40.49,1.16,97.8,118,0.1839,1,1
NEU-505094,TreatmentB,B02,100.44,-73.5,67.1,16.16,66.7,-51.02,1.309,72.1,92,0.7055,1,1
NEU-500894,Control,B01,81.57,-64.14,444.7,14.22,135.5,-39.95,0.813,17.0,90,0.1038,0,1
NEU-501517,TreatmentA,B01,101.95,-75.17,139.5,12.63,76.1,-37.14,1.296,72.4,88,0.2785,1,0
NEU-509804,TreatmentB,B01,108.2,-63.97,130.7,13.53,113.8,-41.18,1.025,39.9,81,0.072,1,1
NEU-506480,TreatmentB,B02,82.64,-49.13,112.4,8.42,71.7,-44.22,2.365,60.7,74,0.7099,1,0
NEU-503139,Control,B03,111.14,-69.1,167.7,9.47,141.1,-44.48,0.713,51.9,96,0.5389,0,0
NEU-500677,TreatmentA,B01,120.94,-64.07,160.5,6.93,63.4,-37.05,0.957,56.2,94,0.2398,1,1
NEU-509728,TreatmentB,B02,74.31,-59.41,125.1,12.95,23.1,-42.33,1.173,41.4,107,0.3062,1,1
NEU-505385,Control,B03,102.64,-58.6,207.9,9.43,140.0,-46.97,1.208,45.1,77,0.2599,1,1
NEU-503898,TreatmentA,B03,95.43,-70.51,117.2,12.83,63.1,-43.76,0.792,55.3,80,0.3729,1,0
NEU-502008,TreatmentA,B01,114.38,-64.11,234.9,13.21,119.0,-43.08,0.643,53.9,80,0.2055,1,1
NEU-509104,TreatmentB,B03,88.24,-65.98,73.1,27.73,130.7,-37.2,0.991,65.1,95,0.4824,0,1
NEU-504417,TreatmentB,B02,107.21,-56.99,170.4,25.33,48.9,-35.93,1.033,69.4,95,0.6256,1,1
NEU-506920,TreatmentB,B01,82.61,-61.4,174.4,7.97,64.3,-42.62,1.558,74.4,104,0.3719,1,1
NEU-500097,TreatmentA,B02,101.98,-63.63,91.3,4.37,49.4,-40.02,0.601,60.4,79,0.3638,0,1
NEU-508673,TreatmentB,B03,110.29,-65.03,95.3,9.58,107.9,-47.14,0.816,76.4,80,0.2822,0,1
NEU-500646,TreatmentB,B02,88.78,-67.57,164.1,17.36,79.9,-36.79,0.771,64.7,84,0.368,1,1
NEU-509668,TreatmentB,B02,108.56,-66.64,532.8,30.71,-7.8,-42.29,0.821,82.1,89,0.7097,0,1
NEU-501327,Control,B03,117.94,-64.93,170.7,10.15,120.2,-45.91,0.85,38.7,69,0.1849,1,1
NEU-505663,TreatmentA,B02,110.31,-74.26,155.2,5.13,61.1,-41.78,0.699,32.6,94,0.4167,0,0
NEU-505489,Control,B02,95.76,-65.73,226.7,16.58,115.8,-43.74,0.891,31.9,99,0.3421,0,1
NEU-505544,Control,B02,121.97,-60.78,248.8,32.46,148.7,-42.75,1.303,45.2,67,0.5367,0,1
NEU-500179,TreatmentB,B02,110.94,-55.96,372.4,13.48,122.2,-40.5,0.871,74.8,92,0.2875,0,0
NEU-506243,TreatmentB,B03,102.27,-68.52,193.3,11.06,96.8,-39.87,1.773,71.5,99,0.2384,1,0
NEU-508029,Control,B03,92.8,-72.41,96.9,17.69,84.6,-36.71,1.562,16.6,90,0.7672,0,1
NEU-501448,Control,B02,108.29,-68.14,167.9,9.19,107.5,-46.72,1.497,67.1,86,0.153,1,1
NEU-506440,TreatmentA,B02,112.07,-60.29,185.2,12.03,131.2,-40.03,1.906,56.5,87,0.455,1,1
NEU-501026,TreatmentA,B02,113.27,-77.19,60.0,22.01,105.6,-46.12,1.166,22.6,79,0.5837,0,0
NEU-504530,Control,B01,78.38,-62.15,157.5,12.26,145.3,-36.41,1.344,43.5,90,0.2552,1,1
NEU-508099,Control,B03,104.29,-66.22,99.7,16.26,56.2,-40.28,1.173,36.3,91,0.4285,1,1
NEU-500173,TreatmentB,B01,106.46,-62.12,239.4,20.74,63.8,-37.97,1.006,91.8,86,0.3792,1,1
NEU-503679,TreatmentA,B02,123.77,-63.57,266.3,13.48,93.3,-36.39,1.552,57.1,80,0.4998,1,1
NEU-500683,TreatmentA,B03,96.32,-72.43,168.9,14.4,125.5,-46.89,1.004,48.8,77,0.34,0,0
NEU-502807,Control,B01,113.21,-58.0,88.3,28.36,105.8,-38.08,1.531,44.6,85,0.3848,1,0
NEU-504041,TreatmentB,B01,93.75,-64.73,209.5,11.87,85.9,-35.69,1.097,70.5,98,0.3584,1,1
NEU-502746,Control,B01,110.04,-63.88,138.1,19.07,129.5,-38.38,1.414,29.8,81,0.3364,0,1
NEU-509855,TreatmentA,B03,83.12,-70.4,100.2,15.17,97.5,-43.98,1.142,72.4,86,0.3089,1,0
NEU-502074,TreatmentB,B02,95.28,-63.13,199.8,18.31,94.0,-38.41,1.546,81.7,82,0.392,1,1
NEU-500828,Control,B02,112.42,-70.3,140.2,19.74,102.5,-31.01,0.675,71.0,96,0.2612,1,0
NEU-501296,TreatmentA,B01,96.91,-59.76,414.6,15.99,83.2,-42.51,0.948,44.9,91,0.2933,0,0
NEU-504099,Control,B02,93.4,-60.46,121.8,18.67,144.9,-37.42,0.838,53.1,105,0.3117,1,0
NEU-504634,TreatmentB,B03,101.67,-70.11,268.7,9.85,45.6,-33.22,1.347,50.4,86,0.6015,0,0
NEU-509488,TreatmentB,B03,78.64,-59.1,115.6,13.53,141.6,-48.12,2.206,50.6,88,0.2546,1,0
NEU-505495,Control,B03,91.71,-62.42,110.3,15.84,187.0,-37.63,0.658,43.5,104,0.2806,0,0
NEU-502597,Control,B01,97.94,-72.99,314.1,10.25,101.0,-38.12,0.931,27.6,89,0.4582,0,0
NEU-506555,TreatmentB,B03,131.28,-80.2,118.1,17.23,55.2,-38.85,1.379,68.2,78,0.5274,1,0
NEU-507833,TreatmentB,B01,105.64,-60.88,298.4,9.98,81.2,-49.96,1.426,67.4,86,0.4672,1,1
NEU-508603,Control,B01,84.5,-63.89,303.2,12.71,103.5,-36.93,1.514,38.4,77,0.4495,1,1
NEU-508213,TreatmentB,B01,96.23,-64.24,232.5,10.88,136.4,-37.4,0.99,86.3,98,0.3055,1,1
NEU-502826,TreatmentA,B02,122.73,-67.47,195.2,13.27,137.5,-43.07,1.223,31.6,82,0.4614,1,0
NEU-503912,TreatmentB,B03,89.49,-65.71,129.7,26.65,7.0,-38.11,1.405,71.3,96,0.7054,1,1
NEU-504498,TreatmentA,B01,74.7,-60.25,295.0,17.8,72.3,-41.85,0.576,48.3,91,0.4274,0,0
NEU-501492,TreatmentA,B01,108.44,-66.35,452.8,17.0,122.6,-41.07,1.126,50.8,86,0.1156,0,0
NEU-500191,TreatmentA,B01,98.74,-63.92,363.8,13.66,102.0,-44.56,1.391,48.4,87,0.2233,0,1
NEU-508186,Control,B03,83.96,-66.1,227.9,18.1,128.9,-45.05,1.356,40.5,82,0.4075,0,1
NEU-504920,TreatmentA,B02,110.93,-51.7,145.6,26.07,82.9,-39.87,0.57,58.2,82,0.1542,1,0
NEU-507301,TreatmentA,B03,99.34,-65.85,143.3,13.88,101.0,-33.74,0.556,52.1,103,0.5554,0,1
NEU-508776,TreatmentB,B01,110.62,-56.61,172.7,16.98,97.0,-44.15,1.191,59.3,87,0.4919,0,0
NEU-504851,TreatmentB,B03,110.74,-59.69,133.0,22.52,126.9,-47.31,2.309,64.7,79,0.3082,1,0
NEU-508456,TreatmentB,B03,77.01,-59.86,222.7,18.87,76.6,-49.52,1.596,64.6,82,0.569,1,1
NEU-500896,TreatmentA,B01,137.59,-63.3,233.3,19.94,77.1,-44.03,1.169,45.7,99,0.2652,0,0
NEU-508490,Control,B01,94.61,-65.29,151.0,14.86,153.8,-39.57,1.419,36.5,93,0.4308,1,1
NEU-506747,TreatmentA,B03,108.8,-61.64,370.4,27.71,44.6,-45.44,0.722,25.6,85,0.4078,0,0
NEU-503985,TreatmentA,B01,83.13,-68.0,175.3,8.27,63.9,-39.59,1.05,32.0,85,0.3417,0,1
NEU-503815,TreatmentA,B02,108.34,-64.7,97.8,6.26,80.5,-42.59,0.823,92.7,87,0.3733,1,1
NEU-504998,TreatmentB,B02,77.83,-57.72,145.2,12.04,31.8,-39.21,1.171,66.8,81,0.153,1,0
NEU-504500,Control,B03,74.32,-63.13,234.9,9.96,137.9,-45.75,0.986,45.6,78,0.3837,1,1
NEU-508375,Control,B01,104.1,-57.17,219.4,8.95,195.4,-42.29,1.522,41.9,102,0.4376,0,0
NEU-503526,TreatmentB,B01,97.59,-68.83,158.2,11.75,94.5,-33.97,0.843,54.7,77,0.1649,0,1
NEU-506314,Control,B02,114.24,-73.46,261.7,12.89,57.0,-39.47,1.036,42.5,83,0.347,0,0
NEU-505590,TreatmentB,B01,121.47,-64.19,153.5,19.51,1.2,-35.97,1.019,56.8,83,0.3203,1,1
NEU-506778,TreatmentB,B01,77.83,-59.02,101.3,11.83,66.5,-44.79,1.028,79.5,81,0.5807,0,0
NEU-509245,TreatmentA,B01,115.72,-67.73,99.1,20.6,113.0,-39.11,0.815,52.7,78,0.4509,0,1
NEU-505221,TreatmentA,B02,101.78,-61.67,61.6,9.17,141.0,-39.46,0.669,44.6,86,0.2403,0,1
NEU-504966,TreatmentA,B03,96.54,-64.53,301.4,15.37,160.0,-39.68,0.979,62.3,100,0.5832,1,1
NEU-507282,TreatmentB,B02,123.04,-59.58,153.3,25.2,-17.5,-41.46,0.871,69.9,77,0.3915,1,0
NEU-508194,TreatmentB,B02,90.78,-58.35,198.4,26.68,71.7,-43.35,0.895,64.6,89,0.5388,1,1
NEU-509148,Control,B02,92.36,-71.69,157.4,6.01,171.3,-44.35,1.289,32.1,74,0.2005,1,1
NEU-507516,Control,B03,92.22,-70.38,232.8,10.28,46.4,-43.12,1.345,48.6,61,0.6016,1,0
NEU-500068,TreatmentA,B03,100.61,-71.51,258.7,17.61,100.3,-41.26,1.038,74.7,79,0.414,0,1
NEU-507860,TreatmentB,B01,94.71,-68.58,233.4,15.95,26.3,-38.56,1.388,70.9,105,0.6335,1,1
NEU-509814,TreatmentB,B02,92.27,-54.99,350.6,16.43,81.2,-40.91,1.302,66.4,94,0.5937,1,1
NEU-501708,TreatmentB,B03,110.9,-68.22,214.3,11.62,69.3,-38.13,0.519,65.8,81,0.2565,1,1
NEU-502969,TreatmentB,B02,98.66,-65.83,215.9,16.45,43.7,-37.27,0.771,71.6,75,0.1882,1,1
NEU-508091,TreatmentA,B01,99.63,-64.71,173.7,6.28,158.9,-43.37,0.526,41.0,98,0.3492,0,1
NEU-508146,Control,B02,107.29,-75.21,358.2,19.02,104.1,-36.12,1.271,33.3,107,0.1619,0,0
NEU-505744,TreatmentA,B02,117.95,-64.22,118.9,18.65,62.2,-41.8,1.1,43.4,96,0.6708,1,1
NEU-508083,TreatmentB,B03,82.38,-70.01,128.9,15.38,76.9,-44.61,1.201,55.5,78,0.674,1,1
NEU-506165,TreatmentB,B01,118.87,-65.6,113.2,33.4,55.7,-45.83,1.711,67.5,75,0.4036,1,1
NEU-508159,Control,B02,87.64,-65.11,244.1,17.29,126.5,-40.49,1.134,40.2,93,0.1994,1,0
NEU-507459,TreatmentA,B03,111.73,-57.03,156.6,12.28,127.1,-42.45,0.789,40.0,65,0.6581,1,0
NEU-503203,Control,B02,90.28,-68.1,208.4,11.28,106.5,-44.68,0.818,38.3,100,0.3522,1,1
NEU-509695,TreatmentB,B01,108.43,-70.83,407.8,16.59,62.6,-39.8,1.034,94.0,80,0.4786,0,1
NEU-502792,Control,B01,76.82,-67.79,83.1,12.7,148.0,-40.67,0.735,63.5,73,0.4746,1,0
NEU-508822,TreatmentB,B03,112.66,-71.73,133.6,15.12,51.0,-40.59,0.959,101.5,91,0.4536,1,0
NEU-506713,Control,B01,123.92,-64.45,85.4,6.34,184.2,-37.43,1.202,18.2,80,0.2362,1,1
NEU-506024,TreatmentB,B02,94.74,-57.94,191.7,15.2,48.4,-35.48,1.487,62.1,89,0.1407,1,0
NEU-505134,TreatmentB,B01,99.32,-56.74,140.5,13.0,112.8,-43.51,0.871,81.9,73,0.2786,0,0
NEU-502601,TreatmentB,B02,105.49,-70.37,79.5,11.25,111.6,-40.58,1.167,63.4,88,0.2233,1,1
NEU-506145,Control,B02,121.66,-68.56,186.4,12.89,170.2,-39.48,1.176,74.3,97,0.2219,1,1
NEU-502714,TreatmentA,B03,102.01,-65.39,233.8,7.69,112.0,-31.45,0.889,81.2,94,0.1874,1,1
NEU-507257,TreatmentB,B02,63.62,-70.43,87.1,12.57,61.6,-46.04,0.743,99.7,95,0.3855,1,0
NEU-501768,TreatmentA,B02,108.24,-72.65,394.6,11.62,90.2,-49.0,1.071,21.4,93,0.4426,0,0
NEU-509175,TreatmentA,B01,93.62,-73.54,216.7,12.08,96.9,-41.33,1.532,53.9,93,0.1965,1,0
NEU-509593,TreatmentA,B03,128.9,-64.19,172.8,17.5,121.6,-47.09,1.655,45.6,82,0.4261,1,1
NEU-500472,TreatmentB,B03,112.56,-62.15,345.3,12.1,38.2,-42.7,1.575,79.9,100,0.3783,1,0
NEU-507146,TreatmentA,B03,110.84,-60.05,300.8,10.73,158.8,-42.04,0.787,61.1,77,0.3428,0,0
NEU-502708,Control,B01,98.83,-75.57,299.6,19.59,116.1,-45.13,1.251,53.8,82,0.2314,0,0
NEU-505401,TreatmentB,B01,78.24,-63.51,187.6,14.57,126.0,-48.07,2.048,65.0,93,0.3213,1,1
NEU-502585,TreatmentA,B01,121.64,-71.81,141.0,21.43,140.3,-40.54,0.903,25.2,94,0.4605,0,1
NEU-509103,TreatmentA,B01,97.46,-56.27,148.5,13.42,121.1,-43.04,0.733,72.5,88,0.2968,0,0
NEU-507244,TreatmentA,B03,92.75,-67.57,223.5,18.21,91.4,-40.09,1.493,52.7,97,0.2639,0,0
NEU-505327,TreatmentA,B02,117.38,-62.61,119.2,11.5,75.3,-48.82,1.405,51.7,83,0.5004,1,0
NEU-504210,TreatmentA,B03,91.74,-67.81,181.9,16.15,76.3,-42.89,1.154,41.9,86,0.343,0,1
NEU-502051,TreatmentB,B03,85.61,-68.16,217.4,17.97,133.0,-40.09,1.241,42.5,80,0.4269,0,1
NEU-504645,TreatmentA,B01,86.68,-56.81,138.5,18.59,139.6,-44.67,0.962,75.4,89,0.3163,1,0
NEU-506277,Control,B02,108.95,-68.1,214.6,13.35,123.3,-34.4,1.144,48.8,77,0.2536,0,1
NEU-508190,TreatmentA,B02,88.1,-71.36,212.0,11.32,21.0,-49.93,0.659,72.4,75,0.0611,0,1
NEU-509714,TreatmentA,B01,97.57,-67.09,246.3,20.06,141.7,-40.25,0.87,74.5,97,0.3064,1,0
NEU-500694,TreatmentA,B02,111.45,-64.56,142.6,13.83,120.8,-39.05,0.91,46.3,91,0.0986,1,1
NEU-501949,TreatmentB,B02,124.1,-54.22,132.9,13.82,76.8,-38.28,1.246,58.0,102,0.3992,0,0
NEU-504580,TreatmentB,B02,107.84,-64.38,156.9,6.93,-7.0,-37.85,0.62,36.7,96,0.334,0,1
NEU-503852,Control,B01,76.79,-64.52,207.6,9.08,105.0,-43.58,0.835,48.4,91,0.5256,0,0
NEU-502502,TreatmentA,B01,106.88,-66.85,117.1,25.33,60.8,-34.09,0.783,59.5,92,0.2768,1,0
NEU-500568,TreatmentB,B03,91.16,-73.29,138.3,10.38,90.7,-49.45,0.962,55.1,82,0.6031,1,0
NEU-502920,TreatmentA,B01,108.26,-62.67,301.1,13.48,123.9,-40.62,0.999,69.0,77,0.4609,0,0
NEU-503022,TreatmentA,B02,98.05,-66.45,108.1,13.08,107.1,-36.56,0.967,26.0,66,0.7249,1,1
NEU-504688,TreatmentA,B02,90.31,-58.52,226.5,10.03,48.9,-38.95,1.123,56.2,80,0.2446,1,1
NEU-504763,TreatmentB,B01,103.4,-59.48,144.3,9.33,76.7,-45.74,1.458,56.9,87,0.28,1,1
NEU-501109,TreatmentA,B02,101.77,-58.03,268.6,5.63,100.9,-49.32,1.116,63.9,90,0.4324,1,0
NEU-506034,TreatmentB,B03,98.33,-62.14,157.8,29.93,82.8,-42.56,0.846,43.6,90,0.4074,0,1
NEU-502164,TreatmentB,B02,99.08,-62.91,168.1,21.77,98.8,-36.58,0.735,41.4,82,0.6472,0,1
NEU-506949,TreatmentB,B03,106.23,-64.83,248.6,12.47,45.3,-47.91,0.799,54.0,86,0.3883,1,1
NEU-501843,TreatmentB,B02,99.83,-65.29,204.2,14.77,4.1,-41.61,1.287,53.2,94,0.294,1,1
NEU-501132,Control,B03,76.24,-66.22,204.3,14.54,47.4,-32.8,1.226,40.5,92,0.3912,1,1
NEU-501641,TreatmentB,B03,126.67,-60.45,230.0,10.62,63.6,-40.6,1.178,55.3,77,0.4539,1,0
NEU-507565,TreatmentA,B01,103.35,-61.07,371.5,18.01,154.8,-48.46,1.091,46.4,106,0.2769,0,1
NEU-500900,TreatmentA,B01,105.35,-58.72,71.7,18.38,99.0,-38.55,0.956,62.9,101,0.337,1,0
NEU-505773,TreatmentA,B01,98.74,-56.59,221.9,10.06,71.8,-40.36,1.05,48.6,77,0.3252,1,0
NEU-505427,TreatmentA,B01,112.85,-74.28,101.4,27.52,121.5,-39.29,0.905,41.7,88,0.574,1,1
NEU-500765,Control,B03,114.66,-63.49,289.4,8.48,201.2,-41.15,1.045,41.0,77,0.1157,0,1
NEU-509364,TreatmentB,B01,108.52,-63.39,482.6,8.91,90.7,-45.89,0.563,80.8,83,0.1346,1,1
NEU-504926,Control,B01,132.53,-68.71,116.6,8.91,211.1,-41.58,1.778,58.9,82,0.6807,1,0
NEU-507322,TreatmentB,B01,76.97,-71.23,225.3,15.3,68.0,-41.31,1.096,70.3,89,0.3358,0,0
NEU-500798,TreatmentB,B01,88.46,-57.51,94.1,17.68,110.9,-44.08,1.182,69.2,75,0.5176,1,0
NEU-506364,TreatmentB,B02,108.41,-68.16,111.8,16.61,12.7,-42.35,1.148,58.7,70,0.3226,1,1
NEU-504943,TreatmentB,B01,104.59,-67.75,110.5,19.43,41.9,-46.57,0.998,98.1,75,0.17,0,0
NEU-504951,Control,B02,64.35,-59.98,165.1,11.53,45.8,-33.81,0.863,33.5,68,0.5743,0,0
NEU-503592,TreatmentA,B02,127.92,-66.35,120.4,24.8,48.2,-41.1,2.376,53.1,98,0.4408,1,1
NEU-507793,TreatmentA,B03,114.31,-51.34,225.4,19.33,88.8,-48.54,1.047,38.6,100,0.3004,0,0
NEU-502328,TreatmentA,B01,95.06,-61.97,139.8,11.17,50.1,-42.17,1.196,69.5,94,0.4928,1,1
NEU-507610,Control,B01,103.38,-63.77,293.8,14.69,121.5,-45.41,1.502,41.7,86,0.4465,0,1
NEU-509951,Control,B03,94.15,-68.01,338.4,9.3,134.6,-37.17,0.596,47.0,98,0.4527,0,0
NEU-508057,TreatmentB,B02,102.4,-69.12,365.6,13.5,56.7,-44.69,0.477,77.6,97,0.3785,1,1
NEU-506828,TreatmentB,B02,87.63,-65.86,196.0,10.66,96.4,-30.95,1.229,45.8,78,0.2842,1,1
NEU-504366,TreatmentB,B01,91.58,-61.14,256.1,10.71,25.1,-41.02,1.14,75.9,69,0.528,1,0
NEU-509397,TreatmentA,B01,107.92,-61.42,86.7,15.97,129.3,-43.32,0.83,34.8,91,0.4875,1,1
NEU-504551,TreatmentA,B02,103.0,-74.43,233.6,9.11,187.1,-48.1,0.663,36.8,83,0.2765,0,1
NEU-505662,TreatmentA,B03,104.54,-66.86,150.4,11.24,116.7,-34.48,1.094,77.1,98,0.1871,1,1
NEU-502548,TreatmentA,B03,107.11,-68.13,209.8,14.31,73.6,-40.69,0.902,57.1,88,0.4127,0,1
NEU-507556,Control,B02,93.8,-71.09,159.5,15.54,168.1,-46.49,1.07,34.5,80,0.4328,0,0
NEU-504715,TreatmentB,B03,116.32,-61.87,177.6,19.15,123.1,-35.45,1.41,68.5,105,0.2484,1,0
NEU-505778,TreatmentA,B02,91.08,-55.47,246.5,4.83,127.4,-44.17,0.869,57.9,67,0.4911,0,0
NEU-503756,TreatmentB,B03,110.7,-58.36,165.7,8.97,105.3,-45.65,0.893,69.6,76,0.3104,1,0
NEU-502962,TreatmentB,B01,102.4,-55.67,306.9,18.31,141.9,-37.25,0.697,49.3,98,0.5314,0,0
NEU-504363,TreatmentB,B01,94.79,-55.4,398.0,18.19,44.4,-36.26,1.469,65.0,84,0.5982,0,1
NEU-501565,TreatmentB,B01,107.38,-68.94,80.2,13.71,94.8,-43.19,0.791,91.0,79,0.3238,1,1
NEU-508760,TreatmentB,B02,126.45,-64.75,163.5,14.71,73.8,-44.56,0.891,55.7,80,0.3201,1,1
NEU-504077,Control,B02,116.19,-63.88,358.1,10.73,75.7,-39.06,1.673,34.9,89,0.3651,0,1
NEU-503483,Control,B01,102.27,-72.45,226.9,12.62,83.6,-49.06,1.706,37.4,84,0.4085,1,0
NEU-502226,TreatmentB,B01,78.62,-64.91,130.2,6.85,122.3,-40.11,1.196,57.2,75,0.4159,1,1
NEU-505417,TreatmentA,B02,61.86,-69.47,110.5,8.35,120.8,-38.88,1.379,51.7,94,0.4018,1,1
NEU-507661,TreatmentB,B02,97.01,-69.22,95.2,16.85,86.3,-37.12,2.259,81.9,96,0.5787,1,1
NEU-507782,TreatmentA,B02,83.98,-73.78,510.3,6.5,86.1,-37.78,0.839,65.9,76,0.6568,0,0
NEU-500157,TreatmentB,B01,87.44,-68.87,112.3,17.54,22.7,-43.72,0.982,52.2,74,0.3415,0,0
NEU-502537,TreatmentA,B03,112.08,-63.6,122.6,17.69,101.4,-38.96,1.304,57.7,94,0.5526,1,1
NEU-505882,Control,B01,106.41,-67.9,212.3,15.03,52.5,-42.08,0.957,23.8,93,0.4561,0,1
NEU-500839,Control,B01,108.92,-67.86,237.3,34.58,136.5,-38.11,0.968,24.3,98,0.4531,0,1
NEU-502238,TreatmentA,B01,102.9,-66.29,231.1,12.0,154.9,-43.98,0.71,70.5,82,0.3604,1,1
NEU-500056,TreatmentA,B03,81.62,-51.12,193.6,8.86,82.6,-36.78,1.375,51.7,72,0.3214,1,1
NEU-500421,Control,B02,94.66,-64.09,145.8,15.43,121.2,-41.45,0.959,47.6,93,0.381,0,1
NEU-501593,TreatmentA,B03,96.38,-68.25,168.5,11.96,88.1,-45.85,0.668,70.2,94,0.6694,0,0
NEU-503053,TreatmentA,B01,104.52,-68.15,218.9,11.36,70.2,-41.9,1.626,52.0,100,0.5854,0,1
NEU-509642,Control,B02,110.48,-61.76,144.3,12.86,110.8,-33.1,1.904,54.8,93,0.2888,1,1
NEU-500441,Control,B02,72.25,-63.75,388.8,24.41,77.8,-37.64,0.822,51.6,78,0.3337,0,1
NEU-503560,Control,B01,98.39,-61.47,129.6,11.6,152.8,-37.67,1.462,40.3,86,0.4825,1,0
NEU-501807,TreatmentA,B02,100.23,-64.87,66.4,10.53,100.2,-32.16,1.006,77.3,93,0.501,1,0
NEU-500450,Control,B01,89.35,-65.71,154.3,12.16,130.2,-48.23,1.147,41.8,79,0.5454,1,1
NEU-507902,TreatmentA,B03,73.46,-64.7,286.9,14.34,93.5,-45.08,0.962,59.1,77,0.3194,0,1
NEU-503836,TreatmentB,B01,91.38,-62.81,231.6,15.14,33.2,-43.98,0.763,41.6,95,0.45,1,1
NEU-503360,Control,B01,93.28,-68.32,139.9,25.99,174.7,-43.11,0.715,36.6,97,0.3414,0,1
NEU-508179,TreatmentA,B02,101.81,-68.38,207.2,19.7,102.4,-39.38,0.991,37.4,84,0.1495,0,0
NEU-502516,TreatmentA,B02,108.16,-69.55,101.5,15.18,140.1,-39.67,0.986,60.4,86,0.4027,1,1
NEU-503522,TreatmentB,B03,83.71,-67.68,126.3,13.67,47.0,-28.66,1.688,75.6,60,0.3665,1,0
NEU-506394,TreatmentB,B02,96.3,-67.72,201.9,7.08,119.7,-41.57,1.578,37.2,92,0.4825,0,0
NEU-501702,TreatmentB,B01,104.84,-56.26,152.7,8.03,150.4,-40.12,0.765,80.3,77,0.5278,1,0
NEU-501612,TreatmentB,B02,102.19,-68.48,88.0,18.9,127.8,-50.02,1.121,70.7,104,0.4435,1,1
NEU-507218,Control,B01,91.7,-69.75,392.1,13.85,129.5,-43.41,1.313,40.5,80,0.3432,0,0
NEU-502572,TreatmentA,B03,99.07,-75.7,164.5,12.22,119.1,-37.43,1.19,37.9,88,0.6292,1,0
NEU-507394,TreatmentB,B01,98.54,-72.32,100.6,19.03,43.7,-41.18,1.144,65.0,83,0.4975,1,1
NEU-503868,TreatmentA,B02,83.04,-77.54,215.2,7.83,123.2,-40.19,0.712,60.9,71,0.4349,1,0
NEU-502888,TreatmentA,B01,86.57,-69.61,243.0,11.51,41.3,-53.27,1.275,66.5,86,0.4586,1,0
NEU-508781,TreatmentB,B01,104.03,-52.57,216.1,6.95,92.4,-40.28,0.982,76.7,88,0.5752,1,0
NEU-509154,TreatmentB,B02,116.36,-65.95,138.1,9.19,6.7,-38.9,0.926,42.2,93,0.2968,1,1
NEU-509791,TreatmentB,B01,85.67,-59.82,111.3,7.04,110.1,-39.07,0.94,72.6,74,0.4177,1,1
NEU-500126,TreatmentB,B03,84.39,-68.36,317.9,16.76,51.5,-38.54,1.009,63.0,84,0.5998,0,1
NEU-502046,TreatmentA,B01,131.11,-68.46,161.0,13.76,82.9,-43.51,0.858,49.0,71,0.1736,0,1
NEU-504045,TreatmentB,B01,110.28,-55.83,185.5,12.78,38.4,-43.62,0.839,44.4,84,0.3058,1,0
NEU-502541,TreatmentB,B03,93.49,-63.63,128.4,10.06,10.0,-40.75,1.21,57.4,87,0.7481,0,0
NEU-508511,Control,B03,120.12,-61.93,129.9,10.57,194.0,-44.26,1.389,37.4,84,0.496,1,0
NEU-506228,TreatmentA,B01,80.28,-64.12,209.6,9.14,91.7,-43.85,0.957,61.8,111,0.3673,1,1
NEU-503524,Control,B01,99.64,-63.19,311.2,5.6,134.5,-39.25,0.863,32.1,99,0.2038,0,1
NEU-505674,TreatmentB,B02,93.92,-70.94,539.1,8.9,125.8,-38.47,0.874,62.4,79,0.6161,0,0
NEU-504220,TreatmentB,B01,144.46,-67.44,144.7,12.14,41.2,-40.23,1.426,60.4,76,0.2812,1,1
NEU-502025,Control,B02,100.0,-65.42,135.5,13.78,81.2,-40.71,1.504,53.6,92,0.1206,1,1
NEU-505444,Control,B02,118.73,-77.23,161.9,16.16,81.9,-43.12,1.648,45.3,86,0.4032,1,0
NEU-505535,Control,B03,105.15,-62.51,169.0,26.8,150.2,-41.98,0.925,25.8,90,0.4013,0,1
NEU-507870,TreatmentA,B02,99.42,-72.93,242.7,5.86,105.1,-50.41,0.943,37.5,84,0.3231,1,1
NEU-500087,TreatmentB,B01,106.18,-52.84,115.8,6.44,46.9,-38.86,0.581,70.8,86,0.5406,1,0
NEU-509503,Control,B03,66.63,-60.28,428.4,16.49,106.9,-44.86,1.438,52.2,92,0.3477,0,0
NEU-503990,Control,B02,123.49,-65.07,202.2,10.57,188.6,-43.5,1.21,49.2,77,0.4913,0,1
NEU-507084,TreatmentB,B01,90.08,-72.33,264.7,11.2,33.3,-47.24,1.42,73.9,84,0.3175,1,0
NEU-503385,TreatmentA,B02,98.13,-64.71,164.2,16.33,108.0,-35.75,1.016,31.5,73,0.521,0,1
NEU-502430,TreatmentB,B02,76.55,-72.54,121.1,14.73,76.3,-39.27,1.051,34.3,106,0.3092,0,1
NEU-508036,TreatmentA,B01,99.04,-60.94,88.1,11.8,157.6,-39.02,1.217,57.2,98,0.5108,1,0
NEU-504782,TreatmentB,B01,122.19,-70.72,218.2,16.92,103.3,-45.31,0.956,60.9,73,0.471,1,0
NEU-505026,Control,B03,89.78,-65.69,127.9,15.54,183.4,-42.85,1.158,57.0,73,0.1484,1,1
NEU-503854,TreatmentB,B01,108.54,-59.88,137.3,9.62,76.4,-35.32,1.327,70.9,77,0.2972,1,1
NEU-507611,TreatmentB,B03,100.35,-57.04,267.9,15.96,32.3,-43.87,0.644,57.5,74,0.31,0,0
NEU-505352,TreatmentB,B02,129.08,-70.65,219.1,13.67,75.5,-45.77,0.753,74.6,91,0.325,1,0
NEU-501566,TreatmentB,B02,117.57,-74.35,340.4,33.62,93.4,-43.05,1.407,62.1,75,0.3975,1,0
NEU-505309,TreatmentA,B03,78.5,-66.87,198.5,10.2,75.4,-46.12,1.575,48.9,92,0.5292,1,0
NEU-507100,TreatmentA,B03,108.98,-70.1,225.3,23.36,150.4,-41.39,1.001,66.5,78,0.155,0,0
NEU-501868,TreatmentB,B03,120.41,-55.28,234.9,22.81,148.0,-36.58,0.895,51.9,96,0.2848,0,0
NEU-500451,Control,B01,73.7,-63.24,109.0,9.95,120.5,-42.87,0.769,47.0,87,0.5991,0,0
NEU-507417,TreatmentA,B02,79.46,-69.97,188.2,21.61,35.5,-38.07,0.826,50.6,85,0.6909,1,1
NEU-505844,Control,B01,102.07,-72.32,254.1,14.17,150.4,-38.96,0.854,49.3,85,0.2613,0,0
NEU-500102,TreatmentB,B02,105.73,-71.39,288.6,14.67,84.4,-45.83,0.876,50.2,77,0.346,0,1
NEU-503101,Control,B03,84.15,-57.63,214.0,15.53,99.4,-42.31,0.88,61.7,80,0.5662,0,0
NEU-502745,Control,B01,92.97,-62.83,216.3,26.53,150.3,-38.29,1.233,37.2,87,0.3227,0,0
NEU-502239,Control,B01,111.93,-71.5,111.1,7.58,140.9,-43.86,0.413,57.9,78,0.4533,0,1
NEU-500749,Control,B02,120.78,-70.25,147.5,10.07,201.7,-41.44,1.132,56.2,108,0.2015,1,1
NEU-507164,Control,B01,114.34,-65.42,284.9,30.79,32.7,-46.4,1.628,39.8,95,0.5621,1,1
NEU-504334,TreatmentA,B01,110.47,-50.91,148.2,16.97,53.6,-43.7,0.738,66.9,90,0.3487,1,0
NEU-502743,TreatmentA,B02,108.25,-62.92,179.5,12.23,99.9,-44.81,0.739,57.1,96,0.5887,0,0
NEU-504306,TreatmentA,B03,90.33,-58.61,256.9,10.52,83.7,-38.28,1.643,65.4,76,0.6423,1,0
NEU-509700,TreatmentB,B03,80.94,-62.24,206.6,16.81,42.0,-49.19,0.65,77.9,81,0.5759,1,1
NEU-508253,TreatmentB,B03,85.73,-65.17,114.4,10.91,39.2,-38.41,0.93,57.3,87,0.2323,0,1
NEU-500052,TreatmentA,B01,101.65,-67.34,176.9,14.57,105.3,-42.45,0.845,60.2,76,0.316,1,1
NEU-502865,TreatmentB,B01,107.3,-67.12,102.6,9.77,104.1,-43.04,0.754,75.2,72,0.4151,1,0
NEU-502539,TreatmentA,B02,80.42,-66.3,231.1,12.74,183.9,-38.64,1.118,64.8,89,0.5779,0,1
NEU-504062,Control,B02,113.61,-65.14,500.9,5.82,191.0,-44.28,1.537,31.7,95,0.4559,0,0
NEU-503305,TreatmentA,B01,78.13,-69.06,194.7,10.73,148.7,-43.01,2.247,61.6,92,0.475,1,0
NEU-503387,TreatmentA,B02,103.98,-74.38,268.6,22.3,112.8,-43.89,0.582,47.0,86,0.3826,0,0
NEU-509530,Control,B02,94.76,-76.5,312.4,16.18,112.1,-43.59,0.761,46.1,77,0.2982,1,0
NEU-507967,TreatmentB,B02,109.36,-73.35,133.3,24.21,17.1,-42.65,0.883,75.9,89,0.2814,1,0
NEU-505881,TreatmentB,B02,102.69,-61.57,96.7,24.9,3.1,-33.27,0.823,68.8,85,0.2239,1,0
NEU-503031,TreatmentA,B02,97.05,-62.6,189.2,8.8,78.6,-40.8,1.165,34.3,98,0.3245,0,1
NEU-503939,TreatmentB,B02,86.21,-58.55,157.9,17.36,52.3,-43.78,0.998,59.5,77,0.3937,1,0
NEU-507767,Control,B02,102.7,-67.4,196.0,19.3,108.9,-37.36,1.134,55.1,85,0.3343,0,0
NEU-500979,Control,B01,90.4,-61.68,210.7,16.1,121.5,-40.82,1.114,42.7,91,0.6851,1,1
NEU-503400,TreatmentA,B02,86.17,-73.6,139.9,13.32,111.0,-42.25,0.97,59.6,87,0.3285,1,0
NEU-508542,TreatmentB,B02,73.62,-71.29,196.8,10.1,69.6,-51.26,1.608,50.2,70,0.5474,1,0
NEU-509139,TreatmentA,B02,100.83,-60.78,218.6,7.93,72.2,-39.04,0.848,48.5,77,0.7005,1,0
NEU-504474,TreatmentB,B03,104.96,-55.3,196.9,9.0,103.6,-39.17,1.658,67.1,83,0.4324,1,0
NEU-501632,TreatmentB,B02,106.39,-72.49,171.1,14.39,98.3,-39.88,0.681,83.0,96,0.4673,1,0
NEU-504106,TreatmentA,B01,87.21,-62.61,109.8,10.75,33.5,-37.8,0.858,52.7,85,0.2622,1,1
NEU-505576,TreatmentA,B02,113.8,-59.87,193.7,5.5,61.0,-45.19,0.718,38.5,96,0.3259,0,1
NEU-506720,Control,B01,93.3,-70.79,163.9,13.72,198.0,-45.67,1.118,31.6,99,0.3388,0,0
NEU-509263,TreatmentB,B01,98.9,-57.52,176.4,6.63,47.2,-32.21,1.238,87.6,100,0.452,1,0
NEU-502276,TreatmentA,B03,82.36,-74.84,282.0,16.38,72.8,-40.94,1.513,53.2,96,0.1963,1,0
NEU-503406,Control,B01,119.06,-60.71,151.3,15.03,132.4,-40.2,0.805,22.7,76,0.1863,0,0
NEU-504457,Control,B01,92.05,-71.43,271.3,24.03,109.4,-39.7,1.259,70.7,95,0.5274,1,1
NEU-507991,TreatmentA,B01,109.59,-63.98,178.3,26.94,80.6,-43.07,1.319,41.7,93,0.5179,0,1
NEU-504128,Control,B01,96.7,-76.87,217.0,12.84,38.5,-41.16,0.759,32.3,79,0.602,0,0
NEU-509459,TreatmentB,B02,104.67,-66.55,126.6,13.84,14.5,-49.2,1.077,62.0,69,0.301,1,1
NEU-506206,Control,B02,104.17,-60.77,111.8,26.16,107.0,-36.47,1.24,33.0,91,0.4965,0,1
NEU-506802,Control,B01,85.09,-62.87,300.2,7.4,166.7,-35.5,1.211,56.8,71,0.5752,1,0
NEU-507335,Control,B03,87.34,-64.0,225.2,17.37,134.4,-35.92,1.123,26.5,91,0.3596,0,0
NEU-508992,Control,B03,88.2,-65.94,224.5,14.66,104.6,-41.24,0.584,53.6,90,0.2549,0,1
NEU-503004,TreatmentA,B01,123.53,-68.73,178.0,22.14,83.3,-43.48,1.444,87.8,92,0.2474,1,0
NEU-502834,TreatmentB,B03,127.36,-63.56,184.5,17.3,34.1,-38.64,1.299,48.5,80,0.1235,1,1
NEU-506090,TreatmentA,B01,121.53,-72.05,240.5,10.81,89.2,-43.15,1.4,68.7,85,0.3872,1,0
NEU-508447,Control,B02,110.75,-78.71,220.0,14.31,39.5,-40.86,1.12,10.2,93,0.6761,0,0
NEU-500343,TreatmentA,B01,107.89,-68.8,168.6,13.23,92.2,-33.42,0.898,57.9,80,0.2497,1,1
NEU-504328,TreatmentA,B01,117.67,-70.37,123.4,26.83,59.3,-41.78,1.148,33.4,90,0.4003,1,0
NEU-504695,TreatmentA,B03,111.65,-64.36,243.3,16.47,94.9,-39.12,1.596,46.4,86,0.5322,0,1
NEU-502543,Control,B02,93.29,-77.68,402.9,14.78,65.4,-41.14,0.794,29.4,84,0.4498,1,0
NEU-506412,TreatmentB,B01,106.82,-59.92,545.5,9.31,23.8,-45.77,1.232,77.3,78,0.3388,1,0
NEU-504528,TreatmentA,B02,98.68,-62.84,131.8,28.58,161.7,-44.84,0.685,68.1,72,0.5898,1,1
NEU-505824,TreatmentA,B03,84.9,-66.37,116.9,11.67,169.0,-44.78,0.601,32.6,91,0.5682,0,0
NEU-501658,TreatmentA,B03,97.17,-72.48,253.0,11.63,61.9,-45.17,1.682,58.5,87,0.1795,1,0
NEU-502550,TreatmentA,B01,79.93,-66.51,102.3,17.98,102.9,-41.98,1.163,58.0,88,0.1824,1,1
NEU-506805,TreatmentB,B02,95.12,-63.92,191.3,13.17,138.6,-46.66,1.293,80.0,105,0.3053,1,1
NEU-508937,Control,B02,115.32,-66.62,209.3,12.58,156.4,-38.36,0.683,45.3,78,0.5795,0,1
NEU-503811,TreatmentA,B02,82.66,-57.87,177.9,15.69,73.7,-48.39,0.827,70.9,99,0.3436,1,0
NEU-501417,TreatmentA,B02,113.32,-71.74,224.8,10.03,121.6,-46.65,0.803,65.5,67,0.4459,0,0
NEU-507938,TreatmentB,B03,89.79,-67.54,157.8,12.57,-6.7,-38.23,0.952,61.7,96,0.3475,1,0
NEU-502843,Control,B02,147.3,-61.65,86.9,9.62,96.6,-35.47,0.86,38.8,104,0.3008,0,1
NEU-507667,TreatmentB,B02,102.7,-58.76,202.8,18.98,123.6,-36.63,0.807,67.4,71,0.2386,1,0
NEU-509713,TreatmentB,B01,101.44,-59.51,197.2,13.86,53.9,-42.55,1.25,53.6,106,0.2369,0,0
NEU-509015,Control,B03,94.31,-64.51,205.8,12.18,88.9,-44.24,1.005,39.5,76,0.1991,0,1
NEU-509994,Control,B01,115.04,-69.06,181.3,11.3,184.9,-41.98,1.82,21.1,92,0.2472,1,1
NEU-508214,Control,B01,121.79,-62.37,366.0,8.31,135.4,-48.19,1.771,40.2,91,0.4206,0,1
NEU-509607,TreatmentB,B02,100.59,-68.43,117.8,26.97,47.7,-40.36,0.96,43.0,82,0.2581,1,0
NEU-502245,TreatmentB,B02,83.12,-67.96,241.9,10.26,70.6,-39.58,0.978,53.8,93,0.356,0,1
NEU-505072,Control,B03,88.43,-65.85,254.6,19.63,115.0,-41.2,1.623,61.0,62,0.3461,1,1
NEU-507148,TreatmentB,B03,115.73,-66.29,182.1,17.93,112.9,-46.62,1.346,59.4,96,0.2547,1,0
NEU-500064,TreatmentB,B03,120.78,-64.49,208.5,6.38,107.3,-38.28,0.827,68.4,72,0.4177,1,1
NEU-503739,Control,B03,91.99,-64.43,161.1,15.47,125.7,-39.5,1.71,30.0,85,0.6619,0,1
NEU-506674,Control,B01,76.24,-60.64,175.5,13.16,196.7,-41.12,1.229,27.8,83,0.5896,0,0
NEU-509405,TreatmentA,B02,110.13,-63.99,105.9,10.05,39.2,-45.37,1.215,60.7,79,0.3223,1,1
NEU-506647,TreatmentB,B02,96.66,-60.95,294.3,22.55,161.1,-38.36,0.888,62.9,88,0.1892,1,0
NEU-505969,Control,B02,114.21,-65.39,78.9,21.17,147.5,-40.75,0.577,59.8,98,0.1944,0,0
NEU-507707,Control,B03,73.46,-69.95,330.9,9.05,185.5,-48.16,1.075,45.0,86,0.3821,0,0
NEU-506166,TreatmentB,B01,113.37,-64.19,368.7,24.7,57.1,-40.28,0.881,49.4,98,0.3794,0,1
NEU-508850,TreatmentB,B01,75.52,-51.26,175.5,6.58,94.9,-44.09,0.916,57.8,90,0.2575,1,1
NEU-508563,TreatmentA,B03,116.6,-66.26,113.5,9.15,124.6,-40.66,1.258,58.3,90,0.4618,1,1
NEU-509099,TreatmentA,B01,94.83,-63.46,250.6,11.73,84.5,-43.13,1.006,61.5,93,0.5922,0,1
NEU-505867,TreatmentA,B01,104.72,-70.6,152.8,8.73,61.2,-42.42,1.589,41.9,61,0.5663,0,0
NEU-506498,Control,B03,120.02,-63.56,205.9,9.27,98.3,-37.65,0.992,36.3,77,0.1604,0,1
NEU-506085,Control,B01,82.05,-60.81,144.0,12.98,93.8,-41.9,0.667,64.8,95,0.3244,1,0
NEU-507440,Control,B01,70.95,-58.36,571.0,11.06,131.4,-48.44,1.192,27.8,80,0.1708,0,1
NEU-506926,TreatmentB,B02,101.25,-66.87,950.7,20.09,121.7,-32.49,1.672,72.4,98,0.3063,0,0
NEU-509278,Control,B02,126.78,-69.99,276.5,30.67,115.2,-45.63,0.635,28.6,73,0.5072,1,1
NEU-500051,Control,B01,103.64,-72.84,401.4,28.47,98.1,-41.45,0.819,63.0,98,0.4896,0,0
NEU-507246,Control,B01,113.68,-68.04,238.9,28.99,73.8,-42.91,1.139,71.3,84,0.5402,1,1
NEU-505751,Control,B03,75.02,-62.52,67.9,23.25,103.9,-43.77,1.767,26.4,86,0.4196,1,1
NEU-506198,TreatmentB,B01,85.66,-54.97,123.9,5.72,56.6,-43.19,1.243,44.5,85,0.4929,1,0
NEU-506502,Control,B03,112.39,-67.0,128.8,17.54,142.5,-37.38,0.634,25.8,98,0.2549,0,0
NEU-500112,Control,B03,143.02,-64.18,284.6,8.55,113.7,-44.75,1.438,37.7,91,0.2391,1,1
NEU-504675,TreatmentA,B02,76.8,-56.71,466.7,8.03,84.0,-43.32,1.639,38.9,74,0.2105,0,1
NEU-502551,TreatmentA,B01,101.41,-62.32,111.4,10.47,125.7,-41.31,0.733,57.2,92,0.1733,1,1
NEU-501594,TreatmentA,B01,116.12,-58.91,153.5,11.95,105.0,-36.66,0.916,64.6,94,0.225,1,1
NEU-506264,TreatmentA,B03,88.3,-59.95,210.8,14.47,105.5,-42.18,1.298,23.7,104,0.242,0,0
NEU-505022,TreatmentB,B03,116.75,-66.78,219.5,11.66,-19.6,-46.76,0.731,78.0,80,0.3677,1,1
NEU-501581,TreatmentA,B01,100.86,-63.83,310.6,17.67,57.1,-39.32,1.021,82.8,75,0.6385,1,1
NEU-502380,Control,B01,109.0,-63.49,210.3,6.31,137.9,-44.56,1.441,50.0,74,0.2751,0,1
NEU-507980,Control,B03,111.92,-57.31,135.2,13.26,103.2,-44.61,1.316,32.1,80,0.2905,1,0
NEU-506168,TreatmentB,B02,120.75,-64.18,200.9,7.37,96.3,-49.61,0.867,58.3,85,0.4945,0,0
NEU-500286,TreatmentB,B03,106.02,-61.15,192.5,13.82,140.8,-39.46,1.079,73.1,98,0.378,1,1
NEU-504268,Control,B02,94.57,-64.53,205.4,15.18,166.3,-41.65,1.063,56.4,99,0.3542,0,0
NEU-500952,TreatmentB,B03,107.74,-68.32,253.1,11.04,38.9,-33.98,0.862,60.2,89,0.37,1,0
NEU-500288,TreatmentB,B01,104.65,-61.59,142.3,17.07,41.4,-48.38,0.905,64.1,90,0.2006,0,0
NEU-508549,TreatmentB,B01,117.61,-62.47,246.9,18.66,113.0,-37.89,1.169,45.1,93,0.3288,0,0
NEU-509599,TreatmentA,B02,119.82,-68.82,174.1,18.83,82.2,-47.66,1.16,59.8,80,0.6212,1,1
NEU-505076,TreatmentA,B02,105.1,-68.31,208.9,22.33,144.7,-38.93,1.144,75.3,88,0.4346,1,1
NEU-506094,TreatmentB,B02,92.32,-51.07,154.3,13.2,65.6,-47.98,0.793,63.3,80,0.4272,1,0
NEU-500722,Control,B03,89.69,-65.43,298.3,10.24,153.7,-42.48,1.055,30.5,101,0.4043,1,1
NEU-501088,TreatmentB,B01,95.21,-73.94,164.9,39.22,126.6,-35.08,0.873,48.1,94,0.7103,1,1
NEU-508022,TreatmentB,B01,117.43,-58.55,573.3,11.11,116.9,-47.48,0.944,59.3,93,0.5334,0,0
NEU-508578,TreatmentB,B02,86.52,-61.87,133.4,20.17,69.0,-41.8,1.481,82.9,86,0.5131,1,1
NEU-509797,TreatmentB,B02,111.74,-62.64,115.5,12.8,36.4,-46.31,1.564,67.7,79,0.1737,1,1
NEU-509637,TreatmentA,B01,104.08,-58.42,397.8,21.29,90.9,-47.88,0.772,24.6,70,0.3895,0,0
NEU-506119,TreatmentA,B03,92.73,-54.26,120.9,10.98,152.5,-38.45,0.771,41.5,86,0.2941,0,0
NEU-503602,TreatmentB,B02,127.88,-64.74,143.7,13.07,58.9,-40.5,1.243,69.8,82,0.3246,1,1
NEU-501526,Control,B01,101.39,-62.57,118.6,11.06,102.4,-44.01,0.634,66.5,89,0.2645,1,1
NEU-502134,TreatmentA,B03,62.64,-72.06,303.3,7.83,78.6,-46.8,1.403,69.8,87,0.3402,0,0
NEU-507990,TreatmentB,B01,79.05,-54.37,314.2,21.23,69.5,-38.68,0.979,85.6,71,0.6249,0,1
NEU-505923,Control,B02,94.27,-68.66,228.9,10.85,91.7,-43.55,0.846,80.4,66,0.3157,1,0
NEU-506660,TreatmentA,B02,93.59,-68.82,438.5,15.78,21.7,-40.24,1.013,55.8,112,0.338,0,1
NEU-509160,TreatmentB,B01,86.87,-64.01,163.3,10.38,126.7,-45.28,1.076,86.7,100,0.6372,1,0
NEU-503024,TreatmentB,B03,110.52,-62.51,266.7,14.49,111.5,-41.94,1.659,73.9,99,0.5194,1,1
NEU-501249,TreatmentA,B03,115.47,-64.55,71.2,17.54,100.2,-37.75,1.004,47.9,73,0.4492,1,1
NEU-507337,TreatmentB,B03,79.4,-67.72,83.6,18.98,67.1,-31.38,0.913,71.7,72,0.0993,1,0
NEU-505952,TreatmentA,B01,99.94,-60.92,221.5,15.61,102.4,-36.94,1.39,45.0,73,0.4962,0,1
NEU-503136,TreatmentA,B02,78.72,-55.16,315.2,17.11,81.2,-43.98,1.062,71.0,72,0.2862,0,0
NEU-503366,TreatmentA,B01,84.19,-54.47,182.4,13.6,142.2,-46.58,1.704,40.1,73,0.4362,0,0
NEU-504009,TreatmentA,B03,67.1,-58.32,116.9,11.5,81.0,-45.28,0.998,57.5,100,0.6074,1,0
NEU-509359,TreatmentB,B02,108.86,-68.33,176.3,9.51,93.4,-48.49,0.827,48.6,71,0.453,1,1
NEU-501424,Control,B02,107.69,-63.38,305.7,40.21,127.7,-43.87,1.134,38.2,71,0.5107,1,1
NEU-505556,TreatmentB,B01,98.46,-60.29,202.0,17.14,105.9,-44.8,0.948,52.2,84,0.3147,1,0
NEU-500723,TreatmentB,B03,102.22,-67.7,126.3,5.51,58.4,-40.16,1.411,47.8,75,0.6349,1,0
NEU-505913,Control,B01,87.07,-61.7,123.6,9.8,112.8,-46.47,1.401,38.7,74,0.4836,1,1
NEU-507873,Control,B03,112.25,-73.2,66.1,10.41,146.1,-40.01,2.462,38.4,93,0.4342,1,0
NEU-500739,TreatmentB,B03,80.71,-68.56,381.5,16.17,107.4,-36.18,0.704,76.0,92,0.261,0,1
NEU-501605,Control,B02,103.19,-59.32,368.6,7.84,83.3,-43.32,1.042,53.7,81,0.2115,1,1
NEU-503339,Control,B03,79.88,-70.18,166.3,7.43,145.5,-41.78,1.426,49.6,108,0.4672,1,0
NEU-500284,TreatmentA,B01,114.84,-60.81,253.4,13.07,8.2,-45.57,1.42,25.3,76,0.7005,0,0
NEU-500703,TreatmentA,B03,94.97,-68.35,182.8,9.51,140.6,-37.45,1.389,49.0,78,0.2829,0,1
NEU-508175,TreatmentA,B01,106.86,-65.23,174.3,12.26,101.8,-40.03,1.223,62.9,87,0.7057,1,0
NEU-504387,TreatmentB,B03,92.91,-63.87,146.6,12.35,-0.2,-34.85,0.768,72.7,89,0.7322,1,1
NEU-504622,Control,B03,75.8,-60.69,67.1,12.39,209.2,-43.45,1.532,55.6,96,0.5686,0,0
NEU-502473,Control,B03,133.79,-64.88,122.1,6.35,144.6,-38.06,0.405,57.2,87,0.4923,1,0
NEU-501710,TreatmentB,B03,106.34,-61.83,321.5,15.78,103.8,-38.16,1.077,99.4,76,0.4961,1,1
NEU-504084,TreatmentA,B02,84.79,-63.28,467.4,12.66,96.2,-43.25,1.597,46.5,77,0.365,1,1
NEU-500719,Control,B03,99.07,-66.45,285.1,13.98,149.1,-32.3,1.606,51.7,84,0.283,1,1
NEU-501190,Control,B02,108.47,-59.43,95.7,10.7,91.3,-40.73,0.777,80.9,78,0.5076,1,0
NEU-502489,TreatmentB,B01,109.83,-70.72,195.4,7.98,46.6,-43.44,1.135,68.2,82,0.4814,1,0
NEU-500109,TreatmentB,B01,103.74,-53.46,131.1,5.61,157.7,-47.39,1.081,63.2,79,0.5952,1,0
NEU-502679,Control,B03,97.61,-70.71,385.4,10.86,169.8,-56.51,1.128,33.3,65,0.2894,0,1
NEU-506648,TreatmentA,B01,84.92,-62.38,238.6,8.39,115.3,-41.06,1.209,38.1,79,0.3262,0,1
NEU-504450,TreatmentA,B02,114.25,-67.49,234.8,23.86,83.1,-48.77,0.904,58.3,85,0.3343,1,0
NEU-506153,TreatmentB,B01,102.56,-62.2,124.2,32.75,94.1,-33.52,1.833,47.6,97,0.4491,1,1
NEU-500492,Control,B02,112.94,-53.98,251.8,30.13,45.0,-38.41,1.05,56.4,87,0.3875,0,0
NEU-509946,Control,B03,67.84,-68.13,199.5,11.78,68.9,-43.87,0.716,55.8,93,0.3597,0,0
NEU-503266,TreatmentA,B02,99.81,-64.93,119.1,12.87,105.4,-42.77,1.098,61.5,107,0.5865,1,1
NEU-505677,TreatmentA,B02,93.48,-75.55,176.4,21.8,128.7,-39.12,1.053,58.7,86,0.505,0,0
NEU-500222,TreatmentB,B01,99.02,-72.22,104.8,18.39,48.0,-49.62,0.718,70.6,96,0.2223,1,0
NEU-500569,TreatmentA,B01,120.48,-64.24,246.1,8.27,100.7,-43.1,1.213,55.8,94,0.5348,1,0
NEU-502619,TreatmentB,B03,127.26,-71.28,162.2,11.9,93.5,-46.56,1.435,86.3,85,0.2895,1,0
NEU-505091,TreatmentA,B01,104.38,-63.49,237.6,14.08,106.6,-46.99,0.585,43.6,86,0.3749,0,1
NEU-505198,Control,B03,72.21,-67.79,186.7,5.98,148.5,-38.71,1.088,41.2,74,0.6257,0,0
NEU-508845,Control,B02,97.05,-62.72,117.1,14.75,133.0,-40.81,1.152,33.4,65,0.394,1,1
NEU-501926,TreatmentB,B03,117.26,-65.94,282.2,10.51,-15.5,-37.54,1.164,75.6,83,0.5526,1,0
NEU-505393,TreatmentA,B02,124.1,-75.82,170.4,16.54,94.8,-46.83,0.654,36.6,82,0.2635,0,0
NEU-508420,Control,B03,106.59,-74.39,197.6,23.97,126.4,-45.06,1.696,28.0,79,0.31,1,0
NEU-508643,TreatmentB,B03,105.54,-71.7,71.9,16.5,24.1,-43.68,1.549,80.6,75,0.2305,1,0
NEU-505030,TreatmentA,B02,77.53,-60.78,275.2,18.14,55.1,-44.42,0.72,43.6,87,0.5446,0,1
NEU-502660,TreatmentA,B02,86.62,-66.33,128.7,14.51,104.2,-40.49,1.467,46.4,82,0.4345,1,1
NEU-507217,TreatmentA,B01,110.39,-66.01,121.8,9.32,125.2,-34.88,1.051,40.0,102,0.4814,0,0
NEU-508421,TreatmentA,B02,98.31,-59.44,228.7,10.76,129.1,-50.17,0.665,52.8,79,0.4099,0,1
NEU-506473,TreatmentA,B03,87.49,-71.11,197.3,17.56,62.6,-46.14,1.064,35.8,74,0.1565,0,0
NEU-502727,TreatmentB,B03,116.44,-68.65,146.9,11.53,24.0,-44.46,1.582,68.3,95,0.5983,1,0
NEU-501371,TreatmentA,B03,101.16,-72.57,99.2,14.33,96.6,-41.71,2.089,45.9,97,0.3146,1,0
NEU-505255,TreatmentA,B02,110.56,-61.45,92.8,8.97,77.0,-40.3,0.86,38.7,87,0.2168,1,1
NEU-504775,TreatmentB,B01,109.06,-67.96,49.7,9.84,98.3,-43.59,1.596,68.9,82,0.5558,1,1
NEU-503062,TreatmentB,B01,115.48,-73.65,227.4,20.88,39.3,-46.96,1.118,53.5,101,0.3649,0,0
NEU-509520,TreatmentA,B03,120.88,-62.51,238.6,16.93,85.3,-38.5,1.002,63.6,103,0.5645,0,1
NEU-507233,TreatmentA,B01,123.37,-67.64,388.5,21.08,200.2,-42.54,1.089,40.7,88,0.4444,0,1
NEU-503452,TreatmentA,B01,72.35,-67.69,214.7,9.52,119.9,-39.71,0.702,33.6,60,0.6133,1,0
NEU-500229,TreatmentA,B03,92.18,-63.45,75.2,17.85,137.3,-43.21,1.387,53.6,88,0.4082,1,0
NEU-505376,Control,B01,104.06,-66.26,177.0,17.83,154.9,-41.94,1.239,46.5,82,0.5587,1,1
NEU-502536,TreatmentB,B02,89.81,-58.03,217.1,12.4,126.3,-41.42,0.542,65.2,95,0.4692,0,0
NEU-504989,TreatmentB,B03,86.32,-67.99,99.7,10.12,18.4,-40.01,1.521,36.3,84,0.3575,0,1
NEU-501509,Control,B01,69.09,-56.73,161.2,15.7,103.1,-46.75,1.204,26.4,92,0.4169,0,0
NEU-503581,TreatmentB,B01,106.81,-59.05,99.8,26.3,41.1,-35.67,1.039,61.1,90,0.4659,0,1
NEU-501451,TreatmentA,B03,103.03,-62.89,200.7,12.99,68.2,-37.87,1.234,41.8,92,0.2993,0,1
NEU-508348,TreatmentA,B01,100.77,-54.43,219.2,15.78,117.3,-43.3,1.275,54.1,96,0.4356,0,0
NEU-508113,TreatmentA,B01,95.02,-58.86,255.5,25.29,88.0,-47.07,1.549,58.1,63,0.3994,1,0
NEU-500740,Control,B01,115.02,-63.05,489.2,17.51,127.4,-42.61,0.762,41.8,89,0.2811,0,1
NEU-504260,TreatmentA,B02,69.23,-65.56,136.1,6.64,89.3,-41.31,1.492,41.8,78,0.3686,1,1
NEU-504470,TreatmentA,B02,95.53,-64.9,118.7,16.13,74.6,-39.61,1.115,62.9,91,0.2112,1,0
NEU-506114,TreatmentA,B02,93.09,-65.07,120.7,7.25,92.0,-36.63,0.938,66.9,68,0.552,1,0
NEU-503706,TreatmentA,B02,92.76,-67.69,102.8,11.77,205.8,-41.15,1.129,44.9,88,0.4708,1,1
NEU-503957,TreatmentB,B01,102.72,-60.53,233.2,20.14,48.7,-41.98,1.031,90.6,89,0.3476,1,0
NEU-506599,TreatmentB,B02,93.16,-67.69,221.6,20.12,102.5,-43.92,1.118,83.7,97,0.4294,1,1
NEU-506028,TreatmentA,B01,126.36,-63.37,99.1,13.56,105.7,-45.37,1.098,58.1,89,0.2651,0,1
NEU-503466,TreatmentB,B02,125.98,-60.03,144.4,15.82,124.9,-46.66,1.493,63.4,98,0.3848,1,1
NEU-500114,TreatmentB,B02,105.38,-60.55,228.1,11.82,75.2,-39.55,0.872,42.7,88,0.6448,0,0
NEU-507186,Control,B03,79.05,-69.76,117.4,4.85,114.1,-42.24,1.67,58.7,89,0.4405,1,0
NEU-509858,TreatmentB,B01,85.97,-64.13,190.3,12.37,62.7,-40.03,1.078,72.3,95,0.3364,1,1
NEU-500108,TreatmentB,B03,80.94,-62.27,153.3,6.88,101.6,-47.04,0.988,77.8,80,0.2804,0,1
NEU-507691,TreatmentA,B03,71.31,-62.62,154.6,13.92,123.3,-42.67,1.325,48.4,86,0.4074,1,0
NEU-506001,TreatmentA,B03,71.71,-56.6,192.4,25.0,139.8,-42.92,0.819,59.8,97,0.4595,1,1
NEU-501108,TreatmentA,B01,54.31,-65.23,114.5,17.79,63.1,-43.15,2.327,46.8,71,0.1971,1,1
NEU-506173,Control,B03,74.8,-59.39,201.1,10.03,83.8,-41.74,1.452,41.8,89,0.258,1,1
NEU-506932,TreatmentA,B03,109.06,-59.23,433.7,18.59,194.8,-53.66,0.636,33.1,97,0.2184,0,0
NEU-501753,TreatmentB,B03,75.47,-63.42,268.4,8.47,103.9,-47.53,2.054,56.5,91,0.4576,1,0
NEU-504087,TreatmentB,B02,101.86,-68.56,118.1,9.67,110.5,-45.94,0.989,70.7,84,0.3464,1,1
NEU-504621,TreatmentB,B02,125.17,-68.56,150.2,7.47,76.4,-32.04,1.438,67.9,102,0.4367,1,0
NEU-507220,TreatmentB,B01,104.36,-55.97,108.0,8.22,76.0,-47.83,1.418,73.4,78,0.2976,1,0
NEU-509834,TreatmentB,B02,120.06,-68.98,115.3,12.71,66.0,-38.29,0.93,55.7,71,0.3811,1,1
NEU-501292,TreatmentA,B03,89.4,-69.76,129.0,11.98,82.3,-43.18,0.972,73.4,85,0.2911,1,1
NEU-507070,TreatmentB,B03,93.9,-65.45,124.9,10.39,-23.7,-40.96,1.178,65.5,68,0.3617,1,1
NEU-509511,TreatmentB,B02,91.06,-69.65,159.6,13.05,121.8,-45.4,1.112,50.8,97,0.4921,1,0
NEU-502557,TreatmentB,B03,96.31,-68.4,101.6,18.19,86.6,-35.22,0.771,62.7,89,0.5234,1,1
NEU-503448,TreatmentA,B01,109.27,-53.59,145.3,10.81,126.0,-44.17,0.743,59.4,103,0.4883,1,0
NEU-502484,TreatmentA,B03,99.55,-65.51,280.1,22.94,94.1,-43.92,1.161,51.4,82,0.378,0,0
NEU-506748,TreatmentA,B01,105.95,-58.64,123.9,12.5,61.7,-44.17,0.88,35.3,77,0.2656,0,0
NEU-503036,Control,B03,127.77,-69.27,354.6,14.7,98.9,-40.62,1.371,47.0,80,0.3851,0,0
NEU-509788,Control,B01,86.76,-56.83,94.8,5.93,143.9,-38.99,0.994,43.4,101,0.4996,0,0
NEU-502310,Control,B03,108.81,-64.13,249.5,8.77,136.6,-38.67,0.583,45.5,77,0.7156,0,0
NEU-508395,Control,B01,88.2,-59.46,80.8,21.11,126.0,-41.82,1.205,59.9,70,0.4571,1,1
NEU-509239,TreatmentA,B02,114.75,-66.39,176.9,12.28,52.1,-46.15,0.996,52.1,112,0.2527,0,1
NEU-506485,Control,B03,99.33,-58.59,260.7,16.14,159.3,-46.0,1.038,56.9,95,0.2516,1,0
NEU-506807,TreatmentA,B02,95.45,-65.93,285.1,15.09,127.7,-43.68,1.086,28.0,94,0.4476,0,1
NEU-508985,TreatmentB,B01,109.52,-57.93,202.5,18.6,113.7,-38.34,1.161,44.7,77,0.3935,0,0
NEU-509014,TreatmentB,B02,89.49,-65.4,407.0,12.29,60.5,-44.96,1.296,51.1,88,0.2458,0,1
NEU-503237,TreatmentA,B02,126.04,-71.66,112.2,15.67,90.0,-46.47,0.569,56.0,87,0.2769,0,0
NEU-509812,Control,B03,110.88,-69.21,229.2,16.45,180.9,-39.26,0.954,17.6,81,0.4005,0,0
NEU-501285,Control,B01,105.74,-77.65,155.4,12.35,83.7,-47.3,1.403,35.5,85,0.3106,1,0
NEU-508064,TreatmentA,B01,100.65,-62.39,257.2,11.77,76.2,-45.22,1.674,45.4,73,0.0655,0,1
NEU-501899,TreatmentB,B02,82.24,-57.93,209.0,8.67,55.3,-43.99,0.993,54.9,109,0.2776,0,1
NEU-505236,TreatmentA,B02,79.04,-62.18,166.9,9.95,68.7,-34.98,1.048,71.3,80,0.2854,1,1
NEU-505172,TreatmentB,B01,110.07,-74.15,135.0,7.98,61.3,-43.79,0.848,71.0,81,0.3756,1,0
NEU-503618,Control,B02,106.4,-56.27,224.8,11.11,127.7,-44.94,1.364,32.7,77,0.5365,1,0
NEU-507952,TreatmentB,B03,104.01,-68.14,187.7,8.31,105.3,-40.33,0.617,55.6,92,0.4745,0,0
NEU-502851,TreatmentA,B01,99.6,-69.38,170.8,20.39,44.4,-44.3,0.771,32.0,75,0.6283,0,1
NEU-505537,TreatmentB,B02,113.6,-67.08,167.5,16.09,77.8,-41.37,0.92,70.5,88,0.424,0,0
NEU-500717,Control,B02,92.4,-60.98,178.9,11.26,133.8,-45.83,1.713,46.2,89,0.1649,1,1
NEU-506889,TreatmentB,B01,91.03,-70.2,218.9,7.94,36.2,-43.26,1.205,96.1,95,0.3101,0,1
NEU-505573,Control,B02,110.3,-71.35,172.8,13.49,199.3,-45.76,1.44,34.3,95,0.4654,0,0
NEU-509108,TreatmentA,B01,109.87,-64.23,146.7,20.12,55.5,-43.17,1.584,49.9,99,0.3047,1,0
NEU-500138,TreatmentB,B02,127.42,-69.9,86.9,31.79,125.6,-37.35,1.212,58.8,92,0.3166,1,0
NEU-500930,Control,B03,112.09,-64.96,177.2,9.64,189.5,-41.68,0.954,26.6,104,0.2604,0,1
NEU-501652,TreatmentA,B01,88.64,-67.63,141.7,15.09,85.3,-41.99,1.114,85.8,79,0.693,1,1
NEU-501075,TreatmentA,B02,78.7,-59.87,266.0,11.76,179.0,-45.78,1.263,69.8,73,0.448,0,0
NEU-507940,TreatmentA,B03,98.92,-73.23,243.0,12.71,61.8,-41.65,0.928,57.8,91,0.3863,0,0
NEU-502355,TreatmentA,B01,111.26,-67.83,293.8,7.83,71.1,-39.9,1.239,70.8,82,0.3031,1,1
NEU-508477,Control,B03,107.28,-59.06,123.1,5.67,52.2,-39.72,1.254,48.6,79,0.3564,1,1
NEU-504295,TreatmentA,B03,86.73,-66.13,127.8,10.2,146.3,-41.59,0.724,49.8,86,0.4426,1,1
NEU-507720,TreatmentA,B03,121.85,-62.16,163.9,32.96,124.3,-40.26,1.129,68.6,99,0.5616,1,1
NEU-507898,TreatmentA,B02,96.52,-51.09,275.2,19.52,150.8,-43.88,1.232,35.0,89,0.4057,0,0
NEU-507659,TreatmentB,B01,91.52,-75.53,154.2,14.17,-25.0,-36.32,0.96,85.1,103,0.2885,1,0
NEU-501251,TreatmentA,B03,100.29,-70.14,237.3,16.81,185.0,-38.85,0.823,69.6,95,0.3749,0,0
NEU-504273,Control,B03,99.71,-74.1,117.7,13.16,170.3,-44.71,0.946,43.7,85,0.2249,0,0
NEU-505018,Control,B03,76.46,-68.4,143.3,31.24,80.0,-43.1,2.14,21.0,95,0.2798,1,0
NEU-509569,TreatmentA,B01,78.25,-66.78,88.2,14.8,57.4,-41.08,0.707,26.5,87,0.3672,1,1
NEU-502911,Control,B03,85.1,-63.48,205.6,12.93,113.5,-42.05,1.026,35.7,93,0.4657,0,1
NEU-509627,TreatmentA,B01,105.56,-61.38,275.5,11.49,89.8,-40.08,0.917,33.4,86,0.3089,0,1
NEU-505785,TreatmentA,B03,119.95,-76.02,209.1,13.52,83.4,-36.5,0.905,49.8,85,0.0715,1,0
NEU-505868,Control,B03,80.42,-52.49,98.9,16.12,144.5,-42.64,0.966,23.4,85,0.1593,0,0
NEU-506763,TreatmentA,B03,114.83,-59.95,151.1,19.98,149.5,-43.68,0.764,56.5,102,0.3318,1,0
NEU-509036,Control,B01,115.87,-63.71,157.1,22.71,127.2,-49.03,1.281,41.7,69,0.2069,1,0
NEU-503968,Control,B03,88.11,-69.44,146.4,24.57,127.6,-36.87,0.908,38.7,86,0.2587,0,0
NEU-508385,TreatmentB,B01,112.93,-73.84,121.9,11.42,92.5,-34.47,0.512,62.9,81,0.2052,1,1
NEU-503941,TreatmentB,B02,126.9,-64.91,269.4,14.83,130.4,-41.07,0.953,44.0,67,0.4447,0,1
NEU-501136,TreatmentA,B03,97.72,-70.34,189.4,18.11,100.3,-38.26,0.957,52.4,79,0.6147,0,1
NEU-503630,TreatmentA,B02,89.13,-58.37,363.3,11.1,69.1,-42.36,1.249,58.2,79,0.7204,0,0
NEU-501857,TreatmentB,B01,83.12,-67.55,177.5,17.77,141.1,-47.02,1.381,69.7,86,0.7859,1,1
NEU-504042,Control,B02,89.94,-75.64,113.0,19.08,38.3,-35.6,1.349,53.0,83,0.0764,1,0
NEU-506854,TreatmentB,B03,82.06,-66.06,213.3,9.87,94.4,-40.81,1.242,43.4,86,0.2478,1,1
NEU-501848,TreatmentB,B01,89.33,-61.53,96.2,20.38,43.8,-40.9,1.303,55.7,88,0.2651,1,0
NEU-509594,TreatmentA,B02,112.05,-75.5,116.8,17.99,107.5,-46.16,0.791,57.7,94,0.2532,1,0
NEU-507817,TreatmentA,B03,95.94,-55.29,319.7,15.55,120.3,-41.51,0.83,42.7,86,0.3255,0,0
NEU-501719,TreatmentB,B01,70.86,-70.54,370.1,12.02,105.1,-38.26,1.221,50.4,98,0.1503,0,0
NEU-505303,TreatmentB,B02,113.68,-62.69,315.7,8.53,54.7,-36.73,1.098,73.3,89,0.1405,1,1
NEU-507055,Control,B02,110.11,-61.35,192.1,16.03,152.5,-50.59,1.107,52.9,79,0.3248,0,0
NEU-508097,TreatmentA,B02,106.55,-68.57,557.9,12.72,55.0,-41.63,1.083,50.5,60,0.3697,0,1
NEU-500431,TreatmentB,B03,96.84,-53.99,117.7,18.62,74.1,-43.74,0.828,55.3,93,0.5375,1,0
NEU-507721,TreatmentB,B02,92.71,-58.93,219.8,20.43,69.5,-40.83,0.904,61.9,80,0.1771,0,0
NEU-509309,Control,B03,97.2,-64.37,175.6,12.14,186.1,-42.21,1.202,31.1,72,0.1759,1,1
NEU-506487,TreatmentA,B03,79.66,-68.96,237.0,16.03,84.2,-41.96,1.313,21.9,68,0.2971,0,0
NEU-504302,TreatmentA,B02,109.62,-57.6,132.3,16.53,48.9,-45.42,1.132,45.9,82,0.4818,1,0
NEU-509862,TreatmentB,B02,98.97,-64.43,118.6,18.97,85.0,-44.16,0.689,68.2,91,0.4781,0,1
NEU-505468,TreatmentB,B02,83.05,-63.58,108.2,21.83,124.7,-39.39,2.674,84.1,84,0.4596,1,1
NEU-507184,Control,B02,125.97,-63.85,193.2,16.48,74.6,-48.7,1.21,25.1,84,0.3327,0,1
NEU-501379,Control,B01,98.57,-66.05,246.3,16.18,134.3,-34.65,1.237,26.2,83,0.392,0,1
NEU-504882,TreatmentB,B03,88.07,-61.99,139.8,21.72,48.4,-45.54,0.645,85.8,78,0.3756,1,0
NEU-507105,TreatmentB,B01,91.59,-62.46,283.7,10.52,91.5,-41.48,0.9,83.0,88,0.7205,0,0
NEU-502309,TreatmentB,B01,102.17,-61.0,148.2,28.69,52.7,-44.04,0.953,63.4,94,0.3733,1,1
NEU-502877,TreatmentA,B01,77.93,-63.22,109.9,10.74,120.4,-37.38,1.173,37.4,86,0.3253,0,1
NEU-501579,Control,B01,113.77,-63.79,89.7,11.83,139.6,-45.21,0.984,54.0,95,0.0894,1,1
NEU-507278,TreatmentB,B03,82.77,-66.34,120.2,7.04,55.3,-37.09,1.171,88.5,90,0.4643,0,1
NEU-500121,TreatmentB,B03,77.53,-61.43,341.5,15.97,35.8,-41.3,1.187,78.6,80,0.3642,1,0
NEU-508815,TreatmentB,B01,87.71,-75.28,51.4,9.35,90.3,-38.33,1.313,62.1,98,0.2567,0,0
NEU-509861,TreatmentA,B02,101.08,-68.99,183.8,17.23,28.5,-40.19,0.968,53.7,105,0.3561,1,0
NEU-504644,TreatmentA,B03,127.04,-62.69,339.6,8.54,122.4,-41.03,1.2,63.2,72,0.1388,0,1
NEU-501336,TreatmentB,B01,133.88,-69.25,270.5,14.23,99.9,-41.71,1.15,47.7,84,0.4411,0,1
NEU-505949,TreatmentB,B03,99.37,-65.51,242.6,15.34,32.2,-42.89,0.725,80.2,81,0.4996,1,1
NEU-507490,TreatmentB,B01,112.61,-60.84,76.8,23.6,115.8,-40.9,0.957,74.1,90,0.534,1,1
NEU-500995,TreatmentB,B02,77.21,-56.25,105.3,14.58,70.2,-45.19,1.449,64.5,84,0.4038,1,0
NEU-501369,TreatmentA,B01,102.85,-60.74,163.3,14.48,83.4,-42.56,1.345,41.1,91,0.4993,1,1
NEU-506973,TreatmentA,B01,105.17,-70.09,189.5,5.01,80.4,-46.15,0.577,61.6,90,0.4988,0,0
NEU-500868,Control,B02,118.28,-60.61,93.1,8.96,164.0,-46.99,1.262,19.3,80,0.2984,0,1
NEU-507042,Control,B01,105.84,-65.71,218.7,18.14,85.0,-37.28,1.368,65.5,88,0.5332,1,1
NEU-504848,TreatmentA,B01,106.36,-59.2,228.2,17.43,86.6,-40.38,1.113,51.3,90,0.1548,0,0
NEU-503183,TreatmentA,B03,97.86,-62.91,80.1,7.38,104.3,-38.8,1.98,66.1,101,0.1832,1,1
NEU-508406,TreatmentB,B02,92.72,-65.35,112.6,14.73,68.8,-36.25,1.077,72.5,77,0.3115,1,1
NEU-502192,TreatmentA,B03,81.84,-59.87,289.3,16.54,69.7,-34.61,0.868,53.6,98,0.2065,0,0
NEU-506956,Control,B03,77.38,-56.38,243.0,7.58,149.2,-43.17,1.422,30.2,91,0.2643,1,0
NEU-500486,Control,B02,95.98,-68.85,119.3,12.89,104.3,-39.98,0.63,45.3,68,0.3847,0,0
NEU-509527,TreatmentB,B01,92.59,-52.49,131.2,35.34,96.0,-42.55,1.326,83.4,87,0.2039,1,0
NEU-508389,Control,B02,94.98,-74.21,222.5,22.43,155.9,-41.94,1.178,54.9,80,0.4034,0,0
NEU-504239,TreatmentA,B03,86.9,-64.18,195.2,10.76,80.8,-43.7,1.28,53.1,70,0.4168,1,1
NEU-500635,TreatmentA,B03,99.16,-69.12,166.8,14.42,69.0,-44.56,1.426,36.0,91,0.6676,0,1
NEU-505769,TreatmentB,B03,100.87,-67.98,685.4,18.63,27.0,-38.29,1.548,71.5,102,0.0998,0,0
NEU-505459,TreatmentA,B01,109.28,-65.59,218.8,14.46,163.4,-43.94,1.421,68.3,89,0.317,1,1
NEU-504480,Control,B01,101.49,-60.4,355.7,32.04,144.8,-41.18,0.863,62.8,89,0.584,0,1
NEU-505963,Control,B01,108.65,-64.05,273.3,14.85,195.1,-37.92,0.855,54.9,67,0.3677,0,0
NEU-508302,TreatmentB,B01,108.73,-68.36,313.8,9.07,107.8,-38.86,1.106,73.0,95,0.1713,1,1
NEU-500737,TreatmentA,B03,118.82,-64.48,325.2,8.82,102.1,-47.74,1.713,46.6,93,0.1382,1,1
NEU-508196,Control,B03,117.81,-60.51,121.6,9.14,127.7,-47.83,0.543,41.5,84,0.3269,0,1
NEU-505373,TreatmentA,B03,92.71,-62.3,225.2,11.32,84.7,-39.64,0.871,42.9,73,0.4163,1,0
NEU-509844,TreatmentB,B03,102.85,-62.9,507.3,19.15,51.0,-41.23,0.939,40.3,80,0.3734,0,1
NEU-509373,Control,B03,106.0,-65.78,186.5,12.58,135.9,-40.46,0.826,15.8,87,0.1431,0,0
NEU-500843,TreatmentB,B01,132.32,-72.09,181.3,17.21,110.9,-40.48,0.935,46.3,85,0.2877,1,0
NEU-501967,Control,B03,89.49,-70.53,148.5,12.21,113.3,-40.77,0.844,59.9,77,0.4428,0,0
NEU-505343,TreatmentA,B03,126.99,-64.05,112.0,10.23,112.3,-35.17,0.973,46.7,83,0.5243,1,1
NEU-508589,TreatmentB,B02,119.03,-66.34,288.0,12.99,98.6,-43.37,1.128,59.2,99,0.6169,0,1
NEU-504419,TreatmentB,B03,106.19,-61.15,229.3,16.89,104.4,-43.36,1.022,55.2,79,0.4381,0,1
NEU-508880,Control,B01,74.56,-66.94,224.9,7.65,130.4,-48.29,0.935,61.8,74,0.1495,0,1
NEU-506705,Control,B03,84.94,-66.55,226.7,17.87,106.3,-37.83,1.063,22.5,89,0.4285,0,1
NEU-500153,Control,B01,113.39,-72.19,241.7,20.07,123.8,-38.63,1.24,40.1,88,0.4209,1,0
NEU-504783,TreatmentB,B02,120.71,-64.34,398.4,7.37,54.6,-47.23,0.757,77.5,75,0.6013,0,0
NEU-505406,Control,B02,99.07,-69.58,328.2,15.14,169.8,-45.99,0.788,52.0,105,0.5883,0,0
NEU-508747,TreatmentB,B01,70.44,-67.98,276.8,19.04,113.2,-45.76,0.991,58.6,83,0.4533,0,1
NEU-500725,TreatmentA,B02,108.94,-64.14,212.4,20.3,113.5,-45.75,1.563,60.3,68,0.4791,1,1
NEU-500438,TreatmentA,B01,88.65,-76.53,263.8,13.24,86.4,-43.71,1.175,50.3,89,0.778,1,0
NEU-504258,TreatmentB,B03,117.87,-63.93,96.3,16.93,25.2,-27.4,1.201,59.3,79,0.3393,1,1
NEU-502496,TreatmentB,B02,94.29,-54.58,196.3,12.13,77.0,-34.08,1.367,45.7,91,0.4568,1,0
NEU-504455,TreatmentB,B03,107.02,-73.61,123.7,25.38,76.0,-36.56,1.396,61.5,81,0.3818,1,1
NEU-500748,TreatmentB,B03,117.93,-61.42,291.3,16.73,160.8,-51.43,1.113,38.9,105,0.2371,1,0
NEU-505826,TreatmentA,B02,81.02,-67.38,303.0,13.75,89.6,-41.81,0.923,31.1,95,0.4496,0,1
NEU-501475,TreatmentB,B03,112.08,-62.77,120.6,14.67,37.2,-37.85,0.765,69.2,74,0.1559,1,1
NEU-507389,TreatmentA,B01,89.95,-71.49,335.0,8.65,133.7,-44.31,0.945,71.6,83,0.6229,1,0
NEU-505059,TreatmentA,B03,116.38,-66.58,181.0,24.89,98.6,-40.62,1.048,57.5,81,0.4049,0,1
NEU-502191,TreatmentB,B03,109.93,-58.27,135.0,23.36,40.3,-35.57,1.273,70.3,88,0.3849,1,1
NEU-504827,Control,B01,94.73,-68.19,106.7,7.36,105.5,-37.07,1.835,23.2,84,0.1345,0,1
NEU-503424,TreatmentB,B03,106.27,-66.01,225.1,17.09,57.9,-46.7,0.614,60.1,82,0.4277,0,1
NEU-509833,Control,B02,79.35,-72.65,122.8,19.84,107.5,-44.54,1.633,22.5,86,0.2033,1,0
NEU-501464,TreatmentA,B02,94.74,-65.59,84.6,23.86,168.4,-51.14,0.683,37.4,90,0.2946,0,0
NEU-506450,TreatmentB,B03,126.69,-70.46,273.8,25.8,123.1,-41.19,1.361,50.8,86,0.2994,0,0
NEU-503138,Control,B03,87.99,-77.55,247.1,41.46,125.1,-45.96,1.376,40.4,101,0.6376,0,1
NEU-502971,TreatmentB,B02,94.45,-66.6,127.3,12.91,13.3,-38.06,1.006,54.5,83,0.319,1,1
NEU-505024,TreatmentB,B03,74.22,-62.57,100.1,8.62,82.0,-36.35,1.248,54.0,96,0.5099,1,0
NEU-502988,Control,B03,105.5,-65.72,99.3,37.75,93.1,-32.66,0.912,55.2,78,0.1919,0,0
NEU-502426,TreatmentA,B01,123.43,-66.24,87.7,23.9,102.3,-45.56,0.631,27.4,95,0.1431,0,0
NEU-506144,TreatmentB,B02,99.66,-71.11,118.6,12.28,57.5,-38.25,1.596,75.0,91,0.47,1,0
NEU-500318,TreatmentB,B02,104.87,-66.51,291.2,18.04,30.8,-38.17,1.214,70.9,100,0.1914,1,0
NEU-502059,TreatmentB,B02,91.85,-78.26,156.1,14.42,94.6,-46.7,1.118,63.9,81,0.4274,1,0
NEU-509427,TreatmentB,B03,96.44,-70.6,139.5,13.41,43.1,-43.75,1.545,41.3,91,0.469,1,0
NEU-504038,TreatmentA,B01,73.11,-64.34,124.7,9.34,83.6,-40.04,0.976,36.3,79,0.4444,1,0
NEU-509576,Control,B02,112.2,-58.48,276.5,13.05,114.7,-41.8,0.876,45.1,80,0.3152,0,0
NEU-501013,Control,B01,94.21,-61.96,102.8,10.33,126.4,-40.44,1.727,30.5,81,0.4403,1,0
NEU-505687,Control,B02,106.2,-58.55,185.5,23.34,75.6,-41.77,1.438,53.6,85,0.4511,1,1
NEU-500189,Control,B01,84.8,-66.6,252.9,26.21,103.8,-42.12,1.145,46.7,80,0.4319,0,1
NEU-504542,Control,B02,127.26,-69.55,105.9,16.55,187.9,-48.28,0.803,36.9,103,0.4188,0,1
NEU-502612,TreatmentA,B03,117.26,-67.64,272.8,12.65,82.4,-35.24,1.181,71.5,82,0.3007,1,1
NEU-501298,Control,B02,107.8,-63.67,150.0,35.23,129.0,-46.33,0.905,52.4,95,0.2314,1,0
NEU-506331,Control,B03,136.9,-57.31,241.7,7.32,154.4,-40.62,1.424,24.1,104,0.5089,1,0
NEU-509513,Control,B03,93.52,-66.32,134.1,16.93,63.1,-48.02,0.847,63.2,99,0.1886,1,0
NEU-501065,TreatmentB,B02,110.96,-52.18,200.9,24.35,68.7,-45.15,1.156,37.3,84,0.2299,1,0
NEU-501775,Control,B02,97.0,-70.15,147.6,12.46,135.9,-41.52,0.79,47.8,99,0.6395,0,0
NEU-501164,Control,B03,99.57,-59.87,218.5,13.29,148.9,-36.21,1.205,19.1,88,0.5321,0,1
NEU-505442,TreatmentA,B01,114.22,-66.64,214.9,14.66,60.1,-46.92,1.388,52.2,93,0.4915,1,1
NEU-507517,TreatmentB,B03,78.11,-69.31,174.5,7.66,57.9,-50.53,1.07,34.6,95,0.3763,0,1
NEU-504274,Control,B03,91.64,-71.17,244.9,13.79,72.5,-41.43,1.056,27.7,83,0.3818,0,0
NEU-501172,Control,B02,78.83,-69.64,326.2,20.5,125.4,-37.9,0.939,51.9,73,0.2867,0,0
NEU-507464,TreatmentB,B03,102.01,-61.43,123.1,13.02,81.5,-40.5,0.758,45.3,83,0.4866,0,0
NEU-504925,TreatmentB,B02,98.79,-68.43,164.2,16.91,178.5,-40.4,1.272,72.1,83,0.5259,1,1
NEU-509506,TreatmentB,B01,74.89,-59.62,151.1,14.11,52.8,-38.89,0.97,73.4,62,0.4675,1,0
NEU-506511,TreatmentB,B01,105.13,-67.4,228.2,18.63,114.9,-47.96,1.401,61.3,84,0.1471,1,0
NEU-506922,TreatmentA,B01,111.53,-62.02,213.8,9.02,124.6,-41.69,1.323,61.3,105,0.5301,0,0
NEU-509618,TreatmentB,B01,110.64,-59.22,261.0,11.04,70.6,-44.43,0.863,42.2,86,0.2718,0,0
NEU-509085,TreatmentA,B03,81.69,-59.91,254.7,29.38,114.6,-38.89,1.158,46.1,77,0.3528,0,0
NEU-509411,TreatmentA,B01,109.89,-62.64,258.8,20.57,114.7,-47.73,0.979,39.1,89,0.5401,0,0
NEU-506281,TreatmentA,B02,113.02,-60.53,283.2,24.99,125.0,-42.6,1.119,43.4,87,0.2887,0,0
NEU-504790,TreatmentA,B02,78.13,-62.12,169.8,15.71,175.3,-38.26,0.86,53.4,99,0.2242,1,0
NEU-503352,Control,B01,93.08,-54.95,295.6,18.82,117.9,-36.45,1.252,40.7,76,0.5371,0,1
NEU-501341,TreatmentA,B01,94.7,-58.42,248.1,38.17,71.0,-37.47,2.517,62.1,83,0.5557,1,1
NEU-501155,Control,B01,84.45,-61.04,76.8,8.64,126.2,-40.27,1.197,45.7,94,0.1943,0,1
NEU-507451,TreatmentB,B02,105.14,-64.44,102.0,19.91,45.1,-37.82,1.637,63.8,83,0.4032,1,1
NEU-500824,Control,B02,71.83,-67.08,103.4,18.77,35.5,-42.6,1.559,43.1,82,0.4235,1,1
NEU-501478,Control,B01,119.0,-59.04,303.5,32.77,167.2,-40.95,1.407,70.1,79,0.3742,1,0
NEU-500850,TreatmentA,B02,91.99,-64.7,153.1,9.36,113.6,-41.19,1.188,41.1,87,0.5129,1,1
NEU-501729,TreatmentA,B01,109.43,-70.37,178.6,13.63,97.5,-41.28,1.034,60.7,94,0.3293,1,0
NEU-505683,TreatmentA,B02,86.17,-65.0,186.4,8.43,129.3,-35.04,0.958,40.1,88,0.281,1,1
NEU-506162,TreatmentB,B03,83.85,-63.19,170.2,10.87,114.9,-43.76,1.208,54.3,92,0.218,0,1
NEU-508038,Control,B02,99.04,-66.19,245.5,8.17,89.6,-38.91,1.1,35.6,76,0.3807,0,1
NEU-503429,TreatmentB,B02,96.8,-75.26,160.0,11.95,121.4,-45.07,0.744,95.5,88,0.3816,1,0
NEU-506247,Control,B03,125.35,-57.83,241.9,16.88,85.2,-41.12,1.086,45.2,82,0.4011,0,0
NEU-505358,TreatmentB,B01,117.52,-76.34,639.5,19.83,57.5,-38.43,1.415,54.7,92,0.4537,0,0
NEU-504482,TreatmentA,B01,112.8,-67.6,116.8,23.23,167.2,-42.89,1.243,74.4,86,0.3673,0,0
NEU-502278,Control,B02,116.5,-65.89,55.6,28.91,181.9,-40.7,1.174,66.3,80,0.4229,1,1
NEU-500494,Control,B03,131.55,-67.69,160.2,8.27,95.2,-44.05,1.042,42.4,83,0.393,1,1
NEU-507664,Control,B01,131.1,-67.38,66.1,8.88,82.9,-37.11,0.916,45.9,100,0.3093,1,1
NEU-501739,Control,B03,113.26,-72.66,126.4,25.84,89.2,-43.06,0.732,41.0,81,0.6011,0,0
NEU-507710,Control,B01,95.36,-73.85,244.8,17.51,162.4,-39.7,0.935,25.9,72,0.3324,0,0
NEU-507087,Control,B01,74.83,-59.55,291.5,17.13,101.0,-47.38,1.578,68.1,72,0.5676,0,1
NEU-504270,TreatmentB,B02,86.56,-66.39,359.7,10.23,37.7,-37.98,0.987,20.4,84,0.1259,0,1
NEU-506039,TreatmentA,B01,102.98,-62.15,87.6,9.47,131.0,-39.52,0.845,34.7,77,0.4415,0,1
NEU-506586,TreatmentB,B03,117.11,-62.69,110.7,13.97,78.3,-46.1,0.806,29.9,69,0.6016,0,1
NEU-509224,TreatmentA,B03,114.99,-55.37,168.6,10.25,82.9,-41.85,0.988,27.8,73,0.4879,0,0
NEU-506745,TreatmentB,B02,111.38,-63.91,132.8,20.39,45.5,-37.27,1.326,61.7,74,0.4375,0,1
NEU-509412,TreatmentB,B03,120.57,-65.35,255.7,14.96,98.8,-38.47,1.582,61.7,95,0.5168,0,1
NEU-508697,TreatmentA,B02,109.85,-69.2,274.9,7.92,111.8,-38.07,0.841,49.5,89,0.7367,0,0
NEU-500224,TreatmentB,B02,102.44,-67.94,111.9,17.53,128.1,-41.5,1.995,84.8,70,0.4589,1,1
NEU-505789,TreatmentA,B03,80.47,-55.46,204.3,12.53,88.1,-42.44,0.976,59.4,85,0.5084,1,0
NEU-509167,TreatmentB,B02,96.28,-76.14,150.7,16.21,108.2,-43.09,0.859,52.0,98,0.1971,0,0
NEU-506966,TreatmentA,B01,113.01,-67.63,128.8,17.01,48.9,-44.1,1.188,61.7,86,0.6429,1,1
NEU-504619,Control,B03,81.26,-69.51,81.0,14.7,140.3,-41.92,1.074,38.9,88,0.5713,0,0
NEU-504116,Control,B01,81.78,-60.11,248.5,12.3,104.7,-39.49,1.113,29.7,91,0.2382,0,0
NEU-501245,Control,B02,117.29,-62.63,187.4,11.63,71.2,-34.75,1.373,63.8,91,0.1719,1,1
NEU-507787,Control,B02,94.09,-70.75,134.4,12.65,184.2,-33.53,1.208,47.7,77,0.4393,1,1
NEU-500049,TreatmentA,B01,75.89,-64.8,239.6,35.84,120.6,-38.34,0.858,65.0,81,0.2884,1,0
NEU-509795,Control,B03,93.81,-60.3,298.4,11.57,98.4,-35.19,1.091,42.4,75,0.3396,0,0
NEU-500029,TreatmentA,B03,87.48,-62.26,248.6,20.71,75.5,-36.97,1.08,28.1,78,0.3618,0,0
NEU-503118,TreatmentB,B02,98.15,-66.35,236.8,18.18,88.8,-40.27,1.01,35.2,83,0.3247,0,0
NEU-502019,TreatmentA,B02,108.9,-53.61,215.7,9.18,83.1,-40.21,0.904,42.5,100,0.4471,1,0
NEU-508201,Control,B03,80.51,-64.5,121.5,8.65,107.7,-38.57,0.791,51.5,94,0.4765,0,1
NEU-508541,TreatmentB,B01,109.92,-63.75,114.3,22.38,64.5,-46.03,0.686,62.8,88,0.2316,1,0
NEU-501177,TreatmentB,B01,87.78,-71.77,240.3,13.99,-3.1,-42.68,1.192,62.6,94,0.3918,1,0
NEU-501723,Control,B01,101.99,-69.95,88.8,15.05,133.2,-49.09,1.74,48.9,76,0.3233,1,0
NEU-502058,Control,B03,112.59,-70.47,329.8,6.69,160.5,-41.86,1.503,30.1,86,0.2631,0,1
NEU-507030,Control,B02,91.07,-78.32,370.5,20.88,136.4,-43.6,1.566,21.0,87,0.4584,0,0
NEU-504798,TreatmentA,B03,88.05,-63.68,486.1,12.36,44.8,-51.27,1.229,64.2,105,0.1835,0,1
NEU-504438,TreatmentB,B03,89.65,-62.76,237.5,21.13,63.2,-43.7,1.194,63.6,84,0.3585,1,0
NEU-505507,Control,B02,108.02,-61.07,100.5,19.68,123.9,-36.45,0.694,31.3,85,0.1879,1,0
NEU-506223,Control,B03,69.94,-56.49,371.8,18.54,132.8,-41.19,1.169,28.1,87,0.2235,0,0
NEU-505158,TreatmentA,B02,89.74,-68.38,122.8,10.9,91.9,-42.64,1.05,47.8,77,0.2295,1,1
NEU-501083,TreatmentA,B03,89.06,-64.37,188.9,11.25,58.4,-42.87,1.167,70.1,89,0.2898,1,1
NEU-506799,TreatmentB,B02,112.41,-60.29,218.4,12.43,50.6,-45.42,1.328,69.0,106,0.5779,1,0
NEU-505675,TreatmentA,B03,89.66,-61.58,184.5,10.0,89.5,-43.81,1.359,30.8,92,0.444,1,1
NEU-506191,Control,B01,112.51,-64.61,231.6,28.55,138.3,-43.15,1.165,56.7,83,0.2581,1,1
NEU-501904,TreatmentA,B02,93.99,-62.8,152.2,13.73,118.2,-41.22,0.957,56.7,88,0.6702,0,1
NEU-506533,Control,B03,66.4,-62.34,153.2,11.16,118.1,-44.58,0.933,13.4,89,0.5879,0,0
NEU-506270,TreatmentB,B01,89.7,-62.69,208.2,17.8,115.3,-39.63,0.836,58.0,89,0.3434,1,0
NEU-506232,TreatmentB,B03,111.77,-65.57,166.0,11.51,71.6,-37.37,1.51,63.9,95,0.5507,1,0
NEU-502998,Control,B02,107.11,-67.47,173.5,18.42,113.9,-34.34,0.917,41.3,75,0.4299,0,1
NEU-507044,TreatmentA,B03,78.42,-69.87,202.4,9.15,68.6,-35.43,1.525,55.6,83,0.2164,1,1
NEU-509106,TreatmentB,B02,81.48,-64.89,105.9,11.04,33.3,-33.26,1.069,67.3,78,0.3505,0,1
NEU-502780,TreatmentA,B02,102.63,-64.26,215.4,10.26,88.7,-42.49,1.206,58.9,62,0.2984,1,1
NEU-500743,TreatmentA,B01,118.68,-65.76,166.8,12.32,108.1,-35.38,1.111,80.9,88,0.3419,1,0
NEU-501482,TreatmentB,B03,134.28,-65.52,284.9,10.69,152.2,-40.06,1.651,90.0,85,0.2839,1,1
NEU-506354,Control,B01,94.29,-69.09,112.4,10.12,69.3,-39.71,1.411,32.6,86,0.4012,0,1
NEU-509316,TreatmentA,B02,96.48,-72.59,393.5,8.61,142.2,-37.71,0.71,51.0,74,0.4968,0,0
NEU-504889,TreatmentA,B01,125.24,-60.14,114.5,15.09,131.5,-43.39,1.123,58.5,92,0.2375,1,1
NEU-501437,Control,B03,94.27,-71.15,127.7,23.4,95.3,-46.06,1.417,35.5,79,0.4156,1,0
NEU-505346,TreatmentA,B02,90.24,-61.01,235.1,8.71,115.2,-48.86,1.259,54.7,99,0.5807,0,0
NEU-508767,TreatmentA,B02,82.26,-63.68,124.0,15.48,64.5,-34.67,1.311,42.4,88,0.1702,1,0
NEU-502427,Control,B03,94.35,-64.87,144.7,18.11,86.0,-31.84,1.854,16.3,76,0.2737,0,1
NEU-507627,TreatmentB,B03,111.76,-65.3,217.5,7.63,101.0,-42.02,1.453,59.4,72,0.45,1,1
NEU-505927,Control,B03,101.98,-66.67,206.7,4.9,133.0,-50.86,0.996,55.8,99,0.1902,1,1
NEU-504018,TreatmentB,B03,101.87,-54.69,89.0,15.91,137.1,-46.91,0.9,58.8,83,0.3485,0,0
NEU-509204,TreatmentA,B02,71.46,-65.35,154.4,15.9,156.2,-43.19,0.586,57.3,98,0.3122,0,1
NEU-506291,Control,B02,78.97,-64.98,63.3,14.51,81.3,-45.39,1.679,28.2,97,0.6575,0,1
NEU-500622,Control,B02,92.88,-56.91,222.8,8.77,114.5,-42.94,1.161,41.0,91,0.2604,1,1
NEU-507573,TreatmentA,B02,90.57,-63.97,90.9,15.73,140.2,-40.92,1.065,60.6,77,0.5597,1,1
NEU-508457,Control,B01,78.31,-57.94,453.7,13.87,148.1,-44.04,0.817,33.4,93,0.0865,0,0
NEU-502643,Control,B02,100.69,-58.02,105.5,6.99,84.2,-43.26,1.008,12.7,84,0.4327,0,0
NEU-503410,TreatmentB,B03,82.94,-66.87,297.2,11.14,14.3,-41.87,1.113,71.1,75,0.2976,1,1
NEU-501927,TreatmentB,B02,100.73,-60.83,269.8,6.77,100.1,-38.53,1.17,68.5,87,0.3739,1,1
NEU-508056,TreatmentB,B02,73.41,-61.34,338.5,11.87,107.3,-43.24,0.864,73.8,78,0.5111,0,0
NEU-505701,TreatmentB,B01,113.95,-61.23,343.1,7.15,104.0,-43.68,1.885,74.3,91,0.1745,1,1
NEU-501897,Control,B01,99.69,-63.86,117.3,17.31,181.3,-45.1,1.074,70.4,80,0.1504,1,0
NEU-504937,TreatmentB,B01,127.74,-70.14,87.5,11.59,111.9,-42.34,1.316,77.6,91,0.2018,1,0
NEU-508723,TreatmentB,B03,88.45,-65.18,197.2,23.81,57.9,-40.54,1.217,38.0,95,0.5849,0,1
NEU-504424,TreatmentA,B01,103.16,-66.58,103.0,24.5,148.0,-43.27,1.105,35.3,88,0.5338,1,1
NEU-506229,TreatmentB,B03,128.5,-62.87,162.8,11.49,59.7,-46.49,0.657,72.3,97,0.6601,1,0
NEU-503711,TreatmentA,B03,115.79,-60.44,193.2,20.5,150.7,-45.24,0.862,69.3,88,0.2262,1,0
NEU-502237,TreatmentA,B01,112.96,-60.63,101.3,19.52,107.9,-40.2,1.478,73.4,93,0.6313,1,1
NEU-502201,Control,B02,90.86,-66.52,65.0,12.73,177.3,-43.79,1.609,52.0,94,0.3937,1,1
NEU-500089,Control,B02,106.81,-63.27,305.7,12.98,76.2,-44.93,1.009,-0.1,91,0.44,0,1
NEU-507922,TreatmentB,B01,104.79,-65.93,128.7,11.31,152.3,-38.84,0.987,69.3,94,0.3008,1,1
NEU-501218,TreatmentB,B02,60.05,-53.26,179.4,13.18,31.7,-46.58,1.695,33.2,87,0.6228,1,0
NEU-500155,TreatmentB,B03,83.69,-58.15,206.2,7.92,53.7,-43.87,1.471,66.0,92,0.7125,1,0
NEU-502685,TreatmentA,B01,102.89,-73.15,92.1,17.18,90.9,-35.26,1.365,39.6,76,0.3199,0,0
NEU-505224,TreatmentA,B03,89.01,-59.73,125.3,16.95,147.3,-46.94,0.93,63.6,90,0.4952,1,1
NEU-508088,Control,B01,97.58,-70.03,139.1,12.44,154.3,-42.05,1.293,44.9,82,0.1555,1,0
NEU-509325,TreatmentA,B03,89.03,-75.74,229.7,14.17,90.5,-35.54,0.886,48.6,84,0.4114,0,0
NEU-500781,Control,B01,92.79,-67.46,130.9,11.13,90.2,-34.69,1.466,18.5,73,0.3522,0,1
NEU-504957,TreatmentA,B01,83.95,-64.74,199.3,12.94,105.5,-40.51,1.139,26.8,87,0.3671,0,0
NEU-505074,TreatmentB,B01,111.98,-59.07,469.4,9.09,64.2,-48.37,0.701,64.3,71,0.4748,0,0
NEU-505375,Control,B01,80.1,-68.42,120.6,32.09,133.7,-49.4,1.237,13.4,95,0.5793,1,1
NEU-509962,TreatmentA,B03,110.93,-63.22,107.2,11.28,26.7,-40.75,1.202,65.4,90,0.6235,1,0
NEU-501849,TreatmentB,B01,97.9,-66.36,116.6,7.76,127.8,-47.82,0.807,44.2,78,0.5605,0,0
NEU-502246,Control,B03,99.21,-56.83,214.2,21.33,78.4,-45.04,0.695,45.8,85,0.3682,0,0
NEU-504322,Control,B03,87.31,-71.47,217.6,13.8,146.3,-43.6,1.74,10.3,88,0.5205,0,0
NEU-501254,TreatmentB,B01,107.92,-61.79,584.8,10.93,110.4,-42.83,1.241,49.6,81,0.4494,0,1
NEU-501523,Control,B03,70.31,-65.39,74.6,20.07,99.7,-33.13,1.073,41.4,84,0.1713,1,0
NEU-507261,Control,B02,77.81,-63.16,237.5,13.97,93.6,-44.73,1.071,41.8,87,0.4294,0,1
NEU-500899,Control,B03,100.67,-66.33,170.5,17.54,164.7,-38.84,1.268,46.1,92,0.3654,0,1
NEU-505673,TreatmentA,B03,90.74,-75.76,308.9,16.0,160.9,-36.44,1.134,21.3,79,0.6357,0,0
NEU-502973,Control,B02,113.72,-73.98,143.3,17.13,100.6,-42.09,0.987,50.9,84,0.4015,0,0
NEU-505979,Control,B02,104.87,-59.89,302.8,22.31,130.6,-36.2,0.975,50.4,91,0.6786,0,1
NEU-502711,TreatmentB,B02,103.81,-66.52,148.8,17.41,68.3,-38.83,1.485,65.4,99,0.1901,1,0
NEU-503588,TreatmentB,B03,98.76,-66.1,249.5,6.86,72.7,-45.9,0.782,73.5,84,0.3454,1,1
NEU-506084,TreatmentA,B01,95.95,-78.65,96.5,26.38,112.6,-48.55,0.74,68.7,85,0.6288,1,1
NEU-504465,TreatmentB,B02,73.63,-65.55,356.9,10.97,120.4,-41.69,0.908,45.3,83,0.5275,0,0
NEU-505908,TreatmentB,B01,96.43,-71.84,232.4,20.03,65.7,-41.14,1.338,72.9,88,0.2692,0,0
NEU-508078,TreatmentB,B02,91.48,-57.53,264.8,17.65,86.4,-41.6,0.799,71.4,85,0.517,0,1
NEU-506535,TreatmentB,B01,94.08,-69.86,120.7,12.41,130.3,-43.85,0.654,17.1,77,0.3842,0,0
NEU-508114,TreatmentA,B03,102.89,-64.12,205.8,18.64,123.6,-41.49,1.49,50.2,95,0.1706,0,0
NEU-507487,TreatmentB,B02,102.91,-59.22,152.7,13.38,123.3,-40.58,0.852,36.9,104,0.5335,0,1
NEU-509919,TreatmentB,B01,92.38,-70.63,76.3,10.4,82.1,-39.51,0.859,42.9,89,0.631,0,1
NEU-508352,TreatmentA,B01,90.37,-71.94,201.1,17.66,79.7,-44.76,0.728,32.2,105,0.3435,0,0
NEU-505520,Control,B01,140.03,-72.66,150.4,5.54,136.5,-43.71,0.831,55.2,86,0.4869,1,0
NEU-500176,TreatmentB,B03,115.86,-58.03,251.6,8.91,102.8,-37.99,0.784,70.1,118,0.4225,1,0
NEU-503309,TreatmentB,B03,102.34,-73.6,172.2,19.5,5.3,-38.68,0.991,62.2,88,0.308,1,0
NEU-501209,Control,B02,100.61,-70.06,213.7,12.7,199.9,-45.43,0.866,55.2,83,0.3732,0,0
NEU-504055,TreatmentA,B01,77.08,-61.91,237.9,11.21,140.6,-39.8,1.065,41.5,73,0.7307,0,0
NEU-509292,TreatmentA,B02,102.63,-65.69,129.1,14.75,121.8,-45.67,1.116,42.5,101,0.1768,0,1
NEU-500625,TreatmentB,B01,91.47,-57.88,211.3,10.54,-14.2,-43.64,1.541,55.5,84,0.235,0,1
NEU-509030,Control,B03,116.85,-61.34,217.9,11.67,128.0,-42.53,1.736,29.7,83,0.338,0,0
NEU-505713,TreatmentB,B02,79.74,-68.11,354.8,6.53,110.5,-44.16,1.096,54.0,87,0.4688,0,0
NEU-504324,TreatmentA,B02,119.54,-68.65,231.2,16.82,78.0,-46.69,1.035,49.2,79,0.5548,1,1
NEU-509606,TreatmentA,B03,107.2,-65.5,339.1,10.21,87.1,-43.74,1.157,50.7,96,0.3868,0,1
NEU-505449,TreatmentB,B02,115.51,-68.83,454.3,35.3,47.6,-44.2,1.056,45.1,72,0.4714,0,1
NEU-503719,Control,B02,113.17,-52.94,109.8,11.37,91.9,-38.14,0.946,26.2,100,0.4975,0,0
NEU-508448,Control,B01,103.86,-66.78,236.2,10.38,132.3,-41.53,1.003,45.0,82,0.3121,1,1
NEU-507937,Control,B01,110.56,-58.87,157.5,12.59,134.8,-45.99,0.979,35.7,87,0.1437,0,1
NEU-508161,TreatmentB,B02,114.8,-67.52,231.1,15.9,131.1,-38.73,0.991,72.8,70,0.1661,1,1
NEU-507747,TreatmentA,B01,98.68,-72.31,197.1,9.57,98.9,-40.87,1.036,52.4,84,0.1219,0,1
NEU-508409,TreatmentB,B01,70.21,-57.1,230.0,18.32,62.4,-35.08,1.08,46.1,72,0.528,0,0
NEU-503392,TreatmentA,B03,92.08,-67.61,149.8,12.56,162.4,-43.29,1.309,50.9,99,0.1192,1,1
NEU-503738,TreatmentA,B03,85.59,-67.64,177.8,25.88,109.6,-38.82,1.267,67.4,92,0.4734,1,1
NEU-500085,TreatmentA,B02,90.6,-66.91,120.3,23.13,112.4,-44.28,1.244,51.4,81,0.5905,1,1
NEU-502887,Control,B01,85.7,-60.27,339.5,18.92,147.0,-36.01,0.883,41.4,87,0.3237,0,0
NEU-505944,TreatmentA,B01,127.62,-57.03,374.0,25.36,90.1,-41.49,0.759,51.9,79,0.5769,1,1
NEU-505598,TreatmentB,B03,81.56,-66.2,204.2,7.88,79.4,-46.74,0.802,73.4,86,0.2827,1,1
NEU-505613,TreatmentB,B03,91.43,-62.49,217.3,21.26,140.0,-47.87,0.729,53.2,91,0.5182,1,1
NEU-502072,TreatmentA,B01,90.7,-64.03,114.4,11.84,15.1,-37.93,0.92,56.2,72,0.3222,1,1
NEU-502567,TreatmentB,B03,110.84,-67.07,214.0,16.24,-0.4,-41.39,0.899,63.1,82,0.2868,0,1
NEU-507136,TreatmentB,B03,84.74,-70.43,244.8,14.14,44.6,-47.02,1.461,50.2,83,0.6195,1,1
NEU-503690,TreatmentB,B01,100.25,-64.61,196.1,7.6,115.5,-52.93,1.109,23.4,96,0.2518,0,1
NEU-506998,TreatmentB,B03,98.88,-64.56,237.5,31.64,56.5,-37.67,1.125,87.9,86,0.5438,1,1
NEU-508015,TreatmentA,B03,99.1,-60.41,99.7,20.67,147.1,-41.61,1.978,73.3,87,0.4133,1,1
NEU-508220,TreatmentA,B02,116.89,-65.04,277.0,14.52,118.0,-38.84,0.828,54.3,72,0.462,0,1
NEU-504594,Control,B01,105.27,-64.33,156.0,17.4,118.5,-44.37,1.188,51.6,92,0.467,1,1
NEU-504441,TreatmentA,B02,90.53,-63.59,153.7,11.65,126.0,-36.62,0.619,46.2,71,0.7902,1,0
NEU-505247,TreatmentA,B02,123.65,-72.31,430.5,8.34,120.0,-37.8,1.069,69.9,70,0.4869,0,0
NEU-501054,TreatmentB,B02,131.37,-63.9,211.9,19.79,5.7,-40.84,1.274,41.0,75,0.1891,1,0
NEU-502995,TreatmentA,B02,111.23,-75.68,298.9,11.78,119.9,-41.67,0.701,79.7,88,0.257,0,0
NEU-501568,TreatmentB,B02,114.7,-70.18,173.0,7.21,69.8,-42.42,0.963,81.1,81,0.5779,1,1
NEU-501932,TreatmentB,B01,79.6,-62.78,237.2,12.8,60.3,-39.09,1.292,79.7,108,0.2461,1,1
NEU-508473,TreatmentA,B03,100.31,-61.63,129.0,20.66,88.6,-38.08,0.836,47.6,98,0.3092,1,0
NEU-507557,TreatmentA,B02,100.92,-54.34,86.5,8.0,141.5,-43.83,1.184,42.1,64,0.418,1,0
NEU-507387,TreatmentB,B02,103.43,-66.49,249.6,9.18,29.4,-50.84,1.338,35.1,73,0.4772,0,0
NEU-500974,Control,B01,102.88,-59.58,120.1,10.5,176.5,-45.53,0.96,65.1,81,0.3625,1,1
NEU-502626,TreatmentB,B02,91.79,-75.28,175.0,8.24,46.1,-44.93,0.835,50.9,101,0.4888,0,0
NEU-503179,TreatmentA,B03,96.34,-70.64,97.4,18.54,99.2,-45.85,1.296,28.5,82,0.3669,0,0
NEU-502005,Control,B02,107.2,-65.6,99.3,8.85,147.3,-48.04,1.196,41.0,66,0.1359,1,1
NEU-507188,TreatmentB,B03,109.4,-68.23,336.5,16.68,133.2,-43.38,0.938,75.5,74,0.2554,0,0
NEU-503340,TreatmentA,B03,94.65,-65.07,209.3,17.51,87.3,-49.03,1.232,42.4,92,0.5821,0,1
NEU-503672,TreatmentB,B03,88.39,-56.89,81.2,15.15,27.0,-36.36,1.629,44.9,83,0.5549,1,1
NEU-505742,TreatmentB,B02,92.61,-78.04,197.9,9.17,138.8,-36.39,0.788,68.7,68,0.3202,0,0
NEU-506089,TreatmentB,B01,93.3,-62.01,112.3,10.61,31.2,-42.54,0.896,62.4,85,0.1424,1,1
NEU-508361,Control,B01,74.99,-60.64,81.1,13.94,108.7,-42.59,0.629,43.8,82,0.4429,1,0
NEU-500430,Control,B02,98.91,-71.41,116.3,14.64,111.3,-39.59,1.324,45.1,93,0.7431,1,1
NEU-507043,TreatmentB,B03,91.97,-62.92,175.5,14.64,42.4,-44.05,0.69,83.9,85,0.3589,1,1
NEU-500259,TreatmentB,B01,101.3,-68.81,159.2,6.44,48.3,-46.27,1.018,62.6,87,0.6715,0,0
NEU-507466,TreatmentA,B02,71.63,-64.77,87.7,12.68,124.1,-38.44,1.3,39.5,89,0.6656,0,0
NEU-506296,Control,B01,101.09,-61.4,296.5,10.9,59.0,-41.48,1.077,23.5,87,0.4911,0,1
NEU-506425,TreatmentB,B02,98.21,-65.7,452.6,18.35,67.1,-47.2,0.743,65.9,89,0.3439,0,1
NEU-501047,TreatmentA,B01,121.04,-59.24,299.9,16.25,123.2,-42.16,0.842,47.9,79,0.5881,0,1
NEU-508750,Control,B03,115.56,-62.84,164.5,16.91,161.8,-36.63,1.002,34.3,85,0.6647,0,1
NEU-500777,TreatmentA,B02,102.41,-69.77,226.9,8.53,108.1,-42.28,1.026,54.3,91,0.5544,1,0
NEU-506484,TreatmentB,B01,90.1,-66.7,292.2,11.87,103.4,-46.92,1.324,25.1,76,0.3538,0,1
NEU-501008,Control,B03,98.97,-70.24,247.5,10.14,170.3,-44.14,0.78,39.9,83,0.2841,0,1
NEU-508244,Control,B02,93.04,-74.57,464.5,10.12,125.9,-42.21,0.551,30.7,83,0.5155,0,0
NEU-500718,Control,B02,120.98,-72.74,166.3,11.31,135.8,-49.97,1.6,58.8,85,0.5156,1,0
NEU-506021,Control,B01,92.3,-58.71,102.4,8.14,138.1,-42.81,0.887,41.3,86,0.1228,0,1
NEU-500732,Control,B02,81.79,-69.22,220.7,29.64,123.3,-42.15,0.869,28.4,85,0.5569,1,1
NEU-509565,TreatmentA,B02,84.67,-59.03,96.5,13.27,57.6,-46.38,0.749,68.6,77,0.2916,1,0
NEU-503246,TreatmentB,B02,82.53,-62.67,129.0,21.88,94.0,-41.55,1.302,61.7,78,0.5126,1,1
NEU-500332,Control,B02,70.96,-65.16,208.8,14.26,102.7,-39.11,1.427,14.2,82,0.3648,0,1
NEU-508313,TreatmentB,B03,85.68,-60.61,150.0,15.43,17.1,-42.62,0.687,84.5,61,0.561,1,1
NEU-501798,TreatmentA,B03,133.84,-68.0,82.3,21.22,131.6,-42.97,0.569,52.0,82,0.6701,0,1
NEU-506624,Control,B02,125.29,-74.27,187.8,13.5,83.7,-43.74,1.083,53.4,94,0.3816,0,0
NEU-500178,TreatmentA,B02,80.73,-59.65,282.3,14.46,73.5,-34.51,0.984,60.4,77,0.4587,0,0
NEU-507654,TreatmentA,B03,129.76,-66.29,145.0,8.99,84.7,-44.98,0.785,39.6,91,0.4654,1,1
NEU-503201,Control,B02,96.13,-63.02,295.1,20.42,60.4,-40.78,0.693,38.7,84,0.6034,0,1
NEU-509927,Control,B01,96.8,-65.86,189.4,13.54,134.0,-42.22,0.523,64.6,96,0.2003,0,1
NEU-502321,TreatmentA,B02,95.92,-64.52,345.7,16.89,112.5,-38.77,0.895,48.1,88,0.3717,0,1
NEU-505586,TreatmentA,B03,108.82,-65.5,181.5,16.88,143.5,-46.92,1.662,63.6,92,0.2436,1,1
NEU-509058,TreatmentB,B03,92.02,-68.31,136.8,9.93,180.3,-48.49,0.626,55.3,93,0.2313,0,1
NEU-507712,TreatmentB,B02,103.32,-60.67,141.5,5.43,49.9,-46.34,1.16,61.0,80,0.4144,1,0
NEU-506504,TreatmentA,B03,117.66,-59.33,191.4,19.24,116.4,-40.06,1.094,23.5,98,0.3526,0,0
NEU-507958,TreatmentB,B01,89.04,-71.71,154.5,20.9,38.6,-36.57,0.593,52.3,82,0.5861,0,1
NEU-504714,TreatmentB,B03,70.81,-55.2,113.7,15.34,6.7,-41.88,1.02,37.1,80,0.2618,0,0
NEU-509205,TreatmentA,B02,113.88,-62.33,140.7,12.52,108.4,-40.17,1.074,64.5,90,0.2461,1,1
NEU-503048,TreatmentA,B02,106.3,-66.38,367.0,28.24,138.8,-42.21,0.811,69.8,89,0.2838,0,0
NEU-502980,Control,B02,117.23,-62.69,209.0,24.77,131.4,-41.04,0.665,51.4,79,0.622,0,1
NEU-500269,TreatmentB,B03,83.42,-67.63,230.5,8.01,117.9,-47.24,1.502,64.8,72,0.2859,1,1
NEU-501576,Control,B01,117.27,-66.74,121.1,37.26,94.8,-38.94,1.348,19.0,105,0.2564,0,0
NEU-503449,TreatmentA,B03,116.65,-61.56,181.6,20.51,18.6,-40.23,0.704,70.2,90,0.5042,1,1
NEU-500753,Control,B02,107.68,-69.39,145.5,9.23,166.5,-45.06,0.95,52.4,88,0.2861,1,1
NEU-501608,TreatmentA,B01,108.86,-60.71,65.1,12.27,106.9,-48.88,1.037,40.7,84,0.3694,1,0
NEU-504605,TreatmentB,B03,105.69,-64.58,144.0,21.92,87.4,-40.26,0.877,64.9,77,0.3209,1,0
NEU-502311,TreatmentB,B02,44.73,-71.59,280.7,14.66,56.6,-43.18,0.496,51.8,87,0.5672,0,0
NEU-506074,TreatmentB,B03,107.09,-53.99,152.8,8.85,78.2,-36.77,1.184,62.0,90,0.7173,1,0
NEU-506549,TreatmentA,B02,83.39,-58.01,116.2,15.14,69.0,-45.58,1.027,50.9,92,0.3905,1,0
NEU-501031,TreatmentA,B01,125.21,-66.84,149.8,9.61,172.2,-39.78,0.993,68.3,84,0.8066,1,0
NEU-509893,TreatmentA,B03,140.12,-70.83,170.8,6.95,75.9,-42.21,1.47,70.2,76,0.2446,1,1
NEU-507139,TreatmentB,B03,97.55,-71.16,197.4,9.89,83.8,-44.74,0.733,78.7,82,0.5679,1,0
NEU-508596,TreatmentB,B03,111.27,-62.61,155.0,25.71,45.4,-41.59,1.001,55.4,94,0.2592,1,0
NEU-508468,TreatmentA,B01,99.49,-66.91,171.4,7.15,38.1,-40.77,0.942,51.6,80,0.6416,0,0
NEU-507665,TreatmentA,B02,101.12,-63.86,164.8,9.28,67.5,-38.47,1.077,43.8,87,0.3611,1,1
NEU-500205,TreatmentA,B01,107.91,-71.75,291.7,15.57,123.7,-43.32,0.83,55.3,97,0.3573,0,0
NEU-508910,Control,B02,92.37,-68.25,192.0,11.32,125.6,-43.68,2.191,47.4,83,0.0755,1,1
NEU-509968,TreatmentB,B02,91.46,-66.01,123.8,24.24,119.5,-39.52,1.046,89.1,95,0.2233,0,0
NEU-502504,TreatmentA,B03,110.16,-60.98,398.0,7.67,129.9,-47.19,0.82,57.5,85,0.4225,1,1
NEU-501973,TreatmentB,B03,106.95,-60.93,348.7,16.88,124.9,-37.31,1.058,45.9,87,0.4472,1,0
NEU-500989,TreatmentA,B03,93.08,-57.92,189.6,9.84,100.4,-39.37,1.492,27.9,88,0.4452,1,0
NEU-502644,TreatmentB,B03,99.61,-62.1,87.8,9.5,52.3,-39.54,0.764,45.6,78,0.4476,1,0
NEU-506374,Control,B02,97.05,-71.45,167.5,12.99,151.0,-38.89,0.591,20.2,83,0.3098,0,1
NEU-503276,Control,B03,109.91,-71.05,70.0,13.82,111.7,-40.32,1.168,35.8,82,0.3086,0,0
NEU-504707,Control,B03,105.83,-56.76,98.9,10.64,160.2,-46.34,1.649,64.2,84,0.2057,0,0
NEU-509466,Control,B01,103.51,-65.08,155.3,13.41,82.6,-47.96,1.231,22.7,85,0.472,0,1
NEU-500357,Control,B02,87.28,-69.78,199.4,17.36,147.1,-47.72,1.204,37.6,91,0.2082,1,0
NEU-503962,TreatmentB,B03,96.49,-61.77,247.6,15.64,78.4,-39.16,0.993,40.8,84,0.2888,0,1
NEU-508135,TreatmentB,B03,89.73,-65.78,290.5,26.07,23.5,-33.77,1.39,53.6,89,0.2565,1,0
NEU-503961,TreatmentB,B01,92.38,-64.94,112.9,26.94,42.1,-37.82,1.633,50.7,90,0.4558,1,1
NEU-504010,TreatmentB,B03,109.19,-64.4,270.3,24.63,88.1,-41.33,0.894,60.3,92,0.4122,0,1
NEU-504402,Control,B03,70.9,-69.09,110.5,49.25,198.2,-45.15,1.206,33.2,92,0.3685,1,1
NEU-505258,TreatmentB,B02,102.88,-61.23,277.9,13.06,54.7,-43.36,0.516,64.4,78,0.29,0,0
NEU-502168,Control,B01,96.97,-69.77,373.1,12.85,62.8,-40.93,1.386,19.3,98,0.5868,0,0
NEU-503829,TreatmentB,B02,81.82,-52.67,141.2,7.38,65.4,-39.9,1.888,48.2,92,0.5068,1,0
NEU-506523,Control,B03,120.68,-60.83,266.3,17.39,59.5,-45.95,1.78,14.8,78,0.4895,0,1
NEU-509819,TreatmentA,B02,75.54,-62.17,170.4,16.0,167.0,-39.4,1.024,46.7,89,0.3807,1,1
NEU-503839,TreatmentA,B03,125.72,-72.77,228.1,10.67,58.2,-45.08,1.056,88.0,94,0.486,1,0
NEU-506551,Control,B01,92.78,-66.14,118.3,9.08,120.5,-39.84,1.242,61.9,97,0.429,0,1
NEU-506833,TreatmentA,B02,82.21,-72.71,193.7,11.28,87.0,-39.45,1.437,59.5,81,0.3242,1,0
NEU-503663,TreatmentA,B03,94.28,-66.25,260.8,12.84,147.8,-41.35,1.394,54.4,82,0.2183,0,1
NEU-502388,Control,B02,118.87,-61.16,182.4,5.94,84.4,-42.44,1.185,38.4,79,0.293,1,1
NEU-501203,TreatmentB,B03,113.07,-65.84,191.4,20.31,68.5,-39.71,1.261,83.1,81,0.3469,1,0
NEU-509736,TreatmentB,B02,106.13,-61.53,153.0,19.43,64.9,-38.17,0.918,78.6,81,0.3296,1,0
NEU-506233,Control,B01,90.19,-68.05,98.6,8.15,152.6,-43.83,0.628,66.3,81,0.2633,1,0
NEU-502854,TreatmentA,B02,93.78,-70.92,134.7,10.57,80.4,-40.13,1.002,61.6,98,0.3693,1,1
NEU-507705,Control,B01,102.93,-47.15,47.2,4.15,107.9,-39.18,0.797,40.4,72,0.2682,0,0
NEU-507259,TreatmentB,B01,113.59,-67.96,113.6,10.49,127.0,-35.92,0.596,71.6,87,0.2449,1,1
NEU-506600,TreatmentB,B03,135.75,-70.6,116.0,18.19,42.6,-39.12,1.188,57.2,95,0.398,0,1
NEU-500586,TreatmentA,B02,122.88,-55.45,130.9,17.57,150.0,-34.81,1.115,39.9,90,0.462,0,1
NEU-508574,Control,B03,104.22,-62.42,177.8,12.28,152.3,-40.67,1.582,17.2,88,0.5253,0,1
NEU-501090,TreatmentB,B01,115.6,-72.92,216.3,6.8,65.8,-38.18,1.592,49.4,74,0.4258,1,0
NEU-503671,TreatmentA,B03,96.81,-69.46,189.4,14.07,141.4,-39.27,1.137,68.2,62,0.325,0,0
NEU-501695,TreatmentA,B03,131.39,-69.71,247.9,14.37,102.0,-46.52,1.283,55.6,85,0.4636,0,0
NEU-507575,Control,B01,110.78,-65.16,97.6,8.76,105.7,-46.93,1.54,51.9,77,0.4735,1,1
NEU-501872,TreatmentA,B02,107.27,-67.37,382.8,8.01,145.6,-43.73,0.54,50.8,91,0.2023,1,1
NEU-509012,Control,B01,99.54,-57.18,375.8,13.78,157.6,-43.14,0.864,59.0,71,0.4122,0,0
NEU-509653,TreatmentB,B01,98.57,-56.01,196.9,10.51,26.7,-39.21,1.283,80.9,99,0.3802,1,0
NEU-509559,Control,B01,85.93,-79.85,209.7,11.72,149.6,-45.49,0.815,40.6,96,0.2214,0,1
NEU-501933,Control,B02,97.91,-64.5,91.4,23.73,100.3,-40.4,0.7,30.9,87,0.5135,0,1
NEU-501746,TreatmentA,B02,101.64,-55.61,152.4,23.43,93.0,-41.01,1.275,51.9,75,0.4111,1,0
NEU-505926,TreatmentA,B03,112.13,-62.75,174.3,22.74,100.8,-44.9,1.141,60.6,74,0.6909,1,1
NEU-503282,TreatmentB,B03,113.66,-73.97,185.6,12.28,57.2,-37.59,1.092,71.2,76,0.2216,1,0
NEU-507483,Control,B02,90.16,-60.56,209.7,11.87,106.7,-41.82,0.816,21.4,79,0.6332,0,0
NEU-506999,Control,B02,93.55,-57.27,158.1,15.63,125.2,-35.2,1.59,35.2,96,0.4277,1,0
NEU-506017,TreatmentB,B03,90.24,-67.34,187.7,9.56,14.9,-37.17,0.583,54.6,95,0.6311,1,0
NEU-501508,TreatmentB,B03,114.79,-64.66,175.5,23.69,92.2,-45.26,0.623,54.9,100,0.3877,0,1
NEU-506370,TreatmentB,B02,89.46,-66.79,122.7,18.44,171.1,-37.55,1.221,58.2,91,0.5225,1,1
NEU-508580,TreatmentA,B02,81.51,-57.72,371.1,10.18,112.1,-41.15,0.508,68.3,91,0.6108,0,0
NEU-501804,Control,B01,105.47,-65.28,195.3,13.94,176.5,-41.49,1.219,45.2,83,0.7499,1,1
NEU-504572,TreatmentA,B01,118.52,-61.95,258.6,10.61,124.1,-36.38,1.323,50.2,78,0.1582,0,1
NEU-508139,TreatmentA,B01,88.33,-71.05,93.5,17.47,75.3,-39.14,1.081,70.3,85,0.6784,1,1
NEU-500377,TreatmentA,B02,91.96,-56.66,187.7,11.63,79.7,-42.6,1.015,46.9,88,0.1456,0,1
NEU-500448,TreatmentB,B03,96.12,-63.17,251.8,27.9,0.7,-39.15,1.31,86.0,94,0.3398,1,1
NEU-500219,TreatmentB,B01,76.68,-67.66,461.1,14.81,123.7,-44.2,1.204,84.8,101,0.4591,1,1
NEU-501586,TreatmentA,B03,93.14,-64.89,214.8,11.27,164.8,-42.75,0.994,35.2,100,0.4826,0,1
NEU-503549,TreatmentB,B01,113.17,-62.04,72.3,19.45,35.5,-44.22,1.025,70.1,87,0.2648,1,0
NEU-501840,TreatmentB,B01,59.87,-63.22,149.2,8.65,109.7,-41.33,0.854,48.7,102,0.5675,0,0
NEU-507583,TreatmentA,B01,104.71,-56.38,198.4,13.58,121.3,-37.72,0.806,62.5,72,0.4016,1,0
NEU-506309,Control,B02,90.69,-66.36,326.6,15.83,119.3,-43.95,1.297,48.8,106,0.6336,0,1
NEU-504769,Control,B01,87.29,-61.16,159.7,11.92,154.0,-47.91,0.879,60.2,98,0.4709,0,0
NEU-503117,TreatmentA,B02,114.16,-69.96,284.1,9.66,124.0,-43.57,1.02,42.4,75,0.5809,1,0
NEU-509464,Control,B03,98.84,-57.95,86.2,12.02,209.5,-43.22,0.871,22.7,77,0.4651,1,1
NEU-502672,TreatmentA,B03,88.71,-64.06,122.2,12.15,72.6,-39.81,1.114,61.1,102,0.2934,1,1
NEU-509582,Control,B01,90.34,-64.53,143.9,15.2,142.8,-42.18,0.659,28.4,78,0.1366,0,0
NEU-503963,Control,B03,85.68,-68.25,179.2,19.07,161.8,-39.32,0.721,54.8,103,0.3699,0,1
NEU-508611,Control,B02,92.68,-56.56,75.5,6.39,82.0,-49.05,1.387,30.9,100,0.2555,1,1
NEU-504241,Control,B02,105.81,-66.68,221.3,19.86,219.9,-44.59,0.521,50.5,92,0.2992,0,0
NEU-501460,TreatmentB,B02,103.7,-59.22,206.7,9.25,64.5,-36.18,0.952,67.5,79,0.3932,1,0
NEU-502433,Control,B01,125.99,-73.27,172.5,17.76,89.3,-41.38,0.875,56.0,90,0.1997,1,0
NEU-503594,TreatmentB,B03,93.25,-66.52,176.1,20.3,92.7,-43.93,0.658,79.0,85,0.3211,0,0
NEU-504272,TreatmentB,B01,111.09,-63.88,134.1,16.6,89.3,-42.2,0.884,51.7,91,0.1014,1,0
NEU-506147,Control,B01,104.99,-60.22,219.4,14.61,192.7,-36.11,0.771,27.7,81,0.7316,0,1
NEU-500324,TreatmentB,B02,103.94,-69.06,118.6,25.28,71.7,-41.37,1.064,61.7,99,0.6074,0,1
NEU-503658,TreatmentA,B03,67.13,-69.64,154.1,9.15,81.4,-39.39,0.782,46.6,93,0.4538,0,0
NEU-505851,TreatmentA,B02,90.65,-63.27,420.1,17.96,57.9,-41.66,0.728,24.3,88,0.5354,0,1
NEU-508900,Control,B03,91.26,-62.03,214.5,16.16,108.9,-37.78,0.993,33.6,96,0.4215,0,1
NEU-504706,TreatmentA,B01,78.93,-53.52,85.6,11.07,95.8,-45.22,1.079,37.8,88,0.6484,0,0
NEU-508554,Control,B01,97.48,-59.8,138.6,24.91,190.6,-38.35,1.06,57.9,91,0.2812,1,0
NEU-502568,TreatmentB,B02,103.07,-65.6,93.9,21.23,87.6,-45.01,1.34,32.5,76,0.3989,1,1
NEU-501525,TreatmentA,B02,87.84,-59.04,239.9,20.78,52.1,-43.01,0.789,56.5,81,0.206,1,0
NEU-504173,TreatmentA,B03,103.81,-78.36,108.6,21.9,103.2,-37.68,1.164,45.3,78,0.3056,0,0
NEU-507391,TreatmentA,B03,100.01,-67.13,193.5,24.16,142.3,-46.03,0.834,62.4,80,0.4219,1,1
NEU-507530,Control,B02,88.87,-63.52,236.0,11.6,157.9,-48.64,1.672,42.6,98,0.4307,1,1
NEU-507080,TreatmentA,B01,122.17,-69.55,193.8,8.57,98.6,-39.8,0.797,55.2,95,0.3823,0,1
NEU-504639,TreatmentB,B01,79.74,-64.28,136.7,16.85,104.8,-39.92,1.232,107.8,94,0.3468,1,1
NEU-508561,TreatmentB,B03,79.45,-67.75,189.1,16.98,82.5,-34.77,1.424,72.1,81,0.3644,1,1
NEU-505107,TreatmentA,B03,122.38,-70.72,273.7,8.82,85.1,-32.09,1.081,32.3,90,0.2349,0,1
NEU-506975,TreatmentA,B02,110.24,-66.14,293.6,14.89,51.3,-45.14,1.323,38.7,91,0.2927,0,1
NEU-501418,Control,B02,91.21,-60.9,181.7,9.49,144.0,-43.02,1.422,31.6,94,0.2906,0,1
NEU-500614,TreatmentA,B03,119.83,-71.67,98.0,8.96,86.0,-49.19,1.319,62.4,82,0.5789,1,0
NEU-505983,TreatmentA,B03,103.06,-68.69,127.8,10.82,117.9,-45.49,0.997,56.4,90,0.5436,0,0
NEU-501900,TreatmentA,B02,123.37,-58.05,325.8,24.51,145.2,-44.25,0.837,54.6,92,0.4159,0,0
NEU-500929,Control,B01,106.9,-68.25,153.4,10.65,159.6,-39.23,1.715,27.5,87,0.4571,0,1
NEU-504808,TreatmentB,B01,117.85,-63.34,179.9,14.45,53.0,-43.27,1.353,69.8,85,0.5982,1,1
NEU-505300,TreatmentB,B01,100.37,-64.63,150.0,13.74,110.7,-42.92,1.56,76.1,83,0.2154,0,0
NEU-507617,TreatmentB,B03,93.34,-61.78,186.4,14.08,83.1,-36.9,0.881,67.1,72,0.1248,1,1
NEU-507388,TreatmentB,B01,118.73,-51.85,167.4,14.67,128.7,-44.7,0.773,74.7,72,0.3369,1,0
NEU-508418,TreatmentB,B01,95.27,-71.87,85.8,10.96,76.0,-43.55,0.907,56.0,83,0.4517,1,0
NEU-500502,Control,B01,107.08,-67.73,206.1,12.87,148.5,-39.1,1.13,29.5,92,0.3028,0,1
NEU-505837,TreatmentB,B01,122.58,-64.3,203.4,11.01,117.1,-38.36,1.395,44.3,89,0.0868,1,1
NEU-506891,TreatmentA,B03,100.74,-67.73,367.3,11.2,61.7,-41.53,0.803,76.6,89,0.3269,1,1
NEU-509954,TreatmentB,B03,97.66,-61.5,292.2,13.91,94.5,-42.61,1.289,45.2,73,0.289,1,1
NEU-507428,TreatmentA,B02,94.73,-64.32,193.9,12.19,121.6,-52.9,1.066,46.5,89,0.5678,1,0
NEU-500346,TreatmentB,B02,92.41,-68.51,86.7,22.14,68.2,-36.57,0.632,74.7,80,0.4068,0,1
NEU-507838,TreatmentA,B02,106.91,-75.15,280.3,13.3,131.0,-44.1,1.167,82.7,81,0.2481,1,0
NEU-502392,TreatmentA,B01,112.23,-60.42,117.1,13.29,110.4,-38.74,1.643,48.1,75,0.127,1,1
NEU-507062,Control,B03,67.53,-65.67,137.3,23.35,59.8,-38.21,1.097,56.5,81,0.6918,1,1
NEU-500378,Control,B01,81.12,-58.2,103.9,14.11,127.6,-42.62,1.868,28.0,91,0.5306,1,0
NEU-508955,Control,B02,93.83,-70.79,94.4,12.98,87.0,-39.54,1.273,31.2,95,0.1317,1,0
NEU-507542,TreatmentA,B03,107.34,-70.7,251.0,9.77,89.4,-43.68,0.698,60.4,79,0.3892,0,0
NEU-503979,TreatmentA,B03,100.62,-57.49,206.2,12.26,85.6,-45.15,1.243,93.5,82,0.1703,1,0
NEU-502413,Control,B03,101.72,-66.46,65.4,19.52,106.5,-48.66,0.657,35.9,87,0.3558,0,1
NEU-509965,TreatmentB,B01,104.67,-61.44,108.6,27.88,64.0,-41.88,1.154,53.1,85,0.3793,1,1
NEU-503666,TreatmentA,B02,90.66,-65.6,174.7,21.77,94.1,-41.12,0.756,49.8,93,0.3729,0,0
NEU-501416,TreatmentA,B03,102.03,-61.27,78.6,20.28,78.3,-41.39,0.704,74.1,78,0.5177,1,1
NEU-509417,TreatmentB,B03,101.57,-66.1,116.0,10.36,57.4,-45.85,1.411,55.0,92,0.3168,1,1
NEU-509733,TreatmentA,B01,121.26,-66.3,189.1,23.35,72.3,-40.54,1.174,57.6,85,0.2087,1,1
NEU-501485,TreatmentA,B02,68.87,-77.79,180.7,13.55,118.7,-43.93,1.007,44.5,96,0.4422,1,0
NEU-504506,TreatmentB,B01,117.37,-68.87,225.5,16.81,76.6,-40.13,0.569,66.0,82,0.4792,1,1
NEU-500999,TreatmentA,B03,83.84,-62.52,168.8,11.84,93.7,-38.83,1.071,53.8,96,0.2816,1,1
NEU-500623,Control,B01,111.86,-55.5,139.7,8.81,105.7,-46.26,1.892,55.9,109,0.4349,1,0
NEU-501564,Control,B01,77.63,-73.14,145.0,19.71,137.7,-45.7,0.773,83.5,108,0.4714,1,0
NEU-507040,TreatmentA,B03,120.27,-62.04,108.1,7.37,114.5,-41.47,0.711,76.7,92,0.3841,0,1
NEU-508799,TreatmentB,B02,101.45,-75.0,319.7,6.93,32.5,-46.12,0.975,26.5,77,0.5481,0,0
NEU-501662,TreatmentA,B01,121.81,-72.25,172.5,14.34,123.9,-46.84,1.163,42.5,89,0.6125,1,0
NEU-509060,Control,B01,100.8,-65.82,182.4,16.31,84.9,-44.79,0.898,50.6,89,0.3254,0,1
NEU-507405,TreatmentB,B02,72.18,-61.46,211.9,9.24,111.4,-37.24,1.192,53.8,85,0.1771,0,1
NEU-500966,TreatmentA,B02,73.16,-69.6,156.5,7.96,83.2,-41.1,0.881,53.5,80,0.3752,1,0
NEU-508587,TreatmentB,B01,92.56,-69.5,167.9,10.87,113.9,-42.62,1.424,45.7,75,0.422,0,0
NEU-500248,Control,B03,100.58,-63.21,142.5,18.57,109.7,-38.31,1.164,20.2,71,0.4081,1,1
NEU-504271,Control,B02,121.88,-62.62,145.6,12.45,185.5,-39.42,0.885,44.4,71,0.4143,1,1
NEU-508913,TreatmentB,B01,100.19,-57.58,256.1,11.25,134.2,-40.44,1.262,67.1,91,0.321,1,0
NEU-506330,TreatmentB,B01,88.4,-54.77,433.5,10.37,77.0,-44.31,0.766,63.7,73,0.2161,0,1
NEU-509242,TreatmentA,B01,95.85,-69.69,127.2,12.95,130.0,-43.79,1.008,32.7,83,0.3868,0,0
NEU-502627,TreatmentA,B03,110.63,-58.79,124.8,5.06,78.5,-44.65,0.985,27.0,77,0.1792,0,1
NEU-507429,TreatmentB,B01,124.21,-69.17,336.1,18.35,29.1,-43.92,1.684,67.5,106,0.1566,1,0
NEU-506876,TreatmentB,B01,105.97,-75.37,421.5,7.29,61.4,-38.71,2.402,58.1,64,0.5082,1,0
NEU-505082,TreatmentA,B03,73.96,-74.86,114.7,15.41,57.5,-41.22,0.897,42.5,116,0.2973,1,0
NEU-500297,TreatmentA,B03,93.33,-66.16,151.6,17.11,34.7,-37.32,0.842,46.3,78,0.2281,1,0
NEU-504884,TreatmentB,B02,101.12,-71.85,243.9,17.56,84.7,-44.66,1.071,50.3,80,0.4854,0,0
NEU-509225,TreatmentB,B01,73.94,-68.83,142.4,18.98,40.8,-48.36,0.978,61.2,87,0.725,0,1
NEU-502400,TreatmentB,B02,83.76,-62.29,172.9,17.04,131.8,-42.18,0.968,69.1,105,0.3834,1,0
NEU-501446,TreatmentB,B03,97.37,-53.02,83.6,23.74,105.6,-39.53,1.113,56.1,92,0.2808,1,0
NEU-501883,Control,B01,94.92,-65.91,73.1,10.06,121.9,-41.46,1.681,40.7,99,0.6542,1,0
NEU-502961,Control,B03,91.94,-59.11,178.7,10.43,165.3,-41.64,1.504,54.5,105,0.2888,1,1
NEU-502967,Control,B02,79.61,-54.92,292.8,9.3,119.5,-46.07,1.344,19.7,85,0.3128,0,0
NEU-507923,TreatmentA,B01,91.53,-64.34,90.0,22.25,52.3,-43.57,0.667,59.2,100,0.3525,1,0
NEU-502806,TreatmentA,B03,109.97,-58.53,232.9,11.0,82.2,-37.56,1.314,30.1,75,0.2142,0,1
NEU-501175,Control,B01,99.35,-70.43,178.6,17.51,103.3,-41.93,1.095,48.7,84,0.4286,1,1
NEU-508066,Control,B01,93.26,-63.36,111.0,13.82,181.5,-43.85,0.619,15.6,76,0.4587,1,1
NEU-507589,TreatmentA,B02,92.86,-64.28,364.7,15.79,89.0,-42.12,1.033,54.7,106,0.4979,0,1
NEU-507964,TreatmentB,B01,113.24,-54.2,306.8,14.83,84.5,-39.85,0.919,70.5,85,0.6847,0,0
NEU-503008,Control,B01,100.64,-64.26,186.5,15.33,83.5,-43.62,1.285,58.0,87,0.3013,1,0
NEU-509836,TreatmentB,B01,102.39,-61.45,88.3,18.85,93.7,-41.19,1.33,85.0,68,0.6196,1,1
NEU-504665,TreatmentB,B02,107.48,-72.49,378.7,12.28,1.4,-41.86,0.982,80.4,79,0.4365,1,0
NEU-504888,TreatmentB,B02,102.3,-61.09,131.2,15.63,125.6,-48.39,1.569,49.8,95,0.3042,1,0
NEU-500879,Control,B01,96.5,-61.6,193.4,9.6,63.1,-45.09,0.742,49.2,87,0.4413,0,0
NEU-502277,TreatmentA,B01,114.23,-66.99,207.5,10.97,159.9,-36.51,1.352,39.4,63,0.4481,0,1
NEU-503874,TreatmentB,B03,88.57,-64.18,135.9,13.21,47.5,-39.95,2.036,53.4,90,0.5068,1,0
NEU-501918,Control,B02,104.15,-68.4,211.3,22.19,81.4,-44.64,0.768,44.0,66,0.2624,0,0
NEU-502673,Control,B02,111.83,-63.71,101.2,12.83,118.9,-42.66,0.876,46.1,59,0.4746,1,1
NEU-503491,TreatmentA,B02,128.55,-67.47,202.8,19.21,140.7,-43.33,1.139,38.4,82,0.2313,1,0
NEU-500182,TreatmentA,B02,102.06,-69.9,474.2,23.36,103.7,-44.89,0.919,49.5,87,0.4766,0,1
NEU-501282,Control,B01,127.59,-66.51,221.5,7.19,100.3,-43.11,1.072,23.5,78,0.4072,0,1
NEU-501555,TreatmentA,B01,97.57,-66.5,259.0,10.16,18.0,-37.28,0.797,33.7,89,0.5618,0,0
NEU-509800,TreatmentB,B02,80.25,-70.36,184.4,22.03,120.5,-43.4,0.96,64.4,79,0.3498,1,0
NEU-506389,TreatmentB,B01,80.03,-63.56,159.2,10.81,84.4,-46.56,0.95,59.7,88,0.2537,0,1
NEU-506765,Control,B03,88.46,-69.02,107.0,5.53,86.4,-41.19,0.902,35.5,81,0.473,1,0
NEU-500374,Control,B01,94.87,-61.25,286.5,24.08,115.6,-37.98,0.964,-9.8,77,0.522,0,1
NEU-501147,TreatmentB,B02,114.82,-64.78,529.9,20.2,84.4,-40.92,1.251,65.3,89,0.2512,0,0
NEU-507704,TreatmentB,B03,82.84,-66.49,182.4,13.01,113.9,-44.33,0.985,64.7,81,0.2434,1,1
NEU-508677,TreatmentB,B01,115.94,-63.36,125.6,19.18,22.3,-42.98,1.166,81.1,84,0.5213,0,1
NEU-505717,TreatmentA,B01,110.46,-76.91,87.6,14.38,82.6,-41.52,1.599,44.2,87,0.4349,0,0
NEU-500618,TreatmentA,B02,120.45,-65.81,263.3,17.97,146.1,-40.92,1.309,62.3,75,0.5366,1,1
NEU-507779,Control,B02,105.31,-57.83,196.2,14.77,149.6,-45.5,1.393,51.0,96,0.4969,1,0
NEU-501247,Control,B01,109.84,-70.23,238.4,9.32,120.5,-42.53,1.13,47.5,86,0.3283,0,0
NEU-509298,TreatmentA,B03,84.7,-62.84,137.8,15.91,120.4,-44.49,0.772,49.7,72,0.312,1,1
NEU-501808,TreatmentB,B02,98.16,-67.83,346.9,22.35,78.9,-38.1,0.914,96.3,96,0.4653,1,1
NEU-504738,Control,B02,98.31,-66.08,371.9,10.27,206.6,-44.12,1.048,64.8,89,0.3906,1,1
NEU-505466,TreatmentA,B02,100.64,-64.86,119.1,12.04,85.0,-39.67,0.607,65.0,90,0.6504,1,1
NEU-504007,TreatmentA,B03,85.68,-67.52,343.3,19.71,126.1,-40.47,0.897,40.1,73,0.2681,0,0
NEU-503819,Control,B01,78.48,-68.19,129.5,12.74,110.3,-45.38,1.315,45.2,71,0.3923,1,1
NEU-504969,TreatmentB,B02,91.4,-58.95,53.4,32.75,77.7,-43.42,0.63,65.3,88,0.3437,1,0
NEU-500210,TreatmentB,B02,100.36,-68.42,179.6,12.89,72.1,-42.82,1.473,62.3,84,0.718,1,0
NEU-506210,TreatmentA,B02,102.9,-64.75,131.8,12.83,123.1,-37.57,0.994,67.0,99,0.4137,0,1
NEU-506375,TreatmentB,B03,88.15,-71.88,351.3,8.31,15.1,-40.66,0.883,69.6,91,0.1376,0,1
NEU-504426,TreatmentB,B02,90.34,-65.16,86.4,11.2,37.5,-46.51,0.915,57.7,89,0.4006,0,0
NEU-505474,TreatmentA,B02,72.55,-74.47,286.6,12.34,105.1,-36.51,1.045,62.8,95,0.6457,0,0
NEU-507334,TreatmentB,B02,107.57,-63.67,120.1,13.29,111.9,-39.85,1.003,78.5,92,0.3551,1,1
NEU-507560,Control,B01,125.57,-76.37,170.4,12.0,64.5,-42.7,1.08,41.3,81,0.4932,0,0
NEU-507446,Control,B02,98.5,-62.96,316.4,11.18,81.8,-50.38,1.283,35.8,88,0.2155,1,1
NEU-503299,TreatmentA,B03,104.91,-65.09,139.0,12.72,155.1,-43.57,1.133,46.7,101,0.2753,1,1
NEU-508903,TreatmentB,B02,88.18,-48.78,87.0,19.19,105.0,-41.36,1.367,65.6,82,0.5718,1,1
NEU-504843,TreatmentB,B02,102.86,-73.4,388.6,15.21,119.9,-43.49,1.253,74.5,96,0.3356,1,0
NEU-509349,TreatmentA,B01,116.01,-63.73,328.1,15.4,81.5,-53.75,0.934,49.6,97,0.3424,0,1
NEU-507581,TreatmentA,B01,92.94,-63.01,220.9,16.53,32.9,-48.26,1.053,81.3,95,0.414,1,1
NEU-502190,TreatmentB,B02,118.2,-65.07,152.4,10.15,42.3,-49.77,2.076,57.3,83,0.5288,1,1
NEU-504259,TreatmentB,B01,93.57,-66.23,68.1,10.47,112.3,-34.66,0.995,51.1,83,0.3102,0,1
NEU-501334,TreatmentA,B03,112.68,-60.61,242.1,9.87,89.6,-41.86,0.674,44.4,84,0.5096,0,0
NEU-500680,Control,B02,105.61,-59.5,77.1,12.25,118.5,-43.39,1.044,67.2,79,0.5274,1,0
NEU-504511,Control,B02,113.75,-63.92,105.5,6.12,91.0,-41.53,1.16,38.5,109,0.5851,0,0
NEU-509734,TreatmentA,B01,92.13,-68.7,274.8,25.21,91.6,-41.18,1.072,47.2,72,0.5318,0,1
NEU-506217,TreatmentA,B03,64.73,-62.03,118.4,6.37,66.3,-47.85,1.175,71.0,90,0.3352,1,1
NEU-508453,TreatmentA,B03,110.97,-54.17,269.4,9.43,83.3,-41.3,1.095,50.1,101,0.3462,1,1
NEU-504816,TreatmentA,B02,140.12,-56.81,174.7,10.62,96.2,-40.9,1.318,83.5,79,0.2744,1,0
NEU-500854,TreatmentA,B02,115.54,-62.13,266.9,15.85,57.0,-42.58,0.557,61.6,90,0.5678,1,1
NEU-508118,Control,B02,137.6,-63.67,189.8,20.13,80.9,-36.35,1.33,39.8,73,0.2072,1,0
NEU-506301,TreatmentB,B03,71.57,-64.69,140.9,5.46,28.3,-45.43,1.443,56.9,95,0.305,1,1
NEU-502273,TreatmentB,B03,90.83,-68.58,240.6,21.01,71.4,-39.79,1.108,85.9,83,0.5336,1,1
NEU-501263,TreatmentB,B03,88.47,-68.23,248.2,9.64,59.4,-48.57,1.019,53.5,82,0.4267,0,1
NEU-500773,TreatmentB,B03,71.55,-67.17,162.7,21.44,18.3,-42.65,0.768,55.6,93,0.4212,0,1
NEU-507432,Control,B02,77.19,-64.44,56.4,7.67,98.9,-40.52,0.908,46.9,111,0.1824,1,1
NEU-504095,TreatmentA,B03,90.55,-66.93,90.6,12.37,68.9,-41.13,1.042,49.1,77,0.3727,1,1
NEU-500650,TreatmentB,B01,100.1,-74.32,478.0,20.29,56.1,-42.53,0.887,65.0,85,0.5378,0,1
NEU-503231,TreatmentA,B02,109.4,-69.85,191.0,15.91,60.9,-42.01,1.11,70.9,92,0.5421,1,1
NEU-504368,TreatmentB,B03,77.06,-65.13,241.3,11.35,34.3,-36.64,1.458,62.6,86,0.4713,1,1
NEU-501781,TreatmentB,B02,134.8,-61.67,154.4,10.58,50.2,-46.77,0.875,57.2,75,0.2136,1,0
NEU-503915,TreatmentA,B01,84.49,-60.75,236.3,12.35,130.4,-39.48,0.948,49.9,78,0.248,1,1
NEU-507550,Control,B03,61.57,-72.66,197.4,15.31,120.7,-33.92,2.175,15.8,83,0.4881,1,0
NEU-500148,TreatmentB,B03,107.06,-64.94,140.4,19.19,61.8,-44.09,1.151,66.3,86,0.2975,1,1
NEU-502900,TreatmentB,B03,97.12,-63.61,121.2,26.08,66.4,-45.28,1.011,41.7,96,0.2114,1,0
NEU-501921,Control,B03,103.98,-68.84,127.7,24.72,118.9,-34.73,0.836,15.1,90,0.585,0,1
NEU-500716,TreatmentB,B02,113.45,-72.11,187.2,21.74,25.1,-36.31,0.914,77.6,88,0.2998,1,0
NEU-500050,TreatmentB,B01,123.43,-66.4,336.2,11.76,69.8,-37.72,0.945,97.0,82,0.5724,1,0
NEU-507741,Control,B03,82.59,-64.96,125.7,15.54,82.8,-43.77,1.503,47.7,81,0.5136,1,1
NEU-503359,Control,B03,81.18,-64.69,227.5,22.39,172.2,-44.1,1.058,59.1,73,0.1981,1,0
NEU-507858,TreatmentB,B02,111.96,-64.64,144.5,11.21,29.9,-42.65,0.999,64.2,95,0.6607,1,0
NEU-501595,TreatmentA,B01,112.62,-73.28,160.4,14.55,103.8,-55.01,0.808,58.0,80,0.6663,0,0
NEU-507309,TreatmentA,B01,106.06,-70.52,237.9,8.35,50.6,-42.69,1.944,61.1,87,0.4196,1,0
NEU-507239,TreatmentA,B02,129.19,-67.03,219.5,16.94,89.9,-37.99,1.586,53.0,66,0.3439,1,1
NEU-504503,TreatmentB,B03,97.57,-60.32,337.9,12.33,93.1,-34.01,0.821,57.9,79,0.2459,1,1
NEU-509902,TreatmentA,B02,109.04,-52.61,92.9,24.96,111.2,-43.56,0.857,58.7,83,0.4553,1,0
NEU-508843,TreatmentA,B03,119.45,-67.63,91.5,10.4,108.3,-42.79,1.084,50.1,81,0.3183,0,1
NEU-502509,TreatmentB,B03,93.14,-69.7,235.5,35.16,2.8,-43.7,1.517,60.2,90,0.3852,1,1
NEU-504228,TreatmentA,B02,81.06,-70.4,160.0,13.75,70.6,-39.84,0.986,80.0,102,0.4858,1,0
NEU-502624,TreatmentA,B02,139.94,-56.64,82.3,15.66,141.1,-40.69,1.952,50.0,79,0.4148,1,0
NEU-504708,Control,B01,98.71,-68.31,215.6,19.15,123.8,-45.86,1.402,40.5,117,0.4937,1,1
NEU-509876,TreatmentA,B03,123.04,-65.78,117.8,5.77,94.5,-41.8,1.769,55.9,80,0.3301,1,1
NEU-504155,Control,B02,75.69,-74.44,397.0,10.71,239.8,-44.99,0.862,60.2,100,0.399,0,0
NEU-500982,TreatmentB,B02,74.94,-63.11,292.2,14.62,69.6,-39.26,0.649,69.1,73,0.3487,1,1
NEU-504701,Control,B01,109.07,-59.53,227.9,6.91,134.0,-41.62,0.913,40.7,96,0.4531,0,0
NEU-506038,Control,B02,135.94,-51.44,131.3,6.84,144.6,-36.69,0.901,31.8,89,0.7628,0,0
NEU-500169,TreatmentB,B01,127.18,-69.1,324.6,9.76,74.2,-42.62,1.543,59.3,75,0.1874,1,1
NEU-508014,TreatmentB,B02,68.31,-67.48,267.9,21.16,115.3,-44.99,1.01,56.4,85,0.2692,0,1
NEU-506947,Control,B02,96.72,-60.65,232.0,18.1,133.3,-40.76,1.418,57.8,74,0.4635,0,1
NEU-507328,TreatmentB,B02,124.05,-63.28,158.2,9.17,57.7,-42.4,0.926,66.8,70,0.4934,0,0
NEU-503555,Control,B01,107.66,-58.51,245.3,15.59,168.8,-37.09,0.846,56.9,69,0.2856,0,0
NEU-508704,Control,B01,115.59,-68.86,118.0,17.97,108.5,-48.41,0.86,66.7,88,0.5943,1,1
NEU-508427,TreatmentA,B01,70.35,-55.79,70.4,12.27,91.5,-35.18,1.918,59.4,79,0.5975,1,0
NEU-500093,Control,B02,104.19,-70.95,309.9,13.15,123.8,-45.12,1.154,53.0,108,0.7558,0,1
NEU-504376,Control,B03,99.91,-57.02,230.9,11.11,100.4,-39.94,0.664,30.7,93,0.2616,0,1
NEU-504420,TreatmentB,B02,106.83,-71.18,119.4,17.21,101.3,-41.11,1.412,87.1,81,0.3581,1,0
NEU-507694,TreatmentA,B02,82.27,-65.82,225.8,22.55,83.5,-38.93,1.067,39.1,88,0.3452,1,0
NEU-500433,TreatmentB,B03,97.96,-65.78,88.3,23.7,54.3,-48.76,0.866,78.4,82,0.3229,1,1
NEU-506985,TreatmentB,B01,107.39,-62.13,119.2,13.66,52.8,-37.99,0.912,60.9,74,0.3454,1,1
NEU-507970,TreatmentA,B03,84.28,-66.51,232.3,12.53,150.3,-44.28,1.921,55.2,97,0.1857,1,1
NEU-507113,TreatmentB,B01,95.73,-71.21,260.9,21.54,32.5,-42.84,1.669,43.4,79,0.3807,0,0
NEU-509895,TreatmentB,B02,122.68,-61.87,300.8,14.6,79.3,-40.93,0.564,59.8,75,0.4794,1,1
NEU-506411,TreatmentB,B01,101.26,-56.35,196.4,11.02,105.5,-45.24,0.836,60.4,93,0.1283,1,1
NEU-506324,Control,B02,98.26,-60.15,138.1,26.39,105.0,-37.47,0.974,59.7,102,0.1985,0,0
NEU-503234,TreatmentA,B01,107.98,-60.01,129.0,7.58,127.7,-43.06,0.942,32.9,93,0.6316,0,0
NEU-509223,TreatmentB,B02,110.48,-62.53,151.2,11.91,43.4,-38.74,1.004,49.0,88,0.3957,1,1
NEU-507406,Control,B03,91.03,-60.13,181.4,10.63,76.7,-46.72,1.818,47.7,86,0.3116,0,1
NEU-503129,Control,B02,67.93,-62.12,269.7,14.44,116.8,-42.08,0.794,46.4,96,0.3974,0,1
NEU-507210,TreatmentA,B03,106.72,-66.42,340.3,10.35,96.8,-34.11,2.653,62.5,77,0.6297,1,1
NEU-501479,Control,B02,115.43,-60.18,79.6,30.22,91.1,-33.53,1.01,31.9,89,0.565,0,1
NEU-508458,TreatmentB,B02,109.4,-67.44,253.9,28.2,68.0,-42.39,0.505,47.9,90,0.2474,0,0
NEU-509670,TreatmentA,B02,64.93,-67.38,289.4,9.64,100.5,-42.39,0.987,57.8,96,0.5202,0,0
NEU-507437,TreatmentA,B02,100.18,-61.68,236.9,11.18,103.2,-39.96,1.015,41.2,99,0.3984,0,1
NEU-505399,TreatmentB,B01,85.94,-54.93,79.8,13.44,75.9,-44.44,0.762,48.0,83,0.5559,0,0
NEU-501975,Control,B02,125.34,-65.1,393.3,10.35,104.7,-45.4,1.256,36.2,98,0.4926,0,1
NEU-501944,Control,B02,109.58,-57.26,103.0,25.74,172.6,-46.19,0.721,54.6,81,0.4978,0,1
NEU-509641,Control,B01,116.27,-64.4,180.1,9.65,167.9,-47.03,1.403,40.4,82,0.2712,1,1
NEU-506112,TreatmentA,B01,85.52,-61.74,158.7,6.83,101.6,-42.78,1.197,55.0,84,0.3149,0,0
NEU-501614,TreatmentB,B02,86.62,-63.98,198.2,14.71,16.7,-42.96,1.328,91.3,100,0.383,1,1
NEU-505900,Control,B01,104.83,-60.79,230.1,17.9,133.0,-43.66,1.302,39.2,100,0.4349,1,0
NEU-505454,TreatmentB,B01,124.65,-63.39,174.5,20.99,117.8,-44.53,0.73,50.6,94,0.5037,0,1
NEU-509581,TreatmentB,B03,96.13,-69.59,109.0,30.23,75.2,-33.89,1.03,57.1,85,0.4215,0,1
NEU-500296,TreatmentB,B02,114.39,-66.09,140.7,19.04,54.5,-51.02,1.849,75.4,75,0.4448,1,1
NEU-501752,TreatmentA,B02,87.42,-58.44,139.1,15.1,76.4,-49.34,0.724,47.1,77,0.288,0,0
NEU-509856,Control,B01,107.81,-68.57,241.7,16.51,133.1,-40.59,0.992,75.8,70,0.3182,0,1
NEU-507303,TreatmentB,B03,95.98,-57.65,185.1,22.63,106.1,-41.53,1.15,54.7,83,0.3325,0,0
NEU-508608,TreatmentA,B01,99.74,-64.86,207.9,9.89,138.8,-50.76,0.969,48.5,91,0.5192,0,0
NEU-509490,Control,B02,95.43,-63.25,188.6,28.08,147.8,-43.02,0.9,31.3,88,0.3341,0,0
NEU-509448,Control,B01,109.82,-63.63,78.1,7.48,89.5,-43.74,0.782,45.6,84,0.507,1,0
NEU-500111,Control,B02,88.22,-60.34,213.5,12.96,156.1,-41.64,0.804,34.4,75,0.4934,0,0
NEU-503205,Control,B03,97.96,-66.81,305.7,12.4,80.3,-38.46,1.039,46.9,75,0.5782,0,0
NEU-508124,TreatmentA,B02,106.76,-55.64,187.6,19.2,85.6,-40.06,0.745,49.7,85,0.4054,1,0
NEU-503525,TreatmentB,B03,75.37,-64.64,140.9,14.99,22.3,-46.83,1.325,52.6,96,0.4555,1,0
NEU-506430,TreatmentA,B02,108.43,-65.2,180.7,13.13,116.1,-37.71,1.171,63.8,90,0.2402,1,1
NEU-506584,Control,B02,84.54,-71.78,183.6,24.35,145.9,-43.81,1.081,47.0,87,0.2731,0,0
NEU-506308,TreatmentB,B02,93.84,-74.28,141.3,31.68,93.8,-44.15,1.257,52.7,70,0.4109,1,0
NEU-503628,TreatmentB,B02,101.71,-64.04,524.2,9.56,69.3,-44.33,1.422,60.6,88,0.5063,0,1
NEU-504932,Control,B01,88.41,-74.98,132.9,11.06,117.1,-40.27,0.86,36.5,73,0.6344,1,0
NEU-502306,TreatmentA,B01,95.65,-64.5,164.6,10.97,28.9,-37.79,1.136,61.8,82,0.593,1,0
NEU-503000,TreatmentA,B01,114.8,-63.05,139.0,10.63,124.9,-47.26,1.522,43.6,98,0.3384,1,1
NEU-505000,Control,B01,104.47,-54.86,174.1,10.96,128.7,-44.55,0.569,48.7,68,0.3551,0,0
NEU-501409,TreatmentB,B03,95.57,-72.81,88.4,7.14,139.7,-39.09,0.586,63.9,82,0.3793,1,0
NEU-504414,TreatmentA,B03,93.29,-60.25,111.3,15.3,78.9,-41.77,1.241,71.2,89,0.5266,1,1
NEU-505880,TreatmentB,B02,93.21,-62.62,129.5,4.46,86.1,-38.54,0.923,46.9,83,0.2874,0,1
NEU-505420,Control,B01,86.96,-61.94,157.8,25.81,165.9,-39.56,2.163,51.6,79,0.3348,1,0
NEU-507535,TreatmentA,B03,103.97,-57.8,256.4,17.44,77.5,-47.61,0.826,40.7,90,0.2949,0,0
NEU-502621,TreatmentA,B03,94.22,-63.26,254.0,13.53,75.0,-43.05,1.683,58.8,89,0.4868,1,1
NEU-509553,Control,B02,122.41,-69.55,190.1,10.21,132.5,-46.84,1.064,16.8,103,0.3417,0,0
NEU-506515,Control,B02,129.69,-70.02,265.8,14.31,85.0,-45.95,0.871,33.6,91,0.5772,0,1
NEU-500165,Control,B01,108.86,-73.02,133.7,22.86,141.7,-46.64,0.831,52.0,83,0.5149,1,1
NEU-509602,TreatmentA,B01,100.5,-62.18,276.3,14.18,93.8,-38.56,1.094,81.4,103,0.6392,1,1
NEU-500105,TreatmentB,B03,112.46,-59.07,189.7,10.73,99.7,-35.81,1.206,39.2,90,0.3644,1,0
NEU-507403,TreatmentA,B02,79.63,-63.99,171.4,23.56,64.5,-41.56,1.083,48.2,87,0.5613,0,1
NEU-506593,Control,B03,93.58,-77.1,72.1,15.04,96.9,-41.54,1.412,43.0,93,0.2936,0,0
NEU-505957,TreatmentB,B03,141.95,-64.38,321.5,11.39,67.1,-47.52,0.871,73.9,97,0.4619,0,1
NEU-508523,TreatmentB,B02,128.84,-68.84,143.0,11.12,116.6,-43.37,1.381,54.5,76,0.5702,1,0
NEU-504962,TreatmentB,B03,77.36,-72.41,231.2,21.01,92.5,-40.53,1.1,64.4,75,0.715,0,1
NEU-500130,TreatmentA,B02,103.32,-59.49,174.3,8.14,139.9,-49.82,1.102,56.1,68,0.2181,0,1
NEU-504968,TreatmentB,B02,102.5,-66.22,272.6,19.95,57.9,-37.37,1.021,81.6,77,0.5604,0,1
NEU-508354,TreatmentA,B01,86.7,-65.07,202.4,12.32,5.6,-40.55,0.771,69.4,82,0.2437,1,1
NEU-500062,TreatmentA,B02,81.76,-70.82,88.5,10.87,50.4,-44.54,1.387,50.0,82,0.4524,1,0
NEU-504903,TreatmentA,B03,71.86,-70.57,203.2,19.29,121.2,-34.95,1.06,33.3,96,0.456,0,1
NEU-501810,TreatmentA,B03,94.76,-67.9,135.1,12.01,120.2,-49.86,0.636,66.0,77,0.4222,1,1
NEU-504052,TreatmentA,B03,89.33,-60.96,519.1,35.74,94.2,-39.27,1.083,48.1,81,0.1405,0,0
NEU-507077,Control,B01,103.77,-67.02,209.4,15.94,140.0,-43.13,1.806,18.1,93,0.1212,0,0
NEU-509517,TreatmentB,B02,122.03,-65.63,313.3,10.05,58.8,-42.96,1.019,70.0,82,0.5078,0,0
NEU-502308,TreatmentA,B02,93.16,-58.42,62.1,11.8,154.1,-48.48,0.826,40.1,78,0.3893,0,0
NEU-507287,TreatmentA,B02,103.36,-54.79,228.2,16.97,15.5,-45.83,1.037,61.9,90,0.5095,1,0
NEU-507341,TreatmentB,B03,91.28,-58.46,180.9,14.71,63.8,-49.42,0.929,42.6,75,0.7554,0,0
NEU-501290,TreatmentB,B01,57.48,-55.83,83.2,16.29,102.6,-38.32,1.086,50.2,87,0.2786,1,0
NEU-508924,Control,B03,116.48,-63.74,160.4,16.2,79.4,-43.47,1.288,23.2,104,0.2235,0,0
NEU-501828,TreatmentA,B02,92.74,-68.68,453.0,15.54,102.4,-42.33,0.866,58.5,85,0.5365,1,1
NEU-500822,TreatmentB,B03,75.43,-66.81,92.4,26.83,91.7,-34.6,0.825,65.4,77,0.4775,1,1
NEU-501703,TreatmentB,B01,97.81,-63.47,85.8,20.88,55.5,-40.87,0.948,36.2,84,0.3098,1,0
NEU-505025,TreatmentA,B03,100.23,-74.85,104.8,19.66,63.9,-39.93,1.03,62.8,77,0.4092,1,0
NEU-507305,TreatmentB,B02,94.49,-67.43,160.1,25.92,82.4,-40.43,2.434,39.7,81,0.3953,1,1
NEU-507007,TreatmentB,B01,109.9,-70.97,194.6,9.23,67.8,-39.44,1.205,43.2,86,0.2387,1,0
NEU-501851,TreatmentB,B01,113.92,-61.18,142.0,12.39,180.9,-39.86,2.606,80.2,94,0.2914,1,1
NEU-505738,Control,B01,74.88,-64.09,136.3,9.67,148.5,-38.87,1.711,41.0,94,0.3721,1,1
NEU-505501,TreatmentA,B01,116.14,-62.63,265.8,17.13,82.4,-42.1,1.016,64.0,77,0.3358,0,0
NEU-508128,TreatmentB,B03,123.61,-59.68,80.1,19.27,107.1,-37.81,0.905,64.8,81,0.4251,1,1
NEU-504085,TreatmentB,B03,114.9,-62.78,355.9,21.04,138.7,-47.67,1.299,44.0,98,0.3844,1,1
NEU-508974,TreatmentA,B02,125.18,-52.3,194.6,19.29,105.9,-42.96,1.018,46.7,79,0.666,1,1
NEU-502935,Control,B01,96.9,-67.4,284.0,12.14,92.6,-39.7,1.126,22.0,84,0.3422,0,1
NEU-505684,TreatmentA,B01,111.68,-59.06,222.1,7.12,146.1,-38.69,1.136,40.8,90,0.5757,0,0
NEU-509094,TreatmentB,B02,108.97,-68.64,143.6,18.51,57.6,-45.21,0.419,64.7,87,0.4965,1,1
NEU-506560,TreatmentB,B01,101.18,-64.25,353.0,10.45,34.6,-39.07,1.304,62.2,84,0.5883,1,1
NEU-502775,Control,B03,103.59,-64.32,168.7,12.82,136.2,-38.37,1.166,57.2,71,0.334,1,1
NEU-504608,TreatmentA,B01,92.29,-65.16,162.6,5.33,131.2,-42.14,0.572,55.2,80,0.39,0,1
NEU-509483,Control,B01,115.45,-65.51,168.5,14.65,169.3,-44.81,0.896,36.5,86,0.6356,0,1
NEU-500789,TreatmentA,B01,136.57,-65.55,239.0,24.67,17.0,-43.4,1.145,54.0,100,0.1874,0,0
NEU-507020,TreatmentB,B01,92.21,-63.02,159.7,13.75,71.6,-40.63,1.189,57.8,96,0.3966,1,1
NEU-509523,Control,B02,105.55,-69.72,113.9,16.7,111.1,-41.67,0.981,57.1,93,0.3185,1,0
NEU-506496,Control,B03,109.06,-58.25,130.7,12.85,102.7,-39.98,1.227,21.9,92,0.3754,0,0
NEU-506848,Control,B02,112.27,-60.17,138.7,22.17,160.2,-40.95,0.681,24.0,77,0.3285,0,0
NEU-504980,TreatmentB,B03,94.59,-63.82,135.0,18.4,103.3,-52.51,0.648,67.4,79,0.102,0,0
NEU-501007,TreatmentA,B02,92.54,-58.3,92.9,8.78,94.9,-43.79,1.262,30.9,98,0.2695,0,0
NEU-505521,TreatmentA,B03,90.7,-69.08,91.0,6.33,104.7,-41.63,1.512,31.0,83,0.4369,1,0
NEU-507284,TreatmentB,B02,82.69,-56.94,97.1,16.16,81.2,-38.56,1.038,73.6,73,0.5163,1,0
NEU-503143,TreatmentA,B01,126.17,-63.98,214.8,13.89,93.2,-36.01,0.864,16.0,91,0.3702,0,1
NEU-509419,TreatmentB,B03,104.28,-59.11,150.4,22.67,8.1,-46.74,0.621,63.1,83,0.4159,0,1
NEU-509274,TreatmentB,B02,97.84,-66.59,144.0,7.38,82.8,-41.47,0.775,83.4,67,0.2851,1,1
NEU-507524,Control,B02,79.67,-65.84,181.4,11.77,90.7,-46.06,1.281,28.1,77,0.4389,0,1
NEU-501876,TreatmentA,B03,104.62,-60.3,338.9,14.32,19.9,-47.51,1.911,40.8,69,0.6501,1,0
NEU-504486,TreatmentB,B02,91.44,-63.57,281.6,11.72,43.5,-35.96,1.983,58.8,79,0.2649,0,1
NEU-500022,TreatmentA,B03,135.21,-67.1,292.0,7.68,123.8,-34.92,0.818,66.9,98,0.5012,0,0
NEU-508450,TreatmentB,B01,98.53,-65.55,421.2,17.31,19.1,-46.11,0.699,58.2,99,0.4158,0,1
NEU-502895,TreatmentB,B03,104.92,-63.05,103.6,25.56,43.7,-42.66,1.946,88.9,108,0.7015,1,1
NEU-505808,TreatmentA,B03,97.33,-65.79,146.9,8.97,85.9,-44.1,0.732,29.4,78,0.2954,0,1
NEU-502174,Control,B03,113.9,-64.21,115.1,16.2,116.0,-43.81,0.845,67.3,107,0.5212,1,1
NEU-501541,TreatmentA,B03,105.36,-65.43,197.5,12.16,61.8,-45.78,0.889,33.9,99,0.4731,0,1
NEU-502374,Control,B02,97.16,-73.36,219.8,10.98,163.4,-38.96,1.126,78.7,82,0.521,1,0
NEU-508001,Control,B01,101.68,-61.85,131.0,13.91,157.2,-43.23,0.871,51.9,91,0.4911,0,1
NEU-509821,TreatmentB,B02,99.84,-65.79,270.0,10.39,121.9,-46.41,1.306,62.0,96,0.4769,0,1
NEU-509729,Control,B02,99.79,-63.97,166.8,15.01,139.9,-41.1,1.355,47.3,85,0.2804,0,1
NEU-509248,TreatmentA,B02,123.73,-66.32,123.9,18.22,90.5,-37.63,0.959,14.5,73,0.5379,1,1
NEU-509282,TreatmentB,B02,87.91,-68.03,337.4,6.59,51.9,-33.49,1.059,75.0,83,0.4793,0,0
NEU-501081,TreatmentA,B01,105.68,-70.81,217.2,14.52,149.5,-41.43,1.428,56.8,102,0.4246,1,0
NEU-502733,Control,B01,105.77,-56.21,112.8,20.24,84.0,-39.41,1.038,36.4,97,0.391,1,0
NEU-506885,TreatmentA,B03,114.84,-74.57,139.4,11.73,102.9,-44.82,1.365,58.4,65,0.4527,1,0
NEU-501826,TreatmentA,B02,76.56,-71.56,156.8,6.18,75.5,-39.96,1.032,48.0,76,0.5513,0,0
NEU-508923,Control,B03,85.3,-64.31,82.7,17.29,140.5,-39.87,1.049,45.9,78,0.4137,0,1
NEU-500752,Control,B02,76.57,-73.97,91.0,14.17,68.4,-51.5,1.046,26.7,88,0.6417,0,0
NEU-508579,TreatmentB,B03,87.64,-64.13,235.5,21.65,29.5,-45.23,1.124,98.3,93,0.1701,1,0
NEU-508667,Control,B02,102.86,-62.01,282.8,21.1,208.5,-40.51,1.007,54.2,83,0.3797,0,0
NEU-509237,Control,B03,98.06,-69.38,193.9,11.37,92.7,-35.29,0.851,35.8,88,0.5058,0,1
NEU-505727,TreatmentA,B01,94.48,-68.63,79.4,9.94,59.1,-39.62,1.175,63.9,88,0.3908,1,1
NEU-504946,TreatmentB,B01,96.94,-72.61,213.3,9.79,-4.5,-41.46,1.127,75.2,104,0.6231,1,0
NEU-502179,TreatmentB,B01,105.13,-62.5,140.0,10.7,83.0,-47.02,0.788,82.7,97,0.298,1,1
NEU-500266,Control,B01,93.27,-64.11,322.3,38.02,167.7,-46.65,0.668,67.8,81,0.6553,0,1
NEU-500658,TreatmentB,B01,126.98,-71.68,160.4,10.47,85.1,-40.66,1.248,44.9,93,0.5825,0,0
NEU-508102,TreatmentA,B03,75.21,-63.5,129.5,11.06,71.6,-39.13,1.06,34.5,89,0.4041,0,1
NEU-505032,TreatmentB,B01,111.66,-69.6,118.7,10.55,78.2,-46.33,1.824,39.0,81,0.6081,0,1
NEU-505116,TreatmentB,B01,109.3,-68.66,72.6,18.85,12.2,-44.96,0.963,59.9,96,0.1587,1,0
NEU-500459,TreatmentA,B03,96.58,-70.24,222.4,15.92,116.1,-32.35,0.999,69.9,86,0.3433,1,1
NEU-503484,TreatmentA,B02,95.2,-69.27,251.9,22.37,81.2,-43.91,0.724,44.3,83,0.716,0,1
NEU-505075,Control,B03,145.89,-60.87,127.3,19.51,82.3,-46.9,1.125,29.4,96,0.3622,0,0
NEU-501042,TreatmentA,B02,83.22,-69.76,68.8,12.36,61.0,-43.16,1.138,47.8,75,0.3548,1,0
NEU-509785,TreatmentA,B01,118.3,-59.32,151.1,11.46,117.1,-37.43,1.698,38.2,69,0.5254,1,0
NEU-507347,TreatmentB,B02,93.16,-62.64,69.7,23.57,114.2,-41.98,0.75,77.3,75,0.562,0,1
NEU-501348,TreatmentB,B03,81.81,-73.28,139.2,11.76,112.1,-44.76,0.896,79.2,80,0.6375,1,1
NEU-505654,Control,B01,106.22,-63.88,117.1,29.61,132.1,-41.32,0.773,37.7,92,0.3163,0,0
NEU-501160,TreatmentA,B01,110.92,-60.1,326.2,9.09,66.8,-46.7,0.676,51.5,92,0.5102,0,0
NEU-501491,TreatmentA,B02,118.56,-68.36,253.5,12.29,57.5,-42.0,0.995,66.4,95,0.2919,1,1
NEU-501006,Control,B01,109.16,-64.05,279.6,9.7,177.9,-33.67,1.084,75.8,72,0.5343,0,1
NEU-502386,TreatmentB,B01,107.89,-65.64,195.0,9.42,111.8,-38.29,0.764,45.5,83,0.3157,0,1
NEU-503807,Control,B03,100.15,-60.58,63.5,18.08,130.3,-42.6,1.186,38.2,84,0.6438,0,1
NEU-509761,TreatmentB,B03,86.66,-61.04,338.9,25.37,108.4,-41.65,0.93,54.5,75,0.2487,0,0
NEU-501690,TreatmentA,B01,112.51,-59.04,202.7,33.53,95.6,-41.14,1.714,65.0,80,0.1897,1,0
NEU-509744,TreatmentA,B01,100.04,-73.47,284.9,22.04,165.9,-40.28,2.025,52.7,69,0.5354,1,1
NEU-503091,TreatmentA,B02,116.64,-63.74,162.9,12.64,105.5,-44.19,1.168,74.2,94,0.2446,1,1
NEU-507274,TreatmentB,B01,108.0,-58.72,145.8,29.67,110.0,-46.98,1.94,67.5,94,0.5292,1,1
NEU-504072,TreatmentA,B01,100.37,-69.21,143.3,25.19,78.9,-42.19,0.979,55.1,82,0.5766,1,1
NEU-507650,TreatmentB,B03,103.57,-66.89,322.2,43.27,55.8,-42.61,1.287,50.4,79,0.6797,0,1
NEU-501961,TreatmentB,B03,85.28,-69.48,63.0,13.33,111.1,-38.15,0.982,81.9,87,0.2237,1,0
NEU-500069,TreatmentB,B02,95.0,-64.2,165.0,11.99,67.8,-48.92,0.531,62.7,79,0.2419,0,1
NEU-507978,Control,B01,87.15,-62.37,240.7,9.19,158.9,-49.49,1.282,50.9,88,0.2441,1,1
NEU-503292,TreatmentA,B01,96.44,-74.71,346.2,13.34,78.8,-44.08,0.901,50.4,91,0.3836,0,0
NEU-502395,TreatmentB,B02,99.53,-57.83,184.5,7.49,109.3,-41.17,1.17,64.6,85,0.5918,1,0
NEU-505203,TreatmentB,B03,117.78,-65.03,228.0,11.2,117.9,-43.35,0.981,81.9,83,0.249,0,1
NEU-506612,TreatmentA,B02,134.22,-63.54,292.4,6.65,113.0,-45.68,0.726,63.0,75,0.1214,0,1
NEU-508669,TreatmentA,B03,92.45,-78.42,199.9,11.73,54.8,-43.12,1.177,39.9,99,0.6029,1,0
NEU-503338,Control,B03,90.67,-57.77,230.5,15.04,83.2,-37.36,1.427,11.2,76,0.3479,0,0
NEU-503865,Control,B01,106.23,-61.59,102.5,9.42,182.1,-45.39,0.953,49.4,101,0.5292,1,0
NEU-505682,TreatmentA,B01,94.55,-66.44,203.7,13.35,140.7,-42.58,1.114,68.4,62,0.0976,1,1
NEU-501856,TreatmentB,B01,88.61,-56.66,310.7,16.48,81.5,-44.2,0.768,52.9,90,0.3701,0,0
NEU-509357,TreatmentA,B03,95.4,-62.92,344.6,17.65,133.5,-39.4,1.115,50.4,90,0.6102,0,1
NEU-505587,TreatmentA,B03,84.59,-59.37,191.8,11.61,72.3,-39.88,0.448,74.0,86,0.1733,1,1
NEU-506127,TreatmentB,B01,91.07,-65.45,223.0,14.29,55.5,-46.49,0.574,76.0,82,0.4955,0,1
NEU-506795,TreatmentB,B03,98.22,-65.96,163.4,13.76,72.8,-39.89,1.013,45.3,78,0.6182,0,1
NEU-500881,TreatmentB,B02,89.19,-67.8,224.7,14.75,94.1,-43.16,0.866,27.4,91,0.504,0,0
NEU-509176,Control,B01,113.06,-69.96,43.0,12.86,162.2,-45.24,1.031,33.5,86,0.3079,1,0
NEU-508341,Control,B01,131.45,-63.82,73.0,9.79,100.6,-40.07,1.545,38.9,83,0.6231,1,0
NEU-507943,TreatmentA,B02,93.92,-60.76,223.5,10.25,-15.6,-38.83,1.285,50.4,105,0.658,1,0
NEU-506616,Control,B02,101.8,-76.38,293.7,6.65,69.0,-42.95,1.213,49.3,56,0.2478,1,0
NEU-508811,Control,B03,72.71,-58.19,239.8,14.03,214.1,-43.12,1.328,26.0,73,0.6514,0,1
NEU-505832,Control,B02,96.24,-71.85,87.9,11.46,114.1,-40.77,1.579,41.0,82,0.3608,1,0
NEU-504697,TreatmentA,B02,94.94,-71.63,138.5,12.74,126.6,-37.32,0.817,50.5,90,0.2489,1,1
NEU-501429,TreatmentA,B02,111.93,-61.83,209.7,11.78,124.2,-44.7,1.017,56.2,78,0.7798,0,0
NEU-506158,Control,B02,99.82,-58.35,227.2,15.7,109.2,-41.52,1.311,60.1,77,0.5988,1,1
NEU-507458,Control,B01,93.49,-59.99,251.5,18.2,142.3,-47.79,1.063,44.0,97,0.3513,1,0
NEU-508870,TreatmentA,B02,118.29,-65.34,161.3,27.12,100.3,-41.78,1.636,46.3,85,0.3395,0,1
NEU-506282,TreatmentA,B03,63.3,-59.72,93.7,15.84,109.4,-38.54,1.12,78.7,87,0.3882,1,1
NEU-504516,TreatmentB,B03,87.44,-61.76,140.8,25.77,56.8,-43.62,0.891,72.5,83,0.3557,1,1
NEU-506906,Control,B03,87.64,-62.18,154.0,6.03,90.4,-42.41,1.525,48.2,65,0.3553,1,1
NEU-507421,TreatmentA,B03,71.28,-61.1,119.0,5.75,42.2,-43.94,1.14,38.4,91,0.3472,0,1
NEU-509869,TreatmentA,B03,121.73,-64.08,257.8,18.53,89.4,-34.68,0.52,43.4,84,0.2162,0,0
NEU-508846,TreatmentA,B03,105.43,-69.42,358.5,11.25,116.0,-39.49,1.84,55.0,84,0.4033,0,1
NEU-505229,TreatmentA,B03,119.58,-68.47,305.6,19.2,109.5,-43.27,1.146,60.0,90,0.4445,1,1
NEU-500466,TreatmentB,B03,109.56,-70.5,78.7,16.11,103.7,-49.42,1.669,38.4,89,0.4796,1,0
NEU-509806,TreatmentB,B03,91.98,-60.77,379.2,24.68,54.2,-40.38,1.14,54.8,73,0.6106,0,1
NEU-506821,Control,B01,111.22,-62.05,131.0,9.41,195.7,-43.67,0.962,33.4,102,0.3662,0,1
NEU-503717,TreatmentA,B03,100.48,-63.59,140.2,10.12,109.5,-46.53,1.272,47.7,84,0.256,0,1
NEU-506808,TreatmentA,B01,110.18,-58.99,107.2,11.63,155.4,-44.81,1.474,46.2,90,0.4148,1,1
NEU-505616,TreatmentB,B02,108.54,-72.29,176.1,13.33,73.8,-47.09,0.907,40.3,84,0.2504,1,0
NEU-508353,TreatmentB,B03,104.03,-74.75,305.0,10.67,88.0,-41.3,1.001,70.8,84,0.5701,0,0
NEU-502852,TreatmentA,B02,106.91,-76.07,201.0,14.67,93.1,-40.78,1.472,69.4,85,0.5886,1,0
NEU-505801,TreatmentA,B03,121.59,-63.9,148.5,13.84,97.4,-33.41,0.681,41.3,79,0.5767,0,1
NEU-503529,TreatmentA,B01,102.41,-67.26,140.6,13.75,114.6,-46.39,1.228,59.3,76,0.347,0,1
NEU-503994,TreatmentA,B02,111.89,-70.41,224.4,9.78,41.6,-41.43,0.807,66.6,79,0.4981,0,0
NEU-504433,TreatmentB,B02,110.92,-64.41,146.9,13.52,68.4,-46.76,1.484,60.8,84,0.2306,1,1
NEU-500770,TreatmentA,B02,103.37,-56.81,203.6,15.9,170.1,-36.95,1.191,13.0,87,0.7067,0,1
NEU-506582,TreatmentB,B01,92.55,-70.78,179.9,8.77,50.2,-40.46,0.922,57.8,84,0.4761,0,0
NEU-503105,TreatmentB,B02,122.93,-66.38,275.0,8.12,98.2,-37.86,1.028,62.8,75,0.6302,0,0
NEU-502540,TreatmentA,B01,110.91,-62.13,106.9,14.26,187.9,-39.86,1.256,61.3,95,0.2021,1,1
NEU-505758,TreatmentA,B01,97.4,-65.05,473.7,10.0,116.1,-39.07,1.217,31.6,106,0.1907,0,1
NEU-501866,TreatmentB,B03,105.17,-69.2,312.1,5.42,61.6,-38.87,1.214,57.6,93,0.3964,1,0
NEU-507400,TreatmentA,B02,101.28,-65.18,159.8,10.17,135.8,-41.36,1.21,51.2,70,0.3534,1,0
NEU-509150,TreatmentA,B03,104.84,-68.83,219.5,14.09,141.4,-42.89,0.769,47.0,106,0.2991,0,1
NEU-500648,TreatmentB,B02,113.8,-62.71,133.6,10.46,52.2,-43.63,1.137,81.9,106,0.5527,1,0
NEU-503503,TreatmentA,B03,70.2,-66.88,231.6,22.81,64.2,-41.76,1.182,53.3,83,0.1536,1,0
NEU-503390,TreatmentA,B01,104.13,-66.2,103.9,11.79,116.3,-42.46,0.869,45.0,93,0.4054,1,1
NEU-508357,TreatmentA,B02,116.94,-67.28,304.7,12.8,49.6,-38.65,0.861,59.0,85,0.4142,0,1
NEU-506008,Control,B02,115.57,-62.87,141.6,11.34,75.4,-41.94,1.625,50.8,81,0.4333,1,0
NEU-500927,TreatmentB,B03,70.58,-64.2,170.6,15.44,103.8,-35.84,1.37,57.7,77,0.4365,1,1
NEU-509499,TreatmentB,B01,104.06,-70.61,99.0,14.03,64.4,-42.34,0.917,52.3,78,0.1516,1,1
NEU-503669,TreatmentA,B01,90.18,-51.31,135.6,19.64,96.5,-38.0,0.887,49.1,86,0.388,0,0
NEU-501111,Control,B03,132.33,-59.28,210.6,8.5,134.1,-42.56,0.873,51.0,98,0.2802,0,1
NEU-506576,TreatmentA,B03,118.45,-65.31,192.5,8.77,109.6,-45.97,0.549,34.5,90,0.4741,0,0
NEU-507455,Control,B03,104.75,-72.81,129.1,13.36,65.6,-43.32,1.836,6.4,73,0.4629,0,1
NEU-500054,TreatmentA,B01,85.64,-69.67,199.9,10.95,70.6,-42.59,0.908,62.1,109,0.3258,1,1
NEU-501673,TreatmentB,B03,108.31,-64.48,94.6,15.61,32.3,-40.39,0.818,76.0,85,0.3783,0,1
NEU-502470,TreatmentA,B01,112.34,-71.39,203.7,12.71,108.9,-45.73,0.787,50.0,81,0.2312,0,0
NEU-508090,Control,B02,103.06,-65.44,115.8,8.85,173.8,-43.62,1.697,30.8,69,0.3288,0,1
NEU-508740,Control,B03,119.78,-63.94,175.4,17.62,170.1,-43.34,0.779,31.4,100,0.3753,0,1
NEU-506983,TreatmentA,B01,105.12,-76.25,143.3,8.43,59.6,-32.29,0.925,64.0,95,0.4999,1,0
NEU-500860,Control,B01,102.14,-60.79,165.0,9.51,128.5,-38.96,0.884,41.5,79,0.6105,1,0
NEU-505015,TreatmentA,B03,92.05,-64.97,299.6,10.19,131.8,-41.02,0.789,52.4,77,0.5636,1,1
NEU-500886,TreatmentA,B01,116.35,-76.16,176.0,11.05,62.5,-46.15,0.925,51.3,95,0.19,1,0
NEU-509016,TreatmentB,B01,88.16,-55.84,213.2,10.11,121.6,-41.23,1.013,56.3,95,0.468,0,0
NEU-501803,Control,B03,110.04,-70.35,289.8,14.49,138.5,-47.37,1.519,36.4,89,0.6587,0,0
NEU-506921,Control,B02,101.02,-57.15,166.1,10.76,148.5,-41.19,1.83,52.4,89,0.5111,1,0
NEU-501796,Control,B01,129.97,-65.07,168.7,9.63,133.9,-41.62,0.931,27.2,90,0.4825,1,1
NEU-506196,TreatmentB,B02,94.68,-72.18,256.2,7.62,71.3,-37.35,2.377,35.4,81,0.5863,0,0
NEU-502198,TreatmentB,B03,90.26,-68.86,100.3,6.72,84.0,-49.81,1.205,70.0,83,0.2538,1,1
NEU-500898,Control,B01,121.74,-58.2,166.9,26.78,105.1,-35.91,1.212,65.7,75,0.5053,1,1
NEU-500351,TreatmentB,B02,92.85,-72.52,250.2,13.96,95.1,-40.1,1.366,59.0,75,0.4143,1,0
NEU-501452,Control,B02,111.73,-64.81,136.2,11.76,160.6,-36.46,1.617,46.7,91,0.3977,1,1
NEU-505871,Control,B03,82.0,-66.8,179.7,12.3,141.7,-39.36,0.999,22.1,92,0.2457,0,1
NEU-507263,TreatmentA,B03,104.99,-71.7,98.6,13.72,56.7,-44.03,1.138,48.4,102,0.2946,1,0
NEU-506554,TreatmentA,B02,98.82,-66.93,226.6,16.55,109.3,-39.57,1.087,33.4,94,0.1843,0,0
NEU-506642,TreatmentA,B02,98.45,-74.85,298.0,13.75,99.0,-39.79,1.546,53.4,88,0.2519,0,0
NEU-502343,TreatmentA,B01,114.42,-66.84,122.3,14.91,67.1,-42.48,1.201,56.7,83,0.4266,1,1
NEU-506995,TreatmentB,B01,99.78,-60.66,131.9,16.29,-28.8,-44.47,1.301,55.3,88,0.2706,0,0
NEU-508094,TreatmentA,B03,86.59,-62.27,248.3,12.74,10.0,-43.36,1.024,34.3,76,0.4794,0,0
NEU-502773,TreatmentA,B02,95.15,-61.85,214.2,17.4,128.8,-55.98,1.352,51.2,84,0.2324,1,0
NEU-508744,Control,B02,105.53,-61.11,79.8,21.91,107.6,-39.56,1.448,70.3,84,0.5229,1,0
NEU-509739,TreatmentA,B01,78.57,-61.02,104.5,8.74,131.0,-44.89,0.991,52.3,83,0.6245,1,0
NEU-507792,TreatmentA,B01,107.87,-72.47,191.1,8.87,152.8,-44.62,0.928,38.2,92,0.4711,1,0
NEU-501532,TreatmentA,B03,75.51,-64.91,253.5,10.72,102.2,-38.23,0.752,48.3,85,0.7506,0,0
NEU-505626,TreatmentB,B01,105.69,-66.74,120.8,19.98,51.3,-45.78,0.955,80.8,75,0.486,1,1
NEU-504345,TreatmentB,B02,92.19,-61.76,149.5,17.42,133.1,-41.45,1.351,77.9,88,0.5051,1,1
NEU-500909,TreatmentB,B02,118.01,-64.53,282.4,14.61,103.1,-39.35,0.735,55.2,94,0.2505,1,1
NEU-509771,TreatmentA,B01,98.14,-66.37,114.5,17.15,143.0,-45.94,0.849,57.4,93,0.4649,1,1
NEU-503726,TreatmentA,B02,109.61,-67.03,223.9,12.5,129.0,-37.0,1.186,27.4,73,0.4491,0,1
NEU-508481,TreatmentA,B01,113.25,-62.74,305.2,14.74,154.3,-39.54,1.28,42.2,79,0.332,0,0
NEU-500028,TreatmentA,B02,109.88,-63.68,157.2,15.74,125.4,-38.49,1.034,64.8,86,0.3606,1,1
NEU-501016,Control,B02,105.71,-64.92,65.4,18.59,135.6,-37.21,1.126,46.8,98,0.3997,1,0
NEU-509566,Control,B03,107.75,-64.17,231.5,17.32,98.8,-42.35,1.065,70.0,92,0.372,0,1
NEU-500402,TreatmentA,B03,107.9,-69.94,238.9,15.38,44.6,-37.31,0.549,23.8,70,0.3818,0,1
NEU-506846,Control,B01,95.06,-65.13,70.1,9.1,48.5,-43.86,1.308,40.3,91,0.3851,1,1
NEU-506814,Control,B02,90.42,-73.24,251.6,16.14,102.8,-40.79,1.361,50.6,81,0.644,1,0
NEU-505296,Control,B02,84.76,-64.55,137.6,10.67,187.1,-37.92,1.243,46.0,96,0.1509,1,1
NEU-509683,TreatmentA,B01,77.53,-60.2,316.0,10.6,85.0,-43.75,1.046,55.9,90,0.3027,0,1
NEU-501138,TreatmentA,B02,99.89,-71.83,269.2,6.68,120.8,-37.7,1.524,32.2,88,0.2803,1,1
NEU-505227,Control,B03,95.48,-66.79,124.1,21.3,143.8,-40.22,0.76,24.8,86,0.4761,0,1
NEU-506014,Control,B02,102.52,-61.95,116.4,24.78,177.4,-40.23,1.445,49.4,93,0.395,1,0
NEU-506125,Control,B01,124.61,-74.99,123.5,17.19,159.2,-43.53,0.834,57.2,85,0.6139,1,0
NEU-509053,TreatmentA,B01,55.48,-61.85,118.0,19.6,134.7,-41.83,0.837,57.0,88,0.3937,1,1
NEU-506563,TreatmentA,B01,111.36,-67.24,457.6,11.84,123.9,-39.61,1.59,65.5,83,0.3627,0,0
NEU-500955,TreatmentA,B03,60.38,-58.02,217.3,5.0,62.1,-38.42,1.666,45.1,91,0.5746,1,0
NEU-505510,TreatmentA,B03,109.89,-64.61,100.9,6.45,55.5,-39.99,0.667,67.9,69,0.4775,0,0
NEU-502886,Control,B02,106.89,-62.21,284.0,29.23,71.3,-47.79,0.727,47.4,85,0.4991,0,0
NEU-504764,Control,B02,65.75,-67.81,326.4,21.38,162.6,-42.45,0.888,50.5,82,0.2431,0,0
NEU-505883,TreatmentB,B01,110.16,-65.95,175.6,19.38,95.9,-41.47,1.355,59.7,68,0.1822,1,1
NEU-501322,Control,B03,96.54,-70.89,211.5,18.3,125.6,-45.69,1.131,42.6,93,0.4054,0,0
NEU-509888,TreatmentB,B03,120.1,-62.97,359.2,11.67,39.8,-38.82,2.304,78.2,78,0.3306,1,1
NEU-507750,TreatmentB,B03,105.92,-68.97,178.5,13.09,42.6,-42.82,1.343,63.2,91,0.338,0,1
NEU-500883,TreatmentA,B03,109.94,-61.01,166.1,21.62,78.6,-38.09,1.647,48.4,97,0.1273,1,1
NEU-509748,TreatmentA,B03,99.64,-65.92,221.6,18.09,28.1,-46.6,1.469,64.7,85,0.1057,1,0
NEU-504159,TreatmentA,B03,98.28,-64.88,185.7,12.31,87.3,-33.86,0.981,48.2,83,0.4274,1,1
NEU-503058,TreatmentB,B03,106.16,-80.42,220.7,17.87,120.5,-35.1,1.474,80.5,85,0.4662,1,0
NEU-504167,TreatmentB,B02,105.1,-78.58,283.5,20.23,100.7,-47.49,1.509,29.7,93,0.4112,0,0
NEU-504799,TreatmentB,B01,52.9,-60.24,161.4,11.75,57.4,-36.38,0.834,78.7,95,0.4409,0,0
NEU-501855,Control,B02,78.87,-68.18,334.2,11.6,70.9,-42.96,0.823,53.4,94,0.2944,0,0
NEU-509623,TreatmentB,B01,89.54,-68.64,487.2,17.13,128.3,-47.83,1.584,36.9,96,0.5129,0,1
NEU-505377,Control,B02,105.11,-66.89,267.5,11.47,166.8,-39.6,0.928,46.1,84,0.2393,0,1
NEU-506146,TreatmentB,B02,118.71,-53.54,194.9,8.94,137.2,-32.49,1.16,58.8,92,0.5583,1,0
NEU-506596,TreatmentA,B01,107.04,-65.3,311.9,13.5,126.5,-44.65,0.991,57.4,89,0.2006,0,1
NEU-501696,TreatmentA,B02,86.79,-68.74,529.4,18.34,150.6,-37.02,0.808,62.3,90,0.6315,0,1
NEU-504550,TreatmentA,B03,86.8,-73.27,225.8,17.63,138.6,-45.8,1.241,31.9,74,0.2133,0,0
NEU-508238,TreatmentA,B02,92.93,-62.25,119.6,15.09,193.6,-48.24,1.414,62.9,104,0.509,1,1
NEU-502217,Control,B01,94.21,-65.85,280.7,11.21,88.8,-41.82,1.499,44.4,78,0.309,0,1
NEU-504437,Control,B02,111.16,-70.2,65.4,15.42,141.3,-34.72,1.254,64.2,93,0.5122,1,1
NEU-501764,Control,B02,128.15,-62.79,255.5,15.49,164.8,-38.11,1.094,36.4,98,0.3647,0,0
NEU-509218,Control,B01,91.81,-71.99,111.6,10.1,87.6,-38.55,0.963,31.5,80,0.3483,0,1
NEU-502608,TreatmentA,B02,102.76,-66.98,514.7,14.36,99.1,-41.38,1.003,30.8,103,0.4931,0,1
NEU-509911,TreatmentB,B01,101.14,-65.65,221.8,15.0,121.4,-49.38,0.763,78.1,80,0.2681,1,0
NEU-504431,TreatmentB,B02,109.16,-71.49,43.4,10.74,31.8,-38.29,0.8,56.6,84,0.4596,1,1
NEU-504821,TreatmentB,B01,102.12,-66.38,99.1,18.88,79.7,-41.41,0.731,61.4,95,0.4442,1,1
NEU-508683,TreatmentA,B02,118.97,-63.36,167.7,10.32,52.0,-32.49,0.599,50.5,68,0.2067,0,1
NEU-506729,TreatmentB,B02,96.71,-69.17,89.8,12.88,39.5,-38.55,1.384,80.2,82,0.3516,1,0
NEU-508556,TreatmentA,B01,72.4,-71.04,210.3,13.64,121.8,-39.29,1.081,45.2,79,0.5402,1,0
NEU-508115,TreatmentA,B03,90.29,-64.25,195.5,9.87,162.1,-43.73,0.976,50.4,76,0.2763,0,1
NEU-503818,Control,B03,110.72,-72.56,117.1,9.07,64.0,-46.15,2.436,24.6,72,0.6377,1,0
NEU-504669,Control,B03,62.0,-59.09,278.7,9.79,135.9,-38.58,0.907,39.3,91,0.3277,0,0
NEU-502301,TreatmentA,B01,97.54,-73.28,149.9,26.0,153.5,-43.03,1.106,44.5,91,0.1739,1,0
NEU-506176,Control,B01,89.15,-53.25,319.0,15.31,115.7,-42.98,1.309,61.0,67,0.2658,1,0
NEU-500544,TreatmentB,B01,80.95,-63.72,212.2,25.95,99.5,-41.47,1.51,60.5,86,0.6206,1,1
NEU-504586,TreatmentA,B03,98.49,-57.71,199.5,20.81,95.7,-38.89,1.087,62.3,101,0.6348,0,0
NEU-507919,TreatmentA,B02,92.95,-68.83,166.1,6.88,59.1,-39.58,0.766,61.4,75,0.2257,0,1
NEU-506249,TreatmentB,B01,91.35,-54.43,97.5,8.94,97.2,-41.74,1.676,77.5,89,0.4314,1,0
NEU-501800,TreatmentB,B03,101.8,-68.43,215.6,9.3,25.4,-45.85,1.16,62.4,84,0.6567,0,0
NEU-507266,Control,B01,80.47,-59.17,338.7,8.84,136.9,-37.83,0.559,35.6,82,0.3982,0,0
NEU-507107,TreatmentA,B01,95.9,-62.58,373.0,12.14,129.6,-47.75,1.087,72.5,69,0.627,0,0
NEU-501853,Control,B01,85.75,-70.72,253.4,11.91,145.8,-41.37,0.982,39.5,83,0.1357,0,1
NEU-506180,TreatmentA,B02,90.06,-67.08,126.8,14.87,77.3,-46.37,0.888,82.4,81,0.335,1,1
NEU-504651,TreatmentB,B02,83.08,-59.39,233.9,13.35,123.1,-43.42,1.345,45.3,90,0.3439,0,1
NEU-502830,Control,B03,84.31,-52.58,125.8,7.8,125.2,-41.88,1.278,25.1,90,0.5976,0,0
NEU-504875,Control,B02,114.28,-66.01,139.8,29.59,145.7,-31.27,1.155,48.5,77,0.277,1,0
NEU-504200,Control,B02,108.31,-63.68,198.6,27.75,156.5,-36.16,0.787,53.0,86,0.4725,1,1
NEU-504623,TreatmentB,B03,128.24,-56.54,160.1,12.82,76.5,-43.33,1.125,44.6,89,0.3385,0,0
NEU-504194,Control,B01,104.24,-64.27,91.7,14.23,100.7,-40.99,1.233,47.5,89,0.4346,0,1
NEU-509081,Control,B01,98.99,-70.48,253.3,16.82,157.3,-39.02,1.245,51.9,86,0.4139,1,0
NEU-508518,TreatmentB,B01,100.07,-62.56,129.5,13.46,56.5,-41.39,1.145,45.5,82,0.2938,0,0
NEU-500953,TreatmentB,B03,82.67,-64.09,153.9,8.35,42.3,-43.85,0.372,47.5,95,0.5555,0,0
NEU-506248,TreatmentA,B01,85.3,-64.64,58.6,14.15,77.7,-43.47,1.469,42.5,95,0.4124,1,1
NEU-500367,Control,B01,119.12,-61.85,126.4,5.96,74.3,-44.29,0.92,30.1,83,0.4917,0,0
NEU-504583,TreatmentB,B02,89.26,-71.79,301.2,18.6,178.5,-39.83,0.608,72.8,74,0.6572,0,1
NEU-505977,Control,B03,112.86,-56.09,170.2,14.46,121.0,-44.21,1.327,33.6,95,0.1979,1,0
NEU-505702,TreatmentB,B01,107.21,-66.27,128.0,11.49,10.6,-44.98,0.661,63.4,69,0.3608,1,1
NEU-507832,TreatmentA,B03,130.36,-67.81,169.3,17.6,41.3,-40.62,0.878,70.6,74,0.6849,1,1
NEU-503050,Control,B03,89.65,-67.39,268.7,24.11,45.7,-35.85,1.095,55.8,79,0.2247,0,0
NEU-509400,TreatmentB,B02,97.76,-63.47,151.9,18.22,37.3,-48.89,0.88,57.8,92,0.5349,1,1
NEU-506047,Control,B01,100.8,-61.79,142.0,12.11,136.3,-45.25,0.682,62.9,82,0.2902,1,1
NEU-502738,Control,B02,77.37,-60.66,106.4,8.36,88.2,-36.24,0.929,37.7,79,0.2738,1,1
NEU-507839,TreatmentB,B01,92.77,-67.59,158.0,14.24,97.2,-40.12,1.335,78.4,97,0.3872,1,1
NEU-501219,TreatmentA,B01,115.26,-71.25,269.4,12.55,116.3,-45.5,0.699,60.6,97,0.7676,0,0
NEU-503222,TreatmentB,B03,89.22,-61.99,143.4,26.37,40.2,-40.06,1.281,47.3,88,0.4224,0,1
NEU-500020,TreatmentB,B02,126.81,-70.52,163.0,26.13,88.4,-43.89,1.227,52.2,71,0.2339,1,0
NEU-507762,TreatmentA,B01,119.95,-67.98,313.7,22.07,161.4,-58.03,0.916,61.3,86,0.4241,0,1
NEU-504198,TreatmentB,B03,94.59,-62.88,147.1,9.28,128.2,-45.66,1.086,69.8,78,0.1295,1,1
NEU-502545,Control,B03,98.11,-70.68,206.1,17.78,39.3,-39.82,1.003,61.6,91,0.2679,1,0
NEU-504787,Control,B01,108.81,-63.73,348.7,15.91,125.9,-47.53,1.794,16.7,91,0.3579,0,1
NEU-507222,TreatmentA,B01,104.85,-57.05,293.4,22.13,65.6,-43.93,0.677,72.7,85,0.2569,0,0
NEU-506571,TreatmentB,B02,103.63,-66.56,250.1,14.58,43.2,-44.37,1.227,47.5,70,0.5401,1,1
NEU-500529,TreatmentA,B03,81.33,-46.98,357.3,15.63,127.8,-45.0,1.469,37.0,87,0.4086,0,0
NEU-500862,TreatmentA,B03,92.42,-66.65,286.7,12.42,36.3,-40.56,1.031,51.1,88,0.6389,1,1
NEU-501669,TreatmentB,B02,91.64,-66.33,91.9,14.64,94.9,-50.95,0.794,48.9,97,0.548,1,1
NEU-505081,TreatmentA,B03,103.22,-61.25,185.6,14.08,82.7,-41.99,1.172,52.0,83,0.4357,1,1
NEU-507996,Control,B03,78.32,-61.44,184.6,15.3,154.8,-40.0,0.7,30.2,88,0.2843,0,0
NEU-507201,TreatmentB,B01,108.27,-60.29,259.1,16.42,84.2,-41.3,0.674,61.7,83,0.513,1,1
NEU-503003,Control,B03,101.4,-53.33,144.8,17.81,97.9,-47.36,0.765,44.6,93,0.2683,1,0
NEU-508942,Control,B03,133.38,-62.59,238.4,11.13,95.7,-47.43,1.328,44.5,92,0.7132,0,0
NEU-509066,TreatmentB,B02,97.45,-60.05,101.2,17.95,69.0,-40.37,1.262,62.9,79,0.5823,1,1
NEU-501374,TreatmentB,B02,98.6,-65.95,289.1,7.49,53.6,-45.2,1.304,78.8,107,0.3071,1,1
NEU-501794,Control,B01,86.5,-69.81,199.4,11.72,109.0,-42.56,1.055,40.8,79,0.4699,0,0
NEU-503972,Control,B02,97.23,-65.5,166.2,10.43,72.6,-39.52,1.125,56.9,87,0.4239,0,1
NEU-501295,Control,B01,110.9,-59.59,487.5,20.31,96.7,-40.09,1.771,47.5,101,0.2297,0,0
NEU-503206,Control,B02,97.38,-62.54,147.6,8.92,27.9,-44.5,0.878,51.4,91,0.626,1,0
NEU-502696,Control,B03,104.92,-63.71,125.8,11.18,82.3,-38.77,1.284,37.8,91,0.6699,1,0
NEU-504916,TreatmentA,B03,110.19,-78.01,187.6,21.75,95.1,-42.99,1.389,60.3,83,0.5339,1,0
NEU-500941,TreatmentB,B01,94.18,-75.22,234.0,11.43,131.1,-40.72,1.081,52.7,84,0.0988,0,0
NEU-505218,Control,B02,90.28,-76.97,65.9,6.96,81.8,-41.09,1.421,63.5,83,0.6918,1,0
NEU-509826,TreatmentA,B03,90.73,-57.2,205.6,11.43,50.9,-38.36,0.598,73.7,78,0.6522,1,0
NEU-501117,Control,B03,104.16,-67.0,83.5,15.9,140.1,-45.52,1.336,39.3,88,0.4314,1,1
NEU-501625,TreatmentA,B02,109.83,-77.2,255.8,12.8,135.9,-38.12,0.971,43.2,98,0.4352,0,0
NEU-501397,TreatmentA,B03,103.81,-65.69,81.2,19.24,168.3,-42.59,0.813,43.0,73,0.4406,0,1
NEU-503130,TreatmentB,B01,87.43,-69.14,193.0,14.39,70.4,-42.67,2.078,70.3,98,0.4105,1,1
NEU-500727,TreatmentA,B03,99.18,-64.53,119.1,10.74,4.7,-40.06,1.281,52.2,87,0.599,1,0
NEU-503256,TreatmentB,B03,115.19,-60.33,214.4,12.94,70.7,-42.58,1.569,69.9,76,0.3409,1,1
NEU-508964,Control,B03,94.72,-64.35,80.7,11.51,117.0,-33.65,1.389,28.8,80,0.6149,0,1
NEU-507254,Control,B01,90.01,-67.59,426.7,8.59,75.5,-42.69,0.899,44.3,92,0.5855,0,0
NEU-502783,TreatmentA,B03,137.83,-65.55,126.7,17.23,108.6,-39.02,1.261,42.6,74,0.2665,1,0
NEU-501037,TreatmentA,B02,104.51,-55.32,178.9,9.64,160.0,-39.74,1.463,18.3,77,0.3244,0,0
NEU-505741,TreatmentB,B02,92.78,-67.65,144.4,10.97,71.8,-33.97,1.07,62.8,87,0.3127,1,0
NEU-501995,TreatmentB,B01,121.25,-73.94,135.3,19.13,67.2,-47.36,1.158,49.0,102,0.5637,1,0
NEU-503215,TreatmentA,B01,114.31,-58.59,235.9,18.49,62.7,-35.4,0.884,48.3,87,0.4679,0,1
NEU-506914,Control,B03,104.25,-74.16,144.0,6.11,130.3,-39.98,1.321,45.2,88,0.4208,0,0
NEU-509624,TreatmentA,B02,123.85,-62.9,207.3,8.52,239.0,-43.62,1.078,45.6,81,0.391,1,0
NEU-506458,TreatmentB,B03,136.85,-64.1,72.7,16.9,44.6,-47.31,1.105,78.5,72,0.23,1,1
NEU-502114,TreatmentA,B01,92.9,-65.93,91.5,49.46,143.5,-39.82,1.299,68.2,82,0.3849,1,1
NEU-506464,TreatmentB,B01,69.51,-69.7,119.1,35.07,108.5,-42.46,1.926,57.9,75,0.2888,1,0
NEU-503087,TreatmentA,B01,102.28,-69.36,132.5,19.53,93.9,-51.87,1.343,61.2,95,0.2673,1,0
NEU-500738,Control,B03,112.18,-66.03,109.1,11.29,141.9,-41.18,0.892,25.9,90,0.2141,0,1
NEU-506681,Control,B02,119.51,-70.15,223.0,13.18,83.7,-47.27,1.187,59.5,85,0.4529,1,1
NEU-502297,TreatmentB,B03,112.21,-67.2,211.2,11.8,51.4,-34.23,1.193,57.6,63,0.431,0,1
NEU-506283,TreatmentB,B02,69.67,-77.39,142.5,15.7,91.8,-38.3,1.331,62.4,81,0.7439,0,0
NEU-508994,TreatmentB,B02,83.16,-66.1,290.0,11.38,57.8,-46.74,1.707,53.8,95,0.4081,0,1
NEU-504687,Control,B02,127.93,-63.4,239.0,11.4,125.8,-36.74,0.911,49.5,88,0.2727,0,0
NEU-503464,TreatmentB,B03,122.46,-61.09,232.9,19.51,19.3,-42.01,1.547,54.7,96,0.7198,1,1
NEU-508319,TreatmentB,B03,94.93,-69.45,197.5,9.8,77.7,-43.92,0.996,73.2,78,0.3531,1,1
NEU-507947,TreatmentB,B03,103.31,-72.89,287.2,8.22,115.7,-35.74,0.94,69.2,79,0.3051,0,0
NEU-502996,TreatmentB,B03,96.73,-68.33,145.3,17.53,58.7,-38.2,0.87,69.0,88,0.2196,1,1
NEU-509753,TreatmentB,B02,106.2,-61.55,218.1,12.57,62.0,-36.21,0.968,63.7,84,0.2309,1,1
NEU-500166,TreatmentB,B01,101.85,-57.88,500.5,9.4,45.6,-44.16,1.078,38.6,77,0.2397,0,1
NEU-506033,TreatmentA,B01,121.11,-62.7,161.2,18.74,59.1,-39.11,1.456,87.6,78,0.2127,1,0
NEU-504294,Control,B02,106.77,-62.97,133.5,23.17,43.0,-47.04,0.672,60.0,88,0.2772,1,0
NEU-509632,TreatmentB,B01,90.63,-67.44,213.9,12.11,70.1,-34.16,1.135,28.9,103,0.3531,0,1
NEU-500613,Control,B02,95.96,-69.68,179.0,12.76,95.7,-44.8,0.98,39.2,75,0.3251,0,0
NEU-507780,Control,B01,100.57,-55.25,140.8,20.11,66.6,-47.26,1.109,37.9,75,0.2412,1,0
NEU-509773,Control,B03,107.46,-66.04,202.3,13.76,123.3,-34.79,0.995,25.8,76,0.3668,0,1
NEU-501450,Control,B02,72.5,-66.11,353.7,17.14,132.1,-39.35,0.986,53.5,91,0.5705,0,1
NEU-509969,Control,B01,127.05,-58.67,153.0,22.38,36.8,-46.52,1.251,53.1,77,0.641,1,1
NEU-500381,TreatmentB,B01,104.52,-67.17,259.7,6.87,156.1,-44.11,1.063,39.2,89,0.4603,0,0
NEU-507131,Control,B02,96.23,-79.15,122.2,5.52,83.8,-35.03,0.985,37.6,99,0.3894,1,0
NEU-500841,TreatmentA,B03,98.66,-62.82,314.3,17.74,151.5,-46.71,1.127,60.8,80,0.542,1,1
NEU-504841,TreatmentA,B02,111.95,-64.32,94.4,16.85,114.7,-38.28,1.615,53.8,91,0.3839,1,1
NEU-509755,Control,B03,83.13,-66.38,257.4,21.34,102.7,-42.59,1.114,40.0,84,0.5953,0,1
NEU-509276,TreatmentB,B03,99.03,-65.55,462.7,12.98,70.4,-49.49,0.882,65.0,83,0.6871,0,1
NEU-501836,Control,B03,91.04,-65.58,449.8,16.14,174.1,-39.65,1.89,50.8,83,0.2721,1,0
NEU-500158,TreatmentB,B02,98.42,-55.79,251.6,14.76,89.7,-45.85,0.891,52.1,88,0.2495,1,0
NEU-502173,Control,B01,92.73,-57.83,281.7,17.75,152.4,-40.21,1.316,40.6,97,0.2921,0,0
NEU-508148,TreatmentB,B03,87.92,-63.82,146.0,8.82,24.9,-38.14,1.643,63.1,79,0.6014,1,1
NEU-509220,Control,B02,100.65,-59.51,108.5,16.75,62.1,-43.04,1.518,53.6,75,0.6421,1,1
NEU-504761,Control,B02,116.57,-70.4,85.3,18.99,171.9,-39.65,1.454,60.3,96,0.2207,1,0
NEU-505566,TreatmentA,B03,100.47,-65.22,93.5,17.57,43.3,-34.6,1.119,25.3,88,0.4786,0,1
NEU-506665,Control,B03,88.56,-65.0,126.8,13.09,109.5,-35.4,1.257,27.8,82,0.5974,1,1
NEU-503023,TreatmentB,B02,90.72,-61.14,157.9,12.08,120.3,-45.56,1.223,69.0,84,0.3897,1,0
NEU-504079,TreatmentB,B02,119.71,-68.94,258.5,9.83,86.3,-44.82,1.048,80.5,80,0.3666,1,0
NEU-508615,TreatmentB,B02,89.35,-59.14,103.3,16.87,69.9,-42.76,0.665,63.2,82,0.5777,1,0
NEU-501996,TreatmentB,B02,117.01,-61.13,294.0,15.67,50.6,-40.35,1.633,67.2,98,0.4675,1,1
NEU-505431,TreatmentA,B02,107.61,-57.33,115.5,9.67,111.4,-48.56,1.044,46.7,91,0.2862,0,0
NEU-500496,Control,B01,105.09,-57.16,131.8,9.33,147.5,-42.72,0.759,39.6,83,0.4083,0,0
NEU-505695,TreatmentB,B01,94.1,-65.99,205.0,12.94,15.0,-46.67,0.994,60.9,75,0.4581,1,1
NEU-505628,TreatmentB,B02,122.01,-66.92,170.4,16.54,95.6,-39.89,2.353,82.1,87,0.172,1,1
NEU-509458,TreatmentA,B02,109.69,-62.97,270.2,11.74,80.9,-43.65,0.71,51.9,84,0.4902,0,1
NEU-505618,TreatmentB,B02,104.4,-64.88,252.4,13.17,75.4,-39.01,0.937,80.4,91,0.4494,1,1
NEU-504520,TreatmentA,B03,64.21,-73.61,127.4,9.77,86.0,-38.96,1.323,67.0,91,0.0937,1,1
NEU-507351,TreatmentB,B03,130.8,-66.05,224.7,14.78,77.2,-42.6,0.822,74.9,93,0.4762,1,1
NEU-507926,TreatmentB,B01,113.01,-60.61,213.6,8.21,75.6,-41.92,0.575,59.9,91,0.4939,0,0
NEU-501028,Control,B02,107.63,-58.81,158.2,28.82,111.6,-45.88,0.729,53.0,89,0.5184,0,1
NEU-508462,TreatmentA,B01,124.34,-67.26,106.8,8.07,80.7,-39.15,2.401,25.5,74,0.4466,1,0
NEU-500483,TreatmentB,B02,96.92,-55.43,108.6,10.71,81.2,-41.06,1.023,47.4,89,0.555,0,1
NEU-501645,Control,B02,68.05,-62.08,193.8,8.08,184.8,-40.79,0.619,56.7,104,0.3213,0,0
NEU-500750,TreatmentB,B02,96.7,-68.09,129.1,8.93,90.4,-46.49,0.684,62.3,86,0.4825,1,0
NEU-505100,TreatmentA,B02,88.68,-65.21,83.6,19.46,85.7,-42.0,0.943,67.1,73,0.5217,1,1
NEU-506142,TreatmentA,B02,118.59,-63.51,299.1,7.09,83.4,-37.25,0.784,53.2,82,0.3677,0,0
NEU-502081,TreatmentB,B02,93.96,-61.37,76.1,23.7,74.2,-45.47,0.832,65.0,89,0.2167,1,0
NEU-505497,TreatmentA,B02,91.94,-64.89,145.3,10.62,72.1,-38.08,1.648,30.8,75,0.3741,0,0
NEU-509686,TreatmentB,B02,120.53,-62.54,219.7,12.79,90.5,-42.87,1.491,67.7,86,0.2729,1,1
NEU-508726,Control,B02,141.02,-65.25,208.4,32.49,167.8,-42.19,1.118,48.1,80,0.2272,1,0
NEU-508310,Control,B03,101.43,-66.42,191.5,5.39,127.0,-47.12,1.112,33.2,87,0.1886,0,1
NEU-500964,TreatmentB,B02,98.41,-58.08,81.4,12.28,91.2,-36.83,1.065,64.9,98,0.4554,0,0
NEU-505128,TreatmentA,B01,111.19,-66.75,256.7,16.93,93.2,-38.19,0.689,42.6,91,0.2963,0,1
NEU-507119,Control,B03,118.61,-68.22,140.7,14.18,117.7,-38.72,1.235,30.9,100,0.367,0,1
NEU-504002,Control,B02,139.62,-57.45,279.5,12.97,171.9,-43.73,0.817,43.0,93,0.204,0,0
NEU-506435,TreatmentB,B02,107.72,-62.4,165.0,12.61,77.1,-43.63,0.807,62.0,88,0.8713,1,1
NEU-509297,TreatmentB,B01,96.11,-66.3,190.1,16.18,65.8,-40.39,1.26,57.8,78,0.1088,0,1
NEU-503605,Control,B01,107.13,-63.59,195.5,17.22,84.4,-41.24,1.274,29.6,78,0.2936,0,1
NEU-506675,TreatmentB,B01,95.4,-54.85,180.9,13.37,49.0,-49.4,1.074,101.9,84,0.5495,1,0
NEU-503076,TreatmentA,B01,95.4,-62.13,262.9,9.01,110.0,-49.72,0.753,47.3,85,0.312,0,1
NEU-500134,Control,B01,93.9,-53.98,396.4,13.07,71.6,-39.21,1.024,30.8,94,0.4334,0,0
NEU-508063,Control,B01,110.12,-64.46,191.5,10.39,63.8,-41.43,0.725,47.5,82,0.2851,0,1
NEU-501596,Control,B01,135.08,-61.03,93.2,10.56,43.9,-41.02,1.321,57.1,91,0.5979,1,0
NEU-504815,TreatmentB,B01,105.98,-59.7,193.6,24.01,74.7,-48.51,0.701,71.3,90,0.2824,1,0
NEU-509182,Control,B02,70.19,-65.55,177.8,16.86,136.4,-43.69,1.233,56.6,101,0.324,1,0
NEU-507382,Control,B02,106.48,-70.91,234.4,22.8,115.6,-45.1,1.329,54.8,89,0.4283,1,1
NEU-508749,Control,B01,72.01,-68.11,148.8,9.63,148.1,-43.49,0.848,32.0,91,0.548,0,0
NEU-506163,Control,B02,126.61,-64.42,146.8,18.46,76.5,-46.04,1.033,37.4,80,0.3826,1,1
NEU-504287,Control,B01,135.02,-71.52,381.7,28.79,85.1,-43.29,0.635,46.0,83,0.1743,1,0
NEU-507373,TreatmentA,B02,112.48,-61.11,128.4,16.29,45.3,-40.48,1.399,63.6,78,0.5309,1,1
NEU-500432,TreatmentA,B01,80.16,-69.91,305.6,18.26,114.6,-40.91,1.27,57.6,96,0.2242,0,0
NEU-506994,Control,B03,139.72,-72.23,381.6,24.62,52.6,-38.47,1.024,33.7,97,0.5932,0,1
NEU-502000,TreatmentB,B01,83.77,-63.54,253.4,12.16,86.9,-37.52,1.137,54.2,83,0.3524,0,1
NEU-508470,TreatmentB,B02,118.44,-53.04,209.5,11.96,8.4,-44.77,1.315,59.1,95,0.3362,1,0
NEU-502026,TreatmentB,B01,78.7,-64.11,113.3,21.86,73.2,-43.03,0.724,65.0,92,0.3216,1,1
NEU-500918,TreatmentA,B02,77.93,-77.97,203.0,7.75,110.0,-40.92,0.736,48.9,93,0.7629,0,0
NEU-504658,Control,B03,97.19,-69.42,270.5,12.88,148.1,-41.46,0.911,45.7,82,0.1935,0,1
NEU-502030,Control,B01,87.29,-65.7,133.3,7.03,144.3,-41.68,1.485,32.5,68,0.4639,1,0
NEU-503899,TreatmentA,B01,103.26,-66.17,184.6,17.94,83.6,-45.43,1.138,39.4,90,0.2325,0,0
NEU-500988,TreatmentB,B02,94.76,-74.54,406.0,15.18,31.9,-44.78,1.491,51.4,86,0.2755,0,0
NEU-505046,TreatmentB,B03,108.32,-68.44,359.2,10.77,36.1,-42.91,2.081,67.1,72,0.5286,1,0
NEU-508758,TreatmentB,B01,108.03,-60.39,304.2,11.52,83.4,-39.01,0.721,80.9,72,0.5218,0,0
NEU-504265,TreatmentB,B03,86.08,-72.46,193.6,8.48,105.4,-43.15,0.647,67.6,89,0.3049,0,1
NEU-502527,Control,B01,82.42,-60.28,116.1,14.22,86.7,-46.18,1.204,42.2,117,0.3878,0,0
NEU-502289,Control,B02,107.33,-61.78,71.9,19.71,166.9,-39.95,0.976,33.6,85,0.2913,1,0
NEU-500345,Control,B03,99.7,-70.2,294.8,14.44,126.5,-33.39,0.973,50.9,92,0.3626,0,1
NEU-509210,TreatmentB,B03,92.29,-60.56,344.5,8.94,88.4,-39.02,1.38,56.8,84,0.4461,1,0
NEU-509552,TreatmentA,B03,106.69,-68.34,251.1,13.45,108.6,-48.6,0.816,48.5,82,0.1967,0,1
NEU-504276,TreatmentA,B03,97.51,-70.41,153.0,9.81,68.8,-43.55,1.428,42.8,78,0.1063,0,1
NEU-509109,Control,B02,57.38,-69.52,144.7,11.66,149.9,-35.57,1.553,39.1,82,0.2672,0,1
NEU-502853,TreatmentB,B02,106.37,-61.44,199.0,15.17,59.8,-43.91,1.196,64.9,91,0.5911,0,1
NEU-503996,TreatmentA,B01,117.11,-54.95,189.7,18.82,76.8,-45.21,1.274,40.1,71,0.6449,0,0
NEU-501679,TreatmentB,B03,91.38,-64.6,71.5,24.2,102.8,-41.15,1.074,55.1,77,0.3218,1,0
NEU-505852,TreatmentA,B02,80.3,-68.69,225.1,19.31,81.0,-46.44,1.621,66.7,76,0.5055,1,1
NEU-508236,TreatmentB,B02,93.62,-65.13,209.7,11.19,113.8,-40.98,1.182,43.0,80,0.3866,0,1
NEU-507436,Control,B01,92.43,-67.54,135.4,3.84,109.2,-33.33,0.868,33.8,82,0.1198,0,1
NEU-501561,TreatmentA,B01,99.9,-73.83,149.9,15.85,56.9,-38.2,1.316,57.6,68,0.4328,1,0
NEU-501080,Control,B01,100.64,-62.34,130.2,7.15,135.3,-47.79,0.689,62.1,91,0.2208,1,1
NEU-509666,TreatmentB,B02,66.7,-71.7,127.6,23.49,97.5,-46.12,1.407,87.0,102,0.7288,1,1
NEU-502344,TreatmentA,B01,95.53,-70.49,127.5,10.02,66.0,-39.76,1.358,64.7,80,0.4243,1,0
NEU-506336,Control,B03,108.1,-69.55,310.1,19.0,118.7,-54.08,1.173,37.7,100,0.2127,0,0
NEU-509979,TreatmentA,B02,134.98,-67.35,190.8,9.61,57.3,-35.21,0.914,47.3,93,0.2893,0,1
NEU-500812,Control,B03,108.19,-61.85,134.9,17.51,142.3,-40.69,1.248,72.2,89,0.2239,1,0
NEU-502526,Control,B02,72.6,-73.02,215.4,9.58,156.2,-39.32,1.907,67.3,87,0.2682,1,1
NEU-503079,TreatmentA,B01,96.1,-77.45,118.4,7.91,132.1,-44.61,1.468,76.6,92,0.5988,1,0
NEU-501277,TreatmentB,B02,107.23,-70.01,251.9,21.65,127.9,-37.04,1.866,67.4,89,0.3617,1,0
NEU-509667,TreatmentA,B03,80.7,-64.51,91.2,18.81,23.3,-38.3,0.868,83.7,81,0.2404,1,0
NEU-500007,TreatmentA,B02,100.98,-70.38,167.9,14.72,117.5,-37.79,0.781,45.6,84,0.3922,0,0
NEU-507811,TreatmentB,B02,98.41,-63.68,173.8,15.48,69.6,-40.51,0.957,69.9,73,0.2189,1,1
NEU-508436,TreatmentA,B03,87.69,-62.4,134.9,22.25,131.1,-46.48,0.596,40.2,81,0.3066,0,1
NEU-506250,TreatmentB,B02,92.45,-60.15,237.5,9.42,91.5,-42.82,1.015,64.7,94,0.3633,1,1
NEU-508521,TreatmentA,B02,123.31,-67.59,228.2,4.18,93.5,-44.5,1.115,38.7,102,0.6319,0,0
NEU-500012,Control,B02,91.94,-71.07,240.1,8.17,124.0,-36.55,1.518,35.0,92,0.3745,0,0
NEU-502848,Control,B03,58.61,-69.39,74.7,14.77,141.9,-36.48,1.046,37.9,88,0.2721,1,1
NEU-505138,Control,B03,142.29,-68.56,153.3,17.49,59.4,-45.4,0.733,58.0,102,0.2909,1,0
NEU-506272,Control,B02,73.04,-73.02,114.3,32.84,83.2,-38.65,1.423,46.5,76,0.2962,1,0
NEU-503007,TreatmentB,B03,108.23,-66.73,131.8,15.54,48.9,-37.05,0.846,40.5,92,0.839,0,1
NEU-504047,TreatmentA,B03,110.81,-63.39,207.6,19.22,105.6,-46.92,0.825,54.9,77,0.3347,0,1
NEU-506737,TreatmentA,B01,86.29,-66.76,183.5,12.79,131.3,-43.98,1.036,62.8,82,0.7894,1,0
NEU-509554,TreatmentB,B03,93.86,-65.51,180.5,19.01,46.8,-43.07,0.935,75.3,90,0.3804,1,1
NEU-504871,Control,B03,114.26,-61.99,162.7,18.13,109.2,-41.07,1.401,17.5,80,0.3138,0,0
NEU-506441,TreatmentA,B02,90.11,-73.94,86.1,21.7,62.4,-40.27,1.745,67.0,79,0.3581,1,0
NEU-501319,TreatmentB,B01,109.96,-61.8,127.0,26.13,76.5,-38.18,1.376,55.9,102,0.5504,0,1
NEU-503699,TreatmentA,B03,105.85,-66.83,342.9,13.54,121.4,-46.51,0.937,58.5,75,0.6583,0,1
NEU-505133,TreatmentA,B02,108.21,-60.45,212.3,11.27,76.7,-44.15,1.241,63.5,81,0.3273,1,1
NEU-507739,TreatmentB,B01,105.76,-61.93,138.2,10.06,14.6,-36.41,1.293,69.9,95,0.5594,1,0
NEU-504512,TreatmentB,B02,100.46,-71.57,88.7,25.69,86.4,-36.74,0.826,73.9,78,0.6186,1,1
NEU-508800,Control,B02,115.35,-72.59,156.7,19.73,170.0,-41.75,0.885,30.0,78,0.1776,0,0
NEU-505956,Control,B03,95.36,-60.97,143.2,6.29,123.3,-36.87,0.81,50.2,93,0.2554,0,1
NEU-504199,Control,B01,103.52,-69.79,133.0,13.72,112.5,-40.3,0.721,34.6,77,0.3268,0,0
NEU-506429,Control,B02,119.88,-75.79,204.5,14.23,100.3,-46.24,1.49,50.3,87,0.4551,0,0
NEU-506758,TreatmentB,B02,105.15,-62.62,176.4,23.08,70.9,-45.1,0.866,49.7,73,0.3763,0,1
NEU-501419,Control,B03,97.7,-57.9,241.9,18.41,242.2,-41.8,2.032,42.7,72,0.2786,1,0
NEU-507473,TreatmentA,B02,96.26,-67.58,186.8,21.59,100.6,-37.91,1.025,68.3,93,0.2312,1,0
NEU-504577,TreatmentA,B02,120.54,-56.46,422.0,12.34,119.1,-38.37,1.174,66.8,94,0.6646,0,0
NEU-502442,TreatmentA,B02,93.89,-58.78,196.3,17.13,103.1,-44.09,0.938,59.8,79,0.549,0,0
NEU-504679,TreatmentB,B01,84.14,-69.24,178.8,14.36,24.1,-41.55,0.895,71.2,91,0.3573,1,0
NEU-505435,Control,B01,95.27,-71.84,117.9,14.76,178.7,-41.01,1.417,16.3,88,0.3548,0,0
NEU-505504,TreatmentA,B01,88.99,-56.67,249.2,5.71,117.6,-46.09,1.102,39.8,80,0.3861,0,0
NEU-509531,TreatmentB,B01,98.99,-63.19,120.3,8.89,10.4,-38.77,1.139,100.3,81,0.3764,1,1
NEU-507276,TreatmentA,B01,115.62,-61.47,259.3,24.43,106.5,-42.06,1.488,63.1,104,0.3508,1,0
NEU-500754,Control,B03,103.95,-68.05,267.5,10.42,85.6,-36.45,1.062,14.4,99,0.434,0,1
NEU-504234,Control,B01,87.77,-69.95,197.7,24.09,105.6,-34.38,1.529,54.1,79,0.4111,1,1
NEU-506964,TreatmentA,B02,100.73,-64.95,357.7,13.76,104.7,-45.22,0.992,73.0,83,0.2221,0,1
NEU-506749,TreatmentA,B01,92.43,-61.82,231.1,13.44,81.8,-49.77,1.033,52.1,88,0.3043,0,1
NEU-502064,TreatmentA,B03,94.34,-61.94,218.0,16.6,187.4,-37.09,0.669,46.6,96,0.4404,1,0
NEU-500128,TreatmentA,B02,119.09,-62.58,189.2,7.62,92.2,-51.14,2.014,62.9,74,0.4749,1,1
NEU-507834,Control,B02,69.8,-66.37,78.1,15.85,133.2,-47.87,1.002,38.0,92,0.2849,1,1
NEU-508770,TreatmentA,B03,128.19,-68.07,118.3,7.95,95.3,-50.32,1.124,55.7,93,0.3564,0,0
NEU-507112,TreatmentB,B03,87.29,-76.33,286.5,15.49,54.0,-40.81,0.948,69.4,98,0.3311,1,0
NEU-508585,Control,B02,109.23,-63.71,234.5,12.08,137.3,-43.77,0.798,70.9,91,0.5623,0,1
NEU-502041,Control,B01,94.63,-63.13,130.2,15.95,84.8,-41.88,0.833,22.9,80,0.4829,0,1
NEU-508215,TreatmentA,B01,97.99,-70.18,82.7,8.95,114.5,-48.08,1.243,43.0,89,0.2846,1,1
NEU-502454,TreatmentA,B03,94.1,-56.56,142.9,11.88,177.2,-39.38,0.985,46.5,84,0.3696,1,0
NEU-505636,TreatmentB,B02,73.23,-55.03,452.3,23.33,50.7,-43.41,1.589,76.1,72,0.374,0,0
NEU-501924,TreatmentA,B03,80.16,-64.37,241.1,17.87,86.5,-45.85,1.329,63.1,87,0.2432,1,1
NEU-500339,TreatmentB,B02,92.86,-60.95,88.5,11.4,81.5,-51.79,0.602,84.7,96,0.343,0,1
NEU-501638,TreatmentB,B02,109.82,-70.52,227.9,21.59,28.3,-45.74,1.264,56.0,88,0.311,1,0
NEU-503508,Control,B02,85.94,-64.29,252.6,18.66,61.3,-40.11,0.695,16.7,94,0.5052,0,1
NEU-508613,TreatmentA,B01,105.89,-61.84,172.8,7.5,84.2,-44.05,1.175,55.6,83,0.5616,1,0
NEU-500780,TreatmentB,B02,95.95,-68.68,82.9,16.79,67.9,-44.1,1.151,87.9,86,0.2628,1,1
NEU-505972,TreatmentB,B02,87.03,-63.08,279.5,9.93,78.2,-45.39,1.156,54.0,87,0.2626,0,1
NEU-503471,TreatmentB,B03,90.88,-75.94,360.3,17.94,96.3,-37.4,1.464,93.5,92,0.2488,1,0
NEU-501226,Control,B03,88.01,-67.67,137.5,19.49,88.1,-35.59,0.985,55.8,77,0.2268,0,0
NEU-505856,TreatmentB,B01,109.06,-66.82,221.9,5.04,56.0,-38.15,1.193,81.7,93,0.3739,1,1
NEU-503401,Control,B03,89.49,-61.54,263.6,8.77,82.7,-39.0,0.755,65.7,68,0.4419,0,0
NEU-504620,TreatmentA,B01,105.27,-74.53,214.0,16.8,120.0,-45.97,1.231,49.1,73,0.6062,0,0
NEU-509493,Control,B02,124.34,-58.89,99.3,10.48,104.9,-38.99,1.113,56.8,80,0.5043,1,0
NEU-500171,TreatmentA,B03,79.72,-57.8,96.5,23.12,113.8,-39.94,0.844,43.6,81,0.5702,1,1
NEU-507907,Control,B02,118.2,-60.02,164.7,12.56,167.4,-51.14,0.802,22.8,99,0.0845,0,1
NEU-501837,TreatmentA,B03,80.45,-68.56,111.6,6.84,193.6,-39.71,1.2,36.7,94,0.436,1,0
NEU-503776,Control,B03,121.58,-66.78,312.3,10.66,128.4,-45.25,1.053,53.2,84,0.2434,0,1
NEU-501985,TreatmentA,B01,104.12,-68.53,46.7,10.2,117.5,-36.4,0.598,25.9,78,0.3795,0,1
NEU-508434,Control,B01,94.98,-61.74,166.0,24.55,44.4,-47.57,0.9,71.0,80,0.2797,1,0
NEU-508483,Control,B01,100.96,-68.36,154.3,28.87,67.3,-32.18,1.646,23.5,79,0.699,1,1
NEU-506303,TreatmentB,B02,76.67,-66.34,125.1,17.8,139.6,-41.31,2.123,64.7,83,0.3993,1,0
NEU-508248,TreatmentB,B01,136.89,-72.62,193.9,15.74,47.4,-43.87,0.714,71.8,80,0.6656,1,1
NEU-506203,TreatmentB,B03,85.76,-71.17,221.9,13.85,136.6,-39.23,0.635,35.9,83,0.3706,0,0
NEU-502428,TreatmentA,B01,115.99,-70.11,217.1,20.25,93.3,-42.7,1.153,60.7,85,0.3499,1,0
NEU-502757,TreatmentA,B03,87.31,-62.72,119.5,18.36,162.8,-43.35,1.315,45.7,98,0.4994,1,1
NEU-502251,Control,B01,114.58,-72.74,92.8,13.98,152.5,-39.14,1.25,40.3,101,0.5036,1,0
NEU-501964,Control,B01,63.37,-58.13,165.6,16.87,199.1,-41.2,1.077,55.1,90,0.6307,1,1
NEU-506689,TreatmentB,B01,119.47,-73.58,197.6,26.6,90.0,-45.71,0.843,78.8,70,0.2223,1,0
NEU-505935,TreatmentA,B03,73.17,-66.8,243.7,18.24,99.5,-39.37,0.991,47.7,93,0.4686,1,1
NEU-504850,TreatmentB,B02,123.84,-61.97,92.4,11.04,30.2,-38.21,0.648,63.2,82,0.388,1,1
NEU-509042,TreatmentB,B03,89.89,-70.02,167.8,10.7,4.0,-48.55,0.981,84.5,81,0.3594,0,0
NEU-500774,TreatmentB,B01,89.27,-68.38,150.9,13.78,66.0,-44.67,0.822,46.7,103,0.254,0,1
NEU-503577,TreatmentA,B01,93.04,-51.42,266.7,14.24,81.9,-45.72,0.581,46.3,89,0.1357,0,0
NEU-500654,TreatmentB,B02,87.11,-63.0,354.0,12.72,49.7,-45.14,0.578,50.6,77,0.6741,0,0
NEU-503943,TreatmentB,B03,88.84,-64.63,235.4,15.33,41.7,-34.97,1.451,65.0,74,0.5962,1,1
NEU-502994,Control,B03,123.04,-67.78,195.0,21.02,162.3,-50.39,0.662,49.0,88,0.5907,0,1
NEU-507348,Control,B01,127.99,-67.28,233.3,16.91,119.6,-35.43,1.217,47.9,92,0.618,0,1
NEU-503883,TreatmentB,B03,91.93,-68.13,115.9,15.61,87.6,-42.15,0.677,71.2,74,0.384,0,1
NEU-500104,TreatmentA,B02,81.56,-59.12,250.4,18.51,125.9,-37.41,0.722,58.3,88,0.4186,0,0
NEU-505338,TreatmentA,B03,115.82,-60.43,174.7,7.75,129.4,-46.27,1.216,60.6,93,0.4229,1,0
NEU-505888,TreatmentA,B03,96.82,-59.15,260.6,11.43,118.7,-50.11,1.046,74.6,92,0.374,1,0
NEU-508329,TreatmentA,B03,95.17,-65.76,288.8,14.3,106.5,-44.01,1.768,49.3,91,0.2775,0,1
NEU-502883,TreatmentA,B01,86.26,-63.49,74.6,13.37,56.2,-43.8,1.209,40.8,84,0.307,0,0
NEU-505548,TreatmentA,B02,88.25,-59.75,76.0,23.05,29.0,-41.02,0.571,40.1,101,0.5207,1,1
NEU-508245,TreatmentA,B02,106.65,-64.35,143.1,27.3,139.1,-43.95,1.064,53.2,93,0.6478,0,1
NEU-506786,Control,B01,86.78,-69.21,144.5,24.58,172.0,-44.53,1.318,16.2,82,0.4008,0,1
NEU-505414,TreatmentA,B01,87.69,-68.89,285.7,25.91,52.2,-39.63,0.807,43.6,83,0.4088,0,1
NEU-507751,Control,B03,100.52,-60.66,135.1,12.58,147.3,-44.71,1.032,40.3,92,0.328,0,1
NEU-508765,TreatmentA,B02,100.07,-61.59,270.1,16.03,165.3,-39.82,0.686,58.5,88,0.4981,0,0
NEU-502113,Control,B01,88.28,-55.01,151.1,6.86,82.1,-36.09,0.816,20.3,96,0.4689,0,0
NEU-501034,TreatmentB,B03,117.47,-56.55,110.6,21.23,115.7,-44.48,0.834,48.8,80,0.3653,0,0
NEU-509492,TreatmentB,B03,103.79,-75.76,165.9,6.69,165.7,-44.18,1.696,65.9,82,0.2937,1,1
NEU-503457,TreatmentA,B01,79.11,-63.75,313.5,19.09,86.2,-42.65,0.973,65.0,94,0.3976,0,0
NEU-509054,TreatmentB,B03,126.14,-77.32,430.5,16.53,127.9,-42.32,1.086,78.7,70,0.3772,0,0
NEU-504246,Control,B03,101.82,-59.81,523.2,21.25,115.2,-42.68,0.971,39.4,88,0.4317,0,0
NEU-506643,TreatmentB,B03,115.21,-73.51,215.3,27.64,67.0,-37.89,0.804,66.7,79,0.3882,0,0
NEU-508000,Control,B01,104.07,-59.76,299.0,8.2,147.9,-40.45,1.649,62.5,86,0.4193,1,0
NEU-500003,Control,B03,88.22,-57.36,133.4,18.38,117.1,-39.86,0.667,59.1,83,0.5895,1,0
NEU-507058,TreatmentB,B01,83.58,-61.57,230.3,25.16,29.9,-38.14,0.981,77.3,78,0.4998,1,0
NEU-506213,Control,B02,83.33,-53.77,145.3,23.42,66.5,-48.3,0.864,29.0,65,0.4749,0,0
NEU-501453,TreatmentA,B01,85.51,-61.27,110.2,21.33,95.1,-35.51,1.08,44.2,64,0.1156,0,0
NEU-504097,TreatmentB,B01,130.5,-65.38,201.9,14.18,107.4,-49.66,0.785,70.5,91,0.5093,0,1
NEU-501094,TreatmentA,B01,94.82,-60.86,72.4,14.42,83.2,-44.09,1.406,73.9,91,0.53,1,1
NEU-503477,TreatmentB,B01,103.5,-61.26,120.7,27.56,31.5,-43.01,1.325,55.4,77,0.7297,1,1
NEU-507563,Control,B02,123.32,-60.38,127.1,16.72,110.6,-42.51,0.74,59.6,79,0.5324,1,1
NEU-504219,TreatmentB,B03,102.24,-65.82,103.5,10.7,32.0,-36.6,1.033,64.2,96,0.4589,1,1
NEU-507157,Control,B02,101.55,-73.2,175.5,14.35,126.5,-35.88,0.964,40.6,99,0.4952,0,0
NEU-502953,TreatmentB,B01,81.01,-65.24,183.2,10.79,117.7,-43.17,1.027,61.8,80,0.6012,1,0
NEU-504929,Control,B01,75.17,-67.2,106.6,15.64,110.1,-40.92,1.287,36.7,81,0.4933,1,1
NEU-508941,TreatmentA,B02,74.47,-51.31,138.4,8.88,33.7,-44.28,0.655,49.1,86,0.3603,0,0
NEU-502631,TreatmentB,B01,126.47,-60.77,374.5,26.5,49.2,-39.19,0.766,64.0,90,0.1891,0,0
NEU-502016,TreatmentA,B03,83.67,-65.17,77.4,15.25,155.5,-40.69,1.504,60.1,86,0.5073,1,1
NEU-509932,Control,B02,85.47,-64.5,245.0,15.82,152.2,-46.68,1.311,49.8,91,0.4886,1,1
NEU-504430,Control,B01,119.45,-56.32,142.5,14.84,101.9,-44.46,1.095,60.4,70,0.2651,1,0
NEU-504283,TreatmentB,B01,104.88,-53.72,148.6,18.02,54.8,-42.66,0.841,54.7,83,0.6225,0,0
NEU-509956,TreatmentB,B02,94.33,-59.05,298.6,15.13,84.7,-47.67,1.227,49.4,87,0.5578,0,0
NEU-501758,Control,B02,74.91,-56.18,111.6,30.75,159.5,-48.34,0.798,24.4,92,0.4046,0,0
NEU-503233,TreatmentA,B03,97.09,-67.97,163.2,10.28,100.1,-47.5,1.381,43.2,97,0.7649,1,0
NEU-504641,Control,B03,115.5,-65.66,265.2,14.9,67.3,-39.84,0.991,78.9,90,0.1405,1,1
NEU-508240,Control,B03,106.75,-65.84,289.9,7.71,121.1,-50.5,1.326,53.2,76,0.6976,0,0
NEU-506121,TreatmentB,B01,82.17,-62.43,460.0,12.89,57.0,-43.69,1.602,51.2,92,0.3869,0,0
NEU-505369,Control,B01,69.62,-70.15,111.3,11.11,166.7,-45.04,0.867,45.2,73,0.3104,0,1
NEU-505617,TreatmentB,B02,103.27,-71.75,387.3,15.04,94.6,-44.13,1.017,42.6,77,0.3153,0,0
NEU-504844,TreatmentB,B01,101.01,-53.8,122.8,13.13,33.5,-49.21,1.441,86.7,91,0.2729,1,1
NEU-505733,TreatmentA,B02,109.12,-58.47,217.2,12.12,66.8,-38.38,1.175,46.9,96,0.46,0,0
NEU-508488,Control,B02,87.6,-68.02,285.7,13.96,150.9,-36.4,1.215,42.1,88,0.2983,1,0
NEU-501680,Control,B03,104.81,-59.47,58.8,10.07,35.1,-47.61,0.647,39.8,86,0.4324,1,0
NEU-508315,TreatmentA,B03,110.15,-68.01,235.8,11.19,97.5,-40.54,1.531,38.2,82,0.2274,0,1
NEU-508294,Control,B03,114.85,-65.36,200.2,18.82,95.9,-41.56,0.809,34.5,84,0.7031,0,1
NEU-503921,Control,B02,108.35,-73.04,230.3,18.46,112.6,-48.49,1.004,34.0,83,0.1871,0,0
NEU-502429,TreatmentB,B02,65.06,-69.85,381.7,19.23,92.8,-41.49,0.874,61.6,82,0.5232,0,1
NEU-502554,TreatmentA,B03,108.65,-68.94,155.3,8.58,75.2,-47.21,0.982,68.3,85,0.6391,1,0
NEU-502802,TreatmentB,B01,99.02,-63.34,162.5,8.75,75.1,-41.08,1.04,79.3,94,0.1515,1,1
NEU-506011,TreatmentB,B03,60.93,-66.31,194.9,17.0,72.3,-48.93,0.944,72.9,72,0.5628,1,1
NEU-500384,TreatmentB,B03,129.96,-65.84,163.3,8.71,119.2,-47.06,1.306,50.7,83,0.6584,0,0
NEU-505838,TreatmentB,B02,56.74,-64.46,113.5,17.08,98.8,-47.47,0.96,64.6,93,0.264,0,1
NEU-504686,TreatmentB,B01,67.05,-64.09,172.6,24.53,86.2,-39.71,1.659,59.6,96,0.6657,1,1
NEU-509281,TreatmentA,B01,119.17,-60.28,127.5,4.6,71.0,-41.71,1.247,44.5,82,0.261,1,1
NEU-503626,TreatmentA,B03,69.01,-50.52,176.6,23.02,141.9,-41.53,0.898,36.6,86,0.5395,0,1
NEU-507867,TreatmentA,B01,91.4,-69.91,239.6,15.49,66.6,-36.25,1.914,63.2,75,0.4511,1,0
NEU-509885,TreatmentB,B01,90.12,-70.47,237.9,14.1,85.2,-43.21,0.564,55.2,113,0.6608,0,0
NEU-506591,TreatmentA,B01,79.09,-68.16,251.0,37.95,1.2,-37.0,0.901,53.4,96,0.4433,0,1
NEU-502562,Control,B01,102.13,-59.81,139.7,34.01,120.8,-45.71,1.016,24.3,95,0.3966,0,0
NEU-508506,Control,B01,111.93,-57.95,89.0,41.4,183.6,-43.88,1.047,32.4,71,0.5876,1,1
NEU-503905,TreatmentB,B02,77.81,-56.92,126.8,16.96,52.1,-39.34,0.925,62.0,86,0.5134,1,0
NEU-508507,TreatmentA,B03,119.71,-64.71,110.0,16.03,99.3,-42.17,1.035,62.5,90,0.5435,1,1
NEU-505932,TreatmentA,B03,107.12,-63.87,117.0,8.27,99.7,-43.37,1.446,40.0,80,0.3824,1,1
NEU-507029,TreatmentB,B01,102.89,-62.77,260.2,13.16,4.9,-38.62,1.111,59.2,77,0.328,1,1
NEU-508708,Control,B02,108.9,-67.72,133.2,12.69,119.8,-38.9,1.392,34.9,81,0.3362,1,1
NEU-508543,TreatmentB,B03,88.53,-68.89,149.6,18.96,52.4,-46.28,0.609,58.0,96,0.3628,1,0
NEU-506750,TreatmentA,B01,109.48,-60.74,185.5,28.08,116.4,-40.03,0.703,47.5,80,0.2093,1,0
NEU-501513,TreatmentB,B01,109.42,-69.77,201.5,7.3,21.2,-49.91,0.899,52.3,97,0.3002,1,0
NEU-502197,TreatmentA,B03,102.79,-73.12,193.6,7.52,142.5,-41.37,1.026,35.4,75,0.3678,0,0
NEU-502508,Control,B03,70.06,-63.93,162.0,5.87,130.2,-43.77,0.664,32.0,92,0.2897,0,1
NEU-508979,TreatmentA,B01,109.85,-61.52,150.2,12.98,109.2,-42.54,1.175,58.4,78,0.256,0,1
NEU-503981,TreatmentB,B02,67.08,-54.47,91.9,30.11,101.3,-38.85,1.144,83.2,88,0.5091,1,0
NEU-505693,TreatmentA,B02,108.31,-70.03,173.6,21.27,93.1,-48.23,0.798,30.8,78,0.34,0,0
NEU-505096,TreatmentB,B01,93.7,-78.04,110.6,11.83,96.5,-46.29,1.356,93.8,100,0.487,1,0
NEU-508552,Control,B03,105.23,-66.57,252.6,7.88,104.9,-44.73,0.772,29.6,86,0.2518,0,1
NEU-509062,TreatmentA,B01,76.89,-74.5,443.6,20.53,114.8,-43.13,0.998,70.5,86,0.46,0,1
NEU-507974,Control,B01,76.61,-66.55,360.5,8.08,105.7,-48.37,0.928,29.2,74,0.4334,0,1
NEU-502759,Control,B03,89.85,-58.39,159.7,19.59,107.4,-41.11,1.306,26.8,98,0.3345,0,0
NEU-509995,TreatmentA,B03,91.27,-67.06,278.0,13.25,99.2,-39.21,0.863,46.5,82,0.5419,0,1
NEU-504650,TreatmentA,B02,114.7,-62.16,192.5,18.84,46.2,-38.32,1.125,35.3,90,0.2649,0,0
NEU-509460,Control,B02,72.07,-70.56,275.3,14.29,154.6,-48.42,0.754,35.9,93,0.3997,0,1
NEU-504502,TreatmentA,B01,87.95,-68.38,242.7,10.73,65.9,-44.38,0.699,29.1,88,0.3377,0,0
NEU-505714,TreatmentB,B02,99.76,-63.25,78.1,10.97,65.8,-40.2,0.992,72.1,93,0.5,1,1
NEU-501938,Control,B02,104.8,-63.45,169.1,10.86,111.9,-44.95,0.959,44.0,82,0.2902,1,1
NEU-507564,TreatmentA,B02,94.6,-69.82,366.1,21.11,58.8,-45.7,0.733,50.2,68,0.3424,0,0
NEU-507642,Control,B03,94.48,-60.41,148.8,20.66,57.1,-42.28,0.966,1.9,77,0.2692,0,0
NEU-507395,Control,B01,125.18,-67.22,175.3,12.64,208.9,-42.78,0.892,53.9,92,0.5884,0,1
NEU-509414,TreatmentB,B01,99.19,-66.15,257.0,29.74,57.3,-48.95,1.546,55.1,86,0.4541,0,1
NEU-506436,TreatmentA,B03,92.82,-65.7,158.2,14.41,91.9,-42.47,1.084,56.4,86,0.1864,1,1
NEU-506377,TreatmentB,B01,93.73,-71.9,223.1,8.52,116.1,-35.47,1.437,89.9,82,0.4644,1,0
NEU-506644,TreatmentA,B03,104.57,-60.49,258.9,9.46,155.5,-43.61,1.332,53.7,77,0.6872,0,0
NEU-501011,TreatmentB,B03,105.1,-65.65,88.5,9.94,65.1,-39.47,1.21,58.9,70,0.4876,1,1
NEU-507295,Control,B01,96.87,-69.85,297.8,14.87,51.5,-46.64,1.077,23.9,77,0.5559,0,0
NEU-507304,TreatmentA,B01,117.42,-74.54,73.0,34.5,107.6,-41.67,1.454,63.3,89,0.5607,0,1
NEU-504653,TreatmentB,B03,107.63,-68.29,283.1,15.93,56.0,-39.42,1.324,52.5,91,0.4773,0,1
NEU-503892,Control,B02,78.49,-71.28,212.6,11.33,135.0,-39.49,1.274,39.4,81,0.7451,0,0
NEU-507138,Control,B01,90.58,-70.8,282.7,9.91,137.7,-44.82,1.073,41.6,72,0.5287,0,0
NEU-507313,Control,B02,92.15,-58.92,94.5,10.19,169.3,-34.01,0.651,44.9,73,0.1743,0,1
NEU-503792,TreatmentB,B03,98.59,-68.15,260.4,10.25,108.5,-42.2,1.208,60.1,86,0.6332,1,0
NEU-507203,TreatmentB,B02,89.72,-66.67,306.2,16.47,136.3,-38.97,1.31,41.2,75,0.665,0,1
NEU-509111,TreatmentB,B02,104.29,-60.43,414.6,19.37,89.5,-36.38,1.147,61.6,78,0.2507,1,0
NEU-503802,TreatmentA,B03,100.09,-58.1,316.2,20.57,130.6,-34.96,1.44,51.2,95,0.4789,0,0
NEU-505898,TreatmentA,B02,106.2,-66.76,122.4,19.74,1.9,-38.96,1.449,49.9,83,0.5308,1,1
NEU-508198,Control,B02,94.64,-74.05,65.0,9.36,112.8,-39.35,1.403,32.1,87,0.3654,0,0
NEU-507962,TreatmentB,B02,104.98,-70.35,247.3,15.09,99.2,-44.03,0.958,70.6,88,0.4617,0,0
NEU-503065,TreatmentB,B02,111.73,-64.75,337.1,5.35,63.0,-41.82,0.799,59.9,83,0.0948,0,1
NEU-500797,TreatmentA,B01,131.86,-57.64,218.9,14.57,66.4,-41.19,1.158,51.7,87,0.5792,0,0
NEU-505543,TreatmentA,B01,89.66,-63.16,107.5,16.6,121.0,-41.39,0.881,34.8,83,0.5192,0,1
NEU-500631,TreatmentB,B01,72.75,-64.19,101.8,16.41,89.6,-44.05,1.209,68.6,90,0.8003,1,1
NEU-508915,Control,B02,95.01,-72.15,117.9,4.43,213.7,-37.11,1.449,75.4,81,0.2077,1,1
NEU-500335,TreatmentA,B02,95.11,-55.79,282.2,23.31,61.3,-43.29,0.993,49.6,62,0.5609,0,1
NEU-503450,TreatmentA,B03,122.58,-68.46,162.8,23.33,65.7,-42.65,0.917,53.6,86,0.8511,0,1
NEU-503942,TreatmentB,B03,104.67,-45.95,396.0,16.92,139.1,-52.35,0.841,47.6,77,0.3272,0,0
NEU-502487,TreatmentB,B02,124.44,-75.11,145.7,7.68,93.2,-39.9,0.977,52.9,83,0.1376,1,1
NEU-509825,TreatmentB,B01,121.44,-66.38,166.1,8.2,86.6,-46.09,0.701,54.4,95,0.2677,1,1
NEU-505114,TreatmentA,B03,118.53,-73.63,273.6,13.13,141.4,-43.43,0.79,69.6,95,0.3194,0,0
NEU-505558,TreatmentA,B01,92.07,-54.44,145.6,18.18,73.8,-43.99,1.085,71.5,84,0.4688,1,0
NEU-506113,TreatmentA,B03,76.54,-56.47,284.8,26.0,68.2,-44.91,1.466,67.2,90,0.5908,0,1
NEU-502889,Control,B02,112.42,-63.68,100.5,8.41,143.0,-43.95,0.539,47.9,77,0.2976,1,1
NEU-501864,TreatmentA,B02,123.67,-65.27,169.1,18.53,113.2,-34.51,1.245,52.2,79,0.3624,1,1
NEU-503274,Control,B02,122.18,-64.96,301.1,5.38,92.7,-44.85,1.194,33.7,79,0.216,0,1
NEU-509294,Control,B03,125.8,-61.8,293.8,17.32,132.9,-38.88,1.437,60.1,89,0.4982,0,1
NEU-506559,TreatmentB,B01,91.88,-62.59,100.1,8.48,55.1,-38.23,0.756,73.1,91,0.1687,1,1
NEU-503208,Control,B03,106.39,-63.65,171.1,20.96,95.1,-36.15,0.718,60.8,101,0.6442,1,1
NEU-501113,Control,B01,98.91,-67.33,271.0,7.77,123.3,-43.05,0.615,55.1,95,0.442,0,0
NEU-503174,Control,B03,87.47,-64.09,327.3,20.14,88.0,-40.75,1.212,44.5,86,0.4233,0,1
NEU-501347,Control,B03,87.9,-65.21,293.2,8.57,165.6,-42.44,1.592,45.4,83,0.4839,1,1
NEU-505831,TreatmentB,B02,99.71,-56.0,131.1,14.3,118.8,-41.69,1.06,77.2,98,0.4473,1,1
NEU-505615,TreatmentB,B01,100.3,-58.38,305.9,6.57,159.5,-38.59,0.991,58.8,97,0.2012,1,1
NEU-509480,Control,B03,99.87,-66.21,327.0,11.55,85.1,-46.87,1.359,44.4,76,0.514,0,1
NEU-502183,TreatmentA,B03,119.27,-66.57,206.2,16.18,77.7,-42.01,1.797,52.6,84,0.4495,1,0
NEU-500400,Control,B01,104.35,-61.57,299.1,13.22,133.5,-44.82,0.651,44.7,99,0.6787,0,0
NEU-501726,TreatmentB,B03,104.05,-58.24,103.6,9.48,66.7,-38.63,0.845,79.8,86,0.4029,1,0
NEU-509069,Control,B02,66.7,-70.52,144.5,8.56,195.2,-42.95,1.875,41.5,87,0.4407,1,0
NEU-506298,Control,B01,100.04,-66.26,182.4,5.98,0.6,-43.75,1.076,63.3,84,0.211,1,1
NEU-502169,TreatmentB,B01,98.33,-60.63,133.9,11.91,62.4,-42.19,0.926,72.4,95,0.2261,1,0
NEU-502560,TreatmentA,B02,100.78,-70.28,234.0,18.02,127.2,-36.62,1.664,36.9,76,0.2395,1,0
NEU-507537,Control,B02,106.89,-73.89,302.5,16.7,103.4,-39.26,1.375,47.6,94,0.3546,0,0
NEU-502258,TreatmentB,B03,81.77,-59.41,356.5,10.34,105.8,-37.25,1.488,62.1,88,0.2489,1,1
NEU-508454,TreatmentA,B02,119.51,-58.8,326.4,17.9,95.5,-44.93,0.805,58.9,78,0.411,0,1
NEU-502952,Control,B02,106.95,-70.87,123.1,9.61,144.0,-47.73,0.751,27.4,115,0.4651,0,0
NEU-509162,TreatmentA,B02,96.05,-63.45,228.3,7.37,142.1,-41.1,1.048,41.1,95,0.424,0,1
NEU-503828,TreatmentA,B01,108.27,-61.23,79.3,11.57,119.8,-38.31,1.552,57.2,83,0.6186,1,0
NEU-508168,TreatmentB,B02,90.97,-69.89,160.6,12.42,176.4,-38.74,0.696,89.5,82,0.2802,1,0
NEU-501859,Control,B03,85.97,-58.26,215.2,15.42,137.3,-50.65,1.113,41.5,70,0.3046,0,1
NEU-503291,Control,B01,121.62,-71.1,94.3,14.39,150.0,-47.7,1.185,13.2,80,0.5949,0,1
NEU-506052,Control,B02,108.81,-64.37,284.8,13.83,52.3,-44.6,0.677,37.9,78,0.2997,0,1
NEU-505357,Control,B01,67.03,-63.03,215.0,16.2,120.8,-38.86,2.254,31.8,73,0.1736,0,1
NEU-505706,TreatmentB,B01,86.44,-66.35,232.6,11.56,-13.1,-42.3,0.639,58.9,86,0.1647,0,1
NEU-502923,Control,B01,104.61,-65.27,218.2,19.83,92.7,-40.75,1.24,43.4,96,0.1152,0,0
NEU-505748,TreatmentB,B01,108.06,-68.18,102.0,38.45,56.9,-38.94,0.901,67.5,90,0.5388,1,1
NEU-502788,Control,B03,109.32,-74.11,201.2,19.32,137.5,-37.55,1.078,55.0,85,0.4301,1,0
NEU-507028,Control,B03,72.91,-71.87,170.8,15.74,82.8,-41.24,0.861,27.9,71,0.3288,0,0
NEU-500228,Control,B01,103.33,-56.53,253.5,15.35,173.9,-49.59,1.337,40.2,80,0.6688,0,0
NEU-508666,TreatmentA,B03,144.58,-53.33,162.1,8.83,51.9,-41.58,0.784,88.3,101,0.2348,1,0
NEU-508709,Control,B03,87.23,-63.72,212.9,8.77,72.7,-48.61,0.896,23.0,87,0.2419,0,1
NEU-504734,TreatmentB,B03,109.51,-69.92,192.8,11.81,39.4,-46.62,1.299,86.2,92,0.4275,1,0
NEU-503504,TreatmentA,B01,97.92,-71.23,166.0,19.31,89.3,-35.05,1.275,39.0,90,0.1588,1,0
NEU-503804,TreatmentA,B02,118.37,-75.26,155.6,18.32,109.4,-47.22,0.874,74.1,72,0.4248,1,0
NEU-508863,Control,B03,115.94,-65.43,176.4,7.56,159.9,-42.27,1.042,68.8,84,0.3538,1,1
NEU-509853,TreatmentA,B03,93.0,-68.6,259.9,6.92,74.4,-44.49,0.747,48.7,81,0.4589,1,0
NEU-500403,Control,B01,94.63,-58.77,326.0,17.15,170.0,-41.72,0.876,59.6,87,0.1797,0,0
NEU-505552,TreatmentB,B03,103.24,-60.71,265.5,7.85,43.2,-43.26,0.813,44.5,93,0.5128,0,0
NEU-507806,Control,B03,100.48,-62.04,473.4,18.59,165.6,-32.65,0.99,62.7,98,0.7078,0,1
NEU-508945,Control,B03,92.92,-70.08,179.6,20.45,127.5,-46.18,0.95,37.4,96,0.5164,1,1
NEU-501459,TreatmentB,B02,84.38,-64.15,305.6,9.15,113.1,-41.42,1.08,45.8,90,0.2296,0,1
NEU-501915,TreatmentB,B01,121.67,-60.98,191.2,7.34,65.2,-44.72,0.616,61.8,93,0.419,0,1
NEU-504860,Control,B01,102.69,-72.26,186.2,11.22,141.6,-39.13,0.926,43.6,83,0.4509,1,0
NEU-504685,TreatmentB,B01,118.28,-63.91,192.1,16.27,79.0,-38.16,1.061,69.5,84,0.4374,0,1
NEU-509986,TreatmentB,B01,106.99,-61.37,209.4,25.48,110.3,-47.55,0.923,53.4,70,0.3846,0,1
NEU-503629,TreatmentA,B03,62.7,-71.29,160.1,9.1,46.6,-35.23,0.989,76.2,82,0.1718,1,1
NEU-505265,TreatmentA,B03,115.99,-68.68,203.2,25.94,99.3,-43.42,1.114,25.6,87,0.5467,1,1
NEU-500523,Control,B02,99.18,-66.95,111.3,8.62,114.3,-39.14,1.388,57.7,95,0.4376,1,1
NEU-500106,TreatmentA,B01,119.7,-61.36,191.9,19.51,124.8,-42.53,1.046,42.2,88,0.6022,0,1
NEU-508694,TreatmentB,B02,116.97,-61.5,150.7,13.14,86.7,-34.03,1.562,82.1,83,0.3999,1,0
NEU-509465,TreatmentB,B02,115.12,-68.82,182.2,19.27,103.8,-42.59,1.461,56.3,95,0.2976,1,0
NEU-502331,TreatmentB,B02,98.76,-66.91,169.0,17.07,40.0,-44.66,1.257,63.2,95,0.4083,1,1
NEU-508003,Control,B01,99.45,-69.43,157.9,11.61,160.4,-42.22,0.765,63.7,85,0.3951,0,1
NEU-502575,TreatmentA,B03,93.32,-71.46,229.3,12.57,119.7,-46.58,1.347,41.8,94,0.483,0,0
NEU-500495,TreatmentA,B03,108.13,-66.86,263.6,22.7,106.9,-39.64,1.188,42.6,95,0.573,1,1
NEU-507017,TreatmentB,B03,69.57,-67.55,235.8,8.84,41.9,-40.56,0.744,62.6,95,0.4336,1,1
NEU-507522,TreatmentB,B02,87.0,-67.42,124.3,13.23,13.3,-46.82,0.867,45.0,93,0.5475,1,1
NEU-500747,TreatmentA,B02,93.42,-55.62,253.1,20.7,131.5,-45.1,1.901,24.6,91,0.2639,1,0
NEU-500878,TreatmentA,B03,116.95,-67.07,258.0,17.42,154.0,-42.77,0.791,48.1,83,0.2559,0,1
NEU-502020,TreatmentA,B02,103.52,-64.91,243.0,11.54,104.5,-42.52,1.083,54.1,97,0.3148,0,1
NEU-502737,TreatmentB,B02,92.21,-57.56,175.3,30.38,43.9,-34.01,0.877,59.2,88,0.6179,0,1
NEU-509100,TreatmentB,B02,91.57,-71.06,285.2,15.21,149.5,-42.89,0.83,55.8,74,0.6698,1,1
NEU-508273,Control,B01,92.63,-68.91,126.9,17.82,26.7,-40.23,0.894,61.1,106,0.26,1,0
NEU-505112,TreatmentA,B03,116.54,-59.39,251.0,12.32,112.6,-43.77,1.024,42.9,84,0.4443,0,0
NEU-505646,TreatmentB,B03,113.02,-64.19,114.0,14.08,70.0,-39.33,0.562,80.0,90,0.4083,0,1
NEU-501030,TreatmentA,B02,94.92,-63.58,122.5,19.3,166.9,-46.93,1.157,57.0,95,0.4001,1,1
NEU-503353,Control,B03,98.17,-61.92,103.4,14.02,109.5,-35.49,0.583,28.4,85,0.4481,1,1
NEU-501650,Control,B01,95.35,-54.42,93.6,15.8,134.2,-43.36,1.007,48.0,85,0.4206,0,0
NEU-506053,TreatmentB,B03,93.16,-62.24,271.6,8.3,8.6,-39.59,1.071,58.4,83,0.4651,0,0
NEU-500456,TreatmentA,B01,77.36,-67.99,107.2,12.33,144.9,-36.73,1.022,45.2,84,0.7005,0,1
NEU-508259,Control,B03,114.34,-71.37,222.0,16.79,138.6,-44.26,0.486,0.4,91,0.5908,0,0
NEU-501230,TreatmentA,B01,98.87,-70.51,49.6,22.17,159.3,-45.36,1.124,67.9,91,0.444,1,1
NEU-509127,Control,B01,106.65,-65.11,230.5,14.81,155.6,-36.98,0.891,59.3,78,0.2504,0,1
NEU-509424,TreatmentB,B03,102.13,-60.78,401.3,17.47,121.7,-43.23,1.424,70.8,87,0.4137,0,0
NEU-500511,TreatmentB,B02,98.33,-60.94,151.8,25.1,9.1,-42.18,1.023,56.2,75,0.5841,0,1
NEU-506170,TreatmentB,B02,91.79,-68.08,283.5,17.26,83.4,-42.48,0.738,70.0,101,0.6196,1,1
NEU-505491,TreatmentB,B03,99.63,-61.9,274.2,16.74,88.2,-39.66,1.127,49.9,71,0.4682,0,1
NEU-506235,TreatmentB,B02,120.57,-66.42,120.3,13.25,81.2,-41.58,0.824,87.6,85,0.3986,1,1
NEU-508931,Control,B01,107.57,-60.97,181.0,23.5,99.5,-37.26,1.048,59.4,78,0.407,0,1
NEU-505794,Control,B02,111.99,-68.52,101.5,15.88,172.7,-43.62,1.103,38.8,78,0.1258,0,0
NEU-508965,TreatmentB,B01,100.72,-63.51,417.7,13.0,25.0,-49.97,0.907,25.5,83,0.3974,0,1
NEU-505656,TreatmentB,B02,107.43,-62.75,305.0,11.81,31.0,-43.45,1.04,76.2,100,0.3667,0,1
NEU-503856,TreatmentA,B03,108.11,-70.64,107.8,19.02,67.6,-36.44,0.984,46.7,78,0.2724,1,0
NEU-505342,Control,B02,89.99,-61.42,83.9,15.41,173.8,-44.7,0.929,54.6,82,0.6695,1,1
NEU-508011,Control,B01,81.4,-72.81,410.0,15.39,185.7,-40.48,1.038,26.8,74,0.2504,0,0
NEU-504146,Control,B01,94.63,-65.36,145.5,20.59,131.7,-44.93,1.168,56.3,90,0.1755,1,0
NEU-500261,Control,B01,97.43,-61.31,115.5,20.74,121.1,-41.49,1.308,38.8,83,0.436,1,1
NEU-507674,Control,B03,108.69,-66.92,166.0,15.44,130.3,-42.27,1.834,61.8,87,0.206,1,1
NEU-503381,TreatmentB,B01,97.07,-63.93,186.3,10.99,94.9,-47.97,0.951,42.7,83,0.7639,0,1
NEU-501235,TreatmentA,B01,111.77,-64.95,296.9,7.18,89.7,-42.37,0.887,61.7,77,0.3597,0,1
NEU-506268,TreatmentA,B03,89.5,-78.18,298.1,9.55,164.8,-34.51,0.846,54.1,75,0.4719,1,0
NEU-501436,Control,B01,115.83,-64.28,254.1,22.5,98.3,-40.25,0.75,42.1,74,0.4478,0,1
NEU-505729,TreatmentB,B03,92.89,-57.72,140.3,16.93,48.4,-43.3,1.303,61.8,75,0.3744,1,0
NEU-508565,Control,B03,87.06,-68.3,106.4,17.01,131.7,-42.71,1.211,53.6,87,0.4072,1,1
NEU-503995,Control,B01,90.86,-64.79,204.7,20.58,158.9,-44.15,0.66,62.5,100,0.3985,0,0
NEU-509813,TreatmentA,B02,126.55,-69.22,163.9,23.04,158.3,-48.03,1.25,56.8,89,0.3722,0,0
NEU-502408,TreatmentA,B03,122.98,-69.1,178.0,9.46,63.9,-50.51,0.631,56.7,73,0.3719,0,1
NEU-505516,TreatmentA,B03,90.26,-65.45,287.7,7.74,63.0,-38.69,1.074,76.4,83,0.2103,0,1
NEU-500484,Control,B03,80.71,-74.74,125.1,13.05,87.9,-39.67,0.669,49.2,91,0.3699,1,0
NEU-508623,TreatmentA,B03,98.42,-73.66,126.8,20.55,35.7,-37.87,0.9,43.8,95,0.5827,1,1
NEU-509883,TreatmentB,B02,83.52,-68.51,186.0,12.87,28.4,-49.8,1.491,61.4,71,0.3765,1,1
NEU-504254,TreatmentB,B01,81.49,-61.56,174.2,13.74,65.3,-52.58,0.746,91.9,105,0.1649,1,1
NEU-509202,TreatmentB,B01,102.45,-66.63,280.0,11.21,24.6,-44.13,0.692,79.4,81,0.3911,0,1
NEU-506780,Control,B03,132.94,-58.67,205.7,20.16,111.6,-48.13,1.032,41.4,81,0.5202,0,1
NEU-506897,TreatmentA,B01,82.73,-61.59,67.7,16.52,87.3,-51.58,1.191,84.0,98,0.7705,1,1
NEU-501765,Control,B01,91.03,-65.16,118.7,6.3,112.4,-40.16,0.964,37.1,98,0.593,0,0
NEU-503974,Control,B03,85.03,-68.05,220.1,10.4,87.1,-42.17,1.758,40.9,107,0.3086,0,1
NEU-503933,Control,B03,95.93,-66.55,183.0,15.42,94.3,-43.7,1.009,32.6,76,0.3973,0,1
NEU-509792,Control,B01,98.41,-69.26,200.4,11.61,119.9,-41.58,1.498,36.9,86,0.307,0,1
NEU-501086,TreatmentB,B01,97.26,-57.81,139.8,12.34,58.8,-36.21,0.642,71.0,84,0.651,1,0
NEU-507700,TreatmentA,B02,106.7,-62.98,189.7,7.52,103.8,-49.52,0.724,47.9,80,0.1692,0,1
NEU-501694,TreatmentA,B01,102.07,-60.54,291.2,9.44,136.4,-40.74,0.914,52.6,78,0.2531,0,1
NEU-508973,TreatmentB,B03,84.12,-60.07,271.7,6.98,57.0,-42.92,1.236,68.8,80,0.2907,0,1
NEU-502061,Control,B03,117.61,-68.0,136.9,16.4,108.0,-32.08,1.772,52.7,79,0.558,1,1
NEU-500267,TreatmentA,B03,75.36,-64.08,168.4,13.07,73.2,-42.83,1.174,50.8,82,0.4854,1,1
NEU-502497,Control,B02,90.14,-76.14,150.2,14.69,100.9,-41.34,0.831,46.5,76,0.1788,1,0
NEU-501663,Control,B02,91.74,-62.84,168.2,12.79,173.4,-39.35,0.933,28.6,83,0.2844,0,1
NEU-505593,TreatmentB,B01,70.87,-59.9,361.8,9.71,75.2,-43.5,1.029,62.0,92,0.5788,1,0
NEU-502529,Control,B02,114.35,-65.0,136.8,21.48,188.3,-43.81,0.809,47.8,73,0.4125,0,1
NEU-507068,TreatmentB,B03,90.68,-62.84,63.9,21.92,69.0,-49.06,1.406,55.7,87,0.2526,1,0
NEU-501976,TreatmentB,B02,84.97,-59.5,201.8,11.76,127.0,-48.37,1.246,74.2,90,0.526,1,0
NEU-505200,TreatmentB,B02,102.38,-59.39,346.9,22.82,112.8,-45.42,1.077,58.7,77,0.3271,0,0
NEU-509311,TreatmentB,B01,88.15,-68.25,207.7,9.23,91.8,-43.11,0.748,42.2,94,0.3376,0,1
NEU-501236,Control,B02,70.8,-61.42,199.0,12.79,140.6,-45.39,1.552,40.5,78,0.508,1,1
NEU-503890,Control,B03,104.3,-63.76,161.5,15.19,146.0,-41.12,1.233,43.8,85,0.7146,0,1
NEU-509232,TreatmentB,B01,79.47,-52.21,228.4,19.92,33.5,-45.1,1.108,72.1,88,0.2435,1,0
NEU-507680,Control,B03,88.34,-60.36,193.1,19.31,122.8,-49.87,1.394,32.3,87,0.4225,1,1
NEU-505690,TreatmentB,B03,100.42,-71.02,286.3,11.68,108.1,-35.51,0.678,52.8,81,0.5591,0,1
NEU-502503,TreatmentA,B01,87.36,-63.11,85.1,18.2,91.2,-44.4,1.647,61.3,86,0.4944,1,1
NEU-508802,TreatmentB,B01,98.66,-65.64,213.8,11.23,41.2,-38.24,1.153,57.9,84,0.2788,1,1
NEU-506424,TreatmentA,B01,75.66,-53.74,126.8,8.53,134.3,-42.53,1.063,65.2,80,0.5495,1,0
NEU-504613,Control,B01,100.5,-68.63,164.6,6.17,62.2,-33.8,1.866,57.6,82,0.64,1,0
NEU-507438,TreatmentB,B01,88.3,-57.19,207.9,10.6,48.2,-36.01,0.909,22.7,87,0.3758,0,0
NEU-507725,TreatmentB,B03,95.32,-61.38,223.3,18.51,49.3,-49.82,0.777,46.5,113,0.2536,0,0
NEU-507016,Control,B02,101.37,-79.44,166.7,7.4,130.7,-39.94,0.711,65.4,83,0.2697,0,0
NEU-506454,Control,B02,108.29,-62.08,225.3,16.58,173.7,-47.63,1.093,43.0,101,0.5282,0,0
NEU-508665,TreatmentB,B02,117.68,-66.57,311.1,14.72,108.3,-48.98,0.784,65.3,74,0.5764,0,1
NEU-504028,Control,B01,94.93,-69.04,236.5,7.89,116.4,-38.57,0.904,33.3,76,0.3869,0,1
NEU-509532,TreatmentA,B03,57.06,-60.13,157.9,17.53,99.8,-52.29,0.785,57.8,83,0.5563,0,1
NEU-507071,TreatmentA,B01,93.23,-59.7,153.7,13.49,92.7,-38.21,1.346,29.4,93,0.6899,0,0
NEU-505170,Control,B02,111.11,-77.56,102.3,7.66,86.5,-37.8,0.884,24.7,82,0.3021,0,0
NEU-508480,Control,B02,102.11,-56.05,299.9,9.09,164.4,-36.34,1.281,33.3,83,0.1364,0,1
NEU-505889,Control,B03,85.05,-74.57,229.2,14.49,123.5,-43.6,0.709,34.8,97,0.2408,0,0
NEU-507162,Control,B03,118.63,-61.21,103.2,12.27,78.3,-42.61,1.109,48.1,87,0.4597,1,0
NEU-504133,Control,B01,109.73,-78.34,230.5,15.3,139.5,-51.22,0.861,21.7,84,0.6071,0,0
NEU-504461,TreatmentB,B02,127.79,-63.11,84.4,18.62,40.7,-38.84,0.844,78.5,97,0.312,1,1
NEU-504248,TreatmentA,B02,142.52,-69.82,156.1,10.92,79.7,-41.48,1.086,47.5,83,0.5161,1,0
NEU-501116,TreatmentB,B03,107.72,-65.57,144.4,21.1,172.9,-44.82,1.208,51.9,80,0.1994,1,0
NEU-501048,TreatmentA,B02,81.05,-74.63,275.0,7.25,151.1,-37.13,0.798,45.8,87,0.2373,0,1
NEU-504150,TreatmentA,B03,110.53,-61.98,210.6,22.01,37.9,-33.84,0.663,66.7,99,0.6956,0,1
NEU-501078,Control,B01,78.3,-62.38,352.7,12.18,172.2,-37.29,1.026,61.7,80,0.3628,0,0
NEU-505161,TreatmentA,B01,127.79,-66.03,169.2,21.39,57.2,-46.94,0.983,53.4,88,0.5935,1,1
NEU-501272,TreatmentA,B02,118.41,-58.54,127.2,13.13,71.2,-35.25,1.179,56.3,90,0.5469,1,0
NEU-509770,TreatmentA,B03,75.9,-64.69,273.4,12.5,112.5,-43.98,1.331,59.5,89,0.5478,0,1
NEU-506041,TreatmentB,B03,116.02,-70.18,192.8,35.11,30.3,-44.2,1.128,67.0,66,0.481,1,0
NEU-501824,Control,B01,99.0,-67.47,195.5,15.08,118.6,-46.2,1.108,48.9,88,0.2694,0,1
NEU-504143,TreatmentB,B03,103.74,-66.67,95.0,19.38,89.9,-46.2,0.837,55.3,75,0.6103,1,1
NEU-509634,TreatmentA,B02,107.96,-70.45,108.5,4.47,122.7,-40.34,1.582,52.8,78,0.4927,1,0
NEU-507658,TreatmentB,B01,81.11,-62.59,332.3,8.98,30.1,-39.86,1.505,80.3,99,0.2045,1,1
NEU-509754,Control,B03,88.93,-71.24,188.1,11.37,154.0,-41.82,0.821,43.1,80,0.4856,0,0
NEU-500077,Control,B01,127.15,-65.69,113.7,12.26,94.4,-39.09,0.747,33.2,94,0.2629,0,1
NEU-508745,Control,B02,103.01,-66.6,177.1,9.12,124.7,-36.89,1.785,37.4,88,0.4378,1,1
NEU-501022,Control,B01,119.02,-74.63,94.3,15.59,107.3,-50.3,0.752,54.9,102,0.1798,0,0
NEU-507475,Control,B01,94.47,-61.76,317.2,31.99,71.0,-45.49,1.167,53.4,98,0.216,0,0
NEU-509597,TreatmentA,B01,101.58,-64.17,303.2,11.59,108.5,-40.3,0.857,63.0,80,0.3865,0,1
NEU-502296,TreatmentB,B02,81.4,-64.68,165.0,11.61,86.1,-42.06,0.913,73.7,105,0.284,1,1
NEU-501200,TreatmentA,B03,88.45,-56.52,198.0,7.72,118.7,-37.23,0.667,50.3,77,0.3379,0,1
NEU-508504,Control,B01,89.64,-69.67,232.4,11.82,157.7,-34.27,0.557,61.3,80,0.219,0,1
NEU-506623,TreatmentB,B01,106.1,-69.74,124.0,9.89,29.7,-51.15,0.842,59.3,106,0.3907,0,0
NEU-502259,TreatmentB,B03,101.84,-68.97,136.8,20.0,131.5,-41.22,0.671,90.1,81,0.4395,1,0
NEU-500306,Control,B01,98.53,-56.07,292.9,12.22,126.2,-43.78,0.586,27.6,76,0.5591,0,0
NEU-504075,Control,B02,63.03,-63.39,150.6,17.85,123.4,-40.15,0.751,60.5,93,0.5077,1,1
NEU-503306,TreatmentB,B03,92.83,-58.63,291.0,25.08,125.9,-45.99,1.292,65.3,77,0.4396,1,1
NEU-505884,TreatmentB,B03,116.96,-69.85,206.4,11.69,45.0,-36.12,0.531,52.4,92,0.4852,0,0
NEU-504204,Control,B03,71.74,-64.35,191.1,11.03,173.0,-43.54,1.358,51.9,66,0.3505,1,1
NEU-508028,TreatmentB,B01,103.32,-70.04,187.0,15.75,98.3,-33.55,1.048,56.0,84,0.2792,1,1
NEU-502475,TreatmentA,B02,116.43,-54.62,127.8,12.11,81.9,-42.82,1.298,59.4,82,0.657,1,0
NEU-501366,Control,B01,75.65,-65.34,174.4,13.72,152.3,-44.15,0.835,41.1,85,0.2846,0,1
NEU-503362,Control,B01,101.51,-58.36,84.9,19.42,72.2,-35.44,1.086,43.8,79,0.4613,1,1
NEU-500612,TreatmentA,B01,101.94,-55.47,283.6,10.41,65.6,-40.18,1.093,33.2,86,0.1445,0,1
NEU-508688,TreatmentB,B03,96.34,-60.38,156.2,21.06,113.8,-43.69,1.273,32.8,84,0.2056,0,0
NEU-507579,TreatmentA,B03,73.28,-61.5,295.4,10.83,54.2,-41.95,0.747,62.0,83,0.5586,1,0
NEU-504712,TreatmentB,B03,119.49,-67.85,322.7,13.09,62.4,-43.36,1.289,97.0,84,0.6088,1,1
NEU-501520,Control,B01,116.33,-65.52,149.8,10.02,141.9,-33.16,0.834,36.9,84,0.4556,0,0
NEU-502845,Control,B03,91.47,-66.52,471.5,12.9,140.7,-35.64,1.084,54.5,86,0.2696,0,1
NEU-503096,TreatmentA,B03,83.63,-51.02,172.8,7.85,125.4,-42.09,1.181,73.5,88,0.1759,1,1
NEU-506133,TreatmentA,B03,108.65,-56.66,152.0,30.54,134.0,-40.03,0.928,50.5,82,0.3612,1,0
NEU-505822,Control,B03,95.74,-69.35,228.8,11.42,79.4,-39.99,2.561,37.2,86,0.4208,1,1
NEU-509041,TreatmentB,B02,101.51,-69.75,149.3,16.47,61.3,-40.58,1.326,60.9,84,0.3362,1,0
NEU-503514,Control,B02,102.95,-68.7,126.9,21.62,143.9,-47.69,1.265,49.5,84,0.4742,0,1
NEU-502836,TreatmentA,B03,109.59,-71.2,356.6,15.87,101.1,-36.68,0.614,45.5,105,0.374,0,0
NEU-504325,TreatmentA,B03,99.47,-62.59,132.5,12.6,79.1,-38.3,1.066,68.8,89,0.396,1,1
NEU-501760,TreatmentA,B02,109.8,-64.91,217.6,11.7,107.5,-44.28,1.301,16.9,102,0.3304,0,1
NEU-500627,Control,B01,91.55,-65.65,142.7,25.6,181.7,-39.84,0.808,32.8,85,0.1419,0,0
NEU-503369,TreatmentB,B01,79.94,-60.49,121.1,12.68,87.8,-48.57,1.23,42.2,82,0.4027,1,0
NEU-501664,TreatmentB,B03,112.88,-62.55,60.9,12.18,97.1,-39.48,0.686,54.7,99,0.3416,0,1
NEU-506731,Control,B02,123.94,-64.37,252.8,12.79,145.3,-42.17,1.309,25.4,78,0.3087,0,1
NEU-509896,TreatmentB,B01,110.15,-64.09,145.8,12.16,95.3,-37.78,0.772,69.9,92,0.4001,1,1
NEU-509126,TreatmentA,B01,133.34,-67.11,130.8,20.93,111.1,-38.98,2.153,52.2,96,0.332,1,0
NEU-500585,TreatmentA,B02,113.13,-70.54,167.2,21.07,95.6,-43.83,1.102,58.3,82,0.4056,1,0
NEU-509362,Control,B03,112.05,-64.68,102.0,14.85,163.5,-40.05,1.034,41.5,79,0.4304,1,1
NEU-507875,TreatmentB,B02,74.06,-74.69,177.3,12.59,68.5,-42.08,1.772,42.1,98,0.4843,1,0
NEU-505194,TreatmentA,B02,106.39,-73.87,120.8,17.66,69.9,-43.87,1.297,71.7,79,0.6151,0,1
NEU-504566,TreatmentB,B01,104.05,-66.48,217.0,5.32,89.8,-39.97,1.231,91.9,90,0.2465,1,1
NEU-506840,TreatmentB,B03,93.73,-68.1,168.1,7.18,50.6,-38.86,1.314,73.5,97,0.2011,1,1
NEU-504988,TreatmentB,B01,96.8,-61.53,182.6,28.4,113.8,-45.68,1.304,60.0,84,0.304,1,0
NEU-501558,TreatmentA,B01,88.77,-67.47,191.1,12.05,55.3,-35.65,0.497,57.5,100,0.3607,0,1
NEU-502086,Control,B02,105.96,-67.05,238.0,17.74,148.9,-40.21,1.115,40.5,102,0.1904,0,1
NEU-503573,Control,B03,107.89,-58.76,189.7,13.09,129.1,-40.94,1.471,55.4,79,0.5425,1,0
NEU-504664,Control,B03,86.57,-54.8,133.1,14.74,83.2,-34.78,0.521,32.5,101,0.2938,0,0
NEU-502872,TreatmentA,B01,91.99,-71.07,159.8,13.15,101.5,-40.47,2.067,40.6,87,0.4432,1,0
NEU-508706,Control,B03,94.35,-60.25,134.8,14.69,59.3,-43.68,0.541,69.1,94,0.628,1,1
NEU-506332,TreatmentA,B02,77.3,-67.05,80.4,16.32,155.1,-45.62,0.853,52.2,92,0.4868,1,1
NEU-509290,TreatmentA,B02,89.25,-65.55,267.0,34.75,64.0,-42.1,1.114,62.3,72,0.2433,1,0
NEU-504788,TreatmentA,B02,85.29,-61.92,336.1,8.68,74.9,-38.1,0.678,54.2,73,0.2458,0,1
NEU-509751,TreatmentB,B03,109.87,-71.03,119.8,13.16,-5.4,-37.08,0.728,65.1,59,0.4348,1,0
NEU-502981,Control,B02,94.87,-59.37,167.4,16.19,125.5,-42.71,0.586,50.2,94,0.277,0,0
NEU-507644,Control,B02,105.08,-67.61,280.2,9.64,173.5,-44.24,1.432,34.9,75,0.6633,1,0
NEU-509005,Control,B02,119.7,-64.86,122.1,21.88,224.1,-39.53,1.39,31.3,73,0.5669,1,1
NEU-502837,TreatmentB,B03,90.71,-72.78,192.5,21.0,21.4,-41.35,1.001,73.8,98,0.4224,0,1
NEU-501439,TreatmentB,B01,101.14,-65.86,190.4,23.51,79.6,-43.61,0.96,62.0,89,0.2977,1,0
NEU-506735,TreatmentB,B01,98.54,-71.28,323.5,16.24,67.9,-39.08,1.502,50.2,97,0.1583,1,1
NEU-506016,Control,B01,93.19,-63.54,95.1,15.95,157.3,-42.41,1.07,49.5,83,0.4192,1,1
NEU-506200,TreatmentB,B02,91.47,-54.72,123.0,10.71,-1.8,-38.35,0.982,63.3,84,0.3488,1,0
NEU-504524,TreatmentB,B01,114.58,-74.36,178.1,25.9,75.6,-38.85,0.655,53.0,98,0.3865,0,0
NEU-504992,TreatmentA,B01,74.63,-70.7,322.8,14.75,101.2,-41.07,1.286,67.5,80,0.308,0,0
NEU-502425,TreatmentA,B03,87.56,-65.69,150.4,9.04,143.7,-38.2,0.859,46.5,91,0.5819,0,0
NEU-501244,TreatmentA,B01,96.21,-73.26,232.9,4.69,53.3,-40.7,1.442,73.7,71,0.0865,1,1
NEU-504372,TreatmentA,B01,95.32,-63.1,132.1,13.64,133.2,-39.27,1.09,66.2,86,0.535,1,1
NEU-501846,TreatmentA,B01,88.49,-69.82,331.5,10.76,63.9,-38.69,0.754,43.3,73,0.6875,0,0
NEU-502617,TreatmentA,B02,84.5,-63.0,137.5,25.57,104.2,-42.54,1.362,41.7,83,0.5077,1,0
NEU-500079,Control,B02,87.38,-60.72,89.5,25.44,177.0,-37.35,1.388,70.3,84,0.2007,1,0
NEU-505846,Control,B03,106.01,-63.21,300.3,15.19,101.0,-45.89,1.354,20.8,94,0.1381,0,0
NEU-507299,Control,B03,135.33,-58.87,198.1,10.0,147.4,-48.16,0.851,44.4,73,0.362,0,0
NEU-505571,Control,B03,109.35,-62.85,282.1,10.67,116.3,-37.13,1.481,79.1,82,0.2278,1,1
NEU-503928,Control,B01,115.02,-65.37,667.2,12.97,206.3,-38.13,1.092,38.1,93,0.7708,0,1
NEU-505929,TreatmentA,B03,94.05,-73.12,253.5,13.34,102.0,-40.28,1.218,55.9,82,0.4442,0,1
NEU-500913,TreatmentA,B03,115.99,-67.43,119.0,7.36,118.3,-50.02,1.121,57.6,102,0.391,1,0
NEU-501547,TreatmentA,B02,105.43,-58.62,184.3,16.49,124.9,-44.29,0.607,55.6,96,0.3287,0,0
NEU-507605,TreatmentA,B01,98.1,-64.34,165.6,18.4,77.3,-37.9,1.582,52.2,73,0.6174,1,1
NEU-504418,TreatmentB,B02,109.97,-69.85,200.1,6.46,49.0,-40.17,0.818,42.4,100,0.307,0,0
NEU-509743,Control,B03,119.01,-65.58,200.7,12.21,68.4,-44.21,1.722,56.2,85,0.7911,1,0
NEU-507331,TreatmentB,B03,75.72,-58.93,231.1,8.57,85.9,-44.1,0.625,74.9,85,0.4795,1,0
NEU-503687,Control,B01,91.47,-66.85,164.7,16.4,179.7,-41.18,1.353,40.9,86,0.3436,1,0
NEU-502337,TreatmentB,B01,111.71,-62.64,195.4,18.59,73.4,-33.59,1.329,49.5,75,0.2549,1,0
NEU-509047,Control,B03,117.9,-67.28,171.6,15.98,176.4,-39.86,1.094,54.6,82,0.1106,1,0
NEU-503782,TreatmentA,B02,103.38,-55.33,133.4,11.37,101.9,-42.51,1.143,40.6,96,0.2535,1,0
NEU-504934,TreatmentB,B02,94.29,-65.38,134.4,9.6,133.1,-44.2,0.88,74.6,91,0.4236,0,1
NEU-506710,TreatmentA,B03,96.69,-63.35,274.6,19.5,28.2,-43.42,0.822,52.5,73,0.4397,1,0
NEU-503879,TreatmentB,B01,107.53,-61.59,82.6,16.04,55.7,-39.64,0.803,60.0,83,0.5492,1,1
NEU-502590,TreatmentB,B03,109.86,-69.14,162.4,13.99,64.4,-41.07,1.04,55.6,71,0.1889,1,0
NEU-503533,TreatmentA,B02,116.62,-53.7,304.5,23.87,91.1,-49.48,1.225,55.3,81,0.2039,0,0
NEU-502250,TreatmentA,B02,106.76,-69.81,444.4,21.35,1.7,-39.02,0.869,50.3,83,0.4579,0,1
NEU-503018,Control,B02,108.44,-54.66,79.8,14.17,94.6,-45.27,1.005,26.0,76,0.2591,1,0
NEU-507729,Control,B01,84.3,-71.96,212.9,9.17,94.4,-49.66,0.791,30.0,90,0.2922,0,1
NEU-502029,Control,B01,134.32,-63.26,126.6,16.06,48.3,-41.35,1.336,38.6,82,0.2868,0,0
NEU-505509,TreatmentA,B03,87.34,-59.37,267.6,9.19,73.0,-46.39,1.638,73.1,85,0.5853,1,0
NEU-504484,TreatmentB,B01,135.9,-68.38,324.6,16.49,46.6,-41.11,1.0,52.0,98,0.6964,0,1
NEU-504603,TreatmentA,B01,90.48,-68.95,491.5,11.86,90.8,-43.76,0.848,41.3,89,0.4044,0,1
NEU-501232,TreatmentB,B03,102.61,-70.82,114.0,27.25,103.6,-43.74,0.905,60.0,97,0.4676,0,0
NEU-504803,TreatmentA,B02,103.21,-64.72,318.6,21.42,143.3,-37.51,0.881,39.4,83,0.6862,1,1
NEU-507019,Control,B01,104.61,-67.22,238.1,16.87,60.0,-38.84,0.702,35.5,76,0.3433,0,1
NEU-505565,Control,B01,86.28,-62.09,333.3,16.03,95.1,-35.15,0.895,35.9,86,0.5351,0,1
NEU-506933,Control,B02,93.79,-62.7,230.5,8.49,151.0,-42.64,0.761,33.1,101,0.22,0,1
NEU-505584,TreatmentA,B03,96.94,-68.58,139.2,11.98,159.5,-47.03,1.102,51.0,76,0.3128,1,1
NEU-503542,TreatmentA,B02,120.33,-68.32,219.7,10.01,122.6,-37.58,1.091,50.6,87,0.159,1,1
NEU-502959,TreatmentB,B02,122.93,-56.1,208.8,12.75,86.5,-38.51,0.953,60.1,98,0.4827,0,0
NEU-509551,Control,B01,79.88,-63.83,317.3,17.87,141.2,-37.65,1.415,13.9,84,0.582,0,1
NEU-509964,TreatmentA,B03,67.36,-61.85,93.5,16.9,68.3,-41.34,1.449,39.2,69,0.5054,1,1
NEU-506006,TreatmentA,B02,102.75,-63.43,167.2,5.99,24.1,-42.74,0.947,46.6,89,0.2541,1,1
NEU-500962,Control,B03,92.06,-63.0,420.4,12.52,73.3,-45.46,1.47,41.8,95,0.4916,0,1
NEU-509796,TreatmentA,B01,88.97,-74.27,263.6,18.58,82.0,-39.32,0.974,51.5,69,0.32,1,0
NEU-505006,TreatmentB,B03,132.61,-63.1,246.1,9.73,75.3,-37.9,1.359,63.0,98,0.3503,1,1
NEU-509188,TreatmentB,B01,80.82,-65.88,329.3,15.2,128.9,-47.91,0.886,65.7,84,0.3115,1,0
NEU-509377,TreatmentA,B03,94.08,-61.17,309.3,23.45,154.9,-36.2,1.004,55.2,80,0.3368,1,0
NEU-508826,TreatmentB,B03,86.68,-65.32,359.7,8.31,45.2,-43.29,1.599,51.4,73,0.6109,1,1
NEU-505849,TreatmentB,B02,118.88,-64.05,257.9,12.49,110.9,-45.82,0.766,64.1,99,0.44,0,1
NEU-503958,TreatmentB,B01,98.26,-65.93,159.5,9.73,14.0,-45.8,1.241,62.4,83,0.2066,1,1
NEU-505470,TreatmentA,B03,115.32,-63.27,49.0,10.57,121.6,-43.23,1.505,44.6,84,0.5221,1,0
NEU-508093,Control,B03,100.4,-63.06,198.5,14.99,45.5,-44.76,1.359,54.1,72,0.3396,1,1
NEU-505555,TreatmentA,B03,70.47,-66.34,341.6,13.56,78.1,-46.76,0.648,62.6,98,0.4925,0,0
NEU-503888,TreatmentB,B02,87.93,-69.58,115.7,7.93,85.2,-38.05,1.155,52.3,61,0.4279,1,0
NEU-502881,TreatmentA,B02,111.07,-54.55,159.3,10.38,75.8,-35.76,0.785,38.3,90,0.3253,0,0
NEU-506236,TreatmentA,B02,117.3,-49.57,294.3,19.64,15.1,-46.46,1.242,23.3,89,0.5821,0,0
NEU-505660,TreatmentB,B01,88.42,-65.16,144.6,17.01,86.1,-39.77,1.727,59.6,89,0.4059,1,1
NEU-503774,Control,B02,89.18,-64.45,247.4,10.59,149.4,-41.03,1.174,53.6,90,0.6133,0,1
NEU-503253,Control,B03,84.23,-59.95,193.0,17.83,130.9,-43.05,1.221,34.7,85,0.1674,0,0
NEU-508838,TreatmentA,B03,99.47,-64.68,136.4,12.37,112.1,-46.48,1.401,49.9,81,0.4444,1,1
NEU-500872,TreatmentB,B01,114.37,-68.01,144.7,10.47,116.9,-41.45,1.04,85.3,83,0.4542,1,1
NEU-507376,TreatmentA,B01,98.82,-55.63,123.2,10.7,119.3,-44.15,1.073,68.6,96,0.5068,1,0
NEU-507343,Control,B03,105.56,-58.11,185.4,15.85,134.4,-44.19,1.083,24.6,84,0.0918,0,0
NEU-508833,Control,B01,92.39,-59.56,125.3,10.68,148.9,-39.86,0.726,45.3,78,0.3114,1,1
NEU-507499,Control,B03,89.94,-64.63,104.1,13.37,114.9,-46.23,1.413,65.4,96,0.1358,1,1
NEU-505278,TreatmentB,B02,89.72,-71.96,169.3,15.42,107.9,-29.74,1.531,58.1,84,0.6139,1,0
NEU-504745,Control,B02,120.22,-72.56,297.6,12.07,171.0,-37.78,1.226,51.5,95,0.4847,0,0
NEU-507456,TreatmentB,B01,98.29,-62.0,189.1,16.7,36.4,-37.91,0.748,78.7,83,0.2788,1,0
NEU-509265,Control,B02,105.21,-65.28,124.4,17.36,118.2,-44.5,1.257,53.5,79,0.2106,1,0
NEU-504397,TreatmentA,B01,60.14,-63.26,128.4,25.75,153.3,-46.61,0.753,65.7,95,0.3215,1,0
NEU-509144,Control,B01,121.42,-68.88,186.3,14.14,82.5,-34.63,0.766,58.0,98,0.1883,0,0
NEU-501717,Control,B03,105.45,-67.86,121.0,9.86,119.5,-41.59,1.767,21.8,91,0.2903,1,1
NEU-503851,Control,B01,116.72,-63.37,249.8,11.36,130.6,-43.99,1.135,57.3,96,0.5684,0,1
NEU-503831,Control,B03,94.83,-77.85,102.3,31.76,129.0,-41.22,0.808,40.3,75,0.3527,0,0
NEU-508415,Control,B01,73.01,-60.22,187.6,8.59,116.9,-41.48,1.088,39.0,95,0.5806,0,0
NEU-501816,TreatmentB,B03,107.64,-64.0,88.7,9.49,126.8,-40.6,0.777,56.6,78,0.4356,0,0
NEU-504589,Control,B01,128.22,-78.72,74.2,6.92,156.8,-37.58,1.281,53.2,90,0.4036,1,0
NEU-500976,Control,B02,88.88,-62.73,157.1,10.3,185.6,-42.16,0.89,66.9,88,0.4494,0,1
NEU-504901,Control,B03,90.3,-67.61,273.7,11.95,132.5,-41.39,0.873,52.3,90,0.4363,0,1
NEU-509516,TreatmentB,B02,89.78,-72.69,114.6,21.29,108.8,-43.78,0.936,77.9,85,0.2145,1,0
NEU-507645,TreatmentB,B02,105.71,-69.02,130.8,36.09,140.2,-46.19,0.514,68.6,69,0.3953,1,0
NEU-502519,TreatmentB,B01,85.29,-61.19,82.3,18.2,86.5,-39.46,1.13,74.4,91,0.3624,1,1
NEU-500577,TreatmentB,B02,118.95,-68.92,400.7,22.01,131.1,-44.63,2.297,52.8,84,0.2173,1,0
NEU-507746,TreatmentB,B02,107.73,-68.44,174.3,19.79,78.2,-45.85,1.112,69.5,103,0.2957,1,1
NEU-508713,TreatmentA,B01,68.92,-67.21,260.6,12.75,112.3,-39.04,0.932,30.4,86,0.1689,0,1
NEU-509114,Control,B02,99.54,-64.27,188.1,5.82,144.3,-46.55,1.217,53.0,77,0.3224,1,1
NEU-503425,Control,B02,138.78,-71.3,114.7,8.93,102.1,-38.44,1.494,27.4,92,0.4392,1,0
NEU-508050,TreatmentA,B02,74.35,-54.19,242.1,14.92,75.5,-50.13,1.088,75.7,85,0.387,1,0
NEU-501567,TreatmentB,B01,124.65,-65.02,185.5,12.16,29.9,-44.69,0.627,37.0,97,0.2079,0,1
NEU-502135,Control,B02,104.0,-67.03,422.3,13.05,78.1,-40.42,0.845,19.2,100,0.5815,0,1
NEU-503467,Control,B03,109.17,-68.35,274.2,26.41,194.6,-43.32,1.04,28.5,75,0.5066,1,1
NEU-504053,TreatmentA,B01,92.79,-55.9,243.3,10.18,100.5,-32.2,0.803,55.1,96,0.4789,1,0
NEU-509485,TreatmentB,B02,117.63,-62.55,142.3,10.28,49.4,-41.78,1.092,57.9,74,0.27,1,1
NEU-507756,TreatmentB,B01,103.11,-60.94,248.3,16.06,103.6,-40.27,0.92,44.9,104,0.3602,0,0
NEU-500720,TreatmentB,B01,113.26,-74.62,218.6,12.4,24.9,-46.89,0.816,86.1,79,0.4451,1,0
NEU-507082,TreatmentA,B02,86.75,-75.44,365.2,16.64,67.8,-40.11,0.783,35.1,87,0.3504,0,0
NEU-500406,TreatmentA,B02,98.67,-79.92,131.8,9.79,25.6,-42.48,0.88,59.5,66,0.3709,1,0
NEU-506696,Control,B01,100.01,-65.65,165.0,24.32,164.8,-36.93,0.768,43.1,99,0.3797,0,1
NEU-509711,TreatmentA,B01,106.62,-62.18,93.1,13.59,145.0,-43.25,0.511,74.2,90,0.6018,0,0
NEU-509423,TreatmentB,B01,113.25,-58.9,138.1,10.81,87.7,-43.08,0.837,60.2,63,0.5525,0,0
NEU-502455,TreatmentA,B01,81.9,-63.06,113.6,12.96,103.8,-39.34,1.062,55.6,81,0.4463,1,1
NEU-501688,Control,B03,103.09,-74.15,104.5,12.28,87.1,-39.72,1.314,35.8,100,0.5556,0,0
NEU-500811,TreatmentB,B03,79.3,-61.78,413.3,11.62,134.0,-40.69,1.618,57.4,73,0.3258,0,1
NEU-502129,TreatmentA,B02,90.83,-70.85,179.2,13.02,53.2,-44.97,0.787,41.5,75,0.3827,0,0
NEU-507849,TreatmentB,B02,121.54,-73.1,280.6,20.42,69.0,-42.6,1.239,64.3,71,0.3965,1,0
NEU-508258,TreatmentB,B01,81.89,-68.77,352.5,18.23,114.9,-46.72,1.172,59.0,78,0.6272,0,1
NEU-504102,Control,B02,126.82,-66.73,147.4,5.3,128.0,-47.11,1.131,49.5,84,0.4696,1,1
NEU-508646,TreatmentB,B01,76.23,-59.76,177.1,8.71,82.3,-41.02,1.658,74.2,77,0.5209,1,0
NEU-500163,Control,B01,72.45,-60.52,232.4,25.17,175.6,-39.73,1.086,33.7,91,0.5662,0,1
NEU-506988,TreatmentA,B02,110.29,-54.11,349.6,9.32,161.4,-38.16,1.237,40.9,68,0.649,0,0
NEU-500038,TreatmentB,B03,65.37,-72.47,135.1,9.87,69.5,-41.68,1.789,88.3,87,0.158,1,1
NEU-504367,TreatmentB,B02,91.03,-66.97,137.8,17.47,138.2,-42.0,0.912,72.2,78,0.3592,0,1
NEU-508505,Control,B02,108.96,-60.16,122.1,22.86,95.6,-42.09,1.22,66.0,96,0.5398,1,0
NEU-509183,TreatmentB,B02,112.62,-71.02,252.1,18.52,80.1,-38.88,0.607,51.9,80,0.2075,1,0
NEU-508752,Control,B01,77.94,-61.44,138.2,44.28,75.5,-43.89,0.816,51.6,71,0.1885,1,0
NEU-504609,TreatmentB,B02,111.62,-71.32,139.7,8.37,90.5,-50.77,1.307,45.8,73,0.4607,1,0
NEU-505679,Control,B03,92.22,-57.32,261.1,9.15,78.9,-40.09,0.924,24.2,80,0.702,0,0
NEU-501343,TreatmentA,B03,96.66,-66.3,122.6,10.51,137.8,-44.21,0.969,53.8,85,0.4231,1,1
NEU-503720,Control,B02,108.35,-73.42,317.9,11.6,122.0,-39.42,0.731,38.7,85,0.3383,0,0
NEU-504553,TreatmentA,B03,101.31,-75.82,148.8,9.45,76.4,-46.44,0.9,65.8,87,0.1992,1,1
NEU-506661,TreatmentA,B01,116.0,-64.9,259.5,15.66,124.2,-41.34,1.088,60.6,77,0.4253,1,1
NEU-509749,Control,B02,93.26,-57.06,107.5,19.42,125.5,-51.66,0.511,52.5,72,0.4294,0,0
NEU-501274,TreatmentB,B03,125.33,-51.47,153.8,15.06,27.5,-46.83,1.051,74.7,97,0.4632,1,0
NEU-503166,TreatmentA,B01,124.75,-63.77,313.7,15.39,69.4,-44.5,0.927,50.6,96,0.4186,0,0
NEU-504954,Control,B03,101.38,-68.99,177.0,17.51,61.4,-42.55,1.116,33.4,75,0.3584,0,0
NEU-505998,TreatmentB,B02,126.84,-58.4,262.0,25.43,83.1,-44.71,1.329,64.8,88,0.2932,1,0
NEU-505740,TreatmentB,B02,96.58,-58.91,145.0,17.6,55.2,-40.66,1.073,47.1,82,0.4995,0,0
NEU-503341,TreatmentA,B03,109.06,-72.49,165.7,7.06,154.3,-48.96,0.946,40.8,92,0.0474,0,1
NEU-500239,TreatmentA,B01,119.88,-71.23,213.5,16.74,122.0,-46.94,0.877,11.9,78,0.2464,0,0
NEU-507528,TreatmentB,B02,98.28,-70.18,239.2,31.77,41.7,-35.07,1.356,58.1,77,0.2452,0,0
NEU-504107,TreatmentB,B01,107.55,-61.11,121.9,10.4,110.6,-39.6,0.805,52.8,97,0.4874,0,0
NEU-506981,TreatmentA,B01,92.18,-53.3,136.5,16.57,61.6,-40.05,0.764,48.7,71,0.6831,1,1
NEU-503438,TreatmentA,B03,87.51,-61.01,220.7,29.96,80.1,-41.97,0.856,29.4,77,0.2379,0,0
NEU-500698,TreatmentB,B02,98.92,-71.99,104.7,13.55,117.1,-40.97,1.183,80.6,88,0.6521,1,1
NEU-503383,TreatmentB,B02,102.55,-66.72,289.8,9.36,33.9,-42.71,1.379,77.9,76,0.4141,1,0
NEU-502283,Control,B03,131.14,-66.33,320.3,14.79,89.1,-39.29,1.293,23.3,82,0.6042,0,1
NEU-505937,Control,B01,86.57,-61.48,313.8,16.15,139.3,-38.74,0.995,62.2,93,0.4928,0,1
NEU-505958,TreatmentA,B03,82.52,-66.2,147.3,17.27,122.1,-38.5,1.583,51.8,79,0.3758,1,0
NEU-501384,TreatmentB,B03,108.28,-67.12,142.6,9.29,12.3,-40.33,0.832,52.9,87,0.6434,1,0
NEU-502861,TreatmentA,B01,81.57,-69.69,316.1,19.37,126.2,-47.08,0.959,64.3,86,0.4528,0,1
NEU-507482,TreatmentB,B01,93.01,-65.74,113.3,20.23,45.7,-43.57,1.073,71.0,88,0.5258,1,1
NEU-508956,TreatmentA,B01,114.06,-63.19,108.8,24.27,100.3,-42.6,1.036,41.3,80,0.3619,0,1
NEU-507034,Control,B02,86.65,-63.77,160.6,11.21,157.2,-40.47,0.802,32.0,102,0.4704,0,1
NEU-509319,TreatmentA,B01,97.49,-59.12,239.8,8.16,90.1,-43.48,1.181,58.3,83,0.299,0,1
NEU-506265,Control,B03,118.24,-71.09,178.1,15.77,76.0,-36.23,1.696,52.6,84,0.2753,0,0
NEU-508207,TreatmentB,B03,89.75,-69.16,91.0,16.72,39.3,-36.06,1.141,60.1,79,0.2824,0,1
NEU-502793,TreatmentB,B03,92.59,-57.7,115.1,25.3,154.3,-33.92,1.565,68.9,94,0.3903,1,0
NEU-506238,Control,B01,90.28,-61.98,202.9,13.19,159.8,-39.42,0.642,39.9,74,0.4479,0,0
NEU-509267,Control,B01,76.28,-58.02,257.6,13.74,142.0,-47.62,1.384,59.2,86,0.3686,1,0
NEU-508424,TreatmentB,B02,86.45,-68.89,260.0,10.43,85.2,-40.23,1.079,58.7,81,0.6703,1,0
NEU-505241,TreatmentA,B02,105.91,-67.45,236.6,7.04,48.5,-46.22,1.299,60.8,95,0.4708,1,0
NEU-503724,Control,B02,122.59,-64.51,189.8,12.75,134.5,-42.28,0.733,31.2,72,0.3811,0,1
NEU-504416,Control,B01,106.53,-61.54,267.6,11.22,96.3,-38.66,1.434,41.5,91,0.4642,0,0
NEU-500017,Control,B03,106.71,-63.91,173.6,12.2,110.2,-45.04,1.138,52.0,99,0.7381,0,0
NEU-508109,TreatmentA,B02,97.21,-68.63,309.3,8.05,105.2,-37.13,2.364,47.7,79,0.5595,1,0
NEU-504354,Control,B02,103.51,-61.29,136.8,7.81,138.6,-40.42,0.826,46.4,92,0.6077,0,0
NEU-509454,TreatmentB,B03,111.93,-52.65,160.2,6.17,60.7,-39.31,1.242,57.2,74,0.3599,1,0
NEU-502397,TreatmentB,B01,92.62,-68.85,268.0,15.45,14.8,-38.33,0.808,48.6,99,0.5714,1,1
NEU-501115,Control,B02,115.01,-64.0,238.2,12.2,131.1,-50.97,1.741,49.1,89,0.5435,1,1
NEU-501835,TreatmentB,B03,107.0,-61.73,352.9,13.08,81.0,-42.13,1.076,88.4,94,0.2607,1,0
NEU-505152,Control,B02,98.57,-62.28,173.6,7.93,117.6,-45.04,1.285,51.4,77,0.5917,1,0
NEU-500136,TreatmentB,B01,124.83,-67.9,114.7,11.57,42.4,-42.91,1.274,41.6,92,0.2472,1,1
NEU-509383,TreatmentA,B02,101.26,-67.85,228.1,20.31,88.5,-41.89,1.105,75.2,80,0.3613,1,0
NEU-500245,Control,B02,112.36,-56.0,222.1,15.38,111.1,-44.78,0.788,41.0,82,0.266,0,0
NEU-505608,TreatmentB,B01,96.7,-66.68,153.7,15.73,-7.6,-36.52,1.253,49.9,85,0.5869,1,1
NEU-505581,Control,B03,87.73,-63.33,147.9,9.19,137.8,-47.76,0.925,45.2,78,0.7538,1,0
NEU-501527,Control,B01,114.58,-68.22,291.3,14.75,113.5,-38.63,0.972,57.3,91,0.3834,1,0
NEU-505604,TreatmentB,B03,83.82,-49.93,459.4,11.49,24.6,-38.37,1.51,53.8,74,0.3721,0,0
NEU-502762,Control,B02,110.38,-64.55,262.3,6.61,110.4,-43.83,1.096,44.9,90,0.2955,0,1
NEU-507172,TreatmentB,B02,75.82,-70.45,242.0,19.17,91.5,-47.68,0.779,76.1,89,0.5069,1,1
NEU-503944,Control,B03,95.44,-55.82,320.9,23.81,65.4,-43.75,0.698,26.4,98,0.2592,0,0
NEU-507209,TreatmentB,B03,91.47,-67.98,230.6,16.76,59.7,-46.41,1.54,46.7,90,0.4511,0,1
NEU-508812,TreatmentA,B03,96.74,-66.92,116.0,17.8,43.7,-36.48,0.886,44.5,91,0.1729,1,1
NEU-506536,TreatmentA,B03,88.48,-57.47,227.6,19.4,120.4,-39.49,0.853,42.2,92,0.4532,1,0
NEU-503397,TreatmentA,B03,109.07,-63.83,92.3,14.98,129.9,-36.15,0.82,68.1,81,0.4683,1,1
NEU-505914,Control,B01,113.17,-62.87,190.0,16.34,79.2,-42.06,1.309,55.0,90,0.6903,1,1
NEU-503519,TreatmentA,B01,125.11,-57.12,282.5,10.88,78.1,-41.82,1.173,22.2,102,0.1583,0,1
NEU-501488,TreatmentB,B03,84.56,-65.47,274.2,18.54,9.7,-37.81,1.915,77.0,83,0.5408,1,1
NEU-503998,Control,B01,105.12,-69.0,195.4,16.76,66.7,-45.78,0.559,44.0,71,0.1557,0,0
NEU-507580,TreatmentB,B01,101.51,-67.36,221.9,14.08,68.1,-48.22,0.911,85.1,78,0.4664,0,1
NEU-501068,Control,B03,89.29,-70.38,60.8,7.52,184.5,-45.3,2.083,33.5,79,0.6998,1,0
NEU-502740,TreatmentB,B03,105.41,-64.11,438.9,30.16,109.1,-46.87,0.862,73.1,87,0.262,0,0
NEU-501950,Control,B02,84.34,-61.86,158.2,7.41,95.3,-42.13,1.423,49.1,88,0.7065,1,0
NEU-508324,TreatmentA,B01,102.16,-73.41,126.7,9.94,72.3,-40.65,1.185,58.8,84,0.3073,1,0
NEU-503665,TreatmentA,B03,86.61,-65.48,88.7,10.46,67.6,-42.04,1.871,70.7,85,0.6435,1,0
NEU-505445,Control,B03,94.02,-70.97,158.1,13.9,108.8,-46.16,1.317,35.3,64,0.3318,0,0
NEU-505254,TreatmentB,B03,112.83,-71.96,372.7,8.11,136.6,-42.75,0.755,57.2,80,0.2781,0,0
NEU-502870,Control,B02,88.11,-74.56,179.4,18.03,145.3,-43.03,1.061,27.0,82,0.2881,1,0
NEU-509119,TreatmentA,B02,105.49,-59.23,303.8,20.0,91.5,-31.09,0.583,50.1,96,0.4002,1,0
NEU-501542,TreatmentB,B03,93.69,-60.03,181.6,9.19,64.2,-49.15,1.056,65.6,58,0.3018,1,0
NEU-501009,Control,B02,105.42,-69.5,170.3,13.15,75.1,-49.81,1.67,49.1,80,0.3724,1,1
NEU-503106,TreatmentB,B02,80.65,-55.32,345.7,7.21,67.7,-49.76,1.434,81.3,85,0.3663,0,1
NEU-508208,TreatmentB,B03,79.94,-54.69,145.6,8.58,86.6,-40.15,1.779,28.9,82,0.5199,1,0
NEU-508377,TreatmentB,B01,92.31,-61.38,112.3,9.09,70.3,-43.95,0.909,39.2,107,0.3833,0,0
NEU-509029,TreatmentA,B02,97.01,-61.9,131.5,15.26,79.0,-41.17,0.954,55.6,104,0.4007,1,1
NEU-509936,Control,B03,97.92,-67.78,303.9,13.65,148.4,-37.77,1.09,43.4,85,0.4894,0,1
NEU-507953,Control,B01,88.94,-62.75,188.1,29.35,108.6,-48.48,1.017,55.7,84,0.3276,0,1
NEU-507656,Control,B01,113.64,-67.08,254.4,23.17,82.5,-34.81,0.52,53.9,94,0.4014,0,1
NEU-509989,TreatmentB,B02,81.44,-68.9,139.2,30.87,83.1,-43.3,1.067,44.0,89,0.2599,1,0
NEU-509360,TreatmentA,B01,82.23,-60.47,83.7,16.95,118.1,-41.1,1.355,15.2,88,0.1645,0,0
NEU-509863,Control,B03,82.0,-55.15,123.0,9.74,117.6,-41.95,0.746,67.6,81,0.5373,1,0
NEU-506542,Control,B03,82.28,-63.43,115.9,10.4,92.1,-39.95,1.157,42.3,65,0.5295,1,0
NEU-509255,TreatmentB,B01,81.86,-70.14,94.0,10.73,31.9,-42.03,2.058,63.1,86,0.1607,1,0
NEU-506614,TreatmentA,B01,87.0,-61.51,110.1,16.67,138.7,-36.63,0.801,37.3,81,0.568,0,1
NEU-509556,Control,B01,131.83,-71.67,232.6,22.48,133.8,-42.08,0.791,68.9,100,0.3988,1,0
NEU-501954,TreatmentA,B01,78.38,-55.4,129.5,10.25,100.1,-40.95,0.978,50.7,96,0.4537,0,0
NEU-505457,Control,B03,120.93,-57.48,104.7,24.05,115.2,-51.44,1.345,46.7,98,0.309,0,0
NEU-502736,Control,B03,95.54,-68.5,157.9,14.71,118.8,-40.77,0.798,32.1,81,0.0935,0,0
NEU-503727,TreatmentA,B02,75.74,-66.53,220.4,17.84,75.3,-45.38,1.18,55.6,79,0.1983,0,0
NEU-505325,TreatmentA,B03,105.94,-68.47,192.5,33.92,170.6,-45.51,1.286,25.8,73,0.5432,0,1
NEU-500361,TreatmentB,B03,87.14,-63.34,177.6,10.99,74.6,-44.68,1.183,53.2,84,0.3634,0,1
NEU-504880,Control,B02,105.1,-69.03,131.6,9.16,185.3,-39.2,1.012,42.3,80,0.6002,1,0
NEU-505267,TreatmentB,B03,85.64,-64.35,306.5,16.13,89.8,-42.05,1.174,75.6,78,0.3642,1,1
NEU-503334,Control,B01,109.13,-68.73,407.6,27.68,185.5,-47.64,0.665,52.8,81,0.1888,0,0
NEU-504166,TreatmentB,B01,78.91,-64.42,326.0,12.07,72.3,-40.51,1.298,76.7,85,0.2386,1,1
NEU-509442,Control,B03,120.13,-57.3,444.9,12.03,139.8,-40.54,1.282,51.8,82,0.4634,0,0
NEU-507993,TreatmentA,B01,80.31,-65.75,218.5,16.87,132.9,-45.1,1.163,47.7,71,0.1079,0,1
NEU-509801,TreatmentA,B02,80.5,-70.47,185.5,24.29,126.1,-40.33,1.435,28.3,92,0.4315,1,1
NEU-507197,TreatmentA,B01,87.81,-65.46,68.3,12.43,157.7,-46.32,0.917,53.3,85,0.4862,1,1
NEU-504521,TreatmentA,B01,100.43,-68.1,127.2,13.17,142.3,-37.56,1.213,54.5,104,0.4453,0,1
NEU-502158,Control,B03,127.44,-57.6,238.6,14.1,104.6,-43.65,0.613,43.9,94,0.2907,0,0
NEU-501701,Control,B03,80.04,-61.15,168.9,15.01,115.4,-43.72,0.531,34.1,89,0.2392,0,0
NEU-504725,Control,B01,76.94,-70.26,505.8,24.84,76.5,-42.17,1.003,31.2,76,0.3572,0,1
NEU-502698,Control,B01,109.39,-58.28,268.1,16.19,79.3,-38.43,1.018,25.1,81,0.356,0,0
NEU-507590,TreatmentB,B02,104.48,-74.12,157.2,16.8,69.6,-38.19,1.226,60.4,87,0.3186,0,0
NEU-508455,TreatmentA,B02,92.82,-60.67,268.6,9.89,73.3,-43.34,1.749,31.9,98,0.3986,0,1
NEU-508951,TreatmentA,B01,103.78,-67.99,233.4,12.52,67.4,-39.21,0.706,65.6,88,0.3864,1,1
NEU-501698,Control,B03,97.82,-60.26,374.1,22.48,167.5,-47.35,0.753,24.1,91,0.2862,0,0
NEU-509314,TreatmentA,B03,96.31,-62.3,184.6,22.8,76.8,-36.09,1.209,75.7,92,0.3248,1,0
NEU-508106,TreatmentA,B01,124.11,-65.36,228.9,15.17,164.1,-36.15,0.928,43.4,78,0.3715,0,0
NEU-506784,TreatmentA,B03,104.28,-77.48,199.9,19.59,83.9,-39.63,1.447,68.9,78,0.2809,1,0
NEU-507857,Control,B01,91.11,-78.74,264.3,15.12,144.1,-37.84,1.076,39.7,97,0.3001,1,0
NEU-500560,TreatmentB,B02,108.32,-61.36,165.7,10.36,50.9,-34.56,0.794,52.4,92,0.3171,1,1
NEU-506443,TreatmentB,B03,119.3,-75.15,246.7,6.3,31.7,-39.53,1.232,80.3,91,0.4621,1,0
NEU-508442,Control,B02,87.25,-54.08,128.6,11.93,100.8,-44.13,1.01,33.1,71,0.2885,1,0
NEU-508485,TreatmentA,B02,122.87,-71.08,155.2,24.16,145.0,-50.32,0.955,65.9,81,0.4421,0,1
NEU-501583,TreatmentB,B03,95.93,-67.31,119.3,22.19,35.7,-42.7,1.917,41.4,89,0.5221,1,1
NEU-505060,TreatmentA,B03,86.92,-72.72,553.9,14.47,30.8,-38.39,1.172,77.6,110,0.4514,0,0
NEU-509269,TreatmentA,B02,107.65,-61.46,220.7,6.98,117.7,-39.58,0.57,62.6,101,0.4232,1,0
NEU-509052,Control,B02,98.62,-65.4,192.2,16.16,106.2,-43.57,1.526,10.3,97,0.2219,0,1
NEU-504342,Control,B02,129.78,-58.6,182.7,12.93,64.9,-42.28,1.816,30.7,76,0.2513,1,0
NEU-504445,Control,B01,92.09,-59.42,245.3,7.68,66.1,-46.8,1.209,40.7,100,0.463,1,0
NEU-501012,TreatmentA,B01,87.52,-67.59,129.1,23.53,124.0,-49.85,0.616,28.4,93,0.3749,0,1
NEU-504349,Control,B01,114.19,-59.21,101.0,25.88,149.5,-36.86,2.02,49.9,92,0.4254,1,0
NEU-502456,TreatmentB,B02,88.89,-61.35,351.3,12.78,63.7,-44.98,1.467,64.9,96,0.6196,0,0
NEU-500596,TreatmentB,B02,114.67,-62.88,274.5,25.42,91.4,-50.3,0.73,59.6,103,0.4678,0,1
NEU-508545,TreatmentB,B01,81.1,-57.67,267.2,13.62,40.6,-46.08,0.81,81.7,89,0.446,0,0
NEU-505632,TreatmentA,B01,92.0,-61.24,177.6,8.86,117.2,-41.96,0.794,74.2,86,0.276,1,1
NEU-501912,Control,B01,111.41,-72.86,388.6,14.7,111.3,-44.96,1.723,15.6,90,0.4857,0,0
NEU-505850,TreatmentA,B01,112.15,-70.13,248.2,16.92,79.3,-39.52,2.036,63.5,101,0.3203,1,0
NEU-502577,TreatmentA,B01,108.54,-70.97,123.5,9.49,92.1,-41.74,0.96,34.9,80,0.4757,0,1
NEU-502594,Control,B03,95.01,-66.03,305.3,17.04,123.5,-42.27,1.073,36.0,86,0.3846,0,1
NEU-508920,TreatmentA,B03,110.76,-76.63,217.6,21.67,103.6,-51.41,1.141,46.9,83,0.3787,0,0
NEU-501005,Control,B01,104.94,-61.44,167.0,39.39,131.6,-36.57,0.926,24.0,94,0.2116,0,0
NEU-501889,TreatmentA,B02,98.54,-57.41,226.6,6.93,110.1,-40.63,0.578,42.7,94,0.2444,0,1
NEU-503842,TreatmentA,B01,120.71,-60.71,431.6,6.18,48.9,-39.58,0.879,33.2,84,0.3358,0,1
NEU-505611,Control,B01,114.73,-77.74,232.8,14.0,129.3,-47.82,1.073,29.2,109,0.3097,0,0
NEU-506369,TreatmentB,B03,92.41,-67.29,154.7,27.04,57.8,-45.35,0.885,51.7,89,0.3068,1,1
NEU-502208,TreatmentA,B03,101.62,-62.34,105.0,13.92,114.1,-48.75,0.872,35.2,85,0.3267,0,1
NEU-506916,TreatmentB,B01,105.14,-64.03,202.9,51.01,63.7,-43.68,1.133,76.3,64,0.2866,1,0
NEU-506865,TreatmentA,B01,101.75,-70.54,382.5,15.77,173.0,-45.01,0.646,31.8,91,0.4236,0,1
NEU-505279,Control,B03,93.44,-65.37,417.0,11.32,153.9,-41.32,0.77,6.2,93,0.3424,0,1
NEU-506874,Control,B02,102.2,-61.87,236.8,13.72,90.2,-37.74,0.972,44.2,95,0.2078,0,1
NEU-503167,TreatmentB,B01,96.57,-75.04,171.4,13.58,82.6,-41.23,1.208,69.8,86,0.523,1,0
NEU-500310,TreatmentB,B01,94.05,-71.54,144.6,29.61,121.2,-44.69,1.669,48.1,73,0.5815,1,1
NEU-508026,TreatmentA,B03,111.01,-74.0,105.2,21.86,111.3,-35.93,1.227,19.7,81,0.0907,0,0
NEU-505892,TreatmentB,B02,127.39,-57.51,282.4,8.85,86.0,-44.89,0.889,47.6,66,0.2074,0,1
NEU-506438,TreatmentB,B01,77.29,-68.06,144.8,24.07,85.2,-45.66,0.837,74.1,76,0.268,1,0
NEU-504081,TreatmentA,B02,73.51,-61.75,427.0,17.57,77.5,-43.9,1.043,52.8,95,0.4996,0,1
NEU-501983,TreatmentA,B02,107.57,-70.24,161.3,10.94,166.2,-41.66,1.446,74.0,76,0.6312,1,0
NEU-505899,TreatmentB,B02,109.06,-64.45,320.7,11.02,105.1,-45.54,1.613,70.0,79,0.5893,1,1
NEU-506494,TreatmentB,B03,111.44,-62.17,143.7,16.38,60.0,-38.27,1.304,47.4,87,0.3743,0,1
NEU-507106,TreatmentA,B01,102.42,-66.45,200.3,19.17,77.9,-43.22,0.948,50.5,85,0.5624,1,1
NEU-500912,TreatmentA,B01,95.01,-69.74,237.2,10.23,99.8,-47.2,0.829,34.7,89,0.419,0,0
NEU-506214,Control,B03,109.16,-71.26,85.4,15.59,158.5,-37.73,1.094,41.9,117,0.1542,0,0
NEU-506195,TreatmentA,B01,81.55,-72.35,141.5,17.71,78.0,-38.19,1.398,66.2,80,0.419,1,0
NEU-505193,Control,B03,93.7,-55.06,453.0,16.32,31.2,-43.44,0.862,22.6,86,0.6239,0,0
NEU-503093,TreatmentA,B03,98.32,-62.05,194.1,11.77,117.6,-34.99,1.505,65.9,97,0.4633,1,0
NEU-509697,TreatmentA,B02,88.29,-54.86,93.2,12.57,13.8,-46.51,0.857,48.3,87,0.575,0,0
NEU-503033,Control,B02,99.22,-61.29,180.8,6.87,109.8,-42.69,1.091,49.4,81,0.2816,1,1
NEU-507604,TreatmentB,B01,106.09,-59.25,208.8,12.28,76.2,-40.83,1.19,75.7,96,0.256,1,0
NEU-506026,Control,B03,102.35,-68.76,319.2,11.81,120.4,-45.75,0.663,34.7,77,0.2708,0,0
NEU-503218,TreatmentB,B03,89.21,-49.94,198.6,11.78,77.6,-42.32,1.034,61.7,84,0.2999,1,0
NEU-502747,TreatmentB,B02,98.53,-63.59,248.8,8.38,27.0,-45.84,1.093,59.1,99,0.2206,1,1
NEU-501559,TreatmentA,B01,124.88,-60.12,133.5,12.52,-5.5,-41.43,0.848,49.8,89,0.3254,1,1
NEU-508630,TreatmentB,B02,101.54,-64.12,385.5,17.09,131.5,-30.47,1.527,43.1,89,0.7386,0,1
NEU-509194,Control,B03,77.19,-68.54,178.4,13.03,102.6,-39.7,1.407,55.7,88,0.5304,1,1
NEU-507128,Control,B03,104.42,-58.21,265.6,13.06,100.2,-37.91,1.345,35.7,97,0.47,1,0
NEU-500849,Control,B03,83.74,-61.18,257.5,27.04,97.7,-39.19,1.047,12.9,89,0.2962,0,0
NEU-505243,TreatmentB,B03,103.17,-63.79,160.3,9.11,96.8,-47.47,1.002,62.6,82,0.5692,1,0
NEU-503660,TreatmentB,B02,80.27,-65.22,116.1,9.21,44.1,-44.07,0.673,53.7,90,0.393,0,1
NEU-506727,TreatmentA,B01,108.24,-74.17,340.5,12.49,153.9,-39.41,1.287,37.9,96,0.3064,0,0
NEU-503891,TreatmentA,B03,106.64,-48.64,296.5,10.61,27.2,-42.25,0.99,61.5,81,0.3294,0,1
NEU-501529,TreatmentA,B01,107.34,-56.24,121.9,18.47,127.4,-42.58,0.895,58.2,86,0.4646,1,0
NEU-501304,TreatmentB,B03,98.8,-65.07,91.4,14.16,101.1,-46.18,0.971,61.0,96,0.2994,1,1
NEU-509243,Control,B02,86.81,-72.18,423.2,6.06,118.8,-51.18,0.724,24.8,105,0.2135,0,1
NEU-504067,Control,B03,62.05,-66.72,205.5,9.84,192.4,-48.98,1.029,-1.9,87,0.2922,0,1
NEU-503789,TreatmentB,B01,112.1,-57.15,115.3,19.82,111.2,-36.94,1.042,71.5,97,0.7367,1,1
NEU-504371,Control,B03,70.12,-73.58,191.9,11.86,102.2,-44.16,0.6,45.8,87,0.5395,0,0
NEU-506898,Control,B03,101.19,-61.6,245.9,14.42,127.7,-41.73,1.103,46.1,79,0.2712,1,1
NEU-503325,TreatmentB,B02,107.45,-64.81,259.2,6.31,115.5,-39.37,0.869,64.8,84,0.306,0,1
NEU-506951,TreatmentB,B02,128.82,-60.99,223.7,17.88,36.7,-46.31,1.411,64.2,87,0.2713,1,0
NEU-501745,Control,B02,109.89,-66.75,352.6,5.45,112.9,-43.96,1.093,52.5,80,0.3662,0,1
NEU-506687,Control,B02,127.41,-72.41,123.9,8.59,191.4,-50.33,0.739,44.5,77,0.4459,0,0
NEU-505747,TreatmentA,B01,110.09,-69.12,276.5,16.19,98.5,-43.02,1.024,51.5,95,0.5946,1,1
NEU-508555,TreatmentA,B02,92.42,-70.17,370.4,14.65,115.9,-48.15,0.764,56.7,96,0.3408,1,1
NEU-503567,Control,B03,105.78,-55.94,130.3,5.15,127.4,-44.5,1.217,45.4,98,0.4553,1,0
NEU-506522,Control,B03,102.65,-67.39,335.0,9.32,76.8,-39.74,1.197,44.0,87,0.5942,0,0
NEU-508417,TreatmentB,B03,121.87,-66.77,208.7,13.15,46.1,-44.95,1.213,62.4,70,0.3376,1,1
NEU-504595,TreatmentB,B03,98.89,-55.36,163.0,11.1,147.8,-44.37,0.878,53.4,99,0.5168,0,0
NEU-502109,Control,B02,68.15,-72.15,110.6,17.03,128.3,-43.87,1.112,44.8,83,0.6244,1,1
NEU-501959,TreatmentB,B01,99.12,-71.79,212.5,16.05,108.8,-40.94,1.266,38.5,96,0.265,1,0
NEU-507944,Control,B01,131.44,-65.83,127.3,10.52,128.8,-41.71,1.47,35.3,94,0.2774,1,1
NEU-502588,TreatmentB,B02,85.75,-69.15,122.8,4.77,12.4,-36.79,0.574,69.5,74,0.8229,0,0
NEU-502483,TreatmentA,B01,89.78,-73.45,137.3,18.3,140.1,-43.19,1.229,61.1,89,0.427,1,0
NEU-501077,Control,B03,103.06,-59.17,200.7,11.12,114.6,-44.61,0.908,41.8,104,0.5226,0,0
NEU-504479,TreatmentB,B02,109.32,-67.14,235.8,30.69,100.5,-45.12,1.222,33.7,94,0.5422,0,1
NEU-502443,Control,B03,86.41,-59.35,306.5,6.39,61.5,-35.61,1.266,74.3,97,0.3963,1,0
NEU-503209,TreatmentB,B02,95.85,-63.02,226.4,18.07,99.9,-39.9,0.7,61.2,68,0.5204,1,1
NEU-503313,TreatmentA,B03,100.44,-73.19,217.4,9.71,167.8,-42.59,0.869,68.2,90,0.2839,0,1
NEU-509699,TreatmentA,B03,114.17,-59.18,134.4,9.7,112.2,-44.49,1.028,49.2,89,0.5616,0,0
NEU-503559,TreatmentB,B03,56.82,-75.26,107.5,8.15,75.5,-43.56,0.939,69.6,76,0.1662,1,1
NEU-506857,TreatmentA,B02,101.55,-61.03,351.6,15.48,77.9,-46.03,1.166,52.5,103,0.4312,0,1
NEU-509573,Control,B02,111.16,-65.18,192.8,15.4,137.9,-45.21,1.008,44.5,75,0.223,0,1
NEU-502415,Control,B03,146.62,-60.46,188.7,11.47,43.6,-45.62,0.789,49.4,79,0.209,1,1
NEU-503332,TreatmentB,B01,118.79,-58.95,177.4,29.55,58.9,-42.92,0.666,68.8,82,0.54,1,1
NEU-507123,TreatmentB,B03,88.31,-61.9,183.7,27.27,76.5,-36.03,0.52,51.8,86,0.62,0,1
NEU-506035,Control,B03,97.0,-67.31,112.8,8.52,154.0,-36.64,1.022,39.4,99,0.3336,1,1
NEU-501833,TreatmentB,B03,105.08,-78.84,204.4,13.54,76.3,-47.93,0.607,63.5,94,0.5189,1,0
NEU-503580,TreatmentA,B02,106.94,-72.9,157.8,9.18,154.7,-38.31,1.035,51.6,95,0.4725,1,0
NEU-503480,TreatmentA,B01,106.57,-56.7,172.4,13.48,106.6,-42.58,0.764,31.1,86,0.3733,0,0
NEU-502919,TreatmentA,B03,105.83,-62.18,69.5,10.55,78.2,-48.07,1.053,41.1,77,0.253,1,1
NEU-502842,TreatmentA,B02,101.93,-70.49,189.6,9.03,88.2,-42.19,0.694,58.0,83,0.2213,0,1
NEU-503104,Control,B01,100.86,-62.61,160.6,14.44,219.7,-50.47,1.177,80.1,75,0.4021,1,1
NEU-502263,Control,B03,109.75,-61.85,223.2,15.8,105.2,-45.89,1.529,54.5,88,0.5058,1,1
NEU-507250,Control,B03,108.17,-69.79,201.0,22.96,68.1,-42.51,0.718,26.0,100,0.4423,0,1
NEU-506779,TreatmentB,B03,110.07,-63.01,365.5,13.71,78.4,-41.46,1.016,79.3,80,0.5505,0,1
NEU-505276,TreatmentB,B03,106.64,-52.33,140.8,9.83,84.0,-41.65,1.211,88.2,92,0.338,1,0
NEU-506079,TreatmentB,B02,101.93,-67.3,146.8,23.58,78.8,-47.43,1.359,40.3,70,0.4682,0,1
NEU-505234,Control,B02,101.66,-73.62,127.7,15.69,114.0,-40.16,0.811,9.5,85,0.4802,0,0
NEU-500825,Control,B02,91.87,-61.34,166.3,14.2,118.2,-45.03,0.548,55.4,96,0.3988,0,1
NEU-503421,Control,B01,77.18,-65.36,186.9,17.43,63.3,-43.32,0.732,37.8,75,0.1929,0,0
NEU-505439,TreatmentA,B01,102.17,-69.25,129.5,32.24,109.3,-46.01,0.936,59.6,92,0.2277,0,0
NEU-507504,TreatmentA,B01,111.07,-70.53,314.7,6.68,22.5,-46.47,1.14,50.3,101,0.5081,0,0
NEU-505092,TreatmentB,B03,90.45,-72.68,228.5,20.63,72.9,-46.3,1.642,57.9,94,0.5337,1,1
NEU-509165,TreatmentB,B02,102.8,-71.32,189.6,15.59,75.5,-42.35,1.195,45.7,92,0.2612,0,0
NEU-509688,Control,B02,109.48,-65.55,229.0,19.6,145.2,-47.24,1.267,43.8,79,0.5183,0,1
NEU-503317,TreatmentA,B01,83.89,-59.97,130.7,6.07,105.8,-35.39,1.214,63.2,72,0.3978,1,0
NEU-502049,TreatmentA,B02,108.98,-61.04,157.1,16.2,19.3,-38.12,1.02,65.3,80,0.3855,1,0
NEU-507103,TreatmentA,B02,95.16,-67.38,248.2,13.37,114.4,-41.75,1.705,34.3,85,0.5766,0,0
NEU-501350,TreatmentB,B02,78.1,-71.19,153.6,6.66,40.0,-43.01,1.477,52.1,89,0.5287,1,0
NEU-502498,TreatmentB,B03,119.29,-59.39,209.3,15.84,47.0,-37.12,1.357,56.1,97,0.2069,0,0
NEU-507306,TreatmentB,B03,98.68,-65.52,184.4,15.59,81.5,-39.97,0.895,83.7,84,0.2206,1,1
NEU-505475,Control,B02,112.26,-62.49,206.2,25.73,72.8,-40.1,1.237,8.2,95,0.3249,0,0
NEU-509486,TreatmentA,B03,115.59,-53.96,267.0,10.3,97.5,-43.69,0.799,48.3,95,0.4659,0,0
NEU-502700,TreatmentA,B02,82.08,-60.85,106.0,14.32,95.0,-41.75,0.649,56.0,86,0.3938,1,0
NEU-504488,Control,B01,94.7,-66.91,154.1,14.81,157.5,-44.95,0.856,45.2,76,0.191,0,1
NEU-509469,TreatmentB,B03,115.4,-62.53,228.7,10.05,95.6,-40.58,0.774,72.7,86,0.1603,0,1
NEU-506368,TreatmentA,B02,73.07,-66.06,61.1,13.04,186.7,-42.33,1.415,61.3,72,0.4606,1,0
NEU-506120,TreatmentA,B01,123.2,-54.35,156.5,24.28,89.3,-42.92,0.812,87.6,77,0.1447,0,0
NEU-506391,TreatmentB,B02,99.18,-69.54,131.8,19.67,81.4,-32.59,1.248,70.6,81,0.4823,1,1
NEU-505403,TreatmentA,B01,81.45,-61.61,217.9,15.42,133.4,-39.01,0.939,57.9,79,0.4521,1,1
NEU-506766,Control,B01,106.18,-62.94,134.9,16.34,119.0,-48.17,1.123,38.4,81,0.2576,1,0
NEU-500643,Control,B03,90.12,-62.93,399.2,8.57,90.3,-41.07,1.05,35.2,87,0.41,0,0
NEU-508721,TreatmentB,B03,102.07,-73.23,176.0,19.58,78.3,-35.43,1.123,75.2,96,0.5216,1,0
NEU-505295,Control,B01,81.65,-57.44,258.4,11.98,75.9,-49.24,1.561,62.0,85,0.229,1,0
NEU-505415,TreatmentA,B02,97.9,-60.52,317.6,17.16,117.3,-40.12,0.907,87.0,87,0.4254,0,0
NEU-509715,Control,B01,92.31,-60.65,206.6,18.51,104.1,-43.93,0.928,18.8,90,0.5436,1,1
NEU-500563,Control,B03,93.64,-78.54,149.2,18.26,100.8,-42.97,0.702,38.8,88,0.3205,0,0
NEU-508263,Control,B02,87.08,-66.3,214.2,10.52,174.0,-44.8,0.999,53.6,97,0.5081,1,1
NEU-502409,TreatmentB,B02,97.22,-67.77,134.4,9.44,160.0,-38.49,0.706,63.4,110,0.3343,0,1
NEU-500889,Control,B02,70.69,-62.2,203.4,19.27,83.3,-42.19,0.974,46.1,70,0.3353,0,0
NEU-508282,Control,B02,92.62,-63.9,245.0,19.07,109.9,-33.28,1.141,52.8,96,0.4809,0,1
NEU-507847,Control,B03,106.71,-67.12,282.7,15.66,70.3,-37.85,0.849,38.8,82,0.2139,0,0
NEU-503197,Control,B01,88.31,-68.49,141.8,12.12,108.2,-45.42,1.039,66.7,88,0.1786,1,1
NEU-502359,TreatmentB,B02,100.69,-65.75,87.8,12.87,126.0,-39.93,1.188,35.5,83,0.1405,0,1
NEU-506868,Control,B01,72.31,-62.1,406.5,23.76,142.5,-45.26,0.885,18.6,76,0.4726,0,0
NEU-509923,Control,B02,115.41,-70.96,126.5,18.1,81.8,-40.65,0.86,59.3,93,0.381,0,0
NEU-503688,TreatmentA,B01,131.72,-67.16,243.3,7.4,116.2,-40.63,0.753,22.3,85,0.6579,0,0
NEU-503697,TreatmentB,B03,89.66,-63.7,111.9,6.09,111.4,-52.19,0.965,79.6,88,0.3234,1,1
NEU-509859,TreatmentB,B03,70.36,-65.21,68.1,36.04,43.5,-38.21,1.823,48.9,98,0.3617,1,1
NEU-503625,TreatmentA,B03,83.13,-67.18,142.6,16.86,56.9,-44.55,0.714,57.9,94,0.4046,0,1
NEU-504473,TreatmentA,B03,97.62,-67.57,155.9,18.42,83.5,-44.85,0.99,81.1,72,0.4082,1,1
NEU-509698,TreatmentB,B03,112.42,-61.06,142.2,6.47,77.7,-36.47,0.708,70.7,76,0.2431,1,1
NEU-505877,TreatmentA,B01,77.73,-71.88,255.5,12.38,28.8,-35.84,1.342,56.8,87,0.1117,0,1
NEU-507296,TreatmentB,B03,93.49,-62.6,66.5,20.11,68.2,-40.47,1.106,59.1,109,0.4082,1,1
NEU-509830,TreatmentA,B01,105.3,-73.41,252.0,23.63,137.8,-52.14,0.995,47.9,96,0.6328,0,1
NEU-508540,Control,B02,71.73,-70.4,275.0,19.04,87.7,-43.38,0.948,48.2,70,0.687,0,1
NEU-506071,Control,B02,113.57,-65.31,126.8,9.95,165.5,-34.81,1.37,25.6,102,0.267,1,1
NEU-506810,TreatmentB,B01,89.81,-58.81,181.3,16.07,31.6,-40.85,0.709,71.0,83,0.3505,1,0
NEU-503639,TreatmentB,B03,99.59,-59.94,117.8,27.39,24.2,-32.92,1.153,51.6,90,0.5257,1,1
NEU-501480,TreatmentA,B03,83.59,-58.83,77.8,14.3,83.6,-37.12,0.735,36.4,83,0.2845,1,1
NEU-504313,TreatmentB,B03,109.34,-67.85,339.1,24.5,76.5,-40.27,0.931,62.9,92,0.5106,0,1
NEU-501299,TreatmentB,B03,84.17,-61.66,247.4,19.84,78.0,-46.57,1.858,68.3,69,0.2896,1,0
NEU-506569,TreatmentA,B02,106.14,-64.28,238.7,11.45,113.5,-43.7,1.121,39.0,92,0.5645,0,1
NEU-505518,TreatmentA,B03,107.82,-66.03,513.4,11.04,81.0,-41.12,1.02,65.4,84,0.6168,0,0
NEU-504540,TreatmentB,B01,109.2,-70.41,186.3,13.31,23.2,-38.77,0.807,66.4,92,0.4267,1,1
NEU-503494,Control,B01,106.49,-69.48,258.6,17.78,95.5,-42.51,0.75,44.3,92,0.471,0,1
NEU-504879,TreatmentA,B02,76.75,-73.53,238.7,17.33,52.2,-43.9,0.961,61.0,89,0.3034,0,0
NEU-509479,TreatmentA,B03,127.89,-63.2,120.2,16.86,19.4,-47.42,1.046,36.1,85,0.5227,1,1
NEU-504574,TreatmentB,B03,80.77,-70.7,189.3,16.01,59.2,-44.1,1.036,80.7,78,0.3367,0,1
NEU-508058,TreatmentA,B03,107.78,-59.99,265.6,16.93,124.9,-40.67,0.975,38.5,75,0.3161,0,1
NEU-506022,Control,B03,117.84,-71.13,113.8,28.38,118.3,-45.6,0.619,20.7,81,0.2296,0,0
NEU-502779,Control,B02,83.38,-70.17,155.6,19.61,94.0,-39.76,1.565,31.7,72,0.2878,1,0
NEU-508894,TreatmentB,B03,112.84,-65.55,402.4,16.65,61.4,-36.94,1.102,48.6,84,0.3134,0,1
NEU-502353,TreatmentB,B02,80.28,-67.97,373.4,14.01,95.9,-39.72,1.567,60.0,73,0.4146,1,0
NEU-508633,TreatmentB,B02,94.0,-56.93,255.3,20.03,113.9,-47.98,1.046,72.5,74,0.416,0,0
NEU-505371,TreatmentA,B03,81.41,-65.4,417.9,7.35,51.9,-41.43,1.131,59.8,73,0.5831,0,0
NEU-501875,Control,B01,106.49,-61.33,99.7,10.42,132.0,-47.03,0.973,38.9,97,0.2884,0,1
NEU-507232,TreatmentA,B02,106.43,-61.74,94.0,16.78,20.7,-44.41,0.742,70.7,79,0.484,0,1
NEU-500515,TreatmentA,B03,112.5,-52.87,367.8,13.15,20.1,-51.93,1.322,54.5,98,0.4928,1,0
NEU-506483,Control,B01,115.62,-65.46,231.3,11.05,97.0,-44.41,1.034,24.5,83,0.4443,1,1
NEU-502007,TreatmentA,B02,117.97,-65.09,267.4,14.15,168.7,-33.87,1.317,63.1,79,0.7126,1,1
NEU-506524,TreatmentB,B02,91.19,-69.37,169.4,11.63,138.0,-33.13,1.543,45.4,88,0.3659,0,1
NEU-509333,TreatmentB,B01,106.57,-71.31,381.0,27.94,92.0,-42.53,1.282,62.5,79,0.2793,0,0
NEU-502719,TreatmentA,B01,87.41,-61.79,157.4,14.63,83.6,-36.52,0.917,71.8,81,0.6029,1,1
NEU-504757,TreatmentB,B03,91.81,-66.73,192.1,10.65,54.0,-42.68,1.206,60.1,86,0.4709,1,0
NEU-507500,Control,B01,90.42,-68.31,102.2,19.09,109.4,-33.88,1.694,44.9,99,0.3004,0,0
NEU-503288,TreatmentA,B03,90.19,-65.69,521.9,18.26,62.8,-41.33,1.11,26.3,94,0.287,0,0
NEU-500700,Control,B03,105.94,-69.25,99.6,16.34,164.7,-35.74,0.553,9.5,81,0.2492,0,0
NEU-500307,TreatmentB,B03,111.36,-66.88,151.2,13.04,91.0,-47.14,0.475,39.0,95,0.4235,0,1
NEU-500409,TreatmentA,B02,89.72,-69.88,147.8,39.59,60.2,-43.19,1.19,42.8,85,0.3382,1,1
NEU-503458,TreatmentA,B01,108.54,-58.62,229.4,10.42,109.9,-44.17,0.664,46.3,97,0.3708,0,1
NEU-502552,TreatmentA,B03,99.87,-62.1,354.4,24.06,129.1,-33.88,2.41,54.1,107,0.2861,1,0
NEU-502361,Control,B03,74.68,-64.26,138.6,24.05,154.7,-39.44,1.187,37.9,110,0.459,0,1
NEU-505730,TreatmentA,B03,100.04,-69.53,181.8,17.08,85.2,-51.66,1.02,34.7,90,0.2773,1,0
NEU-506495,TreatmentA,B03,88.56,-67.7,269.7,12.54,59.9,-39.47,1.179,52.1,89,0.3885,0,0
NEU-505981,Control,B01,109.27,-65.9,145.7,11.37,29.7,-48.61,0.737,46.8,94,0.6157,0,0
NEU-500238,TreatmentA,B01,110.5,-83.7,321.2,7.11,62.0,-34.86,1.436,76.0,86,0.7089,1,0
NEU-506337,Control,B03,111.57,-64.91,177.5,11.8,77.1,-45.03,0.919,42.1,80,0.3984,0,1
NEU-509123,TreatmentA,B02,110.9,-64.93,146.1,15.05,129.8,-38.69,1.276,68.9,72,0.3697,1,1
NEU-508735,Control,B03,116.15,-67.82,202.8,19.69,105.2,-38.41,1.166,35.6,81,0.4744,0,1
NEU-502450,TreatmentB,B01,121.69,-66.75,202.9,11.26,146.9,-40.85,1.201,72.7,83,0.3436,1,1
NEU-500611,TreatmentA,B02,121.5,-64.01,130.6,6.99,122.5,-41.16,1.159,60.2,83,0.4963,1,1
NEU-505306,TreatmentB,B03,95.38,-65.93,222.0,13.41,121.4,-36.24,1.175,63.8,74,0.6223,1,1
NEU-508610,Control,B02,97.49,-61.99,87.2,23.23,72.1,-44.84,1.135,71.0,84,0.3707,1,1
NEU-509222,TreatmentB,B01,111.4,-59.39,120.7,16.86,122.3,-40.51,0.887,81.8,82,0.4712,1,1
NEU-507591,TreatmentA,B03,109.55,-71.77,181.6,20.77,90.1,-44.49,0.841,43.5,81,0.585,0,1
NEU-507735,Control,B02,91.13,-60.64,213.2,13.88,89.4,-35.49,1.338,40.2,86,0.3044,1,1
NEU-504253,TreatmentA,B01,97.4,-57.99,96.7,29.87,73.5,-37.78,0.844,57.4,79,0.374,1,1
NEU-507249,TreatmentA,B02,106.37,-68.17,296.8,13.05,105.9,-43.66,1.047,43.4,65,0.4984,0,0
NEU-504049,TreatmentB,B03,105.17,-71.27,126.6,15.33,69.0,-43.58,0.94,54.0,83,0.3053,1,0
NEU-500573,TreatmentB,B01,82.86,-71.0,106.4,12.82,7.1,-40.05,1.536,65.4,73,0.3645,1,0
NEU-504197,TreatmentB,B02,93.73,-71.6,255.7,16.36,141.5,-40.97,0.606,57.7,92,0.4565,0,1
NEU-505641,TreatmentA,B03,125.65,-64.75,199.4,10.53,23.6,-40.99,0.761,51.5,86,0.3032,0,1
NEU-500234,Control,B01,96.98,-71.06,131.4,15.27,107.9,-41.13,1.345,55.0,95,0.3651,1,0
NEU-503177,Control,B02,78.97,-61.52,145.1,7.58,68.5,-42.64,0.886,42.6,92,0.3118,1,1
NEU-501056,TreatmentB,B03,80.77,-62.99,92.9,15.89,85.0,-39.8,1.03,54.3,83,0.4439,1,1
NEU-508734,TreatmentB,B03,87.07,-65.52,105.2,17.12,86.8,-46.33,0.687,58.6,90,0.5408,1,1
NEU-500124,TreatmentB,B03,99.98,-69.25,155.2,15.14,79.2,-46.28,1.133,64.5,89,0.0915,0,1
NEU-505842,TreatmentA,B01,125.64,-70.92,235.9,16.3,118.2,-41.78,1.004,12.5,89,0.4563,0,1
NEU-508476,TreatmentB,B03,73.47,-64.88,239.7,18.46,118.8,-42.46,0.772,51.2,89,0.2135,0,0
NEU-502376,Control,B03,95.84,-50.51,186.4,12.71,117.3,-43.25,1.237,29.8,78,0.5206,1,0
NEU-500040,TreatmentA,B02,101.32,-60.94,193.9,13.37,43.5,-40.34,1.25,33.0,93,0.4469,0,0
NEU-506302,Control,B03,102.64,-63.49,303.5,10.31,137.5,-39.96,1.477,62.6,78,0.368,0,1
NEU-504867,TreatmentA,B01,105.74,-60.26,207.1,12.11,80.6,-47.71,0.981,65.0,86,0.255,1,0
NEU-503344,TreatmentA,B02,110.19,-57.64,128.5,24.57,19.2,-44.95,1.396,50.5,88,0.3207,0,0
NEU-506585,TreatmentB,B01,100.83,-68.08,100.2,14.13,46.8,-32.62,1.138,73.5,86,0.6526,1,1
NEU-505071,TreatmentA,B01,98.4,-59.39,89.3,22.15,116.5,-44.93,0.731,29.9,111,0.423,0,1
NEU-507418,Control,B01,65.22,-51.58,63.5,16.68,111.7,-39.81,0.564,30.2,91,0.4018,0,0
NEU-506315,TreatmentB,B01,92.99,-75.82,205.2,7.43,51.7,-38.48,0.952,27.2,87,0.4152,0,0
NEU-509002,Control,B01,83.73,-68.37,92.6,10.96,76.3,-36.72,0.898,44.4,85,0.1829,0,1
NEU-500877,Control,B03,126.41,-65.74,110.9,15.07,83.0,-42.7,1.292,35.1,69,0.3083,1,1
NEU-506637,TreatmentB,B03,92.01,-74.12,306.1,17.45,43.5,-40.37,0.856,32.9,82,0.6059,0,0
NEU-503572,TreatmentB,B02,106.52,-63.48,196.8,10.23,71.1,-38.74,1.016,56.9,87,0.2878,1,1
NEU-504535,TreatmentA,B03,109.19,-53.03,290.5,19.67,111.3,-42.98,1.36,46.3,87,0.4777,0,0
NEU-506405,TreatmentA,B02,104.55,-61.36,131.1,19.34,139.7,-41.45,1.094,55.4,91,0.284,1,0
NEU-509394,Control,B02,122.9,-64.43,198.5,9.14,108.7,-38.89,0.661,50.8,93,0.4171,0,1
NEU-506361,Control,B02,98.17,-56.05,195.5,15.38,136.3,-43.26,0.754,33.4,90,0.6302,0,0
NEU-506562,Control,B02,108.09,-68.5,148.3,16.42,124.1,-36.48,1.346,39.7,82,0.2389,1,0
NEU-505994,Control,B02,115.7,-54.86,148.1,11.08,115.8,-41.0,0.975,19.3,83,0.289,0,0
NEU-506925,TreatmentB,B01,102.21,-63.96,233.8,16.59,88.8,-45.15,1.006,80.2,101,0.3591,0,1
NEU-508715,Control,B03,105.36,-73.36,87.6,38.96,122.9,-40.7,0.767,6.9,98,0.3483,0,0
NEU-504017,TreatmentA,B03,93.77,-63.83,294.3,14.69,108.2,-29.24,0.807,22.8,80,0.6608,0,1
NEU-505542,TreatmentA,B02,97.39,-61.26,148.8,20.8,82.9,-43.71,0.694,42.2,77,0.5351,0,1
NEU-508068,Control,B02,118.26,-64.98,121.5,26.06,105.1,-32.37,0.55,31.1,83,0.7863,0,1
NEU-500859,Control,B02,108.19,-65.54,274.5,11.24,188.7,-43.04,0.745,29.8,78,0.3704,0,1
NEU-500710,Control,B02,93.51,-61.54,154.1,16.17,120.7,-46.94,1.243,55.3,68,0.6594,1,1
NEU-505410,Control,B03,122.96,-67.23,137.6,4.43,66.4,-39.62,1.232,41.6,92,0.4836,0,0
NEU-509241,TreatmentB,B02,100.71,-65.82,179.1,13.29,88.8,-35.58,1.002,84.4,73,0.5626,1,1
NEU-507057,TreatmentA,B03,97.68,-57.15,97.0,6.88,114.3,-39.87,0.755,33.8,88,0.4171,0,0
NEU-505042,TreatmentB,B02,136.91,-58.07,196.2,11.02,65.4,-39.15,0.859,63.2,83,0.5336,1,0
NEU-504628,TreatmentB,B03,84.05,-63.41,178.1,8.94,60.6,-41.82,1.046,64.5,96,0.5282,1,0
NEU-502907,TreatmentB,B01,102.8,-65.98,162.0,13.42,150.0,-45.12,1.41,61.6,97,0.4308,1,1
NEU-503830,TreatmentB,B01,84.19,-73.74,217.7,12.97,160.9,-47.73,0.729,59.1,78,0.3469,0,0
NEU-500061,Control,B03,112.31,-60.37,232.4,12.48,131.5,-46.04,1.261,23.0,93,0.5943,0,1
NEU-505088,Control,B01,76.31,-59.64,121.0,19.64,104.3,-39.84,0.943,63.1,84,0.0872,1,0
NEU-509676,TreatmentA,B02,112.21,-70.4,258.8,13.01,106.6,-40.5,1.335,37.3,119,0.3219,0,0
NEU-505253,Control,B02,102.51,-61.5,171.0,7.59,118.3,-37.6,1.117,27.8,83,0.3075,0,1
NEU-505526,TreatmentB,B01,55.59,-73.26,179.2,9.52,99.0,-45.09,1.013,74.2,86,0.6085,0,0
NEU-501977,TreatmentB,B03,115.99,-61.67,107.0,23.79,171.2,-37.22,0.816,60.1,97,0.4268,0,1
NEU-509536,Control,B02,97.36,-72.79,69.1,12.99,89.4,-43.07,0.636,86.6,73,0.1982,1,0
NEU-507877,Control,B02,102.05,-67.12,357.7,15.3,154.9,-37.71,1.048,46.8,87,0.3368,0,1
NEU-507596,Control,B02,120.28,-59.25,318.4,6.87,120.9,-44.16,1.382,53.3,88,0.1479,0,1
NEU-500425,Control,B01,93.66,-71.21,85.7,13.6,108.1,-38.16,1.038,16.8,80,0.4629,1,0
NEU-508257,Control,B01,105.76,-67.82,156.4,10.37,164.6,-43.64,1.2,45.5,70,0.4181,0,1
NEU-500970,TreatmentA,B03,83.46,-55.17,259.3,9.57,155.9,-38.97,0.745,45.7,83,0.4578,0,0
NEU-507151,Control,B02,89.13,-59.94,297.7,29.74,43.9,-42.2,2.164,14.3,71,0.4915,0,0
NEU-506155,TreatmentB,B01,99.0,-67.3,302.1,10.27,92.3,-40.13,1.014,56.3,86,0.3759,0,1
NEU-503648,TreatmentB,B01,106.04,-61.26,133.6,8.81,122.5,-43.59,0.86,59.6,90,0.3361,1,1
NEU-502471,Control,B01,111.68,-68.62,144.7,20.78,146.7,-51.11,0.901,38.3,99,0.31,1,0
NEU-501150,TreatmentB,B02,111.44,-61.43,331.7,18.06,99.5,-44.27,1.031,54.1,82,0.7111,1,1
NEU-502142,TreatmentB,B01,145.97,-69.57,338.8,5.35,66.0,-46.13,0.651,54.1,102,0.2402,0,1
NEU-508516,Control,B03,124.75,-66.22,415.3,5.1,117.7,-35.59,1.122,88.7,90,0.2415,1,1
NEU-503742,TreatmentA,B01,100.08,-55.92,378.2,10.09,130.3,-44.97,1.058,66.2,84,0.4445,0,0
NEU-500439,TreatmentA,B03,86.92,-67.53,154.1,25.61,86.3,-41.68,1.579,38.2,75,0.4273,1,1
NEU-504727,TreatmentB,B03,84.55,-68.87,276.4,19.97,131.9,-45.56,0.994,39.6,92,0.4378,0,0
NEU-507749,TreatmentA,B02,113.73,-62.18,244.4,30.24,135.6,-38.56,1.428,64.0,87,0.3517,1,1
NEU-507133,Control,B02,89.71,-66.27,103.5,23.64,142.7,-41.36,2.172,46.2,92,0.5211,1,1
NEU-504164,Control,B02,122.25,-75.98,77.3,9.37,134.5,-44.51,1.114,61.0,88,0.4141,1,0
NEU-505130,TreatmentB,B03,103.63,-62.51,103.2,24.07,141.9,-46.93,1.522,35.7,98,0.4648,1,1
NEU-506965,Control,B03,88.33,-66.8,123.3,17.54,116.7,-45.05,1.071,42.6,96,0.3728,1,1
NEU-500463,TreatmentB,B02,106.94,-64.92,226.1,5.28,97.0,-45.01,0.836,42.2,80,0.1788,0,1
NEU-504196,Control,B03,115.65,-61.46,221.4,9.23,126.9,-41.68,0.865,28.4,69,0.3588,0,1
NEU-506254,TreatmentA,B03,99.43,-68.32,310.7,6.37,107.8,-32.68,1.204,104.0,80,0.6531,1,0
NEU-505464,TreatmentA,B02,104.48,-66.83,173.6,17.57,124.6,-43.73,0.904,49.3,108,0.3966,0,1
NEU-503787,TreatmentA,B03,123.12,-67.06,105.0,23.73,118.4,-40.99,1.628,38.9,93,0.2549,1,0
NEU-509977,Control,B03,114.93,-64.65,341.1,11.36,159.3,-37.69,1.27,26.2,106,0.4605,0,1
NEU-509475,TreatmentA,B01,92.89,-69.01,286.9,24.85,101.6,-37.23,1.075,29.0,80,0.2146,0,0
NEU-507078,Control,B02,93.61,-61.3,318.4,13.93,86.1,-42.19,1.066,18.4,88,0.348,0,0
NEU-505767,TreatmentA,B03,96.48,-58.86,210.7,19.4,105.5,-47.71,0.634,61.6,76,0.1896,0,0
NEU-507636,TreatmentB,B02,115.45,-68.24,398.7,19.2,94.5,-47.53,0.948,70.8,81,0.6884,0,1
NEU-501197,TreatmentB,B03,97.15,-74.75,200.2,10.97,161.3,-47.49,0.587,93.4,89,0.6116,0,0
NEU-508143,Control,B02,73.26,-69.06,292.5,14.76,89.8,-44.22,0.755,60.8,78,0.5147,0,0
NEU-509498,TreatmentA,B03,83.27,-66.31,361.9,15.52,105.8,-42.85,1.032,62.0,70,0.7325,0,1
NEU-508016,Control,B01,104.72,-71.86,60.6,6.94,151.7,-51.86,0.743,52.5,105,0.2334,0,1
NEU-507434,Control,B02,105.84,-66.27,255.3,25.63,85.9,-38.73,1.162,32.1,82,0.4596,0,1
NEU-508514,TreatmentA,B02,101.63,-64.93,145.8,10.54,50.4,-38.31,0.782,88.0,65,0.3826,1,1
NEU-507413,TreatmentB,B01,106.82,-72.89,136.2,4.25,81.2,-41.2,0.947,45.2,86,0.4346,0,0
NEU-504163,TreatmentA,B03,92.81,-58.22,338.6,9.35,137.1,-30.13,0.762,60.9,78,0.436,1,0
NEU-502144,TreatmentA,B03,81.22,-63.46,111.2,8.26,99.3,-42.59,1.16,30.3,67,0.6475,0,0
NEU-503495,TreatmentB,B02,58.3,-76.19,116.6,18.2,106.2,-39.88,1.483,56.9,93,0.3419,1,0
NEU-500916,TreatmentA,B03,103.58,-71.01,434.4,22.99,70.0,-48.22,0.933,39.9,90,0.5175,0,1
NEU-504721,TreatmentA,B03,104.9,-56.03,214.3,10.53,62.4,-42.03,0.696,55.8,98,0.4389,1,0
NEU-505013,Control,B01,116.62,-60.06,105.6,15.75,112.6,-36.53,1.574,35.1,76,0.4511,0,0
NEU-501686,Control,B02,99.3,-71.35,160.6,8.2,181.5,-37.47,0.979,53.1,105,0.3142,0,1
NEU-505148,TreatmentB,B01,99.84,-72.29,61.3,12.05,114.9,-46.48,1.092,55.0,76,0.3642,1,0
NEU-500048,Control,B03,101.56,-63.63,228.8,12.32,72.4,-46.82,1.272,58.0,91,0.2441,1,1
NEU-507778,Control,B01,120.85,-64.29,151.8,14.47,160.4,-39.33,1.143,58.6,70,0.4759,0,1
NEU-508918,TreatmentB,B02,83.39,-62.43,200.5,15.71,33.8,-49.74,1.372,64.4,89,0.2386,1,1
NEU-500435,TreatmentB,B02,112.76,-66.52,199.0,25.65,144.7,-42.29,0.885,64.5,93,0.3649,1,0
NEU-508440,TreatmentA,B03,95.76,-59.19,172.5,15.18,121.9,-36.55,1.25,41.3,88,0.3597,1,1
NEU-501860,TreatmentA,B01,102.6,-58.13,145.9,15.3,128.4,-45.36,0.939,61.1,91,0.4234,1,0
NEU-503623,Control,B02,97.48,-65.29,353.0,13.11,110.7,-57.07,1.704,73.8,85,0.0496,1,1
NEU-509545,TreatmentA,B02,90.6,-60.71,144.3,28.38,81.0,-36.01,0.773,68.6,86,0.3382,1,0
NEU-503441,TreatmentB,B01,109.24,-58.38,110.8,20.57,114.5,-34.78,0.547,58.7,83,0.6234,0,1
NEU-508527,TreatmentB,B02,86.63,-65.04,156.0,8.91,57.6,-44.14,1.094,71.5,93,0.5937,1,0
NEU-505848,TreatmentA,B01,78.46,-63.71,201.2,13.74,66.0,-37.46,0.64,47.6,87,0.1544,1,1
NEU-502280,Control,B03,92.36,-68.21,248.2,43.43,138.6,-45.9,1.148,41.4,71,0.4587,0,1
NEU-502801,TreatmentB,B03,120.66,-58.29,125.7,11.5,59.7,-41.89,0.944,53.3,79,0.3391,1,0
NEU-508408,Control,B02,103.56,-62.59,195.3,14.89,188.3,-46.81,0.87,23.4,75,0.493,0,1
NEU-504956,TreatmentA,B02,96.72,-70.3,181.1,20.93,147.0,-50.09,0.986,47.9,94,0.4386,0,0
NEU-504382,TreatmentB,B03,78.65,-70.32,196.1,16.73,107.7,-40.7,1.524,41.3,82,0.2986,0,0
NEU-507325,TreatmentB,B01,88.03,-61.41,134.7,25.12,46.7,-50.48,0.729,45.1,77,0.4544,0,1
NEU-502325,Control,B02,84.07,-67.01,99.7,13.84,83.0,-39.31,0.864,40.8,100,0.1723,1,1
NEU-501087,TreatmentB,B02,72.89,-68.88,241.5,3.99,18.3,-38.2,1.072,62.4,90,0.4636,0,0
NEU-503668,TreatmentB,B02,113.81,-67.54,257.6,10.93,72.5,-40.92,0.899,62.4,71,0.1101,0,1
NEU-508996,Control,B02,98.21,-66.21,83.3,15.59,96.1,-44.83,1.583,22.3,83,0.7425,1,0
NEU-503482,Control,B03,119.33,-76.89,115.1,10.63,118.1,-37.36,1.164,35.5,87,0.4789,0,0
NEU-501813,Control,B03,109.13,-53.71,227.5,14.92,117.3,-49.89,0.64,50.7,101,0.5046,0,1
NEU-507649,TreatmentB,B02,113.75,-65.31,163.9,13.77,68.1,-41.54,0.887,77.6,104,0.4018,1,0
NEU-505289,TreatmentB,B01,115.85,-67.04,194.0,12.48,-39.2,-39.74,0.752,60.9,99,0.758,0,0
NEU-506789,TreatmentB,B01,82.16,-65.12,159.1,18.77,135.2,-47.38,1.076,78.4,82,0.2248,1,0
NEU-506526,TreatmentA,B01,95.57,-61.83,117.1,9.45,166.9,-43.26,1.29,42.1,72,0.2865,1,1
NEU-503126,Control,B01,91.29,-60.27,355.7,11.28,149.4,-41.31,1.26,27.5,89,0.5589,0,0
NEU-507447,TreatmentB,B01,108.75,-67.43,283.4,16.83,115.0,-39.56,1.09,61.3,86,0.2011,0,0
NEU-505708,TreatmentB,B02,97.91,-63.57,174.3,10.47,68.4,-48.82,1.333,44.7,86,0.8172,1,1
NEU-504854,Control,B02,109.94,-68.74,184.0,12.73,94.6,-42.56,1.246,39.4,84,0.4778,0,0
NEU-504307,TreatmentA,B02,97.65,-74.59,104.2,9.53,171.8,-42.37,1.969,62.4,84,0.2264,1,0
NEU-504991,TreatmentA,B03,124.94,-66.21,174.0,8.93,59.8,-38.18,0.946,57.5,84,0.3461,0,1
NEU-504770,Control,B01,84.2,-61.89,164.7,11.06,175.9,-33.83,1.235,43.1,84,0.2407,0,1
NEU-503721,TreatmentB,B02,79.23,-75.76,151.4,6.67,21.7,-40.53,0.677,79.1,70,0.2663,1,0
NEU-507346,TreatmentA,B03,92.79,-69.81,184.6,14.75,100.1,-35.56,1.473,60.4,103,0.5289,1,0
NEU-508972,TreatmentA,B03,109.74,-67.6,127.8,17.21,106.4,-38.55,1.273,81.3,96,0.5037,1,1
NEU-505936,Control,B03,72.07,-59.45,70.4,9.09,1.1,-42.12,0.89,41.7,83,0.4738,0,1
NEU-504341,TreatmentB,B01,106.16,-68.06,101.6,11.15,124.0,-43.46,1.102,61.3,66,0.398,1,1
NEU-504747,TreatmentB,B01,81.38,-66.94,254.9,7.73,62.0,-38.16,1.032,38.1,84,0.1953,0,1
NEU-503997,TreatmentA,B01,94.89,-66.04,223.2,13.99,112.2,-45.63,1.118,54.7,80,0.4388,1,1
NEU-506822,Control,B03,115.08,-76.98,404.6,10.38,99.4,-46.46,1.007,26.5,78,0.3554,0,0
NEU-505078,Control,B03,50.63,-58.37,305.5,8.25,60.7,-47.12,0.961,57.4,81,0.5116,1,0
NEU-500620,TreatmentB,B01,136.68,-64.16,103.7,25.97,95.5,-45.08,1.104,65.9,94,0.4197,1,1
NEU-503468,Control,B01,103.69,-53.06,118.5,20.18,154.8,-37.66,1.162,48.9,73,0.384,1,0
NEU-507344,Control,B03,116.88,-59.96,204.7,8.14,161.5,-44.24,2.019,29.4,80,0.4518,0,0
NEU-509390,Control,B01,89.08,-65.34,363.0,22.71,134.7,-49.39,0.877,13.5,90,0.483,0,1
NEU-502213,TreatmentB,B03,53.48,-67.02,129.2,21.43,80.9,-49.93,0.864,67.1,65,0.4763,1,1
NEU-505749,Control,B03,86.86,-58.33,663.6,23.76,182.0,-32.11,0.92,42.0,97,0.6487,0,1
NEU-502810,TreatmentA,B03,112.9,-69.85,274.6,21.36,77.2,-34.5,0.825,31.0,92,0.3342,0,0
NEU-500778,TreatmentA,B01,79.51,-63.19,184.3,15.46,72.0,-42.59,0.597,29.7,74,0.4705,0,1
NEU-504545,Control,B01,82.81,-61.8,96.2,11.15,80.5,-42.31,0.9,68.7,91,0.2321,1,0
NEU-509093,Control,B02,102.66,-68.76,205.3,13.95,121.2,-42.75,1.208,42.9,87,0.443,0,0
NEU-509395,TreatmentA,B01,84.03,-79.48,192.4,15.28,79.5,-41.79,0.541,51.5,71,0.5696,0,0
NEU-501624,TreatmentA,B02,107.76,-64.99,219.6,10.06,93.8,-41.45,1.161,58.1,74,0.4471,0,0
NEU-506649,TreatmentB,B03,117.44,-61.78,131.4,18.18,47.0,-45.99,0.891,76.2,84,0.5117,1,1
NEU-505759,Control,B02,98.12,-61.54,169.7,14.56,137.2,-37.69,0.501,49.6,94,0.5306,0,1
NEU-506317,TreatmentB,B02,128.41,-75.75,238.8,11.57,63.8,-36.42,1.579,75.1,87,0.3168,1,0
NEU-509614,TreatmentA,B02,107.18,-60.09,170.2,9.84,56.8,-44.8,1.109,53.5,77,0.4924,0,0
NEU-500926,TreatmentA,B01,85.18,-60.78,295.7,7.7,134.2,-47.94,1.414,41.8,86,0.2465,0,1
NEU-501137,TreatmentB,B02,132.89,-71.13,168.3,12.44,31.7,-43.93,0.936,58.5,84,0.4167,0,1
NEU-506680,TreatmentB,B02,93.85,-72.71,106.7,20.85,37.2,-44.31,2.059,52.3,92,0.2172,1,0
NEU-509595,TreatmentB,B02,105.51,-65.77,136.0,10.84,117.8,-42.94,0.984,86.5,87,0.2473,1,1
NEU-500458,Control,B03,116.13,-62.72,127.7,19.04,180.3,-43.21,0.677,34.6,80,0.757,0,1
NEU-508621,Control,B02,92.48,-60.01,171.2,11.13,128.5,-51.63,0.806,53.4,75,0.1376,0,1
NEU-501780,TreatmentA,B02,79.56,-81.59,317.7,11.05,61.7,-39.88,1.078,43.7,77,0.4648,0,0
NEU-507443,TreatmentB,B01,102.74,-74.56,251.0,6.8,95.9,-43.18,1.944,54.8,77,0.6528,1,0
NEU-509313,TreatmentB,B02,90.68,-66.18,144.4,17.55,59.9,-39.96,1.15,49.5,83,0.3168,1,1
NEU-500354,Control,B03,67.63,-65.56,131.3,11.06,92.9,-36.74,0.814,28.6,76,0.1186,0,1
NEU-502729,Control,B01,82.91,-63.91,406.2,8.78,184.4,-44.92,0.928,38.8,87,0.1436,0,1
NEU-507374,TreatmentB,B03,128.75,-66.87,194.3,8.8,79.7,-42.16,1.001,51.7,78,0.5074,0,0
NEU-506513,Control,B01,109.47,-64.06,303.0,9.4,225.5,-50.25,1.492,40.5,70,0.345,1,1
NEU-501389,TreatmentA,B03,95.69,-64.4,250.5,12.29,88.7,-38.64,1.544,53.7,66,0.2609,0,1
NEU-500117,Control,B02,63.25,-61.39,230.2,12.95,88.1,-44.1,1.061,26.2,78,0.3792,0,1
NEU-504195,TreatmentA,B02,123.72,-67.24,246.9,17.17,60.0,-37.03,1.135,67.9,86,0.4663,1,1
NEU-507094,Control,B02,93.96,-73.61,135.3,3.64,139.3,-43.07,1.68,28.9,76,0.7664,1,0
NEU-506813,Control,B03,89.56,-78.61,91.6,15.0,135.5,-40.21,0.886,69.6,71,0.1991,1,0
NEU-503250,Control,B03,98.46,-66.12,145.0,15.12,95.7,-41.31,1.623,67.7,86,0.3134,1,1
NEU-508403,TreatmentA,B01,117.06,-67.57,80.4,14.35,64.0,-48.65,1.743,54.5,105,0.2959,1,1
NEU-506065,TreatmentB,B01,95.64,-65.99,50.8,10.42,53.5,-45.58,0.962,78.7,97,0.2622,1,1
NEU-503345,TreatmentA,B01,86.14,-64.25,222.2,11.12,72.7,-44.57,0.664,41.6,81,0.5085,0,1
NEU-503260,TreatmentB,B03,118.58,-55.59,148.2,14.81,64.8,-41.77,1.15,61.8,89,0.2135,1,0
NEU-508939,TreatmentA,B02,88.0,-62.53,214.4,15.66,74.2,-46.84,0.719,72.0,88,0.1888,1,0
NEU-502472,TreatmentA,B02,75.95,-65.88,145.1,11.34,113.8,-40.78,1.0,60.6,58,0.3557,1,1
NEU-500125,TreatmentB,B02,110.28,-79.43,199.2,18.58,100.8,-40.57,0.704,46.9,89,0.5465,0,0
NEU-509008,Control,B03,107.16,-72.44,283.9,19.23,160.2,-41.73,1.065,37.9,80,0.3427,0,0
NEU-504773,TreatmentA,B01,91.45,-62.56,193.1,18.56,100.6,-29.98,1.011,31.6,78,0.5079,0,1
NEU-504944,TreatmentB,B01,110.44,-67.79,158.2,13.49,110.1,-36.89,1.726,58.4,102,0.2576,1,1
NEU-501838,Control,B03,108.06,-60.11,200.6,10.3,134.2,-39.41,1.456,21.4,88,0.6618,0,0
NEU-504964,TreatmentA,B03,92.64,-65.04,89.9,8.97,183.2,-43.62,1.01,47.2,82,0.4459,0,1
NEU-500838,TreatmentA,B03,77.63,-56.46,150.7,9.99,99.0,-35.04,0.833,56.4,91,0.2952,1,1
NEU-505261,TreatmentB,B03,84.12,-63.37,429.1,9.99,144.7,-41.8,0.728,62.2,79,0.3694,0,1
NEU-504781,TreatmentB,B03,82.35,-72.18,210.2,16.36,8.5,-37.86,0.987,69.2,86,0.3891,1,0
NEU-502982,TreatmentA,B02,118.96,-54.05,166.9,10.14,111.1,-44.85,1.458,42.8,90,0.318,0,0
NEU-502501,TreatmentB,B03,116.9,-65.92,720.6,13.44,-12.0,-39.94,1.05,49.1,71,0.4102,0,1
NEU-504792,TreatmentB,B03,81.97,-55.09,144.8,11.17,21.6,-47.45,0.659,92.5,79,0.3562,1,0
NEU-503461,TreatmentA,B01,100.17,-64.29,104.0,15.42,180.9,-46.13,0.781,61.7,79,0.4053,1,0
NEU-506343,TreatmentB,B03,113.25,-60.16,105.7,16.08,21.3,-42.12,1.268,75.7,85,0.2405,1,0
NEU-505719,TreatmentB,B03,106.09,-63.3,203.3,13.71,74.4,-34.74,1.931,43.3,87,0.5051,1,0
NEU-509432,TreatmentB,B01,108.51,-61.97,202.6,13.04,89.8,-51.64,0.79,84.3,93,0.3489,1,1
NEU-507365,TreatmentA,B02,94.92,-66.53,135.7,16.37,92.8,-42.6,1.575,47.4,97,0.2639,1,1
NEU-502765,TreatmentA,B01,117.34,-57.28,285.1,11.63,46.3,-45.56,0.703,58.3,82,0.228,0,0
NEU-502791,Control,B03,76.09,-58.32,204.1,7.87,124.0,-43.43,2.074,41.5,98,0.281,0,0
NEU-500653,TreatmentA,B03,71.41,-66.81,169.8,14.91,100.6,-43.91,1.092,35.3,80,0.612,1,1
NEU-507271,TreatmentB,B01,73.47,-52.7,195.8,24.18,81.1,-46.88,0.688,79.3,84,0.4041,1,0
NEU-508256,TreatmentB,B03,108.42,-68.84,133.3,16.77,19.1,-38.76,1.968,59.2,78,0.6069,1,1
NEU-501885,TreatmentA,B02,88.45,-57.81,217.5,10.99,59.5,-38.08,0.891,34.8,83,0.4095,0,0
NEU-504332,TreatmentA,B01,105.19,-73.64,198.1,18.06,87.6,-44.46,0.869,72.1,66,0.3644,1,0
NEU-508797,TreatmentA,B02,125.93,-60.62,200.4,10.8,96.2,-35.67,0.665,75.5,90,0.2573,1,1
NEU-505332,Control,B02,95.16,-67.06,63.3,18.58,124.8,-41.06,1.778,30.0,83,0.5376,0,1
NEU-502486,TreatmentA,B03,89.52,-59.86,120.2,11.0,88.9,-45.32,1.036,57.0,96,0.6068,0,0
NEU-500454,Control,B02,112.31,-61.38,402.6,13.48,121.2,-40.44,0.841,42.6,81,0.759,0,0
NEU-506832,TreatmentB,B01,96.45,-73.92,153.3,9.66,39.8,-39.91,1.211,74.4,92,0.3468,1,0
NEU-503011,Control,B02,126.88,-62.29,129.9,7.14,181.4,-36.86,1.344,57.1,83,0.2559,1,1
NEU-500510,TreatmentA,B02,120.37,-61.92,326.5,12.28,118.2,-38.44,1.165,46.8,81,0.1259,0,1
NEU-503398,Control,B03,143.86,-70.25,184.7,9.33,132.3,-36.05,1.098,70.9,56,0.4863,1,0
NEU-503674,TreatmentA,B02,97.99,-69.92,272.5,20.27,83.5,-38.22,1.76,43.5,94,0.3416,1,0
NEU-506379,Control,B01,82.66,-64.4,176.8,13.38,80.7,-38.7,1.084,34.6,85,0.3719,1,1
NEU-506209,TreatmentA,B03,92.22,-68.94,125.2,14.86,30.6,-40.47,1.515,61.7,82,0.1356,1,1
NEU-500338,TreatmentB,B01,90.38,-67.4,134.8,15.07,30.6,-41.07,1.399,49.4,90,0.3021,0,1
NEU-508885,TreatmentB,B01,71.55,-70.78,91.3,15.37,92.4,-36.65,1.152,73.2,85,0.3796,1,0
NEU-505323,TreatmentA,B03,108.8,-57.8,187.1,10.19,70.2,-43.32,1.117,42.0,99,0.3797,1,0
NEU-504013,TreatmentB,B02,72.63,-58.54,246.2,15.82,113.6,-37.62,1.036,45.2,79,0.6078,1,1
NEU-508879,TreatmentA,B03,115.79,-62.4,196.8,9.85,98.0,-42.61,0.719,68.1,81,0.5656,0,1
NEU-502494,TreatmentB,B02,127.39,-61.77,279.0,10.29,115.3,-45.81,0.971,83.3,80,0.1589,1,1
NEU-505739,TreatmentB,B01,86.24,-67.37,51.3,13.89,42.4,-49.8,1.222,64.3,71,0.5408,1,1
NEU-505924,TreatmentA,B02,107.31,-65.26,299.8,17.77,182.4,-46.22,1.196,66.5,88,0.3465,1,1
NEU-501279,Control,B03,83.69,-72.31,236.7,17.15,152.1,-34.33,1.915,58.6,77,0.4514,1,1
NEU-503020,Control,B02,64.82,-72.77,264.5,18.84,92.6,-42.65,1.324,57.7,92,0.4822,1,1
NEU-504758,Control,B03,125.12,-63.06,196.9,21.25,95.3,-43.04,2.519,18.8,99,0.3361,1,0
NEU-509095,Control,B01,109.17,-70.59,205.3,19.03,153.6,-46.32,1.004,51.9,99,0.4132,1,1
NEU-505854,Control,B02,110.99,-58.14,190.9,17.85,128.0,-44.07,0.908,41.3,81,0.2799,1,0
NEU-507894,Control,B02,102.05,-63.76,114.1,8.56,124.3,-38.84,0.834,11.4,87,0.2906,0,1
NEU-507509,TreatmentB,B01,99.4,-73.83,191.1,20.52,131.1,-43.43,1.067,58.8,88,0.514,0,1
NEU-508234,Control,B02,108.76,-69.21,259.9,24.51,87.3,-38.84,1.015,53.6,87,0.2821,0,0
NEU-507501,Control,B03,90.59,-68.62,137.8,9.31,185.2,-47.04,0.634,21.9,75,0.3233,0,0
NEU-502863,TreatmentB,B02,96.8,-72.87,131.5,19.39,102.3,-45.25,1.336,33.5,68,0.3816,0,0
NEU-508813,TreatmentA,B03,120.24,-64.85,334.7,8.9,119.7,-43.93,1.058,46.2,81,0.5917,0,0
NEU-506572,Control,B03,71.82,-63.72,111.5,16.05,145.8,-40.81,1.882,43.0,74,0.5141,1,1
NEU-509251,TreatmentB,B01,93.21,-67.04,212.0,16.09,98.4,-37.86,1.255,81.1,99,0.2208,1,1
NEU-509617,Control,B03,97.19,-63.61,139.0,11.62,96.5,-47.06,0.959,60.3,78,0.3227,1,1
NEU-507177,TreatmentA,B02,105.26,-68.09,134.8,9.46,102.6,-37.27,0.914,69.1,83,0.4248,0,0
NEU-507066,Control,B01,110.24,-63.25,94.1,20.12,142.8,-41.34,1.003,44.4,74,0.6669,0,1
NEU-502928,TreatmentA,B02,103.73,-70.06,193.6,14.17,103.2,-28.6,1.056,71.8,80,0.5297,1,1
NEU-508378,Control,B01,98.06,-60.37,182.1,5.31,181.7,-47.21,0.752,60.3,92,0.3465,1,1
NEU-500507,Control,B02,134.01,-73.79,152.3,16.94,189.4,-39.66,1.119,47.1,88,0.3731,1,0
NEU-500321,TreatmentB,B01,110.48,-65.93,87.0,50.32,93.7,-48.57,1.413,47.7,92,0.4389,1,1
NEU-506721,Control,B02,104.05,-77.91,302.2,17.94,85.0,-42.88,1.226,73.5,78,0.4655,1,0
NEU-508497,TreatmentB,B02,86.97,-58.33,242.2,9.97,87.7,-51.29,0.741,55.8,82,0.5629,0,0
NEU-505578,TreatmentB,B02,120.81,-66.27,94.5,20.39,76.6,-47.51,0.828,53.3,88,0.2386,1,0
NEU-505840,TreatmentB,B01,105.35,-74.7,169.6,4.45,58.3,-41.04,1.061,66.6,67,0.5056,1,0
NEU-501126,TreatmentA,B02,108.62,-71.95,117.3,14.41,98.1,-44.5,1.18,64.8,79,0.2638,1,0
NEU-500524,TreatmentB,B03,80.3,-72.83,265.0,12.78,45.5,-46.31,0.778,65.8,90,0.2854,0,0
NEU-509782,TreatmentA,B03,78.13,-63.32,391.5,14.16,145.4,-42.04,0.93,46.5,87,0.4703,0,1
NEU-503576,TreatmentA,B03,98.59,-66.01,114.1,27.7,131.7,-45.35,1.624,34.2,68,0.2936,1,0
NEU-505920,TreatmentB,B02,114.48,-57.26,149.7,20.1,58.7,-45.88,1.021,68.6,85,0.2934,1,0
NEU-506762,TreatmentB,B01,90.07,-67.46,146.8,25.07,62.8,-40.67,0.658,66.0,98,0.216,0,0
NEU-501312,TreatmentB,B02,101.26,-56.71,202.3,8.92,61.5,-39.9,0.675,74.1,79,0.474,1,0
NEU-502053,TreatmentB,B01,100.61,-63.86,231.9,13.28,59.5,-42.2,1.331,55.6,92,0.3711,0,1
NEU-508529,TreatmentB,B01,77.56,-54.81,177.6,25.01,103.1,-51.31,0.546,91.8,80,0.3465,1,0
NEU-502658,TreatmentA,B03,77.65,-66.57,398.7,10.97,69.0,-42.01,0.946,36.9,75,0.1444,0,1
NEU-503375,TreatmentB,B01,89.19,-60.38,136.0,20.79,90.1,-43.57,0.486,72.8,79,0.2607,1,0
NEU-508871,TreatmentA,B02,111.25,-60.74,98.0,14.46,136.4,-38.49,0.796,62.9,94,0.2795,1,0
NEU-507262,TreatmentA,B03,114.94,-54.9,218.3,9.63,83.1,-44.13,0.871,69.5,86,0.3301,0,0
NEU-506285,TreatmentA,B01,112.06,-64.96,300.5,5.11,144.4,-40.82,0.938,39.3,87,0.519,0,0
NEU-502533,TreatmentB,B03,106.94,-52.17,150.1,18.85,101.6,-45.82,0.856,49.4,74,0.39,0,0
NEU-505068,TreatmentB,B02,73.47,-67.3,77.7,22.38,144.0,-43.25,1.191,66.6,93,0.2807,1,0
NEU-507371,TreatmentB,B03,101.77,-69.64,178.1,9.57,99.9,-42.07,0.975,60.9,109,0.4033,0,0
NEU-501888,Control,B01,93.8,-73.41,330.9,23.53,115.5,-40.0,0.827,54.3,84,0.3174,0,0
NEU-502964,TreatmentA,B01,83.96,-60.73,149.5,10.74,132.0,-37.59,1.15,25.6,73,0.3549,1,1
NEU-500632,TreatmentB,B02,78.9,-60.83,259.1,11.62,135.7,-41.44,1.501,85.5,77,0.4012,1,1
NEU-506565,TreatmentB,B03,111.04,-65.41,304.7,10.78,91.6,-48.51,0.525,61.8,84,0.4161,0,1
NEU-507037,TreatmentB,B03,126.86,-55.44,362.1,18.14,12.2,-38.18,0.723,66.8,112,0.4644,0,0
NEU-507427,Control,B03,69.77,-56.02,301.5,26.41,118.2,-43.43,1.38,58.7,87,0.4074,1,0
NEU-509230,Control,B03,99.48,-64.38,132.1,8.76,146.5,-51.65,0.593,29.0,116,0.3188,0,1
NEU-508394,TreatmentA,B01,94.99,-54.89,100.0,12.81,66.6,-51.81,0.934,51.0,91,0.1831,0,0
NEU-500221,TreatmentA,B02,115.0,-70.98,315.9,11.21,116.2,-46.17,1.051,44.7,92,0.6017,0,1
NEU-505550,TreatmentB,B02,122.96,-66.36,201.6,6.14,84.3,-34.44,1.482,69.1,81,0.0977,1,1
NEU-502165,Control,B03,72.25,-58.22,136.3,19.56,96.6,-37.94,1.266,36.3,85,0.598,0,1
NEU-502043,TreatmentB,B01,95.82,-63.4,216.0,8.98,103.2,-43.89,1.393,77.0,92,0.2988,1,1
NEU-501629,TreatmentB,B01,120.49,-69.1,231.7,17.87,83.5,-37.59,0.92,72.4,72,0.2021,0,0
NEU-502683,TreatmentA,B01,83.28,-61.66,81.8,11.22,106.5,-46.5,1.04,34.8,85,0.3164,1,1
NEU-503113,Control,B03,110.0,-64.84,199.2,20.94,164.1,-42.15,1.197,47.8,85,0.2026,0,0
NEU-508883,TreatmentB,B02,127.22,-57.21,227.1,6.41,96.9,-43.04,1.415,56.2,91,0.3504,0,1
NEU-509738,TreatmentA,B03,93.34,-58.48,103.2,15.4,113.8,-39.78,1.155,48.2,93,0.3564,1,0
NEU-500405,Control,B01,109.1,-55.92,145.2,10.05,100.6,-39.8,0.904,39.4,87,0.3003,0,1
NEU-502831,TreatmentB,B03,103.8,-71.71,118.9,14.64,81.2,-43.42,1.297,53.4,80,0.3305,1,0
NEU-508998,TreatmentA,B03,115.57,-62.01,290.0,25.06,126.2,-37.7,1.155,45.6,82,0.7412,1,1
NEU-504415,Control,B02,96.88,-62.42,130.1,13.96,105.5,-34.93,0.864,25.8,80,0.4082,0,1
NEU-506081,TreatmentB,B03,92.42,-71.59,92.6,13.11,53.4,-38.4,0.883,52.5,84,0.3389,1,1
NEU-508534,TreatmentA,B01,78.12,-70.54,195.9,20.69,88.6,-37.9,1.247,54.4,101,0.4747,0,1
NEU-509487,Control,B03,96.8,-59.83,69.3,12.41,95.0,-39.17,0.724,34.0,87,0.334,1,1
NEU-507889,TreatmentB,B03,113.49,-77.13,248.0,16.27,86.7,-42.29,0.752,59.0,96,0.3223,1,0
NEU-507275,TreatmentB,B01,121.33,-65.27,92.2,11.49,65.1,-33.66,1.39,73.8,74,0.3655,1,1
NEU-504245,TreatmentA,B03,100.98,-69.1,71.4,13.46,150.4,-37.08,0.647,43.2,99,0.3734,0,1
NEU-506678,TreatmentB,B03,106.04,-68.08,198.4,10.03,177.1,-45.03,1.245,74.2,84,0.4281,1,1
NEU-506884,Control,B03,107.16,-61.84,288.4,16.55,120.3,-40.45,0.977,32.3,84,0.3431,1,1
NEU-509669,TreatmentA,B03,97.0,-58.13,297.2,8.35,84.2,-38.17,1.08,58.5,82,0.3554,1,1
NEU-501029,TreatmentA,B03,90.71,-55.96,150.2,15.6,113.9,-46.89,1.18,31.6,70,0.5694,0,1
NEU-502481,Control,B03,107.21,-67.61,192.6,39.2,99.1,-47.39,1.033,50.9,82,0.4142,1,1
NEU-504796,TreatmentB,B02,103.67,-60.07,207.4,9.99,106.3,-40.96,1.34,69.0,85,0.3709,0,0
NEU-507004,TreatmentB,B01,124.06,-63.56,186.7,15.27,141.0,-40.02,1.236,44.8,89,0.3115,1,1
NEU-504981,TreatmentB,B02,101.93,-68.8,292.8,6.01,94.8,-46.95,0.92,63.8,92,0.1373,0,1
NEU-500070,TreatmentA,B02,69.4,-70.89,212.4,14.34,162.7,-41.54,0.958,51.1,85,0.3475,0,0
NEU-505731,Control,B02,78.48,-70.23,383.8,13.67,128.5,-48.83,1.116,44.1,95,0.3254,1,0
NEU-509890,TreatmentA,B01,113.9,-65.34,309.0,13.84,99.4,-35.08,1.333,45.2,85,0.4613,0,1
NEU-504090,Control,B03,112.47,-55.53,278.4,9.39,109.3,-43.09,1.139,36.0,80,0.389,0,0
NEU-504088,Control,B01,97.36,-61.69,275.4,3.87,138.5,-37.64,1.02,36.4,86,0.2706,0,1
NEU-501325,TreatmentA,B03,80.77,-61.01,183.7,13.23,124.8,-42.89,1.067,79.2,84,0.2496,1,1
NEU-501041,TreatmentB,B01,116.64,-58.38,342.8,9.25,92.9,-42.39,1.2,63.2,72,0.4288,0,0
NEU-508727,TreatmentA,B01,105.33,-66.35,103.6,15.04,121.3,-43.32,1.494,58.7,93,0.2918,1,1
NEU-509084,Control,B01,105.79,-72.02,130.3,9.66,83.7,-39.71,1.352,73.6,76,0.4876,1,0
NEU-504631,Control,B02,90.68,-68.08,208.7,14.42,137.1,-43.38,1.352,36.7,89,0.1261,0,0
NEU-501957,Control,B01,104.89,-68.71,172.6,5.34,98.7,-45.95,0.915,46.3,87,0.3961,0,1
NEU-500160,Control,B02,99.51,-66.01,156.3,13.52,113.0,-49.94,0.841,38.1,67,0.2209,0,0
NEU-504739,TreatmentA,B01,96.92,-64.93,119.8,16.41,85.3,-40.07,0.872,50.7,82,0.5147,1,1
NEU-504694,TreatmentA,B01,115.26,-60.61,300.8,14.19,125.1,-43.47,0.58,58.2,83,0.1423,0,1
NEU-501882,TreatmentB,B01,95.83,-63.21,205.9,17.06,91.1,-48.47,1.322,57.2,89,0.4664,0,1
NEU-505467,Control,B02,86.5,-63.9,208.3,29.7,36.7,-35.83,0.712,13.8,81,0.2176,0,0
NEU-506605,Control,B02,108.77,-60.55,138.8,11.99,128.8,-39.43,1.517,51.4,84,0.4635,1,0
NEU-501936,TreatmentB,B02,82.45,-53.69,122.1,11.15,89.4,-39.2,0.663,72.4,105,0.5246,1,0
NEU-503607,TreatmentA,B01,122.94,-66.3,247.4,6.59,104.9,-38.23,1.531,56.2,95,0.2827,0,1
NEU-505286,Control,B01,95.1,-60.13,163.1,11.29,153.9,-38.05,1.062,73.4,79,0.2312,0,1
NEU-502412,Control,B03,86.07,-74.52,345.7,10.18,98.1,-42.64,1.19,42.9,71,0.3811,0,0
NEU-501789,TreatmentA,B03,93.91,-72.32,367.5,15.3,134.0,-48.61,1.403,70.6,88,0.7475,0,1
NEU-507013,Control,B03,75.76,-64.91,248.8,11.04,138.1,-43.0,1.03,18.4,91,0.415,0,1
NEU-506240,Control,B03,88.61,-62.94,237.3,6.97,164.1,-44.2,0.616,43.3,83,0.3208,0,1
NEU-502878,Control,B02,115.24,-70.76,65.2,12.28,76.6,-44.77,0.686,32.6,82,0.25,0,1
NEU-504627,TreatmentB,B01,130.57,-65.33,112.1,11.33,114.8,-38.7,1.062,69.6,94,0.4531,1,1
NEU-505186,TreatmentA,B01,131.99,-57.64,141.4,13.28,35.0,-43.76,1.176,72.4,85,0.2788,1,1
NEU-504178,TreatmentA,B02,107.6,-63.16,262.8,14.35,124.3,-42.75,0.843,45.5,78,0.3547,1,1
NEU-503123,TreatmentB,B01,87.72,-72.78,278.8,7.81,121.2,-36.43,1.254,63.1,108,0.4166,0,1
NEU-509655,Control,B02,110.73,-66.21,131.8,10.92,92.6,-42.58,0.584,33.8,87,0.4489,0,0
NEU-509074,Control,B03,128.01,-65.32,132.7,8.8,97.5,-40.36,1.205,34.7,92,0.4643,1,1
NEU-507548,TreatmentB,B01,117.58,-63.86,115.2,12.99,42.8,-44.59,1.422,43.1,94,0.1981,1,1
NEU-503227,TreatmentA,B01,94.37,-63.63,255.9,14.79,142.5,-39.51,1.137,74.4,86,0.5342,1,1
NEU-504068,Control,B01,110.22,-78.67,138.2,12.19,167.9,-43.11,1.211,34.9,88,0.1443,0,0
NEU-503371,TreatmentA,B01,117.74,-63.48,260.1,16.35,46.0,-44.81,1.522,46.5,87,0.2822,1,1
NEU-503409,TreatmentB,B02,119.3,-71.39,326.9,7.61,44.2,-39.18,0.865,104.9,85,0.306,1,1
NEU-508108,Control,B03,98.82,-72.03,104.0,30.74,140.7,-47.62,0.549,21.3,81,0.16,0,0
NEU-501970,Control,B02,89.91,-72.32,216.4,19.84,106.9,-40.51,0.994,60.9,88,0.5542,0,1
NEU-501059,TreatmentA,B03,96.83,-71.13,180.8,16.06,93.0,-38.35,1.182,71.7,80,0.4483,1,1
NEU-501991,Control,B03,90.02,-68.13,143.2,20.08,138.7,-43.52,0.715,37.9,79,0.2888,0,0
NEU-507290,TreatmentB,B03,74.76,-55.2,151.3,16.68,105.3,-42.56,2.032,80.6,93,0.2416,1,0
NEU-503212,Control,B03,110.52,-76.78,141.7,15.13,115.0,-44.86,1.608,23.1,97,0.4089,0,0
NEU-507390,Control,B02,103.27,-54.29,211.1,8.35,63.6,-45.3,0.8,67.5,83,0.5508,1,0
NEU-500236,TreatmentA,B02,110.69,-70.35,234.8,18.12,75.4,-42.08,1.17,54.3,68,0.3755,0,0
NEU-503698,Control,B03,123.72,-70.0,159.1,30.18,141.3,-43.64,0.889,54.0,95,0.6563,1,1
NEU-504216,TreatmentA,B03,94.37,-64.73,102.7,23.41,109.1,-44.4,1.268,73.5,75,0.3456,1,0
NEU-505517,TreatmentB,B02,91.52,-76.34,216.1,23.14,73.9,-39.23,1.316,84.7,64,0.4277,1,0
NEU-508764,TreatmentA,B03,111.53,-62.98,114.8,8.43,32.0,-37.8,0.852,22.4,87,0.7321,0,0
NEU-502252,Control,B01,108.49,-62.98,120.5,7.11,112.8,-48.05,0.981,39.3,88,0.2451,1,1
NEU-506573,TreatmentA,B02,106.02,-65.41,119.1,19.21,122.3,-46.23,0.692,59.1,89,0.6551,0,1
NEU-503825,TreatmentB,B03,92.24,-54.63,136.3,14.26,107.5,-41.08,1.081,79.1,98,0.2362,1,0
NEU-506611,TreatmentB,B01,118.33,-59.3,81.9,40.44,64.2,-42.0,0.894,66.1,95,0.6502,1,1
NEU-504016,Control,B02,106.98,-67.1,123.6,21.82,118.5,-34.13,1.65,36.7,71,0.4414,1,1
NEU-507543,Control,B03,85.09,-65.64,143.1,26.89,62.3,-42.7,1.686,36.5,80,0.2935,1,0
NEU-500194,Control,B01,103.37,-72.05,122.6,15.29,99.7,-38.71,2.195,56.5,85,0.3366,1,0
NEU-501980,TreatmentB,B03,124.9,-60.61,137.3,20.02,142.6,-44.63,1.292,60.1,67,0.4458,1,1
NEU-509679,TreatmentA,B01,113.47,-69.02,135.0,21.26,113.5,-43.75,1.509,67.5,81,0.6237,0,1
NEU-504136,Control,B01,87.14,-58.91,512.1,14.72,109.8,-48.42,0.954,45.1,85,0.1852,0,0
NEU-503946,TreatmentB,B02,92.08,-63.38,285.7,17.48,10.8,-46.78,0.863,60.4,75,0.5236,0,1
NEU-506827,Control,B03,75.41,-70.61,222.1,16.08,95.8,-31.28,0.861,28.7,87,0.3652,0,1
NEU-506788,TreatmentA,B01,119.41,-66.66,117.8,24.3,90.6,-39.79,1.415,59.8,87,0.2573,1,0
NEU-506519,TreatmentA,B01,111.46,-60.88,123.5,8.1,96.3,-34.9,1.541,45.9,93,0.304,1,1
NEU-509388,TreatmentA,B03,99.64,-77.02,370.3,5.97,63.1,-39.97,1.038,32.4,75,0.3518,0,1
NEU-507411,TreatmentA,B01,103.99,-58.89,455.2,15.17,102.7,-46.26,0.886,67.3,83,0.2438,0,0
NEU-503374,Control,B03,93.85,-69.8,258.3,11.46,195.1,-31.6,1.643,52.7,99,0.2632,1,0
NEU-504555,Control,B03,81.59,-68.21,583.6,8.1,149.0,-42.33,1.684,16.5,76,0.4718,0,0
NEU-504973,Control,B02,90.48,-68.83,111.3,17.17,11.6,-39.72,1.158,43.1,92,0.1397,0,0
NEU-506769,TreatmentB,B01,108.26,-63.65,203.5,9.67,44.3,-43.22,0.845,49.8,82,0.3331,0,1
NEU-505776,TreatmentA,B03,102.88,-68.55,184.3,9.76,99.0,-44.42,0.799,26.4,70,0.6462,0,0
NEU-503534,TreatmentB,B01,74.89,-55.7,157.5,6.75,77.6,-45.13,1.146,67.3,94,0.4626,1,0
NEU-503202,Control,B03,93.23,-78.9,244.5,5.69,161.6,-43.72,0.69,20.1,95,0.3527,0,0
NEU-506278,TreatmentB,B02,86.23,-61.64,166.4,7.48,79.7,-47.35,0.835,75.0,88,0.3424,0,1
NEU-502950,TreatmentA,B01,109.61,-64.69,177.5,13.25,92.1,-47.61,0.697,65.3,105,0.5844,0,1
NEU-507363,TreatmentA,B01,129.51,-68.56,102.3,10.37,51.8,-39.51,1.204,56.0,90,0.5212,1,1
NEU-503296,TreatmentB,B03,102.13,-76.88,349.5,8.75,99.2,-43.37,0.646,60.7,98,0.4463,0,0
NEU-509198,TreatmentB,B03,96.63,-61.44,100.0,12.88,62.5,-43.87,0.926,52.1,74,0.1876,1,1
NEU-507231,TreatmentB,B03,100.03,-68.34,96.1,15.02,95.1,-40.85,0.867,82.8,106,0.3369,1,1
NEU-500794,TreatmentB,B03,108.75,-72.68,99.2,18.32,60.8,-41.84,1.004,53.2,93,0.3589,1,0
NEU-501925,TreatmentA,B02,109.89,-60.72,189.1,7.34,95.1,-51.31,1.212,40.0,87,0.4977,0,0
NEU-504872,TreatmentA,B01,99.96,-63.76,229.5,14.83,50.3,-46.33,0.778,53.2,91,0.5691,0,1
NEU-504601,TreatmentB,B03,91.55,-63.62,210.8,11.11,45.2,-45.34,1.043,69.9,75,0.4197,1,1
NEU-502864,Control,B02,89.33,-65.25,141.7,16.11,119.0,-41.29,0.795,67.5,80,0.435,0,1
NEU-509604,TreatmentB,B02,95.29,-60.84,329.9,19.03,71.6,-36.73,0.675,70.1,111,0.6654,1,1
NEU-500333,TreatmentB,B01,111.17,-73.08,126.6,22.66,153.6,-35.23,0.756,51.8,94,0.3688,0,0
NEU-505320,TreatmentA,B01,125.1,-62.56,273.7,11.92,95.3,-35.94,1.204,47.0,86,0.5465,0,0
NEU-508684,TreatmentB,B01,76.76,-74.59,268.9,19.57,84.5,-47.99,1.051,58.7,93,0.4053,1,0
NEU-503198,TreatmentB,B01,97.73,-68.18,355.2,17.77,80.8,-38.27,0.614,55.8,78,0.5526,0,1
NEU-507635,Control,B01,104.73,-60.84,88.0,14.22,175.7,-40.75,1.563,82.1,96,0.7215,1,0
NEU-508860,TreatmentB,B02,94.92,-67.35,81.8,31.12,52.6,-41.14,1.194,57.4,92,0.1322,1,0
NEU-508986,Control,B01,82.81,-70.58,263.4,9.09,109.4,-45.05,1.059,30.2,82,0.0671,0,1
NEU-505845,TreatmentB,B03,86.88,-66.11,114.3,13.02,64.4,-40.69,1.273,65.7,92,0.4716,1,1
NEU-506500,TreatmentB,B01,116.5,-65.56,129.7,15.9,109.7,-45.02,0.692,85.6,93,0.334,1,0
NEU-507807,Control,B01,100.93,-62.02,88.5,18.37,167.9,-48.97,0.876,60.2,104,0.2274,1,0
NEU-509829,TreatmentB,B01,120.02,-65.3,147.7,21.61,87.8,-39.75,1.526,50.2,79,0.6371,1,1
NEU-507137,TreatmentA,B01,107.79,-73.99,164.1,13.23,118.3,-44.11,1.023,26.7,82,0.2849,0,0
NEU-504752,TreatmentB,B01,91.32,-69.97,140.3,26.64,81.9,-41.08,0.774,65.2,102,0.2287,1,0
NEU-504587,TreatmentA,B02,72.77,-68.9,391.9,9.77,78.9,-46.79,0.79,60.2,81,0.2753,0,1
NEU-501969,Control,B02,101.15,-66.26,122.2,14.75,92.5,-34.08,1.33,30.1,73,0.1587,0,1
NEU-500372,Control,B03,110.95,-65.62,166.4,9.55,88.2,-43.09,1.18,52.4,102,0.6235,1,1
NEU-505387,TreatmentA,B03,95.19,-64.4,140.1,10.89,113.0,-44.48,1.15,32.3,82,0.4866,1,1
NEU-501318,Control,B02,86.94,-73.75,200.4,7.08,123.6,-48.92,1.012,43.5,68,0.375,0,0
NEU-503812,Control,B03,113.64,-70.91,184.2,18.37,119.2,-43.61,1.196,67.5,76,0.6981,1,1
NEU-508664,Control,B02,108.85,-63.86,225.8,9.79,138.2,-43.68,1.195,31.3,95,0.1981,1,1
NEU-505925,TreatmentA,B01,84.64,-69.18,218.1,19.95,111.6,-42.04,1.197,42.7,101,0.3068,1,0
NEU-503806,Control,B02,94.36,-59.72,81.3,14.49,173.2,-43.92,1.602,64.5,94,0.1463,1,0
NEU-506350,TreatmentB,B01,79.75,-70.62,101.6,14.37,87.1,-40.08,1.112,60.8,85,0.4034,0,0
NEU-507628,Control,B03,97.68,-60.25,257.9,30.88,124.7,-43.53,0.697,38.2,78,0.1798,0,0
NEU-500709,Control,B02,103.76,-65.49,264.1,19.09,74.8,-37.81,1.19,49.1,78,0.3265,1,0
NEU-508693,TreatmentB,B03,109.92,-66.3,200.7,16.56,46.5,-49.61,0.969,69.9,98,0.4417,0,1
NEU-502096,TreatmentA,B01,113.96,-63.77,92.4,14.71,158.9,-44.61,1.228,58.3,89,0.3461,1,1
NEU-502856,Control,B02,81.87,-62.87,109.7,17.4,150.2,-40.43,1.016,49.7,103,0.3748,1,1
NEU-508631,TreatmentB,B03,105.12,-58.83,240.1,17.52,33.3,-44.47,2.215,75.1,81,0.5064,1,0
NEU-500607,TreatmentA,B03,65.93,-64.96,153.4,10.74,95.9,-46.87,1.286,51.5,73,0.3,0,1
NEU-506761,Control,B03,104.21,-66.35,158.2,11.26,43.9,-36.65,0.723,41.6,93,0.3811,0,1
NEU-506371,Control,B03,93.74,-61.6,190.5,18.07,109.6,-47.87,0.93,43.6,82,0.2479,1,0
NEU-501349,Control,B01,98.2,-67.82,196.7,13.65,125.8,-46.99,1.443,46.6,91,0.8646,1,1
NEU-508609,Control,B02,70.31,-68.29,90.1,4.93,150.4,-34.94,1.145,19.6,89,0.4808,0,1
NEU-506850,TreatmentB,B03,82.53,-56.37,525.8,16.74,89.2,-45.23,0.875,62.0,89,0.1956,0,0
NEU-501678,TreatmentA,B01,80.7,-76.19,110.2,29.06,81.9,-40.13,0.66,77.1,76,0.4365,1,0
NEU-508969,TreatmentA,B01,102.81,-62.76,124.5,10.93,100.8,-43.9,0.795,58.4,89,0.2138,1,1
NEU-506740,TreatmentA,B01,103.92,-65.05,225.9,28.22,123.8,-50.51,1.077,76.1,70,0.3598,1,1
NEU-508121,TreatmentA,B02,112.3,-76.05,112.9,19.31,153.3,-40.83,0.855,60.0,88,0.6503,1,1
NEU-503224,TreatmentA,B03,88.24,-73.47,292.7,12.61,135.6,-42.5,1.155,43.7,93,0.3261,0,1
NEU-505928,TreatmentB,B02,66.99,-63.25,136.2,13.92,72.5,-41.02,1.216,55.1,102,0.3377,1,1
NEU-503075,TreatmentB,B01,66.51,-63.21,101.0,17.6,66.6,-40.12,1.395,49.3,70,0.6411,1,1
NEU-507848,Control,B03,95.52,-65.63,133.1,7.98,78.3,-47.98,0.854,44.5,80,0.2224,1,1
NEU-500945,TreatmentA,B01,125.45,-55.85,174.8,6.68,88.5,-48.94,1.067,43.0,100,0.3904,0,1
NEU-500255,TreatmentB,B02,114.45,-64.48,178.4,11.54,143.5,-37.93,0.53,59.3,95,0.2567,0,1
NEU-502521,Control,B02,86.34,-63.91,197.5,24.79,118.7,-45.0,1.156,41.3,90,0.3501,1,1
NEU-503357,TreatmentA,B03,85.77,-66.1,142.1,4.13,151.2,-32.58,0.915,62.3,91,0.3766,1,1
NEU-501308,TreatmentA,B02,90.89,-70.42,153.6,12.25,149.0,-43.7,0.895,51.2,87,0.5129,1,0
NEU-505894,TreatmentB,B02,85.97,-75.98,109.0,11.06,17.0,-38.18,1.291,50.8,70,0.1432,0,1
NEU-504743,TreatmentB,B01,100.08,-62.26,368.2,10.12,81.3,-36.78,1.417,87.2,78,0.3142,1,1
NEU-504105,Control,B01,103.1,-64.67,260.5,10.51,139.0,-38.9,1.059,24.2,99,0.2468,0,1
NEU-504921,Control,B03,85.59,-70.44,152.6,20.24,78.6,-37.55,1.242,44.5,100,0.3947,1,0
NEU-508285,TreatmentB,B01,102.95,-56.57,228.5,12.95,85.8,-38.56,1.575,59.5,74,0.6441,1,0
NEU-504257,TreatmentA,B02,108.6,-66.94,83.9,13.51,75.0,-41.71,0.983,36.9,87,0.1264,0,1
NEU-506722,TreatmentB,B01,83.15,-53.93,103.6,18.2,82.7,-48.93,0.763,61.1,76,0.2538,0,0
NEU-501713,TreatmentB,B01,122.99,-60.34,110.8,9.45,77.7,-44.28,0.749,87.9,99,0.613,1,0
NEU-502978,Control,B02,93.24,-68.2,183.1,16.64,149.0,-46.45,1.362,53.1,94,0.303,1,1
NEU-501877,TreatmentA,B02,135.28,-70.76,148.1,13.42,86.7,-42.81,1.104,8.2,76,0.4391,0,0
NEU-509453,TreatmentB,B01,90.99,-64.49,253.5,14.93,42.6,-42.53,0.802,49.1,83,0.5213,0,1
NEU-504240,TreatmentB,B03,107.2,-65.36,155.1,16.4,81.1,-48.14,1.075,51.4,94,0.5608,1,1
NEU-503603,TreatmentB,B03,105.62,-59.71,392.1,5.17,114.6,-35.05,0.785,74.0,86,0.4204,0,0
NEU-509470,Control,B03,118.9,-57.66,388.4,11.58,80.4,-43.92,0.899,60.5,88,0.3607,0,0
NEU-502768,TreatmentB,B01,113.91,-65.89,129.9,9.22,-6.0,-42.85,1.573,73.5,80,0.4404,1,1
NEU-500132,TreatmentB,B01,112.64,-62.9,188.4,19.41,39.5,-37.43,1.264,48.3,73,0.2831,0,1
NEU-503656,Control,B02,89.53,-60.54,103.8,11.28,117.3,-34.66,0.846,34.0,90,0.5648,0,0
NEU-501239,Control,B03,92.9,-66.6,120.1,9.47,119.4,-39.11,0.868,39.9,95,0.4844,1,0
NEU-505547,TreatmentA,B03,92.95,-61.2,178.7,9.98,178.2,-44.63,0.963,54.6,88,0.3523,1,1
NEU-504063,TreatmentA,B02,108.24,-59.02,182.9,38.21,115.7,-40.34,1.277,41.3,81,0.2687,1,0
NEU-502718,Control,B03,89.94,-82.23,351.2,17.33,63.8,-39.12,1.012,26.7,93,0.2701,0,0
NEU-502110,Control,B01,149.68,-66.9,187.9,8.92,142.9,-41.54,1.595,35.6,90,0.2497,1,1
NEU-505151,TreatmentB,B02,90.36,-67.32,213.0,11.31,103.3,-39.29,1.138,37.7,93,0.2703,1,1
NEU-506477,TreatmentB,B02,128.29,-65.52,212.2,22.35,38.3,-42.61,1.222,46.4,82,0.3054,1,1
NEU-506178,TreatmentA,B01,87.09,-69.68,99.3,11.61,98.6,-40.68,1.097,72.1,75,0.4666,1,0
NEU-500074,TreatmentB,B03,108.57,-72.6,206.8,22.7,151.9,-39.07,1.209,82.5,89,0.2979,0,0
NEU-508560,Control,B01,119.63,-68.69,272.7,18.91,115.6,-48.8,1.891,26.5,88,0.2598,0,0
NEU-502403,TreatmentA,B02,87.48,-62.07,238.9,8.42,147.4,-45.8,1.229,58.7,75,0.4137,0,0
NEU-501246,Control,B03,129.23,-64.27,137.8,7.32,62.2,-43.37,1.41,35.1,85,0.3111,0,1
NEU-500083,Control,B03,101.94,-69.65,119.8,14.82,50.5,-40.16,1.076,51.2,90,0.598,1,1
NEU-501592,TreatmentB,B01,85.32,-69.64,148.7,21.5,131.3,-36.48,1.105,46.3,102,0.2056,1,0
NEU-504152,TreatmentB,B02,95.03,-71.8,96.3,17.98,-7.3,-42.19,1.481,53.8,91,0.4719,0,1
NEU-500972,Control,B01,99.56,-71.66,70.5,10.49,120.4,-33.68,0.793,44.7,88,0.7703,0,0
NEU-501958,TreatmentB,B03,137.28,-58.48,420.7,6.5,128.3,-44.49,0.989,72.5,69,0.4794,0,0
NEU-507457,TreatmentA,B01,120.42,-64.16,144.4,11.57,185.3,-34.18,0.954,46.7,75,0.2573,1,1
NEU-508637,TreatmentA,B01,106.67,-56.65,79.8,13.14,83.9,-41.78,1.408,76.1,98,0.2966,1,0
NEU-509170,TreatmentB,B01,100.9,-55.68,204.0,15.9,122.9,-42.37,0.924,56.7,80,0.2036,0,0
NEU-501881,Control,B01,109.81,-66.5,174.2,20.68,111.5,-37.65,1.129,38.4,77,0.2699,0,0
NEU-504717,TreatmentA,B02,97.13,-61.66,164.4,12.77,-4.8,-42.66,0.519,21.3,89,0.6088,0,0
NEU-507529,TreatmentB,B01,97.04,-69.85,164.1,6.37,89.1,-46.77,1.083,68.7,90,0.1822,0,1
NEU-502561,Control,B03,86.51,-52.6,204.4,16.84,161.1,-31.85,1.155,55.1,79,0.6844,0,0
NEU-501611,TreatmentB,B02,76.05,-62.55,127.2,22.88,121.3,-39.56,0.656,60.5,81,0.2958,0,0
NEU-507468,TreatmentA,B01,101.69,-65.69,153.5,10.47,85.1,-37.92,1.14,56.4,91,0.1892,1,1
NEU-505334,TreatmentB,B02,89.4,-70.98,90.9,28.25,75.3,-48.23,1.5,60.6,86,0.3535,1,0
NEU-505104,Control,B03,77.44,-71.84,460.2,10.35,140.6,-44.67,1.607,42.7,94,0.2296,0,1
NEU-502667,Control,B03,81.36,-67.59,402.6,10.26,85.3,-41.12,1.43,50.4,92,0.4981,1,1
NEU-506181,TreatmentA,B03,106.54,-76.19,280.0,11.6,64.3,-41.13,1.412,46.1,93,0.6026,0,1
NEU-504400,Control,B01,116.42,-64.31,187.4,7.58,121.9,-39.86,1.081,42.3,79,0.6353,0,0
NEU-507206,Control,B02,88.67,-61.59,265.4,16.52,125.7,-38.92,1.276,51.4,83,0.2822,0,1
NEU-504061,Control,B01,89.22,-61.45,181.1,13.44,125.4,-35.95,1.119,24.4,90,0.2008,0,0
NEU-501844,TreatmentA,B01,88.81,-64.78,258.8,12.93,147.5,-44.45,0.686,77.3,89,0.1843,1,1
NEU-502649,Control,B01,96.03,-59.54,163.0,13.37,124.0,-42.26,0.528,51.3,93,0.733,0,0
NEU-502137,TreatmentA,B01,92.6,-67.2,215.1,16.31,115.0,-48.55,0.891,29.4,88,0.4766,0,1
NEU-502262,TreatmentB,B03,113.57,-68.47,160.8,6.03,107.0,-41.11,0.616,80.2,83,0.5803,1,0
NEU-508832,TreatmentB,B03,87.69,-62.79,155.3,11.94,106.3,-49.78,1.191,64.8,96,0.476,1,1
NEU-509361,TreatmentB,B03,110.2,-69.98,228.8,15.85,109.7,-43.24,0.842,67.7,110,0.3323,1,0
NEU-503583,Control,B01,125.84,-63.41,191.0,13.47,88.9,-41.45,1.409,25.2,89,0.3107,0,1
NEU-504795,TreatmentB,B03,78.4,-68.26,111.2,19.9,38.6,-43.96,0.944,61.6,74,0.3868,0,0
NEU-507608,TreatmentB,B01,110.49,-62.07,287.1,15.95,73.4,-38.39,1.121,64.6,85,0.2124,0,0
NEU-506187,TreatmentA,B03,114.53,-54.09,141.4,12.39,62.4,-42.03,1.604,55.2,71,0.4179,1,0
NEU-506466,Control,B01,106.98,-59.41,222.5,9.45,85.2,-42.29,0.799,57.0,108,0.3754,1,0
NEU-501316,TreatmentA,B03,75.8,-68.99,123.1,9.83,102.2,-34.57,1.148,39.9,79,0.5642,1,0
NEU-502946,TreatmentB,B02,100.38,-68.67,440.2,10.37,54.9,-46.59,1.75,63.4,89,0.2015,0,1
NEU-501498,TreatmentB,B03,105.77,-72.1,330.1,14.27,102.9,-45.64,1.099,55.9,92,0.6553,1,0
NEU-504766,TreatmentA,B02,88.9,-63.8,189.5,20.71,147.5,-49.76,1.382,45.9,77,0.2694,0,0
NEU-506943,TreatmentB,B03,112.53,-60.61,456.0,10.8,86.2,-41.09,1.105,68.5,80,0.2398,0,1
NEU-508762,Control,B01,95.64,-68.35,130.6,8.49,63.2,-43.52,1.136,33.4,80,0.4654,1,1
NEU-502602,Control,B03,126.8,-63.48,265.8,15.25,22.6,-44.42,0.99,46.1,84,0.4179,0,1
NEU-502790,Control,B03,105.79,-65.85,286.9,14.05,121.7,-41.46,0.868,35.2,76,0.6274,0,1
NEU-503790,TreatmentB,B03,111.26,-66.56,92.2,20.94,66.0,-41.35,0.564,99.7,100,0.3162,1,0
NEU-506100,TreatmentA,B03,108.94,-63.35,283.3,8.9,124.3,-43.27,2.02,49.1,83,0.4416,1,0
NEU-509056,TreatmentA,B02,92.48,-67.34,236.4,21.41,123.5,-33.16,1.467,34.9,88,0.6779,1,1
NEU-500893,Control,B02,91.82,-59.57,306.5,12.97,161.1,-44.56,1.023,42.3,82,0.407,0,0
NEU-502141,Control,B02,131.52,-61.12,233.1,8.92,115.0,-51.82,1.122,25.8,85,0.3244,0,1
NEU-504677,TreatmentA,B03,113.64,-75.03,152.2,12.66,74.4,-39.25,0.822,55.2,75,0.3619,1,0
NEU-505011,TreatmentB,B02,93.13,-74.42,181.2,10.83,93.2,-43.67,0.879,81.2,91,0.4356,0,0
NEU-500803,TreatmentA,B02,128.76,-70.06,266.9,24.44,44.5,-47.32,1.114,59.2,91,0.4852,1,1
NEU-502225,Control,B02,100.22,-68.46,187.7,24.14,173.1,-46.94,0.977,44.3,94,0.4253,0,1
NEU-500096,TreatmentB,B01,73.65,-62.75,86.3,11.26,77.3,-39.23,0.488,64.3,87,0.4064,1,1
NEU-508096,Control,B02,115.0,-72.39,225.9,13.53,79.5,-32.46,0.922,41.4,82,0.2578,0,0
NEU-503303,Control,B03,134.04,-64.62,381.3,20.78,123.2,-38.31,0.943,56.8,90,0.4877,0,1
NEU-503642,TreatmentA,B01,101.26,-61.67,351.5,17.8,40.5,-38.51,1.486,55.2,77,0.4828,1,1
NEU-500300,Control,B03,97.6,-57.4,146.9,21.16,112.2,-39.89,1.274,24.3,79,0.4518,1,0
NEU-509186,TreatmentB,B02,92.98,-67.11,300.4,11.79,99.4,-44.86,1.333,40.2,85,0.0571,0,1
NEU-501096,TreatmentB,B02,114.18,-60.85,184.7,15.25,70.4,-42.5,1.124,47.6,88,0.6292,1,0
NEU-504275,TreatmentB,B03,99.61,-61.35,289.6,5.5,26.8,-50.31,0.745,62.1,87,0.3484,0,1
NEU-507646,Control,B03,112.07,-58.93,240.7,13.14,110.9,-34.79,1.619,51.7,86,0.3321,0,0
NEU-504646,TreatmentA,B03,95.51,-70.17,283.6,13.47,54.2,-37.43,1.018,69.2,99,0.1778,0,1
NEU-509122,Control,B01,106.48,-62.13,82.7,14.7,128.5,-44.53,0.869,43.7,92,0.5543,1,1
NEU-501600,TreatmentA,B02,88.6,-51.54,165.2,16.51,90.9,-39.75,1.454,51.1,84,0.3319,0,0
NEU-502479,Control,B03,86.46,-72.54,230.8,5.01,92.5,-35.16,1.005,26.7,82,0.1631,0,1
NEU-503793,TreatmentB,B02,93.19,-63.29,120.8,12.41,108.2,-44.24,0.717,57.0,91,0.5015,1,1
NEU-508705,TreatmentA,B02,91.25,-60.32,147.7,9.62,112.3,-48.46,1.117,59.3,84,0.4702,0,0
NEU-506307,TreatmentA,B01,108.46,-64.72,161.9,25.38,26.7,-45.96,0.799,26.6,83,0.2529,0,0
NEU-505264,TreatmentA,B01,120.5,-59.68,117.8,11.09,84.1,-32.23,1.023,84.7,81,0.3685,0,0
NEU-503249,Control,B03,77.53,-58.46,218.8,15.48,179.7,-46.15,1.454,43.7,92,0.4747,0,0
NEU-507230,Control,B02,63.01,-67.4,142.3,8.23,76.1,-44.54,0.954,66.4,92,0.21,1,1
NEU-509815,TreatmentA,B01,55.68,-63.45,277.4,12.12,107.4,-43.84,0.799,85.3,96,0.1691,1,1
NEU-505271,TreatmentA,B02,77.75,-61.65,135.4,17.09,46.5,-47.49,1.132,59.0,76,0.3461,1,0
NEU-509540,Control,B02,88.2,-63.06,283.1,14.14,170.1,-39.0,1.177,44.1,85,0.6702,0,1
NEU-500742,TreatmentA,B02,99.3,-54.36,193.5,10.86,47.0,-44.15,0.864,47.7,103,0.491,1,0
NEU-505424,TreatmentA,B01,107.46,-75.16,287.6,12.95,83.1,-38.64,0.809,56.9,104,0.2584,0,0
NEU-500593,TreatmentA,B01,112.52,-70.62,218.3,16.42,124.9,-45.1,0.847,67.1,92,0.4649,1,1
NEU-507383,TreatmentA,B01,99.56,-69.14,231.6,18.28,89.8,-35.39,0.939,69.1,69,0.3661,1,0
NEU-504982,TreatmentB,B01,103.56,-68.64,260.3,20.96,61.7,-44.35,0.978,71.8,93,0.3689,1,1
NEU-501345,TreatmentA,B03,71.4,-68.26,228.8,18.7,66.5,-49.78,0.764,48.8,85,0.6498,0,1
NEU-502615,Control,B03,119.16,-61.96,126.4,6.13,181.5,-40.07,0.474,33.3,86,0.1926,0,1
NEU-502210,TreatmentA,B01,93.62,-69.77,139.5,8.64,81.7,-43.56,0.818,54.8,86,0.2466,0,1
NEU-500590,TreatmentB,B01,92.28,-65.83,244.1,22.83,69.9,-39.61,0.847,76.6,90,0.2903,1,0
NEU-500880,TreatmentB,B03,127.76,-63.22,135.9,14.03,57.7,-31.66,1.204,67.7,88,0.2241,1,1
NEU-503652,TreatmentA,B02,93.18,-62.5,211.6,14.09,111.7,-37.59,0.761,8.1,90,0.463,0,0
NEU-502954,Control,B01,128.75,-71.15,76.9,10.23,97.8,-49.72,1.276,49.3,87,0.3028,1,0
NEU-508362,Control,B01,110.6,-63.35,207.7,22.88,102.5,-44.64,1.547,38.0,89,0.4626,0,0
NEU-507523,TreatmentB,B01,92.49,-66.75,220.1,6.5,89.5,-37.66,0.9,69.3,86,0.3144,1,1
NEU-500277,TreatmentB,B02,68.72,-62.24,139.2,5.88,60.2,-44.94,0.729,80.2,77,0.178,1,1
NEU-509375,TreatmentA,B02,107.02,-65.36,118.3,30.35,166.3,-44.66,1.496,87.1,90,0.3532,1,0
NEU-507258,TreatmentA,B03,102.72,-61.67,154.5,12.17,-22.3,-40.31,1.282,69.1,81,0.4506,1,0
NEU-502006,Control,B02,85.93,-61.35,263.2,7.88,127.4,-44.38,1.272,42.0,75,0.1417,0,1
NEU-503683,TreatmentB,B01,110.04,-59.04,135.4,18.23,63.1,-49.61,1.145,70.8,90,0.1268,1,0
NEU-500932,TreatmentA,B01,105.77,-52.36,188.7,10.41,77.3,-41.84,0.807,37.5,70,0.3332,0,0
NEU-507046,TreatmentB,B03,97.64,-71.86,249.7,9.64,14.2,-45.16,0.731,60.2,85,0.657,0,0
NEU-500241,Control,B01,93.74,-63.45,74.9,5.88,78.7,-42.85,0.447,60.3,86,0.4324,1,0
NEU-508583,TreatmentA,B01,111.75,-65.02,174.8,11.02,134.9,-42.28,1.454,33.9,90,0.3175,1,1
NEU-507576,Control,B01,85.71,-82.18,165.0,18.17,147.2,-40.8,0.829,44.6,98,0.5726,0,0
NEU-501499,TreatmentA,B01,119.25,-70.34,311.2,9.44,117.4,-41.96,0.701,53.1,95,0.4196,0,0
NEU-500954,TreatmentA,B02,116.31,-66.52,202.2,8.21,112.7,-42.42,0.973,61.9,97,0.4188,0,1
NEU-500107,TreatmentB,B01,100.83,-67.93,126.0,26.92,49.2,-47.68,0.879,76.6,88,0.6436,1,1
NEU-501528,Control,B03,117.52,-70.39,320.5,12.25,65.8,-45.85,0.922,56.3,87,0.3383,0,0
NEU-505209,TreatmentB,B01,85.76,-57.93,124.0,22.48,146.5,-43.63,1.222,77.3,74,0.3209,1,0
NEU-507506,Control,B02,91.53,-68.38,97.2,9.74,33.8,-41.61,0.689,46.4,88,0.3458,1,1
NEU-509443,TreatmentB,B02,99.91,-65.2,212.0,26.49,51.9,-44.39,0.899,35.6,89,0.2739,0,0
NEU-509077,TreatmentA,B01,83.09,-69.5,249.7,11.89,52.0,-44.0,0.905,74.9,75,0.3653,1,0
NEU-501311,TreatmentA,B03,116.64,-63.54,269.6,10.99,87.0,-45.44,1.381,44.1,70,0.5601,0,0
NEU-508081,TreatmentA,B02,115.49,-62.11,114.5,18.85,13.2,-37.88,0.866,66.4,89,0.4708,1,1
NEU-507689,TreatmentA,B01,100.03,-57.17,103.2,15.81,127.6,-40.53,1.469,41.2,96,0.2868,1,0
NEU-506625,Control,B02,117.68,-68.35,201.0,12.17,100.6,-41.65,0.902,31.5,90,0.5547,0,0
NEU-504251,Control,B01,78.85,-68.0,179.9,9.94,101.7,-36.68,0.894,51.4,86,0.4926,0,0
NEU-506130,Control,B03,94.74,-69.76,187.1,21.6,97.6,-36.17,1.19,65.3,88,0.4818,1,1
NEU-504751,Control,B01,90.54,-67.5,144.1,20.95,113.2,-39.7,1.339,42.0,103,0.5377,1,1
NEU-500944,TreatmentB,B02,94.03,-69.24,234.3,10.23,53.2,-40.6,1.024,69.3,96,0.2588,0,1
NEU-504527,TreatmentB,B03,86.79,-65.86,153.9,11.25,66.9,-43.6,0.768,61.4,109,0.4263,0,1
NEU-505757,TreatmentA,B01,100.2,-69.97,167.6,11.48,115.5,-46.8,1.638,55.1,91,0.217,1,0
NEU-507168,TreatmentB,B01,90.22,-64.73,440.1,13.57,65.3,-42.4,1.049,27.8,80,0.323,0,1
NEU-502706,TreatmentB,B01,108.18,-64.4,135.3,9.39,127.9,-41.77,0.985,65.7,76,0.2943,0,1
NEU-500392,TreatmentB,B01,104.17,-62.87,297.2,23.59,40.9,-33.48,0.751,82.9,79,0.4883,0,1
NEU-504852,TreatmentA,B03,85.08,-62.88,175.3,9.03,91.0,-38.72,0.536,34.9,81,0.3703,0,1
NEU-501273,TreatmentA,B01,88.22,-71.01,97.8,12.02,102.0,-40.88,1.039,61.1,95,0.2779,1,0
NEU-506470,Control,B03,99.65,-63.05,261.1,8.23,122.9,-44.16,0.665,17.5,77,0.3423,0,1
NEU-509020,TreatmentB,B01,96.84,-70.0,307.6,19.75,128.0,-44.92,0.629,65.7,111,0.5505,0,1
NEU-503146,Control,B02,114.02,-62.94,183.4,16.65,77.0,-43.45,1.292,29.8,83,0.4632,0,1
NEU-506628,TreatmentA,B01,98.27,-66.59,186.0,15.83,16.2,-40.86,1.582,52.1,91,0.2065,1,0
NEU-508266,TreatmentB,B02,88.17,-63.14,68.4,16.11,104.3,-46.2,0.956,56.3,107,0.0566,1,0
NEU-503747,TreatmentA,B01,103.06,-59.85,119.8,11.65,154.7,-39.47,0.856,99.6,91,0.2317,1,1
NEU-506245,TreatmentB,B02,94.32,-64.89,318.0,12.95,135.6,-38.07,0.842,69.9,76,0.7201,0,1
NEU-501261,TreatmentA,B02,114.75,-77.23,148.6,12.68,198.3,-45.51,0.91,74.8,87,0.575,1,0
NEU-505176,TreatmentA,B01,105.49,-66.9,180.6,13.72,105.1,-46.37,0.944,65.9,80,0.4667,0,0
NEU-509947,TreatmentA,B02,103.45,-63.7,97.4,15.22,30.3,-39.28,0.659,43.8,81,0.4712,0,1
NEU-506677,TreatmentB,B02,99.67,-62.25,380.0,14.98,36.1,-49.12,0.948,61.1,86,0.2597,0,0
NEU-508789,TreatmentA,B01,84.17,-63.42,175.2,13.83,157.0,-37.51,1.072,34.7,89,0.6252,1,0
NEU-505734,Control,B03,111.01,-66.71,72.5,31.77,166.9,-37.84,1.35,58.6,87,0.3469,0,1
NEU-500092,TreatmentB,B01,114.89,-56.68,118.2,7.99,13.5,-33.34,1.505,69.2,83,0.1682,1,1
NEU-502302,TreatmentB,B01,83.61,-67.19,103.6,19.85,58.7,-40.89,0.618,61.5,87,0.6669,0,1
NEU-501454,TreatmentA,B03,120.45,-55.78,200.6,8.1,99.2,-42.77,1.428,41.7,99,0.4398,1,0
NEU-507828,TreatmentA,B02,100.67,-62.26,215.2,16.35,121.9,-35.53,0.628,42.2,84,0.3376,0,0
NEU-507031,TreatmentA,B01,105.21,-58.67,163.8,28.12,170.6,-45.24,1.345,41.2,70,0.3056,1,0
NEU-500094,Control,B01,98.08,-63.68,86.1,15.66,178.4,-45.82,0.882,66.1,87,0.2935,0,1
NEU-505065,TreatmentA,B01,85.68,-55.35,160.8,6.77,92.9,-42.32,1.138,42.9,83,0.598,1,0
NEU-506580,Control,B03,142.24,-62.41,105.4,21.29,109.4,-39.01,1.447,56.0,80,0.488,1,1
NEU-500712,Control,B02,100.07,-64.37,170.9,13.79,87.5,-45.49,1.171,37.6,88,0.5661,0,1
NEU-500014,TreatmentA,B01,101.73,-62.93,161.5,9.56,79.9,-38.34,0.973,56.0,100,0.5377,0,1
NEU-500516,TreatmentB,B01,126.56,-68.02,135.6,12.55,92.6,-33.23,0.78,61.1,97,0.4715,1,1
NEU-505450,TreatmentB,B01,91.83,-74.29,256.2,10.51,82.9,-41.5,1.415,45.4,104,0.5946,1,0
NEU-509981,Control,B03,75.32,-60.41,303.1,10.01,78.4,-41.68,1.262,42.7,85,0.4983,0,0
NEU-506157,TreatmentB,B03,77.87,-63.88,94.4,17.42,46.8,-38.6,1.414,80.6,91,0.292,1,0
NEU-504510,TreatmentB,B03,109.28,-69.32,149.4,18.36,54.1,-39.73,1.227,67.5,87,0.4038,1,1
NEU-501079,Control,B03,122.09,-72.33,489.6,15.59,170.5,-48.3,0.893,39.1,89,0.2923,0,0
NEU-502087,TreatmentA,B03,103.47,-52.72,126.4,7.6,135.7,-45.75,0.683,72.2,83,0.4652,1,0
NEU-504999,TreatmentB,B01,110.3,-68.69,217.2,20.51,93.6,-50.31,0.963,71.8,72,0.418,1,0
NEU-509135,Control,B03,106.31,-60.11,223.8,19.24,115.2,-39.65,1.33,30.9,96,0.2812,1,0
NEU-504692,TreatmentA,B03,117.7,-66.45,216.0,22.82,170.2,-40.01,1.572,55.5,97,0.4047,1,1
NEU-503956,Control,B01,107.77,-71.53,165.6,10.04,224.7,-39.48,0.763,54.5,86,0.5503,0,0
NEU-500968,TreatmentB,B01,98.08,-60.07,100.8,12.03,92.5,-41.1,0.903,71.2,107,0.4255,1,0
NEU-504359,TreatmentA,B03,82.79,-70.66,208.7,11.13,138.7,-41.68,0.842,67.1,82,0.4705,0,1
NEU-509034,TreatmentA,B01,88.71,-68.39,121.6,14.06,49.6,-42.6,0.647,81.4,92,0.3673,1,1
NEU-505122,TreatmentB,B01,107.21,-66.27,180.6,14.4,41.6,-41.78,1.289,71.2,88,0.4546,1,1
NEU-504451,TreatmentA,B02,111.3,-68.21,317.3,8.99,71.5,-50.44,1.0,43.4,91,0.3464,0,1
NEU-506461,TreatmentA,B01,93.52,-67.75,181.8,13.03,74.4,-49.22,1.292,69.5,74,0.3265,1,1
NEU-506295,TreatmentA,B02,72.68,-64.33,96.7,20.83,34.9,-39.09,1.012,52.2,88,0.2979,1,0
NEU-506110,TreatmentA,B02,64.0,-72.78,124.4,9.34,118.0,-42.42,0.842,27.6,67,0.5086,0,0
NEU-508547,Control,B02,99.89,-66.51,99.6,9.77,197.0,-40.4,1.319,19.0,88,0.2063,0,1
NEU-506378,TreatmentB,B02,85.25,-55.41,116.4,14.78,120.1,-38.85,1.164,59.4,89,0.3403,1,0
NEU-507444,TreatmentA,B03,102.14,-62.02,223.6,5.84,116.3,-45.7,1.165,67.8,75,0.2991,1,1
NEU-504001,TreatmentB,B01,101.38,-56.54,148.4,29.42,65.0,-40.91,0.975,62.0,77,0.4487,1,0
NEU-503631,TreatmentA,B01,100.08,-61.66,141.6,9.03,85.8,-39.41,0.93,71.4,81,0.3022,0,1
NEU-504807,TreatmentB,B01,82.17,-73.21,153.8,7.15,47.5,-43.11,1.289,58.7,82,0.3505,0,0
NEU-505640,Control,B01,107.07,-69.09,231.9,18.33,162.9,-45.99,1.321,52.0,82,0.4413,1,1
NEU-507059,TreatmentA,B02,95.03,-63.14,105.9,10.9,107.1,-38.46,1.937,40.1,96,0.3302,1,1
NEU-506837,Control,B03,107.3,-60.62,146.7,10.66,54.8,-36.22,1.397,59.0,91,0.3936,1,0
NEU-500688,TreatmentA,B01,108.4,-70.14,194.4,18.1,84.8,-41.36,0.86,27.6,108,0.2986,0,0
NEU-502890,TreatmentA,B02,81.45,-63.12,222.5,15.21,159.0,-44.74,1.57,35.5,84,0.549,1,1
NEU-500119,TreatmentB,B01,81.11,-53.37,214.1,9.34,-13.7,-46.26,0.812,56.2,92,0.5605,1,0
NEU-508855,Control,B03,135.3,-72.67,141.1,7.62,124.1,-41.56,1.01,44.0,77,0.6698,1,0
NEU-508281,Control,B03,100.7,-62.46,151.9,13.17,127.5,-34.38,1.044,34.4,82,0.1932,0,1
NEU-507631,TreatmentA,B01,107.92,-79.25,203.2,16.62,81.0,-39.68,0.948,67.4,97,0.5163,0,1
NEU-508784,Control,B02,94.2,-68.1,495.9,10.09,142.5,-40.37,0.817,40.4,94,0.6528,0,0
NEU-509802,TreatmentB,B02,95.87,-60.88,184.2,18.52,89.0,-35.93,0.61,60.0,72,0.4,0,0
NEU-503502,Control,B03,89.63,-63.23,208.8,11.32,162.3,-37.28,1.01,46.0,80,0.5041,0,1
NEU-505113,Control,B03,100.51,-62.19,103.8,15.11,96.9,-46.95,1.35,30.5,80,0.3987,0,0
NEU-506347,Control,B01,83.4,-66.77,149.8,17.29,72.5,-46.1,1.467,46.2,74,0.5238,1,1
NEU-504963,Control,B03,105.25,-69.85,104.4,15.95,93.7,-29.25,0.921,62.1,88,0.3578,0,1
NEU-502445,Control,B02,125.95,-63.3,160.7,10.37,100.3,-50.34,0.801,55.0,91,0.2653,1,1
NEU-508991,TreatmentA,B03,71.83,-77.01,260.0,17.26,118.5,-40.36,0.857,41.5,97,0.4343,0,0
NEU-502476,TreatmentB,B02,96.52,-72.55,240.6,10.4,128.0,-40.08,0.863,62.1,104,0.3101,0,0
NEU-504412,Control,B02,96.04,-62.99,243.7,12.86,157.9,-36.63,0.785,11.0,86,0.2298,0,1
NEU-506692,Control,B01,124.13,-65.83,169.2,16.68,102.8,-43.5,1.122,51.5,79,0.5567,0,1
NEU-508132,Control,B03,122.3,-68.76,206.4,17.92,109.3,-39.29,0.906,49.6,86,0.3838,0,0
NEU-503988,Control,B02,77.8,-64.87,261.3,14.38,124.6,-40.56,0.966,31.1,69,0.3706,0,1
NEU-504124,TreatmentA,B02,110.24,-62.54,167.3,10.27,85.4,-40.34,0.705,46.9,89,0.4181,0,0
NEU-502989,Control,B02,81.57,-54.55,137.2,11.84,151.8,-39.54,1.219,42.9,95,0.4733,1,0
NEU-506953,Control,B02,96.48,-72.42,90.9,11.05,157.0,-39.99,0.828,56.3,86,0.194,0,0
NEU-506020,TreatmentB,B02,101.88,-47.74,148.6,8.38,57.3,-48.34,1.08,66.6,86,0.4723,1,0
NEU-505476,TreatmentB,B01,98.68,-68.43,118.5,14.63,74.9,-51.5,0.711,50.1,74,0.1739,1,0
NEU-509619,TreatmentB,B03,129.01,-63.3,202.3,15.11,98.1,-46.69,2.033,57.5,57,0.6544,1,1
NEU-504176,Control,B01,96.08,-63.71,200.2,19.26,149.9,-45.13,0.802,50.8,95,0.2342,0,0
NEU-502701,Control,B01,84.09,-66.43,142.3,22.01,148.4,-39.11,1.046,45.9,84,0.2223,1,0
NEU-507216,TreatmentA,B02,99.33,-68.87,230.2,9.45,101.4,-43.43,0.968,35.6,90,0.22,0,1
NEU-501852,TreatmentB,B02,87.43,-73.02,116.2,8.24,66.4,-41.76,1.279,61.5,78,0.5015,1,0
NEU-503446,TreatmentA,B03,97.12,-61.27,332.7,9.87,74.9,-46.9,0.526,40.6,80,0.8601,0,0
NEU-503219,TreatmentB,B03,111.52,-57.47,217.9,18.08,31.8,-36.19,1.595,59.4,90,0.5128,1,0
NEU-508358,Control,B01,83.51,-60.58,83.1,9.64,134.8,-40.87,1.421,66.2,90,0.2845,1,1
NEU-509329,TreatmentB,B03,74.74,-61.56,79.1,19.51,50.4,-38.87,1.846,66.8,95,0.5204,1,1
NEU-506532,Control,B01,87.07,-67.43,273.5,23.5,194.1,-43.77,2.246,57.0,86,0.2048,1,0
NEU-500724,TreatmentA,B03,115.18,-65.82,147.3,16.15,42.6,-46.25,1.163,46.1,88,0.4625,1,1
NEU-502253,Control,B01,114.49,-58.47,131.9,15.63,139.9,-37.08,0.789,45.8,88,0.4331,1,0
NEU-500771,TreatmentA,B01,109.75,-71.12,160.3,26.01,132.0,-40.58,0.945,59.8,83,0.3989,0,0
NEU-503908,Control,B01,69.67,-62.93,202.9,19.11,99.4,-44.0,1.024,38.9,87,0.7753,0,1
NEU-503676,TreatmentA,B02,112.55,-57.92,215.4,10.63,77.2,-51.03,1.782,61.9,106,0.2122,1,1
NEU-502875,Control,B03,84.41,-71.75,170.4,12.45,117.3,-46.86,0.953,78.4,80,0.127,1,0
NEU-509027,TreatmentA,B01,118.24,-63.15,146.0,7.42,59.1,-43.78,1.736,60.4,73,0.6955,1,0
NEU-505783,Control,B02,118.73,-61.63,185.7,21.26,103.0,-42.3,0.947,42.5,78,0.5885,0,1
NEU-503295,TreatmentB,B02,102.33,-61.27,209.8,14.22,137.3,-45.49,0.732,65.2,79,0.4646,0,1
NEU-501149,TreatmentB,B03,104.52,-61.78,102.6,15.02,77.3,-37.63,1.041,72.1,91,0.284,1,0
NEU-500804,TreatmentA,B02,86.53,-65.66,104.9,16.19,52.3,-45.2,1.064,39.0,99,0.2681,1,1
NEU-507544,Control,B01,98.56,-71.67,147.2,12.09,98.4,-42.06,1.217,56.1,90,0.4976,1,0
NEU-508648,TreatmentB,B02,114.84,-73.43,214.8,12.52,104.0,-38.12,1.215,77.1,67,0.4097,1,0
NEU-504900,TreatmentA,B01,101.41,-59.65,477.0,12.19,141.4,-43.49,1.2,49.2,79,0.4813,0,0
NEU-509709,TreatmentB,B03,105.34,-68.23,165.8,32.65,60.6,-37.75,1.164,46.8,78,0.3797,0,1
NEU-504191,TreatmentB,B02,107.73,-67.67,133.7,10.35,136.0,-43.31,0.713,62.2,73,0.242,1,1
NEU-500301,TreatmentA,B01,101.58,-66.67,193.6,15.84,121.9,-44.91,0.761,48.1,85,0.4738,1,0
NEU-501121,TreatmentB,B02,90.72,-58.43,170.8,11.09,104.2,-35.47,0.996,48.3,90,0.4153,1,0
NEU-502421,TreatmentB,B01,102.99,-58.54,161.0,13.0,4.9,-40.73,2.143,65.0,82,0.4226,1,0
NEU-503342,TreatmentA,B01,98.96,-78.39,331.8,15.3,152.7,-43.99,0.981,38.3,75,0.6024,0,1
NEU-500440,TreatmentB,B02,77.92,-66.02,114.9,10.03,95.7,-41.9,0.817,74.0,78,0.6853,1,0
NEU-508783,TreatmentB,B01,90.02,-68.37,202.0,11.59,111.8,-35.81,0.723,37.5,95,0.6387,0,1
NEU-507185,TreatmentA,B01,86.91,-71.06,259.1,8.84,117.9,-44.24,1.003,43.5,84,0.4671,0,0
NEU-505246,TreatmentB,B03,113.69,-65.91,204.5,7.9,93.6,-39.92,0.717,26.3,67,0.4329,0,1
NEU-506918,TreatmentA,B02,104.42,-67.76,94.5,16.57,158.4,-45.6,1.311,70.0,79,0.4063,1,1
NEU-506095,TreatmentA,B01,104.28,-64.85,130.6,18.17,106.3,-44.64,0.749,39.8,85,0.701,0,1
NEU-508461,Control,B03,116.24,-77.55,271.3,11.11,211.0,-36.58,1.196,33.1,78,0.2567,0,0
NEU-507241,TreatmentB,B02,104.36,-59.13,222.8,11.17,67.5,-42.64,1.593,72.1,82,0.3084,1,1
NEU-503725,TreatmentB,B03,116.18,-63.33,158.8,7.98,79.7,-44.15,1.018,55.2,87,0.3681,1,1
NEU-502294,TreatmentB,B01,104.55,-65.25,108.2,14.76,94.0,-45.26,1.171,80.6,69,0.3691,1,1
NEU-502264,TreatmentA,B01,107.03,-69.53,295.9,13.57,107.7,-46.32,1.056,70.5,83,0.3028,0,1
NEU-506929,TreatmentB,B02,70.08,-71.14,213.7,11.63,85.3,-42.86,1.225,49.6,93,0.3869,1,0
NEU-503238,TreatmentA,B02,105.47,-60.81,71.2,9.83,103.8,-37.54,0.696,32.8,87,0.3077,0,1
NEU-502763,TreatmentB,B01,93.91,-65.31,130.4,13.76,70.2,-39.35,1.01,46.2,79,0.2637,1,1
NEU-502338,Control,B01,98.64,-73.77,254.7,14.96,146.5,-37.83,1.965,24.3,83,0.1945,1,0
NEU-503404,TreatmentA,B01,121.92,-65.4,336.3,11.84,122.6,-41.47,0.899,39.1,94,0.4468,0,1
NEU-506960,TreatmentA,B01,106.42,-55.0,133.8,14.32,56.5,-39.56,0.982,25.2,80,0.5908,0,0
NEU-508656,TreatmentB,B01,124.54,-61.82,100.8,20.99,87.7,-41.88,1.902,80.1,89,0.3971,1,1
NEU-506636,TreatmentB,B02,114.96,-69.07,227.1,34.68,72.2,-39.11,1.396,80.9,71,0.721,1,1
NEU-501284,TreatmentB,B03,73.92,-53.6,157.5,13.66,51.8,-47.04,0.939,62.3,91,0.3658,1,0
NEU-508653,TreatmentB,B02,71.63,-62.79,257.1,11.47,14.0,-41.62,1.236,52.6,85,0.5047,1,0
NEU-506804,Control,B01,96.49,-54.21,268.7,8.97,122.7,-46.07,1.413,49.4,82,0.5682,1,0
NEU-507003,TreatmentB,B01,78.18,-53.31,129.5,10.75,106.7,-44.11,0.964,77.1,87,0.2882,1,0
NEU-504129,TreatmentB,B02,102.88,-66.53,167.8,15.73,173.0,-45.27,0.849,100.1,97,0.3072,1,1
NEU-509130,TreatmentB,B01,93.52,-66.76,212.7,11.2,61.9,-41.23,1.085,67.1,77,0.2213,1,1
NEU-507065,TreatmentA,B02,93.28,-71.63,188.2,14.03,100.4,-41.82,1.708,34.2,82,0.368,0,0
NEU-504390,TreatmentA,B01,111.19,-59.45,278.6,7.32,86.2,-46.1,0.938,52.0,80,0.7065,0,0
NEU-501610,Control,B01,115.35,-71.79,401.3,8.12,108.8,-50.93,0.573,34.7,87,0.1859,0,1
NEU-507921,TreatmentA,B01,101.09,-62.82,169.2,26.53,76.7,-40.83,1.245,54.7,104,0.2732,1,0
NEU-502620,TreatmentB,B02,98.58,-68.09,236.1,7.72,157.0,-41.83,1.216,62.2,98,0.7273,1,0
NEU-501734,Control,B01,115.77,-62.96,509.1,18.31,128.4,-32.98,1.04,36.4,85,0.4531,0,1
NEU-507791,TreatmentA,B01,126.24,-70.62,265.2,31.71,167.7,-39.89,0.979,62.4,88,0.5725,1,0
NEU-507366,TreatmentB,B03,119.08,-60.35,337.2,11.32,2.6,-38.62,1.093,54.9,80,0.1622,0,1
NEU-501895,Control,B01,94.53,-70.91,485.9,14.1,90.8,-35.54,1.653,43.3,77,0.2413,0,0
NEU-509288,TreatmentB,B03,97.05,-61.23,201.7,15.54,74.1,-35.92,1.488,53.2,89,0.6322,1,1
NEU-509546,TreatmentB,B01,84.46,-67.31,112.4,19.16,88.2,-35.17,1.187,55.1,91,0.076,0,0
NEU-503236,TreatmentB,B02,99.76,-57.17,170.3,10.59,140.1,-40.77,0.987,91.5,91,0.3088,1,0
NEU-506575,TreatmentA,B02,93.77,-74.34,366.0,21.05,89.4,-38.92,0.801,55.3,92,0.1218,0,0
NEU-503732,TreatmentA,B03,73.36,-69.39,252.7,14.43,53.6,-38.22,2.202,43.4,97,0.5675,1,1
NEU-501966,TreatmentB,B02,124.69,-63.66,148.6,10.72,82.7,-42.53,1.414,75.9,95,0.441,1,0
NEU-506334,Control,B03,114.57,-68.53,188.0,13.55,152.9,-45.22,0.736,21.2,95,0.538,0,1
NEU-501074,Control,B02,117.29,-73.03,152.9,18.71,100.4,-43.36,0.817,42.7,65,0.4561,0,0
NEU-504058,Control,B02,108.48,-55.32,328.2,9.03,119.3,-38.03,1.395,11.0,89,0.2823,0,1
NEU-509155,TreatmentA,B03,111.09,-67.73,139.4,10.56,123.6,-37.07,1.289,51.3,84,0.6994,1,0
NEU-505380,TreatmentA,B01,98.67,-55.56,365.3,18.36,125.4,-41.62,1.011,41.4,80,0.6198,0,0
NEU-508075,TreatmentB,B03,95.86,-72.23,231.4,12.23,86.3,-38.08,1.806,75.4,90,0.5329,1,0
NEU-507240,TreatmentA,B02,102.92,-72.96,244.4,14.85,80.0,-35.74,1.13,62.3,90,0.1975,1,1
NEU-503760,TreatmentA,B01,98.97,-57.65,258.4,13.76,89.6,-39.87,0.772,55.5,75,0.3121,0,0
NEU-506853,TreatmentB,B03,88.75,-65.65,112.4,6.12,112.9,-38.15,1.765,74.4,86,0.6162,1,0
NEU-506468,TreatmentB,B03,109.01,-68.33,213.8,15.34,2.9,-39.96,1.77,66.3,89,0.1647,1,1
NEU-501069,Control,B01,92.44,-72.37,181.8,10.63,145.0,-39.68,1.383,35.5,84,0.2713,1,0
NEU-504985,TreatmentB,B02,108.1,-59.77,156.7,15.44,176.1,-47.66,1.741,70.7,93,0.3739,1,0
NEU-500323,Control,B02,90.6,-62.25,193.0,10.59,124.2,-40.27,1.228,49.3,98,0.6062,0,0
NEU-506525,Control,B01,92.72,-74.7,190.2,11.57,120.2,-28.99,1.021,41.4,87,0.4065,0,0
NEU-502691,TreatmentA,B02,89.51,-67.54,406.5,18.24,89.3,-37.01,1.078,62.5,77,0.5503,0,1
NEU-504203,Control,B02,122.3,-68.09,136.2,13.74,87.5,-45.02,1.214,43.2,81,0.6632,1,1
NEU-503827,Control,B03,102.24,-73.87,141.3,12.0,177.3,-38.3,1.126,50.6,76,0.4226,0,0
NEU-504080,TreatmentA,B02,109.88,-58.73,139.0,16.09,99.1,-40.04,1.083,55.4,91,0.421,1,0
NEU-508598,TreatmentB,B01,96.64,-73.45,199.9,16.07,132.4,-47.62,1.921,67.5,84,0.3591,1,0
NEU-505488,TreatmentA,B02,100.77,-64.8,228.5,8.94,109.7,-42.07,0.861,57.9,98,0.4665,1,1
NEU-509246,TreatmentB,B03,77.93,-70.06,185.7,19.82,98.5,-38.12,1.262,53.2,89,0.4396,1,1
NEU-503894,TreatmentA,B01,116.84,-63.46,548.2,11.01,158.0,-36.03,0.636,30.1,88,0.3254,0,1
NEU-503243,TreatmentA,B03,114.97,-61.74,219.7,15.79,107.9,-37.6,0.679,55.2,85,0.5097,0,0
NEU-507761,TreatmentB,B01,84.53,-73.55,252.7,9.38,62.5,-31.16,2.036,64.2,87,0.7106,1,0
NEU-504132,Control,B02,103.07,-67.36,164.5,14.92,114.8,-33.62,1.04,12.4,96,0.4684,0,1
NEU-504227,TreatmentA,B03,101.92,-65.94,251.9,14.42,130.4,-44.98,0.603,54.9,87,0.4555,0,1
NEU-501524,Control,B01,99.61,-62.17,261.0,27.59,154.5,-40.53,1.221,22.8,87,0.6676,0,1
NEU-501862,TreatmentB,B03,126.45,-67.58,202.0,7.11,132.4,-43.69,1.338,39.0,95,0.3937,0,1
NEU-506000,TreatmentA,B02,93.96,-68.66,146.7,30.87,90.9,-35.53,1.102,53.6,93,0.1761,1,0
NEU-507431,TreatmentA,B02,98.24,-59.98,317.8,13.63,47.4,-38.81,0.968,67.3,87,0.3802,1,1
NEU-508558,TreatmentA,B02,74.33,-68.88,256.2,16.18,143.4,-46.67,0.822,68.2,79,0.3202,0,0
NEU-508167,Control,B01,98.03,-72.26,158.0,8.0,72.6,-43.73,1.098,55.6,90,0.3329,1,0
NEU-506407,TreatmentB,B01,109.3,-60.38,202.5,10.97,78.4,-45.6,1.242,72.7,101,0.2621,1,1
NEU-506472,TreatmentA,B01,59.67,-61.15,265.4,9.22,127.1,-37.32,1.412,65.2,77,0.4049,0,0
NEU-504905,Control,B02,83.59,-67.48,182.1,19.0,130.7,-39.3,1.194,18.3,90,0.3215,0,1
NEU-508292,TreatmentB,B01,102.63,-68.14,154.3,25.47,159.7,-39.71,1.153,42.5,90,0.5627,1,1
NEU-508475,Control,B02,100.69,-58.16,354.5,8.82,87.7,-38.93,1.413,58.6,85,0.4454,0,0
NEU-503080,TreatmentB,B01,92.31,-68.6,292.9,13.47,189.7,-33.79,1.557,80.1,80,0.4075,1,1
NEU-500790,TreatmentA,B03,93.77,-57.03,185.0,18.79,133.3,-38.51,1.093,34.6,76,0.5796,0,0
NEU-508839,TreatmentA,B03,100.43,-72.21,121.5,20.07,83.7,-47.21,0.786,32.3,78,0.294,0,0
NEU-507826,TreatmentA,B01,84.77,-65.01,128.7,14.21,105.0,-44.71,1.49,43.5,88,0.1707,0,1
NEU-501283,Control,B02,97.46,-50.67,215.2,12.97,138.7,-41.84,1.309,41.1,82,0.3726,0,0
NEU-505202,TreatmentA,B02,125.67,-57.77,134.4,9.36,149.0,-39.99,0.892,56.9,66,0.369,1,1
NEU-507942,TreatmentA,B01,100.78,-69.11,226.1,23.32,77.3,-36.04,0.804,57.2,74,0.3184,1,0
NEU-501410,TreatmentB,B02,96.96,-75.33,416.2,14.35,127.4,-47.92,0.863,64.2,102,0.3691,1,0
NEU-508657,TreatmentB,B03,109.52,-52.78,248.6,12.58,64.4,-35.84,1.578,53.0,91,0.32,1,0
NEU-509310,Control,B01,127.17,-65.51,163.4,12.56,161.0,-46.84,1.31,39.7,81,0.5232,1,1
NEU-506592,TreatmentB,B03,107.9,-64.49,77.7,9.04,90.1,-37.3,0.728,66.3,108,0.2298,1,1
NEU-508619,TreatmentB,B01,86.5,-56.68,173.2,9.47,80.9,-44.85,1.049,76.3,71,0.1239,1,1
NEU-508572,TreatmentA,B03,103.79,-61.82,158.2,16.3,139.7,-33.52,0.946,49.2,92,0.4345,1,1
NEU-503216,TreatmentB,B02,103.25,-72.22,518.8,13.79,99.5,-36.49,1.063,65.9,81,0.7113,0,1
NEU-503919,TreatmentA,B02,109.63,-71.75,235.2,17.34,111.3,-38.93,1.042,51.0,97,0.4422,0,0
NEU-509934,Control,B01,98.35,-67.98,133.5,8.35,141.0,-41.62,0.827,49.6,86,0.2948,0,1
NEU-500537,TreatmentA,B03,97.23,-61.16,165.2,14.13,66.4,-39.55,1.986,58.9,80,0.2523,1,0
NEU-503264,Control,B01,74.59,-73.35,217.1,12.92,107.9,-42.61,0.97,27.2,74,0.5295,0,0
NEU-502119,TreatmentB,B03,76.11,-62.29,356.7,9.2,93.0,-33.93,0.695,52.2,88,0.533,0,1
NEU-500319,Control,B02,90.82,-73.55,128.7,11.34,113.3,-45.99,1.226,57.7,83,0.3624,1,0
NEU-504499,TreatmentA,B03,103.18,-59.97,142.9,10.89,88.6,-42.64,0.683,62.0,79,0.3539,0,1
NEU-505666,TreatmentB,B01,112.13,-72.0,105.8,16.87,113.2,-40.98,1.239,56.3,82,0.4997,1,0
NEU-508338,Control,B01,91.98,-73.57,244.5,18.97,53.8,-46.54,1.278,62.3,89,0.5513,0,1
NEU-506319,TreatmentA,B01,121.57,-68.07,358.7,6.7,146.5,-41.21,1.136,46.5,84,0.4163,0,0
NEU-505235,TreatmentB,B01,100.02,-59.78,81.4,11.73,98.8,-44.73,1.333,68.8,94,0.4742,1,0
NEU-502480,TreatmentA,B02,109.61,-65.75,226.8,12.83,142.3,-47.56,0.936,27.5,94,0.2946,0,1
NEU-508019,Control,B02,132.54,-65.46,119.9,8.88,106.7,-36.65,0.941,50.4,61,0.428,0,1
NEU-502044,TreatmentB,B02,88.26,-61.13,418.2,10.72,15.4,-31.9,1.134,45.4,87,0.2796,0,1
NEU-501045,Control,B03,117.44,-76.44,170.1,21.63,114.3,-42.84,1.017,27.9,95,0.3931,0,0
NEU-503718,TreatmentB,B03,90.69,-57.64,306.5,37.13,111.9,-45.53,1.003,52.4,84,0.5496,0,1
NEU-505482,TreatmentB,B02,109.06,-81.21,141.0,16.18,118.2,-45.72,1.945,66.0,81,0.3202,1,0
NEU-505051,TreatmentA,B03,91.83,-58.77,191.9,13.76,86.5,-41.9,1.205,51.7,85,0.4022,1,1
NEU-502084,Control,B03,76.32,-60.47,61.6,25.09,105.4,-34.96,0.77,55.5,92,0.3639,1,0
NEU-507599,TreatmentA,B01,97.5,-70.2,104.3,10.36,75.0,-44.84,1.005,51.0,101,0.2926,1,1
NEU-508100,Control,B03,116.85,-76.12,90.0,8.29,172.3,-43.95,1.773,41.3,83,0.7171,1,0
NEU-501518,TreatmentA,B03,97.48,-55.22,423.6,24.87,145.2,-45.67,0.9,63.5,66,0.3792,0,0
NEU-503386,Control,B03,116.47,-70.32,314.4,25.53,128.3,-43.95,0.822,42.8,90,0.3642,0,0
NEU-507396,TreatmentA,B02,110.43,-64.62,146.0,17.19,190.3,-40.76,0.835,72.6,94,0.2458,1,1
NEU-506538,TreatmentA,B03,90.81,-60.31,296.7,21.55,170.3,-45.24,1.379,69.3,64,0.2842,0,0
NEU-507865,TreatmentB,B02,102.62,-61.01,207.3,25.85,56.8,-33.42,1.067,40.9,94,0.3926,0,0
NEU-509398,TreatmentA,B03,95.96,-65.33,307.8,15.7,108.3,-41.59,1.733,70.6,84,0.4514,1,1
NEU-501222,TreatmentA,B01,80.81,-56.89,226.6,12.19,111.4,-38.22,0.901,47.7,78,0.3818,0,0
NEU-505370,Control,B01,98.71,-66.42,71.6,11.17,120.7,-39.56,1.162,44.1,93,0.7013,1,1
NEU-507814,Control,B03,111.8,-68.57,161.6,8.99,119.4,-41.91,0.923,43.7,93,0.443,1,0
NEU-509519,TreatmentB,B02,98.94,-62.87,166.2,12.91,42.0,-38.38,0.632,58.4,93,0.302,1,1
NEU-502266,Control,B01,101.91,-61.92,152.3,13.64,98.4,-44.1,1.563,43.1,77,0.5888,1,1
NEU-501471,Control,B01,82.4,-62.42,210.9,12.38,126.0,-46.73,1.175,44.8,77,0.4257,0,0
NEU-502648,TreatmentA,B02,89.4,-68.92,338.8,13.09,84.5,-41.88,1.004,21.2,99,0.7201,0,0
NEU-506179,Control,B03,95.92,-71.16,185.3,19.75,90.4,-40.52,0.599,67.6,77,0.2805,1,0
NEU-505404,Control,B02,104.23,-53.54,175.9,14.45,135.0,-41.95,0.775,26.3,87,0.2573,0,0
NEU-501221,Control,B03,116.03,-70.18,321.3,9.05,62.2,-36.58,1.121,57.7,94,0.4214,0,0
NEU-506372,TreatmentB,B02,112.11,-67.55,171.8,22.81,54.3,-35.95,0.728,48.4,93,0.1739,0,0
NEU-509537,TreatmentA,B02,88.21,-63.15,165.3,4.92,125.0,-45.83,1.32,47.2,90,0.5422,0,0
NEU-509254,TreatmentB,B01,116.06,-67.5,240.0,20.93,57.4,-39.22,1.013,76.6,81,0.6008,0,1
NEU-505624,TreatmentB,B03,79.06,-67.16,159.5,14.55,99.5,-44.18,1.035,62.9,91,0.3298,0,1
NEU-501603,TreatmentB,B03,92.4,-70.69,172.5,13.58,107.5,-42.57,1.231,64.6,99,0.3874,0,0
NEU-500518,Control,B02,88.94,-53.25,168.4,14.12,128.1,-43.87,1.398,49.3,83,0.3102,0,0
NEU-507973,TreatmentB,B03,93.98,-72.43,293.2,15.19,31.3,-42.83,1.175,36.7,97,0.4082,0,0
NEU-508674,Control,B02,120.2,-70.83,164.1,15.62,112.7,-45.29,1.001,35.4,101,0.3797,0,0
NEU-503165,TreatmentB,B03,97.4,-68.54,287.8,9.88,114.8,-42.05,1.369,52.7,99,0.3911,1,1
NEU-505213,Control,B03,65.0,-70.3,452.0,11.42,151.8,-42.04,1.512,28.6,90,0.6428,0,0
NEU-501903,TreatmentA,B03,106.05,-59.18,96.9,7.91,79.0,-43.91,0.513,65.8,85,0.2754,1,0
NEU-500903,TreatmentB,B02,104.19,-70.08,141.8,16.09,65.7,-50.95,1.366,66.4,81,0.1832,1,0
NEU-502587,TreatmentA,B03,113.32,-64.54,102.7,13.4,151.7,-44.45,0.907,60.3,94,0.5688,1,1
NEU-508438,Control,B02,100.1,-74.65,72.0,18.54,124.4,-37.1,1.038,54.2,81,0.5817,0,1
NEU-506725,Control,B02,91.4,-66.09,80.4,7.08,211.8,-44.06,1.0,21.1,83,0.5766,0,0
NEU-500033,Control,B02,87.29,-67.98,139.5,12.33,182.3,-40.92,0.498,32.2,86,0.4066,0,1
NEU-505010,Control,B03,101.3,-54.46,221.2,10.28,72.0,-39.0,1.267,52.8,89,0.4688,1,0
NEU-504401,TreatmentB,B03,104.49,-71.39,201.0,10.82,20.9,-43.01,0.807,74.8,89,0.5852,0,0
NEU-503168,Control,B02,87.51,-68.57,498.9,30.28,111.4,-40.52,1.278,44.1,71,0.3511,0,0
NEU-500554,TreatmentB,B03,99.51,-63.65,322.5,9.38,96.5,-43.42,0.878,68.7,64,0.2119,0,1
NEU-505381,TreatmentB,B02,101.59,-63.62,328.8,12.2,46.9,-44.76,1.258,79.0,90,0.5354,1,1
NEU-505460,TreatmentB,B02,115.58,-57.65,297.8,22.21,44.2,-35.2,1.327,49.2,97,0.5452,0,1
NEU-509330,Control,B03,125.32,-63.36,367.8,14.95,140.5,-41.6,1.102,33.2,81,0.4625,0,1
NEU-508412,TreatmentB,B02,93.71,-67.06,169.4,6.71,72.0,-40.24,1.137,56.6,72,0.4431,0,1
NEU-501213,TreatmentB,B02,115.5,-65.14,254.2,22.68,105.8,-40.14,0.743,86.9,83,0.4473,1,1
NEU-509076,Control,B02,109.07,-69.11,148.7,8.9,87.1,-42.29,0.899,37.4,91,0.5364,0,0
NEU-507056,TreatmentB,B03,82.8,-70.29,219.8,20.94,71.5,-40.29,1.187,78.9,78,0.6227,0,1
NEU-508370,TreatmentA,B02,73.86,-66.86,227.1,8.67,139.7,-39.33,0.494,62.5,76,0.7271,0,0
NEU-503523,Control,B01,93.77,-72.45,162.3,29.6,128.5,-46.21,1.585,32.6,93,0.294,1,0
NEU-505864,TreatmentB,B03,94.56,-68.83,87.5,14.12,128.4,-42.23,0.77,68.1,77,0.2453,1,0
NEU-501124,TreatmentB,B03,88.7,-64.12,191.1,16.08,34.4,-44.0,1.673,63.3,87,0.2427,1,1
NEU-504765,Control,B01,91.54,-61.09,91.3,9.19,84.8,-42.6,1.326,47.5,82,0.3281,1,1
NEU-506615,TreatmentA,B01,107.63,-67.12,200.2,16.11,180.0,-37.05,1.151,40.1,107,0.3764,0,1
NEU-500041,TreatmentB,B02,121.45,-65.22,133.9,9.52,70.9,-46.13,0.764,90.5,91,0.568,1,0
NEU-500665,Control,B02,89.45,-62.06,393.9,7.52,70.4,-36.23,2.047,58.9,93,0.2553,1,1
NEU-506241,Control,B02,78.2,-69.24,119.8,5.32,108.6,-36.83,0.709,51.9,83,0.5363,0,0
NEU-501580,Control,B03,105.29,-69.69,174.9,7.59,73.4,-40.9,1.449,35.9,79,0.6411,0,0
NEU-504949,Control,B03,116.94,-58.45,206.6,11.14,94.7,-44.44,0.881,69.1,97,0.2814,0,0
NEU-509189,TreatmentB,B02,80.18,-59.47,175.7,20.27,97.9,-40.71,1.661,37.2,75,0.3746,1,0
NEU-507026,Control,B02,82.3,-73.8,297.3,27.16,105.7,-37.25,1.005,64.1,87,0.4139,0,0
NEU-502874,TreatmentB,B01,140.89,-72.87,221.4,12.31,68.8,-49.6,1.242,76.7,103,0.5398,1,0
NEU-500216,TreatmentB,B01,112.77,-71.69,125.9,9.14,52.4,-37.97,0.802,75.0,80,0.4415,1,0
NEU-504986,TreatmentB,B02,116.25,-63.25,105.1,10.99,34.3,-42.67,0.847,69.0,87,0.7268,0,0
NEU-501553,Control,B03,116.51,-68.46,151.3,15.33,77.8,-40.95,0.901,62.1,95,0.6514,0,1
NEU-502290,TreatmentB,B03,116.06,-64.39,174.1,10.47,42.1,-42.52,0.886,71.9,74,0.4929,1,0
NEU-508170,TreatmentA,B03,113.74,-70.09,172.7,12.69,89.2,-48.11,0.853,46.0,81,0.4073,1,0
NEU-507104,TreatmentB,B02,114.16,-68.06,368.5,13.91,75.1,-48.57,1.108,59.3,89,0.5942,0,1
NEU-507435,TreatmentA,B01,96.64,-59.32,342.8,17.28,141.6,-47.23,0.842,36.0,97,0.425,0,0
NEU-506321,Control,B03,95.74,-50.14,162.3,17.97,127.4,-41.76,1.096,39.7,66,0.2288,1,0
NEU-503682,TreatmentA,B01,119.52,-56.7,256.7,12.05,125.8,-42.18,1.563,31.7,84,0.4766,0,0
NEU-509857,Control,B01,112.54,-66.43,176.0,14.07,203.5,-39.39,0.846,47.6,82,0.1163,0,1
NEU-509712,TreatmentB,B03,69.18,-67.29,132.1,17.5,102.9,-47.1,1.036,77.9,82,0.3433,1,1
NEU-509590,Control,B01,88.78,-60.42,161.4,9.04,218.1,-37.4,1.087,61.9,83,0.447,1,0
NEU-500443,TreatmentB,B02,95.36,-65.9,166.3,12.4,54.9,-45.8,0.904,71.3,91,0.2762,0,1
NEU-503609,TreatmentB,B01,96.37,-64.14,187.8,11.46,36.7,-43.29,1.045,74.4,88,0.4078,1,1
NEU-505214,TreatmentA,B02,124.64,-61.32,272.1,9.76,93.8,-46.85,1.443,62.1,88,0.483,1,1
NEU-501584,TreatmentA,B03,113.85,-62.62,76.8,7.8,135.8,-38.8,1.129,47.2,80,0.3891,0,0
NEU-507370,Control,B01,74.65,-61.77,138.8,11.06,201.8,-32.12,0.883,76.7,87,0.3774,1,1
NEU-501496,TreatmentB,B03,105.72,-60.19,149.8,9.28,21.2,-45.69,1.543,55.9,97,0.454,1,0
NEU-506552,Control,B01,83.96,-57.83,136.4,11.34,146.7,-37.67,1.283,67.1,85,0.5642,1,0
NEU-504922,TreatmentB,B02,99.32,-57.24,132.0,5.73,95.0,-39.66,1.057,74.0,86,0.2164,0,1
NEU-500805,TreatmentA,B03,105.17,-64.86,162.2,13.58,42.0,-41.91,0.737,38.1,79,0.4616,1,1
NEU-500844,TreatmentA,B01,108.95,-69.28,370.9,15.23,57.0,-43.49,0.957,65.6,76,0.5115,0,1
NEU-507049,TreatmentA,B02,103.54,-66.11,126.5,9.96,132.1,-46.3,0.867,81.1,81,0.5241,1,0
NEU-506401,Control,B02,86.38,-64.27,101.9,16.66,118.1,-46.02,0.837,36.7,63,0.2827,1,1
NEU-508084,Control,B03,105.0,-74.72,140.3,13.76,113.5,-48.41,0.794,40.2,94,0.3193,0,0
NEU-509302,TreatmentB,B01,60.63,-64.66,120.6,12.93,28.2,-39.6,1.245,43.2,83,0.3282,0,1
NEU-506936,Control,B01,82.84,-65.85,291.3,11.63,201.8,-40.65,1.154,37.3,83,0.3331,0,1
NEU-503196,TreatmentA,B03,100.68,-66.53,144.8,10.83,110.7,-45.07,0.911,59.3,90,0.2576,0,1
NEU-501784,TreatmentB,B02,98.88,-63.92,138.5,12.52,67.3,-37.22,1.397,55.9,86,0.5377,1,1
NEU-504185,Control,B02,124.08,-68.68,185.0,13.39,35.0,-39.02,0.87,57.6,81,0.4538,0,1
NEU-502924,TreatmentB,B02,127.67,-62.21,145.6,14.67,130.7,-37.29,0.587,54.7,87,0.4917,0,1
NEU-505772,TreatmentA,B03,100.2,-66.12,361.8,16.9,61.3,-43.45,0.868,49.4,100,0.2829,0,0
NEU-509650,TreatmentB,B03,121.29,-74.63,254.8,24.02,159.4,-43.37,0.74,35.8,84,0.4458,0,0
NEU-509580,TreatmentA,B03,101.66,-62.56,166.2,14.5,81.3,-38.61,0.523,73.6,81,0.3718,0,1
NEU-508107,TreatmentB,B02,74.4,-57.03,401.3,8.77,61.7,-41.15,0.933,39.1,76,0.165,0,1
NEU-505563,Control,B01,93.23,-64.15,187.0,13.01,68.6,-29.69,1.278,39.2,68,0.2749,1,1
NEU-507624,TreatmentB,B01,78.19,-66.4,103.9,17.05,47.5,-38.65,1.59,60.5,73,0.2095,1,0
NEU-508087,TreatmentB,B03,98.6,-55.87,376.2,21.64,133.9,-45.29,1.052,58.5,105,0.4283,0,0
NEU-500589,Control,B03,129.42,-65.44,158.5,12.58,133.9,-33.14,1.96,66.1,90,0.4248,1,1
NEU-502500,TreatmentB,B01,97.09,-70.81,207.8,24.66,9.0,-35.84,0.521,63.2,91,0.2959,0,0
NEU-502459,Control,B01,113.33,-69.19,222.4,11.35,131.9,-41.82,0.898,28.6,80,0.4957,0,0
NEU-500039,TreatmentB,B01,111.5,-62.21,322.9,13.13,63.0,-53.85,2.231,48.1,75,0.7905,1,1
NEU-504704,TreatmentB,B02,93.38,-71.89,304.0,24.04,142.1,-41.7,1.082,40.2,89,0.6941,0,1
NEU-503478,TreatmentA,B01,110.78,-61.07,283.4,11.63,89.6,-36.89,1.124,61.0,96,0.191,1,1
NEU-504840,Control,B02,96.41,-57.86,221.2,27.24,148.6,-38.09,0.492,38.2,96,0.17,0,0
NEU-509413,TreatmentB,B02,102.7,-67.68,370.5,21.5,76.2,-46.48,1.263,73.3,83,0.3473,1,0
NEU-502319,TreatmentA,B01,89.93,-68.76,135.2,10.2,87.8,-42.67,1.623,11.6,74,0.7125,1,0
NEU-508432,TreatmentA,B01,95.4,-63.09,171.5,20.47,100.4,-44.43,1.481,46.2,100,0.3273,0,1
NEU-502892,Control,B01,109.72,-62.07,280.0,5.38,80.1,-41.75,1.155,40.5,87,0.3072,0,1
NEU-502755,TreatmentB,B03,90.42,-60.99,206.1,7.03,74.1,-42.21,1.457,69.3,82,0.4925,1,0
NEU-504493,TreatmentA,B01,99.25,-74.16,250.3,14.72,103.6,-43.79,1.187,57.2,67,0.6429,0,0
NEU-502478,TreatmentA,B03,129.1,-59.85,376.9,12.39,173.0,-42.54,0.83,43.7,68,0.2493,0,1
NEU-505423,TreatmentB,B03,66.58,-55.6,142.0,12.65,46.1,-39.38,0.839,53.5,81,0.6849,1,0
NEU-502893,TreatmentA,B02,137.41,-65.76,221.9,18.46,72.9,-42.35,0.975,75.9,96,0.4089,1,1
NEU-503261,TreatmentB,B02,119.87,-65.68,132.5,9.78,95.6,-44.34,0.911,82.5,79,0.5042,1,1
NEU-508893,TreatmentA,B01,130.9,-69.68,100.8,17.97,68.5,-49.43,0.938,38.3,98,0.4452,1,1
NEU-500636,TreatmentA,B01,107.52,-66.6,176.1,7.97,69.0,-41.49,0.798,39.5,97,0.4847,0,1
NEU-501693,TreatmentA,B02,98.89,-69.77,263.7,19.24,95.0,-44.5,1.078,38.7,97,0.3444,0,1
NEU-504120,Control,B01,123.14,-70.16,168.2,15.69,95.0,-44.78,0.94,25.6,86,0.5238,1,1
NEU-508867,Control,B03,92.98,-71.69,227.0,6.86,155.8,-47.29,0.911,35.3,99,0.3672,0,1
NEU-509557,TreatmentA,B02,82.42,-69.13,132.8,14.65,60.4,-42.03,1.087,58.7,91,0.2856,1,0
NEU-502057,Control,B03,117.3,-66.59,88.7,13.37,179.6,-42.37,0.868,46.7,82,0.7312,1,0
NEU-505768,TreatmentA,B03,96.0,-62.83,202.4,14.67,102.1,-41.51,1.127,65.3,105,0.3799,0,1
NEU-508335,TreatmentB,B02,107.15,-63.02,226.3,16.27,96.3,-45.95,1.037,60.1,81,0.4853,1,1
NEU-508626,Control,B01,86.32,-54.76,113.6,18.12,119.2,-46.49,1.492,47.2,103,0.6576,1,1
NEU-506622,TreatmentA,B03,82.05,-69.97,124.8,11.57,98.9,-39.54,1.086,64.4,75,0.2919,1,0
NEU-508469,Control,B03,110.7,-61.69,185.9,15.1,166.5,-37.33,1.182,56.4,81,0.2537,0,1
NEU-507874,TreatmentA,B03,88.24,-57.4,165.8,7.83,120.2,-38.65,1.115,35.8,82,0.6531,1,0
NEU-508889,TreatmentB,B01,91.32,-61.87,163.0,7.33,60.2,-39.84,1.001,79.6,80,0.3703,1,0
NEU-503859,TreatmentB,B02,88.05,-70.81,158.7,13.38,100.6,-43.53,1.429,36.2,87,0.3948,0,1
NEU-500584,TreatmentA,B01,80.81,-66.78,392.7,12.32,119.5,-31.08,0.717,46.0,97,0.6279,0,1
NEU-501403,TreatmentB,B02,89.86,-65.35,219.9,20.07,43.6,-44.45,1.355,54.6,84,0.5235,1,1
NEU-505538,TreatmentA,B03,95.83,-62.59,100.9,12.29,47.0,-39.16,1.03,43.1,87,0.3334,1,1
NEU-509035,Control,B01,91.22,-68.41,117.6,14.71,92.3,-44.43,0.794,50.1,76,0.3424,1,0
NEU-509636,TreatmentA,B01,119.73,-75.22,374.9,21.34,155.3,-32.19,1.059,48.7,101,0.4046,0,0
NEU-501785,Control,B01,90.91,-61.1,244.2,9.49,150.5,-48.17,1.633,28.1,94,0.3975,0,1
NEU-505610,TreatmentA,B02,74.48,-71.94,153.2,12.48,168.2,-35.41,1.265,53.6,86,0.4363,1,0
NEU-508732,TreatmentB,B03,78.38,-59.82,258.7,4.94,24.2,-43.3,0.645,79.9,90,0.4744,1,0
NEU-502196,Control,B02,111.13,-73.17,349.1,9.64,182.9,-43.54,1.131,32.2,94,0.5306,0,0
NEU-503019,Control,B02,93.49,-60.85,94.7,17.02,113.9,-41.78,0.951,15.5,90,0.3514,0,0
NEU-505857,TreatmentA,B03,126.8,-73.57,143.1,14.85,139.3,-37.29,1.98,64.2,87,0.3976,1,0
NEU-500685,TreatmentA,B03,107.0,-73.87,118.1,6.79,113.6,-47.78,0.761,24.7,81,0.2104,0,1
NEU-505938,TreatmentB,B01,75.87,-55.56,173.3,8.92,67.8,-47.97,0.934,76.0,97,0.2528,1,0
NEU-509090,TreatmentB,B02,87.25,-69.12,275.9,7.85,64.6,-51.36,1.208,47.9,81,0.5217,0,0
NEU-501380,TreatmentA,B02,99.65,-58.01,322.2,10.19,91.5,-43.24,1.256,38.4,87,0.2286,0,0
NEU-508287,TreatmentB,B03,116.41,-68.33,479.0,16.02,100.0,-39.7,0.867,53.9,84,0.3171,0,0
NEU-509646,TreatmentB,B01,100.89,-55.38,233.6,20.91,88.7,-42.86,0.878,52.5,86,0.5063,0,1
NEU-507179,Control,B02,61.4,-79.37,184.1,14.38,126.2,-40.92,0.775,29.2,84,0.5452,0,0
NEU-504388,TreatmentA,B01,108.01,-63.49,253.9,31.44,67.6,-41.25,1.569,62.7,87,0.7248,1,1
NEU-504487,Control,B03,98.64,-67.64,136.8,20.57,102.0,-44.61,1.338,55.9,86,0.4414,1,1
NEU-507987,TreatmentA,B01,123.38,-56.88,410.8,11.44,68.2,-39.03,0.788,51.9,91,0.4052,0,0
NEU-504824,TreatmentB,B03,88.05,-69.44,86.3,24.11,89.7,-39.9,1.051,58.7,79,0.5595,1,1
NEU-508888,TreatmentB,B03,110.18,-67.22,88.1,33.17,74.3,-38.63,1.233,56.4,90,0.4849,1,1
NEU-508251,TreatmentB,B02,117.13,-68.67,178.2,13.4,100.2,-38.21,1.155,54.5,82,0.5223,0,1
NEU-506348,TreatmentA,B02,116.36,-66.13,475.4,6.78,67.4,-39.79,0.762,60.1,80,0.1785,0,1
NEU-502815,TreatmentA,B03,96.46,-56.19,256.6,10.72,86.0,-43.26,1.039,50.3,102,0.3848,0,0
NEU-504868,TreatmentB,B02,110.65,-60.04,212.1,11.87,83.0,-38.61,1.057,64.0,83,0.3869,1,0
NEU-508376,TreatmentB,B03,110.84,-62.75,119.5,13.87,60.8,-43.38,0.798,74.8,89,0.3224,1,1
NEU-503552,Control,B02,93.15,-77.15,148.6,16.93,135.9,-29.46,0.969,57.7,88,0.5159,1,0
NEU-501053,Control,B03,95.86,-59.28,106.6,11.53,110.1,-37.21,0.965,42.7,87,0.4688,0,0
NEU-503094,TreatmentB,B03,88.95,-65.22,122.8,9.99,86.3,-43.79,0.904,62.1,75,0.5825,0,1
NEU-507181,Control,B01,113.01,-60.23,545.9,9.89,112.3,-45.65,1.296,24.1,93,0.5994,0,0
NEU-503757,TreatmentA,B01,98.91,-76.19,200.3,9.4,81.7,-41.77,0.998,62.1,70,0.3506,1,1
NEU-503702,TreatmentB,B02,116.51,-70.82,335.5,21.46,49.8,-32.99,1.323,43.9,86,0.4449,0,1
NEU-509579,TreatmentA,B01,91.17,-67.25,222.8,10.25,176.9,-43.74,1.007,58.0,72,0.5387,0,0
NEU-505331,TreatmentA,B01,103.64,-55.64,85.4,11.13,55.0,-44.47,2.134,61.4,70,0.3391,1,0
NEU-502099,TreatmentA,B01,97.23,-54.98,324.9,13.6,81.4,-40.64,0.9,43.6,88,0.5082,0,0
NEU-502651,TreatmentA,B03,88.09,-76.21,117.5,13.09,135.9,-47.04,1.126,73.9,81,0.3359,1,1
NEU-506171,TreatmentA,B03,95.91,-65.59,171.7,17.24,135.6,-42.7,0.479,48.8,105,0.1966,0,0
NEU-504447,TreatmentB,B03,92.03,-72.18,175.6,13.33,89.4,-41.01,1.01,37.4,85,0.3454,0,0
NEU-501004,TreatmentA,B02,103.06,-65.25,118.9,10.79,158.4,-40.53,1.435,48.9,89,0.3421,1,1
NEU-501049,TreatmentA,B01,136.21,-61.62,141.2,12.81,93.7,-44.21,1.065,28.4,97,0.4548,1,1
NEU-503916,Control,B01,59.39,-67.76,216.6,13.34,125.3,-45.67,1.006,39.4,88,0.4547,1,1
NEU-505426,TreatmentB,B02,123.29,-50.23,185.7,14.95,80.1,-41.96,1.565,84.4,101,0.267,1,0
NEU-504056,TreatmentB,B01,93.26,-53.89,145.5,22.09,80.5,-39.92,1.144,77.4,97,0.5095,1,0
NEU-507884,TreatmentB,B02,106.04,-65.67,213.1,15.99,119.8,-42.3,1.272,66.4,127,0.5256,1,1
NEU-504321,TreatmentB,B02,85.37,-77.5,106.4,13.39,61.1,-42.39,0.801,54.5,95,0.6731,0,0
NEU-509933,TreatmentA,B02,111.05,-56.81,289.1,17.69,69.8,-43.91,0.746,48.6,84,0.4389,0,0
NEU-500246,TreatmentB,B01,99.29,-74.13,156.4,18.15,81.1,-45.38,1.668,68.4,80,0.728,1,0
NEU-508777,TreatmentB,B02,89.84,-68.81,527.4,17.56,100.5,-47.76,0.783,60.4,83,0.1387,0,0
NEU-505188,TreatmentA,B01,96.26,-59.65,175.4,11.68,82.3,-39.02,0.835,65.3,74,0.3091,0,0
NEU-505761,TreatmentB,B02,96.16,-68.69,179.0,5.43,134.5,-47.75,0.85,84.3,94,0.0853,1,1
NEU-500213,TreatmentA,B02,89.96,-52.73,189.4,22.97,153.4,-42.43,0.946,64.0,92,0.187,0,0
NEU-509707,Control,B03,88.31,-67.13,213.8,15.11,89.0,-42.52,1.131,62.8,98,0.4001,1,0
NEU-502221,TreatmentB,B02,130.69,-63.0,132.6,9.04,116.3,-42.19,2.255,68.6,86,0.1355,1,1
NEU-502668,TreatmentB,B01,115.53,-61.27,218.7,7.83,56.7,-43.2,0.983,77.1,85,0.2489,1,1
NEU-503695,TreatmentB,B02,99.13,-65.41,193.2,17.4,99.4,-38.63,1.204,93.1,105,0.2861,1,1
NEU-503768,TreatmentB,B03,82.17,-65.12,121.8,17.55,-17.6,-46.69,1.386,81.9,83,0.4538,1,1
NEU-500847,TreatmentB,B01,96.17,-61.24,131.9,17.62,135.9,-44.74,0.754,72.3,88,0.5286,1,1
NEU-503181,Control,B02,102.04,-69.62,285.6,18.88,37.9,-36.46,1.127,34.7,82,0.4793,0,1
NEU-500021,TreatmentA,B03,90.79,-69.65,220.3,7.46,117.6,-38.53,1.005,59.9,93,0.2898,1,1
NEU-509396,TreatmentA,B03,105.34,-66.83,161.0,13.02,77.3,-45.07,0.545,60.4,67,0.3477,1,1
NEU-501320,TreatmentA,B01,102.89,-64.16,171.9,9.01,165.1,-48.42,0.928,58.9,95,0.2172,1,1
NEU-502647,TreatmentA,B02,96.6,-58.48,41.5,12.93,133.2,-50.56,0.789,58.8,74,0.4094,1,0
NEU-501242,TreatmentA,B02,111.53,-60.58,162.8,17.17,141.6,-45.55,1.211,54.8,86,0.3137,1,0
NEU-509238,TreatmentA,B01,113.55,-59.57,172.8,6.35,120.0,-37.57,1.323,49.2,107,0.3314,1,1
NEU-508189,TreatmentA,B03,90.97,-70.28,109.3,13.11,82.7,-47.7,1.272,32.0,90,0.4633,0,1
NEU-507825,TreatmentA,B03,97.16,-64.55,87.5,22.03,144.8,-42.03,1.037,40.8,98,0.2409,1,0
NEU-502944,TreatmentB,B01,80.65,-57.75,202.2,15.02,129.8,-35.98,1.348,41.7,75,0.1554,0,1
NEU-501671,TreatmentA,B01,117.79,-68.95,411.6,18.37,63.0,-38.19,0.725,66.5,81,0.6501,0,1
NEU-509938,TreatmentA,B01,112.61,-65.18,133.0,13.68,166.4,-36.61,1.138,59.1,85,0.1943,0,1
NEU-509657,Control,B03,106.06,-69.21,313.3,8.29,96.0,-37.87,0.677,44.6,76,0.2105,0,1
NEU-500151,TreatmentB,B03,135.91,-64.98,180.3,15.62,111.8,-42.03,0.902,46.4,89,0.3556,0,1
NEU-509116,Control,B02,87.89,-63.09,155.0,17.31,152.5,-38.31,0.677,62.5,81,0.3513,0,0
NEU-509120,Control,B03,102.51,-69.5,252.5,20.18,68.7,-43.91,1.038,57.7,73,0.5913,0,1
NEU-502230,Control,B01,78.05,-75.22,126.2,7.79,57.2,-41.02,1.097,19.9,90,0.5227,0,0
NEU-500493,TreatmentA,B03,95.44,-63.9,161.5,12.37,146.4,-38.92,1.184,65.5,84,0.5027,0,1
NEU-505639,TreatmentA,B03,98.21,-64.76,464.9,19.25,111.9,-35.48,0.985,57.8,97,0.3606,0,0
NEU-509101,Control,B01,96.76,-68.72,164.8,20.92,161.5,-38.6,1.084,39.2,76,0.6536,0,1
NEU-505154,Control,B02,123.81,-64.78,160.0,13.0,99.1,-42.56,1.794,21.0,90,0.688,0,1
NEU-507954,TreatmentB,B01,109.3,-64.8,155.1,11.35,83.3,-46.32,0.791,56.0,95,0.4899,0,1
NEU-504742,TreatmentA,B02,108.95,-73.58,220.7,17.74,191.3,-42.63,1.263,95.2,76,0.4261,1,1
NEU-506003,TreatmentB,B02,103.01,-63.75,138.0,22.54,22.9,-37.73,0.664,52.5,87,0.467,1,1
NEU-503185,Control,B03,93.1,-62.8,194.8,23.64,147.2,-33.92,1.159,66.1,70,0.3989,0,1
NEU-508642,Control,B02,103.86,-64.29,199.5,14.91,63.0,-44.43,0.903,26.3,95,0.5771,0,1
NEU-500202,TreatmentA,B03,104.44,-65.12,257.7,19.08,50.6,-43.63,1.178,48.0,77,0.7723,1,1
NEU-509257,Control,B01,104.13,-67.34,183.6,6.66,141.7,-41.18,0.88,38.5,91,0.2403,0,1
NEU-505524,TreatmentB,B01,101.39,-72.69,230.4,3.77,74.5,-40.63,1.475,85.1,91,0.4021,1,0
NEU-509710,TreatmentB,B03,87.55,-69.55,365.8,16.13,125.8,-38.58,0.709,61.6,85,0.4408,1,1
NEU-500444,TreatmentB,B03,106.68,-74.86,172.6,13.23,69.9,-40.69,0.852,71.4,85,0.1948,0,0
NEU-505136,Control,B03,78.45,-66.39,181.6,10.86,100.1,-37.51,1.145,57.5,88,0.2948,0,1
NEU-501880,Control,B03,102.61,-77.5,127.5,15.33,155.0,-36.6,1.062,12.8,87,0.3695,0,0
NEU-502694,Control,B01,80.8,-68.61,102.3,30.92,164.4,-38.86,1.596,63.3,100,0.52,1,1
NEU-504385,TreatmentB,B03,128.99,-55.62,213.1,19.69,65.4,-40.04,1.122,61.1,89,0.555,1,0
NEU-508298,TreatmentB,B03,96.65,-64.01,344.5,11.5,76.5,-34.06,0.825,58.5,73,0.5434,1,0
NEU-509966,TreatmentA,B01,101.56,-66.62,212.7,8.59,155.8,-48.66,1.201,68.0,95,0.7263,1,0
NEU-505791,Control,B03,122.08,-60.44,142.1,12.09,79.0,-46.9,1.729,38.8,92,0.2655,1,1
NEU-506373,Control,B03,77.69,-62.71,214.1,26.94,161.3,-44.65,1.183,35.6,94,0.2284,0,0
NEU-504849,Control,B02,96.93,-57.22,108.3,16.61,146.8,-41.74,1.394,23.5,92,0.263,1,0
NEU-506325,Control,B03,104.43,-60.69,112.4,15.34,77.9,-44.6,1.137,40.4,87,0.4902,1,0
NEU-507035,TreatmentA,B02,75.01,-64.74,195.5,10.57,100.8,-41.2,1.352,52.8,91,0.1249,1,1
NEU-506384,TreatmentB,B01,117.27,-57.44,127.0,9.84,73.5,-38.95,1.531,62.3,87,0.5027,1,0
NEU-507122,TreatmentA,B03,108.11,-73.09,261.6,25.79,54.3,-40.87,0.793,59.5,89,0.2691,0,0
NEU-509180,TreatmentB,B03,90.11,-50.96,318.0,15.21,108.1,-43.26,0.845,64.8,81,0.22,1,0
NEU-508892,TreatmentA,B01,111.56,-63.28,190.6,12.59,108.5,-41.47,1.3,54.7,94,0.3564,1,1
NEU-503175,Control,B02,95.72,-61.91,160.0,12.02,91.7,-40.34,0.871,48.1,85,0.3824,0,1
NEU-501923,Control,B01,81.52,-49.16,416.7,19.87,112.9,-33.8,0.852,22.4,102,0.1402,0,0
NEU-509997,TreatmentB,B02,107.93,-63.47,96.7,24.03,82.6,-44.55,1.099,60.1,101,0.3888,1,1
NEU-509063,TreatmentB,B02,99.12,-64.48,462.5,4.65,97.5,-43.24,0.927,60.4,99,0.2574,0,1
NEU-507445,Control,B03,88.43,-68.91,205.3,18.22,121.0,-47.22,1.049,48.2,71,0.5041,1,1
NEU-508872,TreatmentB,B03,94.24,-65.59,186.6,7.75,111.9,-38.95,1.631,75.9,71,0.2516,1,1
NEU-507192,TreatmentB,B02,114.55,-64.21,290.1,14.31,61.3,-37.07,0.9,58.5,101,0.4026,0,1
NEU-503715,TreatmentB,B01,119.01,-67.78,65.0,9.7,83.6,-42.19,0.785,81.9,81,0.3974,1,0
NEU-507145,TreatmentB,B03,125.59,-55.72,101.9,10.07,116.9,-46.04,1.91,73.3,90,0.4652,1,0
NEU-509775,TreatmentB,B02,80.51,-66.69,386.7,9.31,102.4,-43.15,1.278,72.2,95,0.524,0,0
NEU-503297,TreatmentA,B01,118.65,-61.78,227.3,11.59,132.5,-40.82,0.852,65.7,92,0.2566,1,1
NEU-504585,TreatmentB,B03,111.5,-63.81,125.1,26.21,106.3,-44.96,1.44,78.5,80,0.4432,1,1
NEU-500240,Control,B01,87.31,-60.45,151.4,10.92,143.2,-41.2,0.98,45.6,95,0.1841,1,1
NEU-502458,Control,B02,72.01,-61.16,278.6,18.92,94.6,-46.15,1.156,51.8,89,0.4193,0,1
NEU-502215,TreatmentA,B03,78.4,-71.19,576.4,9.17,124.9,-45.03,0.74,47.3,78,0.7999,0,0
NEU-501503,TreatmentB,B01,91.03,-69.62,411.3,18.6,121.1,-42.34,1.474,63.6,88,0.5916,1,1
NEU-501489,TreatmentB,B03,107.05,-62.68,111.5,12.93,158.7,-32.6,0.754,69.6,83,0.4663,0,1
NEU-506359,Control,B02,84.43,-51.17,206.1,13.19,160.7,-40.55,0.81,28.8,80,0.2595,0,0
NEU-503151,Control,B01,99.04,-66.56,189.0,16.09,140.9,-41.48,0.977,43.1,92,0.6109,1,1
NEU-502468,TreatmentB,B02,103.22,-64.71,114.6,10.32,-39.2,-41.19,1.085,40.5,78,0.4201,0,1
NEU-507372,Control,B01,108.22,-63.37,111.7,9.9,154.0,-45.49,1.138,45.9,87,0.4256,1,1
NEU-508671,Control,B01,88.97,-70.16,99.4,10.29,37.2,-43.3,1.123,15.2,81,0.6303,0,0
NEU-503207,Control,B01,109.04,-60.38,282.1,7.25,182.2,-36.47,1.663,23.3,86,0.3551,0,1
NEU-505477,TreatmentB,B03,153.06,-63.25,122.0,15.04,62.9,-38.91,0.93,71.7,91,0.2942,1,0
NEU-508707,TreatmentB,B03,93.18,-68.17,171.9,11.17,94.2,-49.19,1.763,75.9,90,0.2978,1,1
NEU-508873,TreatmentB,B03,102.77,-74.23,322.1,8.59,95.5,-35.59,1.631,43.5,86,0.5709,1,0
NEU-508808,TreatmentA,B03,90.08,-66.06,242.9,12.72,69.6,-43.85,1.266,62.4,83,0.4725,1,1
NEU-504656,Control,B01,94.12,-62.4,147.4,6.73,95.8,-35.61,1.773,40.6,76,0.3258,0,1
NEU-504130,TreatmentA,B03,99.06,-62.51,169.7,9.26,147.7,-46.43,0.846,71.9,83,0.3735,0,1
NEU-507226,Control,B03,110.77,-71.45,72.3,18.75,168.5,-38.31,0.726,36.1,89,0.252,0,0
NEU-503578,Control,B02,75.55,-63.1,216.8,14.14,123.6,-43.34,1.516,44.1,100,0.5479,0,1
NEU-500772,TreatmentB,B03,125.25,-61.49,267.4,17.63,72.3,-38.94,0.656,60.2,96,0.3552,0,0
NEU-502156,TreatmentA,B03,99.27,-70.27,337.4,9.16,98.4,-51.98,0.982,48.5,82,0.4028,0,0
NEU-505441,Control,B02,73.34,-75.98,178.5,15.41,86.2,-48.58,1.061,54.2,78,0.4485,1,0
NEU-501398,TreatmentA,B02,113.5,-59.34,362.7,19.56,69.4,-39.49,0.897,69.9,80,0.2481,0,0
NEU-502112,Control,B03,113.92,-55.47,146.3,18.25,122.6,-34.18,1.594,41.8,94,0.1796,1,0
NEU-500875,Control,B02,64.7,-69.8,81.6,4.4,66.3,-44.22,1.129,46.5,91,0.4406,0,0
NEU-505829,TreatmentB,B01,65.84,-62.47,107.3,25.09,16.1,-42.69,1.612,60.0,95,0.5236,1,1
NEU-500981,TreatmentB,B03,82.58,-57.93,194.0,15.02,54.3,-39.72,1.65,72.9,87,0.6357,1,0
NEU-508817,Control,B02,85.4,-66.77,178.2,8.9,149.8,-43.54,1.063,29.5,88,0.3393,0,0
NEU-507357,Control,B03,89.82,-64.18,163.9,40.11,114.9,-42.27,1.637,42.8,76,0.2582,1,0
NEU-509211,TreatmentA,B03,100.06,-69.41,188.5,17.65,95.1,-45.14,0.548,48.1,96,0.3373,1,0
NEU-503571,TreatmentB,B03,103.5,-65.79,174.1,13.81,70.5,-40.04,1.262,56.4,80,0.7016,1,1
NEU-503041,Control,B02,87.91,-75.23,257.0,9.27,170.2,-48.99,1.078,40.2,83,0.4468,1,0
NEU-509318,TreatmentA,B01,106.04,-62.45,79.7,7.56,127.2,-41.39,0.84,55.0,94,0.4342,1,1
NEU-507603,TreatmentA,B02,119.3,-63.41,244.6,15.33,138.5,-37.64,1.039,72.5,94,0.3655,1,0
NEU-504183,Control,B03,110.61,-60.33,318.8,25.47,112.1,-29.07,1.103,56.6,94,0.538,1,1
NEU-509983,TreatmentB,B01,110.96,-65.03,99.6,10.9,128.2,-38.84,1.606,62.1,91,0.2834,1,1
NEU-509732,Control,B01,97.3,-58.0,158.5,7.11,76.5,-43.66,1.325,49.9,112,0.4005,1,1
NEU-502178,TreatmentB,B01,111.23,-58.06,159.0,20.87,154.4,-45.25,1.024,76.2,109,0.2189,1,0
NEU-500697,TreatmentA,B03,102.46,-54.28,231.4,12.63,144.1,-41.79,1.094,59.2,88,0.7152,1,0
NEU-502090,Control,B01,117.17,-60.11,108.2,26.44,104.7,-34.97,0.925,59.3,73,0.4752,0,1
NEU-504522,TreatmentA,B02,110.82,-65.69,139.4,7.56,125.8,-38.24,0.759,60.8,125,0.3589,1,1
NEU-502767,TreatmentA,B02,111.5,-71.21,171.2,12.47,61.1,-39.68,0.893,43.7,83,0.4469,0,0
NEU-506838,TreatmentA,B02,123.91,-70.91,279.8,27.38,96.4,-46.91,0.792,67.8,91,0.2771,1,0
NEU-508103,Control,B01,88.56,-58.59,207.7,16.51,116.8,-46.67,0.83,43.1,90,0.4784,0,1
NEU-507493,Control,B01,115.75,-60.22,80.3,12.51,153.9,-38.83,0.753,40.7,77,0.3703,0,1
NEU-508422,TreatmentA,B02,125.5,-67.18,161.4,11.14,41.4,-51.46,1.138,91.1,76,0.2775,1,1
NEU-509462,TreatmentA,B01,89.32,-68.3,152.1,11.01,107.4,-50.81,1.412,41.3,81,0.681,0,0
NEU-509214,TreatmentB,B02,97.17,-71.82,49.8,7.35,52.9,-37.1,1.113,78.4,96,0.3678,1,0
NEU-509407,TreatmentA,B02,78.37,-58.05,264.8,13.06,51.5,-47.41,0.82,73.0,68,0.2966,0,0
NEU-509769,Control,B03,73.15,-64.12,175.8,14.94,94.2,-41.79,1.09,51.7,80,0.4185,1,1
NEU-501128,TreatmentB,B03,80.5,-65.76,311.3,10.31,96.5,-44.6,0.704,63.1,88,0.4097,0,1
NEU-506360,TreatmentB,B02,120.98,-67.14,348.3,11.07,85.5,-42.65,1.003,86.4,90,0.1722,1,1
NEU-505463,Control,B02,112.38,-65.86,99.3,17.06,133.3,-46.52,0.547,23.1,86,0.3905,0,1
NEU-508202,TreatmentA,B02,109.54,-64.35,245.0,3.61,75.5,-39.17,1.057,50.2,89,0.4964,0,0
NEU-504025,Control,B03,104.46,-69.6,66.1,6.69,133.4,-40.93,1.445,30.4,71,0.0335,1,1
NEU-501657,Control,B01,84.76,-65.79,261.5,20.57,76.9,-36.83,1.125,28.3,70,0.632,0,1
NEU-505896,TreatmentB,B03,95.3,-69.68,144.9,14.23,83.1,-40.97,1.047,69.6,91,0.7332,1,1
NEU-503530,TreatmentA,B03,115.59,-59.13,187.2,9.26,125.3,-46.91,0.948,52.7,67,0.5989,0,0
NEU-506607,TreatmentA,B02,108.2,-61.86,258.5,14.51,113.2,-47.28,1.04,50.4,93,0.3755,0,1
NEU-503773,Control,B03,112.78,-63.06,162.4,29.16,119.9,-47.98,1.869,52.5,100,0.4864,1,1
NEU-500019,Control,B03,108.18,-67.14,204.5,18.11,90.9,-36.4,1.368,43.6,80,0.3476,0,1
NEU-506942,TreatmentA,B03,83.13,-71.16,284.3,14.38,74.2,-39.34,1.133,37.3,81,0.2855,0,0
NEU-500164,TreatmentA,B03,108.26,-65.63,270.9,6.05,80.0,-39.78,1.148,51.3,114,0.1795,0,1
NEU-501893,TreatmentA,B02,94.07,-65.6,172.3,9.49,109.8,-44.18,0.979,37.5,73,0.368,0,1
NEU-509988,Control,B02,131.12,-66.83,237.2,7.49,105.5,-49.73,1.148,41.6,67,0.425,0,0
NEU-508433,TreatmentA,B01,118.61,-61.67,247.7,9.95,83.6,-49.28,1.123,76.0,79,0.3689,1,1
NEU-505549,TreatmentB,B03,95.11,-61.23,108.1,11.11,115.4,-38.89,1.308,47.9,80,0.6442,0,0
NEU-506398,TreatmentB,B01,97.56,-54.39,263.1,8.58,37.9,-35.24,0.619,66.9,84,0.6284,0,0
NEU-502675,TreatmentB,B02,108.66,-69.09,78.0,7.0,35.8,-39.75,0.516,28.1,83,0.155,0,1
NEU-502495,TreatmentB,B03,58.35,-62.68,363.0,15.4,71.0,-37.16,1.024,73.6,93,0.2966,0,1
NEU-507099,TreatmentB,B02,93.14,-58.9,156.2,7.93,34.1,-41.17,0.609,32.4,74,0.5781,0,0
NEU-501711,TreatmentA,B02,123.02,-56.47,273.2,6.4,131.0,-38.63,1.411,72.5,87,0.4314,1,0
NEU-508311,TreatmentA,B02,109.78,-66.22,114.2,16.49,96.2,-43.0,0.938,53.3,94,0.3988,1,1
NEU-505220,Control,B03,91.98,-69.37,188.7,10.24,79.6,-45.32,1.433,37.6,83,0.4497,1,1
NEU-501211,Control,B02,104.79,-61.66,156.4,14.65,131.9,-43.59,0.953,71.0,78,0.5061,0,1
NEU-504563,TreatmentB,B02,132.81,-63.04,62.6,11.83,118.9,-37.61,0.544,53.0,83,0.4879,1,1
NEU-501474,TreatmentA,B02,87.31,-66.52,141.2,19.84,105.8,-38.7,0.979,54.0,91,0.4425,1,1
NEU-501112,TreatmentA,B02,101.71,-59.2,224.0,18.23,139.7,-42.99,0.859,32.0,95,0.6402,0,1
NEU-506404,TreatmentB,B02,87.45,-69.82,259.1,11.58,-5.7,-41.68,0.972,30.7,85,0.2516,0,1
NEU-507861,TreatmentB,B01,137.04,-61.65,170.5,6.93,47.9,-36.74,0.851,43.1,99,0.3005,0,1
NEU-504633,TreatmentA,B01,83.78,-70.15,222.9,28.87,95.1,-41.92,1.682,49.1,86,0.6226,1,1
NEU-503069,TreatmentB,B02,67.16,-60.05,234.7,10.7,85.6,-40.13,1.155,65.9,98,0.5687,1,0
NEU-508737,Control,B02,124.75,-66.59,373.9,11.81,89.6,-38.46,1.573,64.1,68,0.1983,0,1
NEU-506698,TreatmentB,B02,105.34,-61.49,175.2,21.71,44.5,-35.67,0.818,70.8,100,0.3328,1,0
NEU-507525,TreatmentB,B03,111.65,-60.18,325.9,14.38,35.8,-38.25,0.878,61.9,87,0.3207,0,0
NEU-504462,TreatmentB,B01,102.9,-75.27,209.2,11.99,90.1,-41.82,0.984,43.3,99,0.5894,0,0
NEU-503128,Control,B02,107.42,-63.93,349.7,9.25,118.0,-41.29,1.538,56.1,81,0.8261,1,0
NEU-503083,TreatmentB,B01,113.66,-58.35,161.2,17.17,73.7,-32.72,1.123,86.4,86,0.4051,1,0
NEU-507412,Control,B02,71.35,-71.96,185.1,20.56,160.2,-45.16,0.786,41.8,77,0.3392,0,0
NEU-508682,TreatmentA,B03,116.67,-63.48,222.5,8.68,84.2,-42.32,1.194,70.0,88,0.6128,1,0
NEU-504531,TreatmentA,B01,112.51,-67.33,108.5,9.79,82.5,-47.4,0.788,57.3,90,0.3364,1,1
NEU-508009,TreatmentB,B03,111.14,-65.77,103.0,9.62,55.9,-39.71,1.33,71.2,77,0.499,1,1
NEU-501324,TreatmentA,B01,94.89,-60.88,103.2,25.73,145.5,-34.83,2.089,39.4,97,0.2233,1,0
NEU-502819,TreatmentB,B02,104.36,-61.01,265.2,15.39,74.9,-50.41,1.043,74.8,74,0.3529,1,1
NEU-505388,Control,B01,95.66,-63.1,142.4,14.4,157.8,-42.73,1.206,38.8,73,0.2181,0,1
NEU-501588,TreatmentB,B03,88.27,-66.54,94.1,23.13,-13.6,-48.05,0.707,58.7,90,0.2905,0,0
NEU-501929,TreatmentB,B03,95.81,-63.42,79.3,10.98,129.6,-48.58,0.839,56.9,76,0.3331,1,1
NEU-503258,Control,B02,106.63,-65.85,243.7,30.69,132.1,-45.85,0.665,33.3,97,0.5207,0,1
NEU-507819,TreatmentB,B03,111.81,-62.95,173.9,13.14,113.6,-35.72,0.97,42.1,99,0.3903,1,1
NEU-507048,TreatmentB,B01,97.75,-63.63,157.7,15.44,46.3,-50.04,1.411,66.9,90,0.4443,1,0
NEU-504111,TreatmentB,B01,90.17,-59.95,225.8,11.98,28.3,-37.13,0.733,91.7,86,0.4784,1,0
NEU-504596,Control,B03,101.11,-57.17,215.6,10.27,132.1,-41.85,1.004,47.3,100,0.1532,1,1
NEU-501271,TreatmentB,B03,96.49,-64.86,152.6,16.51,84.7,-34.85,0.81,37.2,73,0.37,1,1
NEU-507897,TreatmentB,B03,91.49,-67.24,152.4,7.13,53.3,-41.08,0.78,52.6,81,0.4369,1,1
NEU-509142,TreatmentA,B02,113.75,-64.43,164.1,9.82,90.8,-39.26,1.265,42.4,79,0.0484,1,1
NEU-502232,TreatmentB,B01,106.05,-69.99,391.9,14.63,84.6,-43.71,0.882,61.2,81,0.5061,0,1
NEU-504919,TreatmentA,B03,99.18,-68.47,226.4,14.92,91.2,-37.98,0.686,55.1,88,0.4695,0,0
NEU-501647,TreatmentA,B02,117.16,-70.82,117.5,16.18,89.7,-42.03,1.618,42.6,89,0.5902,1,0
NEU-501521,Control,B01,95.92,-63.3,447.5,10.08,108.9,-42.9,1.06,59.2,76,0.1566,0,1
NEU-507914,TreatmentA,B03,106.49,-62.66,169.7,11.47,81.8,-33.39,0.564,45.8,84,0.5351,1,1
NEU-504924,TreatmentA,B02,83.49,-65.18,183.1,13.05,183.8,-45.62,1.182,53.0,78,0.4261,0,1
NEU-505173,TreatmentB,B03,76.66,-57.17,115.5,18.85,101.9,-38.74,0.977,69.0,82,0.2169,1,0
NEU-500799,TreatmentA,B03,104.27,-65.9,80.4,30.37,85.1,-46.64,1.738,49.4,94,0.4004,1,1
NEU-502871,TreatmentA,B03,90.36,-65.16,238.0,7.2,71.7,-45.95,1.045,46.8,75,0.4875,1,0
NEU-502329,TreatmentB,B02,93.02,-63.93,209.0,10.34,74.4,-37.03,1.807,65.2,98,0.1912,1,1
NEU-503840,TreatmentB,B02,92.21,-65.57,143.0,13.88,70.0,-51.22,1.387,43.3,87,0.4147,0,1
NEU-508775,TreatmentB,B03,90.96,-66.23,200.7,12.19,38.5,-38.32,1.542,56.1,82,0.5321,1,1
NEU-509409,Control,B01,125.69,-63.66,299.9,8.58,104.4,-40.31,0.919,54.3,73,0.4802,0,0
NEU-501391,TreatmentA,B02,101.69,-73.19,182.7,19.18,80.5,-41.84,1.59,50.8,79,0.6287,1,1
NEU-502966,TreatmentB,B03,132.17,-60.46,366.0,22.77,53.2,-46.16,1.111,41.4,92,0.7463,0,1
NEU-507752,TreatmentB,B03,95.28,-65.57,291.5,8.61,89.9,-39.86,0.813,66.7,98,0.2028,0,1
NEU-506131,TreatmentB,B01,93.57,-56.21,131.3,16.4,114.7,-41.98,1.56,63.2,73,0.7655,1,1
NEU-508032,Control,B02,87.05,-66.0,187.3,6.55,126.0,-38.98,1.179,36.0,81,0.5308,0,0
NEU-502927,TreatmentA,B02,122.55,-60.77,156.0,11.4,142.9,-47.41,1.083,75.9,77,0.4176,1,0
NEU-503134,Control,B02,123.92,-72.12,199.0,9.93,151.5,-46.92,1.085,54.4,93,0.4266,0,0
NEU-503135,TreatmentB,B02,121.41,-63.02,515.4,19.54,84.2,-43.9,0.696,70.6,101,0.1562,0,0
NEU-500305,TreatmentB,B01,113.63,-59.39,181.8,15.62,134.9,-35.08,1.298,65.2,81,0.4333,1,0
NEU-504720,Control,B02,98.57,-66.43,82.7,12.49,91.1,-41.94,0.979,42.1,78,0.4198,0,1
NEU-504078,TreatmentA,B02,93.73,-68.35,146.9,6.27,112.5,-40.3,0.901,52.3,81,0.2655,1,1
NEU-505863,Control,B02,85.12,-68.7,218.5,20.02,151.6,-39.03,0.843,52.8,76,0.5047,0,1
NEU-508147,TreatmentB,B03,123.74,-67.51,146.7,8.82,129.6,-48.06,0.897,68.9,89,0.1673,1,1
NEU-507829,TreatmentB,B02,111.78,-62.66,169.9,25.13,108.2,-51.64,0.568,57.4,86,0.3268,0,0
NEU-504448,TreatmentB,B01,120.43,-72.68,116.4,14.65,93.5,-38.79,1.166,84.7,97,0.4237,1,0
NEU-507881,TreatmentB,B01,93.66,-59.81,197.9,14.18,93.0,-44.65,0.824,75.8,84,0.3778,1,0
NEU-508916,TreatmentB,B03,76.32,-68.0,137.6,31.68,111.4,-44.51,1.038,82.5,80,0.394,0,1
NEU-509021,TreatmentB,B02,101.89,-70.14,81.5,9.39,31.0,-39.96,1.795,66.8,94,0.2526,1,1
NEU-504558,TreatmentB,B03,94.99,-67.81,281.7,16.85,57.8,-44.25,0.909,67.7,87,0.1229,1,0
NEU-504024,Control,B02,86.62,-60.92,132.3,25.37,104.0,-44.32,1.344,38.4,73,0.4693,0,1
NEU-507619,TreatmentA,B02,103.44,-59.56,164.2,14.78,82.9,-36.78,0.975,57.4,80,0.3656,1,0
NEU-504485,TreatmentA,B03,100.34,-68.9,142.5,11.56,93.8,-39.68,1.335,64.7,90,0.3342,1,1
NEU-505272,Control,B02,104.13,-64.99,193.7,16.22,114.0,-40.31,0.845,65.7,78,0.3953,1,1
NEU-507111,Control,B03,112.38,-68.69,135.2,10.03,150.7,-50.7,0.96,36.7,78,0.3329,0,1
NEU-503108,Control,B01,107.79,-67.51,217.7,16.0,183.5,-44.43,1.093,46.4,96,0.5458,0,1
NEU-509112,TreatmentA,B03,97.03,-63.1,271.5,15.11,55.3,-45.09,1.1,56.5,93,0.2416,1,1
NEU-509064,TreatmentB,B01,89.34,-68.59,456.7,13.8,101.7,-40.78,0.828,66.4,80,0.496,0,0
NEU-500630,TreatmentA,B01,113.54,-58.93,167.7,13.99,136.0,-40.58,1.899,45.1,70,0.2495,1,1
NEU-505204,Control,B02,108.0,-65.54,63.5,18.34,165.3,-43.23,0.899,29.1,94,0.7373,0,1
NEU-504785,TreatmentA,B03,107.45,-68.58,195.3,10.95,105.7,-50.81,0.978,53.6,91,0.3172,0,1
NEU-503794,TreatmentB,B01,112.33,-66.81,158.4,10.71,27.4,-39.94,1.936,80.3,81,0.5413,1,1
NEU-506546,TreatmentB,B03,116.99,-70.78,237.6,18.86,114.2,-43.62,1.398,75.1,87,0.2394,1,0
NEU-503068,TreatmentA,B01,108.52,-71.67,332.7,15.49,77.2,-44.87,0.847,31.3,83,0.5993,0,0
NEU-507966,TreatmentB,B01,119.98,-67.69,145.6,16.21,-9.0,-45.77,1.495,75.5,85,0.1456,1,0
NEU-508025,Control,B02,100.03,-53.78,319.2,16.13,94.1,-47.83,0.524,43.9,94,0.4094,0,0
NEU-506820,TreatmentA,B01,114.65,-65.34,356.8,12.92,128.3,-42.15,0.995,49.4,84,0.4305,1,1
NEU-500597,TreatmentB,B01,121.72,-60.47,86.9,19.08,20.6,-45.7,1.263,71.0,102,0.4978,1,1
NEU-505623,TreatmentB,B01,96.29,-63.75,208.6,25.01,58.3,-41.17,1.248,51.9,79,0.4625,0,1
NEU-500991,Control,B01,87.35,-74.05,71.1,8.54,154.9,-47.23,2.137,65.0,98,0.3079,1,0
NEU-502825,TreatmentA,B01,124.15,-56.23,200.9,10.73,83.8,-42.19,0.773,44.9,93,0.4922,0,0
NEU-504691,TreatmentB,B02,92.22,-66.33,198.7,11.64,96.5,-40.56,1.412,79.0,93,0.5947,1,0
NEU-504192,TreatmentB,B03,120.54,-75.33,161.2,21.49,63.6,-44.38,0.693,58.8,85,0.4181,1,0
NEU-509212,Control,B03,111.89,-65.06,100.3,9.31,157.0,-47.47,1.349,84.3,84,0.4255,1,1
NEU-507460,TreatmentB,B02,96.55,-52.11,220.3,12.57,90.8,-45.4,1.427,55.7,74,0.299,0,0
NEU-509510,TreatmentA,B01,87.41,-65.25,156.1,12.17,147.3,-36.27,1.04,49.2,112,0.3735,0,1
NEU-509191,Control,B02,69.42,-64.8,138.0,11.94,110.5,-37.37,1.647,53.4,108,0.3066,1,1
NEU-508835,TreatmentA,B01,104.78,-71.42,53.2,18.09,98.9,-41.25,1.729,33.8,73,0.4695,1,1
NEU-500437,TreatmentA,B03,116.81,-67.83,249.0,28.36,80.5,-50.13,0.91,53.6,103,0.5521,0,1
NEU-504748,TreatmentB,B01,109.51,-67.31,231.6,18.03,18.5,-41.7,1.057,28.9,93,0.4814,1,1
NEU-501639,TreatmentB,B01,119.23,-69.97,85.6,22.54,122.1,-46.24,1.163,67.4,102,0.4238,1,0
NEU-505392,TreatmentB,B01,106.38,-69.8,105.8,18.2,61.0,-36.47,0.383,53.9,89,0.2604,0,0
NEU-507488,TreatmentA,B03,91.8,-57.68,107.4,10.84,138.4,-46.83,0.951,51.8,88,0.288,1,1
NEU-503173,Control,B01,53.87,-67.87,76.2,22.42,157.9,-37.56,1.002,51.3,81,0.3725,1,0
NEU-505115,Control,B03,68.88,-72.15,318.6,22.58,119.5,-41.69,1.383,43.1,68,0.3724,0,0
NEU-505599,TreatmentA,B01,107.68,-66.49,235.7,23.43,136.2,-37.99,0.832,49.9,87,0.2024,0,0
NEU-506239,TreatmentB,B02,92.28,-62.64,321.9,19.67,148.1,-44.02,1.808,38.4,83,0.4026,1,1
NEU-508464,TreatmentB,B02,87.91,-79.81,260.8,16.31,142.4,-41.8,0.97,71.9,95,0.2678,1,0
NEU-509089,Control,B01,134.57,-66.2,93.8,17.38,107.8,-44.09,0.559,48.0,98,0.5924,1,1
NEU-505028,TreatmentB,B01,110.86,-68.66,337.0,17.44,83.2,-30.28,0.857,65.6,85,0.4687,0,1
NEU-505149,Control,B01,82.76,-61.65,142.6,13.67,187.9,-40.02,1.055,24.6,93,0.5035,1,1
NEU-505680,Control,B01,88.32,-64.64,146.9,11.56,86.5,-43.91,0.891,38.6,83,0.5388,0,1
NEU-501676,TreatmentB,B03,114.0,-67.38,122.0,18.58,22.4,-40.43,0.956,58.2,96,0.2649,1,0
NEU-506448,Control,B01,68.32,-57.51,378.7,11.02,8.1,-36.93,0.758,55.8,88,0.3616,0,0
NEU-507467,Control,B02,95.32,-64.83,85.2,14.52,114.6,-39.77,1.233,43.7,89,0.267,1,0
NEU-503931,TreatmentB,B02,142.74,-60.07,187.8,10.46,51.9,-42.93,1.585,70.1,99,0.414,1,1
NEU-502901,TreatmentB,B02,77.09,-62.92,76.7,14.27,78.7,-49.92,0.608,77.1,79,0.377,1,0
NEU-500853,TreatmentB,B01,100.89,-59.68,231.9,19.15,126.5,-44.2,1.597,51.8,82,0.1654,0,0
NEU-508869,TreatmentB,B01,108.26,-58.44,230.0,10.49,23.3,-41.57,0.477,59.9,103,0.3616,0,0
NEU-508569,TreatmentA,B02,123.42,-62.02,330.2,22.72,61.1,-43.82,0.854,63.6,76,0.3342,0,0
NEU-502992,TreatmentA,B02,137.88,-69.48,508.2,11.71,77.0,-35.01,0.786,50.2,115,0.4882,0,0
NEU-503858,TreatmentA,B02,91.34,-58.85,409.0,21.63,151.2,-43.2,1.395,46.3,100,0.2038,0,0
NEU-500412,Control,B02,109.12,-61.8,165.4,11.84,87.7,-46.96,1.139,47.1,87,0.5376,0,0
NEU-503211,TreatmentA,B03,93.07,-63.4,136.4,15.84,81.0,-40.66,1.045,52.1,86,0.3697,1,1
NEU-500663,TreatmentB,B02,102.65,-64.35,188.5,14.93,116.6,-44.36,1.846,35.2,86,0.4325,1,1
NEU-503982,Control,B02,120.12,-63.14,97.7,14.78,187.3,-41.29,1.135,61.3,80,0.3186,1,1
NEU-502687,TreatmentB,B02,117.78,-64.46,222.2,14.55,106.9,-35.94,0.691,79.3,81,0.674,1,1
NEU-500830,TreatmentB,B01,91.29,-70.05,186.2,14.22,74.9,-32.55,1.884,55.5,76,0.5181,1,0
NEU-508046,TreatmentB,B01,107.22,-62.3,140.7,19.39,42.8,-45.29,1.126,74.6,74,0.4885,0,1
NEU-507955,TreatmentB,B02,106.96,-73.45,220.3,25.92,100.4,-44.93,0.779,17.2,93,0.195,0,0
NEU-505095,TreatmentB,B03,84.91,-49.67,267.3,8.02,104.7,-44.98,0.887,54.8,76,0.4737,1,0
NEU-505560,TreatmentA,B03,89.64,-53.97,142.3,9.13,110.8,-38.53,0.714,36.0,89,0.3275,0,1
NEU-506776,TreatmentB,B03,108.88,-58.77,211.8,14.36,57.4,-38.83,0.694,64.0,87,0.3548,1,0
NEU-505696,Control,B01,88.0,-58.13,113.5,12.88,108.9,-35.97,0.867,43.4,88,0.2105,0,0
NEU-501514,TreatmentA,B03,69.49,-72.78,372.4,18.29,69.2,-37.52,0.959,57.4,88,0.6893,0,0
NEU-507520,TreatmentB,B03,95.31,-69.93,130.0,20.44,81.7,-43.43,0.73,63.1,82,0.3512,0,0
NEU-508957,TreatmentB,B02,109.41,-69.25,127.1,18.67,52.2,-45.31,1.023,63.2,86,0.4758,0,0
NEU-503667,Control,B01,114.65,-72.0,177.9,13.57,131.7,-37.69,0.605,30.3,91,0.5214,0,0
NEU-509168,TreatmentB,B03,84.0,-57.04,132.4,7.44,49.1,-42.56,2.13,51.1,79,0.7281,1,0
NEU-508283,Control,B03,131.71,-70.29,151.8,23.82,93.2,-36.6,1.524,48.7,100,0.2557,1,0
NEU-500858,TreatmentA,B03,84.71,-71.22,126.8,27.46,86.8,-39.31,1.138,67.5,96,0.3441,1,0
NEU-506088,TreatmentA,B02,107.57,-53.83,238.6,15.12,132.7,-45.82,0.494,72.2,92,0.2864,0,0
NEU-502906,TreatmentA,B03,105.73,-64.81,186.3,12.28,51.5,-35.06,1.614,42.9,83,0.48,0,1
NEU-508902,TreatmentA,B02,78.06,-64.8,123.5,7.13,163.4,-44.47,1.186,66.8,94,0.2229,1,1
NEU-502354,TreatmentB,B03,101.42,-65.3,219.3,9.88,16.6,-45.96,0.962,64.7,75,0.6177,0,0
NEU-506004,Control,B03,95.17,-59.65,298.4,26.66,162.8,-42.35,0.883,33.7,104,0.581,0,1
NEU-501052,TreatmentB,B03,102.56,-70.97,131.5,20.41,77.4,-46.38,1.114,55.0,88,0.176,1,0
NEU-501549,TreatmentB,B02,86.41,-59.86,89.7,29.97,78.6,-36.8,0.974,64.8,91,0.3324,1,0
NEU-509181,TreatmentB,B02,73.01,-69.3,266.4,26.19,53.6,-47.18,1.218,50.8,82,0.5946,1,1
NEU-500195,Control,B01,84.07,-69.81,118.3,20.21,90.3,-41.21,0.937,48.3,77,0.4557,1,1
NEU-508010,TreatmentB,B03,116.79,-64.49,166.2,14.28,29.3,-42.91,0.618,47.9,86,0.6446,1,1
NEU-505991,TreatmentA,B02,83.77,-60.45,187.0,13.12,72.9,-40.94,1.068,53.8,60,0.3356,1,1
NEU-505609,Control,B03,98.96,-68.97,97.0,13.76,152.1,-42.12,1.225,52.3,95,0.8399,1,1
NEU-502681,TreatmentA,B02,74.62,-69.23,99.2,7.81,120.8,-44.92,0.929,33.2,83,0.461,0,1
NEU-505575,TreatmentB,B01,77.4,-63.33,309.1,13.9,115.8,-39.24,1.465,63.3,71,0.2343,0,1
NEU-500258,TreatmentB,B02,82.74,-62.24,125.0,9.57,57.7,-46.17,0.869,64.9,100,0.2489,0,1
NEU-507204,Control,B03,110.49,-63.16,264.2,22.2,111.2,-46.05,0.878,52.3,90,0.6899,0,1
NEU-503176,TreatmentA,B03,68.06,-63.59,191.7,7.27,61.1,-47.05,0.791,40.2,102,0.4646,0,0
NEU-503445,TreatmentA,B01,87.17,-75.22,192.6,19.56,37.2,-48.77,1.065,59.6,97,0.3314,0,0
NEU-506650,TreatmentB,B02,103.86,-67.8,209.9,11.32,61.1,-45.01,0.803,58.2,87,0.5296,1,0
NEU-505480,TreatmentA,B02,89.11,-70.75,227.5,13.35,67.8,-47.16,0.842,63.8,81,0.2664,1,1
NEU-505891,TreatmentB,B02,98.27,-62.57,184.1,6.09,-3.8,-37.17,1.295,61.7,83,0.2447,1,1
NEU-502063,Control,B02,112.58,-56.95,198.8,14.38,108.6,-40.59,2.024,54.4,99,0.3799,1,1
NEU-502535,TreatmentB,B01,104.42,-51.69,376.4,12.26,29.0,-40.67,1.058,55.8,98,0.2609,0,0
NEU-503489,Control,B02,108.29,-65.49,153.5,22.44,152.8,-39.39,0.954,58.6,95,0.2258,1,0
NEU-504818,Control,B03,98.02,-68.16,196.2,13.72,116.5,-37.37,0.848,24.1,81,0.5552,0,1
NEU-503945,TreatmentB,B01,97.29,-66.24,215.3,9.66,19.5,-46.01,0.849,62.6,90,0.4612,1,1
NEU-503275,TreatmentA,B02,93.09,-61.28,426.6,11.49,142.6,-50.07,1.425,48.7,83,0.5248,1,0
NEU-509831,TreatmentA,B01,108.92,-63.49,280.8,7.98,38.2,-39.85,1.065,87.2,67,0.3187,1,1
NEU-500668,TreatmentB,B02,109.73,-66.47,136.6,11.58,99.9,-43.41,1.258,73.5,83,0.3547,1,0
NEU-507552,Control,B03,136.08,-67.5,82.2,10.91,82.2,-40.36,1.56,48.8,81,0.5806,1,1
NEU-509201,TreatmentB,B03,111.46,-71.04,120.7,31.34,29.5,-44.42,1.74,56.7,82,0.1774,1,0
NEU-506080,Control,B03,80.59,-66.94,178.7,24.03,73.6,-36.4,1.296,45.2,89,0.1238,1,0
NEU-502358,TreatmentA,B02,96.85,-63.43,153.6,11.36,78.8,-43.43,0.747,67.9,80,0.37,1,1
NEU-506402,Control,B01,95.86,-65.17,157.6,8.71,68.5,-35.85,1.006,31.1,76,0.5249,0,0
NEU-503320,TreatmentA,B02,111.49,-73.04,229.0,5.44,170.4,-40.43,0.832,79.6,107,0.4615,1,0
NEU-509678,TreatmentB,B03,95.94,-69.91,167.8,23.51,73.8,-44.55,1.355,75.2,84,0.3626,1,0
NEU-506453,Control,B01,126.59,-65.09,146.9,23.03,71.1,-42.21,1.073,54.6,87,0.4979,0,1
NEU-506387,TreatmentB,B03,60.83,-62.53,226.6,22.71,107.6,-44.1,0.926,69.4,92,0.6477,0,1
NEU-503863,TreatmentA,B03,95.82,-66.52,133.3,14.49,130.5,-46.79,0.893,51.9,81,0.2284,0,0
NEU-505554,TreatmentB,B01,88.9,-70.33,180.6,32.28,31.0,-47.72,0.627,82.7,107,0.6004,0,1
NEU-500624,Control,B03,109.24,-63.68,151.5,11.39,102.5,-41.76,1.133,44.2,88,0.2351,0,1
NEU-509322,TreatmentA,B03,121.97,-65.95,325.8,17.92,123.2,-40.56,1.358,54.1,73,0.3022,1,1
NEU-507538,Control,B03,105.37,-73.03,154.0,8.46,85.2,-43.98,1.38,49.0,75,0.4217,0,0
NEU-508641,TreatmentA,B01,101.38,-59.02,97.2,11.19,123.6,-45.82,0.926,48.1,56,0.5436,1,0
NEU-508588,TreatmentA,B02,98.11,-58.93,287.6,13.84,106.0,-44.86,1.169,52.9,80,0.38,0,0
NEU-500834,Control,B01,78.84,-73.26,111.3,23.17,113.7,-47.2,0.779,34.9,78,0.3002,0,0
NEU-504051,Control,B03,103.08,-60.44,149.2,18.52,197.1,-42.67,0.777,35.1,87,0.4169,1,0
NEU-503976,Control,B01,90.57,-59.69,111.8,16.48,149.7,-40.8,1.821,22.2,95,0.645,1,1
NEU-504648,TreatmentB,B03,96.77,-68.2,196.1,15.32,71.9,-38.58,1.277,71.7,83,0.3541,0,0
NEU-502391,TreatmentB,B01,123.17,-63.45,236.8,9.75,74.4,-41.15,1.404,77.8,78,0.2198,1,1
NEU-509415,Control,B02,91.86,-63.37,302.3,24.14,140.1,-34.85,1.613,26.2,80,0.3837,0,1
NEU-501363,TreatmentA,B03,97.16,-51.12,168.6,5.78,176.8,-46.93,0.994,34.8,90,0.7875,0,0
NEU-504338,TreatmentA,B01,110.62,-62.49,287.3,18.14,138.2,-46.29,0.961,61.4,84,0.3567,0,1
NEU-508836,TreatmentA,B01,89.92,-63.52,285.1,11.38,94.2,-40.01,0.655,46.3,100,0.4448,0,1
NEU-507959,TreatmentB,B02,84.41,-57.14,362.4,11.93,63.7,-49.31,1.211,54.9,78,0.2599,0,0
NEU-505242,TreatmentB,B01,95.44,-63.19,205.0,8.18,82.5,-34.49,0.778,61.1,101,0.4182,0,1
NEU-500030,TreatmentA,B03,143.93,-63.01,132.5,13.46,172.3,-38.68,1.536,69.3,89,0.3617,1,1
NEU-508459,Control,B03,108.97,-60.93,209.6,14.45,166.2,-41.79,1.139,27.9,80,0.334,0,1
NEU-508782,Control,B01,89.7,-68.14,97.8,17.62,158.9,-41.48,1.138,31.9,86,0.6415,1,1
NEU-500407,TreatmentA,B01,110.91,-68.38,316.3,17.4,101.1,-41.71,1.111,40.7,81,0.3454,0,0
NEU-501704,TreatmentB,B03,98.91,-71.22,173.6,7.37,40.5,-41.9,0.99,65.2,86,0.7316,1,0
NEU-507198,TreatmentA,B03,122.49,-57.27,205.1,17.14,75.7,-45.42,0.943,64.1,89,0.6096,1,0
NEU-503330,TreatmentA,B01,95.98,-64.48,98.1,13.05,133.4,-39.86,0.787,58.0,96,0.58,1,1
NEU-504864,TreatmentA,B02,92.01,-65.22,91.1,18.59,126.1,-42.6,1.244,35.6,77,0.3565,0,1
NEU-506488,Control,B03,77.31,-69.4,408.4,12.04,158.3,-53.9,1.206,79.2,86,0.4862,1,0
NEU-507441,Control,B01,108.58,-70.06,154.3,11.12,148.6,-35.79,1.22,54.9,80,0.5518,1,0
NEU-506564,TreatmentB,B01,86.24,-69.77,185.1,11.17,87.4,-44.9,1.005,83.5,93,0.5335,1,1
NEU-504091,TreatmentA,B02,99.27,-61.68,136.8,10.32,96.9,-37.47,1.207,75.6,77,0.509,1,0
NEU-506601,TreatmentA,B03,69.9,-64.06,425.3,8.55,81.9,-44.9,1.31,39.9,67,0.3003,0,1
NEU-503900,TreatmentB,B01,100.45,-71.41,149.0,8.74,100.4,-49.48,1.278,60.9,77,0.4656,1,0
NEU-502474,Control,B02,101.07,-57.66,89.5,12.71,137.2,-44.7,1.225,61.4,80,0.6814,1,0
NEU-502271,TreatmentA,B01,98.12,-65.49,124.6,5.39,119.4,-46.02,1.771,51.1,100,0.3578,1,1
NEU-502256,Control,B03,113.33,-70.01,223.5,25.85,135.3,-38.13,0.784,39.2,87,0.4082,0,0
NEU-500692,TreatmentA,B01,89.6,-68.77,198.8,22.26,67.0,-44.05,1.24,58.9,65,0.4557,1,1
NEU-503315,TreatmentB,B03,94.51,-60.33,172.0,12.7,76.9,-32.38,1.103,73.6,92,0.5415,1,1
NEU-505256,Control,B02,108.56,-61.0,83.2,9.55,101.6,-41.14,0.692,55.3,99,0.4789,0,1
NEU-502128,TreatmentA,B02,90.48,-62.74,266.1,14.64,46.6,-48.87,0.94,71.3,69,0.5654,1,1
NEU-500852,Control,B03,86.62,-73.65,718.7,14.78,147.5,-43.84,0.947,54.2,95,0.4806,0,0
NEU-509889,Control,B01,89.28,-71.75,172.9,5.44,77.3,-42.85,0.882,57.2,86,0.0868,0,1
NEU-505212,TreatmentB,B02,107.0,-61.08,84.4,17.94,54.5,-29.39,1.152,71.1,78,0.2563,1,0
NEU-503635,TreatmentB,B02,86.11,-61.43,113.3,17.27,104.8,-38.68,0.741,90.2,89,0.6256,1,1
NEU-500260,TreatmentB,B03,100.12,-60.81,124.1,12.6,64.8,-45.43,1.313,57.5,75,0.2987,0,1
NEU-503112,Control,B01,104.86,-73.56,244.6,15.7,160.2,-35.88,0.943,55.1,83,0.4771,1,0
NEU-508960,Control,B03,101.15,-70.86,123.3,21.06,104.0,-41.27,1.248,29.9,87,0.2371,1,0
NEU-500816,TreatmentA,B02,117.65,-66.71,201.6,10.91,104.2,-49.2,0.836,55.4,83,0.4827,1,1
NEU-508086,Control,B03,88.18,-51.99,291.9,13.13,137.9,-36.58,0.883,43.1,113,0.4549,0,0
NEU-506969,TreatmentB,B03,90.15,-68.67,266.6,14.39,169.5,-37.75,0.874,52.7,101,0.2948,0,0
NEU-508165,Control,B02,96.23,-65.25,137.2,20.42,117.9,-42.98,1.014,37.1,76,0.3076,1,0
NEU-502436,TreatmentA,B01,150.76,-72.86,206.3,13.5,43.1,-50.96,0.927,66.6,86,0.3367,1,0
NEU-501627,TreatmentA,B01,92.71,-69.6,105.3,16.79,93.3,-37.06,1.584,59.8,77,0.3497,1,0
NEU-502584,TreatmentA,B01,91.83,-63.71,103.5,13.1,118.2,-45.48,0.96,53.2,88,0.1927,1,1
NEU-501461,TreatmentA,B01,110.34,-66.18,105.9,10.6,79.3,-41.4,0.57,68.7,80,0.6342,1,0
NEU-508513,TreatmentB,B01,104.67,-57.92,173.8,8.65,39.6,-45.22,1.206,66.0,91,0.631,1,0
NEU-503411,TreatmentB,B01,113.51,-60.37,180.5,28.46,140.0,-45.8,0.684,73.9,82,0.608,0,1
NEU-508769,TreatmentB,B03,103.35,-61.91,96.3,13.8,67.6,-48.65,0.784,54.4,85,0.2402,1,0
NEU-503991,TreatmentA,B02,107.09,-59.6,371.4,7.99,53.7,-43.63,1.485,67.5,84,0.4567,1,1
NEU-506817,Control,B03,93.5,-64.97,468.9,24.81,105.9,-46.35,1.047,57.7,91,0.6715,0,1
NEU-504933,Control,B02,104.98,-69.61,315.9,8.65,67.2,-46.7,1.288,43.3,78,0.5446,0,0
NEU-508717,Control,B03,94.77,-60.37,121.9,9.02,88.9,-41.05,0.695,38.4,93,0.2092,0,1
NEU-509868,TreatmentA,B02,131.14,-76.33,183.6,20.33,137.8,-38.3,0.731,49.4,79,0.4906,0,1
NEU-503415,TreatmentB,B02,119.07,-61.65,204.1,10.65,83.4,-43.12,0.569,63.7,80,0.715,0,0
NEU-508429,TreatmentB,B03,107.23,-58.14,224.4,14.2,149.9,-39.85,1.186,70.3,80,0.131,1,0
NEU-507496,Control,B02,99.18,-65.62,97.1,9.1,126.2,-44.82,0.82,39.8,76,0.4791,0,0
NEU-502143,TreatmentA,B03,104.14,-71.55,144.7,7.99,56.9,-34.29,1.397,38.1,88,0.3971,0,0
NEU-502447,Control,B02,102.29,-78.8,154.7,6.7,113.7,-31.38,1.009,43.4,81,0.3604,0,0
NEU-506773,TreatmentA,B01,123.38,-57.43,257.0,21.76,129.2,-44.69,1.207,52.9,71,0.2789,1,0
NEU-503127,Control,B01,113.54,-64.28,152.0,10.64,69.9,-34.91,0.975,68.2,69,0.4697,1,0
NEU-503361,TreatmentB,B03,120.56,-60.04,141.6,10.47,53.4,-46.29,0.724,62.4,101,0.2394,1,1
NEU-502704,Control,B02,99.78,-72.64,161.2,22.85,63.8,-36.67,1.005,19.7,90,0.3373,0,0
NEU-505440,TreatmentB,B01,114.39,-66.63,268.0,23.01,80.7,-47.88,1.158,70.2,86,0.3282,1,1
NEU-500526,Control,B02,132.95,-62.56,57.6,11.45,103.5,-41.85,1.266,39.6,89,0.2786,0,1
NEU-509975,Control,B02,86.9,-68.02,157.8,16.51,102.8,-51.4,0.787,32.3,93,0.4854,0,0
NEU-508005,TreatmentA,B01,79.98,-67.15,127.8,18.23,157.8,-44.83,0.834,65.1,107,0.2722,1,0
NEU-502382,TreatmentA,B03,108.82,-70.63,340.9,7.9,75.4,-45.8,1.339,49.8,84,0.2984,1,1
NEU-500525,TreatmentA,B01,119.97,-64.93,240.8,10.51,68.0,-51.66,1.151,48.6,83,0.333,0,1
NEU-505249,TreatmentB,B03,110.01,-63.51,389.8,13.16,56.1,-45.35,0.562,61.3,78,0.3877,0,1
NEU-503505,Control,B03,98.82,-62.39,76.7,13.41,146.8,-31.94,1.125,53.4,99,0.5723,1,1
NEU-504472,TreatmentB,B01,113.4,-67.42,143.4,15.22,90.5,-45.66,0.646,62.7,102,0.5064,0,1
NEU-500325,TreatmentA,B02,79.08,-68.11,413.2,16.29,22.7,-42.05,0.953,55.7,94,0.4683,0,0
NEU-509943,Control,B01,83.35,-70.42,297.5,13.11,93.7,-43.73,0.681,28.8,76,0.2153,0,1
NEU-508575,TreatmentB,B02,90.61,-63.21,351.1,11.19,105.7,-41.88,0.849,75.6,93,0.4322,1,1
NEU-501266,Control,B01,95.92,-68.71,184.5,6.68,58.5,-39.22,0.94,51.8,86,0.3991,0,1
NEU-504862,TreatmentA,B01,82.44,-49.7,185.9,4.97,70.3,-45.06,1.003,64.7,76,0.5219,1,0
NEU-504464,TreatmentB,B03,100.52,-59.75,230.4,17.95,75.5,-48.03,0.655,58.1,88,0.2969,0,0
NEU-508968,TreatmentA,B03,91.69,-64.43,120.8,7.11,135.7,-46.63,1.274,43.1,83,0.6205,1,0
NEU-501033,Control,B03,107.76,-65.35,134.5,15.57,137.1,-37.19,0.667,47.9,91,0.3584,0,0
NEU-509368,TreatmentB,B02,94.88,-60.98,290.1,15.24,88.0,-39.32,1.146,75.2,75,0.6458,1,1
NEU-500956,Control,B02,92.46,-62.63,274.2,19.05,140.3,-42.59,1.495,61.7,96,0.4415,0,1
NEU-507956,TreatmentB,B03,83.37,-53.55,227.2,13.51,139.6,-42.22,0.747,76.4,84,0.4603,0,0
NEU-508191,Control,B02,121.92,-50.27,102.3,18.72,125.3,-44.98,1.576,56.4,60,0.4666,1,0
NEU-504610,Control,B03,79.27,-70.96,107.2,29.28,144.9,-45.49,1.283,63.7,73,0.2251,1,0
NEU-506640,TreatmentA,B02,92.56,-67.68,261.5,36.88,120.6,-43.29,1.082,46.0,87,0.286,1,0
NEU-505995,Control,B01,108.34,-64.97,155.0,12.59,116.8,-33.75,1.385,39.1,102,0.3247,1,1
NEU-500637,TreatmentB,B03,77.63,-73.06,473.1,9.68,108.6,-37.92,1.249,54.9,89,0.1667,0,1
NEU-507294,Control,B03,97.15,-61.61,134.8,21.48,108.7,-39.19,0.723,22.1,79,0.4026,1,1
NEU-506117,Control,B02,95.55,-63.56,188.6,10.95,95.4,-40.37,1.519,39.3,81,0.3233,1,1
NEU-501890,TreatmentB,B03,71.09,-64.52,81.4,10.21,80.1,-44.23,1.432,16.5,73,0.5514,0,1
NEU-504403,TreatmentA,B01,106.1,-65.72,161.2,9.01,80.0,-39.66,0.849,64.3,73,0.4589,1,1
NEU-506161,TreatmentB,B01,109.82,-62.34,280.3,10.7,109.7,-43.15,1.48,61.0,75,0.2373,1,1
NEU-501229,TreatmentB,B02,76.98,-60.74,147.8,12.49,43.8,-40.79,1.275,59.5,87,0.5114,1,0
NEU-500813,TreatmentA,B01,83.42,-64.33,186.0,8.08,141.2,-34.99,0.947,26.2,83,0.4421,0,0
NEU-501243,TreatmentA,B03,127.3,-64.8,69.2,16.11,65.1,-46.57,0.979,45.6,88,0.6448,0,1
NEU-507701,Control,B03,111.78,-62.46,84.7,26.22,131.8,-35.18,1.049,71.5,75,0.3432,1,1
NEU-508977,TreatmentA,B02,74.78,-62.75,84.4,5.19,142.8,-41.73,0.765,31.7,103,0.5608,1,0
NEU-501854,TreatmentA,B03,82.6,-52.5,224.4,9.29,66.3,-39.21,1.174,51.3,83,0.2941,1,0
NEU-501367,TreatmentA,B01,87.85,-70.57,340.4,8.58,162.0,-50.61,1.173,61.4,96,0.5392,1,0
NEU-509260,Control,B01,114.06,-58.54,201.1,12.01,128.6,-42.34,0.824,71.6,80,0.4003,1,0
NEU-509568,TreatmentA,B01,106.72,-60.38,264.3,9.13,109.9,-40.59,1.088,72.9,77,0.4977,1,0
NEU-508163,TreatmentA,B01,94.66,-72.98,428.5,18.79,97.3,-35.22,1.382,26.3,83,0.7085,0,1
NEU-508729,Control,B03,115.49,-61.87,387.4,17.4,181.3,-38.5,1.01,43.7,85,0.302,0,0
NEU-508675,TreatmentA,B03,114.04,-68.36,134.3,13.9,30.9,-41.04,0.926,71.4,80,0.1333,0,1
NEU-509091,Control,B01,95.56,-68.08,266.8,10.76,75.3,-41.21,1.203,24.1,64,0.2226,0,1
NEU-504119,Control,B02,115.58,-65.49,264.8,11.17,27.9,-39.25,1.163,62.2,87,0.361,0,1
NEU-504780,TreatmentA,B02,91.03,-64.78,186.6,7.2,151.6,-41.16,1.174,34.0,70,0.3299,1,1
NEU-504076,Control,B03,94.03,-66.32,199.0,9.57,178.5,-42.66,1.662,57.5,90,0.3615,1,1
NEU-505281,TreatmentA,B03,100.31,-68.06,104.1,4.9,89.3,-44.04,0.751,47.4,95,0.3597,1,1
NEU-506135,TreatmentA,B03,102.59,-62.74,260.2,9.64,109.3,-44.25,1.048,38.1,100,0.3211,0,1
NEU-504157,Control,B01,85.29,-61.42,225.2,20.05,97.5,-42.32,0.486,51.2,83,0.5496,0,1
NEU-507225,TreatmentA,B03,124.94,-67.7,214.4,11.31,191.0,-44.79,1.085,29.4,84,0.5187,0,0
NEU-504953,Control,B01,109.43,-65.26,104.9,13.22,90.1,-48.77,1.408,61.2,97,0.3273,1,1
NEU-509195,TreatmentA,B02,98.99,-66.59,228.8,4.48,116.2,-42.19,1.012,49.8,93,0.3367,1,1
NEU-504121,TreatmentB,B03,112.94,-63.99,196.1,14.25,60.7,-45.1,0.93,60.4,75,0.5091,1,1
NEU-501982,TreatmentB,B02,86.74,-75.27,291.2,10.09,102.1,-40.69,1.539,65.7,69,0.4131,1,0
NEU-509213,TreatmentA,B02,93.39,-58.82,463.0,17.05,61.6,-42.94,1.356,55.8,75,0.5537,1,1
NEU-509817,TreatmentA,B01,71.13,-55.96,182.4,17.48,104.4,-41.55,0.874,72.9,84,0.6151,0,1
NEU-506518,TreatmentB,B01,108.75,-64.85,109.3,15.85,131.3,-39.97,1.022,68.3,96,0.4289,1,0
NEU-502356,TreatmentA,B02,74.82,-67.79,188.1,12.37,70.5,-40.06,0.643,48.9,91,0.4016,0,1
NEU-506156,TreatmentB,B02,103.87,-64.07,170.3,13.85,99.1,-45.88,0.828,41.5,71,0.2339,1,1
NEU-502222,TreatmentB,B02,92.16,-71.38,99.6,10.51,37.6,-45.83,1.056,58.3,82,0.4427,1,0
NEU-503232,Control,B02,97.37,-53.8,141.8,13.86,167.9,-36.5,0.725,33.5,92,0.2604,0,0
NEU-501237,TreatmentB,B03,88.42,-67.3,87.6,20.08,147.7,-44.52,1.07,73.3,69,0.2398,1,0
NEU-508586,TreatmentB,B02,123.01,-61.58,237.8,12.71,127.2,-42.85,0.852,77.3,101,0.3222,0,1
NEU-501550,TreatmentA,B02,89.16,-72.31,100.1,13.31,115.6,-42.58,0.952,71.4,95,0.4966,1,0
NEU-503614,TreatmentA,B01,99.11,-71.5,90.2,15.26,228.2,-45.8,2.384,66.5,80,0.3237,1,0
NEU-502124,TreatmentB,B03,72.34,-63.94,103.8,10.32,44.7,-41.03,2.067,63.9,95,0.8578,1,0
NEU-507801,TreatmentA,B03,116.1,-67.79,105.7,17.34,116.4,-37.8,1.262,47.0,89,0.696,0,1
NEU-501025,TreatmentB,B02,74.22,-63.82,141.1,15.59,60.6,-48.12,1.313,49.2,71,0.4825,0,1
NEU-500417,Control,B03,86.59,-66.42,252.0,24.13,91.4,-41.1,1.26,37.4,102,0.5203,0,1
NEU-507095,TreatmentA,B02,108.44,-61.7,423.3,16.65,51.3,-51.66,1.712,24.2,88,0.6253,0,1
NEU-508550,TreatmentB,B03,89.71,-58.34,130.8,16.77,30.4,-37.22,1.259,63.4,86,0.5004,1,0
NEU-501569,TreatmentA,B02,89.21,-59.75,171.4,15.11,32.7,-43.99,1.041,46.1,86,0.6224,1,0
NEU-500897,TreatmentB,B02,89.22,-61.81,253.9,32.72,73.0,-49.86,0.951,35.7,79,0.3419,0,0
NEU-509434,TreatmentA,B02,125.89,-65.54,155.7,7.96,145.2,-41.77,1.658,58.9,101,0.2692,1,1
NEU-503164,TreatmentA,B03,77.76,-66.87,131.5,18.42,119.4,-47.45,0.649,87.0,95,0.3211,1,0
NEU-506652,TreatmentA,B03,76.97,-63.59,244.3,10.3,100.7,-38.49,1.258,76.7,87,0.4112,1,0
NEU-500701,TreatmentA,B02,94.08,-71.01,208.5,13.61,117.7,-45.17,1.42,53.8,88,0.5023,1,0
NEU-509880,Control,B01,104.52,-67.42,92.2,12.0,163.7,-50.28,1.135,60.5,78,0.4574,1,0
NEU-500161,TreatmentA,B01,91.62,-78.25,154.1,16.14,217.5,-46.02,0.904,31.5,80,0.127,0,0
NEU-503314,Control,B03,94.78,-66.79,64.0,11.11,109.3,-41.28,0.927,12.2,87,0.4462,0,1
NEU-508232,Control,B02,96.05,-50.93,103.5,11.5,167.1,-40.75,1.272,34.3,73,0.2417,0,0
NEU-506489,TreatmentA,B01,115.89,-72.27,148.9,6.59,98.1,-42.31,0.925,66.8,98,0.438,1,0
NEU-507518,TreatmentB,B01,124.6,-67.43,73.9,13.93,58.0,-39.13,0.943,54.8,96,0.4262,0,1
NEU-503270,Control,B03,89.33,-59.35,91.4,13.8,87.2,-41.77,0.686,48.1,78,0.6478,1,1
NEU-500133,Control,B01,125.87,-61.48,125.3,8.97,149.1,-40.15,1.628,65.2,90,0.7139,1,0
NEU-500043,TreatmentB,B02,80.76,-69.87,265.5,8.83,82.8,-39.98,0.668,74.2,97,0.4254,1,1
NEU-509672,TreatmentB,B02,113.48,-49.2,465.5,45.49,108.7,-42.28,0.737,76.6,86,0.3225,0,0
NEU-508048,TreatmentA,B01,110.13,-59.52,183.8,19.37,53.1,-47.93,1.592,58.7,81,0.5718,1,0
NEU-502431,TreatmentA,B01,87.24,-63.05,268.8,15.41,21.4,-40.25,1.209,41.2,77,0.1861,0,1
NEU-500581,TreatmentA,B02,82.42,-58.07,182.4,10.71,101.1,-33.36,1.087,49.1,91,0.4445,0,0
NEU-505408,TreatmentA,B03,114.3,-70.66,158.3,9.09,86.7,-39.07,1.824,70.5,74,0.2406,1,1
NEU-508929,Control,B02,106.22,-55.35,273.9,14.42,201.1,-42.86,0.891,57.5,88,0.221,0,0
NEU-509560,Control,B01,148.68,-58.69,168.3,17.08,128.1,-41.14,1.155,43.1,104,0.3846,0,0
NEU-503433,TreatmentB,B02,115.34,-55.08,109.6,7.29,76.6,-41.61,1.033,43.9,85,0.4517,0,0
NEU-509425,TreatmentA,B03,117.35,-64.62,313.1,17.92,103.2,-45.5,1.529,58.8,67,0.2837,0,0
NEU-503412,Control,B02,105.21,-63.81,163.6,10.33,157.1,-38.62,0.934,57.3,104,0.1879,1,1
NEU-505017,TreatmentB,B02,101.16,-65.59,151.0,22.18,61.1,-41.11,0.739,64.3,101,0.3289,1,1
NEU-509877,TreatmentB,B03,138.76,-72.4,134.1,10.69,53.6,-39.91,1.398,80.3,93,0.2452,1,1
NEU-509509,Control,B03,105.84,-66.25,283.9,12.61,145.6,-49.06,1.101,54.1,89,0.1369,1,1
NEU-503803,TreatmentB,B01,110.68,-70.33,113.7,17.74,52.8,-41.9,1.728,78.5,88,0.5074,1,1
NEU-507879,Control,B03,88.11,-66.01,154.6,24.73,71.0,-36.88,0.647,50.9,91,0.4747,1,1
NEU-507243,TreatmentB,B03,93.68,-71.38,94.6,15.86,104.7,-41.59,0.783,62.8,77,0.4567,1,0
NEU-502607,TreatmentB,B02,85.44,-59.23,79.4,21.47,133.5,-43.6,1.213,49.5,84,0.5367,0,1
NEU-509907,TreatmentB,B02,93.87,-70.41,117.4,6.26,58.8,-38.06,1.7,76.5,81,0.5658,1,0
NEU-500478,TreatmentB,B03,101.91,-56.61,304.8,13.17,130.5,-31.07,1.051,65.4,95,0.4829,0,0
NEU-505536,TreatmentA,B02,98.69,-66.38,256.5,9.3,142.2,-42.56,1.256,48.2,89,0.3708,0,0
NEU-500363,TreatmentA,B03,101.14,-65.27,182.7,10.87,58.7,-46.64,0.336,46.1,93,0.3158,1,1
NEU-507916,TreatmentA,B01,99.4,-75.62,163.7,13.29,189.1,-42.67,0.656,66.2,99,0.4577,1,0
NEU-501307,TreatmentB,B01,106.03,-72.53,298.1,16.68,146.4,-36.57,0.759,67.0,85,0.7172,0,0
NEU-501512,TreatmentB,B01,99.37,-62.09,259.0,19.08,142.4,-40.54,0.843,77.0,80,0.4176,1,1
NEU-508098,TreatmentA,B03,110.3,-69.44,208.4,24.48,43.0,-47.56,1.267,41.3,93,0.5066,1,1
NEU-504073,Control,B01,94.65,-55.32,378.2,6.44,129.2,-48.41,1.532,71.6,78,0.36,0,1
NEU-509854,TreatmentA,B01,99.22,-58.36,219.8,14.6,76.5,-44.15,1.194,51.8,76,0.5572,0,0
NEU-504638,TreatmentA,B03,105.24,-61.17,373.8,9.36,100.3,-40.81,1.177,49.8,78,0.3847,0,0
NEU-504351,Control,B03,99.43,-59.18,224.9,6.97,155.0,-46.75,0.771,37.4,87,0.2104,0,1
NEU-502663,Control,B03,110.94,-69.62,126.2,8.13,104.3,-44.56,1.077,26.7,92,0.1926,0,1
NEU-501879,TreatmentA,B03,116.16,-67.1,139.6,9.58,139.7,-40.47,0.803,33.1,85,0.6064,0,0
NEU-503714,Control,B02,84.62,-69.35,181.4,11.79,71.3,-54.08,0.856,43.0,86,0.4787,0,1
NEU-500422,TreatmentA,B01,116.25,-61.92,488.3,9.57,157.3,-39.22,1.692,84.6,90,0.5319,1,0
NEU-509178,TreatmentA,B02,81.41,-69.17,228.3,15.31,122.0,-45.01,1.175,54.9,87,0.5069,0,0
NEU-507358,Control,B02,67.41,-56.39,104.9,10.05,61.1,-39.42,0.786,36.5,75,0.2121,1,1
NEU-503897,TreatmentA,B01,89.62,-65.68,180.7,17.17,83.3,-37.65,1.474,70.4,82,0.4438,0,1
NEU-504000,TreatmentA,B01,104.51,-63.78,78.8,9.74,148.4,-44.59,1.077,48.2,86,0.5267,1,1
NEU-500933,TreatmentA,B01,95.56,-62.77,484.8,9.29,115.1,-43.57,1.325,58.7,83,0.6117,0,0
NEU-502933,Control,B03,114.73,-63.32,243.3,8.79,158.7,-37.2,1.299,46.9,89,0.2887,1,1
NEU-501507,TreatmentB,B03,108.66,-69.43,124.8,35.81,67.5,-38.3,1.478,42.2,83,0.2665,1,0
NEU-501338,TreatmentA,B01,120.61,-61.63,142.5,18.48,124.6,-46.22,1.554,66.5,82,0.197,1,0
NEU-501894,TreatmentA,B03,106.02,-68.38,162.8,15.86,130.6,-40.57,0.828,44.5,71,0.5004,0,0
NEU-503476,TreatmentB,B01,99.96,-68.79,161.4,8.42,101.5,-42.74,0.777,72.8,82,0.3221,1,1
NEU-504040,TreatmentB,B03,96.54,-78.02,238.2,12.88,77.5,-41.7,0.907,51.2,72,0.5853,0,0
NEU-505529,Control,B03,104.85,-62.77,118.0,16.72,185.7,-47.06,0.941,45.4,96,0.5495,1,1
NEU-505737,TreatmentA,B03,128.34,-66.73,325.5,9.97,18.2,-38.78,1.417,21.4,68,0.6244,0,0
NEU-501393,TreatmentB,B02,119.42,-62.57,197.1,15.39,57.9,-47.02,0.903,57.8,79,0.1307,0,0
NEU-508176,Control,B03,82.16,-67.73,119.2,12.91,177.8,-41.41,1.507,30.5,84,0.58,0,1
NEU-501401,TreatmentB,B02,129.03,-68.32,246.9,19.93,70.9,-35.94,0.975,60.0,78,0.0865,1,0
NEU-505175,Control,B02,84.51,-65.42,414.2,20.7,99.2,-44.36,0.956,17.3,117,0.553,0,1
NEU-505141,Control,B01,110.32,-61.46,157.7,19.61,94.9,-45.19,0.647,34.0,91,0.5175,0,1
NEU-506878,TreatmentB,B03,115.03,-65.61,318.1,12.76,20.8,-41.99,0.614,50.1,74,0.419,0,0
NEU-504453,TreatmentA,B02,93.24,-69.6,191.2,10.93,79.1,-42.75,0.789,46.1,84,0.5801,0,0
NEU-500934,TreatmentA,B03,78.18,-64.53,165.6,10.53,141.7,-43.07,1.309,63.1,91,0.1603,1,1
NEU-506257,Control,B03,100.56,-65.0,318.6,6.25,129.0,-45.11,0.737,40.9,93,0.5452,0,0
NEU-500863,Control,B03,91.35,-61.19,147.7,15.06,232.3,-39.32,0.897,28.9,90,0.3172,0,1
NEU-501101,TreatmentB,B03,104.24,-62.81,146.9,14.77,56.2,-46.83,1.234,54.7,109,0.3136,1,1
NEU-502335,TreatmentA,B02,104.21,-70.06,263.7,17.87,67.2,-30.32,0.909,70.2,83,0.1772,1,0
NEU-506561,Control,B01,130.68,-67.65,182.4,12.64,117.7,-42.04,0.967,42.3,78,0.2839,0,1
NEU-505637,Control,B02,103.77,-61.68,192.7,14.33,104.2,-34.96,1.248,54.0,82,0.2055,0,0
NEU-509763,Control,B03,102.58,-65.18,367.3,10.94,130.0,-44.81,0.695,14.7,86,0.3229,0,1
NEU-508383,Control,B03,104.29,-60.0,143.5,12.04,133.1,-44.54,0.758,54.4,80,0.731,1,0
NEU-506486,Control,B03,93.69,-55.28,195.3,9.21,84.6,-38.52,0.738,48.1,88,0.1529,1,1
NEU-504718,TreatmentB,B02,89.04,-55.18,125.5,32.05,18.3,-41.21,1.514,67.3,89,0.4197,1,0
NEU-503766,TreatmentA,B03,87.69,-65.02,361.0,31.68,149.8,-32.74,0.848,59.4,94,0.392,1,1
NEU-503546,TreatmentB,B01,90.29,-61.69,199.4,8.47,90.3,-43.68,1.082,55.2,88,0.3584,0,1
NEU-501216,TreatmentB,B03,121.86,-61.29,196.7,12.19,40.9,-43.63,1.017,81.9,76,0.3625,1,1
NEU-506417,Control,B02,71.4,-66.56,156.2,14.33,93.1,-34.17,0.818,34.3,72,0.4205,0,1
NEU-506267,TreatmentB,B02,116.05,-70.55,147.9,13.8,85.3,-39.44,1.273,70.4,94,0.5649,1,1
NEU-500037,TreatmentB,B03,115.87,-72.8,247.8,10.22,91.8,-36.79,1.043,60.8,74,0.2562,1,1
NEU-502305,TreatmentA,B02,81.69,-71.03,139.7,4.7,97.7,-36.99,1.075,43.7,82,0.682,1,0
NEU-500561,Control,B02,111.29,-62.31,268.3,16.09,107.5,-46.27,1.086,20.3,106,0.3647,0,1
NEU-509681,TreatmentB,B02,114.41,-71.66,191.2,15.32,28.5,-38.16,0.893,47.5,79,0.2755,1,1
NEU-505819,TreatmentB,B01,100.43,-59.04,91.6,8.25,30.3,-44.99,1.026,54.5,73,0.5882,1,0
NEU-508130,Control,B03,109.38,-66.68,95.9,7.79,78.6,-41.79,1.189,48.9,99,0.4164,1,1
NEU-507578,TreatmentA,B01,90.21,-64.77,208.8,12.62,69.9,-42.5,1.294,69.0,86,0.234,1,1
NEU-502351,TreatmentA,B01,69.8,-51.86,65.3,14.97,101.1,-41.76,0.664,5.2,96,0.3917,0,0
NEU-501106,TreatmentA,B02,78.53,-67.5,310.2,15.14,110.5,-43.29,0.76,70.9,70,0.1398,0,0
NEU-502716,Control,B01,114.16,-63.86,195.0,14.04,151.7,-44.65,0.591,25.0,83,0.2664,0,1
NEU-500994,TreatmentB,B01,111.4,-55.92,836.0,7.19,81.3,-38.93,1.002,44.7,91,0.4381,0,1
NEU-508082,TreatmentB,B01,114.31,-67.61,83.2,13.3,29.2,-40.34,0.849,69.0,99,0.7251,0,1
NEU-502312,TreatmentB,B03,72.39,-56.43,253.4,9.12,159.0,-41.22,1.32,70.2,93,0.4717,1,1
NEU-501548,TreatmentB,B01,99.27,-62.09,115.9,16.62,31.4,-41.1,1.067,48.7,90,0.4601,0,1
NEU-505004,Control,B02,126.56,-59.56,61.0,16.03,98.3,-48.54,1.566,44.4,90,0.1945,1,0
NEU-506201,TreatmentB,B03,104.22,-64.35,213.2,12.48,106.1,-41.62,1.009,33.2,96,0.4989,0,1
NEU-502824,Control,B03,89.51,-78.52,294.0,15.18,128.0,-38.94,1.683,24.2,77,0.4562,0,0
NEU-505522,Control,B01,134.23,-65.21,200.2,9.28,89.2,-41.09,0.872,52.5,79,0.4849,0,1
NEU-509045,TreatmentA,B03,109.6,-68.22,195.8,6.14,34.4,-48.83,0.541,43.5,85,0.4381,0,1
NEU-506955,TreatmentB,B03,86.17,-64.41,225.6,9.46,38.2,-36.33,1.337,58.6,85,0.5102,1,0
NEU-500032,TreatmentA,B02,99.14,-68.69,269.1,13.28,40.7,-41.49,1.287,57.6,87,0.2819,0,0
NEU-503226,TreatmentB,B01,90.89,-74.57,301.4,9.89,65.6,-42.05,0.706,45.5,96,0.6355,0,0
NEU-501329,TreatmentB,B01,83.14,-57.75,229.5,18.8,119.8,-43.12,0.84,84.4,86,0.5389,0,0
NEU-507149,TreatmentA,B01,65.76,-55.32,175.1,17.15,141.6,-47.41,1.629,65.9,71,0.1142,1,0
NEU-500468,TreatmentB,B01,110.6,-64.36,115.3,26.8,86.0,-41.91,0.863,63.1,89,0.3612,0,1
NEU-503597,TreatmentA,B02,97.03,-64.61,169.7,14.28,24.8,-42.49,1.103,29.0,83,0.3479,0,1
NEU-507476,Control,B02,117.55,-72.33,209.6,23.55,103.3,-44.71,0.721,61.2,87,0.2038,1,0
NEU-509549,TreatmentA,B03,108.41,-60.3,135.6,41.49,65.3,-42.56,1.156,47.7,74,0.635,0,1
NEU-501097,Control,B02,123.81,-68.14,237.0,16.25,140.9,-44.53,1.553,36.9,71,0.1209,0,0
NEU-508967,Control,B02,91.11,-63.31,164.6,36.52,139.8,-42.64,1.222,65.4,93,0.6334,1,1
NEU-500667,Control,B01,99.79,-66.67,90.4,21.36,46.5,-39.16,0.855,37.4,90,0.6292,0,1
NEU-508320,TreatmentB,B03,89.53,-66.34,133.3,27.25,129.0,-42.22,0.941,83.1,93,0.3944,1,1
NEU-506442,Control,B01,90.42,-64.13,507.3,10.3,91.3,-35.11,1.29,20.5,81,0.38,0,1
NEU-503935,TreatmentA,B02,94.0,-68.69,256.4,16.68,99.1,-44.25,1.975,37.8,82,0.3837,0,1
NEU-500763,TreatmentA,B01,94.5,-63.03,286.8,10.78,110.4,-40.24,0.959,50.7,84,0.7274,0,1
NEU-503382,TreatmentA,B02,107.26,-63.63,191.3,8.47,140.1,-49.24,1.814,25.4,79,0.3576,1,1
NEU-506031,TreatmentA,B01,96.16,-71.66,134.9,11.03,110.4,-38.33,0.93,47.1,83,0.5083,1,0
NEU-501340,TreatmentA,B01,117.55,-69.66,149.1,12.29,89.5,-41.26,1.076,73.1,81,0.229,0,1
NEU-507507,TreatmentB,B01,88.45,-69.32,206.7,10.53,51.5,-39.09,1.253,80.8,76,0.5872,1,0
NEU-506664,TreatmentB,B03,98.65,-72.03,222.2,6.9,85.6,-38.66,1.063,67.8,90,0.263,0,0
NEU-501500,Control,B03,104.19,-69.72,218.8,11.58,138.2,-40.73,1.456,16.7,83,0.3994,0,0
NEU-500721,Control,B03,99.75,-67.6,327.2,8.35,188.8,-48.99,0.985,25.6,78,0.4882,0,0
NEU-505395,Control,B01,87.8,-61.58,165.5,7.9,186.5,-34.45,1.684,36.5,98,0.4432,1,0
NEU-508131,Control,B02,93.95,-71.12,247.5,11.78,129.3,-43.25,0.96,34.0,99,0.1529,0,1
NEU-508710,TreatmentA,B01,73.55,-68.26,108.2,14.34,89.2,-44.67,0.609,55.7,81,0.512,1,1
NEU-505087,Control,B02,133.19,-71.46,120.7,10.46,165.2,-41.55,1.023,47.6,87,0.2635,1,0
NEU-509847,TreatmentA,B01,103.29,-64.03,159.4,10.69,164.1,-41.19,1.239,57.3,84,0.4235,1,0
NEU-502635,TreatmentA,B01,72.13,-68.54,193.3,23.76,69.5,-44.08,1.248,54.0,87,0.3976,1,0
NEU-508559,TreatmentB,B03,106.81,-70.55,185.5,20.0,101.6,-41.32,1.076,75.9,81,0.4055,1,0
NEU-507669,TreatmentA,B01,92.67,-60.16,365.2,17.32,75.0,-41.12,0.696,63.3,72,0.2612,0,0
NEU-502244,TreatmentB,B02,108.16,-64.16,189.9,11.43,67.5,-45.51,1.027,65.3,71,0.4571,0,1
NEU-509079,Control,B03,96.68,-68.14,86.2,5.72,146.5,-55.92,1.2,49.9,73,0.46,1,0
NEU-506204,Control,B02,102.06,-57.91,328.6,16.84,124.6,-48.33,1.003,65.5,93,0.4536,0,1
NEU-500969,TreatmentB,B02,114.33,-64.66,111.4,11.15,42.2,-46.08,1.21,70.2,101,0.431,1,1
NEU-505762,TreatmentB,B01,94.25,-69.65,223.3,13.24,81.4,-39.91,2.533,48.0,70,0.4649,1,1
NEU-508921,TreatmentB,B01,125.94,-64.08,171.4,7.67,32.0,-47.32,1.154,47.7,77,0.3641,1,1
NEU-503940,TreatmentB,B02,96.18,-61.76,132.9,16.17,45.0,-44.08,1.16,88.6,82,0.2663,1,0
NEU-504819,TreatmentA,B01,67.22,-64.24,235.1,17.39,91.5,-40.15,1.055,55.6,76,0.1154,1,0
NEU-501214,Control,B01,119.77,-72.85,109.1,20.54,107.0,-43.76,1.385,54.6,90,0.3638,1,0
NEU-501098,TreatmentB,B01,99.71,-64.09,184.9,12.35,44.8,-40.8,1.105,69.4,93,0.2531,1,1
NEU-500670,TreatmentB,B02,136.09,-62.04,117.8,30.93,27.2,-42.63,1.465,65.5,94,0.4274,1,0
NEU-505960,Control,B02,80.59,-61.9,131.4,29.96,166.3,-35.43,1.357,37.9,83,0.1597,0,0
NEU-503186,TreatmentA,B03,100.22,-66.48,228.7,20.5,79.6,-51.17,0.835,50.6,91,0.3398,0,1
NEU-508970,TreatmentA,B01,105.36,-61.23,315.0,9.71,93.9,-43.55,1.022,29.3,76,0.3403,0,1
NEU-509138,Control,B01,75.29,-50.84,125.6,23.25,123.9,-46.18,1.005,42.7,77,0.3346,1,0
NEU-504303,TreatmentA,B03,108.24,-62.2,80.9,12.57,141.9,-40.43,1.195,64.5,92,0.4062,1,0
NEU-507474,TreatmentA,B03,105.57,-64.07,177.3,8.18,59.5,-37.62,2.059,49.2,96,0.2618,1,1
NEU-505086,TreatmentB,B01,82.35,-71.04,136.4,10.84,121.4,-51.6,0.625,77.5,108,0.373,1,0
NEU-509762,TreatmentB,B01,113.18,-68.76,170.7,16.85,60.6,-45.16,0.708,63.7,87,0.239,1,0
NEU-501184,TreatmentB,B01,97.36,-59.04,131.8,15.16,84.2,-46.39,1.52,59.6,90,0.5119,1,0
NEU-504477,TreatmentB,B02,117.82,-66.82,143.9,16.5,90.4,-36.78,0.821,62.6,84,0.6694,0,1
NEU-506791,TreatmentA,B02,103.59,-58.46,131.4,16.38,42.7,-37.66,0.797,67.8,88,0.5971,1,1
NEU-500302,Control,B01,112.8,-66.35,199.8,12.6,101.5,-48.72,1.468,20.7,77,0.3105,0,1
NEU-504443,TreatmentB,B02,100.02,-75.55,110.9,16.27,93.3,-35.78,0.973,72.3,81,0.3965,1,0
NEU-509055,Control,B01,104.63,-60.04,208.6,9.33,211.0,-48.88,0.815,61.3,93,0.3258,0,1
NEU-508742,TreatmentA,B02,97.62,-59.03,142.8,7.19,53.9,-39.31,1.47,45.2,80,0.4078,1,0
NEU-507785,TreatmentB,B02,99.14,-64.46,152.1,11.12,60.6,-41.57,1.029,33.9,81,0.4903,1,1
NEU-509897,TreatmentB,B02,89.81,-64.57,338.0,12.8,142.5,-43.99,0.8,49.6,81,0.4736,0,1
NEU-500695,TreatmentB,B01,92.23,-72.73,267.4,13.66,81.4,-42.96,1.521,74.3,81,0.5525,1,1
NEU-503488,Control,B02,80.43,-69.55,183.9,11.4,138.4,-46.47,1.783,24.2,106,0.3169,0,1
NEU-509660,TreatmentA,B03,107.49,-61.13,140.5,19.4,130.4,-41.17,0.937,56.5,99,0.446,1,1
NEU-509444,TreatmentA,B03,97.0,-71.79,206.7,15.86,70.4,-36.63,1.395,31.6,88,0.2468,1,1
NEU-503363,TreatmentB,B03,65.52,-65.58,68.7,15.22,47.7,-41.62,1.045,74.9,97,0.5184,1,1
NEU-502073,Control,B02,139.3,-74.95,131.1,13.7,113.8,-45.16,0.762,41.8,87,0.2033,0,0
NEU-502492,Control,B03,89.32,-62.3,308.3,5.05,126.5,-42.46,1.882,2.7,85,0.2527,0,1
NEU-501076,Control,B03,80.55,-76.16,165.4,7.7,144.1,-39.24,1.2,53.9,75,0.4674,1,0
NEU-509692,TreatmentA,B01,91.3,-70.5,130.4,26.92,150.4,-48.35,1.28,40.8,89,0.2135,1,0
NEU-507683,TreatmentB,B02,103.52,-61.37,254.7,8.73,132.5,-38.77,1.155,45.5,89,0.711,1,0
NEU-506668,TreatmentA,B01,86.58,-65.03,281.6,11.04,168.6,-46.57,1.063,45.1,90,0.3803,0,1
NEU-504483,TreatmentA,B01,74.87,-77.18,181.5,12.48,141.1,-46.39,1.365,40.8,73,0.5527,0,0
NEU-500810,TreatmentA,B03,89.41,-64.34,129.3,12.0,128.1,-31.64,0.901,51.8,89,0.3386,1,1
NEU-503809,TreatmentB,B01,95.08,-60.97,186.5,10.85,76.7,-36.4,1.032,51.8,89,0.7086,0,0
NEU-508932,Control,B02,106.8,-69.68,220.0,10.94,98.1,-31.01,0.99,56.4,94,0.3901,0,0
NEU-508197,Control,B01,116.98,-51.77,128.6,7.95,78.3,-39.11,1.273,46.4,88,0.1445,1,1
NEU-500671,TreatmentB,B03,110.43,-70.52,79.8,10.29,66.8,-47.47,0.938,55.3,86,0.5384,1,0
NEU-501198,TreatmentB,B01,110.49,-66.44,136.6,13.55,60.6,-38.85,1.575,74.1,79,0.466,1,1
NEU-509745,TreatmentA,B03,87.5,-64.57,327.9,13.12,145.9,-41.8,1.248,37.5,91,0.2341,0,1
NEU-504513,TreatmentA,B01,88.8,-62.96,161.7,18.79,92.2,-40.16,0.851,43.2,93,0.5805,0,1
NEU-509473,Control,B01,118.9,-69.43,305.8,10.25,111.1,-44.84,0.64,36.7,90,0.2499,0,1
NEU-505098,TreatmentB,B01,95.9,-64.76,260.9,8.66,57.6,-42.33,1.107,71.2,77,0.3903,1,1
NEU-502684,TreatmentB,B02,105.77,-57.79,264.9,22.38,29.2,-46.04,0.667,69.6,99,0.3411,0,0
NEU-505847,TreatmentA,B03,98.65,-59.56,192.7,7.95,80.2,-50.44,1.055,45.3,85,0.6221,1,0
NEU-506446,TreatmentA,B03,74.59,-59.94,245.0,14.94,104.6,-39.09,1.218,64.7,72,0.5574,0,1
NEU-503884,Control,B03,103.55,-69.86,219.6,9.15,162.4,-42.49,0.67,29.6,78,0.291,0,0
NEU-509472,Control,B03,120.04,-69.64,308.9,19.71,61.1,-43.26,0.698,59.1,94,0.3022,1,1
NEU-503199,TreatmentA,B03,75.56,-63.68,82.0,10.95,102.3,-44.24,1.233,47.4,90,0.5246,1,0
NEU-504948,Control,B01,115.41,-61.57,168.6,16.49,91.9,-46.61,1.143,54.2,73,0.4978,1,0
NEU-506938,TreatmentB,B01,82.23,-72.06,208.8,7.87,127.7,-45.79,0.971,44.9,80,0.5427,1,0
NEU-502018,TreatmentA,B01,118.07,-67.49,110.9,7.47,99.8,-38.44,1.325,79.6,90,0.4014,1,0
NEU-503318,TreatmentB,B02,66.97,-68.33,290.6,22.78,51.9,-44.2,0.882,59.1,73,0.5785,0,1
NEU-504504,Control,B02,105.68,-65.2,154.6,12.94,130.2,-40.25,0.941,55.6,95,0.3078,1,1
NEU-501819,Control,B01,120.28,-66.44,269.2,11.3,161.4,-39.11,1.539,29.5,96,0.3345,0,0
NEU-508149,TreatmentA,B02,81.71,-64.73,193.9,8.44,142.8,-46.32,1.424,63.0,74,0.1983,1,1
NEU-506825,Control,B03,111.37,-70.15,157.3,8.68,90.6,-47.01,2.081,30.0,81,0.265,1,0
NEU-503263,TreatmentA,B02,103.76,-63.68,186.9,20.23,117.6,-38.87,1.565,41.0,95,0.4535,0,1
NEU-500220,Control,B02,86.81,-71.94,190.9,9.91,95.2,-28.57,1.061,57.5,97,0.3715,0,0
NEU-508366,TreatmentB,B03,146.16,-69.97,72.4,8.01,21.8,-38.93,1.202,58.5,68,0.5117,1,0
NEU-503115,TreatmentB,B01,66.53,-66.83,177.2,19.15,90.2,-34.37,1.139,58.9,83,0.3971,1,0
NEU-503938,Control,B01,97.38,-63.1,177.9,17.01,67.7,-46.95,0.796,34.9,96,0.3275,0,1
NEU-503396,TreatmentB,B03,95.32,-61.03,246.7,8.97,60.8,-43.55,0.798,51.4,87,0.3795,0,1
NEU-508624,TreatmentA,B02,117.03,-63.33,182.1,7.79,124.9,-39.34,0.973,60.3,87,0.2044,1,1
NEU-504263,TreatmentA,B02,105.5,-63.47,192.2,10.35,43.5,-45.75,2.162,57.8,80,0.5756,1,1
NEU-503403,TreatmentB,B01,97.23,-64.39,267.5,26.8,104.2,-46.92,0.935,43.0,95,0.3398,1,1
NEU-505108,TreatmentB,B01,113.11,-58.23,234.8,15.69,42.3,-40.35,1.729,71.4,80,0.3968,1,0
NEU-505425,TreatmentA,B03,101.03,-69.71,541.0,27.27,112.9,-55.04,0.917,69.6,96,0.2083,0,0
NEU-505551,TreatmentA,B02,95.29,-62.0,155.9,9.56,72.0,-46.3,0.965,33.8,88,0.4081,0,1
NEU-502629,TreatmentB,B03,87.05,-70.26,136.7,16.98,91.5,-41.64,0.908,56.6,91,0.493,0,1
NEU-503492,TreatmentB,B03,93.33,-63.66,199.7,16.25,131.8,-41.76,0.915,47.4,105,0.2795,0,1
NEU-506930,TreatmentA,B01,99.65,-68.65,153.8,16.03,60.5,-38.57,1.796,36.7,108,0.2323,1,1
NEU-508654,Control,B01,80.17,-67.14,109.1,9.17,124.4,-45.47,1.457,60.0,90,0.6929,1,0
NEU-505774,TreatmentB,B03,98.15,-56.31,230.6,24.15,72.3,-39.29,1.659,65.5,77,0.3964,1,0
NEU-507213,TreatmentA,B03,94.05,-64.04,364.8,7.69,103.0,-44.34,1.771,72.1,96,0.3136,1,1
NEU-507872,Control,B02,85.57,-60.91,320.7,17.8,140.3,-47.01,1.606,55.5,96,0.2914,1,0
NEU-509196,TreatmentA,B01,88.96,-69.53,316.6,17.9,116.9,-31.05,1.234,43.4,68,0.1291,0,0
NEU-501003,TreatmentA,B02,117.36,-68.43,188.1,10.13,134.2,-44.43,1.202,51.2,101,0.7077,0,0
NEU-508522,TreatmentB,B02,126.24,-70.69,124.6,12.84,93.3,-42.82,1.533,40.9,92,0.2248,1,0
NEU-503906,Control,B01,121.03,-68.64,351.1,13.05,123.7,-42.58,0.564,28.5,68,0.4218,0,0
NEU-507521,Control,B03,83.83,-76.1,70.2,11.71,71.7,-37.49,0.978,55.2,92,0.1577,1,0
NEU-503393,TreatmentB,B03,72.89,-60.91,175.7,17.11,114.0,-47.11,0.676,80.9,90,0.1918,1,0
NEU-500571,TreatmentA,B02,99.85,-71.37,208.9,9.9,65.4,-41.39,0.909,52.1,93,0.1998,1,1
NEU-500196,TreatmentB,B02,70.49,-59.14,293.0,12.5,52.4,-45.8,1.359,77.0,93,0.25,1,0
NEU-506341,Control,B01,103.53,-75.55,206.2,22.04,130.6,-48.15,1.115,50.4,83,0.4118,1,0
NEU-506987,Control,B03,87.67,-63.74,478.3,10.08,82.4,-49.81,1.67,46.5,80,0.5923,1,0
NEU-503034,TreatmentA,B02,91.72,-69.1,175.0,16.41,76.2,-41.3,1.586,60.7,91,0.1948,0,0
NEU-507951,Control,B01,107.89,-57.47,180.1,10.18,117.3,-46.8,0.979,67.8,88,0.5657,1,0
NEU-500756,TreatmentB,B03,116.34,-78.01,199.8,10.71,87.0,-39.22,0.721,70.7,91,0.6094,1,0
NEU-506626,Control,B02,88.89,-60.95,192.6,16.46,96.5,-41.09,0.952,56.9,85,0.4129,1,0
NEU-508072,TreatmentB,B01,108.29,-63.67,104.6,17.77,55.0,-42.89,1.036,58.2,94,0.5784,0,1
NEU-507809,TreatmentB,B03,108.34,-66.05,274.6,8.24,128.5,-48.76,0.821,78.2,78,0.6624,0,0
NEU-509087,TreatmentA,B01,110.29,-58.15,121.8,9.33,76.0,-45.06,1.535,33.4,103,0.3692,0,0
NEU-504170,TreatmentA,B03,111.1,-78.7,144.8,18.84,135.0,-46.23,1.504,63.7,95,0.3175,1,0
NEU-508539,Control,B03,89.64,-73.05,293.9,6.02,118.8,-44.0,0.842,38.0,91,0.4203,0,0
NEU-507662,TreatmentA,B01,96.08,-56.72,342.6,18.29,107.5,-38.89,1.203,55.9,82,0.5596,0,1
NEU-506880,TreatmentA,B02,92.26,-69.82,232.0,17.94,65.3,-36.11,1.423,59.1,85,0.4453,1,0
NEU-508219,TreatmentB,B02,100.96,-66.26,223.3,9.11,62.3,-44.44,0.896,54.1,91,0.5669,0,0
NEU-504069,TreatmentA,B03,87.7,-62.71,115.2,6.89,105.5,-47.21,1.018,49.0,91,0.3608,1,1
NEU-508289,Control,B01,90.04,-51.8,319.9,16.54,202.9,-40.85,1.094,74.2,93,0.3836,1,0
NEU-504281,Control,B01,78.91,-67.74,281.5,11.05,100.7,-41.77,1.515,43.5,88,0.3438,0,0
NEU-501414,TreatmentB,B03,70.36,-64.77,262.0,9.3,34.8,-37.0,0.771,65.3,78,0.2885,0,1
NEU-501476,Control,B01,65.48,-59.7,315.3,10.01,129.9,-40.14,0.694,42.3,77,0.3561,0,1
NEU-509137,TreatmentB,B02,109.96,-65.53,385.2,6.56,84.2,-40.49,2.434,73.5,82,0.1756,1,1
NEU-504700,TreatmentB,B02,116.73,-64.18,213.2,4.9,72.9,-37.32,1.575,44.3,95,0.4724,1,0
NEU-509286,TreatmentA,B03,103.72,-64.24,293.4,18.77,82.6,-41.36,1.022,48.3,75,0.4432,0,1
NEU-507273,TreatmentA,B02,101.91,-64.18,156.5,18.79,62.9,-46.0,1.277,28.8,75,0.2926,0,0
NEU-502914,Control,B02,90.58,-55.76,272.4,7.57,124.8,-41.41,0.985,25.2,86,0.3743,0,0
NEU-504974,Control,B01,87.35,-75.91,77.1,15.12,160.2,-39.4,0.731,63.0,73,0.2496,0,0
NEU-504582,Control,B01,79.0,-65.83,126.8,8.4,167.9,-41.97,0.78,45.3,84,0.3035,1,1
NEU-506798,Control,B02,107.7,-56.31,99.5,25.55,159.8,-44.57,0.524,57.5,67,0.635,0,1
NEU-506695,TreatmentA,B03,107.73,-72.87,251.1,9.74,107.7,-41.75,1.226,53.5,82,0.3154,0,0
NEU-508820,TreatmentA,B03,79.74,-70.68,186.0,12.22,40.7,-47.5,0.737,40.3,93,0.4728,0,0
NEU-508814,TreatmentB,B01,83.4,-66.79,172.3,15.83,68.9,-37.8,0.816,60.4,91,0.2929,0,1
NEU-500575,TreatmentB,B01,100.86,-65.51,104.8,11.61,180.7,-44.67,0.808,63.2,87,0.5804,0,1
NEU-505568,Control,B03,125.08,-56.32,85.0,17.49,86.5,-43.03,0.918,48.8,96,0.5939,1,0
NEU-504213,TreatmentB,B01,121.01,-52.66,215.0,17.3,34.3,-41.16,0.924,52.9,85,0.4085,0,0
NEU-501847,TreatmentB,B01,93.9,-70.5,80.0,11.03,-60.1,-39.42,0.776,72.6,98,0.2705,1,1
NEU-503440,Control,B02,116.07,-68.24,117.1,8.7,152.3,-42.63,0.804,41.7,91,0.3729,0,1
NEU-503015,TreatmentA,B03,87.49,-66.19,131.8,8.13,145.9,-41.52,1.015,65.6,90,0.7055,1,0
NEU-509798,Control,B03,102.97,-59.78,67.4,12.99,136.1,-35.41,0.892,37.9,75,0.439,0,0
NEU-505340,Control,B03,99.76,-66.92,189.1,20.01,190.5,-43.58,0.913,47.4,84,0.3741,1,0
NEU-501278,TreatmentA,B01,102.74,-72.05,146.9,10.1,101.6,-33.83,1.013,52.0,74,0.4413,1,0
NEU-506413,TreatmentB,B01,106.45,-59.37,143.5,23.65,36.5,-44.57,2.168,50.1,91,0.4731,1,1
NEU-504960,TreatmentA,B02,104.43,-69.49,296.3,16.35,129.1,-44.84,1.054,73.9,78,0.1464,1,0
NEU-507975,Control,B02,114.2,-67.09,196.2,9.91,151.9,-46.43,1.348,49.5,78,0.4384,0,0
NEU-507936,TreatmentB,B02,83.82,-54.15,146.8,48.26,63.5,-41.45,2.299,45.5,89,0.5413,1,1
NEU-507539,Control,B01,110.72,-66.59,122.2,13.32,91.7,-54.96,1.585,51.7,73,0.2705,1,1
NEU-507015,TreatmentA,B02,96.88,-65.02,120.7,10.43,122.4,-41.33,0.741,32.8,83,0.652,1,1
NEU-509478,Control,B03,95.23,-63.91,165.5,14.82,114.7,-41.42,1.483,7.9,96,0.481,0,1
NEU-505208,TreatmentA,B01,96.43,-61.0,92.3,20.19,164.9,-39.31,1.677,50.9,84,0.3455,1,0
NEU-508739,TreatmentA,B02,115.8,-64.73,467.3,12.08,127.7,-42.93,0.993,62.1,90,0.2089,1,1
NEU-505746,TreatmentA,B02,76.55,-59.41,123.8,19.87,72.4,-43.92,0.843,47.6,104,0.2093,0,0
NEU-508493,TreatmentB,B02,86.72,-63.52,547.9,12.45,137.5,-36.56,1.145,77.2,92,0.4782,0,1
NEU-509942,Control,B03,103.12,-59.13,157.3,19.72,142.6,-46.15,0.912,37.8,88,0.5043,0,1
NEU-505807,TreatmentA,B01,117.38,-67.11,55.7,10.19,115.3,-43.82,0.954,59.5,82,0.4961,1,0
NEU-507409,Control,B03,90.19,-65.17,153.1,22.12,88.5,-44.18,1.181,56.3,80,0.4133,0,1
NEU-502372,TreatmentA,B01,95.79,-66.94,182.6,13.05,157.8,-37.5,0.889,47.1,83,0.2251,0,1
NEU-508730,Control,B02,106.52,-57.43,233.1,10.78,110.1,-47.54,1.222,47.5,90,0.4297,1,0
NEU-501749,TreatmentB,B02,120.49,-65.23,322.9,10.29,12.7,-42.66,1.43,59.1,71,0.2323,0,1
NEU-509925,TreatmentA,B02,93.49,-63.16,128.4,16.43,65.2,-41.93,0.858,71.8,89,0.4264,1,1
NEU-502859,TreatmentB,B03,89.91,-63.3,144.7,12.11,63.4,-45.71,0.974,52.8,79,0.3903,0,1
NEU-503047,TreatmentB,B01,111.27,-57.8,256.3,18.11,113.2,-38.7,1.514,44.9,71,0.4636,1,0
NEU-502261,TreatmentA,B03,137.97,-68.18,269.7,12.39,77.9,-41.04,0.931,50.1,84,0.4675,0,0
NEU-506712,Control,B01,55.61,-64.33,154.0,17.51,104.2,-43.13,1.212,40.8,79,0.465,0,1
NEU-507534,TreatmentA,B02,93.06,-76.94,101.2,18.97,64.2,-43.56,0.862,53.6,72,0.5577,0,0
NEU-500846,TreatmentA,B02,97.13,-63.26,90.3,10.72,21.8,-38.84,1.014,70.8,102,0.3227,1,1
NEU-505775,TreatmentB,B02,94.88,-71.9,104.8,14.68,160.8,-44.66,0.882,66.2,97,0.4133,1,0
NEU-505055,TreatmentA,B03,108.94,-64.56,55.9,19.0,87.4,-40.87,1.657,32.2,105,0.5295,1,1
NEU-507377,TreatmentA,B02,125.35,-68.22,357.5,5.81,69.5,-47.19,1.129,57.6,94,0.6024,1,0
NEU-502986,TreatmentB,B03,122.28,-63.71,188.1,7.36,113.2,-47.17,0.677,67.5,84,0.5914,0,1
NEU-505965,TreatmentB,B03,98.46,-64.65,73.1,18.77,64.7,-50.39,1.263,69.4,85,0.6954,1,1
NEU-505594,TreatmentB,B02,92.57,-60.31,438.1,18.74,106.5,-41.69,1.38,57.6,85,0.2524,1,0
NEU-501962,TreatmentB,B02,108.25,-61.72,97.6,14.95,83.8,-37.95,0.994,78.0,90,0.3085,1,1
NEU-504501,Control,B01,90.9,-61.24,190.3,6.92,212.4,-46.7,1.436,52.0,100,0.2767,0,1
NEU-502578,TreatmentB,B03,116.03,-66.65,166.1,18.74,143.5,-42.71,0.737,91.1,72,0.4464,1,1
NEU-505622,Control,B03,102.07,-71.43,187.9,11.74,71.0,-40.83,0.788,66.0,94,0.6441,1,0
NEU-504915,TreatmentA,B01,108.86,-56.77,251.9,14.14,85.0,-41.58,1.012,39.5,83,0.6351,0,0
NEU-502033,TreatmentB,B02,116.61,-59.84,185.4,6.51,108.3,-42.58,1.165,54.6,103,0.8608,1,0
NEU-500603,TreatmentB,B02,100.82,-71.46,201.9,13.76,97.5,-42.75,0.981,61.2,93,0.3743,0,1
NEU-501067,TreatmentA,B01,89.28,-72.0,208.0,8.28,115.8,-43.55,0.712,33.7,97,0.3372,0,1
NEU-509345,TreatmentA,B02,99.5,-66.52,164.1,13.17,121.3,-35.29,1.171,29.0,92,0.1703,0,1
NEU-508089,TreatmentA,B02,114.14,-70.61,285.1,20.22,117.6,-45.15,1.414,63.6,74,0.2672,1,0
NEU-501748,TreatmentA,B03,121.31,-55.59,127.3,18.88,84.0,-42.46,1.274,62.4,112,0.4148,1,0
NEU-502170,TreatmentB,B02,84.96,-64.14,239.9,12.61,122.3,-48.65,1.428,73.0,94,0.2192,1,1
NEU-505561,TreatmentA,B02,97.66,-66.29,201.5,23.39,52.3,-39.54,0.886,52.5,67,0.3659,0,1
NEU-506042,TreatmentA,B03,76.21,-67.33,176.3,14.5,86.3,-40.32,1.248,47.6,69,0.3122,0,1
NEU-501000,Control,B01,111.64,-65.65,133.5,17.76,125.9,-38.56,1.029,50.7,79,0.1128,1,0
NEU-503180,Control,B01,81.97,-65.28,165.9,19.08,121.8,-42.04,1.136,61.2,86,0.5496,1,1
NEU-505916,TreatmentA,B01,115.43,-74.48,132.5,13.15,129.0,-45.6,0.95,47.1,83,0.3449,0,0
NEU-502983,TreatmentA,B02,97.95,-63.83,92.3,8.09,104.3,-39.83,0.775,52.9,85,0.6493,0,0
NEU-501795,TreatmentB,B03,85.11,-51.44,155.2,14.26,16.0,-47.7,0.791,71.4,76,0.4183,1,0
NEU-507882,TreatmentA,B02,94.33,-69.27,221.9,10.52,95.2,-39.46,1.102,51.2,86,0.6511,1,0
NEU-501167,TreatmentA,B02,120.61,-56.83,190.3,6.72,140.2,-35.02,0.924,48.2,89,0.302,0,1
NEU-508877,TreatmentB,B03,96.78,-58.56,395.3,22.3,104.3,-53.38,0.669,60.3,94,0.2401,0,0
NEU-505853,TreatmentA,B01,117.44,-61.37,195.7,13.28,101.1,-33.35,1.139,61.5,90,0.6543,1,1
NEU-506514,Control,B02,99.8,-66.71,153.3,21.07,166.1,-43.28,0.968,81.7,80,0.2428,1,0
NEU-502725,Control,B01,88.82,-63.31,333.4,9.33,112.9,-39.59,1.346,58.2,89,0.5845,0,0
NEU-507706,TreatmentB,B03,104.4,-68.9,278.8,8.14,87.1,-37.74,1.531,54.5,79,0.3472,1,1
NEU-505796,TreatmentA,B03,104.6,-66.91,117.6,12.04,87.0,-41.02,1.417,51.5,73,0.483,1,0
NEU-500317,TreatmentA,B01,110.36,-62.42,206.4,11.86,136.9,-43.34,0.633,63.2,90,0.5044,0,1
NEU-500599,Control,B02,110.79,-64.3,174.9,16.54,155.9,-42.45,1.019,30.1,95,0.2328,0,0
NEU-509043,Control,B03,100.03,-66.81,245.3,18.21,132.8,-38.63,0.918,19.8,97,0.1934,0,1
NEU-502666,TreatmentA,B02,110.25,-64.49,132.0,26.46,107.4,-45.55,1.364,35.7,92,0.3934,0,1
NEU-500006,TreatmentA,B02,91.86,-69.41,123.5,19.88,163.6,-39.32,1.163,42.4,81,0.209,0,0
NEU-501434,TreatmentA,B01,89.38,-70.28,421.9,15.48,89.5,-40.8,1.115,36.9,99,0.0996,0,0
NEU-508629,Control,B03,125.02,-67.04,465.2,11.68,134.7,-43.4,1.032,49.9,80,0.1103,0,1
NEU-503455,Control,B02,85.86,-62.71,101.3,12.15,76.8,-45.99,1.84,52.1,75,0.3813,1,1
NEU-504284,Control,B03,109.62,-75.25,220.5,19.51,141.8,-32.13,0.767,50.0,87,0.6532,0,1
NEU-506062,Control,B03,70.49,-68.17,186.6,23.54,129.1,-46.49,0.741,56.2,88,0.1507,1,0
NEU-504108,Control,B02,96.88,-65.51,171.3,13.78,107.1,-42.62,1.286,39.5,87,0.2942,0,0
NEU-509044,TreatmentB,B02,113.76,-62.52,133.3,16.54,7.3,-39.58,1.244,67.3,100,0.41,1,1
NEU-507060,TreatmentB,B03,75.48,-68.78,100.4,7.74,47.9,-39.57,0.843,72.6,77,0.4051,1,1
NEU-503248,TreatmentA,B03,112.78,-69.16,404.5,5.84,48.6,-36.8,1.05,69.0,103,0.3395,0,1
NEU-505363,TreatmentB,B01,89.59,-59.02,155.4,10.81,52.5,-45.51,0.578,34.5,98,0.5662,0,0
NEU-508640,Control,B02,97.16,-61.55,101.3,13.99,101.9,-38.89,1.412,33.5,72,0.543,1,1
NEU-508242,Control,B02,116.94,-68.05,159.4,12.2,114.8,-35.71,1.024,34.1,81,0.5011,0,1
NEU-505215,TreatmentA,B02,90.39,-72.34,168.0,13.94,60.7,-37.41,1.045,40.3,85,0.5039,0,0
NEU-507708,TreatmentA,B03,111.67,-64.84,161.3,8.72,78.6,-37.43,1.161,61.7,83,0.3176,0,1
NEU-502039,Control,B03,111.8,-51.97,66.5,10.79,38.8,-33.48,0.786,14.8,88,0.2146,0,0
NEU-500015,Control,B01,86.24,-70.28,126.6,15.63,98.4,-41.46,1.256,30.9,82,0.5162,1,1
NEU-507719,Control,B01,126.84,-57.52,186.7,13.93,128.4,-45.17,0.928,52.0,83,0.4244,1,0
NEU-502396,Control,B01,118.16,-64.16,60.2,10.65,95.7,-45.72,0.849,22.2,74,0.3061,0,1
NEU-508178,TreatmentB,B03,71.64,-63.95,139.0,18.68,82.9,-42.94,0.994,72.0,95,0.5006,0,1
NEU-507512,TreatmentB,B03,79.01,-72.22,230.1,31.32,81.2,-40.37,1.575,73.8,89,0.3909,1,1
NEU-508174,TreatmentA,B02,115.91,-73.34,284.7,15.03,63.6,-43.8,0.893,56.1,92,0.4442,0,0
NEU-503701,TreatmentA,B03,88.03,-59.79,192.3,12.24,171.1,-46.95,0.667,52.2,90,0.2166,0,1
NEU-507354,TreatmentA,B03,79.84,-64.89,199.4,23.33,85.4,-39.21,1.088,49.6,74,0.1503,0,0
NEU-509727,Control,B01,99.6,-52.53,131.8,14.48,156.9,-37.26,0.9,12.0,78,0.5938,1,0
NEU-509598,TreatmentB,B03,75.61,-60.07,125.9,13.59,72.4,-44.24,0.788,40.5,85,0.4496,0,0
NEU-508460,TreatmentB,B03,106.81,-69.59,113.7,9.51,93.2,-32.55,1.373,66.5,89,0.4503,1,0
NEU-506139,TreatmentA,B02,86.72,-55.71,186.4,7.59,54.9,-43.35,0.926,60.1,81,0.3432,0,1
NEU-508155,TreatmentB,B02,84.82,-67.9,310.8,21.2,96.3,-38.55,1.676,44.2,91,0.2707,1,0
NEU-502918,TreatmentA,B02,69.99,-65.16,229.4,15.31,108.7,-39.0,0.391,44.7,92,0.4322,0,1
NEU-505110,TreatmentB,B01,88.71,-68.95,268.4,8.05,72.1,-48.52,1.072,73.4,96,0.4653,0,0
NEU-503543,Control,B02,132.69,-67.03,273.1,15.22,80.0,-41.0,1.021,25.1,93,0.3759,0,1
NEU-502678,Control,B02,80.78,-61.76,266.9,16.37,181.3,-38.74,0.918,11.0,93,0.2503,0,0
NEU-504096,Control,B02,128.65,-62.99,223.8,9.6,166.9,-40.11,1.008,29.1,90,0.3073,0,1
NEU-508218,TreatmentA,B02,110.77,-68.34,293.3,18.74,63.8,-41.83,0.887,55.0,68,0.2479,0,0
NEU-501072,TreatmentA,B02,95.28,-74.38,164.7,22.73,82.6,-39.16,0.908,36.2,83,0.175,0,0
NEU-502573,TreatmentB,B01,77.15,-75.02,404.9,15.52,61.6,-43.72,1.617,64.0,69,0.4204,0,0
NEU-505493,TreatmentB,B03,119.8,-62.59,157.6,5.91,127.5,-51.34,0.621,94.4,76,0.2496,1,1
NEU-503262,TreatmentA,B03,82.78,-62.97,106.6,26.86,151.3,-44.91,1.391,38.8,91,0.3641,1,1
NEU-506907,Control,B02,125.09,-60.43,254.2,11.95,141.4,-33.14,1.342,44.3,73,0.4261,0,0
NEU-509283,Control,B02,94.25,-67.33,138.1,21.49,133.9,-41.28,0.512,35.2,86,0.1982,0,0
NEU-507925,TreatmentB,B03,99.68,-64.35,118.9,22.63,101.6,-43.73,1.021,58.5,85,0.2877,0,0
NEU-503060,TreatmentB,B03,91.48,-57.74,166.8,8.79,67.8,-38.09,0.933,85.1,89,0.2135,0,1
NEU-501960,Control,B01,114.99,-66.42,92.2,8.16,154.8,-39.53,0.744,35.3,83,0.4755,0,0
NEU-503970,Control,B03,91.83,-65.5,125.1,10.49,119.0,-43.08,0.921,26.8,90,0.189,1,1
NEU-504360,TreatmentB,B01,76.66,-60.96,203.9,21.79,55.2,-36.62,1.593,57.0,68,0.1954,1,0
NEU-509117,Control,B01,108.64,-57.23,183.1,10.68,177.4,-42.75,1.081,46.6,83,0.5461,1,0
NEU-502514,Control,B03,130.16,-59.5,144.9,12.82,164.6,-43.91,1.087,43.9,86,0.1435,0,1
NEU-509621,Control,B03,94.02,-78.89,163.5,10.77,137.6,-37.89,1.255,23.4,84,0.2807,0,0
NEU-501963,TreatmentA,B02,90.75,-70.77,160.5,23.54,57.9,-40.1,1.34,77.1,90,0.2319,1,0
NEU-508990,TreatmentB,B02,96.56,-59.49,234.1,14.75,89.7,-36.68,1.234,21.6,87,0.5461,0,1
NEU-506627,Control,B02,90.34,-64.72,81.7,6.06,157.5,-45.81,1.166,44.0,73,0.3555,0,0
NEU-504291,TreatmentB,B01,58.68,-62.13,226.7,17.79,41.5,-39.63,2.08,43.2,76,0.4989,1,1
NEU-503364,TreatmentA,B03,111.52,-72.09,98.8,6.94,74.9,-49.71,0.891,67.0,91,0.2139,0,1
NEU-501585,TreatmentB,B02,111.11,-49.79,183.3,18.38,83.7,-45.96,1.313,74.0,71,0.2315,1,0
NEU-507559,TreatmentB,B03,79.31,-65.01,220.2,19.03,104.1,-43.04,1.393,62.6,102,0.4894,1,1
NEU-506685,Control,B03,128.25,-71.83,343.6,15.23,113.3,-44.3,0.706,53.2,84,0.4109,0,0
NEU-501368,TreatmentA,B02,84.52,-72.84,119.5,15.61,76.0,-45.0,1.336,43.4,88,0.6046,0,0
NEU-500073,TreatmentB,B01,104.33,-75.66,516.8,11.8,112.2,-39.85,1.114,57.3,86,0.1826,1,0
NEU-502348,TreatmentB,B02,110.37,-74.16,245.8,29.47,105.6,-45.02,1.133,69.1,81,0.3643,1,0
NEU-502894,TreatmentB,B02,97.23,-64.03,275.7,17.2,102.6,-40.39,0.855,55.5,97,0.2902,0,1
NEU-505294,TreatmentA,B01,95.33,-71.3,178.5,6.02,98.4,-41.97,0.726,53.8,76,0.294,1,0
NEU-506679,Control,B02,126.19,-60.3,225.4,9.61,113.5,-50.07,0.891,45.4,73,0.4549,0,0
NEU-509760,TreatmentB,B02,116.52,-63.18,91.5,20.92,56.2,-44.42,0.73,85.8,74,0.6128,1,1
NEU-507859,TreatmentA,B02,103.37,-62.08,93.7,13.35,122.7,-35.94,1.094,51.6,75,0.4482,1,0
NEU-504357,Control,B01,107.66,-58.27,230.5,8.77,162.1,-40.91,1.314,25.9,83,0.4393,0,1
NEU-505277,TreatmentA,B01,67.57,-68.84,179.3,7.82,102.9,-34.02,0.836,66.6,88,0.3623,0,0
NEU-505619,TreatmentA,B02,80.55,-65.37,64.7,11.98,122.2,-39.75,1.086,54.6,83,0.3934,1,1
NEU-507803,TreatmentB,B02,129.61,-60.21,117.9,16.84,70.2,-44.71,0.885,42.9,93,0.4624,1,0
NEU-504629,Control,B03,104.43,-60.89,106.9,14.33,57.8,-38.26,0.713,41.4,73,0.3534,0,1
NEU-509891,TreatmentA,B03,111.72,-65.11,156.0,11.98,124.5,-30.4,1.194,49.5,68,0.5135,1,0
NEU-509447,TreatmentB,B03,97.14,-64.27,149.6,12.19,22.1,-44.42,1.206,58.7,86,0.3671,0,0
NEU-500827,TreatmentB,B01,91.98,-72.21,113.5,16.07,67.2,-42.25,1.615,74.0,70,0.2989,1,0
NEU-506382,TreatmentB,B03,94.55,-68.52,190.6,12.12,84.4,-38.76,0.948,67.7,76,0.2262,1,1
NEU-505156,TreatmentA,B02,98.06,-61.52,234.8,17.33,88.9,-45.65,1.053,42.9,95,0.5867,0,1
NEU-502042,Control,B01,106.96,-58.37,172.1,8.49,156.9,-36.69,1.031,50.4,81,0.1972,0,1
NEU-509505,TreatmentA,B02,116.82,-60.66,233.7,22.18,116.6,-45.32,1.165,48.8,81,0.3747,1,0
NEU-505976,Control,B03,100.74,-63.97,237.4,7.18,127.0,-42.67,0.951,27.2,75,0.2845,0,1
NEU-503285,Control,B01,93.65,-68.09,185.7,14.91,150.7,-44.01,0.993,45.4,102,0.3362,0,1
NEU-506818,Control,B03,122.7,-69.0,202.0,11.91,80.2,-36.41,1.286,82.3,67,0.2974,1,1
NEU-507160,TreatmentB,B03,102.5,-67.02,182.8,17.01,77.0,-42.73,0.963,56.0,75,0.2169,0,0
NEU-500429,TreatmentA,B03,86.97,-64.24,299.4,21.16,73.4,-41.63,0.995,46.2,78,0.2917,0,1
NEU-503509,TreatmentB,B02,87.72,-75.28,202.1,12.11,112.8,-41.09,2.01,57.7,86,0.348,0,0
NEU-507502,TreatmentA,B03,89.23,-65.51,99.5,16.23,72.7,-38.02,0.871,65.4,95,0.4519,1,0
NEU-505245,Control,B02,97.93,-65.37,221.8,18.73,167.4,-48.04,0.745,31.0,98,0.3014,0,1
NEU-503414,TreatmentA,B02,113.71,-74.13,223.5,12.3,83.1,-39.77,0.353,64.4,84,0.4044,0,0
NEU-503975,Control,B03,110.24,-58.09,186.5,13.19,114.0,-43.82,1.743,17.0,91,0.2254,1,0
NEU-508864,Control,B03,74.16,-48.63,352.2,17.55,123.0,-43.18,1.622,77.4,88,0.2771,1,0
NEU-500002,TreatmentB,B03,94.06,-66.84,191.8,12.75,44.0,-40.68,1.39,53.1,106,0.4262,0,0
NEU-501721,Control,B01,115.57,-59.39,212.5,9.14,135.6,-42.68,0.766,21.5,90,0.3047,0,1
NEU-509550,TreatmentA,B01,114.06,-62.74,225.7,7.19,117.7,-44.31,0.709,48.1,84,0.4629,1,1
NEU-501114,Control,B02,103.64,-69.13,271.1,14.91,73.1,-40.37,1.498,51.1,97,0.4432,1,1
NEU-500347,TreatmentB,B01,83.31,-69.06,215.7,7.49,75.9,-39.56,1.06,82.5,91,0.2129,1,1
