sample_id,group,batch,measure_1,resting_potential_mv,input_resistance_mohm,membrane_tau_ms,rheobase_pa,ap_threshold_mv,ap_half_width_ms,max_firing_rate_hz,spike_count,adaptation_index,target_a,target_b
NEU-000001,Control,B02,116.44,-61.06,97.0,10.92,138.5,-45.03,1.373,24.7,78,0.2367,0,1
NEU-000002,TreatmentA,B03,103.52,-65.48,322.7,8.74,165.6,-38.53,0.881,49.5,82,0.3975,0,1
NEU-000003,TreatmentA,B02,101.56,-62.18,109.9,10.15,156.4,-39.43,1.76,43.6,104,0.157,1,1
NEU-000004,TreatmentB,B03,103.91,-66.24,215.1,16.1,112.8,-42.45,1.932,43.8,86,0.1385,1,0
NEU-000005,TreatmentA,B03,112.28,-69.78,114.9,25.98,159.7,-45.08,0.967,48.0,91,0.2862,0,0
NEU-000006,TreatmentA,B01,96.14,-68.6,146.4,10.08,77.5,-43.72,0.792,20.1,68,0.3882,0,1
NEU-000007,Control,B03,84.81,-71.59,568.2,12.8,169.2,-44.13,0.827,41.3,74,0.137,0,1
NEU-000008,Control,B03,92.42,-70.91,196.0,11.86,166.2,-46.24,0.694,26.2,67,0.4428,0,0
NEU-000009,Control,B03,100.52,-70.59,208.9,27.59,136.8,-40.36,1.204,39.3,90,0.5223,0,1
NEU-000010,TreatmentA,B03,78.58,-69.33,178.3,7.37,23.6,-43.26,0.673,38.8,91,0.2585,1,1
NEU-000011,TreatmentB,B03,87.86,-60.92,149.6,5.22,103.1,-45.47,0.781,51.2,90,0.1207,1,1
NEU-000012,Control,B03,80.17,-73.71,130.2,11.37,187.9,-46.72,1.0,22.7,68,0.4247,1,0
NEU-000013,TreatmentA,B01,82.9,-78.01,116.5,18.64,143.8,-37.05,1.378,44.3,95,0.3908,1,0
NEU-000014,Control,B01,99.75,-59.2,214.1,8.25,71.0,-44.91,0.927,32.1,85,0.3066,0,1
NEU-000015,TreatmentB,B02,90.05,-65.51,498.2,19.73,144.0,-38.23,0.929,32.3,91,0.5508,0,1
NEU-000016,TreatmentA,B01,69.98,-62.69,290.5,13.02,18.8,-43.61,1.021,55.0,91,0.251,0,0
NEU-000017,Control,B03,78.47,-63.47,231.9,10.75,158.4,-47.21,0.808,67.3,104,0.3019,0,1
NEU-000018,TreatmentB,B01,115.21,-60.51,181.6,21.44,77.8,-37.29,0.914,79.0,67,0.3911,1,1
NEU-000019,TreatmentA,B02,82.58,-69.57,345.0,14.27,108.8,-40.82,0.92,60.9,92,0.6233,0,0
NEU-000020,Control,B03,88.68,-55.95,142.1,12.78,197.3,-37.79,0.998,55.4,91,0.2296,1,1
NEU-000021,Control,B01,100.92,-61.91,210.4,14.63,105.1,-43.39,1.007,37.5,79,0.3762,0,1
NEU-000022,TreatmentA,B01,76.12,-75.02,118.6,19.63,109.5,-42.7,1.013,51.2,93,0.1787,1,0
NEU-000023,Control,B01,87.09,-69.94,187.3,13.7,82.8,-39.02,1.108,35.4,79,0.4778,0,0
NEU-000024,TreatmentB,B02,103.88,-60.18,179.0,20.06,152.4,-51.82,1.376,56.4,76,0.3698,1,0
NEU-000025,Control,B02,93.25,-63.38,220.9,10.56,117.4,-41.69,1.187,42.4,69,0.2467,0,1
NEU-000026,TreatmentB,B03,103.12,-56.43,233.2,13.63,127.9,-41.6,0.598,54.8,91,0.4162,0,0
NEU-000027,TreatmentA,B03,79.19,-65.9,195.5,10.82,99.4,-50.9,0.983,38.5,90,0.1552,0,1
NEU-000028,TreatmentB,B02,98.32,-65.89,334.0,26.28,92.5,-39.58,1.76,28.6,78,0.2959,1,0
NEU-000029,TreatmentB,B01,103.66,-64.81,188.0,14.97,5.8,-38.14,1.849,71.3,67,0.4278,1,1
NEU-000030,TreatmentB,B03,115.02,-54.11,186.4,11.28,35.5,-43.69,1.273,68.6,83,0.3681,1,0
NEU-000031,TreatmentB,B02,93.85,-65.25,78.4,11.51,49.8,-48.93,1.648,46.1,81,0.2773,1,1
NEU-000032,TreatmentA,B02,120.45,-67.0,291.3,18.77,189.8,-41.81,0.979,38.6,90,0.314,0,1
NEU-000033,TreatmentB,B03,98.16,-72.54,184.2,16.87,84.1,-38.73,1.057,69.5,96,0.3288,1,0
NEU-000034,TreatmentB,B01,81.77,-57.75,116.4,8.84,89.9,-47.39,1.544,57.0,102,0.3257,1,0
NEU-000035,TreatmentB,B01,124.24,-59.94,105.9,13.05,19.2,-41.66,1.8,44.8,106,0.6569,1,0
NEU-000036,TreatmentA,B01,102.81,-67.72,105.5,12.28,124.4,-47.2,0.818,41.6,89,0.3246,1,1
NEU-000037,Control,B01,97.28,-72.7,341.0,8.45,132.7,-47.86,1.028,35.4,82,0.3963,0,0
NEU-000038,Control,B02,134.53,-63.6,171.8,11.52,88.5,-36.26,1.68,41.6,78,0.3149,1,1
NEU-000039,Control,B02,123.87,-57.47,338.3,10.3,128.6,-37.9,1.436,36.3,82,0.2896,0,0
NEU-000040,TreatmentA,B03,123.39,-61.17,208.2,19.4,125.3,-51.62,0.797,40.6,76,0.2875,0,0
NEU-000041,Control,B02,105.71,-70.04,256.2,12.86,92.1,-44.75,2.254,23.8,94,0.2359,1,1
NEU-000042,TreatmentA,B01,90.76,-72.06,389.4,13.87,192.2,-43.18,1.274,52.9,75,0.5505,0,1
NEU-000043,Control,B01,109.63,-63.37,187.0,14.3,130.7,-45.5,0.854,33.6,82,0.3473,0,1
NEU-000044,TreatmentA,B01,109.09,-61.61,200.3,10.35,66.4,-41.25,0.744,55.3,81,0.2698,0,0
NEU-000045,Control,B02,95.29,-63.77,101.6,7.6,177.0,-47.36,0.844,61.8,99,0.41,1,0
NEU-000046,TreatmentB,B01,130.4,-61.63,242.8,7.96,44.7,-36.46,1.255,46.0,87,0.2254,0,1
NEU-000047,Control,B03,132.72,-65.89,175.6,17.25,151.6,-49.31,1.187,42.1,81,0.426,1,1
NEU-000048,Control,B03,108.61,-72.26,164.0,18.27,150.8,-53.4,0.519,36.0,95,0.4398,0,0
NEU-000049,TreatmentA,B01,100.88,-67.1,130.1,21.75,181.5,-46.4,1.095,47.7,82,0.6546,1,1
NEU-000050,TreatmentB,B02,94.47,-70.13,123.7,9.2,88.4,-44.88,0.967,62.4,98,0.3272,1,1
NEU-000051,TreatmentA,B03,85.42,-60.44,163.2,10.79,118.5,-40.29,1.285,24.8,87,0.3128,1,0
NEU-000052,TreatmentB,B02,102.98,-60.66,264.6,14.43,37.0,-44.83,0.708,48.2,89,0.2696,0,0
NEU-000053,TreatmentB,B01,101.1,-59.51,260.9,8.65,62.1,-40.81,0.969,73.9,94,0.2774,1,1
NEU-000054,TreatmentB,B02,112.92,-73.0,146.3,12.57,106.1,-43.22,1.112,74.2,95,0.4379,1,0
NEU-000055,TreatmentA,B02,115.43,-72.94,133.9,18.52,91.3,-45.39,0.649,79.0,76,0.4118,1,0
NEU-000056,TreatmentA,B03,101.65,-75.91,357.4,14.86,85.3,-41.01,0.789,60.2,83,0.5201,0,0
NEU-000057,TreatmentA,B01,68.88,-68.46,188.7,9.53,88.3,-46.75,1.132,48.1,88,0.5364,0,0
NEU-000058,TreatmentB,B03,93.1,-67.94,222.3,11.47,147.8,-42.45,1.138,78.7,93,0.5157,1,0
NEU-000059,Control,B02,104.21,-59.2,245.1,6.61,106.7,-48.59,1.403,24.0,99,0.4141,0,0
NEU-000060,TreatmentA,B01,83.04,-68.18,158.5,28.88,137.0,-43.2,0.645,54.3,86,0.4362,1,1
NEU-000061,TreatmentB,B01,95.22,-59.02,200.4,12.59,115.3,-49.39,1.395,41.2,96,0.4808,1,0
NEU-000062,Control,B02,96.62,-67.23,121.4,17.48,172.7,-35.78,0.73,49.0,90,0.5482,1,1
NEU-000063,TreatmentA,B01,99.51,-55.0,98.8,8.88,155.1,-45.93,0.902,46.9,69,0.3848,0,0
NEU-000064,TreatmentA,B03,98.06,-62.31,129.4,13.25,57.9,-39.14,0.939,39.8,91,0.3879,0,1
NEU-000065,Control,B02,76.13,-62.88,205.2,16.29,120.4,-39.71,0.773,41.0,87,0.3776,1,1
NEU-000066,Control,B02,86.53,-79.36,130.1,8.03,147.3,-46.15,0.776,13.2,88,0.3921,0,0
NEU-000067,Control,B02,133.69,-71.11,257.9,23.1,130.9,-38.11,0.71,31.4,83,0.3802,0,0
NEU-000068,TreatmentA,B03,86.17,-62.99,96.7,17.59,44.2,-41.75,1.839,45.1,94,0.2211,1,0
NEU-000069,TreatmentB,B02,114.41,-67.57,95.0,24.57,61.2,-44.02,0.968,39.1,84,0.3429,1,0
NEU-000070,TreatmentA,B03,87.8,-65.1,151.6,4.7,128.7,-39.93,1.003,30.2,79,0.1495,0,1
NEU-000071,Control,B02,94.04,-70.82,113.4,7.16,127.7,-42.51,0.882,15.9,96,0.5215,1,0
NEU-000072,TreatmentB,B01,102.72,-72.94,646.9,14.63,137.5,-46.15,0.852,74.0,86,0.3474,0,0
NEU-000073,TreatmentB,B03,105.36,-65.18,201.7,15.38,124.4,-47.92,0.945,56.9,111,0.4232,1,1
NEU-000074,TreatmentA,B02,122.92,-69.26,138.9,7.05,208.2,-38.92,2.017,54.2,65,0.3622,1,1
NEU-000075,TreatmentB,B01,98.67,-67.43,251.9,19.16,114.9,-43.18,0.557,52.1,76,0.5927,0,1
NEU-000076,TreatmentB,B01,101.86,-75.68,204.3,5.76,83.5,-39.48,1.931,70.0,74,0.3364,1,1
NEU-000077,TreatmentB,B02,127.04,-66.44,119.1,15.06,84.5,-45.38,1.391,48.3,90,0.5297,1,0
NEU-000078,Control,B03,115.8,-69.9,187.8,7.27,123.9,-43.82,0.682,24.8,104,0.4106,0,1
NEU-000079,Control,B03,109.42,-67.06,357.6,6.59,108.4,-39.79,1.433,54.8,84,0.4467,0,1
NEU-000080,TreatmentB,B01,113.75,-71.87,139.5,9.52,143.3,-42.18,0.703,74.7,77,0.5788,1,0
NEU-000081,TreatmentA,B01,96.81,-64.01,258.6,12.39,128.9,-32.97,0.874,20.6,89,0.5747,0,1
NEU-000082,Control,B02,77.08,-57.36,83.6,15.69,180.5,-45.6,0.901,50.0,94,0.3774,0,0
NEU-000083,TreatmentA,B01,74.86,-63.11,479.3,12.0,92.2,-48.89,1.12,37.5,97,0.2814,0,1
NEU-000084,Control,B02,92.71,-58.04,148.9,14.0,73.7,-38.83,1.321,24.1,88,0.369,0,0
NEU-000085,Control,B01,92.7,-63.33,94.4,11.36,138.8,-37.89,1.394,27.1,83,0.3659,1,1
NEU-000086,TreatmentA,B01,114.71,-57.61,224.8,12.51,147.2,-40.56,0.969,41.6,89,0.5169,0,0
NEU-000087,TreatmentB,B03,117.27,-74.18,175.6,19.28,78.1,-37.88,0.91,92.7,78,0.3795,1,0
NEU-000088,TreatmentB,B02,84.07,-63.06,106.7,9.32,95.0,-35.24,0.925,72.5,92,0.3643,0,1
NEU-000089,TreatmentB,B01,115.78,-61.65,310.9,9.31,41.9,-37.52,0.681,59.5,83,0.4928,0,0
NEU-000090,Control,B02,77.86,-61.46,379.2,15.0,105.9,-45.81,0.528,35.2,83,0.4926,0,1
NEU-000091,TreatmentA,B03,109.4,-62.59,81.4,8.97,78.6,-40.18,0.896,51.4,74,0.3772,1,1
NEU-000092,TreatmentB,B02,90.19,-67.89,130.3,24.26,29.0,-37.33,1.112,48.2,87,0.3623,0,1
NEU-000093,Control,B02,87.83,-75.05,367.8,29.78,117.1,-37.71,1.099,49.4,81,0.6013,0,1
NEU-000094,TreatmentB,B02,110.06,-67.58,119.3,21.82,70.1,-41.73,0.81,46.5,81,0.4442,1,1
NEU-000095,TreatmentB,B01,86.39,-64.35,118.0,17.53,83.8,-38.48,1.009,66.4,77,0.5733,1,1
NEU-000096,TreatmentB,B01,102.23,-69.1,91.6,11.08,115.0,-36.08,0.981,64.1,90,0.4971,1,1
NEU-000097,TreatmentB,B03,126.77,-65.64,392.1,8.42,35.7,-36.03,0.902,75.6,99,0.5154,1,1
NEU-000098,Control,B03,97.87,-51.21,189.0,9.44,140.8,-43.8,0.962,32.6,75,0.2284,1,0
NEU-000099,TreatmentA,B01,70.54,-63.78,101.4,10.15,124.9,-38.66,1.736,45.1,94,0.1264,1,1
NEU-000100,TreatmentB,B02,106.66,-70.33,157.3,16.4,42.2,-35.41,0.838,82.0,88,0.2142,0,0
NEU-000101,TreatmentB,B01,101.52,-67.5,169.2,15.03,119.0,-45.07,1.534,60.9,101,0.2269,1,0
NEU-000102,TreatmentA,B01,85.26,-69.06,182.6,10.75,63.6,-46.06,1.021,42.9,103,0.1523,0,1
NEU-000103,TreatmentA,B03,100.99,-71.72,233.3,9.4,168.8,-44.05,1.317,44.4,95,0.5662,1,1
NEU-000104,TreatmentA,B02,94.29,-60.5,178.5,23.69,130.2,-42.57,1.112,48.0,87,0.2759,1,0
NEU-000105,TreatmentA,B03,86.76,-71.0,142.9,17.14,105.7,-35.37,0.544,42.0,91,0.4174,1,1
NEU-000106,TreatmentB,B01,114.01,-62.87,145.6,17.58,133.6,-40.42,1.038,60.3,82,0.2427,1,0
NEU-000107,TreatmentB,B03,104.41,-75.97,160.0,16.34,158.7,-39.34,1.575,57.9,72,0.1336,1,0
NEU-000108,TreatmentB,B02,103.63,-69.06,159.6,13.25,47.9,-42.63,1.286,81.8,81,0.5775,1,0
NEU-000109,TreatmentB,B02,76.33,-69.07,112.3,18.65,25.7,-42.0,1.04,64.5,72,0.3413,1,0
NEU-000110,Control,B02,98.87,-67.36,149.1,11.5,126.0,-43.31,1.293,53.1,85,0.547,0,0
NEU-000111,TreatmentA,B01,106.87,-61.59,172.6,10.48,142.1,-39.65,0.606,83.0,90,0.3367,0,1
NEU-000112,TreatmentA,B03,92.39,-63.44,200.2,11.18,136.0,-44.45,0.851,24.2,92,0.3735,0,1
NEU-000113,Control,B03,111.72,-68.04,165.6,11.51,119.0,-35.71,1.005,39.6,79,0.7017,0,1
NEU-000114,TreatmentA,B02,92.64,-64.35,280.6,10.45,115.4,-42.68,0.668,63.4,74,0.4677,0,1
NEU-000115,TreatmentA,B02,103.59,-67.69,343.6,13.39,160.2,-46.38,2.002,54.1,92,0.5117,1,1
NEU-000116,Control,B02,118.83,-63.98,148.8,11.51,174.6,-48.87,1.998,37.2,91,0.6297,1,1
NEU-000117,TreatmentB,B01,107.16,-72.67,246.4,12.21,130.2,-39.29,0.865,58.7,83,0.3657,1,0
NEU-000118,TreatmentA,B03,111.27,-69.53,276.4,25.9,93.3,-45.68,0.945,50.6,97,0.2163,0,0
NEU-000119,TreatmentA,B01,109.08,-59.95,87.8,10.76,147.8,-41.57,0.825,44.8,83,0.4624,0,1
NEU-000120,Control,B03,93.35,-77.24,149.6,9.2,145.8,-36.25,1.484,29.3,80,0.4323,0,0
NEU-000121,TreatmentB,B02,91.33,-63.82,386.8,13.06,116.7,-42.59,0.999,36.8,98,0.1908,0,1
NEU-000122,TreatmentB,B02,128.19,-59.4,67.5,8.76,41.8,-38.79,1.264,58.8,90,0.3247,1,1
NEU-000123,Control,B03,86.97,-56.37,359.2,11.24,104.9,-39.38,1.232,48.5,86,0.461,0,0
NEU-000124,TreatmentB,B02,99.16,-63.16,149.0,21.41,94.1,-36.42,0.645,62.5,85,0.4686,0,1
NEU-000125,Control,B03,86.29,-63.14,206.5,15.32,133.6,-41.68,1.136,29.6,101,0.6447,0,1
NEU-000126,TreatmentA,B02,100.57,-72.2,195.9,8.34,99.9,-40.73,1.159,36.2,83,0.3149,1,0
NEU-000127,TreatmentA,B02,102.38,-69.56,216.7,19.98,99.2,-46.42,1.26,48.8,81,0.5742,0,1
NEU-000128,Control,B01,86.66,-58.16,161.0,10.69,197.6,-41.55,0.985,43.1,87,0.3202,0,0
NEU-000129,Control,B03,87.29,-70.22,77.1,17.26,192.0,-40.35,1.477,59.4,84,0.265,0,0
NEU-000130,Control,B03,102.74,-59.34,276.4,5.98,162.2,-37.32,0.839,44.4,90,0.2314,0,1
NEU-000131,TreatmentA,B03,112.11,-67.83,537.0,16.32,52.8,-32.43,0.895,49.2,76,0.5617,0,1
NEU-000132,Control,B01,104.09,-66.55,135.6,17.22,117.9,-46.85,0.71,47.9,89,0.205,0,0
NEU-000133,TreatmentA,B01,117.84,-59.55,117.3,11.27,122.4,-34.62,0.631,30.7,81,0.2246,0,1
NEU-000134,TreatmentA,B03,91.35,-63.23,152.4,32.48,168.9,-43.11,0.958,70.3,84,0.401,1,1
NEU-000135,TreatmentA,B01,87.15,-62.41,198.7,6.28,94.2,-40.39,0.64,52.2,93,0.1427,1,1
NEU-000136,Control,B03,71.35,-58.85,235.1,24.98,125.4,-44.3,1.507,52.0,94,0.3936,1,0
NEU-000137,TreatmentB,B02,119.95,-67.96,59.8,21.4,96.4,-42.05,0.564,54.2,96,0.6905,1,1
NEU-000138,Control,B01,82.77,-57.06,129.4,19.47,108.1,-43.69,1.138,20.7,97,0.8151,1,1
NEU-000139,TreatmentA,B02,129.45,-57.23,120.6,6.12,133.3,-42.64,1.31,27.3,86,0.6569,0,0
NEU-000140,TreatmentA,B02,117.5,-65.5,142.5,9.93,173.1,-43.19,0.982,28.8,101,0.6334,0,0
NEU-000141,TreatmentB,B01,109.66,-66.12,143.9,28.16,54.9,-40.12,0.717,55.5,101,0.5634,1,1
NEU-000142,Control,B02,102.89,-62.45,247.5,22.16,167.2,-39.92,0.793,6.4,93,0.33,0,1
NEU-000143,TreatmentA,B02,100.78,-68.27,59.8,10.65,157.6,-39.88,1.098,38.4,80,0.3316,1,1
NEU-000144,TreatmentA,B03,88.57,-68.12,243.3,11.05,90.6,-41.21,0.896,54.1,81,0.4565,0,1
NEU-000145,TreatmentB,B03,108.87,-56.6,236.5,14.46,60.0,-43.95,1.228,49.9,74,0.4868,1,0
NEU-000146,Control,B03,98.92,-67.25,166.9,10.45,144.8,-47.68,0.707,35.6,88,0.6169,0,1
NEU-000147,TreatmentB,B02,89.92,-64.51,167.7,9.68,91.4,-42.71,0.906,69.7,83,0.3032,1,1
NEU-000148,TreatmentB,B02,89.6,-65.38,158.5,15.49,79.6,-41.51,0.873,63.0,92,0.3057,0,1
NEU-000149,Control,B03,99.93,-65.0,180.4,21.19,145.1,-43.63,1.221,34.0,94,0.1921,0,0
NEU-000150,TreatmentA,B01,98.03,-66.35,428.7,13.91,153.9,-39.86,0.897,53.0,83,0.1583,0,1
NEU-000151,TreatmentA,B01,118.66,-59.76,194.6,7.7,81.1,-39.17,0.965,63.8,78,0.3752,0,0
NEU-000152,TreatmentA,B03,103.92,-55.73,184.8,6.78,120.4,-46.78,0.57,34.3,91,0.3636,1,1
NEU-000153,Control,B01,139.14,-66.75,180.9,9.63,167.4,-42.73,1.474,30.6,96,0.4729,0,0
NEU-000154,Control,B01,96.29,-68.73,245.4,14.85,117.5,-34.62,0.883,43.8,68,0.3767,0,1
NEU-000155,Control,B01,107.76,-58.97,196.1,17.75,113.1,-45.01,0.943,48.0,105,0.329,0,0
NEU-000156,TreatmentB,B03,90.2,-71.95,160.3,9.75,97.2,-44.27,0.971,47.5,98,0.732,1,0
NEU-000157,Control,B03,122.28,-69.59,60.4,6.9,121.6,-39.7,0.611,27.7,82,0.3707,0,0
NEU-000158,TreatmentB,B02,118.53,-63.77,199.4,12.07,124.9,-40.39,1.111,51.3,83,0.1635,1,1
NEU-000159,Control,B01,89.87,-58.84,107.4,9.29,198.3,-43.68,0.667,39.9,83,0.535,1,0
NEU-000160,TreatmentB,B03,122.46,-63.08,117.3,7.12,44.6,-42.41,1.283,32.7,91,0.3581,1,1
NEU-000161,TreatmentA,B02,89.84,-67.07,240.1,27.55,133.0,-46.3,0.816,61.5,85,0.3566,1,1
NEU-000162,TreatmentB,B03,80.18,-67.35,223.9,15.7,119.2,-39.19,1.498,68.4,83,0.246,0,1
NEU-000163,TreatmentA,B01,86.63,-64.77,277.2,8.92,54.4,-48.25,1.189,52.9,82,0.5019,0,1
NEU-000164,TreatmentB,B02,109.29,-60.57,176.7,4.56,7.1,-40.26,1.224,70.5,85,0.6062,0,0
NEU-000165,TreatmentA,B01,112.5,-70.42,102.2,8.4,84.7,-42.07,0.885,40.2,86,0.5078,0,0
NEU-000166,TreatmentB,B01,117.2,-60.6,193.8,23.77,83.8,-39.69,0.528,50.0,81,0.3107,0,0
NEU-000167,TreatmentA,B01,69.03,-67.63,166.0,8.55,112.4,-46.84,1.349,60.1,81,0.6564,1,0
NEU-000168,TreatmentB,B03,97.82,-59.47,207.6,14.13,110.6,-44.61,1.193,40.8,90,0.4208,1,0
NEU-000169,Control,B01,87.75,-72.29,225.7,9.86,133.2,-42.42,0.789,41.7,87,0.4003,0,0
NEU-000170,TreatmentA,B02,107.43,-70.5,263.8,18.18,86.6,-40.04,0.81,38.4,75,0.3541,0,0
NEU-000171,TreatmentB,B01,96.48,-63.88,236.6,6.25,101.4,-39.22,0.888,48.5,95,0.2722,1,1
NEU-000172,TreatmentA,B02,71.53,-49.12,320.4,15.38,91.7,-40.56,0.805,56.3,97,0.3746,0,0
NEU-000173,TreatmentB,B01,123.46,-68.69,169.3,10.98,73.8,-42.04,0.619,82.4,89,0.3365,1,1
NEU-000174,TreatmentB,B02,130.55,-68.4,147.7,8.56,92.9,-50.04,1.112,47.4,77,0.346,0,0
NEU-000175,TreatmentB,B02,107.73,-63.11,175.0,13.26,81.6,-42.91,1.481,43.5,99,0.3322,1,0
NEU-000176,Control,B03,101.44,-63.24,247.3,25.5,193.0,-37.92,1.19,35.2,81,0.33,1,0
NEU-000177,Control,B02,103.41,-69.93,219.4,30.69,101.5,-40.36,1.534,60.3,75,0.2374,1,1
NEU-000178,Control,B02,83.21,-54.92,99.1,10.48,123.0,-36.74,0.883,33.4,88,0.4791,1,0
NEU-000179,TreatmentB,B01,126.11,-66.26,500.8,17.34,94.3,-42.49,0.932,69.3,81,0.1577,0,1
NEU-000180,TreatmentB,B01,94.01,-60.48,274.4,13.34,145.4,-44.94,0.997,28.9,95,0.4275,0,1
NEU-000181,TreatmentA,B01,102.15,-66.97,409.2,22.74,114.4,-48.0,0.803,53.0,78,0.2908,0,0
NEU-000182,TreatmentB,B03,86.88,-56.08,541.3,15.42,74.8,-48.19,1.077,32.9,86,0.1134,0,0
NEU-000183,TreatmentA,B01,107.47,-71.35,311.9,9.9,87.7,-40.2,0.992,61.6,84,0.2521,0,1
NEU-000184,TreatmentB,B01,103.59,-60.17,164.0,16.83,104.2,-46.64,0.754,57.0,104,0.219,0,0
NEU-000185,Control,B01,103.88,-55.73,162.8,10.74,213.5,-44.57,1.589,51.9,98,0.2433,1,0
NEU-000186,Control,B03,98.75,-64.32,166.0,10.75,201.3,-49.69,0.812,2.4,82,0.4348,0,1
NEU-000187,Control,B01,111.89,-54.43,76.3,15.61,197.7,-43.69,1.276,34.1,89,0.4179,1,0
NEU-000188,TreatmentA,B03,101.58,-57.15,297.2,10.58,117.7,-41.66,0.535,38.9,65,0.3036,0,0
NEU-000189,TreatmentA,B01,111.02,-61.74,151.2,16.17,128.5,-45.04,1.006,58.5,90,0.3944,1,1
NEU-000190,TreatmentB,B02,95.65,-65.99,290.3,17.3,123.4,-47.04,1.178,42.6,85,0.5549,0,1
NEU-000191,Control,B01,98.1,-69.72,450.3,26.1,114.7,-43.38,0.996,41.7,90,0.4585,0,1
NEU-000192,TreatmentB,B01,72.31,-61.45,179.4,15.71,115.8,-41.87,1.283,61.0,88,0.2153,1,1
NEU-000193,TreatmentB,B02,94.35,-69.92,204.2,14.46,144.4,-36.32,0.766,91.6,94,0.5675,1,0
NEU-000194,Control,B01,89.28,-69.11,338.9,12.88,83.4,-39.82,0.612,41.4,75,0.4629,0,0
NEU-000195,TreatmentA,B01,94.5,-56.82,334.0,12.08,130.7,-40.3,1.048,48.2,80,0.3487,1,0
NEU-000196,TreatmentA,B03,88.85,-60.75,256.5,9.55,66.4,-39.55,1.235,44.0,97,0.4382,0,0
NEU-000197,TreatmentA,B02,106.97,-69.16,103.1,30.77,165.6,-43.75,1.044,46.1,85,0.3314,1,0
NEU-000198,Control,B02,93.44,-63.2,150.8,7.59,82.1,-50.32,0.467,30.6,90,0.5095,0,1
NEU-000199,TreatmentA,B01,96.18,-70.14,326.5,39.26,63.6,-40.6,0.964,61.9,108,0.4575,0,1
NEU-000200,TreatmentA,B01,97.98,-57.2,182.6,14.35,113.6,-43.3,1.397,63.8,90,0.2438,1,0
NEU-000201,TreatmentB,B02,114.78,-63.04,92.6,7.84,126.7,-43.78,0.663,73.2,85,0.3519,0,1
NEU-000202,TreatmentA,B01,103.39,-64.1,132.4,21.15,137.5,-42.99,1.467,47.9,119,0.8121,1,1
NEU-000203,TreatmentA,B01,103.83,-66.94,405.3,14.31,165.9,-48.19,1.398,82.5,87,0.1293,1,0
NEU-000204,TreatmentB,B02,82.68,-76.94,96.1,8.42,80.5,-40.0,0.771,63.5,88,0.3289,0,0
NEU-000205,TreatmentB,B02,120.44,-65.67,323.1,16.97,35.4,-37.58,1.267,70.6,79,0.2292,1,1
NEU-000206,Control,B01,118.31,-65.76,84.7,13.1,155.3,-49.8,0.753,30.6,78,0.1906,0,1
NEU-000207,Control,B02,127.2,-78.74,318.6,14.03,154.4,-35.42,0.518,34.6,66,0.3844,0,0
NEU-000208,Control,B02,113.1,-64.42,138.9,12.23,131.8,-45.82,1.119,31.7,84,0.3849,0,1
NEU-000209,TreatmentB,B01,79.1,-75.62,402.5,17.28,45.7,-40.25,0.953,57.1,92,0.3206,0,0
NEU-000210,Control,B03,86.43,-65.62,477.7,9.9,138.0,-41.24,1.346,34.3,98,0.4504,0,0
NEU-000211,Control,B02,110.8,-56.27,251.7,16.16,170.6,-44.75,1.36,45.5,93,0.3699,1,0
NEU-000212,Control,B02,116.66,-69.75,232.1,16.48,109.3,-48.62,1.117,59.8,82,0.4372,1,1
NEU-000213,Control,B03,107.01,-64.18,92.7,12.05,183.1,-37.9,1.07,38.2,86,0.3756,1,1
NEU-000214,TreatmentB,B02,88.17,-56.96,150.5,9.6,63.2,-44.72,1.236,56.5,81,0.5263,1,0
NEU-000215,Control,B01,123.52,-56.12,158.3,11.67,113.5,-33.37,0.963,32.0,73,0.3892,1,0
NEU-000216,TreatmentB,B02,109.89,-68.05,154.8,12.15,49.5,-35.21,1.209,44.9,88,0.2954,1,0
NEU-000217,TreatmentA,B01,102.32,-62.75,258.8,12.58,106.9,-34.18,0.875,64.3,74,0.1988,0,0
NEU-000218,Control,B02,101.58,-61.46,108.0,10.16,87.0,-42.72,1.139,15.3,88,0.5873,0,0
NEU-000219,TreatmentB,B03,102.07,-62.45,382.6,11.46,20.1,-39.52,1.34,77.5,80,0.2352,1,1
NEU-000220,Control,B02,107.84,-63.04,171.3,11.23,127.9,-40.53,1.095,48.8,85,0.1103,0,1
NEU-000221,TreatmentA,B02,126.56,-66.33,117.4,18.84,159.3,-35.87,0.77,50.7,91,0.4292,1,1
NEU-000222,Control,B03,114.06,-59.79,182.0,15.65,144.5,-44.36,1.14,12.2,82,0.7296,0,1
NEU-000223,TreatmentB,B02,107.7,-66.45,97.0,22.1,87.5,-43.01,0.902,60.2,91,0.3887,0,0
NEU-000224,Control,B02,101.2,-61.81,114.0,18.14,143.0,-41.1,1.055,69.5,80,0.6177,1,1
NEU-000225,Control,B02,95.36,-63.15,220.3,11.71,135.3,-40.72,0.57,46.0,76,0.276,0,1
NEU-000226,Control,B02,108.92,-66.98,106.5,12.98,200.9,-42.07,0.829,35.2,79,0.3602,1,1
NEU-000227,TreatmentA,B02,103.47,-62.77,172.6,15.84,99.1,-34.87,1.505,51.4,95,0.3499,1,1
NEU-000228,Control,B02,116.5,-55.82,138.3,9.75,188.1,-41.04,1.266,24.2,85,0.1563,1,1
NEU-000229,TreatmentA,B03,82.41,-71.01,142.5,20.11,75.3,-40.51,1.021,46.6,94,0.444,0,0
NEU-000230,TreatmentB,B03,71.43,-67.16,152.6,16.77,55.1,-41.98,0.94,60.9,89,0.5456,1,1
NEU-000231,Control,B02,86.01,-58.26,124.8,10.35,143.5,-47.58,0.905,52.4,103,0.6085,1,0
NEU-000232,TreatmentB,B03,130.14,-56.21,97.2,14.69,26.7,-38.28,0.637,63.3,79,0.3142,1,0
NEU-000233,TreatmentB,B03,112.06,-66.66,139.3,14.01,63.7,-43.46,0.911,84.1,74,0.7478,1,1
NEU-000234,TreatmentB,B03,127.77,-69.27,311.0,14.33,32.8,-50.52,1.038,51.7,92,0.6173,1,1
NEU-000235,TreatmentB,B02,92.96,-60.84,184.9,13.06,146.6,-43.47,0.779,42.5,76,0.3926,1,1
NEU-000236,Control,B02,90.15,-63.16,182.4,22.54,11.8,-42.36,0.926,37.6,106,0.4064,0,1
NEU-000237,TreatmentA,B01,105.51,-60.42,144.5,21.15,115.1,-37.53,0.948,41.8,88,0.4538,0,1
NEU-000238,TreatmentB,B03,110.65,-54.04,211.2,17.82,114.2,-46.61,0.91,76.0,96,0.4125,1,0
NEU-000239,TreatmentA,B02,97.47,-69.23,116.0,25.37,85.9,-39.87,0.641,36.6,86,0.3133,0,0
NEU-000240,TreatmentA,B03,101.98,-64.37,258.1,15.59,89.9,-38.25,1.792,25.7,79,0.2079,0,0
NEU-000241,TreatmentB,B03,102.78,-77.24,122.4,11.64,97.5,-42.58,1.37,45.2,100,0.3905,1,0
NEU-000242,Control,B03,97.7,-60.57,120.8,20.87,113.1,-39.66,0.822,27.6,103,0.6874,0,1
NEU-000243,TreatmentB,B03,85.29,-69.11,217.3,15.73,133.0,-35.56,1.25,61.0,106,0.3659,1,1
NEU-000244,TreatmentA,B03,95.99,-58.46,106.7,7.73,172.0,-42.4,0.936,52.2,87,0.2837,1,1
NEU-000245,TreatmentA,B03,85.43,-72.16,97.1,11.97,134.6,-36.1,1.018,25.5,88,0.2053,0,1
NEU-000246,TreatmentA,B03,118.09,-75.27,172.1,11.66,67.3,-43.06,1.471,56.7,104,0.6462,1,0
NEU-000247,TreatmentA,B02,90.87,-69.28,168.2,9.68,109.9,-39.36,1.038,60.8,96,0.2562,1,1
NEU-000248,TreatmentB,B02,103.0,-72.61,90.3,14.18,145.6,-42.63,1.349,50.7,69,0.4321,1,0
NEU-000249,TreatmentB,B01,107.19,-60.47,393.7,13.43,47.8,-47.27,1.013,73.7,100,0.6558,0,0
NEU-000250,TreatmentA,B01,97.07,-63.72,293.9,18.43,199.1,-40.95,0.833,43.7,74,0.2374,0,1
NEU-000251,TreatmentB,B02,112.82,-61.97,113.4,18.46,100.7,-45.14,0.883,39.9,77,0.5372,0,1
NEU-000252,TreatmentA,B01,107.82,-53.98,72.6,8.51,55.5,-42.61,0.61,29.8,53,0.439,0,0
NEU-000253,TreatmentA,B03,68.93,-55.89,105.6,14.32,93.5,-39.46,1.063,30.8,74,0.4625,0,0
NEU-000254,TreatmentB,B02,99.64,-67.81,274.8,25.2,105.6,-39.36,0.789,49.3,91,0.5258,0,1
NEU-000255,TreatmentB,B01,106.93,-67.57,185.0,11.76,33.6,-38.02,2.038,36.4,90,0.4828,0,1
NEU-000256,TreatmentB,B03,104.81,-66.27,133.8,13.29,102.5,-41.1,0.871,54.2,76,0.4198,1,1
NEU-000257,TreatmentA,B03,93.1,-74.49,358.7,9.17,138.9,-36.56,1.802,26.7,77,0.4776,0,0
NEU-000258,TreatmentB,B03,71.92,-74.29,168.0,14.24,91.2,-38.31,1.08,49.1,91,0.3396,1,0
NEU-000259,TreatmentA,B02,118.47,-59.14,174.3,13.4,116.0,-45.97,0.889,38.8,77,0.1038,1,0
NEU-000260,TreatmentB,B01,98.86,-70.14,214.7,11.9,99.5,-43.72,1.179,77.7,89,0.3126,1,0
NEU-000261,TreatmentB,B01,96.24,-59.58,109.3,16.89,67.8,-39.2,0.903,54.2,85,0.5426,1,1
NEU-000262,TreatmentB,B01,120.02,-70.08,179.6,16.13,94.9,-38.09,0.988,79.9,80,0.3661,1,0
NEU-000263,TreatmentB,B02,104.89,-71.11,159.5,6.92,28.8,-50.8,1.403,69.7,90,0.4059,1,0
NEU-000264,TreatmentA,B01,100.34,-64.89,290.6,7.92,112.0,-43.94,1.208,44.7,83,0.3958,0,1
NEU-000265,TreatmentA,B03,78.76,-61.76,95.3,12.74,206.2,-37.25,0.646,58.8,76,0.214,1,1
NEU-000266,TreatmentA,B01,98.45,-57.63,236.5,14.46,95.2,-38.0,0.973,40.2,72,0.5595,0,0
NEU-000267,TreatmentB,B02,115.79,-65.47,269.0,11.71,121.4,-39.7,1.366,87.3,75,0.2556,1,1
NEU-000268,Control,B03,88.83,-63.08,202.6,11.1,150.0,-39.54,1.261,28.0,86,0.5784,1,1
NEU-000269,Control,B03,113.56,-53.32,144.0,15.7,168.7,-45.5,1.206,47.6,92,0.4716,1,0
NEU-000270,TreatmentA,B02,104.71,-64.45,251.0,12.3,90.8,-39.42,1.335,71.7,90,0.2321,1,1
NEU-000271,TreatmentB,B03,105.18,-62.85,199.3,11.66,143.5,-34.73,1.037,37.2,87,0.3837,0,1
NEU-000272,Control,B01,104.26,-69.1,154.9,13.57,151.8,-35.5,0.994,41.0,77,0.4922,0,1
NEU-000273,TreatmentB,B01,112.07,-59.49,179.4,12.32,81.2,-41.91,0.894,63.5,82,0.4612,1,0
NEU-000274,TreatmentB,B01,130.41,-61.42,131.8,8.12,85.3,-39.36,1.019,68.7,91,0.5783,1,0
NEU-000275,Control,B03,104.99,-59.45,158.9,24.59,125.9,-36.49,0.899,47.9,71,0.434,0,1
NEU-000276,Control,B02,108.25,-69.86,164.8,18.53,210.4,-37.77,0.902,27.4,96,0.4312,0,1
NEU-000277,TreatmentB,B02,125.58,-65.2,322.0,11.15,76.3,-43.48,0.941,55.2,86,0.3732,0,1
NEU-000278,Control,B01,86.54,-65.08,304.6,8.42,90.2,-35.64,0.864,44.3,90,0.1789,0,1
NEU-000279,Control,B01,99.71,-71.31,171.9,16.11,181.8,-46.6,1.204,7.9,101,0.2756,0,0
NEU-000280,Control,B02,119.29,-67.56,79.0,11.5,0.9,-48.9,1.098,19.4,102,0.6327,0,0
NEU-000281,Control,B01,109.84,-61.2,98.0,9.88,145.4,-44.03,1.554,45.3,92,0.6521,1,0
NEU-000282,TreatmentA,B02,122.86,-66.0,127.9,10.15,113.9,-42.22,2.12,41.2,101,0.3114,1,1
NEU-000283,Control,B01,85.55,-59.07,132.9,8.78,201.2,-48.77,1.346,45.5,88,0.2085,0,1
NEU-000284,TreatmentA,B01,95.8,-68.34,194.3,10.56,115.1,-43.75,1.111,45.2,89,0.2745,1,1
NEU-000285,Control,B02,111.61,-63.1,185.1,14.85,117.6,-36.99,1.35,47.3,101,0.6864,0,1
NEU-000286,TreatmentB,B01,102.83,-64.01,157.9,9.55,77.7,-39.67,0.991,54.3,84,0.3659,1,0
NEU-000287,TreatmentB,B02,87.01,-64.98,286.6,19.66,62.0,-39.02,1.445,69.1,83,0.4628,1,1
NEU-000288,TreatmentA,B02,109.48,-62.28,278.7,10.4,159.9,-37.64,0.878,35.0,81,0.5404,0,0
NEU-000289,TreatmentB,B03,56.38,-68.91,223.7,6.44,90.9,-47.94,1.411,65.4,77,0.4365,1,0
NEU-000290,Control,B02,97.96,-66.02,158.9,9.78,158.0,-41.33,1.128,52.3,81,0.3114,0,1
NEU-000291,TreatmentB,B02,82.46,-62.69,240.3,14.92,157.5,-30.31,1.164,55.3,103,0.525,1,1
NEU-000292,TreatmentA,B03,104.36,-65.49,142.0,11.8,117.7,-41.97,0.98,53.3,82,0.2633,0,1
NEU-000293,Control,B01,85.02,-71.79,198.2,16.24,147.2,-40.48,1.678,26.8,81,0.2492,0,0
NEU-000294,TreatmentA,B02,78.63,-62.54,78.1,16.1,78.8,-34.82,1.384,50.9,72,0.5312,1,1
NEU-000295,TreatmentA,B01,108.24,-65.57,170.7,15.9,114.4,-43.02,0.464,38.8,101,0.2312,0,0
NEU-000296,TreatmentB,B03,98.46,-65.21,129.2,18.08,57.4,-37.95,0.643,44.0,84,0.3499,0,0
NEU-000297,TreatmentA,B01,94.86,-65.75,187.7,9.46,120.4,-37.57,0.748,51.7,90,0.259,0,1
NEU-000298,TreatmentA,B01,97.5,-60.52,190.8,6.17,154.2,-44.88,1.247,30.3,83,0.4555,0,0
NEU-000299,Control,B01,102.17,-79.88,162.4,10.02,135.8,-41.66,1.042,21.6,88,0.4355,1,0
NEU-000300,TreatmentB,B02,99.94,-64.62,103.7,13.58,85.7,-41.55,1.003,60.1,86,0.2294,1,1
NEU-000301,TreatmentA,B01,113.69,-73.06,324.1,9.58,79.1,-35.97,0.876,34.9,85,0.5946,0,0
NEU-000302,TreatmentA,B01,88.13,-64.32,210.9,19.81,145.9,-43.92,1.074,59.4,84,0.4127,1,1
NEU-000303,Control,B03,92.14,-57.99,119.7,9.46,110.8,-41.76,0.968,41.0,79,0.4247,0,1
NEU-000304,TreatmentB,B03,103.94,-60.31,199.7,9.86,135.2,-45.24,1.226,86.0,89,0.4402,1,0
NEU-000305,Control,B02,98.36,-64.79,134.1,7.95,87.0,-35.37,0.756,25.3,97,0.6692,0,0
NEU-000306,TreatmentB,B01,92.92,-62.24,485.9,8.01,92.8,-41.89,1.273,65.0,90,0.6509,1,0
NEU-000307,TreatmentA,B02,74.35,-63.62,537.4,37.48,148.5,-42.22,1.651,45.4,87,0.7277,1,1
NEU-000308,TreatmentB,B01,100.79,-64.42,179.5,7.48,90.8,-41.58,0.828,74.7,79,0.3017,1,1
NEU-000309,TreatmentB,B03,133.87,-70.72,156.4,9.44,139.5,-41.9,1.172,51.6,85,0.419,1,0
NEU-000310,TreatmentB,B02,82.98,-68.34,262.5,22.86,62.0,-37.09,1.159,42.1,90,0.2268,0,0
NEU-000311,Control,B02,112.84,-61.41,88.3,19.7,138.7,-42.11,1.692,7.6,103,0.5857,0,1
NEU-000312,TreatmentA,B02,107.24,-62.85,175.4,12.91,114.7,-54.26,0.877,22.1,64,0.4119,0,1
NEU-000313,TreatmentA,B02,96.82,-65.17,228.0,20.77,56.2,-38.72,1.055,70.5,91,0.0889,0,0
NEU-000314,TreatmentA,B03,81.29,-57.97,104.4,28.65,69.8,-41.73,1.361,45.1,94,0.2354,0,0
NEU-000315,Control,B02,104.94,-57.9,276.9,15.26,59.4,-36.17,0.63,45.7,96,0.2782,0,0
NEU-000316,TreatmentB,B01,110.06,-65.95,183.4,9.71,102.4,-43.08,1.521,64.1,81,0.4784,1,1
NEU-000317,TreatmentA,B01,129.0,-75.96,112.8,16.76,75.4,-36.3,0.68,58.9,73,0.304,1,0
NEU-000318,TreatmentB,B03,91.82,-73.71,175.9,6.45,134.4,-48.46,0.68,73.6,77,0.4911,1,0
NEU-000319,TreatmentB,B02,102.13,-48.85,447.2,16.8,89.8,-39.49,0.971,70.1,72,0.6161,0,0
NEU-000320,Control,B02,73.02,-53.96,181.2,15.33,195.1,-37.31,0.789,37.5,68,0.2903,0,0
NEU-000321,Control,B03,81.69,-63.21,296.1,8.59,95.9,-36.17,1.872,41.4,102,0.4648,1,1
NEU-000322,Control,B03,119.24,-56.72,142.2,15.32,100.2,-52.19,1.265,51.3,95,0.2841,1,0
NEU-000323,TreatmentA,B01,120.85,-58.22,150.1,10.69,152.1,-39.66,1.2,44.1,88,0.2367,0,0
NEU-000324,TreatmentA,B02,96.95,-69.93,163.8,8.35,154.7,-42.09,1.074,49.8,80,0.2964,1,0
NEU-000325,TreatmentA,B01,108.54,-68.46,170.2,23.23,177.2,-38.24,0.961,39.0,99,0.3507,0,0
NEU-000326,TreatmentA,B02,112.79,-67.01,130.0,10.37,139.0,-34.19,1.141,46.7,86,0.3041,0,1
NEU-000327,Control,B03,107.29,-66.33,159.7,12.19,162.0,-45.53,1.359,42.0,94,0.68,0,0
NEU-000328,TreatmentB,B03,107.09,-61.86,246.9,10.73,89.2,-32.56,1.333,87.6,93,0.2325,1,1
NEU-000329,TreatmentA,B01,115.86,-68.22,329.3,6.1,111.1,-47.31,0.932,46.3,87,0.4078,0,1
NEU-000330,Control,B02,88.8,-57.5,191.6,11.7,65.8,-40.97,0.81,29.9,85,0.817,0,0
NEU-000331,TreatmentA,B02,75.83,-70.25,162.6,11.54,134.7,-38.65,0.958,55.7,87,0.4467,1,1
NEU-000332,Control,B02,110.52,-64.47,221.8,24.16,153.5,-42.52,1.26,45.7,70,0.4842,0,1
NEU-000333,TreatmentB,B03,84.83,-65.41,81.2,20.25,30.9,-45.82,0.576,49.3,77,0.3168,1,1
NEU-000334,TreatmentA,B03,99.47,-57.16,242.5,13.04,115.5,-46.25,1.317,40.2,83,0.4142,1,0
NEU-000335,Control,B01,99.3,-63.77,240.8,20.5,145.3,-35.97,1.815,27.4,99,0.4197,1,1
NEU-000336,TreatmentA,B03,73.75,-72.33,176.2,18.4,63.2,-38.07,1.643,31.4,90,0.5395,1,1
NEU-000337,TreatmentB,B01,96.86,-62.05,131.6,22.5,95.0,-37.51,1.254,75.9,71,0.1871,1,0
NEU-000338,Control,B03,110.72,-53.79,272.7,9.4,151.7,-43.81,1.058,14.9,77,0.3021,0,0
NEU-000339,TreatmentA,B02,82.33,-70.88,264.4,7.5,128.9,-32.99,0.519,70.9,108,0.5283,1,0
NEU-000340,TreatmentB,B02,91.6,-65.42,141.0,21.17,59.2,-47.29,0.899,57.6,81,0.3191,1,0
NEU-000341,TreatmentB,B03,95.89,-65.28,100.8,19.38,38.0,-47.39,0.979,54.8,83,0.2517,1,0
NEU-000342,Control,B01,95.52,-62.05,136.5,12.61,139.4,-45.62,1.853,51.3,104,0.4392,1,1
NEU-000343,TreatmentA,B02,85.6,-71.76,221.2,14.37,71.0,-47.62,0.932,52.6,81,0.1703,1,0
NEU-000344,Control,B02,115.3,-64.11,196.6,18.6,113.9,-35.92,1.157,20.7,75,0.4936,0,1
NEU-000345,Control,B03,84.86,-65.24,294.3,14.29,96.0,-49.55,1.58,46.0,84,0.8011,0,0
NEU-000346,Control,B01,117.41,-62.62,222.7,21.45,158.9,-43.9,1.327,23.5,107,0.5346,0,1
NEU-000347,TreatmentA,B02,123.6,-61.82,155.2,7.15,161.6,-36.12,1.126,58.2,91,0.1034,1,1
NEU-000348,TreatmentB,B03,92.19,-66.15,324.4,12.66,85.0,-51.07,0.823,71.2,81,0.1405,1,1
NEU-000349,TreatmentA,B01,62.67,-59.27,175.0,21.64,167.1,-42.74,1.127,37.4,91,0.361,0,0
NEU-000350,TreatmentB,B01,90.9,-67.64,129.3,13.04,122.9,-41.92,0.767,65.4,80,0.2552,0,0
NEU-000351,Control,B03,90.05,-59.45,122.7,8.64,195.3,-35.88,1.025,25.5,96,0.2193,0,1
NEU-000352,TreatmentA,B01,93.72,-65.67,136.3,7.04,136.7,-43.31,1.021,52.2,80,0.4935,0,0
NEU-000353,TreatmentB,B03,115.46,-67.28,78.3,10.08,1.7,-49.41,0.897,42.2,98,0.0848,0,1
NEU-000354,Control,B01,111.16,-55.65,418.4,8.12,112.1,-49.93,1.011,35.1,77,0.552,0,0
NEU-000355,TreatmentB,B02,85.68,-69.84,139.4,22.46,144.7,-39.97,1.104,62.7,72,0.4244,1,0
NEU-000356,Control,B02,86.5,-65.61,119.8,5.46,138.1,-38.98,0.819,22.0,65,0.2543,0,1
NEU-000357,TreatmentB,B01,56.68,-64.04,249.9,12.38,113.3,-43.09,0.871,47.5,95,0.2941,0,1
NEU-000358,TreatmentB,B02,115.85,-66.8,241.4,9.69,40.8,-42.1,0.863,52.1,95,0.54,1,0
NEU-000359,Control,B02,59.02,-67.89,317.2,12.98,157.6,-47.26,0.826,25.3,86,0.368,0,1
NEU-000360,TreatmentA,B01,117.16,-65.13,174.0,13.78,136.3,-35.16,0.645,26.4,82,0.1924,0,1
NEU-000361,TreatmentB,B02,103.97,-67.3,197.1,22.61,122.4,-41.54,1.002,61.0,77,0.419,1,0
NEU-000362,TreatmentB,B01,89.6,-70.48,99.7,19.43,76.9,-40.12,1.238,75.5,95,0.1553,1,0
NEU-000363,TreatmentA,B02,89.2,-56.66,125.2,15.1,128.7,-40.15,0.925,27.6,91,0.3173,1,0
NEU-000364,TreatmentA,B03,118.74,-60.47,226.3,7.04,117.2,-39.49,1.573,43.6,87,0.4394,0,0
NEU-000365,Control,B02,97.01,-65.26,112.7,10.66,115.8,-39.74,1.52,45.2,82,0.3985,1,1
NEU-000366,TreatmentB,B01,102.2,-66.78,262.0,11.07,151.8,-38.89,0.846,60.0,81,0.3291,0,1
NEU-000367,TreatmentB,B02,109.78,-68.16,185.1,10.88,57.8,-36.07,1.219,73.0,89,0.3914,0,1
NEU-000368,TreatmentA,B03,100.36,-60.28,92.4,8.01,116.2,-42.7,1.297,41.4,97,0.4726,1,0
NEU-000369,Control,B02,65.57,-70.93,106.8,11.54,67.7,-44.44,0.837,31.0,89,0.5371,0,0
NEU-000370,TreatmentA,B01,113.25,-61.45,349.1,8.14,64.1,-40.09,1.046,50.1,79,0.3438,0,1
NEU-000371,Control,B02,78.59,-66.56,136.4,11.57,166.9,-42.11,1.296,33.1,78,0.4188,0,1
NEU-000372,TreatmentB,B01,94.82,-50.19,173.4,13.99,115.2,-42.99,1.504,46.0,85,0.5299,1,0
NEU-000373,TreatmentB,B02,89.73,-59.35,319.7,12.78,82.4,-42.46,1.432,61.4,84,0.3085,0,1
NEU-000374,Control,B02,74.69,-67.22,125.8,15.79,136.5,-38.46,0.662,31.3,89,0.3808,0,0
NEU-000375,TreatmentB,B01,107.83,-61.85,168.5,11.7,125.6,-45.13,0.527,67.7,68,0.4475,0,1
NEU-000376,TreatmentB,B02,89.75,-61.08,244.5,15.04,72.8,-38.03,0.608,43.9,71,0.6567,0,0
NEU-000377,Control,B03,99.95,-71.32,215.2,19.11,132.0,-50.75,1.114,67.2,85,0.4773,0,0
NEU-000378,TreatmentA,B02,80.12,-65.87,174.0,14.91,83.8,-38.01,0.77,71.9,76,0.4118,1,1
NEU-000379,TreatmentB,B02,117.14,-59.36,246.0,11.9,97.6,-51.25,1.258,71.5,98,0.2255,0,1
NEU-000380,TreatmentA,B03,68.07,-63.71,177.7,9.18,112.0,-41.35,1.268,50.2,92,0.2792,1,1
NEU-000381,Control,B02,97.1,-60.16,62.5,21.47,99.5,-35.14,1.302,44.2,92,0.3392,1,0
NEU-000382,TreatmentA,B01,100.57,-72.0,136.2,17.03,147.9,-39.93,1.506,30.4,80,0.2852,1,0
NEU-000383,Control,B03,75.89,-59.17,305.2,4.33,119.8,-40.53,1.333,36.6,69,0.373,0,0
NEU-000384,Control,B02,108.64,-54.32,124.7,19.55,150.6,-35.11,0.961,29.6,81,0.4684,0,0
NEU-000385,TreatmentA,B02,105.44,-56.45,197.8,21.93,131.8,-50.48,1.291,56.4,89,0.2171,1,0
NEU-000386,TreatmentA,B02,95.07,-62.8,468.0,8.64,-7.4,-44.81,1.918,63.6,103,0.5041,1,0
NEU-000387,TreatmentB,B02,99.73,-61.87,141.9,11.79,122.3,-40.08,0.722,65.7,112,0.404,1,1
NEU-000388,Control,B01,103.49,-74.16,124.8,17.81,75.0,-43.47,1.198,29.9,87,0.2302,0,0
NEU-000389,TreatmentB,B02,99.5,-68.78,355.9,10.8,54.7,-43.2,0.977,60.9,102,0.3511,0,1
NEU-000390,Control,B01,82.18,-62.49,298.4,10.46,152.7,-36.46,0.985,15.9,67,0.2303,1,1
NEU-000391,TreatmentB,B03,95.56,-69.12,184.1,13.13,63.2,-45.52,0.928,69.7,86,0.311,1,0
NEU-000392,TreatmentB,B02,87.9,-66.69,356.0,14.27,45.2,-41.09,1.221,55.9,86,0.4023,1,1
NEU-000393,TreatmentA,B03,114.36,-71.51,206.8,14.47,109.1,-49.5,0.989,52.2,90,0.3262,1,0
NEU-000394,TreatmentB,B01,124.24,-71.62,130.3,4.92,103.0,-48.24,1.117,43.2,77,0.2265,0,1
NEU-000395,TreatmentA,B02,121.42,-72.95,274.2,11.45,173.0,-41.19,1.272,36.3,105,0.3858,0,0
NEU-000396,TreatmentA,B02,103.75,-63.78,345.3,13.25,109.1,-38.78,0.8,58.7,66,0.1108,0,0
NEU-000397,TreatmentA,B03,106.36,-62.84,141.3,8.18,99.6,-43.49,0.629,46.4,62,0.4854,0,1
NEU-000398,TreatmentB,B01,93.79,-55.86,376.0,10.8,92.6,-37.32,0.882,59.8,82,0.1625,0,0
NEU-000399,Control,B03,80.47,-65.0,134.4,11.86,120.2,-45.83,1.49,24.4,82,0.4261,0,1
NEU-000400,TreatmentA,B02,96.09,-53.66,238.9,6.41,152.5,-36.67,0.877,41.6,96,0.3642,0,0
NEU-000401,TreatmentB,B01,97.52,-63.48,314.5,33.32,64.7,-37.33,1.026,41.7,109,0.4175,1,0
NEU-000402,TreatmentA,B01,114.35,-59.01,292.9,8.02,142.9,-33.58,1.326,58.9,90,0.3853,0,0
NEU-000403,TreatmentA,B03,124.75,-70.77,247.1,14.47,102.0,-45.29,1.02,58.4,84,0.2768,0,0
NEU-000404,TreatmentA,B01,105.32,-67.6,52.2,6.34,142.3,-37.85,1.622,39.1,95,0.3947,1,1
NEU-000405,TreatmentB,B02,77.63,-61.32,81.2,12.5,73.3,-31.53,1.603,53.8,102,0.4463,1,1
NEU-000406,Control,B01,70.38,-62.56,230.3,11.34,126.8,-46.46,1.187,47.4,101,0.5447,0,0
NEU-000407,TreatmentB,B03,98.29,-67.88,250.4,10.15,66.2,-44.32,0.906,67.8,92,0.5716,1,0
NEU-000408,TreatmentA,B01,106.68,-58.54,102.4,9.05,97.7,-40.55,1.448,46.8,82,0.445,1,0
NEU-000409,Control,B01,108.02,-64.67,143.0,11.02,120.6,-47.06,0.956,41.0,84,0.4621,1,1
NEU-000410,Control,B03,90.74,-64.33,189.2,9.73,101.8,-37.39,0.874,30.7,78,0.1351,0,1
NEU-000411,TreatmentA,B03,111.51,-78.88,191.8,7.33,142.2,-38.11,0.882,40.8,79,0.6072,1,0
NEU-000412,TreatmentB,B03,120.76,-57.68,90.1,18.29,54.8,-42.31,0.438,58.2,76,0.5969,0,1
NEU-000413,Control,B01,93.58,-76.11,72.4,18.45,90.1,-34.48,1.104,56.4,84,0.6143,1,0
NEU-000414,Control,B01,112.89,-62.22,185.7,19.34,195.0,-45.9,1.089,37.1,80,0.3399,0,1
NEU-000415,TreatmentB,B03,129.72,-72.89,135.3,17.57,82.3,-45.98,0.572,72.3,92,0.2572,0,0
NEU-000416,Control,B02,119.95,-52.17,136.3,13.84,151.5,-37.79,1.355,60.4,74,0.1471,1,0
NEU-000417,TreatmentB,B03,85.3,-60.19,418.2,15.68,207.5,-51.45,1.424,64.2,81,0.4751,1,1
NEU-000418,TreatmentB,B01,95.72,-62.38,78.4,19.6,99.9,-39.31,0.795,41.1,91,0.1944,1,0
NEU-000419,TreatmentB,B02,98.27,-55.02,323.6,13.48,57.0,-40.46,1.322,55.9,92,0.1768,1,0
NEU-000420,Control,B02,85.73,-65.44,165.7,16.19,113.1,-42.24,0.998,34.9,89,0.6978,0,1
NEU-000421,TreatmentB,B01,90.52,-65.65,111.5,13.11,109.0,-43.92,0.533,43.8,82,0.3087,0,1
NEU-000422,Control,B02,100.31,-70.08,92.4,9.86,110.2,-43.82,0.619,28.4,90,0.7891,0,0
NEU-000423,Control,B01,91.76,-65.23,208.0,9.87,151.7,-46.09,1.159,54.7,80,0.525,1,1
NEU-000424,Control,B01,101.71,-60.69,187.1,15.8,81.0,-39.75,1.206,33.8,86,0.5299,1,1
NEU-000425,Control,B01,102.79,-65.45,255.9,24.31,76.0,-43.21,1.261,27.5,82,0.2543,0,0
NEU-000426,TreatmentA,B02,112.82,-69.75,203.1,13.89,67.8,-48.75,0.657,74.8,82,0.3717,1,1
NEU-000427,Control,B02,102.48,-71.05,151.8,9.89,70.9,-40.86,1.389,31.2,96,0.1806,0,1
NEU-000428,Control,B02,98.44,-62.92,157.8,13.26,71.3,-41.64,0.999,25.9,85,0.5292,0,1
NEU-000429,Control,B02,94.88,-62.53,316.4,9.1,126.6,-45.02,0.534,46.5,83,0.5492,1,0
NEU-000430,TreatmentA,B03,100.84,-68.93,142.6,17.06,126.2,-39.37,0.908,34.3,98,0.5606,0,1
NEU-000431,TreatmentB,B03,86.02,-68.54,186.9,18.21,122.9,-42.36,0.522,70.4,78,0.3952,1,1
NEU-000432,Control,B03,91.78,-68.57,61.6,14.56,104.5,-41.29,1.115,41.8,84,0.3354,1,0
NEU-000433,TreatmentA,B02,92.74,-64.23,363.4,18.89,117.1,-42.49,0.914,51.2,79,0.3784,0,0
NEU-000434,TreatmentB,B03,73.41,-60.53,189.5,10.47,60.3,-41.68,0.695,65.5,73,0.4488,0,0
NEU-000435,Control,B01,119.18,-67.07,363.9,7.83,93.9,-33.3,0.968,35.8,93,0.3076,0,1
NEU-000436,TreatmentB,B01,99.92,-76.8,57.9,15.26,97.1,-46.3,1.565,34.0,90,0.4199,1,0
NEU-000437,Control,B02,87.83,-58.11,208.1,13.27,147.6,-45.01,0.778,45.2,98,0.5164,0,0
NEU-000438,TreatmentB,B02,113.12,-67.48,287.3,17.92,121.1,-44.0,0.737,56.0,80,0.4405,1,1
NEU-000439,TreatmentA,B02,74.37,-59.25,200.6,18.44,105.6,-39.41,0.773,30.2,90,0.328,0,0
NEU-000440,TreatmentB,B02,78.36,-54.75,141.4,10.9,40.2,-44.46,1.017,75.7,72,0.4499,1,0
NEU-000441,TreatmentA,B03,102.68,-62.42,150.8,15.68,54.8,-48.61,1.045,40.9,82,0.5858,1,1
NEU-000442,TreatmentB,B02,113.67,-57.05,101.8,15.85,52.4,-45.91,1.018,57.0,89,0.396,1,0
NEU-000443,TreatmentA,B01,114.82,-72.0,317.2,26.28,55.0,-41.57,1.211,38.1,79,0.5071,0,0
NEU-000444,Control,B01,111.55,-63.36,229.0,13.43,120.0,-44.93,1.004,31.8,90,0.3525,0,0
NEU-000445,Control,B03,109.55,-68.63,122.9,10.52,134.4,-36.29,1.445,36.1,86,0.5764,1,0
NEU-000446,Control,B01,94.8,-64.47,124.1,12.51,158.0,-45.13,0.918,67.0,83,0.5934,1,0
NEU-000447,Control,B03,90.53,-65.21,173.8,9.82,128.3,-41.98,1.397,27.3,86,0.3738,0,1
NEU-000448,TreatmentB,B02,111.08,-68.19,109.0,15.06,84.5,-41.13,1.11,60.1,74,0.1708,0,1
NEU-000449,TreatmentB,B01,74.18,-60.59,94.5,8.22,96.5,-44.44,0.995,65.1,96,0.4416,1,1
NEU-000450,TreatmentB,B03,94.27,-65.26,346.5,11.89,61.6,-39.9,0.579,44.5,87,0.5878,0,1
NEU-000451,TreatmentB,B01,99.25,-62.42,230.3,10.51,50.6,-35.17,1.007,64.6,107,0.2121,0,1
NEU-000452,TreatmentB,B02,107.75,-64.51,178.1,13.67,59.7,-31.11,0.966,46.1,92,0.1707,1,1
NEU-000453,TreatmentA,B01,99.0,-63.42,93.3,14.51,66.1,-34.56,0.915,53.8,82,0.3105,1,1
NEU-000454,Control,B02,117.98,-70.29,190.5,12.82,135.1,-50.3,1.422,59.1,84,0.3421,1,0
NEU-000455,TreatmentB,B03,100.39,-67.17,294.7,13.92,108.9,-46.29,0.915,33.6,69,0.1665,0,1
NEU-000456,TreatmentA,B03,117.52,-66.59,253.5,6.97,151.8,-43.23,0.866,21.7,105,0.3034,0,1
NEU-000457,TreatmentB,B03,119.49,-56.81,90.3,21.4,144.5,-43.11,0.952,74.9,76,0.3822,1,0
NEU-000458,Control,B01,90.65,-66.45,152.0,9.07,199.8,-48.6,0.814,57.8,78,0.2575,0,1
NEU-000459,TreatmentB,B02,98.78,-68.89,460.6,4.25,72.1,-40.46,0.983,62.3,71,0.1714,0,1
NEU-000460,TreatmentB,B03,80.22,-50.41,149.7,22.06,101.9,-45.02,0.985,32.5,68,0.4241,0,0
NEU-000461,TreatmentA,B02,95.28,-73.81,170.8,10.36,149.6,-41.49,0.899,44.1,95,0.3341,0,1
NEU-000462,Control,B02,105.42,-62.0,356.7,13.85,171.9,-38.53,0.792,52.9,82,0.1792,0,0
NEU-000463,TreatmentA,B01,106.86,-71.61,329.1,12.9,95.0,-47.24,1.363,63.7,97,0.2678,0,0
NEU-000464,TreatmentA,B02,86.7,-56.86,171.2,10.97,70.1,-39.28,1.62,23.7,91,0.2218,1,0
NEU-000465,TreatmentA,B03,115.35,-77.3,254.2,22.3,93.1,-50.51,0.752,52.7,86,0.2462,0,0
NEU-000466,TreatmentA,B02,103.8,-70.64,121.9,13.02,175.7,-33.28,1.017,59.9,100,0.3426,1,0
NEU-000467,TreatmentB,B01,104.73,-66.78,214.7,10.24,42.6,-41.06,0.825,48.7,80,0.4754,0,0
NEU-000468,Control,B02,95.19,-63.44,365.4,25.55,105.7,-43.09,1.198,45.8,96,0.1855,0,0
NEU-000469,TreatmentA,B01,92.98,-64.11,239.2,12.61,64.1,-44.47,0.791,61.0,87,0.5507,1,1
NEU-000470,TreatmentB,B01,102.16,-59.73,199.7,18.81,75.3,-42.25,0.837,58.4,92,0.4648,0,1
NEU-000471,TreatmentA,B02,96.23,-58.18,120.2,4.94,135.3,-45.97,1.199,51.5,81,0.1273,1,1
NEU-000472,TreatmentB,B02,82.04,-69.4,692.2,14.07,105.1,-49.84,0.711,68.2,85,0.3673,0,1
NEU-000473,TreatmentB,B02,99.08,-70.66,190.7,12.56,124.5,-43.65,1.636,63.5,93,0.3907,1,0
NEU-000474,TreatmentB,B03,92.46,-68.07,213.9,19.28,114.8,-42.16,1.25,48.9,94,0.4733,1,1
NEU-000475,TreatmentA,B01,130.88,-66.43,192.6,9.94,61.2,-37.18,1.374,36.8,86,0.4256,1,1
NEU-000476,TreatmentA,B01,107.56,-74.93,131.4,13.31,61.3,-41.31,0.637,51.6,78,0.6766,0,0
NEU-000477,TreatmentA,B03,96.45,-64.28,354.9,10.74,73.3,-47.22,0.936,67.6,72,0.4256,0,1
NEU-000478,TreatmentA,B03,114.87,-60.53,200.7,14.42,117.6,-46.83,0.802,45.5,80,0.3883,0,0
NEU-000479,Control,B03,89.84,-66.15,320.2,19.25,122.2,-47.28,0.673,45.6,95,0.1833,0,0
NEU-000480,Control,B03,69.96,-75.45,103.6,8.35,176.1,-43.45,1.422,43.1,80,0.3894,1,0
NEU-000481,TreatmentB,B03,84.06,-71.11,390.9,13.09,52.1,-37.54,1.342,53.4,92,0.3723,1,0
NEU-000482,TreatmentA,B02,107.6,-70.38,195.4,21.5,135.8,-40.43,1.273,54.3,77,0.5916,1,1
NEU-000483,TreatmentB,B02,93.39,-59.84,161.9,21.35,86.1,-45.29,0.782,49.3,80,0.4626,0,0
NEU-000484,TreatmentA,B01,113.51,-59.09,235.8,19.93,118.7,-37.11,1.462,76.9,69,0.2904,1,0
NEU-000485,Control,B03,94.94,-64.19,117.8,22.46,119.9,-40.02,1.483,42.9,95,0.2746,0,0
NEU-000486,TreatmentA,B01,100.76,-52.89,178.0,9.97,103.5,-43.09,1.076,44.5,96,0.6789,0,0
NEU-000487,Control,B03,132.02,-73.24,210.6,10.36,104.8,-42.76,1.003,46.3,96,0.204,1,1
NEU-000488,TreatmentB,B03,102.67,-69.72,167.8,20.32,87.7,-46.87,0.579,53.3,89,0.3625,0,0
NEU-000489,TreatmentB,B03,82.98,-56.77,213.8,11.82,71.9,-47.61,0.653,59.0,83,0.3443,1,0
NEU-000490,Control,B03,92.25,-65.37,172.6,11.47,116.2,-48.45,0.86,24.8,79,0.3394,0,1
NEU-000491,TreatmentB,B02,79.56,-61.94,180.3,17.61,107.7,-45.53,0.89,57.0,94,0.5442,1,1
NEU-000492,Control,B02,111.59,-65.35,72.8,19.65,179.4,-35.27,1.404,39.5,96,0.6097,1,1
NEU-000493,TreatmentB,B02,106.49,-59.75,112.2,7.7,57.1,-33.36,1.054,59.0,84,0.4673,0,0
NEU-000494,TreatmentB,B01,119.62,-58.09,225.0,8.49,83.7,-39.59,0.971,66.8,80,0.2239,1,1
NEU-000495,Control,B03,107.69,-61.65,171.9,26.61,127.9,-37.84,2.192,34.7,78,0.4855,1,1
NEU-000496,TreatmentA,B01,119.49,-72.7,185.2,15.89,89.9,-48.63,1.111,32.0,98,0.5806,0,0
NEU-000497,TreatmentA,B03,95.39,-60.04,394.5,15.31,158.1,-41.85,0.864,65.0,86,0.5655,1,1
NEU-000498,TreatmentB,B01,121.65,-72.15,98.8,14.03,82.1,-43.49,0.779,26.8,100,0.319,0,0
NEU-000499,TreatmentB,B03,85.18,-61.61,271.9,18.35,76.9,-40.48,1.405,74.8,81,0.3718,1,1
NEU-000500,TreatmentA,B03,121.5,-68.38,196.5,12.51,107.9,-49.73,1.193,40.0,95,0.477,0,1
NEU-000501,TreatmentB,B01,71.88,-66.5,129.0,27.5,135.9,-39.57,0.64,61.8,79,0.2731,0,0
NEU-000502,Control,B03,95.14,-71.54,301.7,19.04,118.5,-42.01,1.58,64.4,77,0.6525,1,1
NEU-000503,Control,B03,95.39,-59.28,247.6,16.42,176.9,-40.52,1.168,37.9,94,0.3967,1,0
NEU-000504,Control,B01,122.68,-69.0,140.3,8.87,168.5,-48.51,0.846,48.9,107,0.2579,0,1
NEU-000505,TreatmentB,B02,93.25,-66.88,215.8,15.7,76.5,-32.71,1.19,63.3,94,0.7121,1,1
NEU-000506,TreatmentB,B03,98.16,-64.64,113.2,8.38,94.8,-39.1,0.959,66.3,92,0.2465,1,1
NEU-000507,TreatmentA,B01,104.22,-70.01,217.9,14.52,101.1,-44.17,1.461,64.4,91,0.4134,1,1
NEU-000508,TreatmentB,B02,111.11,-68.68,141.5,19.36,61.9,-47.74,1.167,83.3,78,0.4515,1,1
NEU-000509,TreatmentA,B01,89.85,-58.9,317.3,10.09,115.7,-45.65,0.9,47.2,77,0.309,0,1
NEU-000510,Control,B02,110.52,-66.13,354.7,20.32,121.7,-45.0,1.0,25.4,96,0.7451,0,1
NEU-000511,TreatmentB,B01,117.06,-60.96,112.9,12.77,108.0,-31.37,1.191,66.5,68,0.5794,1,1
NEU-000512,TreatmentB,B02,109.11,-57.99,59.2,26.16,95.5,-36.68,0.768,52.8,101,0.2731,0,0
NEU-000513,TreatmentB,B03,107.89,-67.05,104.9,7.58,42.2,-36.5,1.597,46.3,81,0.6724,1,0
NEU-000514,TreatmentB,B02,99.51,-66.2,174.5,9.06,97.5,-35.17,1.116,46.2,71,0.241,0,1
NEU-000515,TreatmentB,B01,89.63,-71.14,115.4,18.94,95.9,-42.37,1.664,51.4,90,0.2309,1,0
NEU-000516,TreatmentB,B03,80.23,-65.4,224.1,10.94,42.3,-37.43,0.618,60.5,81,0.3169,0,1
NEU-000517,TreatmentB,B02,93.63,-61.56,315.0,10.05,104.9,-38.21,1.706,65.4,75,0.5834,1,0
NEU-000518,TreatmentB,B02,99.41,-71.67,200.3,11.74,148.9,-40.04,1.327,54.9,91,0.3475,1,0
NEU-000519,TreatmentB,B02,101.44,-68.78,133.7,12.57,63.7,-37.88,0.726,64.1,86,0.5584,0,1
NEU-000520,Control,B03,114.95,-54.49,189.4,20.49,156.0,-37.99,0.911,35.3,81,0.4296,1,0
NEU-000521,Control,B02,84.22,-58.94,143.6,13.05,174.2,-39.3,1.343,10.7,91,0.6396,0,1
NEU-000522,TreatmentA,B02,105.09,-64.31,180.3,12.03,97.9,-42.22,0.899,49.7,74,0.494,0,0
NEU-000523,Control,B01,101.13,-47.82,323.7,11.6,131.6,-43.68,1.095,36.3,83,0.3097,0,0
NEU-000524,TreatmentA,B03,93.73,-68.0,490.1,10.31,34.1,-40.82,2.174,78.9,89,0.4329,1,1
NEU-000525,Control,B02,86.58,-64.83,185.7,14.99,161.7,-46.4,0.977,47.6,97,0.5447,0,1
NEU-000526,TreatmentB,B01,90.95,-69.93,320.6,13.36,92.9,-38.84,1.57,64.8,83,0.5004,1,0
NEU-000527,TreatmentA,B03,110.78,-67.35,132.4,13.76,120.9,-45.63,0.54,54.9,78,0.415,0,1
NEU-000528,TreatmentB,B01,91.71,-66.32,246.4,20.59,47.6,-32.68,0.799,47.7,79,0.1573,1,0
NEU-000529,TreatmentB,B01,82.34,-68.29,263.1,31.21,155.6,-37.44,0.963,51.7,88,0.4341,0,1
NEU-000530,TreatmentB,B03,107.05,-64.55,187.3,12.49,77.4,-45.89,1.017,69.5,95,0.2937,1,1
NEU-000531,Control,B01,90.29,-54.54,133.6,18.08,118.0,-45.75,0.772,25.5,83,0.3055,0,0
NEU-000532,TreatmentA,B03,85.94,-71.01,100.0,12.67,101.7,-39.49,0.836,45.8,88,0.4837,0,0
NEU-000533,Control,B01,110.35,-60.78,213.0,9.07,139.7,-36.84,1.537,46.8,72,0.418,0,0
NEU-000534,Control,B01,118.28,-70.66,138.4,24.66,107.1,-35.9,0.902,27.3,80,0.354,0,1
NEU-000535,TreatmentA,B01,96.28,-68.23,221.6,28.71,96.1,-31.96,1.323,47.6,75,0.2059,1,0
NEU-000536,Control,B02,129.33,-65.06,478.1,7.46,147.0,-44.78,1.556,49.1,103,0.5756,1,0
NEU-000537,Control,B03,81.29,-71.36,167.1,13.3,128.1,-36.44,1.077,37.3,81,0.3663,0,1
NEU-000538,Control,B02,91.6,-67.17,278.0,22.93,56.9,-51.22,1.369,44.9,101,0.5801,1,1
NEU-000539,TreatmentA,B02,90.83,-72.93,160.2,12.29,88.0,-45.17,1.054,29.8,84,0.3502,0,1
NEU-000540,TreatmentA,B02,93.87,-73.56,117.6,14.49,146.1,-46.86,0.961,34.0,86,0.1997,1,0
NEU-000541,Control,B03,108.37,-64.45,129.2,30.84,153.9,-50.32,1.271,30.3,94,0.3023,1,0
NEU-000542,TreatmentA,B03,100.16,-70.52,163.5,16.77,119.9,-42.25,0.956,41.6,71,0.2179,0,0
NEU-000543,TreatmentA,B02,103.47,-67.14,344.5,11.06,103.4,-46.66,1.126,28.2,79,0.4909,0,1
NEU-000544,Control,B01,89.72,-81.59,239.8,23.47,120.1,-43.85,1.623,37.4,73,0.4298,0,0
NEU-000545,TreatmentA,B01,85.01,-70.43,189.6,8.48,125.2,-41.64,1.178,43.9,98,0.3524,0,1
NEU-000546,TreatmentB,B02,67.18,-66.5,235.1,16.01,95.0,-40.05,2.28,40.4,87,0.5233,1,1
NEU-000547,TreatmentB,B01,64.82,-69.64,308.8,11.85,82.5,-49.17,0.795,52.3,83,0.4366,0,1
NEU-000548,TreatmentA,B01,84.88,-61.17,267.0,15.75,187.2,-36.76,1.867,57.6,95,0.6467,1,1
NEU-000549,TreatmentB,B02,87.8,-72.6,362.3,5.67,26.9,-47.3,1.408,53.9,92,0.3999,1,0
NEU-000550,TreatmentB,B01,103.54,-64.96,150.4,23.78,59.9,-47.64,1.046,49.5,76,0.4428,1,1
NEU-000551,TreatmentA,B03,93.04,-65.36,272.5,10.35,126.2,-40.93,1.792,53.1,100,0.2225,1,1
NEU-000552,TreatmentA,B01,111.11,-53.89,148.1,10.82,139.4,-48.08,0.803,45.7,86,0.2892,1,0
NEU-000553,TreatmentA,B03,104.24,-64.29,167.2,13.29,74.5,-44.43,0.502,41.1,96,0.3179,0,0
NEU-000554,TreatmentA,B02,75.24,-67.61,135.7,12.78,68.1,-42.2,0.979,27.0,86,0.2278,0,1
NEU-000555,Control,B01,92.68,-63.12,139.7,9.85,88.2,-38.46,0.616,58.8,112,0.7035,1,1
NEU-000556,Control,B02,109.4,-62.49,215.0,13.15,74.3,-40.22,1.118,0.4,93,0.5751,0,0
NEU-000557,TreatmentA,B01,98.33,-76.82,303.6,25.75,78.1,-40.51,1.44,32.5,99,0.4427,0,0
NEU-000558,TreatmentA,B01,116.56,-54.45,132.2,11.37,59.3,-42.75,1.202,31.3,89,0.5084,0,0
NEU-000559,TreatmentB,B03,90.86,-67.36,210.4,8.44,86.3,-37.27,1.22,39.8,75,0.3326,1,1
NEU-000560,TreatmentA,B01,102.66,-66.96,222.1,28.56,69.7,-41.53,1.045,20.6,105,0.248,0,0
NEU-000561,TreatmentB,B03,99.68,-63.09,197.2,6.79,163.3,-46.34,1.28,50.8,80,0.3794,1,1
NEU-000562,Control,B01,84.18,-67.55,250.5,19.33,137.9,-45.89,1.018,7.5,106,0.4707,0,1
NEU-000563,Control,B02,75.66,-68.35,254.1,18.35,122.6,-37.9,1.263,45.5,77,0.5079,0,1
NEU-000564,TreatmentB,B03,128.67,-76.73,215.2,16.13,42.2,-37.16,0.902,41.1,73,0.4762,0,0
NEU-000565,Control,B02,84.84,-63.89,147.0,15.07,127.6,-36.66,0.893,34.1,81,0.2636,0,0
NEU-000566,Control,B03,88.35,-68.95,364.4,9.66,150.5,-42.74,0.991,44.0,103,0.3819,0,1
NEU-000567,TreatmentA,B02,110.15,-74.71,134.8,15.25,95.6,-45.3,0.839,70.1,78,0.4155,0,0
NEU-000568,TreatmentB,B02,105.91,-60.76,204.3,11.46,56.5,-42.29,1.451,68.4,89,0.3554,1,0
NEU-000569,Control,B02,102.26,-57.08,366.2,15.65,95.4,-45.46,0.9,37.0,82,0.4662,0,0
NEU-000570,Control,B02,76.29,-56.2,114.2,7.85,77.2,-41.18,1.232,27.5,82,0.3499,0,0
NEU-000571,Control,B01,94.23,-67.28,218.5,6.68,127.2,-40.07,0.882,48.2,105,0.5371,0,0
NEU-000572,TreatmentA,B02,93.04,-66.49,265.3,15.44,125.7,-35.66,0.978,51.8,78,0.5183,0,1
NEU-000573,TreatmentB,B03,92.78,-64.58,118.9,25.13,149.7,-44.72,1.062,60.9,94,0.304,1,1
NEU-000574,TreatmentB,B01,113.74,-69.99,151.4,25.13,65.9,-48.01,0.551,62.5,84,0.2238,1,0
NEU-000575,TreatmentB,B02,77.78,-61.82,261.3,13.92,81.8,-38.31,1.496,62.2,84,0.4176,0,1
NEU-000576,TreatmentA,B03,136.71,-61.21,188.3,13.55,121.3,-36.88,1.049,59.7,84,0.4009,0,0
NEU-000577,Control,B02,89.01,-65.63,174.6,7.48,152.4,-38.89,0.525,28.6,84,0.4306,0,1
NEU-000578,TreatmentB,B03,138.32,-61.96,203.4,10.8,130.2,-39.79,1.314,56.3,88,0.3341,1,1
NEU-000579,TreatmentB,B02,113.13,-63.91,276.6,8.96,128.5,-31.61,1.131,22.4,84,0.6233,0,0
NEU-000580,TreatmentB,B02,93.79,-59.95,173.0,9.94,56.1,-35.64,0.703,73.1,84,0.1746,1,1
NEU-000581,Control,B03,106.74,-62.52,175.9,9.17,162.3,-45.26,1.204,31.1,83,0.5922,1,0
NEU-000582,TreatmentA,B02,111.86,-65.28,277.7,12.2,108.5,-43.84,1.575,37.8,82,0.6611,1,1
NEU-000583,TreatmentA,B03,125.3,-53.57,257.3,21.45,115.0,-47.45,1.377,46.3,77,0.565,1,1
NEU-000584,Control,B03,81.34,-66.67,88.8,7.77,76.9,-43.06,1.104,47.2,97,0.2256,1,1
NEU-000585,TreatmentA,B03,98.5,-75.13,128.1,8.69,88.2,-43.99,1.651,62.6,59,0.2999,1,1
NEU-000586,TreatmentA,B02,91.05,-59.57,172.7,14.66,60.0,-47.78,0.83,36.3,76,0.259,0,1
NEU-000587,TreatmentB,B01,111.25,-59.92,136.1,11.28,30.2,-40.07,1.393,71.7,72,0.2027,1,0
NEU-000588,TreatmentA,B03,96.27,-60.1,321.5,20.56,164.0,-43.93,1.518,47.5,89,0.3188,1,0
NEU-000589,TreatmentA,B02,128.27,-62.97,483.4,10.0,47.7,-43.84,0.837,38.5,89,0.1588,0,1
NEU-000590,Control,B03,117.33,-57.36,330.7,12.81,167.5,-45.22,1.53,30.5,95,0.2319,0,0
NEU-000591,TreatmentB,B01,108.89,-67.94,114.7,11.91,31.2,-47.97,0.992,72.3,86,0.392,1,1
NEU-000592,TreatmentA,B02,69.87,-60.69,115.7,19.19,134.2,-46.22,1.098,66.1,78,0.1655,1,0
NEU-000593,Control,B01,107.79,-56.24,150.1,9.06,77.2,-48.65,0.664,30.9,83,0.2548,1,0
NEU-000594,Control,B01,104.97,-54.66,125.2,13.72,135.5,-34.45,1.052,46.6,83,0.4962,1,0
NEU-000595,Control,B02,88.69,-57.41,182.2,6.04,106.6,-33.2,1.006,27.2,82,0.4138,0,0
NEU-000596,TreatmentB,B02,92.69,-63.72,190.9,21.07,55.8,-47.7,1.142,72.9,94,0.5122,1,1
NEU-000597,TreatmentB,B03,106.91,-52.2,199.8,23.13,89.6,-45.38,0.991,80.1,83,0.2892,1,0
NEU-000598,TreatmentA,B03,88.78,-69.8,255.7,12.51,30.7,-46.75,1.022,46.9,74,0.3641,1,0
NEU-000599,Control,B01,111.78,-64.84,170.2,7.18,138.8,-42.14,0.875,32.6,65,0.3998,1,1
NEU-000600,Control,B03,92.06,-63.49,288.0,9.83,148.9,-48.12,1.212,44.3,89,0.1115,1,1
NEU-000601,TreatmentB,B01,91.79,-63.26,200.2,9.11,63.9,-39.89,0.867,38.7,88,0.2913,0,1
NEU-000602,Control,B02,71.19,-70.82,356.2,9.44,158.9,-38.69,1.639,43.0,100,0.1763,0,1
NEU-000603,TreatmentB,B03,103.64,-52.09,216.2,15.44,77.1,-43.33,1.41,63.2,89,0.1711,1,0
NEU-000604,Control,B03,76.28,-62.27,202.3,20.14,102.2,-43.99,0.981,32.8,85,0.5204,0,1
NEU-000605,Control,B03,105.43,-66.57,245.5,13.38,83.4,-48.24,0.864,15.4,95,0.264,0,1
NEU-000606,Control,B01,146.41,-68.32,369.7,12.96,110.9,-37.7,1.695,37.9,81,0.1855,1,0
NEU-000607,TreatmentA,B01,131.77,-64.95,276.0,14.6,165.5,-41.0,0.701,39.1,91,0.357,0,1
NEU-000608,TreatmentB,B03,96.34,-69.62,264.8,31.87,119.5,-50.05,0.79,72.5,83,0.256,1,0
NEU-000609,Control,B02,104.73,-64.58,382.2,17.89,133.8,-44.02,0.823,61.6,96,0.5536,0,1
NEU-000610,TreatmentB,B01,100.32,-70.08,212.8,17.28,180.3,-47.22,0.955,63.1,80,0.4788,1,1
NEU-000611,TreatmentA,B02,81.08,-64.58,160.6,17.93,109.8,-35.8,0.706,71.6,82,0.232,0,0
NEU-000612,TreatmentA,B02,114.95,-70.99,152.9,21.79,128.4,-46.99,0.915,53.4,90,0.3072,1,0
NEU-000613,TreatmentB,B03,121.09,-57.33,69.4,69.47,75.9,-43.34,0.708,46.4,99,0.6128,1,1
NEU-000614,Control,B01,94.26,-72.68,235.7,4.98,104.9,-39.62,0.894,35.5,76,0.6673,0,0
NEU-000615,TreatmentB,B03,66.75,-61.69,106.9,9.7,99.0,-44.13,1.415,63.3,70,0.3575,1,0
NEU-000616,TreatmentA,B01,122.45,-65.71,233.4,13.71,71.5,-40.71,0.713,55.0,88,0.368,0,1
NEU-000617,Control,B01,102.34,-61.83,198.5,9.81,227.6,-46.23,0.678,34.8,82,0.4274,0,0
NEU-000618,TreatmentA,B01,91.68,-66.72,118.9,13.64,106.9,-45.75,1.345,64.4,82,0.2943,0,1
NEU-000619,TreatmentA,B03,95.05,-68.19,261.6,18.48,136.5,-40.43,1.421,41.2,83,0.385,0,1
NEU-000620,Control,B03,107.57,-50.19,95.9,11.79,128.5,-51.36,0.645,29.1,94,0.555,1,0
NEU-000621,TreatmentB,B01,93.27,-61.38,150.8,6.75,66.8,-32.56,1.429,74.8,79,0.4602,1,0
NEU-000622,Control,B03,105.75,-78.38,181.9,13.48,54.4,-42.98,0.898,65.7,78,0.1905,0,0
NEU-000623,TreatmentB,B02,107.78,-62.81,145.8,11.6,59.0,-44.05,1.106,58.5,77,0.4696,1,1
NEU-000624,Control,B01,87.74,-64.56,92.8,23.14,106.5,-43.97,1.048,49.3,97,0.4007,0,1
NEU-000625,TreatmentA,B03,72.14,-56.93,262.6,9.31,105.4,-45.41,0.765,61.6,98,0.3047,1,0
NEU-000626,Control,B03,106.64,-63.09,155.3,15.92,162.3,-42.93,1.35,48.2,91,0.3429,1,0
NEU-000627,Control,B02,91.61,-71.4,198.7,5.77,155.3,-43.7,0.79,44.0,86,0.3155,0,1
NEU-000628,TreatmentB,B03,90.82,-61.06,134.3,11.06,116.3,-51.24,1.275,49.1,64,0.7652,1,0
NEU-000629,Control,B01,83.5,-70.98,64.9,12.9,61.1,-43.6,1.232,32.1,83,0.2945,1,0
NEU-000630,TreatmentA,B02,77.66,-52.64,109.7,13.5,150.8,-44.24,0.487,44.0,84,0.327,0,0
NEU-000631,TreatmentB,B02,110.52,-65.51,323.4,13.29,91.5,-41.39,1.191,53.5,94,0.478,1,1
NEU-000632,TreatmentA,B01,96.81,-64.78,186.9,13.34,151.8,-41.46,0.91,60.8,91,0.4481,1,1
NEU-000633,TreatmentA,B01,135.04,-67.78,194.4,6.93,93.8,-35.33,1.366,85.2,88,0.4936,1,0
NEU-000634,Control,B03,94.83,-66.84,114.0,24.75,115.4,-31.15,0.969,36.7,74,0.2895,0,0
NEU-000635,Control,B03,93.86,-62.4,189.9,19.28,170.8,-37.63,1.668,48.3,106,0.1247,0,0
NEU-000636,TreatmentA,B02,101.45,-58.29,593.5,16.44,70.7,-37.84,0.779,64.6,90,0.181,1,0
NEU-000637,TreatmentA,B01,94.22,-63.59,103.7,14.35,121.0,-40.12,0.972,44.2,92,0.4562,1,1
NEU-000638,TreatmentB,B01,82.6,-67.77,153.0,11.75,27.8,-46.51,0.827,67.0,101,0.3567,0,1
NEU-000639,TreatmentB,B03,107.99,-64.04,285.1,13.01,38.2,-51.33,1.063,51.1,97,0.2937,0,1
NEU-000640,Control,B02,108.5,-66.62,315.7,8.57,127.9,-43.33,1.241,53.1,67,0.3257,1,1
NEU-000641,TreatmentB,B03,68.73,-62.15,339.6,13.45,108.3,-38.44,1.544,47.7,98,0.1338,1,1
NEU-000642,Control,B03,88.61,-56.0,293.3,13.4,90.0,-38.83,0.858,26.2,79,0.6041,0,0
NEU-000643,Control,B03,99.09,-60.75,181.5,11.14,94.2,-36.37,1.037,17.7,84,0.5089,0,0
NEU-000644,TreatmentB,B03,96.71,-75.81,181.7,11.29,123.5,-42.05,0.873,61.1,85,0.53,1,0
NEU-000645,TreatmentB,B03,77.57,-66.71,295.3,9.29,119.4,-47.82,1.337,67.7,86,0.2145,1,1
NEU-000646,TreatmentB,B02,114.41,-59.17,184.8,10.68,76.3,-41.83,1.454,35.0,79,0.4347,1,1
NEU-000647,TreatmentB,B03,96.93,-64.78,222.6,8.96,105.3,-45.62,1.551,55.0,100,0.1555,1,1
NEU-000648,TreatmentB,B01,81.03,-68.63,202.2,8.02,79.9,-39.25,1.758,50.9,80,0.2662,1,1
NEU-000649,TreatmentA,B01,104.01,-47.27,137.7,10.3,146.9,-42.56,1.311,47.6,89,0.6176,0,0
NEU-000650,TreatmentA,B03,102.77,-66.21,354.4,8.58,75.7,-39.0,0.803,64.8,93,0.477,0,0
NEU-000651,Control,B02,117.91,-68.92,205.0,11.97,146.1,-43.68,0.722,22.1,79,0.2114,0,0
NEU-000652,TreatmentB,B03,124.21,-59.92,96.9,14.17,136.2,-33.8,2.121,32.2,84,0.4367,1,0
NEU-000653,TreatmentA,B03,93.56,-59.58,104.8,9.44,134.6,-37.74,0.598,61.5,88,0.6546,1,0
NEU-000654,TreatmentB,B02,86.12,-61.47,132.5,9.15,100.6,-34.81,1.055,55.6,81,0.2286,1,1
NEU-000655,TreatmentA,B03,113.33,-59.37,93.4,17.09,114.2,-40.1,1.147,41.0,70,0.1735,1,0
NEU-000656,Control,B01,97.79,-53.27,223.0,14.02,177.1,-41.98,0.864,40.7,75,0.4128,1,0
NEU-000657,TreatmentA,B02,86.75,-65.63,351.5,7.79,137.9,-46.96,0.707,38.0,80,0.2875,0,1
NEU-000658,TreatmentB,B02,64.93,-63.07,199.4,10.68,147.0,-44.42,1.583,42.2,93,0.1916,1,1
NEU-000659,TreatmentA,B02,107.21,-61.7,122.8,16.1,107.5,-43.62,1.62,52.3,95,0.4959,1,1
NEU-000660,TreatmentB,B01,108.61,-69.11,127.2,29.74,65.8,-37.74,1.162,72.2,84,0.3769,0,1
NEU-000661,TreatmentA,B02,110.69,-61.56,228.7,8.59,100.2,-43.86,1.143,74.4,71,0.2811,1,1
NEU-000662,TreatmentA,B02,113.14,-63.15,117.1,12.87,-0.3,-50.34,1.638,64.4,89,0.3052,1,0
NEU-000663,Control,B02,109.77,-64.57,140.5,19.41,174.5,-43.11,0.736,41.5,74,0.1842,0,0
NEU-000664,TreatmentA,B03,90.94,-68.43,162.5,8.62,156.9,-40.82,0.773,24.9,91,0.1715,0,1
NEU-000665,Control,B03,80.91,-63.23,109.7,13.09,96.5,-45.7,0.654,47.4,70,0.1655,0,1
NEU-000666,TreatmentB,B02,114.15,-73.87,208.3,22.39,134.1,-48.42,1.199,42.5,76,0.4089,1,0
NEU-000667,TreatmentA,B01,131.03,-64.21,160.4,20.25,140.2,-42.49,0.85,48.0,90,0.5412,0,1
NEU-000668,TreatmentB,B01,95.66,-71.28,145.4,7.47,77.8,-45.74,1.522,67.2,94,0.4913,1,0
NEU-000669,TreatmentB,B01,75.79,-65.67,151.6,11.6,79.9,-35.9,1.662,47.5,96,0.6704,1,1
NEU-000670,TreatmentB,B01,98.33,-62.98,87.2,27.04,173.6,-45.57,0.879,47.4,86,0.3728,0,1
NEU-000671,TreatmentA,B02,68.91,-69.6,167.5,20.6,69.0,-40.7,1.071,35.6,88,0.2811,0,0
NEU-000672,TreatmentA,B02,87.82,-63.83,133.1,14.22,89.4,-37.62,1.199,86.2,100,0.2705,1,0
NEU-000673,TreatmentA,B03,98.15,-64.24,143.8,15.97,80.5,-44.41,0.717,25.0,77,0.2962,0,1
NEU-000674,TreatmentB,B01,94.56,-66.48,181.1,8.0,95.0,-44.67,1.345,33.8,81,0.6555,0,0
NEU-000675,TreatmentB,B01,115.44,-50.29,301.8,9.34,83.0,-47.63,1.177,75.0,87,0.2568,1,0
NEU-000676,Control,B03,110.37,-69.81,216.6,11.88,115.5,-44.91,0.81,58.1,80,0.2062,1,1
NEU-000677,TreatmentB,B02,98.63,-68.79,222.8,12.82,142.0,-39.98,0.692,29.3,69,0.6099,0,1
NEU-000678,Control,B02,99.9,-62.64,310.1,17.22,149.3,-49.71,0.942,34.4,78,0.6118,0,1
NEU-000679,TreatmentA,B03,77.61,-64.89,158.1,21.54,170.9,-44.04,1.26,43.9,82,0.4847,1,1
NEU-000680,Control,B03,86.4,-65.51,285.5,19.42,192.5,-36.58,0.974,47.5,81,0.374,0,0
NEU-000681,TreatmentB,B03,92.35,-67.08,219.2,10.57,43.9,-37.37,0.714,77.5,96,0.2435,1,1
NEU-000682,TreatmentB,B03,62.4,-65.44,175.8,14.2,53.8,-40.25,1.273,53.7,73,0.2528,1,0
NEU-000683,TreatmentB,B02,90.15,-58.98,97.2,19.87,42.1,-34.32,0.946,49.5,85,0.4087,0,0
NEU-000684,TreatmentB,B03,99.58,-65.22,121.0,14.9,53.5,-41.08,0.818,84.1,78,0.4655,1,1
NEU-000685,TreatmentA,B03,94.92,-68.37,234.7,12.27,144.4,-36.83,0.681,50.2,87,0.565,0,1
NEU-000686,Control,B02,105.91,-73.27,208.1,18.04,130.7,-43.96,0.903,28.7,86,0.5325,0,0
NEU-000687,Control,B02,109.45,-67.02,280.0,9.54,159.3,-36.82,1.349,37.0,70,0.3636,0,1
NEU-000688,TreatmentA,B02,122.97,-65.08,170.0,24.2,90.7,-43.38,1.221,37.4,83,0.2474,0,0
NEU-000689,TreatmentA,B02,101.17,-67.54,112.1,8.83,180.9,-38.33,1.63,60.6,70,0.4197,1,0
NEU-000690,TreatmentB,B01,94.25,-64.91,316.4,16.51,130.0,-45.36,2.779,82.4,95,0.356,1,1
NEU-000691,Control,B03,113.71,-56.41,254.0,17.49,69.9,-46.89,0.998,29.8,90,0.4951,0,1
NEU-000692,Control,B02,99.75,-62.26,299.4,13.54,91.2,-37.59,1.062,39.5,98,0.5187,0,1
NEU-000693,TreatmentA,B02,100.53,-63.01,106.7,14.3,62.3,-42.78,1.156,42.9,81,0.5013,1,1
NEU-000694,TreatmentB,B01,113.61,-70.97,104.2,32.43,88.7,-39.66,1.795,64.8,79,0.2853,1,0
NEU-000695,Control,B03,109.98,-58.47,229.3,11.2,136.3,-41.27,1.185,32.5,90,0.498,1,0
NEU-000696,Control,B01,91.99,-58.44,157.0,16.6,139.2,-34.34,1.059,12.0,83,0.2148,0,0
NEU-000697,TreatmentA,B03,77.36,-64.85,228.8,12.44,211.1,-39.19,1.589,41.7,90,0.3267,0,0
NEU-000698,TreatmentA,B02,94.71,-68.79,151.0,17.09,180.2,-35.26,0.738,53.8,85,0.339,1,0
NEU-000699,TreatmentB,B02,93.06,-71.56,338.0,8.67,174.5,-47.22,1.216,68.3,87,0.6846,0,0
NEU-000700,TreatmentB,B03,93.78,-63.61,128.2,9.53,127.9,-38.92,1.466,43.7,93,0.7885,1,0
NEU-000701,TreatmentB,B01,96.73,-71.54,624.1,8.25,136.0,-42.69,0.55,54.0,89,0.3863,0,0
NEU-000702,TreatmentA,B02,82.72,-62.2,182.6,14.19,127.4,-45.7,1.069,62.8,72,0.2242,1,1
NEU-000703,TreatmentA,B01,115.04,-67.94,213.3,22.04,84.1,-41.45,0.895,74.2,85,0.3876,0,0
NEU-000704,TreatmentA,B01,110.83,-57.92,278.3,9.01,60.4,-41.99,0.646,27.0,81,0.4846,0,0
NEU-000705,TreatmentB,B03,87.11,-66.98,371.7,29.83,47.5,-34.96,1.419,52.1,75,0.7749,0,1
NEU-000706,TreatmentB,B01,101.07,-68.45,185.3,11.41,112.8,-40.51,0.877,34.3,85,0.2552,0,1
NEU-000707,TreatmentB,B01,112.55,-67.99,193.3,12.51,30.6,-46.86,2.452,61.8,77,0.6261,1,0
NEU-000708,Control,B03,121.87,-65.71,156.3,21.66,144.9,-50.49,1.458,57.7,81,0.3286,0,1
NEU-000709,Control,B01,101.54,-66.92,86.2,22.12,211.5,-40.88,1.166,53.7,87,0.2835,1,0
NEU-000710,TreatmentB,B02,77.19,-68.87,341.7,8.44,99.2,-46.87,1.705,70.8,86,0.6327,1,0
NEU-000711,Control,B03,95.23,-61.61,181.1,20.21,132.4,-42.72,1.271,66.5,81,0.3809,1,1
NEU-000712,TreatmentB,B02,81.02,-65.41,191.8,16.41,88.8,-35.02,0.517,66.1,87,0.2927,1,1
NEU-000713,Control,B01,98.92,-62.75,237.0,12.33,92.8,-40.31,0.85,42.8,91,0.4757,1,1
NEU-000714,TreatmentA,B01,111.28,-65.55,138.1,10.06,69.8,-46.15,1.272,46.4,90,0.6213,1,0
NEU-000715,TreatmentA,B02,115.08,-53.42,363.0,13.39,99.9,-43.46,0.726,51.1,88,0.1805,0,0
NEU-000716,TreatmentA,B02,89.29,-75.16,311.4,13.16,114.9,-41.55,1.486,44.2,78,0.4852,0,0
NEU-000717,TreatmentB,B03,110.63,-63.97,98.5,23.74,131.3,-47.99,1.016,60.4,92,0.5478,1,1
NEU-000718,TreatmentA,B01,100.25,-66.31,168.7,10.13,104.5,-48.84,1.324,78.0,72,0.1639,1,1
NEU-000719,Control,B01,82.5,-71.98,176.1,16.87,130.5,-47.28,1.353,13.1,87,0.3465,0,0
NEU-000720,TreatmentA,B01,105.45,-68.85,352.5,17.01,136.8,-37.23,1.076,74.4,77,0.4216,1,1
NEU-000721,TreatmentB,B03,123.17,-70.21,75.8,8.95,62.4,-34.4,1.298,37.8,88,0.4105,1,1
NEU-000722,TreatmentA,B03,125.9,-76.97,95.8,18.75,113.3,-47.76,0.978,56.5,81,0.5479,1,1
NEU-000723,Control,B03,97.1,-57.07,188.5,8.12,179.2,-42.61,1.131,45.1,84,0.3001,1,1
NEU-000724,TreatmentA,B02,84.34,-64.73,224.2,14.47,92.6,-37.19,1.464,57.0,74,0.3642,0,1
NEU-000725,Control,B03,82.34,-68.22,393.2,20.68,130.9,-41.43,0.726,17.8,88,0.1943,0,0
NEU-000726,TreatmentA,B01,95.21,-56.35,220.2,13.1,177.3,-43.05,0.839,28.3,63,0.2412,0,0
NEU-000727,TreatmentA,B03,98.2,-59.69,111.4,11.44,93.6,-35.54,1.088,46.0,72,0.3957,1,0
NEU-000728,TreatmentA,B03,90.87,-68.66,75.0,10.55,90.7,-42.93,1.465,60.9,78,0.4771,1,1
NEU-000729,TreatmentA,B03,94.73,-58.69,120.4,11.44,126.1,-46.17,0.926,50.0,96,0.4226,1,0
NEU-000730,Control,B03,120.42,-68.21,273.4,15.05,128.1,-39.84,1.141,35.6,94,0.1757,0,0
NEU-000731,TreatmentA,B02,124.62,-71.08,246.9,17.41,114.5,-44.43,1.63,28.2,75,0.4032,0,1
NEU-000732,TreatmentB,B02,90.53,-60.26,263.6,18.47,68.3,-45.13,1.195,71.0,89,0.2122,1,1
NEU-000733,TreatmentA,B02,98.33,-60.73,394.9,15.1,115.7,-43.58,0.591,58.1,89,0.2675,0,0
NEU-000734,TreatmentA,B03,106.62,-67.31,311.2,12.77,73.6,-52.16,0.776,49.6,73,0.4938,0,1
NEU-000735,TreatmentB,B01,101.06,-72.78,208.2,10.2,109.0,-42.54,1.35,54.2,80,0.489,1,0
NEU-000736,Control,B03,95.22,-60.99,261.1,6.78,149.1,-42.73,1.316,69.8,78,0.2988,1,1
NEU-000737,TreatmentA,B03,123.81,-62.19,296.6,12.49,118.8,-43.05,1.112,79.2,91,0.3784,1,1
NEU-000738,TreatmentA,B01,107.18,-58.01,141.7,16.17,125.6,-40.77,1.156,58.8,77,0.4542,1,0
NEU-000739,TreatmentB,B03,86.38,-58.73,254.4,13.24,17.7,-40.34,1.044,45.9,77,0.5089,0,0
NEU-000740,Control,B03,89.17,-62.35,107.3,27.7,119.3,-38.91,0.961,44.9,85,0.2102,0,0
NEU-000741,TreatmentA,B01,137.43,-73.4,162.1,18.34,140.3,-46.74,1.17,41.2,103,0.4136,1,0
NEU-000742,TreatmentB,B01,103.16,-72.55,497.1,9.17,88.5,-49.14,0.939,56.7,92,0.3596,0,0
NEU-000743,Control,B03,104.06,-64.83,305.8,19.85,176.0,-42.34,1.216,30.1,72,0.746,0,1
NEU-000744,TreatmentA,B02,82.33,-70.51,214.0,7.69,108.8,-42.71,1.011,53.8,81,0.5081,1,0
NEU-000745,TreatmentA,B01,104.09,-62.02,292.4,13.23,130.9,-38.06,0.976,52.6,62,0.3517,1,1
NEU-000746,TreatmentA,B03,75.87,-69.56,113.7,10.94,95.8,-43.72,0.891,32.6,87,0.2436,1,1
NEU-000747,Control,B03,107.87,-62.59,258.7,10.69,112.1,-37.89,1.474,44.1,94,0.2614,0,1
NEU-000748,Control,B02,90.19,-64.19,123.6,22.73,70.8,-44.99,0.72,20.3,95,0.1751,0,0
NEU-000749,Control,B03,96.74,-57.08,94.5,13.48,130.2,-42.64,0.793,37.1,92,0.3195,1,0
NEU-000750,TreatmentB,B02,111.13,-60.44,234.5,10.26,118.6,-37.59,1.414,65.2,80,0.1793,1,1
NEU-000751,TreatmentB,B01,84.05,-59.95,115.6,16.63,100.2,-37.34,0.98,55.6,92,0.358,0,0
NEU-000752,Control,B01,75.17,-65.08,214.6,15.1,147.7,-44.68,1.2,12.5,96,0.3484,0,1
NEU-000753,Control,B03,79.98,-62.11,130.1,15.98,151.4,-39.21,1.526,27.7,82,0.2352,0,1
NEU-000754,TreatmentA,B02,104.28,-73.13,226.5,17.24,65.6,-37.31,1.336,60.3,81,0.3918,1,0
NEU-000755,TreatmentB,B02,117.65,-61.38,114.9,22.03,46.7,-43.65,1.404,30.4,86,0.5426,0,1
NEU-000756,TreatmentB,B01,113.06,-64.03,106.7,14.15,58.2,-45.09,0.929,64.5,92,0.5685,1,1
NEU-000757,TreatmentA,B01,109.15,-70.17,382.7,9.33,108.8,-36.46,0.842,40.7,90,0.445,0,1
NEU-000758,TreatmentB,B01,96.45,-59.06,173.6,12.2,147.4,-48.6,0.804,68.3,83,0.6914,0,1
NEU-000759,TreatmentA,B01,82.17,-65.66,79.6,32.31,122.2,-42.58,0.922,64.9,81,0.2254,1,0
NEU-000760,TreatmentB,B02,72.63,-64.41,160.2,11.28,87.7,-43.59,0.874,56.6,75,0.0494,0,1
NEU-000761,TreatmentB,B01,89.59,-69.3,112.3,13.96,46.0,-34.89,1.065,69.5,79,0.5516,0,1
NEU-000762,TreatmentA,B02,63.29,-54.96,196.7,13.14,137.2,-40.41,1.088,29.8,82,0.4278,0,0
NEU-000763,TreatmentA,B02,89.14,-62.61,323.8,11.73,126.0,-42.84,0.742,36.8,69,0.5099,0,0
NEU-000764,TreatmentA,B01,91.72,-60.36,165.0,12.72,98.4,-41.38,1.072,36.5,81,0.2963,0,1
NEU-000765,TreatmentB,B01,107.37,-75.01,188.8,8.82,156.1,-43.56,1.292,62.7,86,0.1001,1,1
NEU-000766,TreatmentA,B02,83.9,-70.59,123.7,15.67,117.1,-32.72,0.94,67.1,72,0.5715,1,0
NEU-000767,TreatmentA,B03,85.5,-70.4,532.3,11.27,163.8,-39.95,0.948,69.0,77,0.1522,0,1
NEU-000768,TreatmentA,B02,92.95,-67.19,219.6,12.21,84.6,-43.45,1.297,68.2,91,0.3942,1,1
NEU-000769,Control,B01,118.73,-64.39,143.2,8.45,102.4,-47.69,1.083,19.1,80,0.4139,1,1
NEU-000770,TreatmentB,B01,127.74,-68.28,109.3,5.55,71.0,-38.52,0.984,61.7,87,0.2943,1,1
NEU-000771,TreatmentA,B01,110.34,-55.68,162.7,18.28,133.6,-44.58,1.04,45.0,95,0.3525,0,0
NEU-000772,TreatmentA,B01,101.49,-56.89,343.6,10.89,105.2,-39.57,0.917,49.0,69,0.4027,0,0
NEU-000773,Control,B02,92.61,-56.21,193.8,19.28,54.0,-43.43,1.414,24.9,84,0.2657,1,0
NEU-000774,TreatmentB,B01,96.49,-65.89,133.3,11.95,49.3,-43.47,0.809,39.2,90,0.6838,1,1
NEU-000775,TreatmentA,B02,108.73,-62.83,176.9,9.56,164.7,-47.01,1.036,50.9,70,0.6499,1,0
NEU-000776,TreatmentA,B01,94.27,-67.8,371.5,7.9,86.1,-38.71,1.639,55.5,70,0.4148,1,1
NEU-000777,Control,B03,111.14,-71.4,382.9,20.23,85.8,-47.06,0.845,47.7,84,0.1999,1,0
NEU-000778,Control,B03,90.11,-69.09,133.0,10.15,170.4,-36.07,1.015,37.8,83,0.3258,1,1
NEU-000779,TreatmentA,B02,104.88,-66.81,102.3,20.11,136.2,-38.18,0.453,33.7,91,0.5006,0,1
NEU-000780,TreatmentA,B03,78.13,-60.59,208.5,11.14,51.6,-37.12,2.033,77.7,95,0.3616,1,0
NEU-000781,Control,B01,99.66,-56.3,158.6,22.09,73.5,-44.83,1.059,43.5,92,0.2482,0,0
NEU-000782,TreatmentA,B02,111.88,-59.5,290.0,28.95,47.1,-45.86,0.923,26.0,75,0.3872,0,1
NEU-000783,TreatmentA,B02,137.9,-70.71,162.0,11.02,136.0,-32.7,0.636,54.2,86,0.4906,0,0
NEU-000784,Control,B03,73.57,-75.29,144.5,19.47,137.4,-39.72,0.74,24.8,96,0.3495,1,0
NEU-000785,Control,B02,84.36,-56.11,144.0,10.66,180.1,-43.6,1.021,40.3,73,0.3562,0,0
NEU-000786,Control,B01,109.89,-68.25,162.4,8.59,116.5,-37.39,0.775,40.1,83,0.6247,0,0
NEU-000787,Control,B01,92.73,-66.67,132.3,9.35,70.4,-36.6,0.696,15.0,100,0.3446,0,1
NEU-000788,TreatmentA,B02,85.55,-61.41,117.1,6.22,102.2,-49.59,0.903,49.7,86,0.4491,1,0
NEU-000789,Control,B02,92.15,-74.31,207.8,12.14,118.5,-42.27,1.285,31.5,75,0.5109,0,0
NEU-000790,TreatmentA,B01,92.51,-65.22,89.7,12.79,63.3,-43.72,0.889,49.7,77,0.5675,0,1
NEU-000791,TreatmentA,B03,74.6,-55.38,224.7,15.32,133.2,-39.5,1.002,44.0,90,0.3211,0,0
NEU-000792,TreatmentA,B02,110.08,-67.78,162.7,18.85,87.6,-41.66,1.197,54.4,85,0.2155,1,0
NEU-000793,Control,B01,100.04,-58.24,102.2,16.47,172.0,-48.63,0.985,34.7,80,0.2006,0,0
NEU-000794,TreatmentA,B03,99.87,-55.58,203.4,9.05,102.8,-36.77,1.105,43.6,85,0.0694,0,1
NEU-000795,TreatmentA,B03,88.97,-56.66,216.8,14.45,47.6,-41.29,0.959,46.7,64,0.4621,0,0
NEU-000796,TreatmentA,B02,90.19,-69.72,295.9,16.79,92.1,-35.83,2.571,42.2,70,0.771,1,1
NEU-000797,Control,B01,79.81,-64.33,202.6,13.2,196.4,-43.56,1.316,37.9,77,0.387,0,1
NEU-000798,Control,B01,97.92,-68.69,191.3,16.21,174.2,-43.43,1.135,43.0,84,0.5758,0,1
NEU-000799,Control,B02,136.99,-64.59,87.9,23.4,51.1,-49.8,0.851,58.6,84,0.4332,1,1
NEU-000800,Control,B03,110.9,-72.21,271.2,9.92,87.3,-39.67,1.299,28.5,93,0.2536,1,0
NEU-000801,TreatmentA,B01,86.35,-69.15,92.0,16.69,142.5,-39.4,1.746,48.7,86,0.2771,1,0
NEU-000802,TreatmentB,B01,98.61,-65.89,349.2,10.07,95.4,-46.11,1.18,49.9,87,0.2909,0,1
NEU-000803,Control,B01,103.01,-64.98,224.8,12.58,60.4,-37.15,1.276,24.2,84,0.6634,0,0
NEU-000804,Control,B03,86.59,-73.99,133.0,13.01,129.3,-34.37,0.871,29.7,73,0.3716,0,0
NEU-000805,Control,B02,106.17,-63.55,178.6,17.34,138.5,-39.22,1.152,47.6,86,0.3601,0,1
NEU-000806,Control,B02,97.0,-62.59,182.5,10.66,158.4,-38.72,0.802,13.7,84,0.4223,0,0
NEU-000807,TreatmentA,B01,91.0,-66.68,93.1,12.13,121.3,-39.0,0.953,51.9,81,0.5117,1,0
NEU-000808,TreatmentA,B02,118.92,-69.16,354.5,17.31,94.2,-40.68,1.483,43.8,82,0.5102,1,1
NEU-000809,TreatmentA,B02,112.81,-73.81,214.3,21.23,76.2,-43.48,1.175,34.9,90,0.4197,0,1
NEU-000810,Control,B03,99.27,-70.61,179.3,9.5,67.0,-33.72,0.986,35.5,91,0.2746,1,0
NEU-000811,Control,B01,109.95,-58.09,170.0,8.34,144.0,-39.45,0.82,34.0,81,0.446,0,0
NEU-000812,Control,B01,119.81,-68.13,121.5,24.16,127.8,-41.54,0.73,37.4,82,0.3869,0,1
NEU-000813,Control,B01,94.05,-64.56,157.4,16.59,185.9,-45.63,1.381,19.9,104,0.131,0,0
NEU-000814,TreatmentA,B01,105.64,-69.92,193.5,19.41,86.4,-47.07,0.963,21.7,82,0.41,0,1
NEU-000815,TreatmentB,B01,129.51,-56.56,374.6,16.57,99.1,-44.71,1.098,54.2,91,0.3719,0,0
NEU-000816,TreatmentA,B03,111.93,-69.48,227.0,11.1,143.1,-41.98,0.793,41.6,90,0.4021,0,0
NEU-000817,Control,B03,91.83,-67.2,83.2,10.64,141.2,-52.24,1.181,31.6,83,0.3042,1,1
NEU-000818,TreatmentA,B01,111.62,-64.34,259.4,28.79,48.9,-38.32,1.026,44.7,81,0.3533,1,1
NEU-000819,TreatmentB,B03,77.2,-63.36,150.2,10.32,45.8,-38.49,1.512,43.8,85,0.178,0,1
NEU-000820,Control,B03,100.98,-57.87,161.1,11.7,136.0,-43.77,1.825,31.7,80,0.6048,0,0
NEU-000821,TreatmentA,B03,90.92,-79.69,209.0,13.3,64.7,-42.43,0.912,36.2,92,0.6719,0,0
NEU-000822,Control,B01,86.83,-66.98,266.7,18.2,157.5,-40.37,1.06,31.3,84,0.6057,0,1
NEU-000823,TreatmentB,B01,104.35,-62.52,141.7,10.16,90.2,-50.99,1.866,67.8,86,0.4565,1,0
NEU-000824,Control,B01,94.72,-65.25,129.7,16.3,88.3,-43.19,0.801,55.7,92,0.1644,0,0
NEU-000825,TreatmentB,B01,107.54,-76.72,271.6,11.47,102.5,-43.65,1.223,38.9,74,0.3011,1,0
NEU-000826,TreatmentB,B02,88.16,-71.91,87.5,26.0,112.1,-39.39,0.806,57.8,90,0.53,1,1
NEU-000827,TreatmentA,B03,83.63,-68.54,235.3,16.53,119.0,-51.46,1.622,30.3,84,0.2634,0,0
NEU-000828,TreatmentB,B01,103.71,-65.61,105.1,16.05,89.6,-42.06,0.91,56.0,81,0.2809,0,0
NEU-000829,Control,B01,94.76,-58.23,118.7,13.24,151.8,-40.95,1.984,36.9,93,0.3197,1,0
NEU-000830,Control,B01,102.59,-56.89,106.5,7.82,113.9,-34.09,0.838,40.1,83,0.6103,1,0
NEU-000831,TreatmentB,B03,98.19,-60.53,148.2,18.72,34.8,-43.71,1.304,48.5,90,0.5029,0,1
NEU-000832,TreatmentA,B01,95.46,-60.89,157.3,13.69,94.4,-45.24,1.079,27.2,75,0.3888,0,1
NEU-000833,TreatmentB,B01,113.68,-58.02,195.5,17.42,132.7,-37.49,1.453,75.0,91,0.2924,1,0
NEU-000834,Control,B03,103.35,-60.66,322.6,9.13,50.6,-41.83,1.281,18.7,62,0.3654,0,1
NEU-000835,TreatmentA,B01,82.13,-72.79,117.8,6.6,137.5,-44.83,1.766,43.1,89,0.5673,0,0
NEU-000836,Control,B02,106.4,-66.14,157.6,3.93,133.5,-42.04,1.328,33.3,86,0.133,0,1
NEU-000837,TreatmentB,B01,108.95,-68.76,222.2,16.92,160.0,-40.85,1.312,41.9,73,0.1506,0,0
NEU-000838,TreatmentA,B03,100.48,-71.76,86.2,14.51,106.6,-37.34,0.951,32.6,72,0.2328,1,0
NEU-000839,Control,B02,79.87,-72.26,153.6,6.04,173.4,-37.1,1.238,66.4,80,0.6023,1,0
NEU-000840,Control,B02,102.35,-50.77,188.0,7.75,148.5,-42.66,0.629,35.0,106,0.201,0,0
NEU-000841,TreatmentB,B03,54.73,-70.86,242.3,7.98,18.4,-43.96,1.168,51.2,102,0.3186,0,0
NEU-000842,TreatmentB,B01,86.21,-62.38,131.4,25.12,106.3,-43.86,1.185,44.4,90,0.7234,1,1
NEU-000843,TreatmentA,B01,82.16,-73.59,177.7,18.39,82.1,-40.63,1.152,31.0,83,0.2981,0,0
NEU-000844,Control,B03,134.83,-63.94,248.2,12.75,189.7,-45.03,1.275,42.7,82,0.4958,0,1
NEU-000845,TreatmentB,B01,83.6,-58.87,141.6,10.68,148.1,-33.76,1.28,48.8,88,0.223,0,1
NEU-000846,TreatmentA,B03,90.12,-53.83,125.3,11.33,181.4,-41.61,0.998,42.1,83,0.3668,1,0
NEU-000847,Control,B02,119.27,-64.25,66.0,8.09,96.4,-40.94,1.287,25.0,78,0.2234,0,1
NEU-000848,TreatmentA,B03,107.96,-62.65,170.8,22.23,274.9,-40.41,1.161,49.1,83,0.282,1,0
NEU-000849,Control,B01,109.44,-59.47,106.4,14.07,87.8,-40.39,0.746,39.1,75,0.3015,0,1
NEU-000850,Control,B01,77.74,-71.35,262.2,19.15,149.3,-43.61,1.056,56.6,84,0.3189,1,0
NEU-000851,Control,B02,88.37,-62.51,100.5,13.76,133.9,-48.67,0.796,36.4,75,0.3253,0,1
NEU-000852,TreatmentA,B02,84.04,-73.25,480.5,27.33,99.9,-43.45,1.05,53.0,82,0.4342,0,0
NEU-000853,TreatmentA,B03,98.53,-60.83,105.5,19.42,201.8,-36.42,1.14,33.9,95,0.2399,1,0
NEU-000854,TreatmentB,B01,96.12,-62.36,246.1,11.82,88.5,-39.17,0.738,41.0,105,0.3494,0,1
NEU-000855,Control,B01,107.23,-71.81,140.9,14.44,180.4,-42.8,1.159,25.7,86,0.4695,1,1
NEU-000856,TreatmentA,B03,109.59,-63.5,180.8,17.21,135.6,-42.22,1.282,38.6,74,0.3403,1,1
NEU-000857,TreatmentA,B03,86.54,-67.56,115.8,10.28,158.3,-37.66,0.567,31.1,86,0.3712,0,1
NEU-000858,TreatmentA,B02,88.95,-60.96,190.5,11.85,133.0,-46.81,0.836,38.9,71,0.7032,0,1
NEU-000859,Control,B01,103.97,-60.62,176.2,14.96,123.2,-42.3,1.725,41.8,87,0.3743,1,1
NEU-000860,Control,B01,107.25,-69.22,147.0,15.55,192.3,-39.59,0.995,52.0,89,0.4712,0,0
NEU-000861,Control,B03,125.01,-65.06,337.3,7.81,150.2,-40.79,0.701,23.6,97,0.4647,0,0
NEU-000862,Control,B02,94.8,-63.36,126.2,14.75,141.9,-48.32,0.902,27.3,97,0.246,0,1
NEU-000863,Control,B02,84.55,-72.6,175.9,18.76,156.5,-47.13,1.158,51.5,92,0.4302,1,0
NEU-000864,TreatmentA,B01,113.7,-67.43,269.0,9.49,160.6,-45.24,1.05,27.1,80,0.4018,1,1
NEU-000865,Control,B03,79.3,-69.75,196.1,6.05,161.0,-37.18,1.232,39.2,98,0.2957,0,1
NEU-000866,TreatmentA,B03,104.32,-64.13,131.8,14.34,69.0,-38.14,1.128,54.4,77,0.3944,1,1
NEU-000867,TreatmentA,B01,94.05,-61.84,255.4,10.05,133.8,-48.82,1.394,44.7,87,0.1311,1,1
NEU-000868,Control,B01,86.75,-62.5,83.4,11.32,124.7,-41.92,0.991,45.2,87,0.3829,0,0
NEU-000869,TreatmentA,B02,84.98,-70.28,109.3,10.97,120.9,-45.62,0.923,45.5,81,0.3645,1,0
NEU-000870,TreatmentB,B03,106.78,-59.67,259.0,8.96,111.8,-40.53,1.134,36.7,96,0.4435,0,0
NEU-000871,TreatmentA,B02,105.05,-68.81,177.6,10.26,109.0,-37.48,0.55,64.6,80,0.7089,1,0
NEU-000872,Control,B03,132.45,-61.92,233.3,18.45,115.2,-46.52,0.981,38.5,73,0.396,0,0
NEU-000873,TreatmentB,B02,85.01,-69.04,243.1,22.9,99.6,-39.75,0.82,37.5,85,0.3678,0,0
NEU-000874,TreatmentA,B01,122.6,-67.93,119.7,19.38,115.4,-41.43,1.443,30.2,79,0.5364,1,1
NEU-000875,TreatmentA,B03,117.32,-69.52,175.2,8.34,100.7,-43.46,1.618,47.7,91,0.378,1,0
NEU-000876,TreatmentA,B01,92.22,-58.68,215.0,15.19,83.1,-39.27,1.198,65.0,78,0.4908,1,0
NEU-000877,TreatmentB,B03,100.33,-62.67,178.4,13.23,203.3,-35.34,1.342,47.8,88,0.3974,1,1
NEU-000878,TreatmentA,B02,104.02,-56.65,194.0,16.1,119.4,-43.24,1.255,63.8,86,0.4362,1,0
NEU-000879,Control,B03,98.55,-58.62,179.3,6.16,138.0,-34.26,0.909,30.5,105,0.3105,0,0
NEU-000880,TreatmentA,B02,94.03,-54.46,115.9,24.51,109.2,-47.45,0.94,50.8,88,0.6412,0,1
NEU-000881,TreatmentA,B01,112.0,-64.53,290.2,13.38,75.1,-47.85,0.856,36.0,81,0.2525,0,1
NEU-000882,Control,B01,101.06,-69.3,196.6,36.62,149.4,-42.35,1.395,49.9,76,0.2093,1,0
NEU-000883,TreatmentB,B02,95.34,-66.01,177.3,16.85,85.1,-36.23,1.321,60.4,74,0.2592,1,1
NEU-000884,Control,B02,106.19,-63.0,270.8,15.63,67.4,-42.21,0.934,34.2,93,0.3551,0,0
NEU-000885,Control,B01,104.67,-70.07,305.8,18.83,171.0,-44.56,1.183,40.1,80,0.5132,0,1
NEU-000886,TreatmentB,B02,129.41,-59.9,186.5,15.85,166.2,-50.1,0.92,31.2,93,0.5495,0,1
NEU-000887,TreatmentA,B01,112.36,-53.19,294.5,10.45,146.5,-34.69,1.134,64.0,79,0.3631,0,0
NEU-000888,Control,B03,99.88,-72.53,226.3,35.03,69.7,-36.63,1.281,43.3,81,0.6618,0,1
NEU-000889,TreatmentB,B01,110.43,-64.37,169.9,20.02,96.1,-47.3,0.739,59.1,78,0.3952,0,0
NEU-000890,TreatmentB,B01,99.17,-56.59,287.8,10.03,73.1,-39.86,0.955,56.5,67,0.3677,1,0
NEU-000891,TreatmentA,B01,116.77,-68.57,187.2,35.56,122.7,-43.21,1.002,24.6,85,0.3831,0,0
NEU-000892,Control,B02,98.77,-64.26,203.0,10.99,151.8,-40.82,0.983,31.8,85,0.4648,0,1
NEU-000893,TreatmentB,B03,108.57,-61.84,202.7,12.92,84.5,-42.77,0.71,35.4,87,0.3048,0,1
NEU-000894,TreatmentA,B02,127.08,-68.02,161.0,10.59,44.3,-41.07,1.173,56.5,84,0.5608,1,0
NEU-000895,Control,B02,92.93,-64.78,158.8,32.2,176.0,-41.55,1.087,9.2,84,0.2636,0,0
NEU-000896,TreatmentA,B02,102.08,-74.48,275.7,8.31,62.4,-46.39,1.503,60.1,86,0.5162,1,0
NEU-000897,TreatmentA,B03,93.74,-63.92,98.7,8.59,112.5,-40.71,1.174,35.0,88,0.3393,1,1
NEU-000898,Control,B01,94.43,-74.02,148.3,7.5,191.8,-42.24,0.837,37.5,93,0.5286,1,0
NEU-000899,TreatmentB,B02,108.43,-79.45,293.6,7.84,57.8,-47.62,1.051,93.1,93,0.4223,0,0
NEU-000900,Control,B01,92.44,-67.22,173.9,5.22,98.7,-45.86,0.832,60.4,78,0.3795,1,1
NEU-000901,TreatmentB,B02,93.93,-67.25,220.0,16.02,145.4,-41.32,1.621,76.4,72,0.2837,1,1
NEU-000902,Control,B03,116.55,-67.97,154.0,20.57,79.2,-39.0,1.091,53.7,70,0.2115,1,0
NEU-000903,TreatmentB,B01,93.1,-69.2,121.4,15.73,75.3,-47.49,1.012,57.1,90,0.1974,0,0
NEU-000904,TreatmentB,B03,116.09,-66.2,68.5,17.84,87.5,-47.25,1.655,57.6,90,0.3621,1,1
NEU-000905,TreatmentB,B01,69.18,-57.22,314.9,17.87,79.0,-40.3,1.125,63.2,99,0.1831,0,0
NEU-000906,TreatmentB,B03,140.96,-65.06,238.4,12.08,74.8,-42.19,1.12,69.6,84,0.4108,1,0
NEU-000907,TreatmentA,B01,123.99,-69.27,239.0,18.41,128.5,-40.27,1.004,36.3,69,0.2674,0,0
NEU-000908,TreatmentB,B03,96.0,-56.09,243.7,15.5,16.4,-45.65,0.875,53.1,86,0.7305,0,0
NEU-000909,TreatmentA,B03,103.15,-70.89,423.6,34.06,153.9,-48.29,1.113,60.1,78,0.248,0,0
NEU-000910,Control,B02,148.11,-70.99,166.5,10.33,149.1,-40.85,0.842,71.3,93,0.4124,1,0
NEU-000911,TreatmentB,B03,121.82,-60.05,187.5,8.61,100.8,-36.48,0.904,59.8,93,0.7011,0,0
NEU-000912,TreatmentA,B03,96.92,-63.16,145.0,13.16,132.5,-53.34,1.213,69.8,82,0.1957,1,1
NEU-000913,TreatmentB,B03,119.6,-70.03,102.9,8.16,60.4,-44.57,1.136,54.5,90,0.2893,1,1
NEU-000914,TreatmentA,B03,120.26,-65.38,146.7,18.12,79.9,-47.14,1.333,72.2,93,0.26,1,0
NEU-000915,TreatmentB,B02,123.1,-70.91,108.5,6.01,92.5,-37.11,0.829,63.4,84,0.3384,1,1
NEU-000916,Control,B03,99.6,-61.36,507.3,7.1,123.6,-43.4,0.919,39.5,99,0.4877,0,0
NEU-000917,TreatmentA,B03,104.86,-67.98,108.6,14.77,108.3,-44.79,0.726,60.1,84,0.3592,1,1
NEU-000918,Control,B03,112.61,-54.15,219.7,9.98,79.4,-43.35,0.874,40.5,95,0.2435,0,0
NEU-000919,TreatmentB,B01,108.76,-59.44,169.7,14.48,160.9,-36.86,1.125,60.5,68,0.4942,1,0
NEU-000920,TreatmentB,B02,91.31,-67.18,115.3,9.04,78.0,-42.18,0.889,68.7,85,0.4726,1,0
NEU-000921,TreatmentA,B02,114.0,-65.53,188.3,14.74,107.1,-47.14,1.241,46.6,90,0.3753,1,0
NEU-000922,TreatmentA,B02,90.17,-62.32,122.7,11.83,135.2,-46.48,0.775,25.1,74,0.1908,0,1
NEU-000923,Control,B03,117.64,-71.1,132.6,24.39,74.7,-31.77,0.846,53.9,72,0.5977,1,1
NEU-000924,TreatmentA,B02,110.73,-61.12,111.5,15.04,107.8,-37.26,0.991,40.8,84,0.5832,1,1
NEU-000925,Control,B01,107.66,-62.59,112.4,19.67,149.3,-44.84,1.431,8.9,93,0.3365,0,0
NEU-000926,Control,B02,91.05,-54.51,134.0,8.76,107.0,-40.79,1.24,43.9,96,0.5692,1,0
NEU-000927,TreatmentB,B02,100.83,-59.5,221.9,23.48,27.4,-37.43,0.908,35.5,97,0.5509,0,1
NEU-000928,Control,B02,90.8,-65.47,172.0,9.29,108.2,-43.47,1.102,36.3,79,0.2435,0,1
NEU-000929,Control,B03,87.2,-63.17,102.6,6.22,185.0,-47.4,0.729,10.7,78,0.6476,0,0
NEU-000930,TreatmentB,B02,98.1,-69.48,286.8,13.44,164.5,-41.88,0.983,64.5,101,0.5996,1,0
NEU-000931,TreatmentA,B03,98.35,-68.94,164.0,19.12,82.7,-33.97,1.209,31.6,70,0.6091,0,1
NEU-000932,Control,B01,129.93,-70.01,497.5,9.32,145.5,-40.91,2.139,29.3,78,0.4758,0,0
NEU-000933,Control,B02,90.4,-69.03,193.5,16.29,220.5,-30.24,1.41,35.9,79,0.3108,0,0
NEU-000934,Control,B03,116.57,-72.24,128.9,22.46,137.4,-43.8,0.89,46.2,82,0.3821,0,0
NEU-000935,TreatmentA,B01,102.29,-62.97,221.7,22.27,54.4,-42.72,0.87,73.9,80,0.6101,1,1
NEU-000936,Control,B01,107.53,-52.53,161.4,22.68,115.7,-46.68,1.485,64.0,82,0.5176,1,0
NEU-000937,TreatmentB,B01,114.47,-60.78,188.7,20.71,69.0,-44.01,0.858,62.0,88,0.6116,1,1
NEU-000938,TreatmentB,B02,106.9,-67.24,490.9,11.46,61.3,-52.2,1.397,46.8,103,0.4394,0,1
NEU-000939,TreatmentB,B01,119.88,-62.57,254.4,6.93,129.3,-46.94,0.91,43.8,108,0.6429,0,0
NEU-000940,Control,B03,95.23,-54.89,137.8,10.81,121.5,-46.35,0.693,29.4,93,0.5682,0,1
NEU-000941,TreatmentB,B01,111.28,-58.71,105.9,10.07,79.9,-42.86,1.3,43.6,78,0.3652,1,0
NEU-000942,TreatmentA,B03,115.23,-60.1,171.6,10.36,195.2,-45.44,1.465,22.0,85,0.4801,0,0
NEU-000943,TreatmentB,B03,67.9,-63.83,309.2,11.84,67.9,-46.95,0.997,52.8,98,0.4404,0,1
NEU-000944,Control,B02,86.62,-72.4,89.2,9.9,119.6,-39.58,1.124,34.2,74,0.4219,1,0
NEU-000945,TreatmentA,B01,90.0,-63.98,139.1,11.82,34.7,-41.06,0.866,66.3,85,0.5268,1,1
NEU-000946,Control,B02,99.13,-53.52,168.9,25.24,143.5,-38.29,0.918,30.9,95,0.3846,1,0
NEU-000947,TreatmentA,B01,95.54,-57.28,352.1,6.35,31.5,-44.13,1.425,38.6,109,0.4678,0,0
NEU-000948,TreatmentA,B03,98.51,-64.63,72.6,16.19,132.2,-45.75,3.258,62.6,78,0.2121,1,0
NEU-000949,Control,B02,99.56,-58.77,118.7,22.27,117.3,-38.26,1.18,27.9,93,0.396,1,0
NEU-000950,TreatmentA,B02,96.86,-63.57,135.2,7.44,73.5,-43.16,1.437,57.6,86,0.4337,0,0
NEU-000951,TreatmentA,B02,106.35,-66.71,232.1,14.83,155.0,-38.45,1.1,31.4,97,0.46,0,1
NEU-000952,Control,B01,78.62,-50.86,437.9,19.29,104.9,-46.65,0.941,22.4,98,0.3509,0,0
NEU-000953,TreatmentA,B02,115.68,-71.81,175.2,8.76,95.5,-38.33,0.935,53.7,79,0.6971,1,0
NEU-000954,TreatmentA,B01,95.05,-70.2,214.1,13.27,154.5,-35.91,0.751,45.9,91,0.3771,1,0
NEU-000955,TreatmentA,B03,111.44,-60.91,179.3,22.76,130.9,-42.46,1.195,81.9,84,0.506,1,1
NEU-000956,TreatmentB,B03,96.0,-68.96,423.5,11.29,95.4,-41.52,1.133,74.4,109,0.6387,1,0
NEU-000957,TreatmentA,B02,67.09,-67.22,323.9,18.83,35.1,-41.84,0.884,51.3,79,0.2958,1,1
NEU-000958,TreatmentA,B03,77.52,-73.47,297.8,7.97,101.4,-40.03,0.985,35.0,106,0.2733,0,0
NEU-000959,TreatmentA,B03,112.89,-61.63,233.0,15.48,92.0,-41.15,1.335,47.0,72,0.4623,1,1
NEU-000960,TreatmentB,B03,99.95,-62.12,149.1,21.79,99.9,-39.99,1.233,57.1,77,0.2643,0,0
NEU-000961,TreatmentB,B02,119.44,-62.19,205.2,11.39,52.7,-38.16,1.159,56.7,87,0.4245,0,1
NEU-000962,Control,B02,105.0,-70.76,489.7,12.63,61.3,-43.69,0.953,12.4,84,0.2625,0,1
NEU-000963,Control,B03,89.48,-64.13,160.7,14.91,139.7,-37.88,1.444,52.9,96,0.7212,1,1
NEU-000964,TreatmentA,B03,103.62,-66.21,165.9,14.28,66.2,-41.13,1.778,60.3,93,0.3362,1,1
NEU-000965,TreatmentA,B02,105.86,-67.1,149.2,15.93,89.3,-43.57,0.754,65.4,83,0.4817,1,1
NEU-000966,TreatmentA,B02,87.72,-63.03,226.9,7.49,110.2,-43.05,0.732,49.5,93,0.4947,0,0
NEU-000967,TreatmentA,B03,107.61,-71.81,157.0,11.39,84.5,-33.09,0.757,61.2,86,0.3807,0,0
NEU-000968,TreatmentA,B02,91.27,-65.47,123.4,13.42,127.0,-38.59,1.054,46.0,88,0.2969,0,1
NEU-000969,Control,B01,92.11,-68.44,269.5,22.94,136.9,-43.94,0.833,30.3,93,0.6932,0,1
NEU-000970,Control,B03,72.96,-69.87,376.4,8.46,159.2,-40.58,0.834,48.6,90,0.5106,1,0
NEU-000971,Control,B02,121.75,-66.19,299.0,41.04,116.4,-38.11,1.331,65.3,97,0.2816,0,0
NEU-000972,Control,B03,112.06,-66.96,335.1,10.1,186.9,-46.0,0.831,28.2,82,0.3811,1,1
NEU-000973,TreatmentB,B02,112.32,-64.19,212.2,7.61,131.3,-38.94,0.904,47.9,71,0.3427,0,1
NEU-000974,Control,B03,98.22,-68.1,50.7,10.15,94.9,-48.5,0.981,34.0,78,0.5047,1,0
NEU-000975,TreatmentA,B01,67.2,-65.12,197.7,19.56,80.5,-51.44,1.056,30.1,82,0.2836,0,1
NEU-000976,TreatmentA,B03,94.71,-75.23,193.0,17.16,200.7,-36.12,1.412,64.2,84,0.1708,1,0
NEU-000977,TreatmentB,B03,128.03,-64.06,201.1,9.44,120.7,-43.17,1.604,80.9,96,0.1699,1,1
NEU-000978,Control,B02,104.96,-65.06,88.0,15.55,169.4,-43.52,0.758,33.2,75,0.4151,0,1
NEU-000979,TreatmentA,B01,105.08,-59.63,198.1,12.12,73.2,-39.39,1.07,28.7,94,0.4107,0,0
NEU-000980,Control,B02,86.7,-57.45,208.7,9.69,154.8,-47.38,1.77,65.5,74,0.3767,1,0
NEU-000981,TreatmentB,B02,115.91,-65.59,86.3,10.38,115.4,-43.47,1.438,51.2,86,0.367,1,1
NEU-000982,TreatmentA,B01,111.22,-69.56,292.2,14.34,142.1,-37.86,0.835,37.3,76,0.3226,0,0
NEU-000983,Control,B03,104.83,-72.47,264.2,15.19,54.1,-41.0,1.165,38.8,87,0.1262,0,0
NEU-000984,TreatmentA,B02,120.32,-58.18,307.2,17.9,108.2,-46.27,1.087,35.0,96,0.1156,0,0
NEU-000985,TreatmentA,B01,112.5,-67.36,329.2,21.34,127.2,-36.84,1.417,36.6,93,0.4652,0,1
NEU-000986,TreatmentA,B03,96.5,-64.59,268.7,8.2,77.4,-43.83,1.067,35.4,93,0.4457,1,0
NEU-000987,TreatmentB,B03,114.15,-61.45,168.4,5.97,165.5,-39.52,1.223,71.1,73,0.643,1,0
NEU-000988,TreatmentA,B01,105.04,-53.6,331.0,13.64,146.7,-35.93,1.32,26.1,88,0.4929,0,0
NEU-000989,Control,B02,110.85,-64.42,167.4,6.59,107.6,-35.79,1.134,70.8,94,0.4157,1,0
NEU-000990,TreatmentA,B03,104.54,-67.77,175.6,6.11,62.7,-42.85,0.8,58.8,88,0.2019,1,1
NEU-000991,Control,B02,87.45,-65.11,109.6,21.81,64.7,-40.39,1.215,35.3,96,0.4692,0,1
NEU-000992,TreatmentB,B02,112.98,-63.14,219.0,7.62,106.3,-39.27,0.871,74.9,89,0.3187,0,1
NEU-000993,TreatmentB,B02,74.46,-70.52,221.3,22.24,81.4,-35.51,0.868,65.6,94,0.5749,0,1
NEU-000994,TreatmentA,B03,68.92,-76.29,95.6,11.22,47.3,-45.16,1.489,38.3,90,0.5341,0,0
NEU-000995,Control,B01,101.5,-56.72,62.6,32.92,104.6,-40.88,0.74,58.5,109,0.5868,1,1
NEU-000996,Control,B01,96.98,-63.14,233.1,12.11,119.3,-34.22,0.987,20.9,65,0.3706,0,1
NEU-000997,TreatmentA,B03,94.93,-59.27,125.0,12.92,126.5,-40.89,1.029,27.7,93,0.1177,0,1
NEU-000998,Control,B03,109.24,-65.17,99.0,12.71,130.0,-37.96,0.997,50.2,78,0.6918,1,1
NEU-000999,Control,B02,95.46,-60.34,140.8,17.24,121.5,-38.13,0.775,27.1,84,0.5097,0,1
NEU-001000,TreatmentA,B01,94.71,-74.31,215.8,17.84,88.6,-44.58,0.96,60.2,78,0.338,1,0
NEU-001001,TreatmentB,B01,105.71,-80.55,131.3,13.09,102.8,-41.27,1.598,66.4,86,0.5204,0,0
NEU-001002,TreatmentA,B02,102.93,-72.57,146.4,11.54,101.1,-46.56,0.683,48.1,80,0.4724,1,0
NEU-001003,TreatmentA,B01,130.82,-70.4,245.6,17.9,99.5,-41.89,1.018,48.9,99,0.6601,1,1
NEU-001004,Control,B01,111.44,-63.57,271.1,15.29,127.4,-39.66,1.136,42.5,82,0.5459,0,1
NEU-001005,TreatmentA,B02,75.37,-64.38,186.3,17.33,153.8,-45.33,1.245,51.8,78,0.6163,1,1
NEU-001006,TreatmentA,B01,88.21,-61.75,33.6,5.68,53.0,-40.25,0.808,44.0,77,0.38,1,1
NEU-001007,Control,B01,90.66,-67.48,245.7,14.65,102.6,-36.03,1.239,63.7,93,0.34,0,1
NEU-001008,TreatmentB,B01,115.8,-72.79,204.4,12.06,94.2,-38.45,1.153,66.7,77,0.5497,1,0
NEU-001009,TreatmentA,B03,53.22,-70.26,218.9,12.87,90.8,-40.93,1.062,62.6,83,0.3116,0,1
NEU-001010,TreatmentB,B02,108.05,-66.17,329.3,9.55,96.6,-40.24,1.405,37.3,91,0.5704,1,0
NEU-001011,TreatmentA,B03,116.25,-67.87,135.5,12.82,97.0,-36.59,1.376,31.3,87,0.569,1,1
NEU-001012,Control,B02,87.26,-60.26,171.8,18.66,151.3,-40.49,1.206,42.3,90,0.1916,1,0
NEU-001013,TreatmentA,B02,92.98,-61.11,213.2,10.69,70.2,-39.09,0.551,55.1,93,0.4865,0,1
NEU-001014,TreatmentA,B01,101.64,-64.02,114.4,19.58,138.1,-37.9,0.548,53.6,92,0.5248,1,1
NEU-001015,TreatmentB,B02,107.05,-69.63,67.5,17.9,63.1,-45.23,0.947,41.9,88,0.3714,1,0
NEU-001016,TreatmentA,B01,126.32,-68.91,206.4,12.19,113.5,-45.06,0.925,80.0,79,0.5052,0,0
NEU-001017,TreatmentA,B03,90.48,-67.75,108.1,10.57,94.3,-34.05,1.805,68.0,99,0.6466,1,0
NEU-001018,Control,B02,93.33,-65.0,184.4,15.87,124.7,-36.6,1.758,22.5,93,0.2337,1,0
NEU-001019,TreatmentB,B01,91.98,-70.67,255.9,22.45,148.3,-45.58,0.707,74.1,67,0.645,0,1
NEU-001020,Control,B01,100.1,-58.44,155.4,17.52,180.2,-40.24,0.674,51.5,85,0.5379,0,1
NEU-001021,TreatmentA,B01,89.94,-56.26,149.5,17.53,142.0,-52.11,0.645,3.8,106,0.3729,0,0
NEU-001022,Control,B01,117.86,-68.65,138.5,15.35,144.4,-49.54,1.515,29.5,91,0.3224,1,0
NEU-001023,Control,B01,101.95,-72.93,150.5,12.16,139.9,-42.49,1.453,33.0,105,0.4845,0,0
NEU-001024,TreatmentA,B01,83.95,-75.37,101.9,20.01,94.8,-38.23,0.698,69.6,99,0.3025,0,0
NEU-001025,TreatmentA,B02,124.25,-68.39,172.0,11.7,168.8,-43.81,0.938,55.8,81,0.5516,0,0
NEU-001026,TreatmentA,B03,118.28,-70.56,220.5,28.94,146.8,-40.34,1.092,47.4,84,0.7862,0,1
NEU-001027,Control,B02,97.0,-64.7,321.2,10.08,114.9,-37.02,1.594,43.7,81,0.4673,0,0
NEU-001028,Control,B03,86.78,-63.34,157.9,9.2,157.1,-41.78,0.748,49.5,87,0.4019,1,1
NEU-001029,TreatmentB,B03,113.0,-60.4,65.9,8.04,60.9,-38.82,1.128,87.9,93,0.5921,1,0
NEU-001030,Control,B01,97.67,-61.97,72.1,11.99,155.9,-50.87,0.998,38.8,96,0.3907,0,1
NEU-001031,TreatmentB,B03,81.54,-65.94,144.2,11.11,74.9,-45.88,0.867,59.2,94,0.6488,0,0
NEU-001032,Control,B01,96.7,-54.67,224.9,7.56,176.5,-42.8,0.971,24.1,92,0.2571,0,1
NEU-001033,TreatmentA,B02,106.15,-64.27,132.5,13.18,47.0,-38.05,1.171,61.2,77,0.2628,1,1
NEU-001034,Control,B02,76.27,-71.17,746.7,9.54,100.0,-41.72,1.013,54.7,86,0.5617,0,0
NEU-001035,Control,B02,75.61,-53.68,95.9,16.63,144.2,-39.68,1.516,42.9,91,0.1913,0,0
NEU-001036,TreatmentA,B03,64.66,-68.08,421.4,21.19,185.2,-44.5,1.223,50.5,100,0.3445,0,1
NEU-001037,TreatmentB,B03,134.97,-60.37,241.9,10.14,73.3,-45.33,1.724,63.4,91,0.4694,1,1
NEU-001038,Control,B01,105.35,-60.25,152.2,11.18,119.8,-44.22,0.561,18.0,89,0.2909,0,1
NEU-001039,TreatmentB,B02,76.6,-61.67,274.6,14.93,92.1,-48.78,0.814,42.5,86,0.3016,0,0
NEU-001040,TreatmentA,B03,94.93,-59.09,127.7,15.37,141.4,-37.2,0.799,43.5,91,0.2918,1,0
NEU-001041,Control,B03,109.1,-67.64,103.1,7.85,119.1,-40.27,1.139,56.1,82,0.1665,1,1
NEU-001042,Control,B01,123.92,-66.87,104.7,15.83,147.4,-39.23,0.913,48.5,90,0.4947,0,1
NEU-001043,Control,B01,115.12,-62.88,259.6,16.91,103.5,-35.5,1.029,27.9,87,0.6238,0,1
NEU-001044,TreatmentB,B02,99.52,-65.34,193.5,22.98,132.0,-40.81,1.233,38.7,95,0.4533,1,1
NEU-001045,TreatmentA,B02,73.6,-79.84,160.6,23.07,72.7,-44.38,1.127,63.4,84,0.4138,1,0
NEU-001046,TreatmentB,B03,94.98,-66.63,180.2,8.46,95.0,-44.76,1.192,62.9,81,0.557,1,1
NEU-001047,TreatmentA,B02,130.05,-66.21,146.7,9.65,60.8,-43.9,2.227,46.8,84,0.5213,1,0
NEU-001048,TreatmentB,B01,88.32,-65.96,131.9,11.74,120.1,-42.21,0.805,62.4,101,0.3421,1,1
NEU-001049,Control,B03,107.59,-65.22,115.5,25.63,134.5,-42.48,1.057,54.7,92,0.3372,1,0
NEU-001050,TreatmentB,B02,88.64,-67.61,114.6,9.83,100.0,-40.34,1.003,35.2,89,0.1899,0,1
NEU-001051,TreatmentA,B02,90.52,-61.84,108.5,20.9,131.7,-45.52,0.854,28.3,90,0.1469,0,0
NEU-001052,TreatmentB,B03,101.23,-69.7,233.6,15.55,61.7,-38.48,1.628,61.5,81,0.2351,1,1
NEU-001053,TreatmentA,B02,89.83,-72.11,193.2,11.8,93.1,-48.5,1.439,32.4,91,0.1909,1,0
NEU-001054,TreatmentA,B02,90.27,-64.19,257.0,11.49,115.6,-38.9,0.944,33.1,103,0.3777,0,0
NEU-001055,TreatmentB,B01,114.91,-69.91,77.0,28.76,106.0,-38.88,0.684,49.0,88,0.3154,1,0
NEU-001056,TreatmentB,B03,95.05,-63.9,149.2,14.37,100.5,-47.04,1.426,61.7,91,0.4121,1,1
NEU-001057,Control,B01,114.77,-60.7,166.0,19.79,143.4,-41.68,0.746,36.1,87,0.6141,0,1
NEU-001058,TreatmentA,B03,109.72,-56.22,348.7,15.05,145.6,-42.66,0.474,20.4,81,0.6006,0,0
NEU-001059,TreatmentB,B03,95.87,-58.35,181.3,24.2,69.2,-45.19,1.281,41.7,92,0.476,0,0
NEU-001060,TreatmentB,B02,106.99,-71.11,457.6,8.66,100.4,-39.69,1.48,40.1,89,0.4254,0,0
NEU-001061,Control,B01,98.26,-62.32,589.4,19.09,95.5,-36.5,1.105,24.8,79,0.1656,0,0
NEU-001062,TreatmentA,B03,123.13,-65.05,349.9,15.22,100.9,-45.22,0.841,60.2,87,0.4105,0,1
NEU-001063,TreatmentA,B02,110.63,-68.42,98.5,19.11,89.1,-45.99,1.096,35.1,80,0.3902,0,1
NEU-001064,TreatmentB,B01,112.49,-65.08,193.1,6.0,89.2,-46.4,1.667,59.7,74,0.2772,1,1
NEU-001065,TreatmentA,B03,104.92,-65.59,104.8,17.61,71.2,-45.46,1.392,52.0,83,0.129,1,1
NEU-001066,TreatmentA,B02,109.28,-62.89,168.7,15.23,135.9,-41.13,1.406,58.9,92,0.2332,1,0
NEU-001067,TreatmentB,B03,96.35,-71.07,144.6,26.59,122.2,-38.31,1.001,50.3,86,0.4943,0,1
NEU-001068,TreatmentA,B01,95.78,-65.29,113.9,18.99,49.5,-41.97,0.968,56.7,99,0.6159,1,1
NEU-001069,TreatmentA,B02,121.62,-58.79,115.6,9.96,91.7,-45.69,1.575,57.1,100,0.6031,1,0
NEU-001070,Control,B01,99.8,-60.93,111.9,19.58,144.6,-46.6,0.947,64.1,92,0.2586,1,0
NEU-001071,Control,B01,86.44,-73.94,196.1,13.88,180.8,-46.74,1.051,37.7,84,0.5997,0,1
NEU-001072,TreatmentA,B03,110.45,-63.08,314.4,17.39,60.7,-41.62,1.236,58.1,74,0.4908,1,1
NEU-001073,Control,B01,72.0,-60.56,388.2,7.37,108.1,-37.62,1.622,52.0,68,0.5432,0,0
NEU-001074,TreatmentB,B01,101.84,-60.48,377.5,6.41,106.6,-48.45,1.016,58.1,81,0.2096,0,1
NEU-001075,Control,B03,93.02,-74.62,381.1,10.17,182.5,-45.13,1.12,62.6,97,0.3298,1,0
NEU-001076,Control,B01,85.09,-72.84,286.8,9.38,188.9,-42.59,0.956,21.1,86,0.3643,0,1
NEU-001077,TreatmentA,B02,115.95,-65.01,159.7,12.85,76.8,-43.51,1.101,44.4,96,0.4928,0,1
NEU-001078,TreatmentA,B01,130.27,-73.96,113.3,11.03,70.1,-49.34,0.934,69.2,84,0.2971,1,0
NEU-001079,TreatmentB,B01,108.65,-59.85,215.7,14.22,25.2,-46.12,0.944,61.6,90,0.4028,0,0
NEU-001080,TreatmentA,B02,95.83,-63.73,205.9,7.31,115.8,-47.01,0.686,55.8,94,0.7575,0,0
NEU-001081,TreatmentB,B02,85.7,-60.04,241.4,7.9,60.4,-36.2,1.813,30.6,72,0.6066,1,0
NEU-001082,TreatmentA,B02,114.11,-67.71,88.7,11.32,95.0,-37.5,0.834,62.3,93,0.5722,1,0
NEU-001083,TreatmentB,B01,96.33,-65.18,288.4,17.3,100.1,-44.92,1.211,83.3,97,0.4515,1,1
NEU-001084,Control,B03,69.05,-65.01,187.6,12.83,126.1,-37.42,0.894,54.5,90,0.3289,1,1
NEU-001085,TreatmentA,B03,74.75,-61.3,228.2,20.76,84.1,-42.76,1.271,53.6,90,0.3822,1,0
NEU-001086,TreatmentA,B03,83.18,-69.37,133.7,13.49,119.2,-45.58,1.739,60.0,72,0.3853,1,0
NEU-001087,TreatmentB,B01,110.52,-70.3,201.1,8.84,65.7,-40.7,0.743,52.3,89,0.3891,1,0
NEU-001088,TreatmentB,B03,109.42,-74.96,121.0,12.64,114.3,-42.1,1.011,82.6,65,0.3642,1,0
NEU-001089,Control,B02,93.79,-62.3,77.4,25.53,183.2,-41.49,1.572,40.0,86,0.5109,1,1
NEU-001090,TreatmentA,B02,95.19,-67.08,173.4,14.83,99.2,-46.08,1.082,44.7,79,0.3874,0,0
NEU-001091,Control,B01,101.51,-70.73,199.1,16.06,118.1,-54.47,1.151,33.4,103,0.1521,0,0
NEU-001092,Control,B01,96.42,-73.35,330.4,19.51,125.8,-37.21,1.316,11.3,84,0.3046,0,0
NEU-001093,TreatmentB,B01,85.97,-60.63,239.2,9.47,28.0,-44.51,1.184,51.1,83,0.3049,0,0
NEU-001094,Control,B03,102.12,-68.07,221.3,14.18,149.5,-42.1,1.304,33.2,78,0.5457,0,1
NEU-001095,TreatmentA,B02,124.46,-67.18,305.8,7.64,111.1,-45.96,1.969,24.1,88,0.4874,0,0
NEU-001096,TreatmentB,B01,85.09,-64.56,218.0,6.22,32.2,-48.96,1.538,59.8,76,0.3612,1,1
NEU-001097,TreatmentB,B01,89.47,-65.84,126.4,27.23,92.5,-46.08,0.707,64.8,91,0.3954,1,1
NEU-001098,TreatmentB,B03,101.91,-68.5,99.8,11.51,173.4,-45.83,2.061,56.9,83,0.5156,1,0
NEU-001099,TreatmentB,B02,80.84,-69.95,99.2,9.27,21.8,-40.53,0.908,49.6,71,0.5425,1,0
NEU-001100,TreatmentA,B02,92.05,-60.36,106.1,9.52,108.9,-44.58,1.284,63.4,78,0.266,1,1
NEU-001101,Control,B02,118.95,-69.93,183.2,14.41,163.2,-41.66,0.961,38.0,73,0.0701,0,0
NEU-001102,Control,B01,94.68,-62.67,130.4,20.25,107.5,-34.21,0.881,21.2,89,0.2901,0,0
NEU-001103,TreatmentA,B02,90.02,-65.05,113.7,6.23,112.8,-40.92,1.218,53.7,97,0.3587,0,1
NEU-001104,TreatmentB,B02,111.17,-72.04,88.1,17.58,58.7,-41.62,0.841,51.0,83,0.4161,1,1
NEU-001105,TreatmentB,B03,96.75,-63.54,165.7,19.98,72.4,-48.25,0.71,41.1,87,0.6645,1,1
NEU-001106,Control,B02,113.76,-69.15,106.5,13.78,198.6,-38.23,0.863,40.2,76,0.5019,0,1
NEU-001107,TreatmentB,B02,117.6,-63.98,255.1,17.58,144.5,-44.02,0.848,62.9,94,0.4468,1,1
NEU-001108,Control,B01,74.31,-73.12,90.6,22.07,170.2,-45.73,1.094,40.4,75,0.6026,1,1
NEU-001109,TreatmentB,B03,106.01,-68.97,222.9,11.44,43.0,-50.06,0.683,60.9,76,0.3848,1,0
NEU-001110,TreatmentA,B01,107.02,-69.42,173.6,13.26,85.8,-41.87,1.694,51.6,83,0.2498,1,1
NEU-001111,TreatmentA,B01,88.73,-61.79,313.9,23.17,138.1,-46.18,0.928,42.9,86,0.2874,0,0
NEU-001112,Control,B03,82.52,-68.1,234.0,24.17,139.9,-36.08,0.753,46.5,80,0.234,0,0
NEU-001113,TreatmentB,B03,122.94,-65.51,119.1,14.45,54.0,-34.73,0.984,62.2,73,0.2795,1,1
NEU-001114,TreatmentA,B01,92.46,-59.44,124.0,14.47,86.0,-44.54,0.937,39.2,78,0.6132,0,1
NEU-001115,TreatmentB,B02,93.37,-68.34,93.3,14.73,83.8,-42.89,0.423,62.1,85,0.3491,0,0
NEU-001116,Control,B01,109.48,-74.35,210.9,14.8,58.2,-38.04,0.835,45.0,82,0.6236,0,0
NEU-001117,Control,B01,90.06,-58.1,107.5,10.57,176.5,-36.91,0.848,33.8,92,0.3193,0,1
NEU-001118,Control,B03,98.28,-64.94,115.7,8.78,142.5,-47.03,1.834,34.5,83,0.4052,1,1
NEU-001119,Control,B03,103.52,-67.54,159.9,13.67,160.6,-39.34,1.026,39.6,93,0.5004,0,1
NEU-001120,Control,B03,101.96,-66.01,338.8,23.53,116.9,-33.62,1.317,44.9,77,0.4748,0,1
NEU-001121,TreatmentA,B01,100.51,-69.23,270.2,24.4,103.0,-37.77,1.453,55.8,89,0.4355,1,1
NEU-001122,Control,B03,116.8,-56.21,186.9,14.08,94.4,-34.09,0.711,36.5,91,0.395,0,1
NEU-001123,TreatmentA,B02,99.49,-71.57,333.5,19.27,134.0,-39.28,1.03,42.6,81,0.2891,0,0
NEU-001124,Control,B02,90.88,-65.28,497.0,12.06,119.7,-42.98,1.06,29.2,79,0.2748,0,1
NEU-001125,Control,B01,102.27,-68.22,106.8,13.11,110.7,-39.19,0.961,21.3,110,0.4594,0,1
NEU-001126,TreatmentA,B02,92.06,-67.33,151.8,6.65,130.6,-40.29,0.721,43.4,83,0.2396,1,1
NEU-001127,TreatmentA,B03,112.66,-71.6,248.3,17.15,144.7,-34.3,1.126,45.5,65,0.2312,0,0
NEU-001128,TreatmentA,B03,98.71,-71.81,194.3,17.43,101.3,-43.22,1.529,35.3,87,0.5605,1,0
NEU-001129,TreatmentA,B01,114.1,-55.05,235.9,6.52,107.4,-42.02,0.805,68.7,90,0.4352,0,0
NEU-001130,Control,B02,108.28,-65.48,195.3,20.66,17.8,-37.23,0.984,44.8,80,0.3767,0,1
NEU-001131,TreatmentA,B01,111.7,-64.04,243.7,9.24,97.1,-47.1,1.533,55.5,92,0.3467,1,1
NEU-001132,Control,B02,100.6,-67.55,103.0,13.37,104.7,-39.38,0.648,55.2,78,0.4598,0,0
NEU-001133,TreatmentA,B03,104.63,-52.66,220.6,13.32,108.1,-44.45,1.006,20.2,74,0.5023,1,0
NEU-001134,TreatmentA,B01,59.13,-65.85,170.3,13.44,57.3,-41.55,1.818,35.1,84,0.6604,0,0
NEU-001135,Control,B02,111.76,-59.39,97.9,8.41,140.8,-41.73,0.776,34.5,76,0.4946,1,0
NEU-001136,TreatmentA,B03,98.1,-53.81,183.7,7.85,104.8,-36.04,1.235,50.7,82,0.338,1,0
NEU-001137,TreatmentB,B01,96.19,-63.21,116.8,7.52,112.7,-41.01,0.796,44.9,78,0.3538,0,1
NEU-001138,TreatmentB,B02,118.23,-61.5,291.8,13.87,47.2,-42.06,0.803,63.6,83,0.3368,1,0
NEU-001139,TreatmentB,B03,88.17,-66.66,146.9,12.22,62.8,-40.04,1.206,77.9,77,0.2484,1,1
NEU-001140,TreatmentB,B02,105.18,-66.8,97.7,8.31,45.1,-41.19,1.132,79.7,90,0.1938,1,1
NEU-001141,TreatmentA,B01,95.77,-69.53,225.7,53.11,163.3,-53.06,1.046,55.0,80,0.3159,1,0
NEU-001142,Control,B01,112.99,-62.48,315.4,14.6,116.4,-45.61,1.538,-3.0,109,0.3683,0,1
NEU-001143,TreatmentA,B01,85.82,-63.4,218.8,9.19,125.0,-37.06,0.642,57.5,80,0.2836,1,1
NEU-001144,TreatmentB,B02,92.82,-58.97,147.2,14.14,70.9,-43.93,0.818,59.8,87,0.4187,0,0
NEU-001145,TreatmentB,B03,84.54,-68.55,79.1,10.85,57.5,-44.2,1.043,94.5,86,0.3915,1,0
NEU-001146,TreatmentB,B02,81.84,-63.19,240.6,27.95,65.3,-53.26,1.718,64.9,92,0.587,1,1
NEU-001147,Control,B02,87.38,-75.39,113.0,5.37,64.6,-49.45,1.056,37.9,109,0.4723,1,0
NEU-001148,Control,B01,90.16,-71.2,173.5,21.3,110.7,-40.04,0.788,42.8,98,0.3476,0,0
NEU-001149,TreatmentB,B01,114.37,-68.86,136.8,13.34,64.9,-40.91,1.243,49.3,111,0.2393,1,1
NEU-001150,TreatmentA,B01,88.1,-66.38,184.3,13.87,155.9,-48.43,0.923,52.0,85,0.5573,1,1
NEU-001151,TreatmentA,B03,97.87,-61.17,134.2,6.39,139.9,-36.84,0.55,44.3,93,0.6215,1,0
NEU-001152,TreatmentB,B01,82.5,-57.87,206.8,11.93,135.0,-46.82,1.577,54.3,85,0.4945,1,0
NEU-001153,Control,B01,98.92,-71.86,62.9,20.32,111.1,-39.28,0.896,43.5,96,0.2672,0,0
NEU-001154,TreatmentB,B02,99.98,-62.47,128.7,11.52,53.2,-41.09,0.808,84.5,99,0.4926,1,0
NEU-001155,TreatmentB,B01,73.47,-64.55,252.1,16.33,76.0,-45.95,1.532,57.8,105,0.3976,1,1
NEU-001156,TreatmentA,B02,91.09,-63.62,93.2,19.22,147.7,-53.93,0.985,70.0,106,0.1634,1,0
NEU-001157,TreatmentA,B03,113.14,-65.27,243.0,12.45,157.9,-39.95,0.989,35.9,76,0.3404,0,1
NEU-001158,Control,B03,127.22,-59.46,192.9,11.21,172.5,-54.17,0.604,29.3,88,0.1935,0,0
NEU-001159,Control,B03,97.88,-57.57,265.3,10.71,131.3,-44.01,1.457,51.2,80,0.2932,1,1
NEU-001160,Control,B01,75.33,-68.02,250.0,11.81,124.0,-36.63,0.781,37.8,85,0.5158,0,1
NEU-001161,TreatmentB,B02,94.56,-72.53,182.8,30.59,70.6,-42.64,1.007,20.1,96,0.3866,0,1
NEU-001162,Control,B02,88.13,-72.7,209.9,11.47,34.4,-34.33,0.704,28.0,77,0.5197,0,0
NEU-001163,TreatmentB,B02,111.36,-73.21,96.5,13.6,63.1,-39.99,1.533,68.4,81,0.2367,1,0
NEU-001164,Control,B02,104.85,-64.66,183.4,11.32,176.3,-46.34,1.116,32.3,103,0.3328,0,1
NEU-001165,TreatmentB,B01,106.53,-61.39,180.2,21.94,59.3,-49.33,1.106,50.9,74,0.3895,1,1
NEU-001166,TreatmentB,B01,95.32,-56.35,226.9,10.42,51.5,-35.51,0.875,78.1,77,0.3764,0,0
NEU-001167,TreatmentA,B02,102.56,-74.41,195.4,16.53,95.6,-39.44,0.934,49.4,89,0.4159,0,0
NEU-001168,Control,B02,96.14,-68.72,209.1,19.14,101.6,-41.28,1.912,35.3,83,0.485,1,1
NEU-001169,TreatmentB,B03,110.98,-63.84,124.7,18.83,81.1,-49.03,0.861,64.4,80,0.3516,0,0
NEU-001170,TreatmentB,B03,99.46,-63.41,92.4,13.58,18.6,-41.49,1.586,64.2,73,0.4388,0,1
NEU-001171,Control,B03,95.7,-66.25,213.9,15.25,129.3,-46.07,1.096,53.3,98,0.6605,0,1
NEU-001172,Control,B03,99.23,-70.46,189.9,15.79,114.0,-51.36,1.016,22.3,84,0.6434,0,0
NEU-001173,TreatmentB,B02,98.23,-54.22,323.2,14.65,85.7,-49.49,0.897,46.5,92,0.5092,1,0
NEU-001174,TreatmentB,B01,89.12,-64.36,120.3,11.39,92.0,-44.49,0.758,53.2,83,0.5239,0,1
NEU-001175,TreatmentA,B02,100.27,-63.52,154.1,9.02,99.7,-47.57,0.686,24.6,90,0.46,0,0
NEU-001176,TreatmentA,B02,85.34,-60.95,340.8,17.09,161.1,-44.3,0.789,33.4,92,0.3655,0,0
NEU-001177,TreatmentA,B01,107.23,-57.27,169.6,15.36,72.1,-42.59,1.81,47.3,86,0.404,1,0
NEU-001178,Control,B03,101.14,-68.75,274.9,11.39,198.4,-39.95,1.613,59.2,80,0.3802,1,1
NEU-001179,TreatmentB,B02,92.82,-61.75,222.6,17.03,71.3,-43.9,1.367,37.5,83,0.6068,0,1
NEU-001180,TreatmentA,B02,70.65,-63.39,291.5,14.48,100.8,-44.27,1.036,28.0,89,0.3136,0,0
NEU-001181,TreatmentB,B01,87.94,-58.52,74.4,8.97,110.9,-37.85,0.981,38.8,93,0.4743,1,0
NEU-001182,Control,B02,103.49,-59.96,333.1,20.74,90.2,-41.21,0.969,26.5,105,0.2961,0,0
NEU-001183,TreatmentA,B02,97.98,-69.21,262.9,14.0,57.5,-35.24,0.811,50.4,108,0.2689,0,0
NEU-001184,TreatmentA,B01,99.94,-62.27,117.4,14.94,87.5,-46.5,0.835,56.4,88,0.3317,1,1
NEU-001185,TreatmentA,B03,121.39,-65.49,261.9,24.97,72.3,-42.74,0.902,51.7,83,0.3647,1,1
NEU-001186,Control,B01,96.37,-56.02,185.2,27.37,58.2,-44.8,1.097,36.1,90,0.5161,0,1
NEU-001187,Control,B01,99.57,-64.95,171.1,17.38,128.7,-45.17,0.752,51.4,83,0.3524,0,1
NEU-001188,TreatmentB,B03,91.13,-65.89,132.1,27.42,44.4,-34.34,1.097,61.0,86,0.2573,0,0
NEU-001189,TreatmentA,B03,93.9,-70.44,71.6,25.74,129.0,-40.75,0.655,39.9,85,0.6403,0,1
NEU-001190,TreatmentB,B01,78.75,-70.19,96.0,12.33,100.9,-36.42,1.105,53.8,98,0.2982,1,1
NEU-001191,TreatmentA,B01,83.45,-52.8,134.1,10.06,129.8,-40.97,0.908,49.6,82,0.2385,1,0
NEU-001192,TreatmentB,B02,56.57,-58.48,105.0,7.99,91.0,-40.53,1.714,66.3,67,0.5738,1,0
NEU-001193,TreatmentA,B03,76.0,-58.48,339.9,7.78,118.4,-49.27,1.101,38.1,93,0.4193,0,0
NEU-001194,TreatmentB,B02,87.42,-69.14,196.5,9.99,84.3,-43.55,0.777,73.4,73,0.6836,0,0
NEU-001195,TreatmentB,B01,76.98,-66.41,172.4,13.07,94.4,-42.95,0.585,49.3,85,0.6257,0,1
NEU-001196,Control,B03,93.43,-55.88,91.8,12.98,108.1,-43.33,1.171,47.0,85,0.5789,1,0
NEU-001197,Control,B02,88.93,-66.71,174.7,18.34,99.9,-34.65,2.276,37.7,95,0.3001,1,1
NEU-001198,Control,B02,122.38,-62.87,216.4,11.76,64.8,-39.01,0.791,44.9,101,0.373,0,1
NEU-001199,TreatmentB,B02,102.0,-66.66,155.9,8.38,142.5,-42.72,1.436,36.3,89,0.7034,1,1
NEU-001200,Control,B03,99.64,-77.53,218.5,21.37,125.2,-42.86,1.189,47.5,83,0.5936,0,1
NEU-001201,Control,B03,112.4,-73.24,176.8,18.78,139.8,-37.65,0.93,47.9,83,0.356,1,0
NEU-001202,TreatmentA,B01,103.16,-72.56,238.3,12.42,148.0,-33.82,1.133,51.4,90,0.424,0,0
NEU-001203,TreatmentB,B03,108.66,-58.44,86.7,18.94,77.5,-43.47,1.271,55.9,81,0.6633,1,1
NEU-001204,Control,B02,93.68,-62.1,208.7,16.96,168.7,-40.67,0.906,29.0,99,0.3174,0,0
NEU-001205,Control,B02,116.9,-56.38,96.8,19.5,120.3,-43.67,0.952,16.6,89,0.5378,0,0
NEU-001206,Control,B01,107.56,-61.7,200.9,12.59,76.6,-42.8,1.159,56.4,87,0.276,1,0
NEU-001207,TreatmentA,B03,86.62,-59.13,109.7,9.16,122.5,-40.97,1.106,48.6,80,0.3611,1,0
NEU-001208,TreatmentA,B03,120.37,-75.25,277.6,17.25,64.0,-42.86,0.912,49.9,85,0.3983,0,0
NEU-001209,TreatmentA,B02,104.64,-67.69,159.8,7.27,73.9,-40.73,1.143,39.0,80,0.5223,1,0
NEU-001210,Control,B01,86.09,-65.9,169.2,21.43,175.8,-40.25,0.721,50.9,78,0.1206,1,0
NEU-001211,Control,B03,93.37,-65.73,110.5,12.56,157.8,-39.1,1.377,19.4,98,0.4245,0,1
NEU-001212,TreatmentA,B01,87.74,-60.05,229.7,10.61,95.7,-36.27,0.903,40.2,96,0.2613,0,1
NEU-001213,TreatmentB,B03,97.54,-63.3,300.5,22.41,85.6,-31.65,1.043,96.2,75,0.336,1,0
NEU-001214,Control,B01,106.45,-67.43,246.8,10.07,109.5,-44.89,1.032,30.9,68,0.1632,0,1
NEU-001215,Control,B01,119.51,-77.09,363.7,9.31,130.8,-41.26,0.894,26.0,90,0.3175,0,1
NEU-001216,Control,B03,92.67,-71.7,161.2,11.68,82.3,-39.91,0.79,68.8,79,0.2411,1,1
NEU-001217,Control,B03,82.52,-65.94,148.1,15.81,124.5,-35.78,0.672,28.6,99,0.4289,0,1
NEU-001218,TreatmentA,B03,111.81,-63.35,170.5,24.41,42.7,-40.72,0.712,66.3,79,0.4759,1,1
NEU-001219,TreatmentB,B03,88.39,-54.7,320.1,15.8,102.3,-49.63,0.817,65.2,93,0.2989,1,0
NEU-001220,Control,B01,104.99,-53.19,373.0,8.43,152.0,-39.43,1.56,37.4,59,0.4397,0,0
NEU-001221,Control,B02,77.61,-60.37,103.8,20.25,146.7,-39.52,1.177,39.5,82,0.5006,0,1
NEU-001222,TreatmentA,B02,119.33,-71.52,167.9,16.18,110.5,-36.15,1.488,38.8,73,0.5064,1,1
NEU-001223,TreatmentA,B01,101.21,-68.37,304.4,14.83,131.6,-42.3,1.072,43.3,88,0.4578,1,1
NEU-001224,TreatmentB,B02,106.17,-67.58,165.9,14.8,85.9,-46.24,0.999,49.6,80,0.3558,1,1
NEU-001225,TreatmentB,B02,116.8,-65.45,195.0,16.4,93.2,-35.26,0.853,64.5,80,0.6987,0,1
NEU-001226,TreatmentB,B03,99.41,-70.36,265.8,8.49,79.8,-44.21,1.18,54.9,87,0.2238,0,1
NEU-001227,TreatmentA,B02,95.57,-69.25,174.1,19.84,48.4,-36.94,1.389,64.6,89,0.3094,1,0
NEU-001228,TreatmentB,B02,103.36,-65.59,283.1,19.08,126.1,-33.98,0.88,69.1,83,0.5705,1,1
NEU-001229,TreatmentA,B01,106.83,-59.9,146.8,19.83,75.6,-40.86,1.065,26.7,91,0.2623,0,0
NEU-001230,TreatmentB,B03,93.51,-70.15,168.6,14.2,174.8,-37.15,0.867,50.3,99,0.2685,0,0
NEU-001231,TreatmentB,B03,134.05,-56.53,105.9,4.45,-7.6,-43.37,0.746,60.4,94,0.4664,1,0
NEU-001232,Control,B01,86.11,-71.71,222.0,22.68,165.7,-34.15,1.153,34.1,85,0.5861,0,1
NEU-001233,TreatmentA,B01,103.51,-68.73,222.5,14.33,131.2,-48.48,1.597,32.4,75,0.4999,1,1
NEU-001234,TreatmentB,B02,104.24,-65.67,127.0,14.01,28.8,-40.99,1.5,46.6,110,0.3347,1,1
NEU-001235,TreatmentA,B02,103.46,-66.15,112.0,12.91,79.8,-46.42,1.511,46.5,79,0.4642,1,0
NEU-001236,TreatmentB,B02,104.27,-61.82,419.1,11.02,67.4,-42.05,0.732,61.2,99,0.4813,0,1
NEU-001237,Control,B01,79.68,-69.81,69.5,21.72,209.1,-42.17,0.945,32.5,71,0.4564,1,1
NEU-001238,TreatmentA,B01,79.93,-55.68,376.1,12.02,92.8,-34.99,1.388,62.8,113,0.6683,0,0
NEU-001239,TreatmentB,B01,85.34,-70.25,243.7,11.14,70.4,-41.9,1.184,63.6,99,0.6691,1,0
NEU-001240,Control,B03,114.22,-72.1,156.4,7.04,73.2,-33.98,0.986,30.2,80,0.5662,0,0
NEU-001241,TreatmentB,B01,104.93,-59.3,183.6,12.5,66.2,-42.44,0.931,30.2,95,0.4837,0,0
NEU-001242,TreatmentA,B01,124.09,-62.43,176.0,7.32,146.0,-36.59,1.137,56.2,84,0.409,1,1
NEU-001243,Control,B03,64.18,-77.4,131.9,22.48,118.8,-39.72,0.788,26.0,88,0.2207,1,0
NEU-001244,Control,B03,82.54,-79.44,155.0,9.79,117.0,-40.02,1.239,32.3,82,0.1001,0,0
NEU-001245,TreatmentA,B02,110.16,-57.39,289.2,19.91,111.7,-38.38,1.375,51.7,80,0.5119,1,0
NEU-001246,TreatmentB,B01,114.43,-63.41,34.7,8.26,99.6,-36.22,0.859,60.5,90,0.2658,1,1
NEU-001247,Control,B03,95.73,-56.29,179.1,22.99,91.7,-37.15,1.106,37.7,80,0.2392,0,0
NEU-001248,TreatmentA,B02,112.77,-62.72,127.5,10.55,136.1,-45.47,2.187,40.6,94,0.2894,1,1
NEU-001249,Control,B03,97.68,-59.55,132.5,8.06,136.8,-48.59,0.873,40.1,90,0.3625,0,0
NEU-001250,TreatmentA,B01,130.18,-59.04,114.6,23.26,214.6,-45.34,1.205,51.6,100,0.3846,1,0
NEU-001251,TreatmentA,B03,115.65,-73.29,140.5,21.03,74.5,-44.33,1.632,60.6,89,0.6138,1,1
NEU-001252,TreatmentA,B03,75.39,-68.68,195.2,13.45,75.7,-43.24,1.289,42.4,98,0.301,1,1
NEU-001253,TreatmentB,B02,79.17,-71.22,158.2,15.46,94.4,-40.01,0.783,51.5,74,0.5226,1,0
NEU-001254,TreatmentB,B02,104.05,-68.52,135.1,12.08,19.8,-44.76,0.935,83.0,75,0.4668,1,1
NEU-001255,Control,B03,89.67,-69.25,131.6,18.34,106.5,-48.3,0.684,61.6,71,0.5235,1,1
NEU-001256,Control,B01,110.41,-59.61,234.1,10.24,120.2,-47.66,1.356,55.0,86,0.5852,1,0
NEU-001257,Control,B02,123.34,-66.58,90.3,14.28,119.1,-44.89,1.183,43.5,95,0.4468,1,1
NEU-001258,TreatmentA,B02,95.34,-63.27,167.7,20.36,109.5,-42.4,1.352,54.3,86,0.6969,1,1
NEU-001259,Control,B01,95.77,-70.1,169.0,13.52,80.0,-41.2,1.241,38.1,101,0.3292,0,0
NEU-001260,Control,B01,126.16,-62.29,181.9,15.27,61.7,-36.35,1.269,37.6,73,0.2062,0,1
NEU-001261,TreatmentA,B01,82.49,-56.65,121.2,15.18,43.6,-41.86,1.481,59.2,86,0.1889,1,0
NEU-001262,TreatmentB,B03,95.82,-64.8,59.5,11.98,95.6,-34.04,1.798,74.4,84,0.3964,1,0
NEU-001263,TreatmentA,B01,81.3,-54.66,155.3,9.38,112.8,-43.14,0.858,64.7,76,0.5296,1,0
NEU-001264,TreatmentA,B01,97.55,-60.27,262.0,20.24,126.6,-36.98,0.967,59.1,93,0.3553,0,0
NEU-001265,TreatmentB,B03,73.36,-58.59,324.2,6.19,145.5,-49.3,0.86,62.9,79,0.2519,1,1
NEU-001266,Control,B01,95.51,-58.45,231.9,18.88,160.1,-38.32,0.714,38.2,94,0.3773,0,0
NEU-001267,TreatmentB,B02,83.79,-66.55,241.6,15.52,122.2,-41.55,1.049,48.0,72,0.2576,1,1
NEU-001268,TreatmentA,B03,91.44,-63.62,71.9,12.52,208.1,-45.94,1.455,62.3,79,0.5032,1,1
NEU-001269,Control,B03,82.91,-73.18,239.4,15.14,128.7,-44.61,0.769,24.2,78,0.5265,0,0
NEU-001270,Control,B03,137.5,-57.05,143.3,11.6,185.6,-49.58,2.392,31.0,91,0.2788,1,1
NEU-001271,Control,B03,105.21,-61.38,131.1,19.28,108.8,-44.06,1.315,24.8,87,0.4831,0,0
NEU-001272,TreatmentB,B02,115.52,-57.67,130.2,14.88,132.1,-41.2,0.589,41.3,90,0.3451,0,0
NEU-001273,TreatmentA,B02,103.17,-60.07,121.6,5.86,110.0,-40.06,0.766,59.9,92,0.5455,0,0
NEU-001274,TreatmentA,B02,86.21,-63.97,176.2,8.52,131.1,-40.19,1.191,33.0,91,0.6763,1,0
NEU-001275,TreatmentA,B02,122.79,-69.44,117.8,20.05,189.1,-43.35,1.052,20.1,83,0.4231,1,1
NEU-001276,TreatmentA,B02,110.63,-75.02,131.4,16.23,109.6,-38.83,0.711,30.5,98,0.2276,0,0
NEU-001277,TreatmentB,B03,81.03,-63.86,139.6,10.34,98.2,-42.94,0.813,50.8,73,0.3513,1,1
NEU-001278,TreatmentB,B03,92.52,-71.12,313.1,11.36,143.5,-47.02,1.45,50.3,90,0.1681,0,1
NEU-001279,Control,B01,77.92,-62.62,103.8,26.38,96.2,-43.81,0.884,40.8,78,0.2243,0,0
NEU-001280,TreatmentB,B01,76.31,-61.18,86.0,20.58,110.4,-42.19,0.948,76.0,79,0.3675,1,1
NEU-001281,TreatmentB,B01,108.85,-68.41,138.2,39.61,143.5,-43.86,0.965,78.3,76,0.4166,1,1
NEU-001282,TreatmentB,B03,97.63,-63.44,108.1,15.82,41.8,-38.51,2.109,53.3,82,0.2134,1,0
NEU-001283,TreatmentA,B03,113.87,-66.81,149.0,15.66,74.7,-39.39,0.666,52.0,77,0.5479,0,1
NEU-001284,TreatmentA,B02,74.79,-67.93,636.8,16.13,117.0,-46.42,1.054,41.0,100,0.5175,0,1
NEU-001285,TreatmentB,B03,78.66,-67.58,140.9,16.91,103.0,-34.2,0.836,59.2,90,0.7374,1,1
NEU-001286,Control,B01,125.4,-67.64,162.7,9.97,103.1,-41.21,1.487,24.4,91,0.2623,1,1
NEU-001287,TreatmentB,B02,84.6,-56.01,132.9,12.4,76.6,-42.6,0.685,62.7,67,0.2661,1,1
NEU-001288,TreatmentA,B01,98.18,-64.8,144.6,16.98,148.1,-43.59,1.109,47.6,94,0.2858,0,1
NEU-001289,TreatmentB,B03,107.49,-62.04,162.5,9.41,72.9,-38.82,1.168,53.1,79,0.4889,1,0
NEU-001290,TreatmentA,B01,93.72,-69.66,317.9,10.53,52.4,-37.32,0.926,41.4,82,0.5094,0,0
NEU-001291,Control,B03,93.28,-63.05,303.9,5.48,137.1,-45.48,1.012,55.9,82,0.3014,0,1
NEU-001292,Control,B03,105.35,-71.86,144.6,6.88,145.0,-46.08,1.499,25.0,73,0.2727,1,1
NEU-001293,TreatmentB,B02,118.2,-70.38,142.8,12.56,67.8,-37.76,1.345,54.2,84,0.3839,0,0
NEU-001294,TreatmentA,B01,89.37,-61.03,194.6,18.36,157.3,-43.36,0.9,38.0,91,0.1354,0,0
NEU-001295,TreatmentA,B03,79.98,-61.14,80.6,13.51,46.8,-49.29,1.191,29.8,84,0.1966,0,0
NEU-001296,Control,B03,82.64,-61.88,77.6,16.46,155.9,-42.76,0.775,48.1,73,0.2598,0,1
NEU-001297,TreatmentB,B03,132.68,-60.4,103.1,12.24,69.8,-40.92,0.988,36.9,76,0.4392,0,0
NEU-001298,TreatmentB,B02,89.83,-65.1,118.2,16.74,49.7,-38.93,0.64,66.0,89,0.2237,1,1
NEU-001299,TreatmentB,B03,101.26,-82.43,112.1,9.63,147.8,-46.03,0.621,71.9,72,0.5088,1,0
NEU-001300,TreatmentB,B01,107.05,-69.49,201.0,15.74,93.9,-43.22,1.055,42.9,82,0.3617,1,0
NEU-001301,Control,B02,101.54,-63.76,111.5,23.9,218.6,-44.45,0.828,32.5,86,0.4844,0,1
NEU-001302,TreatmentA,B01,113.0,-62.84,223.9,17.6,102.8,-36.93,1.138,65.8,79,0.1511,1,0
NEU-001303,Control,B02,107.73,-72.27,107.7,13.73,138.8,-37.27,1.258,20.9,77,0.5106,0,0
NEU-001304,TreatmentA,B02,92.95,-61.51,247.7,13.61,145.5,-36.51,1.173,62.5,82,0.5644,0,0
NEU-001305,TreatmentB,B01,99.39,-68.11,189.5,12.97,28.3,-42.22,0.89,41.6,82,0.5027,0,1
NEU-001306,TreatmentB,B02,96.03,-63.01,298.9,18.13,12.7,-51.55,1.232,41.5,86,0.2443,0,0
NEU-001307,TreatmentA,B01,87.15,-57.66,131.4,17.76,89.4,-41.11,1.007,42.9,83,0.416,0,0
NEU-001308,TreatmentB,B02,101.68,-61.11,93.3,23.97,80.6,-41.04,1.192,60.3,79,0.4156,1,1
NEU-001309,Control,B01,80.11,-67.96,387.1,13.96,153.0,-41.25,1.116,52.5,92,0.2704,0,1
NEU-001310,TreatmentA,B02,111.78,-62.33,408.2,11.74,145.9,-43.25,1.152,52.7,86,0.5443,0,0
NEU-001311,Control,B02,96.48,-67.0,85.4,19.01,103.8,-37.06,2.251,17.2,82,0.1982,1,0
NEU-001312,TreatmentB,B01,96.61,-69.02,129.7,23.64,121.4,-36.73,0.664,61.1,88,0.6863,1,1
NEU-001313,TreatmentA,B01,120.63,-69.55,136.7,6.51,111.2,-46.13,1.082,33.5,95,0.3247,1,1
NEU-001314,Control,B03,86.26,-70.93,152.1,7.69,233.5,-50.7,1.172,44.3,77,0.5695,1,0
NEU-001315,TreatmentA,B03,91.63,-57.01,230.2,13.54,118.8,-49.07,0.874,55.1,93,0.381,1,0
NEU-001316,TreatmentA,B02,68.39,-61.1,166.4,13.51,76.2,-43.18,0.646,46.3,91,0.2609,0,0
NEU-001317,Control,B02,100.62,-55.17,74.7,9.42,95.9,-35.82,1.333,32.2,75,0.546,0,0
NEU-001318,TreatmentA,B01,95.25,-70.77,161.7,19.07,111.0,-40.1,0.912,76.8,85,0.283,1,0
NEU-001319,Control,B03,72.3,-70.22,157.6,10.4,71.1,-45.07,0.933,19.3,82,0.7179,1,0
NEU-001320,Control,B01,86.18,-58.34,209.5,13.29,175.5,-42.02,0.854,30.0,84,0.1573,0,0
NEU-001321,Control,B02,108.7,-68.28,76.1,8.63,142.8,-32.54,1.198,34.6,81,0.3134,1,1
NEU-001322,Control,B02,102.6,-68.7,89.9,12.84,132.4,-46.27,0.754,54.6,74,0.436,0,1
NEU-001323,TreatmentA,B03,83.12,-62.84,85.7,7.6,51.3,-43.46,0.876,41.2,103,0.2938,0,1
NEU-001324,TreatmentA,B03,79.65,-68.41,220.6,15.24,88.5,-33.08,2.015,50.1,86,0.1974,1,0
NEU-001325,Control,B01,77.6,-71.58,178.9,15.06,158.3,-44.95,2.115,20.7,81,0.4215,0,0
NEU-001326,TreatmentB,B01,99.85,-76.25,71.2,8.61,120.6,-45.54,1.509,48.7,78,0.4741,1,0
NEU-001327,TreatmentB,B02,90.11,-68.82,87.8,11.95,65.3,-34.35,1.093,62.4,86,0.4625,1,0
NEU-001328,TreatmentA,B02,78.31,-58.9,189.7,10.34,142.3,-39.78,0.989,74.7,79,0.2681,1,1
NEU-001329,TreatmentB,B01,94.77,-68.15,449.6,5.4,156.4,-42.43,1.388,63.9,85,0.3875,0,1
NEU-001330,TreatmentB,B01,122.14,-71.73,117.1,12.13,87.7,-39.29,0.977,64.4,88,0.5122,1,0
NEU-001331,Control,B02,103.62,-62.94,111.0,15.58,146.5,-38.27,0.822,22.7,78,0.4754,0,1
NEU-001332,Control,B02,94.4,-59.89,121.6,13.36,200.7,-42.07,0.736,40.4,64,0.4918,0,0
NEU-001333,TreatmentA,B03,99.61,-58.59,96.0,15.89,89.5,-38.11,0.931,55.4,91,0.3474,0,0
NEU-001334,TreatmentB,B01,115.92,-60.29,283.7,17.47,100.5,-47.21,1.31,59.7,74,0.1938,0,0
NEU-001335,TreatmentA,B01,92.91,-69.43,239.2,15.48,74.9,-38.6,0.762,42.1,85,0.4954,0,1
NEU-001336,TreatmentB,B02,98.26,-75.15,219.6,19.83,109.8,-43.03,1.064,76.3,89,0.5903,1,0
NEU-001337,TreatmentB,B01,119.55,-68.32,178.0,14.65,68.9,-39.59,0.919,56.6,86,0.1392,0,0
NEU-001338,Control,B01,109.53,-69.47,113.2,15.8,101.3,-36.48,0.917,21.4,85,0.3809,0,0
NEU-001339,TreatmentA,B01,65.31,-60.26,218.1,17.57,124.7,-35.35,0.945,69.3,81,0.2636,1,0
NEU-001340,TreatmentA,B03,77.01,-64.68,292.0,12.72,93.6,-46.03,0.986,58.1,79,0.1717,1,1
NEU-001341,TreatmentB,B03,132.98,-64.1,228.1,23.08,126.7,-37.98,1.129,40.7,104,0.597,1,1
NEU-001342,TreatmentB,B03,81.52,-70.58,93.3,13.58,85.5,-37.28,1.171,47.0,85,0.5986,1,0
NEU-001343,TreatmentB,B02,101.2,-61.85,120.3,11.56,107.6,-38.0,0.824,62.4,71,0.5099,1,1
NEU-001344,Control,B02,113.74,-64.41,427.9,20.11,140.4,-43.35,1.069,49.8,88,0.5776,0,1
NEU-001345,TreatmentB,B02,96.45,-74.09,248.1,8.5,145.6,-42.89,1.523,65.6,83,0.3138,1,0
NEU-001346,Control,B02,89.9,-54.45,83.0,11.22,157.2,-39.45,1.044,10.9,88,0.5253,0,0
NEU-001347,Control,B03,115.21,-73.29,175.7,20.15,102.0,-46.02,0.936,19.7,84,0.4446,0,0
NEU-001348,Control,B01,131.31,-66.28,177.8,18.62,105.3,-36.38,1.005,28.2,94,0.2856,0,0
NEU-001349,Control,B01,95.84,-66.11,252.8,13.84,167.0,-44.2,1.07,48.7,90,0.4601,1,1
NEU-001350,Control,B03,108.36,-69.64,250.2,10.62,228.5,-43.24,0.957,53.3,72,0.5766,1,0
NEU-001351,TreatmentB,B03,67.46,-55.87,102.7,3.99,75.2,-47.78,0.971,55.1,79,0.2495,1,1
NEU-001352,TreatmentB,B02,129.81,-69.45,350.4,10.76,7.6,-48.54,0.907,62.8,80,0.1953,0,1
NEU-001353,TreatmentA,B02,93.09,-67.21,99.9,10.35,144.6,-41.59,0.859,34.8,78,0.4867,1,1
NEU-001354,Control,B02,84.12,-61.96,170.2,10.04,146.9,-37.47,1.087,32.8,85,0.404,0,1
NEU-001355,Control,B01,110.27,-62.96,334.1,14.14,146.5,-43.99,1.324,53.8,84,0.0521,1,1
NEU-001356,Control,B01,65.35,-76.03,317.0,14.44,131.7,-40.28,1.353,35.1,83,0.222,0,0
NEU-001357,TreatmentB,B02,106.51,-68.25,124.6,12.97,65.2,-45.13,1.092,66.7,100,0.2566,0,1
NEU-001358,TreatmentA,B01,91.01,-71.91,172.2,13.45,112.9,-41.33,0.943,38.1,94,0.2996,0,0
NEU-001359,TreatmentB,B01,93.93,-56.03,121.2,12.02,153.8,-43.39,1.364,54.1,93,0.494,1,0
NEU-001360,TreatmentB,B03,117.08,-65.45,117.9,15.85,109.9,-49.25,1.277,72.8,63,0.4334,1,1
NEU-001361,TreatmentA,B02,120.37,-69.88,273.6,11.8,127.1,-44.33,0.828,58.8,87,0.4351,0,0
NEU-001362,TreatmentB,B02,71.74,-60.23,218.6,19.05,70.0,-42.04,0.962,35.0,89,0.3938,0,0
NEU-001363,Control,B01,92.39,-66.83,293.0,17.82,84.1,-43.06,0.622,17.3,67,0.1451,0,0
NEU-001364,TreatmentA,B03,112.39,-56.3,185.4,12.09,121.6,-42.88,0.999,19.8,92,0.557,0,0
NEU-001365,TreatmentA,B03,77.77,-55.84,119.2,23.74,105.3,-44.85,1.396,70.1,89,0.4073,1,0
NEU-001366,Control,B02,107.47,-60.34,91.7,10.79,62.5,-39.7,0.907,48.3,82,0.1965,0,0
NEU-001367,TreatmentA,B01,112.75,-61.65,237.1,15.01,-14.7,-43.13,1.774,41.6,82,0.4891,1,1
NEU-001368,Control,B02,100.04,-61.91,121.7,12.1,131.2,-47.03,1.112,43.1,84,0.1096,0,1
NEU-001369,TreatmentA,B01,84.18,-56.06,201.2,11.68,97.7,-33.49,0.86,52.0,80,0.7072,0,0
NEU-001370,Control,B03,111.45,-63.16,230.6,11.01,175.9,-41.62,1.294,33.2,91,0.2183,0,1
NEU-001371,Control,B01,75.86,-56.32,220.2,15.76,109.0,-39.82,0.994,20.8,95,0.2853,0,0
NEU-001372,TreatmentB,B02,74.52,-62.74,239.3,23.38,36.6,-36.14,0.841,80.9,99,0.3709,1,0
NEU-001373,TreatmentB,B02,97.65,-71.41,108.3,7.94,84.5,-37.01,0.802,67.6,78,0.4749,1,0
NEU-001374,TreatmentA,B01,88.3,-62.4,235.4,16.26,108.5,-42.41,0.819,60.9,78,0.5814,0,1
NEU-001375,Control,B02,97.82,-76.54,140.1,8.73,194.2,-39.01,0.87,36.1,79,0.2531,1,0
NEU-001376,TreatmentA,B03,102.44,-68.96,256.8,12.32,147.2,-44.76,1.347,32.0,87,0.1409,0,1
NEU-001377,TreatmentA,B03,112.4,-64.61,302.4,15.0,197.2,-42.97,0.64,24.2,101,0.2816,0,1
NEU-001378,Control,B01,101.92,-67.62,163.0,20.93,156.8,-45.28,1.311,50.1,60,0.4151,1,1
NEU-001379,Control,B01,130.74,-64.95,387.7,15.96,136.2,-38.67,0.751,43.5,94,0.7334,0,1
NEU-001380,TreatmentA,B01,103.04,-63.45,143.5,18.85,37.5,-41.16,1.222,38.5,80,0.3321,0,0
NEU-001381,Control,B03,105.97,-62.79,130.4,20.75,145.2,-36.26,0.892,19.2,91,0.2572,1,0
NEU-001382,Control,B02,105.54,-56.72,232.0,11.25,189.7,-38.17,1.08,29.8,88,0.4022,0,0
NEU-001383,Control,B03,76.02,-73.94,66.2,11.11,158.8,-40.91,0.633,18.0,78,0.4109,0,0
NEU-001384,Control,B02,95.07,-74.01,347.5,16.19,74.9,-40.33,0.888,24.9,95,0.2978,0,0
NEU-001385,TreatmentA,B01,106.28,-69.29,253.5,11.42,122.9,-40.52,2.423,56.8,80,0.4824,1,0
NEU-001386,Control,B01,103.85,-63.0,201.6,22.88,128.6,-46.88,1.045,27.1,76,0.1924,0,0
NEU-001387,TreatmentA,B02,105.35,-68.49,86.3,11.92,97.1,-41.97,0.903,69.6,93,0.3285,1,1
NEU-001388,TreatmentB,B03,122.26,-67.63,179.8,6.02,77.1,-41.35,0.662,83.4,95,0.6554,0,0
NEU-001389,Control,B01,77.24,-71.92,255.0,38.29,131.2,-47.24,0.695,46.9,94,0.5203,0,1
NEU-001390,Control,B03,75.57,-70.27,79.0,7.63,96.5,-45.8,1.143,29.5,101,0.2394,0,1
NEU-001391,Control,B02,94.16,-74.06,110.2,11.78,111.1,-47.46,1.25,40.5,64,0.2363,0,0
NEU-001392,TreatmentA,B02,97.18,-49.36,117.3,38.54,121.9,-42.54,0.689,70.7,88,0.7033,1,1
NEU-001393,TreatmentB,B02,89.72,-54.31,129.7,6.31,56.5,-44.15,0.809,50.3,75,0.4328,1,0
NEU-001394,Control,B01,114.09,-63.34,344.0,6.04,165.1,-49.84,1.016,2.1,82,0.4231,0,0
NEU-001395,TreatmentB,B03,79.99,-66.68,123.8,11.3,117.6,-36.85,1.29,65.3,85,0.5602,1,1
NEU-001396,TreatmentA,B01,93.64,-59.27,167.0,18.61,155.5,-50.49,1.045,38.4,93,0.3365,1,0
NEU-001397,Control,B01,102.54,-44.59,212.5,17.17,124.1,-32.99,0.793,59.4,91,0.5256,1,0
NEU-001398,TreatmentA,B01,88.12,-65.02,343.2,11.34,120.1,-42.21,0.965,66.9,84,0.244,0,1
NEU-001399,Control,B02,118.67,-67.73,210.8,8.94,119.0,-36.3,0.863,76.4,79,0.6342,1,0
NEU-001400,Control,B01,119.98,-69.53,222.9,23.39,115.8,-43.85,1.85,33.0,88,0.3447,0,0
NEU-001401,Control,B03,87.63,-52.05,153.7,15.85,117.5,-38.15,1.245,43.8,91,0.3646,0,0
NEU-001402,Control,B01,79.36,-76.98,217.2,16.52,85.9,-40.38,0.999,38.0,88,0.3264,1,0
NEU-001403,TreatmentB,B02,97.16,-62.89,134.9,9.41,170.9,-42.44,0.863,54.2,77,0.4264,1,0
NEU-001404,TreatmentB,B03,79.06,-68.2,181.6,18.01,91.9,-40.27,2.045,63.5,92,0.4141,1,0
NEU-001405,TreatmentB,B02,125.61,-58.48,99.8,17.79,29.9,-40.73,1.633,62.4,101,0.3755,1,0
NEU-001406,TreatmentA,B02,83.22,-65.26,241.9,9.05,110.5,-37.76,1.23,23.2,85,0.2709,0,0
NEU-001407,Control,B01,98.51,-56.0,203.5,15.63,157.3,-44.81,1.839,54.1,94,0.4453,1,0
NEU-001408,Control,B03,99.58,-60.67,230.1,36.71,124.8,-35.62,1.037,50.3,78,0.4402,0,1
NEU-001409,TreatmentB,B01,80.16,-58.39,141.9,8.62,6.4,-33.02,1.304,56.1,81,0.1943,1,1
NEU-001410,TreatmentB,B01,80.31,-64.37,185.9,13.64,141.2,-46.61,0.667,61.1,93,0.2534,0,1
NEU-001411,TreatmentB,B03,116.69,-63.79,173.2,20.96,100.9,-37.15,0.816,45.5,89,0.3295,1,0
NEU-001412,Control,B01,92.88,-68.34,270.8,9.58,181.7,-43.95,0.851,57.9,89,0.435,1,0
NEU-001413,Control,B02,96.6,-57.97,188.4,14.03,147.6,-39.15,1.766,42.1,93,0.3407,1,0
NEU-001414,TreatmentA,B03,68.99,-68.44,78.3,26.07,107.8,-40.56,1.122,32.1,72,0.4331,1,1
NEU-001415,TreatmentB,B03,85.35,-58.72,182.2,24.25,38.1,-52.29,1.611,59.0,62,0.3149,1,0
NEU-001416,TreatmentB,B01,102.02,-66.03,139.4,12.79,45.0,-40.21,0.998,28.7,82,0.4419,0,1
NEU-001417,Control,B03,107.69,-69.35,237.2,32.75,143.4,-42.3,0.601,38.7,74,0.5568,0,1
NEU-001418,Control,B01,104.04,-60.93,129.6,8.21,84.5,-47.68,2.756,35.9,89,0.1319,1,1
NEU-001419,TreatmentB,B01,82.59,-61.25,376.0,18.83,80.9,-43.5,1.174,58.1,83,0.3855,0,1
NEU-001420,Control,B01,94.1,-70.67,260.8,13.52,123.9,-43.41,1.431,52.3,93,0.2165,1,1
NEU-001421,TreatmentB,B03,98.59,-59.33,171.0,13.93,67.0,-38.52,0.816,75.8,80,0.3147,1,1
NEU-001422,TreatmentB,B01,108.87,-63.35,121.1,11.9,68.2,-41.12,1.206,40.4,88,0.4676,0,1
NEU-001423,TreatmentA,B01,100.56,-73.67,230.6,4.62,107.3,-40.81,1.02,69.6,86,0.3767,0,0
NEU-001424,TreatmentB,B01,59.07,-65.66,108.9,27.71,125.8,-44.38,1.654,66.4,106,0.2891,1,0
NEU-001425,Control,B03,90.6,-65.09,97.9,19.09,106.3,-43.63,0.96,48.1,86,0.5651,1,1
NEU-001426,Control,B01,115.37,-61.81,460.7,4.94,76.6,-45.11,0.742,39.9,85,0.6631,0,0
NEU-001427,TreatmentA,B01,118.23,-68.12,416.4,10.52,109.9,-39.03,0.74,43.4,87,0.3268,0,0
NEU-001428,Control,B01,82.55,-68.29,204.5,20.25,195.9,-42.14,0.746,14.1,80,0.2507,0,0
NEU-001429,TreatmentA,B02,101.59,-70.93,167.0,18.9,59.3,-44.11,2.499,49.9,82,0.2189,1,0
NEU-001430,Control,B02,95.48,-61.56,186.0,13.4,109.0,-42.15,1.143,55.8,87,0.2611,0,1
NEU-001431,TreatmentA,B01,103.74,-70.46,219.5,10.63,138.0,-29.38,0.691,67.4,95,0.4467,1,0
NEU-001432,Control,B02,99.82,-56.73,68.4,17.41,132.2,-46.04,0.634,38.5,73,0.497,0,1
NEU-001433,Control,B03,96.44,-69.57,145.7,28.23,73.1,-45.34,0.941,32.4,79,0.3409,1,0
NEU-001434,TreatmentA,B01,110.93,-66.87,287.6,8.77,33.1,-43.67,1.253,53.3,85,0.2755,1,1
NEU-001435,TreatmentA,B03,116.07,-67.87,184.8,13.58,117.0,-42.55,1.167,40.3,79,0.3422,1,1
NEU-001436,TreatmentA,B03,89.0,-65.2,217.1,13.07,121.5,-45.09,0.698,40.2,72,0.2285,1,1
NEU-001437,Control,B03,92.69,-68.68,238.4,14.78,47.0,-46.06,1.281,12.2,69,0.1289,0,1
NEU-001438,TreatmentA,B01,122.81,-60.63,184.4,18.43,44.1,-38.82,1.56,40.4,65,0.4882,1,1
NEU-001439,TreatmentA,B01,105.3,-70.45,228.8,20.48,134.5,-45.3,0.76,48.0,91,0.6077,1,1
NEU-001440,TreatmentA,B02,114.36,-63.98,329.6,29.36,68.9,-46.67,2.539,59.3,80,0.237,1,1
NEU-001441,Control,B01,106.75,-61.32,252.4,15.51,106.5,-26.22,0.849,47.7,96,0.4756,0,1
NEU-001442,Control,B01,108.91,-63.35,158.6,12.78,134.3,-37.57,0.931,21.7,71,0.4588,0,1
NEU-001443,TreatmentA,B01,104.19,-54.99,226.2,12.02,90.0,-40.16,0.744,33.5,95,0.2023,0,1
NEU-001444,TreatmentB,B02,83.59,-64.86,178.1,10.75,78.2,-39.39,1.4,36.2,83,0.6185,0,0
NEU-001445,TreatmentA,B01,72.09,-61.77,110.5,23.02,74.8,-43.17,0.638,51.0,78,0.2077,1,0
NEU-001446,Control,B01,120.05,-65.94,153.4,25.57,85.9,-39.6,0.9,33.0,86,0.3081,0,1
NEU-001447,TreatmentA,B02,112.77,-70.06,122.8,19.38,111.6,-33.48,0.683,58.3,103,0.6408,1,1
NEU-001448,TreatmentB,B02,83.27,-65.84,178.2,8.25,38.9,-48.08,1.68,60.2,90,0.2543,1,1
NEU-001449,TreatmentA,B03,84.72,-57.89,231.8,18.24,154.4,-39.37,1.12,57.9,93,0.2373,1,0
NEU-001450,Control,B03,92.25,-70.89,244.6,4.08,56.9,-45.42,1.369,75.1,87,0.4195,1,0
NEU-001451,TreatmentB,B03,101.28,-70.92,363.2,9.55,70.3,-40.03,1.156,71.2,95,0.51,0,0
NEU-001452,Control,B01,107.6,-68.75,83.6,16.29,47.2,-38.26,0.99,32.2,75,0.6691,0,0
NEU-001453,TreatmentB,B01,114.91,-74.47,172.2,13.98,93.9,-39.45,0.955,43.2,73,0.2179,1,0
NEU-001454,TreatmentB,B03,101.22,-73.34,260.6,27.28,167.7,-50.27,0.844,66.0,88,0.0633,1,0
NEU-001455,TreatmentB,B03,92.12,-62.09,232.9,12.96,62.1,-45.92,1.009,61.1,82,0.3668,1,1
NEU-001456,TreatmentB,B02,120.18,-64.36,212.2,7.18,60.0,-41.44,0.976,65.5,107,0.3706,1,1
NEU-001457,Control,B02,109.42,-67.14,200.4,13.42,110.6,-36.49,1.58,51.6,83,0.597,0,1
NEU-001458,Control,B02,104.04,-74.61,153.6,13.45,123.1,-40.02,1.272,55.4,69,0.2358,1,0
NEU-001459,TreatmentB,B02,125.81,-74.56,151.5,13.5,46.9,-49.23,0.679,65.5,97,0.4909,1,0
NEU-001460,Control,B01,93.57,-63.87,127.2,8.83,35.3,-43.09,1.402,-4.0,84,0.3577,0,1
NEU-001461,TreatmentB,B02,111.44,-72.71,188.5,21.1,64.2,-39.92,1.2,19.4,82,0.1682,0,0
NEU-001462,Control,B02,75.05,-63.18,153.2,7.91,91.0,-47.76,0.968,35.5,77,0.3725,0,1
NEU-001463,TreatmentB,B03,120.8,-69.61,128.0,22.82,97.9,-37.47,1.541,59.5,116,0.7413,1,1
NEU-001464,TreatmentB,B01,116.95,-70.38,125.8,9.01,102.3,-45.59,1.353,57.7,87,0.2026,1,1
NEU-001465,Control,B03,89.92,-67.18,232.5,16.15,144.1,-38.91,1.939,22.3,94,0.591,0,0
NEU-001466,TreatmentB,B02,130.13,-74.13,223.8,11.79,89.8,-33.11,1.03,68.9,86,0.3206,1,0
NEU-001467,TreatmentB,B01,124.16,-61.33,140.5,18.66,116.0,-37.8,1.316,40.8,77,0.1467,0,0
NEU-001468,TreatmentA,B01,102.97,-61.46,147.4,8.01,115.8,-47.29,1.06,45.3,92,0.759,0,0
NEU-001469,Control,B03,101.0,-70.58,145.2,11.02,170.8,-47.22,0.994,31.3,74,0.2445,1,1
NEU-001470,Control,B01,98.18,-57.11,91.7,40.93,122.0,-45.59,1.04,45.9,75,0.4505,1,1
NEU-001471,TreatmentA,B02,71.19,-62.03,383.2,29.18,36.2,-36.19,1.538,44.6,90,0.3113,1,0
NEU-001472,Control,B01,130.05,-55.89,214.2,15.85,144.2,-41.4,0.62,30.5,86,0.325,0,0
NEU-001473,TreatmentA,B03,116.11,-69.83,127.9,26.45,67.4,-35.62,1.251,33.0,87,0.2135,1,0
NEU-001474,TreatmentA,B02,86.86,-72.83,162.5,20.99,62.0,-40.75,1.854,19.8,79,0.4116,1,0
NEU-001475,TreatmentA,B02,115.87,-68.46,64.9,7.71,107.5,-47.1,0.806,48.3,70,0.2677,1,1
NEU-001476,TreatmentB,B03,143.19,-61.55,209.8,9.35,159.0,-38.39,1.189,49.4,99,0.6931,0,0
NEU-001477,Control,B02,108.26,-63.07,288.0,21.74,145.8,-41.18,1.198,56.6,94,0.504,1,1
NEU-001478,Control,B02,113.79,-72.02,238.7,21.33,135.1,-40.87,0.734,46.7,96,0.5272,0,0
NEU-001479,Control,B01,110.96,-64.47,269.2,13.13,133.8,-46.86,1.524,21.2,102,0.2411,0,1
NEU-001480,Control,B03,88.47,-64.38,268.8,17.13,82.6,-47.01,1.039,37.6,83,0.2677,0,1
NEU-001481,TreatmentB,B02,77.33,-59.92,81.3,4.37,26.8,-50.44,0.725,68.3,78,0.4046,1,1
NEU-001482,Control,B01,98.27,-62.82,106.8,23.89,122.4,-33.53,1.143,50.2,92,0.548,1,1
NEU-001483,Control,B01,100.67,-65.75,160.9,19.25,71.3,-48.86,1.431,45.1,90,0.3928,1,0
NEU-001484,TreatmentA,B01,94.02,-57.89,159.7,14.89,94.6,-45.2,0.788,43.1,92,0.126,0,0
NEU-001485,TreatmentA,B02,98.32,-66.63,108.3,10.88,95.3,-42.83,1.434,37.4,69,0.3926,1,1
NEU-001486,TreatmentB,B01,97.6,-54.0,140.1,20.36,93.3,-38.33,1.325,49.1,91,0.2278,1,0
NEU-001487,TreatmentB,B03,94.16,-61.62,197.0,24.51,71.1,-46.74,2.162,35.6,86,0.0938,0,0
NEU-001488,TreatmentB,B02,99.99,-61.98,166.4,10.91,54.9,-42.37,0.51,57.0,101,0.6733,0,1
NEU-001489,Control,B03,96.0,-61.9,229.8,13.57,83.5,-48.06,1.089,29.2,92,0.4182,1,1
NEU-001490,Control,B02,79.08,-64.25,169.7,9.86,111.8,-40.94,0.865,46.2,89,0.5999,1,0
NEU-001491,TreatmentA,B01,93.27,-70.4,101.6,16.09,137.5,-47.85,1.366,68.4,63,0.2026,1,0
NEU-001492,TreatmentB,B03,105.65,-65.06,301.0,12.71,83.6,-41.62,0.88,42.6,88,0.4725,1,1
NEU-001493,TreatmentB,B03,127.26,-55.88,233.1,18.75,140.3,-45.4,0.868,46.6,82,0.4046,0,0
NEU-001494,Control,B03,75.19,-68.58,103.0,6.79,178.1,-48.26,0.667,25.0,79,0.1722,0,1
NEU-001495,TreatmentA,B01,98.9,-56.37,114.5,15.05,125.6,-38.33,0.926,52.0,86,0.612,1,0
NEU-001496,Control,B03,70.46,-57.97,136.8,18.59,154.3,-36.74,0.456,13.0,83,0.5936,0,1
NEU-001497,Control,B01,90.98,-69.6,115.0,5.79,113.1,-37.75,0.942,33.2,104,0.1738,0,1
NEU-001498,TreatmentA,B01,104.37,-72.53,138.7,7.13,38.8,-38.77,0.936,47.6,75,0.2685,1,0
NEU-001499,Control,B01,126.32,-50.66,323.5,19.79,173.1,-30.7,1.114,61.2,93,0.4605,0,0
NEU-001500,TreatmentB,B03,84.0,-62.11,193.3,11.81,73.0,-39.71,0.811,53.4,87,0.3644,1,1
NEU-001501,TreatmentB,B03,97.92,-68.43,127.7,11.48,49.4,-41.77,0.957,78.7,88,0.3313,0,0
NEU-001502,Control,B01,121.95,-69.87,197.4,13.58,145.0,-37.92,0.955,35.9,86,0.2337,0,0
NEU-001503,Control,B01,109.37,-66.31,183.5,22.64,127.6,-38.96,1.186,52.3,81,0.6263,1,1
NEU-001504,TreatmentA,B02,104.41,-68.63,112.9,27.14,161.4,-48.69,1.047,69.7,104,0.4867,0,1
NEU-001505,TreatmentB,B02,109.25,-71.24,135.2,7.81,87.1,-52.06,1.04,38.4,83,0.2393,0,1
NEU-001506,TreatmentA,B01,98.73,-67.49,205.6,13.56,66.2,-37.59,0.747,57.6,89,0.4237,1,1
NEU-001507,TreatmentB,B03,94.24,-68.85,180.7,8.43,-26.2,-46.49,1.348,47.0,85,0.399,1,1
NEU-001508,TreatmentB,B03,99.6,-69.74,169.7,23.97,75.9,-40.79,0.989,47.1,87,0.6899,0,1
NEU-001509,Control,B03,97.75,-71.98,128.7,24.27,137.2,-44.2,1.132,43.1,83,0.5541,1,1
NEU-001510,TreatmentA,B03,116.77,-70.92,29.3,22.08,100.3,-39.22,1.566,68.4,77,0.3433,1,0
NEU-001511,Control,B03,89.42,-59.77,218.6,12.26,219.4,-43.87,1.856,37.5,85,0.5081,1,0
NEU-001512,Control,B02,100.71,-61.4,269.3,17.26,184.1,-35.19,1.304,45.5,72,0.4535,0,1
NEU-001513,TreatmentA,B03,85.21,-59.59,144.0,8.41,63.0,-45.4,0.887,63.1,94,0.0922,1,1
NEU-001514,TreatmentB,B03,93.16,-65.59,169.8,12.64,72.6,-36.53,1.446,82.3,77,0.3266,1,1
NEU-001515,TreatmentA,B02,108.54,-59.59,150.3,15.23,126.3,-40.13,0.621,48.9,95,0.415,1,1
NEU-001516,TreatmentB,B01,104.03,-66.08,228.4,31.04,54.1,-40.32,0.865,67.9,98,0.2975,1,0
NEU-001517,TreatmentB,B01,92.25,-64.26,82.8,23.93,83.3,-46.47,1.579,45.4,77,0.1864,1,0
NEU-001518,TreatmentB,B01,105.05,-76.4,128.8,21.59,98.3,-44.48,1.299,47.7,77,0.3572,1,0
NEU-001519,TreatmentB,B02,96.96,-68.27,166.9,19.96,117.4,-46.74,0.892,35.4,91,0.2792,0,0
NEU-001520,TreatmentB,B01,66.33,-73.0,271.0,22.44,39.5,-34.19,0.992,59.7,85,0.3867,0,0
NEU-001521,TreatmentA,B01,111.58,-68.29,218.4,12.76,122.8,-38.45,0.772,49.3,92,0.4439,1,1
NEU-001522,Control,B03,113.43,-71.42,279.1,11.8,156.1,-42.46,1.261,51.7,84,0.5397,0,0
NEU-001523,TreatmentA,B03,115.8,-60.65,106.6,26.53,111.6,-44.95,0.912,75.4,71,0.3276,1,0
NEU-001524,TreatmentA,B03,73.03,-59.5,193.3,14.78,72.1,-43.26,1.186,45.3,102,0.6219,0,0
NEU-001525,TreatmentA,B02,124.18,-69.48,217.2,14.55,66.6,-41.9,1.035,59.2,93,0.3448,0,0
NEU-001526,TreatmentA,B02,90.36,-71.3,188.1,35.94,129.9,-48.62,1.07,58.0,85,0.1701,1,0
NEU-001527,Control,B01,116.64,-65.67,288.1,15.53,149.9,-47.62,1.113,50.9,105,0.5335,0,1
NEU-001528,TreatmentB,B01,105.89,-57.76,567.0,10.27,115.6,-39.13,1.323,66.8,82,0.5305,0,0
NEU-001529,TreatmentA,B03,83.66,-72.37,126.2,13.52,156.0,-47.64,1.035,50.3,93,0.5678,0,0
NEU-001530,TreatmentA,B01,102.48,-69.57,128.4,30.48,166.5,-41.69,0.678,31.1,87,0.3086,0,0
NEU-001531,TreatmentA,B02,87.97,-68.84,170.7,8.82,124.8,-43.77,1.255,38.5,109,0.3565,1,1
NEU-001532,TreatmentB,B02,67.34,-67.37,451.0,20.88,148.4,-43.92,0.856,49.7,84,0.3821,0,1
NEU-001533,Control,B02,104.55,-69.46,120.4,7.93,128.2,-31.56,0.997,51.7,91,0.3021,1,1
NEU-001534,Control,B03,95.09,-69.23,102.5,11.69,166.3,-40.44,1.17,31.6,91,0.2951,1,1
NEU-001535,TreatmentB,B03,107.93,-51.04,155.3,8.28,97.4,-41.25,0.548,78.3,85,0.1283,1,1
NEU-001536,TreatmentB,B02,99.7,-73.66,285.2,10.73,86.7,-50.66,0.924,45.0,92,0.2288,0,1
NEU-001537,Control,B01,93.85,-61.86,158.1,9.35,183.3,-43.08,0.995,37.2,80,0.4542,1,1
NEU-001538,Control,B02,119.09,-57.64,143.9,13.94,127.3,-46.48,1.125,18.2,68,0.6235,0,0
NEU-001539,Control,B01,90.11,-61.83,224.7,8.01,144.2,-49.78,1.137,32.3,56,0.5119,0,0
NEU-001540,TreatmentA,B02,101.25,-58.1,141.3,19.53,79.7,-37.03,1.347,50.3,100,0.6335,1,1
NEU-001541,Control,B01,115.82,-53.07,379.3,11.22,176.2,-39.97,1.105,37.2,108,0.0862,0,0
NEU-001542,Control,B02,95.81,-58.63,167.3,14.32,131.4,-39.69,1.144,36.3,88,0.3116,0,0
NEU-001543,TreatmentB,B02,96.63,-64.82,142.9,20.18,74.8,-49.63,1.081,69.2,83,0.3361,1,1
NEU-001544,Control,B01,81.96,-68.78,222.2,15.85,91.8,-44.66,1.235,45.0,83,0.4294,1,0
NEU-001545,Control,B03,120.0,-61.27,240.5,21.99,202.6,-41.69,1.02,36.6,77,0.3979,0,1
NEU-001546,TreatmentB,B01,89.44,-64.35,199.2,10.9,122.8,-39.74,0.956,52.4,88,0.4892,1,0
NEU-001547,TreatmentA,B03,111.38,-74.45,304.8,12.15,118.8,-43.67,2.384,63.3,90,0.522,1,0
NEU-001548,TreatmentB,B01,86.52,-67.87,140.5,11.62,139.9,-39.41,0.929,57.7,102,0.143,0,1
NEU-001549,TreatmentA,B03,103.98,-75.85,147.5,19.63,96.6,-42.48,0.719,33.7,89,0.5469,0,0
NEU-001550,TreatmentA,B02,123.36,-61.28,122.7,14.67,106.1,-45.67,0.851,61.8,77,0.4358,1,0
NEU-001551,TreatmentB,B01,100.15,-63.82,132.3,7.41,120.0,-33.23,0.614,47.8,87,0.2901,1,1
NEU-001552,TreatmentB,B02,125.53,-56.71,108.6,13.44,124.0,-42.11,0.868,54.9,79,0.3673,0,0
NEU-001553,Control,B03,118.61,-62.23,144.5,10.08,181.9,-38.52,1.28,36.0,102,0.3398,1,1
NEU-001554,Control,B03,112.34,-61.83,205.1,26.47,107.0,-38.86,0.926,44.3,89,0.4941,1,1
NEU-001555,TreatmentB,B01,92.32,-56.21,183.6,15.76,109.4,-43.7,1.462,50.1,80,0.615,1,0
NEU-001556,TreatmentA,B02,55.91,-65.63,65.6,14.91,62.7,-42.05,1.044,30.5,88,0.3697,0,0
NEU-001557,TreatmentB,B01,92.27,-67.8,219.2,17.61,80.7,-41.82,0.693,92.8,87,0.2412,1,0
NEU-001558,TreatmentA,B03,107.75,-64.13,592.8,17.69,115.9,-44.64,1.927,42.0,92,0.4968,0,1
NEU-001559,TreatmentB,B01,89.98,-71.57,263.2,16.93,79.7,-39.79,1.177,58.0,68,0.3337,1,0
NEU-001560,TreatmentB,B01,121.66,-64.53,275.3,12.89,64.1,-43.0,0.723,45.4,88,0.3727,0,1
NEU-001561,TreatmentB,B03,108.1,-64.61,208.3,23.06,61.3,-44.15,0.977,84.5,91,0.4472,1,1
NEU-001562,TreatmentA,B02,99.23,-62.29,177.7,18.29,118.6,-36.63,1.692,36.6,80,0.4272,1,1
NEU-001563,TreatmentA,B02,91.62,-70.59,228.5,31.4,143.9,-44.83,1.458,35.6,80,0.4057,1,0
NEU-001564,TreatmentB,B02,77.18,-71.12,195.3,12.14,96.7,-46.63,0.761,68.2,89,0.5117,1,0
NEU-001565,Control,B02,90.76,-66.56,102.4,10.67,81.5,-42.24,1.333,54.3,89,0.3985,1,1
NEU-001566,TreatmentB,B03,87.69,-59.83,167.2,11.92,68.8,-43.95,0.983,37.8,90,0.3003,1,0
NEU-001567,TreatmentA,B02,108.7,-63.53,159.0,17.07,90.2,-48.85,0.652,31.0,78,0.08,1,0
NEU-001568,TreatmentA,B02,105.13,-59.47,339.2,11.02,139.4,-36.12,0.662,46.7,80,0.3929,0,0
NEU-001569,TreatmentB,B03,123.15,-55.78,65.4,9.68,46.2,-42.57,0.874,57.3,98,0.2889,1,0
NEU-001570,TreatmentA,B02,117.01,-56.2,193.1,16.69,99.2,-38.79,1.004,30.5,95,0.2815,0,0
NEU-001571,Control,B02,94.85,-49.98,216.7,21.67,88.0,-42.51,0.918,35.9,76,0.789,0,0
NEU-001572,Control,B02,101.41,-68.47,106.8,6.62,169.9,-39.6,1.336,35.6,81,0.3101,1,1
NEU-001573,TreatmentA,B02,97.22,-68.59,116.2,18.59,118.6,-40.6,0.879,63.4,94,0.4252,0,1
NEU-001574,Control,B01,90.75,-61.34,89.3,34.32,182.9,-43.58,0.923,50.9,106,0.44,1,0
NEU-001575,TreatmentB,B03,101.67,-63.29,113.2,22.73,23.3,-41.7,1.482,67.7,88,0.5441,1,1
NEU-001576,TreatmentB,B01,85.96,-63.5,112.3,16.72,93.6,-44.33,1.197,37.3,89,0.336,0,1
NEU-001577,TreatmentB,B03,137.86,-65.67,186.5,19.32,83.5,-41.32,0.599,56.4,93,0.1897,1,0
NEU-001578,Control,B01,98.95,-65.24,107.8,15.77,137.1,-42.61,0.944,34.3,98,0.4802,1,1
NEU-001579,TreatmentA,B03,105.58,-73.28,197.2,9.16,73.5,-39.28,1.188,32.8,97,0.3416,0,1
NEU-001580,Control,B01,109.83,-66.77,104.7,21.19,129.8,-41.2,0.74,3.7,82,0.3397,0,0
NEU-001581,Control,B03,107.43,-65.73,151.9,11.76,57.7,-42.88,1.195,58.4,97,0.2849,1,1
NEU-001582,TreatmentB,B02,105.28,-60.36,197.2,12.22,102.4,-41.17,1.668,30.7,91,0.2759,1,0
NEU-001583,TreatmentA,B01,83.77,-61.55,89.7,28.41,45.2,-35.8,1.065,50.2,74,0.4417,1,1
NEU-001584,TreatmentA,B02,128.78,-70.29,126.3,14.26,83.7,-41.86,0.531,27.0,74,0.1823,0,0
NEU-001585,TreatmentA,B03,101.88,-70.51,275.9,21.18,97.9,-44.5,1.125,37.4,90,0.392,0,1
NEU-001586,TreatmentB,B03,120.59,-66.22,145.2,12.7,29.8,-40.12,1.028,53.8,100,0.3117,1,1
NEU-001587,Control,B03,91.43,-73.6,47.9,19.35,123.6,-50.02,1.327,43.7,90,0.1742,1,0
NEU-001588,TreatmentB,B02,89.11,-65.09,257.9,16.87,142.8,-41.53,1.096,54.4,88,0.1241,1,0
NEU-001589,TreatmentA,B02,92.95,-60.5,54.4,11.02,51.5,-44.91,1.643,44.7,96,0.6716,1,0
NEU-001590,TreatmentB,B03,121.73,-67.89,93.3,9.38,130.7,-49.42,0.729,64.4,93,0.533,1,0
NEU-001591,Control,B02,107.2,-62.33,124.8,11.12,123.0,-43.88,0.57,55.6,87,0.5806,0,0
NEU-001592,Control,B03,121.57,-71.43,104.3,8.74,108.0,-36.99,1.653,48.7,93,0.2821,1,1
NEU-001593,TreatmentB,B03,109.78,-55.7,168.5,20.41,60.6,-43.61,0.752,76.7,82,0.5254,1,1
NEU-001594,TreatmentA,B03,82.11,-76.76,99.2,7.54,101.0,-46.66,1.518,55.1,104,0.5292,1,0
NEU-001595,Control,B02,93.31,-73.49,129.9,18.64,109.3,-37.77,0.73,43.5,99,0.2492,0,0
NEU-001596,TreatmentA,B02,111.3,-58.83,346.4,10.12,131.7,-45.55,0.995,69.0,93,0.4412,0,0
NEU-001597,TreatmentB,B01,102.81,-57.27,135.4,21.05,60.3,-40.82,0.875,62.9,82,0.4097,1,0
NEU-001598,TreatmentA,B02,88.56,-61.79,189.2,13.89,182.1,-44.79,0.621,45.5,100,0.1695,0,1
NEU-001599,Control,B03,126.09,-66.98,430.3,15.75,149.8,-42.09,1.351,32.1,98,0.7394,0,1
NEU-001600,Control,B02,95.21,-57.06,307.3,17.15,126.7,-48.51,0.917,33.1,88,0.5467,0,0
NEU-001601,TreatmentB,B02,106.41,-64.09,384.7,25.3,107.5,-41.47,0.829,56.6,79,0.6171,0,1
NEU-001602,Control,B03,86.44,-58.41,112.4,7.0,178.5,-47.41,1.086,50.9,81,0.2752,0,1
NEU-001603,TreatmentA,B02,109.42,-74.09,136.2,7.66,41.4,-42.82,2.042,50.9,80,0.3217,1,1
NEU-001604,TreatmentA,B03,81.24,-74.25,369.2,22.55,118.3,-41.18,1.218,31.3,93,0.5351,0,1
NEU-001605,Control,B01,101.64,-66.99,285.8,25.43,156.5,-41.1,0.699,6.1,90,0.2362,0,0
NEU-001606,TreatmentA,B01,105.49,-63.44,336.2,12.99,99.6,-33.56,0.929,19.6,82,0.3125,0,1
NEU-001607,TreatmentA,B02,95.39,-68.79,126.0,26.56,106.9,-42.36,0.987,64.0,92,0.666,1,1
NEU-001608,TreatmentB,B03,92.72,-69.29,127.5,13.24,114.0,-38.98,0.608,89.5,83,0.1762,0,1
NEU-001609,Control,B02,108.43,-69.02,249.9,6.98,100.0,-40.03,0.868,49.0,106,0.5516,0,0
NEU-001610,TreatmentA,B02,104.58,-53.82,168.7,12.17,133.5,-38.08,1.048,47.2,97,0.4662,1,0
NEU-001611,TreatmentA,B02,112.55,-56.91,240.1,11.79,145.4,-40.68,1.15,53.5,91,0.4535,0,0
NEU-001612,TreatmentA,B03,94.3,-72.68,81.0,15.98,212.1,-43.4,1.061,58.5,87,0.5572,1,0
NEU-001613,TreatmentB,B03,112.96,-61.27,317.5,14.66,91.7,-40.53,0.913,66.5,93,0.4303,0,1
NEU-001614,Control,B03,95.85,-61.59,92.7,23.71,131.0,-45.66,1.244,38.8,92,0.5656,0,1
NEU-001615,Control,B01,88.72,-67.83,104.8,16.48,138.8,-42.8,1.113,38.6,84,0.4824,0,0
NEU-001616,TreatmentB,B03,103.17,-63.2,147.6,17.26,-22.2,-41.48,1.998,69.8,82,0.2239,1,0
NEU-001617,Control,B01,119.8,-74.04,144.8,20.2,77.8,-38.87,1.035,49.8,74,0.4047,0,0
NEU-001618,TreatmentB,B02,111.46,-60.69,108.5,16.48,144.9,-40.5,0.884,35.7,89,0.2241,1,0
NEU-001619,TreatmentB,B03,97.65,-58.49,155.2,17.02,25.1,-38.95,1.479,38.5,84,0.377,1,0
NEU-001620,TreatmentB,B01,137.07,-54.93,131.1,12.76,69.6,-37.35,0.967,61.5,78,0.2814,1,0
NEU-001621,TreatmentB,B02,111.17,-65.18,280.6,8.98,106.8,-46.0,0.978,63.8,95,0.4543,1,0
NEU-001622,Control,B01,96.85,-60.0,289.5,10.87,162.5,-32.02,1.518,31.0,91,0.4457,0,0
NEU-001623,TreatmentB,B03,91.29,-59.59,211.3,11.39,85.0,-37.79,0.734,55.2,95,0.4877,0,0
NEU-001624,TreatmentB,B02,81.27,-63.42,372.4,22.79,78.5,-45.51,0.501,32.0,96,0.4374,0,1
NEU-001625,Control,B01,99.64,-66.22,200.0,7.72,173.4,-46.74,1.211,40.1,94,0.6719,0,0
NEU-001626,TreatmentB,B02,119.5,-61.68,205.0,10.38,71.3,-46.73,0.925,47.6,69,0.3362,1,0
NEU-001627,TreatmentA,B01,94.79,-63.55,123.0,6.36,113.9,-37.14,0.518,35.3,85,0.4687,0,0
NEU-001628,TreatmentA,B02,93.04,-80.08,208.0,12.99,152.3,-39.64,0.824,66.8,89,0.3404,1,0
NEU-001629,Control,B03,98.34,-62.87,248.3,14.38,94.5,-31.23,1.226,46.0,96,0.4158,0,1
NEU-001630,TreatmentA,B02,129.34,-61.83,105.9,12.2,162.5,-42.89,0.98,31.5,77,0.3299,1,1
NEU-001631,TreatmentA,B03,141.09,-62.91,159.6,12.38,143.3,-43.83,1.104,8.3,84,0.4871,0,1
NEU-001632,TreatmentA,B02,94.41,-64.87,86.4,7.52,112.8,-43.74,0.976,32.0,77,0.1026,0,1
NEU-001633,TreatmentA,B01,111.74,-70.88,112.1,10.28,123.6,-39.69,0.862,46.5,78,0.6021,1,0
NEU-001634,TreatmentB,B02,86.11,-66.26,272.8,8.74,55.6,-46.57,1.394,70.0,98,0.1222,0,1
NEU-001635,TreatmentA,B01,94.72,-73.63,90.0,16.0,92.9,-44.12,1.084,67.2,85,0.4072,1,0
NEU-001636,TreatmentB,B03,109.54,-63.83,231.3,21.86,104.6,-45.28,1.055,60.9,67,0.7095,1,1
NEU-001637,TreatmentA,B02,79.78,-69.42,135.8,30.88,164.5,-42.06,2.526,55.7,85,0.4278,1,0
NEU-001638,Control,B02,116.0,-53.6,292.8,11.3,107.7,-39.44,1.082,38.6,89,0.6264,0,0
NEU-001639,TreatmentB,B02,102.16,-71.64,108.2,15.61,82.0,-44.54,0.785,35.8,102,0.3035,0,0
NEU-001640,TreatmentB,B02,115.43,-67.92,214.8,8.61,85.1,-41.57,1.198,50.3,98,0.6325,1,0
NEU-001641,Control,B03,107.56,-72.54,320.6,14.42,83.5,-46.28,0.911,20.0,80,0.5656,0,0
NEU-001642,Control,B02,124.59,-63.64,148.4,13.91,81.6,-38.63,1.066,34.2,75,0.4581,0,1
NEU-001643,TreatmentB,B03,104.83,-65.38,103.5,24.19,23.1,-46.16,1.293,65.1,92,0.6029,1,1
NEU-001644,TreatmentB,B01,94.2,-58.44,235.2,13.88,61.5,-42.05,0.98,63.1,96,0.114,0,0
NEU-001645,TreatmentB,B02,116.21,-67.4,195.7,13.31,153.3,-48.26,0.878,76.2,87,0.4339,1,0
NEU-001646,Control,B03,105.97,-71.9,247.0,11.48,138.7,-41.1,0.644,46.8,102,0.7531,0,0
NEU-001647,TreatmentA,B02,103.71,-67.31,156.0,19.14,43.6,-34.4,1.034,42.7,94,0.3617,1,0
NEU-001648,TreatmentB,B02,119.97,-69.14,276.4,10.71,86.9,-40.83,0.509,41.4,97,0.2685,0,1
NEU-001649,TreatmentA,B03,77.24,-69.0,137.8,12.46,130.6,-39.61,0.94,63.5,87,0.5226,1,0
NEU-001650,Control,B02,119.67,-57.53,132.2,12.26,196.4,-39.44,0.866,52.7,83,0.5238,0,0
NEU-001651,TreatmentA,B02,96.93,-56.6,250.6,22.46,89.5,-39.74,0.763,43.2,96,0.6993,0,1
NEU-001652,Control,B02,85.2,-68.45,151.8,8.23,102.8,-46.54,0.876,35.3,67,0.4406,1,0
NEU-001653,TreatmentA,B03,99.89,-72.21,248.6,10.36,107.8,-51.01,1.936,42.0,86,0.5328,1,0
NEU-001654,TreatmentB,B02,85.39,-69.1,128.4,19.14,71.0,-43.18,1.172,45.6,91,0.2119,1,1
NEU-001655,Control,B01,95.79,-57.72,193.4,12.98,55.1,-37.19,1.139,12.0,84,0.1763,0,1
NEU-001656,TreatmentB,B02,92.79,-57.14,317.5,10.51,131.9,-40.69,1.156,74.0,78,0.3313,1,0
NEU-001657,Control,B01,131.92,-65.13,144.4,13.56,166.3,-42.46,1.139,20.7,98,0.374,0,1
NEU-001658,TreatmentA,B03,90.4,-65.94,256.7,9.83,133.1,-39.75,0.756,64.6,88,0.5958,0,0
NEU-001659,TreatmentA,B01,91.18,-65.26,188.6,20.23,92.1,-41.31,1.445,50.2,81,0.3122,1,1
NEU-001660,Control,B02,103.08,-68.06,105.4,19.57,135.7,-42.94,0.77,56.0,82,0.5805,0,1
NEU-001661,TreatmentB,B01,87.09,-61.54,90.6,18.78,98.0,-36.94,1.206,78.8,75,0.3444,1,1
NEU-001662,TreatmentB,B01,120.26,-62.81,147.8,15.61,161.0,-45.93,0.819,37.1,86,0.4308,0,1
NEU-001663,Control,B01,76.05,-58.56,361.9,18.71,228.8,-32.83,1.031,51.7,73,0.2867,0,0
NEU-001664,TreatmentB,B03,95.5,-46.61,224.2,16.4,68.0,-46.34,0.812,53.3,87,0.1181,1,0
NEU-001665,TreatmentB,B01,78.83,-63.18,156.4,9.26,77.1,-40.78,1.094,52.8,98,0.3375,0,1
NEU-001666,TreatmentA,B02,85.76,-63.22,144.9,14.15,125.2,-43.97,0.725,37.2,91,0.2857,0,1
NEU-001667,TreatmentA,B03,105.74,-63.58,136.7,12.9,97.1,-39.73,1.422,21.4,87,0.3479,1,1
NEU-001668,TreatmentB,B03,109.33,-61.88,439.3,8.9,65.6,-39.01,1.33,77.8,89,0.4599,0,0
NEU-001669,TreatmentA,B03,104.69,-65.55,293.7,18.0,130.1,-37.98,1.029,54.2,93,0.4259,0,1
NEU-001670,TreatmentA,B01,105.69,-65.54,151.5,6.97,74.8,-40.01,0.915,71.1,82,0.5748,1,0
NEU-001671,TreatmentA,B02,104.1,-68.92,110.6,21.08,71.5,-39.35,1.156,41.1,94,0.3619,0,1
NEU-001672,TreatmentB,B01,76.0,-65.32,225.9,28.75,92.4,-35.9,0.803,58.5,78,0.3134,1,0
NEU-001673,TreatmentA,B01,91.97,-64.99,166.2,15.53,76.3,-40.64,0.794,56.7,81,0.6707,0,1
NEU-001674,Control,B01,108.15,-74.27,187.8,10.85,102.4,-43.08,1.065,31.0,94,0.2003,1,0
NEU-001675,Control,B02,96.35,-61.79,84.2,17.25,101.6,-46.98,0.722,38.8,93,0.3509,1,1
NEU-001676,Control,B02,111.92,-70.63,148.0,17.75,136.4,-44.25,1.004,40.8,88,0.3627,0,0
NEU-001677,Control,B01,88.34,-63.58,209.0,24.46,98.2,-40.04,1.526,42.2,89,0.3365,0,0
NEU-001678,TreatmentB,B02,96.94,-64.31,314.0,11.7,90.7,-42.87,1.241,50.5,94,0.501,0,0
NEU-001679,TreatmentA,B01,124.36,-63.96,101.3,10.71,15.2,-44.4,0.991,46.9,82,0.301,0,1
NEU-001680,TreatmentB,B02,95.27,-50.59,281.8,11.53,71.5,-38.83,0.961,45.8,94,0.6203,0,0
NEU-001681,TreatmentA,B01,104.52,-61.65,160.9,15.03,158.9,-44.06,0.804,70.9,94,0.409,1,1
NEU-001682,Control,B02,104.07,-68.38,122.6,13.7,147.6,-41.36,0.628,24.3,90,0.3282,0,0
NEU-001683,TreatmentB,B01,112.71,-70.0,134.3,18.54,166.7,-46.45,1.307,47.2,80,0.2215,0,0
NEU-001684,TreatmentB,B03,101.08,-54.59,216.1,11.07,46.1,-38.14,0.984,55.7,91,0.5,1,0
NEU-001685,TreatmentA,B01,68.77,-53.57,381.8,7.3,160.0,-40.75,0.924,92.8,88,0.2436,1,1
NEU-001686,Control,B01,111.23,-71.97,224.7,8.08,119.2,-42.22,0.896,69.3,95,0.4824,0,0
NEU-001687,TreatmentB,B03,106.36,-61.03,147.2,10.58,151.6,-45.4,1.085,52.4,81,0.6073,1,1
NEU-001688,TreatmentA,B02,105.75,-64.31,129.9,5.81,57.5,-37.2,0.696,65.4,94,0.5685,1,1
NEU-001689,Control,B03,108.27,-69.22,253.2,15.04,152.0,-36.43,1.006,39.8,89,0.0839,0,0
NEU-001690,Control,B03,101.05,-63.25,145.1,25.49,137.8,-36.41,0.867,44.7,85,0.2437,0,0
NEU-001691,Control,B03,87.75,-60.95,164.9,8.51,156.0,-46.78,0.935,23.5,84,0.3035,0,1
NEU-001692,TreatmentB,B01,84.94,-65.23,197.5,22.11,38.3,-46.62,1.369,50.1,87,0.3852,1,1
NEU-001693,TreatmentA,B03,93.9,-73.93,131.8,19.36,63.3,-44.81,0.996,55.8,98,0.4847,1,1
NEU-001694,Control,B02,90.31,-71.25,119.1,22.54,110.1,-42.11,0.767,39.8,77,0.4122,1,0
NEU-001695,TreatmentB,B03,80.56,-56.87,122.6,8.9,86.7,-38.35,1.68,53.9,87,0.4957,1,0
NEU-001696,TreatmentB,B02,83.09,-60.67,234.4,9.09,82.9,-44.88,0.683,60.6,91,0.5411,0,1
NEU-001697,TreatmentA,B01,118.03,-66.31,127.1,9.36,90.7,-36.8,1.005,59.9,95,0.4648,1,0
NEU-001698,TreatmentB,B01,89.99,-67.79,145.6,8.28,104.5,-44.25,0.952,61.7,76,0.5985,1,0
NEU-001699,TreatmentB,B01,88.86,-64.83,352.7,13.65,90.9,-43.32,0.724,59.8,82,0.6504,1,1
NEU-001700,Control,B01,105.12,-58.16,182.8,11.46,168.8,-43.96,1.049,42.0,80,0.3531,0,0
NEU-001701,Control,B01,77.7,-64.05,218.5,29.78,109.9,-39.07,0.724,25.4,91,0.5485,0,1
NEU-001702,TreatmentA,B01,101.07,-67.27,158.1,15.05,139.5,-45.51,1.506,44.7,78,0.4599,1,1
NEU-001703,TreatmentB,B01,76.39,-71.42,116.2,10.08,69.9,-42.3,1.261,78.0,69,0.4786,1,0
NEU-001704,TreatmentA,B01,101.39,-72.4,273.6,8.66,112.5,-40.22,1.346,74.6,86,0.2873,0,1
NEU-001705,TreatmentB,B02,100.62,-59.82,121.0,7.67,177.4,-43.26,0.905,44.9,76,0.4266,1,1
NEU-001706,TreatmentA,B01,93.21,-59.98,96.9,27.85,171.0,-36.5,1.09,48.7,101,0.4378,1,1
NEU-001707,TreatmentB,B02,112.61,-64.01,143.5,13.17,108.2,-46.78,1.333,66.6,88,0.4956,1,1
NEU-001708,TreatmentA,B03,126.74,-69.0,74.0,10.33,70.7,-37.94,0.792,57.2,82,0.3909,0,1
NEU-001709,Control,B03,98.89,-51.77,282.4,15.89,155.6,-36.76,0.959,26.5,102,0.2783,0,0
NEU-001710,TreatmentA,B03,81.62,-67.28,217.0,15.59,151.2,-54.38,1.005,43.1,90,0.4438,0,1
NEU-001711,TreatmentB,B02,108.55,-71.74,360.4,8.67,67.3,-46.31,1.044,73.1,93,0.2765,0,1
NEU-001712,TreatmentA,B03,121.5,-69.43,233.1,21.52,64.4,-39.97,1.032,52.7,68,0.1783,0,0
NEU-001713,Control,B02,99.04,-62.73,132.5,10.12,124.1,-40.81,0.929,41.4,81,0.581,0,0
NEU-001714,TreatmentA,B02,85.65,-72.97,104.2,11.56,52.1,-38.4,0.961,70.6,90,0.3588,1,0
NEU-001715,Control,B02,107.04,-67.1,354.3,6.84,128.4,-39.97,1.1,40.6,71,0.5756,0,0
NEU-001716,Control,B02,88.83,-70.69,85.5,22.03,112.5,-42.61,1.007,40.4,83,0.4173,0,0
NEU-001717,Control,B02,90.41,-66.58,188.9,12.15,192.6,-42.35,1.375,24.8,75,0.3838,1,1
NEU-001718,TreatmentB,B02,90.28,-71.09,135.4,15.06,131.8,-45.87,0.807,35.9,89,0.4062,0,1
NEU-001719,TreatmentA,B02,107.65,-76.68,160.2,36.29,171.6,-44.07,0.666,30.3,94,0.3771,0,0
NEU-001720,TreatmentB,B03,133.86,-65.09,282.2,15.86,92.3,-45.26,0.902,62.7,95,0.2809,0,1
NEU-001721,TreatmentA,B01,63.76,-58.68,246.9,16.05,151.9,-41.65,1.364,49.7,84,0.5745,1,0
NEU-001722,TreatmentB,B02,88.74,-72.4,213.0,12.4,55.6,-43.58,0.626,29.9,97,0.4878,0,0
NEU-001723,TreatmentA,B01,104.75,-63.44,152.0,11.69,95.0,-46.27,1.68,70.6,94,0.6515,1,1
NEU-001724,TreatmentB,B01,73.88,-64.89,133.6,16.42,76.0,-35.25,1.122,47.8,97,0.3345,1,0
NEU-001725,TreatmentA,B02,95.25,-59.03,331.0,9.0,56.0,-43.07,1.034,39.1,86,0.518,0,0
NEU-001726,TreatmentA,B01,134.83,-66.36,165.4,7.27,177.2,-38.53,0.914,31.4,86,0.4957,0,0
NEU-001727,TreatmentB,B03,90.86,-50.87,223.9,7.42,117.2,-47.13,1.042,52.7,83,0.3233,1,0
NEU-001728,TreatmentB,B02,94.24,-71.58,182.2,14.4,69.3,-40.32,0.496,38.9,93,0.4272,0,1
NEU-001729,Control,B02,88.26,-63.4,43.3,7.86,166.1,-35.97,1.313,50.1,84,0.4984,0,0
NEU-001730,TreatmentB,B01,108.75,-69.83,66.9,12.5,82.4,-45.83,0.904,57.8,97,0.4741,0,0
NEU-001731,TreatmentA,B01,102.95,-67.16,262.3,19.94,126.0,-36.14,1.13,43.4,100,0.4141,0,1
NEU-001732,TreatmentA,B02,98.4,-60.76,116.6,15.31,148.2,-44.28,1.285,48.5,85,0.2052,1,0
NEU-001733,TreatmentB,B01,115.47,-63.75,207.8,16.31,28.5,-44.45,1.267,58.6,86,0.3631,1,1
NEU-001734,TreatmentA,B02,116.51,-65.81,86.3,13.77,96.3,-38.69,0.974,36.4,86,0.45,0,1
NEU-001735,Control,B03,102.35,-69.93,186.2,23.45,133.1,-44.33,1.154,50.7,94,0.4032,1,0
NEU-001736,TreatmentA,B01,100.67,-65.62,124.8,9.18,56.7,-39.88,1.011,69.0,96,0.4483,1,1
NEU-001737,TreatmentA,B02,101.65,-74.24,357.7,15.11,134.6,-50.86,0.854,33.1,80,0.7685,1,0
NEU-001738,TreatmentB,B02,98.71,-69.66,120.0,6.49,67.5,-44.15,0.987,55.3,82,0.4494,0,0
NEU-001739,TreatmentA,B02,88.17,-59.52,159.6,18.94,78.4,-46.61,0.578,64.4,86,0.4224,1,0
NEU-001740,TreatmentA,B03,120.58,-70.39,135.6,19.88,83.5,-40.82,0.965,57.9,96,0.5471,1,0
NEU-001741,TreatmentA,B02,100.08,-70.54,289.9,22.49,62.7,-42.96,1.017,78.8,90,0.6766,1,1
NEU-001742,Control,B03,86.64,-65.51,106.0,17.96,204.9,-47.54,1.3,27.8,75,0.6569,1,1
NEU-001743,TreatmentA,B01,89.2,-48.99,89.5,8.79,131.3,-42.19,1.481,56.6,84,0.4552,1,0
NEU-001744,Control,B02,103.44,-59.62,287.5,10.48,180.9,-41.61,1.493,47.8,93,0.3909,1,0
NEU-001745,TreatmentB,B01,86.48,-64.62,205.6,7.55,101.4,-46.88,1.267,67.5,92,0.5173,1,0
NEU-001746,Control,B02,111.13,-64.61,138.5,13.65,87.2,-41.37,1.006,36.4,91,0.5509,1,1
NEU-001747,TreatmentB,B01,103.73,-64.92,247.6,14.98,64.6,-44.89,0.975,54.1,102,0.2984,0,1
NEU-001748,TreatmentB,B03,119.02,-61.53,112.6,11.21,86.2,-42.41,0.973,48.9,76,0.6644,1,0
NEU-001749,TreatmentA,B03,79.05,-67.98,171.6,7.71,97.6,-38.38,1.931,46.1,92,0.3271,0,1
NEU-001750,TreatmentB,B01,94.13,-52.2,207.5,15.56,115.0,-44.03,1.323,53.4,84,0.3516,0,0
NEU-001751,Control,B02,124.86,-61.43,163.5,7.04,146.2,-42.71,1.637,30.7,80,0.576,0,0
NEU-001752,TreatmentA,B03,105.78,-72.94,379.6,6.77,79.0,-46.09,1.938,25.3,90,0.4888,0,0
NEU-001753,TreatmentB,B01,95.31,-57.5,106.2,12.74,117.3,-32.52,2.47,37.4,90,0.3287,1,0
NEU-001754,TreatmentB,B01,106.7,-67.6,290.1,10.31,140.8,-38.81,1.032,63.9,87,0.4183,0,1
NEU-001755,TreatmentA,B03,99.46,-65.57,95.6,17.94,59.3,-47.16,1.075,56.6,84,0.4469,1,1
NEU-001756,TreatmentB,B02,130.11,-72.07,62.6,25.25,62.3,-52.73,0.741,43.4,93,0.3598,0,0
NEU-001757,TreatmentA,B01,106.46,-70.8,292.1,14.89,56.8,-42.3,1.131,34.4,78,0.5583,1,0
NEU-001758,TreatmentA,B03,97.74,-68.96,235.8,15.62,119.1,-38.99,1.462,56.4,72,0.4319,1,1
NEU-001759,TreatmentB,B03,74.42,-69.72,270.3,21.15,25.3,-41.23,1.004,57.0,85,0.1555,0,0
NEU-001760,TreatmentB,B03,96.09,-59.03,141.4,14.54,80.6,-41.14,1.349,44.6,73,0.4735,0,0
NEU-001761,TreatmentA,B03,98.25,-73.48,181.9,16.37,146.3,-37.52,1.205,37.7,96,0.3793,0,0
NEU-001762,TreatmentA,B03,92.77,-74.24,130.9,17.32,97.2,-41.06,0.731,79.9,89,0.2909,1,0
NEU-001763,Control,B03,74.3,-69.61,115.1,7.06,73.8,-41.31,0.971,50.0,73,0.5798,1,0
NEU-001764,TreatmentB,B03,99.05,-71.5,137.8,16.22,126.9,-47.76,1.303,48.4,83,0.224,0,0
NEU-001765,TreatmentA,B03,69.09,-52.63,93.3,8.84,128.9,-37.48,0.904,61.3,80,0.4482,1,0
NEU-001766,Control,B01,89.53,-73.66,158.4,21.26,84.1,-39.93,0.748,32.4,90,0.2446,0,0
NEU-001767,TreatmentB,B02,92.88,-60.71,70.7,10.08,81.4,-41.03,0.901,80.5,87,0.3042,1,0
NEU-001768,TreatmentB,B03,84.17,-74.76,166.0,13.55,47.9,-39.47,1.005,62.2,94,0.6201,1,0
NEU-001769,TreatmentA,B01,82.04,-59.25,98.2,21.76,58.1,-37.85,0.93,49.5,89,0.5915,0,1
NEU-001770,Control,B01,117.06,-66.66,80.5,6.76,113.3,-37.58,1.577,44.8,92,0.2896,1,1
NEU-001771,Control,B02,63.39,-69.31,205.1,13.27,133.9,-45.86,1.151,24.1,88,0.4298,1,0
NEU-001772,Control,B01,88.5,-69.68,220.8,12.66,132.6,-41.21,1.286,52.4,77,0.5491,1,0
NEU-001773,Control,B01,123.09,-65.41,137.0,16.69,132.9,-42.7,0.883,68.0,74,0.4292,0,1
NEU-001774,TreatmentB,B03,95.84,-52.9,271.6,9.17,121.9,-49.47,1.607,63.5,92,0.376,1,0
NEU-001775,TreatmentB,B02,92.81,-60.58,135.5,17.05,115.7,-39.77,1.303,63.9,79,0.4942,1,0
NEU-001776,TreatmentA,B02,124.28,-60.92,186.0,10.96,148.7,-42.02,0.787,67.0,74,0.0926,0,0
NEU-001777,TreatmentA,B01,115.35,-64.13,164.0,14.65,102.4,-41.75,0.823,58.0,91,0.4324,0,1
NEU-001778,TreatmentB,B03,80.46,-65.11,217.4,12.66,73.2,-41.1,1.369,54.7,81,0.4065,0,1
NEU-001779,TreatmentA,B02,83.34,-60.49,113.1,10.57,97.7,-42.95,1.384,53.4,92,0.4207,1,1
NEU-001780,TreatmentB,B03,73.0,-62.47,87.3,11.81,7.4,-45.2,0.952,63.9,93,0.2669,1,0
NEU-001781,TreatmentB,B01,120.61,-66.61,186.7,6.21,128.9,-42.36,0.481,53.2,80,0.4779,0,1
NEU-001782,TreatmentB,B02,104.64,-75.14,206.8,12.68,52.8,-40.95,1.654,43.0,75,0.2713,1,0
NEU-001783,TreatmentA,B02,123.52,-73.0,347.3,14.15,158.4,-43.58,1.454,43.9,83,0.2578,0,0
NEU-001784,TreatmentA,B03,97.97,-63.42,299.9,15.17,125.1,-38.02,0.91,43.9,78,0.4967,0,1
NEU-001785,TreatmentB,B03,110.05,-72.94,188.9,12.84,48.0,-35.05,0.851,69.3,92,0.6896,1,0
NEU-001786,TreatmentA,B02,113.29,-72.74,302.2,9.02,101.7,-48.3,0.802,10.7,86,0.3526,0,0
NEU-001787,TreatmentA,B03,109.58,-65.83,288.5,13.68,58.6,-42.93,1.278,58.0,88,0.4093,1,0
NEU-001788,TreatmentA,B02,86.31,-70.08,312.8,20.67,126.9,-42.48,0.73,47.1,91,0.6357,0,1
NEU-001789,TreatmentA,B01,116.78,-63.56,254.8,16.15,114.6,-52.99,1.73,62.2,84,0.3481,1,1
NEU-001790,TreatmentB,B02,124.4,-55.0,145.3,12.1,117.6,-38.11,0.869,62.6,89,0.4656,0,0
NEU-001791,TreatmentB,B02,91.1,-67.61,233.9,10.44,80.8,-42.82,1.203,79.1,97,0.1502,1,1
NEU-001792,TreatmentA,B03,99.37,-66.26,261.7,6.35,48.6,-45.33,1.092,42.0,92,0.4236,1,1
NEU-001793,Control,B03,130.05,-66.7,149.1,10.81,152.0,-46.45,1.617,36.9,91,0.4215,0,0
NEU-001794,Control,B01,98.64,-64.58,186.1,16.97,196.7,-45.46,0.996,49.8,87,0.5491,1,1
NEU-001795,Control,B01,90.33,-81.92,103.2,14.84,117.3,-43.8,0.42,35.0,98,0.3303,0,0
NEU-001796,TreatmentA,B02,119.97,-64.73,207.6,23.63,114.2,-37.94,1.252,19.5,83,0.3855,0,1
NEU-001797,Control,B02,80.66,-66.37,375.3,19.13,183.8,-51.4,0.782,27.6,102,0.4866,0,1
NEU-001798,TreatmentB,B03,109.5,-56.81,488.3,14.9,107.1,-48.54,0.858,67.1,86,0.3268,0,1
NEU-001799,TreatmentB,B01,92.97,-65.1,176.5,15.86,115.4,-36.16,0.844,67.1,84,0.5115,1,1
NEU-001800,Control,B02,115.25,-71.89,103.5,15.3,181.1,-41.35,1.213,61.0,92,0.6105,1,0
NEU-001801,TreatmentA,B01,109.39,-67.82,154.4,7.35,163.0,-40.25,0.476,35.4,77,0.4121,0,0
NEU-001802,TreatmentA,B02,99.1,-65.89,90.9,11.27,108.8,-32.29,1.569,67.4,86,0.3324,1,1
NEU-001803,Control,B03,147.16,-73.0,348.3,13.99,96.0,-38.8,1.01,11.9,83,0.6916,0,0
NEU-001804,TreatmentB,B02,90.45,-66.54,217.2,15.87,101.2,-48.12,1.07,66.3,97,0.2858,1,1
NEU-001805,TreatmentB,B03,83.36,-65.99,148.5,9.05,50.3,-43.81,1.077,70.3,87,0.4684,1,0
NEU-001806,TreatmentA,B03,96.47,-56.37,126.7,25.11,68.5,-44.67,1.935,54.3,73,0.3743,1,0
NEU-001807,Control,B01,91.85,-64.02,199.3,10.41,143.2,-37.01,0.784,41.2,73,0.1886,0,1
NEU-001808,TreatmentB,B02,110.95,-55.18,193.0,10.17,97.3,-40.3,1.076,34.3,74,0.5473,0,0
NEU-001809,TreatmentB,B03,94.63,-62.15,504.1,8.92,122.3,-37.98,0.799,35.8,81,0.3093,0,1
NEU-001810,TreatmentB,B02,95.01,-62.8,101.0,14.69,150.4,-44.11,0.682,67.7,89,0.3649,1,1
NEU-001811,Control,B02,104.91,-63.19,196.4,10.79,174.1,-43.02,0.612,38.3,91,0.4701,0,1
NEU-001812,TreatmentB,B02,80.55,-60.51,90.5,24.62,123.5,-41.72,0.912,36.6,97,0.6201,1,1
NEU-001813,TreatmentB,B03,92.31,-66.23,288.7,20.39,79.2,-49.39,1.412,78.0,86,0.3947,1,1
NEU-001814,TreatmentA,B01,105.53,-73.06,243.3,17.05,114.7,-54.09,1.215,45.6,88,0.3219,0,0
NEU-001815,TreatmentA,B01,119.07,-63.38,105.6,17.21,65.2,-42.79,0.922,41.1,83,0.3291,0,1
NEU-001816,TreatmentB,B02,79.15,-67.94,113.2,22.93,83.3,-37.9,1.023,62.6,78,0.2541,1,0
NEU-001817,TreatmentA,B03,93.37,-57.59,95.1,8.92,128.6,-41.57,0.725,31.6,76,0.437,0,0
NEU-001818,TreatmentB,B03,123.41,-58.01,184.2,10.63,73.2,-37.13,0.947,54.7,75,0.2472,0,0
NEU-001819,TreatmentB,B03,110.06,-67.25,122.3,14.3,127.8,-45.93,0.976,69.1,88,0.1636,1,1
NEU-001820,Control,B02,115.0,-74.89,212.6,12.88,93.4,-47.21,1.089,34.4,86,0.2561,0,0
NEU-001821,Control,B02,98.55,-65.95,160.3,16.06,125.6,-41.86,1.896,39.9,75,0.7914,1,1
NEU-001822,TreatmentB,B02,87.29,-60.45,286.3,18.02,115.3,-38.46,0.814,45.7,88,0.2048,0,0
NEU-001823,Control,B01,94.01,-68.14,226.7,24.47,103.5,-45.98,0.913,53.7,78,0.5304,0,1
NEU-001824,Control,B01,75.8,-68.72,278.7,14.43,107.0,-45.39,0.877,53.8,94,0.5852,0,1
NEU-001825,TreatmentB,B02,88.51,-69.74,317.9,5.8,55.6,-33.72,1.178,54.1,105,0.6765,0,0
NEU-001826,Control,B02,96.9,-65.07,271.2,18.54,129.5,-37.95,0.779,49.0,91,0.3775,1,1
NEU-001827,TreatmentB,B02,89.4,-68.82,178.2,13.51,91.1,-30.94,1.105,38.8,97,0.3843,0,1
NEU-001828,TreatmentB,B03,81.28,-67.76,266.5,18.56,37.6,-42.26,1.205,61.7,92,0.497,1,1
NEU-001829,TreatmentB,B03,128.96,-71.1,99.5,5.69,144.8,-48.11,1.075,77.7,75,0.3665,1,0
NEU-001830,Control,B03,94.18,-40.69,163.4,18.03,90.7,-38.18,1.528,56.8,88,0.3166,1,0
NEU-001831,Control,B03,92.41,-61.04,213.3,13.75,155.3,-40.03,1.151,4.8,100,0.7473,0,1
NEU-001832,TreatmentB,B03,85.72,-61.41,172.5,26.29,-6.5,-42.42,1.502,61.5,69,0.4367,1,1
NEU-001833,Control,B03,95.11,-61.1,394.9,26.49,145.0,-39.15,0.877,27.2,66,0.8002,0,1
NEU-001834,TreatmentB,B02,103.89,-68.97,158.4,5.91,152.0,-46.18,1.048,51.7,93,0.51,1,0
NEU-001835,Control,B02,69.24,-68.06,222.7,9.89,203.6,-41.42,0.931,32.9,105,0.3221,0,1
NEU-001836,TreatmentB,B01,86.2,-69.9,466.0,12.71,65.6,-45.6,0.963,58.8,73,0.4548,0,0
NEU-001837,Control,B01,99.53,-69.21,145.1,8.37,78.2,-43.16,1.168,48.1,79,0.5932,1,0
NEU-001838,TreatmentA,B01,91.32,-64.24,231.6,10.76,138.4,-37.09,1.199,36.3,84,0.2615,1,1
NEU-001839,TreatmentA,B03,121.54,-58.41,140.4,9.45,228.8,-39.41,0.745,61.9,92,0.5432,0,0
NEU-001840,TreatmentB,B03,117.5,-71.7,298.8,6.85,57.1,-48.3,1.143,57.9,89,0.4091,1,0
NEU-001841,TreatmentA,B01,110.77,-66.58,358.8,14.92,-0.6,-43.91,1.084,72.6,83,0.2015,0,0
NEU-001842,TreatmentA,B03,109.29,-58.81,149.6,14.1,64.4,-47.11,1.288,31.3,66,0.3828,0,0
NEU-001843,Control,B01,124.04,-66.84,256.3,18.56,172.5,-43.23,1.129,39.5,80,0.2875,0,0
NEU-001844,Control,B02,132.37,-69.75,157.1,18.14,142.5,-45.4,0.809,39.9,96,0.3085,0,0
NEU-001845,Control,B01,85.38,-68.2,356.1,18.74,181.4,-47.21,0.779,43.8,72,0.4668,0,1
NEU-001846,Control,B01,83.29,-56.69,76.1,7.19,119.4,-46.49,0.768,33.6,81,0.3691,0,0
NEU-001847,TreatmentB,B02,93.09,-71.29,256.8,16.08,92.0,-42.99,1.158,75.9,83,0.4103,0,0
NEU-001848,TreatmentB,B01,104.88,-71.44,122.7,17.69,131.7,-43.58,1.217,52.6,85,0.3031,0,0
NEU-001849,TreatmentB,B01,90.14,-64.96,102.7,8.97,86.8,-44.95,0.894,52.2,84,0.6455,0,0
NEU-001850,TreatmentB,B03,92.92,-66.42,65.7,17.88,58.6,-41.36,0.753,59.0,98,0.5963,0,1
NEU-001851,TreatmentA,B02,63.72,-60.5,204.3,9.31,80.9,-46.12,1.17,48.8,83,0.5839,1,0
NEU-001852,Control,B03,81.92,-67.9,295.5,21.19,143.0,-43.42,0.857,30.5,79,0.548,0,1
NEU-001853,TreatmentB,B01,85.93,-63.51,79.1,27.28,51.6,-43.14,0.866,65.8,79,0.3109,1,0
NEU-001854,Control,B03,106.07,-60.38,228.7,33.68,103.6,-40.34,1.005,28.0,88,0.086,0,0
NEU-001855,TreatmentA,B02,86.23,-68.63,171.6,12.13,64.1,-41.15,1.374,57.7,83,0.1505,1,1
NEU-001856,TreatmentA,B03,99.84,-55.85,110.6,19.98,9.3,-44.35,1.2,37.7,70,0.4911,0,1
NEU-001857,TreatmentB,B01,124.12,-68.7,257.0,7.94,95.7,-36.73,0.805,57.6,90,0.175,0,1
NEU-001858,Control,B02,145.09,-66.74,183.5,12.54,138.8,-44.28,0.986,69.8,84,0.2165,0,1
NEU-001859,Control,B02,91.78,-60.23,306.4,14.75,135.0,-53.91,0.713,13.0,75,0.5869,0,1
NEU-001860,Control,B02,114.83,-74.15,574.1,9.0,163.4,-41.9,1.038,48.7,86,0.3924,0,0
NEU-001861,Control,B02,85.87,-65.15,190.0,13.51,98.6,-44.05,0.68,46.0,74,0.3387,0,1
NEU-001862,Control,B03,117.59,-66.07,192.3,16.15,56.9,-39.93,0.954,27.9,84,0.2441,0,0
NEU-001863,Control,B01,100.73,-61.11,195.3,10.5,172.3,-42.55,1.395,40.7,74,0.3804,1,0
NEU-001864,TreatmentB,B02,97.37,-62.37,232.5,14.6,146.5,-42.76,1.074,81.3,94,0.3432,1,1
NEU-001865,TreatmentB,B01,91.96,-62.81,221.9,23.16,139.0,-36.88,1.021,74.0,96,0.2056,1,0
NEU-001866,Control,B01,114.98,-76.34,217.7,13.9,125.3,-40.03,0.731,40.3,78,0.2742,0,0
NEU-001867,TreatmentB,B02,108.23,-71.3,129.4,16.42,92.3,-44.32,1.262,75.3,83,0.442,1,1
NEU-001868,Control,B02,89.78,-63.1,117.6,24.48,189.0,-47.66,1.077,37.6,64,0.2968,1,0
NEU-001869,Control,B01,101.08,-63.65,114.2,20.91,54.0,-40.87,1.043,50.1,83,0.3016,0,0
NEU-001870,TreatmentA,B01,74.13,-61.96,80.6,8.97,123.4,-41.68,0.797,40.9,95,0.6446,0,0
NEU-001871,Control,B01,86.54,-66.5,188.9,9.42,96.4,-42.18,0.846,41.3,84,0.6901,0,0
NEU-001872,Control,B02,103.31,-56.49,130.0,13.76,143.2,-41.24,1.4,45.9,71,0.5315,1,0
NEU-001873,Control,B02,129.23,-62.78,285.2,9.71,166.3,-43.3,1.014,39.1,86,0.4737,1,1
NEU-001874,Control,B01,87.94,-67.2,249.4,7.67,97.8,-47.11,0.804,48.8,89,0.4546,1,0
NEU-001875,TreatmentB,B02,87.84,-63.31,226.1,23.26,111.4,-40.72,1.339,53.3,85,0.1881,1,0
NEU-001876,TreatmentB,B03,116.02,-64.25,158.4,7.8,129.4,-41.29,0.938,101.6,83,0.1503,1,1
NEU-001877,TreatmentA,B01,102.24,-65.42,321.6,21.03,101.7,-47.84,1.062,44.9,71,0.3555,0,0
NEU-001878,TreatmentB,B03,79.91,-72.81,112.7,11.19,70.3,-45.76,1.084,53.8,90,0.3688,1,0
NEU-001879,Control,B03,80.07,-67.46,265.6,9.59,129.2,-39.63,0.949,50.6,72,0.2017,0,1
NEU-001880,Control,B02,86.71,-65.04,243.5,16.51,57.2,-43.28,0.989,32.8,95,0.3308,0,1
NEU-001881,TreatmentB,B01,64.24,-66.64,222.4,12.76,101.0,-42.15,1.499,48.9,93,0.3815,1,1
NEU-001882,TreatmentB,B02,121.19,-58.91,191.0,18.3,90.9,-40.46,0.928,70.4,75,0.4584,0,0
NEU-001883,TreatmentA,B02,109.38,-78.48,103.1,9.17,86.5,-44.83,1.098,23.1,91,0.2711,0,0
NEU-001884,TreatmentB,B02,101.33,-67.41,82.4,16.36,142.1,-34.58,1.299,63.4,101,0.4338,1,1
NEU-001885,TreatmentB,B01,103.95,-67.95,151.6,14.47,105.3,-35.73,1.464,62.6,88,0.633,0,1
NEU-001886,TreatmentB,B02,146.33,-61.9,105.8,21.5,88.9,-43.83,1.349,44.9,92,0.3646,1,1
NEU-001887,TreatmentB,B03,145.63,-68.34,101.3,27.38,130.4,-40.19,1.914,59.7,81,0.4472,1,1
NEU-001888,Control,B02,104.02,-62.24,310.4,8.36,131.2,-35.29,0.873,44.4,79,0.4304,0,1
NEU-001889,TreatmentB,B03,63.9,-65.67,463.3,19.09,82.8,-46.07,1.372,79.9,85,0.4008,1,1
NEU-001890,Control,B02,114.68,-62.26,229.6,18.07,139.2,-46.97,0.745,66.0,93,0.3411,1,1
NEU-001891,TreatmentA,B02,89.79,-69.63,195.8,19.25,144.5,-38.53,1.396,33.4,91,0.0709,0,0
NEU-001892,TreatmentB,B01,84.4,-64.56,240.0,13.48,76.1,-39.32,1.741,62.3,77,0.4186,1,1
NEU-001893,Control,B02,101.04,-60.4,123.2,19.77,143.8,-43.74,1.731,49.2,77,0.3019,1,0
NEU-001894,TreatmentB,B03,85.29,-52.81,84.6,9.4,16.5,-41.46,0.462,75.7,83,0.2763,0,0
NEU-001895,Control,B01,76.66,-63.81,290.8,11.7,130.0,-38.13,0.86,41.2,88,0.1672,0,1
NEU-001896,Control,B03,111.8,-62.35,117.1,7.96,99.6,-38.07,0.937,54.1,83,0.582,1,0
NEU-001897,Control,B03,77.43,-65.33,153.8,10.05,127.4,-40.1,1.708,45.9,72,0.3194,1,1
NEU-001898,TreatmentB,B03,92.77,-68.38,481.4,14.58,45.9,-42.32,1.74,75.3,81,0.5855,0,1
NEU-001899,TreatmentA,B02,110.73,-66.83,249.2,28.13,69.4,-38.65,1.302,44.4,83,0.377,0,1
NEU-001900,Control,B03,87.15,-70.48,178.2,22.42,139.7,-48.19,0.816,25.1,80,0.3244,0,0
NEU-001901,Control,B02,102.13,-72.35,116.2,20.06,121.9,-44.49,1.619,44.0,79,0.2932,1,0
NEU-001902,Control,B02,94.61,-64.84,299.8,9.02,131.3,-43.45,1.001,34.4,87,0.5836,0,0
NEU-001903,TreatmentB,B01,101.05,-61.28,84.7,7.54,35.2,-41.39,0.593,85.3,92,0.3331,1,1
NEU-001904,TreatmentA,B02,117.26,-65.52,230.7,5.88,143.0,-39.75,1.017,51.2,82,0.3634,0,1
NEU-001905,TreatmentA,B01,102.13,-66.33,222.2,19.3,192.3,-37.35,1.139,48.2,79,0.2553,1,0
NEU-001906,Control,B01,100.72,-62.89,295.1,25.8,151.2,-44.21,0.933,34.4,93,0.3098,0,1
NEU-001907,TreatmentB,B03,93.59,-69.58,193.7,6.85,96.4,-35.83,1.041,70.5,94,0.2191,1,1
NEU-001908,TreatmentB,B03,93.53,-69.56,182.0,4.97,88.7,-52.14,1.031,60.5,59,0.343,1,1
NEU-001909,TreatmentB,B01,108.13,-66.74,244.9,7.32,48.5,-38.77,0.963,74.5,95,0.5846,1,0
NEU-001910,Control,B01,91.6,-68.44,85.6,19.32,138.4,-44.69,1.262,26.2,83,0.3521,1,0
NEU-001911,TreatmentB,B02,91.76,-67.76,204.7,12.2,70.9,-41.3,1.222,31.2,93,0.4234,0,1
NEU-001912,TreatmentA,B01,88.05,-61.53,183.6,24.11,109.4,-39.1,1.017,32.7,89,0.4773,0,1
NEU-001913,Control,B01,103.73,-60.72,167.0,15.92,76.7,-48.24,1.188,51.9,88,0.5813,1,1
NEU-001914,TreatmentB,B02,87.35,-63.8,219.6,7.54,89.4,-50.19,1.213,62.8,101,0.5628,1,0
NEU-001915,Control,B01,79.37,-66.01,157.2,17.37,182.6,-41.91,0.986,17.9,93,0.5334,0,1
NEU-001916,TreatmentB,B01,122.05,-72.09,138.3,10.74,64.7,-41.74,0.948,87.3,75,0.1794,1,1
NEU-001917,TreatmentA,B02,119.85,-63.45,132.0,9.34,146.6,-41.7,1.368,36.7,75,0.7422,1,0
NEU-001918,Control,B02,106.07,-62.52,192.1,14.36,88.5,-40.32,0.982,37.2,88,0.4603,0,1
NEU-001919,TreatmentA,B02,84.01,-68.93,215.2,14.67,121.4,-39.79,0.908,40.5,79,0.3571,0,1
NEU-001920,TreatmentB,B02,95.46,-70.99,224.0,15.55,73.7,-36.5,0.885,62.5,84,0.4699,1,1
NEU-001921,TreatmentB,B02,102.44,-66.66,244.9,12.49,62.1,-45.3,1.088,42.2,79,0.5725,0,0
NEU-001922,Control,B03,107.53,-64.76,162.9,12.85,216.2,-47.65,1.707,25.7,85,0.3092,1,1
NEU-001923,TreatmentA,B01,77.51,-61.23,73.2,10.73,93.3,-42.67,1.353,54.5,84,0.4034,1,1
NEU-001924,Control,B02,87.79,-67.26,68.3,13.16,202.5,-36.26,1.038,28.7,97,0.2191,0,1
NEU-001925,TreatmentB,B02,66.81,-58.33,307.4,10.08,41.0,-38.23,0.988,49.8,98,0.4306,0,0
NEU-001926,Control,B01,95.45,-62.37,247.3,17.72,132.5,-48.5,1.192,24.5,88,0.3128,0,0
NEU-001927,TreatmentA,B01,115.41,-59.93,245.2,14.72,163.3,-44.15,1.151,31.3,87,0.3776,0,0
NEU-001928,Control,B02,93.77,-62.48,304.9,22.75,114.3,-46.08,0.924,26.9,74,0.3004,0,0
NEU-001929,Control,B03,104.62,-70.8,557.3,14.15,153.8,-51.33,0.67,30.5,93,0.661,0,0
NEU-001930,Control,B01,112.29,-66.36,259.6,7.45,98.0,-46.62,1.0,21.9,73,0.2052,0,1
NEU-001931,TreatmentA,B02,121.01,-64.17,175.8,16.25,109.9,-39.48,0.908,60.8,93,0.2146,0,0
NEU-001932,Control,B01,103.37,-68.97,168.8,7.46,125.0,-41.57,1.004,17.5,87,0.3102,0,1
NEU-001933,TreatmentA,B03,104.85,-56.2,270.0,17.21,12.5,-42.42,0.858,34.6,72,0.2369,0,0
NEU-001934,TreatmentA,B02,98.85,-57.94,206.4,12.98,107.6,-42.65,0.79,39.0,88,0.3484,0,0
NEU-001935,TreatmentB,B03,103.62,-64.42,143.8,10.2,180.8,-43.96,0.498,47.4,71,0.5382,0,0
NEU-001936,TreatmentA,B02,103.14,-60.05,186.4,8.17,23.3,-40.05,2.332,54.0,62,0.4267,1,0
NEU-001937,TreatmentA,B02,81.24,-54.26,300.6,10.64,67.3,-40.88,0.644,70.8,81,0.2595,0,0
NEU-001938,Control,B01,98.09,-62.43,164.1,16.1,164.5,-39.07,0.561,44.0,94,0.4913,0,1
NEU-001939,Control,B02,101.44,-75.32,198.1,27.83,147.8,-42.4,1.147,57.0,101,0.5791,1,1
NEU-001940,TreatmentA,B03,105.75,-65.35,125.3,12.82,177.3,-30.42,1.23,33.6,89,0.2237,0,1
NEU-001941,Control,B03,93.14,-57.82,131.2,12.3,101.0,-42.89,0.741,30.2,88,0.5109,0,0
NEU-001942,TreatmentA,B02,106.74,-66.32,382.0,7.55,149.3,-38.39,0.919,67.1,89,0.5401,0,0
NEU-001943,TreatmentA,B03,98.17,-65.39,209.3,14.45,76.6,-45.12,1.463,82.8,80,0.3968,1,1
NEU-001944,TreatmentB,B03,88.98,-71.3,381.0,11.47,52.2,-39.16,0.836,49.4,83,0.4133,0,1
NEU-001945,Control,B03,96.92,-61.22,118.0,27.37,226.4,-42.34,1.059,12.3,84,0.2362,0,0
NEU-001946,TreatmentB,B02,91.75,-56.15,264.3,11.6,49.1,-49.07,0.877,43.8,93,0.1178,0,0
NEU-001947,TreatmentA,B02,91.54,-52.42,142.1,10.58,137.9,-41.73,0.997,36.9,89,0.0614,0,1
NEU-001948,TreatmentB,B01,121.87,-75.92,105.0,10.93,96.8,-43.08,0.671,74.7,83,0.3808,1,0
NEU-001949,TreatmentA,B02,92.3,-59.47,245.8,15.68,90.4,-42.88,0.928,47.7,92,0.5857,1,1
NEU-001950,TreatmentA,B01,92.43,-60.59,151.8,27.5,95.3,-38.25,1.098,45.3,98,0.2844,1,0
NEU-001951,TreatmentA,B01,87.9,-73.44,707.5,13.5,119.4,-45.58,1.432,38.0,108,0.2006,0,0
NEU-001952,TreatmentB,B02,103.12,-66.14,144.9,9.88,67.7,-49.17,1.071,77.5,72,0.5798,0,1
NEU-001953,TreatmentB,B03,90.91,-65.63,165.9,7.72,90.7,-47.26,1.652,48.5,87,0.2437,1,1
NEU-001954,Control,B03,71.52,-57.41,61.2,20.58,146.9,-35.97,0.714,27.4,66,0.5066,0,1
NEU-001955,TreatmentB,B01,92.86,-68.42,108.4,14.77,88.4,-42.85,1.126,36.1,89,0.5372,0,1
NEU-001956,TreatmentB,B02,70.11,-68.06,150.3,18.37,100.6,-38.62,0.888,62.8,84,0.2754,1,0
NEU-001957,TreatmentA,B03,99.58,-54.23,276.1,11.2,123.2,-38.47,0.974,46.9,93,0.3272,0,0
NEU-001958,TreatmentB,B03,106.55,-68.53,158.1,11.72,99.3,-35.04,0.871,30.6,88,0.3844,0,1
NEU-001959,TreatmentA,B01,75.32,-65.88,68.9,28.27,154.0,-44.25,1.045,57.5,75,0.2918,1,0
NEU-001960,TreatmentA,B02,95.46,-56.07,80.0,11.95,136.3,-41.51,1.277,46.8,74,0.3406,1,0
NEU-001961,TreatmentB,B01,111.2,-63.92,142.7,18.57,107.5,-44.62,1.198,57.5,95,0.4311,1,1
NEU-001962,TreatmentB,B02,108.62,-55.32,146.8,14.76,18.6,-39.98,0.767,58.1,89,0.5256,0,0
NEU-001963,TreatmentB,B03,114.98,-56.95,129.8,5.91,65.6,-39.2,0.831,60.4,75,0.1899,1,1
NEU-001964,Control,B02,87.86,-63.82,108.6,6.98,94.5,-42.4,1.088,40.9,71,0.3522,0,1
NEU-001965,TreatmentA,B03,101.38,-78.58,83.4,18.1,134.9,-40.5,1.251,41.4,92,0.4427,1,0
NEU-001966,TreatmentB,B01,105.3,-65.29,255.1,12.81,45.7,-35.91,0.927,53.8,90,0.5415,0,1
NEU-001967,TreatmentB,B01,84.49,-64.68,186.9,12.52,105.5,-41.87,1.487,40.4,77,0.2313,1,1
NEU-001968,TreatmentB,B02,119.41,-66.22,124.9,12.01,106.6,-40.58,0.783,48.6,85,0.6412,1,1
NEU-001969,TreatmentB,B02,94.35,-65.8,164.0,9.93,57.7,-34.19,0.855,61.5,90,0.4902,1,1
NEU-001970,TreatmentA,B03,86.56,-64.94,108.8,18.19,148.7,-38.85,1.023,47.5,73,0.2567,1,1
NEU-001971,TreatmentA,B02,84.41,-65.88,262.1,11.26,163.7,-35.64,0.874,54.5,91,0.6001,0,1
NEU-001972,TreatmentB,B02,110.86,-74.76,131.4,10.7,94.4,-41.22,1.069,60.5,89,0.3641,1,0
NEU-001973,TreatmentB,B01,84.46,-64.7,212.9,8.52,104.0,-40.22,0.807,70.2,95,0.5675,1,0
NEU-001974,TreatmentB,B03,105.05,-64.02,304.1,14.05,113.9,-47.65,1.227,33.7,80,0.3379,0,1
NEU-001975,TreatmentB,B02,119.93,-68.17,299.4,16.78,57.2,-42.56,2.151,52.9,83,0.4431,1,1
NEU-001976,TreatmentB,B03,78.15,-73.36,217.6,9.9,92.0,-41.57,0.787,45.5,85,0.3944,0,0
NEU-001977,TreatmentA,B02,102.83,-62.57,235.4,26.05,73.9,-44.35,1.417,63.2,83,0.3684,1,1
NEU-001978,TreatmentA,B03,112.95,-70.16,96.1,11.53,144.5,-41.07,1.16,37.7,84,0.4972,1,0
NEU-001979,TreatmentB,B02,105.26,-76.51,205.2,9.81,79.6,-35.07,2.008,64.4,68,0.4881,1,0
NEU-001980,TreatmentB,B01,121.38,-67.65,131.7,18.68,172.2,-41.49,0.737,68.6,88,0.1715,0,0
NEU-001981,Control,B02,95.98,-61.92,311.6,14.94,149.7,-42.12,1.08,59.0,85,0.472,0,0
NEU-001982,TreatmentA,B01,111.31,-68.07,189.7,8.72,80.0,-44.46,0.946,65.9,91,0.4769,0,0
NEU-001983,TreatmentA,B01,62.38,-69.78,277.9,9.83,117.0,-40.67,1.516,33.7,77,0.2506,1,1
NEU-001984,TreatmentA,B03,115.2,-61.69,192.5,10.4,110.2,-44.4,0.76,50.5,74,0.3849,1,1
NEU-001985,TreatmentA,B02,109.56,-56.89,173.4,14.35,153.6,-43.08,0.891,56.4,83,0.5658,0,1
NEU-001986,TreatmentA,B03,92.91,-73.17,56.1,11.6,144.0,-49.11,1.132,57.9,106,0.4136,1,1
NEU-001987,Control,B01,108.8,-69.53,192.2,18.75,140.1,-42.27,2.246,59.2,87,0.3834,1,0
NEU-001988,TreatmentA,B02,90.43,-65.98,210.4,15.05,118.2,-44.31,0.825,62.4,89,0.2587,1,0
NEU-001989,TreatmentB,B02,89.37,-75.03,116.9,8.81,140.1,-43.86,0.777,68.2,75,0.4641,1,0
NEU-001990,TreatmentA,B02,94.24,-72.15,171.1,12.92,137.3,-42.53,0.86,9.3,82,0.4121,0,0
NEU-001991,TreatmentB,B03,113.44,-58.64,156.1,13.54,108.9,-46.46,0.673,64.5,90,0.4009,0,0
NEU-001992,TreatmentB,B03,95.3,-60.71,153.2,12.64,161.2,-31.48,1.307,55.5,83,0.2704,1,1
NEU-001993,Control,B03,115.37,-68.77,106.0,14.68,150.5,-45.03,1.269,47.5,86,0.6521,1,1
NEU-001994,Control,B01,116.55,-51.55,288.3,9.48,157.9,-36.93,1.276,21.9,90,0.4569,0,1
NEU-001995,TreatmentA,B02,97.93,-69.29,102.0,11.99,96.5,-48.4,1.827,36.6,73,0.4159,1,0
NEU-001996,TreatmentB,B03,84.67,-64.41,180.5,10.17,71.0,-48.32,0.924,64.6,90,0.058,1,1
NEU-001997,Control,B03,122.47,-66.55,483.3,9.6,98.2,-39.11,1.277,41.1,90,0.2963,0,1
NEU-001998,Control,B03,86.8,-63.08,113.4,9.99,132.9,-50.03,1.112,45.1,92,0.3273,1,1
NEU-001999,TreatmentB,B03,114.47,-68.7,127.4,21.24,69.9,-42.44,0.883,75.6,98,0.319,1,1
NEU-002000,Control,B01,91.64,-63.96,592.2,6.8,117.9,-43.99,0.984,60.8,112,0.5187,0,0
NEU-002001,TreatmentA,B03,98.73,-57.67,204.2,9.79,107.2,-37.41,0.927,55.5,95,0.2889,1,1
NEU-002002,TreatmentB,B02,120.25,-53.24,330.6,6.62,95.3,-51.61,0.803,52.6,75,0.4796,0,0
NEU-002003,TreatmentB,B02,99.94,-64.05,203.5,10.93,72.1,-39.8,1.396,71.0,94,0.4805,1,1
NEU-002004,TreatmentB,B02,81.0,-60.03,378.5,12.63,67.6,-42.25,0.732,70.3,78,0.7472,0,0
NEU-002005,Control,B03,109.8,-68.07,119.6,4.86,100.5,-40.46,1.269,62.2,89,0.4262,1,0
NEU-002006,Control,B03,97.53,-71.67,78.6,12.74,72.8,-44.07,0.725,42.3,86,0.3819,1,1
NEU-002007,Control,B03,96.53,-62.42,156.0,17.15,138.3,-39.5,0.726,28.0,101,0.2272,0,0
NEU-002008,TreatmentA,B02,97.9,-62.87,107.9,14.6,175.1,-42.25,0.765,67.0,87,0.2985,0,1
NEU-002009,Control,B02,138.93,-61.02,246.4,16.12,108.4,-43.78,0.957,38.8,95,0.431,1,0
NEU-002010,TreatmentA,B02,105.43,-68.98,133.6,17.03,135.6,-34.56,0.711,54.4,90,0.2854,0,1
NEU-002011,Control,B03,108.87,-63.3,149.9,17.39,157.3,-38.12,1.518,13.6,88,0.3696,0,1
NEU-002012,TreatmentA,B02,94.27,-58.78,99.1,6.39,137.5,-46.46,1.228,32.0,76,0.6115,1,0
NEU-002013,TreatmentA,B02,84.03,-62.62,247.6,11.53,66.0,-42.5,0.916,12.7,81,0.4356,1,1
NEU-002014,Control,B03,117.59,-59.98,183.6,21.45,149.2,-28.65,0.783,31.5,76,0.3639,1,0
NEU-002015,TreatmentB,B03,116.03,-64.94,161.3,10.53,52.7,-38.63,1.114,53.6,87,0.3166,1,1
NEU-002016,Control,B03,103.76,-75.37,123.7,4.97,148.1,-42.31,1.073,18.5,87,0.2841,0,1
NEU-002017,TreatmentA,B02,116.68,-68.53,510.2,21.02,90.9,-47.04,1.397,36.0,95,0.2201,0,0
NEU-002018,TreatmentA,B02,104.02,-56.79,104.7,14.01,121.9,-47.47,0.787,38.6,74,0.4288,0,0
NEU-002019,Control,B03,141.72,-63.95,208.3,12.67,90.3,-43.33,0.929,39.4,82,0.2813,0,1
NEU-002020,TreatmentB,B02,93.42,-70.13,104.7,9.96,109.9,-48.97,0.79,40.2,104,0.3076,0,1
NEU-002021,TreatmentA,B01,112.18,-66.85,309.9,10.66,123.5,-42.59,0.901,39.7,84,0.4049,0,1
NEU-002022,Control,B01,102.62,-62.38,109.0,11.96,123.8,-45.73,0.983,50.7,90,0.4826,1,0
NEU-002023,TreatmentB,B01,82.93,-57.01,209.6,8.49,57.4,-45.94,0.829,72.2,83,0.3937,0,0
NEU-002024,TreatmentB,B02,74.9,-59.0,102.6,14.42,50.3,-41.32,0.878,61.9,74,0.2801,0,1
NEU-002025,TreatmentB,B01,107.97,-71.17,202.3,13.04,115.5,-41.34,1.141,79.9,76,0.3442,0,0
NEU-002026,TreatmentA,B01,98.5,-57.28,137.4,14.38,131.1,-37.99,1.093,38.1,79,0.5879,1,0
NEU-002027,Control,B01,85.84,-77.82,158.8,6.03,140.5,-46.69,1.123,42.5,80,0.3757,0,0
NEU-002028,TreatmentB,B01,88.57,-63.63,132.8,8.38,94.5,-42.14,0.713,42.5,80,0.5905,0,0
NEU-002029,TreatmentB,B01,81.18,-63.52,420.8,16.15,132.5,-34.32,1.018,51.1,72,0.5407,0,1
NEU-002030,TreatmentB,B03,115.36,-74.26,239.8,11.25,123.9,-43.93,0.745,45.7,87,0.1809,0,0
NEU-002031,TreatmentB,B02,105.69,-65.46,170.3,12.31,93.0,-39.65,0.803,46.1,82,0.492,0,1
NEU-002032,TreatmentB,B01,83.5,-68.69,152.5,5.82,28.1,-32.58,1.282,66.6,85,0.3043,1,1
NEU-002033,TreatmentB,B02,141.87,-59.74,95.2,6.99,19.3,-37.34,1.152,71.8,81,0.3479,1,1
NEU-002034,TreatmentA,B01,60.72,-66.69,174.0,11.72,97.5,-45.23,1.384,57.8,89,0.2334,1,1
NEU-002035,TreatmentA,B02,95.44,-66.85,348.1,6.17,81.8,-45.16,1.075,32.7,81,0.2241,0,1
NEU-002036,TreatmentA,B03,104.35,-63.15,263.8,11.37,97.0,-43.41,0.992,47.3,102,0.5327,0,1
NEU-002037,TreatmentA,B02,98.95,-71.46,172.8,9.89,97.9,-41.83,0.977,36.5,99,0.3726,0,0
NEU-002038,Control,B01,104.96,-73.91,333.3,14.13,161.4,-49.65,1.115,40.4,85,0.3841,0,0
NEU-002039,Control,B02,127.26,-66.43,188.1,9.49,174.8,-43.29,1.5,36.9,85,0.3552,1,1
NEU-002040,TreatmentA,B01,106.07,-52.29,367.1,15.91,143.3,-42.99,1.272,30.3,74,0.5113,0,0
NEU-002041,TreatmentB,B02,94.09,-66.16,104.4,25.21,43.0,-33.75,0.934,55.4,91,0.7236,1,1
NEU-002042,Control,B02,112.42,-68.03,335.2,21.21,116.0,-38.23,1.571,44.9,90,0.6525,1,1
NEU-002043,Control,B02,93.66,-68.25,222.5,12.77,39.6,-41.0,0.828,38.6,89,0.4812,0,1
NEU-002044,TreatmentB,B03,101.49,-72.21,156.7,11.52,62.4,-38.51,0.741,70.3,78,0.3399,1,0
NEU-002045,Control,B03,99.59,-52.01,154.3,16.57,138.5,-49.9,1.056,16.6,93,0.3408,0,0
NEU-002046,Control,B03,106.45,-54.8,207.8,13.82,113.9,-41.93,0.823,28.9,94,0.406,0,0
NEU-002047,Control,B02,108.31,-64.14,320.4,11.86,155.1,-40.59,0.75,24.8,76,0.6323,0,0
NEU-002048,TreatmentA,B03,109.37,-63.8,412.5,9.26,77.7,-41.78,1.29,47.3,69,0.3176,1,1
NEU-002049,TreatmentB,B01,122.03,-71.51,306.7,18.44,55.3,-42.99,1.111,54.3,98,0.6297,0,1
NEU-002050,Control,B01,92.75,-67.41,89.5,16.1,91.6,-44.08,0.689,54.8,83,0.2963,1,1
NEU-002051,TreatmentB,B03,88.72,-72.08,258.0,12.66,32.9,-40.5,0.993,49.4,76,0.5476,0,0
NEU-002052,Control,B03,94.83,-69.64,84.6,16.39,210.0,-40.07,1.098,57.5,96,0.1884,0,0
NEU-002053,Control,B01,106.13,-48.67,226.3,12.7,100.9,-47.12,0.886,25.1,84,0.4345,0,0
NEU-002054,Control,B02,107.96,-64.03,114.1,14.26,19.5,-33.36,0.878,53.6,74,0.4254,1,1
NEU-002055,Control,B02,140.21,-60.58,107.9,7.7,190.5,-37.46,1.227,20.9,78,0.2348,1,1
NEU-002056,Control,B03,85.42,-62.44,193.3,12.8,192.5,-41.12,1.665,47.4,77,0.4323,0,0
NEU-002057,Control,B01,63.43,-61.84,164.1,21.11,70.9,-41.53,1.239,12.3,69,0.3658,1,0
NEU-002058,TreatmentB,B02,104.49,-58.65,151.3,16.7,147.1,-36.49,0.925,50.3,94,0.2786,1,0
NEU-002059,TreatmentA,B01,78.93,-59.91,68.9,14.34,58.7,-45.07,1.382,58.8,98,0.4161,1,1
NEU-002060,TreatmentA,B03,81.97,-70.83,228.5,16.04,157.5,-47.49,1.213,58.5,87,0.4383,1,1
NEU-002061,TreatmentB,B02,87.62,-58.05,173.5,10.83,78.2,-47.66,1.339,53.4,95,0.3183,1,0
NEU-002062,TreatmentB,B03,104.72,-62.66,272.3,13.17,52.2,-46.73,1.228,45.7,99,0.5082,1,1
NEU-002063,Control,B02,110.39,-70.2,203.2,9.9,52.4,-41.59,0.855,19.0,95,0.3121,0,0
NEU-002064,TreatmentB,B01,120.51,-56.75,182.0,10.97,152.4,-41.77,0.988,48.3,81,0.2667,0,0
NEU-002065,TreatmentA,B02,84.23,-59.61,85.1,5.17,59.0,-47.43,1.097,85.1,73,0.5133,1,0
NEU-002066,TreatmentA,B03,118.84,-66.49,110.3,12.26,131.4,-45.78,0.884,50.5,92,0.6924,1,0
NEU-002067,TreatmentA,B03,124.07,-66.38,244.2,14.22,152.9,-43.94,0.639,65.4,71,0.2821,0,1
NEU-002068,TreatmentB,B02,93.99,-73.04,119.6,8.65,22.4,-49.05,1.124,49.2,103,0.5337,1,0
NEU-002069,TreatmentA,B03,96.15,-74.41,132.3,10.1,16.0,-34.63,0.902,46.7,84,0.413,1,0
NEU-002070,Control,B02,118.5,-71.78,323.0,15.45,170.9,-40.52,1.068,36.0,93,0.2851,0,0
NEU-002071,TreatmentB,B01,99.43,-66.78,312.7,13.72,31.6,-38.5,0.704,67.8,86,0.5227,0,1
NEU-002072,TreatmentA,B02,104.78,-65.63,318.0,13.18,146.0,-39.98,1.155,58.6,88,0.2059,0,1
NEU-002073,TreatmentB,B02,99.05,-75.37,137.8,18.96,84.4,-40.88,0.959,41.9,91,0.1801,0,0
NEU-002074,TreatmentA,B03,130.15,-57.37,640.9,21.13,-28.3,-49.08,0.639,61.1,94,0.2444,1,0
NEU-002075,TreatmentB,B03,96.4,-66.09,290.0,4.68,112.9,-34.72,1.853,51.2,97,0.6548,1,0
NEU-002076,TreatmentA,B01,89.05,-59.75,213.4,9.76,102.2,-44.99,0.914,18.6,72,0.4178,0,1
NEU-002077,Control,B03,80.56,-71.07,168.2,7.99,75.1,-39.03,1.161,70.9,103,0.3682,1,0
NEU-002078,Control,B02,88.6,-57.61,62.6,23.74,142.2,-34.74,0.771,37.9,79,0.7517,1,1
NEU-002079,Control,B01,82.81,-65.76,532.5,30.12,147.6,-44.24,0.537,25.3,77,0.3882,0,1
NEU-002080,TreatmentB,B03,108.75,-70.48,157.5,19.46,120.8,-47.31,1.085,78.6,82,0.4393,1,0
NEU-002081,Control,B02,115.57,-70.88,253.6,14.22,110.8,-41.96,0.747,43.1,91,0.2773,0,0
NEU-002082,Control,B03,88.91,-68.15,64.4,6.32,156.4,-44.78,0.977,45.5,72,0.4313,1,1
NEU-002083,TreatmentB,B02,100.77,-68.5,194.2,20.24,113.9,-48.6,0.777,68.5,84,0.4953,0,1
NEU-002084,TreatmentB,B01,140.45,-64.21,140.6,25.91,13.0,-47.75,1.676,48.9,78,0.3591,1,1
NEU-002085,Control,B01,98.37,-70.82,80.3,7.42,135.4,-39.47,1.684,52.0,89,0.2425,1,1
NEU-002086,TreatmentA,B01,114.65,-70.19,535.1,9.08,70.9,-36.67,0.827,50.0,98,0.6661,0,0
NEU-002087,TreatmentB,B01,100.98,-66.31,189.8,22.25,79.9,-40.46,0.841,48.7,98,0.2437,1,0
NEU-002088,Control,B03,92.86,-61.59,65.1,20.35,136.9,-39.08,1.554,30.0,78,0.5723,1,1
NEU-002089,TreatmentA,B03,119.8,-63.54,190.3,18.39,48.0,-47.05,1.16,61.9,100,0.3521,0,0
NEU-002090,Control,B03,82.04,-71.46,174.4,12.72,104.4,-50.35,1.019,42.9,83,0.6366,1,0
NEU-002091,TreatmentB,B01,127.88,-60.74,162.4,15.45,5.3,-46.0,1.532,44.7,88,0.2462,0,1
NEU-002092,TreatmentB,B03,124.65,-63.03,137.5,19.31,113.0,-49.65,0.859,62.9,110,0.5376,1,1
NEU-002093,TreatmentB,B03,100.76,-52.87,110.7,9.38,96.5,-45.56,1.453,64.8,73,0.6457,1,0
NEU-002094,TreatmentB,B02,76.13,-61.96,185.6,19.7,82.4,-41.33,1.307,60.8,76,0.2084,1,0
NEU-002095,TreatmentA,B01,110.04,-60.47,98.4,9.98,144.6,-37.39,0.887,49.8,77,0.2878,1,0
NEU-002096,TreatmentA,B03,101.97,-71.67,158.8,6.97,116.3,-39.58,2.134,69.6,85,0.4458,1,0
NEU-002097,Control,B02,86.29,-70.69,144.1,10.24,136.8,-40.63,0.887,24.6,80,0.38,0,0
NEU-002098,Control,B01,101.33,-60.92,113.0,11.95,161.3,-44.49,0.935,46.7,89,0.2592,1,0
NEU-002099,Control,B02,100.18,-72.63,154.8,5.88,152.1,-36.17,1.035,46.0,83,0.2797,1,1
NEU-002100,Control,B02,90.03,-62.62,178.5,18.68,127.8,-48.23,0.58,53.2,80,0.4707,0,1
NEU-002101,Control,B02,109.29,-53.69,386.5,14.86,162.8,-46.3,1.077,15.4,80,0.2182,0,0
NEU-002102,Control,B02,84.79,-69.14,106.1,20.13,81.5,-46.06,0.947,49.2,87,0.4826,1,1
NEU-002103,Control,B01,110.48,-66.3,202.4,13.03,110.5,-39.13,0.882,30.7,84,0.4346,0,1
NEU-002104,TreatmentB,B02,95.8,-68.56,163.8,11.12,126.1,-40.39,1.387,82.1,75,0.3328,1,0
NEU-002105,Control,B01,104.45,-68.26,77.2,13.96,144.6,-35.64,0.707,49.3,89,0.6063,1,1
NEU-002106,TreatmentB,B02,104.29,-67.66,143.4,13.22,98.1,-43.12,0.59,36.7,85,0.1591,1,1
NEU-002107,TreatmentB,B01,114.27,-69.51,255.4,11.35,106.2,-40.2,1.617,71.0,80,0.314,1,1
NEU-002108,TreatmentA,B01,78.63,-62.16,268.3,11.7,55.8,-39.29,1.177,65.8,73,0.2249,0,1
NEU-002109,Control,B01,111.62,-61.06,185.3,16.21,138.3,-45.56,0.901,46.8,63,0.2848,0,1
NEU-002110,TreatmentA,B01,105.59,-74.66,220.3,16.42,92.2,-41.23,1.114,34.3,79,0.7283,1,0
NEU-002111,TreatmentB,B01,107.87,-57.7,93.3,7.57,75.3,-42.38,0.898,76.3,84,0.6706,1,0
NEU-002112,TreatmentA,B02,99.89,-63.49,296.8,15.06,119.0,-37.1,1.185,54.4,96,0.327,1,1
NEU-002113,Control,B01,59.73,-68.25,144.0,10.79,93.5,-44.15,1.168,47.6,85,0.617,1,0
NEU-002114,TreatmentA,B01,117.97,-67.98,155.4,32.05,119.1,-34.08,1.412,34.8,89,0.477,1,1
NEU-002115,Control,B01,121.92,-61.14,128.9,12.02,23.2,-44.4,0.53,43.8,85,0.5789,0,1
NEU-002116,TreatmentA,B03,113.44,-57.77,122.8,10.24,94.9,-36.65,0.896,55.6,82,0.1065,1,1
NEU-002117,Control,B01,99.42,-67.83,137.3,17.93,118.0,-42.29,0.894,45.3,88,0.326,1,0
NEU-002118,TreatmentB,B02,108.85,-66.07,125.8,17.6,63.4,-28.1,0.984,80.5,92,0.5122,1,1
NEU-002119,TreatmentB,B01,84.59,-74.3,426.8,16.29,116.4,-40.1,0.805,78.3,81,0.3057,1,0
NEU-002120,TreatmentB,B02,78.55,-75.33,180.0,12.48,76.1,-43.67,1.639,68.3,79,0.2013,1,0
NEU-002121,Control,B03,104.2,-65.57,151.9,17.81,149.2,-42.25,1.182,40.7,96,0.6182,0,1
NEU-002122,Control,B02,125.95,-60.23,157.7,6.33,88.1,-44.06,1.432,31.1,95,0.2823,1,1
NEU-002123,Control,B02,97.43,-65.25,347.7,25.18,122.8,-43.85,0.933,6.1,80,0.6638,0,1
NEU-002124,TreatmentA,B02,103.83,-70.33,162.9,9.82,91.9,-44.43,1.043,59.1,82,0.2452,0,1
NEU-002125,Control,B03,114.61,-61.2,118.9,18.41,161.9,-37.31,1.116,44.7,93,0.2702,1,0
NEU-002126,TreatmentA,B01,98.57,-64.65,186.1,7.08,98.1,-39.09,1.337,40.3,70,0.2041,1,1
NEU-002127,Control,B03,97.87,-73.41,165.4,8.22,147.3,-50.44,0.68,50.7,74,0.3967,1,0
NEU-002128,TreatmentA,B03,132.81,-74.42,202.6,8.49,48.0,-43.76,0.946,58.0,63,0.6628,1,0
NEU-002129,Control,B01,98.02,-56.72,123.8,10.35,120.2,-38.3,0.998,3.0,110,0.3701,0,0
NEU-002130,TreatmentA,B02,90.18,-60.72,104.9,7.22,89.1,-46.07,1.167,37.0,78,0.5043,0,0
NEU-002131,TreatmentB,B01,99.39,-64.91,183.2,8.4,121.3,-44.19,1.323,53.6,96,0.3208,1,1
NEU-002132,Control,B02,106.44,-60.89,171.5,13.53,190.3,-42.37,1.315,48.2,97,0.3385,1,0
NEU-002133,Control,B02,69.99,-65.02,236.1,19.96,153.1,-44.54,0.792,16.6,92,0.3442,0,1
NEU-002134,TreatmentA,B03,117.14,-68.89,313.0,11.27,68.0,-44.1,0.819,61.9,80,0.3765,0,1
NEU-002135,TreatmentB,B03,68.34,-67.51,67.5,19.81,75.8,-47.83,1.45,35.9,93,0.4049,1,0
NEU-002136,Control,B02,97.9,-64.77,208.0,20.93,207.1,-46.36,1.495,44.3,90,0.2757,1,1
NEU-002137,TreatmentA,B01,71.33,-62.59,169.6,26.5,131.4,-36.16,0.994,28.1,79,0.284,0,1
NEU-002138,TreatmentA,B01,120.58,-67.44,376.1,20.76,139.0,-41.48,1.406,41.4,93,0.307,1,0
NEU-002139,Control,B02,120.02,-64.24,235.5,5.17,135.2,-39.2,0.719,51.4,85,0.443,0,1
NEU-002140,TreatmentA,B02,94.27,-63.43,128.4,13.89,89.2,-44.54,0.735,64.0,79,0.2168,1,1
NEU-002141,TreatmentB,B01,78.16,-62.43,169.4,21.33,76.8,-35.12,0.708,67.5,71,0.4093,1,1
NEU-002142,Control,B02,116.18,-65.38,116.2,17.05,210.9,-43.25,0.998,34.6,89,0.3055,1,1
NEU-002143,Control,B03,95.56,-55.12,125.6,6.27,128.3,-42.77,0.927,22.8,88,0.5962,0,0
NEU-002144,TreatmentA,B01,96.14,-65.6,568.9,21.38,88.8,-43.97,1.121,54.8,90,0.4445,0,1
NEU-002145,Control,B01,79.17,-66.28,320.2,9.46,139.6,-41.7,1.081,53.0,70,0.2657,0,1
NEU-002146,TreatmentB,B02,109.2,-57.05,290.8,11.29,111.2,-37.86,1.469,39.5,89,0.3259,0,0
NEU-002147,TreatmentA,B02,118.53,-69.49,169.7,24.39,137.2,-45.2,1.056,80.7,79,0.2084,1,0
NEU-002148,Control,B03,101.06,-67.48,188.3,11.94,112.5,-50.14,1.892,13.9,90,0.3765,0,1
NEU-002149,Control,B02,118.28,-61.38,213.0,14.26,17.2,-38.04,0.673,65.1,80,0.5969,0,1
NEU-002150,TreatmentB,B01,73.67,-54.34,184.3,13.33,82.9,-41.17,0.767,73.2,67,0.2701,0,0
NEU-002151,TreatmentB,B02,107.4,-70.18,315.4,14.41,101.1,-43.9,1.666,75.6,62,0.2627,0,0
NEU-002152,TreatmentB,B03,120.11,-61.29,294.7,25.32,114.9,-46.95,0.858,72.7,113,0.5596,0,1
NEU-002153,TreatmentA,B01,109.31,-62.51,174.9,18.03,105.5,-43.9,1.037,39.9,82,0.4229,0,1
NEU-002154,Control,B01,118.7,-63.02,233.2,10.45,154.2,-40.66,1.103,44.9,78,0.505,0,1
NEU-002155,TreatmentB,B03,115.03,-59.0,89.8,19.89,119.7,-51.02,0.691,57.0,87,0.6471,1,1
NEU-002156,Control,B02,85.27,-67.15,313.7,12.77,155.0,-36.17,1.299,49.0,105,0.2038,0,1
NEU-002157,TreatmentA,B01,137.92,-70.16,89.0,12.33,125.6,-43.43,1.643,55.3,85,0.3645,1,0
NEU-002158,TreatmentB,B01,106.85,-63.04,363.6,13.17,88.5,-35.84,1.292,43.3,88,0.3926,0,1
NEU-002159,Control,B01,139.5,-60.66,284.1,15.93,104.7,-34.83,0.873,42.0,87,0.1824,1,0
NEU-002160,TreatmentB,B02,108.43,-67.75,152.5,15.47,52.4,-31.89,1.015,66.6,86,0.5187,1,1
NEU-002161,TreatmentA,B01,114.15,-67.92,280.8,17.17,85.0,-31.28,0.846,34.9,99,0.4957,1,1
NEU-002162,TreatmentA,B03,97.17,-68.09,242.5,8.08,157.4,-45.87,0.928,21.4,77,0.7849,0,0
NEU-002163,TreatmentA,B01,109.06,-59.8,241.5,6.72,70.0,-43.68,1.135,57.7,94,0.2842,1,1
NEU-002164,TreatmentB,B02,87.12,-64.07,131.0,15.12,115.9,-41.13,1.15,81.0,80,0.3837,1,1
NEU-002165,TreatmentB,B03,86.15,-67.7,230.0,11.33,101.2,-36.01,1.753,58.4,68,0.5019,1,0
NEU-002166,TreatmentA,B03,94.35,-64.03,142.0,22.22,152.1,-43.31,0.53,53.7,68,0.3034,0,0
NEU-002167,TreatmentA,B02,116.01,-56.35,366.7,14.47,160.4,-40.85,1.001,34.4,80,0.316,1,0
NEU-002168,TreatmentA,B02,101.08,-69.82,65.9,31.21,166.0,-37.4,1.154,88.9,98,0.4163,1,1
NEU-002169,Control,B01,100.27,-69.41,274.6,9.69,144.6,-40.32,0.939,28.5,86,0.1645,0,1
NEU-002170,Control,B01,85.07,-71.62,290.8,10.28,132.5,-46.43,1.208,18.5,95,0.4157,0,1
NEU-002171,TreatmentB,B03,108.03,-62.05,487.5,9.93,88.7,-45.49,1.137,55.2,75,0.6605,0,0
NEU-002172,TreatmentA,B02,115.95,-71.84,289.4,12.6,165.5,-34.33,1.054,46.1,96,0.3074,1,1
NEU-002173,Control,B02,66.59,-70.99,129.4,10.67,100.4,-41.21,1.112,65.0,75,0.3297,1,1
NEU-002174,TreatmentB,B01,106.73,-74.48,173.0,18.71,124.6,-43.01,0.833,66.8,72,0.4186,1,0
NEU-002175,TreatmentA,B03,106.93,-67.86,450.6,9.74,103.1,-38.9,1.336,41.5,67,0.6481,0,0
NEU-002176,Control,B01,105.85,-61.73,200.0,17.5,93.4,-37.36,1.467,38.3,76,0.4476,1,0
NEU-002177,Control,B03,118.11,-73.08,127.7,17.75,145.3,-42.38,1.273,39.0,93,0.4486,1,0
NEU-002178,Control,B02,97.66,-61.85,123.1,24.22,125.0,-42.17,0.879,7.4,86,0.2854,0,0
NEU-002179,TreatmentA,B02,82.32,-66.84,123.2,9.78,161.7,-51.07,1.195,43.4,98,0.2282,1,1
NEU-002180,Control,B02,102.15,-68.38,142.9,15.32,188.3,-45.32,1.441,36.3,84,0.214,1,0
NEU-002181,Control,B03,60.88,-71.25,259.9,15.06,126.9,-37.55,1.208,51.2,89,0.1764,0,0
NEU-002182,Control,B01,87.21,-62.68,160.0,20.17,87.4,-47.1,1.063,36.0,89,0.3081,0,0
NEU-002183,TreatmentA,B03,94.4,-60.01,239.8,19.0,127.4,-44.47,0.793,46.1,90,0.3956,0,1
NEU-002184,TreatmentA,B01,108.36,-68.4,209.3,15.17,139.0,-43.18,1.069,40.0,90,0.3076,1,1
NEU-002185,TreatmentA,B01,111.92,-77.33,247.5,10.85,167.7,-50.62,0.996,41.4,80,0.1614,0,1
NEU-002186,TreatmentA,B03,107.61,-64.24,176.5,7.17,79.6,-35.38,1.033,64.2,81,0.257,0,1
NEU-002187,Control,B03,128.53,-67.43,142.1,11.58,109.5,-41.83,1.138,54.8,78,0.2394,0,1
NEU-002188,TreatmentA,B01,93.17,-70.26,142.6,14.34,110.6,-38.25,1.24,69.5,83,0.3739,1,0
NEU-002189,TreatmentA,B02,83.34,-62.99,103.7,6.69,146.1,-40.44,1.062,41.0,76,0.3663,1,1
NEU-002190,Control,B03,103.71,-65.6,110.0,18.28,88.1,-42.41,1.115,23.8,92,0.3196,1,1
NEU-002191,TreatmentA,B01,109.01,-63.83,223.6,8.79,130.8,-43.84,1.641,37.7,83,0.2938,0,1
NEU-002192,TreatmentB,B02,69.74,-62.9,109.3,14.02,79.3,-44.71,1.1,77.3,82,0.517,1,1
NEU-002193,Control,B01,85.89,-64.64,208.0,17.64,167.8,-44.86,1.244,25.6,81,0.5076,0,1
NEU-002194,Control,B01,95.06,-64.69,176.8,10.15,14.8,-39.79,1.044,55.8,91,0.6346,1,0
NEU-002195,TreatmentA,B03,85.25,-68.46,84.0,16.97,164.4,-38.96,0.798,41.6,89,0.618,1,1
NEU-002196,Control,B02,93.24,-63.02,160.9,20.55,98.7,-40.21,0.992,23.1,86,0.2279,0,1
NEU-002197,Control,B02,78.79,-71.0,317.1,10.09,172.3,-43.95,1.044,31.7,95,0.32,0,0
NEU-002198,Control,B02,111.43,-57.22,143.7,16.2,149.0,-41.59,0.739,39.3,73,0.3059,0,0
NEU-002199,TreatmentB,B03,85.13,-65.69,210.8,15.11,142.5,-44.27,0.934,63.3,88,0.6717,1,1
NEU-002200,TreatmentA,B01,112.13,-70.96,152.6,7.12,174.0,-41.18,0.816,41.3,83,0.4118,1,0
NEU-002201,Control,B02,98.76,-65.46,188.1,15.26,76.6,-38.28,1.066,25.4,89,0.3865,0,1
NEU-002202,Control,B02,77.8,-61.64,184.7,20.46,122.7,-36.86,1.194,22.6,97,0.5019,0,1
NEU-002203,Control,B01,118.08,-69.24,242.8,11.68,84.9,-42.93,1.238,34.6,90,0.4511,1,0
NEU-002204,TreatmentA,B03,113.57,-65.63,340.9,19.85,150.7,-40.7,0.946,38.6,90,0.6145,0,1
NEU-002205,TreatmentB,B03,132.07,-62.36,126.2,17.52,99.6,-47.83,0.982,63.8,80,0.1935,1,0
NEU-002206,Control,B02,106.03,-73.36,163.6,14.77,140.2,-42.14,0.717,16.9,86,0.2871,0,0
NEU-002207,TreatmentB,B02,110.25,-65.39,355.0,11.7,77.1,-41.67,1.026,87.5,77,0.1121,1,1
NEU-002208,Control,B01,90.09,-60.35,288.8,18.94,100.6,-44.23,1.304,31.3,103,0.2472,0,0
NEU-002209,TreatmentB,B03,105.4,-66.21,84.7,11.19,12.3,-43.81,1.171,97.7,80,0.2811,1,1
NEU-002210,Control,B03,104.03,-67.7,221.6,4.45,81.8,-46.02,1.4,34.3,80,0.2854,0,1
NEU-002211,Control,B01,82.68,-60.66,111.2,16.13,95.2,-44.9,0.865,42.2,64,0.1595,0,0
NEU-002212,Control,B02,109.49,-65.5,172.4,12.16,187.9,-41.98,2.037,39.6,87,0.3853,1,0
NEU-002213,TreatmentB,B02,116.49,-68.88,302.3,28.41,114.3,-39.14,1.081,64.9,81,0.3515,0,0
NEU-002214,Control,B01,113.27,-57.18,295.0,19.3,117.1,-43.1,1.156,61.8,78,0.4095,0,0
NEU-002215,TreatmentB,B03,80.9,-68.69,113.9,14.89,132.9,-39.63,2.035,43.8,91,0.4399,1,1
NEU-002216,Control,B03,127.63,-64.63,263.5,18.82,190.3,-40.33,1.072,52.1,85,0.276,0,0
NEU-002217,Control,B02,101.3,-58.24,331.1,11.24,78.3,-45.46,0.946,37.3,88,0.61,1,0
NEU-002218,Control,B01,87.99,-65.12,123.2,9.35,148.6,-41.22,1.397,69.4,92,0.3814,1,1
NEU-002219,TreatmentA,B03,101.32,-62.39,248.7,20.26,82.8,-44.51,0.886,64.2,84,0.4325,1,1
NEU-002220,Control,B01,108.54,-57.66,169.8,14.64,116.7,-39.7,1.511,21.6,83,0.43,1,0
NEU-002221,TreatmentA,B03,101.65,-59.16,256.5,20.45,147.0,-43.24,1.083,50.8,89,0.6238,1,1
NEU-002222,TreatmentB,B02,108.91,-72.48,168.0,23.35,50.4,-40.99,0.801,41.6,82,0.6781,0,1
NEU-002223,TreatmentB,B03,103.77,-62.69,135.9,27.77,57.0,-42.5,1.799,56.6,88,0.3601,1,1
NEU-002224,Control,B01,121.6,-61.62,210.4,12.16,125.7,-40.03,1.476,29.4,84,0.1285,0,1
NEU-002225,TreatmentB,B02,122.15,-73.19,106.3,8.03,46.1,-46.52,0.985,60.4,71,0.3405,1,0
NEU-002226,TreatmentB,B03,95.56,-66.37,138.4,18.84,117.3,-47.25,1.009,52.7,106,0.1522,1,0
NEU-002227,Control,B03,128.12,-68.21,773.7,18.95,127.8,-49.84,1.056,24.3,100,0.2843,0,0
NEU-002228,Control,B01,111.18,-67.5,213.6,12.92,126.7,-45.86,0.93,40.1,101,0.1729,0,1
NEU-002229,TreatmentA,B03,98.85,-61.94,256.9,35.31,104.0,-44.23,1.144,64.4,80,0.5038,1,1
NEU-002230,TreatmentB,B02,104.53,-70.86,75.0,9.42,102.7,-45.34,0.655,43.6,75,0.4643,1,0
NEU-002231,TreatmentA,B03,86.18,-64.75,210.5,4.87,171.0,-43.23,1.116,59.8,77,0.3847,1,1
NEU-002232,TreatmentB,B02,94.56,-60.3,444.5,30.35,68.0,-46.81,0.766,47.5,83,0.4644,0,1
NEU-002233,Control,B02,100.24,-70.01,84.2,15.29,141.3,-41.33,1.776,25.9,91,0.5211,1,0
NEU-002234,TreatmentB,B03,103.87,-68.27,89.7,19.36,80.9,-35.09,1.018,76.9,87,0.3887,1,1
NEU-002235,Control,B03,81.02,-58.94,140.2,11.81,192.0,-42.2,1.604,38.8,86,0.6132,1,0
NEU-002236,TreatmentA,B03,117.16,-62.1,111.9,12.95,93.1,-45.13,1.19,59.4,90,0.3823,0,1
NEU-002237,Control,B01,98.1,-66.15,145.0,16.84,153.1,-46.27,0.648,27.1,86,0.3299,0,0
NEU-002238,Control,B03,102.44,-68.21,181.6,14.57,185.7,-47.9,1.199,30.5,101,0.489,1,1
NEU-002239,TreatmentB,B02,113.07,-70.3,131.3,9.07,30.6,-51.34,1.581,58.0,88,0.3479,1,0
NEU-002240,TreatmentB,B02,102.48,-69.59,260.5,7.16,114.1,-40.56,0.993,47.8,96,0.5893,0,0
NEU-002241,TreatmentB,B02,116.23,-67.78,115.2,12.49,97.8,-36.91,1.165,62.5,97,0.3518,1,1
NEU-002242,TreatmentA,B01,118.52,-61.07,158.9,26.28,63.5,-41.96,0.99,28.0,79,0.5288,0,1
NEU-002243,TreatmentB,B01,118.99,-64.5,170.5,22.38,59.8,-36.66,0.576,58.5,84,0.5264,1,1
NEU-002244,TreatmentB,B01,71.2,-62.24,115.3,10.84,65.4,-42.81,1.333,65.1,82,0.3208,1,1
NEU-002245,Control,B02,93.25,-61.52,198.9,15.7,89.3,-42.04,1.621,52.6,94,0.2253,1,0
NEU-002246,TreatmentA,B02,88.81,-64.19,207.3,15.31,124.2,-40.54,0.996,41.7,91,0.6451,1,1
NEU-002247,Control,B01,119.26,-62.08,179.0,19.69,147.1,-43.57,1.148,55.1,73,0.5622,1,1
NEU-002248,TreatmentB,B03,95.28,-63.98,160.3,10.29,106.7,-39.62,1.25,59.7,82,0.5245,0,1
NEU-002249,Control,B01,124.2,-64.91,265.2,14.09,154.5,-38.69,0.732,23.9,92,0.4385,0,1
NEU-002250,TreatmentB,B02,107.43,-62.4,210.6,13.61,113.2,-45.97,0.638,40.9,92,0.5883,0,1
NEU-002251,TreatmentA,B02,128.61,-58.44,224.2,12.48,93.8,-47.79,1.637,44.9,95,0.4264,0,0
NEU-002252,TreatmentB,B01,81.74,-63.51,156.3,15.23,77.6,-34.65,1.318,59.3,79,0.6675,1,1
NEU-002253,TreatmentB,B03,82.62,-71.77,223.0,13.88,93.2,-42.38,1.115,89.2,85,0.6983,1,0
NEU-002254,TreatmentA,B03,125.61,-61.02,317.7,18.21,55.1,-46.74,1.122,41.1,93,0.4452,0,1
NEU-002255,TreatmentA,B01,100.68,-69.84,319.5,9.39,106.2,-40.1,1.922,40.8,79,0.3728,0,0
NEU-002256,Control,B02,124.78,-57.88,171.1,17.52,78.2,-43.79,1.062,32.1,98,0.4078,0,0
NEU-002257,TreatmentA,B01,98.63,-69.22,179.1,6.4,162.5,-42.0,0.904,57.4,80,0.2174,1,1
NEU-002258,TreatmentA,B02,97.7,-55.43,156.5,12.27,107.5,-44.56,1.113,30.0,88,0.4259,1,0
NEU-002259,TreatmentA,B01,114.23,-58.34,215.3,15.24,128.6,-42.95,1.293,47.6,87,0.172,0,0
NEU-002260,Control,B02,123.86,-57.26,210.5,10.25,236.8,-46.91,1.355,13.3,74,0.094,1,1
NEU-002261,TreatmentB,B01,96.46,-59.97,303.7,8.88,39.5,-43.82,2.028,66.4,78,0.3051,1,1
NEU-002262,TreatmentB,B03,107.61,-56.55,119.3,11.2,48.5,-45.1,1.021,86.4,96,0.3847,1,0
NEU-002263,TreatmentA,B02,111.44,-68.64,159.0,16.88,90.5,-38.56,1.229,40.3,87,0.1966,0,0
NEU-002264,TreatmentB,B02,96.05,-65.56,73.9,21.06,62.6,-39.56,1.407,48.5,79,0.4495,1,1
NEU-002265,Control,B01,133.4,-73.15,166.1,14.86,149.4,-45.19,1.224,24.2,89,0.228,1,0
NEU-002266,TreatmentB,B03,120.16,-65.19,160.0,15.51,99.9,-41.91,1.005,55.4,77,0.4432,0,1
NEU-002267,TreatmentB,B03,94.53,-61.63,210.6,25.37,85.5,-40.72,1.603,54.2,94,0.5017,0,1
NEU-002268,TreatmentA,B01,82.95,-66.63,197.1,24.16,94.5,-46.96,1.502,50.1,107,0.4535,0,1
NEU-002269,Control,B03,80.94,-61.22,118.3,9.65,118.6,-44.23,0.923,38.6,100,0.1159,1,1
NEU-002270,TreatmentB,B02,97.08,-59.51,340.1,11.77,6.0,-37.39,0.879,58.9,89,0.5525,0,0
NEU-002271,TreatmentB,B02,99.71,-62.14,136.2,11.17,19.6,-38.62,0.971,50.3,82,0.4102,1,1
NEU-002272,Control,B03,104.31,-59.86,452.7,10.69,77.8,-40.9,1.456,26.5,95,0.7889,0,0
NEU-002273,Control,B03,95.24,-61.92,187.0,17.23,148.0,-40.54,0.428,29.3,85,0.2314,0,0
NEU-002274,TreatmentB,B01,98.35,-66.86,145.5,15.41,26.1,-46.63,0.692,55.8,78,0.1785,1,1
NEU-002275,TreatmentA,B01,102.41,-56.92,408.8,12.32,121.1,-43.61,0.77,43.0,85,0.202,0,0
NEU-002276,TreatmentB,B01,96.22,-64.13,130.8,17.47,84.7,-37.75,1.189,11.0,78,0.3413,0,1
NEU-002277,TreatmentA,B02,119.64,-61.9,107.2,12.61,155.5,-43.52,1.068,44.6,82,0.3465,1,1
NEU-002278,Control,B02,96.64,-77.42,133.7,20.73,166.0,-36.39,1.129,31.9,78,0.3348,0,0
NEU-002279,Control,B02,123.16,-58.83,156.7,15.88,201.1,-43.14,0.982,31.9,85,0.3867,1,0
NEU-002280,Control,B01,74.26,-69.7,232.3,11.06,119.3,-51.29,0.785,66.1,82,0.4502,1,0
NEU-002281,Control,B02,79.49,-57.9,202.6,19.7,132.5,-45.4,0.627,19.5,85,0.482,0,0
NEU-002282,TreatmentB,B01,110.94,-49.59,110.2,13.88,60.7,-44.75,1.901,53.0,84,0.2934,1,0
NEU-002283,TreatmentB,B01,54.36,-57.84,188.0,11.37,115.7,-43.46,1.156,18.0,87,0.3288,0,0
NEU-002284,TreatmentB,B01,110.37,-61.2,279.9,12.46,35.6,-41.2,1.145,67.6,92,0.5138,1,1
NEU-002285,Control,B01,79.99,-57.64,99.9,11.86,99.6,-43.04,1.161,28.7,103,0.2227,1,1
NEU-002286,TreatmentA,B03,100.7,-62.5,192.9,16.54,91.6,-38.93,0.693,20.9,82,0.6857,0,1
NEU-002287,Control,B02,94.6,-62.02,424.9,10.72,168.3,-44.16,1.228,29.5,111,0.4407,0,0
NEU-002288,Control,B02,111.12,-81.44,199.7,24.86,109.2,-44.33,0.848,54.9,82,0.2013,0,0
NEU-002289,Control,B01,116.65,-67.16,303.1,14.4,151.8,-41.46,0.908,43.4,88,0.2448,1,0
NEU-002290,Control,B03,92.97,-70.49,128.2,8.14,140.3,-40.48,1.203,48.5,89,0.3604,1,0
NEU-002291,Control,B01,125.98,-66.54,175.6,9.62,108.1,-40.62,0.966,33.3,113,0.4256,0,0
NEU-002292,TreatmentA,B02,93.29,-63.7,294.8,9.35,149.1,-48.28,1.077,28.5,89,0.4255,0,1
NEU-002293,TreatmentB,B01,97.46,-69.55,195.8,6.38,96.8,-41.29,0.732,75.4,96,0.5088,1,0
NEU-002294,TreatmentB,B02,107.23,-60.29,197.9,10.37,72.3,-39.75,1.629,69.3,89,0.424,1,0
NEU-002295,TreatmentB,B01,81.72,-60.21,191.8,13.57,171.5,-32.84,1.0,61.2,73,0.4817,1,1
NEU-002296,TreatmentA,B02,105.37,-66.58,199.0,11.16,137.6,-45.38,0.652,42.3,90,0.3136,0,1
NEU-002297,TreatmentB,B01,74.61,-59.24,265.5,13.04,82.3,-45.59,0.829,53.7,80,0.3729,1,0
NEU-002298,Control,B03,98.18,-62.27,138.3,12.23,189.2,-39.47,0.864,28.5,75,0.237,0,1
NEU-002299,TreatmentB,B02,83.77,-70.45,147.2,21.47,36.2,-36.43,0.933,59.0,82,0.3253,1,1
NEU-002300,TreatmentB,B03,101.67,-72.1,231.1,6.83,91.1,-37.11,0.986,57.5,95,0.2958,0,1
NEU-002301,TreatmentA,B03,88.02,-68.59,180.5,12.85,87.5,-42.03,1.301,52.7,81,0.2692,1,1
NEU-002302,Control,B01,71.56,-66.79,201.6,27.08,178.0,-48.33,1.573,44.7,95,0.4772,1,1
NEU-002303,Control,B01,98.31,-67.09,151.5,9.45,97.2,-40.39,1.196,36.6,94,0.4446,1,0
NEU-002304,Control,B01,92.55,-61.49,64.0,16.09,134.1,-41.51,0.832,22.1,83,0.2194,0,0
NEU-002305,Control,B03,135.26,-61.97,225.5,6.1,148.7,-43.02,0.48,40.7,80,0.4576,0,0
NEU-002306,TreatmentB,B02,101.11,-74.16,78.7,35.79,72.9,-42.91,1.26,57.8,84,0.224,1,0
NEU-002307,TreatmentB,B01,70.57,-67.27,243.4,19.46,137.7,-44.7,0.927,58.2,84,0.4416,0,1
NEU-002308,Control,B01,127.47,-79.76,310.9,12.72,166.8,-42.8,0.584,49.9,103,0.1649,0,0
NEU-002309,Control,B02,107.11,-73.99,177.9,17.73,108.4,-32.11,1.187,49.4,82,0.3981,0,0
NEU-002310,TreatmentB,B02,110.66,-70.92,174.6,8.75,119.4,-44.62,1.062,38.6,83,0.3076,0,1
NEU-002311,TreatmentA,B01,91.37,-71.58,492.7,14.21,66.5,-36.52,1.339,57.3,75,0.2969,1,0
NEU-002312,TreatmentA,B03,99.75,-65.24,215.0,20.0,134.9,-41.2,1.477,60.4,81,0.4763,1,1
NEU-002313,Control,B02,107.86,-62.7,272.4,12.07,158.3,-50.02,1.222,51.0,82,0.4151,1,1
NEU-002314,TreatmentA,B01,122.61,-74.59,158.5,14.59,79.5,-39.66,1.006,57.4,81,0.6474,1,0
NEU-002315,TreatmentB,B03,124.71,-65.83,427.8,9.95,22.4,-37.07,0.854,66.6,92,0.4541,0,0
NEU-002316,TreatmentA,B03,91.32,-68.97,380.4,41.5,76.0,-39.51,1.255,23.8,86,0.3009,0,0
NEU-002317,TreatmentA,B02,115.3,-60.78,394.7,10.46,138.1,-40.79,0.957,36.9,86,0.168,0,1
NEU-002318,TreatmentA,B02,83.64,-64.59,205.8,8.52,90.9,-36.32,1.023,59.2,93,0.3598,1,1
NEU-002319,TreatmentB,B03,87.75,-72.26,137.0,16.72,20.9,-49.32,1.136,64.7,93,0.7473,1,1
NEU-002320,TreatmentB,B01,120.99,-67.64,140.1,9.43,50.7,-42.51,1.389,64.5,76,0.3223,1,1
NEU-002321,TreatmentA,B03,103.39,-60.12,153.5,10.99,63.5,-39.66,0.998,60.0,87,0.5587,1,0
NEU-002322,Control,B02,104.43,-68.61,183.4,26.29,85.2,-40.18,0.658,35.4,94,0.4698,0,0
NEU-002323,Control,B01,119.06,-67.28,251.9,14.48,145.3,-40.71,0.869,15.0,98,0.3722,0,1
NEU-002324,TreatmentB,B01,80.86,-71.39,110.3,10.96,92.3,-45.53,1.055,75.3,88,0.602,1,0
NEU-002325,TreatmentB,B01,112.53,-75.8,139.1,23.18,76.0,-36.5,1.102,49.0,75,0.3287,1,0
NEU-002326,TreatmentA,B01,76.01,-65.86,125.8,11.92,73.6,-39.84,1.462,42.2,82,0.1822,1,1
NEU-002327,Control,B02,78.98,-68.93,214.1,10.51,107.2,-44.4,1.558,33.9,88,0.3901,0,1
NEU-002328,Control,B02,92.32,-70.45,88.8,11.9,157.4,-46.16,1.148,43.1,102,0.2906,1,0
NEU-002329,TreatmentA,B02,119.01,-67.72,312.9,13.65,96.6,-49.47,1.306,37.2,105,0.2699,0,0
NEU-002330,Control,B03,117.83,-62.66,76.3,13.64,245.4,-49.31,1.383,41.7,96,0.4917,1,1
NEU-002331,Control,B01,114.31,-79.05,83.2,13.55,146.8,-41.07,1.0,10.8,100,0.3348,0,0
NEU-002332,TreatmentB,B01,128.96,-76.28,205.8,13.95,51.5,-37.36,1.126,72.8,72,0.1195,1,0
NEU-002333,Control,B01,101.11,-58.58,163.3,14.97,190.1,-38.83,1.069,57.8,70,0.3539,1,1
NEU-002334,TreatmentB,B01,90.21,-71.68,212.9,9.87,67.6,-41.77,0.66,55.3,76,0.3749,0,0
NEU-002335,TreatmentB,B01,103.84,-66.52,119.3,5.64,81.7,-46.22,1.412,89.2,79,0.6531,1,0
NEU-002336,Control,B03,101.65,-63.2,190.1,6.75,119.8,-44.82,0.931,14.1,98,0.1394,0,1
NEU-002337,TreatmentB,B01,98.01,-56.7,184.1,9.58,60.0,-40.63,1.328,68.0,75,0.2166,0,1
NEU-002338,TreatmentB,B01,99.64,-63.3,348.0,11.84,70.5,-40.7,1.358,47.2,105,0.667,0,1
NEU-002339,TreatmentA,B01,115.19,-62.69,171.0,16.26,83.0,-42.37,1.017,50.9,88,0.6893,1,1
NEU-002340,TreatmentB,B02,110.4,-50.05,174.6,10.59,86.0,-43.43,0.766,86.1,83,0.3168,0,1
NEU-002341,TreatmentB,B02,93.42,-63.63,242.1,8.34,71.8,-45.27,1.132,77.4,88,0.5033,1,1
NEU-002342,Control,B01,122.2,-69.54,151.7,12.51,169.4,-53.29,1.271,44.9,73,0.4349,1,0
NEU-002343,TreatmentB,B01,87.6,-70.0,168.2,12.84,42.8,-42.19,1.565,46.2,83,0.4535,1,1
NEU-002344,TreatmentB,B02,122.91,-72.51,296.1,10.92,72.6,-45.92,0.949,40.2,79,0.4444,1,0
NEU-002345,TreatmentA,B02,97.49,-71.62,147.5,5.81,149.8,-42.86,0.971,32.5,74,0.5018,1,0
NEU-002346,TreatmentA,B03,114.81,-64.26,182.4,9.06,101.9,-41.77,1.195,38.7,83,0.5402,0,0
NEU-002347,Control,B01,106.03,-63.57,407.6,16.65,114.0,-42.4,0.752,40.8,72,0.6139,0,1
NEU-002348,Control,B03,84.74,-59.99,156.8,12.32,139.8,-43.74,1.112,27.9,87,0.4839,0,0
NEU-002349,Control,B01,80.22,-71.01,208.3,15.52,132.9,-46.21,0.737,41.0,95,0.294,0,0
NEU-002350,Control,B01,112.94,-69.86,123.8,25.77,156.3,-45.93,1.965,5.2,86,0.3575,1,1
NEU-002351,TreatmentB,B03,104.36,-53.67,186.0,11.38,92.2,-37.3,1.47,59.3,81,0.4993,0,0
NEU-002352,TreatmentA,B02,113.68,-72.58,143.8,10.73,69.4,-42.58,1.1,37.6,97,0.2967,1,0
NEU-002353,Control,B02,120.59,-67.89,138.1,13.88,81.4,-37.32,0.894,43.5,78,0.2622,0,0
NEU-002354,TreatmentB,B03,88.82,-63.93,235.0,14.45,140.6,-47.07,1.487,61.1,100,0.3386,1,1
NEU-002355,TreatmentA,B01,111.33,-70.44,213.2,7.98,117.3,-36.85,1.317,47.7,71,0.2778,1,1
NEU-002356,Control,B01,102.52,-67.71,942.3,20.74,67.7,-39.56,1.144,37.2,82,0.4197,0,0
NEU-002357,Control,B03,96.06,-63.3,199.5,19.56,215.9,-41.17,1.119,49.2,80,0.4306,0,1
NEU-002358,TreatmentB,B03,78.92,-71.42,243.7,11.38,99.9,-33.06,0.85,85.1,95,0.3997,1,1
NEU-002359,TreatmentA,B03,101.46,-57.97,214.8,11.11,61.9,-38.58,2.22,32.0,63,0.4846,1,0
NEU-002360,TreatmentA,B01,119.25,-65.81,216.3,11.22,71.9,-36.19,0.772,47.4,86,0.4499,0,1
NEU-002361,Control,B01,110.16,-68.75,137.4,11.51,161.8,-45.55,1.27,24.2,84,0.539,0,1
NEU-002362,TreatmentA,B03,71.43,-58.35,222.0,15.62,100.5,-41.78,0.8,54.8,93,0.2773,0,0
NEU-002363,Control,B03,116.75,-77.4,166.6,14.39,102.0,-46.63,1.027,33.9,65,0.5878,0,0
NEU-002364,TreatmentB,B01,98.95,-63.54,70.6,21.2,70.0,-38.97,0.66,40.1,96,0.4746,0,1
NEU-002365,TreatmentA,B01,123.2,-67.3,531.3,36.44,148.2,-36.23,0.739,42.4,78,0.5117,0,1
NEU-002366,TreatmentB,B01,115.17,-64.7,184.4,20.48,69.8,-44.41,0.503,66.9,86,0.3714,1,0
NEU-002367,TreatmentB,B01,112.36,-59.4,124.5,16.34,73.3,-38.56,1.025,47.3,100,0.5287,0,1
NEU-002368,TreatmentB,B02,113.96,-62.4,226.2,13.53,167.2,-43.44,0.748,65.7,71,0.1571,0,1
NEU-002369,TreatmentB,B03,97.79,-68.82,304.5,8.13,97.1,-38.93,1.759,60.2,99,0.2614,1,1
NEU-002370,TreatmentA,B02,85.2,-57.87,178.6,8.74,133.8,-41.79,1.25,31.7,103,0.5053,0,0
NEU-002371,TreatmentB,B02,109.44,-66.28,130.9,24.22,99.7,-40.13,2.004,45.8,91,0.538,1,1
NEU-002372,TreatmentB,B01,121.22,-61.77,111.8,12.9,37.1,-47.8,1.007,82.9,86,0.2991,1,0
NEU-002373,TreatmentA,B02,90.2,-55.77,435.6,12.94,28.0,-42.19,1.353,53.6,73,0.6244,0,0
NEU-002374,TreatmentB,B03,77.84,-65.62,354.4,11.42,104.5,-41.14,1.529,72.4,84,0.3782,1,1
NEU-002375,Control,B02,97.22,-60.87,152.5,12.63,172.9,-42.34,1.611,15.9,72,0.5099,1,0
NEU-002376,Control,B03,129.83,-55.76,203.0,11.58,87.7,-42.78,0.93,40.2,92,0.3671,0,0
NEU-002377,TreatmentB,B02,118.9,-63.15,164.4,13.8,84.4,-44.01,1.272,60.1,92,0.2467,1,0
NEU-002378,Control,B01,106.25,-63.8,143.7,32.54,105.6,-42.44,0.658,19.2,81,0.625,0,1
NEU-002379,Control,B02,94.41,-60.54,128.0,11.08,45.3,-42.14,1.119,12.3,83,0.4253,0,0
NEU-002380,TreatmentA,B03,126.16,-73.94,264.9,6.03,137.2,-42.28,0.831,57.9,86,0.4062,0,0
NEU-002381,Control,B03,103.16,-71.45,100.7,24.44,120.4,-40.24,0.935,54.0,108,0.4605,1,0
NEU-002382,TreatmentB,B03,133.51,-58.12,117.2,13.37,139.2,-35.13,1.623,64.7,82,0.3066,1,0
NEU-002383,TreatmentA,B03,112.63,-66.11,309.6,12.46,79.2,-42.64,1.196,54.7,71,0.161,0,1
NEU-002384,TreatmentA,B02,87.59,-64.58,278.9,7.2,110.4,-41.55,1.739,49.1,76,0.2603,0,1
NEU-002385,TreatmentB,B01,85.49,-55.98,154.5,17.61,138.4,-42.39,0.789,87.8,73,0.4803,1,1
NEU-002386,Control,B02,93.29,-62.18,108.8,11.95,115.5,-39.49,1.2,54.4,96,0.1367,1,1
NEU-002387,Control,B03,117.26,-67.58,216.4,8.81,119.4,-42.82,1.194,61.6,77,0.4793,0,0
NEU-002388,TreatmentA,B01,118.78,-60.85,104.4,8.56,179.7,-38.56,1.268,56.1,89,0.5491,0,0
NEU-002389,Control,B02,75.91,-65.25,134.6,6.37,117.6,-40.37,0.798,39.3,88,0.3182,0,1
NEU-002390,TreatmentA,B01,95.22,-75.47,223.5,12.14,110.0,-38.67,0.521,56.0,88,0.3871,0,0
NEU-002391,Control,B03,122.63,-71.2,123.3,14.92,182.7,-38.24,0.858,47.5,95,0.5589,1,1
NEU-002392,Control,B02,108.96,-60.61,97.3,10.26,147.3,-42.38,0.713,35.5,85,0.3099,1,1
NEU-002393,TreatmentB,B03,113.03,-68.58,585.1,32.94,98.4,-38.85,0.706,54.8,91,0.5465,0,1
NEU-002394,TreatmentA,B01,91.78,-65.87,134.2,11.77,138.7,-47.4,1.075,67.3,77,0.167,1,1
NEU-002395,TreatmentA,B01,74.87,-65.57,168.0,6.36,47.4,-43.16,1.056,52.8,86,0.2246,0,1
NEU-002396,Control,B02,100.06,-74.72,430.6,20.81,101.2,-42.14,1.152,52.4,92,0.2981,0,0
NEU-002397,TreatmentB,B03,78.94,-68.3,127.4,23.66,83.9,-43.27,2.159,53.2,82,0.2575,1,0
NEU-002398,TreatmentA,B01,110.41,-60.92,194.3,10.1,56.1,-45.21,0.999,51.4,98,0.2909,0,1
NEU-002399,Control,B01,78.12,-67.32,383.8,23.38,198.4,-33.3,1.377,14.7,91,0.4745,0,1
NEU-002400,TreatmentA,B01,102.57,-68.95,208.2,12.97,121.5,-39.3,0.794,47.9,85,0.2957,0,1
NEU-002401,TreatmentA,B02,87.67,-63.83,296.6,13.45,88.3,-35.19,0.895,43.9,80,0.5324,0,0
NEU-002402,TreatmentA,B01,106.86,-63.53,229.4,12.02,127.7,-40.75,1.318,21.3,109,0.5577,0,0
NEU-002403,TreatmentB,B02,125.86,-67.48,326.3,22.62,96.4,-40.0,1.301,76.3,98,0.4974,1,1
NEU-002404,TreatmentA,B01,107.37,-72.27,101.8,24.62,84.2,-44.05,1.785,27.8,103,0.5958,0,1
NEU-002405,Control,B01,72.66,-65.73,170.3,13.14,156.4,-33.74,0.754,42.3,84,0.4989,0,0
NEU-002406,TreatmentB,B01,107.69,-61.7,345.7,20.28,66.6,-40.18,1.916,86.0,82,0.2468,1,1
NEU-002407,Control,B01,133.37,-61.03,193.1,12.12,101.5,-41.64,1.011,55.9,85,0.3348,1,1
NEU-002408,Control,B02,110.76,-64.41,141.9,13.15,102.8,-44.21,1.304,26.7,95,0.4817,0,1
NEU-002409,Control,B02,99.67,-60.37,45.9,11.14,149.5,-42.48,1.156,50.4,99,0.2589,0,1
NEU-002410,Control,B02,77.69,-69.42,325.9,16.67,72.8,-42.91,0.979,25.6,88,0.3117,0,0
NEU-002411,TreatmentB,B03,112.33,-62.93,142.4,20.94,62.2,-48.92,0.648,59.2,111,0.4951,0,1
NEU-002412,Control,B03,96.23,-72.78,263.1,14.25,228.5,-45.14,0.985,30.6,101,0.4026,0,0
NEU-002413,Control,B01,99.43,-69.99,126.3,24.28,175.0,-41.59,1.103,46.9,91,0.2238,1,0
NEU-002414,Control,B02,107.77,-61.78,167.6,19.96,61.1,-37.27,1.492,34.2,91,0.2013,0,0
NEU-002415,Control,B02,108.16,-67.16,131.3,12.43,90.4,-33.57,0.787,23.5,81,0.4971,0,1
NEU-002416,TreatmentA,B03,122.85,-64.34,209.3,9.82,175.4,-40.97,0.721,55.5,70,0.545,1,1
NEU-002417,TreatmentA,B01,123.51,-61.99,197.7,11.67,49.6,-46.39,1.128,56.3,94,0.2029,1,1
NEU-002418,TreatmentA,B03,103.68,-66.94,122.6,4.59,67.9,-40.84,1.392,32.8,87,0.102,1,1
NEU-002419,TreatmentB,B02,91.89,-68.7,420.4,16.15,143.6,-44.45,1.194,62.1,87,0.1277,0,0
NEU-002420,TreatmentB,B02,117.34,-70.18,76.6,17.16,90.1,-37.81,1.154,68.0,83,0.2253,0,1
NEU-002421,TreatmentB,B02,101.44,-59.94,218.4,7.35,9.0,-33.92,0.864,54.9,80,0.3089,0,1
NEU-002422,Control,B02,108.78,-68.09,152.6,18.19,127.8,-34.52,0.9,32.7,84,0.5709,0,1
NEU-002423,Control,B01,82.65,-60.9,297.6,7.24,130.3,-36.75,1.227,31.5,81,0.2552,0,1
NEU-002424,TreatmentB,B03,95.9,-72.6,290.5,9.15,89.4,-39.2,1.532,63.8,85,0.1766,0,0
NEU-002425,TreatmentA,B03,95.14,-69.34,114.5,16.49,179.0,-48.83,0.78,90.3,95,0.1886,1,0
NEU-002426,TreatmentA,B03,109.68,-67.83,237.9,13.12,117.9,-38.55,0.774,56.6,83,0.3433,0,1
NEU-002427,Control,B03,115.53,-69.27,211.5,10.63,154.9,-49.41,0.784,39.0,70,0.4601,1,1
NEU-002428,Control,B03,124.55,-70.19,65.3,12.02,208.4,-46.61,0.909,12.2,94,0.6103,0,0
NEU-002429,Control,B02,82.65,-70.08,255.0,23.21,106.1,-42.54,1.642,15.0,78,0.2674,0,0
NEU-002430,TreatmentA,B01,91.02,-75.21,120.9,12.4,133.4,-40.19,1.44,26.4,79,0.4463,0,0
NEU-002431,TreatmentA,B03,101.41,-67.2,209.8,9.49,143.1,-43.89,1.098,51.3,99,0.4244,1,1
NEU-002432,TreatmentB,B01,103.79,-68.62,107.7,11.06,17.4,-40.84,1.651,45.7,85,0.5708,1,1
NEU-002433,TreatmentA,B02,87.22,-57.63,135.8,27.94,170.3,-40.92,0.864,79.1,81,0.3148,1,0
NEU-002434,Control,B02,92.48,-59.09,159.7,13.39,134.4,-43.44,0.988,39.8,78,0.6818,0,1
NEU-002435,TreatmentA,B03,105.14,-70.31,116.3,15.82,115.9,-44.49,1.454,62.8,82,0.3857,1,0
NEU-002436,TreatmentB,B03,84.93,-72.28,109.1,20.47,57.8,-39.28,0.997,84.3,70,0.5152,1,1
NEU-002437,TreatmentA,B02,84.82,-61.82,128.3,12.59,79.4,-34.81,0.836,57.7,73,0.3555,1,1
NEU-002438,TreatmentA,B01,91.33,-68.83,80.1,33.63,120.7,-35.53,1.112,45.6,94,0.5499,1,1
NEU-002439,Control,B01,98.88,-75.78,277.9,7.29,112.3,-39.96,1.61,36.5,74,0.2728,1,1
NEU-002440,TreatmentA,B01,95.61,-67.08,179.1,10.3,88.3,-41.68,1.135,44.5,122,0.5389,1,0
NEU-002441,Control,B01,94.76,-67.46,160.5,11.05,117.3,-41.43,1.278,69.1,78,0.4855,0,0
NEU-002442,TreatmentB,B02,95.34,-61.81,132.7,24.32,54.1,-41.56,0.9,54.9,92,0.3549,1,1
NEU-002443,TreatmentB,B03,73.18,-65.24,340.9,17.95,48.8,-42.36,0.989,67.3,100,0.4328,1,1
NEU-002444,Control,B02,101.63,-60.98,174.8,9.72,114.7,-38.42,0.96,29.0,88,0.3997,0,1
NEU-002445,TreatmentA,B03,119.4,-63.88,256.5,8.72,47.2,-38.57,1.737,61.0,81,0.542,1,1
NEU-002446,TreatmentB,B03,87.65,-70.18,90.6,8.66,97.6,-32.38,1.055,55.6,110,0.0796,1,1
NEU-002447,TreatmentB,B02,103.2,-68.75,173.9,11.83,91.9,-38.63,0.966,49.1,87,0.4966,0,0
NEU-002448,Control,B03,82.23,-61.93,323.2,15.23,150.4,-43.46,1.037,37.0,78,0.3945,0,1
NEU-002449,TreatmentB,B03,96.65,-52.49,167.7,13.55,62.3,-42.73,0.862,35.5,97,0.5853,0,0
NEU-002450,TreatmentA,B01,103.84,-67.75,126.2,8.47,119.5,-43.56,1.224,45.0,92,0.4172,1,0
NEU-002451,TreatmentA,B02,130.74,-59.99,129.4,9.1,64.4,-43.02,0.481,64.8,81,0.6295,0,0
NEU-002452,Control,B02,81.46,-76.18,249.1,12.09,133.6,-42.72,0.964,69.1,108,0.6265,1,0
NEU-002453,TreatmentA,B02,82.74,-68.79,216.4,20.41,114.6,-41.9,2.017,67.7,95,0.184,1,0
NEU-002454,TreatmentA,B02,101.76,-63.62,152.1,11.3,56.3,-49.63,0.795,46.7,93,0.3559,0,1
NEU-002455,TreatmentA,B01,99.7,-68.83,112.3,11.4,69.8,-39.34,0.779,34.1,98,0.2827,0,1
NEU-002456,Control,B02,95.15,-64.08,172.9,19.5,122.7,-38.07,1.809,55.6,84,0.3947,1,1
NEU-002457,Control,B03,101.69,-64.92,128.0,18.47,168.3,-44.55,1.205,22.8,94,0.4492,0,1
NEU-002458,Control,B03,98.24,-56.29,353.8,17.5,93.4,-39.67,1.181,41.6,88,0.268,0,0
NEU-002459,TreatmentB,B03,91.95,-73.7,186.6,9.78,8.3,-41.63,1.335,69.3,78,0.6462,1,0
NEU-002460,Control,B03,120.98,-60.08,53.2,18.39,165.0,-38.88,0.964,25.7,99,0.4884,0,1
NEU-002461,Control,B01,91.49,-65.23,304.8,29.58,148.2,-40.69,1.365,39.7,104,0.4757,0,1
NEU-002462,TreatmentB,B01,110.6,-64.01,145.2,9.99,44.5,-43.56,1.031,63.2,82,0.5205,1,0
NEU-002463,TreatmentB,B02,100.27,-64.82,199.1,7.88,72.2,-43.03,0.99,73.8,83,0.27,1,1
NEU-002464,TreatmentB,B03,120.84,-59.13,192.9,27.82,32.4,-39.56,1.256,50.7,88,0.3116,1,0
NEU-002465,Control,B01,88.36,-59.34,235.6,8.99,84.9,-40.64,1.022,34.2,88,0.5181,0,0
NEU-002466,TreatmentA,B02,85.44,-53.52,236.0,13.04,176.5,-44.8,1.162,15.0,77,0.3247,0,0
NEU-002467,TreatmentA,B01,119.05,-60.22,109.3,9.75,129.0,-35.51,1.669,48.4,90,0.4697,1,0
NEU-002468,TreatmentA,B03,113.18,-65.16,254.8,13.91,160.2,-47.6,0.667,59.9,83,0.3659,1,1
NEU-002469,TreatmentB,B02,86.72,-64.65,282.2,16.51,165.0,-42.84,1.021,51.5,83,0.1529,0,0
NEU-002470,TreatmentA,B01,137.43,-59.24,305.6,14.4,101.2,-38.38,0.75,37.4,87,0.2737,0,1
NEU-002471,TreatmentA,B03,89.5,-66.35,61.2,11.63,88.2,-39.56,0.97,45.4,98,0.511,1,0
NEU-002472,TreatmentB,B01,109.9,-63.93,382.6,22.8,86.7,-37.23,1.145,58.5,90,0.756,1,1
NEU-002473,Control,B03,100.99,-65.42,225.8,37.36,115.2,-44.97,0.819,21.4,98,0.3198,0,0
NEU-002474,TreatmentB,B03,102.46,-53.98,128.4,20.79,31.9,-44.57,2.316,54.1,81,0.7409,1,1
NEU-002475,TreatmentB,B02,83.46,-62.0,396.3,14.52,108.7,-47.85,1.056,75.1,87,0.2721,1,0
NEU-002476,Control,B02,116.47,-57.92,126.4,18.4,161.6,-33.96,0.871,49.0,87,0.2632,1,0
NEU-002477,TreatmentB,B03,67.83,-68.87,149.2,19.4,73.1,-39.83,1.15,67.0,82,0.2398,1,0
NEU-002478,Control,B03,84.27,-68.13,358.5,8.55,124.3,-38.37,1.192,31.5,83,0.3356,0,1
NEU-002479,Control,B02,113.83,-73.96,348.9,12.87,155.2,-38.47,1.116,21.8,81,0.4617,0,0
NEU-002480,TreatmentB,B02,100.09,-60.95,175.8,32.29,14.2,-41.0,1.693,74.0,96,0.5968,1,1
NEU-002481,TreatmentA,B03,123.71,-60.65,169.4,15.92,150.8,-45.51,1.288,48.8,89,0.4025,1,1
NEU-002482,TreatmentB,B03,89.02,-70.22,92.1,13.95,166.4,-39.95,1.272,37.2,92,0.4244,1,1
NEU-002483,Control,B03,110.43,-68.33,354.4,7.84,101.1,-38.96,0.971,15.1,91,0.4456,0,0
NEU-002484,TreatmentB,B01,119.38,-59.03,170.3,14.67,56.2,-31.61,1.442,71.5,98,0.3603,1,0
NEU-002485,TreatmentA,B02,106.12,-61.26,207.3,11.77,116.2,-45.1,1.09,59.2,88,0.3171,1,0
NEU-002486,Control,B01,73.61,-49.48,171.4,6.56,131.7,-41.89,0.692,37.2,85,0.2033,0,1
NEU-002487,TreatmentB,B02,116.63,-57.69,203.8,22.75,140.1,-37.39,1.457,76.4,77,0.4636,1,0
NEU-002488,TreatmentA,B02,95.85,-65.3,217.5,7.0,120.0,-39.97,0.689,46.6,95,0.3215,0,1
NEU-002489,TreatmentB,B03,94.15,-55.89,185.7,17.49,35.1,-36.8,1.827,29.4,76,0.3394,1,0
NEU-002490,Control,B01,81.71,-68.55,276.8,9.95,92.9,-46.52,1.181,36.6,85,0.4256,0,1
NEU-002491,Control,B02,110.48,-67.87,268.4,7.15,123.9,-41.72,1.329,20.6,75,0.5709,0,0
NEU-002492,TreatmentB,B01,93.9,-60.26,247.1,22.57,42.0,-43.33,0.923,64.5,90,0.066,1,0
NEU-002493,TreatmentB,B03,93.52,-59.95,144.4,7.01,46.9,-39.61,1.286,72.9,73,0.2876,1,1
NEU-002494,TreatmentB,B01,101.64,-68.35,120.1,20.49,68.6,-38.16,1.687,53.7,92,0.4292,1,0
NEU-002495,Control,B03,110.87,-57.64,129.7,8.76,166.1,-38.0,1.218,35.3,84,0.2051,0,1
NEU-002496,Control,B02,98.83,-62.32,283.4,11.99,134.6,-41.14,1.01,37.0,85,0.441,0,1
NEU-002497,Control,B03,108.7,-55.31,180.8,17.36,178.8,-46.57,0.838,48.0,84,0.3274,1,0
NEU-002498,Control,B03,75.12,-53.72,405.1,8.55,154.5,-37.14,1.468,26.8,76,0.3808,0,0
NEU-002499,TreatmentA,B01,86.03,-65.09,176.0,20.77,73.5,-41.1,1.162,19.2,92,0.5513,0,1
NEU-002500,Control,B01,119.67,-71.84,183.5,19.49,88.3,-35.67,0.834,26.9,71,0.3751,0,0
NEU-002501,Control,B01,92.59,-63.19,105.8,18.17,151.0,-39.41,0.818,36.1,83,0.2409,0,0
NEU-002502,TreatmentA,B01,123.84,-72.15,163.7,15.44,125.6,-38.05,1.096,51.7,101,0.1795,0,0
NEU-002503,TreatmentA,B03,98.92,-64.03,150.1,20.8,77.3,-42.56,0.707,46.7,71,0.3313,0,1
NEU-002504,TreatmentA,B01,105.62,-67.11,338.0,17.56,70.6,-44.56,0.654,51.4,103,0.4329,0,1
NEU-002505,Control,B03,117.62,-72.26,162.1,15.11,118.2,-38.39,0.929,39.6,76,0.3055,1,0
NEU-002506,Control,B01,113.52,-63.25,137.0,20.97,161.9,-40.62,1.02,41.9,92,0.4006,1,1
NEU-002507,TreatmentA,B02,108.59,-70.77,230.4,16.71,146.9,-42.79,1.278,61.8,74,0.6272,1,0
NEU-002508,TreatmentB,B01,89.68,-62.29,116.2,13.47,86.5,-40.75,0.873,83.4,80,0.2054,1,0
NEU-002509,TreatmentB,B02,97.92,-71.76,596.9,10.87,127.0,-44.21,0.896,43.9,86,0.3058,0,1
NEU-002510,TreatmentB,B02,78.14,-67.37,264.2,26.26,99.9,-43.79,0.824,74.4,84,0.4204,0,1
NEU-002511,Control,B02,82.4,-68.9,89.5,7.07,182.9,-38.38,1.805,40.7,99,0.3369,1,1
NEU-002512,TreatmentA,B01,92.11,-59.63,324.1,12.68,166.6,-42.53,0.913,58.2,82,0.7823,1,1
NEU-002513,TreatmentB,B01,65.07,-67.1,131.4,20.59,158.2,-39.12,0.852,64.8,90,0.4086,1,0
NEU-002514,TreatmentA,B02,77.54,-63.87,149.5,7.39,135.1,-41.2,0.893,53.3,102,0.4939,1,0
NEU-002515,TreatmentB,B03,101.42,-67.34,213.1,6.89,140.7,-37.67,0.694,38.9,66,0.3413,0,1
NEU-002516,Control,B01,125.89,-62.26,488.7,16.14,89.6,-40.21,1.171,35.1,86,0.4777,0,1
NEU-002517,TreatmentA,B02,88.82,-69.95,153.3,9.99,179.3,-43.83,1.022,28.2,89,0.1515,0,1
NEU-002518,Control,B01,80.66,-71.58,102.6,17.52,168.3,-45.82,0.721,37.2,75,0.5095,0,1
NEU-002519,TreatmentA,B02,113.66,-65.74,174.3,16.61,53.1,-52.96,1.347,36.8,95,0.2969,0,1
NEU-002520,TreatmentA,B01,93.09,-69.65,145.1,15.07,75.6,-38.66,1.017,65.2,90,0.5444,0,1
NEU-002521,TreatmentA,B03,121.53,-73.16,430.5,13.92,138.5,-47.62,0.913,29.0,61,0.1576,0,0
NEU-002522,Control,B03,101.07,-65.67,139.8,11.23,152.8,-34.37,1.235,32.4,93,0.5061,1,0
NEU-002523,TreatmentA,B03,80.98,-57.64,198.4,6.41,71.5,-44.23,0.682,44.9,77,0.4456,0,0
NEU-002524,TreatmentB,B01,101.88,-57.97,189.4,11.22,97.4,-43.29,1.089,64.8,73,0.2066,1,1
NEU-002525,Control,B02,88.9,-66.74,293.1,7.32,83.4,-52.14,0.908,23.9,85,0.4424,0,1
NEU-002526,Control,B03,103.9,-58.82,103.3,20.44,133.7,-38.95,0.673,53.7,92,0.556,1,1
NEU-002527,TreatmentB,B01,112.6,-57.85,147.8,14.16,54.0,-43.5,1.195,70.6,72,0.2582,1,0
NEU-002528,Control,B02,87.88,-69.61,168.1,7.43,209.6,-42.65,1.519,26.5,86,0.4351,1,1
NEU-002529,TreatmentB,B02,106.55,-67.97,260.2,9.92,31.4,-38.1,0.626,53.7,82,0.5792,0,0
NEU-002530,Control,B02,100.76,-66.59,311.6,12.25,80.9,-39.77,0.862,39.9,73,0.4763,0,0
NEU-002531,TreatmentA,B03,120.07,-45.47,231.4,13.7,56.3,-39.91,2.318,73.4,87,0.442,1,0
NEU-002532,Control,B01,114.56,-61.93,181.8,8.21,111.6,-41.17,0.72,24.8,78,0.5995,0,0
NEU-002533,TreatmentA,B01,94.18,-57.53,250.3,16.68,193.2,-44.18,1.321,59.8,87,0.5218,0,1
NEU-002534,Control,B01,96.58,-66.37,175.1,11.6,103.1,-40.21,0.883,43.0,90,0.6435,0,0
NEU-002535,TreatmentB,B01,104.77,-55.93,130.2,20.5,74.3,-36.68,1.243,72.1,76,0.5094,1,1
NEU-002536,TreatmentA,B01,107.36,-58.82,293.7,15.03,56.0,-40.62,1.485,56.9,86,0.5843,1,1
NEU-002537,TreatmentB,B03,102.29,-60.49,220.0,20.23,79.7,-47.2,1.533,46.3,108,0.3793,1,0
NEU-002538,TreatmentB,B01,76.44,-64.29,327.7,14.54,62.1,-42.06,0.855,59.5,86,0.4272,1,1
NEU-002539,TreatmentA,B02,93.57,-60.94,241.0,27.0,132.5,-45.33,1.373,56.8,99,0.2852,1,0
NEU-002540,TreatmentB,B03,83.37,-62.27,372.6,15.61,47.9,-44.31,1.625,69.2,83,0.287,1,0
NEU-002541,TreatmentA,B02,97.7,-69.65,393.6,8.41,102.0,-41.54,0.805,38.1,86,0.3387,0,1
NEU-002542,TreatmentB,B03,93.54,-63.53,150.5,22.2,95.2,-43.03,1.003,59.0,92,0.3223,1,0
NEU-002543,TreatmentA,B02,110.14,-61.16,192.2,18.81,117.1,-43.74,0.802,66.0,90,0.5585,0,1
NEU-002544,TreatmentA,B01,101.84,-63.47,67.5,10.16,89.2,-43.92,1.351,69.0,99,0.2796,1,1
NEU-002545,TreatmentB,B02,108.86,-63.36,109.3,17.29,93.3,-40.93,0.885,45.7,78,0.4079,0,1
NEU-002546,TreatmentB,B01,103.27,-68.03,106.2,4.41,59.1,-46.59,0.968,70.2,107,0.3503,1,1
NEU-002547,TreatmentA,B02,108.15,-67.97,352.2,9.74,109.5,-40.19,0.826,26.8,94,0.2242,0,1
NEU-002548,Control,B02,81.85,-71.59,121.1,10.17,88.2,-38.77,1.064,30.3,72,0.3009,0,1
NEU-002549,TreatmentB,B02,103.6,-69.06,140.1,11.14,-37.8,-35.29,1.15,65.7,87,0.2928,1,1
NEU-002550,Control,B02,87.99,-60.88,120.5,11.95,122.5,-40.74,1.016,46.0,67,0.3909,1,0
NEU-002551,TreatmentB,B01,93.52,-67.72,140.1,14.87,114.3,-47.64,1.794,66.1,63,0.2335,1,0
NEU-002552,TreatmentB,B01,86.4,-73.11,181.2,28.05,87.4,-43.22,0.838,58.5,84,0.4086,1,0
NEU-002553,TreatmentA,B02,121.72,-67.23,385.7,14.45,68.0,-45.03,1.647,34.6,97,0.4019,0,1
NEU-002554,TreatmentB,B02,98.02,-67.3,168.7,7.33,134.4,-40.64,1.757,50.7,70,0.2113,1,1
NEU-002555,TreatmentB,B03,96.79,-61.49,360.7,13.74,74.7,-44.42,1.453,84.4,87,0.4765,1,1
NEU-002556,TreatmentB,B02,60.85,-68.04,211.3,18.9,129.5,-40.17,0.723,43.8,97,0.3778,0,1
NEU-002557,Control,B02,111.9,-52.74,127.9,10.32,150.0,-38.38,1.069,49.4,77,0.1988,0,1
NEU-002558,Control,B01,118.11,-70.11,115.8,23.1,124.8,-51.29,0.997,51.6,76,0.5045,1,1
NEU-002559,TreatmentB,B03,112.1,-69.9,230.4,22.43,120.8,-47.05,0.957,73.8,91,0.2627,1,0
NEU-002560,TreatmentA,B01,87.52,-65.43,132.1,12.61,62.0,-44.21,1.036,71.0,91,0.1338,1,1
NEU-002561,TreatmentA,B03,107.26,-67.75,147.8,13.9,104.7,-45.87,0.949,44.6,77,0.1672,1,1
NEU-002562,TreatmentA,B01,133.11,-62.01,137.6,9.37,138.4,-41.16,1.53,61.0,79,0.5852,1,0
NEU-002563,TreatmentA,B01,81.18,-57.41,121.9,11.92,58.8,-42.74,0.962,43.1,87,0.706,0,0
NEU-002564,Control,B02,106.39,-71.23,329.1,6.78,74.0,-36.15,1.172,42.7,90,0.4262,0,0
NEU-002565,TreatmentB,B02,109.65,-62.67,95.5,21.86,46.0,-45.43,0.767,63.6,78,0.5173,1,1
NEU-002566,TreatmentA,B01,104.89,-63.74,142.3,19.2,29.8,-46.87,1.063,66.3,74,0.3355,0,1
NEU-002567,TreatmentA,B03,94.83,-70.72,287.2,10.52,101.9,-42.7,1.099,55.0,79,0.5737,0,0
NEU-002568,TreatmentB,B02,119.12,-58.38,116.4,7.62,119.8,-47.85,0.888,56.9,87,0.1575,1,1
NEU-002569,TreatmentB,B02,115.52,-72.35,78.7,14.2,68.3,-42.87,0.927,43.1,95,0.2222,0,0
NEU-002570,TreatmentB,B02,99.66,-56.85,301.5,22.56,60.9,-45.22,0.989,45.6,71,0.3928,1,0
NEU-002571,Control,B01,73.27,-56.12,229.2,11.18,171.3,-46.12,1.235,63.5,74,0.4605,1,0
NEU-002572,TreatmentA,B03,103.96,-74.61,156.4,12.88,101.6,-42.71,0.686,45.4,79,0.4123,0,0
NEU-002573,TreatmentB,B03,88.5,-55.44,207.0,10.49,54.3,-39.56,1.876,68.3,82,0.674,1,0
NEU-002574,Control,B01,117.48,-62.94,244.9,17.87,152.0,-38.08,1.503,17.4,99,0.3052,0,1
NEU-002575,TreatmentB,B03,87.41,-60.74,109.1,12.42,43.7,-39.75,1.047,63.4,85,0.4851,0,0
NEU-002576,TreatmentB,B01,115.97,-65.2,255.5,9.58,2.9,-41.11,0.711,72.2,88,0.3916,1,1
NEU-002577,TreatmentA,B03,108.43,-73.23,167.4,15.28,69.9,-42.69,1.314,39.3,99,0.2236,0,0
NEU-002578,TreatmentB,B01,105.37,-61.84,149.5,12.04,106.9,-38.8,0.608,78.5,93,0.2712,0,1
NEU-002579,TreatmentA,B01,75.24,-60.58,313.3,15.19,106.5,-44.16,1.227,37.0,92,0.3389,0,0
NEU-002580,Control,B03,112.52,-63.73,99.3,16.52,86.3,-33.7,0.839,55.1,83,0.3437,0,1
NEU-002581,Control,B02,97.7,-62.62,687.6,11.2,96.6,-39.93,1.361,71.7,77,0.5764,0,1
NEU-002582,TreatmentB,B02,103.22,-61.83,261.8,19.21,89.2,-37.93,0.54,56.4,75,0.697,1,1
NEU-002583,TreatmentA,B01,79.91,-69.54,123.1,9.28,120.9,-46.42,1.343,63.8,89,0.0956,1,1
NEU-002584,TreatmentA,B01,96.89,-64.96,199.5,12.25,141.9,-39.3,0.558,56.7,79,0.43,0,1
NEU-002585,TreatmentB,B02,104.49,-68.91,445.4,14.91,70.2,-41.43,0.945,48.5,86,0.3916,0,1
NEU-002586,Control,B03,81.56,-69.73,195.0,31.41,129.2,-42.75,1.443,50.6,85,0.3813,1,0
NEU-002587,TreatmentA,B02,112.95,-62.33,231.1,13.94,141.3,-44.79,2.043,27.2,82,0.4844,1,1
NEU-002588,Control,B03,113.34,-63.26,155.8,18.51,130.9,-42.39,1.171,24.6,73,0.3813,0,1
NEU-002589,TreatmentB,B01,108.74,-80.33,236.8,25.04,96.3,-30.6,1.49,75.7,100,0.326,1,0
NEU-002590,TreatmentB,B01,112.32,-65.1,121.9,8.94,86.0,-41.29,0.892,18.3,94,0.3,0,1
NEU-002591,TreatmentA,B01,106.71,-60.54,187.5,16.7,120.0,-46.67,0.797,37.6,91,0.2327,0,0
NEU-002592,Control,B03,102.15,-66.09,152.3,26.94,153.6,-37.7,0.844,35.1,86,0.4022,0,1
NEU-002593,TreatmentB,B03,88.28,-73.97,140.5,13.3,86.5,-54.73,1.161,61.9,88,0.3159,1,0
NEU-002594,Control,B03,78.38,-65.27,307.5,14.87,69.1,-41.54,0.62,40.4,71,0.2962,0,1
NEU-002595,TreatmentB,B01,87.11,-65.4,240.9,16.63,98.9,-45.6,0.747,54.7,98,0.3627,1,1
NEU-002596,TreatmentB,B01,96.09,-50.29,190.4,10.5,82.4,-47.46,0.789,57.7,102,0.3497,0,0
NEU-002597,Control,B01,103.29,-69.0,173.3,17.59,169.9,-35.22,1.752,26.5,77,0.2107,0,1
NEU-002598,TreatmentA,B01,114.66,-61.73,158.3,9.32,126.5,-43.04,2.063,43.2,103,0.1921,1,1
NEU-002599,TreatmentB,B02,124.59,-69.14,154.8,12.09,95.9,-38.26,1.592,58.1,77,0.6689,1,0
NEU-002600,Control,B02,113.87,-58.27,438.7,9.06,144.4,-39.86,1.682,51.9,93,0.4913,0,0
NEU-002601,TreatmentA,B01,95.28,-60.97,328.7,15.22,195.0,-41.44,1.344,50.4,76,0.5604,1,1
NEU-002602,TreatmentA,B01,94.41,-64.82,272.2,13.61,163.9,-45.1,0.962,18.9,83,0.5657,0,1
NEU-002603,Control,B02,100.23,-57.56,195.2,7.11,161.4,-43.6,1.091,53.3,79,0.4845,1,0
NEU-002604,TreatmentB,B01,83.87,-62.07,130.6,9.25,79.9,-33.98,1.307,55.5,84,0.1567,0,1
NEU-002605,TreatmentB,B02,123.17,-63.92,184.2,16.84,123.6,-41.77,1.08,70.4,82,0.4347,1,1
NEU-002606,TreatmentA,B03,99.3,-54.33,168.1,14.77,129.7,-40.97,0.934,52.2,92,0.2112,1,0
NEU-002607,Control,B01,96.94,-65.87,162.3,22.02,124.0,-44.46,0.599,50.2,86,0.5295,0,1
NEU-002608,Control,B02,112.25,-61.34,225.3,13.9,201.9,-37.35,1.192,24.1,89,0.3004,1,1
NEU-002609,Control,B02,108.27,-75.2,280.9,22.9,121.5,-36.04,0.999,28.0,85,0.1924,0,0
NEU-002610,TreatmentB,B01,101.25,-69.1,311.6,18.21,89.3,-32.99,1.904,68.0,97,0.5832,1,1
NEU-002611,TreatmentA,B02,121.79,-62.48,193.0,17.62,194.5,-43.46,1.287,60.6,93,0.1208,1,0
NEU-002612,TreatmentA,B01,105.6,-71.15,248.6,11.77,139.2,-44.91,1.349,69.6,79,0.68,1,0
NEU-002613,Control,B03,81.53,-67.65,448.6,11.73,114.4,-37.53,0.869,32.7,85,0.3079,0,0
NEU-002614,TreatmentA,B03,100.2,-69.24,218.8,7.85,109.6,-34.07,0.814,55.2,78,0.2568,0,1
NEU-002615,Control,B03,118.32,-58.36,425.6,20.07,152.4,-43.05,1.021,24.7,77,0.463,0,0
NEU-002616,TreatmentB,B02,102.3,-59.85,213.3,13.84,145.9,-44.38,1.319,58.8,64,0.1997,0,0
NEU-002617,Control,B02,84.29,-65.57,115.2,14.87,113.4,-40.99,0.875,4.8,83,0.5098,0,1
NEU-002618,Control,B01,120.57,-67.49,92.8,19.78,88.4,-36.91,1.053,26.1,98,0.2053,1,0
NEU-002619,Control,B03,127.76,-56.47,101.8,10.41,182.3,-40.45,1.55,59.1,92,0.114,1,1
NEU-002620,TreatmentB,B03,100.03,-74.28,177.9,13.87,104.6,-35.38,1.022,43.2,80,0.2072,0,0
NEU-002621,TreatmentB,B01,126.01,-62.98,457.5,14.28,137.4,-38.51,1.195,74.2,78,0.5918,0,0
NEU-002622,TreatmentB,B03,113.54,-55.04,129.4,14.63,55.2,-45.37,1.251,67.2,79,0.1241,1,0
NEU-002623,Control,B03,116.24,-64.08,432.9,6.23,131.2,-41.81,1.998,42.5,89,0.2473,1,1
NEU-002624,Control,B03,99.68,-65.74,132.0,18.34,97.6,-50.72,1.228,39.6,59,0.4003,1,0
NEU-002625,TreatmentB,B01,94.81,-58.03,288.9,17.51,103.5,-38.28,0.806,61.4,95,0.4873,1,0
NEU-002626,TreatmentB,B01,100.06,-67.47,254.0,12.81,72.5,-37.73,0.917,39.8,98,0.1212,0,0
NEU-002627,TreatmentB,B01,121.18,-66.14,182.7,15.47,35.7,-40.07,1.098,57.7,83,0.4796,1,1
NEU-002628,Control,B03,92.59,-69.23,281.6,18.1,167.5,-46.95,0.978,24.0,99,0.5061,0,1
NEU-002629,TreatmentA,B03,116.26,-62.65,258.0,18.52,184.2,-43.54,1.37,58.9,92,0.56,1,1
NEU-002630,TreatmentB,B03,92.91,-64.9,99.2,11.98,57.8,-43.73,1.525,55.9,88,0.3976,1,1
NEU-002631,TreatmentA,B03,109.72,-68.95,143.6,16.3,110.2,-48.9,0.944,31.0,95,0.3786,0,1
NEU-002632,TreatmentA,B02,95.74,-66.69,149.5,14.82,108.4,-36.31,0.569,25.4,82,0.6087,0,1
NEU-002633,Control,B02,123.1,-58.88,207.6,14.09,144.6,-43.74,0.976,29.0,79,0.4055,0,0
NEU-002634,Control,B01,114.49,-57.04,205.0,7.3,127.1,-41.99,1.57,43.7,91,0.3648,1,0
NEU-002635,Control,B01,118.15,-69.68,96.6,30.19,140.1,-37.16,0.822,36.3,113,0.11,1,0
NEU-002636,TreatmentB,B02,85.76,-70.42,261.0,25.43,77.9,-49.43,1.994,58.5,83,0.1323,1,0
NEU-002637,TreatmentA,B01,90.21,-62.7,160.3,9.0,74.1,-41.5,0.913,64.8,72,0.1474,0,1
NEU-002638,Control,B02,97.4,-63.11,151.8,13.1,82.2,-39.99,1.1,56.7,90,0.3664,1,1
NEU-002639,TreatmentA,B01,69.31,-65.34,197.4,13.37,73.4,-36.95,1.016,39.4,83,0.2262,1,1
NEU-002640,TreatmentB,B03,124.83,-65.53,153.9,10.0,149.4,-43.83,1.244,78.6,92,0.3809,1,1
NEU-002641,TreatmentB,B03,109.82,-69.64,153.9,9.91,45.8,-47.93,0.848,56.7,89,0.2051,0,1
NEU-002642,Control,B02,105.44,-59.04,502.9,10.69,187.3,-40.32,1.344,42.4,78,0.5029,0,0
NEU-002643,TreatmentA,B01,90.09,-60.76,156.9,13.36,131.1,-47.03,0.917,50.9,103,0.3653,1,1
NEU-002644,TreatmentB,B03,113.35,-69.07,125.2,17.34,87.6,-42.15,1.128,76.5,76,0.5766,1,1
NEU-002645,TreatmentB,B03,117.84,-67.2,133.0,14.82,119.4,-48.59,0.858,57.9,90,0.3241,1,1
NEU-002646,TreatmentA,B01,101.97,-58.29,343.2,16.09,121.2,-46.13,1.505,39.9,89,0.267,0,0
NEU-002647,TreatmentB,B01,98.83,-60.68,292.1,6.08,157.1,-44.78,1.217,67.4,95,0.335,1,1
NEU-002648,Control,B03,87.15,-75.89,182.7,16.32,85.6,-35.28,1.08,42.8,96,0.4218,1,0
NEU-002649,TreatmentB,B02,102.12,-67.08,320.6,31.37,148.9,-41.87,0.865,46.0,97,0.6241,0,1
NEU-002650,TreatmentB,B01,90.66,-63.83,71.1,11.44,84.6,-37.56,1.345,58.2,103,0.3528,1,1
NEU-002651,Control,B03,67.79,-69.92,304.6,8.07,100.4,-43.12,0.809,43.5,94,0.2788,0,1
NEU-002652,Control,B02,92.68,-73.99,141.8,20.1,161.1,-45.55,1.056,26.0,91,0.5819,0,1
NEU-002653,TreatmentB,B01,102.57,-63.33,152.5,17.91,91.9,-35.01,0.783,31.6,73,0.1136,0,1
NEU-002654,TreatmentA,B03,101.17,-71.04,262.9,6.6,189.3,-30.82,0.954,61.1,86,0.3589,1,0
NEU-002655,Control,B02,104.62,-64.29,131.5,42.72,148.5,-30.25,0.91,19.4,82,0.3635,1,1
NEU-002656,TreatmentA,B03,107.47,-54.54,185.3,10.59,66.7,-40.31,0.781,40.1,86,0.4119,0,0
NEU-002657,TreatmentB,B02,88.25,-70.08,152.7,11.04,65.7,-44.32,0.741,82.0,82,0.1727,1,1
NEU-002658,TreatmentB,B01,104.05,-65.47,181.4,14.4,17.5,-36.67,1.089,46.2,94,0.3502,0,1
NEU-002659,TreatmentB,B01,86.76,-60.4,168.4,22.22,81.0,-46.91,1.07,44.0,101,0.5955,0,1
NEU-002660,Control,B03,101.26,-60.34,357.6,9.61,108.4,-43.37,1.237,24.7,79,0.2775,0,1
NEU-002661,TreatmentA,B03,94.02,-59.26,405.4,24.61,80.5,-42.29,1.332,31.5,89,0.3632,0,0
NEU-002662,Control,B02,106.59,-61.28,112.0,11.03,217.4,-41.07,0.483,39.3,83,0.4605,0,1
NEU-002663,TreatmentB,B01,98.7,-57.96,189.7,8.92,108.4,-44.28,0.967,76.6,82,0.3321,1,0
NEU-002664,TreatmentA,B01,104.79,-58.22,311.0,8.28,61.8,-42.93,1.612,52.9,69,0.6368,1,0
NEU-002665,Control,B02,119.18,-61.79,300.0,24.54,153.8,-35.39,0.985,29.5,81,0.3712,0,0
NEU-002666,TreatmentA,B03,77.16,-65.73,122.6,21.73,114.8,-42.56,1.132,44.5,84,0.2383,1,0
NEU-002667,TreatmentB,B03,114.96,-63.72,227.1,11.48,36.4,-52.35,0.927,68.8,87,0.2307,1,1
NEU-002668,TreatmentA,B02,102.41,-59.43,141.9,10.57,70.1,-38.04,1.549,56.3,97,0.4693,1,0
NEU-002669,TreatmentA,B03,130.19,-58.65,270.3,11.71,150.5,-37.66,0.936,69.9,65,0.3648,1,1
NEU-002670,TreatmentA,B03,116.44,-60.8,209.7,11.36,193.8,-41.36,1.144,48.4,79,0.3496,0,0
NEU-002671,Control,B02,97.66,-64.83,145.5,10.77,187.0,-47.07,1.136,37.8,84,0.3387,0,1
NEU-002672,TreatmentB,B01,111.4,-52.6,293.8,8.89,144.1,-40.26,0.94,47.0,86,0.434,1,0
NEU-002673,Control,B02,125.54,-60.58,88.3,14.06,125.0,-39.33,1.005,43.2,85,0.2316,1,1
NEU-002674,TreatmentA,B02,112.98,-67.45,125.0,16.1,171.4,-41.37,1.471,35.1,102,0.5323,1,1
NEU-002675,Control,B02,106.26,-75.04,82.7,11.86,138.9,-41.14,1.357,22.9,87,0.195,1,0
NEU-002676,TreatmentA,B02,105.4,-55.12,116.2,13.06,114.3,-38.13,0.705,32.4,74,0.3793,0,0
NEU-002677,TreatmentB,B01,79.7,-57.98,105.5,6.35,62.2,-49.96,1.498,50.3,78,0.6807,1,0
NEU-002678,TreatmentA,B02,85.16,-62.13,294.3,12.2,72.3,-35.75,0.661,63.2,89,0.5607,0,1
NEU-002679,Control,B01,76.31,-67.89,320.5,10.0,181.5,-37.87,1.371,46.0,85,0.5907,0,0
NEU-002680,Control,B02,101.23,-72.74,216.2,14.0,108.1,-34.53,1.336,68.6,84,0.3108,1,0
NEU-002681,Control,B03,94.57,-65.86,311.2,17.31,163.5,-40.12,0.878,48.8,77,0.7253,0,1
NEU-002682,TreatmentA,B03,97.86,-61.35,262.9,13.88,141.5,-51.3,0.54,38.5,78,0.2733,0,1
NEU-002683,Control,B01,102.19,-65.7,176.8,17.91,170.6,-41.25,0.789,57.2,92,0.2536,1,1
NEU-002684,TreatmentA,B03,112.33,-67.7,106.6,21.98,125.3,-45.88,0.857,40.1,93,0.3132,0,0
NEU-002685,Control,B01,87.97,-54.44,128.2,29.05,178.5,-39.92,0.942,40.8,93,0.3206,0,0
NEU-002686,TreatmentA,B02,115.05,-66.54,102.1,26.85,90.3,-43.98,1.229,57.8,74,0.1918,1,0
NEU-002687,TreatmentA,B03,93.94,-56.13,263.9,10.67,70.9,-38.82,1.153,50.8,97,0.2069,1,1
NEU-002688,Control,B01,106.51,-56.33,398.6,22.09,169.7,-39.83,2.074,39.9,83,0.2164,1,0
NEU-002689,TreatmentB,B02,107.9,-68.96,204.8,13.24,99.4,-42.66,0.923,38.8,94,0.3544,0,1
NEU-002690,TreatmentA,B01,97.26,-56.42,124.3,13.25,83.9,-36.98,1.355,39.4,82,0.6341,1,1
NEU-002691,TreatmentB,B01,143.5,-68.39,111.4,4.34,92.6,-37.09,0.711,47.3,85,0.5316,1,0
NEU-002692,Control,B02,87.08,-72.35,769.4,12.68,111.5,-49.99,1.008,76.0,77,0.2113,0,0
NEU-002693,Control,B01,112.62,-56.5,247.2,5.59,172.7,-46.9,1.12,71.3,78,0.6235,1,0
NEU-002694,TreatmentA,B02,89.37,-70.89,290.2,19.69,161.0,-38.37,1.213,61.5,94,0.1987,1,0
NEU-002695,TreatmentB,B01,86.21,-68.04,64.0,14.0,67.4,-40.14,0.747,61.5,85,0.1734,1,0
NEU-002696,TreatmentB,B01,109.34,-63.61,194.7,16.54,132.4,-45.03,1.121,53.0,79,0.3275,0,1
NEU-002697,Control,B02,87.8,-66.42,153.2,18.91,167.2,-44.16,1.419,52.2,80,0.5475,1,1
NEU-002698,Control,B01,101.84,-66.49,279.7,15.08,179.6,-37.5,0.924,37.6,78,0.5413,0,1
NEU-002699,TreatmentB,B02,107.12,-63.74,146.8,18.14,87.9,-41.23,0.785,43.5,95,0.4262,0,1
NEU-002700,Control,B01,103.79,-76.01,308.8,14.37,108.3,-41.55,1.578,45.7,92,0.5872,1,0
NEU-002701,TreatmentA,B03,122.28,-70.3,217.5,8.62,61.5,-34.74,1.087,33.7,76,0.346,1,1
NEU-002702,TreatmentB,B01,131.08,-53.61,225.3,23.06,69.5,-33.93,0.979,66.4,86,0.7471,1,1
NEU-002703,Control,B01,88.46,-65.34,236.7,17.47,70.4,-44.33,1.314,6.6,95,0.4201,0,0
NEU-002704,TreatmentA,B03,96.1,-64.99,453.3,7.29,98.9,-46.34,1.451,49.5,89,0.4297,0,1
NEU-002705,TreatmentA,B02,107.69,-61.52,99.9,13.03,111.3,-38.85,0.927,60.0,87,0.3722,1,1
NEU-002706,Control,B02,89.15,-64.71,239.8,16.51,200.3,-44.38,0.807,25.3,92,0.3884,0,1
NEU-002707,TreatmentB,B01,96.84,-58.13,186.7,12.04,62.8,-41.72,0.684,55.5,74,0.5822,1,0
NEU-002708,TreatmentA,B01,98.81,-61.0,120.7,6.31,105.8,-40.45,0.839,48.8,105,0.2062,0,1
NEU-002709,TreatmentA,B02,96.4,-76.13,120.5,27.29,101.7,-40.48,1.952,35.6,74,0.3167,1,0
NEU-002710,Control,B03,119.1,-66.38,101.7,7.83,170.8,-42.87,1.334,42.7,86,0.3499,1,1
NEU-002711,Control,B02,93.24,-61.94,352.8,8.99,154.7,-44.17,1.113,22.7,97,0.5587,0,0
NEU-002712,TreatmentB,B01,84.97,-73.49,338.8,33.24,58.6,-43.21,0.714,69.4,86,0.6018,0,1
NEU-002713,Control,B03,85.98,-60.41,103.4,14.31,129.9,-37.04,1.409,25.2,97,0.5476,1,1
NEU-002714,Control,B02,101.68,-62.1,107.3,8.53,128.9,-41.38,0.956,13.0,88,0.4089,0,1
NEU-002715,TreatmentA,B03,126.45,-62.8,105.6,24.13,110.5,-38.75,1.29,51.6,84,0.29,1,1
NEU-002716,TreatmentB,B02,84.06,-72.91,110.1,13.12,89.9,-47.2,1.256,45.0,88,0.4402,1,0
NEU-002717,TreatmentA,B03,126.21,-66.8,118.2,14.16,136.8,-33.73,1.084,43.4,105,0.4033,1,1
NEU-002718,TreatmentB,B03,110.76,-61.75,108.9,11.77,63.8,-38.66,0.914,38.1,93,0.5555,1,0
NEU-002719,TreatmentB,B02,104.86,-68.79,112.9,20.5,37.8,-41.05,1.169,56.2,93,0.2412,1,0
NEU-002720,Control,B03,85.46,-72.74,242.4,10.01,176.4,-40.43,1.432,51.7,93,0.2965,1,1
NEU-002721,Control,B03,82.59,-57.59,95.0,7.55,102.2,-43.37,1.167,47.8,90,0.332,1,0
NEU-002722,TreatmentA,B03,88.21,-61.13,118.2,5.9,144.2,-40.03,1.377,76.6,78,0.3105,1,0
NEU-002723,Control,B02,87.54,-59.34,197.2,15.19,154.6,-40.67,1.338,22.8,79,0.7691,0,0
NEU-002724,Control,B03,74.56,-68.43,184.1,13.98,103.9,-45.91,1.223,16.0,83,0.412,0,0
NEU-002725,TreatmentB,B03,104.99,-62.28,138.0,14.63,134.9,-41.27,1.467,67.9,90,0.3836,1,0
NEU-002726,Control,B02,101.27,-60.16,174.9,7.83,131.7,-43.58,0.844,39.5,78,0.4985,0,0
NEU-002727,TreatmentB,B01,89.14,-69.03,154.0,8.91,43.3,-40.95,1.269,57.5,88,0.378,1,0
NEU-002728,Control,B03,82.77,-60.4,80.8,8.94,186.1,-40.8,0.864,37.1,73,0.5557,0,0
NEU-002729,TreatmentB,B02,119.64,-63.64,145.3,14.82,55.5,-42.6,0.99,40.6,91,0.2908,0,1
NEU-002730,TreatmentA,B01,104.11,-60.33,168.5,9.19,86.2,-45.55,1.432,55.3,82,0.605,1,0
NEU-002731,Control,B01,98.57,-65.06,102.0,10.45,146.8,-41.77,0.887,34.7,77,0.4535,1,1
NEU-002732,TreatmentB,B01,93.05,-63.89,291.8,8.82,149.5,-42.11,0.959,74.6,79,0.4146,1,1
NEU-002733,TreatmentA,B01,84.03,-60.28,191.5,10.64,95.9,-43.36,1.108,37.3,89,0.2771,0,1
NEU-002734,TreatmentA,B03,104.76,-52.38,160.8,12.16,178.7,-44.17,1.63,43.9,88,0.3308,0,0
NEU-002735,Control,B02,92.75,-59.71,192.3,17.16,119.8,-38.73,1.22,17.6,63,0.5587,0,1
NEU-002736,Control,B01,108.45,-59.32,174.1,13.27,143.1,-41.42,0.925,40.0,100,0.6079,1,0
NEU-002737,TreatmentB,B02,101.15,-57.08,124.5,6.21,123.4,-40.77,0.849,70.0,91,0.5228,0,0
NEU-002738,TreatmentA,B02,124.23,-73.35,255.1,7.52,68.9,-38.36,1.546,58.0,74,0.3486,1,0
NEU-002739,TreatmentA,B02,99.82,-76.44,265.1,21.55,163.7,-43.05,1.198,35.6,76,0.2746,0,0
NEU-002740,Control,B01,76.15,-59.4,289.8,20.39,129.6,-46.46,1.191,38.0,83,0.5143,1,1
NEU-002741,Control,B03,103.84,-67.22,170.5,17.32,97.9,-42.67,1.28,40.3,94,0.2197,0,0
NEU-002742,TreatmentA,B03,108.78,-71.18,111.8,6.63,102.2,-44.29,1.087,73.7,72,0.6521,1,0
NEU-002743,Control,B03,99.77,-63.55,169.6,16.07,127.8,-44.26,1.526,84.2,73,0.4225,1,1
NEU-002744,Control,B01,86.55,-63.28,127.4,15.02,165.5,-38.44,1.076,57.1,98,0.5391,1,1
NEU-002745,Control,B01,102.96,-66.47,300.7,25.93,134.0,-38.33,0.842,27.4,75,0.2756,0,0
NEU-002746,Control,B03,97.74,-72.82,206.5,10.45,147.5,-37.28,1.301,42.4,87,0.4886,1,0
NEU-002747,TreatmentB,B02,90.23,-62.95,126.1,25.01,85.6,-42.14,0.896,50.1,73,0.3641,0,1
NEU-002748,TreatmentA,B03,88.9,-70.47,74.4,19.29,107.4,-36.37,0.897,33.2,74,0.555,1,1
NEU-002749,Control,B02,72.78,-61.9,430.0,10.16,197.9,-44.29,1.249,36.7,94,0.6557,0,0
NEU-002750,TreatmentA,B02,130.02,-70.5,322.2,10.94,111.2,-45.03,1.144,56.3,79,0.3584,0,0
NEU-002751,TreatmentB,B03,94.46,-55.2,181.4,23.68,123.1,-51.8,1.091,71.5,88,0.2396,1,0
NEU-002752,Control,B03,91.7,-65.58,173.3,16.42,238.3,-41.33,1.054,40.4,86,0.3091,1,1
NEU-002753,TreatmentB,B02,125.3,-61.29,141.1,16.89,147.7,-37.96,0.731,54.4,68,0.3885,1,0
NEU-002754,TreatmentB,B03,107.58,-60.34,155.8,8.83,74.4,-42.67,1.098,73.2,98,0.5005,0,0
NEU-002755,Control,B02,109.6,-65.85,132.0,5.46,171.6,-32.95,0.658,55.0,94,0.4873,1,1
NEU-002756,TreatmentA,B03,102.57,-66.54,136.4,10.77,168.9,-40.51,0.609,57.6,98,0.2647,0,1
NEU-002757,TreatmentB,B03,86.1,-63.53,128.7,14.79,80.0,-44.35,1.075,53.5,81,0.6437,1,1
NEU-002758,TreatmentB,B01,90.18,-68.87,179.4,14.41,130.8,-45.76,1.39,55.9,79,0.4208,1,1
NEU-002759,Control,B01,102.89,-61.3,210.0,8.81,130.7,-49.85,1.381,50.6,85,0.4445,0,1
NEU-002760,TreatmentA,B01,102.41,-70.8,132.7,8.07,138.0,-41.0,1.226,60.0,71,0.5611,1,0
NEU-002761,Control,B01,85.21,-62.89,118.7,8.79,110.7,-45.2,1.025,42.8,89,0.5565,1,0
NEU-002762,TreatmentB,B01,69.82,-73.78,194.7,29.7,91.3,-37.84,0.735,45.1,82,0.4259,0,0
NEU-002763,Control,B03,118.41,-71.82,95.3,21.72,80.8,-45.21,1.523,48.9,75,0.2402,1,0
NEU-002764,TreatmentA,B03,83.92,-55.58,145.7,6.14,63.9,-44.19,0.778,22.0,81,0.2228,0,1
NEU-002765,Control,B02,106.01,-64.77,134.4,22.4,167.5,-31.59,1.334,49.1,84,0.1881,1,0
NEU-002766,Control,B03,126.61,-61.48,384.0,8.82,147.3,-44.94,1.225,47.7,87,0.3071,0,0
NEU-002767,Control,B01,88.77,-69.62,299.3,10.36,170.9,-40.57,0.695,58.1,104,0.2269,0,1
NEU-002768,Control,B02,97.19,-69.32,369.4,17.66,77.2,-44.05,0.986,18.1,82,0.2208,0,1
NEU-002769,TreatmentA,B02,119.89,-65.09,92.5,12.93,156.0,-42.27,0.785,27.2,91,0.2639,0,1
NEU-002770,TreatmentA,B03,87.41,-67.14,140.5,12.18,102.2,-42.66,0.687,31.5,88,0.4982,0,1
NEU-002771,TreatmentA,B02,88.34,-76.13,135.6,19.71,113.5,-42.51,0.665,41.2,100,0.428,0,0
NEU-002772,Control,B01,92.39,-62.83,208.6,12.04,98.5,-37.23,1.201,30.1,86,0.2089,0,1
NEU-002773,TreatmentA,B02,107.71,-59.41,237.7,7.71,89.7,-35.97,2.005,52.3,78,0.3858,1,1
NEU-002774,Control,B03,120.05,-55.93,131.5,8.22,109.7,-39.16,1.077,41.8,84,0.5527,0,0
NEU-002775,TreatmentA,B01,97.62,-71.21,153.1,6.1,93.3,-39.25,1.238,39.1,90,0.3175,0,1
NEU-002776,TreatmentB,B03,105.0,-58.82,205.1,11.38,120.9,-45.41,1.308,75.5,83,0.3702,0,1
NEU-002777,TreatmentB,B01,118.04,-66.4,324.4,11.18,12.4,-44.52,1.932,58.3,84,0.5188,1,0
NEU-002778,TreatmentA,B01,77.11,-60.96,211.7,7.64,105.8,-48.8,1.197,47.4,83,0.2177,0,1
NEU-002779,TreatmentA,B03,84.72,-65.88,143.3,8.42,84.7,-37.71,0.57,45.5,88,0.3458,0,1
NEU-002780,TreatmentB,B01,108.78,-60.69,288.2,5.63,149.9,-38.96,0.89,54.4,72,0.5422,0,0
NEU-002781,Control,B02,57.22,-62.64,121.3,10.17,149.1,-44.89,1.898,49.9,90,0.3123,0,1
NEU-002782,Control,B03,101.22,-57.21,135.1,6.96,184.0,-41.55,1.93,30.1,91,0.3987,1,0
NEU-002783,TreatmentB,B03,112.76,-62.65,259.3,8.2,129.5,-47.91,0.872,72.7,105,0.3258,1,1
NEU-002784,Control,B02,131.9,-58.13,131.6,9.58,127.3,-50.63,0.642,64.4,69,0.2185,0,1
NEU-002785,TreatmentB,B02,109.45,-65.14,163.3,10.54,60.6,-43.4,1.536,65.5,85,0.541,1,1
NEU-002786,TreatmentB,B01,102.59,-68.53,142.9,9.6,63.9,-51.8,3.187,67.1,83,0.486,1,0
NEU-002787,TreatmentA,B03,89.59,-71.18,294.7,18.25,135.6,-38.96,1.848,36.1,79,0.6136,0,1
NEU-002788,TreatmentB,B03,114.02,-66.91,216.6,23.89,140.4,-43.45,1.21,48.3,94,0.3609,1,0
NEU-002789,TreatmentB,B03,84.93,-66.63,195.5,15.95,107.5,-41.78,0.889,62.9,98,0.1173,1,0
NEU-002790,TreatmentA,B03,99.45,-59.68,284.5,9.8,58.0,-41.22,1.453,31.1,78,0.2901,0,1
NEU-002791,TreatmentA,B03,73.34,-70.54,244.6,13.8,66.2,-35.62,1.158,51.5,98,0.3725,1,0
NEU-002792,Control,B01,90.66,-56.87,91.8,10.88,157.5,-39.65,0.635,37.0,85,0.3341,0,0
NEU-002793,Control,B01,107.61,-61.72,339.9,19.77,93.4,-43.92,0.78,3.4,95,0.3523,0,1
NEU-002794,Control,B03,116.04,-66.33,114.6,6.93,177.6,-50.05,0.991,33.4,79,0.4261,0,0
NEU-002795,TreatmentB,B02,91.08,-60.31,243.9,9.03,119.2,-42.23,1.183,61.7,79,0.463,0,0
NEU-002796,Control,B01,93.13,-65.54,215.8,7.62,142.5,-41.51,1.192,64.1,85,0.133,0,1
NEU-002797,TreatmentB,B01,99.85,-58.19,286.7,15.52,52.0,-31.72,2.054,71.1,91,0.4668,1,0
NEU-002798,TreatmentB,B02,84.57,-64.05,193.2,13.49,185.8,-43.5,1.418,53.7,95,0.3565,1,1
NEU-002799,TreatmentB,B01,96.78,-70.91,244.7,14.96,124.0,-34.48,0.786,66.4,83,0.2278,1,0
NEU-002800,TreatmentA,B01,79.5,-80.82,101.8,11.03,147.8,-38.64,0.886,53.6,94,0.7767,0,0
NEU-002801,TreatmentB,B02,114.68,-56.99,125.4,12.2,167.6,-47.64,0.802,45.2,89,0.7491,0,0
NEU-002802,TreatmentA,B01,111.25,-59.12,165.0,11.07,128.5,-40.75,1.135,31.0,70,0.2992,1,1
NEU-002803,TreatmentB,B03,82.23,-71.31,143.0,20.55,79.6,-41.02,0.888,59.3,80,0.3627,0,0
NEU-002804,TreatmentB,B01,78.78,-54.88,88.6,29.69,38.9,-38.79,0.685,42.2,75,0.2461,1,0
NEU-002805,Control,B02,106.42,-64.09,211.1,7.81,183.1,-40.76,1.037,25.3,71,0.3514,0,1
NEU-002806,TreatmentB,B02,112.39,-59.93,236.5,29.36,107.0,-45.98,1.087,65.5,92,0.4356,1,1
NEU-002807,TreatmentB,B03,107.9,-61.33,205.0,7.73,103.0,-43.94,0.748,70.9,93,0.3113,0,1
NEU-002808,TreatmentB,B02,98.15,-70.4,113.1,6.5,52.3,-41.11,0.753,58.8,79,0.2584,0,1
NEU-002809,Control,B03,102.89,-68.44,137.7,18.87,162.9,-41.68,0.934,46.5,89,0.4972,1,1
NEU-002810,Control,B02,80.17,-57.42,70.6,12.34,120.0,-42.46,0.68,66.8,100,0.3704,1,0
NEU-002811,TreatmentB,B01,111.53,-57.97,175.6,14.0,32.2,-41.95,1.069,54.8,86,0.3822,1,0
NEU-002812,TreatmentA,B03,62.26,-64.17,99.4,14.04,103.2,-42.49,0.988,49.0,74,0.2501,1,1
NEU-002813,Control,B01,95.05,-68.81,179.6,13.28,134.7,-46.03,1.217,49.0,89,0.7235,1,1
NEU-002814,TreatmentB,B02,90.75,-53.21,102.4,12.77,99.4,-38.96,0.92,61.8,85,0.6511,1,0
NEU-002815,TreatmentB,B03,117.66,-67.06,92.2,16.15,75.9,-38.13,0.837,58.2,78,0.2764,1,0
NEU-002816,TreatmentA,B02,103.66,-64.6,118.4,17.09,125.7,-37.42,1.322,51.7,101,0.3191,1,1
NEU-002817,Control,B01,89.06,-68.19,382.8,6.58,154.7,-40.21,1.059,58.6,101,0.3961,0,0
NEU-002818,TreatmentB,B03,67.24,-62.35,153.1,17.33,86.3,-44.88,1.154,72.5,88,0.4075,1,1
NEU-002819,Control,B03,111.05,-66.45,120.6,13.5,116.9,-40.96,0.734,28.6,96,0.1072,0,1
NEU-002820,Control,B01,114.64,-71.84,245.3,16.76,141.7,-37.95,1.534,33.3,88,0.324,1,0
NEU-002821,TreatmentA,B02,104.78,-65.23,102.7,11.66,143.6,-39.29,1.081,76.9,83,0.6946,1,1
NEU-002822,Control,B03,79.29,-58.18,276.6,13.87,128.6,-41.89,0.966,58.5,88,0.3551,0,1
NEU-002823,TreatmentB,B02,120.67,-57.95,272.4,12.02,135.1,-38.27,1.481,49.7,92,0.3321,1,1
NEU-002824,TreatmentA,B01,98.13,-74.66,215.9,12.93,192.7,-41.99,0.873,46.1,86,0.4499,0,0
NEU-002825,TreatmentA,B03,95.69,-55.46,261.1,11.9,61.2,-35.92,0.807,48.4,89,0.5856,0,0
NEU-002826,TreatmentA,B03,100.68,-69.37,145.8,19.85,131.7,-44.8,0.93,57.6,77,0.5236,0,1
NEU-002827,Control,B01,114.41,-60.34,106.0,19.86,121.4,-48.52,1.687,30.0,70,0.2775,1,0
NEU-002828,Control,B02,98.49,-65.75,85.8,12.78,147.0,-43.18,0.635,27.0,90,0.5279,0,0
NEU-002829,TreatmentB,B02,125.85,-64.96,215.9,29.6,112.2,-29.71,0.797,44.9,91,0.466,0,1
NEU-002830,Control,B02,118.34,-66.43,133.1,35.26,66.4,-44.82,1.17,38.7,88,0.29,1,0
NEU-002831,TreatmentB,B01,82.84,-57.6,185.6,13.66,115.9,-48.71,0.706,42.3,91,0.4861,0,0
NEU-002832,Control,B01,108.9,-63.3,115.7,21.64,167.6,-39.89,0.619,21.1,96,0.466,0,1
NEU-002833,Control,B01,89.9,-65.53,141.3,12.16,210.6,-40.65,1.451,17.4,89,0.3474,0,1
NEU-002834,TreatmentA,B02,110.86,-60.2,112.9,10.72,136.5,-43.74,1.17,40.5,81,0.1744,0,1
NEU-002835,TreatmentB,B02,100.66,-72.02,101.8,18.21,44.6,-40.53,0.67,61.6,82,0.2862,0,0
NEU-002836,TreatmentB,B03,121.88,-58.38,218.6,7.27,94.2,-42.99,1.062,50.5,79,0.2742,1,1
NEU-002837,Control,B03,81.26,-68.13,410.4,7.6,147.2,-42.47,1.205,10.8,79,0.408,0,0
NEU-002838,Control,B03,107.05,-56.94,104.4,14.87,84.1,-40.28,1.107,31.8,88,0.1128,0,0
NEU-002839,TreatmentA,B02,94.91,-65.75,280.1,18.57,106.3,-42.62,0.497,23.3,92,0.2473,0,0
NEU-002840,TreatmentB,B02,90.27,-57.92,131.4,16.78,71.4,-49.85,1.249,70.1,86,0.697,1,1
NEU-002841,TreatmentA,B01,100.56,-74.14,167.6,12.96,72.6,-45.24,1.618,26.6,104,0.1464,1,0
NEU-002842,TreatmentB,B03,74.52,-67.18,335.1,17.59,52.8,-37.05,1.445,58.3,90,0.3843,0,1
NEU-002843,TreatmentA,B02,106.66,-74.24,249.2,15.35,95.9,-38.72,0.683,62.7,78,0.3753,1,0
NEU-002844,TreatmentA,B02,106.51,-64.48,191.2,9.7,158.9,-38.0,1.467,38.1,87,0.3671,0,1
NEU-002845,TreatmentA,B02,98.5,-63.45,294.5,13.37,144.2,-41.95,1.208,32.9,82,0.1334,1,0
NEU-002846,Control,B01,91.04,-70.38,107.2,9.72,208.8,-44.06,0.975,36.2,84,0.554,1,0
NEU-002847,TreatmentB,B01,95.98,-66.45,255.5,12.7,79.3,-39.58,1.048,71.3,81,0.5965,1,1
NEU-002848,Control,B01,118.51,-69.47,194.5,17.95,141.9,-43.61,1.124,84.9,90,0.6707,1,1
NEU-002849,TreatmentB,B03,97.77,-62.33,187.3,16.2,76.2,-50.35,0.824,45.6,92,0.259,1,1
NEU-002850,TreatmentA,B03,88.24,-66.46,121.0,13.2,103.3,-40.68,1.087,44.7,73,0.2728,1,1
NEU-002851,TreatmentA,B03,112.81,-68.15,187.1,13.29,119.3,-44.27,1.177,38.7,86,0.4089,0,1
NEU-002852,TreatmentB,B01,98.78,-52.98,140.5,14.87,55.8,-41.14,0.453,71.2,98,0.2969,0,0
NEU-002853,Control,B02,92.26,-60.23,149.7,7.62,93.6,-46.65,0.934,60.4,93,0.3967,1,0
NEU-002854,Control,B03,113.19,-51.36,231.6,16.55,154.3,-39.28,0.732,26.4,82,0.439,0,0
NEU-002855,TreatmentB,B03,99.06,-64.43,263.0,13.5,34.2,-38.44,1.036,67.5,75,0.2635,1,0
NEU-002856,TreatmentA,B01,87.3,-68.28,505.1,26.83,111.1,-38.67,1.564,34.1,81,0.2398,0,0
NEU-002857,Control,B01,73.52,-74.85,185.8,23.14,135.8,-34.75,0.86,12.4,82,0.1351,0,0
NEU-002858,TreatmentB,B03,84.71,-58.68,319.8,11.86,114.7,-43.18,0.899,51.5,83,0.46,0,0
NEU-002859,TreatmentA,B03,120.23,-66.85,348.5,18.13,79.1,-39.18,0.794,31.8,85,0.334,0,0
NEU-002860,TreatmentB,B02,100.81,-68.45,141.4,19.56,117.3,-35.42,0.796,33.7,76,0.395,1,1
NEU-002861,TreatmentA,B02,93.88,-69.57,93.8,10.99,93.0,-39.66,0.993,34.7,87,0.4541,0,0
NEU-002862,Control,B03,115.33,-74.25,146.7,14.27,144.2,-41.33,0.689,42.0,89,0.232,0,0
NEU-002863,TreatmentA,B01,101.82,-65.73,277.2,15.74,75.5,-44.74,0.978,40.9,79,0.5524,0,1
NEU-002864,Control,B02,100.69,-71.37,159.4,30.05,145.3,-43.48,1.251,10.2,87,0.4998,0,1
NEU-002865,Control,B01,109.91,-63.35,117.0,8.4,175.9,-40.96,0.776,45.3,85,0.4083,0,1
NEU-002866,Control,B02,97.73,-68.22,239.3,17.11,93.8,-42.88,1.506,47.1,64,0.3131,1,1
NEU-002867,TreatmentB,B01,112.45,-62.6,235.3,8.54,67.1,-34.62,0.925,52.1,97,0.1856,0,1
NEU-002868,TreatmentA,B01,87.0,-65.34,295.8,13.09,114.2,-42.27,1.563,33.4,77,0.2637,0,1
NEU-002869,TreatmentA,B01,103.77,-67.71,203.9,5.64,68.0,-37.46,1.239,42.7,95,0.6506,1,0
NEU-002870,Control,B02,96.44,-63.84,126.0,29.06,123.2,-41.32,2.089,19.3,85,0.2956,1,0
NEU-002871,TreatmentA,B02,85.46,-62.37,103.0,7.73,102.9,-41.05,0.827,39.2,63,0.2662,0,1
NEU-002872,Control,B02,128.24,-63.84,172.7,7.27,116.9,-40.89,0.559,18.4,91,0.5398,0,0
NEU-002873,Control,B03,85.43,-54.67,184.2,16.77,184.6,-44.68,0.671,27.4,89,0.7748,0,1
NEU-002874,TreatmentA,B01,96.2,-69.41,209.8,7.77,55.2,-43.65,1.982,43.9,81,0.1908,1,1
NEU-002875,Control,B03,117.25,-68.78,364.9,6.35,155.3,-37.93,1.009,64.6,97,0.4639,1,1
NEU-002876,TreatmentA,B03,107.96,-61.19,85.9,8.28,144.3,-40.49,1.765,51.3,94,0.4493,1,0
NEU-002877,Control,B02,104.82,-61.3,43.9,13.72,111.0,-35.29,1.226,28.1,74,0.3188,0,0
NEU-002878,TreatmentA,B02,89.31,-56.21,172.2,19.19,100.1,-41.18,0.94,43.0,86,0.2218,1,0
NEU-002879,TreatmentA,B03,135.37,-52.73,428.8,12.5,97.5,-39.88,1.307,28.1,94,0.2857,0,0
NEU-002880,TreatmentB,B02,100.42,-69.07,102.4,8.02,136.2,-47.23,1.07,49.3,79,0.4077,1,0
NEU-002881,TreatmentB,B01,75.42,-66.33,137.0,18.97,85.5,-46.42,0.992,37.0,76,0.4892,0,1
NEU-002882,TreatmentB,B02,98.12,-71.59,135.0,14.07,24.6,-43.26,1.315,73.6,78,0.6571,1,0
NEU-002883,Control,B02,98.65,-68.43,598.1,7.98,110.3,-38.42,0.538,33.1,112,0.6994,0,0
NEU-002884,Control,B03,116.61,-71.84,105.4,11.86,91.7,-41.62,1.842,70.8,84,0.3079,1,1
NEU-002885,TreatmentB,B03,79.04,-63.05,171.9,11.59,88.0,-47.11,1.186,82.5,80,0.6473,1,0
NEU-002886,TreatmentA,B02,112.16,-59.54,421.3,8.24,124.3,-39.87,1.287,46.5,82,0.199,0,1
NEU-002887,Control,B03,106.09,-65.23,136.6,9.18,119.7,-48.86,1.695,26.4,82,0.6849,0,0
NEU-002888,TreatmentA,B02,101.1,-59.05,122.1,13.51,96.7,-43.85,0.945,35.3,98,0.7585,1,0
NEU-002889,TreatmentA,B02,101.71,-62.89,219.4,13.49,103.1,-43.57,1.073,78.9,95,0.3518,1,1
NEU-002890,Control,B03,90.19,-65.82,488.0,15.15,121.7,-41.12,1.109,40.6,75,0.5949,0,1
NEU-002891,Control,B03,117.28,-50.8,179.1,12.34,148.1,-45.17,1.144,42.5,90,0.2565,0,0
NEU-002892,TreatmentB,B01,100.68,-74.53,93.2,7.32,96.3,-40.62,0.733,31.4,79,0.2216,1,1
NEU-002893,TreatmentB,B03,102.95,-65.55,320.6,9.27,71.0,-35.09,0.698,50.0,84,0.2795,0,1
NEU-002894,TreatmentA,B02,109.29,-62.57,105.0,11.08,114.6,-49.35,1.305,37.0,89,0.297,1,1
NEU-002895,TreatmentA,B03,110.84,-67.12,332.3,18.95,90.9,-37.89,1.494,68.9,82,0.3462,1,1
NEU-002896,Control,B03,102.45,-66.65,142.0,25.55,76.6,-33.88,1.362,60.4,114,0.6966,1,1
NEU-002897,TreatmentA,B03,88.86,-68.0,250.5,6.23,123.0,-47.23,1.034,35.4,90,0.3256,0,1
NEU-002898,TreatmentA,B03,97.58,-59.1,144.2,6.96,161.7,-50.13,0.815,47.2,88,0.6057,0,1
NEU-002899,TreatmentB,B01,82.81,-63.32,143.0,11.88,66.8,-43.12,0.868,52.3,87,0.2474,1,1
NEU-002900,TreatmentB,B02,69.71,-68.11,83.9,12.05,95.1,-44.7,1.365,37.6,75,0.3941,1,0
NEU-002901,TreatmentB,B02,96.23,-71.6,203.7,14.59,65.3,-46.39,1.68,39.9,89,0.3233,1,1
NEU-002902,TreatmentB,B02,102.79,-58.83,226.9,9.54,86.2,-43.36,0.765,67.7,90,0.2912,1,1
NEU-002903,TreatmentA,B01,103.88,-63.92,177.5,18.79,63.3,-43.06,1.137,44.1,89,0.5782,1,1
NEU-002904,TreatmentB,B02,92.78,-70.31,408.2,13.56,19.0,-45.98,1.685,58.9,72,0.2319,1,0
NEU-002905,Control,B01,110.88,-65.9,461.0,14.14,137.6,-39.24,0.845,17.3,76,0.4948,0,1
NEU-002906,TreatmentA,B03,93.46,-75.68,370.9,6.39,128.4,-49.74,0.759,75.1,64,0.1682,0,1
NEU-002907,Control,B03,100.21,-52.73,185.0,10.05,47.6,-39.62,1.006,32.4,79,0.1577,1,0
NEU-002908,Control,B01,112.13,-63.92,236.5,41.03,116.1,-46.57,1.337,35.9,87,0.2699,1,0
NEU-002909,TreatmentA,B01,126.22,-68.29,225.8,21.8,121.8,-37.62,1.216,37.0,74,0.1785,0,0
NEU-002910,TreatmentB,B03,114.67,-58.2,265.0,19.95,20.0,-42.89,1.127,59.7,102,0.2576,1,0
NEU-002911,TreatmentA,B01,102.69,-71.48,102.0,9.03,187.0,-36.9,0.796,74.8,91,0.4703,1,0
NEU-002912,Control,B03,105.11,-68.11,272.1,11.41,105.0,-35.84,0.863,25.6,81,0.3346,0,1
NEU-002913,TreatmentA,B02,94.24,-66.82,192.2,10.21,128.5,-45.23,1.082,62.1,81,0.3976,1,0
NEU-002914,TreatmentA,B02,112.61,-63.33,407.8,9.45,123.8,-38.22,0.934,62.5,83,0.2837,0,1
NEU-002915,Control,B01,86.75,-71.96,83.2,11.96,120.5,-36.81,1.439,32.9,82,0.6321,0,0
NEU-002916,TreatmentB,B02,105.99,-64.93,113.6,13.26,111.9,-43.58,1.703,78.8,86,0.286,1,1
NEU-002917,TreatmentB,B02,112.8,-50.49,265.1,18.96,95.9,-43.54,0.89,69.7,98,0.4316,1,0
NEU-002918,TreatmentB,B02,117.9,-60.49,188.9,14.33,105.5,-40.85,0.889,40.5,97,0.3572,0,0
NEU-002919,TreatmentA,B03,93.22,-54.91,272.8,9.33,178.9,-41.52,1.235,48.8,82,0.4904,1,0
NEU-002920,TreatmentA,B02,121.44,-67.45,106.7,21.65,96.6,-41.58,1.234,50.3,81,0.6576,1,1
NEU-002921,Control,B01,105.37,-64.1,197.9,6.56,82.9,-42.26,1.403,50.5,86,0.3732,0,1
NEU-002922,TreatmentA,B01,102.53,-61.37,196.6,14.38,121.2,-41.67,1.194,70.5,79,0.6416,1,1
NEU-002923,TreatmentA,B02,110.83,-68.26,295.2,17.57,57.7,-41.37,1.281,44.5,81,0.7297,0,1
NEU-002924,TreatmentA,B02,84.57,-62.97,205.9,12.22,121.1,-38.53,0.916,37.1,91,0.3048,0,1
NEU-002925,TreatmentB,B01,105.23,-69.53,228.4,8.65,25.4,-43.31,0.782,68.2,89,0.61,1,0
NEU-002926,TreatmentA,B02,97.9,-58.3,140.5,18.49,101.8,-36.98,0.814,76.9,87,0.6478,1,1
NEU-002927,TreatmentB,B01,65.46,-58.49,86.8,20.33,48.3,-46.2,1.681,71.9,86,0.6321,1,1
NEU-002928,TreatmentB,B02,100.73,-57.86,168.4,10.54,146.2,-40.6,0.675,58.3,69,0.3116,0,0
NEU-002929,Control,B03,105.79,-64.91,230.1,8.9,100.5,-45.35,1.014,39.8,81,0.6853,0,0
NEU-002930,TreatmentB,B02,109.17,-67.01,171.6,9.33,86.5,-44.95,1.452,70.4,84,0.1833,1,1
NEU-002931,TreatmentB,B01,89.0,-57.31,195.9,10.24,110.1,-43.97,0.697,54.6,87,0.3336,0,0
NEU-002932,TreatmentA,B02,94.04,-58.9,173.5,14.48,74.7,-46.23,0.797,46.5,82,0.2535,0,0
NEU-002933,Control,B03,113.59,-66.27,206.4,26.07,157.4,-46.96,1.16,6.3,75,0.494,0,1
NEU-002934,Control,B03,98.04,-59.61,84.8,8.24,137.7,-36.16,1.137,19.2,71,0.2614,0,1
NEU-002935,TreatmentA,B02,110.67,-60.81,150.9,13.65,86.5,-53.02,0.971,67.5,78,0.5141,0,1
NEU-002936,TreatmentB,B01,83.97,-59.16,249.1,21.37,121.4,-42.27,1.426,52.5,79,0.3632,1,0
NEU-002937,TreatmentA,B03,110.13,-59.09,127.8,9.68,48.5,-42.52,1.232,53.4,86,0.3584,1,0
NEU-002938,Control,B03,116.78,-74.92,128.7,8.06,173.1,-43.11,1.078,21.7,88,0.2782,1,0
NEU-002939,Control,B01,82.35,-59.34,119.3,17.9,168.9,-42.87,2.018,14.8,106,0.611,1,1
NEU-002940,TreatmentA,B02,123.42,-76.21,74.2,17.96,92.7,-45.11,0.807,48.4,116,0.2076,1,0
NEU-002941,Control,B02,113.24,-70.05,255.4,21.69,122.4,-32.39,0.888,14.9,96,0.6921,0,1
NEU-002942,Control,B02,91.65,-70.96,143.3,9.6,128.4,-32.5,0.683,36.9,93,0.2099,0,1
NEU-002943,Control,B02,119.41,-61.41,169.0,9.03,207.7,-39.49,0.73,21.6,81,0.4843,0,1
NEU-002944,Control,B01,90.83,-65.92,233.6,7.36,99.0,-38.14,0.774,57.3,88,0.4387,0,0
NEU-002945,TreatmentA,B02,73.17,-62.61,158.3,8.62,157.7,-34.21,0.821,39.3,95,0.421,1,1
NEU-002946,TreatmentB,B02,92.76,-66.81,138.2,17.82,115.3,-41.94,0.906,62.8,105,0.5227,1,1
NEU-002947,Control,B02,91.78,-64.42,137.9,8.33,130.8,-42.64,1.293,44.9,103,0.4459,0,1
NEU-002948,Control,B01,119.77,-63.56,194.5,8.13,217.9,-37.76,1.395,28.9,91,0.1515,0,1
NEU-002949,Control,B03,126.85,-59.8,461.5,13.25,152.5,-37.01,1.809,43.5,94,0.4044,0,1
NEU-002950,TreatmentB,B01,101.33,-64.83,358.9,6.78,95.0,-42.29,1.594,68.7,79,0.2952,1,1
NEU-002951,TreatmentA,B01,142.18,-64.63,475.7,31.24,86.8,-38.72,1.776,57.4,83,0.4023,1,1
NEU-002952,TreatmentA,B03,123.01,-66.92,163.5,14.84,173.6,-42.28,0.938,43.3,80,0.1169,0,0
NEU-002953,TreatmentA,B02,92.64,-62.28,135.8,12.62,108.5,-42.78,0.441,54.0,85,0.666,0,1
NEU-002954,Control,B02,67.58,-67.68,229.3,11.97,135.7,-39.9,0.926,41.1,77,0.2278,0,1
NEU-002955,Control,B02,101.76,-72.13,141.6,8.76,148.6,-47.16,0.92,59.0,82,0.3582,1,0
NEU-002956,TreatmentB,B02,113.02,-64.93,151.0,15.23,93.3,-41.86,1.213,55.7,95,0.2101,0,1
NEU-002957,TreatmentA,B03,96.88,-62.85,181.2,13.08,189.0,-41.5,0.864,28.1,100,0.4126,0,1
NEU-002958,TreatmentB,B01,102.59,-72.94,459.7,10.86,100.3,-38.63,1.114,43.6,87,0.3012,0,0
NEU-002959,TreatmentB,B03,113.47,-72.61,388.7,19.29,151.8,-45.34,1.129,69.8,91,0.5003,0,1
NEU-002960,TreatmentA,B03,90.03,-65.23,86.4,19.01,93.9,-47.83,0.685,43.4,101,0.1991,0,0
NEU-002961,TreatmentB,B02,88.43,-75.68,232.0,25.02,182.0,-37.88,1.162,65.2,102,0.3974,1,0
NEU-002962,TreatmentA,B01,75.8,-63.58,253.4,17.67,97.9,-48.72,1.674,50.1,63,0.2459,1,0
NEU-002963,TreatmentA,B03,73.53,-59.31,271.1,21.82,116.0,-37.27,0.866,14.8,83,0.4718,0,0
NEU-002964,Control,B02,106.97,-59.2,326.3,9.96,65.6,-44.64,0.591,29.7,83,0.2466,0,1
NEU-002965,TreatmentB,B01,93.2,-66.46,91.5,8.33,77.1,-46.37,1.138,56.3,92,0.4582,0,0
NEU-002966,Control,B01,109.25,-59.24,466.4,6.36,96.7,-45.41,0.829,33.6,89,0.4743,0,0
NEU-002967,TreatmentB,B01,120.09,-64.84,137.0,11.57,85.0,-38.53,1.647,39.8,75,0.4344,1,1
NEU-002968,Control,B03,108.73,-68.43,158.7,21.53,80.8,-49.5,2.267,48.8,85,0.1475,1,0
NEU-002969,Control,B03,95.33,-71.29,286.3,12.4,90.3,-45.19,1.313,44.9,102,0.2688,1,1
NEU-002970,Control,B02,108.94,-56.71,81.8,9.55,147.2,-49.05,0.788,41.3,84,0.386,0,0
NEU-002971,TreatmentA,B02,85.92,-66.73,217.1,11.18,107.8,-40.55,1.194,45.1,74,0.2809,0,1
NEU-002972,Control,B03,103.5,-63.12,336.3,6.08,65.6,-43.77,0.568,34.9,80,0.2882,0,1
NEU-002973,TreatmentB,B02,93.39,-64.94,102.6,6.13,83.0,-41.83,0.843,73.7,92,0.3278,1,1
NEU-002974,TreatmentA,B01,116.3,-68.48,172.1,16.57,110.0,-42.52,0.933,56.2,81,0.1194,0,0
NEU-002975,Control,B03,123.29,-60.23,268.6,16.12,102.4,-42.66,1.699,46.0,93,0.4519,0,0
NEU-002976,TreatmentB,B02,89.98,-60.81,130.1,13.55,154.6,-50.04,1.025,43.9,85,0.2084,1,0
NEU-002977,TreatmentA,B03,96.78,-69.6,195.3,8.65,70.6,-45.47,1.682,52.6,81,0.4891,1,0
NEU-002978,Control,B03,98.66,-59.5,195.7,15.39,89.3,-36.41,1.027,44.7,86,0.2709,0,0
NEU-002979,TreatmentB,B02,106.84,-57.57,161.8,13.94,114.5,-43.66,1.388,62.9,86,0.5613,1,0
NEU-002980,Control,B01,90.01,-62.65,153.2,16.67,146.4,-33.66,0.799,32.8,88,0.4658,0,1
NEU-002981,Control,B02,95.43,-72.21,133.1,6.26,149.3,-43.97,0.988,30.8,92,0.364,0,1
NEU-002982,Control,B03,104.5,-67.46,159.3,9.12,130.4,-40.31,1.019,37.7,101,0.322,1,1
NEU-002983,Control,B01,108.82,-70.84,163.2,10.8,134.0,-38.82,1.095,32.8,88,0.2774,1,1
NEU-002984,TreatmentB,B03,108.52,-70.9,182.1,11.81,100.9,-34.89,0.882,68.9,89,0.2308,1,0
NEU-002985,TreatmentB,B03,105.15,-55.5,206.4,11.09,91.3,-45.6,1.325,62.6,86,0.4196,0,1
NEU-002986,TreatmentA,B02,98.69,-70.58,241.7,13.39,164.7,-47.27,0.819,71.7,93,0.587,0,1
NEU-002987,Control,B01,98.85,-57.08,75.4,7.3,147.8,-45.71,0.908,38.2,73,0.2021,1,1
NEU-002988,TreatmentA,B01,91.72,-63.74,151.5,6.73,134.7,-40.48,1.122,36.7,64,0.4383,0,1
NEU-002989,Control,B02,112.33,-64.0,116.7,8.58,75.5,-44.04,1.487,45.2,87,0.471,1,1
NEU-002990,Control,B03,114.06,-64.77,179.0,10.73,110.2,-36.9,1.427,43.7,80,0.7842,1,0
NEU-002991,TreatmentB,B02,85.73,-59.07,245.8,7.29,120.6,-37.48,1.37,59.4,95,0.1742,0,1
NEU-002992,Control,B02,83.44,-58.67,106.2,6.97,173.3,-40.18,0.991,40.4,100,0.6371,1,0
NEU-002993,TreatmentB,B02,79.64,-75.55,324.6,18.32,16.3,-40.17,1.088,61.8,91,0.3351,0,0
NEU-002994,Control,B02,70.82,-74.22,142.1,7.77,157.4,-40.62,1.259,28.6,82,0.2685,0,1
NEU-002995,TreatmentA,B03,87.27,-59.2,361.1,27.45,97.9,-39.3,0.949,41.4,87,0.3782,0,0
NEU-002996,Control,B01,81.46,-65.03,259.9,13.78,92.6,-48.77,1.246,40.4,95,0.7915,0,1
NEU-002997,TreatmentA,B01,104.3,-71.13,191.8,21.88,146.6,-42.97,0.769,59.7,83,0.3631,0,0
NEU-002998,Control,B02,109.47,-67.99,76.8,7.99,101.3,-42.53,1.397,25.5,79,0.4304,0,1
NEU-002999,TreatmentA,B02,90.44,-64.5,177.1,7.61,67.8,-44.28,1.016,76.9,85,0.647,1,0
NEU-003000,TreatmentB,B01,105.49,-66.34,75.2,15.23,89.3,-36.84,0.912,65.9,83,0.2952,1,0
NEU-003001,TreatmentA,B03,123.95,-71.4,226.8,5.54,59.3,-44.0,1.513,52.9,80,0.4292,1,0
NEU-003002,Control,B03,67.86,-68.93,120.1,24.51,138.8,-42.28,1.458,50.5,85,0.2661,1,0
NEU-003003,TreatmentA,B01,132.48,-64.37,68.6,11.45,120.3,-41.77,1.171,62.4,88,0.2773,1,1
NEU-003004,TreatmentB,B01,89.49,-76.82,171.2,8.21,148.3,-43.51,0.959,41.7,76,0.3799,1,0
NEU-003005,Control,B03,112.45,-67.08,98.9,23.19,116.0,-47.23,0.963,47.1,73,0.3379,1,0
NEU-003006,TreatmentB,B01,83.89,-67.7,55.7,18.37,127.9,-39.98,0.912,50.2,69,0.2388,1,0
NEU-003007,Control,B03,89.59,-71.8,157.6,10.45,85.1,-35.73,0.831,36.8,89,0.5608,0,0
NEU-003008,TreatmentA,B03,110.96,-77.7,113.9,7.45,128.1,-44.11,1.277,38.4,66,0.3095,1,1
NEU-003009,TreatmentA,B02,84.01,-69.9,283.0,11.52,108.7,-40.33,0.885,63.6,85,0.1941,0,0
NEU-003010,TreatmentB,B01,105.41,-64.08,167.8,15.62,176.3,-43.92,0.702,66.4,87,0.2693,1,0
NEU-003011,Control,B02,93.64,-58.87,171.8,7.44,147.0,-48.18,0.923,49.9,87,0.2919,1,1
NEU-003012,TreatmentB,B02,100.12,-60.54,81.3,19.68,44.5,-48.42,1.227,31.2,87,0.2772,1,0
NEU-003013,Control,B03,122.88,-56.93,425.7,22.03,115.7,-45.58,1.089,19.2,79,0.3129,0,0
NEU-003014,Control,B03,84.0,-67.39,350.1,27.27,76.9,-49.38,1.244,64.4,84,0.3851,0,1
NEU-003015,Control,B01,97.48,-59.12,248.0,19.17,180.5,-47.53,0.643,15.3,79,0.3895,1,1
NEU-003016,TreatmentA,B03,102.83,-70.48,340.4,19.09,46.0,-52.04,1.021,63.8,84,0.2478,0,1
NEU-003017,TreatmentA,B02,100.16,-68.79,91.6,13.52,109.2,-44.02,1.419,41.3,82,0.4573,0,1
NEU-003018,Control,B03,89.33,-54.54,172.5,18.69,91.2,-42.8,0.839,24.2,69,0.569,0,0
NEU-003019,TreatmentA,B02,107.24,-62.7,140.4,12.93,137.5,-37.99,0.85,49.8,96,0.4411,0,1
NEU-003020,TreatmentA,B02,117.73,-52.06,241.7,11.09,93.0,-43.97,0.779,69.2,75,0.513,0,0
NEU-003021,TreatmentA,B02,113.73,-61.97,590.7,25.97,53.7,-34.04,0.635,41.0,88,0.305,0,0
NEU-003022,Control,B02,132.69,-61.55,168.2,12.15,89.6,-38.77,1.377,41.9,73,0.389,1,1
NEU-003023,TreatmentB,B01,97.23,-58.37,139.9,18.35,65.8,-38.88,1.263,69.8,82,0.4433,1,0
NEU-003024,TreatmentA,B03,111.04,-69.0,247.8,16.35,118.0,-34.83,1.177,59.1,72,0.1922,0,0
NEU-003025,TreatmentA,B01,98.02,-70.88,157.6,14.79,74.2,-40.16,0.889,53.2,91,0.3251,0,0
NEU-003026,TreatmentB,B01,81.02,-67.6,433.9,13.5,121.8,-43.77,0.455,70.1,97,0.6002,0,1
NEU-003027,TreatmentB,B01,116.15,-61.12,113.9,17.65,69.9,-44.21,1.06,53.4,83,0.5051,1,1
NEU-003028,TreatmentA,B03,81.73,-65.4,149.9,37.94,201.1,-40.68,0.828,30.1,84,0.2532,0,0
NEU-003029,TreatmentA,B03,116.37,-51.51,273.7,10.6,144.7,-43.55,1.298,34.4,75,0.6217,0,0
NEU-003030,Control,B03,102.03,-76.7,126.8,15.31,130.6,-47.79,0.941,43.1,73,0.2126,1,0
NEU-003031,Control,B02,123.64,-66.05,221.2,6.08,159.9,-41.61,0.789,29.9,86,0.2372,0,1
NEU-003032,TreatmentA,B02,102.51,-53.8,73.5,15.86,179.9,-46.87,1.008,68.6,72,0.4377,1,0
NEU-003033,Control,B03,114.62,-64.49,105.1,18.94,107.2,-43.63,0.74,40.9,74,0.5348,1,1
NEU-003034,Control,B03,87.85,-70.75,84.5,10.15,151.2,-36.62,1.114,55.9,86,0.342,0,1
NEU-003035,Control,B02,116.3,-63.08,213.4,9.57,154.7,-45.94,1.105,35.4,81,0.2448,1,1
NEU-003036,Control,B02,102.4,-73.57,310.4,10.46,94.6,-39.93,1.375,51.9,84,0.411,0,0
NEU-003037,TreatmentB,B02,99.18,-64.17,159.6,24.83,49.5,-45.73,1.154,55.4,88,0.36,1,0
NEU-003038,TreatmentB,B03,107.55,-69.63,231.5,12.34,109.1,-38.12,0.994,64.2,91,0.3662,1,0
NEU-003039,TreatmentA,B03,108.86,-76.0,170.8,5.76,76.4,-38.71,1.265,48.0,84,0.4663,0,0
NEU-003040,TreatmentA,B01,105.97,-65.38,109.2,9.28,168.3,-43.91,1.387,64.0,84,0.4383,0,1
NEU-003041,TreatmentA,B02,97.43,-69.66,379.0,11.48,32.0,-42.12,1.361,38.7,92,0.4353,0,0
NEU-003042,TreatmentB,B03,118.95,-70.72,203.8,14.87,95.8,-36.02,1.103,69.0,90,0.2632,1,0
NEU-003043,TreatmentA,B02,82.52,-72.43,330.6,20.66,111.6,-38.38,1.084,54.0,84,0.6905,0,1
NEU-003044,Control,B02,64.57,-60.52,133.6,11.43,126.3,-43.17,0.961,49.3,89,0.335,1,1
NEU-003045,TreatmentA,B03,103.87,-64.65,210.5,7.49,74.9,-44.3,1.399,59.2,91,0.3075,0,1
NEU-003046,TreatmentA,B01,137.34,-63.12,256.6,21.49,45.3,-48.42,1.083,47.4,102,0.2397,0,0
NEU-003047,TreatmentA,B01,111.92,-62.4,107.3,21.03,120.4,-47.06,1.042,49.5,90,0.6099,0,1
NEU-003048,TreatmentB,B01,82.84,-67.59,129.2,10.8,134.1,-43.51,1.084,62.8,71,0.3567,0,1
NEU-003049,TreatmentA,B02,114.46,-67.35,144.7,8.5,175.9,-42.47,0.576,62.7,96,0.5435,0,0
NEU-003050,TreatmentA,B03,103.1,-57.26,393.1,19.27,53.0,-35.18,0.841,33.8,89,0.2747,0,0
NEU-003051,TreatmentA,B02,120.45,-49.23,339.2,13.45,80.9,-36.1,0.735,50.6,80,0.0889,0,0
NEU-003052,TreatmentA,B02,80.93,-59.32,176.9,14.27,95.5,-50.28,1.174,69.7,89,0.351,1,0
NEU-003053,Control,B03,138.52,-67.52,155.7,9.37,136.8,-33.09,0.898,30.8,79,0.1704,0,1
NEU-003054,TreatmentA,B01,105.87,-64.52,61.9,8.19,44.0,-49.01,0.929,70.2,67,0.3111,1,1
NEU-003055,TreatmentB,B02,99.65,-64.63,280.6,8.13,78.4,-46.58,1.294,66.5,80,0.306,1,1
NEU-003056,Control,B03,111.56,-66.06,204.7,10.88,171.5,-37.46,1.177,20.2,87,0.4169,0,1
NEU-003057,TreatmentB,B02,112.79,-71.02,253.6,8.94,46.2,-38.88,0.796,54.7,86,0.2617,0,1
NEU-003058,TreatmentB,B01,101.44,-71.41,331.4,16.39,55.0,-40.78,1.022,59.2,94,0.2943,1,0
NEU-003059,Control,B03,96.77,-64.36,215.1,9.05,57.7,-41.64,0.805,69.2,90,0.2429,1,1
NEU-003060,Control,B01,117.48,-56.76,219.0,13.49,112.6,-43.6,1.212,54.9,99,0.5006,0,1
NEU-003061,Control,B01,96.58,-62.86,117.3,19.15,121.7,-34.78,1.162,39.4,85,0.2383,1,1
NEU-003062,Control,B02,107.09,-62.96,171.1,10.91,110.2,-41.33,0.815,24.7,77,0.4013,0,1
NEU-003063,TreatmentB,B02,89.72,-57.58,287.0,14.57,103.5,-44.56,1.318,58.1,80,0.4588,1,1
NEU-003064,TreatmentA,B03,90.61,-55.95,316.7,10.82,130.6,-41.46,0.896,48.8,93,0.3465,1,0
NEU-003065,TreatmentB,B02,107.16,-71.95,148.8,37.2,90.8,-45.64,0.81,37.9,77,0.1742,1,0
NEU-003066,Control,B03,113.02,-62.53,97.8,11.17,119.9,-35.14,1.133,58.2,91,0.4524,1,0
NEU-003067,Control,B01,95.27,-68.41,169.2,11.06,96.3,-45.17,0.921,32.0,89,0.5083,0,0
NEU-003068,TreatmentB,B03,97.81,-61.43,172.2,18.7,78.3,-41.12,1.031,74.5,107,0.3991,1,1
NEU-003069,Control,B01,93.77,-66.26,259.6,8.6,143.8,-37.78,0.739,44.1,85,0.1907,0,1
NEU-003070,TreatmentA,B01,118.84,-55.88,341.8,10.03,109.1,-44.85,0.542,61.3,90,0.594,0,0
NEU-003071,TreatmentA,B01,111.24,-65.67,265.6,7.62,125.4,-34.2,0.831,61.1,90,0.5133,0,1
NEU-003072,Control,B02,108.28,-67.39,272.8,17.73,160.6,-43.84,0.618,34.6,74,0.3774,0,1
NEU-003073,TreatmentB,B01,100.07,-65.31,165.3,16.23,-3.2,-46.04,1.05,68.8,83,0.326,1,1
NEU-003074,TreatmentA,B01,97.98,-64.83,97.2,27.9,84.8,-38.01,1.344,40.1,84,0.2616,0,0
NEU-003075,Control,B01,65.34,-55.1,110.0,15.98,122.8,-49.07,1.105,14.5,87,0.2231,0,0
NEU-003076,Control,B02,124.41,-63.0,125.6,10.94,154.9,-41.71,1.313,26.2,91,0.3259,0,1
NEU-003077,TreatmentA,B02,119.08,-58.11,276.1,10.49,112.6,-44.34,1.172,78.1,76,0.2282,1,0
NEU-003078,TreatmentB,B03,85.67,-60.62,147.3,6.63,86.5,-37.17,1.224,66.5,75,0.5502,1,0
NEU-003079,TreatmentA,B01,103.06,-66.43,205.9,11.0,112.0,-44.25,0.67,39.2,83,0.4979,0,0
NEU-003080,Control,B01,88.36,-62.16,201.7,11.83,62.5,-39.22,0.845,45.6,105,0.3002,1,1
NEU-003081,TreatmentB,B01,82.99,-66.71,358.8,10.5,127.9,-43.37,0.812,42.7,87,0.5321,0,1
NEU-003082,Control,B03,78.32,-65.49,77.0,10.55,155.1,-41.98,1.0,38.1,94,0.6812,1,0
NEU-003083,Control,B03,130.78,-74.12,369.1,20.81,71.5,-40.58,0.889,59.5,81,0.3866,0,1
NEU-003084,TreatmentB,B01,121.23,-56.93,173.8,8.91,140.2,-45.44,0.992,66.3,73,0.6703,1,0
NEU-003085,TreatmentB,B03,108.06,-61.67,147.2,7.3,82.3,-39.4,1.713,55.4,78,0.3748,1,1
NEU-003086,TreatmentB,B01,101.06,-76.31,270.8,12.92,97.9,-44.69,1.18,71.0,94,0.6657,1,0
NEU-003087,TreatmentB,B03,96.66,-65.54,117.1,8.18,1.5,-38.05,1.712,74.9,91,0.3387,1,1
NEU-003088,TreatmentA,B03,79.73,-68.99,78.1,17.36,88.2,-45.65,1.972,60.7,84,0.5788,1,0
NEU-003089,TreatmentA,B02,85.19,-57.47,425.0,16.18,134.1,-45.16,1.14,26.7,72,0.3147,0,0
NEU-003090,TreatmentB,B01,114.88,-72.31,67.6,7.85,91.0,-45.68,1.161,58.4,87,0.4767,1,0
NEU-003091,Control,B02,97.69,-66.35,147.0,18.41,120.2,-47.26,0.921,39.0,86,0.2748,1,0
NEU-003092,TreatmentB,B01,81.18,-68.28,146.6,9.94,70.8,-43.38,1.136,81.1,68,0.4142,1,1
NEU-003093,TreatmentB,B03,109.19,-67.82,247.9,10.34,75.7,-45.67,1.218,44.7,77,0.3688,0,1
NEU-003094,TreatmentB,B02,108.82,-69.78,110.3,19.88,196.9,-40.25,1.111,55.8,78,0.5013,1,1
NEU-003095,TreatmentB,B02,90.82,-60.64,127.6,14.57,86.9,-46.71,1.258,40.5,89,0.4492,0,0
NEU-003096,Control,B03,93.98,-61.89,91.0,11.14,19.9,-37.23,0.595,27.3,77,0.1399,0,1
NEU-003097,TreatmentA,B03,85.94,-63.53,292.9,10.71,107.1,-34.84,0.767,48.3,91,0.5689,0,0
NEU-003098,TreatmentB,B01,138.8,-61.34,169.9,19.84,144.9,-45.59,1.036,75.9,75,0.5345,1,1
NEU-003099,Control,B01,91.02,-67.11,222.6,7.46,86.0,-41.94,1.02,34.9,99,0.2462,0,1
NEU-003100,Control,B03,105.34,-74.66,208.9,9.18,69.5,-35.72,1.136,29.1,98,0.2932,0,0
NEU-003101,TreatmentB,B03,81.65,-67.87,181.0,14.05,81.3,-43.79,0.94,56.7,78,0.502,0,1
NEU-003102,TreatmentB,B02,108.3,-71.47,142.1,12.93,113.1,-32.25,1.221,51.6,99,0.2772,0,0
NEU-003103,Control,B01,93.34,-69.42,180.4,21.84,164.2,-43.35,2.081,34.2,67,0.2454,1,0
NEU-003104,TreatmentB,B01,109.94,-70.08,99.6,7.47,119.4,-43.46,1.221,68.1,72,0.377,1,0
NEU-003105,Control,B01,79.27,-63.09,265.5,12.36,105.8,-40.3,1.171,40.6,79,0.3711,0,1
NEU-003106,TreatmentB,B02,89.51,-71.86,293.3,33.67,156.6,-37.3,0.981,55.3,109,0.4715,0,1
NEU-003107,TreatmentA,B03,113.23,-53.74,162.7,13.59,94.8,-42.38,0.691,74.1,83,0.3337,1,0
NEU-003108,TreatmentA,B01,96.59,-51.06,265.7,18.26,92.6,-39.81,0.779,49.1,82,0.3036,1,0
NEU-003109,TreatmentA,B03,109.17,-66.22,119.3,21.33,126.8,-42.46,0.648,27.6,76,0.263,0,1
NEU-003110,TreatmentB,B03,101.85,-60.32,79.0,6.9,116.8,-49.0,0.866,50.9,77,0.387,1,1
NEU-003111,Control,B03,74.0,-68.26,219.1,26.45,135.5,-49.18,0.964,45.3,91,0.6669,0,1
NEU-003112,TreatmentA,B03,84.42,-63.98,308.5,9.65,67.6,-37.55,1.557,48.2,82,0.2028,0,1
NEU-003113,TreatmentB,B02,105.99,-66.18,146.1,12.57,76.9,-48.97,1.21,30.5,90,0.3923,0,1
NEU-003114,Control,B02,90.6,-74.75,146.8,16.63,109.7,-40.31,0.907,34.8,68,0.3814,1,0
NEU-003115,TreatmentA,B03,86.15,-70.5,513.6,13.96,15.8,-42.87,0.928,40.6,88,0.5575,0,1
NEU-003116,Control,B01,117.09,-57.79,253.6,18.49,159.5,-42.01,1.211,50.5,98,0.3005,1,0
NEU-003117,Control,B01,94.77,-61.2,222.7,12.94,124.7,-35.83,1.004,67.0,88,0.3432,1,1
NEU-003118,TreatmentB,B01,72.61,-67.21,256.9,19.37,71.2,-43.78,1.125,27.7,90,0.5102,0,1
NEU-003119,Control,B03,77.03,-73.74,200.0,9.18,129.7,-41.01,0.884,25.3,88,0.4691,0,0
NEU-003120,TreatmentB,B02,86.85,-68.6,104.8,14.25,108.4,-41.07,0.821,65.6,77,0.2479,1,1
NEU-003121,TreatmentA,B03,83.88,-74.98,138.8,10.75,154.2,-38.82,1.109,40.2,89,0.4187,0,0
NEU-003122,Control,B03,94.36,-68.93,141.0,13.17,105.4,-44.0,1.075,39.9,79,0.167,1,1
NEU-003123,Control,B02,99.91,-71.11,177.2,11.91,109.7,-41.96,1.269,47.4,85,0.5453,1,0
NEU-003124,TreatmentA,B03,102.37,-66.11,174.4,26.51,109.0,-38.09,1.138,58.1,83,0.4669,0,1
NEU-003125,TreatmentB,B01,99.76,-63.64,92.2,14.17,37.6,-38.76,1.33,47.6,73,0.3204,1,1
NEU-003126,Control,B03,128.63,-61.71,171.3,13.8,43.5,-43.93,1.373,21.6,73,0.5349,0,1
NEU-003127,TreatmentA,B01,126.45,-66.28,228.4,6.33,107.0,-39.79,1.192,76.3,79,0.4122,1,1
NEU-003128,TreatmentB,B02,120.14,-66.07,307.0,27.49,139.9,-40.03,0.936,76.8,97,0.4574,1,1
NEU-003129,TreatmentA,B01,87.62,-59.01,98.4,12.02,141.1,-37.39,1.343,61.9,78,0.2165,1,0
NEU-003130,TreatmentB,B01,79.84,-71.84,257.6,14.51,106.3,-46.79,0.897,55.8,83,0.4022,1,0
NEU-003131,TreatmentB,B02,98.41,-65.91,197.4,7.12,97.6,-44.3,1.432,77.8,96,0.7218,0,0
NEU-003132,TreatmentB,B03,92.05,-70.48,114.4,16.12,56.5,-38.01,0.657,40.9,90,0.2985,0,0
NEU-003133,TreatmentB,B02,95.75,-60.35,180.8,15.91,31.2,-41.68,1.145,30.1,90,0.1763,1,0
NEU-003134,TreatmentA,B02,103.58,-68.55,133.9,19.56,160.5,-45.19,1.167,44.8,87,0.2033,0,0
NEU-003135,TreatmentA,B03,93.84,-64.52,166.1,10.6,126.6,-42.64,0.624,48.1,77,0.4564,0,1
NEU-003136,TreatmentB,B02,85.42,-73.4,203.2,5.89,111.3,-44.51,0.878,50.3,86,0.3112,1,1
NEU-003137,Control,B01,103.15,-63.65,389.5,13.86,189.6,-35.71,1.254,56.3,75,0.849,0,1
NEU-003138,TreatmentB,B03,84.88,-76.07,321.1,20.93,87.9,-29.65,2.207,75.4,79,0.458,1,0
NEU-003139,TreatmentB,B03,113.22,-57.88,177.7,16.34,81.1,-38.48,0.784,57.2,99,0.6095,1,0
NEU-003140,TreatmentA,B01,90.98,-60.89,50.9,12.15,100.4,-45.43,1.032,36.0,87,0.3747,0,1
NEU-003141,TreatmentB,B02,90.72,-67.08,177.3,3.1,112.7,-42.1,0.891,56.4,75,0.2422,1,1
NEU-003142,TreatmentA,B01,85.77,-63.18,116.4,11.93,91.6,-47.59,2.198,38.8,72,0.6196,1,1
NEU-003143,TreatmentB,B02,95.94,-61.59,144.7,14.67,97.9,-35.35,1.351,56.2,95,0.4307,1,0
NEU-003144,Control,B03,76.99,-63.89,68.3,22.92,175.9,-40.86,1.079,35.9,87,0.8114,0,1
NEU-003145,TreatmentB,B01,103.41,-74.91,306.0,20.33,66.9,-43.61,1.049,65.1,78,0.2873,0,0
NEU-003146,Control,B03,111.5,-54.41,291.7,11.5,78.9,-38.9,1.226,11.4,95,0.4517,0,0
NEU-003147,Control,B03,97.29,-67.23,245.3,14.55,148.5,-41.08,0.72,38.6,83,0.4725,0,0
NEU-003148,Control,B03,87.72,-65.21,236.8,13.64,155.8,-37.81,1.276,30.6,73,0.6214,0,1
NEU-003149,TreatmentB,B02,95.36,-64.4,259.1,9.96,78.1,-36.35,0.877,42.7,71,0.3495,0,1
NEU-003150,TreatmentA,B02,89.0,-77.3,105.2,29.78,2.1,-41.41,0.843,43.0,81,0.5913,1,1
NEU-003151,TreatmentA,B01,80.61,-70.25,275.6,13.63,55.5,-42.37,0.935,49.8,70,0.4368,1,0
NEU-003152,Control,B02,72.87,-57.86,319.8,12.22,177.0,-49.45,0.66,18.4,94,0.3555,0,1
NEU-003153,Control,B01,71.21,-65.46,202.2,17.62,187.5,-42.6,1.143,53.0,94,0.4514,0,1
NEU-003154,TreatmentB,B02,104.88,-57.41,165.5,21.73,76.3,-47.2,0.614,69.2,106,0.2714,0,0
NEU-003155,TreatmentB,B03,96.83,-56.38,146.5,12.77,75.2,-35.49,1.774,31.4,98,0.4355,0,0
NEU-003156,TreatmentB,B01,84.74,-54.77,141.9,17.69,67.8,-41.95,0.76,28.5,73,0.3474,0,0
NEU-003157,Control,B01,89.07,-72.73,224.4,12.5,159.5,-47.93,0.716,76.4,85,0.2961,1,1
NEU-003158,TreatmentB,B03,80.29,-61.82,219.7,13.86,73.9,-41.29,0.544,65.9,75,0.3931,0,1
NEU-003159,TreatmentA,B02,75.44,-73.5,156.4,17.35,132.8,-44.33,1.392,65.0,80,0.2004,0,0
NEU-003160,Control,B03,91.23,-63.72,277.8,25.97,152.9,-38.41,0.584,65.9,84,0.3932,1,0
NEU-003161,TreatmentB,B01,107.55,-60.65,194.5,20.66,76.9,-45.58,1.545,67.6,87,0.2549,1,0
NEU-003162,TreatmentA,B01,96.95,-65.33,138.1,17.32,59.3,-39.44,0.915,45.1,79,0.5286,1,0
NEU-003163,TreatmentA,B01,89.72,-70.94,113.5,13.01,71.5,-44.49,1.167,47.5,82,0.5545,1,1
NEU-003164,TreatmentB,B01,104.91,-67.4,187.3,6.32,104.6,-39.75,1.013,62.8,86,0.6066,0,0
NEU-003165,TreatmentA,B01,111.65,-63.44,210.5,9.2,38.5,-50.28,1.129,56.5,90,0.1904,0,1
NEU-003166,TreatmentA,B03,66.04,-63.38,186.9,17.88,153.8,-41.64,1.354,47.8,84,0.5019,1,1
NEU-003167,Control,B03,92.95,-64.07,177.7,16.27,178.2,-45.1,1.415,43.0,105,0.5565,1,1
NEU-003168,TreatmentB,B03,114.29,-72.18,146.6,12.11,56.3,-42.59,1.045,35.9,83,0.2986,0,1
NEU-003169,TreatmentB,B02,99.69,-54.26,115.7,12.86,77.1,-44.34,1.077,51.0,93,0.4526,1,0
NEU-003170,TreatmentB,B03,106.24,-65.88,86.7,21.1,32.2,-40.98,0.98,82.4,106,0.2555,1,1
NEU-003171,TreatmentB,B03,96.26,-53.49,230.6,15.34,67.0,-36.06,0.866,43.6,94,0.3871,1,0
NEU-003172,Control,B01,98.62,-72.55,268.3,8.48,135.6,-41.23,2.372,37.5,66,0.3955,0,0
NEU-003173,TreatmentA,B01,78.9,-68.62,188.9,17.48,108.8,-46.81,0.572,53.6,70,0.5642,0,1
NEU-003174,Control,B02,108.13,-74.8,134.1,20.8,141.6,-49.78,0.952,54.5,91,0.4684,1,0
NEU-003175,Control,B03,95.31,-65.66,242.3,17.75,144.8,-51.72,0.918,21.2,81,0.4059,1,1
NEU-003176,TreatmentA,B02,93.89,-61.97,115.0,16.3,141.3,-47.72,0.622,45.8,92,0.5758,0,0
NEU-003177,TreatmentB,B02,89.9,-62.19,310.5,16.5,115.0,-45.12,1.072,68.4,97,0.1469,1,0
NEU-003178,TreatmentB,B01,110.76,-63.31,337.7,12.57,57.0,-40.38,0.786,75.6,78,0.0951,0,1
NEU-003179,Control,B01,74.71,-64.14,220.9,12.83,140.7,-42.14,0.55,47.1,71,0.2144,1,1
NEU-003180,TreatmentB,B02,110.96,-65.51,122.6,19.2,136.8,-42.56,0.84,60.3,89,0.4648,1,1
NEU-003181,TreatmentB,B03,69.39,-62.23,101.5,24.45,108.7,-41.72,0.88,62.3,95,0.3991,1,1
NEU-003182,TreatmentA,B03,111.52,-65.57,197.1,11.28,146.2,-45.78,1.156,21.3,92,0.3685,0,1
NEU-003183,TreatmentB,B02,112.77,-63.69,170.3,23.13,61.3,-41.94,1.835,69.7,96,0.2688,1,0
NEU-003184,Control,B03,88.34,-68.26,151.4,8.69,145.1,-43.84,0.726,54.0,80,0.5594,1,0
NEU-003185,TreatmentA,B01,114.55,-66.17,115.1,8.79,154.8,-41.05,0.856,51.0,81,0.6708,1,0
NEU-003186,Control,B03,116.23,-68.51,297.6,17.56,192.5,-35.51,1.376,52.0,91,0.2889,1,0
NEU-003187,TreatmentB,B02,93.83,-62.74,192.7,10.16,72.0,-41.92,1.1,69.6,85,0.1849,1,1
NEU-003188,TreatmentA,B03,106.76,-59.8,150.3,18.35,175.8,-44.87,0.529,8.5,92,0.518,0,1
NEU-003189,TreatmentA,B03,131.28,-63.9,255.3,7.67,150.7,-43.83,1.041,46.7,73,0.5261,0,0
NEU-003190,TreatmentB,B02,79.43,-64.58,149.2,14.13,75.2,-44.59,1.219,82.4,96,0.1712,1,1
NEU-003191,TreatmentA,B02,127.05,-67.41,315.2,10.58,71.8,-37.4,1.317,40.0,73,0.516,0,0
NEU-003192,TreatmentB,B01,118.9,-68.08,145.4,10.11,69.4,-39.78,1.287,67.0,99,0.3418,1,1
NEU-003193,Control,B01,103.15,-62.09,226.7,20.91,116.2,-43.81,0.729,42.1,90,0.7103,0,1
NEU-003194,Control,B03,108.73,-61.23,195.4,6.68,131.8,-40.14,1.108,50.5,85,0.2875,0,0
NEU-003195,Control,B02,80.31,-64.31,206.1,20.98,156.2,-32.15,1.342,46.7,62,0.1215,1,0
NEU-003196,TreatmentB,B02,90.49,-62.37,301.0,14.24,134.2,-39.88,1.822,73.5,92,0.4928,1,1
NEU-003197,Control,B01,100.45,-65.1,150.6,10.11,132.0,-46.67,0.9,25.4,85,0.221,0,1
NEU-003198,TreatmentB,B02,102.47,-61.66,172.3,32.69,73.5,-40.78,1.277,74.0,72,0.3585,1,0
NEU-003199,TreatmentA,B02,83.06,-53.52,206.2,24.44,135.1,-44.22,1.0,40.9,67,0.6845,1,1
NEU-003200,Control,B02,82.17,-69.67,79.2,9.88,83.3,-38.54,0.68,45.8,90,0.5097,0,0
NEU-003201,TreatmentA,B02,80.3,-72.15,123.4,21.43,131.0,-41.88,1.356,55.7,73,0.5111,1,1
NEU-003202,Control,B03,102.5,-67.74,594.7,18.06,125.8,-38.85,1.102,45.1,90,0.4374,0,1
NEU-003203,TreatmentA,B02,92.59,-67.14,182.8,7.85,151.0,-44.57,0.855,60.1,81,0.1391,0,1
NEU-003204,TreatmentB,B01,101.5,-71.89,146.0,17.58,47.4,-43.39,1.603,68.9,83,0.5997,1,1
NEU-003205,Control,B03,101.86,-66.38,357.2,7.87,167.0,-48.41,1.207,33.8,85,0.186,0,1
NEU-003206,Control,B02,95.53,-64.21,212.7,11.35,96.3,-44.45,0.789,22.5,93,0.3303,1,1
NEU-003207,TreatmentA,B02,82.55,-73.32,495.8,14.1,212.3,-43.81,0.685,25.0,79,0.4082,0,0
NEU-003208,Control,B01,74.85,-70.2,97.5,16.1,64.8,-38.0,0.973,49.9,94,0.3447,1,0
NEU-003209,Control,B01,94.68,-55.8,73.5,13.76,148.4,-42.21,1.541,33.6,83,0.4136,1,0
NEU-003210,Control,B03,99.45,-63.55,134.7,13.28,174.7,-41.8,0.744,46.0,79,0.6604,0,1
NEU-003211,Control,B01,92.78,-60.75,225.5,7.75,136.7,-33.48,1.187,49.1,88,0.1579,1,1
NEU-003212,TreatmentA,B03,73.07,-56.06,112.1,26.4,86.7,-37.03,1.682,56.1,78,0.1081,1,0
NEU-003213,TreatmentB,B02,80.47,-64.53,192.5,8.55,63.7,-40.81,1.084,41.9,83,0.3501,1,1
NEU-003214,Control,B01,109.52,-68.73,199.6,17.5,153.3,-47.76,1.766,64.6,99,0.4925,1,0
NEU-003215,TreatmentA,B03,113.66,-75.39,356.7,9.69,99.1,-42.6,0.832,53.5,91,0.4073,0,0
NEU-003216,TreatmentA,B03,101.68,-70.13,125.0,22.16,157.5,-48.41,0.791,40.5,101,0.6739,0,1
NEU-003217,TreatmentB,B01,107.04,-61.17,136.7,14.4,126.8,-42.21,0.687,72.1,84,0.2036,1,1
NEU-003218,Control,B02,112.85,-67.14,177.8,9.55,155.2,-33.17,0.794,31.5,80,0.0388,0,1
NEU-003219,TreatmentB,B01,92.11,-67.96,189.4,22.29,63.8,-42.18,1.569,56.4,80,0.2737,1,0
NEU-003220,Control,B03,110.23,-70.37,531.9,13.27,76.5,-44.79,0.787,26.8,88,0.5756,0,0
NEU-003221,TreatmentB,B03,102.42,-65.41,129.9,21.81,139.4,-38.95,1.011,60.3,91,0.6067,1,1
NEU-003222,TreatmentB,B03,103.29,-61.01,283.5,22.87,106.6,-42.36,1.583,71.7,93,0.3528,1,0
NEU-003223,TreatmentB,B02,99.99,-58.33,177.2,10.64,28.1,-39.04,0.821,46.1,89,0.6061,0,0
NEU-003224,TreatmentB,B01,118.88,-67.67,143.9,23.72,113.6,-36.62,1.846,80.9,86,0.6365,1,1
NEU-003225,TreatmentA,B03,88.53,-59.97,208.2,20.42,192.6,-39.44,0.961,19.9,91,0.4984,0,1
NEU-003226,TreatmentB,B01,83.44,-64.32,241.3,11.26,85.2,-36.68,1.811,48.7,98,0.2846,0,0
NEU-003227,TreatmentB,B01,117.25,-58.93,86.2,27.62,98.5,-40.6,0.931,59.2,85,0.3863,1,0
NEU-003228,TreatmentA,B01,101.03,-61.96,129.8,20.29,159.1,-43.88,1.072,48.9,83,0.3906,1,1
NEU-003229,TreatmentB,B03,103.51,-70.75,379.9,11.02,138.4,-45.5,1.656,74.4,90,0.0562,1,1
NEU-003230,TreatmentA,B02,107.88,-61.09,205.9,8.59,110.4,-39.84,1.199,56.9,76,0.5011,0,0
NEU-003231,Control,B02,98.1,-56.95,131.3,9.04,70.2,-40.61,1.923,49.8,91,0.4499,1,0
NEU-003232,TreatmentB,B02,117.84,-59.81,253.2,20.36,22.6,-31.35,0.774,57.4,86,0.3005,0,0
NEU-003233,TreatmentA,B02,97.73,-67.86,120.7,10.22,85.6,-41.91,1.161,59.7,89,0.5576,1,1
NEU-003234,TreatmentA,B03,95.49,-67.02,137.5,10.87,85.4,-38.8,1.103,49.9,84,0.2371,1,1
NEU-003235,Control,B01,91.52,-67.33,107.9,19.51,69.2,-42.23,1.035,36.4,87,0.1736,0,0
NEU-003236,TreatmentB,B02,102.74,-68.17,113.2,16.81,121.4,-43.78,0.726,70.2,76,0.561,1,1
NEU-003237,TreatmentB,B03,120.17,-70.0,185.1,18.61,62.3,-40.39,0.913,59.1,89,0.3287,0,0
NEU-003238,Control,B01,86.88,-66.08,250.0,13.24,169.9,-41.45,0.603,34.8,87,0.319,0,1
NEU-003239,TreatmentB,B01,93.04,-70.17,86.0,11.95,105.8,-35.09,0.826,65.2,81,0.2972,1,1
NEU-003240,TreatmentA,B02,109.52,-70.64,77.4,27.55,157.5,-40.48,0.68,35.7,87,0.3588,0,0
NEU-003241,TreatmentA,B01,98.68,-67.6,176.0,12.02,128.9,-42.3,0.794,73.6,87,0.4899,1,0
NEU-003242,Control,B02,123.23,-77.83,89.0,8.73,179.2,-44.25,1.036,20.5,95,0.6533,0,0
NEU-003243,Control,B02,96.02,-66.41,188.1,8.44,222.3,-39.05,0.91,41.0,78,0.7375,0,0
NEU-003244,Control,B03,123.01,-59.92,171.9,14.82,147.0,-41.38,0.734,12.3,73,0.3905,0,0
NEU-003245,TreatmentB,B02,84.19,-67.97,286.9,14.18,128.3,-45.42,1.249,63.4,87,0.6484,0,1
NEU-003246,TreatmentA,B01,106.92,-72.92,96.5,11.15,53.2,-37.56,0.797,37.3,87,0.3368,1,0
NEU-003247,TreatmentA,B03,74.44,-61.2,235.2,18.46,110.5,-44.93,0.907,54.1,81,0.1671,0,0
NEU-003248,Control,B03,103.75,-60.32,164.5,17.85,177.3,-42.77,1.171,38.3,82,0.4681,0,0
NEU-003249,Control,B03,101.43,-60.42,213.1,14.9,133.8,-38.9,1.083,41.1,97,0.1066,0,0
NEU-003250,Control,B01,117.77,-72.34,209.8,22.21,158.3,-48.93,1.066,15.9,89,0.1478,1,0
NEU-003251,TreatmentA,B03,93.96,-66.08,188.0,12.66,76.2,-46.76,0.748,62.2,73,0.3825,0,1
NEU-003252,Control,B01,101.99,-69.13,492.5,32.16,95.9,-47.38,0.791,37.3,80,0.3389,0,1
NEU-003253,TreatmentA,B02,87.53,-65.6,82.5,20.99,124.9,-35.53,0.993,44.6,102,0.5468,0,1
NEU-003254,Control,B02,89.86,-71.74,143.1,11.95,144.1,-38.14,0.813,35.1,80,0.7962,1,0
NEU-003255,TreatmentB,B01,110.77,-73.32,132.0,14.07,-2.8,-46.44,0.882,69.2,80,0.5106,1,0
NEU-003256,Control,B01,54.31,-75.74,292.6,20.64,202.0,-43.81,1.103,31.6,82,0.4075,0,0
NEU-003257,TreatmentB,B01,93.22,-63.45,131.3,15.16,48.3,-42.79,0.83,45.6,82,0.1588,0,1
NEU-003258,TreatmentB,B01,94.25,-63.39,132.3,24.63,126.1,-42.22,1.066,55.3,83,0.3231,1,0
NEU-003259,TreatmentA,B02,79.28,-68.01,207.6,18.91,134.6,-34.63,1.23,80.2,76,0.4019,1,1
NEU-003260,Control,B03,110.19,-60.1,85.3,35.18,150.3,-37.23,0.875,51.1,99,0.439,1,1
NEU-003261,TreatmentB,B02,104.5,-59.11,163.0,9.03,9.2,-43.56,0.779,68.4,96,0.4196,1,1
NEU-003262,Control,B01,98.98,-62.67,75.6,14.21,64.8,-39.11,0.754,56.5,80,0.649,1,1
NEU-003263,Control,B03,105.55,-63.66,273.8,10.95,49.0,-38.78,1.22,40.1,84,0.4255,0,1
NEU-003264,TreatmentB,B01,99.28,-71.2,143.6,15.55,53.7,-54.22,0.617,66.3,86,0.4732,1,1
NEU-003265,Control,B02,105.92,-69.26,209.5,16.69,83.6,-38.31,1.328,24.6,88,0.2623,0,1
NEU-003266,Control,B01,118.58,-68.24,134.7,16.95,156.1,-42.05,0.949,67.2,94,0.6268,0,1
NEU-003267,Control,B01,101.41,-64.0,187.4,11.38,80.0,-45.99,0.621,45.8,89,0.2507,0,1
NEU-003268,Control,B03,88.69,-60.09,223.7,18.14,132.3,-43.41,0.964,22.8,87,0.407,0,0
NEU-003269,Control,B02,116.77,-68.63,244.2,10.97,167.6,-38.61,1.888,42.4,86,0.3965,1,1
NEU-003270,TreatmentB,B01,107.65,-67.09,236.6,10.0,61.2,-41.0,0.732,82.3,93,0.312,1,1
NEU-003271,TreatmentA,B03,98.05,-63.78,247.8,12.55,71.6,-38.26,1.026,32.2,87,0.3496,0,1
NEU-003272,TreatmentA,B01,99.74,-66.8,359.5,18.66,126.3,-41.64,1.604,47.5,77,0.3758,1,1
NEU-003273,TreatmentA,B03,87.55,-57.73,339.1,5.53,89.3,-39.32,0.936,54.8,62,0.3478,1,1
NEU-003274,Control,B03,108.65,-68.98,112.4,17.36,127.9,-45.25,1.225,42.8,75,0.3138,0,0
NEU-003275,TreatmentA,B01,96.27,-57.3,144.6,36.67,94.9,-45.54,1.124,48.9,94,0.1977,1,0
NEU-003276,Control,B01,113.99,-58.09,355.7,12.58,135.0,-40.54,0.474,38.0,87,0.3084,0,1
NEU-003277,Control,B02,108.67,-62.61,250.8,11.86,89.2,-49.05,0.935,62.1,97,0.7075,1,0
NEU-003278,Control,B03,99.43,-62.06,133.3,11.88,113.9,-37.91,0.826,65.9,91,0.5202,1,0
NEU-003279,TreatmentB,B02,108.22,-72.58,154.8,17.25,62.6,-42.76,0.637,46.8,82,0.6316,1,0
NEU-003280,Control,B02,106.79,-71.01,136.3,28.72,164.6,-44.25,0.597,50.4,88,0.2369,1,0
NEU-003281,Control,B03,89.74,-60.76,138.0,9.76,178.7,-45.5,1.548,36.3,79,0.2814,0,1
NEU-003282,Control,B03,87.12,-61.7,77.0,8.89,121.2,-38.67,1.241,48.2,79,0.5189,1,0
NEU-003283,TreatmentA,B01,118.06,-70.73,98.8,13.68,109.6,-32.73,0.342,42.9,80,0.7313,0,0
NEU-003284,Control,B02,89.79,-76.84,368.6,11.78,169.1,-44.25,1.106,27.3,92,0.4199,0,0
NEU-003285,TreatmentA,B01,110.88,-65.0,244.4,10.51,97.1,-38.31,1.227,45.6,85,0.4559,0,1
NEU-003286,TreatmentB,B02,89.76,-65.93,370.6,18.56,67.0,-38.36,1.738,52.1,84,0.3309,1,1
NEU-003287,TreatmentA,B01,90.13,-60.85,149.9,14.42,143.6,-44.5,0.932,63.1,82,0.6054,1,1
NEU-003288,Control,B01,101.28,-65.75,319.3,18.66,115.9,-46.17,1.747,49.6,94,0.4224,0,0
NEU-003289,TreatmentB,B02,110.34,-59.61,130.0,13.03,20.2,-41.02,0.79,55.1,68,0.3628,1,0
NEU-003290,Control,B01,115.19,-58.74,160.2,25.07,4.1,-43.95,1.004,55.8,90,0.2913,1,0
NEU-003291,TreatmentB,B02,82.19,-64.51,215.5,9.99,103.2,-35.94,1.25,61.5,86,0.6382,1,0
NEU-003292,Control,B01,103.75,-63.2,214.6,10.79,152.3,-43.64,1.048,33.7,80,0.2432,0,1
NEU-003293,Control,B01,104.07,-73.81,293.3,8.7,81.1,-48.73,0.868,56.4,93,0.6052,0,0
NEU-003294,TreatmentB,B03,102.8,-62.29,299.7,22.65,91.3,-50.32,0.999,64.8,82,0.5037,1,1
NEU-003295,TreatmentA,B02,100.82,-54.06,205.5,15.22,90.7,-39.3,1.112,43.8,85,0.0741,0,0
NEU-003296,TreatmentA,B02,106.45,-72.26,76.6,14.53,110.5,-44.17,1.141,55.6,80,0.4074,1,0
NEU-003297,TreatmentB,B01,89.57,-59.29,270.2,14.99,134.4,-39.8,1.275,71.2,78,0.4925,1,0
NEU-003298,TreatmentA,B03,99.71,-64.86,195.6,11.01,154.9,-33.76,1.354,33.4,68,0.4918,0,0
NEU-003299,TreatmentB,B02,87.25,-65.55,209.7,12.24,46.2,-37.12,1.237,43.1,92,0.3513,0,1
NEU-003300,TreatmentB,B01,98.2,-68.84,134.5,13.62,91.0,-34.37,1.254,70.7,79,0.4525,1,0
NEU-003301,TreatmentA,B01,113.31,-71.29,162.9,24.15,170.5,-44.17,0.968,49.5,112,0.3895,1,1
NEU-003302,TreatmentA,B03,86.65,-63.81,234.9,5.99,108.7,-44.96,1.064,47.9,83,0.3004,0,1
NEU-003303,TreatmentB,B03,97.62,-65.9,159.8,9.88,48.9,-53.79,1.103,40.7,96,0.2787,0,1
NEU-003304,TreatmentB,B01,89.77,-69.87,165.7,13.2,67.2,-36.68,1.208,51.5,99,0.2559,1,0
NEU-003305,TreatmentB,B01,97.39,-67.35,160.6,14.92,44.0,-48.58,1.291,83.1,88,0.3409,1,1
NEU-003306,Control,B03,111.84,-61.41,183.3,16.27,120.4,-37.74,0.582,39.2,78,0.3051,0,0
NEU-003307,TreatmentB,B03,97.09,-60.29,83.2,6.33,106.7,-43.2,2.007,57.3,93,0.1383,1,1
NEU-003308,Control,B01,84.88,-64.42,194.2,4.08,84.6,-50.39,1.442,54.6,86,0.5748,1,0
NEU-003309,TreatmentB,B02,97.34,-66.58,80.4,25.56,151.0,-40.19,2.244,50.7,94,0.3893,1,1
NEU-003310,TreatmentB,B01,114.92,-64.2,121.2,15.75,60.3,-39.58,1.247,57.7,93,0.5839,1,1
NEU-003311,TreatmentA,B03,107.85,-58.05,306.7,15.93,95.8,-38.51,0.8,41.9,109,0.3594,1,0
NEU-003312,TreatmentB,B03,100.77,-57.14,171.1,27.84,56.4,-44.91,0.86,75.7,86,0.277,1,0
NEU-003313,Control,B02,88.64,-63.82,201.4,10.52,118.7,-45.24,0.696,23.5,75,0.3844,0,1
NEU-003314,Control,B03,101.77,-63.36,68.2,4.58,173.8,-45.45,0.999,46.4,88,0.2861,1,1
NEU-003315,TreatmentB,B01,70.38,-66.88,326.3,15.56,88.4,-40.49,1.396,57.2,65,0.1609,1,0
NEU-003316,TreatmentA,B01,71.35,-70.07,114.4,9.1,137.0,-42.18,1.41,61.7,79,0.2578,1,1
NEU-003317,Control,B03,123.43,-60.62,204.8,11.7,139.2,-48.03,1.543,40.8,95,0.6403,0,0
NEU-003318,Control,B01,93.55,-66.08,195.1,9.96,190.1,-40.9,1.243,24.9,89,0.3569,0,1
NEU-003319,TreatmentA,B01,98.33,-63.43,78.7,13.01,99.5,-47.42,1.22,56.6,93,0.3576,0,1
NEU-003320,TreatmentA,B02,78.52,-71.43,99.5,22.97,89.8,-33.65,1.014,46.7,88,0.5343,0,0
NEU-003321,Control,B01,86.25,-69.84,182.1,6.43,101.7,-43.35,1.321,44.9,66,0.534,1,1
NEU-003322,TreatmentB,B03,89.51,-63.23,126.8,15.21,70.4,-35.28,0.929,47.8,87,0.4502,1,1
NEU-003323,TreatmentA,B02,106.86,-67.36,231.7,16.22,103.2,-43.88,1.538,46.8,82,0.2933,1,1
NEU-003324,Control,B03,97.81,-61.15,280.8,7.76,179.0,-40.13,0.88,32.8,92,0.3105,0,1
NEU-003325,TreatmentA,B03,116.0,-70.38,168.3,12.94,96.2,-47.05,0.842,31.5,95,0.4826,0,1
NEU-003326,Control,B01,129.72,-70.08,159.3,8.53,103.5,-41.61,0.693,60.3,104,0.539,0,1
NEU-003327,TreatmentB,B03,106.45,-62.25,161.4,5.6,119.0,-42.46,1.192,54.5,73,0.2896,1,1
NEU-003328,TreatmentA,B03,79.94,-60.3,337.8,18.83,80.8,-39.68,1.389,49.1,77,0.2423,1,0
NEU-003329,TreatmentA,B03,105.78,-63.86,350.2,8.36,42.3,-45.87,1.23,67.8,90,0.455,1,0
NEU-003330,Control,B02,73.7,-67.71,287.8,14.4,124.2,-43.45,1.069,34.7,72,0.4018,0,0
NEU-003331,TreatmentB,B01,98.53,-67.78,109.9,11.04,117.3,-46.55,1.211,54.3,92,0.644,1,0
NEU-003332,TreatmentB,B01,92.91,-62.77,210.8,15.2,66.7,-45.28,0.729,35.4,95,0.365,1,0
NEU-003333,TreatmentB,B02,101.15,-68.09,105.5,13.58,74.0,-37.12,1.285,71.2,77,0.5447,1,1
NEU-003334,Control,B02,118.46,-65.27,85.5,9.67,83.4,-43.67,0.894,52.8,74,0.6944,1,0
NEU-003335,TreatmentB,B03,116.72,-70.88,500.2,12.47,145.5,-39.02,0.789,66.0,94,0.3594,0,1
NEU-003336,TreatmentB,B02,118.27,-69.13,170.9,12.87,23.0,-38.48,1.376,51.7,84,0.4213,1,1
NEU-003337,Control,B02,116.73,-69.09,194.7,10.01,106.1,-46.18,0.634,32.9,79,0.3571,0,1
NEU-003338,TreatmentB,B01,90.89,-60.69,242.0,16.15,103.8,-35.27,0.876,45.8,68,0.6001,0,1
NEU-003339,TreatmentB,B03,87.23,-61.83,156.1,15.38,14.2,-34.25,2.203,66.6,78,0.6953,1,1
NEU-003340,Control,B02,98.86,-69.96,158.0,15.31,133.3,-39.49,0.701,23.0,82,0.2937,0,0
NEU-003341,Control,B03,133.67,-69.59,380.7,20.82,100.7,-43.15,0.893,53.9,85,0.4101,0,0
NEU-003342,TreatmentB,B02,119.68,-61.05,184.1,14.02,165.5,-40.51,1.335,46.4,90,0.4868,1,0
NEU-003343,TreatmentB,B01,115.59,-65.41,212.4,7.87,54.2,-46.03,1.237,52.4,93,0.4175,1,1
NEU-003344,TreatmentB,B02,111.45,-58.8,106.1,13.13,1.2,-45.53,1.666,58.0,90,0.4434,1,0
NEU-003345,Control,B02,107.47,-67.54,106.5,15.18,77.6,-39.47,0.964,49.4,93,0.2633,1,0
NEU-003346,TreatmentA,B01,106.48,-59.59,124.1,15.06,177.8,-44.65,1.891,46.7,86,0.1753,1,0
NEU-003347,TreatmentA,B03,116.49,-70.01,278.8,28.78,91.7,-51.12,1.053,41.9,77,0.4049,0,1
NEU-003348,TreatmentA,B03,90.91,-61.72,199.1,4.6,59.5,-34.22,0.893,54.5,81,0.3263,1,1
NEU-003349,TreatmentA,B01,82.37,-63.77,384.2,9.27,83.2,-39.96,0.747,53.1,98,0.5858,0,0
NEU-003350,Control,B02,99.27,-51.07,119.2,8.37,85.0,-40.27,1.17,50.7,92,0.454,0,0
NEU-003351,Control,B01,94.8,-60.28,290.6,9.53,105.6,-38.34,1.296,53.0,84,0.4745,1,1
NEU-003352,TreatmentA,B03,92.03,-71.28,183.5,14.02,79.4,-32.44,1.31,58.4,97,0.2693,1,0
NEU-003353,Control,B02,121.31,-67.61,178.2,14.99,195.5,-38.73,1.096,39.6,87,0.5613,1,1
NEU-003354,TreatmentB,B01,103.9,-67.75,142.9,11.08,153.6,-46.2,1.503,67.3,103,0.5075,1,0
NEU-003355,TreatmentA,B03,107.26,-64.75,331.1,10.93,141.2,-39.92,1.223,30.2,95,0.178,0,1
NEU-003356,Control,B02,76.73,-67.98,204.8,11.04,101.4,-42.62,1.299,13.3,82,0.3935,0,0
NEU-003357,TreatmentA,B03,117.63,-59.11,107.2,26.47,95.6,-46.03,1.218,41.0,93,0.5154,1,1
NEU-003358,Control,B02,103.26,-59.81,76.6,12.33,142.1,-45.99,1.798,6.7,74,0.4927,1,0
NEU-003359,Control,B02,107.78,-70.63,255.8,23.86,136.0,-39.88,1.167,36.1,80,0.6618,0,1
NEU-003360,TreatmentA,B03,64.87,-72.35,99.5,33.83,138.6,-37.3,1.15,63.3,85,0.1956,1,0
NEU-003361,TreatmentA,B03,83.11,-66.27,98.5,12.64,144.1,-41.11,1.313,48.8,98,0.3187,0,1
NEU-003362,TreatmentA,B03,89.93,-69.31,295.7,13.48,137.2,-38.53,2.142,56.8,78,0.3444,0,1
NEU-003363,Control,B01,97.5,-78.45,177.7,13.61,141.1,-42.01,0.58,31.2,104,0.4106,0,0
NEU-003364,TreatmentB,B01,76.29,-51.7,188.9,11.9,96.9,-39.16,0.889,69.0,78,0.7016,1,0
NEU-003365,Control,B03,113.28,-73.69,188.1,13.62,122.5,-48.83,1.528,27.1,91,0.3489,0,0
NEU-003366,TreatmentA,B03,131.08,-63.24,330.3,9.56,179.9,-44.76,0.895,29.1,72,0.216,0,1
NEU-003367,TreatmentA,B02,118.35,-58.53,92.7,10.21,87.9,-41.11,0.921,71.3,81,0.4459,1,0
NEU-003368,TreatmentB,B03,115.42,-65.61,192.0,8.21,114.4,-41.28,0.781,43.1,109,0.3769,0,1
NEU-003369,TreatmentB,B02,110.31,-73.05,105.3,31.86,68.0,-39.9,1.526,40.6,78,0.4245,1,0
NEU-003370,TreatmentA,B01,110.51,-50.65,283.2,9.86,213.5,-45.18,0.545,61.8,85,0.1892,0,1
NEU-003371,TreatmentB,B01,104.38,-69.42,346.0,15.76,93.2,-44.06,0.966,66.8,83,0.4194,0,0
NEU-003372,Control,B01,118.52,-66.87,515.5,18.39,164.5,-35.43,0.905,46.3,91,0.3008,0,1
NEU-003373,Control,B01,91.76,-58.43,111.0,8.45,112.4,-42.0,0.881,29.8,86,0.4739,1,0
NEU-003374,TreatmentA,B02,93.23,-61.04,191.9,17.71,126.3,-38.59,0.866,53.3,83,0.1486,1,0
NEU-003375,TreatmentA,B02,107.49,-76.03,172.7,15.23,111.4,-43.15,0.551,25.3,93,0.4731,0,0
NEU-003376,Control,B01,92.46,-71.13,89.4,5.88,144.0,-35.77,0.852,23.7,104,0.2788,0,1
NEU-003377,TreatmentA,B02,92.09,-68.76,84.8,21.62,163.6,-46.72,0.939,41.5,82,0.6968,1,1
NEU-003378,TreatmentB,B01,83.94,-66.11,369.3,13.71,146.0,-50.13,0.94,66.0,88,0.5191,1,1
NEU-003379,TreatmentA,B03,108.61,-63.01,170.2,10.6,91.0,-43.68,0.679,36.1,93,0.2665,0,1
NEU-003380,Control,B02,117.08,-61.07,187.8,8.53,91.8,-48.15,0.762,41.4,92,0.4138,0,1
NEU-003381,TreatmentA,B02,119.42,-67.19,159.6,20.81,147.1,-42.77,1.025,53.1,80,0.5013,1,1
NEU-003382,Control,B02,68.45,-65.53,443.5,10.55,180.4,-35.77,1.147,30.5,80,0.3578,0,1
NEU-003383,TreatmentB,B01,98.03,-73.81,477.9,8.82,111.5,-36.74,0.886,46.0,74,0.4553,0,0
NEU-003384,TreatmentA,B03,87.81,-73.79,244.8,11.84,110.9,-41.46,1.217,61.8,90,0.227,1,0
NEU-003385,TreatmentA,B01,88.28,-72.75,121.9,15.84,114.3,-40.24,0.78,56.1,85,0.4256,0,0
NEU-003386,Control,B01,121.37,-63.68,91.9,12.47,75.5,-44.45,0.977,29.1,76,0.1728,0,1
NEU-003387,TreatmentA,B02,88.14,-65.95,256.1,20.8,152.5,-39.38,1.798,16.9,83,0.4661,1,1
NEU-003388,TreatmentA,B02,107.12,-72.29,403.0,19.55,125.2,-43.35,0.818,69.3,69,0.1158,0,0
NEU-003389,Control,B02,74.54,-73.21,90.1,11.81,171.8,-33.25,0.906,64.8,85,0.339,1,0
NEU-003390,TreatmentB,B01,123.82,-50.56,161.3,13.39,124.3,-41.16,1.246,38.1,94,0.3782,1,0
NEU-003391,TreatmentB,B01,100.89,-64.17,147.2,15.8,96.8,-40.83,0.659,63.8,83,0.3667,0,1
NEU-003392,Control,B01,109.44,-62.18,235.4,9.53,104.7,-45.66,1.261,28.3,89,0.3543,0,1
NEU-003393,TreatmentB,B02,93.49,-55.97,346.1,13.18,128.7,-43.71,1.265,56.8,98,0.4611,0,0
NEU-003394,Control,B01,103.81,-66.52,74.4,14.99,153.9,-38.22,1.156,27.7,101,0.4309,0,1
NEU-003395,TreatmentB,B01,69.93,-59.02,207.2,13.82,79.8,-45.74,1.168,44.6,77,0.2593,0,0
NEU-003396,TreatmentA,B02,102.74,-60.04,106.0,15.16,86.0,-44.13,0.807,47.2,69,0.2989,0,0
NEU-003397,TreatmentB,B01,90.6,-70.35,148.1,8.67,89.7,-44.84,0.884,51.3,85,0.5266,1,0
NEU-003398,TreatmentA,B02,105.89,-58.75,183.7,15.08,110.8,-40.75,0.764,73.9,102,0.5384,1,0
NEU-003399,Control,B02,85.66,-63.84,44.8,21.34,142.0,-37.81,0.825,53.5,92,0.3808,1,1
NEU-003400,TreatmentB,B02,96.57,-71.62,254.0,13.47,128.4,-45.39,0.93,50.6,89,0.3952,0,0
NEU-003401,Control,B03,105.39,-54.5,135.1,19.24,128.1,-33.85,1.191,25.7,83,0.6632,1,0
NEU-003402,TreatmentB,B02,88.71,-64.44,168.5,12.24,46.8,-46.27,1.115,61.2,95,0.317,1,1
NEU-003403,TreatmentA,B03,93.55,-67.16,264.6,23.02,144.8,-43.57,0.796,55.7,95,0.2628,0,0
NEU-003404,TreatmentB,B03,93.36,-66.8,272.1,11.96,80.9,-39.51,0.832,76.6,84,0.3467,1,1
NEU-003405,TreatmentA,B01,102.12,-68.98,260.3,13.3,79.9,-42.88,0.737,67.3,103,0.5497,0,0
NEU-003406,TreatmentA,B02,108.46,-62.98,101.9,11.84,98.0,-42.0,0.904,34.0,84,0.4984,0,1
NEU-003407,Control,B03,98.41,-59.78,271.7,15.45,67.8,-48.2,1.09,40.5,88,0.5336,1,0
NEU-003408,Control,B02,111.94,-63.02,338.7,11.22,29.9,-46.24,1.592,59.4,71,0.3481,0,1
NEU-003409,TreatmentB,B01,99.7,-72.6,282.4,13.94,177.6,-44.3,1.429,63.6,92,0.3885,0,0
NEU-003410,Control,B01,96.57,-63.81,396.0,5.61,47.5,-41.05,1.236,49.3,85,0.3214,0,1
NEU-003411,TreatmentB,B01,90.54,-51.43,237.6,17.1,44.4,-45.5,0.521,70.6,82,0.1765,0,0
NEU-003412,TreatmentB,B01,92.97,-62.64,371.8,10.31,140.2,-45.68,1.083,77.6,95,0.416,1,0
NEU-003413,TreatmentB,B01,81.84,-56.92,322.0,23.97,37.6,-44.37,1.046,58.7,88,0.5709,0,1
NEU-003414,TreatmentA,B01,88.98,-66.76,198.0,14.91,172.3,-45.84,0.609,37.0,79,0.129,0,1
NEU-003415,Control,B03,122.77,-65.25,175.4,16.25,149.0,-47.53,0.601,14.4,87,0.5961,0,1
NEU-003416,TreatmentB,B02,118.96,-55.75,144.3,14.58,9.3,-45.07,1.246,84.3,77,0.2575,1,0
NEU-003417,TreatmentB,B03,78.85,-55.01,106.6,14.07,80.5,-40.05,0.845,52.0,63,0.4006,1,0
NEU-003418,TreatmentA,B02,77.07,-60.76,210.5,9.25,117.7,-41.04,1.111,68.7,93,0.4576,1,0
NEU-003419,Control,B01,103.43,-64.29,354.0,12.13,95.7,-35.5,1.561,36.2,83,0.4187,0,1
NEU-003420,Control,B03,124.91,-70.95,173.0,16.99,155.3,-43.6,0.714,46.7,91,0.4278,0,1
NEU-003421,TreatmentB,B02,106.56,-68.81,185.5,22.0,101.2,-47.62,1.104,38.9,85,0.3367,0,0
NEU-003422,TreatmentA,B02,108.14,-69.57,199.9,21.16,75.6,-44.64,0.71,45.9,92,0.2925,0,0
NEU-003423,TreatmentB,B02,100.34,-63.61,75.7,13.91,123.0,-40.86,1.17,61.6,69,0.4763,1,1
NEU-003424,Control,B01,82.71,-61.96,209.2,6.99,154.0,-41.12,0.442,49.1,72,0.3493,0,1
NEU-003425,TreatmentA,B01,97.76,-68.15,231.5,13.46,50.1,-35.7,0.763,43.6,85,0.4642,1,0
NEU-003426,TreatmentA,B02,117.18,-60.69,180.4,16.63,169.4,-42.4,0.837,41.5,78,0.5264,0,1
NEU-003427,TreatmentA,B01,103.08,-62.83,225.6,5.67,174.1,-42.8,0.939,23.8,76,0.583,0,0
NEU-003428,Control,B02,137.34,-69.1,209.3,15.3,156.6,-43.4,0.874,44.0,88,0.29,0,0
NEU-003429,TreatmentA,B03,122.71,-59.44,106.5,11.58,130.4,-46.36,0.794,37.9,72,0.3279,0,1
NEU-003430,TreatmentB,B01,99.46,-64.41,179.9,23.71,16.8,-39.95,0.708,38.1,79,0.4455,0,1
NEU-003431,Control,B03,104.44,-60.66,154.2,13.43,119.3,-43.51,0.617,41.7,88,0.354,0,1
NEU-003432,TreatmentB,B03,102.64,-60.61,238.1,18.25,118.3,-49.66,1.116,62.0,104,0.2638,1,0
NEU-003433,TreatmentA,B02,94.32,-67.05,221.2,10.67,106.1,-41.39,0.842,57.4,77,0.3017,1,1
NEU-003434,Control,B01,73.09,-75.57,318.2,12.2,136.2,-47.95,0.9,65.1,87,0.3872,0,0
NEU-003435,Control,B01,112.6,-67.43,188.8,6.4,146.3,-43.48,0.776,52.5,81,0.2956,0,1
NEU-003436,TreatmentB,B02,75.66,-66.82,160.2,20.64,48.5,-39.56,1.048,45.6,87,0.1847,1,0
NEU-003437,Control,B03,112.53,-55.29,159.3,8.62,109.8,-46.46,0.794,31.5,109,0.3178,0,1
NEU-003438,Control,B03,110.63,-62.96,128.5,11.9,189.5,-41.74,0.849,53.3,74,0.4685,0,1
NEU-003439,TreatmentA,B01,109.03,-67.16,180.2,15.35,95.8,-40.24,0.872,55.3,93,0.4165,1,1
NEU-003440,TreatmentB,B02,89.76,-68.12,341.1,17.45,73.1,-44.12,1.437,47.9,75,0.2642,0,1
NEU-003441,Control,B02,85.47,-55.47,333.0,12.59,169.7,-40.32,1.395,33.9,113,0.4738,0,0
NEU-003442,TreatmentB,B01,116.78,-73.51,143.4,8.31,31.2,-44.38,0.894,71.1,80,0.3515,1,0
NEU-003443,TreatmentB,B02,83.85,-70.83,132.3,10.5,88.3,-36.95,1.38,29.4,98,0.2187,0,1
NEU-003444,TreatmentA,B01,80.21,-65.71,256.0,14.58,158.1,-40.17,0.98,57.8,89,0.3284,0,1
NEU-003445,Control,B01,130.73,-63.13,169.4,30.81,106.5,-32.9,1.105,58.7,81,0.6259,1,1
NEU-003446,Control,B01,98.05,-61.15,261.9,19.69,162.0,-44.31,0.927,47.1,76,0.4017,0,1
NEU-003447,TreatmentB,B01,103.64,-63.06,173.6,10.06,63.6,-42.45,1.52,69.8,83,0.2727,1,1
NEU-003448,TreatmentA,B02,100.57,-71.75,184.9,14.05,85.9,-39.12,0.656,47.9,88,0.3533,1,0
NEU-003449,TreatmentA,B01,88.36,-62.24,86.2,13.88,168.2,-39.86,1.601,58.8,85,0.4668,1,1
NEU-003450,TreatmentA,B02,99.49,-70.68,143.8,13.33,161.4,-42.13,1.18,38.4,93,0.279,1,1
NEU-003451,TreatmentB,B01,108.15,-62.68,225.7,11.5,57.3,-36.06,1.184,51.2,100,0.224,0,1
NEU-003452,TreatmentB,B02,112.18,-62.98,95.2,23.82,89.6,-35.74,0.916,65.3,82,0.5097,1,1
NEU-003453,TreatmentB,B02,108.77,-64.81,233.7,10.58,77.0,-43.56,0.635,56.6,83,0.4095,0,0
NEU-003454,TreatmentB,B03,118.78,-67.54,133.6,11.32,73.7,-38.03,1.949,69.5,94,0.4879,1,1
NEU-003455,Control,B01,105.97,-61.93,138.0,22.81,121.2,-39.94,1.899,24.7,72,0.3611,0,0
NEU-003456,TreatmentA,B01,100.13,-72.27,295.8,11.87,132.7,-43.61,1.466,21.5,84,0.7589,0,0
NEU-003457,TreatmentA,B03,82.36,-68.94,266.4,15.89,27.2,-44.44,1.09,53.5,88,0.421,0,1
NEU-003458,TreatmentA,B01,104.78,-66.26,168.0,8.12,104.5,-42.65,1.152,44.3,94,0.2839,0,1
NEU-003459,Control,B03,121.46,-57.88,320.0,8.19,73.2,-47.63,1.132,40.5,93,0.5689,0,0
NEU-003460,TreatmentB,B01,112.43,-67.25,308.9,8.53,119.0,-43.38,0.927,50.8,90,0.403,0,1
NEU-003461,TreatmentA,B03,99.51,-71.88,280.2,9.1,90.9,-44.8,1.458,40.1,82,0.4798,0,0
NEU-003462,Control,B03,111.83,-60.64,191.4,14.41,170.5,-43.42,0.81,37.0,89,0.4066,0,1
NEU-003463,TreatmentB,B02,104.25,-65.85,239.1,8.76,39.9,-37.59,1.234,37.5,98,0.2443,1,1
NEU-003464,Control,B01,102.36,-72.59,108.2,18.24,174.3,-41.89,1.283,34.3,75,0.5132,1,1
NEU-003465,Control,B02,97.39,-71.6,350.8,7.94,221.5,-45.48,1.088,28.6,86,0.2189,0,1
NEU-003466,TreatmentB,B01,82.65,-62.33,141.4,16.38,67.4,-41.68,0.796,64.0,91,0.2132,1,0
NEU-003467,TreatmentA,B03,106.39,-74.44,77.4,18.39,45.6,-41.06,1.173,53.5,67,0.4642,1,0
NEU-003468,Control,B02,125.42,-64.25,133.7,11.11,61.5,-41.16,0.746,54.5,95,0.4167,1,1
NEU-003469,Control,B01,76.92,-69.97,131.4,15.95,153.7,-45.16,1.336,64.6,82,0.4143,0,0
NEU-003470,TreatmentB,B02,125.02,-57.3,141.5,18.62,81.3,-34.74,1.276,47.3,96,0.3698,1,0
NEU-003471,TreatmentA,B01,86.4,-66.79,54.7,11.16,55.6,-41.91,1.417,19.6,90,0.5448,1,0
NEU-003472,TreatmentB,B02,89.65,-72.43,280.7,8.12,67.6,-39.59,0.681,57.3,93,0.2691,1,1
NEU-003473,Control,B02,152.02,-63.54,204.4,8.94,164.0,-48.62,1.613,24.3,91,0.6144,0,0
NEU-003474,Control,B02,116.19,-66.44,157.5,28.65,153.9,-40.62,0.905,39.7,95,0.2416,1,0
NEU-003475,TreatmentA,B03,92.21,-67.7,127.2,15.01,108.3,-44.36,1.256,34.3,91,0.3532,0,1
NEU-003476,Control,B02,83.43,-60.39,180.0,18.72,35.9,-42.2,0.639,23.4,107,0.3784,0,0
NEU-003477,TreatmentB,B03,68.0,-65.11,225.4,10.01,39.9,-32.75,0.88,61.5,86,0.5193,1,1
NEU-003478,TreatmentB,B03,107.73,-67.4,148.5,12.13,117.7,-35.69,1.063,45.7,78,0.483,0,1
NEU-003479,TreatmentA,B02,94.53,-69.53,134.8,29.48,81.2,-42.4,1.013,39.3,87,0.5011,1,1
NEU-003480,Control,B03,80.2,-64.88,246.1,14.38,162.1,-47.58,1.068,21.2,91,0.3397,1,1
NEU-003481,Control,B03,92.16,-64.2,279.0,18.13,151.5,-47.56,1.076,23.8,88,0.3132,0,1
NEU-003482,Control,B02,100.85,-64.83,188.1,19.31,157.4,-41.22,0.906,40.3,72,0.5578,0,1
NEU-003483,TreatmentA,B03,81.94,-68.97,758.4,9.36,53.1,-37.34,0.722,57.3,103,0.4362,0,1
NEU-003484,TreatmentA,B03,111.47,-64.59,186.0,15.59,111.5,-37.75,0.666,42.7,87,0.0605,1,1
NEU-003485,TreatmentA,B02,93.75,-68.74,108.5,8.57,102.7,-32.89,0.916,36.6,76,0.4681,0,0
NEU-003486,Control,B01,105.56,-66.95,144.3,7.57,137.2,-39.98,1.607,16.1,93,0.5288,0,0
NEU-003487,TreatmentA,B02,79.09,-68.94,128.3,12.41,104.8,-49.27,1.134,43.9,80,0.3029,1,0
NEU-003488,Control,B01,102.88,-62.41,186.3,16.99,63.6,-44.04,1.04,35.6,64,0.4853,1,0
NEU-003489,TreatmentB,B03,108.81,-63.68,129.6,15.43,-2.4,-41.86,1.192,73.7,77,0.3971,1,1
NEU-003490,TreatmentA,B01,94.92,-60.32,226.4,14.86,106.5,-42.7,1.02,49.6,83,0.4328,1,1
NEU-003491,Control,B01,87.47,-68.59,244.9,8.13,96.5,-41.47,0.826,38.4,86,0.4878,1,0
NEU-003492,Control,B03,85.15,-66.31,274.0,14.29,120.1,-45.63,1.148,42.3,75,0.1545,0,1
NEU-003493,Control,B02,135.23,-67.52,195.2,11.47,79.6,-45.72,1.273,39.8,77,0.6062,1,1
NEU-003494,TreatmentB,B01,102.7,-57.88,207.7,8.91,70.0,-40.6,1.064,41.8,87,0.4766,0,0
NEU-003495,Control,B02,107.88,-65.01,206.3,12.88,105.2,-39.28,0.666,67.7,93,0.2462,1,1
NEU-003496,TreatmentA,B03,101.63,-69.85,141.6,15.75,125.8,-47.75,1.377,29.8,87,0.6614,1,0
NEU-003497,TreatmentB,B01,123.06,-80.5,174.4,27.32,113.0,-40.77,1.047,39.0,91,0.2208,0,0
NEU-003498,TreatmentB,B03,117.65,-60.47,235.7,9.27,84.0,-38.64,0.875,56.2,75,0.2903,1,1
NEU-003499,Control,B03,94.71,-64.21,165.7,15.39,139.8,-44.97,1.144,40.4,86,0.6147,1,1
NEU-003500,TreatmentB,B03,101.86,-70.95,127.6,27.65,32.0,-36.1,0.781,55.9,90,0.3833,1,0
NEU-003501,TreatmentB,B01,112.67,-60.74,304.6,8.83,85.9,-38.01,1.449,71.6,78,0.4549,1,1
NEU-003502,TreatmentB,B01,84.04,-61.47,135.1,16.64,90.6,-39.34,1.044,62.4,89,0.4224,0,1
NEU-003503,Control,B02,84.17,-66.42,269.8,15.64,123.6,-40.53,1.096,38.1,69,0.4798,0,1
NEU-003504,Control,B02,94.44,-66.39,140.4,8.21,103.6,-43.94,1.282,40.1,96,0.5548,0,1
NEU-003505,Control,B03,102.69,-68.69,276.9,9.88,140.1,-43.66,1.142,37.8,88,0.5585,0,0
NEU-003506,Control,B01,134.55,-59.51,286.8,11.18,144.7,-49.48,1.553,54.0,80,0.3948,0,1
NEU-003507,TreatmentB,B02,89.45,-73.34,116.3,19.4,134.0,-38.69,1.406,77.3,85,0.2949,1,1
NEU-003508,TreatmentA,B01,112.93,-66.68,137.4,9.13,127.8,-42.41,0.722,47.4,93,0.221,0,1
NEU-003509,TreatmentA,B02,121.63,-61.34,507.5,13.86,87.9,-36.69,0.915,35.6,78,0.4715,0,0
NEU-003510,TreatmentB,B01,103.71,-63.21,151.2,15.06,93.5,-48.2,1.131,68.1,78,0.6986,0,1
NEU-003511,TreatmentB,B03,111.33,-69.19,302.5,7.57,128.2,-43.17,0.682,76.8,97,0.5308,1,0
NEU-003512,Control,B02,94.12,-63.67,79.9,21.77,112.8,-41.53,1.261,52.5,84,0.7532,0,1
NEU-003513,TreatmentA,B02,100.05,-65.17,275.9,17.5,69.2,-43.79,1.48,40.2,92,0.3572,0,1
NEU-003514,TreatmentB,B02,93.46,-65.43,446.6,6.3,102.6,-42.65,0.938,65.0,74,0.1071,0,1
NEU-003515,TreatmentA,B01,103.86,-71.58,304.7,9.48,109.4,-49.18,2.229,60.7,90,0.3975,1,0
NEU-003516,TreatmentA,B03,113.93,-56.73,191.8,19.97,98.0,-44.03,1.627,22.0,77,0.3229,0,0
NEU-003517,TreatmentB,B01,97.14,-55.59,290.8,9.37,47.8,-42.33,0.699,71.9,82,0.6183,1,0
NEU-003518,TreatmentB,B02,108.77,-69.75,244.1,14.5,99.6,-43.2,1.21,42.9,97,0.6122,0,1
NEU-003519,TreatmentA,B01,122.04,-79.88,163.5,16.08,47.8,-47.38,1.558,49.3,74,0.4211,1,0
NEU-003520,TreatmentA,B03,102.03,-61.76,307.0,22.67,162.0,-51.25,0.967,48.7,85,0.533,0,1
NEU-003521,TreatmentB,B03,90.23,-58.84,265.1,9.15,110.7,-41.14,0.768,71.4,93,0.2065,0,1
NEU-003522,TreatmentA,B03,99.55,-65.03,131.8,7.43,155.0,-43.72,0.581,75.2,98,0.3161,1,1
NEU-003523,TreatmentB,B01,105.93,-69.27,221.5,11.13,106.8,-39.51,1.445,43.5,85,0.2781,1,1
NEU-003524,TreatmentB,B01,101.79,-64.72,374.2,34.74,92.8,-42.16,1.866,63.0,90,0.2875,1,1
NEU-003525,TreatmentB,B03,84.21,-58.98,194.2,15.25,48.8,-42.12,0.888,65.4,82,0.4502,0,1
NEU-003526,TreatmentA,B03,101.12,-70.6,147.0,22.55,74.5,-35.06,0.858,98.7,74,0.6213,1,1
NEU-003527,TreatmentB,B01,88.66,-63.82,151.1,9.95,122.3,-42.41,1.38,66.1,92,0.2937,1,1
NEU-003528,TreatmentA,B03,118.72,-60.71,205.6,17.76,91.0,-46.42,1.151,56.0,74,0.3881,1,1
NEU-003529,TreatmentA,B01,102.12,-74.1,203.7,11.98,111.5,-42.04,1.705,82.4,77,0.3199,1,0
NEU-003530,TreatmentB,B03,95.18,-73.82,169.7,19.55,71.7,-45.9,0.934,56.2,87,0.4925,0,1
NEU-003531,Control,B03,101.04,-69.05,179.9,29.56,91.1,-36.91,1.098,31.7,85,0.3672,0,1
NEU-003532,Control,B01,80.89,-53.57,199.3,6.16,155.2,-45.27,1.198,37.2,88,0.2368,1,1
NEU-003533,Control,B03,85.92,-57.27,175.6,11.2,190.3,-48.74,0.703,52.2,83,0.2711,0,1
NEU-003534,TreatmentB,B01,104.73,-70.77,183.9,14.08,102.6,-45.1,0.736,50.8,72,0.4581,0,0
NEU-003535,TreatmentB,B01,121.81,-65.92,208.6,23.5,89.2,-46.5,0.482,39.6,92,0.4308,0,0
NEU-003536,TreatmentA,B01,86.58,-63.37,111.3,20.4,145.5,-46.02,0.962,45.2,88,0.518,0,1
NEU-003537,TreatmentA,B03,89.63,-61.72,311.2,13.24,135.3,-44.75,0.881,87.4,72,0.3486,1,1
NEU-003538,TreatmentB,B01,101.03,-61.24,181.5,22.28,52.8,-41.27,1.112,58.7,101,0.7257,0,1
NEU-003539,TreatmentA,B01,88.17,-72.93,103.3,12.05,135.1,-44.4,1.133,42.9,95,0.3789,0,0
NEU-003540,TreatmentA,B01,112.8,-62.22,246.6,13.28,121.2,-40.69,0.915,49.0,80,0.3768,0,1
NEU-003541,TreatmentB,B02,81.78,-60.45,167.6,8.4,124.5,-47.01,1.014,73.4,80,0.583,1,0
NEU-003542,TreatmentA,B02,76.26,-70.66,157.1,26.78,113.0,-42.69,1.239,51.5,96,0.3439,1,0
NEU-003543,TreatmentB,B03,109.14,-54.62,160.1,25.0,124.4,-34.44,0.771,71.4,81,0.218,0,0
NEU-003544,Control,B01,77.1,-65.09,231.8,12.54,149.5,-40.66,1.05,20.0,95,0.3052,0,1
NEU-003545,Control,B02,120.36,-61.88,169.0,10.7,125.0,-40.48,1.084,35.8,81,0.4976,0,1
NEU-003546,Control,B01,113.52,-65.8,159.8,20.45,144.4,-49.91,1.239,44.8,94,0.3012,1,0
NEU-003547,TreatmentA,B02,80.9,-61.07,250.1,17.71,122.0,-44.37,1.526,64.1,95,0.2804,1,0
NEU-003548,TreatmentB,B03,99.05,-59.76,224.3,14.82,115.0,-42.62,0.777,68.3,83,0.4319,1,0
NEU-003549,TreatmentB,B03,75.45,-64.88,252.3,23.07,102.1,-36.11,1.176,72.3,95,0.2298,0,0
NEU-003550,TreatmentB,B01,91.32,-63.4,97.3,6.31,141.3,-45.47,1.506,63.1,91,0.5602,1,0
NEU-003551,TreatmentA,B02,89.29,-69.76,109.6,9.14,164.2,-45.54,0.909,30.7,70,0.3122,0,1
NEU-003552,TreatmentA,B03,49.69,-57.96,226.4,17.32,85.5,-44.29,0.862,28.3,77,0.2087,1,0
NEU-003553,TreatmentB,B01,139.33,-63.85,163.6,12.9,97.4,-35.38,0.543,55.3,76,0.3227,1,1
NEU-003554,TreatmentB,B03,105.04,-67.61,153.4,20.03,89.6,-41.22,1.258,66.0,88,0.4311,1,1
NEU-003555,TreatmentA,B01,92.45,-63.89,383.4,28.21,161.5,-46.35,1.031,34.3,89,0.5784,0,1
NEU-003556,Control,B02,68.65,-61.58,157.0,20.47,129.0,-39.7,1.489,24.7,80,0.1609,0,0
NEU-003557,TreatmentB,B02,74.12,-61.92,206.6,31.07,49.1,-39.9,1.824,71.0,83,0.3209,1,1
NEU-003558,TreatmentA,B03,92.29,-73.15,250.7,17.61,116.6,-34.48,0.635,60.2,72,0.6629,1,1
NEU-003559,TreatmentA,B01,94.65,-63.11,210.9,8.78,87.9,-40.63,0.912,68.3,83,0.4116,0,0
NEU-003560,TreatmentB,B02,73.29,-58.0,130.5,13.12,95.2,-36.17,1.058,60.7,100,0.069,0,0
NEU-003561,TreatmentA,B03,110.98,-62.26,160.8,21.39,54.1,-44.72,0.783,62.4,86,0.5248,0,1
NEU-003562,TreatmentB,B02,84.08,-52.71,126.5,12.94,49.4,-45.94,0.786,55.0,91,0.5545,1,0
NEU-003563,Control,B01,82.8,-68.08,235.5,12.78,160.2,-41.32,0.659,45.0,69,0.3909,1,1
NEU-003564,Control,B03,97.89,-57.82,131.2,14.08,122.5,-43.83,1.097,40.2,61,0.304,1,0
NEU-003565,Control,B03,92.15,-64.93,195.6,14.39,100.3,-41.46,0.965,29.1,89,0.6144,0,1
NEU-003566,TreatmentB,B03,75.05,-61.83,305.1,11.0,102.7,-47.41,0.536,71.3,83,0.4752,0,0
NEU-003567,TreatmentA,B01,69.55,-80.23,268.9,7.47,104.8,-40.16,1.053,36.7,82,0.2694,0,1
NEU-003568,Control,B03,112.34,-68.46,160.8,19.12,189.1,-35.89,1.324,37.1,97,0.1725,0,0
NEU-003569,TreatmentB,B03,97.41,-57.51,115.1,16.68,83.2,-37.22,0.959,51.0,103,0.4798,1,0
NEU-003570,TreatmentB,B03,127.59,-62.52,228.1,6.77,103.3,-51.01,1.04,67.1,101,0.3656,1,1
NEU-003571,TreatmentA,B03,111.22,-68.18,219.6,14.13,77.0,-41.97,1.072,64.7,88,0.5878,1,1
NEU-003572,TreatmentA,B02,106.94,-70.7,167.8,8.71,15.1,-40.31,1.596,47.7,85,0.3488,0,1
NEU-003573,TreatmentB,B01,99.01,-62.9,347.4,34.81,40.5,-37.54,1.439,40.4,96,0.3662,1,1
NEU-003574,Control,B02,97.37,-68.45,148.3,19.23,220.3,-47.01,1.202,40.8,87,0.3771,1,0
NEU-003575,Control,B01,138.91,-64.77,110.6,25.18,152.8,-45.06,1.319,50.4,85,0.2052,1,0
NEU-003576,Control,B03,82.39,-70.5,257.6,14.02,138.6,-42.32,1.213,48.7,75,0.2616,0,0
NEU-003577,Control,B03,109.11,-69.25,159.1,12.03,102.0,-47.37,0.757,19.7,89,0.2069,0,1
NEU-003578,Control,B02,102.88,-76.22,180.2,21.29,95.5,-42.82,0.997,44.4,94,0.1451,0,0
NEU-003579,Control,B01,107.15,-65.39,263.5,10.36,198.1,-45.5,1.237,49.6,80,0.4648,0,1
NEU-003580,TreatmentB,B03,79.29,-64.42,262.1,18.67,14.3,-40.0,1.18,56.5,76,0.4273,0,1
NEU-003581,TreatmentA,B03,102.16,-59.4,111.2,9.38,115.0,-34.05,1.134,52.6,94,0.4986,0,0
NEU-003582,TreatmentA,B03,100.31,-70.73,127.1,9.39,156.0,-43.14,0.736,62.5,92,0.2812,1,1
NEU-003583,Control,B03,83.0,-66.27,127.9,10.54,169.8,-39.72,1.194,38.5,94,0.7453,0,0
NEU-003584,TreatmentA,B02,87.53,-61.27,208.7,10.13,118.6,-43.2,1.554,70.7,81,0.3943,1,1
NEU-003585,Control,B02,90.75,-69.02,129.1,31.46,59.7,-41.55,1.047,24.8,97,0.2685,0,0
NEU-003586,TreatmentA,B01,107.25,-60.9,327.2,17.99,99.2,-39.23,1.017,50.6,86,0.4549,0,1
NEU-003587,Control,B03,92.69,-61.11,157.8,13.61,139.6,-39.5,0.952,24.5,82,0.3057,1,1
NEU-003588,TreatmentB,B03,81.08,-56.97,373.8,21.67,89.9,-43.73,1.197,61.9,88,0.6091,1,1
NEU-003589,Control,B02,72.45,-62.31,304.8,36.3,65.0,-41.15,1.338,25.3,92,0.351,0,0
NEU-003590,TreatmentB,B03,81.73,-74.13,98.3,16.74,91.1,-41.2,1.066,67.7,90,0.3952,1,0
NEU-003591,TreatmentA,B03,111.27,-66.66,174.1,14.08,113.0,-41.4,0.825,62.4,83,0.263,1,1
NEU-003592,TreatmentA,B02,98.1,-75.28,255.5,14.25,111.6,-38.87,1.005,47.5,86,0.5385,1,0
NEU-003593,TreatmentB,B03,146.88,-67.58,67.1,15.58,93.3,-46.5,0.988,44.0,83,0.5536,1,0
NEU-003594,Control,B02,103.25,-63.76,221.9,10.53,103.7,-39.03,1.193,64.2,81,0.3951,1,1
NEU-003595,TreatmentB,B01,91.76,-62.19,213.7,13.51,76.6,-44.39,0.638,67.5,99,0.4874,0,1
NEU-003596,TreatmentB,B03,108.86,-66.0,196.0,16.86,165.6,-46.15,1.162,90.7,87,0.418,1,1
NEU-003597,TreatmentA,B01,86.6,-60.74,167.4,20.1,49.1,-43.12,1.29,42.2,92,0.2785,1,1
NEU-003598,TreatmentA,B03,132.17,-60.55,172.8,14.91,83.6,-45.62,0.983,50.6,92,0.2299,0,0
NEU-003599,TreatmentB,B01,96.58,-63.92,66.4,15.37,68.0,-46.09,1.555,84.2,69,0.267,1,1
NEU-003600,TreatmentA,B01,109.56,-70.72,231.1,16.65,37.7,-37.23,1.265,31.1,92,0.2518,0,0
NEU-003601,TreatmentB,B01,94.2,-57.38,76.8,18.81,75.3,-36.36,0.689,35.1,80,0.2785,0,0
NEU-003602,Control,B03,106.63,-63.16,116.4,15.72,63.7,-44.0,1.619,25.0,87,0.1997,1,0
NEU-003603,TreatmentA,B02,108.29,-63.76,245.4,13.51,100.5,-44.23,0.777,66.9,87,0.432,0,1
NEU-003604,TreatmentB,B02,93.33,-53.43,111.9,8.83,58.8,-41.33,1.178,53.4,84,0.6016,1,0
NEU-003605,TreatmentB,B03,109.93,-58.87,363.3,6.65,87.8,-41.79,1.205,57.3,84,0.1869,1,1
NEU-003606,TreatmentB,B02,108.75,-73.52,210.2,19.33,48.6,-40.96,1.313,56.4,82,0.4555,1,1
NEU-003607,Control,B01,97.9,-65.75,149.0,14.37,159.3,-39.81,0.693,75.2,103,0.7242,1,1
NEU-003608,Control,B01,96.94,-59.88,182.8,18.44,79.3,-43.77,1.018,50.1,80,0.559,0,1
NEU-003609,TreatmentA,B03,92.19,-60.43,226.3,14.48,104.5,-40.71,1.67,59.3,76,0.5224,1,1
NEU-003610,TreatmentB,B03,90.75,-67.71,123.4,14.02,93.7,-45.89,0.814,60.1,85,0.3122,1,1
NEU-003611,TreatmentB,B02,79.4,-49.16,131.8,18.61,159.7,-45.21,1.444,72.8,95,0.4946,1,0
NEU-003612,TreatmentA,B02,105.94,-56.59,232.2,12.77,50.5,-44.61,1.076,51.0,90,0.4908,1,0
NEU-003613,TreatmentA,B03,104.44,-59.6,124.2,15.38,19.6,-37.89,1.185,48.8,85,0.4985,0,0
NEU-003614,TreatmentB,B01,82.77,-56.12,270.8,10.74,36.1,-36.6,0.99,61.9,81,0.4034,0,0
NEU-003615,Control,B03,104.79,-63.45,57.6,9.48,163.3,-46.84,1.018,34.0,78,0.469,1,1
NEU-003616,TreatmentB,B02,108.52,-61.14,154.3,10.76,50.9,-42.66,1.067,62.8,86,0.3292,1,1
NEU-003617,Control,B03,86.71,-68.61,156.6,19.26,106.9,-45.65,1.59,42.9,93,0.4021,1,0
NEU-003618,Control,B01,107.16,-69.48,136.8,16.72,107.2,-36.69,0.954,36.5,88,0.4153,0,1
NEU-003619,TreatmentA,B02,110.05,-74.7,127.5,14.13,118.0,-43.99,1.311,54.2,80,0.1953,1,0
NEU-003620,TreatmentA,B03,96.24,-64.39,240.3,20.45,85.7,-40.88,1.779,34.5,72,0.2537,0,0
NEU-003621,Control,B02,107.86,-64.01,188.3,9.33,111.6,-40.34,0.836,42.1,98,0.3601,1,1
NEU-003622,TreatmentB,B03,109.57,-67.97,82.9,15.92,96.5,-38.45,0.845,40.9,89,0.2025,1,0
NEU-003623,TreatmentA,B02,74.67,-60.03,118.5,7.6,105.4,-46.59,0.967,65.0,81,0.2826,0,1
NEU-003624,TreatmentB,B01,119.32,-61.73,299.4,25.72,143.3,-44.11,1.201,47.5,81,0.4476,0,1
NEU-003625,Control,B03,90.1,-68.86,268.2,11.74,217.3,-44.29,0.634,39.6,87,0.3861,0,1
NEU-003626,Control,B01,90.77,-57.88,303.5,12.25,66.1,-31.93,0.977,20.6,82,0.4054,0,0
NEU-003627,Control,B02,86.52,-67.89,202.0,28.9,99.1,-42.34,0.807,44.8,82,0.6537,0,1
NEU-003628,TreatmentA,B01,106.07,-70.6,124.6,15.27,145.6,-44.76,0.99,37.6,89,0.2196,1,0
NEU-003629,TreatmentB,B01,110.24,-64.3,89.6,12.62,42.6,-40.22,0.565,44.9,103,0.1633,1,1
NEU-003630,Control,B03,74.21,-71.79,173.5,4.13,155.5,-46.93,1.238,49.3,82,0.2924,0,1
NEU-003631,TreatmentA,B03,80.07,-59.19,407.8,18.68,73.0,-41.04,0.755,50.6,92,0.265,0,0
NEU-003632,TreatmentB,B03,88.04,-62.21,146.9,16.76,56.4,-47.69,0.687,43.2,84,0.5516,0,0
NEU-003633,TreatmentA,B02,92.76,-75.27,119.5,14.59,39.3,-35.84,1.066,44.2,74,0.502,1,0
NEU-003634,TreatmentA,B01,119.78,-58.01,196.5,10.38,192.6,-45.3,0.844,52.7,106,0.5441,0,0
NEU-003635,TreatmentB,B03,87.0,-58.97,73.7,17.67,43.1,-45.3,0.957,59.3,87,0.4908,0,1
NEU-003636,Control,B02,83.91,-68.47,260.6,30.66,192.2,-49.02,1.169,56.7,97,0.224,0,0
NEU-003637,TreatmentA,B03,110.53,-65.19,171.0,22.89,127.4,-42.91,0.899,54.0,79,0.446,1,1
NEU-003638,TreatmentB,B02,90.96,-62.72,103.8,14.1,54.2,-38.65,1.289,87.6,89,0.66,1,1
NEU-003639,TreatmentA,B02,92.48,-75.29,69.8,16.09,112.9,-43.65,0.883,43.3,98,0.3534,0,0
NEU-003640,Control,B01,111.87,-61.34,175.9,15.88,143.3,-37.75,1.199,38.1,69,0.3549,1,0
NEU-003641,TreatmentB,B03,113.91,-67.89,78.2,17.41,50.8,-42.9,1.0,68.8,96,0.5801,1,1
NEU-003642,TreatmentA,B01,86.37,-65.87,135.0,12.44,54.0,-38.84,1.322,41.0,99,0.2548,0,0
NEU-003643,TreatmentB,B01,92.1,-65.46,129.5,12.72,89.8,-44.95,0.949,59.6,80,0.222,1,1
NEU-003644,TreatmentA,B01,122.79,-66.91,99.4,20.45,155.3,-37.72,1.501,44.7,85,0.711,1,1
NEU-003645,TreatmentA,B02,90.71,-69.19,136.1,13.84,119.5,-45.0,1.668,50.0,70,0.4094,1,0
NEU-003646,TreatmentA,B02,123.77,-70.3,87.7,9.4,69.1,-33.48,0.801,13.6,95,0.6077,0,0
NEU-003647,TreatmentA,B03,97.38,-71.32,183.5,18.62,136.9,-38.45,0.958,47.8,71,0.2579,1,0
NEU-003648,TreatmentB,B03,93.88,-63.76,166.0,5.86,112.7,-40.62,1.423,60.5,93,0.3567,0,1
NEU-003649,Control,B01,126.6,-66.35,229.5,9.23,107.8,-40.59,0.692,43.0,73,0.2939,1,1
NEU-003650,TreatmentA,B02,116.93,-63.71,120.3,10.5,214.0,-44.91,0.596,77.1,78,0.4101,1,0
NEU-003651,TreatmentA,B03,114.02,-58.29,174.1,15.43,137.8,-45.25,1.516,33.0,91,0.5853,1,0
NEU-003652,TreatmentB,B01,115.16,-74.45,283.4,18.53,32.5,-42.97,1.05,57.3,90,0.5612,0,0
NEU-003653,TreatmentB,B01,101.37,-66.44,120.1,22.5,75.1,-49.23,1.701,41.6,79,0.3017,1,0
NEU-003654,Control,B01,90.14,-67.3,200.0,18.26,142.8,-43.62,0.953,44.3,87,0.3899,0,1
NEU-003655,TreatmentB,B03,111.65,-68.5,143.0,8.23,82.1,-33.57,0.752,36.8,86,0.3295,0,1
NEU-003656,TreatmentA,B03,100.19,-69.45,188.2,11.5,196.7,-39.54,1.882,57.9,98,0.3213,1,1
NEU-003657,TreatmentA,B03,96.86,-66.21,257.8,24.99,133.8,-42.61,0.695,48.6,76,0.6433,0,1
NEU-003658,TreatmentA,B02,86.15,-73.08,191.7,13.77,93.3,-41.06,2.268,52.4,73,0.1851,1,0
NEU-003659,TreatmentB,B03,107.56,-69.96,170.6,29.96,57.5,-29.52,0.715,57.1,78,0.5454,0,1
NEU-003660,TreatmentB,B03,129.19,-66.46,119.0,18.42,172.7,-32.21,1.042,70.3,86,0.3853,1,0
NEU-003661,TreatmentB,B01,114.18,-69.77,252.9,25.46,89.3,-37.06,1.006,97.2,89,0.6606,1,1
NEU-003662,TreatmentA,B03,126.64,-67.11,137.4,10.07,151.1,-38.56,1.095,31.9,78,0.3032,1,1
NEU-003663,TreatmentA,B03,75.61,-54.98,91.4,40.38,115.8,-43.29,0.728,74.3,87,0.4911,1,1
NEU-003664,TreatmentB,B01,86.63,-57.81,368.7,9.41,79.7,-39.49,0.757,38.2,83,0.3682,0,0
NEU-003665,TreatmentA,B02,99.98,-56.39,248.7,6.54,142.1,-34.93,0.911,41.1,95,0.494,0,0
NEU-003666,Control,B02,101.21,-61.55,161.0,27.63,63.1,-35.85,1.056,57.0,89,0.5283,1,1
NEU-003667,TreatmentB,B02,104.35,-68.14,399.3,14.08,52.2,-44.98,0.838,59.7,85,0.4251,1,0
NEU-003668,TreatmentA,B01,108.81,-65.55,145.9,16.21,146.5,-44.03,1.187,40.2,75,0.1441,1,1
NEU-003669,TreatmentB,B03,85.5,-72.17,193.6,18.49,154.8,-42.28,2.404,38.1,79,0.1952,1,0
NEU-003670,TreatmentB,B02,83.28,-58.14,173.1,7.68,70.5,-41.66,1.24,67.4,92,0.4435,1,0
NEU-003671,TreatmentA,B02,87.28,-60.14,193.1,9.22,136.5,-46.9,1.03,41.4,97,0.5957,0,0
NEU-003672,TreatmentB,B03,71.65,-65.64,170.8,11.96,122.9,-43.78,1.028,77.2,77,0.516,0,0
NEU-003673,TreatmentB,B02,94.94,-60.42,131.7,9.47,68.1,-39.47,0.723,53.3,94,0.2475,1,1
NEU-003674,TreatmentA,B03,104.29,-58.56,367.4,5.88,95.9,-36.41,0.848,51.5,69,0.5443,0,0
NEU-003675,TreatmentB,B02,91.97,-75.35,129.0,9.76,104.6,-41.04,1.571,41.2,78,0.4916,1,0
NEU-003676,Control,B03,108.5,-62.61,184.6,9.76,144.2,-42.32,1.302,53.9,87,0.7599,1,0
NEU-003677,TreatmentA,B02,99.59,-65.35,223.0,18.26,86.8,-45.41,0.997,45.9,76,0.3132,0,0
NEU-003678,TreatmentA,B02,87.72,-68.11,445.9,11.01,113.9,-44.99,2.294,67.6,104,0.6394,1,1
NEU-003679,Control,B03,93.53,-68.97,103.8,16.05,160.6,-39.0,0.682,36.6,70,0.3527,0,0
NEU-003680,TreatmentA,B02,83.7,-63.25,100.4,16.93,103.2,-36.22,0.776,68.7,104,0.1403,1,0
NEU-003681,Control,B03,120.42,-65.3,151.4,34.74,100.8,-42.95,1.107,29.2,75,0.5586,0,1
NEU-003682,TreatmentA,B01,117.88,-65.89,153.5,11.04,83.5,-38.01,1.96,53.2,80,0.3141,1,1
NEU-003683,TreatmentB,B01,74.13,-72.86,172.8,12.65,111.4,-39.0,1.488,72.4,91,0.6366,1,0
NEU-003684,Control,B02,121.01,-65.72,186.6,14.48,190.4,-40.35,1.429,22.1,92,0.3075,1,0
NEU-003685,Control,B01,96.01,-72.48,103.5,14.96,150.9,-50.71,1.083,60.3,94,0.2239,1,0
NEU-003686,Control,B02,102.58,-67.7,82.8,9.25,122.1,-48.38,1.217,56.6,79,0.5216,1,1
NEU-003687,Control,B02,103.51,-68.74,201.7,12.44,56.5,-46.32,0.931,30.7,86,0.7666,0,1
NEU-003688,TreatmentA,B01,106.54,-63.18,249.1,11.98,59.9,-35.62,0.909,37.6,90,0.5955,0,1
NEU-003689,TreatmentA,B02,101.32,-67.74,154.8,18.95,101.0,-39.42,1.076,66.5,83,0.2058,1,0
NEU-003690,TreatmentB,B03,116.53,-71.62,210.8,12.05,39.9,-49.83,1.966,58.1,58,0.1055,0,1
NEU-003691,TreatmentB,B02,102.93,-62.91,96.4,9.25,113.6,-43.63,1.189,78.2,86,0.2465,1,1
NEU-003692,TreatmentA,B02,113.08,-64.07,280.0,14.44,37.0,-41.45,1.682,42.6,83,0.5657,1,1
NEU-003693,TreatmentA,B02,96.26,-70.12,122.0,16.12,118.5,-38.96,1.064,39.7,89,0.2785,1,0
NEU-003694,TreatmentA,B02,125.54,-64.74,84.3,11.54,95.9,-45.29,1.192,76.6,77,0.5633,1,1
NEU-003695,TreatmentA,B03,93.95,-59.11,63.7,12.66,95.4,-44.33,0.774,43.1,82,0.4817,0,0
NEU-003696,Control,B01,106.71,-68.34,184.7,8.49,183.0,-52.67,0.765,49.7,79,0.344,0,1
NEU-003697,TreatmentA,B02,77.13,-64.9,92.3,12.07,96.8,-42.06,0.97,53.0,80,0.5136,1,1
NEU-003698,TreatmentA,B03,105.36,-68.18,232.9,20.77,208.9,-47.36,0.928,65.0,96,0.3123,1,1
NEU-003699,Control,B01,109.14,-65.69,223.9,9.55,176.9,-43.36,0.618,54.5,77,0.3902,0,1
NEU-003700,TreatmentA,B02,122.56,-60.85,122.7,18.31,110.0,-43.67,0.806,66.7,81,0.3856,0,1
NEU-003701,TreatmentA,B03,93.27,-62.81,123.4,12.98,87.4,-39.48,1.414,52.3,72,0.1955,1,1
NEU-003702,Control,B01,96.12,-63.06,161.6,17.9,83.4,-41.76,0.597,58.7,82,0.3919,1,1
NEU-003703,TreatmentB,B01,111.57,-60.36,127.3,15.69,90.5,-41.85,1.696,38.3,103,0.2788,1,0
NEU-003704,Control,B03,115.4,-72.11,170.1,10.79,184.9,-49.98,0.863,38.0,86,0.3772,0,0
NEU-003705,TreatmentB,B03,106.25,-71.65,144.4,18.77,86.5,-49.38,0.731,72.7,88,0.5949,1,1
NEU-003706,Control,B01,112.55,-58.77,134.7,10.78,84.2,-43.12,1.014,20.1,78,0.4634,0,0
NEU-003707,Control,B03,119.72,-71.07,190.5,12.86,122.6,-43.92,1.274,44.2,93,0.5171,0,0
NEU-003708,TreatmentA,B01,90.61,-68.72,137.3,15.38,128.9,-36.62,1.417,61.9,89,0.4743,1,1
NEU-003709,TreatmentA,B02,86.43,-70.03,177.7,29.26,67.1,-37.53,1.258,30.6,70,0.1812,0,0
NEU-003710,Control,B01,86.96,-66.24,191.5,16.83,133.0,-39.17,0.884,32.6,90,0.5384,0,1
NEU-003711,TreatmentA,B03,94.61,-60.97,157.1,8.93,61.9,-41.78,1.495,60.1,82,0.3726,1,0
NEU-003712,Control,B02,95.5,-59.92,104.6,16.62,139.9,-51.13,1.426,31.0,74,0.4115,1,0
NEU-003713,Control,B03,114.27,-60.34,232.8,17.97,185.8,-32.84,1.337,11.5,72,0.5201,0,1
NEU-003714,Control,B01,119.84,-60.46,125.8,14.61,127.8,-41.16,1.118,19.4,76,0.2591,0,0
NEU-003715,TreatmentB,B01,82.68,-66.01,99.5,13.37,18.0,-42.63,1.406,74.6,100,0.4246,1,1
NEU-003716,TreatmentA,B01,102.22,-60.45,127.7,27.9,127.4,-42.7,1.832,54.0,80,0.5453,1,1
NEU-003717,TreatmentA,B02,109.71,-54.42,100.6,9.5,198.9,-44.04,1.243,53.0,74,0.4946,0,0
NEU-003718,Control,B01,104.78,-65.91,235.1,19.88,135.1,-42.9,0.953,43.2,75,0.2817,0,0
NEU-003719,TreatmentB,B02,90.64,-63.48,131.7,12.25,77.5,-40.48,0.947,68.8,75,0.2091,1,1
NEU-003720,Control,B01,98.17,-67.4,186.9,9.85,159.9,-44.22,0.961,39.1,60,0.2993,0,1
NEU-003721,TreatmentA,B03,99.03,-63.37,133.9,11.55,42.7,-46.2,0.861,33.9,72,0.257,0,1
NEU-003722,Control,B03,88.08,-76.52,520.5,5.86,148.4,-39.16,0.931,20.3,95,0.6557,0,0
NEU-003723,Control,B01,110.61,-54.48,222.7,10.86,122.5,-40.84,0.715,34.0,86,0.6163,0,0
NEU-003724,Control,B02,88.18,-69.84,176.9,12.56,118.7,-46.65,1.216,48.4,85,0.5548,1,0
NEU-003725,TreatmentA,B03,121.58,-65.87,131.4,8.5,134.3,-39.59,0.644,57.9,73,0.5002,1,1
NEU-003726,TreatmentA,B02,85.38,-66.85,165.5,11.64,149.3,-34.33,0.681,49.5,93,0.3057,1,1
NEU-003727,Control,B03,125.33,-70.7,163.7,7.51,182.6,-41.99,0.842,10.6,87,0.3726,0,0
NEU-003728,TreatmentB,B01,96.45,-70.07,131.9,9.61,94.1,-44.16,0.935,53.9,96,0.5701,0,0
NEU-003729,Control,B01,109.55,-65.51,147.8,8.43,104.7,-44.15,1.09,45.3,90,0.4119,1,1
NEU-003730,Control,B01,92.91,-70.28,170.3,6.34,129.7,-37.48,1.119,37.2,85,0.5059,0,0
NEU-003731,TreatmentA,B01,118.78,-60.79,223.6,11.74,138.9,-42.86,1.449,44.5,93,0.353,1,0
NEU-003732,TreatmentA,B03,71.59,-60.77,155.0,18.53,57.6,-45.33,0.657,38.5,66,0.3553,0,0
NEU-003733,Control,B02,76.94,-65.04,255.1,23.41,104.5,-44.32,0.91,65.7,96,0.5183,1,1
NEU-003734,TreatmentB,B02,96.99,-67.86,269.5,13.36,126.9,-46.7,0.85,42.1,99,0.6239,0,1
NEU-003735,TreatmentB,B03,97.81,-74.88,109.9,27.29,90.7,-38.08,0.558,40.4,93,0.5043,0,0
NEU-003736,TreatmentB,B03,88.6,-67.77,199.2,7.71,155.7,-42.58,0.876,36.0,81,0.4303,1,0
NEU-003737,TreatmentA,B02,82.54,-62.13,111.0,10.0,164.6,-41.88,1.453,43.1,64,0.4486,1,1
NEU-003738,Control,B01,81.64,-70.65,183.1,15.04,47.8,-45.69,0.604,61.2,71,0.5715,0,0
NEU-003739,TreatmentA,B02,89.21,-56.29,473.5,8.65,101.8,-44.93,1.339,53.4,79,0.3687,0,0
NEU-003740,TreatmentB,B02,100.01,-69.54,67.6,11.78,19.9,-37.3,0.808,91.8,86,0.4262,1,0
NEU-003741,TreatmentA,B02,118.17,-70.92,236.9,6.13,96.3,-40.4,2.284,61.5,83,0.2573,1,1
NEU-003742,TreatmentA,B03,79.8,-74.8,109.7,10.03,153.2,-44.86,0.782,40.5,91,0.2982,1,0
NEU-003743,TreatmentB,B02,104.84,-60.34,101.8,13.82,102.9,-40.22,1.153,55.3,76,0.5623,1,1
NEU-003744,Control,B01,55.65,-65.46,157.4,7.25,195.2,-43.47,1.281,34.4,74,0.6758,0,0
NEU-003745,TreatmentB,B03,105.87,-54.57,234.6,28.16,46.0,-41.64,0.871,80.3,87,0.4073,1,0
NEU-003746,TreatmentB,B03,78.42,-65.85,85.1,12.52,90.6,-41.11,1.233,48.6,81,0.6574,1,0
NEU-003747,Control,B02,108.04,-71.45,303.6,10.41,142.2,-39.46,0.674,25.6,84,0.5746,0,0
NEU-003748,Control,B02,88.33,-68.07,151.8,10.38,209.1,-33.55,0.605,57.0,82,0.5822,0,0
NEU-003749,Control,B02,82.57,-74.9,296.2,11.31,90.9,-48.17,1.319,41.8,72,0.2061,0,0
NEU-003750,TreatmentA,B01,118.31,-68.87,86.9,18.63,128.6,-48.83,0.524,58.6,81,0.3035,1,0
NEU-003751,TreatmentA,B03,94.93,-67.68,112.1,11.37,123.2,-38.62,1.72,58.1,101,0.4337,1,0
NEU-003752,Control,B03,114.98,-73.81,50.1,21.21,105.7,-45.8,1.724,29.3,87,0.3308,1,0
NEU-003753,TreatmentA,B02,91.33,-62.02,411.2,15.33,91.8,-36.91,1.992,46.4,99,0.2371,1,0
NEU-003754,TreatmentA,B03,143.35,-70.6,216.5,18.28,134.6,-39.37,1.281,45.6,92,0.57,0,1
NEU-003755,TreatmentB,B02,115.85,-64.55,153.8,21.53,3.8,-46.87,1.756,61.5,72,0.2219,1,0
NEU-003756,TreatmentA,B02,81.34,-63.96,85.5,25.94,100.0,-45.67,1.061,44.4,80,0.2127,1,0
NEU-003757,TreatmentA,B02,110.63,-69.72,285.2,11.95,186.1,-39.6,0.815,51.5,88,0.4433,1,0
NEU-003758,TreatmentA,B02,98.7,-62.15,360.7,11.24,142.2,-44.64,0.613,29.9,78,0.3835,0,1
NEU-003759,Control,B01,72.78,-65.13,167.9,15.92,130.2,-32.32,1.649,19.6,93,0.4885,1,1
NEU-003760,TreatmentB,B01,112.33,-62.9,49.4,27.22,62.8,-42.24,1.326,63.3,85,0.338,1,0
NEU-003761,TreatmentB,B03,94.58,-73.35,238.7,12.84,74.9,-41.48,0.718,66.8,79,0.5022,1,0
NEU-003762,Control,B03,96.07,-59.86,104.0,14.17,73.1,-43.26,1.391,66.4,98,0.5633,1,1
NEU-003763,Control,B03,111.77,-71.59,133.5,7.48,84.9,-41.58,1.435,20.6,109,0.4638,0,0
NEU-003764,TreatmentA,B02,84.94,-65.48,75.7,11.87,93.9,-44.82,1.138,54.7,102,0.2864,1,1
NEU-003765,TreatmentA,B01,116.41,-56.6,128.4,10.26,126.6,-36.87,1.847,56.2,88,0.4001,1,1
NEU-003766,TreatmentB,B03,102.3,-67.3,141.4,11.11,152.1,-36.76,1.019,55.0,79,0.37,1,0
NEU-003767,Control,B03,88.08,-75.0,194.8,7.1,150.3,-38.46,1.172,30.2,74,0.4661,0,0
NEU-003768,TreatmentA,B02,104.56,-60.29,72.1,10.81,66.2,-44.36,0.634,36.8,96,0.2146,1,1
NEU-003769,TreatmentA,B01,96.86,-68.05,343.7,10.1,160.3,-44.67,0.963,38.8,91,0.2633,0,1
NEU-003770,TreatmentA,B01,92.03,-68.28,102.2,13.99,168.7,-38.1,1.003,36.7,76,0.3014,0,0
NEU-003771,TreatmentA,B03,101.56,-65.53,337.7,13.95,129.2,-39.88,1.798,41.1,83,0.3031,0,0
NEU-003772,TreatmentB,B03,105.84,-59.44,100.1,8.47,54.2,-35.36,0.975,42.5,102,0.4728,0,0
NEU-003773,TreatmentA,B03,117.2,-64.79,161.8,17.15,158.1,-37.64,0.923,32.9,78,0.2375,1,0
NEU-003774,TreatmentB,B03,79.23,-62.95,262.7,16.22,61.4,-37.41,0.558,51.8,84,0.4064,0,0
NEU-003775,TreatmentA,B03,107.86,-60.73,245.8,9.7,90.3,-38.31,1.205,41.7,95,0.5784,0,0
NEU-003776,Control,B01,68.64,-75.81,143.2,19.75,102.3,-37.63,0.677,37.1,86,0.6066,0,0
NEU-003777,TreatmentB,B03,73.66,-62.53,251.0,16.65,114.6,-41.28,0.981,56.5,89,0.5618,1,1
NEU-003778,TreatmentB,B01,109.78,-62.22,139.9,8.55,55.4,-40.2,0.845,54.6,77,0.3671,1,1
NEU-003779,TreatmentA,B01,104.08,-65.16,162.3,19.14,124.3,-35.98,1.615,45.5,86,0.2618,1,0
NEU-003780,Control,B02,102.99,-65.94,73.2,18.73,126.0,-46.58,1.11,51.8,88,0.408,1,1
NEU-003781,TreatmentA,B02,82.03,-74.23,141.1,14.3,197.8,-37.85,0.785,28.4,84,0.4053,0,0
NEU-003782,TreatmentB,B02,86.35,-64.68,120.0,12.27,49.0,-40.29,0.691,59.4,73,0.4566,0,1
NEU-003783,TreatmentA,B03,76.26,-73.77,252.1,19.47,185.2,-31.89,1.657,63.9,101,0.4094,1,0
NEU-003784,TreatmentB,B03,90.9,-54.88,122.4,8.48,49.4,-40.03,1.205,51.2,72,0.2661,0,0
NEU-003785,TreatmentA,B02,82.06,-64.89,168.9,14.63,94.9,-43.57,1.029,43.2,88,0.6384,1,1
NEU-003786,TreatmentA,B02,76.79,-67.02,200.0,29.54,84.6,-41.16,1.242,53.5,95,0.3832,0,0
NEU-003787,TreatmentA,B03,134.58,-73.62,109.6,9.76,96.7,-48.45,1.51,43.4,105,0.414,1,0
NEU-003788,TreatmentB,B02,88.68,-57.11,171.0,8.31,119.0,-43.69,0.884,57.7,91,0.6033,1,0
NEU-003789,TreatmentA,B02,108.97,-63.9,164.0,18.11,139.9,-49.3,0.799,42.5,89,0.1592,0,1
NEU-003790,TreatmentA,B02,111.98,-71.41,143.9,8.54,169.7,-49.25,1.162,52.6,84,0.4997,1,0
NEU-003791,TreatmentB,B02,100.79,-71.75,209.1,9.78,70.0,-41.59,0.747,90.3,71,0.5418,1,0
NEU-003792,TreatmentB,B02,109.15,-64.51,187.0,19.47,81.9,-43.67,0.607,74.0,77,0.7729,0,1
NEU-003793,TreatmentB,B03,100.24,-71.46,76.7,24.27,35.0,-39.54,0.802,60.4,70,0.2914,1,0
NEU-003794,Control,B02,101.38,-65.06,152.3,14.15,166.3,-45.47,0.678,25.2,78,0.5028,0,1
NEU-003795,TreatmentB,B01,91.67,-51.16,171.8,12.49,63.3,-41.34,1.35,50.7,76,0.2414,1,0
NEU-003796,TreatmentB,B02,89.9,-66.67,293.4,12.95,89.2,-38.01,2.085,42.4,88,0.4634,1,1
NEU-003797,Control,B03,82.69,-65.13,251.0,15.63,189.2,-44.64,0.97,21.6,93,0.3829,0,1
NEU-003798,TreatmentA,B02,99.89,-61.2,177.9,23.02,95.8,-41.74,1.533,49.8,115,0.3921,1,0
NEU-003799,Control,B02,110.77,-65.81,122.2,7.58,104.2,-41.47,1.155,43.4,86,0.6107,0,0
NEU-003800,TreatmentB,B02,87.38,-66.96,340.5,31.73,180.6,-38.22,1.126,52.1,71,0.2945,0,0
NEU-003801,TreatmentB,B02,85.41,-66.65,146.4,9.23,43.9,-37.7,0.785,35.3,92,0.6178,0,0
NEU-003802,TreatmentA,B02,74.74,-68.07,419.8,13.9,90.9,-35.04,1.185,50.3,95,0.2624,0,1
NEU-003803,TreatmentB,B03,107.19,-59.58,102.8,15.28,54.0,-40.36,0.843,48.1,94,0.3967,1,1
NEU-003804,TreatmentA,B01,68.22,-61.87,248.0,16.93,165.9,-44.72,0.707,52.9,86,0.4372,0,1
NEU-003805,TreatmentA,B03,103.41,-56.22,192.4,9.3,110.9,-44.73,1.087,33.7,96,0.565,0,0
NEU-003806,TreatmentB,B02,110.93,-67.35,205.7,17.05,44.5,-39.95,0.864,42.6,93,0.521,0,1
NEU-003807,TreatmentA,B02,86.3,-60.68,170.9,18.74,89.4,-42.93,0.98,31.7,89,0.4865,0,1
NEU-003808,TreatmentB,B01,108.18,-78.38,138.7,9.87,133.2,-37.53,0.833,34.7,79,0.4172,0,0
NEU-003809,TreatmentA,B03,103.86,-66.17,108.3,13.12,127.3,-39.88,1.222,21.4,93,0.4063,0,1
NEU-003810,TreatmentA,B01,101.14,-72.75,399.8,8.6,49.9,-44.7,0.981,69.8,82,0.2938,1,0
NEU-003811,TreatmentB,B01,116.35,-65.72,325.3,20.76,130.7,-42.05,0.922,80.1,68,0.2429,1,0
NEU-003812,Control,B01,120.25,-69.47,103.8,8.69,166.5,-37.93,0.98,38.5,82,0.2641,1,1
NEU-003813,TreatmentA,B03,108.68,-62.26,199.0,11.11,65.3,-44.64,1.151,81.8,82,0.0943,1,0
NEU-003814,TreatmentB,B02,80.31,-65.23,278.1,18.76,56.8,-41.06,1.532,43.1,89,0.3232,1,1
NEU-003815,TreatmentA,B01,92.59,-62.22,95.3,7.8,91.1,-40.62,1.696,65.2,82,0.3903,1,0
NEU-003816,TreatmentA,B01,113.47,-64.86,223.6,3.6,119.8,-47.36,0.727,44.9,77,0.1081,0,1
NEU-003817,TreatmentA,B02,103.64,-63.62,323.8,18.91,108.3,-39.85,1.638,45.6,74,0.2222,0,0
NEU-003818,TreatmentB,B02,96.51,-62.82,151.9,35.64,68.4,-50.18,0.75,66.7,74,0.1823,1,0
NEU-003819,TreatmentB,B02,92.01,-59.1,212.1,20.91,83.2,-39.22,1.206,69.6,78,0.4101,0,1
NEU-003820,Control,B01,91.38,-61.48,93.4,12.55,115.7,-44.56,0.946,52.3,88,0.4389,1,1
NEU-003821,TreatmentB,B01,124.98,-56.55,144.3,11.55,96.9,-38.52,1.78,67.1,90,0.5231,1,0
NEU-003822,TreatmentB,B02,108.67,-67.23,144.7,15.05,80.5,-43.39,1.019,45.7,100,0.4697,1,1
NEU-003823,TreatmentB,B01,73.14,-67.42,227.0,11.11,138.8,-40.73,0.524,69.4,78,0.3905,1,1
NEU-003824,Control,B03,125.28,-63.69,197.5,33.62,106.1,-37.08,1.511,33.9,82,0.1391,1,0
NEU-003825,Control,B03,98.65,-63.99,339.2,13.71,168.5,-46.18,0.743,24.8,78,0.4499,0,1
NEU-003826,TreatmentB,B01,89.76,-66.22,375.5,9.94,146.9,-44.46,1.044,39.5,87,0.3758,0,1
NEU-003827,Control,B02,114.52,-62.75,370.6,17.97,133.4,-42.86,1.091,28.1,87,0.3194,0,0
NEU-003828,TreatmentA,B03,80.16,-67.16,108.2,8.04,155.9,-44.27,0.843,41.5,78,0.3858,0,1
NEU-003829,Control,B02,114.98,-71.17,149.2,12.47,170.0,-43.87,1.309,25.2,87,0.4066,0,0
NEU-003830,TreatmentA,B01,94.63,-66.02,124.0,17.79,133.5,-39.86,0.757,55.8,87,0.4241,1,1
NEU-003831,Control,B02,90.14,-63.56,224.8,8.35,121.5,-37.34,2.103,36.8,80,0.4627,1,0
NEU-003832,TreatmentB,B02,95.34,-69.39,211.2,11.88,104.1,-43.12,1.462,77.5,81,0.3286,1,1
NEU-003833,TreatmentA,B01,72.05,-65.87,459.9,14.14,107.0,-38.75,0.94,65.0,76,0.3476,0,1
NEU-003834,Control,B01,86.87,-68.66,84.6,23.78,154.8,-39.43,0.66,30.5,95,0.2236,0,0
NEU-003835,Control,B02,97.57,-59.93,191.3,19.72,126.0,-45.84,1.859,39.1,96,0.4843,0,1
NEU-003836,Control,B02,105.67,-76.73,114.4,14.82,101.5,-36.69,0.893,7.7,92,0.3458,1,0
NEU-003837,TreatmentB,B01,131.93,-73.71,97.6,9.94,44.5,-36.19,1.051,82.8,79,0.6719,1,0
NEU-003838,TreatmentB,B03,81.0,-54.59,361.3,14.73,64.5,-46.2,0.855,66.3,80,0.4234,1,0
NEU-003839,TreatmentB,B02,108.28,-59.83,94.3,8.49,78.0,-42.09,0.852,30.0,73,0.4798,1,0
NEU-003840,Control,B01,104.31,-70.27,206.5,12.64,146.1,-42.54,1.496,43.8,83,0.3611,1,1
NEU-003841,Control,B01,92.87,-60.0,110.6,23.44,155.2,-50.06,0.79,32.6,75,0.388,1,0
NEU-003842,Control,B01,90.84,-61.96,135.2,7.41,148.2,-45.25,1.408,21.8,87,0.328,0,1
NEU-003843,TreatmentA,B01,107.55,-75.94,87.7,20.8,159.3,-43.09,1.03,69.5,89,0.2732,1,0
NEU-003844,Control,B01,103.85,-61.1,142.4,13.3,167.0,-37.41,1.009,28.4,92,0.6042,0,1
NEU-003845,Control,B03,103.87,-64.79,212.2,20.55,180.2,-36.24,1.067,66.3,83,0.7116,1,1
NEU-003846,TreatmentB,B01,94.23,-71.5,171.1,6.84,61.1,-44.06,0.828,46.3,98,0.4019,0,0
NEU-003847,Control,B02,89.56,-68.16,334.5,14.22,153.8,-40.86,0.919,47.7,103,0.5382,0,1
NEU-003848,Control,B01,108.36,-66.67,273.3,10.6,121.2,-40.61,0.826,46.0,87,0.5976,0,0
NEU-003849,Control,B01,77.68,-71.1,62.4,12.58,142.6,-43.14,0.902,42.9,75,0.6754,1,0
NEU-003850,TreatmentA,B03,81.86,-68.67,161.1,29.42,89.3,-46.85,0.734,71.2,73,0.2887,1,0
NEU-003851,Control,B03,88.98,-70.76,308.1,24.07,113.3,-36.71,0.816,39.8,72,0.3619,0,0
NEU-003852,TreatmentB,B03,91.61,-57.65,48.9,17.4,156.8,-40.08,1.23,54.8,78,0.3417,1,0
NEU-003853,TreatmentB,B01,75.46,-63.3,295.9,18.45,86.1,-43.21,0.691,51.1,81,0.3465,0,1
NEU-003854,TreatmentA,B03,98.11,-69.26,209.0,29.44,102.0,-44.35,0.895,57.4,101,0.7013,1,1
NEU-003855,TreatmentA,B01,116.36,-72.81,165.8,27.76,156.6,-38.7,0.83,35.8,88,0.5574,0,1
NEU-003856,Control,B02,95.28,-74.82,259.7,8.98,108.0,-46.29,0.875,39.2,81,0.7208,0,0
NEU-003857,TreatmentB,B03,113.03,-61.44,159.2,19.69,37.6,-36.69,1.367,75.6,84,0.196,1,0
NEU-003858,TreatmentB,B01,90.89,-66.24,198.6,16.74,156.4,-41.91,0.965,54.2,82,0.1156,1,0
NEU-003859,TreatmentA,B01,80.79,-69.99,113.0,13.85,92.6,-45.99,1.05,61.3,88,0.5106,1,1
NEU-003860,TreatmentA,B01,119.0,-63.71,379.5,16.48,126.5,-43.92,1.332,16.2,90,0.5886,0,1
NEU-003861,TreatmentA,B01,87.87,-60.61,95.5,7.31,55.5,-45.2,1.03,57.5,86,0.3138,1,1
NEU-003862,TreatmentA,B01,113.94,-70.43,114.7,12.54,125.5,-37.3,0.525,81.0,92,0.14,1,0
NEU-003863,TreatmentB,B02,108.63,-63.78,166.1,26.63,90.5,-40.23,0.86,59.6,78,0.4955,0,1
NEU-003864,TreatmentA,B03,108.31,-61.65,155.1,23.72,122.1,-39.78,1.389,56.8,100,0.2252,1,0
NEU-003865,TreatmentB,B02,86.53,-65.11,179.3,24.12,106.3,-42.87,1.178,55.4,86,0.4108,1,1
NEU-003866,TreatmentB,B01,102.94,-58.85,200.7,13.3,33.6,-37.54,1.049,64.4,82,0.3617,0,0
NEU-003867,TreatmentB,B03,101.11,-57.43,97.6,10.03,91.7,-41.54,1.681,83.9,95,0.5732,1,0
NEU-003868,Control,B01,129.84,-58.34,79.8,12.58,167.7,-47.53,0.744,40.2,88,0.2627,0,0
NEU-003869,TreatmentB,B03,125.29,-61.4,336.0,17.59,80.9,-40.97,1.593,36.1,90,0.3015,1,0
NEU-003870,TreatmentB,B01,103.4,-60.79,176.3,17.74,103.3,-40.7,1.181,36.6,86,0.465,0,1
NEU-003871,Control,B03,84.5,-62.31,132.8,11.53,118.3,-36.19,0.906,17.7,91,0.3533,0,1
NEU-003872,TreatmentB,B03,107.36,-61.31,193.1,14.94,104.3,-36.29,1.099,63.4,94,0.2599,1,1
NEU-003873,Control,B01,96.46,-70.21,163.4,9.87,145.2,-35.72,0.647,52.1,89,0.1604,1,1
NEU-003874,TreatmentA,B02,104.49,-61.93,120.3,14.58,126.7,-43.51,0.941,73.4,86,0.1502,1,0
NEU-003875,Control,B01,108.86,-66.7,201.6,22.85,166.9,-43.49,1.086,38.7,74,0.4419,0,1
NEU-003876,TreatmentA,B01,125.5,-57.04,182.5,28.15,108.4,-43.12,2.041,54.9,88,0.1426,1,0
NEU-003877,Control,B01,101.95,-61.67,212.0,12.1,187.8,-46.06,1.561,35.2,104,0.6838,0,0
NEU-003878,TreatmentB,B03,93.27,-63.91,150.4,12.02,121.5,-39.14,0.761,63.6,82,0.2046,1,1
NEU-003879,TreatmentA,B02,116.96,-60.38,173.2,7.59,112.4,-35.75,1.917,27.1,78,0.2787,0,1
NEU-003880,Control,B02,113.43,-65.05,201.4,25.3,174.8,-34.82,0.949,44.9,91,0.2973,0,1
NEU-003881,TreatmentA,B02,111.29,-65.44,172.7,23.99,113.9,-40.23,1.432,57.0,71,0.6682,1,1
NEU-003882,TreatmentA,B01,113.08,-66.14,202.8,18.37,32.0,-40.12,1.167,57.9,96,0.2583,0,1
NEU-003883,TreatmentA,B01,104.42,-65.04,235.5,18.88,82.3,-37.32,1.61,53.4,96,0.4329,1,1
NEU-003884,TreatmentA,B02,91.9,-61.49,139.9,24.47,132.9,-41.55,0.999,59.1,87,0.5685,1,1
NEU-003885,Control,B03,79.05,-66.74,255.2,10.37,130.5,-42.9,0.711,10.6,109,0.3548,0,1
NEU-003886,TreatmentA,B03,88.95,-60.31,109.7,7.32,104.6,-44.34,0.921,51.7,99,0.4352,1,0
NEU-003887,TreatmentB,B01,100.9,-63.84,106.4,18.4,119.5,-43.73,0.979,64.8,77,0.4651,1,1
NEU-003888,TreatmentA,B03,111.06,-77.47,136.6,16.75,132.4,-39.17,1.263,53.0,79,0.2283,1,0
NEU-003889,Control,B02,91.63,-56.1,130.5,10.91,49.0,-42.71,0.806,32.3,81,0.2503,0,1
NEU-003890,TreatmentB,B03,100.95,-61.27,276.5,10.34,45.8,-40.33,0.928,64.4,75,0.377,1,0
NEU-003891,TreatmentB,B03,71.38,-67.21,305.9,14.36,70.3,-43.44,0.731,74.0,93,0.2933,0,1
NEU-003892,TreatmentB,B03,71.77,-73.16,107.3,13.16,68.0,-38.87,0.932,73.7,91,0.1812,1,0
NEU-003893,Control,B01,98.49,-72.18,273.4,21.12,120.2,-45.54,1.298,42.7,82,0.4915,0,1
NEU-003894,Control,B02,91.38,-57.46,144.8,14.46,136.7,-44.91,1.064,40.9,99,0.3006,1,1
NEU-003895,TreatmentA,B02,146.05,-62.86,329.2,13.24,169.0,-47.2,0.616,29.4,85,0.6059,0,1
NEU-003896,TreatmentB,B02,93.1,-61.7,171.2,22.02,61.9,-43.76,1.749,45.0,91,0.5462,1,1
NEU-003897,TreatmentB,B03,88.77,-49.35,150.0,8.18,48.4,-41.43,1.12,65.2,89,0.4281,1,0
NEU-003898,TreatmentB,B03,115.79,-71.49,503.5,14.01,130.3,-41.02,0.764,52.4,83,0.4661,0,1
NEU-003899,TreatmentA,B01,115.62,-66.64,107.6,17.51,132.4,-40.4,1.009,48.2,78,0.1696,0,0
NEU-003900,TreatmentB,B03,88.42,-60.99,62.1,15.94,-2.4,-39.11,0.706,56.1,94,0.3246,1,0
NEU-003901,Control,B01,113.6,-61.65,522.2,10.41,90.5,-37.7,1.376,34.1,93,0.4567,0,0
NEU-003902,TreatmentA,B02,118.48,-73.91,205.5,19.15,176.2,-37.68,0.743,48.6,81,0.2121,0,0
NEU-003903,Control,B03,88.87,-60.71,128.6,16.45,101.3,-40.61,0.893,15.3,88,0.4623,0,1
NEU-003904,TreatmentB,B02,85.71,-68.73,172.8,19.47,85.1,-35.03,0.974,68.4,79,0.3224,1,1
NEU-003905,TreatmentA,B02,107.68,-65.84,150.1,7.17,116.6,-40.98,1.191,62.6,97,0.4959,1,0
NEU-003906,TreatmentB,B02,92.76,-63.86,120.2,19.88,9.0,-47.36,1.093,48.2,78,0.48,0,1
NEU-003907,TreatmentB,B02,91.9,-63.84,233.7,15.09,68.8,-40.68,1.013,64.7,95,0.435,1,1
NEU-003908,Control,B01,96.24,-62.67,169.5,12.65,99.0,-38.9,0.664,32.4,97,0.0939,0,0
NEU-003909,Control,B03,86.51,-59.8,149.3,9.63,135.8,-43.16,1.176,32.5,91,0.2677,1,1
NEU-003910,TreatmentB,B03,110.8,-62.32,309.8,7.79,39.8,-39.01,1.684,46.9,85,0.6518,1,0
NEU-003911,TreatmentB,B02,90.08,-69.28,106.8,11.15,43.4,-40.53,1.279,58.3,80,0.3621,1,1
NEU-003912,Control,B01,121.62,-60.14,143.2,31.53,131.4,-40.22,1.031,33.8,77,0.5448,1,1
NEU-003913,TreatmentA,B03,100.77,-59.55,237.5,12.53,100.3,-39.78,1.352,43.7,101,0.4202,0,0
NEU-003914,TreatmentA,B01,97.83,-64.86,96.7,13.92,100.5,-41.87,0.968,62.8,101,0.6649,1,1
NEU-003915,TreatmentA,B03,92.18,-73.6,76.5,19.6,99.4,-44.9,1.278,67.7,93,0.0706,1,0
NEU-003916,Control,B02,90.67,-71.61,417.9,8.73,161.7,-40.0,0.906,58.6,73,0.3087,1,1
NEU-003917,Control,B02,82.94,-67.26,176.4,18.03,116.2,-41.06,1.28,32.7,81,0.4616,1,1
NEU-003918,Control,B03,95.8,-63.65,265.4,19.89,168.7,-45.8,1.252,35.1,89,0.6237,0,1
NEU-003919,TreatmentA,B01,91.24,-63.41,98.6,6.78,97.6,-40.4,1.295,61.1,92,0.5316,1,0
NEU-003920,Control,B01,106.33,-64.32,125.4,10.04,164.3,-46.55,0.846,34.1,75,0.3025,1,1
NEU-003921,TreatmentB,B02,99.38,-62.72,136.3,8.97,51.7,-49.46,1.1,66.7,84,0.5248,1,1
NEU-003922,TreatmentB,B02,90.51,-69.47,315.9,21.14,83.2,-33.98,0.923,65.2,81,0.668,0,1
NEU-003923,TreatmentB,B03,125.34,-63.26,246.6,12.77,66.4,-40.13,1.184,69.2,83,0.6845,1,0
NEU-003924,TreatmentB,B03,114.11,-64.77,92.4,12.44,67.2,-40.01,1.082,35.5,113,0.2295,1,0
NEU-003925,TreatmentA,B02,96.38,-72.13,163.1,22.6,45.0,-44.55,1.101,57.0,84,0.2291,1,0
NEU-003926,TreatmentB,B01,112.37,-63.62,233.7,14.95,73.5,-43.96,0.45,67.0,99,0.5737,0,1
NEU-003927,TreatmentA,B02,103.91,-61.73,77.0,21.11,105.8,-39.83,1.309,44.4,74,0.2464,1,1
NEU-003928,TreatmentA,B02,82.01,-60.98,179.3,15.41,109.8,-45.11,1.293,51.9,98,0.3838,1,0
NEU-003929,TreatmentB,B02,117.59,-65.5,247.5,9.76,165.6,-44.66,1.162,56.7,94,0.3923,1,1
NEU-003930,TreatmentB,B02,108.82,-59.3,386.1,11.47,43.0,-47.33,1.575,62.3,84,0.2947,0,0
NEU-003931,Control,B02,102.86,-73.14,226.4,12.38,103.5,-40.64,0.943,42.9,89,0.4201,0,1
NEU-003932,TreatmentB,B02,93.3,-60.92,169.3,17.02,124.1,-46.96,1.06,62.7,97,0.1611,1,1
NEU-003933,TreatmentA,B01,108.39,-57.1,277.7,7.88,89.7,-39.96,0.996,63.9,79,0.2404,0,1
NEU-003934,TreatmentB,B01,92.59,-64.2,270.8,19.37,135.4,-39.42,1.288,40.1,84,0.3783,1,1
NEU-003935,TreatmentB,B03,108.93,-58.6,202.9,10.1,89.6,-47.67,1.018,78.3,71,0.5206,1,0
NEU-003936,TreatmentA,B02,97.46,-67.49,177.5,12.71,107.8,-36.87,0.891,56.2,97,0.1952,0,1
NEU-003937,TreatmentA,B03,102.65,-58.02,128.6,18.18,107.7,-44.84,0.775,47.1,81,0.4538,0,0
NEU-003938,TreatmentB,B01,101.33,-64.32,182.8,10.9,75.7,-40.37,1.184,47.8,78,0.2603,1,1
NEU-003939,Control,B01,86.53,-65.26,246.8,27.53,141.9,-37.57,1.841,50.2,93,0.4016,1,0
NEU-003940,TreatmentB,B03,100.74,-70.65,262.1,5.02,159.3,-36.42,0.744,64.2,87,0.6431,0,0
NEU-003941,TreatmentB,B02,91.4,-69.04,292.9,8.64,135.6,-36.85,0.918,55.9,76,0.1793,0,0
NEU-003942,TreatmentB,B02,69.63,-64.22,234.9,15.78,88.3,-42.26,0.894,76.7,78,0.5329,1,1
NEU-003943,Control,B01,101.22,-65.93,296.7,15.12,118.2,-39.95,0.536,28.5,93,0.2742,0,1
NEU-003944,Control,B02,126.11,-72.97,284.5,10.65,153.1,-33.84,1.248,51.3,72,0.4519,0,0
NEU-003945,Control,B02,87.93,-64.04,216.4,17.36,137.5,-37.08,1.567,20.5,67,0.3768,0,1
NEU-003946,TreatmentB,B02,96.48,-68.0,376.5,18.91,108.8,-43.57,1.269,44.3,79,0.3934,1,0
NEU-003947,Control,B01,119.14,-66.42,146.1,10.84,86.8,-44.36,0.961,64.4,106,0.4306,1,1
NEU-003948,TreatmentA,B02,85.88,-66.42,289.3,13.79,110.4,-44.83,1.461,46.7,95,0.3424,0,1
NEU-003949,TreatmentB,B01,97.48,-67.53,250.6,10.47,108.1,-42.42,1.306,64.7,100,0.313,0,1
NEU-003950,Control,B03,112.72,-62.82,249.2,10.3,148.2,-48.48,0.857,40.2,89,0.3965,0,1
NEU-003951,Control,B01,99.18,-65.94,401.1,18.41,119.0,-41.31,1.411,36.5,71,0.4778,0,1
NEU-003952,TreatmentA,B02,101.19,-61.77,192.5,11.68,174.9,-44.23,0.997,44.8,99,0.548,1,0
NEU-003953,TreatmentA,B02,93.64,-64.63,190.2,10.02,74.1,-40.31,1.053,52.5,83,0.4277,0,1
NEU-003954,Control,B03,106.69,-74.79,161.7,11.81,135.2,-41.43,1.541,52.8,85,0.4515,1,0
NEU-003955,TreatmentB,B01,103.16,-60.45,155.7,10.66,62.9,-38.09,1.848,79.0,89,0.5394,1,0
NEU-003956,TreatmentA,B03,92.45,-64.93,155.6,12.62,247.2,-42.39,0.98,30.3,77,0.3842,0,1
NEU-003957,TreatmentB,B03,106.58,-67.35,263.7,12.01,156.5,-39.7,1.005,76.3,89,0.3636,1,0
NEU-003958,TreatmentB,B03,106.54,-52.05,157.9,11.43,112.8,-46.76,0.919,55.5,90,0.5609,0,0
NEU-003959,Control,B01,104.63,-68.67,235.8,16.97,98.6,-34.75,0.645,46.1,91,0.5307,0,1
NEU-003960,TreatmentA,B02,102.99,-65.09,131.1,18.46,83.9,-39.41,0.651,21.9,85,0.3139,0,0
NEU-003961,Control,B03,149.9,-72.38,164.3,15.93,104.9,-40.81,1.992,50.2,71,0.6951,1,1
NEU-003962,Control,B01,97.9,-61.54,301.3,14.08,128.1,-42.33,1.345,29.4,78,0.4945,1,1
NEU-003963,TreatmentA,B01,109.26,-55.18,99.4,13.83,92.7,-45.45,0.931,48.9,72,0.383,1,0
NEU-003964,TreatmentA,B01,84.39,-64.5,145.2,8.86,106.5,-33.19,1.21,63.8,85,0.4544,1,0
NEU-003965,Control,B02,108.87,-54.69,190.7,9.65,148.8,-47.49,1.908,29.1,84,0.7098,0,0
NEU-003966,Control,B03,83.42,-56.67,213.0,16.07,157.1,-45.38,1.685,41.3,101,0.0991,1,0
NEU-003967,Control,B01,85.7,-68.72,353.4,16.39,113.7,-39.31,1.208,20.9,89,0.4942,0,1
NEU-003968,TreatmentB,B02,107.66,-53.58,133.2,7.51,177.8,-49.28,0.77,79.9,97,0.4077,1,0
NEU-003969,TreatmentA,B01,110.32,-63.59,241.8,12.77,77.1,-43.08,1.298,59.9,83,0.2554,1,1
NEU-003970,Control,B02,104.41,-69.02,213.5,8.19,109.2,-34.67,1.055,45.3,80,0.5,1,0
NEU-003971,TreatmentB,B03,106.9,-71.8,199.0,5.35,102.0,-43.94,0.628,58.6,52,0.2868,0,1
NEU-003972,Control,B02,85.95,-64.71,289.3,12.7,120.0,-33.66,0.741,45.4,83,0.4181,0,1
NEU-003973,Control,B03,80.7,-72.76,399.6,9.06,129.7,-42.75,0.563,15.4,93,0.3094,0,0
NEU-003974,TreatmentB,B02,92.08,-75.02,129.9,13.97,115.9,-45.43,0.842,54.6,101,0.5811,1,0
NEU-003975,Control,B03,113.64,-71.04,120.8,11.3,60.2,-40.96,1.386,48.4,74,0.5373,1,0
NEU-003976,TreatmentB,B02,99.53,-58.57,314.3,13.9,112.8,-39.29,1.888,64.7,82,0.4613,1,0
NEU-003977,TreatmentA,B02,115.02,-55.31,166.5,14.68,147.1,-41.36,0.89,51.0,85,0.2909,1,0
NEU-003978,Control,B03,79.24,-68.32,170.9,18.01,165.1,-50.12,1.284,33.5,90,0.3998,1,0
NEU-003979,TreatmentB,B02,100.72,-57.88,180.8,13.94,22.5,-40.75,0.628,56.9,67,0.1658,0,0
NEU-003980,TreatmentB,B01,75.98,-69.41,145.6,17.7,-7.0,-37.86,0.706,80.9,96,0.277,0,0
NEU-003981,TreatmentB,B01,121.91,-77.0,295.8,16.83,68.5,-30.44,0.651,82.0,86,0.3576,1,0
NEU-003982,TreatmentA,B01,90.23,-60.83,182.4,9.75,84.3,-47.4,0.86,37.9,79,0.2865,0,1
NEU-003983,TreatmentB,B01,92.65,-69.1,277.8,15.35,23.8,-40.62,1.272,54.9,80,0.3579,1,1
NEU-003984,TreatmentA,B02,93.68,-66.16,88.8,21.21,120.5,-37.05,1.815,41.7,97,0.3588,1,1
NEU-003985,TreatmentB,B03,120.64,-63.15,171.1,19.03,47.2,-45.21,0.686,52.8,87,0.4533,0,1
NEU-003986,Control,B02,114.88,-55.1,179.3,9.17,115.6,-40.99,1.186,24.6,84,0.4103,0,0
NEU-003987,TreatmentB,B03,123.4,-58.02,178.6,35.13,30.9,-41.84,1.046,74.6,98,0.4114,1,0
NEU-003988,TreatmentA,B03,91.96,-66.08,267.4,15.37,135.8,-41.05,0.535,41.5,90,0.1537,0,1
NEU-003989,TreatmentB,B01,107.01,-66.97,265.8,22.27,91.9,-40.14,0.966,65.5,87,0.2849,1,0
NEU-003990,Control,B02,106.3,-61.44,135.0,21.37,115.5,-48.53,0.652,37.2,76,0.2754,0,0
NEU-003991,TreatmentA,B03,111.07,-68.02,108.9,12.31,129.2,-39.7,0.517,61.3,89,0.3584,0,1
NEU-003992,TreatmentA,B02,97.05,-60.94,218.3,13.13,116.9,-43.14,1.513,56.5,75,0.1401,1,1
NEU-003993,TreatmentA,B01,100.78,-60.47,245.3,19.57,83.2,-44.53,0.982,50.4,90,0.4481,1,1
NEU-003994,TreatmentB,B03,124.4,-61.2,182.4,14.11,92.9,-44.44,1.046,44.7,97,0.5357,1,1
NEU-003995,TreatmentA,B02,100.01,-59.79,233.4,31.05,177.8,-35.96,0.397,20.1,93,0.6439,0,1
NEU-003996,TreatmentB,B03,104.27,-59.69,177.2,7.86,125.6,-48.84,0.862,42.7,66,0.4769,0,0
NEU-003997,TreatmentB,B01,107.36,-63.13,333.1,38.73,87.0,-37.52,1.09,67.5,88,0.7651,0,1
NEU-003998,TreatmentB,B02,84.53,-67.63,296.2,10.9,54.9,-41.59,0.767,66.3,85,0.2709,0,1
NEU-003999,TreatmentB,B01,84.95,-60.87,288.9,15.44,66.6,-45.74,2.225,75.3,88,0.4901,1,1
NEU-004000,TreatmentB,B03,110.99,-67.39,367.8,11.2,51.8,-44.23,0.835,49.7,85,0.6041,0,1
NEU-004001,Control,B03,115.63,-68.32,191.5,16.53,147.7,-47.35,1.251,39.0,97,0.4327,0,0
NEU-004002,TreatmentA,B02,113.4,-63.82,439.5,9.37,128.8,-42.6,1.683,56.6,87,0.3902,1,0
NEU-004003,Control,B02,109.46,-66.29,277.9,23.09,179.2,-33.05,1.825,28.4,93,0.3832,0,1
NEU-004004,Control,B02,106.03,-70.6,133.9,11.12,174.0,-37.06,1.323,52.2,90,0.2702,0,0
NEU-004005,TreatmentA,B01,93.48,-59.69,318.0,10.15,77.5,-35.37,1.195,45.1,104,0.6325,0,0
NEU-004006,TreatmentA,B03,100.8,-62.25,193.2,18.86,159.9,-41.41,1.575,49.2,88,0.152,0,0
NEU-004007,Control,B01,112.62,-56.89,363.1,21.35,87.7,-32.0,0.887,34.2,88,0.4715,0,1
NEU-004008,TreatmentA,B01,97.16,-72.33,324.1,13.52,58.5,-47.66,1.008,42.6,86,0.6633,0,0
NEU-004009,TreatmentA,B02,116.3,-60.1,137.0,24.4,14.8,-38.57,0.735,35.4,95,0.3424,0,0
NEU-004010,TreatmentA,B01,109.02,-65.09,301.6,12.78,68.1,-51.79,1.994,63.2,102,0.5226,1,1
NEU-004011,Control,B01,118.52,-68.62,92.0,27.07,174.5,-46.93,1.168,44.0,88,0.3195,1,0
NEU-004012,TreatmentB,B03,104.37,-65.46,120.3,10.56,134.3,-32.19,0.9,33.8,90,0.3752,1,0
NEU-004013,TreatmentB,B01,98.54,-58.4,319.5,10.03,107.8,-41.73,0.765,56.3,99,0.4903,1,0
NEU-004014,TreatmentA,B02,101.07,-65.56,196.6,11.33,65.6,-37.43,1.007,40.0,85,0.2578,1,1
NEU-004015,Control,B01,81.35,-59.06,429.3,11.9,168.9,-35.51,0.672,62.8,93,0.629,0,0
NEU-004016,TreatmentA,B01,133.54,-53.34,86.8,12.0,103.0,-43.71,0.651,60.2,85,0.379,1,0
NEU-004017,TreatmentA,B03,98.17,-61.26,172.5,10.28,113.9,-40.19,0.76,66.8,87,0.4937,1,0
NEU-004018,TreatmentB,B02,100.46,-63.01,145.8,11.03,103.1,-33.65,1.055,47.9,85,0.1953,1,1
NEU-004019,Control,B03,110.28,-54.26,345.9,19.04,131.4,-47.23,0.703,41.4,98,0.5502,0,0
NEU-004020,TreatmentA,B02,81.9,-65.43,353.8,11.55,138.7,-41.34,1.064,54.2,95,0.3693,0,1
NEU-004021,TreatmentA,B03,98.47,-59.43,537.2,13.17,124.5,-41.71,1.169,78.5,90,0.4907,1,0
NEU-004022,TreatmentB,B02,94.89,-63.96,148.4,22.67,38.8,-38.54,1.586,68.6,59,0.388,1,1
NEU-004023,Control,B03,107.6,-63.22,288.5,20.37,121.0,-41.09,0.661,39.6,99,0.5388,0,1
NEU-004024,TreatmentA,B02,130.26,-62.43,96.1,13.86,99.4,-43.49,1.018,38.2,90,0.2965,0,0
NEU-004025,TreatmentA,B02,96.97,-73.1,135.2,17.63,108.6,-37.21,1.359,44.3,93,0.3659,1,0
NEU-004026,Control,B01,81.49,-63.18,144.8,8.3,183.1,-42.98,1.285,39.6,103,0.6747,1,0
NEU-004027,Control,B03,101.83,-55.56,225.3,10.94,84.1,-42.21,0.906,17.3,92,0.3836,0,0
NEU-004028,Control,B02,114.89,-59.95,159.1,15.55,148.7,-45.11,0.59,43.9,93,0.3088,0,0
NEU-004029,Control,B02,108.47,-66.78,237.7,8.42,175.8,-47.0,0.912,36.2,87,0.4166,0,1
NEU-004030,TreatmentB,B03,124.15,-76.03,208.8,10.42,69.7,-44.93,1.825,54.0,68,0.4909,1,0
NEU-004031,TreatmentB,B02,84.52,-63.2,148.8,10.25,147.6,-44.55,0.612,71.2,85,0.6243,0,0
NEU-004032,Control,B03,96.97,-56.93,126.6,8.44,141.7,-47.46,1.107,47.0,87,0.1282,1,1
NEU-004033,TreatmentB,B01,89.44,-63.48,79.2,14.18,141.1,-46.24,1.331,44.3,89,0.3353,1,0
NEU-004034,TreatmentA,B02,105.11,-73.95,196.2,21.01,98.0,-39.7,1.006,47.0,94,0.3446,0,0
NEU-004035,TreatmentA,B01,111.61,-60.03,182.6,27.83,82.2,-35.62,1.514,25.5,96,0.3831,1,0
NEU-004036,TreatmentB,B03,110.01,-67.91,141.7,21.83,104.0,-36.35,1.132,45.4,97,0.2598,1,0
NEU-004037,Control,B01,81.36,-60.57,233.1,16.11,131.6,-41.11,1.216,42.1,88,0.4979,0,1
NEU-004038,Control,B02,102.66,-66.87,222.2,13.42,126.2,-32.93,1.453,36.0,91,0.3898,1,1
NEU-004039,TreatmentA,B02,119.62,-67.88,169.6,12.9,118.8,-46.72,1.603,41.8,104,0.3768,1,1
NEU-004040,TreatmentA,B03,82.02,-65.61,114.1,14.34,108.2,-39.67,1.273,54.5,81,0.4986,0,1
NEU-004041,TreatmentA,B01,105.13,-61.69,359.9,16.8,82.4,-42.4,1.233,47.4,87,0.5294,0,1
NEU-004042,TreatmentB,B02,102.96,-65.38,166.9,10.83,83.1,-45.83,0.781,36.9,88,0.3361,1,1
NEU-004043,TreatmentA,B01,85.95,-71.87,266.8,22.23,146.4,-46.23,0.902,59.1,70,0.2516,0,0
NEU-004044,Control,B03,121.67,-65.07,129.9,11.3,119.8,-44.06,1.092,40.6,88,0.3429,1,0
NEU-004045,TreatmentB,B02,116.52,-62.63,139.2,11.5,84.7,-36.31,1.168,46.8,86,0.3467,1,1
NEU-004046,Control,B03,93.64,-64.88,175.8,9.39,138.6,-38.36,1.27,16.2,85,0.1538,0,1
NEU-004047,Control,B01,110.55,-63.92,256.0,26.41,140.7,-41.81,1.078,53.8,84,0.3028,0,0
NEU-004048,TreatmentA,B01,114.4,-71.31,167.6,21.01,170.7,-45.29,1.059,38.5,98,0.5121,0,1
NEU-004049,Control,B03,107.7,-63.17,214.9,17.46,98.6,-42.05,0.723,47.2,75,0.2966,0,0
NEU-004050,TreatmentB,B03,94.76,-60.35,206.2,18.97,94.6,-49.14,1.863,55.6,96,0.4229,1,1
NEU-004051,TreatmentA,B02,98.25,-66.85,217.0,9.23,108.8,-47.22,0.754,22.8,97,0.2166,0,1
NEU-004052,Control,B03,120.02,-64.47,249.5,11.29,59.0,-45.35,0.948,39.5,84,0.3977,0,1
NEU-004053,TreatmentA,B01,109.95,-63.24,195.3,7.47,189.2,-40.05,0.988,28.7,95,0.658,1,0
NEU-004054,Control,B01,111.42,-68.58,97.5,14.47,94.7,-37.72,1.487,23.8,89,0.5567,0,1
NEU-004055,TreatmentA,B02,88.94,-73.51,176.7,29.55,90.4,-44.49,0.725,64.9,81,0.4301,1,1
NEU-004056,TreatmentA,B03,86.05,-67.64,131.6,15.45,141.2,-43.66,1.024,46.8,86,0.469,0,1
NEU-004057,Control,B01,101.92,-66.14,171.6,20.12,135.2,-41.44,1.046,31.2,82,0.266,0,1
NEU-004058,TreatmentB,B03,94.34,-63.58,449.8,10.37,94.7,-41.1,0.899,61.4,71,0.332,0,1
NEU-004059,Control,B01,111.67,-60.98,127.6,22.65,141.8,-41.35,0.952,10.9,83,0.2806,0,0
NEU-004060,Control,B02,108.94,-66.83,142.0,11.77,92.3,-47.13,1.083,52.3,97,0.6541,0,0
NEU-004061,TreatmentB,B02,88.55,-58.96,288.8,17.67,121.9,-45.3,0.782,81.2,78,0.5202,1,1
NEU-004062,Control,B01,87.68,-71.13,265.9,7.18,36.0,-42.73,1.091,3.9,75,0.1567,0,1
NEU-004063,TreatmentB,B01,93.95,-67.27,143.9,23.94,55.2,-46.89,1.094,52.9,94,0.5335,0,1
NEU-004064,TreatmentA,B01,115.55,-69.47,268.7,9.46,82.4,-41.39,0.865,50.3,100,0.633,0,0
NEU-004065,Control,B03,89.76,-63.42,297.6,6.59,119.2,-30.48,1.127,24.8,79,0.5759,0,0
NEU-004066,TreatmentB,B01,84.46,-65.99,102.2,21.49,127.2,-48.64,1.113,34.2,90,0.458,0,1
NEU-004067,TreatmentB,B02,91.59,-71.72,102.8,21.98,33.2,-33.92,0.836,59.2,91,0.2164,0,0
NEU-004068,TreatmentA,B03,128.41,-72.11,227.5,10.9,140.8,-37.23,1.578,51.2,84,0.4139,1,1
NEU-004069,Control,B01,121.75,-66.57,233.8,19.7,198.7,-40.2,1.031,15.0,97,0.5575,0,1
NEU-004070,Control,B02,112.13,-58.6,170.0,8.18,123.5,-43.13,0.864,34.2,93,0.2991,0,1
NEU-004071,TreatmentA,B03,108.62,-59.92,105.9,18.09,135.7,-42.1,0.741,64.3,95,0.3695,1,0
NEU-004072,Control,B02,110.85,-57.04,247.3,12.6,127.2,-48.87,0.71,27.6,91,0.5293,0,0
NEU-004073,Control,B01,81.91,-61.87,109.7,20.0,90.0,-40.7,0.93,19.5,77,0.3646,0,1
NEU-004074,TreatmentA,B02,103.01,-68.46,57.7,11.59,148.6,-45.31,1.283,69.8,88,0.5728,1,1
NEU-004075,TreatmentB,B02,91.73,-65.65,225.9,14.26,130.3,-46.33,1.109,25.3,65,0.2951,0,1
NEU-004076,TreatmentB,B02,84.69,-68.87,262.8,21.16,65.0,-37.55,1.304,59.3,85,0.4664,1,1
NEU-004077,Control,B03,88.11,-68.38,75.0,8.97,143.1,-43.1,0.944,37.7,87,0.3917,1,0
NEU-004078,TreatmentB,B03,78.55,-68.17,378.0,24.15,-20.0,-46.29,0.68,46.2,93,0.2054,0,0
NEU-004079,TreatmentB,B03,75.38,-63.0,155.6,10.87,63.3,-40.22,1.205,34.7,87,0.3566,1,1
NEU-004080,TreatmentA,B02,84.96,-63.83,126.7,8.98,56.8,-40.04,0.531,4.4,81,0.1857,0,1
NEU-004081,TreatmentA,B03,103.33,-64.16,336.2,13.72,55.1,-37.63,1.329,51.8,74,0.4424,0,0
NEU-004082,Control,B03,100.92,-55.43,279.8,15.02,117.6,-49.23,0.874,55.9,116,0.105,0,0
NEU-004083,TreatmentB,B03,98.63,-70.32,168.3,13.06,81.2,-47.26,1.267,76.5,82,0.0947,1,1
NEU-004084,Control,B02,112.06,-58.07,253.8,12.55,183.4,-44.23,1.138,29.7,92,0.3767,0,0
NEU-004085,TreatmentB,B03,88.46,-69.48,304.4,20.36,130.1,-38.74,0.695,42.5,77,0.3925,0,0
NEU-004086,TreatmentA,B02,101.71,-60.92,159.2,25.51,67.7,-47.14,1.518,23.2,76,0.2744,1,0
NEU-004087,TreatmentA,B03,110.45,-66.15,140.6,11.52,123.6,-39.53,0.873,48.2,81,0.5109,1,0
NEU-004088,TreatmentA,B01,100.07,-71.66,210.7,21.65,235.1,-38.42,1.021,49.5,90,0.3596,0,0
NEU-004089,TreatmentA,B03,98.54,-71.38,172.3,19.77,82.4,-38.51,0.944,81.8,98,0.6101,1,1
NEU-004090,Control,B01,109.85,-58.03,153.9,9.35,118.1,-38.88,1.093,33.2,86,0.7063,0,0
NEU-004091,TreatmentA,B01,118.13,-72.01,89.8,9.39,118.5,-42.59,0.934,34.0,86,0.4859,1,0
NEU-004092,TreatmentB,B01,105.92,-68.14,460.3,9.06,124.2,-43.15,1.321,48.3,92,0.5681,0,0
NEU-004093,Control,B01,96.92,-58.42,104.8,13.3,117.6,-38.17,0.861,29.6,89,0.2682,0,0
NEU-004094,TreatmentB,B02,96.46,-64.87,139.9,21.83,53.7,-44.86,1.235,49.1,97,0.357,1,1
NEU-004095,TreatmentB,B03,104.3,-52.91,141.1,9.74,106.0,-42.17,1.204,41.1,91,0.2804,0,0
NEU-004096,Control,B03,102.92,-57.31,216.0,6.64,79.4,-46.5,1.28,51.7,83,0.2266,0,1
NEU-004097,TreatmentB,B01,89.47,-64.53,177.9,14.55,129.3,-36.31,0.795,58.7,96,0.6188,1,1
NEU-004098,TreatmentA,B02,71.85,-67.09,359.0,14.33,76.8,-43.67,1.181,44.2,84,0.2514,0,1
NEU-004099,TreatmentA,B03,104.19,-62.96,109.9,17.68,135.6,-50.02,0.704,45.8,84,0.4399,1,0
NEU-004100,Control,B03,107.24,-62.23,416.5,12.81,115.0,-42.86,1.374,28.6,73,0.3699,0,1
NEU-004101,TreatmentA,B01,97.03,-66.8,354.6,7.45,133.6,-37.03,1.152,55.2,84,0.3182,0,1
NEU-004102,TreatmentB,B01,95.64,-63.25,364.9,10.19,76.4,-41.82,0.834,45.8,81,0.4204,0,1
NEU-004103,Control,B01,81.89,-61.29,108.7,18.82,144.8,-36.8,1.2,47.4,79,0.2499,0,0
NEU-004104,TreatmentB,B01,64.69,-64.88,116.0,7.45,59.1,-40.83,1.581,48.1,104,0.3281,1,1
NEU-004105,Control,B03,75.76,-61.16,266.0,8.26,101.6,-40.4,1.071,44.1,91,0.5086,1,0
NEU-004106,Control,B01,107.46,-68.84,216.2,14.99,184.1,-48.03,0.985,34.9,86,0.3638,0,1
NEU-004107,Control,B03,100.7,-73.77,286.1,14.4,176.8,-41.16,0.477,64.8,79,0.4981,0,0
NEU-004108,TreatmentB,B03,93.48,-63.99,106.3,24.04,94.5,-49.86,0.653,72.5,83,0.2143,0,0
NEU-004109,Control,B03,111.04,-71.12,144.3,14.63,60.4,-47.14,1.039,36.9,92,0.2125,0,0
NEU-004110,TreatmentB,B01,113.38,-71.12,143.2,11.85,90.2,-47.04,1.002,67.2,80,0.4106,1,1
NEU-004111,Control,B02,94.95,-64.09,301.0,7.54,158.1,-44.62,0.55,46.2,77,0.501,0,0
NEU-004112,TreatmentB,B02,115.06,-61.29,328.9,14.53,74.4,-32.77,0.853,63.5,78,0.6631,0,1
NEU-004113,Control,B01,101.7,-51.05,188.1,10.59,207.6,-44.76,1.289,38.5,83,0.4442,0,0
NEU-004114,Control,B02,117.75,-74.52,344.2,12.29,211.7,-45.98,1.174,20.2,87,0.552,0,0
NEU-004115,TreatmentA,B03,102.23,-56.71,233.5,10.93,122.7,-41.27,1.022,61.6,93,0.5444,0,0
NEU-004116,TreatmentA,B02,132.58,-61.28,228.9,14.3,164.9,-35.58,1.201,40.7,69,0.606,0,1
NEU-004117,Control,B01,86.65,-71.17,228.3,11.79,80.3,-47.66,1.517,33.0,77,0.3014,1,0
NEU-004118,TreatmentB,B02,118.77,-67.94,192.5,17.5,107.6,-47.98,1.044,49.7,83,0.2294,0,1
NEU-004119,TreatmentA,B02,97.91,-66.79,421.1,29.66,49.2,-38.77,1.648,20.8,86,0.277,0,0
NEU-004120,TreatmentA,B03,82.35,-59.25,144.3,6.26,201.7,-38.12,1.097,48.3,86,0.4215,0,1
NEU-004121,TreatmentA,B01,110.32,-58.41,153.3,11.57,142.1,-37.44,1.416,43.1,91,0.4671,1,0
NEU-004122,Control,B03,96.6,-66.26,150.8,22.61,137.7,-37.51,1.454,30.0,93,0.1141,0,0
NEU-004123,TreatmentB,B02,94.27,-57.62,103.4,14.39,58.2,-46.13,1.014,48.0,67,0.2178,1,0
NEU-004124,Control,B02,91.06,-69.72,128.5,16.54,94.8,-44.37,1.032,33.3,76,0.4733,0,0
NEU-004125,TreatmentB,B01,99.11,-61.52,162.6,12.44,82.3,-34.5,0.977,54.7,94,0.4567,1,1
NEU-004126,TreatmentA,B01,104.08,-59.1,371.4,13.86,143.5,-38.64,0.654,47.5,73,0.4923,0,1
NEU-004127,TreatmentA,B01,117.31,-67.54,93.9,9.08,138.5,-42.84,1.311,40.0,95,0.5391,1,0
NEU-004128,TreatmentA,B02,121.51,-61.15,115.8,24.41,98.2,-41.53,1.079,58.0,73,0.3922,1,1
NEU-004129,TreatmentA,B01,143.51,-65.79,186.0,10.72,40.7,-47.5,0.925,76.4,105,0.2754,1,0
NEU-004130,TreatmentB,B01,97.85,-64.58,143.1,7.83,86.9,-49.1,0.965,66.9,92,0.2406,1,1
NEU-004131,TreatmentB,B03,107.41,-70.24,114.0,7.84,164.5,-45.11,0.743,55.9,91,0.5122,1,0
NEU-004132,TreatmentB,B02,106.92,-67.4,166.1,12.42,163.2,-38.25,0.777,64.3,84,0.1578,1,1
NEU-004133,Control,B02,118.52,-55.56,141.9,7.4,128.9,-42.68,1.362,44.6,93,0.5197,1,0
NEU-004134,TreatmentA,B02,111.15,-60.77,84.3,10.0,106.8,-47.08,0.752,57.7,64,0.6175,0,0
NEU-004135,TreatmentB,B03,118.01,-64.69,123.4,21.93,91.7,-35.92,0.993,64.5,86,0.1523,1,0
NEU-004136,Control,B02,94.67,-62.6,94.4,14.35,160.7,-36.38,1.388,54.3,76,0.1517,1,1
NEU-004137,Control,B03,87.88,-55.04,91.3,10.3,196.6,-49.57,1.134,33.1,82,0.5865,1,0
NEU-004138,TreatmentA,B03,86.72,-49.49,255.5,9.71,119.0,-41.99,1.065,66.9,75,0.2752,1,1
NEU-004139,Control,B02,60.6,-65.34,163.3,11.27,111.8,-41.14,0.98,31.1,85,0.1909,0,1
NEU-004140,TreatmentA,B01,116.0,-70.28,181.1,12.96,144.9,-45.0,1.095,43.2,78,0.0833,1,1
NEU-004141,TreatmentA,B02,86.99,-63.01,179.9,14.39,114.1,-40.77,1.057,58.9,116,0.6572,1,1
NEU-004142,Control,B02,117.91,-61.12,210.5,16.56,169.3,-35.98,0.963,26.5,77,0.3125,0,0
NEU-004143,TreatmentA,B02,113.12,-66.59,217.4,20.38,132.7,-40.13,1.375,40.4,101,0.3365,1,0
NEU-004144,TreatmentB,B02,100.54,-69.19,129.3,21.6,127.3,-38.87,0.732,34.2,92,0.4351,0,1
NEU-004145,TreatmentA,B02,71.56,-62.45,367.3,17.01,111.5,-39.34,1.029,23.4,71,0.1213,0,1
NEU-004146,TreatmentA,B02,99.9,-79.39,131.5,10.26,114.2,-39.28,1.001,36.1,87,0.1658,0,0
NEU-004147,TreatmentB,B03,88.66,-71.21,124.1,10.0,98.3,-41.84,0.771,46.3,84,0.3491,0,0
NEU-004148,Control,B03,85.5,-61.26,200.3,11.5,221.6,-33.46,1.348,43.3,91,0.3292,1,1
NEU-004149,Control,B01,109.34,-62.75,477.4,10.09,125.6,-51.48,1.447,64.0,60,0.4598,0,1
NEU-004150,TreatmentB,B01,107.29,-66.22,78.1,16.98,60.3,-44.76,0.64,65.7,84,0.2849,1,0
NEU-004151,Control,B01,99.66,-67.24,214.1,14.27,147.1,-44.62,1.011,26.8,81,0.2692,0,1
NEU-004152,Control,B03,103.94,-66.53,397.5,16.14,140.6,-35.52,0.876,39.1,85,0.5366,0,1
NEU-004153,TreatmentB,B01,110.56,-64.91,315.7,15.93,30.0,-41.44,0.742,47.4,77,0.3451,0,1
NEU-004154,TreatmentB,B01,88.92,-64.5,58.9,11.75,127.0,-50.58,0.873,47.4,73,0.6497,1,1
NEU-004155,Control,B01,82.49,-68.37,165.2,10.37,214.5,-41.5,1.367,53.6,98,0.116,1,1
NEU-004156,TreatmentB,B03,114.84,-63.07,270.7,20.91,149.6,-36.86,1.454,77.4,85,0.4195,1,1
NEU-004157,TreatmentB,B02,97.51,-60.11,160.1,12.96,38.1,-53.19,0.923,54.9,83,0.5326,1,1
NEU-004158,Control,B01,103.12,-63.74,184.9,25.83,106.6,-42.79,0.857,55.5,90,0.3979,1,1
NEU-004159,TreatmentA,B02,96.41,-57.18,212.5,9.56,64.1,-39.5,1.482,34.9,98,0.2641,0,1
NEU-004160,TreatmentB,B03,98.59,-68.29,217.9,35.08,32.5,-48.96,0.967,35.2,89,0.3048,0,0
NEU-004161,TreatmentA,B01,104.49,-64.04,79.5,24.22,124.8,-32.76,0.838,38.7,113,0.4457,1,1
NEU-004162,TreatmentA,B01,94.09,-50.97,91.9,13.22,111.2,-43.98,1.662,54.3,92,0.4445,1,0
NEU-004163,TreatmentA,B01,111.52,-65.34,239.2,9.43,179.3,-41.62,1.021,65.4,85,0.3831,0,1
NEU-004164,Control,B03,92.16,-61.38,403.1,7.44,113.0,-48.12,1.671,60.8,83,0.2661,1,1
NEU-004165,Control,B03,135.48,-63.63,123.6,15.44,111.1,-46.15,0.842,38.9,91,0.4604,0,1
NEU-004166,TreatmentB,B01,84.19,-61.24,212.5,14.01,119.1,-46.19,0.721,61.8,94,0.4842,1,0
NEU-004167,TreatmentB,B03,111.62,-59.79,240.9,21.24,65.6,-37.78,1.373,46.5,91,0.5013,0,1
NEU-004168,Control,B03,106.78,-65.92,294.0,8.54,103.9,-39.91,1.034,43.8,95,0.3376,0,1
NEU-004169,TreatmentA,B02,95.71,-58.5,274.5,11.25,120.1,-44.64,1.637,64.5,95,0.3642,1,0
NEU-004170,TreatmentA,B01,100.87,-64.77,122.5,9.74,116.8,-45.98,1.688,42.1,83,0.4529,1,1
NEU-004171,TreatmentB,B01,108.86,-64.42,210.2,10.04,130.8,-43.53,1.905,49.8,79,0.1655,0,1
NEU-004172,Control,B03,117.99,-67.93,97.2,9.42,79.3,-42.69,1.21,50.3,90,0.213,1,1
NEU-004173,TreatmentB,B03,115.68,-66.18,76.9,12.29,71.5,-33.77,0.928,75.2,90,0.5618,0,1
NEU-004174,TreatmentB,B03,87.24,-68.69,453.4,14.58,100.8,-48.7,0.997,58.4,88,0.4244,0,1
NEU-004175,TreatmentB,B01,113.31,-64.92,123.8,9.64,64.8,-34.71,1.114,45.6,79,0.4961,1,1
NEU-004176,Control,B01,85.86,-63.38,122.1,23.31,172.2,-42.95,0.876,22.5,103,0.4658,0,1
NEU-004177,Control,B03,110.86,-59.8,220.1,11.44,117.9,-40.35,1.542,46.1,95,0.1922,1,1
NEU-004178,TreatmentB,B03,102.39,-65.75,182.9,7.02,50.8,-38.98,0.919,78.2,65,0.6639,1,0
NEU-004179,Control,B03,107.59,-64.84,105.5,10.84,116.9,-46.16,0.839,43.2,84,0.336,1,1
NEU-004180,Control,B01,128.07,-63.79,88.4,11.73,136.9,-45.32,1.492,21.1,79,0.3039,0,1
NEU-004181,TreatmentA,B03,115.14,-65.89,94.5,8.44,111.7,-44.33,0.808,61.6,94,0.1748,0,1
NEU-004182,TreatmentB,B03,73.56,-61.09,78.9,9.08,40.9,-40.97,1.899,55.2,84,0.1952,1,1
NEU-004183,TreatmentA,B03,89.04,-66.72,305.3,11.5,93.4,-45.56,0.934,54.0,75,0.5165,1,1
NEU-004184,TreatmentB,B02,114.18,-71.18,221.6,12.05,81.6,-41.33,1.19,51.4,100,0.6264,0,0
NEU-004185,Control,B03,104.88,-65.12,130.4,13.37,119.6,-40.83,1.279,39.8,87,0.3528,1,1
NEU-004186,TreatmentA,B02,99.76,-76.38,309.3,22.8,33.9,-37.96,1.16,26.7,79,0.4602,0,0
NEU-004187,TreatmentA,B02,69.53,-58.12,215.1,12.03,83.0,-42.95,1.052,25.8,82,0.292,1,0
NEU-004188,TreatmentB,B02,82.8,-57.94,154.3,11.41,121.8,-46.65,1.009,81.9,75,0.2876,1,1
NEU-004189,TreatmentA,B03,133.45,-66.42,124.7,7.14,110.7,-44.17,1.238,57.0,93,0.1942,1,1
NEU-004190,Control,B02,89.78,-70.2,82.3,11.49,103.6,-40.03,1.331,16.3,90,0.2439,0,1
NEU-004191,TreatmentA,B03,71.43,-66.88,396.1,18.41,169.8,-45.64,1.063,78.2,102,0.3705,1,1
NEU-004192,Control,B01,80.63,-61.7,137.3,15.82,108.1,-49.16,0.811,39.2,105,0.3085,1,0
NEU-004193,TreatmentA,B02,114.41,-75.49,154.8,10.53,103.5,-46.08,0.891,43.2,78,0.4171,0,0
NEU-004194,TreatmentB,B03,109.04,-58.08,177.6,17.36,88.3,-40.15,0.994,53.5,86,0.591,1,1
NEU-004195,Control,B03,89.38,-67.62,267.7,11.27,129.1,-44.89,0.651,35.9,91,0.1255,0,1
NEU-004196,TreatmentB,B01,130.49,-62.38,74.0,16.53,108.8,-41.98,0.797,50.8,68,0.24,0,0
NEU-004197,TreatmentA,B03,109.81,-60.01,71.7,6.96,117.2,-41.8,0.887,46.7,92,0.3433,1,1
NEU-004198,TreatmentB,B02,110.25,-68.72,69.1,10.5,36.7,-47.75,0.913,53.9,88,0.5988,1,0
NEU-004199,TreatmentB,B03,112.92,-58.97,309.8,9.23,147.1,-41.9,0.838,47.6,97,0.4773,0,0
NEU-004200,Control,B01,141.58,-57.5,103.0,16.63,124.6,-46.89,1.198,20.9,72,0.4422,0,0
NEU-004201,TreatmentB,B02,83.38,-70.13,392.7,16.88,147.6,-40.6,1.527,44.5,80,0.2699,0,0
NEU-004202,TreatmentB,B02,106.73,-64.49,392.9,7.58,73.4,-45.74,1.123,94.0,88,0.2675,1,1
NEU-004203,TreatmentB,B02,84.9,-61.69,239.3,11.88,119.2,-48.16,1.175,59.0,84,0.2666,0,1
NEU-004204,TreatmentB,B02,104.33,-62.99,104.5,5.92,56.9,-40.34,1.145,55.2,70,0.6364,1,0
NEU-004205,TreatmentA,B01,107.71,-72.29,186.3,13.05,65.9,-42.66,1.226,50.9,89,0.3058,0,0
NEU-004206,TreatmentB,B01,116.52,-58.2,128.4,19.07,93.8,-36.98,1.075,52.8,94,0.4973,1,1
NEU-004207,TreatmentB,B03,87.34,-58.12,106.5,16.91,79.1,-34.99,1.3,63.1,56,0.4122,1,0
NEU-004208,TreatmentA,B03,121.94,-64.15,288.6,16.04,205.5,-51.71,0.828,70.0,95,0.1842,0,0
NEU-004209,TreatmentA,B03,89.06,-65.22,612.3,8.2,132.5,-43.67,0.549,66.0,89,0.5556,0,0
NEU-004210,Control,B01,119.85,-63.31,316.8,14.59,117.6,-47.61,0.734,30.9,86,0.2459,0,0
NEU-004211,Control,B01,111.73,-55.72,82.8,11.08,136.6,-44.47,0.722,41.5,83,0.0703,0,0
NEU-004212,TreatmentA,B01,91.84,-60.2,236.7,20.3,83.4,-44.71,0.773,60.0,83,0.2571,0,0
NEU-004213,Control,B03,101.95,-65.85,372.6,15.19,116.6,-45.53,1.34,46.3,94,0.4642,0,1
NEU-004214,TreatmentB,B01,87.41,-59.67,242.1,12.58,67.0,-42.21,0.97,51.9,90,0.3984,1,1
NEU-004215,TreatmentB,B03,80.3,-65.46,404.7,21.38,129.5,-45.27,1.176,55.0,97,0.2165,0,0
NEU-004216,TreatmentA,B02,99.47,-72.56,181.1,26.14,110.6,-37.65,1.743,50.1,63,0.1921,0,0
NEU-004217,TreatmentB,B02,91.69,-64.07,148.9,9.45,67.6,-38.48,1.028,30.8,76,0.6126,0,0
NEU-004218,TreatmentA,B02,80.9,-60.24,305.1,16.0,67.5,-36.14,1.057,47.8,89,0.2782,0,0
NEU-004219,TreatmentB,B01,122.54,-67.32,150.1,14.56,61.2,-37.54,2.114,54.8,101,0.2581,1,1
NEU-004220,TreatmentB,B01,98.69,-69.82,184.5,14.62,44.4,-43.24,0.774,87.4,83,0.4298,1,0
NEU-004221,TreatmentB,B03,82.96,-61.38,165.3,24.83,80.1,-45.33,0.544,73.6,88,0.587,1,1
NEU-004222,TreatmentB,B02,99.75,-54.64,232.5,13.33,82.0,-44.94,1.625,56.2,82,0.5379,1,0
NEU-004223,TreatmentA,B01,109.69,-77.34,103.0,12.25,95.2,-42.74,0.897,78.1,91,0.6412,1,0
NEU-004224,Control,B02,131.95,-67.69,339.8,19.59,92.0,-36.83,0.882,25.0,78,0.0806,0,0
NEU-004225,TreatmentA,B01,83.76,-66.03,129.4,8.0,119.5,-35.06,1.287,56.4,81,0.3525,1,1
NEU-004226,TreatmentA,B03,114.19,-64.92,141.3,13.11,165.2,-45.49,0.735,59.3,72,0.4674,1,1
NEU-004227,Control,B01,97.67,-69.16,310.1,20.57,68.6,-39.49,0.806,38.5,85,0.6171,0,1
NEU-004228,Control,B02,84.61,-71.66,251.6,18.91,127.3,-40.55,1.373,43.2,74,0.4935,1,1
NEU-004229,TreatmentB,B02,105.83,-62.67,108.6,17.51,118.0,-42.84,1.057,53.5,100,0.3334,1,1
NEU-004230,TreatmentA,B01,81.93,-66.57,206.2,9.8,107.2,-37.34,0.629,26.0,89,0.2582,0,1
NEU-004231,TreatmentA,B01,78.24,-64.92,119.8,17.22,93.6,-42.89,0.964,34.8,80,0.6676,0,1
NEU-004232,Control,B01,114.05,-62.64,181.2,15.29,180.1,-49.79,0.914,14.4,68,0.347,0,1
NEU-004233,TreatmentB,B02,78.55,-61.59,77.6,15.88,82.3,-39.6,0.625,71.4,94,0.3142,1,0
NEU-004234,TreatmentB,B03,105.92,-73.25,108.0,14.96,28.7,-38.27,0.966,80.7,71,0.3987,1,0
NEU-004235,TreatmentA,B03,100.12,-65.71,179.7,30.5,70.3,-32.95,1.267,44.2,84,0.2647,1,0
NEU-004236,Control,B01,108.94,-72.61,185.4,19.6,154.4,-35.95,1.09,44.2,104,0.2939,0,0
NEU-004237,TreatmentB,B02,146.73,-62.04,225.1,14.91,43.3,-45.22,1.234,65.2,76,0.3284,1,0
NEU-004238,TreatmentB,B03,103.2,-72.61,180.0,14.16,39.4,-38.51,1.015,38.0,84,0.1907,0,0
NEU-004239,TreatmentB,B03,103.88,-64.2,134.3,10.25,149.7,-44.33,0.912,45.1,83,0.2797,0,1
NEU-004240,TreatmentA,B03,117.2,-60.39,107.5,8.97,114.8,-40.09,1.09,55.6,88,0.3151,0,1
NEU-004241,TreatmentB,B01,91.3,-64.96,159.1,12.12,147.1,-34.86,0.644,57.4,76,0.3183,1,1
NEU-004242,TreatmentA,B03,88.72,-58.08,50.2,11.24,90.5,-33.15,0.79,59.5,76,0.4011,1,0
NEU-004243,TreatmentA,B01,90.89,-60.42,127.8,11.3,65.3,-36.54,0.986,54.2,80,0.4909,1,0
NEU-004244,Control,B02,115.14,-67.72,174.0,10.91,169.8,-38.61,0.792,25.1,67,0.3066,0,1
NEU-004245,Control,B01,91.18,-65.94,296.3,18.73,158.3,-49.45,1.009,39.2,81,0.4298,0,1
NEU-004246,Control,B03,108.36,-66.81,149.7,10.53,147.5,-41.71,0.543,35.9,91,0.4823,1,0
NEU-004247,Control,B02,103.47,-69.41,117.4,16.61,126.0,-49.69,1.067,20.2,92,0.3841,0,1
NEU-004248,TreatmentB,B02,109.74,-59.83,156.7,21.85,85.4,-43.76,0.783,39.4,75,0.3724,0,0
NEU-004249,TreatmentB,B01,121.83,-60.66,225.5,20.72,43.9,-47.6,1.652,51.0,82,0.2894,1,0
NEU-004250,TreatmentB,B02,105.0,-74.28,186.9,14.24,86.4,-43.25,0.865,36.6,89,0.3317,0,0
NEU-004251,TreatmentB,B02,93.28,-59.22,293.6,13.93,30.7,-36.53,0.913,37.0,74,0.2926,0,1
NEU-004252,TreatmentB,B03,77.34,-60.92,344.3,14.21,115.3,-39.98,1.181,56.6,83,0.438,1,0
NEU-004253,TreatmentA,B03,116.34,-64.9,89.9,16.86,137.8,-37.63,1.021,58.9,89,0.2139,0,0
NEU-004254,TreatmentA,B03,88.05,-69.07,274.3,16.07,123.1,-40.21,0.632,84.1,82,0.3903,1,0
NEU-004255,Control,B03,91.47,-63.16,97.6,6.3,192.2,-35.94,0.881,6.9,84,0.437,0,1
NEU-004256,TreatmentA,B01,78.95,-80.82,87.6,12.09,53.3,-41.41,1.069,60.6,82,0.4362,1,0
NEU-004257,TreatmentB,B03,90.24,-60.75,160.6,13.56,8.7,-44.01,0.45,36.0,88,0.4816,0,0
NEU-004258,TreatmentA,B02,87.54,-63.4,230.3,8.63,65.1,-43.21,0.876,38.9,88,0.5228,0,1
NEU-004259,Control,B03,108.82,-58.52,122.5,12.76,94.0,-44.08,1.309,24.3,99,0.4372,1,1
NEU-004260,Control,B02,131.96,-64.08,197.4,21.01,95.7,-51.94,0.84,53.0,94,0.5159,0,1
NEU-004261,TreatmentB,B01,98.3,-62.51,343.7,14.9,105.7,-43.95,1.072,42.1,88,0.2875,0,1
NEU-004262,Control,B01,90.73,-60.51,223.9,17.01,208.6,-45.56,1.647,50.7,108,0.4672,1,1
NEU-004263,TreatmentA,B03,92.16,-68.59,126.6,7.29,93.0,-45.3,1.117,53.1,93,0.2272,1,1
NEU-004264,TreatmentA,B01,117.97,-68.99,140.6,10.89,179.3,-35.93,0.884,49.4,93,0.3146,0,1
NEU-004265,TreatmentA,B03,95.98,-59.77,130.6,10.03,150.6,-44.27,0.882,36.5,81,0.5529,1,0
NEU-004266,Control,B02,125.84,-65.67,153.5,9.51,127.7,-43.12,1.164,39.5,83,0.4491,0,0
NEU-004267,TreatmentA,B03,111.9,-61.55,490.5,15.65,128.3,-46.8,1.75,42.9,88,0.1866,1,0
NEU-004268,TreatmentA,B02,102.28,-66.16,250.9,6.61,73.6,-53.92,0.622,39.4,82,0.5383,0,0
NEU-004269,TreatmentA,B03,80.9,-58.12,130.0,17.22,129.0,-38.77,1.658,59.3,95,0.3353,1,0
NEU-004270,TreatmentA,B03,88.82,-50.99,248.7,13.25,55.3,-40.39,1.042,58.0,86,0.3135,0,0
NEU-004271,TreatmentB,B01,104.99,-57.46,226.6,7.56,86.5,-38.74,1.091,75.4,100,0.3785,1,0
NEU-004272,Control,B03,103.86,-59.16,221.8,14.1,95.7,-35.98,1.736,54.1,98,0.3666,1,0
NEU-004273,Control,B03,92.24,-67.15,167.3,16.51,121.6,-43.72,0.812,31.4,87,0.5084,0,1
NEU-004274,Control,B01,128.06,-76.07,244.6,15.8,139.4,-38.0,1.194,10.2,73,0.3169,0,0
NEU-004275,TreatmentA,B03,107.67,-70.74,306.8,10.92,79.2,-39.29,1.014,30.2,96,0.4098,0,0
NEU-004276,TreatmentB,B03,119.45,-67.43,91.3,11.46,105.7,-39.77,1.01,81.6,107,0.3913,1,0
NEU-004277,Control,B02,98.25,-61.39,156.6,8.87,148.3,-36.92,0.836,36.8,88,0.1627,0,1
NEU-004278,Control,B02,106.19,-58.94,113.9,25.34,113.8,-42.34,1.079,54.4,92,0.4218,0,0
NEU-004279,TreatmentB,B01,83.58,-60.16,109.1,20.33,136.0,-39.69,2.089,20.3,102,0.263,1,0
NEU-004280,TreatmentA,B03,97.0,-56.62,165.0,14.19,53.6,-44.08,1.162,60.5,91,0.4701,1,0
NEU-004281,TreatmentB,B03,85.35,-70.76,328.8,8.24,142.3,-30.73,1.147,53.5,89,0.4714,0,0
NEU-004282,TreatmentB,B02,107.45,-65.56,117.3,17.56,68.9,-46.54,2.214,37.2,72,0.2767,0,0
NEU-004283,Control,B01,78.45,-56.47,228.1,18.05,141.6,-45.53,0.722,36.1,94,0.4513,0,0
NEU-004284,Control,B03,114.07,-67.07,97.0,19.06,129.6,-43.59,0.986,50.1,88,0.2322,1,0
NEU-004285,Control,B02,120.13,-58.99,118.5,11.01,184.7,-45.42,0.927,43.9,100,0.5447,1,0
NEU-004286,Control,B02,103.24,-72.31,213.0,10.63,154.6,-43.47,1.31,48.0,98,0.6109,1,0
NEU-004287,Control,B03,106.25,-61.91,122.9,12.64,117.7,-43.7,0.944,36.4,82,0.4653,0,0
NEU-004288,TreatmentB,B02,88.95,-71.21,263.8,13.05,63.2,-40.56,1.013,63.5,92,0.464,1,0
NEU-004289,TreatmentB,B01,79.67,-54.43,152.8,18.63,129.9,-45.27,0.87,52.0,84,0.6173,1,1
NEU-004290,TreatmentA,B03,92.4,-60.82,634.2,19.3,105.0,-42.08,1.116,49.2,70,0.6441,0,1
NEU-004291,TreatmentA,B01,96.74,-68.86,409.6,16.08,67.1,-42.22,1.879,54.7,95,0.1551,1,1
NEU-004292,TreatmentB,B02,117.92,-67.63,167.0,12.19,96.5,-33.88,1.128,64.2,84,0.3412,1,1
NEU-004293,TreatmentA,B01,106.95,-60.19,77.5,6.66,104.3,-39.61,1.073,54.1,79,0.2715,1,1
NEU-004294,TreatmentA,B03,118.3,-70.31,231.8,13.02,87.0,-45.23,0.751,68.5,86,0.3304,1,0
NEU-004295,TreatmentA,B03,119.8,-71.01,77.5,24.77,82.2,-36.58,0.955,75.0,87,0.338,1,1
NEU-004296,TreatmentA,B01,103.27,-60.29,130.7,16.01,99.0,-38.36,1.225,46.4,100,0.389,1,1
NEU-004297,TreatmentB,B03,89.96,-62.26,151.4,11.97,61.3,-49.88,0.834,60.2,80,0.4582,0,0
NEU-004298,TreatmentB,B03,139.46,-54.96,113.0,12.27,41.4,-41.09,0.78,49.2,90,0.4371,0,0
NEU-004299,TreatmentA,B03,100.59,-68.43,156.8,21.53,92.4,-40.04,1.275,36.3,88,0.1557,0,0
NEU-004300,TreatmentA,B02,104.19,-58.95,149.2,15.56,103.8,-43.82,0.866,45.0,83,0.4838,1,0
NEU-004301,Control,B01,87.86,-71.91,229.1,13.06,150.5,-41.53,0.757,43.5,106,0.5401,0,0
NEU-004302,TreatmentB,B01,108.04,-66.33,93.3,10.7,166.2,-40.02,0.851,60.6,81,0.3755,1,0
NEU-004303,TreatmentA,B03,104.87,-72.38,197.5,11.15,101.6,-43.93,1.379,62.1,81,0.6305,1,0
NEU-004304,Control,B03,122.59,-60.25,300.6,15.54,127.8,-41.29,1.662,34.7,82,0.1467,1,0
NEU-004305,TreatmentB,B03,98.44,-66.75,479.2,16.5,149.0,-39.82,1.239,50.9,84,0.5146,1,1
NEU-004306,TreatmentA,B01,71.68,-71.9,287.9,6.32,130.4,-42.54,0.935,59.1,85,0.2016,0,1
NEU-004307,TreatmentB,B02,111.38,-58.71,156.5,6.56,115.7,-46.56,0.99,36.8,81,0.3153,0,1
NEU-004308,TreatmentA,B01,102.08,-60.99,187.9,18.8,93.9,-38.48,1.054,45.2,75,0.6133,0,1
NEU-004309,TreatmentA,B03,105.0,-69.03,239.1,22.99,92.4,-38.27,0.723,29.3,79,0.3353,1,0
NEU-004310,TreatmentA,B03,108.06,-66.03,388.0,7.23,175.3,-39.21,0.622,47.2,86,0.1282,0,1
NEU-004311,Control,B02,115.45,-69.89,109.4,11.7,70.1,-38.44,0.935,48.8,71,0.3316,0,1
NEU-004312,TreatmentB,B03,87.05,-72.8,268.0,6.68,101.8,-54.59,1.198,52.9,79,0.4838,0,0
NEU-004313,TreatmentA,B03,80.19,-68.72,169.1,30.12,77.7,-37.35,1.132,35.4,93,0.4568,0,1
NEU-004314,TreatmentA,B03,97.01,-71.86,304.4,17.05,55.7,-46.67,1.175,59.0,82,0.5998,0,1
NEU-004315,TreatmentB,B02,69.84,-55.88,310.8,7.1,75.0,-42.98,1.68,49.1,74,0.2519,1,1
NEU-004316,Control,B03,107.5,-69.32,437.5,16.33,89.4,-45.23,1.102,19.6,90,0.4167,0,1
NEU-004317,Control,B02,94.5,-73.15,311.6,6.98,96.9,-44.58,1.114,44.9,86,0.4027,1,0
NEU-004318,Control,B01,110.32,-68.84,96.0,9.53,114.4,-52.64,1.051,21.2,88,0.366,1,1
NEU-004319,Control,B02,111.64,-56.23,570.4,15.47,134.8,-36.57,1.219,37.4,82,0.0975,0,0
NEU-004320,TreatmentA,B01,96.17,-74.32,174.6,8.53,101.0,-40.27,1.367,38.0,99,0.4223,1,0
NEU-004321,Control,B01,100.9,-75.66,98.2,4.46,219.1,-36.25,0.656,39.3,73,0.35,0,0
NEU-004322,TreatmentA,B02,96.47,-67.52,159.2,18.69,120.0,-41.2,1.088,61.0,71,0.3958,1,1
NEU-004323,TreatmentA,B03,107.33,-72.88,122.4,7.2,85.1,-48.89,1.675,49.4,79,0.4542,1,0
NEU-004324,TreatmentA,B03,89.8,-69.75,194.7,23.68,75.3,-42.41,0.702,51.3,100,0.2137,1,0
NEU-004325,TreatmentB,B02,78.44,-76.78,380.6,24.17,72.7,-45.49,0.511,58.9,85,0.4805,0,0
NEU-004326,Control,B02,105.39,-62.02,217.0,15.11,174.5,-40.63,1.183,31.8,85,0.4211,1,1
NEU-004327,Control,B03,122.72,-60.24,252.3,10.34,63.8,-43.31,1.657,25.7,99,0.3696,1,0
NEU-004328,TreatmentA,B02,149.5,-64.81,139.0,11.09,155.6,-48.38,1.142,60.6,89,0.3759,1,0
NEU-004329,Control,B03,65.8,-72.11,165.2,14.51,142.4,-44.39,1.286,29.8,77,0.4789,1,0
NEU-004330,TreatmentA,B03,97.01,-55.39,314.9,14.6,171.0,-42.34,0.605,63.5,82,0.2021,0,0
NEU-004331,TreatmentA,B02,115.26,-63.09,192.5,16.24,43.5,-45.23,1.269,40.9,84,0.693,0,1
NEU-004332,TreatmentA,B01,119.56,-64.63,146.3,9.87,155.1,-43.91,1.47,58.8,67,0.5091,1,1
NEU-004333,Control,B01,114.63,-68.25,266.8,14.47,48.4,-39.93,1.033,48.9,77,0.5306,0,1
NEU-004334,TreatmentB,B01,81.16,-68.05,244.2,19.21,60.0,-43.67,1.835,54.7,89,0.3185,1,0
NEU-004335,Control,B01,92.44,-64.38,205.9,9.94,119.0,-50.64,1.301,21.4,82,0.2285,0,1
NEU-004336,Control,B01,68.23,-61.57,142.3,18.27,103.3,-42.46,0.939,68.2,85,0.3641,1,0
NEU-004337,TreatmentA,B03,116.83,-59.0,174.4,19.35,117.5,-53.03,1.65,37.6,89,0.4156,1,0
NEU-004338,TreatmentB,B03,107.53,-68.46,176.3,11.68,104.1,-38.04,0.897,50.6,96,0.4656,0,1
NEU-004339,TreatmentA,B01,97.22,-64.6,126.0,11.66,117.1,-42.36,1.402,41.4,80,0.2898,1,1
NEU-004340,Control,B01,85.11,-63.71,251.8,15.23,105.1,-44.02,1.359,66.2,82,0.2587,1,1
NEU-004341,Control,B03,98.15,-64.52,265.4,9.9,69.0,-44.96,1.048,37.8,93,0.7559,1,0
NEU-004342,TreatmentA,B01,95.83,-67.47,204.0,13.21,98.4,-40.86,1.158,66.8,91,0.3317,1,1
NEU-004343,Control,B01,122.45,-71.18,128.0,29.26,133.1,-41.27,2.12,19.9,85,0.1868,0,0
NEU-004344,TreatmentB,B03,97.31,-57.03,216.5,13.29,42.0,-39.2,1.001,47.7,92,0.3581,0,0
NEU-004345,TreatmentA,B02,101.78,-57.6,617.2,7.39,147.1,-45.69,0.858,39.5,85,0.6547,0,0
NEU-004346,Control,B02,124.53,-64.9,144.0,19.58,226.9,-49.02,1.222,65.5,82,0.2596,1,1
NEU-004347,Control,B03,103.42,-64.01,125.1,8.71,125.8,-45.59,1.136,29.5,90,0.2791,1,1
NEU-004348,Control,B02,128.95,-60.86,211.5,15.27,156.3,-41.87,1.349,58.3,83,0.3918,1,1
NEU-004349,TreatmentA,B02,90.44,-62.89,190.1,9.63,92.5,-36.98,1.272,59.7,79,0.6734,1,1
NEU-004350,TreatmentB,B02,101.24,-56.43,206.3,10.77,117.8,-37.7,1.298,75.0,78,0.332,1,0
NEU-004351,TreatmentB,B02,102.21,-64.29,181.5,8.67,129.0,-42.76,0.673,58.6,80,0.7543,0,0
NEU-004352,TreatmentA,B02,104.66,-70.47,437.1,15.69,72.3,-38.45,1.136,50.9,85,0.2734,1,0
NEU-004353,Control,B03,83.45,-59.24,284.0,13.67,139.1,-42.75,0.938,42.6,74,0.3055,0,0
NEU-004354,TreatmentB,B01,100.62,-71.84,119.6,11.93,56.0,-44.04,0.697,77.8,81,0.4614,1,0
NEU-004355,TreatmentB,B01,79.91,-68.28,244.2,13.74,132.6,-43.82,0.971,80.9,93,0.5141,1,1
NEU-004356,Control,B01,97.31,-75.76,165.0,8.81,89.3,-42.2,1.509,36.7,93,0.3037,0,0
NEU-004357,TreatmentB,B02,99.65,-61.39,334.4,5.79,132.8,-38.39,1.515,40.0,79,0.6562,0,0
NEU-004358,TreatmentB,B02,102.87,-65.22,228.1,10.46,36.5,-41.44,0.842,65.2,69,0.3278,1,1
NEU-004359,TreatmentB,B02,64.38,-66.46,95.8,5.93,104.2,-33.1,1.119,41.2,67,0.4535,1,0
NEU-004360,Control,B03,107.72,-60.53,319.7,16.03,89.6,-42.82,1.191,35.4,92,0.2309,0,0
NEU-004361,TreatmentA,B01,83.33,-79.28,188.7,12.34,143.1,-37.17,1.18,76.1,89,0.2369,1,0
NEU-004362,Control,B02,87.13,-61.42,204.2,12.41,145.0,-45.17,0.88,41.0,80,0.2924,0,1
NEU-004363,Control,B03,100.27,-63.98,165.0,9.99,100.9,-37.69,1.067,63.3,98,0.1575,1,1
NEU-004364,Control,B02,110.88,-70.23,84.4,10.7,155.5,-47.53,0.809,16.1,70,0.4092,0,1
NEU-004365,TreatmentB,B03,96.98,-67.34,124.3,13.77,142.1,-45.87,0.618,62.6,91,0.3072,0,1
NEU-004366,TreatmentB,B02,102.27,-58.07,371.8,13.84,1.6,-43.88,0.96,35.7,92,0.2038,0,0
NEU-004367,TreatmentB,B01,112.51,-59.71,306.8,7.74,104.7,-43.39,1.128,81.4,91,0.4112,1,0
NEU-004368,Control,B01,74.7,-67.09,201.7,14.75,165.1,-38.06,2.047,46.5,100,0.491,1,1
NEU-004369,TreatmentA,B02,117.25,-59.5,192.2,11.26,85.8,-32.96,1.213,32.9,95,0.6326,1,0
NEU-004370,Control,B01,85.33,-56.95,218.7,15.06,142.0,-35.41,1.234,36.6,101,0.3024,0,0
NEU-004371,TreatmentA,B02,111.2,-52.56,183.0,23.81,197.5,-46.8,0.624,53.9,70,0.3541,0,0
NEU-004372,TreatmentA,B03,100.35,-65.01,148.3,11.55,203.8,-45.32,0.863,52.0,88,0.4564,0,1
NEU-004373,TreatmentB,B01,110.37,-63.09,94.3,16.98,152.4,-43.76,0.909,60.6,79,0.4771,1,1
NEU-004374,TreatmentB,B02,127.55,-64.13,154.2,13.02,119.4,-42.17,1.28,65.4,87,0.4757,1,1
NEU-004375,TreatmentA,B01,88.39,-63.41,222.6,20.27,75.8,-37.91,1.187,45.7,102,0.8328,1,1
NEU-004376,Control,B03,132.06,-68.63,208.1,7.84,103.1,-48.9,1.277,46.0,84,0.3935,1,1
NEU-004377,TreatmentA,B02,82.77,-67.39,573.2,15.85,100.1,-32.28,0.576,39.4,78,0.5988,0,1
NEU-004378,Control,B02,102.86,-66.89,134.4,9.84,150.8,-45.53,2.102,37.1,80,0.272,1,1
NEU-004379,TreatmentB,B02,94.79,-64.19,301.4,16.47,152.7,-43.43,0.888,54.1,105,0.337,0,1
NEU-004380,TreatmentB,B03,107.55,-68.56,229.8,23.18,59.4,-42.8,1.368,45.7,97,0.5023,1,1
NEU-004381,TreatmentB,B03,85.04,-61.23,221.6,5.72,125.5,-45.28,0.716,59.7,81,0.5007,0,0
NEU-004382,Control,B03,92.92,-79.14,222.5,9.08,115.5,-42.34,1.928,46.8,74,0.1481,1,0
NEU-004383,TreatmentB,B01,115.17,-66.89,251.3,16.76,93.2,-41.0,1.123,71.3,81,0.2233,1,1
NEU-004384,TreatmentB,B03,110.26,-60.21,229.7,27.01,67.6,-36.46,1.051,68.5,85,0.3251,1,0
NEU-004385,TreatmentB,B02,117.82,-64.58,123.1,9.27,98.3,-47.72,1.024,66.8,77,0.4414,1,0
NEU-004386,TreatmentA,B01,92.84,-63.39,152.9,19.5,137.8,-37.27,0.603,51.0,89,0.3172,0,0
NEU-004387,Control,B01,85.14,-54.32,70.0,24.04,93.8,-38.24,0.895,31.8,96,0.4643,0,1
NEU-004388,Control,B03,79.27,-67.62,139.3,20.86,134.5,-35.34,0.842,49.8,100,0.2812,1,0
NEU-004389,Control,B02,115.87,-63.81,380.7,16.86,128.7,-42.62,0.598,28.5,89,0.6194,0,1
NEU-004390,TreatmentA,B01,88.75,-57.49,386.5,19.42,131.4,-41.06,1.02,40.7,89,0.2385,0,0
NEU-004391,TreatmentB,B03,105.25,-63.87,242.9,11.68,149.7,-41.96,1.082,84.3,96,0.1785,1,1
NEU-004392,Control,B02,121.65,-62.94,271.3,12.16,129.1,-46.0,0.812,46.4,80,0.6244,0,1
NEU-004393,TreatmentB,B01,106.42,-70.9,111.5,11.31,144.9,-49.12,0.812,75.4,69,0.4924,1,0
NEU-004394,TreatmentB,B03,90.4,-71.56,575.3,36.19,154.2,-40.16,0.977,71.0,82,0.5801,0,1
NEU-004395,Control,B01,97.53,-74.4,425.4,7.61,129.8,-40.54,1.06,39.3,94,0.4834,1,0
NEU-004396,TreatmentA,B01,122.59,-65.08,195.0,10.36,130.0,-34.57,1.014,45.2,91,0.3375,0,0
NEU-004397,TreatmentA,B02,114.43,-65.95,231.5,10.22,148.9,-44.21,1.095,50.5,81,0.395,0,1
NEU-004398,TreatmentA,B02,78.93,-64.71,112.0,19.67,116.4,-38.43,1.681,41.0,90,0.3443,1,0
NEU-004399,TreatmentB,B02,87.39,-66.5,110.4,31.93,77.9,-36.42,0.992,72.9,82,0.5175,1,1
NEU-004400,TreatmentB,B02,92.02,-65.74,151.0,20.97,88.7,-40.93,0.745,59.0,91,0.2772,1,0
NEU-004401,Control,B01,96.99,-67.12,254.6,15.96,209.2,-45.14,1.246,54.9,71,0.4927,0,1
NEU-004402,TreatmentA,B01,78.74,-74.13,77.6,8.62,109.3,-42.88,1.046,51.6,95,0.4432,1,0
NEU-004403,Control,B02,106.82,-62.35,215.5,9.06,120.5,-44.53,0.956,16.6,87,0.5183,0,0
NEU-004404,TreatmentA,B03,101.8,-66.86,263.3,3.75,121.9,-40.78,1.117,35.9,87,0.3621,0,1
NEU-004405,TreatmentB,B02,100.33,-73.78,228.9,15.45,116.0,-39.99,1.575,75.1,71,0.4097,1,0
NEU-004406,TreatmentB,B01,86.0,-64.69,254.1,18.0,85.4,-41.31,0.911,64.5,69,0.3135,0,0
NEU-004407,Control,B02,93.17,-50.97,283.3,13.47,144.1,-43.87,1.069,60.1,97,0.383,1,0
NEU-004408,TreatmentA,B03,130.26,-69.51,371.5,21.88,158.7,-38.52,1.101,30.1,78,0.3102,0,0
NEU-004409,Control,B02,105.01,-68.07,159.9,14.71,121.7,-48.6,0.695,32.0,90,0.2052,0,1
NEU-004410,TreatmentB,B01,82.45,-75.23,235.7,12.22,61.9,-44.73,0.771,47.4,88,0.2895,0,0
NEU-004411,TreatmentB,B02,99.43,-65.22,150.0,13.37,15.6,-40.26,1.248,46.3,80,0.5592,0,1
NEU-004412,TreatmentA,B03,92.21,-68.24,290.0,9.16,68.1,-48.43,1.049,58.5,83,0.54,0,0
NEU-004413,TreatmentB,B01,125.96,-70.55,138.7,15.23,50.7,-45.89,1.383,66.7,79,0.5564,1,0
NEU-004414,Control,B02,109.93,-66.51,302.8,12.19,144.0,-46.39,0.594,65.7,105,0.4898,0,0
NEU-004415,TreatmentA,B02,106.16,-64.61,240.2,12.75,50.8,-45.04,1.347,47.2,79,0.3661,1,1
NEU-004416,Control,B03,108.53,-64.35,88.3,6.63,210.5,-36.28,0.989,57.5,92,0.5389,0,0
NEU-004417,TreatmentB,B01,101.07,-71.89,195.8,20.96,65.5,-37.14,0.927,58.8,97,0.1599,0,0
NEU-004418,TreatmentA,B02,112.46,-73.82,305.4,10.16,141.2,-39.79,1.444,68.5,83,0.4688,0,0
NEU-004419,TreatmentA,B03,60.2,-67.45,126.4,14.85,101.2,-39.63,0.944,47.5,72,0.5591,1,1
NEU-004420,Control,B03,109.49,-72.26,144.7,4.17,204.2,-40.57,1.153,41.5,93,0.4023,0,0
NEU-004421,TreatmentB,B02,94.27,-59.07,61.9,15.4,69.5,-34.87,0.301,45.1,86,0.3034,0,0
NEU-004422,TreatmentA,B01,92.7,-68.6,203.5,10.88,146.9,-40.74,1.216,29.4,93,0.4721,0,0
NEU-004423,TreatmentB,B01,95.03,-62.55,105.0,18.47,66.7,-33.92,1.072,71.8,89,0.4927,1,1
NEU-004424,TreatmentA,B01,104.97,-73.27,274.6,7.95,138.6,-44.07,1.219,65.8,91,0.4105,1,0
NEU-004425,TreatmentB,B01,108.87,-66.09,310.0,27.86,118.8,-36.24,1.13,50.8,113,0.4997,1,1
NEU-004426,TreatmentA,B03,122.96,-68.96,198.4,8.01,104.3,-47.22,0.961,64.0,83,0.1765,1,1
NEU-004427,TreatmentA,B03,101.28,-67.59,199.7,10.44,98.1,-40.79,1.032,52.6,95,0.2043,1,1
NEU-004428,TreatmentB,B02,85.23,-60.43,317.1,16.82,126.0,-42.56,1.021,62.8,79,0.1831,1,0
NEU-004429,TreatmentB,B01,103.72,-69.96,264.6,7.61,103.6,-39.65,1.341,69.6,81,0.3717,1,0
NEU-004430,TreatmentB,B01,129.87,-65.01,58.3,16.23,79.3,-46.21,1.034,69.6,78,0.535,0,1
NEU-004431,Control,B03,98.26,-70.13,236.0,10.55,187.6,-42.59,0.901,35.5,79,0.6428,0,0
NEU-004432,TreatmentA,B03,103.7,-67.18,288.6,10.35,71.6,-38.62,1.268,36.5,93,0.3539,0,1
NEU-004433,TreatmentA,B03,80.31,-66.73,186.0,14.8,145.6,-39.8,1.527,19.6,61,0.2062,0,1
NEU-004434,TreatmentA,B02,95.05,-76.04,350.3,25.85,90.5,-39.22,1.311,40.8,84,0.4736,0,0
NEU-004435,TreatmentB,B03,87.84,-72.57,459.9,23.83,106.4,-43.54,1.186,61.3,95,0.4878,0,1
NEU-004436,TreatmentB,B03,82.52,-66.45,179.2,18.57,49.5,-36.61,0.912,46.5,84,0.6845,0,1
NEU-004437,TreatmentB,B03,84.64,-64.27,183.9,5.77,78.0,-45.55,0.795,53.9,69,0.4995,1,0
NEU-004438,TreatmentA,B02,104.83,-55.88,158.3,7.59,112.8,-36.88,0.751,48.8,75,0.3998,1,0
NEU-004439,Control,B02,96.66,-55.73,93.2,12.02,152.2,-39.6,0.602,27.0,92,0.4388,0,0
NEU-004440,TreatmentA,B02,109.2,-64.74,102.8,9.05,94.6,-45.08,0.884,57.6,89,0.299,0,1
NEU-004441,TreatmentA,B02,94.25,-55.17,308.5,13.24,87.2,-41.54,0.928,48.7,90,0.3909,1,0
NEU-004442,TreatmentA,B01,90.98,-63.07,188.8,9.33,87.6,-39.1,1.197,20.9,72,0.2859,0,1
NEU-004443,TreatmentA,B03,95.3,-72.65,214.2,9.66,110.3,-40.22,1.043,38.8,79,0.5271,0,0
NEU-004444,TreatmentA,B03,116.9,-64.04,103.4,16.1,73.5,-48.49,0.806,66.3,102,0.5266,1,1
NEU-004445,TreatmentA,B02,107.94,-57.16,624.6,18.95,126.4,-41.98,1.111,38.4,84,0.457,0,1
NEU-004446,TreatmentB,B02,134.77,-61.27,197.5,3.69,69.2,-40.58,1.047,40.6,88,0.3447,0,1
NEU-004447,TreatmentB,B01,79.41,-67.9,125.3,9.55,54.6,-46.93,0.912,55.7,96,0.634,0,0
NEU-004448,TreatmentB,B03,83.82,-73.3,302.5,7.98,21.5,-43.91,0.696,51.5,94,0.2546,0,1
NEU-004449,TreatmentA,B02,92.85,-67.94,431.6,14.39,61.5,-41.27,1.827,57.5,84,0.2764,0,0
NEU-004450,TreatmentA,B03,115.41,-65.77,106.3,18.16,150.4,-45.65,0.888,46.5,83,0.525,0,1
NEU-004451,Control,B03,116.27,-69.02,591.3,18.73,106.0,-46.86,0.592,26.7,86,0.2646,0,0
NEU-004452,Control,B01,105.98,-58.57,174.9,14.22,122.9,-39.32,1.042,26.4,78,0.4193,0,1
NEU-004453,TreatmentB,B01,102.13,-65.56,137.4,9.17,51.1,-41.84,0.968,61.2,87,0.2531,0,1
NEU-004454,Control,B01,81.06,-58.49,280.7,19.21,146.7,-48.02,1.663,59.1,82,0.4476,0,0
NEU-004455,TreatmentA,B03,83.15,-63.53,159.4,15.98,98.1,-45.53,0.902,53.0,91,0.3992,1,1
NEU-004456,TreatmentB,B03,87.06,-64.79,172.8,26.13,116.5,-41.13,1.273,80.7,79,0.3868,1,1
NEU-004457,TreatmentA,B01,92.93,-62.35,65.1,11.23,73.1,-37.13,0.947,53.1,105,0.3245,1,1
NEU-004458,TreatmentB,B02,92.03,-53.56,282.2,12.04,85.0,-43.61,1.095,75.1,90,0.4997,0,0
NEU-004459,TreatmentA,B02,100.43,-59.24,134.9,10.7,117.0,-34.07,0.766,30.1,88,0.4441,0,0
NEU-004460,TreatmentA,B02,129.51,-59.77,245.3,8.13,91.4,-40.24,0.982,23.5,85,0.2853,0,1
NEU-004461,Control,B02,119.66,-64.61,277.7,28.32,146.1,-45.15,0.765,31.4,88,0.7599,0,1
NEU-004462,Control,B01,103.69,-67.16,98.4,9.81,30.9,-36.36,0.775,51.9,86,0.2545,0,1
NEU-004463,Control,B03,89.14,-66.88,213.5,9.11,94.7,-40.25,0.737,-1.4,108,0.2443,0,1
NEU-004464,TreatmentA,B02,109.66,-56.36,97.4,17.75,140.3,-40.77,0.68,20.8,84,0.3119,0,0
NEU-004465,TreatmentB,B02,83.39,-70.76,252.4,23.96,15.6,-41.92,1.344,38.6,68,0.5069,0,0
NEU-004466,TreatmentB,B02,90.75,-61.86,144.3,14.18,17.6,-44.09,1.475,55.4,84,0.3826,1,1
NEU-004467,TreatmentA,B01,116.59,-64.41,150.8,25.98,71.3,-44.9,1.44,41.6,85,0.4842,0,1
NEU-004468,Control,B03,91.27,-62.82,130.0,7.28,119.9,-37.92,0.803,22.0,69,0.2618,0,1
NEU-004469,TreatmentB,B01,83.77,-64.92,171.4,12.36,66.0,-37.63,1.616,60.0,86,0.5699,1,1
NEU-004470,TreatmentA,B03,104.64,-65.93,147.3,8.1,124.9,-43.26,0.904,39.6,84,0.3851,1,1
NEU-004471,Control,B01,111.01,-53.71,147.2,12.11,143.7,-44.72,0.744,14.5,75,0.4489,0,0
NEU-004472,TreatmentA,B02,115.91,-74.21,147.1,7.7,75.4,-50.99,0.825,54.7,91,0.1389,1,1
NEU-004473,Control,B03,113.49,-65.76,176.6,12.77,126.5,-46.5,0.855,22.5,97,0.2254,0,1
NEU-004474,Control,B02,115.58,-62.19,109.1,6.07,101.3,-35.71,0.981,48.5,67,0.3942,1,1
NEU-004475,TreatmentA,B03,69.61,-65.55,154.1,21.99,62.2,-36.4,0.559,68.4,93,0.3504,0,1
NEU-004476,Control,B02,107.33,-76.17,290.8,11.57,83.4,-47.85,0.752,31.7,88,0.6637,0,0
NEU-004477,Control,B02,118.91,-68.98,222.8,17.74,198.2,-40.9,0.749,46.3,98,0.4674,0,1
NEU-004478,TreatmentB,B03,123.12,-62.73,208.4,15.63,18.2,-38.55,1.168,71.0,78,0.4745,1,1
NEU-004479,TreatmentB,B01,108.38,-79.56,169.9,10.25,112.0,-45.48,1.043,54.6,79,0.3457,1,0
NEU-004480,Control,B03,108.24,-66.15,175.3,19.64,124.5,-34.48,0.884,70.3,75,0.5177,1,1
NEU-004481,TreatmentB,B02,115.19,-63.38,89.5,9.44,102.4,-41.98,0.766,69.7,88,0.5769,1,1
NEU-004482,TreatmentA,B01,106.49,-73.45,214.5,14.29,121.2,-42.79,1.185,19.1,97,0.3378,0,0
NEU-004483,TreatmentA,B01,96.23,-69.63,107.4,17.26,88.4,-40.18,0.734,57.6,83,0.2928,1,0
NEU-004484,Control,B02,110.16,-65.65,229.3,14.93,129.4,-43.36,1.541,21.1,81,0.3556,0,1
NEU-004485,TreatmentA,B03,74.42,-69.75,249.7,8.36,111.2,-39.88,0.878,72.8,75,0.4374,1,0
NEU-004486,Control,B02,113.23,-62.12,101.1,12.06,122.8,-40.59,0.734,38.2,87,0.5043,0,0
NEU-004487,TreatmentB,B01,90.02,-65.99,163.3,6.53,131.4,-41.31,1.262,76.5,89,0.1715,1,1
NEU-004488,Control,B01,82.08,-62.7,159.9,32.83,103.7,-45.12,1.224,36.9,93,0.4168,1,1
NEU-004489,Control,B02,94.14,-67.83,139.2,8.5,179.0,-46.0,1.353,28.8,94,0.1489,1,1
NEU-004490,TreatmentB,B02,122.02,-67.73,221.0,12.46,141.8,-39.71,0.875,53.1,86,0.2602,0,1
NEU-004491,TreatmentB,B03,132.02,-78.32,151.9,22.41,74.5,-35.25,1.409,68.4,95,0.6281,1,0
NEU-004492,TreatmentB,B03,103.26,-61.12,254.6,34.1,94.5,-45.24,0.873,74.1,72,0.1658,1,0
NEU-004493,Control,B03,104.67,-68.79,168.6,18.17,125.4,-34.98,0.778,30.4,86,0.4547,0,1
NEU-004494,TreatmentB,B02,101.28,-65.72,217.9,7.62,76.9,-48.9,1.057,57.0,68,0.4833,0,0
NEU-004495,Control,B01,74.76,-65.18,177.7,12.67,125.0,-42.94,1.393,26.8,83,0.237,1,1
NEU-004496,TreatmentA,B02,93.23,-54.85,195.7,17.31,109.5,-35.64,1.006,39.3,107,0.5712,0,0
NEU-004497,Control,B01,83.72,-57.54,100.2,13.71,106.5,-44.32,1.396,9.7,85,0.251,0,0
NEU-004498,TreatmentA,B03,86.7,-67.61,204.8,16.29,74.5,-45.48,1.042,33.8,91,0.6398,0,1
NEU-004499,TreatmentB,B02,116.81,-56.32,130.9,12.48,43.0,-43.74,1.371,77.5,87,0.3216,1,0
NEU-004500,TreatmentB,B01,137.12,-67.04,229.1,13.19,86.1,-46.3,1.368,35.1,79,0.2643,0,1
NEU-004501,TreatmentA,B03,96.91,-52.21,55.8,14.6,127.7,-45.99,0.624,63.9,87,0.482,0,0
NEU-004502,Control,B02,128.19,-69.99,231.2,11.38,149.0,-43.02,1.249,68.2,88,0.4564,1,0
NEU-004503,TreatmentA,B02,116.86,-75.71,266.0,16.23,107.2,-38.88,1.121,55.3,89,0.3327,0,0
NEU-004504,TreatmentB,B03,94.47,-64.28,262.2,10.14,151.3,-38.09,1.613,68.6,107,0.4827,1,0
NEU-004505,TreatmentB,B02,97.63,-69.75,171.6,11.16,88.5,-37.89,0.718,93.5,82,0.6055,1,0
NEU-004506,TreatmentA,B01,109.28,-66.45,310.1,19.07,69.8,-52.34,1.775,70.2,84,0.3283,1,1
NEU-004507,TreatmentB,B01,88.55,-63.29,364.1,19.98,70.6,-49.23,0.926,55.1,81,0.4423,0,1
NEU-004508,TreatmentB,B02,88.73,-77.13,242.8,19.75,77.5,-44.73,1.416,66.3,72,0.2398,1,0
NEU-004509,TreatmentA,B02,111.74,-71.07,135.0,14.36,94.4,-45.08,2.085,51.9,88,0.6893,1,0
NEU-004510,TreatmentA,B03,105.14,-62.87,150.6,9.3,159.6,-32.13,0.986,53.0,76,0.2738,1,1
NEU-004511,Control,B01,126.1,-62.07,104.1,14.76,69.7,-45.22,1.871,35.9,84,0.3689,1,1
NEU-004512,Control,B02,111.36,-66.65,216.1,13.26,113.2,-45.03,0.727,44.1,92,0.2848,0,1
NEU-004513,Control,B01,106.94,-61.8,206.1,14.27,81.1,-48.04,0.714,36.5,84,0.3008,0,1
NEU-004514,Control,B03,113.18,-60.73,207.0,22.08,154.0,-38.16,0.805,30.6,96,0.7199,1,1
NEU-004515,TreatmentB,B02,118.2,-63.61,276.6,14.42,47.5,-37.8,1.229,64.2,81,0.4278,1,0
NEU-004516,TreatmentB,B03,88.28,-56.04,111.5,5.37,170.4,-34.78,1.213,47.0,79,0.6761,0,0
NEU-004517,TreatmentA,B01,74.26,-69.59,533.4,17.5,80.0,-50.25,0.761,44.0,72,0.4106,0,0
NEU-004518,Control,B02,109.07,-75.55,253.6,20.14,115.7,-47.26,0.554,62.2,106,0.2902,0,0
NEU-004519,Control,B03,109.19,-61.13,145.3,22.77,121.9,-45.54,1.181,38.4,79,0.2372,1,0
NEU-004520,Control,B03,107.24,-66.06,179.4,19.42,70.5,-45.95,1.933,57.1,82,0.4561,1,1
NEU-004521,TreatmentB,B02,105.82,-68.45,283.0,20.83,123.9,-41.62,1.32,53.4,93,0.1112,0,0
NEU-004522,TreatmentB,B02,84.24,-62.96,203.9,9.56,45.1,-40.59,0.962,52.8,78,0.2069,1,1
NEU-004523,TreatmentB,B03,117.11,-63.52,113.1,13.61,29.3,-36.4,0.706,70.0,106,0.4185,1,1
NEU-004524,TreatmentB,B01,95.1,-70.34,75.6,14.94,74.2,-40.45,0.921,93.5,82,0.2667,1,0
NEU-004525,TreatmentA,B03,109.51,-76.31,287.7,17.55,94.9,-36.85,1.069,44.8,81,0.741,0,0
NEU-004526,TreatmentA,B01,124.19,-56.32,187.3,16.45,186.6,-46.01,0.961,31.4,74,0.1257,0,0
NEU-004527,TreatmentA,B02,103.23,-50.93,525.2,10.94,99.0,-38.06,0.814,47.2,78,0.6786,0,0
NEU-004528,Control,B03,112.23,-56.37,270.0,23.11,161.0,-46.93,1.023,48.4,79,0.6304,1,1
NEU-004529,TreatmentA,B01,111.34,-65.56,269.1,8.91,74.9,-41.47,0.823,73.3,85,0.484,0,0
NEU-004530,Control,B02,82.16,-65.27,119.2,28.12,118.3,-44.7,2.207,44.2,93,0.2855,1,1
NEU-004531,Control,B01,100.14,-68.3,134.4,12.15,115.7,-42.47,1.488,48.5,87,0.4958,1,0
NEU-004532,TreatmentA,B01,84.25,-61.77,154.9,16.54,75.7,-37.63,1.371,49.5,82,0.7053,0,1
NEU-004533,TreatmentB,B01,88.79,-55.86,275.1,12.74,3.2,-37.63,1.151,36.6,92,0.1339,0,0
NEU-004534,TreatmentA,B02,103.51,-63.43,546.1,11.05,179.2,-42.4,1.164,59.6,76,0.3376,0,0
NEU-004535,TreatmentB,B01,89.77,-75.3,224.7,11.17,152.5,-43.85,1.715,70.4,75,0.4541,1,0
NEU-004536,Control,B02,93.73,-62.09,262.4,15.92,59.0,-41.02,1.793,47.0,72,0.4331,1,1
NEU-004537,TreatmentB,B03,107.72,-60.51,157.6,23.54,127.8,-40.22,1.095,76.3,96,0.5902,1,1
NEU-004538,Control,B03,126.36,-59.99,199.7,9.25,129.0,-44.17,0.758,28.9,93,0.3875,1,1
NEU-004539,Control,B01,93.35,-55.44,148.0,11.66,141.7,-42.98,0.922,85.6,93,0.2758,1,0
NEU-004540,TreatmentB,B01,83.13,-72.96,244.6,9.5,128.6,-43.81,1.05,59.6,96,0.2817,1,1
NEU-004541,Control,B03,102.18,-63.51,154.5,7.65,219.2,-36.43,1.254,33.5,93,0.4274,0,1
NEU-004542,Control,B01,116.34,-54.03,256.9,17.42,115.2,-38.99,0.867,39.6,92,0.2177,0,0
NEU-004543,TreatmentB,B02,127.1,-54.91,264.8,18.64,118.1,-43.88,0.931,59.7,88,0.436,1,0
NEU-004544,TreatmentB,B01,84.44,-61.19,529.4,9.24,76.5,-42.06,0.725,59.4,100,0.4422,0,1
NEU-004545,TreatmentA,B02,81.17,-62.6,203.5,11.2,85.0,-34.09,1.067,25.7,76,0.3863,0,1
NEU-004546,Control,B01,121.64,-72.6,286.1,15.14,135.2,-41.32,0.93,62.0,97,0.2198,0,0
NEU-004547,Control,B02,91.42,-56.42,355.9,23.86,129.2,-41.11,3.2,48.1,97,0.3088,1,0
NEU-004548,TreatmentA,B03,111.39,-56.57,126.8,10.36,75.7,-42.52,0.896,50.1,69,0.4369,1,0
NEU-004549,TreatmentA,B03,97.17,-75.26,109.9,9.23,118.7,-45.15,0.849,44.4,97,0.43,0,0
NEU-004550,TreatmentB,B02,101.65,-59.51,105.0,14.47,80.9,-36.92,0.668,28.5,87,0.3749,1,0
NEU-004551,TreatmentA,B02,96.02,-62.34,406.7,20.9,157.0,-44.56,1.171,48.3,109,0.3885,0,1
NEU-004552,Control,B01,83.72,-70.74,242.5,11.94,150.2,-39.56,0.806,58.7,88,0.4561,0,0
NEU-004553,TreatmentB,B01,123.53,-69.48,126.5,9.48,139.2,-46.39,0.884,65.3,82,0.3653,1,0
NEU-004554,TreatmentB,B03,93.79,-68.64,274.0,21.39,87.8,-40.95,0.9,75.8,91,0.7268,0,1
NEU-004555,TreatmentB,B02,89.72,-72.63,129.7,12.86,84.2,-44.32,0.984,67.0,83,0.4147,1,0
NEU-004556,Control,B02,112.69,-69.72,271.4,18.12,106.0,-43.81,1.249,37.4,74,0.2717,1,0
NEU-004557,TreatmentB,B02,110.36,-67.83,198.2,18.32,127.5,-44.61,0.811,68.3,79,0.2692,1,1
NEU-004558,TreatmentB,B01,116.67,-54.89,164.8,26.51,56.3,-48.22,0.774,42.9,82,0.3015,0,0
NEU-004559,TreatmentA,B02,125.47,-58.48,149.1,22.08,119.8,-49.7,0.575,63.0,81,0.4926,1,1
NEU-004560,TreatmentA,B03,105.22,-70.87,169.6,17.18,94.6,-45.34,0.852,50.7,82,0.5212,0,1
NEU-004561,TreatmentB,B01,94.28,-59.27,63.8,24.61,96.9,-43.81,1.207,68.7,99,0.4427,1,1
NEU-004562,TreatmentB,B02,87.25,-61.74,92.6,17.21,83.9,-49.54,1.034,54.8,87,0.4396,0,1
NEU-004563,TreatmentA,B01,90.79,-61.32,237.3,10.0,105.5,-37.03,0.833,57.1,75,0.2136,0,1
NEU-004564,TreatmentA,B02,94.13,-66.3,140.2,4.96,98.9,-41.12,1.081,21.0,89,0.4243,0,0
NEU-004565,TreatmentA,B02,93.04,-68.96,250.4,8.77,56.6,-42.87,0.544,45.7,76,0.3931,0,1
NEU-004566,TreatmentB,B01,105.0,-61.93,178.5,13.15,113.0,-48.31,1.478,40.9,85,0.1794,1,1
NEU-004567,Control,B02,83.92,-71.08,87.7,13.43,127.4,-47.31,0.527,44.2,92,0.2909,0,1
NEU-004568,Control,B02,81.61,-64.47,169.2,19.83,146.5,-40.32,1.055,37.1,72,0.362,0,1
NEU-004569,TreatmentA,B03,107.03,-59.18,210.2,19.82,53.2,-47.47,0.928,59.3,103,0.5911,0,1
NEU-004570,TreatmentB,B02,94.95,-64.35,200.1,19.76,111.1,-39.65,1.046,62.4,76,0.2841,1,0
NEU-004571,TreatmentA,B01,117.11,-70.74,129.1,30.01,97.7,-41.14,1.358,74.7,85,0.333,1,0
NEU-004572,Control,B03,106.71,-56.99,107.7,19.06,107.2,-46.57,0.944,45.0,83,0.4123,0,0
NEU-004573,TreatmentA,B01,84.36,-62.07,319.1,7.36,96.8,-39.62,0.925,59.6,87,0.2942,0,1
NEU-004574,Control,B02,103.25,-62.33,378.3,9.12,177.3,-36.08,0.874,30.7,86,0.4101,0,1
NEU-004575,Control,B02,84.21,-75.5,178.4,15.87,81.1,-46.26,1.303,25.9,93,0.4185,0,0
NEU-004576,TreatmentA,B01,106.4,-64.48,205.4,18.62,91.2,-41.37,0.914,36.4,80,0.3793,0,1
NEU-004577,TreatmentB,B01,89.02,-62.74,139.9,8.71,83.4,-37.68,0.914,56.3,96,0.2164,1,1
NEU-004578,TreatmentA,B02,105.07,-60.36,383.7,20.28,147.7,-47.03,0.937,35.5,101,0.4048,0,0
NEU-004579,TreatmentA,B01,109.61,-66.95,161.0,20.42,124.5,-44.92,1.129,63.6,94,0.2754,1,1
NEU-004580,TreatmentB,B01,109.06,-64.58,184.8,15.27,97.8,-40.41,0.923,53.9,83,0.4096,1,0
NEU-004581,Control,B03,104.4,-72.02,266.1,18.74,143.8,-40.36,0.742,64.7,89,0.3951,1,0
NEU-004582,Control,B01,59.53,-60.57,126.2,13.13,97.3,-40.66,0.819,49.5,87,0.5354,0,1
NEU-004583,Control,B01,108.34,-64.83,107.3,7.47,87.7,-41.59,1.085,47.4,82,0.46,1,1
NEU-004584,TreatmentA,B02,95.95,-63.13,175.6,14.11,98.1,-42.1,1.433,68.7,86,0.4084,0,1
NEU-004585,TreatmentB,B01,74.91,-75.51,180.3,9.25,77.8,-36.59,0.827,56.9,82,0.327,1,0
NEU-004586,Control,B03,105.06,-65.13,176.7,14.37,138.4,-47.63,0.771,45.6,83,0.3634,0,1
NEU-004587,TreatmentB,B03,103.11,-63.11,63.1,14.24,99.3,-43.03,1.446,64.6,102,0.0824,1,1
NEU-004588,Control,B01,102.62,-66.31,145.5,12.29,184.2,-44.17,1.057,27.9,94,0.4755,0,1
NEU-004589,TreatmentB,B03,93.96,-76.79,68.1,11.6,66.2,-41.64,1.32,63.9,94,0.4362,1,0
NEU-004590,TreatmentA,B02,97.85,-64.69,274.4,11.54,97.5,-43.76,1.716,34.7,93,0.1421,0,1
NEU-004591,TreatmentB,B02,97.42,-60.14,422.5,12.78,105.8,-46.23,1.046,63.1,77,0.4532,0,0
NEU-004592,Control,B01,97.36,-79.52,218.1,18.9,224.5,-42.67,1.146,34.2,98,0.2967,0,0
NEU-004593,TreatmentB,B01,108.98,-66.58,293.9,24.12,13.9,-42.41,0.589,65.2,71,0.2298,1,0
NEU-004594,Control,B02,108.66,-72.46,103.3,15.17,137.3,-43.15,2.316,26.4,76,0.6286,1,1
NEU-004595,Control,B01,97.93,-75.1,255.8,22.92,157.7,-39.98,1.15,43.9,98,0.3333,1,0
NEU-004596,TreatmentB,B03,110.42,-76.85,199.2,11.18,81.0,-38.69,1.323,54.8,86,0.4707,0,0
NEU-004597,TreatmentA,B01,86.05,-69.88,129.7,8.07,89.4,-48.06,0.933,28.7,81,0.378,0,0
NEU-004598,TreatmentB,B03,79.6,-65.61,398.8,13.33,115.2,-40.17,1.224,54.9,82,0.5932,1,1
NEU-004599,TreatmentB,B03,93.43,-66.96,225.1,11.51,59.0,-43.37,0.835,66.1,95,0.2129,1,1
NEU-004600,TreatmentA,B02,107.5,-57.19,111.0,16.57,90.1,-40.92,0.64,40.4,96,0.2762,0,0
NEU-004601,TreatmentA,B02,121.64,-64.91,269.4,24.68,89.1,-41.99,0.632,86.6,86,0.7311,1,1
NEU-004602,TreatmentA,B02,86.78,-53.56,86.2,7.97,87.1,-42.45,2.259,36.8,77,0.2465,1,0
NEU-004603,Control,B02,109.14,-50.53,148.7,9.12,136.1,-43.75,1.229,52.2,77,0.2995,1,1
NEU-004604,Control,B01,90.05,-64.72,112.3,12.38,188.9,-38.14,1.464,41.7,68,0.4134,1,1
NEU-004605,TreatmentB,B02,86.1,-68.19,251.8,14.79,43.3,-45.74,1.055,54.8,81,0.2071,0,0
NEU-004606,Control,B03,99.16,-65.13,158.2,16.53,176.4,-38.06,0.728,39.4,80,0.4586,0,1
NEU-004607,TreatmentA,B02,123.9,-66.71,136.7,5.25,146.3,-49.7,0.836,66.3,88,0.4286,0,0
NEU-004608,TreatmentA,B02,92.42,-60.88,167.3,9.89,156.8,-35.55,0.924,67.3,89,0.4145,1,1
NEU-004609,TreatmentB,B02,104.78,-78.06,542.3,10.61,105.4,-43.76,0.577,70.3,87,0.3497,0,0
NEU-004610,TreatmentA,B02,113.31,-71.21,206.6,18.22,145.4,-44.61,1.187,29.5,73,0.3988,0,0
NEU-004611,TreatmentA,B03,104.59,-69.52,168.0,7.55,74.5,-43.16,0.44,43.5,84,0.1261,1,1
NEU-004612,TreatmentA,B01,82.23,-64.7,241.1,7.2,94.1,-40.0,0.494,26.5,73,0.4886,0,1
NEU-004613,TreatmentB,B03,126.41,-73.93,159.7,14.2,-17.2,-40.61,0.62,43.8,93,0.4466,0,0
NEU-004614,TreatmentA,B03,91.51,-63.32,124.1,9.41,179.2,-44.56,1.292,51.7,100,0.2788,1,1
NEU-004615,TreatmentA,B01,73.28,-56.43,173.4,8.35,110.8,-39.96,0.985,36.3,98,0.4798,0,0
NEU-004616,TreatmentA,B02,107.74,-69.33,114.7,9.35,136.1,-43.46,0.97,44.8,71,0.3922,1,1
NEU-004617,Control,B02,97.26,-68.55,325.5,11.69,158.3,-39.8,1.631,39.7,84,0.5793,1,1
NEU-004618,TreatmentA,B02,124.83,-56.58,516.7,8.27,141.4,-35.28,1.543,49.3,89,0.514,0,0
NEU-004619,TreatmentB,B01,91.17,-62.99,254.5,6.66,97.0,-41.54,1.384,55.1,104,0.5333,1,0
NEU-004620,TreatmentA,B03,109.88,-69.23,65.3,19.54,58.4,-42.57,0.84,56.5,78,0.4314,1,1
NEU-004621,TreatmentA,B03,113.7,-52.68,107.7,18.05,99.5,-38.14,0.719,42.2,71,0.701,0,1
NEU-004622,Control,B02,110.99,-64.23,267.6,16.27,118.9,-43.36,1.264,27.9,87,0.3401,0,1
NEU-004623,TreatmentB,B03,62.32,-68.15,87.6,9.3,86.1,-37.71,0.994,34.1,75,0.5436,1,0
NEU-004624,TreatmentB,B02,99.33,-63.65,219.3,9.01,-7.3,-46.14,0.817,66.8,78,0.3561,1,1
NEU-004625,TreatmentB,B02,100.16,-71.14,82.9,28.17,121.4,-48.0,1.415,89.8,73,0.4778,1,0
NEU-004626,Control,B03,100.13,-62.55,93.1,15.08,138.5,-38.23,1.602,32.5,83,0.6986,1,1
NEU-004627,TreatmentA,B02,89.16,-68.9,165.2,13.14,108.9,-30.03,0.954,74.6,93,0.3652,1,0
NEU-004628,TreatmentA,B02,91.72,-68.48,125.8,10.23,149.8,-42.09,1.167,39.4,80,0.1865,0,1
NEU-004629,TreatmentA,B03,79.97,-59.11,358.5,8.09,166.4,-41.09,0.569,45.3,99,0.214,0,1
NEU-004630,TreatmentA,B01,93.45,-56.03,140.9,9.54,96.1,-45.24,1.444,39.2,90,0.4574,1,0
NEU-004631,Control,B01,95.62,-69.81,245.5,35.79,169.3,-45.21,0.808,20.4,78,0.455,0,1
NEU-004632,TreatmentA,B03,111.35,-73.9,172.4,19.27,92.5,-40.42,1.264,49.9,75,0.4597,1,1
NEU-004633,TreatmentA,B03,119.19,-67.12,278.6,17.5,190.4,-36.85,0.929,35.7,88,0.5555,0,1
NEU-004634,TreatmentA,B02,96.33,-64.13,179.7,6.67,116.6,-41.21,1.144,42.6,100,0.501,1,0
NEU-004635,Control,B02,113.18,-59.62,272.2,13.89,83.9,-43.64,1.135,35.8,91,0.4232,0,0
NEU-004636,TreatmentA,B03,94.62,-62.28,306.4,12.01,118.0,-41.43,1.332,67.1,80,0.3874,1,1
NEU-004637,TreatmentA,B01,105.04,-68.82,150.3,14.19,121.8,-45.2,1.354,60.2,82,0.382,1,0
NEU-004638,TreatmentA,B03,102.86,-61.53,159.8,8.18,89.2,-48.87,0.589,37.8,89,0.5804,0,0
NEU-004639,TreatmentA,B03,112.29,-65.27,154.1,14.65,180.4,-36.29,0.985,47.3,88,0.5857,0,1
NEU-004640,TreatmentB,B03,90.65,-76.98,201.9,21.78,136.8,-44.05,1.184,53.2,81,0.4809,0,0
NEU-004641,TreatmentB,B03,85.45,-63.01,150.0,14.91,58.6,-32.76,0.893,61.4,76,0.6031,0,1
NEU-004642,TreatmentA,B01,72.31,-69.54,119.2,20.87,141.1,-41.07,0.744,43.6,81,0.3655,0,1
NEU-004643,Control,B01,90.15,-61.68,116.6,7.45,139.0,-43.3,0.773,21.7,93,0.4663,0,0
NEU-004644,Control,B02,114.86,-60.33,194.9,11.93,183.5,-41.57,1.867,41.2,79,0.4396,1,1
NEU-004645,TreatmentB,B03,121.24,-70.97,176.2,20.99,93.4,-51.01,1.041,68.9,90,0.5343,1,1
NEU-004646,Control,B03,58.5,-67.31,201.6,13.41,114.5,-40.42,0.66,25.6,90,0.3749,0,1
NEU-004647,TreatmentA,B01,88.18,-62.63,188.9,12.71,75.8,-45.83,0.936,37.5,96,0.1938,0,1
NEU-004648,TreatmentB,B01,90.14,-68.64,206.3,18.25,94.1,-50.01,1.65,44.1,74,0.6611,1,1
NEU-004649,TreatmentA,B01,91.43,-69.73,155.9,6.91,145.8,-43.98,1.128,50.4,86,0.3593,1,1
NEU-004650,TreatmentA,B03,83.09,-64.08,111.3,12.86,39.2,-47.02,0.822,17.0,95,0.4199,1,1
NEU-004651,TreatmentA,B01,93.57,-66.03,243.9,24.62,136.4,-38.18,0.54,30.2,85,0.3418,0,0
NEU-004652,TreatmentA,B03,119.62,-64.15,188.4,14.44,182.5,-38.32,1.037,30.2,75,0.2827,0,1
NEU-004653,TreatmentB,B01,86.19,-63.51,147.0,8.27,30.3,-40.79,1.056,43.8,77,0.6102,1,0
NEU-004654,Control,B02,127.75,-63.46,223.2,13.92,114.4,-35.77,1.154,69.9,89,0.6927,1,1
NEU-004655,TreatmentA,B02,113.84,-66.83,135.6,6.89,138.7,-39.53,0.935,48.5,104,0.4733,1,0
NEU-004656,Control,B02,81.72,-56.73,70.7,9.27,214.9,-41.38,1.532,29.2,70,0.287,1,1
NEU-004657,TreatmentA,B03,104.76,-63.19,120.7,11.49,151.6,-38.32,0.788,35.2,76,0.2917,0,1
NEU-004658,TreatmentA,B03,95.25,-54.51,193.4,34.57,129.6,-41.94,1.001,34.6,104,0.116,1,0
NEU-004659,TreatmentB,B01,99.65,-71.74,135.2,9.47,120.7,-45.96,0.722,90.8,67,0.2591,1,1
NEU-004660,Control,B01,143.06,-64.25,141.7,12.21,180.0,-39.51,1.203,33.5,96,0.397,1,1
NEU-004661,Control,B03,81.93,-50.25,217.6,16.37,162.8,-49.69,1.576,46.5,96,0.3055,1,0
NEU-004662,TreatmentB,B03,91.34,-75.17,100.2,6.94,130.6,-42.43,1.194,64.0,78,0.3593,1,0
NEU-004663,TreatmentA,B01,101.11,-62.2,122.3,19.16,115.3,-46.29,1.772,35.3,74,0.2178,1,0
NEU-004664,Control,B01,95.22,-57.51,284.4,4.93,88.3,-35.2,0.986,41.7,89,0.2401,0,1
NEU-004665,TreatmentB,B02,85.76,-65.73,141.9,8.11,125.2,-44.68,1.177,34.3,92,0.3719,0,0
NEU-004666,TreatmentA,B03,105.08,-57.13,147.6,16.6,79.9,-42.99,1.524,66.3,92,0.5081,1,0
NEU-004667,Control,B03,82.2,-60.24,176.3,13.1,144.5,-42.07,0.941,48.5,88,0.3193,1,1
NEU-004668,Control,B02,80.25,-62.28,162.9,9.39,181.8,-35.56,0.989,14.8,98,0.4401,0,0
NEU-004669,TreatmentA,B02,112.05,-60.61,387.3,18.34,125.0,-44.25,0.701,33.8,80,0.5697,0,1
NEU-004670,TreatmentB,B01,97.72,-71.1,139.0,23.85,95.8,-46.29,1.403,49.5,84,0.3531,1,0
NEU-004671,TreatmentA,B01,104.89,-60.85,114.7,16.09,112.3,-45.04,0.97,58.4,96,0.3411,1,0
NEU-004672,TreatmentA,B02,98.2,-65.63,168.4,8.85,118.1,-49.41,0.903,60.9,98,0.6574,0,0
NEU-004673,TreatmentB,B01,117.97,-67.88,217.8,9.27,101.7,-45.45,1.151,88.0,90,0.5106,1,0
NEU-004674,Control,B02,67.75,-65.51,104.6,24.1,158.5,-34.89,0.958,61.9,86,0.6249,1,1
NEU-004675,TreatmentA,B02,105.18,-59.3,132.5,7.76,127.8,-42.61,1.163,32.5,79,0.2209,0,1
NEU-004676,Control,B03,80.94,-64.49,214.7,12.03,115.9,-43.8,0.843,39.3,97,0.2719,0,1
NEU-004677,TreatmentB,B01,86.69,-67.74,210.6,14.83,51.0,-40.98,0.734,83.0,62,0.5195,1,0
NEU-004678,Control,B01,83.03,-66.63,282.6,16.23,112.1,-41.31,0.938,22.6,90,0.5592,0,1
NEU-004679,Control,B03,95.54,-62.54,137.7,13.3,121.9,-41.49,0.731,64.4,100,0.3222,1,1
NEU-004680,TreatmentA,B03,102.56,-64.19,167.3,13.01,84.0,-41.46,1.346,43.6,89,0.4618,0,1
NEU-004681,Control,B02,98.55,-56.99,67.0,15.85,113.9,-37.2,0.925,57.7,75,0.3258,0,0
NEU-004682,TreatmentB,B03,114.61,-58.77,82.5,11.51,146.5,-42.2,0.772,46.5,96,0.5259,0,0
NEU-004683,TreatmentB,B02,111.36,-58.43,173.3,7.02,122.5,-37.55,1.127,52.7,86,0.6836,0,0
NEU-004684,TreatmentA,B02,128.93,-63.01,421.6,8.79,105.7,-44.42,1.196,38.8,107,0.2979,0,1
NEU-004685,TreatmentB,B01,86.44,-60.08,119.7,13.75,47.3,-34.45,1.075,61.1,84,0.4966,1,0
NEU-004686,Control,B03,103.85,-62.38,106.6,18.3,125.5,-48.22,2.425,33.4,96,0.7108,1,1
NEU-004687,TreatmentA,B03,99.55,-60.86,163.8,15.68,68.5,-38.46,0.791,38.5,90,0.4993,0,1
NEU-004688,TreatmentA,B01,123.14,-61.7,57.0,6.26,83.9,-44.56,0.963,14.5,89,0.5699,0,0
NEU-004689,TreatmentA,B01,116.63,-53.18,119.8,18.6,191.5,-43.87,1.167,54.8,98,0.1354,1,0
NEU-004690,TreatmentB,B02,80.57,-58.1,159.3,39.86,105.4,-49.52,1.196,33.0,77,0.3404,0,0
NEU-004691,TreatmentB,B02,101.74,-62.92,378.9,6.57,42.3,-41.46,1.12,34.3,98,0.3279,0,1
NEU-004692,TreatmentB,B03,89.63,-65.35,252.5,11.65,55.9,-37.53,0.878,70.1,92,0.4027,1,1
NEU-004693,TreatmentB,B01,94.72,-70.14,111.7,11.16,107.2,-44.94,1.138,64.9,86,0.5832,0,0
NEU-004694,Control,B02,85.68,-52.56,308.4,9.82,166.4,-42.75,2.082,40.4,67,0.5388,1,0
NEU-004695,TreatmentA,B03,89.87,-71.97,182.0,12.6,161.1,-45.92,1.194,36.8,98,0.2923,1,1
NEU-004696,TreatmentA,B03,86.27,-61.6,129.5,17.62,120.5,-37.4,0.971,44.9,77,0.4013,0,0
NEU-004697,TreatmentA,B02,127.18,-72.01,212.5,24.61,126.8,-46.58,1.28,54.3,88,0.2692,1,0
NEU-004698,TreatmentA,B03,126.51,-55.32,188.9,14.28,147.3,-38.54,0.79,32.7,84,0.5462,0,0
NEU-004699,TreatmentA,B03,100.73,-62.81,104.1,11.95,69.2,-44.8,1.304,28.9,90,0.1743,1,1
NEU-004700,Control,B02,91.41,-57.11,263.6,12.91,10.5,-42.35,0.594,19.8,80,0.7366,0,0
NEU-004701,TreatmentB,B01,87.71,-74.52,232.3,15.97,73.2,-43.82,1.202,73.9,90,0.5594,1,0
NEU-004702,TreatmentB,B02,103.07,-60.4,135.1,24.51,113.6,-41.82,0.842,71.6,104,0.6714,0,1
NEU-004703,Control,B02,85.12,-54.79,173.7,11.79,106.0,-39.09,0.936,42.0,96,0.4171,1,0
NEU-004704,Control,B03,126.11,-71.91,203.8,24.32,72.9,-40.39,1.385,15.4,85,0.5678,0,1
NEU-004705,TreatmentA,B01,97.98,-57.53,269.8,9.75,110.0,-40.54,0.925,63.3,85,0.4746,0,0
NEU-004706,TreatmentA,B01,76.96,-66.8,201.6,13.17,91.5,-47.97,0.681,45.1,78,0.3963,0,1
NEU-004707,TreatmentA,B03,106.7,-63.38,505.5,20.45,163.7,-27.38,0.809,44.1,97,0.5727,0,1
NEU-004708,TreatmentB,B02,102.04,-63.76,99.1,15.32,78.3,-47.65,1.105,49.6,89,0.5577,0,1
NEU-004709,TreatmentB,B02,89.59,-66.31,156.6,17.22,83.3,-38.34,1.085,52.2,85,0.5462,0,1
NEU-004710,TreatmentB,B01,87.18,-60.26,213.0,15.74,101.1,-45.28,1.194,35.2,63,0.3944,0,1
NEU-004711,TreatmentB,B03,78.75,-77.83,320.5,18.44,134.7,-30.76,1.704,65.5,96,0.2222,1,0
NEU-004712,Control,B01,105.78,-67.67,112.4,18.45,131.3,-44.71,1.345,38.8,98,0.4508,1,0
NEU-004713,TreatmentB,B03,92.13,-60.27,354.8,14.15,107.6,-42.37,1.089,45.6,79,0.3081,0,0
NEU-004714,TreatmentA,B03,85.32,-61.31,239.4,14.09,160.8,-48.29,0.805,47.6,76,0.5444,0,1
NEU-004715,Control,B03,114.26,-66.88,203.8,10.97,99.0,-34.89,0.889,37.4,89,0.1704,0,1
NEU-004716,TreatmentB,B03,100.34,-69.21,105.9,10.72,120.3,-45.67,1.004,49.4,77,0.5273,1,0
NEU-004717,TreatmentA,B03,86.24,-67.9,124.6,14.31,118.8,-43.41,0.545,43.7,77,0.1771,0,0
NEU-004718,TreatmentA,B02,111.76,-69.15,149.9,15.0,97.5,-51.81,1.063,43.3,101,0.6438,1,0
NEU-004719,TreatmentB,B01,115.66,-67.0,314.1,21.27,107.2,-44.61,1.213,63.9,95,0.2728,1,1
NEU-004720,TreatmentA,B03,91.4,-67.29,165.9,15.34,113.5,-39.49,0.592,52.1,94,0.4838,1,1
NEU-004721,TreatmentA,B01,78.53,-57.75,234.7,14.84,137.5,-47.72,1.666,55.8,90,0.2949,1,0
NEU-004722,TreatmentA,B02,111.93,-68.29,144.3,14.99,48.0,-39.67,1.528,34.9,92,0.4996,1,1
NEU-004723,TreatmentB,B01,102.75,-57.74,149.6,15.36,165.8,-41.1,1.688,89.6,74,0.3231,1,0
NEU-004724,TreatmentB,B02,133.5,-76.23,238.2,10.94,78.5,-43.59,0.83,58.3,98,0.5731,1,0
NEU-004725,Control,B03,84.72,-61.93,261.4,15.34,168.7,-45.04,0.712,57.4,85,0.2951,0,1
NEU-004726,TreatmentA,B02,110.92,-71.47,134.6,9.08,52.6,-38.51,0.791,49.6,76,0.6488,1,0
NEU-004727,TreatmentB,B02,98.61,-71.97,197.6,13.54,75.1,-46.79,0.898,48.6,72,0.1896,0,0
NEU-004728,TreatmentB,B02,118.02,-62.27,368.0,14.04,33.7,-48.11,1.007,73.0,79,0.5285,1,1
NEU-004729,TreatmentA,B03,110.46,-65.94,66.6,10.75,177.7,-46.44,0.919,59.5,89,0.3161,1,1
NEU-004730,TreatmentA,B03,117.59,-60.79,314.1,14.07,105.0,-35.75,0.898,48.0,76,0.1869,0,1
NEU-004731,TreatmentA,B02,106.99,-66.44,252.8,11.77,91.1,-44.84,1.397,50.7,91,0.3869,0,1
NEU-004732,TreatmentB,B01,114.94,-59.73,161.6,17.88,74.2,-36.71,0.886,60.9,101,0.2139,1,0
NEU-004733,Control,B03,125.54,-62.83,399.0,11.24,108.7,-53.7,1.071,42.2,71,0.3279,0,1
NEU-004734,TreatmentA,B03,104.56,-65.13,340.1,11.91,39.6,-40.0,0.935,41.5,95,0.3513,0,1
NEU-004735,TreatmentA,B01,83.18,-55.85,159.4,19.48,69.9,-45.99,1.608,33.5,99,0.2983,0,0
NEU-004736,Control,B03,108.69,-72.52,202.9,10.63,138.2,-45.06,1.396,41.3,91,0.3007,0,1
NEU-004737,TreatmentB,B02,101.07,-58.54,128.6,12.85,56.7,-47.26,0.817,95.7,84,0.6074,1,0
NEU-004738,TreatmentB,B03,105.82,-60.3,191.3,17.45,96.8,-35.89,1.559,43.9,104,0.6688,1,1
NEU-004739,TreatmentA,B01,112.12,-58.88,211.1,9.21,130.0,-32.51,1.343,58.7,81,0.3437,1,1
NEU-004740,TreatmentB,B02,119.53,-64.96,196.1,17.27,151.6,-36.05,0.834,43.5,100,0.5205,0,1
NEU-004741,TreatmentA,B01,89.82,-66.71,332.0,13.78,120.4,-30.43,1.535,38.8,83,0.2728,1,0
NEU-004742,TreatmentA,B01,90.69,-68.39,119.8,20.51,128.8,-41.9,1.212,63.0,87,0.4093,1,1
NEU-004743,TreatmentA,B01,100.72,-66.42,189.2,28.95,66.2,-42.69,0.92,22.6,66,0.2517,0,0
NEU-004744,Control,B01,94.98,-71.59,123.7,11.08,146.1,-47.34,1.048,26.3,96,0.5401,0,0
NEU-004745,TreatmentA,B02,72.92,-64.19,220.6,11.01,143.1,-45.84,1.006,41.5,96,0.4292,1,1
NEU-004746,TreatmentA,B02,80.74,-69.61,252.9,13.5,140.1,-40.53,1.264,33.0,97,0.3011,1,1
NEU-004747,TreatmentB,B03,109.48,-58.63,189.4,13.95,62.6,-42.5,0.97,52.7,77,0.4365,1,0
NEU-004748,TreatmentB,B03,100.33,-60.02,215.1,19.05,2.6,-37.88,0.971,61.2,81,0.2754,0,0
NEU-004749,TreatmentB,B03,114.71,-69.2,199.7,17.41,105.4,-42.59,0.609,46.2,89,0.431,0,0
NEU-004750,Control,B02,84.42,-68.17,255.0,9.06,136.9,-36.11,1.199,23.1,72,0.37,0,1
NEU-004751,Control,B03,86.83,-68.62,162.4,13.11,89.8,-44.94,0.913,70.0,90,0.2075,1,1
NEU-004752,TreatmentA,B02,109.05,-66.43,277.0,32.18,128.2,-46.22,0.676,64.1,89,0.5166,0,1
NEU-004753,TreatmentA,B03,109.62,-73.15,313.7,26.65,80.4,-46.62,0.691,36.2,67,0.6059,0,1
NEU-004754,TreatmentB,B01,112.87,-63.03,190.9,8.27,191.7,-37.22,0.936,86.8,99,0.5318,1,0
NEU-004755,TreatmentB,B01,117.54,-60.33,361.5,9.0,60.2,-44.52,1.041,43.9,87,0.5197,0,0
NEU-004756,TreatmentA,B01,92.84,-65.34,122.5,5.6,90.4,-46.05,0.865,47.8,85,0.5131,1,0
NEU-004757,Control,B02,102.78,-61.06,184.8,7.01,163.2,-36.75,0.965,33.4,99,0.6551,0,0
NEU-004758,TreatmentA,B03,84.24,-62.75,153.1,8.19,108.1,-43.02,0.503,52.7,85,0.5811,0,0
NEU-004759,TreatmentA,B02,78.74,-62.28,457.4,14.07,81.1,-43.82,0.711,41.8,94,0.2913,0,1
NEU-004760,TreatmentA,B03,128.24,-63.64,201.7,17.82,105.5,-39.34,1.392,36.3,73,0.5368,0,1
NEU-004761,Control,B03,96.89,-63.15,234.5,8.14,56.0,-38.7,1.26,36.4,97,0.1345,1,1
NEU-004762,TreatmentA,B01,109.72,-66.03,367.6,5.02,25.4,-41.35,1.0,39.1,101,0.4481,0,0
NEU-004763,TreatmentA,B03,96.27,-73.08,200.2,18.81,83.8,-36.92,0.887,34.9,89,0.4235,0,0
NEU-004764,Control,B01,87.4,-57.44,131.5,14.3,109.9,-41.88,1.349,40.4,69,0.1507,1,0
NEU-004765,TreatmentB,B01,117.98,-64.43,206.6,11.26,138.9,-43.93,1.148,71.1,75,0.1949,1,1
NEU-004766,TreatmentB,B03,99.72,-63.0,145.8,17.18,130.3,-39.75,0.931,38.1,71,0.3598,0,1
NEU-004767,TreatmentA,B03,111.71,-65.62,114.7,21.64,155.6,-50.93,1.484,24.7,87,0.1658,1,0
NEU-004768,TreatmentB,B01,90.68,-71.08,173.2,13.75,60.3,-46.61,0.791,55.3,93,0.6496,0,0
NEU-004769,TreatmentB,B03,89.89,-63.31,124.9,17.39,75.0,-43.1,1.353,52.6,97,0.3534,0,1
NEU-004770,TreatmentA,B03,101.53,-66.6,59.2,13.16,89.7,-42.78,0.755,41.4,66,0.3368,1,1
NEU-004771,Control,B03,95.08,-60.2,362.8,12.92,129.5,-47.76,0.925,54.1,82,0.4001,0,1
NEU-004772,TreatmentB,B02,56.42,-55.67,198.7,12.65,103.6,-35.59,1.018,57.5,87,0.5179,1,0
NEU-004773,TreatmentA,B01,109.96,-73.17,400.6,14.81,140.4,-41.59,0.768,48.5,77,0.3055,0,0
NEU-004774,Control,B01,112.33,-72.39,271.9,10.04,149.7,-43.33,1.348,37.7,81,0.4024,0,0
NEU-004775,Control,B01,111.12,-57.92,565.5,17.68,76.3,-41.77,1.286,45.6,99,0.4219,0,0
NEU-004776,Control,B01,79.06,-59.59,165.6,13.64,158.0,-44.27,1.393,35.1,113,0.4468,0,0
NEU-004777,TreatmentB,B01,105.2,-70.9,121.6,51.2,54.7,-40.39,0.85,55.5,88,0.5501,1,1
NEU-004778,TreatmentA,B02,109.75,-61.51,290.6,18.55,158.7,-43.42,1.107,48.3,74,0.2975,0,0
NEU-004779,Control,B02,107.85,-64.07,113.8,8.78,49.1,-45.71,1.194,64.1,86,0.6293,1,0
NEU-004780,TreatmentB,B02,98.29,-65.64,182.7,17.03,157.8,-41.69,1.134,61.4,93,0.3818,1,1
NEU-004781,TreatmentA,B02,97.55,-63.34,156.9,12.33,125.4,-40.97,2.019,41.7,87,0.3243,1,1
NEU-004782,TreatmentB,B02,112.79,-75.8,125.1,18.88,76.0,-42.8,1.835,70.8,91,0.471,1,0
NEU-004783,Control,B02,94.81,-69.61,326.0,6.14,186.8,-37.98,1.609,29.3,91,0.2931,0,1
NEU-004784,TreatmentA,B03,124.72,-66.92,103.3,14.53,110.5,-38.32,1.02,28.3,85,0.2274,1,0
NEU-004785,TreatmentA,B01,124.32,-62.24,191.1,15.64,151.2,-43.44,1.612,44.7,113,0.3759,1,1
NEU-004786,TreatmentB,B02,101.54,-57.53,824.9,13.06,61.7,-37.19,1.464,30.4,84,0.6911,0,0
NEU-004787,TreatmentB,B03,134.18,-59.37,321.7,16.86,92.6,-39.89,0.958,60.9,85,0.4606,0,1
NEU-004788,TreatmentA,B03,89.96,-66.48,409.4,11.13,163.2,-44.5,0.965,62.6,82,0.1543,0,1
NEU-004789,Control,B03,93.78,-61.36,305.2,14.48,166.8,-38.55,0.86,22.6,74,0.3181,0,1
NEU-004790,TreatmentA,B02,81.12,-64.79,134.0,13.97,104.4,-32.71,1.048,77.7,95,0.4923,1,1
NEU-004791,TreatmentA,B03,110.91,-61.61,493.1,11.28,152.6,-42.95,0.741,61.8,87,0.4368,0,0
NEU-004792,TreatmentB,B03,131.06,-66.03,284.5,10.51,159.9,-41.8,1.568,79.2,104,0.3895,1,1
NEU-004793,Control,B03,120.84,-64.62,186.0,9.37,139.7,-46.44,0.77,43.7,87,0.4259,0,1
NEU-004794,TreatmentB,B03,122.25,-73.98,98.5,11.86,98.7,-42.59,0.861,94.8,84,0.2876,1,0
NEU-004795,TreatmentA,B03,78.61,-66.57,99.3,22.19,105.3,-45.95,0.964,37.4,100,0.7631,1,1
NEU-004796,TreatmentA,B02,108.38,-64.37,130.9,11.64,83.8,-38.16,0.934,57.1,97,0.3857,1,1
NEU-004797,Control,B03,83.3,-66.14,136.0,6.27,140.0,-50.91,0.976,33.2,79,0.2898,1,1
NEU-004798,TreatmentB,B02,89.0,-68.04,267.5,9.28,96.8,-40.06,0.924,53.6,84,0.4216,0,1
NEU-004799,Control,B03,78.81,-51.77,307.4,6.35,147.1,-40.28,0.99,32.4,87,0.2277,0,1
NEU-004800,TreatmentB,B03,102.81,-66.84,600.0,15.79,57.7,-47.05,1.118,54.5,88,0.1991,0,1
NEU-004801,TreatmentB,B02,60.57,-65.58,193.8,18.34,87.8,-40.98,1.679,52.9,93,0.3251,1,1
NEU-004802,TreatmentB,B01,102.34,-65.11,262.0,11.49,33.9,-37.54,1.431,47.8,80,0.6769,0,0
NEU-004803,TreatmentA,B03,97.48,-81.58,210.3,10.37,150.6,-43.19,0.831,47.4,95,0.5303,0,0
NEU-004804,TreatmentB,B03,111.32,-64.34,110.7,14.09,177.9,-42.39,0.797,39.5,90,0.4462,0,1
NEU-004805,TreatmentB,B02,118.89,-64.29,223.7,13.49,97.9,-40.59,1.029,75.0,93,0.1425,1,0
NEU-004806,TreatmentA,B03,68.79,-66.23,322.5,14.23,168.1,-46.49,1.02,40.7,86,0.4432,0,1
NEU-004807,TreatmentA,B03,123.51,-72.97,89.3,10.12,113.4,-42.12,1.272,55.0,79,0.2362,0,0
NEU-004808,Control,B02,66.56,-57.4,102.1,21.19,144.3,-44.36,2.084,47.9,62,0.4484,1,0
NEU-004809,TreatmentA,B02,85.49,-72.47,207.8,10.4,80.4,-39.15,0.631,44.3,90,0.269,0,1
NEU-004810,TreatmentB,B01,129.97,-64.72,67.8,7.98,68.2,-34.58,1.135,65.0,95,0.5752,1,0
NEU-004811,TreatmentA,B02,72.36,-69.41,294.4,6.41,76.6,-37.06,1.545,53.3,85,0.6303,1,0
NEU-004812,Control,B01,78.85,-71.43,223.7,18.96,171.6,-43.71,0.889,12.5,86,0.4597,0,0
NEU-004813,TreatmentA,B03,110.82,-65.79,211.5,15.03,61.7,-36.96,1.16,45.8,99,0.4035,0,1
NEU-004814,Control,B02,106.74,-59.84,125.1,9.65,155.4,-41.03,0.746,25.2,98,0.6413,1,0
NEU-004815,Control,B03,69.08,-70.78,115.2,22.13,109.4,-39.36,0.948,48.1,90,0.4539,0,0
NEU-004816,TreatmentB,B03,80.87,-69.36,318.8,5.35,67.5,-40.7,0.829,44.7,85,0.2979,0,1
NEU-004817,TreatmentB,B01,101.26,-62.9,168.1,7.06,43.0,-44.4,0.574,49.1,86,0.3326,0,1
NEU-004818,TreatmentB,B01,89.94,-61.37,277.8,17.02,115.7,-43.77,0.958,69.6,77,0.4282,1,0
NEU-004819,TreatmentB,B01,60.5,-62.32,258.2,19.2,99.6,-46.15,0.997,59.4,107,0.7119,1,1
NEU-004820,Control,B02,111.84,-71.85,436.7,10.31,85.0,-40.98,0.683,33.4,89,0.2623,0,1
NEU-004821,TreatmentA,B01,85.56,-73.4,255.8,9.31,35.0,-40.64,0.864,56.6,83,0.5723,0,0
NEU-004822,Control,B01,100.74,-66.61,100.9,21.89,166.6,-40.19,0.724,10.5,102,0.2755,0,0
NEU-004823,TreatmentB,B01,93.88,-56.0,179.3,4.8,55.6,-45.05,0.901,60.3,93,0.2942,1,0
NEU-004824,TreatmentB,B02,104.51,-74.61,211.5,20.12,115.6,-42.01,1.091,43.1,101,0.2577,0,0
NEU-004825,TreatmentB,B03,131.8,-75.43,128.3,10.09,112.6,-45.93,1.145,60.6,103,0.6826,0,0
NEU-004826,Control,B03,89.75,-67.23,230.2,9.88,100.1,-39.47,1.991,21.6,94,0.1932,1,1
NEU-004827,TreatmentB,B02,102.72,-61.29,232.4,12.84,53.8,-36.88,0.83,64.1,109,0.4754,0,0
NEU-004828,TreatmentB,B01,111.42,-65.72,363.2,27.28,77.5,-44.96,1.555,28.3,85,0.5219,0,1
NEU-004829,Control,B02,111.89,-68.8,164.7,15.52,122.1,-34.72,0.926,45.9,75,0.1706,0,0
NEU-004830,Control,B01,94.67,-64.81,252.1,24.41,133.9,-40.03,1.347,51.6,65,0.4108,1,1
NEU-004831,TreatmentA,B02,117.18,-60.9,240.7,18.56,133.2,-39.04,0.938,50.1,75,0.4133,0,1
NEU-004832,Control,B03,114.43,-59.46,157.0,15.61,101.1,-39.4,0.907,39.7,82,0.3445,0,0
NEU-004833,TreatmentB,B03,94.62,-73.53,181.3,9.54,75.7,-42.47,1.478,42.6,81,0.2912,1,1
NEU-004834,TreatmentA,B02,99.12,-63.28,191.3,25.47,130.4,-40.41,1.324,49.8,71,0.2677,1,0
NEU-004835,Control,B01,86.77,-64.56,338.3,7.52,154.8,-44.57,1.106,31.1,83,0.3026,0,1
NEU-004836,Control,B01,123.97,-62.25,205.8,13.31,148.6,-39.19,0.805,15.2,77,0.598,1,1
NEU-004837,Control,B03,75.03,-69.75,113.8,8.8,167.6,-40.26,1.035,59.3,83,0.5632,1,0
NEU-004838,TreatmentA,B02,90.94,-69.27,107.1,16.84,66.0,-37.86,0.901,29.0,91,0.6746,1,1
NEU-004839,Control,B03,115.86,-52.15,105.9,21.39,123.4,-46.87,1.013,52.7,82,0.2939,0,0
NEU-004840,TreatmentB,B01,115.53,-66.81,320.0,11.66,128.1,-49.7,1.255,15.6,82,0.1891,1,1
NEU-004841,Control,B02,126.44,-68.07,167.6,22.03,146.5,-40.37,1.591,11.8,97,0.4607,0,1
NEU-004842,Control,B03,94.86,-65.35,114.7,13.73,143.8,-41.08,1.695,43.9,89,0.6768,1,1
NEU-004843,TreatmentB,B01,79.98,-64.29,180.6,30.02,51.1,-43.85,0.589,50.9,85,0.3712,0,1
NEU-004844,Control,B02,115.74,-75.3,94.0,12.9,121.6,-37.82,1.294,64.9,82,0.3993,1,0
NEU-004845,Control,B03,82.67,-61.62,91.0,9.82,70.7,-44.72,0.675,56.0,82,0.4463,0,1
NEU-004846,Control,B02,97.46,-62.92,301.6,15.97,146.5,-36.28,0.843,29.5,77,0.6021,0,1
NEU-004847,TreatmentB,B01,84.32,-67.51,207.9,11.39,29.9,-41.12,1.494,57.1,90,0.3297,1,1
NEU-004848,TreatmentB,B03,100.78,-55.45,189.8,16.49,77.1,-43.77,0.671,38.0,79,0.2884,1,0
NEU-004849,TreatmentB,B03,90.35,-67.81,182.4,9.76,70.5,-42.41,0.755,48.4,79,0.1548,1,1
NEU-004850,Control,B01,87.65,-64.31,312.7,10.12,141.8,-42.36,1.248,77.9,92,0.573,1,0
NEU-004851,Control,B02,90.13,-59.85,114.8,9.32,137.9,-40.15,0.717,29.8,95,0.5723,0,0
NEU-004852,Control,B03,102.42,-67.99,132.3,7.68,116.0,-36.12,0.62,20.1,81,0.32,0,1
NEU-004853,TreatmentA,B02,86.71,-58.06,150.2,22.39,147.5,-44.69,0.969,52.2,95,0.3966,1,0
NEU-004854,TreatmentA,B03,127.91,-61.72,176.8,18.65,91.6,-29.11,1.196,52.0,95,0.3255,0,0
NEU-004855,TreatmentB,B01,106.79,-67.27,167.2,8.46,134.8,-41.09,1.179,62.3,86,0.4868,1,0
NEU-004856,Control,B03,95.07,-62.64,178.1,12.44,50.2,-45.25,1.31,8.4,101,0.386,0,1
NEU-004857,TreatmentA,B01,113.59,-57.46,353.9,16.59,133.9,-38.52,0.931,64.6,88,0.5317,0,1
NEU-004858,TreatmentB,B02,86.26,-62.03,146.3,19.01,56.3,-46.92,1.272,47.8,74,0.5745,1,1
NEU-004859,TreatmentB,B03,104.01,-63.16,123.3,8.68,76.5,-45.49,0.83,50.2,105,0.5995,1,0
NEU-004860,TreatmentB,B03,85.3,-70.96,178.7,18.96,67.0,-44.75,1.014,53.4,66,0.7018,0,1
NEU-004861,TreatmentA,B03,98.03,-57.86,116.2,14.25,73.5,-41.43,0.878,49.1,101,0.3741,1,1
NEU-004862,Control,B03,118.94,-73.28,108.2,9.82,165.0,-44.94,1.205,61.2,68,0.5736,1,0
NEU-004863,TreatmentA,B03,107.67,-58.49,172.3,16.65,143.0,-47.49,1.135,82.5,91,0.43,1,1
NEU-004864,TreatmentB,B02,94.45,-59.62,177.5,9.62,127.0,-43.28,0.657,53.8,96,0.4512,0,0
NEU-004865,TreatmentB,B02,138.65,-69.5,168.4,22.74,44.2,-35.65,1.08,69.5,81,0.3636,1,0
NEU-004866,Control,B02,87.83,-65.77,121.2,11.27,129.7,-40.41,1.523,34.8,73,0.4019,1,0
NEU-004867,TreatmentA,B03,94.23,-65.56,222.2,13.22,58.2,-47.99,1.204,52.9,91,0.319,0,1
NEU-004868,TreatmentA,B02,94.02,-69.12,132.3,12.16,153.5,-41.23,0.91,44.9,86,0.5361,1,0
NEU-004869,Control,B01,100.28,-58.94,197.5,15.61,114.5,-50.04,0.825,55.1,91,0.2962,0,1
NEU-004870,TreatmentB,B01,89.96,-74.05,83.2,13.83,91.7,-37.03,1.083,52.9,79,0.4592,1,0
NEU-004871,Control,B01,97.13,-65.76,213.0,19.92,184.1,-49.3,0.891,27.0,81,0.5116,0,1
NEU-004872,TreatmentA,B01,99.65,-64.89,371.4,6.51,95.3,-38.92,1.083,56.1,85,0.1255,0,1
NEU-004873,TreatmentA,B01,96.52,-74.53,159.3,9.99,138.3,-44.02,1.091,54.1,93,0.4283,0,0
NEU-004874,TreatmentB,B02,91.36,-64.39,168.5,7.48,77.1,-48.82,1.794,60.1,99,0.3786,1,1
NEU-004875,TreatmentA,B02,115.53,-69.64,233.8,7.1,62.2,-38.9,1.761,52.2,84,0.2679,1,1
NEU-004876,TreatmentB,B02,68.5,-59.92,120.2,9.05,30.4,-41.3,0.966,67.5,104,0.449,0,0
NEU-004877,Control,B03,81.87,-72.39,379.4,21.71,176.0,-46.53,0.994,37.1,98,0.3782,0,0
NEU-004878,TreatmentA,B03,84.09,-73.49,95.9,12.89,81.9,-46.6,0.94,12.7,82,0.3376,0,0
NEU-004879,TreatmentA,B02,122.0,-68.64,170.4,5.66,120.7,-41.8,1.142,43.3,91,0.411,1,0
NEU-004880,TreatmentB,B01,111.91,-77.12,153.0,10.07,108.0,-37.49,0.636,48.1,92,0.3315,1,0
NEU-004881,TreatmentB,B01,93.66,-60.44,290.8,19.81,82.1,-49.09,1.116,56.9,93,0.2497,0,0
NEU-004882,TreatmentA,B01,90.63,-69.81,217.5,20.55,32.6,-47.68,0.809,69.6,97,0.4117,1,0
NEU-004883,TreatmentA,B03,105.07,-71.12,322.6,22.02,148.0,-43.06,1.088,63.5,84,0.1749,1,0
NEU-004884,TreatmentA,B02,86.08,-61.8,380.3,11.77,74.5,-47.61,1.237,65.0,95,0.2431,1,1
NEU-004885,TreatmentA,B01,85.6,-64.98,113.1,15.01,157.3,-41.65,1.348,57.8,74,0.4655,1,1
NEU-004886,TreatmentA,B03,88.6,-62.12,381.0,19.56,150.7,-47.58,0.859,29.8,89,0.4933,0,1
NEU-004887,Control,B02,80.0,-71.25,193.8,17.19,124.7,-39.63,1.114,45.5,82,0.1876,1,0
NEU-004888,TreatmentA,B01,112.65,-73.39,347.3,8.96,119.0,-42.27,1.057,42.2,84,0.3654,0,0
NEU-004889,Control,B01,113.68,-63.46,92.8,19.23,163.5,-42.17,0.733,30.3,86,0.2055,1,1
NEU-004890,TreatmentA,B02,110.13,-69.25,249.1,26.81,88.7,-37.5,0.576,40.3,74,0.5534,0,1
NEU-004891,Control,B02,94.38,-74.51,215.0,11.04,187.7,-44.23,1.05,16.4,89,0.3531,0,0
NEU-004892,TreatmentA,B01,100.12,-56.69,367.2,22.62,143.9,-44.41,1.411,29.3,85,0.2679,0,0
NEU-004893,Control,B01,106.07,-66.09,190.8,15.87,111.5,-33.66,1.484,67.4,97,0.557,1,1
NEU-004894,Control,B02,85.8,-64.11,151.0,18.8,151.0,-41.65,0.972,50.6,69,0.4346,0,1
NEU-004895,Control,B01,79.21,-68.06,104.2,4.78,142.8,-39.2,0.93,34.5,85,0.2905,1,1
NEU-004896,TreatmentB,B01,102.43,-70.8,212.9,17.76,51.9,-43.5,1.069,58.4,88,0.3487,1,0
NEU-004897,TreatmentB,B03,87.37,-55.07,179.6,9.87,80.2,-46.18,1.441,70.9,95,0.4886,1,0
NEU-004898,TreatmentB,B01,87.79,-69.96,101.9,11.42,50.2,-31.58,0.694,59.2,84,0.2183,1,1
NEU-004899,TreatmentB,B01,86.31,-63.86,110.3,6.87,79.8,-38.27,0.824,44.6,95,0.3204,0,1
NEU-004900,Control,B01,86.38,-67.33,218.5,11.67,139.2,-41.86,1.819,33.5,77,0.5334,1,1
NEU-004901,TreatmentB,B02,121.75,-66.69,134.9,11.22,101.5,-35.62,0.641,56.2,92,0.4058,0,1
NEU-004902,TreatmentA,B03,109.96,-71.06,289.5,10.35,117.4,-49.42,0.714,67.9,74,0.4168,1,0
NEU-004903,Control,B02,117.84,-55.6,146.7,16.63,134.3,-32.53,1.208,18.1,77,0.5059,0,0
NEU-004904,TreatmentA,B02,103.15,-61.48,115.0,16.01,111.9,-43.17,1.043,52.3,91,0.2547,1,1
NEU-004905,TreatmentA,B01,95.05,-68.83,284.6,7.75,129.4,-33.23,1.431,70.3,90,0.281,1,1
NEU-004906,Control,B01,106.78,-64.31,152.6,13.35,149.1,-46.05,0.615,24.0,89,0.3602,0,1
NEU-004907,Control,B02,103.93,-53.57,120.9,11.74,75.3,-40.0,0.803,22.3,83,0.7034,0,0
NEU-004908,Control,B03,100.67,-76.61,287.1,18.5,140.0,-34.05,1.791,27.1,64,0.1756,1,0
NEU-004909,TreatmentB,B03,81.38,-62.42,181.6,19.13,85.6,-44.68,1.276,70.1,86,0.3371,1,1
NEU-004910,Control,B03,127.53,-65.9,280.0,17.66,165.5,-42.09,0.889,41.5,85,0.4287,0,1
NEU-004911,TreatmentA,B03,57.07,-69.83,306.5,18.06,179.7,-42.34,0.53,48.4,89,0.2867,0,0
NEU-004912,TreatmentA,B01,118.14,-69.2,195.2,12.85,97.6,-36.95,0.975,54.6,92,0.3655,0,1
NEU-004913,TreatmentB,B01,118.22,-60.73,149.3,14.05,72.6,-46.16,0.864,87.4,87,0.3933,1,1
NEU-004914,Control,B02,109.18,-63.09,155.7,19.24,72.3,-42.12,0.842,24.7,79,0.3841,0,1
NEU-004915,Control,B02,90.61,-67.61,157.8,15.18,100.0,-46.79,1.18,24.4,80,0.2774,0,1
NEU-004916,TreatmentA,B02,104.96,-68.17,261.2,9.78,96.4,-47.68,1.584,43.4,81,0.2544,0,1
NEU-004917,TreatmentA,B02,88.06,-65.82,206.6,14.03,135.6,-41.92,0.698,31.9,114,0.3931,0,0
NEU-004918,TreatmentB,B02,116.96,-62.45,134.2,14.11,17.4,-43.86,0.934,77.9,76,0.3244,1,1
NEU-004919,Control,B01,93.26,-66.06,248.8,18.36,106.2,-40.22,0.99,25.6,91,0.3037,0,0
NEU-004920,TreatmentA,B03,81.23,-67.31,196.0,8.18,97.2,-41.13,0.816,54.2,90,0.5808,1,0
NEU-004921,Control,B03,122.31,-65.53,123.9,9.19,171.9,-43.8,0.878,55.8,91,0.4191,0,0
NEU-004922,TreatmentB,B01,72.0,-63.87,152.2,6.07,69.7,-42.21,0.729,54.3,90,0.2418,1,1
NEU-004923,TreatmentA,B02,91.8,-76.95,173.7,14.28,93.7,-40.53,1.071,42.8,91,0.4422,1,0
NEU-004924,Control,B03,87.87,-69.27,166.3,11.1,118.9,-40.76,1.389,50.1,90,0.6261,1,0
NEU-004925,Control,B03,100.93,-60.05,201.3,23.99,121.5,-42.8,1.554,34.2,70,0.5187,0,1
NEU-004926,Control,B03,111.61,-59.76,258.7,11.14,179.9,-40.79,1.37,14.9,83,0.4326,1,0
NEU-004927,Control,B01,89.93,-65.17,170.1,30.06,156.4,-44.31,0.834,47.3,96,0.452,1,1
NEU-004928,TreatmentA,B03,78.86,-63.77,235.5,27.46,131.1,-41.06,1.441,34.4,70,0.2661,1,0
NEU-004929,Control,B02,107.79,-61.42,203.4,18.35,57.6,-39.7,1.009,51.2,73,0.2974,1,0
NEU-004930,Control,B01,114.49,-65.62,145.2,7.5,167.1,-43.04,1.34,37.0,84,0.6615,0,0
NEU-004931,TreatmentA,B02,104.52,-62.65,281.7,9.79,114.8,-40.36,0.975,59.4,94,0.4105,1,1
NEU-004932,Control,B03,108.77,-61.64,270.6,14.6,66.0,-42.51,1.252,54.6,90,0.319,1,0
NEU-004933,TreatmentB,B03,123.55,-64.39,176.5,29.37,64.8,-43.81,0.737,68.9,87,0.2397,1,1
NEU-004934,Control,B01,90.99,-64.5,294.2,11.38,62.0,-49.93,2.392,58.5,88,0.3483,1,1
NEU-004935,TreatmentA,B01,110.97,-67.24,276.9,11.69,108.4,-38.97,0.774,51.5,92,0.6058,0,1
NEU-004936,TreatmentB,B01,123.08,-57.51,119.7,27.97,64.6,-44.09,0.785,49.4,90,0.2951,0,0
NEU-004937,TreatmentA,B02,130.66,-60.13,113.0,10.34,136.6,-51.06,0.702,44.3,81,0.2956,0,0
NEU-004938,Control,B02,111.0,-71.02,151.3,25.63,159.0,-34.51,1.109,46.2,61,0.4985,0,1
NEU-004939,Control,B02,108.68,-64.62,73.7,10.8,176.6,-43.13,0.833,35.1,80,0.2787,1,1
NEU-004940,Control,B03,103.22,-73.02,157.3,6.42,117.3,-40.57,0.726,43.0,78,0.3729,0,1
NEU-004941,Control,B02,106.94,-69.4,56.5,16.31,155.3,-41.07,1.073,50.0,91,0.5334,1,1
NEU-004942,TreatmentA,B03,98.12,-57.73,170.7,6.21,107.2,-40.51,1.383,51.2,91,0.4884,1,0
NEU-004943,TreatmentB,B01,96.64,-55.74,47.1,17.23,123.4,-40.13,0.825,43.6,81,0.3205,1,0
NEU-004944,TreatmentB,B02,106.8,-71.5,154.0,19.1,101.5,-44.87,0.5,70.3,88,0.4942,1,0
NEU-004945,TreatmentA,B02,116.42,-59.21,134.3,22.89,116.9,-42.69,1.456,34.3,81,0.5519,1,1
NEU-004946,TreatmentA,B01,81.78,-62.45,170.8,9.47,163.8,-34.14,1.229,52.8,95,0.2562,1,1
NEU-004947,TreatmentB,B03,101.72,-72.01,149.1,15.85,42.4,-47.01,1.242,57.4,75,0.1862,1,0
NEU-004948,TreatmentB,B03,103.47,-60.79,237.8,10.68,121.2,-43.83,1.683,47.4,81,0.521,1,1
NEU-004949,TreatmentB,B03,79.33,-65.93,122.8,10.74,131.6,-36.77,0.8,49.6,77,0.6763,1,0
NEU-004950,TreatmentA,B01,94.74,-73.89,228.7,18.1,90.7,-45.5,0.977,32.1,87,0.4991,0,0
NEU-004951,TreatmentB,B03,96.06,-60.53,98.8,20.07,110.1,-45.94,1.279,68.8,84,0.3637,1,0
NEU-004952,TreatmentB,B03,90.13,-71.5,287.1,42.34,75.6,-36.06,1.943,50.6,97,0.2537,1,0
NEU-004953,TreatmentB,B02,111.35,-64.14,144.0,10.32,64.4,-43.54,1.512,43.6,84,0.26,0,1
NEU-004954,TreatmentB,B01,93.53,-67.38,397.2,16.07,74.7,-37.69,0.796,60.3,84,0.8493,0,1
NEU-004955,TreatmentA,B03,106.24,-66.88,395.3,11.16,91.7,-40.99,0.78,46.3,79,0.3959,0,1
NEU-004956,TreatmentA,B02,80.01,-67.41,140.3,8.4,128.8,-44.58,1.087,38.9,91,0.1532,1,1
NEU-004957,TreatmentB,B03,97.54,-59.12,129.8,12.07,86.6,-42.24,1.172,58.0,95,0.5577,1,0
NEU-004958,TreatmentA,B01,94.89,-62.03,171.3,14.0,109.8,-46.26,1.134,37.5,83,0.566,1,1
NEU-004959,Control,B01,109.55,-75.65,237.7,9.67,139.8,-44.68,1.103,41.0,76,0.5911,0,0
NEU-004960,TreatmentA,B02,103.89,-56.66,283.0,16.77,152.9,-35.02,0.62,45.1,75,0.4392,0,0
NEU-004961,Control,B02,95.53,-61.15,130.5,11.3,128.0,-39.96,0.993,17.6,75,0.2731,0,1
NEU-004962,Control,B02,75.56,-62.54,231.8,26.27,85.1,-41.68,0.981,23.9,80,0.2104,0,0
NEU-004963,TreatmentB,B01,122.68,-61.8,247.4,11.2,119.4,-42.18,1.126,68.1,73,0.2266,1,1
NEU-004964,TreatmentA,B02,96.81,-64.72,207.9,10.18,75.1,-40.85,0.807,11.0,95,0.3855,0,0
NEU-004965,TreatmentA,B02,116.81,-63.06,175.4,13.07,86.5,-36.63,0.899,30.5,81,0.4745,0,1
NEU-004966,Control,B01,112.51,-68.93,287.5,25.06,175.8,-40.77,2.812,34.3,87,0.7946,1,1
NEU-004967,Control,B02,92.9,-66.34,297.7,14.79,137.2,-40.55,1.036,38.6,73,0.506,0,1
NEU-004968,TreatmentB,B01,100.15,-64.33,134.3,18.32,157.8,-37.57,1.11,68.9,78,0.4976,1,1
NEU-004969,TreatmentA,B02,111.84,-74.3,135.9,23.06,128.3,-47.98,1.596,47.8,84,0.5515,1,1
NEU-004970,Control,B03,111.9,-59.18,106.4,8.85,75.4,-41.36,1.557,67.0,81,0.5273,0,0
NEU-004971,Control,B03,111.17,-70.86,413.4,9.61,109.6,-47.59,0.793,29.0,88,0.6578,0,0
NEU-004972,Control,B02,91.72,-69.85,91.1,20.53,134.6,-37.4,0.964,12.4,72,0.6128,0,1
NEU-004973,Control,B01,106.15,-73.86,214.9,13.14,164.4,-41.99,0.94,38.3,75,0.4398,0,0
NEU-004974,TreatmentA,B03,102.0,-69.84,191.5,15.82,106.5,-38.68,0.974,18.6,83,0.5533,0,0
NEU-004975,TreatmentB,B03,127.16,-61.47,89.4,12.06,105.0,-47.08,0.635,53.4,112,0.2961,1,1
NEU-004976,TreatmentB,B01,125.64,-70.99,160.1,9.1,102.4,-43.15,0.889,66.0,81,0.5134,1,0
NEU-004977,TreatmentB,B01,96.06,-64.98,185.3,12.41,131.5,-39.89,1.391,70.0,79,0.4154,1,1
NEU-004978,TreatmentB,B03,117.5,-65.62,104.7,18.47,103.8,-43.13,0.936,68.8,88,0.2687,1,0
NEU-004979,TreatmentA,B03,107.18,-62.94,187.9,13.97,156.2,-42.03,0.96,38.1,76,0.2322,0,0
NEU-004980,TreatmentA,B02,71.04,-69.75,99.5,13.29,165.6,-47.04,1.082,28.9,86,0.3866,0,1
NEU-004981,TreatmentB,B01,99.4,-57.69,166.5,25.23,42.4,-38.88,1.314,75.2,87,0.5587,1,1
NEU-004982,TreatmentA,B02,115.68,-63.06,138.5,9.05,93.7,-39.31,2.544,72.2,85,0.5904,1,0
NEU-004983,TreatmentA,B01,122.23,-63.99,111.6,7.94,93.0,-45.5,1.471,71.6,74,0.4928,1,1
NEU-004984,TreatmentB,B03,111.62,-61.17,129.1,17.73,6.4,-38.5,1.15,76.9,89,0.2556,1,0
NEU-004985,TreatmentB,B02,96.89,-63.55,200.6,12.55,56.1,-38.11,1.004,57.1,84,0.104,0,1
NEU-004986,TreatmentB,B03,98.05,-67.64,193.8,15.77,87.6,-43.61,1.323,66.5,85,0.4549,1,1
NEU-004987,TreatmentB,B01,107.35,-72.8,133.8,7.08,34.4,-42.43,0.383,73.2,79,0.4535,1,0
NEU-004988,Control,B02,70.07,-69.5,323.8,15.73,106.8,-44.65,0.886,50.3,79,0.4107,1,1
NEU-004989,TreatmentA,B01,94.91,-65.64,259.9,9.4,88.3,-41.62,1.273,36.0,87,0.5444,1,1
NEU-004990,TreatmentA,B03,100.75,-66.34,103.2,13.38,95.6,-44.19,1.395,44.1,72,0.532,0,1
NEU-004991,Control,B03,102.62,-65.04,309.6,13.69,139.6,-45.45,0.624,17.6,77,0.4969,0,1
NEU-004992,Control,B03,114.98,-69.6,166.1,20.59,128.8,-42.48,1.044,5.8,99,0.5618,1,1
NEU-004993,TreatmentB,B02,121.94,-66.11,251.1,11.94,128.7,-36.0,1.323,65.4,79,0.4895,0,1
NEU-004994,TreatmentB,B01,119.53,-71.86,91.2,13.04,60.6,-38.97,1.081,47.0,89,0.139,0,0
NEU-004995,TreatmentB,B01,119.7,-67.78,129.6,17.22,92.1,-37.93,0.889,52.7,75,0.4017,1,1
NEU-004996,TreatmentA,B02,111.68,-72.24,429.5,10.42,131.5,-45.29,1.12,11.0,89,0.2491,0,0
NEU-004997,Control,B02,86.49,-62.5,146.4,17.91,116.8,-43.24,0.999,34.4,87,0.4642,0,1
NEU-004998,TreatmentA,B02,108.5,-61.09,209.3,11.8,100.1,-40.64,0.881,45.1,85,0.4737,1,0
NEU-004999,Control,B02,83.08,-57.76,227.7,10.7,127.2,-47.95,0.888,21.4,69,0.3442,0,0
NEU-005000,TreatmentA,B01,101.03,-63.73,102.4,16.72,99.3,-40.33,0.448,48.6,103,0.4834,0,1
NEU-005001,TreatmentA,B03,103.83,-65.78,112.2,22.48,68.4,-49.21,1.223,25.8,85,0.2604,0,0
NEU-005002,Control,B01,68.94,-69.11,219.5,10.91,108.7,-42.45,1.249,27.8,75,0.4108,0,0
NEU-005003,Control,B01,99.46,-79.92,160.0,33.22,107.8,-33.2,1.25,34.7,99,0.1747,0,0
NEU-005004,TreatmentB,B03,127.36,-69.33,340.9,14.18,151.2,-46.29,1.328,48.8,83,0.4175,0,0
NEU-005005,Control,B02,80.31,-55.48,112.3,9.72,153.5,-42.52,1.027,56.1,82,0.5711,1,0
NEU-005006,TreatmentA,B02,111.41,-59.69,297.4,9.15,133.6,-35.81,1.41,43.5,80,0.3108,0,1
NEU-005007,Control,B02,87.99,-65.63,329.5,13.67,113.0,-44.39,1.206,41.2,96,0.2323,0,1
NEU-005008,TreatmentA,B01,104.28,-71.25,145.0,24.11,107.6,-55.02,0.653,34.6,83,0.1671,0,0
NEU-005009,TreatmentA,B03,96.64,-70.81,112.9,11.37,172.0,-47.09,1.02,61.8,85,0.3196,1,0
NEU-005010,TreatmentA,B03,93.6,-68.41,256.0,7.37,75.6,-44.6,0.965,51.5,72,0.5607,0,0
NEU-005011,TreatmentB,B01,115.43,-61.56,181.8,11.29,113.8,-36.95,1.429,70.6,85,0.5088,1,1
NEU-005012,TreatmentA,B02,92.85,-69.31,195.5,13.53,94.4,-38.2,1.572,50.9,90,0.3112,0,1
NEU-005013,TreatmentB,B02,131.82,-61.6,167.2,15.48,57.0,-51.0,0.831,47.8,108,0.4456,0,1
NEU-005014,TreatmentB,B02,91.04,-72.42,80.5,13.7,68.0,-44.43,1.12,54.1,77,0.069,1,0
NEU-005015,TreatmentA,B03,55.8,-60.02,196.0,16.35,29.4,-47.55,0.677,63.4,85,0.2805,1,0
NEU-005016,TreatmentA,B02,102.72,-63.41,76.8,10.41,125.9,-42.72,0.905,53.1,99,0.3805,1,1
NEU-005017,TreatmentA,B03,87.04,-66.48,201.2,13.42,89.6,-44.15,1.005,51.9,94,0.5085,1,0
NEU-005018,TreatmentA,B02,103.77,-63.46,228.1,9.19,101.1,-43.1,0.991,56.3,92,0.4584,0,1
NEU-005019,TreatmentB,B02,97.47,-70.83,178.0,9.4,63.0,-46.28,0.774,58.3,89,0.3903,1,0
NEU-005020,TreatmentA,B01,109.86,-56.29,399.3,9.02,52.9,-40.39,0.912,53.9,80,0.237,0,0
NEU-005021,TreatmentA,B01,106.53,-65.46,141.0,17.46,180.6,-38.07,0.885,41.4,81,0.3334,0,1
NEU-005022,TreatmentA,B02,90.47,-70.25,140.6,10.7,178.0,-51.67,1.071,44.8,91,0.3602,0,0
NEU-005023,TreatmentA,B03,72.79,-61.08,78.8,17.05,185.1,-40.78,1.11,53.3,79,0.3304,1,1
NEU-005024,TreatmentA,B02,110.29,-64.23,135.5,8.58,81.1,-37.69,1.002,53.3,82,0.5136,1,1
NEU-005025,TreatmentA,B03,107.44,-66.02,94.5,27.29,114.4,-40.61,1.797,43.3,94,0.6257,1,1
NEU-005026,TreatmentA,B03,100.53,-70.37,176.6,13.29,135.5,-42.27,1.39,47.4,98,0.3249,1,0
NEU-005027,Control,B01,97.31,-60.71,294.6,29.25,168.5,-41.61,1.114,29.5,81,0.321,0,0
NEU-005028,TreatmentB,B03,88.12,-67.16,214.4,12.91,-22.6,-42.59,1.795,42.6,88,0.337,1,1
NEU-005029,Control,B03,103.3,-64.4,372.0,14.46,93.2,-43.24,0.597,47.6,95,0.3955,0,1
NEU-005030,TreatmentA,B02,117.78,-68.82,196.1,8.25,83.4,-43.81,0.881,62.0,95,0.3249,1,0
NEU-005031,TreatmentA,B03,115.44,-73.14,114.7,13.9,132.6,-44.55,0.599,61.7,71,0.3033,1,0
NEU-005032,TreatmentB,B02,99.23,-71.08,203.4,7.74,101.3,-45.34,1.852,65.5,94,0.2715,1,1
NEU-005033,TreatmentA,B02,86.93,-63.94,131.4,11.21,113.1,-33.84,0.994,47.5,74,0.1995,0,1
NEU-005034,Control,B03,95.36,-74.04,207.2,8.6,199.1,-49.62,0.908,34.4,91,0.609,0,0
NEU-005035,TreatmentB,B02,90.49,-62.06,183.3,19.34,95.2,-35.93,1.295,30.6,87,0.7226,0,1
NEU-005036,TreatmentA,B02,87.95,-50.22,188.7,17.15,162.4,-41.09,0.896,49.1,94,0.2929,1,0
NEU-005037,TreatmentB,B03,101.12,-60.71,103.2,10.6,28.2,-47.62,0.837,73.9,94,0.2857,1,1
NEU-005038,TreatmentB,B01,117.91,-63.39,150.2,26.44,142.1,-37.48,1.176,55.9,77,0.1097,1,0
NEU-005039,TreatmentB,B01,93.45,-67.88,152.4,12.51,57.7,-43.01,1.215,42.9,103,0.2946,0,1
NEU-005040,TreatmentA,B01,116.05,-72.34,163.1,18.66,73.9,-40.84,0.764,41.2,89,0.4879,0,1
NEU-005041,TreatmentB,B03,114.46,-72.06,269.4,12.9,147.4,-43.35,1.061,59.1,92,0.2625,1,0
NEU-005042,TreatmentA,B02,91.87,-72.85,149.0,11.88,194.2,-34.6,0.871,35.5,99,0.4633,0,0
NEU-005043,TreatmentA,B02,112.09,-61.84,235.8,14.77,21.7,-42.33,1.117,40.4,97,0.567,0,1
NEU-005044,TreatmentA,B02,101.07,-67.5,95.3,11.35,136.6,-42.44,1.357,42.5,90,0.6911,0,1
NEU-005045,TreatmentA,B01,93.95,-66.76,92.0,29.57,104.0,-51.52,1.52,44.9,82,0.4607,1,1
NEU-005046,TreatmentA,B03,135.79,-65.11,212.8,12.66,156.7,-50.49,1.031,36.1,102,0.3205,0,1
NEU-005047,TreatmentA,B03,123.6,-68.23,192.4,21.24,61.6,-42.07,0.804,50.9,90,0.4609,0,1
NEU-005048,TreatmentB,B03,83.69,-73.58,194.9,9.25,60.8,-39.33,1.044,67.0,99,0.562,1,0
NEU-005049,Control,B02,103.61,-70.6,148.2,10.15,155.2,-40.09,0.774,26.6,90,0.4361,0,0
NEU-005050,TreatmentB,B03,108.77,-66.03,232.1,14.98,103.1,-34.9,2.163,39.0,93,0.2647,1,1
NEU-005051,Control,B03,89.55,-57.08,122.7,12.0,132.8,-36.0,1.062,34.0,90,0.455,1,0
NEU-005052,Control,B02,92.48,-52.98,145.5,15.37,169.6,-42.48,0.618,24.0,85,0.2928,0,0
NEU-005053,TreatmentA,B02,109.04,-63.78,163.6,17.9,98.5,-39.56,1.104,60.2,88,0.2549,1,1
NEU-005054,TreatmentB,B02,80.36,-67.28,399.3,10.39,137.4,-44.52,0.964,75.9,84,0.257,0,1
NEU-005055,Control,B02,116.94,-62.77,250.5,18.57,184.2,-45.07,0.578,35.2,72,0.3519,1,0
NEU-005056,Control,B03,118.62,-62.57,156.1,14.77,71.1,-40.76,2.043,23.3,76,0.1855,1,1
NEU-005057,Control,B03,75.61,-69.37,515.7,11.07,161.2,-43.28,1.661,40.3,77,0.6485,0,0
NEU-005058,Control,B01,124.37,-62.61,97.7,8.48,109.7,-41.42,2.093,62.6,77,0.2571,1,1
NEU-005059,TreatmentB,B03,118.66,-56.59,293.4,11.13,50.5,-42.16,1.064,36.7,76,0.5054,0,0
NEU-005060,Control,B01,56.92,-61.42,325.8,14.34,205.5,-46.38,1.324,29.5,87,0.1824,0,1
NEU-005061,Control,B02,105.17,-67.25,356.0,12.6,149.1,-44.86,1.062,60.4,89,0.5613,0,0
NEU-005062,TreatmentA,B03,81.72,-59.25,101.8,14.49,87.6,-41.17,1.591,44.3,87,0.227,1,0
NEU-005063,TreatmentB,B01,90.39,-63.99,101.5,32.72,137.2,-40.05,1.4,56.8,75,0.4025,1,1
NEU-005064,Control,B02,126.58,-65.26,621.6,33.97,95.6,-48.71,0.837,24.3,71,0.3286,0,0
NEU-005065,TreatmentA,B03,86.19,-66.18,122.5,8.29,77.4,-41.49,1.596,9.4,88,0.5434,1,0
NEU-005066,TreatmentA,B02,110.67,-63.77,352.0,16.26,172.8,-50.97,1.295,31.3,92,0.3927,0,1
NEU-005067,TreatmentB,B01,114.52,-57.96,75.2,18.1,121.7,-44.28,0.651,50.5,91,0.5295,0,1
NEU-005068,TreatmentB,B01,105.44,-56.39,114.5,10.5,50.3,-43.78,1.919,77.2,81,0.2237,1,0
NEU-005069,Control,B01,98.0,-62.87,471.2,16.16,138.0,-32.26,1.004,30.7,82,0.1831,0,0
NEU-005070,TreatmentA,B01,81.33,-63.53,289.0,7.63,122.8,-39.02,1.319,19.0,84,0.0351,0,1
NEU-005071,Control,B03,114.09,-58.19,170.4,4.83,128.0,-40.5,1.277,22.5,71,0.4226,0,0
NEU-005072,TreatmentA,B01,119.88,-63.42,124.6,19.96,93.5,-49.23,1.33,45.4,82,0.2215,1,0
NEU-005073,TreatmentA,B03,106.75,-71.69,150.5,12.82,136.2,-41.72,0.694,37.5,60,0.1983,0,0
NEU-005074,TreatmentB,B02,86.82,-69.13,285.1,17.33,104.1,-40.4,1.44,71.3,85,0.4581,1,1
NEU-005075,TreatmentA,B03,74.19,-59.29,150.8,6.88,100.9,-51.65,1.044,54.9,82,0.3949,1,0
NEU-005076,Control,B01,90.94,-57.75,74.7,7.94,96.8,-39.03,1.408,54.6,90,0.3462,1,1
NEU-005077,TreatmentA,B03,96.76,-63.64,159.0,23.66,107.6,-35.91,1.647,43.8,83,0.4388,1,1
NEU-005078,Control,B03,93.17,-68.28,254.5,10.05,164.5,-49.21,1.432,38.1,76,0.4309,1,1
NEU-005079,Control,B03,84.24,-64.9,368.2,7.88,80.2,-40.74,1.671,46.0,73,0.6512,0,0
NEU-005080,Control,B03,125.92,-54.59,204.9,13.59,94.2,-34.32,1.417,49.4,73,0.4929,1,0
NEU-005081,TreatmentA,B01,93.33,-69.07,209.8,16.42,145.6,-46.08,1.005,66.9,82,0.4762,1,0
NEU-005082,Control,B01,99.82,-65.53,141.7,17.7,117.0,-52.24,1.315,73.0,85,0.5359,1,1
NEU-005083,Control,B03,95.45,-57.88,105.9,29.98,165.5,-38.2,0.904,49.0,79,0.4708,0,0
NEU-005084,TreatmentA,B01,93.58,-63.88,144.4,8.52,103.2,-40.55,1.637,36.4,80,0.6496,0,0
NEU-005085,Control,B01,110.26,-59.8,170.0,19.5,151.2,-38.58,0.76,39.4,78,0.4086,0,0
NEU-005086,TreatmentA,B02,90.78,-60.85,113.1,13.2,138.2,-43.66,1.351,68.5,92,0.4868,1,1
NEU-005087,TreatmentB,B03,81.85,-60.47,344.6,16.85,44.7,-33.99,1.195,66.2,88,0.1964,1,0
NEU-005088,Control,B03,89.96,-66.49,115.5,9.19,105.5,-44.81,0.507,37.1,89,0.4374,0,0
NEU-005089,TreatmentB,B02,107.15,-61.72,82.4,14.97,134.2,-43.36,0.673,46.9,89,0.2805,0,1
NEU-005090,TreatmentB,B03,103.18,-66.75,215.3,10.13,200.4,-47.36,1.258,56.7,108,0.2422,1,1
NEU-005091,TreatmentA,B03,97.21,-81.89,150.2,13.13,129.0,-35.52,0.788,33.5,90,0.6491,0,0
NEU-005092,TreatmentB,B02,112.59,-60.26,229.3,18.44,159.5,-46.97,0.793,49.2,97,0.5321,1,0
NEU-005093,TreatmentB,B01,101.34,-69.35,249.4,10.51,55.2,-44.09,1.083,66.7,89,0.5126,1,0
NEU-005094,TreatmentB,B03,105.73,-77.79,428.7,12.55,70.4,-45.75,1.121,54.6,74,0.5311,0,0
NEU-005095,Control,B01,91.09,-62.46,150.5,12.9,131.3,-49.06,1.376,32.9,74,0.47,0,1
NEU-005096,Control,B03,139.07,-65.93,192.0,20.75,139.8,-38.93,0.728,17.5,91,0.3883,0,0
NEU-005097,TreatmentB,B03,113.86,-62.65,91.7,9.25,131.1,-39.38,2.325,52.9,89,0.5182,1,0
NEU-005098,TreatmentA,B03,114.71,-67.09,172.2,13.51,130.6,-42.58,0.665,38.4,101,0.5681,1,1
NEU-005099,TreatmentB,B01,84.17,-69.59,124.3,6.84,89.9,-40.49,1.193,21.4,94,0.4269,0,0
NEU-005100,Control,B03,114.92,-67.12,143.6,28.76,92.3,-41.25,0.763,28.0,91,0.4075,1,0
NEU-005101,Control,B01,107.96,-51.71,199.7,26.67,145.4,-42.65,1.373,43.6,84,0.6388,1,1
NEU-005102,TreatmentB,B01,119.45,-66.55,318.1,17.35,122.1,-40.15,1.224,52.3,92,0.3923,0,0
NEU-005103,TreatmentB,B02,115.94,-64.1,161.2,21.79,114.3,-43.16,0.785,56.9,98,0.3248,0,1
NEU-005104,TreatmentA,B01,125.39,-63.76,242.9,14.35,147.4,-41.39,1.293,37.0,79,0.3304,1,1
NEU-005105,Control,B02,77.91,-77.67,77.5,19.01,193.3,-43.38,0.403,26.9,74,0.3522,0,0
NEU-005106,TreatmentA,B01,104.69,-61.7,201.0,9.61,123.7,-45.18,1.396,78.0,74,0.2694,1,1
NEU-005107,TreatmentA,B03,85.1,-65.71,67.8,21.2,59.3,-48.39,1.744,63.9,79,0.2284,1,0
NEU-005108,TreatmentB,B03,96.36,-57.93,260.9,24.49,8.6,-41.15,1.346,48.4,83,0.3625,1,0
NEU-005109,TreatmentA,B03,81.69,-66.18,108.9,11.19,120.9,-36.22,0.837,61.9,95,0.5719,1,1
NEU-005110,TreatmentB,B03,84.18,-68.48,213.9,10.33,10.4,-40.81,0.728,58.5,75,0.6407,0,0
NEU-005111,TreatmentA,B02,99.67,-69.69,262.2,15.73,123.9,-45.59,0.722,47.5,96,0.3867,0,1
NEU-005112,TreatmentB,B03,109.52,-60.49,278.1,14.69,114.1,-37.02,1.741,45.7,78,0.4366,0,0
NEU-005113,TreatmentB,B03,132.08,-60.15,138.9,24.48,142.1,-39.91,0.688,64.1,88,0.4299,1,1
NEU-005114,Control,B03,83.5,-71.57,113.1,10.14,123.0,-41.84,0.938,36.4,80,0.2199,0,1
NEU-005115,TreatmentB,B01,98.52,-67.3,105.3,13.48,110.8,-35.8,0.768,57.4,77,0.1257,0,1
NEU-005116,TreatmentA,B01,103.12,-52.86,53.3,17.28,88.4,-37.68,1.191,32.2,90,0.2922,1,0
NEU-005117,TreatmentA,B02,98.19,-64.93,169.9,49.56,89.5,-41.49,1.292,14.5,87,0.3755,0,1
NEU-005118,Control,B02,81.94,-71.36,307.4,13.69,126.0,-45.05,0.76,74.9,85,0.5448,1,1
NEU-005119,TreatmentB,B01,90.25,-61.64,242.7,12.22,133.9,-48.91,1.221,66.5,93,0.3457,1,1
NEU-005120,TreatmentA,B01,107.55,-79.98,243.5,16.48,94.3,-46.15,0.9,68.2,73,0.4045,0,0
NEU-005121,Control,B01,112.22,-64.8,276.0,21.51,131.0,-40.38,0.832,34.8,93,0.1739,0,0
NEU-005122,TreatmentB,B02,78.09,-75.32,334.4,13.68,98.9,-43.98,0.7,69.6,78,0.244,0,0
NEU-005123,TreatmentB,B02,129.91,-49.31,280.4,6.88,25.4,-40.19,1.493,60.0,99,0.4261,1,0
NEU-005124,TreatmentB,B02,85.83,-52.52,258.7,10.97,110.8,-46.03,1.062,66.9,95,0.4818,1,0
NEU-005125,TreatmentB,B03,133.94,-63.61,140.3,17.01,84.7,-40.73,1.269,77.2,83,0.1969,1,0
NEU-005126,Control,B01,116.41,-71.76,383.9,16.4,137.4,-43.63,1.703,43.2,68,0.5511,1,1
NEU-005127,Control,B03,123.86,-71.7,151.2,9.35,98.1,-44.34,1.121,74.8,75,0.2451,1,1
NEU-005128,TreatmentB,B02,100.43,-63.7,210.9,9.22,40.7,-38.95,1.454,24.3,78,0.2893,0,1
NEU-005129,Control,B01,95.07,-60.65,125.3,9.57,178.7,-47.09,1.493,13.6,93,0.4622,0,0
NEU-005130,TreatmentB,B01,113.31,-66.29,287.1,21.11,115.5,-40.33,0.972,55.7,80,0.2809,0,0
NEU-005131,TreatmentA,B03,98.85,-62.22,188.8,9.8,78.4,-39.02,0.92,46.3,103,0.2503,0,1
NEU-005132,Control,B02,95.12,-66.43,135.7,9.7,120.0,-48.05,0.992,35.5,84,0.2579,1,1
NEU-005133,Control,B01,78.7,-70.17,223.8,10.95,62.2,-45.52,1.631,39.3,93,0.3468,0,1
NEU-005134,TreatmentA,B02,106.2,-68.14,333.2,14.06,195.5,-43.43,0.795,38.2,82,0.4603,0,1
NEU-005135,TreatmentA,B02,81.93,-69.69,165.1,7.53,89.8,-39.38,1.216,62.5,85,0.4475,1,0
NEU-005136,Control,B02,103.47,-62.99,475.5,13.71,94.2,-41.87,1.055,35.7,109,0.4255,0,1
NEU-005137,TreatmentB,B02,115.55,-64.78,117.9,16.1,80.8,-44.44,0.97,59.8,101,0.0962,1,1
NEU-005138,TreatmentA,B02,107.31,-65.21,460.3,16.64,144.1,-44.84,0.892,35.2,77,0.3049,0,1
NEU-005139,TreatmentA,B03,86.81,-55.3,243.6,21.61,92.1,-41.02,1.286,62.5,93,0.3579,1,0
NEU-005140,Control,B01,104.85,-70.05,146.5,18.9,167.0,-31.46,0.746,20.8,94,0.5473,0,1
NEU-005141,TreatmentA,B01,118.73,-62.95,215.2,12.9,131.0,-47.95,2.181,67.7,97,0.4925,1,1
NEU-005142,TreatmentB,B01,108.38,-67.07,118.8,19.83,74.1,-44.48,0.643,44.6,76,0.282,1,1
NEU-005143,TreatmentA,B02,89.77,-78.6,247.7,22.16,69.1,-44.7,1.77,23.7,88,0.1916,1,0
NEU-005144,TreatmentB,B01,87.28,-54.57,341.5,6.74,113.7,-42.35,1.071,61.2,86,0.4003,0,0
NEU-005145,Control,B02,110.84,-73.27,101.5,11.35,142.4,-41.96,0.924,52.5,96,0.3265,1,0
NEU-005146,Control,B01,83.35,-64.94,243.0,10.44,149.8,-39.9,1.176,36.4,84,0.4219,0,0
NEU-005147,Control,B03,85.73,-73.28,164.4,8.74,146.6,-43.94,1.509,53.4,90,0.5225,1,0
NEU-005148,Control,B01,87.02,-52.39,404.6,14.06,153.0,-45.01,1.223,43.0,95,0.1384,0,0
NEU-005149,TreatmentB,B02,66.74,-62.28,359.8,14.08,109.1,-35.81,0.958,54.4,95,0.3497,0,0
NEU-005150,TreatmentB,B03,89.54,-66.88,354.3,5.39,113.7,-42.15,0.884,73.3,73,0.0938,1,1
NEU-005151,TreatmentB,B03,115.3,-60.61,283.2,9.27,43.6,-31.5,0.921,70.0,91,0.5804,0,0
NEU-005152,Control,B02,94.68,-63.14,121.7,13.36,137.4,-45.35,1.652,35.8,80,0.1908,1,1
NEU-005153,TreatmentB,B03,107.22,-77.65,171.2,14.55,89.3,-38.31,1.793,69.3,87,0.1501,1,0
NEU-005154,TreatmentA,B03,96.57,-67.75,194.5,13.25,110.5,-46.94,1.328,37.7,91,0.3477,1,0
NEU-005155,Control,B01,96.76,-68.69,168.1,9.79,90.2,-48.83,1.124,54.7,90,0.2675,1,1
NEU-005156,TreatmentA,B01,106.09,-64.13,141.5,17.99,157.0,-38.53,1.149,47.9,94,0.3142,1,0
NEU-005157,TreatmentB,B01,91.1,-71.8,258.5,15.49,-20.4,-36.06,1.093,59.9,75,0.2765,1,0
NEU-005158,Control,B01,98.36,-68.37,147.3,9.66,55.5,-47.79,0.88,30.0,90,0.5719,0,1
NEU-005159,Control,B03,87.22,-60.44,120.6,13.7,115.7,-45.49,1.282,54.1,86,0.4901,0,0
NEU-005160,Control,B03,87.52,-65.08,144.9,9.14,86.6,-49.01,0.767,33.8,89,0.3344,0,1
NEU-005161,TreatmentB,B01,71.35,-55.83,148.8,14.32,64.5,-35.61,1.108,67.5,78,0.5092,1,0
NEU-005162,TreatmentA,B02,95.83,-68.34,249.1,9.18,103.4,-39.19,1.029,37.6,76,0.2891,0,1
NEU-005163,TreatmentB,B03,120.44,-66.38,152.0,27.14,123.6,-42.13,1.345,66.6,96,0.454,0,1
NEU-005164,Control,B03,117.77,-72.9,168.5,11.64,134.8,-41.52,0.847,38.0,76,0.1588,0,0
NEU-005165,TreatmentB,B01,84.94,-59.35,251.3,24.8,125.4,-42.68,0.868,45.6,89,0.2466,0,0
NEU-005166,Control,B02,83.21,-59.91,147.1,14.02,136.4,-43.76,1.556,20.5,100,0.4477,0,0
NEU-005167,TreatmentA,B02,87.74,-66.6,94.0,11.27,86.4,-40.22,0.557,39.8,90,0.3566,1,1
NEU-005168,TreatmentA,B02,78.13,-60.48,170.5,6.46,93.3,-42.04,0.833,39.9,84,0.369,0,1
NEU-005169,Control,B01,90.51,-67.43,420.0,26.64,118.2,-35.06,1.3,42.9,84,0.7263,1,1
NEU-005170,TreatmentA,B02,105.68,-73.32,218.4,16.64,118.4,-33.96,0.686,46.6,85,0.677,0,0
NEU-005171,Control,B03,107.8,-63.9,122.8,6.78,165.7,-39.13,0.558,26.1,88,0.1963,0,1
NEU-005172,TreatmentA,B02,115.63,-65.02,60.2,10.39,105.4,-42.28,1.219,32.0,81,0.1245,1,1
NEU-005173,Control,B01,84.24,-58.82,135.0,12.64,179.6,-42.08,1.206,23.7,87,0.5601,1,0
NEU-005174,TreatmentB,B01,84.07,-67.66,154.0,17.61,94.9,-38.32,1.111,45.2,107,0.5152,0,1
NEU-005175,Control,B01,95.8,-63.01,279.7,6.35,104.8,-42.47,1.144,41.1,77,0.1646,0,1
NEU-005176,TreatmentA,B01,107.62,-70.16,126.1,15.76,111.5,-39.28,0.721,50.0,85,0.4208,0,0
NEU-005177,TreatmentB,B02,105.63,-77.31,170.7,15.05,101.8,-40.37,1.627,54.5,94,0.2151,1,0
NEU-005178,Control,B01,98.28,-66.56,288.1,15.94,91.3,-36.93,0.803,41.2,86,0.4334,0,1
NEU-005179,Control,B03,93.08,-66.16,200.9,26.51,116.7,-40.54,0.771,49.6,90,0.2302,0,0
NEU-005180,TreatmentB,B02,103.51,-61.01,174.8,10.82,3.7,-43.02,0.904,59.4,74,0.6002,1,1
NEU-005181,Control,B03,78.23,-59.99,234.3,21.4,184.7,-37.87,0.991,11.8,90,0.1192,0,0
NEU-005182,Control,B02,114.07,-73.65,118.1,15.3,118.7,-42.63,0.836,28.4,100,0.6602,1,0
NEU-005183,TreatmentB,B02,77.76,-68.22,465.5,8.58,79.2,-38.96,1.091,60.0,97,0.502,0,0
NEU-005184,TreatmentB,B01,74.59,-71.64,120.3,16.43,82.3,-41.29,0.7,51.3,85,0.4973,0,1
NEU-005185,TreatmentA,B02,114.1,-72.73,239.6,9.55,121.8,-45.42,0.892,67.4,81,0.4806,1,0
NEU-005186,Control,B01,77.74,-75.57,322.5,19.55,109.2,-44.21,0.909,62.9,89,0.1754,1,0
NEU-005187,TreatmentA,B01,96.99,-69.3,128.7,15.2,80.2,-47.04,1.161,40.7,78,0.5038,1,0
NEU-005188,Control,B03,100.8,-69.67,87.7,10.74,167.2,-43.16,1.506,49.2,89,0.2713,1,1
NEU-005189,TreatmentB,B02,98.07,-56.37,153.2,17.6,62.3,-48.76,1.006,46.3,95,0.4639,0,0
NEU-005190,Control,B02,93.75,-65.68,203.4,17.3,97.8,-41.84,0.995,27.8,68,0.1956,0,0
NEU-005191,Control,B01,89.87,-67.28,120.6,16.03,109.9,-45.12,0.953,37.9,78,0.5052,1,1
NEU-005192,TreatmentA,B01,93.62,-60.46,162.6,10.38,92.9,-41.76,1.299,46.3,86,0.4896,0,0
NEU-005193,Control,B01,95.39,-71.75,263.8,14.53,143.7,-38.48,1.928,28.3,82,0.1517,1,0
NEU-005194,TreatmentA,B03,85.93,-65.96,90.9,19.63,92.4,-41.38,1.467,34.6,75,0.3348,1,0
NEU-005195,TreatmentA,B02,85.19,-70.8,182.3,22.81,139.6,-37.88,1.087,89.9,93,0.2871,1,0
NEU-005196,Control,B02,110.9,-63.44,169.2,10.78,113.9,-44.78,1.12,41.5,87,0.2038,1,1
NEU-005197,Control,B01,101.05,-69.78,119.8,7.13,153.9,-45.33,0.481,40.8,87,0.3486,0,1
NEU-005198,Control,B03,118.35,-68.96,316.3,15.31,112.5,-42.06,0.736,28.4,73,0.4919,0,1
NEU-005199,TreatmentB,B02,96.41,-65.87,235.2,10.42,99.6,-48.84,1.128,66.2,76,0.5572,1,0
NEU-005200,TreatmentA,B02,85.4,-66.25,193.3,17.51,173.0,-53.49,0.7,38.1,80,0.3831,0,1
NEU-005201,Control,B02,92.27,-66.77,264.8,10.89,48.8,-46.62,1.17,30.4,79,0.3451,0,0
NEU-005202,Control,B02,109.53,-66.24,169.0,10.57,118.3,-47.52,0.825,57.5,105,0.5044,0,1
NEU-005203,Control,B01,116.56,-57.99,144.1,16.77,108.0,-33.77,0.88,23.4,69,0.1603,1,0
NEU-005204,TreatmentA,B02,58.06,-63.22,226.0,13.35,138.5,-42.59,1.221,52.6,82,0.3766,0,1
NEU-005205,TreatmentB,B03,82.98,-59.78,310.0,16.74,119.3,-33.41,1.154,44.0,91,0.5313,0,1
NEU-005206,TreatmentB,B01,74.25,-65.17,179.2,24.86,61.8,-45.47,0.779,17.0,79,0.2381,0,0
NEU-005207,TreatmentB,B02,93.5,-54.73,309.0,16.05,124.2,-43.5,0.821,64.3,94,0.1808,0,0
NEU-005208,TreatmentA,B03,109.64,-64.66,110.7,16.19,98.3,-43.26,0.818,42.4,85,0.4663,0,1
NEU-005209,TreatmentA,B01,94.05,-64.0,135.6,7.36,128.6,-37.74,1.345,41.2,82,0.3705,0,0
NEU-005210,Control,B03,98.7,-60.8,214.7,8.49,119.0,-35.01,1.402,45.2,82,0.3172,1,0
NEU-005211,TreatmentB,B02,98.75,-77.02,195.8,13.6,98.9,-45.28,0.546,75.7,93,0.5372,0,0
NEU-005212,TreatmentA,B02,82.48,-63.99,376.3,15.37,98.2,-43.97,0.854,38.3,102,0.4015,0,1
NEU-005213,Control,B01,111.47,-68.52,165.2,5.98,117.6,-48.96,0.867,35.4,75,0.2612,1,1
NEU-005214,TreatmentB,B02,86.38,-58.83,121.5,5.92,95.8,-41.19,0.854,29.8,68,0.262,0,1
NEU-005215,TreatmentB,B01,116.03,-62.86,384.8,11.0,108.7,-43.06,0.774,63.0,80,0.5273,0,1
NEU-005216,TreatmentB,B02,87.38,-70.27,156.6,15.81,95.3,-40.88,0.743,83.7,75,0.4946,1,1
NEU-005217,Control,B01,99.92,-56.98,103.1,15.92,126.7,-42.03,1.094,37.3,98,0.2941,1,0
NEU-005218,TreatmentB,B01,95.09,-58.89,120.0,13.38,72.2,-38.95,1.169,56.4,91,0.6787,1,0
NEU-005219,TreatmentB,B02,65.81,-61.26,196.0,12.9,89.5,-39.32,1.292,51.1,109,0.2249,1,1
NEU-005220,TreatmentA,B03,103.76,-65.55,236.5,11.09,137.8,-40.47,1.076,59.6,74,0.2901,1,1
NEU-005221,TreatmentB,B02,101.43,-61.07,179.1,10.53,114.7,-39.37,0.976,64.0,81,0.4316,1,0
NEU-005222,TreatmentA,B01,77.72,-60.56,142.6,9.87,106.3,-47.69,1.066,63.7,85,0.4126,1,0
NEU-005223,Control,B02,91.23,-63.94,86.4,23.78,115.5,-37.9,1.089,25.9,94,0.3697,0,0
NEU-005224,TreatmentB,B01,84.2,-62.28,134.8,11.72,66.9,-49.61,1.152,67.0,76,0.4305,1,1
NEU-005225,Control,B03,105.29,-59.17,380.1,12.96,86.0,-42.16,1.029,55.8,89,0.3069,0,0
NEU-005226,Control,B01,104.91,-70.22,141.9,18.82,99.5,-53.16,0.872,28.9,81,0.1699,1,0
NEU-005227,TreatmentA,B01,89.76,-65.36,1067.0,8.38,58.3,-42.34,1.009,45.1,93,0.2884,0,1
NEU-005228,TreatmentB,B02,111.34,-64.17,119.0,10.06,77.7,-38.09,1.134,56.1,82,0.2642,0,1
NEU-005229,Control,B02,110.53,-58.26,156.0,21.45,145.5,-43.41,0.947,32.3,86,0.1392,0,0
NEU-005230,Control,B01,91.72,-55.52,92.4,11.76,161.3,-43.71,1.06,46.0,105,0.2777,0,0
NEU-005231,TreatmentB,B02,102.56,-67.98,207.3,8.75,165.9,-43.85,0.757,54.4,80,0.6533,0,0
NEU-005232,TreatmentA,B03,77.36,-68.22,131.3,9.25,120.9,-44.08,1.204,58.1,96,0.4116,0,1
NEU-005233,Control,B01,83.29,-62.34,136.2,20.84,55.5,-40.36,0.752,42.8,89,0.2625,0,0
NEU-005234,TreatmentA,B02,103.93,-58.13,143.9,13.43,43.0,-47.91,1.346,28.9,81,0.231,1,0
NEU-005235,TreatmentB,B02,118.08,-58.3,318.4,8.1,143.3,-38.02,1.122,76.0,89,0.6328,0,0
NEU-005236,Control,B02,121.11,-63.95,171.9,27.48,123.7,-43.46,1.057,52.3,74,0.4723,1,1
NEU-005237,Control,B02,127.0,-74.4,131.7,12.75,153.9,-42.88,2.055,34.6,73,0.5815,1,0
NEU-005238,Control,B01,105.45,-62.95,160.8,8.79,132.7,-42.86,1.156,23.7,102,0.3836,0,0
NEU-005239,TreatmentB,B01,79.78,-66.92,217.3,13.52,99.8,-38.12,1.397,69.9,93,0.7449,1,1
NEU-005240,TreatmentA,B01,107.11,-67.55,92.8,15.69,151.2,-44.05,0.905,64.4,96,0.4933,1,0
NEU-005241,Control,B01,89.84,-54.39,287.5,17.99,113.1,-38.56,0.651,66.0,79,0.4239,0,0
NEU-005242,TreatmentA,B02,69.39,-60.22,233.1,8.37,20.6,-32.95,0.958,51.0,97,0.3332,0,0
NEU-005243,TreatmentA,B03,87.97,-68.37,132.0,18.3,88.3,-45.94,0.945,25.0,84,0.1799,0,0
NEU-005244,TreatmentB,B01,104.37,-61.45,92.9,7.29,89.7,-47.86,0.935,61.1,75,0.446,1,0
NEU-005245,TreatmentB,B03,108.21,-61.15,245.6,12.16,88.1,-44.95,1.041,61.8,73,0.1265,1,1
NEU-005246,TreatmentB,B02,104.03,-63.55,438.4,13.83,118.8,-45.76,0.723,43.1,73,0.5155,0,1
NEU-005247,Control,B01,106.97,-66.55,244.5,25.02,107.0,-46.97,1.363,40.7,94,0.2598,0,0
NEU-005248,TreatmentA,B03,116.89,-65.31,193.4,13.26,148.6,-36.37,0.8,55.6,101,0.3133,1,1
NEU-005249,Control,B03,117.64,-52.01,237.3,19.55,64.3,-39.38,1.237,63.1,95,0.2094,1,0
NEU-005250,TreatmentA,B03,109.44,-71.4,102.9,15.64,13.1,-48.15,1.083,48.9,77,0.3644,1,0
NEU-005251,TreatmentB,B01,85.84,-54.61,91.0,21.05,97.4,-36.82,0.711,31.1,85,0.2721,0,0
NEU-005252,Control,B01,89.44,-57.69,390.1,11.06,118.7,-41.32,1.049,67.3,71,0.3033,1,0
NEU-005253,TreatmentA,B03,91.05,-63.04,212.4,17.57,101.5,-39.66,1.619,60.8,90,0.363,1,1
NEU-005254,TreatmentB,B01,112.0,-65.17,226.0,6.85,46.4,-43.53,1.125,68.3,85,0.5226,1,0
NEU-005255,TreatmentB,B01,108.46,-59.13,338.8,10.3,69.4,-46.63,1.468,82.5,76,0.62,1,0
NEU-005256,Control,B02,107.33,-60.46,118.9,13.01,121.6,-45.46,1.615,44.8,77,0.258,1,1
NEU-005257,Control,B03,117.19,-75.3,98.8,12.7,138.7,-42.62,1.283,33.5,88,0.6213,1,0
NEU-005258,TreatmentA,B01,90.4,-61.23,348.2,15.11,129.9,-39.79,0.865,66.1,100,0.4642,0,1
NEU-005259,Control,B02,141.83,-63.87,280.3,20.72,87.6,-42.55,0.742,32.7,99,0.4404,0,1
NEU-005260,TreatmentA,B01,80.43,-64.69,107.2,7.51,54.1,-38.88,1.772,33.8,84,0.1939,1,1
NEU-005261,Control,B01,110.38,-68.67,192.7,7.57,152.7,-39.43,0.862,53.5,90,0.4612,0,0
NEU-005262,TreatmentB,B02,82.39,-73.51,203.1,13.4,57.0,-44.91,1.011,60.4,83,0.3064,1,1
NEU-005263,Control,B02,100.32,-68.48,170.5,12.37,102.0,-36.63,1.208,52.4,97,0.512,1,1
NEU-005264,TreatmentB,B02,87.82,-66.73,272.7,11.22,108.4,-41.72,0.957,51.9,81,0.3259,0,1
NEU-005265,Control,B01,100.13,-64.9,162.7,15.28,147.2,-39.83,0.931,12.1,80,0.4967,0,1
NEU-005266,TreatmentB,B03,90.46,-63.1,132.1,18.36,114.4,-48.21,0.871,85.7,83,0.3101,1,1
NEU-005267,TreatmentB,B01,107.09,-65.22,113.1,13.06,19.9,-40.28,1.433,61.0,97,0.5109,0,1
NEU-005268,TreatmentA,B02,100.3,-71.95,191.4,8.2,86.9,-37.96,0.757,45.8,71,0.4368,0,0
NEU-005269,TreatmentB,B03,98.64,-71.17,276.9,22.45,147.3,-37.78,1.045,30.6,76,0.7488,0,1
NEU-005270,TreatmentB,B03,95.62,-68.0,185.3,9.06,122.2,-40.72,1.548,51.6,80,0.4079,1,1
NEU-005271,Control,B01,105.2,-58.91,176.7,15.3,58.7,-40.58,0.857,70.0,112,0.3452,1,0
NEU-005272,Control,B03,95.47,-62.5,113.6,11.18,133.0,-35.62,0.868,36.1,99,0.6748,1,0
NEU-005273,TreatmentB,B03,138.99,-60.76,448.4,12.54,94.7,-33.91,1.568,58.0,97,0.6794,0,0
NEU-005274,TreatmentA,B02,123.84,-64.78,104.7,12.78,87.8,-41.43,0.719,53.0,77,0.5279,0,1
NEU-005275,TreatmentA,B03,128.65,-66.09,173.6,11.68,112.4,-42.72,0.753,58.9,114,0.6892,1,0
NEU-005276,TreatmentB,B01,108.32,-69.75,204.3,11.03,98.8,-43.49,1.313,53.3,82,0.553,0,0
NEU-005277,TreatmentA,B02,117.67,-66.01,113.8,10.79,32.0,-41.98,1.257,69.2,84,0.4492,1,0
NEU-005278,Control,B03,112.83,-65.3,271.7,15.94,118.2,-48.53,1.046,51.2,101,0.1936,1,1
NEU-005279,TreatmentA,B02,94.9,-72.33,199.3,12.86,113.3,-45.08,0.878,52.6,71,0.5648,1,0
NEU-005280,TreatmentA,B02,105.21,-53.24,362.7,29.53,86.1,-39.27,1.684,63.3,79,0.2196,0,0
NEU-005281,TreatmentB,B01,108.54,-61.19,177.1,14.48,96.8,-43.64,1.09,86.7,76,0.2964,1,1
NEU-005282,TreatmentA,B02,100.04,-72.4,181.4,12.56,106.2,-35.32,0.91,48.8,82,0.3354,0,0
NEU-005283,TreatmentA,B01,106.61,-70.92,207.5,13.25,121.2,-33.87,1.011,46.1,78,0.1653,0,1
NEU-005284,TreatmentB,B02,124.34,-64.44,138.1,14.82,110.6,-42.35,1.166,58.5,88,0.2648,1,0
NEU-005285,Control,B03,111.88,-69.36,144.8,13.39,177.6,-36.91,1.424,21.1,84,0.6251,1,1
NEU-005286,TreatmentA,B02,92.97,-66.2,138.2,5.04,190.0,-40.34,1.167,84.0,89,0.5924,1,0
NEU-005287,TreatmentA,B03,75.17,-67.88,225.5,10.36,73.8,-41.28,1.43,54.5,91,0.3804,1,1
NEU-005288,TreatmentB,B01,121.85,-69.57,153.1,7.07,73.0,-43.95,1.281,68.4,84,0.2855,1,1
NEU-005289,Control,B01,71.34,-63.86,691.6,13.75,138.1,-44.25,1.085,34.2,112,0.3421,0,1
NEU-005290,TreatmentA,B01,109.01,-58.11,153.0,15.83,122.8,-40.76,1.026,45.8,85,0.3404,1,0
NEU-005291,TreatmentA,B02,85.57,-70.25,153.6,18.59,99.6,-46.52,0.666,26.5,92,0.2163,0,0
NEU-005292,TreatmentB,B02,84.01,-61.25,85.6,7.06,8.3,-45.92,0.966,63.9,81,0.2164,1,1
NEU-005293,TreatmentB,B01,87.66,-66.7,180.7,9.95,100.8,-50.42,0.665,24.2,85,0.3391,0,1
NEU-005294,TreatmentB,B02,114.31,-62.93,191.7,10.62,100.5,-42.57,1.456,48.3,81,0.3464,1,1
NEU-005295,Control,B01,90.43,-64.07,205.0,10.22,90.4,-48.23,1.937,59.8,84,0.4082,1,1
NEU-005296,Control,B02,91.53,-63.21,205.7,12.49,143.0,-33.61,1.134,21.5,97,0.198,0,1
NEU-005297,TreatmentA,B01,81.71,-67.61,124.3,13.24,101.4,-45.18,1.153,49.0,83,0.335,1,1
NEU-005298,TreatmentA,B01,102.67,-60.29,104.1,22.31,132.4,-38.92,1.167,75.9,92,0.642,1,1
NEU-005299,TreatmentA,B01,97.95,-63.16,289.4,10.17,102.6,-37.15,0.615,30.0,95,0.2937,0,1
NEU-005300,TreatmentA,B01,79.64,-68.08,269.4,11.92,116.9,-42.03,1.062,46.6,85,0.2141,0,1
NEU-005301,TreatmentB,B02,81.47,-69.46,85.9,13.75,64.2,-37.39,1.667,73.0,98,0.3436,1,1
NEU-005302,TreatmentB,B03,82.99,-71.61,135.4,7.21,140.2,-44.66,1.499,43.0,75,0.7498,0,0
NEU-005303,Control,B02,78.97,-54.8,96.0,7.49,114.9,-43.13,1.422,34.3,82,0.2532,1,1
NEU-005304,TreatmentB,B02,103.6,-67.6,232.1,10.03,67.4,-34.82,1.946,55.0,89,0.3146,1,1
NEU-005305,Control,B03,94.66,-60.62,468.9,11.48,66.4,-49.27,0.834,39.1,88,0.2172,0,0
NEU-005306,TreatmentA,B01,102.98,-63.16,201.8,8.61,134.7,-39.44,1.315,70.8,86,0.5271,1,0
NEU-005307,TreatmentA,B01,126.46,-62.24,119.1,23.84,143.8,-37.06,1.077,36.2,88,0.2882,0,0
NEU-005308,TreatmentB,B02,105.55,-63.7,114.5,5.26,77.7,-34.33,1.314,8.8,72,0.4145,0,1
NEU-005309,Control,B01,95.88,-76.19,118.8,9.49,199.7,-41.13,1.131,40.8,86,0.4348,1,0
NEU-005310,Control,B03,102.51,-65.75,280.9,9.97,165.7,-45.91,0.75,33.2,84,0.3798,0,1
NEU-005311,TreatmentA,B03,92.31,-61.39,200.7,13.45,55.0,-38.69,0.847,26.6,85,0.4307,0,0
NEU-005312,Control,B03,72.2,-62.18,252.0,17.67,97.5,-43.65,1.034,56.0,75,0.487,0,1
NEU-005313,Control,B01,92.94,-64.83,129.7,8.01,78.9,-44.43,0.91,30.2,85,0.4295,0,0
NEU-005314,Control,B03,116.13,-59.86,139.8,9.89,163.0,-40.05,0.91,35.3,80,0.3811,0,1
NEU-005315,TreatmentA,B02,93.49,-63.56,188.1,14.24,154.6,-42.11,0.994,47.1,102,0.2006,1,0
NEU-005316,TreatmentA,B01,104.37,-68.18,248.2,12.83,98.3,-43.73,0.77,47.3,72,0.259,0,1
NEU-005317,TreatmentA,B03,85.72,-63.57,147.6,18.89,99.3,-35.28,0.772,33.7,83,0.3256,1,0
NEU-005318,TreatmentB,B02,93.89,-67.21,190.1,18.66,72.5,-36.41,0.933,64.6,79,0.3603,1,0
NEU-005319,TreatmentB,B01,85.8,-59.49,162.2,17.94,42.8,-44.33,1.487,71.1,84,0.3607,1,0
NEU-005320,Control,B01,120.99,-67.47,122.7,10.13,162.6,-42.72,1.626,66.2,98,0.3599,1,1
NEU-005321,TreatmentA,B02,102.77,-77.06,128.2,21.2,99.9,-38.47,0.514,37.7,93,0.4838,1,0
NEU-005322,TreatmentA,B01,109.97,-65.57,196.4,14.53,122.4,-42.15,0.774,32.5,92,0.3469,0,1
NEU-005323,TreatmentB,B03,71.2,-66.87,184.8,13.95,121.2,-36.84,0.91,48.4,98,0.2178,0,1
NEU-005324,Control,B03,85.69,-60.84,356.3,17.9,182.1,-46.95,0.784,27.2,76,0.4385,0,1
NEU-005325,TreatmentB,B03,92.42,-68.25,344.2,5.53,135.0,-39.99,1.305,63.7,89,0.5793,1,0
NEU-005326,Control,B03,105.19,-56.19,144.4,11.94,132.8,-40.44,0.641,48.9,100,0.1777,1,1
NEU-005327,TreatmentB,B03,96.85,-67.03,128.9,11.2,96.2,-46.79,1.272,56.2,100,0.4603,1,0
NEU-005328,TreatmentA,B01,101.21,-58.94,206.3,10.12,72.2,-45.88,0.983,65.4,106,0.2697,1,1
NEU-005329,Control,B01,70.48,-61.74,69.2,11.65,138.3,-39.33,0.644,38.0,84,0.3409,0,1
NEU-005330,TreatmentB,B02,67.52,-68.07,182.5,16.36,113.7,-34.49,1.088,66.5,92,0.5467,0,1
NEU-005331,TreatmentA,B01,100.16,-67.64,88.6,10.65,135.7,-37.93,1.095,70.3,102,0.5601,1,1
NEU-005332,TreatmentB,B02,105.46,-73.13,222.9,10.66,139.7,-47.51,0.525,84.7,82,0.4916,1,0
NEU-005333,TreatmentA,B02,130.84,-65.8,170.1,4.99,79.0,-39.78,1.278,33.9,94,0.5698,0,0
NEU-005334,Control,B02,92.79,-73.42,87.5,8.16,77.7,-43.26,0.959,65.4,95,0.4698,1,0
NEU-005335,TreatmentB,B03,110.48,-56.68,117.7,24.27,164.2,-37.95,0.92,53.0,85,0.3074,0,0
NEU-005336,TreatmentB,B03,76.77,-64.57,193.8,11.39,37.2,-36.86,0.753,74.9,91,0.3275,1,1
NEU-005337,TreatmentB,B01,109.88,-54.71,275.4,18.58,34.6,-41.37,0.975,86.9,94,0.3911,0,0
NEU-005338,TreatmentA,B02,68.25,-65.36,127.8,10.52,86.5,-41.22,0.543,60.6,77,0.4857,0,1
NEU-005339,Control,B02,100.26,-68.66,173.1,13.86,121.9,-46.23,0.884,54.4,74,0.5753,1,0
NEU-005340,TreatmentB,B03,93.34,-71.99,77.3,16.26,62.0,-46.73,1.344,57.7,97,0.5617,1,1
NEU-005341,TreatmentB,B03,96.25,-74.21,382.6,13.8,85.0,-39.7,1.159,56.9,71,0.5531,0,0
NEU-005342,TreatmentB,B02,113.42,-62.83,169.2,22.34,102.2,-43.62,0.975,64.9,83,0.4682,1,1
NEU-005343,TreatmentB,B01,94.28,-61.02,62.1,18.25,87.0,-49.03,1.494,55.7,88,0.5679,1,0
NEU-005344,TreatmentB,B01,64.93,-64.05,374.2,13.62,61.3,-47.34,1.021,59.1,70,0.5114,0,1
NEU-005345,TreatmentA,B03,92.29,-59.67,264.2,15.89,36.5,-38.1,0.822,8.4,90,0.3537,0,1
NEU-005346,TreatmentA,B02,108.89,-69.55,106.0,20.21,62.9,-39.24,1.54,19.3,98,0.3666,1,0
NEU-005347,Control,B03,99.96,-69.61,91.7,16.65,172.4,-45.55,0.941,26.9,77,0.7315,1,1
NEU-005348,TreatmentB,B02,108.89,-77.98,174.3,6.88,114.1,-41.36,1.844,69.6,69,0.3451,1,0
NEU-005349,Control,B03,102.98,-69.12,318.9,14.12,148.3,-50.51,0.825,47.6,83,0.4707,0,1
NEU-005350,TreatmentB,B02,114.52,-67.9,137.3,11.72,100.0,-41.35,1.255,64.7,75,0.4971,1,1
NEU-005351,TreatmentA,B03,110.03,-64.19,153.0,18.59,134.6,-44.48,1.69,51.3,82,0.6002,1,1
NEU-005352,TreatmentB,B03,105.18,-63.37,322.5,13.16,77.3,-38.42,0.572,57.2,73,0.6533,0,0
NEU-005353,TreatmentB,B01,98.43,-54.52,159.6,17.05,48.5,-35.0,0.896,68.8,84,0.3136,0,0
NEU-005354,TreatmentA,B01,117.12,-66.66,178.5,21.8,100.8,-38.32,1.359,34.6,100,0.3963,0,1
NEU-005355,TreatmentB,B03,111.66,-67.79,201.2,19.01,115.0,-38.72,1.439,47.2,75,0.2729,0,0
NEU-005356,Control,B01,94.74,-58.55,217.4,22.95,175.3,-43.36,0.802,61.1,89,0.4561,1,1
NEU-005357,TreatmentB,B01,140.63,-60.99,89.2,13.96,113.7,-40.03,1.239,59.8,80,0.3572,1,1
NEU-005358,TreatmentB,B02,109.09,-67.31,334.9,12.86,100.3,-42.02,1.014,71.2,80,0.2737,1,0
NEU-005359,TreatmentB,B03,101.4,-70.04,154.0,13.46,119.7,-50.43,0.775,60.8,87,0.3296,1,0
NEU-005360,TreatmentB,B03,121.18,-63.69,141.6,17.62,83.2,-47.25,1.574,67.6,92,0.5787,1,1
NEU-005361,Control,B01,84.96,-75.35,205.1,14.57,132.5,-37.25,1.023,27.7,89,0.4972,1,0
NEU-005362,TreatmentB,B03,139.8,-65.88,211.5,10.11,92.6,-48.3,0.991,45.0,65,0.6335,0,0
NEU-005363,TreatmentA,B02,105.41,-63.06,256.8,19.01,110.2,-43.38,0.857,49.5,77,0.4048,0,1
NEU-005364,TreatmentA,B01,114.65,-66.04,131.8,10.05,42.9,-39.98,1.108,30.4,83,0.1684,0,1
NEU-005365,TreatmentB,B02,113.13,-61.92,108.9,14.66,56.2,-43.83,1.776,36.7,96,0.3056,1,1
NEU-005366,TreatmentA,B02,112.29,-76.24,129.4,13.06,146.1,-41.4,1.285,41.6,81,0.0901,1,0
NEU-005367,Control,B01,90.15,-61.55,280.0,15.14,165.1,-44.17,1.341,39.4,86,0.5737,1,1
NEU-005368,TreatmentA,B01,81.26,-64.0,155.6,14.58,72.9,-43.36,0.785,42.8,85,0.2608,1,1
NEU-005369,TreatmentA,B03,78.72,-69.09,103.0,8.63,47.3,-34.91,1.297,33.6,94,0.3851,1,1
NEU-005370,TreatmentA,B01,93.4,-72.72,235.8,9.28,101.7,-38.17,0.654,55.3,97,0.5443,0,0
NEU-005371,Control,B03,95.53,-66.09,173.4,14.11,134.7,-34.47,1.376,38.6,94,0.4553,0,1
NEU-005372,TreatmentA,B01,83.92,-64.16,379.3,12.5,74.1,-38.11,1.088,47.7,89,0.6721,0,0
NEU-005373,TreatmentB,B02,94.77,-67.52,311.2,14.73,84.6,-48.74,1.047,44.5,71,0.6206,0,1
NEU-005374,TreatmentB,B01,95.27,-61.28,147.6,15.22,127.3,-34.99,0.908,47.1,93,0.2891,1,0
NEU-005375,TreatmentB,B02,47.55,-58.09,275.6,12.12,83.1,-43.16,1.317,71.2,97,0.3472,1,0
NEU-005376,TreatmentB,B03,103.43,-55.58,119.0,16.14,77.3,-50.34,1.436,40.5,94,0.2569,1,0
NEU-005377,TreatmentA,B03,125.33,-55.56,219.9,11.67,109.2,-39.73,0.629,64.7,65,0.2964,1,1
NEU-005378,TreatmentA,B03,86.57,-71.4,186.7,10.76,83.0,-36.13,0.608,80.4,80,0.6562,1,0
NEU-005379,TreatmentA,B02,85.17,-65.54,539.8,10.18,122.5,-42.25,0.867,73.3,89,0.5631,0,0
NEU-005380,TreatmentA,B02,101.47,-66.39,327.4,19.33,153.1,-47.0,0.908,27.1,100,0.2135,0,0
NEU-005381,TreatmentB,B01,83.93,-68.93,239.8,9.15,20.0,-42.06,1.416,56.5,92,0.6848,1,0
NEU-005382,TreatmentB,B02,80.04,-64.97,295.5,14.03,77.9,-43.52,1.31,50.0,103,0.2584,0,1
NEU-005383,TreatmentA,B01,126.09,-74.86,335.0,18.0,193.2,-33.24,0.696,72.9,65,0.2823,0,0
NEU-005384,Control,B03,64.51,-71.75,126.8,10.85,171.5,-37.53,1.47,8.5,84,0.2761,0,0
NEU-005385,TreatmentA,B01,112.99,-63.34,115.1,8.03,102.7,-43.74,0.764,55.5,94,0.6213,0,0
NEU-005386,TreatmentB,B03,108.11,-71.62,287.8,14.26,104.7,-40.01,0.843,54.6,100,0.399,0,0
NEU-005387,TreatmentB,B03,115.45,-69.59,154.8,20.99,80.0,-42.54,1.006,57.7,79,0.2413,0,0
NEU-005388,TreatmentA,B03,104.31,-56.36,171.2,5.0,83.6,-49.07,0.866,66.8,77,0.4533,0,0
NEU-005389,TreatmentB,B03,93.62,-67.82,92.5,21.26,74.0,-41.05,0.83,71.8,87,0.4151,1,1
NEU-005390,TreatmentB,B02,87.88,-56.53,210.1,8.39,-17.8,-47.01,0.952,52.5,90,0.4547,0,0
NEU-005391,Control,B03,92.21,-72.87,229.4,16.4,120.6,-38.48,0.702,38.3,104,0.4514,0,1
NEU-005392,TreatmentA,B01,124.82,-58.91,258.5,15.33,91.2,-38.98,0.58,45.7,98,0.4232,0,0
NEU-005393,Control,B02,90.72,-62.52,394.8,14.3,181.6,-44.71,0.844,46.3,78,0.1811,0,1
NEU-005394,TreatmentB,B03,99.62,-66.36,430.9,22.21,68.4,-44.76,0.882,43.9,88,0.4511,0,1
NEU-005395,Control,B01,79.69,-61.16,309.9,16.61,137.0,-45.17,1.46,42.7,79,0.6087,1,1
NEU-005396,TreatmentA,B03,112.67,-60.48,185.8,17.7,76.2,-43.13,0.814,62.0,73,0.4042,1,1
NEU-005397,TreatmentA,B03,76.94,-67.6,158.9,10.03,41.1,-49.1,0.85,53.3,57,0.3474,1,1
NEU-005398,TreatmentB,B01,113.68,-69.16,316.9,21.39,18.8,-40.39,0.611,47.8,100,0.6207,0,1
NEU-005399,Control,B01,102.23,-70.89,130.8,9.84,50.1,-42.99,0.912,37.1,70,0.1157,1,1
NEU-005400,Control,B03,82.19,-78.29,377.8,16.33,151.1,-46.3,1.036,14.2,86,0.5962,0,0
NEU-005401,TreatmentA,B03,93.28,-67.39,113.3,7.31,37.0,-37.62,1.265,48.1,71,0.3586,0,1
NEU-005402,TreatmentA,B02,121.19,-72.56,125.1,9.14,140.4,-38.03,1.284,45.9,72,0.4776,1,1
NEU-005403,TreatmentA,B02,86.91,-66.23,84.8,10.49,91.6,-45.53,0.839,70.5,84,0.2799,1,0
NEU-005404,TreatmentA,B03,59.19,-61.53,219.3,27.57,37.9,-44.59,1.085,54.8,87,0.592,0,1
NEU-005405,TreatmentA,B02,119.4,-58.96,98.3,12.43,54.1,-31.49,1.034,66.2,74,0.5069,1,0
NEU-005406,TreatmentB,B02,98.71,-64.33,227.6,5.8,87.3,-50.99,1.197,73.8,80,0.4739,1,0
NEU-005407,TreatmentB,B03,117.29,-65.89,139.4,24.97,37.6,-46.08,1.282,76.9,81,0.5366,1,1
NEU-005408,Control,B02,117.06,-73.71,112.1,15.75,191.9,-47.63,1.116,34.0,86,0.5517,0,0
NEU-005409,TreatmentA,B01,112.53,-60.65,115.7,25.85,60.7,-47.3,1.743,44.7,77,0.5758,1,1
NEU-005410,Control,B02,113.17,-54.6,273.0,7.37,116.7,-40.89,0.664,41.0,99,0.2728,0,1
NEU-005411,TreatmentA,B02,80.74,-64.74,322.0,13.1,101.0,-37.72,0.806,70.9,90,0.1923,0,1
NEU-005412,TreatmentB,B03,80.38,-62.54,170.4,12.89,60.4,-39.25,0.789,37.2,95,0.4904,0,1
NEU-005413,Control,B01,98.02,-67.19,78.7,22.47,123.5,-35.01,1.023,45.3,86,0.2503,0,0
NEU-005414,TreatmentA,B01,125.85,-69.52,103.1,12.47,169.2,-49.79,0.863,31.9,95,0.5924,1,0
NEU-005415,Control,B02,100.82,-70.55,175.6,13.88,141.8,-37.77,0.949,40.5,85,0.3398,0,0
NEU-005416,Control,B02,123.4,-68.38,60.9,22.4,190.0,-38.26,1.185,10.8,73,0.3586,0,1
NEU-005417,Control,B01,113.81,-59.42,229.0,16.52,150.4,-41.78,1.328,37.2,95,0.2562,0,0
NEU-005418,TreatmentB,B01,116.94,-57.61,224.9,10.88,29.8,-37.07,0.776,30.1,94,0.4293,1,0
NEU-005419,Control,B03,96.63,-65.42,123.9,13.06,136.3,-39.48,1.539,49.1,91,0.3298,1,1
NEU-005420,TreatmentA,B03,107.03,-63.63,171.4,10.89,109.1,-46.8,1.22,63.8,93,0.4819,1,1
NEU-005421,TreatmentA,B02,126.68,-74.15,473.1,7.51,167.5,-38.94,0.692,50.8,86,0.3513,0,0
NEU-005422,Control,B01,132.19,-74.25,97.1,17.36,185.2,-41.67,1.377,45.6,81,0.5595,0,0
NEU-005423,TreatmentB,B02,94.92,-59.52,227.4,11.9,165.7,-40.03,1.178,64.8,88,0.4749,0,0
NEU-005424,Control,B02,105.45,-68.31,334.7,27.27,86.2,-48.95,1.103,49.2,95,0.5708,0,1
NEU-005425,TreatmentA,B03,110.52,-60.98,147.0,6.28,109.2,-41.26,0.913,65.8,86,0.4382,1,0
NEU-005426,TreatmentA,B01,89.36,-57.52,83.1,8.83,191.3,-44.97,0.7,56.1,72,0.5418,0,0
NEU-005427,TreatmentA,B03,85.66,-71.72,257.9,29.17,65.9,-42.57,1.215,55.3,96,0.6357,1,1
NEU-005428,Control,B02,91.73,-67.57,114.9,12.37,195.2,-37.83,1.256,44.0,73,0.4265,1,1
NEU-005429,Control,B02,109.8,-65.62,95.5,6.67,163.4,-42.46,1.022,36.8,83,0.3677,1,1
NEU-005430,TreatmentA,B02,97.98,-64.42,250.8,12.79,26.4,-43.85,2.451,83.3,94,0.3538,1,1
NEU-005431,Control,B01,88.87,-69.45,164.7,10.54,72.0,-42.15,1.345,8.7,71,0.5503,0,0
NEU-005432,TreatmentB,B02,112.62,-65.33,320.5,8.5,64.9,-40.82,0.892,36.7,83,0.4323,0,1
NEU-005433,TreatmentA,B01,106.34,-76.48,362.0,8.43,69.6,-37.31,1.004,51.3,78,0.7627,1,0
NEU-005434,TreatmentB,B02,100.52,-54.87,305.7,6.77,69.1,-48.0,0.985,50.5,81,0.3545,0,0
NEU-005435,TreatmentA,B01,123.06,-49.79,196.4,13.57,155.8,-31.42,1.583,62.1,90,0.3833,1,0
NEU-005436,Control,B03,75.6,-65.02,257.7,13.26,163.2,-43.89,0.89,5.0,84,0.6586,0,0
NEU-005437,TreatmentA,B02,136.11,-60.84,118.0,16.01,41.8,-31.52,1.692,53.8,87,0.3188,1,1
NEU-005438,TreatmentA,B01,114.14,-63.48,154.2,31.59,134.8,-47.63,0.768,37.5,92,0.4663,0,1
NEU-005439,TreatmentB,B02,121.89,-73.16,133.8,8.21,85.9,-39.65,0.915,55.9,87,0.3922,1,0
NEU-005440,Control,B03,132.35,-64.57,238.8,13.63,151.0,-47.65,0.946,66.0,87,0.2077,0,1
NEU-005441,Control,B02,99.13,-74.47,108.4,17.46,164.2,-45.9,0.845,19.7,85,0.4076,0,0
NEU-005442,TreatmentB,B01,129.29,-71.86,136.6,16.75,16.6,-44.56,1.494,72.5,88,0.4533,1,0
NEU-005443,Control,B01,104.87,-69.19,250.3,9.55,184.7,-47.22,1.269,32.6,72,0.5066,0,0
NEU-005444,TreatmentA,B02,92.84,-70.87,668.7,7.92,105.7,-45.11,1.042,88.6,76,0.1694,1,1
NEU-005445,TreatmentB,B01,87.05,-56.18,689.2,19.61,42.7,-41.66,1.048,64.2,91,0.3743,0,0
NEU-005446,TreatmentB,B02,108.89,-59.29,201.0,14.2,121.8,-42.09,0.984,52.6,78,0.1864,1,1
NEU-005447,TreatmentA,B02,49.69,-62.84,218.9,11.45,71.7,-42.76,0.854,56.0,85,0.3986,1,1
NEU-005448,TreatmentA,B02,120.31,-70.74,120.8,18.43,139.5,-42.24,0.828,32.6,84,0.3643,1,1
NEU-005449,TreatmentA,B03,135.61,-55.91,214.6,13.01,98.4,-44.5,0.488,13.7,78,0.3365,0,0
NEU-005450,TreatmentB,B01,103.59,-73.97,225.5,15.23,147.4,-47.62,1.404,33.3,102,0.3422,0,0
NEU-005451,TreatmentB,B02,104.44,-69.07,132.3,10.94,101.8,-51.58,1.245,82.2,73,0.5383,0,0
NEU-005452,TreatmentB,B01,106.65,-66.4,411.4,9.29,118.0,-43.13,0.844,54.5,92,0.4074,0,1
NEU-005453,TreatmentB,B02,95.34,-60.82,194.6,25.59,65.9,-44.47,1.322,57.2,92,0.6091,1,1
NEU-005454,TreatmentA,B03,77.59,-62.11,538.6,12.47,155.2,-52.78,0.923,35.7,92,0.3144,0,1
NEU-005455,TreatmentB,B02,96.97,-56.09,88.9,8.55,68.4,-44.82,0.843,60.1,96,0.5542,1,0
NEU-005456,TreatmentB,B01,129.58,-70.86,232.8,12.09,99.4,-41.94,1.366,45.3,77,0.2104,1,1
NEU-005457,Control,B03,95.34,-61.76,126.5,10.67,93.1,-42.06,1.027,60.5,74,0.4299,1,1
NEU-005458,TreatmentB,B03,147.98,-68.89,211.1,5.81,96.0,-44.93,1.005,62.6,75,0.5143,1,0
NEU-005459,TreatmentB,B02,90.33,-69.52,174.7,12.69,14.5,-42.61,0.776,74.4,83,0.2803,1,1
NEU-005460,TreatmentA,B02,130.72,-75.29,130.8,7.25,156.8,-40.36,1.207,42.1,93,0.3725,0,1
NEU-005461,TreatmentB,B01,82.28,-66.48,98.6,27.45,113.2,-36.1,1.358,78.4,85,0.7189,1,1
NEU-005462,Control,B01,95.04,-72.37,103.3,17.21,148.4,-44.13,0.863,41.9,79,0.3048,1,0
NEU-005463,Control,B01,77.99,-70.01,114.2,15.02,155.7,-34.19,0.733,57.3,71,0.32,1,1
NEU-005464,TreatmentB,B02,117.63,-78.68,469.4,8.96,43.6,-36.44,1.075,56.0,89,0.3351,0,0
NEU-005465,TreatmentA,B02,102.02,-63.25,203.6,12.8,171.4,-44.55,1.167,53.7,86,0.3887,0,1
NEU-005466,TreatmentA,B01,107.65,-62.85,40.5,8.92,46.3,-33.2,1.083,51.2,77,0.4878,1,0
NEU-005467,TreatmentB,B01,134.47,-60.82,187.8,6.69,18.8,-40.44,1.108,49.2,95,0.3043,0,1
NEU-005468,Control,B01,114.4,-65.82,246.8,9.24,92.5,-45.35,1.15,16.5,99,0.4354,0,1
NEU-005469,TreatmentA,B03,113.27,-62.01,222.4,21.99,126.8,-38.43,0.61,48.2,86,0.4469,1,1
NEU-005470,TreatmentA,B02,130.22,-56.32,194.7,22.95,88.6,-40.34,1.305,60.2,91,0.5648,1,1
NEU-005471,Control,B03,105.48,-61.03,241.6,10.72,99.7,-46.21,1.208,29.2,73,0.2504,1,1
NEU-005472,Control,B01,99.17,-67.39,131.8,15.15,176.7,-44.91,0.993,19.9,89,0.5129,0,1
NEU-005473,TreatmentA,B01,94.85,-62.09,121.1,8.46,99.7,-45.93,1.11,47.3,80,0.7465,0,0
NEU-005474,TreatmentA,B02,100.17,-57.62,129.7,21.34,132.0,-38.07,0.879,48.4,91,0.3862,1,0
NEU-005475,Control,B03,64.27,-69.73,113.3,21.15,80.6,-41.62,1.327,26.3,84,0.3492,1,0
NEU-005476,Control,B02,107.14,-67.83,263.5,17.45,117.2,-42.24,0.871,51.4,83,0.5489,0,1
NEU-005477,TreatmentB,B03,103.04,-64.71,267.3,8.63,105.4,-51.37,0.92,43.5,74,0.233,0,1
NEU-005478,Control,B01,113.37,-63.92,202.9,9.64,137.4,-44.23,1.319,44.8,88,0.2761,0,1
NEU-005479,TreatmentB,B01,127.23,-66.55,46.3,13.63,97.4,-42.27,0.785,51.3,85,0.6056,1,1
NEU-005480,TreatmentB,B03,107.31,-63.94,188.7,10.15,106.3,-48.49,1.174,80.5,89,0.3117,0,1
NEU-005481,TreatmentB,B01,110.74,-68.23,295.8,13.93,99.4,-51.71,1.339,40.9,80,0.3979,0,1
NEU-005482,TreatmentB,B03,105.44,-58.56,158.5,11.0,99.6,-40.66,1.307,35.9,82,0.3551,1,0
NEU-005483,TreatmentB,B03,119.76,-62.78,154.3,12.45,84.6,-59.67,1.462,68.4,93,0.2913,1,1
NEU-005484,TreatmentB,B03,88.48,-66.1,106.7,15.04,89.3,-41.47,0.761,67.4,89,0.5568,1,1
NEU-005485,Control,B03,87.18,-62.1,106.9,22.1,188.8,-39.54,1.062,26.7,85,0.3917,0,0
NEU-005486,Control,B01,103.71,-64.01,139.2,15.43,153.4,-39.36,0.64,32.0,64,0.3362,0,1
NEU-005487,TreatmentB,B03,120.23,-65.89,128.6,35.14,91.1,-47.86,0.853,62.6,88,0.553,1,1
NEU-005488,Control,B03,86.56,-66.33,110.6,12.55,166.9,-41.58,1.442,41.4,87,0.4568,1,1
NEU-005489,TreatmentB,B02,77.16,-63.25,125.5,23.57,62.0,-51.44,1.392,52.4,73,0.3652,1,1
NEU-005490,Control,B01,115.8,-64.86,196.3,8.63,190.0,-36.87,0.913,14.5,102,0.3823,0,1
NEU-005491,Control,B01,119.85,-50.9,222.8,11.85,133.8,-45.23,1.544,36.6,88,0.3052,0,0
NEU-005492,TreatmentB,B01,90.14,-64.11,161.7,32.52,116.1,-45.4,1.273,80.1,72,0.1872,1,0
NEU-005493,Control,B02,99.14,-68.01,448.7,6.43,112.7,-43.24,1.317,44.1,72,0.2984,0,1
NEU-005494,TreatmentA,B01,71.91,-69.27,529.8,15.6,88.2,-39.45,1.541,35.5,91,0.4494,0,0
NEU-005495,TreatmentA,B03,111.84,-68.37,106.0,17.37,159.0,-28.98,1.109,39.7,97,0.2144,0,0
NEU-005496,Control,B03,103.66,-58.85,191.8,17.51,142.9,-46.33,0.601,19.2,83,0.3886,0,0
NEU-005497,TreatmentB,B03,110.72,-70.96,135.5,11.67,42.9,-44.71,0.866,57.5,83,0.6304,0,0
NEU-005498,TreatmentA,B03,87.42,-68.51,190.4,10.12,172.9,-35.56,1.435,29.6,74,0.0828,1,1
NEU-005499,TreatmentA,B03,113.19,-63.06,149.0,11.33,89.0,-32.15,0.692,43.6,80,0.4604,0,0
NEU-005500,Control,B03,148.81,-66.08,221.6,13.97,112.9,-46.26,0.778,50.5,106,0.508,1,0
NEU-005501,TreatmentA,B03,86.56,-69.58,141.8,7.19,107.7,-39.91,0.958,35.0,91,0.1938,0,1
NEU-005502,TreatmentB,B02,112.02,-69.04,129.2,10.62,73.3,-41.3,1.235,60.0,85,0.1685,1,1
NEU-005503,TreatmentB,B01,107.17,-75.18,152.2,7.87,10.6,-49.53,0.978,50.2,83,0.5543,0,0
NEU-005504,TreatmentB,B02,115.14,-61.35,190.2,8.52,107.9,-39.98,1.643,49.3,98,0.1959,1,1
NEU-005505,Control,B03,110.09,-71.98,178.1,13.98,86.6,-39.39,1.06,24.8,87,0.1828,0,0
NEU-005506,Control,B03,77.84,-68.63,191.5,17.18,121.6,-46.4,1.066,50.7,80,0.5372,1,1
NEU-005507,TreatmentB,B03,107.72,-52.05,100.6,8.57,100.0,-39.16,1.29,51.1,92,0.253,1,0
NEU-005508,TreatmentB,B02,115.9,-61.04,47.7,16.95,115.5,-52.0,1.388,27.5,84,0.4383,1,1
NEU-005509,Control,B03,91.12,-66.4,308.3,7.39,103.9,-36.53,1.187,48.5,87,0.5057,0,0
NEU-005510,TreatmentA,B02,98.14,-66.94,421.9,7.27,166.1,-41.34,0.859,63.4,74,0.4512,0,0
NEU-005511,Control,B02,89.25,-63.61,308.8,13.57,122.6,-31.69,0.902,10.5,99,0.4131,0,1
NEU-005512,Control,B02,124.69,-68.02,151.1,13.73,173.8,-37.64,1.154,41.3,85,0.5893,0,0
NEU-005513,TreatmentB,B03,88.39,-67.51,220.6,13.0,96.4,-37.9,0.794,64.2,78,0.4833,1,1
NEU-005514,Control,B03,103.54,-54.94,108.2,11.13,121.2,-40.59,1.126,47.1,88,0.2732,1,0
NEU-005515,TreatmentA,B01,93.66,-59.95,148.1,13.79,197.9,-40.74,1.369,51.3,81,0.3947,1,1
NEU-005516,TreatmentA,B02,103.92,-66.95,119.2,11.76,57.6,-47.78,0.861,52.7,95,0.6618,1,0
NEU-005517,TreatmentA,B03,104.82,-61.98,103.0,8.86,78.5,-43.03,0.802,70.9,77,0.5199,0,0
NEU-005518,TreatmentB,B03,109.15,-66.74,140.6,8.09,59.6,-43.13,1.207,49.3,88,0.5852,1,0
NEU-005519,TreatmentA,B01,95.5,-65.41,114.9,14.43,97.1,-36.6,1.153,52.7,97,0.56,1,1
NEU-005520,Control,B02,93.82,-53.73,108.9,14.92,169.8,-37.81,1.351,60.2,76,0.4189,0,0
NEU-005521,Control,B03,93.73,-51.97,358.6,14.44,144.5,-41.9,0.95,14.3,75,0.3092,0,0
NEU-005522,TreatmentB,B03,124.44,-63.51,213.9,7.55,151.3,-37.16,1.385,75.7,96,0.5137,1,0
NEU-005523,TreatmentA,B02,100.42,-55.92,187.6,19.39,147.6,-41.72,1.291,55.5,89,0.5554,1,0
NEU-005524,TreatmentB,B02,110.6,-73.43,187.9,18.99,101.0,-44.92,0.787,60.2,89,0.5281,1,0
NEU-005525,TreatmentA,B03,112.77,-71.04,329.8,14.92,75.8,-46.66,0.63,50.3,100,0.3829,0,1
NEU-005526,Control,B03,107.46,-59.75,114.2,16.26,159.2,-40.52,1.204,46.6,88,0.5249,1,0
NEU-005527,Control,B02,95.45,-58.27,446.9,14.45,157.0,-39.65,1.156,45.8,95,0.3783,0,0
NEU-005528,TreatmentA,B02,92.23,-60.44,220.4,16.58,78.4,-35.61,1.137,66.4,80,0.4213,1,0
NEU-005529,Control,B03,110.28,-70.25,251.5,47.18,100.0,-44.3,1.477,41.7,88,0.2869,1,0
NEU-005530,TreatmentA,B02,76.68,-66.39,237.0,9.71,108.0,-45.85,0.83,63.4,80,0.4431,0,0
NEU-005531,TreatmentB,B02,103.57,-66.94,114.3,17.93,89.0,-39.23,1.011,48.0,90,0.4434,0,1
NEU-005532,TreatmentB,B02,113.94,-63.49,288.7,18.08,113.9,-44.31,0.853,61.8,74,0.426,0,1
NEU-005533,Control,B01,110.18,-60.49,158.2,18.13,99.7,-42.3,0.908,59.4,81,0.3781,1,0
NEU-005534,Control,B03,88.96,-64.28,427.2,13.22,147.9,-41.16,1.241,16.3,87,0.2411,0,1
NEU-005535,TreatmentA,B02,96.23,-62.08,134.5,15.44,91.4,-34.21,0.61,52.7,84,0.3271,1,1
NEU-005536,TreatmentA,B03,110.62,-56.65,183.2,12.01,95.9,-41.8,0.813,59.8,97,0.3322,1,0
NEU-005537,TreatmentA,B02,99.87,-57.51,235.3,11.62,58.1,-45.25,1.109,48.6,90,0.5963,1,0
NEU-005538,Control,B02,128.26,-54.03,356.5,21.24,140.0,-42.89,0.545,24.9,76,0.2619,0,0
NEU-005539,Control,B02,86.04,-56.79,104.9,13.31,158.1,-41.85,1.482,41.4,79,0.5917,1,0
NEU-005540,TreatmentA,B03,98.27,-61.67,216.5,16.18,6.4,-47.66,1.326,36.1,94,0.3913,1,1
NEU-005541,TreatmentA,B02,104.23,-64.86,229.5,22.28,73.3,-32.18,1.092,60.8,74,0.1717,1,0
NEU-005542,Control,B02,87.58,-60.32,115.5,10.62,142.8,-40.21,0.962,48.2,89,0.3299,1,1
NEU-005543,Control,B02,93.23,-72.37,390.6,11.68,137.2,-49.72,1.407,38.0,100,0.5386,0,1
NEU-005544,TreatmentB,B02,114.0,-63.57,169.8,21.45,54.5,-46.74,0.922,56.1,84,0.3445,1,1
NEU-005545,TreatmentB,B01,94.59,-64.97,97.0,8.56,117.2,-40.81,0.86,55.9,70,0.137,0,1
NEU-005546,TreatmentB,B01,95.5,-69.52,219.2,17.01,-10.4,-36.07,1.076,61.8,88,0.3963,0,0
NEU-005547,Control,B03,110.75,-59.3,116.3,13.14,103.6,-38.53,0.929,50.1,76,0.4828,1,0
NEU-005548,Control,B03,124.76,-59.78,80.6,12.06,97.2,-38.0,1.086,53.2,63,0.4653,1,0
NEU-005549,TreatmentB,B02,90.33,-54.81,195.5,8.43,44.4,-47.01,0.654,38.8,96,0.4366,0,0
NEU-005550,Control,B01,103.2,-76.09,219.2,20.77,124.7,-41.6,0.691,28.0,93,0.4658,0,0
NEU-005551,Control,B02,78.43,-67.4,174.7,16.57,90.0,-50.34,0.752,49.7,91,0.2712,1,0
NEU-005552,TreatmentA,B02,94.65,-67.37,335.8,17.36,93.7,-38.73,0.587,49.8,81,0.5354,0,1
NEU-005553,TreatmentA,B01,72.0,-54.39,136.7,11.35,114.5,-35.32,1.167,51.4,90,0.2177,0,0
NEU-005554,TreatmentB,B02,78.83,-69.06,116.4,17.37,102.5,-41.7,0.682,32.8,103,0.6826,0,1
NEU-005555,TreatmentB,B03,100.73,-68.46,85.3,14.03,44.1,-38.69,0.912,21.1,97,0.3925,0,0
NEU-005556,TreatmentB,B01,87.79,-64.9,228.8,9.08,46.4,-38.95,1.328,57.8,79,0.5296,1,0
NEU-005557,Control,B01,96.61,-60.96,325.3,9.96,130.5,-43.38,1.042,47.3,98,0.3972,0,0
NEU-005558,Control,B01,96.1,-65.82,307.1,9.03,173.8,-44.78,1.952,27.0,82,0.3122,1,1
NEU-005559,TreatmentA,B03,100.12,-73.37,97.0,5.79,54.7,-39.67,1.693,54.9,89,0.2028,1,1
NEU-005560,TreatmentA,B02,117.51,-63.3,112.3,12.75,81.2,-40.51,0.926,64.7,82,0.4652,1,1
NEU-005561,TreatmentA,B03,61.97,-69.55,168.8,17.88,189.4,-47.25,1.274,50.1,79,0.5004,0,1
NEU-005562,Control,B03,82.35,-58.29,411.7,9.79,148.1,-39.22,0.924,40.1,76,0.5113,0,0
NEU-005563,TreatmentB,B03,99.11,-64.0,301.0,21.29,147.4,-50.26,1.12,59.6,95,0.468,0,1
NEU-005564,TreatmentA,B02,103.33,-64.01,112.4,13.07,97.0,-45.3,1.206,57.7,90,0.3722,0,1
NEU-005565,TreatmentB,B02,86.66,-62.09,93.3,15.08,118.3,-41.46,1.089,78.9,83,0.6346,1,1
NEU-005566,TreatmentA,B02,113.88,-59.41,135.2,20.97,66.2,-37.83,2.178,36.5,112,0.391,1,0
NEU-005567,TreatmentA,B02,104.15,-77.61,112.4,12.75,169.2,-37.79,0.722,61.3,95,0.3561,1,0
NEU-005568,TreatmentA,B02,88.8,-57.68,181.4,12.19,177.0,-33.19,0.759,66.3,83,0.463,1,0
NEU-005569,TreatmentA,B01,116.66,-66.07,335.3,15.03,138.6,-43.68,1.178,42.6,84,0.5508,0,1
NEU-005570,TreatmentA,B02,100.55,-58.91,140.1,17.25,120.9,-45.02,0.827,56.7,92,0.7061,1,1
NEU-005571,Control,B02,104.79,-58.87,102.0,9.26,135.5,-49.26,1.153,29.4,85,0.6665,0,0
NEU-005572,TreatmentB,B02,111.54,-59.64,190.7,26.05,63.3,-43.08,0.562,67.9,94,0.5994,1,1
NEU-005573,TreatmentB,B02,107.39,-66.44,100.4,7.42,111.1,-44.39,1.006,48.6,81,0.2173,1,1
NEU-005574,TreatmentA,B02,106.89,-60.9,200.5,10.39,113.3,-41.82,1.025,32.8,91,0.314,1,1
NEU-005575,Control,B03,101.63,-65.38,82.2,9.88,143.1,-38.25,1.127,48.8,96,0.4504,0,1
NEU-005576,Control,B01,98.86,-65.45,157.7,25.92,163.7,-41.01,2.168,19.3,81,0.223,1,1
NEU-005577,Control,B02,142.78,-62.11,172.0,11.25,94.5,-39.35,0.969,46.8,97,0.2031,1,1
NEU-005578,Control,B03,98.11,-66.63,144.2,30.23,84.0,-44.57,1.672,34.8,76,0.3762,1,1
NEU-005579,TreatmentA,B03,112.17,-71.5,232.9,11.02,166.2,-44.64,1.494,39.8,87,0.2876,1,1
NEU-005580,Control,B01,91.67,-67.35,129.2,17.83,132.3,-41.21,1.202,38.1,89,0.5515,1,1
NEU-005581,TreatmentA,B03,101.99,-79.03,281.7,7.66,100.3,-37.51,1.027,52.3,89,0.6458,0,0
NEU-005582,TreatmentB,B01,99.03,-71.08,464.1,15.35,74.5,-44.54,0.876,58.5,95,0.2602,0,1
NEU-005583,TreatmentB,B02,77.18,-62.01,173.4,17.06,108.8,-49.53,0.984,66.6,78,0.4827,1,1
NEU-005584,TreatmentA,B02,96.23,-73.85,182.8,9.6,87.4,-46.59,0.96,65.1,76,0.3283,1,0
NEU-005585,Control,B03,98.03,-61.92,104.0,9.16,104.0,-48.73,0.678,39.0,83,0.3157,0,1
NEU-005586,Control,B02,112.24,-69.95,138.2,6.9,86.7,-40.93,0.689,60.7,88,0.3566,0,1
NEU-005587,TreatmentB,B01,91.01,-60.24,225.8,14.8,67.8,-36.08,0.79,72.9,67,0.169,1,0
NEU-005588,Control,B02,88.31,-71.24,246.0,13.71,107.9,-44.17,1.272,56.5,83,0.4638,1,0
NEU-005589,TreatmentB,B02,103.75,-65.11,699.0,15.95,81.6,-43.45,1.214,68.1,80,0.597,0,0
NEU-005590,Control,B02,105.2,-63.46,132.3,13.43,129.3,-40.91,0.825,62.5,95,0.3202,1,1
NEU-005591,Control,B02,102.25,-55.77,351.4,8.75,128.3,-43.02,0.806,61.4,81,0.2159,0,1
NEU-005592,Control,B02,83.11,-77.68,79.2,14.82,63.4,-45.05,1.283,41.1,90,0.2643,0,0
NEU-005593,TreatmentB,B01,101.31,-49.32,248.2,11.66,102.0,-45.52,0.605,48.2,90,0.4611,0,0
NEU-005594,Control,B03,88.24,-71.09,339.8,6.33,103.3,-48.46,0.688,45.1,83,0.4794,0,1
NEU-005595,TreatmentB,B03,91.71,-71.37,136.8,30.06,63.8,-41.54,0.95,71.8,95,0.3672,1,0
NEU-005596,TreatmentA,B02,78.65,-73.38,212.5,11.32,35.0,-40.88,1.206,45.7,95,0.4276,0,0
NEU-005597,TreatmentB,B03,79.45,-65.12,79.2,20.26,11.1,-44.78,1.347,59.6,57,0.2165,1,0
NEU-005598,TreatmentB,B03,98.93,-61.45,362.1,42.96,9.6,-40.13,0.977,78.1,108,0.4653,1,1
NEU-005599,TreatmentA,B02,91.99,-68.08,118.3,19.15,66.5,-43.6,0.88,56.3,86,0.2241,1,1
NEU-005600,TreatmentB,B02,72.01,-69.06,107.3,11.7,41.2,-46.79,1.65,54.1,87,0.7234,1,0
NEU-005601,Control,B03,91.86,-67.99,433.0,11.64,99.0,-33.42,2.045,72.1,69,0.6001,1,1
NEU-005602,Control,B03,133.24,-65.14,196.5,15.94,90.3,-33.59,0.578,39.7,96,0.7169,1,1
NEU-005603,TreatmentA,B02,93.03,-74.71,165.0,14.05,138.8,-49.27,1.156,63.6,85,0.2352,1,0
NEU-005604,TreatmentB,B02,108.68,-67.94,95.7,8.9,64.4,-50.73,1.19,69.9,84,0.2818,1,1
NEU-005605,TreatmentA,B01,90.25,-64.88,160.5,13.97,81.9,-36.64,0.886,48.7,77,0.5761,0,1
NEU-005606,TreatmentA,B02,102.21,-56.93,177.5,19.45,102.3,-49.91,1.232,38.0,68,0.1149,0,0
NEU-005607,Control,B03,101.86,-60.67,137.2,17.06,166.3,-36.56,1.012,54.9,80,0.6993,1,1
NEU-005608,Control,B03,91.68,-72.72,142.5,9.21,159.6,-39.0,1.064,39.5,93,0.3481,1,0
NEU-005609,TreatmentB,B01,115.06,-60.7,317.3,23.07,97.1,-42.85,0.576,64.0,70,0.4445,1,1
NEU-005610,TreatmentA,B03,95.8,-58.21,180.0,8.49,106.4,-43.72,0.666,45.5,90,0.2271,0,0
NEU-005611,TreatmentB,B02,96.66,-62.91,298.1,11.19,111.1,-36.54,1.166,43.2,79,0.4407,0,1
NEU-005612,TreatmentB,B02,103.22,-65.19,210.3,9.93,76.5,-41.8,1.159,64.8,78,0.3102,1,1
NEU-005613,TreatmentA,B03,112.29,-60.35,263.9,9.3,192.4,-38.11,0.754,44.7,73,0.4947,0,0
NEU-005614,Control,B02,94.82,-80.06,205.1,9.74,199.6,-38.05,1.184,38.1,69,0.2704,0,0
NEU-005615,TreatmentB,B02,101.73,-55.98,183.4,18.66,79.4,-40.32,1.236,59.0,90,0.2762,0,0
NEU-005616,Control,B03,100.15,-68.78,208.5,26.25,54.8,-41.08,0.62,64.6,91,0.3609,1,0
NEU-005617,Control,B02,109.37,-66.08,242.3,11.97,154.0,-36.47,0.984,34.9,72,0.5463,0,0
NEU-005618,TreatmentA,B02,107.53,-57.95,207.6,11.65,68.1,-38.03,1.091,40.5,74,0.2767,1,0
NEU-005619,TreatmentB,B03,124.59,-62.1,166.9,13.18,83.4,-43.95,1.331,70.9,109,0.4599,0,0
NEU-005620,Control,B03,93.58,-68.09,213.8,15.62,218.1,-41.75,1.121,23.5,86,0.4536,1,1
NEU-005621,Control,B02,106.96,-66.48,157.1,6.43,54.5,-44.07,0.718,4.8,89,0.3864,1,1
NEU-005622,Control,B02,122.5,-69.05,288.9,24.9,91.7,-42.55,1.515,40.4,82,0.5533,0,1
NEU-005623,TreatmentB,B03,104.74,-58.92,212.1,8.04,82.8,-40.53,1.306,59.9,80,0.3415,1,0
NEU-005624,TreatmentA,B03,106.06,-66.21,230.6,11.01,117.1,-44.6,0.775,54.2,98,0.1733,1,1
NEU-005625,TreatmentA,B03,104.97,-58.74,79.3,8.91,105.8,-48.45,1.421,35.3,107,0.3876,1,0
NEU-005626,TreatmentB,B03,105.89,-65.13,184.6,5.79,36.2,-38.92,0.741,50.8,91,0.4237,0,1
NEU-005627,TreatmentA,B01,87.08,-68.51,149.0,23.29,136.3,-40.83,1.001,30.0,83,0.2713,0,0
NEU-005628,Control,B03,102.29,-76.02,166.3,16.02,149.8,-37.73,1.16,33.2,84,0.2349,0,0
NEU-005629,TreatmentB,B01,124.16,-72.59,122.4,13.05,4.6,-43.54,0.876,59.6,77,0.4628,1,0
NEU-005630,TreatmentB,B01,116.66,-59.15,130.3,12.14,122.1,-42.58,1.108,43.2,113,0.5497,0,0
NEU-005631,Control,B02,91.85,-60.62,80.8,21.92,151.3,-47.33,0.978,15.9,93,0.3909,1,0
NEU-005632,TreatmentA,B02,104.99,-63.65,154.6,7.73,158.6,-47.07,0.833,36.5,75,0.4338,1,1
NEU-005633,TreatmentA,B01,87.19,-64.69,172.6,6.96,110.6,-40.35,0.966,54.1,90,0.4869,0,1
NEU-005634,TreatmentA,B03,92.03,-69.19,629.8,14.46,130.0,-43.32,1.094,52.9,98,0.2788,0,0
NEU-005635,TreatmentB,B02,91.36,-68.61,152.8,6.88,75.1,-40.69,0.971,79.3,80,0.4179,1,1
NEU-005636,TreatmentB,B01,116.53,-57.88,98.1,13.72,77.2,-38.22,1.163,68.2,79,0.6789,1,0
NEU-005637,TreatmentB,B03,85.6,-60.48,104.2,14.11,99.5,-45.75,1.101,51.7,85,0.2086,1,0
NEU-005638,Control,B03,102.73,-62.38,187.2,10.46,159.4,-37.93,1.721,48.1,89,0.5535,1,0
NEU-005639,TreatmentB,B03,109.98,-67.03,266.4,13.32,101.4,-40.69,1.047,56.4,78,0.4333,0,1
NEU-005640,TreatmentA,B03,79.99,-63.99,101.0,10.54,72.8,-43.62,1.12,54.1,98,0.4755,1,0
NEU-005641,Control,B02,98.26,-71.99,109.5,16.6,100.7,-43.88,1.153,31.0,79,0.4053,0,0
NEU-005642,TreatmentB,B03,110.41,-56.97,177.9,26.02,127.0,-41.63,1.089,67.2,70,0.5611,1,1
NEU-005643,TreatmentA,B01,110.49,-76.57,212.5,12.59,120.2,-39.81,1.291,32.1,78,0.1779,0,0
NEU-005644,TreatmentB,B02,92.58,-58.44,277.9,24.49,138.5,-46.04,0.779,70.5,77,0.3361,0,0
NEU-005645,TreatmentB,B02,129.98,-71.01,202.8,18.06,78.2,-42.93,1.258,59.3,78,0.3237,1,0
NEU-005646,Control,B02,119.52,-53.96,71.4,11.04,110.6,-48.15,0.857,31.3,103,0.4373,0,0
NEU-005647,Control,B01,104.35,-64.26,413.1,22.38,111.8,-39.16,1.578,29.0,75,0.1074,0,0
NEU-005648,Control,B01,102.9,-59.39,235.7,7.2,155.5,-39.05,0.999,46.0,86,0.6015,1,0
NEU-005649,TreatmentB,B03,107.42,-56.98,153.5,12.32,112.3,-32.75,0.745,59.7,86,0.5416,1,0
NEU-005650,TreatmentB,B03,105.06,-66.27,361.5,13.11,116.9,-39.98,0.831,76.2,79,0.5132,1,1
NEU-005651,Control,B03,97.75,-73.93,118.0,18.05,188.9,-39.78,1.026,40.1,93,0.294,0,0
NEU-005652,TreatmentA,B02,117.13,-62.44,256.4,20.02,35.6,-43.41,0.803,27.9,74,0.3397,0,1
NEU-005653,TreatmentB,B01,87.97,-67.32,147.3,17.53,-14.6,-49.23,1.169,52.7,82,0.602,0,1
NEU-005654,TreatmentA,B03,85.26,-69.45,297.4,14.66,124.6,-38.2,0.835,40.9,90,0.4543,0,1
NEU-005655,TreatmentB,B02,104.41,-62.84,176.6,13.49,65.3,-39.6,0.77,69.8,80,0.1534,1,1
NEU-005656,TreatmentB,B03,92.3,-65.86,166.4,25.35,118.5,-43.76,0.723,77.5,99,0.2891,0,1
NEU-005657,TreatmentB,B01,122.84,-62.94,120.1,12.39,94.9,-33.54,0.983,58.9,82,0.1472,1,1
NEU-005658,Control,B01,70.24,-67.05,296.8,25.62,147.1,-38.84,0.648,38.6,90,0.4102,0,0
NEU-005659,TreatmentA,B01,86.3,-71.03,183.5,18.48,63.6,-42.62,0.76,57.8,99,0.2574,1,0
NEU-005660,TreatmentA,B03,105.47,-65.79,154.5,16.44,141.9,-42.32,1.155,49.0,89,0.3795,1,1
NEU-005661,Control,B01,110.83,-69.55,89.1,14.33,151.6,-51.2,0.671,48.0,87,0.3527,0,0
NEU-005662,TreatmentA,B01,107.17,-63.39,250.7,20.12,98.6,-39.99,0.775,65.0,91,0.7129,0,1
NEU-005663,Control,B02,124.73,-62.81,232.7,5.71,111.2,-35.39,0.781,37.4,89,0.3967,0,1
NEU-005664,TreatmentB,B03,101.53,-62.31,283.4,5.36,91.1,-33.71,1.243,19.4,82,0.5118,0,0
NEU-005665,Control,B02,80.99,-59.46,206.6,15.45,118.1,-38.42,1.531,50.6,87,0.3289,1,1
NEU-005666,Control,B03,86.08,-69.3,95.2,12.19,140.5,-39.84,1.188,37.1,118,0.441,1,0
NEU-005667,TreatmentA,B02,116.77,-74.55,164.1,15.77,166.3,-44.09,0.959,42.4,81,0.4403,0,0
NEU-005668,TreatmentA,B02,90.16,-66.02,176.4,5.18,53.8,-39.2,0.976,28.6,87,0.4315,1,0
NEU-005669,TreatmentA,B02,96.68,-61.93,132.7,9.01,94.1,-34.14,0.616,37.4,78,0.6056,0,0
NEU-005670,Control,B02,82.97,-54.02,232.4,7.13,154.1,-44.33,0.879,37.6,85,0.1684,0,1
NEU-005671,TreatmentB,B01,84.0,-61.45,81.4,18.33,135.7,-36.51,1.182,62.2,76,0.2811,1,0
NEU-005672,TreatmentA,B01,113.79,-68.78,355.0,12.48,167.2,-40.56,0.578,42.8,70,0.2372,0,1
NEU-005673,TreatmentA,B02,78.59,-58.63,115.4,13.38,204.0,-40.16,0.775,40.1,99,0.2165,1,0
NEU-005674,Control,B02,80.87,-67.97,340.7,22.34,113.2,-44.26,0.856,44.3,85,0.3533,0,0
NEU-005675,Control,B01,91.58,-64.05,256.7,4.31,214.2,-44.47,1.017,60.3,99,0.2283,1,1
NEU-005676,Control,B02,108.11,-80.06,81.9,12.57,91.8,-36.59,1.066,41.9,89,0.4112,1,0
NEU-005677,TreatmentB,B03,106.34,-66.39,129.6,16.44,94.9,-38.65,1.304,67.7,96,0.3604,1,1
NEU-005678,TreatmentB,B01,129.7,-66.55,336.8,11.93,112.1,-46.87,0.962,63.4,86,0.3176,1,1
NEU-005679,TreatmentA,B03,75.07,-75.94,145.9,18.46,104.7,-41.36,0.701,37.4,94,0.2538,0,0
NEU-005680,TreatmentA,B01,86.48,-64.39,214.6,17.09,81.3,-42.36,0.951,38.0,98,0.5061,0,1
NEU-005681,Control,B03,116.07,-52.94,227.7,8.58,138.8,-42.33,0.888,53.6,96,0.3582,0,0
NEU-005682,Control,B01,110.58,-70.32,288.8,9.52,92.9,-45.09,0.487,37.2,82,0.4747,0,0
NEU-005683,TreatmentA,B01,124.61,-65.02,215.4,10.71,164.2,-49.58,0.823,57.6,82,0.215,0,1
NEU-005684,Control,B01,85.68,-63.99,289.4,8.29,74.7,-49.9,0.89,34.6,85,0.6567,1,0
NEU-005685,TreatmentA,B03,93.24,-72.26,140.6,27.12,204.9,-39.52,1.016,37.3,87,0.2345,0,0
NEU-005686,Control,B03,81.45,-59.26,320.6,10.43,120.2,-46.73,1.138,24.0,78,0.2225,0,1
NEU-005687,TreatmentA,B03,100.43,-75.25,90.5,16.27,81.1,-45.57,1.318,53.7,80,0.1563,1,0
NEU-005688,TreatmentA,B02,114.71,-70.69,385.8,16.94,77.7,-37.26,0.509,3.7,89,0.4683,0,1
NEU-005689,TreatmentB,B03,64.81,-69.62,124.0,16.98,100.3,-45.51,1.006,63.1,90,0.18,1,0
NEU-005690,TreatmentA,B02,76.06,-65.6,208.3,18.02,156.0,-39.11,1.085,27.8,71,0.3119,0,1
NEU-005691,TreatmentB,B02,117.51,-66.41,110.4,7.7,95.1,-43.17,1.476,75.9,95,0.393,1,1
NEU-005692,Control,B03,95.18,-56.62,158.6,22.37,166.7,-41.48,1.107,30.4,79,0.4469,0,0
NEU-005693,TreatmentB,B01,85.73,-57.84,150.1,11.2,90.9,-46.41,0.641,48.1,67,0.6367,1,0
NEU-005694,TreatmentA,B02,99.91,-57.01,90.1,11.48,117.2,-42.12,0.754,28.5,96,0.5421,0,0
NEU-005695,TreatmentB,B03,118.0,-76.45,195.8,9.49,100.1,-38.88,1.574,40.3,81,0.296,0,0
NEU-005696,TreatmentA,B03,108.55,-66.56,197.9,26.31,104.8,-41.94,0.913,45.9,84,0.3394,0,1
NEU-005697,TreatmentA,B01,114.76,-61.25,173.5,30.62,109.1,-37.69,1.13,12.0,86,0.1622,0,0
NEU-005698,TreatmentB,B02,88.61,-65.84,466.3,21.91,116.9,-43.65,1.138,70.8,96,0.5168,0,1
NEU-005699,Control,B01,97.99,-61.09,219.9,9.32,162.1,-39.57,0.838,58.3,91,0.4283,0,0
NEU-005700,TreatmentA,B03,98.24,-68.55,295.8,14.48,194.7,-39.0,1.402,45.9,87,0.2086,1,1
NEU-005701,TreatmentB,B02,86.15,-68.49,242.6,21.43,96.7,-41.79,1.139,54.4,90,0.306,0,0
NEU-005702,Control,B02,77.11,-66.02,200.0,33.21,125.5,-44.71,1.243,46.5,96,0.3576,1,0
NEU-005703,TreatmentB,B03,63.67,-71.59,63.2,17.57,92.1,-44.66,0.687,76.6,88,0.5485,1,0
NEU-005704,TreatmentA,B01,104.29,-64.32,230.4,8.52,77.7,-42.71,1.261,29.6,78,0.2985,0,1
NEU-005705,TreatmentA,B02,77.27,-59.12,199.4,13.47,111.7,-47.03,1.478,52.2,86,0.1707,1,0
NEU-005706,Control,B03,106.9,-65.42,144.5,14.43,109.4,-36.07,1.453,29.4,83,0.6232,0,1
NEU-005707,TreatmentA,B02,105.46,-65.86,309.4,6.27,49.2,-41.9,0.735,56.8,79,0.2478,0,1
NEU-005708,Control,B01,125.51,-51.53,156.3,24.22,166.0,-37.39,0.817,41.0,87,0.7468,1,1
NEU-005709,TreatmentA,B03,110.47,-64.45,118.0,11.22,159.1,-35.38,0.919,46.4,91,0.2907,1,1
NEU-005710,TreatmentA,B02,96.38,-69.43,179.8,12.89,89.9,-46.55,1.222,52.6,81,0.4054,0,0
NEU-005711,TreatmentB,B02,92.64,-69.34,139.6,15.11,119.5,-40.76,0.77,71.3,83,0.4891,1,0
NEU-005712,Control,B03,114.99,-63.35,204.4,8.8,148.9,-40.9,0.859,32.9,84,0.5576,0,0
NEU-005713,TreatmentA,B02,99.27,-60.91,248.8,23.46,132.6,-44.49,1.35,48.2,96,0.5516,1,1
NEU-005714,TreatmentB,B03,96.97,-55.92,161.0,31.39,82.7,-39.7,1.687,60.5,84,0.1295,1,0
NEU-005715,TreatmentA,B02,127.2,-64.61,419.3,20.41,50.1,-38.47,1.127,36.1,82,0.2161,0,1
NEU-005716,Control,B03,73.52,-69.12,143.6,8.06,165.8,-48.03,1.132,26.3,75,0.3482,0,1
NEU-005717,TreatmentA,B01,81.19,-65.36,128.4,14.95,100.9,-42.49,1.745,43.1,94,0.4219,1,1
NEU-005718,TreatmentB,B02,89.04,-67.5,185.3,19.63,98.1,-42.74,0.55,53.8,86,0.4172,0,1
NEU-005719,TreatmentA,B01,114.58,-59.45,225.2,13.54,66.2,-42.67,0.959,59.1,90,0.4543,0,0
NEU-005720,TreatmentA,B02,107.78,-64.32,229.2,15.9,150.6,-46.2,0.457,35.5,71,0.2066,1,0
NEU-005721,TreatmentA,B01,108.31,-55.33,389.7,8.93,11.3,-36.96,1.101,34.0,85,0.2712,0,0
NEU-005722,TreatmentB,B02,106.32,-66.71,223.9,18.0,111.2,-46.17,1.431,67.9,76,0.2796,1,0
NEU-005723,TreatmentB,B02,91.95,-67.88,304.4,21.54,63.3,-40.69,0.959,37.8,76,0.0703,1,1
NEU-005724,Control,B01,85.86,-58.1,123.9,18.9,205.4,-40.68,1.307,39.5,92,0.5302,1,0
NEU-005725,TreatmentB,B01,89.8,-55.0,152.0,11.28,79.7,-48.51,1.05,64.7,79,0.2417,1,0
NEU-005726,TreatmentB,B01,96.2,-64.17,167.8,10.88,4.5,-40.63,0.838,56.2,97,0.1221,0,1
NEU-005727,TreatmentA,B01,98.71,-53.28,357.8,21.05,58.1,-38.8,0.69,54.3,79,0.2797,0,0
NEU-005728,TreatmentA,B03,87.42,-64.02,161.0,4.92,171.0,-44.49,0.937,58.5,70,0.277,0,1
NEU-005729,Control,B02,113.29,-55.53,146.3,15.03,118.3,-41.75,1.05,37.4,74,0.4164,0,0
NEU-005730,TreatmentB,B01,109.67,-70.46,286.5,20.56,107.8,-46.55,0.809,49.1,77,0.1089,0,0
NEU-005731,Control,B03,109.48,-61.51,90.0,5.71,151.8,-47.05,1.498,69.3,79,0.4858,1,0
NEU-005732,TreatmentB,B03,116.31,-58.68,332.1,9.0,75.8,-38.26,0.988,50.5,80,0.5648,0,0
NEU-005733,TreatmentA,B03,100.49,-63.21,73.8,11.63,135.3,-41.23,0.931,8.7,81,0.4093,0,1
NEU-005734,TreatmentA,B01,68.85,-65.26,219.6,7.37,53.8,-41.86,1.618,41.3,86,0.2867,0,1
NEU-005735,TreatmentB,B02,115.0,-63.24,237.8,8.05,139.0,-41.02,0.992,32.7,75,0.2049,0,1
NEU-005736,TreatmentB,B01,76.73,-61.0,148.6,15.36,70.4,-40.89,1.12,48.1,80,0.6489,1,1
NEU-005737,TreatmentB,B01,87.53,-56.68,110.8,23.74,44.3,-39.67,0.885,50.5,95,0.4957,0,0
NEU-005738,Control,B01,87.81,-66.09,111.3,14.03,97.5,-44.41,0.857,27.3,84,0.6196,0,1
NEU-005739,TreatmentA,B02,97.86,-76.13,183.7,19.58,118.5,-47.76,0.829,38.6,87,0.4125,0,1
NEU-005740,TreatmentA,B02,106.88,-55.86,173.9,19.47,164.1,-44.53,1.103,44.2,103,0.3911,1,0
NEU-005741,TreatmentB,B01,84.36,-63.73,208.2,13.16,80.2,-45.65,0.756,49.0,80,0.2371,0,1
NEU-005742,TreatmentB,B02,120.41,-68.24,192.9,17.78,89.9,-41.35,1.212,64.2,75,0.118,0,0
NEU-005743,TreatmentB,B02,75.66,-66.15,138.5,11.49,79.9,-39.19,1.169,41.3,80,0.4292,1,0
NEU-005744,Control,B01,121.92,-60.48,191.4,35.96,102.6,-41.61,1.239,73.4,79,0.1172,1,0
NEU-005745,TreatmentA,B01,86.43,-53.7,234.8,17.5,135.5,-43.33,0.907,40.8,57,0.5706,0,1
NEU-005746,TreatmentA,B02,117.63,-62.08,143.6,12.89,92.6,-47.9,0.686,32.7,91,0.5026,0,1
NEU-005747,TreatmentB,B02,74.92,-67.74,163.2,10.32,99.4,-46.56,1.146,49.4,90,0.5283,1,0
NEU-005748,Control,B02,103.71,-66.5,136.3,9.67,142.2,-42.16,1.168,67.7,86,0.6174,1,0
NEU-005749,Control,B02,113.65,-59.08,265.7,6.88,54.2,-47.71,1.943,19.9,68,0.5755,0,0
NEU-005750,TreatmentA,B01,103.4,-65.24,450.4,7.56,157.5,-45.75,0.897,50.3,98,0.4792,0,1
NEU-005751,TreatmentA,B01,120.41,-57.86,178.7,24.39,29.3,-41.28,1.023,66.1,77,0.2187,1,0
NEU-005752,TreatmentB,B03,90.46,-55.78,212.7,15.28,145.8,-42.43,0.973,62.7,105,0.2932,1,0
NEU-005753,Control,B03,97.28,-73.79,173.1,15.07,124.3,-41.64,1.846,66.2,78,0.775,1,0
NEU-005754,TreatmentB,B01,113.94,-53.98,174.7,15.17,106.4,-48.7,0.833,72.3,89,0.2911,1,0
NEU-005755,TreatmentA,B02,108.65,-70.49,207.5,12.56,172.1,-46.85,0.967,63.1,85,0.544,1,0
NEU-005756,Control,B02,82.72,-53.22,121.1,8.48,244.4,-39.08,0.627,49.3,90,0.547,1,0
NEU-005757,Control,B01,109.95,-69.99,276.6,14.6,160.2,-43.77,0.918,2.2,87,0.2211,0,0
NEU-005758,TreatmentA,B02,107.62,-67.71,103.2,9.17,86.2,-44.47,1.986,33.1,96,0.3983,1,1
NEU-005759,Control,B02,102.65,-66.53,63.4,16.16,174.4,-41.15,1.22,51.2,82,0.4128,0,1
NEU-005760,TreatmentA,B02,102.48,-68.21,288.5,21.47,169.0,-44.45,1.673,65.3,103,0.5718,1,1
NEU-005761,TreatmentB,B01,104.55,-63.8,163.8,16.86,16.5,-41.64,1.098,63.0,93,0.5424,0,1
NEU-005762,TreatmentB,B02,100.78,-59.82,350.4,23.86,96.3,-36.6,0.713,75.1,90,0.4236,1,0
NEU-005763,TreatmentB,B01,118.3,-63.29,152.5,20.73,140.8,-46.47,0.677,53.5,89,0.3338,1,1
NEU-005764,TreatmentA,B02,119.26,-67.57,158.7,7.83,106.7,-43.95,2.238,52.1,84,0.0671,1,1
NEU-005765,TreatmentA,B03,81.88,-68.03,393.0,18.79,69.5,-40.84,1.065,38.3,89,0.5873,0,1
NEU-005766,TreatmentB,B03,98.67,-64.18,127.9,9.63,144.7,-44.83,0.855,55.0,81,0.5298,1,1
NEU-005767,TreatmentA,B03,89.57,-69.91,246.0,17.67,67.9,-49.38,1.022,43.1,84,0.4086,1,1
NEU-005768,TreatmentB,B01,104.63,-72.24,99.5,7.04,95.6,-35.36,1.451,35.8,84,0.3255,1,0
NEU-005769,Control,B02,89.18,-69.28,252.5,19.09,172.9,-37.59,1.112,28.9,88,0.3181,1,0
NEU-005770,Control,B02,79.64,-63.66,108.9,10.33,183.7,-37.73,1.12,27.1,81,0.7958,1,0
NEU-005771,TreatmentB,B03,107.5,-66.0,181.9,19.45,62.8,-40.55,1.802,63.5,81,0.167,1,0
NEU-005772,TreatmentB,B01,91.48,-68.62,88.1,9.45,62.3,-43.33,1.06,75.3,85,0.4829,1,1
NEU-005773,TreatmentA,B01,80.38,-76.04,449.7,17.66,188.0,-43.44,1.274,23.7,108,0.7676,0,0
NEU-005774,Control,B02,101.7,-62.01,151.9,7.48,133.9,-46.25,0.88,21.0,77,0.3406,0,1
NEU-005775,TreatmentA,B03,95.33,-66.7,332.8,12.26,95.7,-42.11,1.325,24.7,102,0.4853,0,1
NEU-005776,TreatmentB,B01,84.76,-71.09,114.2,7.93,121.2,-41.63,1.057,54.5,91,0.6539,1,0
NEU-005777,Control,B02,87.42,-66.33,159.8,10.33,237.3,-37.79,1.227,17.9,84,0.4447,0,0
NEU-005778,TreatmentB,B01,88.06,-58.02,174.6,11.96,127.5,-38.79,1.505,53.0,80,0.1532,1,1
NEU-005779,TreatmentA,B03,109.44,-62.01,195.8,25.4,108.4,-44.86,1.256,44.9,91,0.2671,1,0
NEU-005780,Control,B01,86.66,-65.67,276.7,13.65,122.1,-39.94,0.933,45.4,93,0.5114,1,1
NEU-005781,Control,B01,114.96,-56.56,255.0,13.93,158.4,-40.26,0.962,47.9,94,0.2525,0,0
NEU-005782,Control,B02,109.0,-59.9,267.4,12.22,150.4,-37.27,1.159,35.5,87,0.5654,0,0
NEU-005783,TreatmentB,B02,101.64,-54.76,267.2,7.1,32.1,-40.72,1.196,22.5,95,0.2401,0,1
NEU-005784,TreatmentA,B01,107.07,-72.18,212.0,11.14,129.9,-39.81,0.724,42.8,81,0.3584,0,0
NEU-005785,TreatmentA,B01,86.1,-58.76,140.2,11.0,76.0,-41.33,0.819,42.9,80,0.424,0,0
NEU-005786,TreatmentB,B01,65.21,-62.85,139.2,10.04,39.8,-40.89,1.069,49.6,94,0.5256,0,0
NEU-005787,TreatmentB,B02,105.33,-67.27,261.3,19.73,150.1,-48.44,0.759,50.7,94,0.4508,0,1
NEU-005788,Control,B01,83.69,-63.0,107.2,18.79,160.5,-39.16,0.49,41.6,93,0.4029,0,1
NEU-005789,Control,B03,139.99,-70.38,107.2,7.26,129.0,-42.25,1.274,49.9,97,0.2663,0,0
NEU-005790,TreatmentA,B01,123.47,-65.87,246.7,10.55,60.1,-45.69,1.443,58.5,91,0.5121,1,0
NEU-005791,TreatmentB,B01,86.33,-61.8,416.8,9.18,126.5,-36.18,1.206,52.3,69,0.3371,0,1
NEU-005792,Control,B03,88.16,-60.86,170.1,14.11,168.1,-40.26,1.73,17.6,82,0.4962,0,1
NEU-005793,Control,B03,129.68,-70.65,196.8,13.81,126.8,-43.7,0.894,44.8,101,0.4828,0,0
NEU-005794,TreatmentB,B03,90.52,-66.43,155.4,9.59,55.9,-39.27,0.867,66.2,86,0.4736,1,0
NEU-005795,TreatmentB,B02,75.86,-68.95,215.9,27.85,123.7,-37.82,1.17,65.0,78,0.5354,0,1
NEU-005796,Control,B02,88.84,-65.32,274.2,7.29,123.4,-36.51,2.371,40.1,88,0.2392,1,1
NEU-005797,TreatmentB,B03,118.91,-72.31,209.7,5.88,39.1,-36.06,0.767,54.4,85,0.3407,0,1
NEU-005798,TreatmentA,B03,90.34,-66.87,211.4,11.43,169.3,-43.69,1.292,46.4,87,0.2162,0,1
NEU-005799,Control,B01,103.37,-62.37,106.1,26.58,78.8,-44.22,0.964,40.4,90,0.3437,1,0
NEU-005800,Control,B03,102.0,-65.02,187.7,8.57,128.3,-43.47,0.748,47.9,83,0.5792,1,0
NEU-005801,TreatmentB,B03,96.43,-68.35,246.6,9.36,119.8,-44.4,0.946,48.8,80,0.2664,1,1
NEU-005802,TreatmentA,B02,106.84,-68.24,87.1,34.31,151.5,-32.7,1.286,41.6,90,0.4086,1,0
NEU-005803,Control,B01,105.79,-54.63,117.0,23.54,133.0,-44.1,1.276,33.1,82,0.291,1,0
NEU-005804,Control,B02,117.37,-66.13,202.4,10.07,226.1,-37.32,0.823,24.2,78,0.5062,0,0
NEU-005805,TreatmentB,B01,119.82,-64.55,146.5,6.96,84.1,-40.21,0.983,54.5,76,0.5318,1,0
NEU-005806,TreatmentB,B01,76.29,-65.56,232.9,15.95,143.0,-44.43,1.565,67.7,90,0.5191,1,1
NEU-005807,TreatmentA,B01,105.08,-63.84,237.8,12.16,78.6,-33.75,0.747,71.8,85,0.4846,1,1
NEU-005808,TreatmentA,B02,107.54,-72.55,90.7,13.6,97.5,-35.67,1.319,49.8,91,0.3797,1,0
NEU-005809,TreatmentB,B01,96.44,-62.65,104.8,16.65,51.5,-43.17,1.317,46.0,93,0.505,1,1
NEU-005810,Control,B01,110.18,-62.89,322.7,8.29,183.0,-42.65,1.671,52.3,75,0.3697,0,1
NEU-005811,Control,B03,106.33,-66.18,209.3,31.67,99.2,-40.6,1.009,17.2,94,0.1764,0,0
NEU-005812,TreatmentA,B02,131.89,-65.62,246.6,13.29,147.6,-41.03,1.686,66.1,79,0.2965,1,1
NEU-005813,Control,B01,99.86,-61.03,343.8,17.61,152.2,-37.45,1.448,32.1,106,0.5449,0,1
NEU-005814,TreatmentB,B02,116.19,-65.72,282.6,15.75,64.9,-42.03,0.862,53.6,101,0.4703,1,1
NEU-005815,TreatmentB,B01,122.1,-76.13,384.3,9.32,61.4,-36.65,1.47,88.4,95,0.1503,1,1
NEU-005816,TreatmentB,B03,99.64,-64.12,97.3,8.05,101.2,-45.37,1.305,73.2,94,0.4106,1,1
NEU-005817,TreatmentA,B02,104.8,-65.92,324.7,11.83,62.1,-44.75,0.726,47.5,98,0.2738,0,1
NEU-005818,TreatmentA,B02,105.38,-72.97,230.1,11.89,93.9,-32.48,1.137,45.8,75,0.3348,0,0
NEU-005819,Control,B03,115.84,-65.38,256.1,18.36,136.5,-36.26,1.048,46.8,86,0.3604,0,1
NEU-005820,Control,B03,121.03,-71.77,379.5,22.32,161.0,-40.63,1.458,44.4,93,0.5735,0,1
NEU-005821,TreatmentB,B03,76.97,-58.34,142.3,11.55,58.6,-29.98,1.111,47.9,93,0.5019,1,0
NEU-005822,TreatmentA,B02,84.49,-69.07,359.8,16.99,91.2,-40.59,0.93,47.0,79,0.3843,0,1
NEU-005823,Control,B01,91.99,-61.49,204.1,10.87,154.9,-39.08,1.237,7.2,86,0.5732,0,0
NEU-005824,TreatmentA,B01,82.71,-56.91,185.1,9.87,147.5,-39.63,0.97,61.5,72,0.178,0,0
NEU-005825,TreatmentB,B01,122.51,-59.02,94.8,11.77,106.7,-47.06,1.077,64.2,91,0.2383,1,1
NEU-005826,Control,B02,108.12,-54.75,246.2,12.7,84.4,-40.45,1.383,36.0,86,0.2988,1,0
NEU-005827,TreatmentB,B03,128.47,-69.74,231.7,10.4,150.6,-31.26,0.981,59.0,78,0.3621,1,0
NEU-005828,TreatmentB,B01,111.69,-63.97,374.5,8.82,57.0,-44.31,0.807,53.2,79,0.5234,1,0
NEU-005829,TreatmentA,B03,85.64,-54.0,146.1,11.14,135.7,-42.38,1.045,52.9,79,0.4953,1,0
NEU-005830,Control,B02,112.76,-61.69,217.9,11.69,137.4,-46.67,2.057,27.7,89,0.6362,1,1
NEU-005831,TreatmentA,B01,100.11,-50.49,179.2,10.01,91.5,-30.81,0.887,37.6,78,0.5511,0,0
NEU-005832,Control,B03,113.85,-63.08,315.5,21.39,96.9,-37.85,0.941,52.5,94,0.4866,0,1
NEU-005833,TreatmentA,B03,75.02,-66.66,469.5,14.31,142.6,-39.64,1.043,16.0,78,0.261,0,0
NEU-005834,Control,B01,116.41,-59.21,168.7,8.35,152.4,-46.13,1.033,47.6,92,0.535,1,0
NEU-005835,TreatmentB,B02,93.21,-55.89,150.3,8.68,48.9,-44.41,1.037,70.2,78,0.6136,0,0
NEU-005836,TreatmentB,B03,116.93,-59.49,536.8,21.53,96.2,-36.79,0.891,41.6,86,0.2594,0,0
NEU-005837,Control,B02,122.51,-69.57,70.0,14.76,124.9,-42.86,0.995,41.8,82,0.349,1,0
NEU-005838,TreatmentB,B02,101.89,-64.21,171.9,13.84,86.1,-37.01,1.085,67.8,93,0.1836,1,0
NEU-005839,Control,B02,58.22,-52.43,590.5,6.99,77.0,-42.88,0.94,41.7,96,0.1643,0,1
NEU-005840,Control,B02,84.67,-68.68,209.1,5.32,75.7,-41.64,1.493,48.9,85,0.3166,1,1
NEU-005841,TreatmentB,B03,84.05,-54.52,278.3,16.34,68.4,-41.4,0.956,59.7,81,0.3331,0,0
NEU-005842,TreatmentB,B03,71.79,-71.14,191.4,22.92,54.3,-38.87,1.519,67.3,86,0.3753,1,0
NEU-005843,TreatmentA,B02,78.76,-65.0,174.8,6.52,97.3,-41.83,1.086,25.2,63,0.7171,1,0
NEU-005844,Control,B02,119.39,-73.95,198.3,13.64,106.4,-45.97,0.432,61.6,87,0.5115,0,0
NEU-005845,Control,B01,91.59,-60.52,183.4,41.86,83.9,-36.79,1.258,57.5,82,0.19,1,0
NEU-005846,TreatmentB,B01,90.93,-64.42,202.3,7.38,93.0,-35.8,0.794,64.8,64,0.305,0,1
NEU-005847,TreatmentB,B03,111.66,-53.05,156.6,14.49,55.3,-37.28,1.034,71.5,70,0.2184,0,0
NEU-005848,TreatmentB,B01,105.5,-65.74,172.2,17.53,87.7,-46.75,0.949,64.3,86,0.1566,1,0
NEU-005849,TreatmentB,B03,99.38,-64.61,172.4,13.02,107.0,-40.22,1.203,62.7,77,0.4755,1,1
NEU-005850,Control,B02,119.87,-67.89,56.3,9.18,104.2,-46.83,1.324,33.7,84,0.3168,0,1
NEU-005851,TreatmentA,B01,103.33,-62.23,226.7,15.31,121.0,-44.77,0.712,48.7,87,0.7541,0,1
NEU-005852,TreatmentB,B02,105.87,-66.81,200.8,8.72,155.3,-37.56,1.427,53.9,88,0.4616,1,1
NEU-005853,TreatmentB,B03,112.01,-59.6,221.2,7.32,106.6,-38.55,1.217,44.4,84,0.4177,1,0
NEU-005854,Control,B03,96.65,-72.77,128.7,14.39,151.7,-45.11,1.065,31.1,71,0.2216,0,0
NEU-005855,TreatmentB,B03,112.04,-54.52,322.4,16.58,45.2,-36.15,1.509,53.7,104,0.1639,1,0
NEU-005856,TreatmentA,B03,96.59,-65.6,120.8,16.19,86.9,-40.78,2.014,50.3,81,0.5216,1,1
NEU-005857,TreatmentB,B03,98.52,-70.05,183.9,13.14,149.0,-43.42,0.768,2.7,97,0.3309,0,0
NEU-005858,Control,B01,117.45,-76.02,173.0,9.68,175.1,-41.21,0.884,34.6,77,0.3227,1,0
NEU-005859,Control,B01,114.06,-62.2,541.9,15.81,76.4,-51.21,1.175,21.2,79,0.1632,0,0
NEU-005860,Control,B01,91.28,-60.9,157.9,21.41,179.9,-39.68,0.97,13.9,104,0.3135,0,0
NEU-005861,TreatmentA,B02,96.49,-65.4,500.9,12.34,125.9,-44.72,1.319,52.2,77,0.4477,0,1
NEU-005862,Control,B02,109.46,-61.78,138.1,21.6,150.6,-36.17,1.107,45.1,73,0.2678,0,0
NEU-005863,TreatmentA,B02,99.07,-61.9,126.2,16.86,98.9,-48.13,0.809,50.5,94,0.3062,1,0
NEU-005864,TreatmentA,B03,108.07,-70.78,222.2,13.54,130.3,-39.12,0.818,62.3,89,0.4103,1,1
NEU-005865,Control,B03,91.64,-62.87,165.5,8.1,89.6,-42.03,0.627,55.7,97,0.5413,0,1
NEU-005866,TreatmentB,B01,105.99,-68.3,492.7,27.8,100.2,-37.35,1.488,78.4,96,0.3522,0,1
NEU-005867,Control,B01,128.0,-66.14,105.2,9.09,95.4,-45.12,0.781,61.7,85,0.2361,0,1
NEU-005868,Control,B02,105.2,-63.73,187.2,17.65,99.7,-36.96,0.92,9.5,87,0.4673,0,1
NEU-005869,TreatmentB,B01,87.27,-65.5,242.3,13.26,52.3,-34.53,1.244,74.5,101,0.2169,1,1
NEU-005870,TreatmentA,B01,116.24,-67.73,104.1,11.17,91.9,-46.14,0.983,25.5,81,0.2451,0,1
NEU-005871,TreatmentB,B03,120.27,-61.79,391.0,11.88,130.9,-45.07,1.012,43.5,82,0.3175,0,1
NEU-005872,TreatmentA,B03,88.61,-71.44,99.7,8.71,109.2,-37.97,1.145,64.6,100,0.3803,1,0
NEU-005873,Control,B02,107.29,-68.82,234.7,8.74,90.7,-40.01,1.273,56.7,109,0.3299,1,0
NEU-005874,TreatmentA,B01,101.96,-57.95,154.9,16.38,131.3,-34.8,1.408,56.7,89,0.4844,1,0
NEU-005875,TreatmentB,B02,114.58,-73.1,279.4,9.58,153.9,-37.13,0.776,53.9,71,0.4508,0,0
NEU-005876,Control,B02,121.26,-71.29,376.7,11.54,66.8,-46.61,0.698,29.9,85,0.4045,0,0
NEU-005877,TreatmentB,B01,93.87,-66.68,130.1,21.43,105.1,-50.95,1.557,27.0,86,0.5105,0,1
NEU-005878,TreatmentB,B02,88.14,-56.4,166.4,6.25,165.1,-43.74,0.507,75.3,93,0.4133,1,1
NEU-005879,Control,B02,123.65,-68.35,121.0,9.01,211.4,-42.59,0.766,8.7,75,0.3846,0,1
NEU-005880,TreatmentB,B01,98.99,-60.2,141.9,23.23,85.2,-35.58,1.933,38.5,74,0.699,1,1
NEU-005881,TreatmentA,B03,124.71,-64.92,97.3,9.09,111.5,-46.72,0.994,34.7,79,0.7414,1,0
NEU-005882,Control,B03,59.39,-68.65,238.3,15.47,64.9,-32.95,1.563,44.8,73,0.3706,0,0
NEU-005883,TreatmentB,B03,109.49,-65.97,83.3,12.48,97.7,-36.83,1.358,77.7,80,0.4346,1,1
NEU-005884,TreatmentA,B02,92.77,-60.03,237.4,20.75,150.1,-44.1,1.022,34.9,78,0.3077,1,1
NEU-005885,TreatmentA,B02,93.1,-64.87,124.8,17.58,81.3,-46.6,1.199,46.4,94,0.4629,1,1
NEU-005886,TreatmentA,B02,115.75,-67.07,218.8,8.73,96.6,-40.03,1.582,35.0,85,0.2846,1,1
NEU-005887,Control,B03,107.38,-61.68,99.9,11.7,174.2,-49.82,0.986,45.3,99,0.1855,0,1
NEU-005888,TreatmentB,B01,104.41,-76.45,71.3,14.07,129.9,-39.89,1.094,87.3,81,0.426,1,0
NEU-005889,TreatmentA,B01,65.76,-60.49,161.7,20.51,68.8,-39.62,1.223,66.1,80,0.489,1,1
NEU-005890,TreatmentA,B02,85.46,-77.8,171.3,44.52,188.7,-41.27,1.257,44.2,102,0.3255,1,0
NEU-005891,TreatmentB,B03,86.23,-74.08,185.6,16.05,-4.9,-38.92,0.727,64.1,91,0.26,0,0
NEU-005892,Control,B03,70.52,-69.35,170.0,14.09,129.2,-43.35,0.92,32.1,73,0.1945,0,0
NEU-005893,TreatmentA,B03,107.42,-56.77,108.8,14.57,148.1,-46.17,0.94,36.2,95,0.4431,0,0
NEU-005894,TreatmentA,B01,94.34,-55.73,249.7,7.81,70.0,-35.71,1.349,46.7,82,0.432,1,0
NEU-005895,TreatmentB,B03,121.67,-66.17,310.9,19.61,47.9,-38.87,1.032,53.0,88,0.3086,0,0
NEU-005896,TreatmentB,B02,87.63,-60.28,218.6,9.22,113.9,-37.09,0.917,65.4,73,0.2452,1,1
NEU-005897,TreatmentB,B03,86.14,-68.7,208.5,12.29,122.4,-39.36,2.032,62.9,79,0.4897,1,0
NEU-005898,TreatmentA,B02,114.9,-69.01,200.4,8.38,177.4,-43.41,1.123,41.4,89,0.4032,1,1
NEU-005899,TreatmentA,B03,127.66,-60.77,413.3,13.87,51.6,-42.47,1.191,54.9,92,0.4367,0,1
NEU-005900,TreatmentA,B02,116.34,-68.12,130.2,10.73,69.8,-36.77,0.818,44.3,78,0.2616,0,1
NEU-005901,Control,B01,97.88,-58.98,152.5,14.79,102.2,-43.68,0.904,29.8,90,0.6213,1,1
NEU-005902,TreatmentB,B02,129.74,-66.07,421.3,12.81,129.4,-39.28,0.898,55.6,95,0.1426,0,1
NEU-005903,TreatmentB,B01,99.3,-62.52,185.0,37.71,87.1,-35.86,1.006,74.6,87,0.5673,1,1
NEU-005904,TreatmentA,B03,93.97,-70.96,168.4,20.85,65.5,-39.68,0.833,17.9,88,0.2589,0,0
NEU-005905,Control,B01,103.39,-62.87,122.8,18.11,155.6,-42.65,1.321,11.1,73,0.841,0,1
NEU-005906,TreatmentB,B03,82.41,-63.53,338.5,12.21,64.5,-42.11,1.364,64.4,100,0.5347,0,1
NEU-005907,TreatmentA,B01,101.42,-67.8,238.4,18.64,97.2,-38.57,1.157,47.0,77,0.6037,1,1
NEU-005908,TreatmentB,B01,94.77,-63.07,124.6,9.61,73.0,-39.43,1.272,65.8,91,0.4791,1,0
NEU-005909,TreatmentB,B03,103.99,-66.33,125.7,18.45,74.0,-40.98,0.833,47.3,83,0.2824,0,0
NEU-005910,TreatmentA,B03,153.4,-60.82,139.1,16.04,132.8,-39.82,1.049,47.4,92,0.4719,1,0
NEU-005911,TreatmentB,B02,78.63,-59.59,133.9,14.79,47.7,-47.12,0.656,88.3,69,0.4375,1,0
NEU-005912,TreatmentA,B01,68.98,-59.01,184.4,8.54,97.8,-40.27,1.364,54.1,79,0.4214,1,0
NEU-005913,Control,B01,114.45,-57.84,100.6,11.36,68.9,-35.25,0.778,15.4,64,0.2949,0,1
NEU-005914,TreatmentA,B03,80.39,-68.82,140.0,10.78,79.1,-40.68,1.328,63.7,85,0.6518,1,0
NEU-005915,Control,B01,97.47,-62.52,122.9,10.3,75.0,-33.03,0.885,60.4,90,0.3552,1,1
NEU-005916,TreatmentB,B03,78.76,-57.01,311.8,9.54,84.0,-45.31,1.127,57.5,81,0.2933,0,0
NEU-005917,Control,B03,90.35,-61.12,121.9,15.58,138.6,-40.43,1.135,44.0,91,0.4507,0,1
NEU-005918,Control,B02,106.06,-65.1,140.1,17.4,126.8,-38.4,0.675,21.3,97,0.3572,0,1
NEU-005919,TreatmentB,B02,81.66,-58.84,370.9,8.67,100.2,-37.51,1.367,50.8,113,0.5727,0,0
NEU-005920,Control,B02,96.8,-65.81,106.9,11.88,160.7,-46.3,1.307,40.8,90,0.342,1,1
NEU-005921,TreatmentA,B01,108.83,-67.07,352.2,13.65,103.8,-49.62,1.511,43.9,78,0.3334,0,1
NEU-005922,Control,B03,125.25,-60.65,169.9,9.93,161.7,-53.45,1.505,20.4,92,0.2997,0,0
NEU-005923,Control,B02,84.14,-68.88,255.7,13.77,191.5,-46.45,1.424,37.5,82,0.2909,1,1
NEU-005924,TreatmentB,B03,85.72,-66.65,193.1,6.53,140.5,-40.99,1.487,81.2,78,0.2053,1,1
NEU-005925,TreatmentB,B03,87.99,-65.43,337.8,9.67,88.7,-45.03,0.746,53.5,88,0.4231,0,1
NEU-005926,TreatmentB,B03,106.99,-67.07,354.4,21.59,65.1,-40.03,0.991,35.9,84,0.2357,0,1
NEU-005927,TreatmentB,B01,81.0,-55.12,125.5,9.24,29.1,-39.19,0.864,65.1,81,0.2679,0,0
NEU-005928,TreatmentB,B01,84.19,-62.57,524.5,17.42,75.5,-43.61,0.541,42.6,82,0.2226,0,1
NEU-005929,TreatmentA,B02,100.25,-57.56,204.2,9.43,140.3,-43.75,1.404,61.2,94,0.3817,1,1
NEU-005930,Control,B03,93.23,-80.5,62.4,17.65,110.3,-48.48,1.474,38.9,68,0.4692,0,0
NEU-005931,TreatmentB,B02,100.15,-60.93,350.4,9.48,75.4,-45.87,1.0,46.9,94,0.414,0,0
NEU-005932,TreatmentB,B03,94.36,-70.38,170.6,33.32,101.4,-37.37,1.181,72.3,81,0.6753,1,1
NEU-005933,TreatmentB,B02,115.63,-64.3,129.9,12.1,126.6,-42.12,0.857,50.4,89,0.4913,1,0
NEU-005934,TreatmentB,B01,91.03,-64.23,99.8,15.27,40.3,-38.49,0.578,65.5,81,0.5557,1,1
NEU-005935,TreatmentB,B03,99.25,-65.05,352.4,10.68,70.6,-44.81,1.13,62.2,81,0.4366,1,1
NEU-005936,Control,B03,69.32,-57.64,110.2,8.69,150.8,-40.11,1.536,41.6,67,0.22,1,1
NEU-005937,TreatmentB,B02,84.59,-66.12,139.5,23.57,112.3,-41.1,1.055,40.6,96,0.3348,0,1
NEU-005938,Control,B03,113.99,-61.97,208.6,14.53,228.7,-44.86,0.737,42.1,79,0.4177,1,1
NEU-005939,TreatmentB,B02,107.21,-69.0,180.8,35.25,85.9,-34.98,1.21,45.3,89,0.2607,0,0
NEU-005940,Control,B03,117.26,-61.88,112.9,25.34,99.2,-41.38,0.913,28.4,78,0.2663,0,0
NEU-005941,Control,B03,98.42,-59.05,221.6,20.72,162.9,-47.42,0.746,28.3,103,0.479,1,0
NEU-005942,TreatmentA,B01,91.41,-68.56,345.4,13.99,201.2,-45.32,0.755,49.0,99,0.2096,0,0
NEU-005943,Control,B01,99.52,-70.08,245.6,36.96,67.2,-49.51,0.702,39.1,85,0.405,0,1
NEU-005944,TreatmentA,B01,101.52,-63.78,131.7,11.15,84.2,-43.03,0.677,55.4,83,0.5742,0,1
NEU-005945,TreatmentA,B02,90.62,-61.59,118.5,6.44,105.3,-38.74,1.298,38.8,107,0.1607,0,1
NEU-005946,TreatmentB,B03,102.7,-69.02,233.4,5.32,39.0,-45.57,0.758,62.8,89,0.4463,0,0
NEU-005947,TreatmentB,B01,112.18,-65.33,187.8,23.61,34.8,-41.19,0.775,77.4,80,0.2176,1,0
NEU-005948,TreatmentA,B03,85.61,-67.04,144.7,8.19,93.0,-42.5,0.974,37.7,97,0.2562,0,1
NEU-005949,Control,B03,88.03,-64.28,97.0,19.31,29.7,-37.82,0.886,53.3,93,0.2486,1,0
NEU-005950,Control,B03,120.21,-55.18,175.6,14.77,100.4,-40.81,0.623,31.0,90,0.4219,0,1
NEU-005951,TreatmentB,B02,109.44,-58.21,160.9,19.06,43.3,-34.98,1.026,50.6,98,0.5086,1,1
NEU-005952,TreatmentB,B03,105.81,-68.16,120.6,30.12,39.3,-39.53,1.011,61.1,88,0.4043,1,1
NEU-005953,TreatmentB,B01,128.79,-69.08,120.0,23.28,44.2,-41.37,0.37,75.8,70,0.5015,1,1
NEU-005954,Control,B01,98.92,-70.99,128.3,12.71,187.5,-39.17,0.731,1.7,74,0.2837,0,1
NEU-005955,TreatmentA,B01,112.49,-68.87,273.0,13.49,116.5,-37.42,1.046,38.6,86,0.2096,0,1
NEU-005956,TreatmentA,B03,79.5,-62.75,196.6,13.06,98.6,-36.58,0.961,50.3,86,0.3951,1,0
NEU-005957,TreatmentB,B02,86.7,-77.98,282.1,10.69,99.4,-36.23,0.801,49.9,73,0.354,0,0
NEU-005958,TreatmentB,B02,118.77,-67.77,135.5,17.43,92.1,-41.46,1.201,44.6,89,0.4868,1,1
NEU-005959,Control,B02,107.93,-61.81,153.1,12.6,113.4,-35.21,1.269,22.9,83,0.3362,1,0
NEU-005960,TreatmentA,B01,95.11,-75.26,172.5,5.13,135.2,-48.91,0.835,59.1,93,0.3624,1,0
NEU-005961,TreatmentA,B03,115.43,-65.92,354.7,8.63,136.0,-38.07,1.286,47.7,67,0.2311,0,1
NEU-005962,Control,B02,80.38,-59.33,102.2,9.6,79.2,-46.51,1.058,34.1,79,0.42,0,0
NEU-005963,TreatmentA,B01,114.29,-59.14,175.6,23.07,88.9,-47.42,1.333,8.1,85,0.716,0,1
NEU-005964,TreatmentA,B01,106.74,-62.42,152.1,12.6,65.3,-44.72,1.265,62.4,92,0.3709,1,1
NEU-005965,TreatmentB,B01,128.34,-54.94,229.1,10.07,38.6,-31.22,0.901,54.8,106,0.3771,1,0
NEU-005966,Control,B03,98.17,-60.85,352.9,22.66,150.7,-40.39,1.077,69.4,82,0.4537,1,1
NEU-005967,TreatmentB,B03,85.58,-61.73,197.7,9.71,134.6,-40.59,1.0,61.5,92,0.1409,1,1
NEU-005968,TreatmentB,B02,87.15,-68.8,150.6,21.37,91.0,-36.01,1.716,52.2,63,0.2673,1,0
NEU-005969,Control,B02,93.86,-64.89,253.8,15.23,149.6,-33.86,0.59,46.0,82,0.1534,0,1
NEU-005970,TreatmentA,B03,94.06,-64.2,145.9,18.31,135.5,-37.21,0.988,36.1,80,0.5698,0,1
NEU-005971,TreatmentB,B01,85.98,-64.16,228.0,14.51,97.3,-40.53,2.296,41.3,83,0.4381,1,1
NEU-005972,TreatmentA,B02,87.81,-62.14,200.6,17.21,134.4,-39.22,1.137,51.5,89,0.4569,0,1
NEU-005973,Control,B02,106.29,-69.77,111.5,13.07,114.0,-43.32,0.571,54.7,90,0.3261,0,0
NEU-005974,TreatmentA,B03,106.43,-57.98,228.8,22.96,127.8,-39.81,1.182,55.6,78,0.1936,1,0
NEU-005975,Control,B03,91.85,-56.17,403.8,10.47,140.1,-43.41,0.838,60.8,87,0.3368,1,0
NEU-005976,TreatmentB,B03,90.92,-76.29,191.7,16.02,78.7,-44.14,1.154,47.2,81,0.5284,1,0
NEU-005977,TreatmentA,B01,82.83,-58.74,354.0,17.01,178.9,-42.23,0.831,48.4,77,0.2401,0,0
NEU-005978,TreatmentB,B02,128.35,-66.5,108.7,25.14,38.4,-39.71,0.974,55.4,88,0.3415,1,0
NEU-005979,TreatmentA,B02,99.32,-64.71,484.4,12.12,74.5,-38.94,0.974,66.0,79,0.4689,0,1
NEU-005980,TreatmentB,B01,100.0,-74.03,318.3,11.74,50.8,-47.55,1.102,51.6,75,0.3405,1,1
NEU-005981,TreatmentB,B01,138.15,-68.75,240.5,26.38,122.7,-34.42,0.944,34.4,94,0.3239,0,0
NEU-005982,TreatmentA,B02,107.26,-63.36,155.3,7.77,42.0,-40.13,0.954,21.2,91,0.4283,0,1
NEU-005983,TreatmentA,B01,87.54,-53.96,103.2,23.17,86.4,-42.24,0.964,55.2,83,0.2808,1,0
NEU-005984,TreatmentA,B03,87.58,-73.99,66.0,30.38,109.3,-39.81,0.473,35.2,69,0.3667,0,0
NEU-005985,TreatmentA,B03,89.95,-64.97,147.8,13.01,69.1,-40.14,1.111,70.2,80,0.4741,1,1
NEU-005986,TreatmentB,B02,99.01,-65.08,127.0,12.58,164.4,-35.45,1.238,68.4,87,0.5793,1,0
NEU-005987,TreatmentB,B02,93.66,-65.49,292.8,8.05,139.6,-46.39,0.923,13.6,85,0.3836,0,1
NEU-005988,TreatmentB,B02,95.05,-64.73,140.4,11.56,29.7,-34.85,1.083,71.2,72,0.5589,1,1
NEU-005989,Control,B01,97.33,-69.7,123.4,14.08,80.0,-37.77,2.071,54.9,86,0.3256,1,0
NEU-005990,Control,B03,95.44,-70.14,81.0,13.24,129.9,-39.23,1.8,52.8,86,0.5189,1,1
NEU-005991,TreatmentA,B01,94.07,-64.25,215.3,24.92,110.2,-37.24,0.707,64.3,86,0.4416,1,1
NEU-005992,TreatmentA,B03,110.82,-68.34,210.4,7.43,107.5,-42.98,2.063,56.5,84,0.2082,1,1
NEU-005993,TreatmentB,B02,105.57,-67.39,171.4,13.56,137.1,-35.87,1.475,51.8,98,0.2609,1,1
NEU-005994,TreatmentB,B02,97.98,-61.15,360.5,7.52,67.7,-33.2,0.86,65.7,87,0.1927,0,1
NEU-005995,Control,B02,104.99,-59.7,169.6,16.28,152.6,-48.54,1.073,27.9,82,0.0659,1,0
NEU-005996,Control,B03,82.41,-70.09,167.4,13.14,130.3,-40.06,0.735,56.6,83,0.2669,0,0
NEU-005997,TreatmentB,B01,92.9,-62.9,235.0,9.88,104.5,-40.41,1.016,39.4,81,0.181,1,1
NEU-005998,TreatmentB,B02,100.88,-64.95,219.4,9.23,54.9,-42.72,1.033,73.4,81,0.0811,1,1
NEU-005999,TreatmentB,B02,99.18,-65.81,266.0,13.21,67.0,-42.13,1.138,63.0,85,0.5565,1,1
NEU-006000,TreatmentA,B02,117.96,-52.91,223.7,21.4,79.5,-35.87,0.84,69.4,81,0.4987,1,0
NEU-006001,Control,B01,90.74,-67.42,184.6,9.6,140.1,-41.61,1.221,30.1,84,0.2502,0,1
NEU-006002,Control,B01,87.05,-75.58,147.0,9.76,139.6,-40.45,1.266,42.1,94,0.2125,1,0
NEU-006003,TreatmentA,B01,106.78,-64.79,236.7,20.49,171.5,-41.07,0.951,79.6,93,0.3074,1,0
NEU-006004,Control,B03,122.92,-56.24,170.7,6.26,111.6,-46.55,0.734,38.7,100,0.4869,0,0
NEU-006005,TreatmentA,B01,103.69,-60.16,381.0,9.82,67.7,-44.06,1.222,54.8,77,0.461,0,1
NEU-006006,TreatmentA,B03,99.21,-61.04,318.2,26.98,138.9,-36.98,0.886,67.2,88,0.1613,1,0
NEU-006007,TreatmentA,B03,121.11,-72.52,318.4,23.1,78.3,-40.37,1.587,45.0,86,0.4252,0,1
NEU-006008,Control,B01,100.73,-69.25,294.5,20.77,153.0,-42.56,1.255,28.8,73,0.4307,0,1
NEU-006009,TreatmentB,B03,137.11,-69.83,210.1,19.44,112.3,-48.32,0.785,20.2,92,0.4572,0,0
NEU-006010,TreatmentA,B01,94.99,-60.67,140.5,7.57,134.8,-47.42,1.344,35.3,74,0.5017,0,0
NEU-006011,TreatmentB,B03,85.83,-66.04,191.1,19.64,139.6,-36.44,0.715,83.2,84,0.1382,1,0
NEU-006012,Control,B02,90.32,-74.14,131.5,14.68,101.7,-36.6,1.807,10.0,73,0.3318,0,0
NEU-006013,TreatmentA,B03,104.54,-69.38,200.6,14.18,68.4,-44.49,1.684,27.8,70,0.4017,0,1
NEU-006014,TreatmentB,B03,79.96,-83.24,226.7,8.89,130.8,-42.91,0.852,55.6,86,0.2647,0,0
NEU-006015,TreatmentA,B01,117.74,-73.13,199.0,21.04,118.3,-33.69,1.452,36.3,85,0.42,1,1
NEU-006016,TreatmentB,B02,89.43,-67.41,273.9,11.14,148.6,-45.13,1.133,45.4,88,0.5211,0,1
NEU-006017,Control,B01,108.85,-63.08,138.7,17.24,148.2,-37.57,1.024,57.1,83,0.4107,1,0
NEU-006018,Control,B01,123.28,-65.0,254.6,25.82,181.8,-38.5,1.846,44.8,84,0.3786,1,1
NEU-006019,TreatmentA,B03,100.44,-68.25,318.6,10.48,155.9,-44.91,1.343,48.1,82,0.4888,1,1
NEU-006020,TreatmentB,B03,86.18,-63.04,88.9,7.06,53.1,-36.9,1.046,30.5,88,0.5256,0,0
NEU-006021,Control,B03,105.1,-62.24,285.7,6.99,184.1,-40.99,1.803,9.0,79,0.3302,0,1
NEU-006022,TreatmentB,B03,100.39,-56.67,167.9,20.83,82.3,-40.56,1.024,37.3,88,0.1272,0,0
NEU-006023,TreatmentB,B02,105.47,-64.17,132.7,18.36,112.3,-40.87,1.181,38.4,89,0.4558,0,1
NEU-006024,TreatmentB,B02,115.08,-67.87,171.9,18.68,72.9,-37.32,1.154,57.4,82,0.5338,1,1
NEU-006025,TreatmentB,B01,110.48,-58.73,247.4,24.27,103.7,-41.35,1.287,34.8,90,0.6078,1,1
NEU-006026,Control,B01,93.28,-67.7,203.2,11.07,138.6,-37.95,1.267,31.3,76,0.6017,1,0
NEU-006027,Control,B02,99.24,-55.25,91.5,8.22,122.0,-45.16,0.886,21.7,87,0.2832,1,0
NEU-006028,TreatmentA,B02,101.72,-80.24,259.7,12.12,197.8,-48.16,1.094,54.9,79,0.5208,0,0
NEU-006029,TreatmentB,B01,84.98,-67.27,307.2,15.38,150.5,-35.76,1.518,42.3,79,0.5504,1,1
NEU-006030,TreatmentB,B03,91.38,-71.65,211.2,17.17,75.0,-37.22,1.382,64.3,91,0.2122,1,0
NEU-006031,TreatmentB,B01,118.23,-63.2,67.7,10.8,44.3,-47.0,1.158,70.8,90,0.6428,1,0
NEU-006032,TreatmentA,B01,122.27,-71.95,49.4,18.49,94.3,-42.73,2.054,56.8,96,0.6677,1,1
NEU-006033,TreatmentB,B01,101.6,-67.7,188.8,12.29,153.6,-41.91,0.902,62.0,81,0.3648,0,1
NEU-006034,Control,B01,84.42,-73.18,124.5,18.9,169.5,-45.07,1.377,47.9,91,0.2524,1,0
NEU-006035,TreatmentA,B02,82.8,-62.82,305.8,13.37,114.5,-45.6,1.026,62.1,80,0.6973,1,1
NEU-006036,TreatmentA,B01,98.15,-62.65,117.9,23.5,99.7,-42.6,0.939,37.8,110,0.5846,0,1
NEU-006037,TreatmentB,B02,115.85,-67.31,177.6,10.89,163.8,-40.43,1.046,39.9,80,0.2444,1,1
NEU-006038,Control,B02,85.0,-63.02,190.9,6.9,135.1,-38.3,1.146,29.5,85,0.2517,0,1
NEU-006039,TreatmentA,B03,101.64,-67.6,88.8,15.26,59.8,-42.68,1.117,53.1,99,0.3685,1,1
NEU-006040,Control,B03,98.33,-73.66,266.9,9.22,146.7,-46.22,1.137,42.7,91,0.6289,0,0
NEU-006041,TreatmentB,B03,112.21,-57.66,169.3,13.94,83.2,-37.6,0.844,66.1,96,0.3659,1,0
NEU-006042,TreatmentB,B03,92.12,-58.96,287.3,15.83,89.5,-40.52,1.398,66.8,84,0.537,1,0
NEU-006043,TreatmentA,B03,87.19,-65.21,189.1,10.76,135.4,-44.42,1.312,32.9,74,0.4335,0,0
NEU-006044,TreatmentB,B01,109.85,-63.45,318.3,26.15,104.2,-41.91,0.819,63.6,76,0.4373,0,1
NEU-006045,TreatmentB,B03,87.77,-57.38,72.0,23.57,98.2,-43.09,1.137,54.6,87,0.6088,1,0
NEU-006046,TreatmentA,B01,76.58,-58.52,243.5,18.74,108.1,-43.19,1.12,56.5,87,0.7208,1,1
NEU-006047,TreatmentB,B01,106.66,-63.6,394.0,16.82,53.4,-43.21,1.122,60.0,99,0.2856,1,0
NEU-006048,TreatmentA,B01,139.19,-59.81,302.9,8.99,37.7,-40.59,0.962,52.1,86,0.3613,1,0
NEU-006049,TreatmentA,B02,90.75,-62.83,140.3,14.53,21.2,-38.3,1.627,45.1,78,0.2992,0,1
NEU-006050,TreatmentB,B01,72.08,-66.71,131.9,10.06,89.4,-42.43,1.275,44.9,93,0.3237,1,1
NEU-006051,TreatmentA,B02,132.0,-65.37,125.7,15.99,133.4,-42.51,0.9,43.0,65,0.5295,0,1
NEU-006052,TreatmentB,B01,94.08,-63.96,380.6,21.05,152.2,-39.32,1.432,56.5,76,0.5248,0,1
NEU-006053,TreatmentB,B02,107.23,-62.8,173.4,20.93,147.3,-43.59,0.989,34.2,85,0.4237,1,1
NEU-006054,TreatmentB,B02,90.74,-69.04,361.5,13.26,75.5,-47.03,1.082,60.3,86,0.2869,0,1
NEU-006055,TreatmentA,B01,114.58,-77.29,116.2,12.09,124.5,-43.12,0.758,53.0,92,0.488,1,0
NEU-006056,Control,B03,105.71,-67.35,167.5,19.18,222.1,-46.44,1.451,13.4,90,0.4601,1,1
NEU-006057,TreatmentB,B02,127.32,-63.94,82.5,12.73,138.3,-37.33,0.797,60.5,109,0.3312,1,1
NEU-006058,Control,B02,107.85,-50.03,177.1,14.92,128.0,-37.6,1.013,28.8,85,0.7278,0,1
NEU-006059,Control,B03,111.6,-65.67,153.2,11.17,91.7,-41.57,1.427,46.1,86,0.4875,1,0
NEU-006060,TreatmentA,B03,93.29,-64.97,77.8,12.76,180.5,-40.31,0.97,56.2,89,0.1754,0,1
NEU-006061,Control,B03,114.34,-64.51,116.0,6.42,195.6,-47.5,0.977,27.8,80,0.3997,0,1
NEU-006062,TreatmentA,B03,82.64,-62.45,281.7,9.28,144.1,-38.01,0.735,53.5,79,0.3536,0,1
NEU-006063,TreatmentA,B01,106.32,-64.73,139.5,16.49,42.9,-45.03,0.936,26.0,77,0.3081,0,1
NEU-006064,Control,B03,91.97,-68.72,110.8,27.61,136.8,-45.74,1.147,44.7,69,0.3067,0,0
NEU-006065,TreatmentB,B02,104.98,-68.19,203.5,10.53,114.5,-44.6,0.793,43.9,83,0.5351,0,0
NEU-006066,TreatmentB,B02,93.0,-56.71,116.6,6.2,50.7,-43.91,1.076,59.2,92,0.3532,1,0
NEU-006067,TreatmentB,B02,80.97,-63.58,461.5,5.98,96.7,-32.34,1.119,49.2,93,0.3086,0,1
NEU-006068,Control,B02,87.75,-64.12,166.3,12.61,85.2,-38.63,1.146,56.4,94,0.3417,1,1
NEU-006069,TreatmentB,B01,90.91,-59.15,154.7,11.03,154.4,-44.96,1.187,64.5,85,0.2436,1,0
NEU-006070,TreatmentA,B02,116.03,-64.85,192.5,8.69,116.8,-43.82,1.474,40.1,87,0.481,1,1
NEU-006071,Control,B03,103.13,-66.81,117.5,13.51,186.5,-41.8,0.711,39.2,94,0.3916,1,0
NEU-006072,Control,B03,113.29,-64.56,115.9,11.63,22.3,-45.9,0.917,41.9,81,0.5566,0,1
NEU-006073,TreatmentB,B01,89.86,-63.79,275.7,17.49,74.6,-44.7,1.524,79.1,82,0.335,0,1
NEU-006074,Control,B02,104.66,-70.94,132.6,8.97,182.3,-44.01,1.215,32.6,99,0.316,1,1
NEU-006075,TreatmentB,B02,114.48,-68.83,227.2,10.17,66.1,-34.74,1.404,56.5,71,0.3071,1,1
NEU-006076,Control,B03,76.85,-67.59,94.9,20.7,115.6,-43.13,1.472,40.6,102,0.3721,1,0
NEU-006077,TreatmentA,B02,121.58,-71.91,240.5,16.6,69.7,-36.16,1.56,33.9,77,0.3172,1,0
NEU-006078,Control,B01,112.33,-61.57,214.4,14.52,95.4,-37.34,1.521,48.8,87,0.2767,1,0
NEU-006079,Control,B02,102.31,-63.3,202.1,18.17,173.1,-37.04,0.869,66.6,93,0.2674,1,0
NEU-006080,Control,B01,104.31,-48.76,86.0,13.17,82.8,-35.96,1.592,37.4,89,0.3582,1,0
NEU-006081,Control,B02,101.1,-57.31,181.4,12.11,103.2,-37.56,0.733,20.2,105,0.3592,0,0
NEU-006082,TreatmentA,B03,102.46,-62.9,76.6,15.22,108.7,-45.2,1.299,61.4,86,0.7833,1,1
NEU-006083,Control,B03,101.22,-66.58,109.3,24.9,163.2,-39.94,0.939,19.7,86,0.3006,0,0
NEU-006084,TreatmentB,B02,120.22,-61.58,210.0,20.1,125.2,-35.75,1.243,39.0,94,0.4199,1,1
NEU-006085,Control,B03,126.5,-59.48,257.4,11.13,76.0,-36.81,1.27,41.7,89,0.4295,0,1
NEU-006086,TreatmentB,B03,123.69,-77.4,135.7,9.58,71.4,-42.98,1.355,64.0,87,0.6418,1,0
NEU-006087,TreatmentB,B02,82.18,-63.99,159.6,28.22,71.2,-36.42,0.928,76.1,89,0.3627,1,1
NEU-006088,TreatmentA,B03,118.3,-57.84,221.2,9.75,131.0,-37.11,1.066,65.8,63,0.3597,1,0
NEU-006089,TreatmentA,B01,116.88,-68.81,250.9,11.74,108.2,-42.13,0.776,52.0,98,0.2589,0,0
NEU-006090,TreatmentB,B02,115.58,-56.91,66.5,11.69,87.1,-42.68,1.241,42.2,84,0.2529,1,0
NEU-006091,Control,B02,102.99,-58.82,105.7,19.85,87.7,-42.55,0.501,33.9,87,0.3576,0,0
NEU-006092,TreatmentB,B03,94.71,-61.42,236.9,12.56,143.7,-47.8,1.386,54.3,76,0.4449,1,0
NEU-006093,Control,B02,114.69,-65.71,306.9,9.07,107.4,-43.28,1.348,24.4,74,0.4991,0,0
NEU-006094,TreatmentA,B01,116.27,-64.49,159.9,33.7,99.6,-38.88,1.164,41.0,88,0.3643,1,1
NEU-006095,TreatmentA,B02,104.22,-64.67,216.6,13.05,123.4,-41.61,0.947,36.2,81,0.3211,1,0
NEU-006096,Control,B01,121.74,-72.71,214.1,12.41,126.9,-38.69,0.993,34.0,69,0.4883,0,0
NEU-006097,TreatmentA,B02,103.38,-56.96,106.1,22.35,217.3,-39.01,1.151,38.0,88,0.1264,0,0
NEU-006098,TreatmentB,B02,98.94,-68.25,283.1,21.44,118.4,-42.82,1.137,66.8,68,0.2188,1,0
NEU-006099,TreatmentB,B02,79.85,-72.25,321.2,13.87,49.1,-36.92,1.057,47.9,78,0.3266,1,1
NEU-006100,TreatmentB,B01,109.13,-70.26,122.9,20.99,82.1,-32.29,1.351,56.9,88,0.5446,1,0
NEU-006101,Control,B02,88.67,-68.8,98.4,5.8,109.1,-36.84,1.226,36.5,90,0.4435,0,1
NEU-006102,Control,B03,101.58,-64.62,86.3,7.87,97.5,-37.96,1.354,47.7,85,0.4579,1,0
NEU-006103,TreatmentB,B02,135.91,-66.52,149.0,6.92,78.4,-38.27,1.58,73.1,89,0.7656,1,0
NEU-006104,Control,B01,113.4,-68.07,69.5,26.13,85.0,-43.43,1.098,38.4,58,0.73,0,1
NEU-006105,TreatmentB,B01,106.44,-71.92,981.3,9.54,103.2,-43.53,0.896,50.4,82,0.4124,0,0
NEU-006106,TreatmentB,B02,76.75,-67.89,130.9,13.41,153.5,-33.31,0.964,81.3,90,0.4775,1,1
NEU-006107,Control,B01,96.17,-56.93,173.9,7.74,122.3,-36.96,0.755,49.7,104,0.5478,1,0
NEU-006108,Control,B02,117.4,-61.36,150.3,16.3,172.1,-47.3,0.817,47.6,94,0.3818,0,1
NEU-006109,Control,B01,79.68,-60.4,209.9,6.76,80.1,-37.14,0.912,43.4,98,0.2063,0,1
NEU-006110,Control,B01,89.2,-62.02,252.8,7.12,89.0,-43.13,0.759,37.9,87,0.4827,0,0
NEU-006111,TreatmentA,B02,91.99,-61.51,134.2,13.88,127.5,-37.12,1.193,57.1,70,0.1179,1,1
NEU-006112,Control,B03,96.78,-67.84,264.2,13.91,114.6,-39.64,1.138,40.3,87,0.6018,1,0
NEU-006113,TreatmentA,B02,119.32,-62.33,110.5,15.99,105.8,-44.11,0.777,53.8,79,0.1581,1,1
NEU-006114,Control,B02,85.44,-59.14,103.0,13.15,159.3,-45.09,0.793,47.7,78,0.237,0,0
NEU-006115,Control,B02,95.93,-65.82,207.4,18.26,185.2,-46.09,1.363,32.8,108,0.3289,1,1
NEU-006116,TreatmentA,B02,100.96,-64.44,159.3,36.18,145.5,-40.14,1.27,50.6,81,0.5385,0,1
NEU-006117,Control,B02,112.79,-63.6,134.6,17.84,115.8,-38.59,1.092,32.1,83,0.3944,0,1
NEU-006118,TreatmentA,B03,108.18,-67.72,122.1,10.11,176.3,-50.29,0.854,54.0,79,0.3042,1,1
NEU-006119,TreatmentA,B03,91.93,-72.57,345.2,10.43,94.8,-35.91,1.092,86.1,95,0.4189,1,0
NEU-006120,TreatmentA,B02,89.77,-69.8,118.2,6.26,79.8,-41.33,1.444,31.1,97,0.5755,1,0
NEU-006121,Control,B01,102.89,-58.52,168.8,21.1,167.8,-39.6,0.877,32.7,88,0.3436,0,0
NEU-006122,TreatmentB,B03,93.36,-59.85,110.7,13.56,102.2,-44.75,1.004,42.5,94,0.3302,0,1
NEU-006123,TreatmentA,B01,102.55,-65.17,119.8,5.32,99.7,-42.71,1.092,38.9,95,0.2978,1,1
NEU-006124,Control,B02,101.62,-65.11,203.9,9.92,120.4,-38.58,1.238,47.5,82,0.4807,0,1
NEU-006125,TreatmentA,B03,128.67,-64.03,117.2,26.62,126.7,-36.55,1.721,29.3,82,0.3697,0,1
NEU-006126,Control,B01,137.74,-75.33,132.6,7.85,142.9,-43.61,0.836,33.4,83,0.4738,1,0
NEU-006127,Control,B01,114.98,-74.28,197.7,7.42,113.2,-43.47,1.767,49.2,88,0.1024,1,1
NEU-006128,Control,B03,113.78,-62.08,239.4,19.66,147.6,-40.62,1.269,31.0,72,0.6175,0,1
NEU-006129,TreatmentA,B01,99.04,-75.68,197.0,18.68,29.9,-40.54,1.076,54.6,77,0.2773,1,0
NEU-006130,TreatmentB,B01,96.57,-71.16,150.0,12.23,54.9,-41.44,0.764,67.5,87,0.5693,1,1
NEU-006131,TreatmentA,B02,106.03,-56.34,106.8,13.98,182.9,-46.1,1.127,60.9,89,0.493,1,0
NEU-006132,TreatmentB,B02,95.62,-58.92,290.7,17.52,117.2,-43.06,1.04,56.2,93,0.4761,0,0
NEU-006133,TreatmentB,B03,93.9,-65.62,327.5,13.06,93.3,-42.69,0.956,54.7,77,0.4595,0,1
NEU-006134,Control,B03,85.72,-70.19,120.8,11.26,88.7,-33.61,1.208,26.9,84,0.5054,1,0
NEU-006135,Control,B01,88.31,-69.28,169.1,17.42,85.2,-47.01,0.935,45.8,88,0.2589,1,0
NEU-006136,TreatmentB,B02,92.37,-61.42,138.0,8.17,97.5,-44.86,1.329,59.3,78,0.19,1,1
NEU-006137,Control,B03,93.29,-59.92,83.7,11.95,54.5,-31.41,1.191,42.5,73,0.5655,0,0
NEU-006138,TreatmentB,B01,96.13,-66.35,287.3,15.5,73.8,-44.06,0.931,47.2,84,0.4093,1,1
NEU-006139,Control,B01,83.7,-73.48,248.2,19.91,100.2,-43.12,0.562,34.8,84,0.6502,0,1
NEU-006140,TreatmentB,B01,108.66,-62.18,344.7,12.91,91.3,-44.05,1.066,59.5,86,0.3791,0,0
NEU-006141,TreatmentB,B01,80.78,-70.02,143.8,23.32,58.1,-31.24,1.047,54.3,79,0.371,0,0
NEU-006142,TreatmentA,B01,86.3,-64.33,163.4,10.75,83.5,-42.45,1.184,64.9,68,0.6353,1,0
NEU-006143,TreatmentA,B03,115.28,-63.75,197.6,13.97,73.6,-50.34,0.797,42.4,105,0.4698,0,1
NEU-006144,Control,B03,77.5,-61.66,209.7,12.5,167.0,-42.43,1.474,38.9,94,0.3739,1,1
NEU-006145,TreatmentB,B01,110.29,-62.18,176.6,12.49,106.4,-47.3,1.311,72.6,87,0.7965,1,1
NEU-006146,TreatmentB,B03,126.56,-65.34,273.2,11.15,78.7,-49.83,0.844,58.8,97,0.7956,0,0
NEU-006147,TreatmentA,B01,90.44,-66.12,141.9,13.67,167.1,-38.4,0.684,40.1,90,0.4771,0,1
NEU-006148,TreatmentB,B02,66.55,-63.83,108.9,17.35,95.9,-37.36,0.781,55.9,80,0.4821,0,1
NEU-006149,TreatmentB,B03,106.9,-63.55,97.8,13.77,79.8,-38.46,1.388,69.8,88,0.3168,1,0
NEU-006150,TreatmentA,B01,103.83,-61.06,301.2,26.35,119.3,-34.97,1.041,17.9,87,0.2962,0,0
NEU-006151,Control,B02,112.92,-53.4,144.6,10.03,148.0,-43.06,1.003,45.6,78,0.3707,1,0
NEU-006152,TreatmentB,B02,96.52,-69.93,283.6,6.95,142.6,-42.42,1.425,42.5,81,0.3151,0,1
NEU-006153,TreatmentA,B03,99.59,-63.39,169.9,13.25,129.5,-38.27,1.326,30.4,71,0.4396,1,1
NEU-006154,Control,B02,99.81,-73.38,434.6,17.73,125.9,-44.2,1.695,31.0,88,0.3072,0,0
NEU-006155,TreatmentA,B03,120.47,-66.7,118.0,6.09,117.1,-47.87,1.018,43.8,77,0.3291,0,1
NEU-006156,TreatmentB,B03,111.67,-65.85,72.7,20.21,87.8,-40.38,0.759,65.8,86,0.6956,1,1
NEU-006157,TreatmentA,B03,105.91,-55.14,89.7,15.18,103.5,-40.63,0.651,38.9,90,0.2829,1,0
NEU-006158,TreatmentA,B01,103.21,-57.84,289.2,11.38,34.0,-42.53,1.548,61.1,97,0.3992,1,0
NEU-006159,TreatmentB,B02,98.72,-64.59,288.9,15.17,33.9,-38.6,1.36,56.5,71,0.3846,1,1
NEU-006160,Control,B02,109.33,-69.93,162.6,12.26,127.6,-43.24,0.911,24.9,77,0.233,0,1
NEU-006161,Control,B02,116.64,-65.87,221.0,12.17,166.4,-38.29,1.071,56.8,77,0.224,0,1
NEU-006162,TreatmentB,B01,103.0,-74.19,258.1,21.32,113.3,-46.05,1.551,64.5,90,0.4599,1,1
NEU-006163,Control,B02,103.46,-58.84,72.7,12.24,164.6,-43.44,0.552,46.0,100,0.6256,0,0
NEU-006164,TreatmentB,B01,105.02,-63.58,299.9,11.92,112.0,-38.43,1.451,90.4,89,0.4959,1,1
NEU-006165,Control,B03,83.81,-67.35,197.4,15.54,145.2,-43.14,1.267,37.1,88,0.4517,0,1
NEU-006166,Control,B01,90.25,-65.64,131.2,13.24,124.4,-41.04,1.178,22.2,89,0.404,0,1
NEU-006167,TreatmentA,B03,79.43,-60.01,65.8,10.97,103.5,-43.05,0.944,46.5,93,0.6065,1,0
NEU-006168,TreatmentB,B01,136.15,-54.24,154.7,13.45,77.5,-46.87,1.138,72.6,74,0.3339,1,0
NEU-006169,Control,B02,93.79,-61.48,159.8,10.34,191.0,-45.26,1.178,18.1,75,0.3387,1,1
NEU-006170,TreatmentA,B03,116.89,-62.34,83.8,18.5,67.7,-40.14,0.743,51.7,94,0.54,1,1
NEU-006171,TreatmentB,B02,89.1,-60.18,212.4,14.01,42.0,-48.01,0.981,30.6,79,0.3251,0,1
NEU-006172,Control,B02,106.03,-62.4,308.6,9.89,117.8,-32.08,1.93,41.0,81,0.5072,1,0
NEU-006173,TreatmentB,B01,116.96,-71.71,412.9,13.47,107.6,-36.86,0.786,70.2,87,0.3999,0,0
NEU-006174,TreatmentB,B02,59.12,-63.06,237.9,15.14,121.1,-43.1,1.033,53.2,91,0.6482,1,1
NEU-006175,TreatmentA,B03,109.85,-58.67,245.3,25.71,76.3,-30.73,1.115,60.2,90,0.4405,1,1
NEU-006176,Control,B03,102.48,-73.07,214.4,14.55,110.6,-38.73,1.306,28.1,84,0.4878,0,0
NEU-006177,Control,B01,79.64,-61.15,354.9,8.9,135.9,-44.85,1.403,35.8,85,0.4053,1,0
NEU-006178,Control,B02,62.54,-65.3,191.5,22.77,135.8,-42.22,1.306,62.3,81,0.3142,0,0
NEU-006179,Control,B03,101.86,-66.92,218.5,7.08,163.5,-49.14,0.949,36.9,62,0.4808,0,0
NEU-006180,TreatmentB,B01,88.4,-67.66,123.5,13.26,25.2,-38.28,1.303,66.0,94,0.3854,0,1
NEU-006181,TreatmentB,B03,95.03,-58.57,86.3,13.74,15.5,-41.7,0.819,11.2,86,0.1247,0,0
NEU-006182,Control,B02,99.14,-72.52,147.5,12.22,172.5,-45.98,0.945,49.6,66,0.5012,0,0
NEU-006183,Control,B03,76.04,-60.48,423.1,16.23,97.6,-44.69,0.663,9.5,70,0.176,0,0
NEU-006184,TreatmentA,B03,67.38,-59.69,211.9,19.0,105.3,-42.54,1.264,52.9,93,0.7593,0,1
NEU-006185,Control,B02,105.34,-66.4,220.1,18.33,127.5,-42.27,0.939,34.9,94,0.4341,0,1
NEU-006186,TreatmentB,B02,97.27,-59.64,123.9,22.71,92.8,-42.96,1.008,52.0,106,0.1374,1,0
NEU-006187,TreatmentB,B03,72.26,-72.32,166.2,22.71,146.3,-50.69,1.106,74.7,88,0.489,1,1
NEU-006188,Control,B02,102.66,-70.13,191.8,10.51,144.0,-42.45,1.119,23.1,74,0.344,0,1
NEU-006189,TreatmentB,B03,132.67,-71.45,226.3,23.47,58.4,-51.45,0.91,62.4,98,0.5505,1,1
NEU-006190,Control,B02,90.81,-69.18,103.4,10.45,195.2,-42.41,1.061,35.8,92,0.3556,1,1
NEU-006191,Control,B03,112.53,-60.38,207.8,16.53,108.7,-39.84,1.039,26.2,96,0.2517,1,0
NEU-006192,Control,B01,113.17,-74.16,209.8,21.82,127.8,-39.73,1.808,8.4,94,0.5239,1,0
NEU-006193,Control,B03,92.7,-72.38,199.2,10.97,125.5,-49.59,1.218,42.4,96,0.1598,0,0
NEU-006194,TreatmentB,B03,109.08,-59.68,217.8,6.88,88.5,-42.85,1.272,52.4,94,0.6601,1,0
NEU-006195,TreatmentA,B03,100.52,-64.43,92.9,14.48,107.4,-35.97,0.822,62.0,84,0.5181,1,1
NEU-006196,Control,B03,88.61,-63.03,180.5,12.93,172.8,-44.67,1.643,34.9,89,0.5608,1,0
NEU-006197,Control,B01,101.14,-62.78,147.4,8.85,170.8,-40.83,0.835,37.2,82,0.6255,0,0
NEU-006198,Control,B01,91.21,-76.04,165.5,8.85,203.5,-35.37,1.104,29.7,91,0.395,1,0
NEU-006199,TreatmentB,B02,110.46,-72.42,174.0,7.98,27.8,-38.26,1.999,56.0,87,0.5174,1,0
NEU-006200,TreatmentA,B03,88.48,-70.99,133.1,19.61,82.3,-48.05,1.204,46.7,87,0.4968,0,0
NEU-006201,Control,B01,95.86,-61.61,177.0,21.85,135.3,-40.1,1.243,18.4,95,0.6353,0,1
NEU-006202,TreatmentB,B02,120.76,-69.29,92.7,10.74,107.6,-41.47,0.865,72.0,72,0.2506,1,1
NEU-006203,TreatmentA,B03,92.54,-61.6,95.3,12.02,26.9,-45.72,1.22,37.0,91,0.4119,1,0
NEU-006204,TreatmentB,B03,105.99,-72.7,112.6,18.02,67.3,-44.71,1.196,54.2,87,0.3157,1,0
NEU-006205,TreatmentB,B03,107.04,-57.5,317.5,9.8,82.6,-45.91,1.144,45.6,84,0.3519,1,0
NEU-006206,Control,B01,126.28,-65.0,164.4,9.72,193.8,-37.52,0.811,44.6,74,0.1727,0,1
NEU-006207,TreatmentA,B03,102.38,-71.29,519.5,13.93,46.4,-40.19,1.585,45.4,73,0.4812,0,0
NEU-006208,Control,B02,104.46,-61.88,177.1,7.36,149.1,-35.56,1.032,49.7,81,0.3181,0,0
NEU-006209,TreatmentA,B01,81.65,-65.56,179.2,9.07,48.0,-43.2,1.497,62.3,84,0.3738,0,1
NEU-006210,TreatmentB,B03,111.69,-68.56,182.5,10.72,130.5,-38.5,1.433,46.1,81,0.3121,0,1
NEU-006211,Control,B02,79.5,-64.64,160.2,12.65,129.2,-48.95,1.199,56.0,85,0.4032,1,1
NEU-006212,TreatmentA,B02,98.84,-63.97,84.0,6.8,101.2,-41.92,1.15,27.7,70,0.3882,0,1
NEU-006213,Control,B01,105.13,-68.26,169.8,14.14,145.5,-48.04,1.605,51.5,83,0.5307,0,1
NEU-006214,Control,B02,93.56,-62.06,157.4,8.2,120.7,-44.59,0.749,21.6,81,0.2941,0,1
NEU-006215,TreatmentA,B01,94.1,-73.78,479.7,27.77,132.6,-46.14,0.776,46.8,113,0.4216,0,0
NEU-006216,TreatmentA,B02,105.11,-70.51,157.4,20.61,123.5,-41.35,0.928,41.2,96,0.4607,0,0
NEU-006217,TreatmentB,B03,130.98,-64.13,159.9,12.15,137.7,-39.73,0.746,45.5,72,0.7237,0,0
NEU-006218,TreatmentB,B02,111.79,-67.33,90.1,33.66,21.6,-44.01,0.966,47.7,80,0.5109,0,1
NEU-006219,Control,B02,115.72,-61.65,161.9,17.99,139.9,-42.63,0.777,46.6,93,0.6711,0,1
NEU-006220,TreatmentA,B02,99.66,-63.95,503.0,9.31,171.3,-42.1,1.091,58.9,91,0.6326,0,0
NEU-006221,TreatmentA,B01,99.29,-61.37,223.2,20.17,122.9,-46.32,1.198,51.9,84,0.4718,1,1
NEU-006222,Control,B01,80.28,-60.36,139.8,16.12,114.0,-43.5,1.098,65.2,96,0.5279,1,1
NEU-006223,TreatmentA,B01,101.98,-75.15,491.8,14.11,77.5,-40.27,0.801,63.8,94,0.5587,0,0
NEU-006224,Control,B01,83.64,-60.5,394.8,9.5,144.7,-48.2,0.972,40.5,88,0.5002,0,0
NEU-006225,Control,B03,76.88,-53.22,110.2,9.94,146.7,-37.66,1.073,13.7,91,0.751,0,0
NEU-006226,TreatmentB,B03,109.94,-57.79,165.8,14.23,51.9,-43.85,1.052,80.6,82,0.6017,1,0
NEU-006227,TreatmentB,B02,108.68,-65.07,246.3,13.73,63.2,-54.56,0.954,77.4,102,0.3728,0,1
NEU-006228,TreatmentA,B03,93.05,-77.53,458.7,12.51,152.0,-43.6,0.963,41.6,69,0.5784,0,0
NEU-006229,TreatmentB,B03,100.15,-64.43,116.1,18.67,106.8,-39.74,2.024,55.0,104,0.2664,1,0
NEU-006230,Control,B02,107.8,-71.87,271.6,10.14,63.0,-42.0,0.754,58.8,85,0.5459,0,0
NEU-006231,TreatmentA,B03,119.44,-58.23,110.0,14.41,88.7,-40.96,1.025,48.7,74,0.2916,1,1
NEU-006232,Control,B02,91.95,-65.38,166.9,17.68,125.4,-41.38,2.213,40.1,96,0.4479,1,1
NEU-006233,TreatmentA,B02,84.54,-63.15,179.6,16.3,67.2,-42.71,0.81,23.3,86,0.2707,0,1
NEU-006234,Control,B03,78.88,-64.76,182.9,13.83,137.3,-38.42,1.447,57.3,91,0.2126,0,1
NEU-006235,TreatmentB,B02,125.56,-60.8,111.7,9.29,48.2,-41.52,1.276,45.8,94,0.2534,1,1
NEU-006236,Control,B03,85.98,-60.17,294.4,13.98,95.3,-40.0,0.898,33.6,87,0.1675,0,1
NEU-006237,TreatmentB,B01,86.22,-59.78,149.3,18.65,17.4,-45.8,2.057,32.0,75,0.4422,1,1
NEU-006238,Control,B03,90.68,-60.06,241.1,19.14,138.2,-39.58,1.158,25.4,93,0.2337,0,0
NEU-006239,TreatmentA,B03,82.84,-66.28,243.6,13.7,58.6,-39.71,1.152,34.9,102,0.4793,0,1
NEU-006240,Control,B03,93.9,-52.87,107.7,21.41,149.5,-42.91,1.353,14.6,84,0.3765,0,0
NEU-006241,Control,B01,99.61,-58.35,191.8,29.24,178.0,-42.6,1.157,64.9,70,0.4789,1,0
NEU-006242,TreatmentB,B03,77.53,-77.77,433.7,5.03,66.6,-44.79,1.107,58.7,88,0.4613,0,0
NEU-006243,TreatmentA,B01,109.99,-66.12,266.3,9.46,176.9,-42.8,0.997,35.1,80,0.7271,0,0
NEU-006244,TreatmentB,B01,95.0,-58.54,214.2,15.94,76.3,-35.49,0.859,45.0,81,0.2531,0,0
NEU-006245,Control,B03,84.33,-59.16,81.1,12.77,170.2,-39.81,0.743,39.2,89,0.599,1,0
NEU-006246,TreatmentB,B02,112.12,-64.5,97.9,7.48,66.2,-32.75,0.705,59.7,94,0.4818,1,1
NEU-006247,TreatmentA,B01,98.75,-60.44,179.4,10.47,31.9,-37.55,1.363,44.0,84,0.4618,1,0
NEU-006248,TreatmentA,B01,121.78,-63.42,195.0,20.93,103.6,-45.3,2.397,32.3,92,0.3711,0,1
NEU-006249,Control,B01,100.66,-55.83,88.1,12.55,162.0,-40.87,1.255,32.5,84,0.2608,1,0
NEU-006250,Control,B01,119.82,-63.42,201.2,12.89,73.2,-40.07,1.334,32.7,94,0.554,1,1
NEU-006251,TreatmentB,B01,91.34,-69.26,252.0,19.55,96.1,-43.7,1.105,83.7,81,0.4211,1,1
NEU-006252,TreatmentA,B01,91.19,-66.57,334.4,12.63,153.5,-39.43,1.258,38.1,83,0.2754,0,1
NEU-006253,Control,B03,110.52,-60.61,618.2,15.94,159.9,-43.0,1.087,48.9,72,0.4919,0,1
NEU-006254,TreatmentB,B01,113.69,-60.72,98.6,10.92,28.5,-33.76,0.875,61.8,97,0.3715,1,1
NEU-006255,TreatmentA,B03,107.85,-59.4,189.1,31.76,60.3,-42.7,0.916,69.1,91,0.5762,1,1
NEU-006256,TreatmentA,B02,104.1,-67.46,221.7,12.1,84.2,-31.98,1.794,60.4,91,0.3146,0,1
NEU-006257,TreatmentB,B01,83.17,-72.26,149.7,16.75,127.9,-51.4,1.497,35.0,82,0.2807,0,0
NEU-006258,Control,B02,143.87,-49.99,99.4,12.8,134.8,-37.7,1.465,27.5,90,0.3783,1,0
NEU-006259,Control,B02,93.54,-68.94,100.3,15.01,102.9,-50.75,1.132,37.2,90,0.433,0,1
NEU-006260,TreatmentB,B02,112.47,-73.04,157.6,11.86,81.7,-41.11,0.739,37.6,83,0.2066,1,1
NEU-006261,Control,B02,104.32,-60.27,167.8,12.53,144.6,-41.16,1.24,22.1,92,0.3595,0,1
NEU-006262,Control,B01,66.27,-61.41,179.7,9.09,118.8,-40.28,1.192,9.4,78,0.3187,0,1
NEU-006263,TreatmentA,B02,127.41,-68.45,193.3,14.15,121.2,-40.42,1.238,47.2,76,0.4767,0,0
NEU-006264,Control,B01,99.34,-65.46,251.0,11.75,104.7,-34.93,0.473,58.1,89,0.2692,0,1
NEU-006265,TreatmentA,B01,86.18,-70.71,248.8,10.85,161.8,-47.78,1.268,43.6,74,0.6644,0,0
NEU-006266,Control,B01,101.55,-57.62,380.7,8.81,133.4,-43.01,1.007,47.2,98,0.1822,0,1
NEU-006267,Control,B02,100.04,-65.72,384.3,7.36,71.5,-42.03,1.352,25.8,92,0.4143,0,1
NEU-006268,TreatmentA,B01,101.48,-65.2,255.9,20.83,84.1,-36.15,2.046,39.7,83,0.1755,1,0
NEU-006269,TreatmentA,B02,101.61,-63.78,175.8,14.23,113.0,-47.0,0.585,57.0,75,0.3387,0,1
NEU-006270,Control,B02,88.02,-68.34,154.7,15.84,101.3,-42.1,0.872,27.1,87,0.6218,0,1
NEU-006271,TreatmentB,B01,90.76,-64.97,80.1,11.77,69.1,-44.99,0.936,86.6,83,0.3998,1,1
NEU-006272,Control,B01,115.9,-59.27,129.6,24.81,158.1,-42.67,1.215,16.2,87,0.2415,0,0
NEU-006273,TreatmentA,B02,126.17,-65.69,133.9,16.76,75.5,-42.43,0.793,54.1,98,0.2641,1,0
NEU-006274,TreatmentA,B01,83.8,-60.69,241.5,16.54,131.8,-45.84,0.77,55.3,94,0.5409,0,1
NEU-006275,Control,B01,108.1,-69.02,86.6,20.44,123.7,-49.95,1.233,38.7,76,0.3567,1,0
NEU-006276,TreatmentA,B01,100.62,-69.07,181.3,8.61,87.3,-37.88,0.799,50.7,93,0.3284,0,1
NEU-006277,Control,B02,107.42,-59.72,430.1,18.58,110.2,-42.87,0.836,26.1,73,0.2957,0,0
NEU-006278,TreatmentB,B03,104.33,-56.92,237.5,13.59,115.0,-45.04,0.761,83.2,96,0.4195,1,0
NEU-006279,TreatmentA,B03,103.17,-68.52,137.3,6.15,64.8,-45.93,1.733,47.3,82,0.4245,1,1
NEU-006280,TreatmentA,B02,99.19,-64.42,176.4,6.31,77.1,-39.47,0.823,71.4,84,0.3615,1,1
NEU-006281,Control,B01,85.21,-64.64,291.3,11.52,164.3,-43.87,0.702,54.2,86,0.563,0,1
NEU-006282,Control,B01,114.26,-60.95,191.1,25.45,98.7,-48.01,0.872,56.5,99,0.5424,1,1
NEU-006283,Control,B03,108.58,-63.95,96.8,10.1,153.1,-43.14,1.041,35.1,82,0.1919,1,1
NEU-006284,TreatmentB,B03,128.07,-66.13,181.1,14.01,137.5,-44.17,0.942,43.2,82,0.0824,0,1
NEU-006285,TreatmentA,B01,130.59,-66.64,199.4,18.12,60.5,-33.32,1.035,78.6,71,0.4306,0,1
NEU-006286,TreatmentB,B01,120.86,-61.84,114.7,9.01,97.5,-41.02,1.269,59.0,74,0.4571,1,1
NEU-006287,Control,B01,97.46,-70.77,120.5,14.42,63.8,-43.37,0.749,36.9,90,0.2928,1,0
NEU-006288,TreatmentB,B03,101.28,-63.6,211.5,15.71,64.7,-42.54,1.542,60.5,94,0.3302,1,0
NEU-006289,Control,B03,85.8,-66.32,237.6,18.6,175.8,-39.87,0.726,58.2,77,0.4045,0,1
NEU-006290,Control,B02,74.17,-66.03,182.6,13.02,130.3,-42.82,1.12,69.1,74,0.4637,1,1
NEU-006291,TreatmentA,B03,128.09,-75.73,198.1,15.11,70.7,-47.15,1.262,47.5,80,0.5377,1,0
NEU-006292,Control,B01,93.83,-70.52,77.3,21.34,91.8,-39.37,0.767,72.2,82,0.3528,1,0
NEU-006293,TreatmentA,B03,105.33,-59.58,119.3,10.5,139.6,-38.97,0.769,36.0,91,0.1534,1,1
NEU-006294,TreatmentA,B03,107.27,-62.91,316.2,16.47,139.0,-48.4,0.905,40.6,102,0.3039,0,1
NEU-006295,TreatmentB,B03,79.23,-73.3,118.5,12.25,125.3,-40.62,0.828,51.4,85,0.4758,0,0
NEU-006296,TreatmentA,B03,89.84,-66.94,91.1,10.86,98.8,-44.33,0.681,54.9,83,0.3039,0,1
NEU-006297,TreatmentA,B02,65.94,-67.53,142.3,10.88,119.6,-44.85,0.943,44.1,77,0.6835,1,0
NEU-006298,Control,B02,108.2,-64.49,225.5,15.22,135.4,-35.84,0.854,49.0,92,0.6884,1,1
NEU-006299,TreatmentA,B03,94.13,-75.56,208.1,19.18,130.6,-37.67,1.083,42.5,91,0.3589,1,0
NEU-006300,Control,B01,96.0,-74.39,118.9,7.57,130.6,-41.68,0.673,34.3,80,0.4502,1,0
NEU-006301,TreatmentA,B01,88.0,-65.08,289.8,9.89,141.2,-42.78,1.526,45.4,90,0.3294,0,1
NEU-006302,Control,B02,100.32,-59.94,329.4,6.6,148.9,-41.5,1.64,15.9,95,0.2317,0,1
NEU-006303,TreatmentB,B02,76.21,-63.69,112.6,9.6,117.5,-47.86,1.248,41.9,81,0.4455,1,1
NEU-006304,Control,B02,114.82,-65.7,163.3,6.57,111.5,-40.68,1.314,40.8,91,0.3174,1,1
NEU-006305,TreatmentA,B03,111.6,-56.55,306.3,10.16,168.4,-46.72,1.239,24.9,97,0.12,0,1
NEU-006306,TreatmentB,B01,100.41,-64.18,125.9,10.05,58.2,-47.29,0.892,64.3,92,0.2859,1,1
NEU-006307,TreatmentA,B03,86.96,-64.13,134.4,16.47,172.8,-48.01,0.68,53.5,89,0.4261,1,1
NEU-006308,TreatmentB,B02,93.89,-67.1,213.5,6.58,54.3,-43.91,1.3,74.2,82,0.2534,1,1
NEU-006309,Control,B03,91.93,-58.81,145.2,20.19,107.7,-43.66,0.823,40.2,80,0.5645,0,1
NEU-006310,TreatmentB,B03,82.99,-67.04,157.9,7.43,65.1,-39.37,1.807,69.8,86,0.6208,1,0
NEU-006311,Control,B01,108.77,-68.72,217.3,12.07,53.6,-44.6,1.657,23.0,84,0.2541,0,1
NEU-006312,Control,B02,105.41,-59.33,269.2,16.55,134.7,-44.44,0.619,44.0,74,0.6476,1,0
NEU-006313,TreatmentA,B02,86.82,-68.32,183.6,12.64,108.0,-43.13,0.973,49.2,84,0.3511,1,1
NEU-006314,TreatmentA,B02,99.45,-73.45,97.2,4.61,135.4,-30.6,1.274,52.7,86,0.1713,1,1
NEU-006315,TreatmentB,B03,110.55,-76.48,95.6,5.83,52.7,-42.83,0.914,74.5,81,0.5738,0,0
NEU-006316,Control,B01,114.18,-58.45,234.9,13.79,118.3,-41.84,1.196,36.4,88,0.337,0,0
NEU-006317,Control,B03,104.19,-58.59,139.5,5.52,154.8,-39.28,0.794,45.4,79,0.3655,1,1
NEU-006318,Control,B02,77.9,-69.09,108.4,11.8,215.6,-41.22,1.021,49.4,65,0.3136,0,1
NEU-006319,TreatmentA,B03,85.07,-71.42,123.5,15.96,120.0,-46.09,1.723,67.2,81,0.197,1,0
NEU-006320,Control,B01,105.94,-71.54,207.4,28.41,92.8,-38.36,1.583,58.2,91,0.4301,1,1
NEU-006321,TreatmentB,B02,86.71,-63.92,253.4,13.59,94.1,-42.39,0.736,49.8,97,0.4242,0,1
NEU-006322,TreatmentA,B02,71.37,-66.97,246.5,19.98,78.8,-41.18,0.54,33.9,61,0.1956,0,0
NEU-006323,Control,B03,128.3,-72.99,148.2,18.68,105.7,-47.78,0.815,59.1,73,0.365,1,0
NEU-006324,TreatmentA,B01,85.96,-62.31,242.4,14.44,71.1,-39.87,1.154,50.3,84,0.5949,1,1
NEU-006325,TreatmentA,B03,99.95,-63.08,259.4,12.43,47.9,-38.09,1.459,32.8,101,0.3461,0,1
NEU-006326,Control,B01,96.89,-55.29,200.4,9.14,146.8,-38.63,1.406,23.1,76,0.6865,1,0
NEU-006327,Control,B03,88.22,-72.59,119.5,23.08,125.3,-43.51,1.308,4.2,85,0.2281,0,0
NEU-006328,TreatmentA,B03,100.29,-71.69,266.2,9.42,113.2,-44.16,1.343,38.3,88,0.4701,1,0
NEU-006329,TreatmentB,B02,103.04,-71.14,238.6,20.22,7.4,-39.19,0.729,58.4,88,0.3456,0,0
NEU-006330,TreatmentB,B01,104.94,-57.0,192.0,30.57,42.2,-38.28,0.828,80.5,92,0.7068,1,1
NEU-006331,Control,B02,123.37,-61.61,270.3,13.65,139.8,-39.57,0.84,61.3,90,0.3717,0,1
NEU-006332,TreatmentA,B02,89.58,-60.73,265.1,14.9,52.7,-42.37,1.904,47.1,80,0.212,1,0
NEU-006333,Control,B02,108.34,-70.99,202.7,9.61,195.4,-37.67,0.625,22.6,103,0.5387,0,0
NEU-006334,Control,B01,95.59,-63.24,196.5,10.42,111.4,-45.28,1.064,42.4,102,0.4634,1,1
NEU-006335,TreatmentA,B01,93.38,-71.65,194.8,18.88,90.2,-43.9,0.945,43.6,101,0.6019,0,1
NEU-006336,TreatmentA,B03,102.13,-57.5,341.0,20.93,215.4,-43.5,0.86,39.1,98,0.4317,0,0
NEU-006337,Control,B03,81.18,-56.91,168.8,13.97,208.3,-42.17,1.103,39.3,81,0.1803,0,0
NEU-006338,TreatmentB,B02,87.47,-62.31,218.8,13.58,124.0,-48.92,1.137,43.9,74,0.3373,1,0
NEU-006339,TreatmentB,B02,93.56,-65.34,250.6,11.98,100.3,-41.76,0.814,64.1,77,0.3021,1,1
NEU-006340,TreatmentA,B03,125.61,-70.6,318.3,7.28,149.2,-40.32,0.875,49.3,81,0.4206,0,0
NEU-006341,TreatmentB,B02,93.43,-62.71,161.6,14.15,60.8,-39.95,0.992,57.9,95,0.4453,1,1
NEU-006342,Control,B03,88.36,-63.9,126.4,17.24,78.8,-44.75,2.144,18.8,94,0.2971,0,1
NEU-006343,TreatmentA,B02,92.08,-73.03,111.4,8.97,71.5,-40.54,0.65,40.0,77,0.3449,0,0
NEU-006344,TreatmentB,B03,105.01,-65.81,97.2,12.44,115.1,-40.53,0.888,61.2,83,0.1952,1,1
NEU-006345,Control,B03,95.65,-70.49,191.2,14.34,112.0,-42.49,0.907,34.0,73,0.1217,1,0
NEU-006346,TreatmentB,B01,103.38,-62.39,96.5,17.06,98.2,-43.79,1.367,59.2,102,0.1442,1,0
NEU-006347,Control,B01,107.84,-62.68,197.4,13.77,136.6,-45.03,0.911,25.8,72,0.3475,1,0
NEU-006348,Control,B03,105.52,-62.12,76.7,13.78,105.0,-45.89,0.69,23.4,92,0.51,0,1
NEU-006349,TreatmentB,B02,110.35,-69.51,163.6,11.05,92.5,-38.81,1.177,63.5,85,0.3302,1,0
NEU-006350,TreatmentA,B03,95.49,-63.2,174.8,14.51,109.5,-48.34,1.712,40.9,95,0.4716,1,0
NEU-006351,Control,B03,89.99,-62.85,136.6,16.31,97.5,-38.2,1.222,27.1,82,0.5574,1,1
NEU-006352,Control,B02,97.53,-64.56,147.1,16.63,94.7,-43.52,1.266,42.7,83,0.3327,1,0
NEU-006353,TreatmentB,B01,89.49,-62.48,227.7,20.11,59.9,-45.62,0.825,48.6,80,0.2099,0,0
NEU-006354,TreatmentA,B01,99.12,-67.86,277.0,24.54,112.3,-49.4,1.358,29.7,79,0.2461,0,0
NEU-006355,TreatmentA,B03,85.71,-59.11,121.3,17.53,131.7,-38.44,0.759,46.0,84,0.3702,0,0
NEU-006356,TreatmentA,B03,87.62,-65.12,130.9,8.38,126.3,-38.4,1.251,35.1,76,0.4041,1,1
NEU-006357,Control,B03,111.3,-63.03,190.5,11.59,187.1,-46.69,1.511,27.6,82,0.4055,0,1
NEU-006358,TreatmentB,B03,117.6,-58.66,238.9,16.13,34.4,-34.7,0.963,48.6,92,0.5398,1,0
NEU-006359,Control,B01,114.99,-58.48,305.2,15.21,150.9,-44.82,1.225,39.9,84,0.1321,0,0
NEU-006360,TreatmentB,B01,103.41,-61.78,188.3,11.33,71.4,-45.69,1.044,39.1,71,0.7389,1,0
NEU-006361,TreatmentB,B03,89.21,-63.84,227.7,8.48,80.6,-39.21,0.847,69.2,77,0.5728,0,0
NEU-006362,Control,B01,93.69,-61.27,161.3,12.0,147.0,-46.09,1.752,22.2,82,0.6622,1,0
NEU-006363,TreatmentB,B03,93.84,-68.9,317.5,20.14,97.7,-43.86,1.086,57.8,92,0.2926,0,0
NEU-006364,TreatmentB,B03,126.38,-70.17,194.4,9.58,44.2,-45.05,1.006,73.8,79,0.1578,1,1
NEU-006365,TreatmentB,B01,98.99,-62.8,252.1,13.62,45.6,-43.59,1.04,52.6,76,0.453,1,1
NEU-006366,TreatmentA,B02,106.33,-65.04,231.7,15.55,130.5,-43.48,1.465,39.1,83,0.6057,0,1
NEU-006367,TreatmentB,B01,89.78,-59.96,251.2,15.13,30.1,-45.97,0.712,78.8,98,0.1994,0,0
NEU-006368,Control,B03,75.06,-62.74,79.4,15.1,172.3,-44.59,1.186,30.4,87,0.2358,1,0
NEU-006369,Control,B03,98.03,-61.95,243.3,7.01,183.1,-45.1,1.836,43.7,89,0.4438,1,1
NEU-006370,Control,B02,110.17,-67.9,175.9,15.0,183.0,-38.62,1.213,37.8,74,0.5832,1,1
NEU-006371,Control,B01,114.68,-74.18,200.6,9.34,167.5,-38.45,1.1,61.6,89,0.4987,1,0
NEU-006372,Control,B01,99.85,-62.62,402.7,13.76,142.9,-42.66,0.688,59.7,80,0.4685,0,1
NEU-006373,TreatmentB,B03,134.03,-62.52,143.6,8.06,127.7,-40.16,1.52,51.5,84,0.5484,1,0
NEU-006374,TreatmentA,B02,113.33,-66.09,175.0,10.61,122.2,-43.67,1.077,46.5,74,0.379,0,0
NEU-006375,TreatmentA,B02,88.79,-61.93,459.6,12.33,101.1,-38.19,0.6,59.8,97,0.1396,0,1
NEU-006376,Control,B03,95.1,-62.76,103.9,16.63,131.6,-49.05,0.818,45.6,88,0.2869,0,1
NEU-006377,TreatmentA,B02,82.78,-67.2,123.0,6.15,156.8,-38.82,1.416,38.1,82,0.2633,0,1
NEU-006378,TreatmentB,B01,117.65,-64.47,182.3,11.75,173.4,-41.87,0.952,52.3,96,0.6054,0,0
NEU-006379,Control,B01,106.86,-62.73,242.0,14.15,161.1,-44.16,0.994,28.9,78,0.4069,0,0
NEU-006380,Control,B02,119.83,-64.57,248.5,8.35,198.5,-45.69,0.824,41.3,107,0.3489,0,1
NEU-006381,TreatmentA,B03,89.67,-82.72,170.1,18.5,143.7,-48.33,1.689,34.8,81,0.1948,0,0
NEU-006382,TreatmentA,B03,106.37,-68.12,323.9,11.88,93.4,-49.85,1.504,39.8,93,0.3291,1,1
NEU-006383,TreatmentA,B03,115.41,-74.23,270.4,13.29,149.7,-47.41,0.627,29.5,80,0.5948,1,0
NEU-006384,TreatmentA,B02,77.28,-67.73,118.4,17.5,81.7,-36.28,0.901,41.0,89,0.13,0,0
NEU-006385,TreatmentB,B02,81.45,-59.43,132.1,19.25,45.1,-42.66,1.158,45.8,80,0.4367,1,1
NEU-006386,Control,B03,123.55,-62.99,212.5,12.9,158.1,-45.07,0.966,43.4,84,0.3628,1,1
NEU-006387,TreatmentB,B01,79.65,-63.37,113.7,18.98,55.1,-43.13,1.755,42.8,89,0.1809,1,0
NEU-006388,Control,B03,88.07,-50.45,207.0,14.15,119.9,-42.59,1.586,41.9,90,0.2279,1,0
NEU-006389,Control,B03,81.92,-69.72,268.2,12.5,47.1,-42.34,0.958,51.8,90,0.4158,1,1
NEU-006390,Control,B01,97.46,-76.16,114.7,7.93,91.1,-34.5,0.943,33.7,97,0.3848,0,0
NEU-006391,Control,B02,89.61,-59.63,200.9,17.58,148.2,-42.15,0.625,60.7,84,0.3932,0,0
NEU-006392,Control,B01,110.3,-54.15,259.1,6.68,166.6,-40.63,0.847,48.2,93,0.4174,0,0
NEU-006393,Control,B02,74.92,-57.05,183.7,16.2,108.1,-36.84,2.397,18.9,88,0.4109,1,0
NEU-006394,TreatmentA,B02,80.59,-71.18,123.8,12.89,147.9,-39.53,1.106,49.0,106,0.3385,0,0
NEU-006395,TreatmentA,B01,99.62,-57.53,221.3,8.1,94.7,-36.54,1.0,61.9,86,0.8121,0,0
NEU-006396,Control,B02,98.63,-70.74,547.9,6.96,142.2,-40.54,1.646,48.3,82,0.6995,0,0
NEU-006397,TreatmentA,B03,128.1,-68.73,90.8,9.8,71.3,-42.54,0.721,20.2,85,0.3494,0,1
NEU-006398,Control,B01,128.34,-63.78,97.0,27.72,144.2,-36.46,1.2,30.4,93,0.1747,0,0
NEU-006399,TreatmentB,B03,77.06,-64.27,60.4,28.59,71.2,-40.34,0.562,59.5,80,0.4928,0,1
NEU-006400,TreatmentA,B02,92.32,-57.59,245.4,10.76,91.7,-37.22,0.715,58.2,81,0.5004,1,0
NEU-006401,TreatmentA,B01,108.6,-62.18,183.9,13.82,65.0,-40.67,1.911,52.8,94,0.2587,1,0
NEU-006402,Control,B02,97.65,-71.12,155.9,8.79,93.3,-38.41,1.067,47.4,91,0.1949,0,1
NEU-006403,Control,B01,99.12,-72.14,333.0,23.12,156.1,-46.52,1.045,54.6,100,0.2028,0,0
NEU-006404,Control,B02,112.1,-67.18,190.9,16.32,174.0,-42.38,1.007,47.4,92,0.523,0,1
NEU-006405,Control,B01,93.5,-56.97,185.3,13.1,143.3,-44.35,0.919,39.8,98,0.5777,1,0
NEU-006406,TreatmentA,B01,111.6,-71.91,121.5,15.1,145.9,-37.25,1.088,60.0,79,0.5776,1,0
NEU-006407,TreatmentA,B01,105.52,-61.42,227.3,18.06,155.3,-51.59,0.721,62.2,64,0.1506,1,1
NEU-006408,Control,B02,125.34,-61.59,93.3,17.67,110.4,-43.97,0.825,43.8,87,0.5499,0,1
NEU-006409,Control,B01,99.06,-71.04,288.1,10.33,174.6,-44.56,0.836,47.8,97,0.336,0,1
NEU-006410,TreatmentA,B03,99.37,-58.9,170.4,5.64,125.5,-46.85,1.134,31.4,76,0.4789,0,0
NEU-006411,Control,B01,84.05,-71.98,244.4,11.18,175.6,-44.49,0.975,17.7,94,0.5037,0,0
NEU-006412,Control,B03,93.9,-57.36,157.8,15.14,129.5,-36.72,0.893,58.3,87,0.5697,0,0
NEU-006413,TreatmentB,B01,96.2,-64.14,196.2,20.59,57.8,-45.32,0.982,51.4,102,0.3817,1,1
NEU-006414,Control,B03,91.85,-54.65,178.2,7.06,126.6,-47.91,1.235,46.5,87,0.3524,0,0
NEU-006415,TreatmentB,B01,97.37,-68.29,202.6,14.4,77.5,-40.55,1.232,58.1,96,0.4595,1,1
NEU-006416,Control,B02,110.15,-58.67,340.8,7.65,107.3,-49.87,0.633,15.6,85,0.7754,0,0
NEU-006417,TreatmentB,B02,103.79,-65.14,149.5,17.72,67.0,-43.8,1.183,50.3,82,0.6199,1,1
NEU-006418,TreatmentB,B03,90.88,-77.44,173.1,13.0,115.7,-46.3,1.196,57.6,79,0.7055,1,0
NEU-006419,Control,B03,119.21,-68.58,305.9,22.71,123.1,-43.04,0.833,30.3,83,0.2704,0,0
NEU-006420,TreatmentB,B01,79.85,-69.64,82.3,19.72,66.2,-36.42,1.137,57.0,88,0.5918,1,1
NEU-006421,Control,B03,86.43,-64.98,167.1,9.45,158.0,-36.32,0.822,70.6,96,0.3222,1,1
NEU-006422,TreatmentB,B03,119.51,-76.99,91.6,16.55,65.6,-37.74,0.752,63.0,89,0.3877,0,0
NEU-006423,TreatmentB,B01,79.04,-66.92,153.7,7.74,165.8,-36.25,0.659,44.8,87,0.4578,0,0
NEU-006424,TreatmentA,B02,93.86,-59.71,163.4,37.29,135.1,-44.26,1.302,53.9,88,0.3015,1,0
NEU-006425,Control,B03,101.01,-59.43,237.2,11.77,157.3,-43.87,1.068,43.5,77,0.3998,0,1
NEU-006426,Control,B03,76.24,-63.5,285.0,13.18,103.7,-42.35,0.643,47.1,79,0.5553,0,1
NEU-006427,TreatmentB,B03,89.49,-63.89,134.7,13.64,91.8,-46.77,1.623,67.8,95,0.4902,1,1
NEU-006428,TreatmentA,B02,115.71,-74.72,144.5,9.52,169.1,-42.08,1.646,35.1,78,0.2639,1,0
NEU-006429,TreatmentB,B03,98.28,-58.27,269.2,7.92,105.1,-44.67,0.953,75.5,96,0.5236,0,0
NEU-006430,TreatmentB,B01,71.23,-64.44,111.4,13.15,-14.3,-45.35,1.119,60.9,80,0.7432,1,0
NEU-006431,Control,B03,102.09,-69.8,165.7,10.7,153.2,-39.23,1.105,52.7,102,0.4944,0,0
NEU-006432,TreatmentB,B02,104.54,-69.92,300.2,20.7,92.8,-46.18,0.734,59.4,85,0.2418,1,0
NEU-006433,TreatmentA,B01,98.1,-62.8,131.5,12.82,77.4,-41.44,1.426,53.7,100,0.4991,1,1
NEU-006434,TreatmentA,B03,102.57,-62.71,162.4,20.99,101.1,-45.65,0.873,31.6,87,0.2455,1,0
NEU-006435,TreatmentA,B02,122.46,-67.6,349.6,6.26,123.5,-43.46,1.036,21.6,77,0.4409,0,1
NEU-006436,Control,B03,117.39,-69.95,296.5,11.31,122.5,-40.55,1.011,42.4,70,0.2468,0,1
NEU-006437,TreatmentB,B02,74.2,-63.1,243.2,7.8,110.7,-39.44,0.593,51.0,78,0.3112,0,1
NEU-006438,TreatmentA,B02,105.03,-69.54,165.6,18.12,80.6,-41.65,0.968,55.1,96,0.5741,0,1
NEU-006439,TreatmentB,B02,86.86,-62.08,194.2,11.68,79.5,-38.02,1.188,43.7,94,0.1105,1,1
NEU-006440,Control,B01,93.06,-74.42,260.5,17.19,54.3,-38.46,1.226,26.2,99,0.6535,0,0
NEU-006441,TreatmentA,B02,115.47,-56.79,109.2,10.4,114.4,-48.18,1.17,70.0,86,0.5554,1,0
NEU-006442,TreatmentA,B03,102.27,-68.57,250.7,14.42,133.6,-48.84,0.8,48.1,78,0.3651,1,1
NEU-006443,TreatmentB,B02,73.85,-66.0,164.0,15.1,88.5,-38.61,1.265,43.9,90,0.5372,0,1
NEU-006444,Control,B03,114.56,-57.15,200.9,8.2,179.3,-43.24,1.26,19.1,84,0.289,1,1
NEU-006445,TreatmentB,B01,106.87,-60.71,226.1,16.29,54.4,-45.42,0.889,60.3,78,0.4164,1,1
NEU-006446,TreatmentA,B02,122.63,-67.54,124.6,20.07,83.0,-39.07,1.043,21.3,85,0.4876,0,1
NEU-006447,Control,B03,86.2,-78.08,151.4,17.92,105.8,-39.29,1.129,27.3,101,0.5037,0,0
NEU-006448,Control,B02,81.3,-63.45,166.5,20.51,96.7,-39.59,1.385,61.6,83,0.5643,1,1
NEU-006449,TreatmentB,B02,126.66,-58.54,557.5,12.3,170.9,-45.84,1.208,54.4,79,0.5172,0,0
NEU-006450,TreatmentB,B02,102.67,-64.72,181.8,6.58,90.4,-39.82,1.217,55.9,90,0.2911,0,1
NEU-006451,TreatmentB,B03,98.24,-62.13,204.4,8.81,117.5,-43.2,1.728,43.7,88,0.4487,1,0
NEU-006452,TreatmentA,B02,116.23,-66.47,146.4,10.87,139.9,-49.25,0.634,43.5,85,0.2935,0,1
NEU-006453,Control,B02,102.53,-71.38,232.9,11.49,131.9,-52.89,1.614,43.5,92,0.4684,1,0
NEU-006454,Control,B03,106.93,-71.37,151.1,15.03,95.0,-42.4,1.244,39.2,91,0.1836,0,0
NEU-006455,TreatmentA,B01,121.01,-67.12,274.4,10.89,80.0,-46.85,0.682,43.6,92,0.2544,0,1
NEU-006456,TreatmentB,B03,94.61,-62.23,177.2,10.97,41.8,-40.46,1.223,85.3,78,0.5949,0,0
NEU-006457,Control,B01,109.62,-65.9,193.1,17.22,113.0,-46.65,1.189,53.2,84,0.5098,1,1
NEU-006458,TreatmentA,B02,93.03,-63.27,123.1,17.22,112.8,-37.57,0.695,25.1,92,0.4967,0,1
NEU-006459,Control,B01,120.65,-61.03,148.1,21.8,143.9,-45.58,0.843,54.0,82,0.6429,0,1
NEU-006460,TreatmentB,B02,98.62,-64.15,144.8,14.04,53.1,-45.36,0.597,59.7,79,0.4196,0,1
NEU-006461,Control,B03,71.34,-67.72,255.8,17.8,126.7,-41.83,1.11,64.8,86,0.4425,1,1
NEU-006462,TreatmentB,B03,72.08,-69.65,212.0,21.86,63.4,-41.73,0.888,63.6,87,0.3171,1,0
NEU-006463,TreatmentB,B01,92.47,-71.15,119.3,20.26,90.2,-33.16,1.069,69.9,94,0.2335,1,0
NEU-006464,TreatmentA,B01,98.73,-67.54,164.8,14.39,164.8,-47.14,1.034,54.3,83,0.3553,0,1
NEU-006465,TreatmentA,B03,90.3,-64.82,127.2,10.62,46.5,-46.23,0.697,39.8,91,0.3179,0,1
NEU-006466,Control,B03,103.23,-66.03,95.7,16.01,152.9,-40.47,1.251,39.4,81,0.4769,0,1
NEU-006467,TreatmentA,B03,97.35,-55.81,412.1,10.63,123.3,-55.62,1.059,64.6,77,0.5604,1,0
NEU-006468,TreatmentA,B02,86.99,-56.35,102.6,11.15,118.8,-41.06,0.875,54.7,77,0.4774,1,0
NEU-006469,Control,B03,90.58,-59.24,147.3,6.41,83.8,-41.44,0.751,57.6,99,0.1617,1,1
NEU-006470,Control,B01,136.88,-61.07,319.6,7.5,202.8,-39.67,0.792,20.1,97,0.4622,0,0
NEU-006471,TreatmentA,B02,86.33,-71.53,162.8,13.06,106.4,-42.12,0.543,59.5,86,0.274,1,1
NEU-006472,Control,B03,101.26,-65.2,199.3,8.73,130.8,-39.48,0.962,33.9,76,0.346,0,1
NEU-006473,TreatmentB,B02,93.49,-64.85,107.1,14.88,9.2,-44.94,0.83,51.7,86,0.4314,1,1
NEU-006474,Control,B01,111.48,-49.29,105.9,29.55,143.0,-45.71,1.497,12.6,73,0.2135,0,0
NEU-006475,Control,B01,104.59,-65.76,132.5,13.17,156.7,-39.8,1.252,60.4,76,0.2543,0,1
NEU-006476,Control,B03,116.65,-61.9,180.6,12.14,140.8,-40.66,0.373,41.8,94,0.5701,0,0
NEU-006477,TreatmentA,B01,98.71,-55.87,126.5,16.52,163.7,-37.75,1.006,42.0,103,0.5652,1,0
NEU-006478,TreatmentB,B03,110.75,-62.13,79.0,11.88,42.9,-39.08,0.742,52.9,89,0.3389,1,1
NEU-006479,TreatmentA,B02,112.23,-60.72,354.3,24.1,123.9,-45.35,0.79,49.6,81,0.5831,0,1
NEU-006480,TreatmentA,B01,85.15,-58.77,287.9,13.67,75.5,-39.31,1.118,18.1,81,0.2951,0,0
NEU-006481,Control,B03,118.31,-68.14,97.2,19.19,112.9,-35.43,0.898,38.7,95,0.2249,1,0
NEU-006482,TreatmentA,B02,103.49,-61.98,187.8,7.87,113.7,-44.56,1.328,41.0,85,0.1612,1,1
NEU-006483,TreatmentA,B03,73.31,-62.72,158.1,12.2,186.8,-42.47,1.194,44.9,82,0.265,1,0
NEU-006484,TreatmentB,B03,107.03,-62.11,226.5,9.41,79.3,-41.92,0.694,38.9,95,0.321,0,1
NEU-006485,TreatmentA,B01,107.15,-69.0,159.1,8.48,125.1,-45.1,0.891,34.0,80,0.2395,0,1
NEU-006486,TreatmentA,B01,122.74,-61.86,200.9,14.92,136.2,-44.53,1.174,24.8,99,0.3278,0,0
NEU-006487,TreatmentB,B02,111.84,-69.36,153.6,16.96,42.8,-40.78,1.589,76.6,98,0.2096,1,0
NEU-006488,TreatmentB,B03,88.44,-79.15,130.6,23.3,49.5,-39.67,0.954,64.5,87,0.5066,1,0
NEU-006489,TreatmentB,B01,91.29,-63.84,151.1,14.26,154.0,-41.45,1.077,31.8,88,0.3792,0,0
NEU-006490,TreatmentB,B02,68.27,-61.45,245.0,12.55,108.0,-42.1,1.375,39.9,91,0.4976,0,1
NEU-006491,TreatmentB,B03,88.65,-61.24,149.8,16.81,91.8,-43.85,0.863,65.9,93,0.6578,1,1
NEU-006492,Control,B01,77.42,-62.49,221.5,21.23,126.0,-44.5,0.897,47.0,91,0.323,1,0
NEU-006493,TreatmentA,B02,104.13,-68.94,165.9,11.8,70.7,-45.37,0.585,36.2,94,0.5257,0,0
NEU-006494,Control,B03,117.76,-61.33,142.5,17.22,130.4,-38.8,0.959,36.3,81,0.485,1,1
NEU-006495,Control,B01,115.63,-69.37,175.8,12.58,159.7,-37.73,0.939,51.2,91,0.3951,1,1
NEU-006496,Control,B01,109.58,-61.39,186.3,16.11,151.3,-48.42,0.906,28.1,87,0.3455,0,0
NEU-006497,Control,B02,81.77,-59.3,194.4,6.15,65.8,-37.42,1.781,42.7,82,0.2373,1,1
NEU-006498,TreatmentA,B03,106.57,-57.24,83.6,6.36,109.0,-43.57,0.766,35.9,91,0.2021,1,1
NEU-006499,Control,B02,77.45,-65.22,121.3,14.95,104.9,-41.53,1.397,28.3,87,0.5103,1,1
NEU-006500,TreatmentB,B02,95.74,-70.85,182.9,10.13,101.7,-38.04,1.062,47.2,104,0.5365,0,0
NEU-006501,TreatmentA,B01,123.79,-74.73,172.8,11.92,94.5,-34.65,2.651,29.2,76,0.1925,1,0
NEU-006502,TreatmentA,B03,92.28,-61.62,242.5,8.51,97.0,-47.03,1.701,60.3,72,0.3503,1,1
NEU-006503,TreatmentB,B01,112.87,-66.45,325.2,13.09,64.4,-32.57,1.122,104.6,100,0.4728,1,1
NEU-006504,TreatmentA,B02,88.96,-59.41,164.4,16.85,156.6,-49.97,0.699,55.8,88,0.3379,1,0
NEU-006505,Control,B03,106.27,-66.56,281.5,11.52,111.6,-38.65,1.192,31.4,67,0.5585,1,1
NEU-006506,TreatmentA,B02,93.2,-62.43,189.9,18.97,84.5,-40.54,0.659,50.0,79,0.2132,0,1
NEU-006507,TreatmentB,B01,72.34,-62.51,197.0,20.34,66.2,-37.5,1.256,51.6,81,0.338,0,0
NEU-006508,TreatmentA,B01,98.9,-71.49,339.1,13.35,71.5,-43.45,1.216,77.8,92,0.22,0,1
NEU-006509,Control,B02,91.67,-54.74,158.2,12.6,119.9,-45.13,1.159,9.7,90,0.6244,0,0
NEU-006510,TreatmentB,B02,84.29,-74.41,189.8,11.14,127.8,-43.85,0.691,88.0,65,0.8406,1,0
NEU-006511,Control,B01,69.13,-67.7,68.6,26.74,132.3,-36.74,0.449,65.5,88,0.3954,1,1
NEU-006512,TreatmentA,B03,78.36,-56.25,169.2,10.0,54.1,-49.39,1.018,25.8,84,0.4884,1,0
NEU-006513,TreatmentA,B01,115.93,-53.02,219.2,20.01,44.8,-37.65,0.963,26.9,73,0.2359,0,0
NEU-006514,TreatmentA,B02,84.57,-69.09,224.8,9.43,69.3,-35.43,1.02,40.5,84,0.3764,0,1
NEU-006515,Control,B02,85.18,-60.37,189.4,11.56,146.5,-40.27,0.816,29.8,77,0.2563,0,1
NEU-006516,TreatmentA,B03,97.76,-66.3,64.3,9.84,89.9,-37.65,1.097,62.2,74,0.5439,1,0
NEU-006517,TreatmentA,B02,116.68,-58.07,409.7,9.09,75.4,-46.54,2.367,42.6,82,0.4585,1,0
NEU-006518,Control,B03,93.89,-55.18,196.9,17.63,123.0,-37.02,0.898,33.0,85,0.3862,0,0
NEU-006519,Control,B02,121.68,-69.53,347.0,18.93,51.8,-46.41,0.874,39.2,105,0.2234,0,0
NEU-006520,TreatmentA,B02,84.61,-58.85,114.2,4.82,95.7,-44.32,0.95,61.6,95,0.5013,1,0
NEU-006521,TreatmentA,B01,115.47,-69.05,214.8,7.9,109.3,-36.96,1.618,40.9,101,0.6151,1,0
NEU-006522,TreatmentB,B02,81.09,-62.08,101.9,9.72,146.7,-41.46,1.478,65.6,97,0.2822,1,1
NEU-006523,Control,B01,120.89,-73.28,247.0,7.48,122.2,-46.76,0.904,49.1,88,0.3981,0,0
NEU-006524,TreatmentB,B02,121.78,-66.34,177.7,14.28,44.7,-43.95,0.989,45.6,76,0.262,0,1
NEU-006525,TreatmentB,B01,103.8,-68.62,240.5,24.57,64.5,-42.93,0.605,44.5,73,0.4792,0,1
NEU-006526,TreatmentA,B01,98.75,-64.51,186.4,14.98,142.5,-47.81,0.817,67.4,85,0.3965,1,1
NEU-006527,TreatmentB,B02,95.55,-63.98,111.0,5.92,117.8,-38.68,0.971,34.6,96,0.5305,0,0
NEU-006528,TreatmentB,B02,106.0,-63.11,261.9,10.11,116.3,-42.98,0.75,59.2,109,0.3061,1,1
NEU-006529,TreatmentB,B02,102.32,-62.18,114.5,17.05,114.7,-36.84,1.173,65.7,89,0.5417,1,1
NEU-006530,Control,B01,108.29,-67.02,239.7,15.86,151.6,-33.04,1.436,41.8,73,0.1638,0,0
NEU-006531,Control,B01,86.04,-72.02,266.8,10.84,99.0,-44.04,0.81,43.5,101,0.4467,0,0
NEU-006532,TreatmentB,B02,95.95,-57.09,174.1,10.35,28.6,-47.83,0.748,80.9,84,0.6056,1,0
NEU-006533,TreatmentA,B01,88.06,-65.96,301.0,8.54,124.9,-45.28,1.255,37.9,90,0.4251,1,0
NEU-006534,TreatmentB,B02,82.39,-65.32,144.8,16.61,66.1,-47.21,0.882,46.4,79,0.3971,1,1
NEU-006535,TreatmentA,B03,120.31,-69.9,214.9,10.34,50.4,-41.46,0.934,37.1,84,0.2797,1,1
NEU-006536,TreatmentA,B02,111.13,-57.26,269.1,18.73,142.0,-42.23,1.106,33.0,77,0.4983,1,0
NEU-006537,TreatmentA,B03,75.06,-62.02,257.8,15.91,102.6,-41.57,0.68,24.6,71,0.6133,1,1
NEU-006538,TreatmentB,B01,125.95,-60.27,254.0,14.74,52.3,-43.48,1.954,71.5,76,0.5523,1,1
NEU-006539,TreatmentA,B02,102.69,-80.4,289.0,13.08,150.3,-46.48,0.892,53.8,73,0.4098,0,0
NEU-006540,Control,B01,89.65,-73.33,261.1,16.03,108.5,-43.66,0.603,23.2,77,0.5288,0,0
NEU-006541,TreatmentA,B01,129.43,-70.55,158.3,13.22,173.7,-48.57,0.677,35.6,87,0.3442,0,1
NEU-006542,Control,B03,92.26,-69.14,107.9,24.65,180.4,-39.56,0.921,60.7,95,0.3802,1,1
NEU-006543,Control,B02,102.84,-60.46,207.8,11.38,103.1,-33.38,1.679,10.3,79,0.4755,1,1
NEU-006544,TreatmentB,B02,80.08,-69.01,271.3,10.52,120.1,-40.14,1.528,73.6,90,0.4378,1,0
NEU-006545,Control,B02,85.88,-71.63,294.2,24.0,144.5,-36.95,1.181,35.9,101,0.2549,0,0
NEU-006546,TreatmentA,B03,115.35,-68.71,99.0,11.55,135.2,-39.88,0.803,75.0,93,0.4291,1,1
NEU-006547,TreatmentB,B01,100.61,-71.53,108.0,8.32,67.1,-39.73,1.281,53.8,95,0.3864,1,1
NEU-006548,Control,B03,74.51,-78.69,70.2,15.24,72.7,-37.2,1.217,37.1,90,0.5134,0,0
NEU-006549,TreatmentA,B03,92.43,-65.96,324.7,8.02,126.5,-43.19,1.025,52.7,85,0.2989,0,1
NEU-006550,TreatmentB,B03,85.93,-47.49,154.8,10.74,45.8,-45.74,1.473,65.8,79,0.626,1,0
NEU-006551,TreatmentB,B01,85.11,-62.11,196.8,8.18,51.4,-44.6,0.995,74.3,76,0.4353,0,1
NEU-006552,Control,B01,124.15,-63.57,154.0,12.83,140.2,-31.47,1.162,36.8,83,0.6647,0,0
NEU-006553,TreatmentB,B02,104.8,-63.49,115.4,10.38,120.3,-40.36,0.936,51.1,95,0.6042,1,0
NEU-006554,Control,B02,101.58,-62.74,272.7,16.7,133.4,-52.11,0.877,33.8,82,0.6026,0,1
NEU-006555,TreatmentB,B01,105.28,-55.41,389.0,15.72,95.9,-47.83,0.572,86.1,93,0.467,0,0
NEU-006556,Control,B02,121.05,-74.05,152.7,9.55,117.1,-43.82,0.79,18.1,79,0.4439,0,0
NEU-006557,TreatmentA,B02,103.54,-64.45,303.4,20.22,214.4,-39.39,0.655,40.7,78,0.27,0,1
NEU-006558,Control,B03,75.87,-72.18,205.0,11.96,102.4,-43.27,0.828,29.6,95,0.507,1,0
NEU-006559,TreatmentA,B02,85.75,-62.14,350.1,6.64,100.6,-37.47,0.929,41.1,81,0.4562,0,0
NEU-006560,TreatmentB,B03,86.81,-54.34,112.2,11.82,71.9,-34.89,1.663,34.7,85,0.301,1,0
NEU-006561,TreatmentA,B02,118.34,-58.17,173.2,22.83,143.1,-40.33,0.469,66.8,87,0.2299,1,0
NEU-006562,TreatmentB,B03,78.78,-59.72,213.7,8.9,49.3,-45.65,1.152,64.2,103,0.3868,0,0
NEU-006563,Control,B02,77.5,-68.78,172.2,13.19,144.7,-42.74,0.663,42.3,88,0.32,0,1
NEU-006564,TreatmentB,B02,91.23,-62.85,147.6,9.48,23.3,-41.24,1.636,68.8,71,0.1346,1,1
NEU-006565,TreatmentB,B01,104.45,-63.33,253.7,10.22,99.9,-41.8,0.906,51.2,95,0.3874,0,1
NEU-006566,TreatmentB,B02,93.61,-57.92,96.6,12.04,77.1,-40.92,1.542,52.1,81,0.3032,1,0
NEU-006567,TreatmentA,B02,80.04,-69.21,246.6,10.57,42.8,-44.44,0.503,38.3,93,0.3019,0,1
NEU-006568,TreatmentB,B02,105.76,-70.3,425.1,14.75,113.0,-50.91,1.132,48.5,86,0.2483,1,0
NEU-006569,TreatmentA,B03,72.27,-56.05,148.0,11.5,125.6,-37.11,1.598,57.8,77,0.3809,1,0
NEU-006570,Control,B03,109.05,-65.35,176.7,14.17,148.2,-36.85,1.244,56.8,84,0.3729,0,1
NEU-006571,TreatmentA,B01,109.08,-62.62,136.2,8.95,98.7,-37.59,0.826,0.8,89,0.5355,0,0
NEU-006572,Control,B01,92.53,-67.7,320.4,19.3,78.6,-47.13,0.992,59.8,92,0.3207,0,0
NEU-006573,TreatmentA,B01,95.44,-62.8,213.4,16.53,153.3,-40.38,1.38,44.9,83,0.2981,1,1
NEU-006574,Control,B01,110.78,-67.42,131.9,8.63,162.2,-42.98,1.339,46.2,72,0.4712,0,0
NEU-006575,TreatmentA,B03,101.83,-64.68,183.5,11.9,128.0,-40.88,1.056,43.6,92,0.2754,1,1
NEU-006576,Control,B03,95.66,-66.62,180.4,23.13,139.2,-43.65,1.299,23.2,85,0.6457,0,1
NEU-006577,Control,B01,102.51,-63.15,131.8,7.8,156.0,-39.14,1.004,33.0,86,0.3506,1,1
NEU-006578,TreatmentA,B02,86.57,-73.42,210.4,19.57,149.1,-42.45,1.181,39.7,80,0.3079,1,0
NEU-006579,Control,B01,99.67,-54.94,357.2,10.97,185.4,-41.03,0.877,47.9,101,0.3353,0,0
NEU-006580,Control,B01,78.77,-69.28,75.4,12.6,94.2,-43.89,1.46,40.1,82,0.3346,1,0
NEU-006581,TreatmentA,B01,70.52,-80.18,350.7,12.55,95.6,-36.6,1.349,34.4,83,0.4177,0,0
NEU-006582,TreatmentB,B01,110.55,-66.67,144.5,9.15,89.8,-43.62,0.677,47.6,70,0.578,1,1
NEU-006583,TreatmentB,B03,87.82,-54.86,420.8,12.63,62.6,-42.64,0.836,34.1,75,0.2243,0,0
NEU-006584,TreatmentA,B01,83.49,-59.44,189.9,12.57,122.9,-39.88,0.769,51.0,90,0.3253,0,1
NEU-006585,Control,B03,78.49,-69.91,97.6,19.27,145.3,-41.99,1.216,40.3,90,0.387,0,0
NEU-006586,Control,B02,106.91,-59.08,208.5,12.54,145.9,-42.81,0.754,37.3,69,0.1302,0,1
NEU-006587,TreatmentA,B01,81.36,-65.86,311.8,22.13,86.8,-44.52,0.867,48.2,80,0.5266,0,1
NEU-006588,Control,B01,128.41,-70.52,66.9,11.87,97.5,-36.88,0.937,28.0,106,0.5856,0,0
NEU-006589,Control,B02,105.39,-57.4,126.7,8.38,145.5,-37.4,0.863,36.6,75,0.1825,0,1
NEU-006590,TreatmentA,B01,98.94,-58.06,205.1,12.59,83.3,-42.04,1.178,31.6,79,0.328,0,0
NEU-006591,TreatmentB,B02,107.35,-59.21,502.4,13.51,135.2,-42.2,1.438,56.5,111,0.3966,0,1
NEU-006592,TreatmentA,B01,88.56,-70.93,123.2,19.1,135.3,-45.49,1.031,52.7,84,0.4107,0,1
NEU-006593,TreatmentA,B03,108.05,-73.71,177.7,12.38,99.0,-43.66,1.22,47.1,88,0.3504,1,0
NEU-006594,TreatmentA,B01,100.59,-68.91,85.7,24.66,136.2,-43.26,1.348,46.0,84,0.3525,1,0
NEU-006595,Control,B01,81.03,-56.18,103.2,14.98,104.8,-50.07,1.056,19.2,79,0.1972,1,0
NEU-006596,Control,B01,58.94,-68.08,322.7,16.65,152.4,-46.84,1.242,55.8,74,0.3407,0,1
NEU-006597,TreatmentA,B01,80.3,-58.38,149.3,11.29,138.6,-45.99,0.79,43.4,100,0.1897,0,1
NEU-006598,Control,B01,89.87,-55.72,116.3,16.6,77.6,-45.22,0.951,41.6,98,0.4455,1,0
NEU-006599,TreatmentB,B03,92.07,-60.23,178.0,17.2,65.1,-41.75,1.148,56.4,96,0.6113,1,1
NEU-006600,TreatmentA,B02,96.0,-75.2,420.5,12.73,118.9,-40.06,1.511,42.1,74,0.3836,0,0
NEU-006601,TreatmentB,B03,96.79,-62.87,99.7,15.45,95.9,-43.22,2.403,54.7,97,0.3898,1,1
NEU-006602,TreatmentA,B02,102.79,-64.87,185.9,12.3,90.3,-45.09,0.939,54.4,78,0.4208,0,1
NEU-006603,TreatmentA,B02,81.05,-70.53,180.9,11.62,130.5,-46.34,1.048,27.7,73,0.4786,0,0
NEU-006604,TreatmentA,B01,109.91,-56.67,295.9,12.47,75.8,-45.4,1.177,61.9,79,0.3655,1,0
NEU-006605,TreatmentA,B02,105.81,-67.6,107.0,8.4,117.6,-41.91,1.817,39.2,106,0.305,1,1
NEU-006606,TreatmentB,B02,106.45,-69.9,248.0,8.52,106.0,-43.36,0.808,71.6,104,0.5544,1,1
NEU-006607,TreatmentA,B02,79.87,-58.82,232.4,11.89,49.4,-38.62,1.101,28.9,102,0.2942,1,0
NEU-006608,Control,B01,91.3,-62.81,217.4,26.27,188.6,-41.23,0.882,36.7,94,0.6923,1,1
NEU-006609,TreatmentA,B01,93.25,-63.55,149.2,17.74,94.5,-32.59,0.999,51.1,96,0.4078,1,1
NEU-006610,TreatmentB,B01,84.04,-60.2,106.4,17.13,65.9,-47.25,0.773,39.6,111,0.5185,1,1
NEU-006611,TreatmentB,B03,81.1,-68.86,51.1,15.49,55.9,-41.75,1.086,44.7,112,0.6099,1,1
NEU-006612,TreatmentB,B02,95.07,-69.72,168.7,22.85,53.5,-33.52,1.58,41.5,84,0.4087,0,1
NEU-006613,TreatmentB,B03,120.99,-58.9,146.8,38.41,77.9,-41.24,0.935,45.4,75,0.3587,1,0
NEU-006614,Control,B01,65.46,-73.75,209.7,8.61,134.5,-40.88,1.018,41.4,94,0.4873,1,0
NEU-006615,Control,B03,98.17,-69.17,208.4,21.42,104.9,-41.52,0.674,49.2,78,0.4407,0,0
NEU-006616,TreatmentA,B01,98.19,-63.98,220.4,22.37,123.3,-44.03,1.128,78.5,69,0.5432,1,1
NEU-006617,Control,B02,84.78,-61.22,165.2,21.59,136.6,-42.86,1.368,34.1,105,0.2579,1,0
NEU-006618,Control,B02,88.82,-62.92,116.6,14.45,40.3,-45.56,1.209,22.2,99,0.3234,0,1
NEU-006619,Control,B03,52.21,-68.89,172.4,15.58,128.2,-47.64,0.838,32.2,87,0.362,0,1
NEU-006620,Control,B03,108.12,-62.33,264.5,11.08,162.2,-37.98,0.996,38.9,101,0.6096,0,0
NEU-006621,Control,B01,113.61,-63.73,153.1,9.02,118.9,-39.99,1.273,58.9,89,0.3853,1,1
NEU-006622,Control,B03,100.4,-64.35,184.4,13.43,122.5,-46.01,0.768,38.2,96,0.393,0,1
NEU-006623,TreatmentB,B02,102.28,-59.78,197.0,29.28,120.3,-43.0,0.728,55.9,64,0.4181,1,1
NEU-006624,Control,B01,90.12,-62.81,279.1,20.83,171.6,-36.46,0.826,71.6,75,0.3457,0,1
NEU-006625,TreatmentB,B03,114.37,-68.46,198.4,19.88,122.1,-39.3,1.292,43.0,76,0.5034,1,1
NEU-006626,TreatmentA,B01,96.73,-71.72,256.4,19.24,99.4,-40.26,0.717,49.7,88,0.5128,0,1
NEU-006627,TreatmentA,B01,106.51,-63.74,155.3,20.1,136.1,-36.74,1.704,32.7,87,0.1786,0,0
NEU-006628,TreatmentA,B02,96.68,-63.75,336.4,11.66,140.8,-38.47,1.082,36.5,84,0.5303,0,0
NEU-006629,Control,B02,96.62,-65.06,92.3,36.49,97.2,-44.1,1.373,47.9,86,0.4163,0,1
NEU-006630,TreatmentB,B02,106.37,-62.41,178.9,19.28,84.5,-47.96,1.194,45.3,94,0.5373,1,1
NEU-006631,TreatmentB,B03,54.67,-60.81,137.1,13.53,114.9,-44.37,1.056,41.8,75,0.4779,1,0
NEU-006632,TreatmentA,B01,80.67,-68.7,192.0,7.88,144.7,-36.72,0.934,29.9,74,0.1523,0,1
NEU-006633,Control,B02,79.57,-65.75,320.7,11.08,129.6,-37.11,0.99,31.0,101,0.2542,0,1
NEU-006634,Control,B03,94.23,-56.68,179.4,9.29,137.8,-43.04,1.371,33.6,87,0.1102,1,0
NEU-006635,TreatmentB,B03,137.82,-62.07,121.4,6.29,88.6,-41.92,0.876,64.3,91,0.3348,0,1
NEU-006636,Control,B01,84.62,-65.77,384.2,11.49,118.9,-34.49,1.2,31.1,84,0.7046,0,1
NEU-006637,Control,B01,103.58,-60.37,131.0,14.84,104.9,-41.95,1.296,34.1,80,0.6226,0,1
NEU-006638,TreatmentA,B03,53.08,-70.22,203.0,10.94,137.5,-46.66,1.317,29.4,72,0.1607,1,1
NEU-006639,TreatmentA,B01,84.18,-60.81,117.8,13.76,84.3,-38.0,1.047,71.3,86,0.5452,1,1
NEU-006640,Control,B02,77.1,-64.43,206.5,9.29,116.5,-44.25,1.587,27.4,97,0.241,0,1
NEU-006641,TreatmentA,B03,95.27,-66.79,245.5,8.52,125.1,-43.09,0.741,41.7,72,0.428,0,1
NEU-006642,Control,B01,114.1,-70.11,161.2,23.48,110.4,-36.57,0.917,38.7,76,0.4562,1,1
NEU-006643,TreatmentB,B01,104.02,-62.22,207.4,13.97,50.3,-40.23,1.013,43.2,95,0.3888,0,1
NEU-006644,TreatmentA,B02,88.33,-72.53,393.1,17.34,76.6,-43.75,1.201,49.0,79,0.4013,0,0
NEU-006645,TreatmentB,B02,63.37,-56.36,511.2,14.72,152.6,-42.9,0.643,55.7,96,0.3841,1,0
NEU-006646,TreatmentB,B02,98.2,-65.33,259.5,13.58,74.6,-44.88,0.61,48.7,95,0.3999,0,1
NEU-006647,Control,B01,95.73,-64.11,213.3,13.35,140.1,-42.06,1.248,38.3,85,0.3137,0,0
NEU-006648,TreatmentB,B03,111.05,-59.96,214.0,17.86,69.4,-43.87,0.719,40.2,83,0.3044,0,0
NEU-006649,Control,B01,70.74,-64.96,162.8,10.75,134.0,-46.26,1.313,30.5,85,0.2335,0,1
NEU-006650,Control,B02,88.17,-58.4,303.5,8.22,107.7,-45.69,0.643,23.8,101,0.3336,0,1
NEU-006651,Control,B02,99.15,-63.75,55.0,17.49,150.4,-34.61,0.877,37.2,74,0.4597,0,1
NEU-006652,TreatmentA,B02,116.61,-66.32,97.1,12.04,80.3,-45.24,1.537,37.9,93,0.353,1,1
NEU-006653,Control,B01,96.19,-71.24,191.1,8.06,151.0,-37.13,0.973,33.4,89,0.6037,0,0
NEU-006654,TreatmentB,B01,100.62,-67.57,359.6,13.68,77.2,-38.23,1.309,60.6,90,0.5493,0,1
NEU-006655,TreatmentA,B03,112.81,-57.23,154.8,12.74,160.4,-41.01,1.256,30.4,80,0.3117,1,0
NEU-006656,TreatmentB,B03,117.19,-59.79,157.3,13.33,67.4,-41.55,1.628,82.4,77,0.6042,1,0
NEU-006657,Control,B01,105.46,-66.04,209.4,16.71,75.5,-50.14,0.799,55.9,82,0.3458,0,1
NEU-006658,Control,B03,84.91,-53.46,113.4,30.78,160.8,-49.41,1.152,40.3,88,0.2489,0,0
NEU-006659,Control,B01,111.17,-56.89,145.1,18.32,92.4,-46.64,0.949,38.9,83,0.2903,0,0
NEU-006660,Control,B03,117.84,-54.61,163.5,21.14,97.4,-41.72,1.016,26.7,110,0.5202,0,1
NEU-006661,TreatmentB,B01,93.01,-67.96,192.9,25.2,99.9,-43.36,1.426,55.3,95,0.4505,1,1
NEU-006662,TreatmentB,B03,93.97,-65.14,98.9,9.99,75.3,-40.13,0.908,62.0,77,0.1056,1,1
NEU-006663,Control,B03,96.48,-58.79,329.6,11.74,150.3,-36.55,0.693,38.0,88,0.3916,1,0
NEU-006664,Control,B01,117.49,-77.44,104.4,14.41,171.3,-40.06,1.313,41.9,86,0.4483,1,0
NEU-006665,TreatmentB,B02,100.44,-69.65,261.5,9.43,134.4,-43.22,0.812,61.4,74,0.349,0,1
NEU-006666,TreatmentA,B01,119.71,-68.86,177.9,27.14,144.5,-42.3,1.402,43.4,86,0.1271,1,0
NEU-006667,Control,B03,73.74,-61.51,151.0,13.97,104.5,-43.44,0.669,55.2,91,0.3593,1,1
NEU-006668,TreatmentA,B02,97.0,-49.95,88.7,17.98,151.8,-42.21,1.569,54.1,74,0.2135,1,0
NEU-006669,TreatmentB,B03,111.95,-66.36,122.4,11.44,23.1,-45.05,1.011,32.7,86,0.2321,0,1
NEU-006670,TreatmentA,B01,124.81,-66.29,108.5,18.23,162.1,-51.82,0.591,36.1,66,0.5368,0,1
NEU-006671,TreatmentA,B02,105.79,-72.7,205.1,8.67,56.1,-44.3,1.072,47.6,76,0.1431,1,1
NEU-006672,Control,B01,98.12,-65.57,251.1,18.27,144.0,-45.42,0.95,33.3,102,0.4485,0,1
NEU-006673,TreatmentB,B03,118.17,-65.79,145.6,19.14,31.0,-46.2,0.685,72.5,89,0.3359,0,1
NEU-006674,Control,B02,76.21,-64.72,220.4,21.57,162.8,-45.17,1.247,35.2,82,0.3503,0,0
NEU-006675,TreatmentA,B01,113.45,-67.66,169.0,9.9,143.3,-41.19,1.016,24.5,96,0.3338,0,1
NEU-006676,Control,B02,88.21,-66.01,134.8,9.0,169.4,-43.3,0.84,43.1,76,0.4343,1,1
NEU-006677,TreatmentB,B02,112.48,-60.74,100.8,11.03,79.5,-43.92,1.321,52.7,82,0.2723,1,0
NEU-006678,Control,B02,101.06,-61.35,176.5,18.72,157.1,-43.13,0.609,56.5,90,0.5252,0,1
NEU-006679,Control,B02,125.73,-58.23,154.0,11.02,82.5,-46.06,0.806,47.7,85,0.3191,0,0
NEU-006680,TreatmentB,B02,107.94,-71.48,160.4,26.85,80.2,-44.2,1.024,42.8,73,0.2998,1,0
NEU-006681,TreatmentB,B03,123.59,-71.56,228.9,9.37,77.2,-37.58,1.142,69.2,84,0.1317,1,1
NEU-006682,TreatmentA,B01,95.6,-67.3,107.2,11.1,35.0,-41.03,1.675,51.9,77,0.2727,1,1
NEU-006683,TreatmentA,B02,82.46,-68.59,195.6,15.53,80.3,-50.01,1.324,40.5,98,0.4655,1,1
NEU-006684,TreatmentA,B03,84.8,-67.54,125.8,17.01,59.1,-36.37,1.547,61.7,95,0.5698,1,1
NEU-006685,TreatmentB,B02,98.57,-70.07,77.9,11.71,88.8,-42.05,0.792,64.2,92,0.2027,1,1
NEU-006686,TreatmentA,B03,87.08,-76.36,128.4,18.49,144.4,-39.04,1.023,46.6,88,0.3505,0,0
NEU-006687,TreatmentA,B01,76.34,-70.89,106.6,12.36,135.4,-41.79,1.62,55.6,88,0.4131,1,0
NEU-006688,TreatmentB,B01,89.81,-66.96,223.9,14.05,68.1,-43.79,1.052,54.5,80,0.4782,0,1
NEU-006689,TreatmentB,B02,97.95,-69.44,127.5,18.27,42.3,-41.0,1.565,50.1,84,0.5134,1,0
NEU-006690,Control,B02,124.22,-67.82,152.5,13.32,135.9,-40.69,1.554,16.7,90,0.7603,0,1
NEU-006691,TreatmentB,B02,92.05,-50.03,221.9,12.91,63.1,-45.92,1.166,68.5,95,0.5931,0,0
NEU-006692,Control,B01,122.41,-72.04,203.3,19.1,160.3,-46.68,1.308,10.7,85,0.3856,0,0
NEU-006693,TreatmentA,B02,103.56,-65.46,642.4,13.89,97.2,-42.99,0.873,40.8,88,0.3351,0,0
NEU-006694,Control,B01,103.66,-64.09,286.7,9.75,106.9,-40.99,1.101,24.8,85,0.4594,0,0
NEU-006695,Control,B01,109.26,-51.58,78.8,14.93,159.3,-36.08,1.101,29.5,82,0.2145,1,0
NEU-006696,TreatmentB,B03,93.48,-69.47,212.6,16.07,148.7,-42.56,1.019,57.0,102,0.1852,1,0
NEU-006697,TreatmentA,B03,89.55,-62.81,122.5,13.2,144.4,-44.43,1.379,33.4,88,0.2591,0,1
NEU-006698,Control,B02,117.92,-69.73,131.8,12.13,180.3,-38.77,1.11,47.3,76,0.5206,0,0
NEU-006699,TreatmentA,B01,78.32,-57.89,111.6,7.76,87.2,-40.08,1.366,38.6,89,0.7468,0,0
NEU-006700,TreatmentA,B03,102.14,-60.8,200.0,8.6,171.6,-42.59,1.186,44.3,90,0.4537,1,0
NEU-006701,TreatmentA,B03,113.17,-62.35,154.3,16.63,101.8,-40.04,0.844,36.6,94,0.2448,0,0
NEU-006702,Control,B02,102.39,-66.84,136.4,18.32,114.1,-36.06,0.869,39.1,81,0.566,0,1
NEU-006703,TreatmentB,B03,128.79,-71.89,254.0,18.74,118.2,-49.94,0.718,45.4,89,0.3487,0,0
NEU-006704,TreatmentA,B02,120.55,-71.09,321.2,9.85,57.3,-51.85,0.999,39.9,99,0.5137,0,0
NEU-006705,TreatmentB,B03,114.15,-60.08,170.8,9.94,61.0,-44.62,1.031,60.1,77,0.4441,1,1
NEU-006706,Control,B01,104.27,-64.12,141.5,13.73,137.2,-42.5,0.965,55.2,91,0.1356,0,1
NEU-006707,TreatmentB,B03,109.97,-66.95,248.6,14.54,119.0,-45.81,0.989,58.7,89,0.3544,1,1
NEU-006708,Control,B02,108.18,-71.23,87.5,13.14,163.8,-41.06,0.38,55.0,91,0.3799,1,0
NEU-006709,Control,B02,124.76,-73.69,160.5,9.58,169.8,-48.41,0.837,35.7,89,0.5906,1,0
NEU-006710,TreatmentA,B03,88.94,-52.04,173.1,29.67,137.0,-44.58,1.204,51.5,91,0.5819,0,1
NEU-006711,TreatmentA,B01,105.97,-73.26,124.1,10.07,123.3,-43.05,0.935,78.8,99,0.2685,0,0
NEU-006712,Control,B01,97.82,-72.11,232.8,10.32,145.4,-43.6,0.972,58.4,101,0.5334,0,0
NEU-006713,Control,B02,111.08,-56.09,195.8,20.16,136.4,-42.68,1.684,41.4,81,0.3215,1,1
NEU-006714,TreatmentB,B03,75.93,-64.34,260.9,5.59,48.9,-43.29,1.209,87.1,92,0.5356,1,0
NEU-006715,Control,B01,96.34,-67.54,223.3,18.77,119.7,-31.19,0.72,41.0,95,0.4681,1,1
NEU-006716,TreatmentB,B01,96.17,-63.48,478.6,16.62,135.4,-43.06,1.124,57.4,91,0.5701,0,1
NEU-006717,Control,B01,107.14,-65.05,78.2,6.9,163.9,-46.26,1.544,23.0,91,0.4328,0,1
NEU-006718,TreatmentB,B01,113.92,-62.86,196.1,8.2,100.6,-54.43,0.959,62.4,83,0.401,1,1
NEU-006719,Control,B03,94.83,-66.19,191.2,10.59,176.2,-47.28,0.768,51.0,84,0.5852,0,1
NEU-006720,TreatmentA,B03,87.41,-59.28,88.4,16.77,134.6,-46.96,1.747,60.9,84,0.2332,1,0
NEU-006721,TreatmentB,B01,93.29,-59.87,168.9,17.68,180.8,-36.74,0.981,30.6,77,0.5858,1,1
NEU-006722,Control,B01,101.82,-64.28,647.0,10.38,114.4,-47.98,0.791,27.0,89,0.4649,0,1
NEU-006723,TreatmentA,B01,115.12,-65.37,269.0,18.55,139.8,-47.39,1.487,49.2,97,0.3906,1,1
NEU-006724,TreatmentB,B01,86.13,-66.57,236.1,15.79,71.5,-42.77,0.832,50.0,84,0.2747,0,0
NEU-006725,Control,B02,110.51,-69.05,192.6,17.79,153.3,-49.23,1.517,47.6,87,0.4768,1,1
NEU-006726,TreatmentA,B01,91.33,-70.33,207.1,10.48,134.5,-41.81,0.795,43.5,102,0.3439,0,1
NEU-006727,TreatmentB,B02,96.27,-68.85,257.9,9.98,48.5,-42.76,1.294,64.7,99,0.3952,1,0
NEU-006728,Control,B03,121.47,-60.76,116.8,11.15,146.3,-41.06,0.814,45.8,83,0.3587,0,1
NEU-006729,Control,B02,116.01,-64.89,171.7,28.48,106.0,-40.61,0.799,55.0,79,0.6565,1,1
NEU-006730,TreatmentA,B01,99.32,-73.93,480.2,21.96,87.4,-47.04,1.584,34.5,108,0.3097,0,0
NEU-006731,TreatmentA,B02,132.75,-64.74,736.9,19.26,117.4,-41.61,0.963,60.3,89,0.277,0,1
NEU-006732,TreatmentA,B02,84.63,-64.13,106.1,14.59,93.6,-40.98,0.83,24.5,81,0.4069,0,1
NEU-006733,Control,B02,112.46,-63.13,77.8,14.88,190.7,-39.01,1.195,-1.6,102,0.4658,0,1
NEU-006734,TreatmentB,B03,96.66,-67.82,346.7,14.07,56.7,-42.93,0.758,36.9,54,0.3288,1,1
NEU-006735,Control,B01,83.86,-70.72,346.8,16.55,130.1,-40.45,1.006,34.1,71,0.2456,0,0
NEU-006736,TreatmentA,B01,90.54,-72.3,164.5,20.43,141.5,-44.54,1.047,71.3,91,0.6126,1,1
NEU-006737,TreatmentB,B01,118.44,-63.91,278.2,14.69,118.6,-47.22,0.995,68.3,86,0.4973,1,1
NEU-006738,Control,B01,107.64,-62.1,62.4,15.75,80.7,-49.25,1.904,40.5,87,0.4641,1,1
NEU-006739,Control,B02,111.38,-67.42,189.0,20.86,121.2,-46.93,1.559,53.5,94,0.4698,1,1
NEU-006740,TreatmentB,B01,80.98,-65.97,351.6,16.33,-6.7,-42.22,1.284,41.0,68,0.3683,0,1
NEU-006741,Control,B03,96.36,-55.76,111.0,21.72,171.4,-38.57,1.911,25.2,90,0.6542,1,0
NEU-006742,TreatmentA,B01,101.41,-64.29,354.3,9.76,69.1,-48.76,0.526,42.0,94,0.6991,0,0
NEU-006743,TreatmentB,B02,72.43,-64.58,71.2,17.45,64.6,-41.16,0.793,56.5,89,0.3604,0,1
NEU-006744,TreatmentA,B01,96.18,-75.69,149.2,12.09,141.0,-44.48,0.936,53.6,87,0.433,1,0
NEU-006745,TreatmentB,B03,108.08,-61.36,267.5,36.66,133.2,-37.62,0.795,38.0,81,0.4561,1,1
NEU-006746,Control,B01,82.26,-61.86,165.9,14.41,126.7,-43.33,1.458,8.4,103,0.2764,0,0
NEU-006747,TreatmentB,B02,124.72,-65.96,110.1,16.65,113.3,-45.63,1.186,33.8,85,0.284,1,1
NEU-006748,Control,B01,89.26,-57.78,193.0,20.01,95.0,-38.22,0.769,47.9,87,0.3859,1,0
NEU-006749,TreatmentB,B01,116.21,-72.26,182.5,8.72,105.8,-44.47,1.162,49.9,94,0.3201,1,0
NEU-006750,Control,B02,91.11,-63.85,421.3,10.05,113.6,-34.45,0.903,63.2,80,0.5044,0,0
NEU-006751,Control,B03,115.16,-70.23,180.6,12.81,118.9,-44.37,0.677,42.4,87,0.3233,0,0
NEU-006752,Control,B03,99.12,-65.08,195.7,21.93,123.5,-41.31,0.995,45.8,74,0.5479,1,1
NEU-006753,Control,B03,94.69,-68.48,152.6,25.48,204.3,-39.94,1.465,3.1,95,0.2546,0,0
NEU-006754,TreatmentA,B02,81.51,-58.45,243.9,11.89,48.8,-48.92,0.907,42.1,83,0.3125,0,0
NEU-006755,Control,B03,108.98,-69.94,92.1,12.03,164.5,-40.48,1.428,21.4,89,0.0539,0,1
NEU-006756,TreatmentB,B01,110.47,-57.29,298.6,21.46,89.1,-49.2,0.947,69.8,70,0.4934,1,0
NEU-006757,TreatmentB,B02,98.56,-65.98,260.7,16.96,70.1,-41.33,0.62,68.2,90,0.5222,0,1
NEU-006758,TreatmentB,B02,97.97,-60.76,247.0,21.87,53.9,-46.12,1.82,46.8,76,0.3462,1,0
NEU-006759,TreatmentB,B01,103.54,-74.47,191.3,17.07,141.0,-38.25,1.089,60.3,74,0.5892,1,0
NEU-006760,TreatmentA,B01,105.43,-63.72,156.9,24.61,135.7,-39.46,1.178,51.4,83,0.1779,1,0
NEU-006761,TreatmentB,B02,100.14,-74.42,201.8,9.4,84.3,-45.48,1.275,75.6,80,0.3606,1,0
NEU-006762,Control,B02,105.02,-62.51,103.7,9.1,101.7,-46.49,1.153,64.0,100,0.4052,0,1
NEU-006763,TreatmentB,B03,100.98,-65.85,395.4,12.67,97.9,-44.19,1.381,59.0,92,0.4296,1,1
NEU-006764,Control,B03,118.38,-64.5,137.0,8.95,127.4,-42.5,1.52,51.1,60,0.4445,1,0
NEU-006765,TreatmentB,B02,127.18,-72.03,263.0,20.69,36.2,-43.41,1.04,55.8,70,0.3337,1,0
NEU-006766,TreatmentA,B01,116.09,-67.73,145.5,10.05,69.2,-44.7,1.502,58.1,99,0.3187,1,1
NEU-006767,TreatmentA,B03,105.58,-58.14,56.3,10.28,149.8,-46.49,1.856,36.0,80,0.6855,1,0
NEU-006768,Control,B01,108.01,-68.89,254.7,7.91,202.0,-41.63,0.825,59.0,106,0.4216,0,0
NEU-006769,TreatmentB,B03,111.47,-69.68,151.4,7.23,72.3,-44.0,1.492,48.6,76,0.2708,1,1
NEU-006770,TreatmentB,B01,97.04,-63.53,139.7,12.85,128.4,-38.35,1.059,52.8,81,0.2939,1,0
NEU-006771,TreatmentB,B03,100.63,-60.42,297.8,13.93,115.3,-49.81,1.126,47.3,83,0.3218,1,1
NEU-006772,TreatmentB,B01,112.79,-65.7,186.4,7.7,128.3,-40.41,0.919,61.4,79,0.2626,0,1
NEU-006773,TreatmentB,B02,92.5,-61.42,255.8,47.02,54.0,-38.69,1.397,45.2,74,0.3746,1,0
NEU-006774,TreatmentB,B01,97.73,-67.23,254.5,11.79,38.9,-51.31,1.301,77.9,108,0.6096,1,1
NEU-006775,TreatmentB,B02,114.73,-62.43,126.8,16.57,104.9,-38.68,1.352,61.6,70,0.2002,1,1
NEU-006776,TreatmentA,B03,83.18,-65.4,301.1,16.78,150.0,-47.12,0.71,42.3,80,0.2945,0,1
NEU-006777,TreatmentA,B03,70.36,-64.86,229.0,14.27,104.4,-41.16,1.555,36.8,93,0.3913,0,1
NEU-006778,Control,B03,101.41,-56.9,140.3,19.53,172.6,-37.68,0.657,57.1,89,0.1405,0,0
NEU-006779,TreatmentA,B02,77.51,-70.98,151.5,15.82,84.9,-39.57,0.842,44.2,84,0.5142,1,1
NEU-006780,Control,B01,101.99,-67.65,277.4,10.05,126.4,-53.51,1.305,18.7,101,0.1743,0,0
NEU-006781,Control,B01,107.39,-64.32,154.9,12.69,64.2,-38.44,1.188,57.7,86,0.5134,0,0
NEU-006782,TreatmentA,B02,99.14,-61.66,197.1,18.0,89.6,-36.55,1.035,43.5,88,0.5331,1,1
NEU-006783,TreatmentA,B02,120.42,-67.31,180.2,10.12,42.0,-49.79,1.06,40.8,80,0.3235,0,1
NEU-006784,Control,B02,80.8,-60.16,105.8,9.07,66.2,-33.55,0.979,42.6,81,0.56,0,0
NEU-006785,TreatmentB,B03,84.48,-59.85,81.4,9.76,81.5,-40.55,1.308,55.4,68,0.5463,0,0
NEU-006786,Control,B02,94.17,-57.99,335.6,12.63,130.3,-43.28,1.099,4.0,95,0.3885,0,0
NEU-006787,Control,B01,111.79,-69.91,246.5,14.67,124.8,-46.42,1.289,47.2,81,0.4652,1,1
NEU-006788,TreatmentA,B01,105.29,-66.67,227.9,11.24,154.6,-50.6,0.934,31.2,74,0.6409,0,1
NEU-006789,TreatmentB,B01,71.32,-61.45,264.3,10.85,97.6,-38.23,1.225,56.2,97,0.5234,1,1
NEU-006790,TreatmentA,B02,89.2,-67.17,187.1,9.0,147.5,-36.41,0.796,45.9,94,0.3563,1,1
NEU-006791,Control,B03,111.26,-64.92,333.6,13.7,169.5,-35.89,0.873,28.0,103,0.4665,0,1
NEU-006792,TreatmentB,B02,92.59,-65.54,218.4,10.72,129.5,-47.57,0.975,38.0,104,0.3645,1,0
NEU-006793,TreatmentB,B03,116.72,-64.01,134.4,16.7,93.1,-41.96,1.212,36.8,78,0.3114,1,0
NEU-006794,TreatmentA,B01,88.55,-75.54,117.5,9.84,225.2,-35.74,1.708,53.6,95,0.6865,1,0
NEU-006795,TreatmentA,B02,108.04,-66.12,262.2,9.13,101.6,-47.12,0.688,49.4,91,0.399,0,1
NEU-006796,TreatmentB,B02,104.34,-61.12,81.1,27.24,121.1,-50.07,1.464,51.0,76,0.2841,1,0
NEU-006797,TreatmentB,B01,108.55,-63.24,115.2,7.81,93.9,-46.68,1.243,68.7,78,0.2392,1,1
NEU-006798,Control,B01,94.26,-70.49,658.1,22.54,167.2,-40.54,0.593,21.0,72,0.5064,0,1
NEU-006799,TreatmentA,B02,121.77,-65.86,188.9,7.52,107.4,-42.83,1.046,33.6,78,0.4694,0,0
NEU-006800,Control,B02,105.83,-66.9,151.8,16.52,113.0,-36.97,0.673,0.3,100,0.4522,0,1
NEU-006801,TreatmentA,B02,101.26,-55.1,235.6,6.48,82.9,-36.46,1.018,46.7,91,0.7914,0,0
NEU-006802,Control,B01,109.08,-68.85,283.3,20.06,44.5,-41.75,0.673,35.1,67,0.5028,0,1
NEU-006803,Control,B01,116.82,-68.97,123.0,11.44,155.7,-46.05,1.328,38.5,96,0.5482,1,1
NEU-006804,Control,B01,109.79,-65.9,131.8,12.53,168.4,-34.93,0.506,57.7,79,0.2454,1,1
NEU-006805,Control,B01,105.34,-83.31,137.5,15.18,100.8,-41.83,1.264,47.5,73,0.476,0,0
NEU-006806,TreatmentB,B02,92.98,-67.66,113.6,15.03,140.9,-46.04,0.743,62.4,86,0.2783,0,0
NEU-006807,Control,B03,103.09,-71.02,121.8,13.43,147.6,-45.01,0.933,23.2,95,0.2828,0,0
NEU-006808,TreatmentA,B02,70.5,-67.55,117.7,15.74,185.5,-47.46,1.239,56.5,98,0.239,1,0
NEU-006809,TreatmentB,B01,119.78,-61.41,379.6,19.87,102.7,-37.05,0.967,38.4,96,0.6135,0,1
NEU-006810,TreatmentB,B02,69.22,-71.98,387.5,10.97,59.4,-33.62,1.113,63.5,87,0.2219,1,0
NEU-006811,Control,B01,77.68,-69.61,221.2,11.42,163.7,-48.38,1.021,64.2,86,0.4581,0,0
NEU-006812,TreatmentA,B03,107.04,-68.02,121.5,18.13,77.5,-39.98,0.705,68.6,80,0.5681,0,1
NEU-006813,Control,B02,103.6,-64.08,479.4,12.27,171.2,-36.35,0.721,29.0,84,0.4034,0,1
NEU-006814,TreatmentB,B02,111.73,-65.06,357.0,12.02,151.7,-38.16,0.92,52.0,58,0.2496,0,1
NEU-006815,TreatmentB,B02,114.27,-68.12,203.5,6.59,69.2,-33.37,0.886,43.7,95,0.2406,0,1
NEU-006816,TreatmentA,B02,93.36,-65.84,389.6,15.1,105.8,-40.73,1.35,44.7,81,0.4667,0,1
NEU-006817,TreatmentA,B03,88.68,-60.78,145.4,13.84,80.8,-42.19,0.896,56.0,91,0.247,1,0
NEU-006818,Control,B02,92.96,-73.15,85.9,13.01,104.4,-43.9,0.841,33.4,94,0.399,0,0
NEU-006819,TreatmentB,B03,85.57,-68.96,171.9,10.76,73.6,-38.5,1.39,56.8,94,0.3891,1,1
NEU-006820,TreatmentA,B03,96.87,-70.52,157.9,21.83,77.0,-40.8,1.225,40.5,67,0.4413,1,0
NEU-006821,TreatmentA,B02,118.78,-64.46,88.6,9.57,61.6,-37.56,0.988,54.2,76,0.5426,0,0
NEU-006822,Control,B01,79.61,-60.6,114.6,12.87,135.0,-47.05,0.713,47.9,86,0.194,1,0
NEU-006823,TreatmentB,B03,91.93,-75.57,198.8,21.54,107.7,-41.97,0.79,55.7,86,0.3397,1,0
NEU-006824,TreatmentB,B01,84.45,-70.52,139.2,7.86,103.2,-36.99,0.928,75.7,72,0.3433,0,1
NEU-006825,TreatmentB,B02,76.46,-64.91,171.9,23.03,79.2,-40.03,0.534,64.2,88,0.2704,1,0
NEU-006826,TreatmentB,B03,98.5,-68.89,214.3,18.33,77.1,-41.23,1.51,70.8,97,0.3303,1,0
NEU-006827,Control,B02,93.11,-64.13,312.9,11.44,149.5,-40.31,1.038,38.7,89,0.4175,0,1
NEU-006828,TreatmentA,B02,90.09,-69.15,243.3,6.64,19.2,-42.51,1.251,49.5,96,0.2806,1,1
NEU-006829,Control,B02,93.28,-57.6,134.3,11.16,63.4,-39.76,0.939,47.7,84,0.8192,0,0
NEU-006830,TreatmentB,B03,70.23,-55.77,222.4,11.28,110.5,-43.78,1.597,44.8,85,0.4903,1,0
NEU-006831,Control,B03,106.4,-56.96,167.5,10.6,78.2,-37.51,1.589,13.8,87,0.4956,0,0
NEU-006832,TreatmentA,B03,112.56,-74.64,161.1,5.8,93.8,-35.98,0.869,51.9,91,0.3868,1,0
NEU-006833,Control,B03,97.6,-64.32,232.8,15.01,110.5,-44.79,0.835,60.7,81,0.2235,0,1
NEU-006834,TreatmentB,B03,84.97,-57.53,224.2,7.08,123.6,-46.0,1.361,27.7,85,0.2363,0,1
NEU-006835,TreatmentB,B03,72.29,-64.37,126.6,14.57,139.1,-38.87,1.607,52.6,87,0.5353,1,1
NEU-006836,TreatmentB,B03,93.47,-69.41,246.9,10.74,95.9,-42.15,0.871,53.5,91,0.5512,0,0
NEU-006837,TreatmentB,B02,103.04,-64.93,316.3,17.88,85.2,-45.29,1.119,66.7,82,0.3131,1,1
NEU-006838,TreatmentA,B02,123.9,-66.35,142.5,15.62,137.5,-50.16,0.691,50.0,78,0.1266,0,1
NEU-006839,Control,B02,94.45,-61.84,139.5,12.36,178.7,-42.18,1.199,52.3,93,0.5926,1,1
NEU-006840,TreatmentA,B01,116.68,-54.88,108.5,17.41,153.1,-37.74,1.224,55.6,79,0.5304,1,0
NEU-006841,TreatmentB,B01,109.42,-66.29,305.2,24.03,102.5,-43.43,0.856,59.2,73,0.588,0,1
NEU-006842,Control,B03,109.09,-58.4,145.8,5.95,144.4,-40.73,1.386,48.0,93,0.539,1,0
NEU-006843,TreatmentB,B01,88.78,-63.26,150.5,17.06,82.7,-43.89,0.461,62.7,74,0.4282,0,0
NEU-006844,TreatmentB,B03,118.53,-71.23,545.3,6.38,114.2,-42.84,1.244,61.2,87,0.5476,1,0
NEU-006845,TreatmentB,B01,107.46,-62.2,301.5,6.11,26.9,-42.91,1.18,40.7,87,0.4231,0,1
NEU-006846,Control,B02,87.0,-66.08,177.9,19.23,166.7,-38.4,1.754,16.4,75,0.3336,0,0
NEU-006847,Control,B01,87.04,-66.02,350.6,9.37,118.4,-47.37,0.752,24.2,85,0.3933,0,0
NEU-006848,Control,B02,90.37,-60.09,499.5,11.48,187.3,-37.05,1.023,52.3,101,0.2274,0,1
NEU-006849,TreatmentA,B02,99.55,-68.55,102.3,8.78,112.2,-48.96,0.902,42.9,86,0.5871,1,0
NEU-006850,Control,B02,97.3,-61.85,161.0,4.26,202.0,-43.52,1.275,47.0,84,0.4283,1,1
NEU-006851,TreatmentB,B03,116.68,-64.03,99.2,17.85,43.2,-43.04,0.969,62.1,92,0.2082,1,1
NEU-006852,Control,B02,106.59,-62.2,143.4,10.82,104.0,-40.22,0.908,28.0,79,0.306,1,1
NEU-006853,TreatmentA,B02,86.55,-56.78,52.4,28.13,169.8,-42.26,1.126,67.2,98,0.2666,1,0
NEU-006854,TreatmentB,B03,127.37,-63.11,232.7,21.5,65.6,-37.37,0.858,41.5,93,0.5707,0,1
NEU-006855,Control,B01,113.35,-63.23,286.9,21.72,56.0,-43.62,0.589,44.9,76,0.56,1,1
NEU-006856,TreatmentA,B01,101.35,-72.26,299.9,20.76,167.8,-41.41,0.895,41.4,92,0.4774,0,0
NEU-006857,Control,B02,107.72,-65.74,103.7,10.6,108.9,-43.11,1.073,41.8,90,0.2266,0,1
NEU-006858,TreatmentB,B03,89.47,-65.02,300.9,16.0,160.4,-46.95,1.037,62.2,87,0.2269,0,1
NEU-006859,TreatmentA,B01,124.93,-69.12,446.6,14.04,122.8,-33.47,0.765,80.5,95,0.3086,1,0
NEU-006860,TreatmentA,B01,101.33,-67.75,217.3,12.28,104.8,-45.12,0.725,38.2,72,0.6017,0,1
NEU-006861,Control,B02,81.34,-67.09,147.1,18.02,163.5,-46.22,0.782,25.6,83,0.3389,0,0
NEU-006862,Control,B02,93.2,-58.89,594.8,6.04,113.4,-32.17,0.747,48.5,97,0.3293,1,0
NEU-006863,TreatmentA,B01,109.11,-66.19,128.8,11.04,34.3,-45.12,0.867,24.8,93,0.2775,0,1
NEU-006864,Control,B02,119.74,-74.75,315.0,8.64,113.2,-43.16,0.704,27.9,80,0.0792,0,1
NEU-006865,Control,B01,109.22,-73.62,279.0,33.4,149.4,-43.73,1.134,49.6,79,0.1884,0,0
NEU-006866,TreatmentB,B02,110.88,-64.44,188.5,19.79,56.4,-48.37,1.374,68.8,86,0.7047,0,1
NEU-006867,TreatmentB,B03,111.67,-68.56,321.0,11.34,76.4,-44.14,1.116,60.6,83,0.3509,0,1
NEU-006868,Control,B02,106.31,-66.34,64.3,11.06,96.6,-44.24,0.833,51.3,73,0.1978,1,1
NEU-006869,Control,B03,116.64,-75.31,124.5,24.97,124.1,-42.76,0.884,35.9,86,0.4273,0,0
NEU-006870,Control,B01,137.89,-59.12,357.4,7.35,90.5,-37.49,0.992,31.3,94,0.5162,0,0
NEU-006871,TreatmentB,B02,109.9,-71.26,371.9,16.71,78.7,-42.0,1.25,39.1,101,0.1918,0,0
NEU-006872,Control,B02,108.9,-64.15,229.4,12.44,216.6,-45.52,0.714,16.5,83,0.3753,0,1
NEU-006873,TreatmentA,B01,109.76,-66.22,329.6,20.2,66.1,-35.33,1.036,55.1,93,0.3662,0,1
NEU-006874,Control,B01,114.25,-67.99,387.8,5.75,62.6,-44.33,0.907,36.8,86,0.436,0,0
NEU-006875,TreatmentA,B01,82.13,-62.56,142.0,11.71,183.0,-44.2,1.262,27.8,101,0.137,0,1
NEU-006876,TreatmentB,B03,99.76,-65.64,206.8,12.94,117.2,-41.51,0.771,43.8,97,0.1815,0,1
NEU-006877,Control,B02,62.4,-71.6,98.3,13.18,74.5,-36.73,1.176,41.3,91,0.4741,0,0
NEU-006878,TreatmentA,B01,117.87,-67.41,167.3,17.52,22.3,-45.77,0.736,24.5,89,0.5931,0,1
NEU-006879,TreatmentB,B03,81.66,-68.8,179.5,9.87,100.4,-45.83,0.823,66.7,95,0.3839,1,0
NEU-006880,TreatmentB,B01,88.59,-62.98,180.2,21.19,109.3,-44.62,0.735,71.3,75,0.486,0,1
NEU-006881,TreatmentB,B02,87.93,-64.3,193.9,9.88,151.9,-43.32,1.24,70.0,84,0.2993,1,1
NEU-006882,TreatmentA,B01,109.53,-61.02,166.7,13.73,47.6,-40.06,0.607,35.2,68,0.3307,0,0
NEU-006883,Control,B01,108.96,-65.77,410.8,7.92,139.0,-41.12,0.719,51.0,80,0.3863,0,0
NEU-006884,TreatmentA,B03,92.62,-68.45,308.6,14.8,120.9,-50.01,1.138,38.0,79,0.413,0,1
NEU-006885,Control,B02,104.48,-65.96,214.8,12.35,125.3,-35.18,1.276,32.9,94,0.6935,1,0
NEU-006886,TreatmentB,B03,97.9,-65.48,195.9,12.43,67.2,-38.04,0.646,77.0,93,0.6157,1,0
NEU-006887,Control,B02,104.62,-66.65,152.3,8.07,118.1,-38.36,1.811,35.4,91,0.6053,1,0
NEU-006888,Control,B03,83.6,-57.23,212.7,14.9,137.5,-47.89,1.192,24.7,67,0.2164,1,0
NEU-006889,Control,B01,76.91,-66.14,338.1,15.09,132.7,-46.93,1.304,12.2,102,0.5603,0,1
NEU-006890,TreatmentA,B02,90.98,-63.64,88.8,8.95,70.3,-51.93,0.976,35.8,73,0.6607,1,0
NEU-006891,Control,B03,104.48,-68.2,166.9,21.79,157.7,-36.31,1.05,41.8,89,0.2703,0,0
NEU-006892,Control,B03,104.11,-55.77,201.6,11.75,82.3,-40.54,0.992,39.3,80,0.3503,0,0
NEU-006893,TreatmentA,B02,105.64,-75.81,352.9,13.94,148.2,-47.28,0.91,44.5,74,0.3188,0,0
NEU-006894,Control,B01,81.49,-72.14,143.8,25.03,147.4,-46.07,1.287,64.2,88,0.4064,1,0
NEU-006895,TreatmentA,B02,101.09,-66.64,166.1,20.15,89.7,-45.49,0.934,42.3,88,0.4503,0,1
NEU-006896,TreatmentB,B02,104.51,-68.96,114.5,9.73,88.3,-37.71,0.929,57.9,101,0.3511,1,1
NEU-006897,TreatmentB,B01,92.77,-60.66,195.7,8.78,69.0,-42.91,0.912,53.4,89,0.3862,1,0
NEU-006898,TreatmentB,B01,116.68,-66.05,83.7,8.96,89.4,-48.26,0.779,52.5,76,0.2224,1,1
NEU-006899,TreatmentB,B02,105.19,-72.41,128.4,8.57,110.3,-38.81,1.558,39.6,85,0.3179,0,1
NEU-006900,Control,B02,116.39,-68.44,192.6,16.43,183.0,-40.85,0.769,27.7,79,0.3668,1,0
NEU-006901,TreatmentA,B02,110.9,-74.82,169.2,8.76,56.3,-40.21,1.253,51.9,76,0.3215,0,0
NEU-006902,TreatmentB,B03,91.71,-69.65,157.8,16.22,16.5,-44.56,1.541,55.8,88,0.2667,1,0
NEU-006903,TreatmentA,B01,98.83,-61.8,174.2,11.65,64.1,-35.68,0.785,72.9,94,0.3327,1,1
NEU-006904,Control,B01,94.01,-72.25,262.9,10.08,160.0,-42.81,0.667,45.6,89,0.4248,0,0
NEU-006905,TreatmentA,B01,88.17,-56.93,237.5,23.49,79.1,-39.14,1.257,56.5,76,0.3713,1,0
NEU-006906,TreatmentA,B03,94.32,-60.35,246.1,19.65,112.6,-45.51,0.788,56.4,97,0.1722,0,0
NEU-006907,Control,B03,77.14,-72.6,155.7,14.41,103.0,-45.71,0.802,50.7,91,0.2529,0,0
NEU-006908,TreatmentB,B03,94.57,-64.51,150.6,12.82,128.2,-44.26,0.981,68.5,84,0.5413,1,1
NEU-006909,TreatmentB,B01,120.42,-66.38,227.4,38.44,57.4,-36.78,0.699,48.2,93,0.2825,0,0
NEU-006910,Control,B02,129.49,-68.37,122.9,13.87,105.5,-40.88,0.788,65.3,76,0.7294,1,1
NEU-006911,Control,B03,91.74,-67.59,106.2,7.72,138.6,-44.28,0.861,38.6,90,0.718,0,0
NEU-006912,TreatmentA,B01,103.71,-73.98,244.6,15.69,82.3,-42.22,0.874,17.1,72,0.3043,0,0
NEU-006913,Control,B03,82.8,-69.05,372.6,27.28,112.8,-37.34,0.828,32.4,84,0.4109,0,1
NEU-006914,TreatmentA,B02,104.58,-66.71,175.0,16.06,128.3,-41.94,0.926,42.8,86,0.3347,1,1
NEU-006915,TreatmentB,B01,99.22,-73.77,290.0,29.77,120.2,-41.29,0.891,50.0,96,0.7086,0,1
NEU-006916,Control,B01,67.93,-73.64,331.1,12.08,128.2,-44.69,2.594,30.6,77,0.7508,0,0
NEU-006917,TreatmentB,B02,73.96,-63.32,161.9,22.07,51.8,-42.05,0.766,80.1,85,0.2566,1,1
NEU-006918,TreatmentA,B03,86.55,-66.25,206.5,15.1,64.5,-43.0,1.261,64.8,81,0.0997,1,0
NEU-006919,Control,B03,100.99,-65.53,57.5,25.07,189.2,-41.15,1.247,39.5,90,0.2294,1,0
NEU-006920,Control,B02,104.1,-67.37,149.1,16.19,56.9,-37.84,1.678,7.3,64,0.5177,0,1
NEU-006921,Control,B02,111.25,-63.67,121.1,15.52,88.9,-40.07,0.919,45.8,89,0.4331,0,1
NEU-006922,TreatmentB,B03,112.51,-69.55,299.2,11.59,114.8,-41.27,0.774,34.8,73,0.4442,0,1
NEU-006923,Control,B02,79.68,-65.5,294.1,9.33,165.3,-42.31,1.751,32.8,94,0.1407,0,1
NEU-006924,TreatmentA,B03,91.46,-73.47,173.8,13.47,57.0,-41.13,0.673,46.9,91,0.5069,0,0
NEU-006925,TreatmentB,B03,101.52,-60.23,97.9,15.17,148.0,-41.84,1.016,60.2,84,0.6918,1,1
NEU-006926,TreatmentA,B03,86.0,-65.4,179.3,18.29,122.7,-41.75,0.942,20.5,63,0.8341,0,1
NEU-006927,TreatmentA,B01,111.49,-49.67,134.4,13.7,182.2,-41.13,1.173,28.6,90,0.3851,0,0
NEU-006928,TreatmentB,B03,108.95,-66.11,173.4,12.27,133.2,-46.34,1.716,57.0,95,0.4152,1,1
NEU-006929,Control,B03,102.21,-65.94,219.1,12.05,103.4,-49.55,0.834,41.1,85,0.2285,0,1
NEU-006930,Control,B01,83.5,-62.66,178.3,10.94,127.1,-51.91,1.102,23.0,90,0.4321,0,0
NEU-006931,TreatmentB,B01,108.0,-76.43,155.8,22.19,116.2,-44.84,1.318,73.0,109,0.363,1,0
NEU-006932,TreatmentB,B02,84.59,-59.51,94.3,17.4,103.4,-37.91,0.68,49.1,78,0.6255,1,1
NEU-006933,TreatmentB,B02,108.47,-67.95,148.1,10.24,91.8,-40.68,1.766,68.2,87,0.3395,1,1
NEU-006934,TreatmentA,B03,91.11,-63.99,155.6,8.97,85.0,-40.33,0.907,52.8,92,0.6037,1,1
NEU-006935,TreatmentB,B02,102.3,-59.59,189.6,14.41,189.7,-42.94,1.555,58.3,84,0.0797,1,0
NEU-006936,TreatmentA,B01,105.4,-65.48,38.4,13.92,130.0,-39.85,1.147,43.2,85,0.3384,1,0
NEU-006937,TreatmentB,B03,88.19,-60.75,147.6,16.25,111.1,-40.11,1.0,78.0,70,0.5938,1,1
NEU-006938,TreatmentB,B01,103.83,-64.17,417.3,23.15,95.6,-44.43,1.1,57.0,89,0.4397,0,0
NEU-006939,TreatmentA,B01,86.17,-62.23,156.5,19.13,122.4,-28.85,0.707,15.6,93,0.5844,0,1
NEU-006940,TreatmentB,B02,114.11,-60.85,163.8,12.74,65.7,-39.91,0.975,60.0,109,0.3927,1,1
NEU-006941,TreatmentB,B03,90.3,-68.92,370.3,28.13,8.0,-40.96,1.054,83.8,69,0.1919,1,0
NEU-006942,TreatmentA,B01,86.21,-64.18,214.2,15.5,85.8,-44.81,0.872,74.9,81,0.3041,0,1
NEU-006943,TreatmentA,B03,136.5,-66.13,152.5,8.19,44.9,-46.52,0.88,76.7,87,0.4754,0,0
NEU-006944,TreatmentB,B03,83.75,-57.79,213.3,9.79,147.6,-41.31,0.857,34.2,84,0.3495,0,0
NEU-006945,Control,B01,82.88,-59.04,136.1,14.22,118.7,-49.29,1.068,48.5,81,0.2583,1,0
NEU-006946,Control,B02,93.65,-62.65,122.9,16.04,101.5,-46.99,0.753,13.8,68,0.5073,0,1
NEU-006947,TreatmentA,B01,88.51,-59.7,630.3,25.31,129.6,-42.57,0.662,46.3,79,0.4557,0,1
NEU-006948,Control,B03,84.61,-67.42,201.5,17.83,93.1,-46.89,1.071,47.6,109,0.1946,1,0
NEU-006949,Control,B02,133.13,-60.88,158.8,13.69,114.1,-45.86,0.78,37.4,92,0.4302,1,1
NEU-006950,TreatmentA,B03,97.94,-70.3,104.3,24.03,82.1,-36.23,0.912,28.6,91,0.4488,0,1
NEU-006951,TreatmentB,B01,94.12,-69.53,538.2,11.16,58.4,-46.88,0.868,35.5,97,0.3913,0,1
NEU-006952,Control,B03,105.9,-64.03,310.1,16.64,183.9,-46.88,0.903,49.2,87,0.3198,1,1
NEU-006953,TreatmentB,B01,122.18,-69.28,112.0,16.72,109.6,-42.72,0.691,69.3,77,0.7323,1,1
NEU-006954,Control,B03,75.92,-56.29,299.7,20.86,92.2,-41.84,0.835,28.3,83,0.593,0,1
NEU-006955,TreatmentB,B03,74.99,-69.64,54.7,5.3,141.0,-49.27,0.931,61.0,97,0.4946,1,0
NEU-006956,TreatmentA,B01,125.02,-62.66,227.5,18.55,99.5,-40.53,0.899,56.2,92,0.4235,1,1
NEU-006957,TreatmentB,B01,89.04,-61.69,190.4,18.76,112.8,-42.1,1.102,66.9,95,0.3599,0,0
NEU-006958,TreatmentB,B02,95.31,-65.15,157.6,27.56,19.6,-51.0,1.25,70.3,86,0.3787,1,1
NEU-006959,TreatmentB,B01,98.54,-65.79,169.3,18.33,64.6,-38.87,0.875,25.1,74,0.2954,0,1
NEU-006960,TreatmentB,B03,74.59,-61.99,187.0,28.12,35.4,-43.92,1.356,51.0,97,0.4102,0,1
NEU-006961,Control,B03,94.23,-61.15,86.8,12.79,140.1,-47.69,0.928,58.3,82,0.5349,1,0
NEU-006962,TreatmentA,B03,113.2,-63.29,170.7,6.93,117.7,-38.54,0.854,73.7,85,0.4919,1,0
NEU-006963,TreatmentA,B02,86.26,-56.12,172.9,11.46,153.2,-41.26,1.209,56.0,74,0.4479,1,0
NEU-006964,Control,B02,102.05,-61.62,148.5,11.49,75.0,-39.11,1.532,20.1,67,0.4169,1,0
NEU-006965,Control,B03,115.67,-72.47,274.4,11.62,102.4,-36.71,0.927,35.9,88,0.4039,0,0
NEU-006966,TreatmentA,B01,82.6,-63.26,318.0,17.12,117.4,-43.0,1.141,63.1,88,0.2471,0,1
NEU-006967,TreatmentA,B02,93.42,-64.32,198.3,6.8,146.2,-44.49,0.637,49.1,79,0.8011,0,0
NEU-006968,TreatmentB,B01,77.3,-68.6,215.4,9.0,56.0,-47.84,1.156,59.9,99,0.3676,1,1
NEU-006969,TreatmentA,B03,76.64,-67.8,101.1,23.21,70.9,-39.14,1.027,59.6,88,0.4817,1,1
NEU-006970,TreatmentA,B01,104.51,-65.02,217.0,11.27,110.4,-47.97,1.506,59.6,77,0.3659,1,1
NEU-006971,TreatmentB,B03,104.65,-63.5,187.1,10.43,123.9,-42.81,1.077,66.0,102,0.2547,1,1
NEU-006972,TreatmentA,B03,94.42,-71.59,159.8,7.11,53.7,-42.51,0.919,69.4,96,0.3351,1,1
NEU-006973,TreatmentA,B02,102.24,-68.7,149.6,9.06,75.9,-46.73,0.946,40.5,90,0.412,0,1
NEU-006974,Control,B02,113.83,-71.99,355.7,7.97,140.9,-51.61,1.004,41.7,87,0.3462,0,0
NEU-006975,TreatmentB,B03,112.92,-62.48,177.8,23.81,83.1,-41.46,0.937,68.6,76,0.4907,1,1
NEU-006976,TreatmentB,B03,118.81,-73.2,171.4,9.47,45.3,-38.23,0.798,65.6,83,0.3189,0,0
NEU-006977,TreatmentA,B03,95.89,-68.99,143.2,14.47,142.6,-41.14,1.238,48.2,85,0.5895,1,1
NEU-006978,Control,B03,109.85,-64.13,174.4,22.12,125.3,-43.91,1.264,38.9,89,0.4746,0,1
NEU-006979,TreatmentB,B01,113.54,-67.29,475.2,11.84,99.1,-43.38,0.957,53.2,85,0.3219,0,1
NEU-006980,Control,B02,65.29,-68.34,164.1,20.93,99.6,-38.63,0.858,51.2,104,0.4403,1,1
NEU-006981,TreatmentA,B03,119.88,-65.22,97.6,7.77,140.6,-40.92,0.977,41.5,84,0.4825,0,1
NEU-006982,Control,B01,106.82,-52.66,246.1,9.32,86.9,-40.71,0.989,38.6,85,0.3092,0,0
NEU-006983,TreatmentB,B01,99.51,-65.21,322.9,18.75,107.2,-36.9,0.671,61.1,82,0.4936,0,1
NEU-006984,TreatmentA,B02,92.71,-74.33,210.3,21.27,119.3,-34.63,1.604,16.2,70,0.4078,0,0
NEU-006985,TreatmentA,B02,96.38,-64.88,146.8,6.33,173.4,-41.74,0.705,45.4,85,0.4177,1,1
NEU-006986,TreatmentA,B01,125.22,-67.09,61.0,15.48,113.8,-48.53,1.232,36.8,69,0.2208,0,1
NEU-006987,TreatmentB,B01,110.79,-81.09,112.7,16.39,39.8,-43.13,1.359,68.4,75,0.3652,1,0
NEU-006988,TreatmentB,B03,107.22,-63.95,171.7,5.59,31.0,-41.76,0.755,64.2,83,0.3294,1,1
NEU-006989,Control,B02,81.65,-59.91,124.4,14.2,183.0,-40.81,1.274,24.0,83,0.6361,0,1
NEU-006990,Control,B01,101.98,-67.16,257.1,6.3,176.3,-42.67,0.822,42.1,79,0.4909,0,0
NEU-006991,TreatmentA,B03,118.4,-71.15,123.7,10.51,84.6,-39.34,1.298,45.2,78,0.5744,1,0
NEU-006992,TreatmentB,B02,81.41,-61.7,369.3,26.31,13.2,-45.28,0.718,68.6,112,0.2644,1,0
NEU-006993,TreatmentA,B03,102.47,-61.4,263.2,26.87,128.7,-45.47,0.665,86.3,96,0.0768,0,0
NEU-006994,Control,B03,110.41,-64.39,89.5,8.66,103.8,-46.11,1.258,26.8,91,0.3078,0,1
NEU-006995,TreatmentA,B03,56.93,-68.47,176.8,11.39,100.6,-38.57,1.766,38.9,95,0.2892,1,0
NEU-006996,Control,B01,90.51,-67.99,412.2,13.25,140.7,-41.46,0.718,35.1,71,0.4348,0,1
NEU-006997,TreatmentA,B01,91.13,-64.29,122.8,9.41,127.6,-44.56,1.938,46.6,82,0.4328,1,1
NEU-006998,TreatmentB,B02,88.6,-59.86,154.3,12.95,46.5,-41.5,1.029,45.1,83,0.3269,0,0
NEU-006999,TreatmentB,B02,106.29,-55.28,258.3,8.25,90.8,-43.87,1.582,71.3,91,0.6662,1,0
NEU-007000,TreatmentA,B03,98.54,-63.2,198.9,11.18,139.2,-38.63,0.988,23.8,87,0.4852,0,1
NEU-007001,TreatmentB,B03,103.8,-71.33,88.7,5.58,102.7,-35.97,1.73,49.6,88,0.2385,0,1
NEU-007002,TreatmentB,B03,83.27,-68.45,94.8,22.44,65.6,-45.85,0.93,56.3,69,0.1836,1,0
NEU-007003,Control,B02,90.74,-69.91,150.6,15.32,30.5,-42.91,0.903,52.3,83,0.5193,0,1
NEU-007004,TreatmentA,B02,105.79,-58.71,167.1,15.07,66.0,-43.43,1.174,57.8,97,0.3064,1,0
NEU-007005,TreatmentA,B03,107.23,-66.04,914.6,11.99,34.8,-49.43,1.115,47.2,90,0.317,0,1
NEU-007006,Control,B01,86.39,-71.32,200.3,12.21,91.9,-43.49,0.661,14.5,83,0.6942,0,1
NEU-007007,Control,B02,67.84,-69.61,149.9,11.56,154.7,-40.76,1.592,56.2,84,0.4329,1,1
NEU-007008,TreatmentB,B02,72.36,-68.6,149.0,14.31,101.4,-43.62,0.937,47.0,87,0.6278,1,1
NEU-007009,Control,B01,91.43,-64.9,395.6,13.89,121.1,-41.01,0.575,32.7,84,0.5582,0,1
NEU-007010,TreatmentB,B01,100.65,-69.76,183.8,8.2,21.2,-40.5,1.175,55.2,88,0.6226,1,0
NEU-007011,Control,B03,106.92,-65.86,168.3,10.5,103.3,-41.9,0.704,56.4,84,0.5658,1,0
NEU-007012,Control,B02,116.07,-53.65,162.2,6.62,91.6,-42.76,1.128,31.0,88,0.2075,1,1
NEU-007013,Control,B03,95.21,-74.49,170.6,7.16,87.2,-40.01,0.669,40.6,106,0.2654,0,1
NEU-007014,TreatmentA,B02,82.38,-64.83,93.2,8.71,140.7,-45.98,1.213,45.7,89,0.233,1,1
NEU-007015,TreatmentA,B03,102.23,-62.47,163.8,15.58,39.7,-40.9,0.858,61.8,86,0.3858,1,1
NEU-007016,TreatmentB,B02,119.64,-55.16,188.7,7.18,70.6,-41.81,1.362,44.0,79,0.4578,1,0
NEU-007017,TreatmentA,B01,108.58,-52.51,262.6,20.97,113.1,-42.62,1.088,40.1,91,0.4654,0,0
NEU-007018,Control,B03,99.95,-66.55,207.0,7.74,130.3,-41.52,1.155,29.3,90,0.4411,1,0
NEU-007019,Control,B01,74.79,-69.32,82.1,9.53,159.1,-39.16,1.09,35.3,91,0.3266,0,1
NEU-007020,Control,B02,109.2,-64.22,111.2,12.05,153.7,-45.77,0.769,43.3,88,0.577,0,1
NEU-007021,TreatmentA,B03,100.19,-60.25,508.3,5.7,152.1,-34.26,1.608,32.6,90,0.5549,0,0
NEU-007022,TreatmentA,B02,88.4,-68.11,88.0,6.71,86.7,-42.55,1.171,62.4,81,0.3725,1,1
NEU-007023,Control,B02,91.88,-60.87,230.1,11.21,178.7,-37.26,1.693,59.2,81,0.7697,1,1
NEU-007024,TreatmentB,B02,107.84,-55.58,395.2,16.32,87.2,-46.34,1.448,54.2,85,0.1179,0,0
NEU-007025,Control,B03,122.16,-65.98,229.2,17.94,102.1,-44.04,1.051,40.1,64,0.4141,0,1
NEU-007026,TreatmentB,B01,77.82,-61.35,301.0,18.86,61.5,-41.5,0.816,32.3,85,0.1768,0,0
NEU-007027,Control,B03,102.78,-65.0,295.9,8.31,188.6,-34.62,0.991,41.3,77,0.2663,0,1
NEU-007028,TreatmentA,B03,114.1,-67.84,220.4,6.85,135.2,-43.5,1.683,76.7,88,0.3617,1,1
NEU-007029,Control,B01,106.85,-66.75,103.3,19.89,110.2,-43.1,0.974,52.5,79,0.5092,1,1
NEU-007030,TreatmentB,B02,94.97,-64.93,196.7,10.27,162.8,-39.38,1.412,78.8,73,0.3746,1,1
NEU-007031,TreatmentB,B03,100.31,-65.13,175.0,28.89,13.7,-34.36,0.608,60.1,76,0.5845,1,1
NEU-007032,TreatmentB,B02,142.28,-56.73,281.5,13.42,95.5,-50.07,1.51,40.1,82,0.4323,0,0
NEU-007033,TreatmentA,B02,112.85,-61.83,82.7,11.45,133.5,-45.11,1.324,51.9,78,0.3278,1,1
NEU-007034,TreatmentB,B01,91.3,-59.38,134.0,6.74,129.7,-38.83,0.844,59.1,84,0.4096,1,0
NEU-007035,TreatmentA,B03,128.82,-69.78,132.9,11.47,160.4,-40.29,1.316,44.6,91,0.6591,1,0
NEU-007036,TreatmentA,B01,101.22,-61.9,240.9,13.01,118.3,-42.08,0.663,56.1,99,0.3766,1,1
NEU-007037,Control,B03,105.92,-78.16,169.2,12.81,112.1,-42.36,0.828,37.5,93,0.4441,0,0
NEU-007038,TreatmentB,B02,104.69,-63.42,160.6,33.08,129.9,-40.24,0.91,57.9,90,0.5142,0,1
NEU-007039,TreatmentB,B02,101.47,-72.24,202.8,9.79,29.6,-47.41,0.878,47.1,104,0.5169,0,0
NEU-007040,TreatmentB,B01,100.78,-63.82,149.4,11.97,210.4,-41.89,1.193,32.4,87,0.5461,1,1
NEU-007041,Control,B02,111.97,-56.44,68.0,8.35,159.5,-36.09,1.118,43.8,86,0.7401,1,0
NEU-007042,TreatmentB,B01,109.83,-69.72,335.7,14.29,31.3,-40.03,1.457,54.1,87,0.5235,0,1
NEU-007043,Control,B01,108.71,-64.36,191.6,15.04,96.0,-39.92,0.855,24.0,87,0.3699,0,0
NEU-007044,TreatmentA,B03,101.49,-63.53,75.9,15.27,123.0,-45.6,1.018,63.5,89,0.4797,0,1
NEU-007045,TreatmentB,B01,92.11,-70.5,199.3,25.03,65.3,-45.63,0.7,31.3,96,0.246,0,0
NEU-007046,TreatmentA,B02,102.57,-70.73,91.6,18.0,74.9,-43.92,0.821,57.4,94,0.6509,0,1
NEU-007047,TreatmentA,B03,111.46,-67.95,228.6,24.12,162.6,-45.15,0.962,34.9,89,0.31,0,1
NEU-007048,Control,B01,93.74,-64.03,213.3,13.75,89.5,-51.21,1.134,20.7,82,0.4467,0,0
NEU-007049,TreatmentB,B02,99.32,-62.39,167.7,14.25,66.2,-38.28,1.43,43.0,88,0.4825,1,1
NEU-007050,TreatmentA,B02,104.16,-64.23,201.4,8.65,93.5,-35.06,0.706,32.7,87,0.3759,0,1
NEU-007051,TreatmentB,B03,119.05,-66.41,125.6,16.17,88.7,-47.12,0.962,65.9,69,0.3745,1,1
NEU-007052,TreatmentB,B02,78.98,-70.34,205.6,26.76,54.8,-44.32,1.581,76.9,78,0.4239,1,1
NEU-007053,TreatmentB,B02,97.35,-55.77,157.5,13.11,122.5,-44.13,0.692,57.1,87,0.6243,1,0
NEU-007054,TreatmentB,B02,115.39,-66.55,55.6,19.99,66.4,-44.99,1.151,61.6,88,0.4258,1,1
NEU-007055,Control,B01,121.06,-60.69,93.9,14.87,146.5,-36.18,0.976,39.7,107,0.2264,1,0
NEU-007056,TreatmentB,B03,111.78,-73.93,202.5,13.9,148.4,-36.74,1.197,53.3,83,0.2031,1,0
NEU-007057,TreatmentA,B01,75.87,-71.19,103.4,9.23,52.6,-46.85,1.346,45.7,85,0.1743,1,1
NEU-007058,TreatmentB,B03,137.71,-73.14,94.8,8.98,69.6,-37.93,1.935,66.7,108,0.1803,1,1
NEU-007059,TreatmentB,B02,79.48,-60.7,189.3,12.01,44.2,-45.51,1.031,77.3,86,0.5027,1,1
NEU-007060,TreatmentB,B01,106.39,-66.93,142.2,10.82,31.3,-41.51,1.065,39.4,92,0.4216,1,1
NEU-007061,TreatmentA,B02,109.84,-57.31,187.0,23.01,114.3,-42.75,1.144,45.3,88,0.5865,0,1
NEU-007062,Control,B01,89.22,-67.15,171.9,27.08,122.9,-41.2,1.256,30.7,89,0.2578,0,1
NEU-007063,TreatmentB,B02,99.09,-64.38,107.4,14.09,94.8,-40.52,0.873,71.7,80,0.5178,1,1
NEU-007064,TreatmentB,B01,123.95,-57.93,168.3,12.75,115.8,-35.1,0.861,69.5,80,0.2511,1,0
NEU-007065,Control,B02,87.66,-62.42,312.2,20.98,166.0,-41.26,0.931,29.3,64,0.4879,0,1
NEU-007066,TreatmentB,B03,87.67,-56.29,62.1,18.34,68.6,-42.81,1.057,58.9,89,0.3625,1,1
NEU-007067,TreatmentB,B01,106.33,-54.34,296.2,8.6,99.7,-41.25,0.998,40.9,86,0.3707,0,0
NEU-007068,TreatmentA,B01,100.82,-64.75,272.4,16.64,105.4,-45.97,0.824,80.8,63,0.6688,0,1
NEU-007069,Control,B02,80.57,-60.66,188.2,13.7,86.0,-39.36,0.77,18.6,84,0.3811,0,0
NEU-007070,Control,B03,98.3,-65.97,184.2,13.31,181.4,-33.29,1.065,-1.7,71,0.3918,0,1
NEU-007071,Control,B02,91.17,-70.06,285.2,10.41,192.6,-45.82,1.073,47.9,84,0.5859,0,0
NEU-007072,TreatmentA,B02,103.98,-60.86,108.0,11.48,106.4,-42.94,1.012,50.3,84,0.2578,1,1
NEU-007073,TreatmentB,B03,102.44,-73.71,204.3,20.06,146.6,-38.09,1.302,40.0,92,0.2125,0,0
NEU-007074,Control,B01,104.45,-61.09,98.1,22.15,163.1,-43.4,0.829,51.9,75,0.4847,1,1
NEU-007075,TreatmentA,B02,97.58,-56.0,304.8,30.86,77.4,-48.2,1.028,40.3,98,0.155,0,0
NEU-007076,TreatmentA,B02,111.0,-71.43,169.6,17.68,115.2,-35.51,1.564,39.6,85,0.1661,1,0
NEU-007077,TreatmentA,B02,99.42,-54.92,232.1,5.92,50.5,-41.94,0.621,27.4,96,0.4584,0,0
NEU-007078,TreatmentA,B02,97.7,-58.71,227.0,14.78,144.0,-32.81,1.045,42.1,82,0.2596,0,0
NEU-007079,Control,B01,94.25,-69.47,107.4,9.44,127.9,-44.75,0.593,28.2,76,0.3227,0,0
NEU-007080,Control,B01,85.87,-61.34,318.6,11.1,137.7,-36.06,1.44,35.7,99,0.4992,1,0
NEU-007081,TreatmentB,B01,103.25,-72.54,219.8,10.31,76.6,-40.42,0.99,59.9,75,0.3474,1,1
NEU-007082,TreatmentB,B01,113.48,-64.19,147.0,16.93,49.9,-40.74,0.908,38.1,81,0.4513,1,0
NEU-007083,Control,B03,82.11,-66.02,239.3,14.68,127.5,-42.56,1.115,38.5,82,0.3569,1,1
NEU-007084,Control,B02,104.42,-54.95,292.3,13.94,145.4,-40.3,1.073,37.8,76,0.2312,0,0
NEU-007085,Control,B01,92.82,-60.98,116.7,9.8,42.4,-41.37,0.832,38.9,100,0.5944,0,0
NEU-007086,Control,B01,104.11,-66.09,199.2,12.41,150.3,-51.56,0.863,26.1,77,0.2706,0,1
NEU-007087,TreatmentA,B02,102.95,-62.87,143.7,7.92,98.2,-49.58,0.808,68.8,82,0.1585,0,1
NEU-007088,Control,B01,122.01,-64.91,312.6,6.9,140.6,-34.55,1.202,50.4,78,0.5679,1,1
NEU-007089,Control,B02,118.33,-66.17,250.5,19.01,79.0,-45.06,1.634,31.1,76,0.2704,0,1
NEU-007090,Control,B02,91.27,-68.86,256.4,22.1,206.4,-45.57,1.136,25.8,76,0.5818,0,1
NEU-007091,TreatmentB,B03,94.54,-68.07,224.4,9.49,96.9,-46.47,1.051,70.6,97,0.4515,1,0
NEU-007092,TreatmentB,B03,99.39,-66.34,128.4,10.62,63.4,-45.92,0.938,71.1,105,0.193,1,1
NEU-007093,TreatmentB,B02,82.58,-69.81,273.5,19.63,14.5,-45.34,1.132,78.7,93,0.8143,1,1
NEU-007094,TreatmentA,B03,104.79,-72.14,306.8,18.5,53.3,-38.66,1.755,59.1,76,0.3711,1,0
NEU-007095,Control,B03,92.76,-64.82,158.2,30.71,103.3,-45.16,1.276,37.9,101,0.3235,0,1
NEU-007096,TreatmentB,B01,88.05,-64.18,318.4,5.66,63.3,-43.27,1.109,69.1,87,0.7921,1,0
NEU-007097,TreatmentB,B02,98.29,-64.55,174.5,15.65,110.8,-41.95,0.631,41.6,76,0.488,0,1
NEU-007098,TreatmentA,B03,93.35,-63.94,119.0,19.14,106.0,-42.29,1.459,6.9,91,0.3015,1,1
NEU-007099,TreatmentA,B03,90.59,-65.28,180.1,12.94,84.0,-46.85,0.796,43.2,72,0.5181,0,1
NEU-007100,TreatmentA,B02,71.31,-63.97,161.1,17.71,138.5,-42.11,1.22,30.6,74,0.1106,0,0
NEU-007101,Control,B02,80.12,-64.23,161.6,28.47,83.4,-43.22,0.931,40.0,88,0.7207,0,1
NEU-007102,TreatmentA,B03,80.65,-59.86,174.1,15.29,69.0,-38.81,0.902,51.5,87,0.4375,1,0
NEU-007103,TreatmentB,B02,77.26,-60.97,385.9,16.27,118.7,-33.96,1.008,66.6,90,0.506,0,1
NEU-007104,TreatmentB,B02,105.68,-63.51,365.3,18.55,73.5,-48.19,1.562,66.6,85,0.2248,1,0
NEU-007105,Control,B03,105.05,-68.85,114.8,12.91,111.2,-42.55,0.848,37.9,89,0.3351,0,1
NEU-007106,Control,B01,91.63,-59.44,152.8,9.05,201.1,-43.76,0.874,35.7,74,0.3164,1,0
NEU-007107,TreatmentA,B03,123.49,-64.37,44.9,13.31,94.0,-46.57,0.839,32.4,85,0.1685,0,1
NEU-007108,Control,B01,93.62,-67.98,289.9,5.25,130.2,-43.68,1.245,28.0,81,0.7092,0,0
NEU-007109,Control,B02,79.69,-63.37,108.4,12.42,182.5,-44.97,1.355,49.2,77,0.3157,1,1
NEU-007110,TreatmentA,B01,91.96,-60.4,201.2,18.49,159.6,-38.76,1.107,47.2,85,0.2059,0,0
NEU-007111,Control,B02,110.16,-56.75,140.2,3.66,161.8,-47.49,0.911,48.8,76,0.5399,1,0
NEU-007112,TreatmentA,B02,100.94,-66.14,229.2,13.63,88.3,-30.74,0.68,48.1,103,0.508,0,1
NEU-007113,Control,B02,98.58,-58.63,271.1,13.52,85.1,-44.36,1.517,42.2,87,0.2665,1,0
NEU-007114,TreatmentA,B03,126.36,-74.12,146.3,12.11,86.1,-46.48,0.732,67.5,79,0.4956,1,1
NEU-007115,Control,B03,89.66,-60.67,224.6,13.57,107.5,-41.54,1.054,27.2,83,0.0846,0,1
NEU-007116,TreatmentB,B02,84.33,-61.08,63.8,15.62,59.2,-42.45,1.174,40.9,64,0.274,1,0
NEU-007117,Control,B03,107.34,-69.31,234.8,10.31,84.2,-45.75,1.509,32.4,81,0.5466,0,0
NEU-007118,TreatmentA,B01,82.16,-64.61,118.6,17.01,40.9,-42.76,1.274,34.6,103,0.3541,1,1
NEU-007119,Control,B01,94.34,-60.89,96.6,13.12,177.2,-47.41,0.953,35.8,82,0.2592,1,1
NEU-007120,Control,B01,77.79,-60.16,225.4,13.88,157.2,-47.96,1.99,11.6,74,0.3682,0,0
NEU-007121,TreatmentB,B02,87.1,-66.91,305.1,21.29,130.6,-52.69,0.786,88.9,99,0.1668,1,0
NEU-007122,TreatmentB,B01,116.14,-61.47,251.6,19.8,50.8,-40.59,1.027,41.8,87,0.2645,0,0
NEU-007123,TreatmentA,B02,114.38,-66.83,180.5,9.39,100.1,-42.12,1.199,39.2,91,0.4219,0,1
NEU-007124,Control,B01,108.15,-61.55,150.9,7.37,167.0,-41.3,0.71,60.8,99,0.3365,0,1
NEU-007125,TreatmentB,B01,88.27,-64.61,284.0,9.62,121.3,-45.31,1.357,54.2,95,0.3956,1,1
NEU-007126,Control,B01,105.35,-59.65,142.5,8.46,145.7,-44.66,1.347,24.5,78,0.4957,0,0
NEU-007127,TreatmentA,B03,121.18,-59.58,55.2,20.76,72.0,-41.75,0.616,55.6,78,0.7018,1,1
NEU-007128,TreatmentB,B01,98.72,-59.51,142.0,16.19,68.8,-40.64,1.235,35.9,87,0.631,1,1
NEU-007129,TreatmentA,B01,107.14,-60.18,580.7,18.6,57.4,-49.03,1.322,46.1,95,0.5632,0,1
NEU-007130,Control,B02,99.84,-66.9,104.9,26.27,181.9,-43.79,1.044,26.8,93,0.5753,0,1
NEU-007131,Control,B02,68.06,-60.48,194.3,13.66,161.8,-45.93,1.193,42.3,87,0.6726,1,0
NEU-007132,TreatmentB,B01,109.69,-67.02,122.0,11.83,102.4,-31.7,1.189,56.1,88,0.29,1,1
NEU-007133,Control,B01,78.03,-69.37,94.5,21.47,165.3,-43.7,0.601,20.6,71,0.3724,0,0
NEU-007134,TreatmentB,B03,82.39,-70.68,156.1,10.69,105.7,-44.73,1.14,59.4,89,0.3021,1,1
NEU-007135,TreatmentB,B01,80.34,-65.36,374.5,21.21,49.2,-34.4,1.009,53.7,103,0.4273,0,1
NEU-007136,Control,B03,98.95,-57.44,511.9,17.37,127.2,-41.25,0.847,33.9,88,0.1461,0,0
NEU-007137,TreatmentA,B02,96.78,-72.92,241.3,18.17,105.9,-37.39,0.717,42.3,77,0.5112,0,0
NEU-007138,Control,B02,82.34,-59.63,219.9,10.18,145.2,-35.34,0.982,50.3,74,0.4975,0,0
NEU-007139,Control,B03,77.58,-69.19,146.2,12.84,159.3,-48.81,1.193,50.3,88,0.4856,0,1
NEU-007140,TreatmentB,B01,106.89,-59.07,154.7,11.57,86.4,-41.68,1.155,80.1,88,0.17,1,0
NEU-007141,Control,B01,112.2,-60.18,207.0,15.19,118.6,-42.76,1.23,38.7,87,0.6608,0,1
NEU-007142,TreatmentB,B03,99.66,-60.25,346.4,12.22,109.7,-42.13,1.075,44.9,62,0.5336,0,0
NEU-007143,TreatmentA,B03,108.42,-63.16,339.4,22.75,165.7,-38.68,1.361,54.6,83,0.4766,0,1
NEU-007144,Control,B03,116.95,-63.74,186.5,12.86,136.7,-42.46,1.125,47.6,78,0.1849,0,1
NEU-007145,TreatmentB,B03,100.47,-60.32,89.2,12.14,38.8,-40.3,1.271,58.3,91,0.4481,1,0
NEU-007146,TreatmentB,B02,97.77,-66.12,225.7,13.05,110.7,-42.65,1.134,57.3,69,0.5387,1,1
NEU-007147,TreatmentB,B02,124.73,-61.54,134.6,15.37,134.9,-36.78,0.769,65.4,98,0.3574,1,1
NEU-007148,TreatmentA,B01,92.43,-53.47,213.6,8.27,70.9,-39.01,0.663,51.7,92,0.1851,0,1
NEU-007149,TreatmentA,B03,115.05,-67.81,149.1,10.38,96.8,-37.62,0.712,40.5,101,0.327,0,1
NEU-007150,Control,B02,121.11,-65.03,391.1,12.51,204.8,-48.28,1.192,42.9,85,0.1914,0,1
NEU-007151,TreatmentB,B01,128.51,-66.13,142.9,14.33,47.8,-36.84,1.14,48.2,101,0.5948,1,1
NEU-007152,TreatmentB,B01,82.57,-66.8,177.6,14.55,74.5,-39.02,1.005,57.7,82,0.4481,1,1
NEU-007153,TreatmentA,B02,73.49,-58.1,149.1,12.12,66.2,-45.24,0.83,41.2,85,0.1486,1,0
NEU-007154,Control,B03,85.78,-60.26,178.3,20.63,147.3,-37.65,1.125,36.6,88,0.179,1,0
NEU-007155,Control,B02,84.15,-55.24,162.5,6.3,120.9,-38.44,0.968,44.2,90,0.4,1,0
NEU-007156,TreatmentB,B01,108.58,-59.44,360.5,7.62,81.6,-41.03,0.868,50.2,98,0.4967,0,0
NEU-007157,TreatmentA,B02,85.49,-65.66,112.5,16.15,127.8,-39.01,1.234,41.8,111,0.4482,1,1
NEU-007158,TreatmentA,B01,98.28,-66.78,324.2,12.47,95.8,-39.32,1.223,45.1,87,0.4006,1,0
NEU-007159,TreatmentA,B02,91.31,-58.12,213.4,12.85,101.4,-39.05,2.197,47.5,75,0.5128,1,1
NEU-007160,Control,B02,100.47,-61.2,122.9,10.96,162.1,-38.09,0.863,40.5,82,0.5034,0,1
NEU-007161,TreatmentA,B02,95.04,-66.85,275.2,18.14,75.6,-45.82,1.291,72.5,70,0.2771,0,0
NEU-007162,TreatmentB,B01,85.58,-64.21,121.8,21.24,31.7,-41.65,0.774,51.9,103,0.3822,1,1
NEU-007163,TreatmentA,B03,91.15,-66.99,236.1,13.66,57.6,-51.34,0.719,36.8,94,0.6959,0,1
NEU-007164,TreatmentB,B01,77.83,-64.77,80.8,8.72,65.4,-42.01,1.393,50.8,63,0.3172,1,1
NEU-007165,TreatmentA,B03,82.38,-67.34,172.5,7.87,31.7,-39.04,0.755,45.0,85,0.4765,0,0
NEU-007166,TreatmentA,B02,76.28,-62.68,293.7,15.36,64.2,-40.23,0.853,31.2,104,0.4005,0,1
NEU-007167,TreatmentB,B02,97.09,-64.65,190.6,18.78,132.8,-40.62,1.543,54.4,85,0.6621,1,1
NEU-007168,TreatmentA,B02,90.33,-53.29,101.1,15.71,94.7,-38.36,0.738,44.6,112,0.4708,1,0
NEU-007169,TreatmentA,B03,114.19,-57.38,186.6,14.46,132.1,-36.86,0.963,42.7,85,0.3945,1,0
NEU-007170,Control,B01,86.75,-64.02,309.5,7.34,109.9,-38.23,1.059,52.8,89,0.3745,0,1
NEU-007171,Control,B01,123.0,-69.17,117.3,28.61,168.5,-42.83,1.358,72.2,91,0.2734,1,0
NEU-007172,TreatmentB,B01,120.7,-62.31,317.7,16.13,98.3,-45.43,0.926,51.0,89,0.3219,0,1
NEU-007173,Control,B02,89.48,-64.95,218.8,19.69,175.0,-49.47,1.118,58.7,83,0.1762,1,0
NEU-007174,Control,B03,125.68,-67.12,333.0,9.35,123.1,-39.66,1.481,28.2,82,0.2486,0,1
NEU-007175,TreatmentB,B03,105.78,-74.39,526.3,8.74,61.5,-39.91,1.763,55.3,72,0.2264,1,1
NEU-007176,Control,B01,101.31,-67.09,159.1,17.31,191.5,-43.8,0.514,63.1,98,0.1247,0,0
NEU-007177,TreatmentB,B01,106.79,-72.6,221.7,24.76,62.2,-39.68,1.514,42.7,98,0.4019,0,0
NEU-007178,Control,B03,110.46,-72.03,136.6,14.92,135.0,-42.68,0.999,36.5,75,0.5132,0,1
NEU-007179,TreatmentB,B03,123.4,-61.54,218.4,15.75,101.5,-43.22,1.0,45.3,83,0.4074,1,1
NEU-007180,TreatmentB,B03,106.28,-54.82,153.1,9.28,62.8,-35.4,0.832,63.7,83,0.404,1,0
NEU-007181,Control,B02,82.6,-65.11,180.4,16.01,160.9,-42.83,0.517,53.0,106,0.4762,0,1
NEU-007182,Control,B01,104.3,-70.04,151.3,22.22,137.7,-44.41,0.773,35.8,77,0.376,1,0
NEU-007183,TreatmentA,B01,93.49,-62.93,170.5,6.74,73.9,-40.0,0.768,44.4,79,0.4132,0,0
NEU-007184,Control,B02,120.86,-50.73,63.6,9.03,131.8,-38.45,1.302,51.8,95,0.4671,1,0
NEU-007185,Control,B02,119.72,-64.39,242.7,5.25,86.1,-38.84,1.335,28.1,75,0.2697,0,1
NEU-007186,TreatmentB,B02,97.61,-65.01,349.2,25.85,126.7,-45.78,1.444,61.1,83,0.5116,0,1
NEU-007187,TreatmentA,B01,89.01,-59.94,159.0,9.21,126.3,-38.1,0.744,50.7,75,0.3326,0,1
NEU-007188,TreatmentB,B03,120.52,-74.55,112.9,11.77,115.1,-38.28,1.045,37.8,78,0.1917,1,1
NEU-007189,TreatmentA,B01,77.94,-67.21,70.4,22.15,90.2,-43.47,1.44,71.2,99,0.4797,1,1
NEU-007190,Control,B02,96.32,-57.45,212.1,13.64,118.8,-43.74,0.792,39.6,88,0.1891,0,0
NEU-007191,Control,B01,83.79,-63.09,65.9,15.56,69.6,-35.67,0.783,22.3,77,0.7292,0,1
NEU-007192,TreatmentB,B01,107.51,-69.45,166.4,22.75,157.9,-42.68,0.878,40.9,84,0.43,1,0
NEU-007193,TreatmentA,B03,103.63,-61.05,234.3,6.99,148.1,-43.43,0.974,44.6,84,0.6013,0,0
NEU-007194,TreatmentB,B01,94.15,-59.72,284.3,18.93,164.3,-43.76,0.729,59.4,92,0.5718,0,1
NEU-007195,TreatmentB,B02,97.5,-65.59,174.6,14.1,65.5,-44.24,0.672,33.0,79,0.2326,0,1
NEU-007196,TreatmentA,B01,92.82,-55.68,174.8,12.36,71.3,-42.78,1.662,63.4,77,0.6165,1,0
NEU-007197,TreatmentA,B03,71.52,-63.89,198.6,16.46,74.5,-35.81,0.931,66.8,77,0.4104,1,1
NEU-007198,TreatmentB,B03,101.64,-60.25,253.6,25.63,57.8,-38.44,1.333,59.5,85,0.5359,1,1
NEU-007199,TreatmentB,B01,114.75,-57.86,204.1,11.48,126.8,-45.63,1.047,67.4,94,0.1976,1,0
NEU-007200,TreatmentB,B01,111.97,-73.54,171.5,34.27,64.4,-40.51,1.082,78.6,70,0.3703,1,0
NEU-007201,TreatmentA,B03,89.14,-66.25,334.4,11.38,152.9,-43.42,0.84,33.5,74,0.2798,0,1
NEU-007202,TreatmentB,B01,112.98,-70.48,267.5,13.84,25.4,-57.77,1.273,53.6,80,0.3387,1,0
NEU-007203,TreatmentA,B02,120.79,-61.65,105.4,9.08,174.2,-39.87,1.334,65.6,88,0.3475,1,1
NEU-007204,TreatmentB,B03,117.37,-69.17,125.3,21.7,144.9,-45.88,1.541,62.6,79,0.5432,1,1
NEU-007205,TreatmentA,B03,99.96,-62.82,185.6,16.0,57.6,-40.89,1.134,62.5,77,0.3432,1,1
NEU-007206,Control,B01,104.3,-63.96,587.3,9.04,120.9,-36.13,1.468,49.5,85,0.3137,0,1
NEU-007207,Control,B03,109.48,-72.09,139.0,23.58,105.1,-41.48,0.974,20.1,84,0.3508,1,0
NEU-007208,TreatmentA,B02,78.75,-67.85,182.3,19.94,85.6,-35.35,0.614,16.5,90,0.5103,0,1
NEU-007209,TreatmentB,B01,75.69,-69.4,144.2,7.49,57.5,-35.38,1.336,45.8,97,0.6108,0,0
NEU-007210,Control,B01,109.95,-69.04,195.5,14.46,158.1,-43.4,1.27,31.1,76,0.7022,0,0
NEU-007211,TreatmentB,B01,92.27,-74.11,100.4,11.68,45.1,-36.28,1.219,68.0,71,0.1898,0,0
NEU-007212,TreatmentB,B02,113.14,-70.26,221.4,13.01,75.5,-39.88,0.735,63.0,78,0.3136,1,0
NEU-007213,TreatmentB,B03,91.41,-77.66,234.3,14.76,51.9,-43.82,1.602,64.3,89,0.4129,1,0
NEU-007214,TreatmentB,B03,117.37,-61.74,257.5,12.09,106.7,-38.56,1.238,78.3,84,0.5091,1,0
NEU-007215,Control,B02,112.89,-62.37,303.7,13.71,161.9,-35.41,2.001,7.7,97,0.6338,1,1
NEU-007216,TreatmentA,B02,93.97,-67.72,127.5,41.07,142.5,-41.69,1.016,26.4,79,0.27,0,0
NEU-007217,Control,B02,112.06,-68.34,62.2,8.97,183.9,-44.7,1.097,17.9,96,0.4081,0,1
NEU-007218,TreatmentA,B02,123.42,-61.7,143.1,11.42,155.0,-47.64,1.087,33.8,105,0.1271,1,1
NEU-007219,TreatmentB,B02,88.65,-72.42,214.8,7.52,17.6,-43.05,0.923,85.2,101,0.5084,1,0
NEU-007220,Control,B02,97.45,-60.23,462.5,13.09,123.0,-46.9,0.989,52.6,76,0.2837,0,1
NEU-007221,TreatmentB,B03,99.61,-69.21,132.3,10.49,124.9,-37.94,1.014,43.4,81,0.3836,1,0
NEU-007222,Control,B01,96.44,-72.37,165.2,20.75,164.7,-36.65,0.931,54.5,77,0.5165,0,1
NEU-007223,TreatmentA,B03,113.23,-60.13,138.5,14.52,74.5,-41.44,0.761,28.7,73,0.3017,0,1
NEU-007224,TreatmentB,B01,105.81,-52.41,210.7,10.55,38.9,-37.48,0.79,62.0,101,0.2497,1,0
NEU-007225,Control,B02,73.9,-63.85,212.3,12.84,145.0,-44.21,1.214,25.5,82,0.6385,0,0
NEU-007226,TreatmentB,B02,98.7,-61.52,206.9,13.57,86.1,-38.36,1.483,67.9,91,0.1608,1,1
NEU-007227,TreatmentA,B03,88.94,-69.95,182.8,16.81,118.5,-44.17,0.875,63.0,86,0.2242,1,0
NEU-007228,TreatmentB,B03,107.24,-62.65,143.1,10.6,112.6,-36.8,0.899,13.4,68,0.5595,0,0
NEU-007229,TreatmentA,B01,107.45,-62.25,240.7,12.91,58.5,-42.62,0.774,36.4,78,0.5131,0,0
NEU-007230,TreatmentB,B03,101.65,-59.71,358.6,14.19,88.2,-32.84,1.502,57.6,102,0.4563,1,0
NEU-007231,TreatmentB,B01,73.14,-63.55,103.3,16.91,110.3,-38.82,0.966,64.7,78,0.6906,0,1
NEU-007232,TreatmentA,B02,129.9,-65.17,235.4,12.71,148.1,-36.82,1.362,44.5,85,0.2866,1,1
NEU-007233,TreatmentB,B03,116.85,-68.74,159.4,11.57,2.2,-40.36,1.682,61.8,88,0.5487,1,0
NEU-007234,TreatmentA,B03,112.91,-61.84,264.1,14.45,138.2,-38.46,1.19,34.8,61,0.6804,0,1
NEU-007235,TreatmentA,B03,92.38,-61.33,317.7,20.33,19.8,-41.27,0.742,32.8,112,0.2013,0,0
NEU-007236,TreatmentB,B02,118.42,-66.84,81.7,11.1,147.2,-40.86,1.188,65.7,73,0.2629,1,1
NEU-007237,TreatmentB,B03,92.96,-59.29,147.3,9.42,34.3,-43.56,1.586,32.8,86,0.4136,1,0
NEU-007238,Control,B01,101.74,-66.68,142.2,11.55,109.4,-45.11,1.522,24.3,79,0.4618,1,1
NEU-007239,TreatmentB,B02,79.05,-70.16,316.5,12.85,114.4,-43.11,1.033,45.3,77,0.2154,0,0
NEU-007240,Control,B02,88.68,-69.91,191.4,7.59,129.8,-50.19,1.224,20.7,94,0.2123,0,1
NEU-007241,Control,B01,99.01,-61.87,318.9,16.69,85.4,-46.09,1.654,37.2,101,0.3346,0,0
NEU-007242,Control,B03,115.12,-64.45,142.6,20.16,164.7,-36.74,1.159,6.0,81,0.5638,0,1
NEU-007243,Control,B03,100.21,-68.18,235.4,14.13,113.6,-35.11,0.809,38.3,67,0.1426,0,0
NEU-007244,TreatmentB,B02,126.03,-61.83,264.5,4.6,100.7,-41.57,0.976,52.9,85,0.2398,0,1
NEU-007245,TreatmentB,B01,102.13,-68.48,143.8,9.78,101.0,-45.58,1.145,69.5,101,0.3475,1,1
NEU-007246,TreatmentB,B02,99.04,-68.5,133.2,20.47,136.5,-37.01,1.903,71.4,87,0.3228,1,0
NEU-007247,TreatmentB,B03,120.08,-73.72,198.5,16.22,110.4,-35.62,1.495,68.8,77,0.47,1,1
NEU-007248,Control,B02,135.56,-59.97,115.9,13.35,153.9,-36.8,1.052,58.6,78,0.481,1,0
NEU-007249,Control,B03,115.41,-70.02,217.8,13.59,157.2,-29.2,0.818,51.8,80,0.3639,1,1
NEU-007250,TreatmentB,B02,89.55,-72.23,404.9,12.62,62.4,-36.51,0.94,54.3,83,0.1547,0,0
NEU-007251,TreatmentB,B03,109.47,-58.75,98.7,13.32,113.2,-44.57,0.942,66.2,98,0.3187,1,0
NEU-007252,Control,B01,95.77,-63.61,430.8,11.76,47.2,-46.9,0.799,62.2,89,0.5291,0,0
NEU-007253,Control,B01,100.71,-64.06,176.3,24.97,144.2,-37.19,1.11,51.7,86,0.632,1,1
NEU-007254,TreatmentA,B03,109.25,-74.54,151.6,11.12,108.8,-43.51,1.131,43.4,88,0.5413,1,0
NEU-007255,TreatmentB,B03,86.54,-62.7,182.5,9.59,52.8,-38.7,1.546,68.9,88,0.1896,0,1
NEU-007256,TreatmentA,B03,131.62,-63.27,327.0,30.01,123.7,-39.29,1.737,46.5,88,0.3134,1,0
NEU-007257,Control,B01,106.68,-66.11,202.0,21.71,133.2,-42.11,0.643,17.2,82,0.4935,0,1
NEU-007258,TreatmentA,B03,107.1,-66.34,254.4,9.82,92.8,-50.35,1.146,57.7,76,0.4214,1,1
NEU-007259,Control,B02,117.8,-69.38,144.3,9.74,186.8,-43.36,0.871,21.8,86,0.6018,0,0
NEU-007260,Control,B01,122.53,-69.36,304.2,13.55,136.6,-48.83,1.317,44.8,101,0.5868,0,0
NEU-007261,TreatmentA,B03,100.26,-65.02,99.0,10.97,141.0,-48.4,1.431,37.6,79,0.3248,0,1
NEU-007262,Control,B01,98.83,-67.27,158.8,14.41,200.0,-42.28,1.615,45.6,87,0.4336,1,1
NEU-007263,TreatmentA,B02,109.04,-57.43,220.7,23.27,179.7,-44.11,0.945,54.9,105,0.0951,1,0
NEU-007264,TreatmentB,B03,99.62,-64.61,230.7,10.38,135.7,-43.5,1.147,52.8,99,0.2122,1,1
NEU-007265,TreatmentB,B02,84.77,-59.95,108.9,30.57,9.7,-46.11,1.388,50.3,81,0.3709,0,0
NEU-007266,TreatmentB,B03,103.24,-61.04,187.2,20.64,104.4,-39.44,1.253,63.1,106,0.3959,1,1
NEU-007267,TreatmentA,B03,92.71,-69.85,232.9,9.37,93.9,-42.79,0.986,21.2,95,0.2492,0,1
NEU-007268,TreatmentB,B03,116.93,-65.39,167.3,10.72,69.4,-39.81,1.17,54.5,94,0.3511,0,1
NEU-007269,TreatmentA,B01,69.84,-63.04,216.4,15.1,100.8,-44.82,1.056,56.1,86,0.3299,1,1
NEU-007270,Control,B03,91.78,-68.36,149.3,17.23,102.2,-35.31,1.316,45.2,110,0.6314,0,1
NEU-007271,Control,B02,101.2,-60.19,116.9,16.65,63.9,-26.81,0.92,21.6,88,0.3868,0,0
NEU-007272,Control,B01,106.54,-69.68,239.4,32.75,42.1,-41.98,1.244,36.4,90,0.4209,0,0
NEU-007273,Control,B02,90.7,-52.69,85.2,18.12,100.5,-48.18,0.546,57.4,79,0.3626,1,0
NEU-007274,TreatmentA,B01,106.29,-69.48,101.9,25.23,117.4,-51.21,1.788,63.0,84,0.4495,1,1
NEU-007275,TreatmentB,B01,90.0,-64.47,152.1,26.63,29.7,-46.59,1.463,72.6,86,0.5217,1,1
NEU-007276,TreatmentA,B02,64.9,-60.35,130.6,13.98,62.6,-46.83,0.941,36.5,95,0.454,1,1
NEU-007277,TreatmentB,B02,107.99,-53.5,180.8,11.54,88.1,-41.2,0.8,70.1,84,0.3331,1,0
NEU-007278,Control,B03,106.63,-66.86,171.4,8.31,217.4,-40.59,0.827,29.7,82,0.4519,0,0
NEU-007279,TreatmentB,B02,66.98,-63.22,161.1,14.12,88.8,-40.89,1.245,62.1,91,0.2907,1,1
NEU-007280,TreatmentA,B01,98.76,-73.03,214.9,28.92,97.6,-47.28,0.55,46.0,85,0.4445,0,0
NEU-007281,Control,B02,103.33,-68.83,708.2,28.41,137.5,-42.35,0.997,34.2,89,0.2875,0,0
NEU-007282,Control,B03,126.86,-58.79,186.0,24.65,64.6,-41.95,1.583,45.6,88,0.3536,1,1
NEU-007283,TreatmentA,B01,90.86,-69.87,156.4,10.88,124.9,-41.0,0.908,42.4,87,0.2441,1,1
NEU-007284,TreatmentA,B01,94.71,-70.76,165.6,14.64,155.0,-48.67,0.794,47.5,73,0.2318,0,1
NEU-007285,TreatmentB,B03,102.96,-58.57,120.8,19.17,141.1,-36.96,0.768,51.0,92,0.5324,1,1
NEU-007286,TreatmentA,B02,75.11,-76.64,98.3,10.1,148.3,-50.61,1.341,44.1,98,0.2263,1,0
NEU-007287,TreatmentB,B03,112.01,-61.39,68.8,11.36,78.5,-47.95,1.07,63.8,74,0.2777,1,1
NEU-007288,TreatmentA,B03,93.44,-61.62,203.8,6.09,75.4,-41.82,1.647,43.4,90,0.7347,1,0
NEU-007289,TreatmentA,B02,86.92,-56.13,270.3,17.99,112.7,-40.59,1.526,40.8,94,0.4731,0,0
NEU-007290,TreatmentA,B01,110.38,-69.99,117.3,5.78,125.6,-50.86,0.979,49.0,100,0.5054,1,0
NEU-007291,Control,B02,96.89,-73.62,130.6,12.25,110.9,-40.15,1.632,50.9,85,0.5649,1,0
NEU-007292,TreatmentA,B03,55.35,-72.92,338.5,6.6,66.7,-43.7,1.604,33.2,75,0.5869,1,0
NEU-007293,Control,B03,76.31,-67.4,211.6,19.77,179.0,-46.38,0.851,43.5,77,0.3032,0,0
NEU-007294,TreatmentA,B02,85.19,-69.08,181.3,6.47,101.2,-36.99,1.182,51.9,72,0.2866,1,1
NEU-007295,TreatmentA,B03,111.96,-73.67,87.2,10.78,182.8,-38.85,1.16,25.9,95,0.2714,0,0
NEU-007296,TreatmentA,B01,97.94,-64.8,212.0,7.49,123.9,-36.6,0.67,50.5,90,0.4039,0,1
NEU-007297,TreatmentA,B01,132.51,-61.14,49.6,12.56,59.1,-46.76,1.646,51.3,79,0.7197,1,0
NEU-007298,TreatmentB,B03,87.74,-62.43,147.9,15.79,86.3,-38.63,0.703,69.1,90,0.2492,0,0
NEU-007299,Control,B01,91.77,-70.86,722.1,12.45,129.2,-44.15,0.916,51.8,75,0.263,0,0
NEU-007300,TreatmentB,B03,99.84,-76.73,100.9,7.96,-42.1,-44.39,1.295,62.4,78,0.158,1,1
NEU-007301,Control,B03,65.35,-62.09,216.4,19.38,118.3,-35.16,1.51,43.6,100,0.5396,0,1
NEU-007302,Control,B01,95.53,-64.21,247.4,13.04,87.1,-44.21,1.257,37.7,85,0.5933,1,0
NEU-007303,Control,B01,121.41,-73.77,187.2,8.18,154.2,-40.44,0.661,26.7,104,0.3339,1,0
NEU-007304,Control,B02,70.59,-62.05,219.2,12.92,80.5,-43.59,0.685,38.3,84,0.5037,0,1
NEU-007305,TreatmentB,B02,93.67,-65.51,198.5,19.08,39.0,-44.89,0.798,59.3,89,0.2256,0,1
NEU-007306,TreatmentB,B03,68.61,-62.39,243.4,19.85,92.4,-38.68,1.32,47.5,89,0.3369,0,0
NEU-007307,Control,B01,109.11,-70.0,259.0,16.08,145.3,-39.06,1.179,25.1,86,0.3409,0,0
NEU-007308,TreatmentB,B03,128.51,-51.82,111.2,8.45,81.8,-36.37,2.037,59.4,81,0.3318,0,1
NEU-007309,TreatmentA,B01,109.67,-61.81,155.9,19.29,147.6,-48.38,1.491,57.6,89,0.2383,1,0
NEU-007310,TreatmentA,B02,112.97,-58.98,90.9,6.7,167.0,-39.76,0.845,69.5,85,0.283,1,1
NEU-007311,TreatmentA,B02,104.13,-69.1,455.2,18.69,147.4,-46.9,1.197,38.4,84,0.2436,0,0
NEU-007312,Control,B03,118.83,-59.67,360.7,16.12,201.9,-47.11,1.573,64.9,87,0.2874,1,1
NEU-007313,Control,B02,69.74,-61.01,397.3,18.4,88.7,-47.74,1.171,43.2,79,0.3048,0,0
NEU-007314,Control,B03,82.68,-65.44,133.9,17.78,60.4,-35.7,1.301,26.8,94,0.6167,0,1
NEU-007315,Control,B03,104.31,-62.97,132.2,9.22,145.0,-41.56,0.803,42.2,84,0.5149,0,1
NEU-007316,TreatmentA,B01,92.02,-63.7,58.0,6.27,93.3,-41.95,1.137,24.0,78,0.5039,1,0
NEU-007317,TreatmentA,B03,122.53,-75.22,118.3,10.66,114.4,-40.93,0.749,64.8,100,0.2587,0,1
NEU-007318,TreatmentB,B03,100.24,-59.59,142.5,5.71,98.8,-42.27,0.783,70.7,73,0.5125,1,0
NEU-007319,TreatmentB,B02,104.14,-65.23,259.3,11.48,137.6,-43.32,1.069,58.9,90,0.1588,0,1
NEU-007320,Control,B03,104.76,-68.07,195.7,11.99,94.3,-30.64,1.49,28.5,92,0.2995,0,1
NEU-007321,TreatmentB,B02,99.89,-65.04,205.5,15.99,161.0,-47.5,1.029,48.2,95,0.3282,1,0
NEU-007322,TreatmentB,B01,81.72,-52.19,130.5,7.81,118.2,-44.52,0.88,50.2,103,0.5079,0,0
NEU-007323,Control,B02,92.17,-66.03,263.7,11.39,134.1,-43.15,1.588,55.0,92,0.5991,1,0
NEU-007324,TreatmentB,B03,71.81,-62.68,119.2,18.81,118.9,-46.21,1.775,62.1,98,0.4658,1,1
NEU-007325,Control,B03,120.24,-64.89,143.3,6.58,179.6,-39.81,0.596,63.8,90,0.3443,1,1
NEU-007326,TreatmentA,B02,130.37,-60.82,127.3,21.85,84.5,-49.21,1.201,35.0,87,0.469,0,1
NEU-007327,Control,B03,108.29,-63.83,175.7,10.79,125.5,-39.26,0.98,30.8,85,0.3744,0,0
NEU-007328,Control,B01,102.96,-74.09,302.8,18.56,56.7,-41.02,1.165,59.0,90,0.3888,0,0
NEU-007329,Control,B02,87.72,-66.65,243.8,11.71,102.5,-30.49,0.802,24.6,79,0.237,0,1
NEU-007330,Control,B01,121.05,-64.06,301.8,22.41,177.1,-44.42,0.502,27.8,93,0.5742,0,1
NEU-007331,TreatmentB,B01,123.96,-54.01,182.5,10.93,97.9,-40.6,0.962,59.6,84,0.5397,1,0
NEU-007332,TreatmentA,B03,94.18,-66.48,264.6,10.2,112.0,-44.07,1.448,59.0,88,0.58,0,0
NEU-007333,Control,B03,83.95,-69.5,164.2,8.84,150.7,-41.38,0.866,47.6,88,0.2763,0,1
NEU-007334,Control,B01,90.57,-61.29,121.5,10.62,208.4,-49.99,0.641,33.7,86,0.479,0,1
NEU-007335,TreatmentA,B02,99.38,-63.89,129.0,11.81,94.2,-45.89,1.291,67.4,82,0.3244,1,1
NEU-007336,TreatmentB,B03,105.66,-69.54,83.5,15.36,48.3,-35.55,1.413,66.8,84,0.3095,1,0
NEU-007337,Control,B02,98.35,-62.85,102.2,19.04,110.0,-39.6,1.589,48.1,82,0.4709,1,1
NEU-007338,TreatmentB,B01,88.7,-59.71,183.7,11.94,62.4,-40.78,1.608,56.9,85,0.3174,1,0
NEU-007339,TreatmentB,B03,90.22,-51.76,243.8,15.17,103.3,-55.58,0.945,61.2,77,0.1577,0,0
NEU-007340,TreatmentB,B03,77.4,-70.98,337.6,10.06,22.6,-46.34,1.308,49.2,85,0.274,0,1
NEU-007341,TreatmentA,B03,108.49,-70.14,241.8,13.83,84.2,-37.12,0.865,57.8,83,0.3364,1,0
NEU-007342,TreatmentA,B02,96.48,-63.57,275.8,26.49,95.0,-41.71,1.169,64.8,92,0.4586,1,1
NEU-007343,TreatmentA,B01,90.1,-63.08,107.6,13.51,87.1,-38.43,0.731,26.3,85,0.291,1,1
NEU-007344,TreatmentA,B03,110.04,-67.7,259.6,19.9,67.8,-44.81,1.215,36.2,87,0.2222,0,0
NEU-007345,Control,B03,98.9,-65.51,175.9,11.53,165.1,-46.95,0.883,12.4,104,0.5496,0,1
NEU-007346,Control,B01,89.4,-59.88,245.7,11.34,69.8,-53.65,1.103,32.6,80,0.616,0,0
NEU-007347,TreatmentA,B03,94.22,-69.06,206.0,15.63,128.7,-37.63,0.891,53.0,89,0.1667,1,0
NEU-007348,TreatmentB,B01,100.39,-68.04,152.5,4.72,173.5,-37.7,1.032,44.1,102,0.1988,0,1
NEU-007349,Control,B01,98.39,-59.76,174.4,36.65,171.5,-48.97,1.151,44.9,68,0.4666,0,1
NEU-007350,TreatmentB,B01,103.8,-62.65,130.4,18.23,71.6,-33.61,0.995,47.8,79,0.5718,1,1
NEU-007351,TreatmentB,B02,111.87,-58.5,341.5,6.07,67.9,-48.99,0.925,15.1,104,0.3493,0,0
NEU-007352,Control,B03,111.99,-68.67,298.6,10.04,166.8,-35.75,0.877,21.5,90,0.5459,0,0
NEU-007353,TreatmentA,B01,103.71,-69.77,184.8,10.45,122.9,-47.49,0.765,46.9,80,0.4123,0,0
NEU-007354,TreatmentA,B03,66.65,-74.23,98.6,14.03,55.1,-34.95,1.204,55.8,70,0.0836,1,0
NEU-007355,Control,B01,66.31,-61.06,215.1,13.14,133.2,-41.57,1.782,53.2,79,0.5396,1,1
NEU-007356,Control,B03,79.98,-67.96,117.7,17.59,71.0,-36.73,0.922,15.8,84,0.3322,0,0
NEU-007357,TreatmentA,B02,104.04,-58.54,74.4,16.89,115.7,-40.87,1.84,45.1,72,0.4378,1,0
NEU-007358,TreatmentB,B01,90.55,-55.13,229.2,6.84,91.9,-39.29,1.057,58.7,103,0.2623,1,0
NEU-007359,Control,B02,101.45,-56.98,156.8,15.33,160.9,-35.57,0.792,43.9,94,0.4076,0,1
NEU-007360,TreatmentB,B01,93.59,-57.56,213.7,32.59,66.0,-43.07,1.631,62.6,70,0.3331,1,0
NEU-007361,TreatmentB,B02,94.08,-64.14,169.1,14.19,83.2,-39.53,0.806,71.8,79,0.3436,0,1
NEU-007362,Control,B01,97.97,-73.07,191.3,12.55,133.3,-45.62,1.688,47.3,88,0.3029,1,1
NEU-007363,Control,B02,89.58,-68.51,302.6,13.16,110.3,-37.74,1.324,18.2,74,0.1453,0,1
NEU-007364,TreatmentA,B03,96.01,-76.4,396.5,10.66,18.0,-43.11,0.923,33.2,91,0.6001,0,0
NEU-007365,Control,B02,132.24,-59.06,205.5,18.92,156.2,-41.4,1.553,36.7,78,0.5474,1,1
NEU-007366,TreatmentA,B02,94.58,-72.16,213.7,23.4,134.5,-40.99,1.814,51.8,63,0.114,1,0
NEU-007367,Control,B02,109.39,-60.28,564.0,21.4,147.2,-40.81,1.999,66.5,82,0.6003,1,1
NEU-007368,TreatmentA,B01,99.63,-58.01,133.4,25.24,140.5,-50.13,0.635,46.9,98,0.4185,0,0
NEU-007369,TreatmentB,B01,102.24,-70.59,103.4,10.12,44.6,-43.41,1.482,57.6,82,0.4655,1,0
NEU-007370,TreatmentA,B01,70.55,-62.75,274.0,10.9,161.0,-41.13,0.942,27.8,85,0.4552,0,0
NEU-007371,TreatmentA,B02,92.1,-62.86,350.0,9.44,137.7,-47.22,1.939,45.5,91,0.4269,1,1
NEU-007372,Control,B02,99.51,-67.58,246.0,14.56,139.9,-46.5,1.465,12.9,102,0.1448,0,1
NEU-007373,TreatmentB,B02,77.86,-62.27,118.2,14.03,125.6,-42.91,1.2,61.6,85,0.0611,1,0
NEU-007374,TreatmentA,B02,100.02,-63.09,141.2,8.0,182.6,-40.89,1.138,35.6,76,0.4411,0,1
NEU-007375,TreatmentA,B03,75.78,-70.81,559.6,10.71,116.0,-42.63,1.259,75.8,82,0.4365,0,0
NEU-007376,Control,B01,102.69,-64.72,139.4,16.72,158.1,-42.49,1.03,57.3,88,0.6892,1,1
NEU-007377,TreatmentB,B01,97.93,-63.03,303.1,18.1,120.2,-47.96,1.103,50.3,84,0.1937,0,0
NEU-007378,TreatmentA,B01,113.25,-73.16,137.1,11.12,125.2,-39.3,0.64,45.7,91,0.4902,0,0
NEU-007379,Control,B02,100.43,-68.21,221.6,16.93,138.4,-43.88,1.581,24.5,88,0.5758,1,1
NEU-007380,TreatmentA,B03,84.9,-66.09,223.1,10.51,65.7,-38.59,1.887,67.3,107,0.3924,1,1
NEU-007381,Control,B01,135.59,-67.36,375.5,15.61,128.2,-36.62,0.794,32.1,77,0.4282,0,1
NEU-007382,TreatmentB,B03,95.07,-65.12,105.9,8.44,102.6,-36.17,1.531,83.6,88,0.5898,1,0
NEU-007383,Control,B02,114.66,-65.64,354.6,18.19,121.5,-40.41,1.37,47.3,65,0.5812,1,1
NEU-007384,TreatmentB,B02,128.5,-68.88,134.4,16.59,48.5,-39.37,0.802,70.5,80,0.4822,1,1
NEU-007385,TreatmentB,B01,100.22,-66.59,334.1,16.34,154.7,-38.65,0.87,50.8,85,0.2837,0,0
NEU-007386,Control,B02,109.37,-60.04,171.4,9.07,193.2,-39.69,1.226,47.4,86,0.2377,1,1
NEU-007387,Control,B03,99.54,-73.71,75.0,15.86,145.1,-44.64,0.742,53.4,94,0.3943,0,0
NEU-007388,TreatmentA,B01,117.78,-76.26,214.3,9.59,103.8,-49.08,1.301,57.9,85,0.6076,1,0
NEU-007389,TreatmentB,B02,101.16,-58.6,118.0,13.51,78.0,-37.89,1.802,51.8,79,0.3643,1,0
NEU-007390,TreatmentB,B03,152.64,-69.55,128.2,15.73,93.6,-46.62,1.219,71.4,104,0.4192,1,1
NEU-007391,TreatmentB,B03,125.43,-71.96,112.6,9.22,67.7,-36.1,0.524,37.2,91,0.356,0,0
NEU-007392,TreatmentB,B03,102.59,-61.08,167.4,11.38,58.0,-37.4,1.26,65.7,82,0.3245,1,0
NEU-007393,Control,B03,102.6,-68.56,197.6,12.04,109.7,-42.97,1.012,52.3,74,0.2864,0,1
NEU-007394,TreatmentB,B03,90.63,-74.87,119.8,23.34,25.8,-43.47,1.02,65.1,72,0.2174,1,0
NEU-007395,TreatmentB,B03,110.48,-49.65,159.7,11.7,52.4,-40.52,1.385,43.7,93,0.3085,0,0
NEU-007396,TreatmentA,B01,81.04,-64.16,85.4,14.36,118.9,-37.98,0.649,63.5,89,0.4893,1,1
NEU-007397,Control,B02,93.53,-69.92,234.9,9.4,202.9,-41.17,1.668,60.6,91,0.4065,1,1
NEU-007398,Control,B02,89.55,-60.63,105.1,14.38,131.9,-43.07,1.073,40.1,101,0.5364,0,0
NEU-007399,Control,B02,98.81,-71.55,238.6,16.89,147.8,-47.16,1.068,47.3,78,0.641,0,1
NEU-007400,Control,B02,99.5,-59.78,206.7,13.51,147.9,-52.41,1.246,30.8,79,0.1821,0,0
NEU-007401,TreatmentB,B02,128.95,-63.2,155.4,32.67,72.8,-40.49,1.269,36.7,103,0.3804,0,1
NEU-007402,TreatmentB,B02,81.09,-58.89,114.9,26.17,75.7,-44.18,1.436,39.5,72,0.3761,1,0
NEU-007403,TreatmentA,B03,103.67,-68.82,110.7,13.98,151.0,-47.55,1.324,56.7,92,0.1911,0,0
NEU-007404,TreatmentA,B03,91.19,-69.94,87.0,36.83,121.8,-35.26,1.003,36.4,79,0.822,1,1
NEU-007405,Control,B01,134.22,-63.81,175.0,11.44,122.9,-45.95,0.731,52.5,84,0.4574,0,1
NEU-007406,TreatmentB,B03,81.4,-65.76,79.0,9.67,96.9,-47.07,1.218,61.9,84,0.248,1,1
NEU-007407,Control,B03,73.19,-69.97,184.7,12.89,229.3,-45.1,0.561,47.5,91,0.5417,1,0
NEU-007408,TreatmentB,B03,118.8,-71.22,110.0,10.01,59.1,-47.17,0.836,71.0,92,0.5301,0,0
NEU-007409,TreatmentB,B03,85.17,-68.74,148.4,14.42,57.7,-38.16,0.969,76.0,74,0.4084,1,1
NEU-007410,TreatmentA,B03,120.91,-61.79,173.8,16.32,140.2,-36.93,1.027,59.5,82,0.5436,0,1
NEU-007411,TreatmentB,B03,110.9,-69.97,199.6,18.82,82.3,-50.79,1.412,82.7,71,0.272,1,0
NEU-007412,TreatmentB,B02,96.66,-63.05,138.2,9.9,83.0,-46.92,1.195,34.2,92,0.2855,0,1
NEU-007413,TreatmentB,B01,87.29,-73.5,606.7,8.43,177.5,-43.55,0.998,41.2,79,0.8433,0,0
NEU-007414,Control,B01,111.4,-58.79,236.9,6.62,177.3,-45.88,0.947,33.4,91,0.3115,0,1
NEU-007415,Control,B01,105.26,-64.11,191.3,15.68,151.6,-44.85,1.771,41.2,87,0.1842,1,1
NEU-007416,Control,B01,105.88,-61.73,218.5,7.64,115.1,-40.0,1.16,21.2,97,0.2427,0,1
NEU-007417,TreatmentB,B02,118.44,-66.71,92.9,11.05,63.7,-43.83,1.298,68.4,85,0.1207,1,1
NEU-007418,TreatmentB,B01,84.54,-71.25,140.0,10.07,5.8,-43.96,0.97,79.3,84,0.5557,0,0
NEU-007419,TreatmentB,B01,129.52,-55.47,127.2,11.83,111.8,-41.14,1.28,30.5,84,0.1023,0,0
NEU-007420,TreatmentB,B02,114.32,-70.16,99.8,14.6,58.6,-42.34,1.217,70.2,80,0.4299,1,0
NEU-007421,TreatmentA,B03,90.92,-69.8,181.1,23.91,89.3,-34.99,1.096,21.7,82,0.5792,0,1
NEU-007422,TreatmentA,B02,122.28,-67.03,197.1,17.2,88.4,-34.9,1.04,65.4,94,0.3751,1,1
NEU-007423,TreatmentB,B03,88.59,-69.37,121.7,8.35,150.2,-33.36,0.845,65.7,88,0.1557,1,1
NEU-007424,TreatmentB,B02,98.73,-81.12,126.2,7.61,83.3,-46.9,1.216,68.7,95,0.3667,1,0
NEU-007425,TreatmentA,B03,106.16,-78.43,136.4,18.39,102.0,-42.36,1.083,68.2,86,0.8754,1,1
NEU-007426,TreatmentA,B01,114.01,-62.58,234.0,8.82,88.8,-43.97,1.399,46.3,87,0.2757,1,1
NEU-007427,TreatmentA,B03,101.49,-61.58,188.6,10.99,150.7,-43.58,0.636,63.9,77,0.275,0,1
NEU-007428,TreatmentA,B02,103.33,-65.99,421.3,19.3,132.1,-39.9,0.643,73.8,96,0.6068,0,1
NEU-007429,TreatmentB,B03,76.62,-60.91,121.9,10.43,73.0,-40.84,1.118,81.7,79,0.5846,1,0
NEU-007430,TreatmentB,B02,96.53,-71.42,171.9,27.22,77.6,-45.0,1.445,62.6,103,0.4418,1,1
NEU-007431,TreatmentB,B02,91.97,-74.05,177.3,11.9,52.9,-41.51,1.032,52.4,88,0.5975,1,0
NEU-007432,Control,B02,91.06,-67.28,199.4,9.39,159.6,-50.66,0.877,66.4,81,0.4713,1,1
NEU-007433,TreatmentA,B03,93.32,-59.69,147.2,10.22,189.3,-38.13,0.952,47.3,90,0.2726,0,1
NEU-007434,Control,B02,97.41,-63.83,180.3,18.85,143.0,-43.88,1.564,61.8,78,0.2102,1,0
NEU-007435,TreatmentA,B02,111.79,-70.17,136.4,29.32,94.3,-42.29,1.832,39.7,92,0.318,1,0
NEU-007436,Control,B03,113.49,-69.72,207.2,15.22,139.0,-40.02,1.003,44.3,85,0.5486,0,1
NEU-007437,TreatmentB,B01,97.87,-69.43,154.3,24.76,100.2,-41.14,0.959,70.1,87,0.5585,1,1
NEU-007438,Control,B01,130.58,-59.8,151.0,28.79,171.1,-37.17,1.222,51.1,84,0.5038,1,1
NEU-007439,TreatmentB,B03,108.47,-68.07,198.4,18.73,66.1,-38.98,0.92,60.5,80,0.3101,1,1
NEU-007440,TreatmentA,B01,97.38,-65.37,187.1,5.86,143.6,-35.02,0.996,59.5,89,0.5279,1,0
NEU-007441,TreatmentB,B01,49.33,-65.37,94.6,14.89,49.2,-40.51,0.782,88.4,82,0.3018,1,1
NEU-007442,Control,B01,119.54,-79.61,141.3,8.64,70.1,-37.01,1.045,31.1,99,0.3543,0,0
NEU-007443,TreatmentA,B03,68.36,-59.33,194.0,6.94,172.2,-47.59,0.602,52.0,76,0.3835,0,0
NEU-007444,Control,B01,88.2,-82.49,139.4,7.65,128.1,-39.98,1.572,7.0,80,0.3562,1,0
NEU-007445,TreatmentA,B03,96.56,-74.83,216.5,9.17,152.1,-41.32,0.97,45.6,91,0.4039,0,0
NEU-007446,TreatmentA,B03,87.08,-62.96,207.8,12.62,127.7,-45.48,1.035,86.9,81,0.1237,1,1
NEU-007447,Control,B02,95.61,-66.09,220.1,8.81,90.7,-41.65,1.077,31.4,92,0.6732,0,0
NEU-007448,TreatmentA,B02,87.31,-64.97,203.9,13.73,81.0,-44.11,1.036,20.2,79,0.3461,0,1
NEU-007449,TreatmentA,B03,87.76,-60.66,105.8,21.72,147.9,-40.55,1.433,44.3,89,0.4192,1,0
NEU-007450,TreatmentA,B03,70.99,-63.49,330.3,11.49,139.5,-46.27,1.156,54.7,75,0.4184,0,1
NEU-007451,Control,B01,97.23,-57.64,214.1,11.05,116.8,-38.55,0.978,40.2,79,0.3602,0,0
NEU-007452,TreatmentA,B02,88.99,-62.47,217.2,8.02,33.2,-45.46,0.942,50.9,81,0.2163,0,1
NEU-007453,Control,B02,91.68,-62.97,286.7,21.08,203.9,-40.33,0.866,57.8,75,0.2776,1,0
NEU-007454,TreatmentB,B01,90.06,-72.92,209.2,7.79,120.3,-39.17,1.381,46.2,85,0.371,1,0
NEU-007455,TreatmentA,B02,79.84,-65.63,239.1,19.42,137.4,-42.96,1.681,56.1,79,0.4147,1,1
NEU-007456,Control,B01,114.08,-68.08,122.0,15.25,89.9,-42.73,1.442,41.3,98,0.3527,1,0
NEU-007457,Control,B02,91.73,-63.43,332.2,11.69,197.1,-37.23,1.404,49.0,94,0.2366,0,1
NEU-007458,Control,B03,111.9,-64.81,95.3,8.79,50.4,-45.88,1.409,36.2,88,0.3943,1,1
NEU-007459,TreatmentA,B01,95.06,-61.64,226.8,17.09,127.0,-44.15,1.713,72.5,62,0.4946,1,0
NEU-007460,TreatmentB,B03,93.46,-60.42,191.5,11.95,44.4,-37.33,1.098,71.4,88,0.1523,1,1
NEU-007461,TreatmentB,B02,101.72,-66.8,162.3,7.12,6.0,-46.39,1.32,60.8,88,0.4702,0,0
NEU-007462,TreatmentA,B03,83.69,-68.28,223.4,7.39,92.7,-48.17,0.736,23.4,87,0.2161,0,1
NEU-007463,TreatmentB,B01,91.12,-64.74,252.8,10.55,109.9,-42.23,1.084,40.6,88,0.4357,1,1
NEU-007464,Control,B02,77.41,-68.68,156.9,13.99,122.4,-42.89,0.988,17.8,71,0.6645,0,1
NEU-007465,TreatmentA,B01,110.1,-59.85,221.1,17.62,49.6,-40.76,1.039,49.5,90,0.2687,1,0
NEU-007466,TreatmentA,B01,83.69,-65.82,180.1,15.82,162.1,-49.16,0.955,55.7,95,0.5711,1,1
NEU-007467,TreatmentA,B03,95.35,-68.43,213.3,13.7,114.5,-41.72,1.095,55.6,82,0.1493,0,1
NEU-007468,TreatmentB,B02,97.93,-67.08,182.6,11.72,127.5,-35.22,1.121,49.0,96,0.2658,1,1
NEU-007469,Control,B01,102.03,-62.98,191.2,13.89,147.6,-45.88,1.639,57.1,88,0.1076,1,1
NEU-007470,TreatmentA,B02,70.06,-73.74,274.0,22.67,177.5,-41.44,1.196,42.7,93,0.8276,0,1
NEU-007471,TreatmentB,B02,131.03,-72.34,172.5,38.4,25.6,-42.62,0.514,47.6,85,0.7338,0,1
NEU-007472,TreatmentA,B01,98.82,-71.14,341.8,20.99,137.4,-46.16,0.916,46.4,83,0.5914,1,1
NEU-007473,TreatmentB,B01,105.63,-58.71,251.0,16.02,136.8,-44.86,1.526,47.1,76,0.1448,0,0
NEU-007474,Control,B02,121.93,-70.65,127.0,8.53,169.7,-42.19,0.899,54.8,83,0.4069,0,0
NEU-007475,TreatmentB,B01,104.44,-59.54,406.7,9.04,155.4,-41.22,0.673,64.6,87,0.6072,0,0
NEU-007476,TreatmentB,B03,117.39,-65.79,139.7,11.58,75.1,-41.44,1.262,65.2,85,0.4851,1,1
NEU-007477,Control,B01,102.78,-59.67,315.3,16.64,69.1,-37.28,1.096,26.0,86,0.4527,0,0
NEU-007478,TreatmentB,B02,96.36,-59.94,267.9,13.6,79.9,-42.78,0.653,57.9,80,0.6923,1,1
NEU-007479,TreatmentB,B01,98.63,-62.12,357.1,10.18,55.6,-41.34,1.27,65.0,87,0.2339,0,1
NEU-007480,TreatmentB,B03,121.2,-72.21,252.4,4.1,96.2,-39.9,0.81,50.5,108,0.3674,1,0
NEU-007481,TreatmentA,B01,123.72,-62.25,78.2,12.8,180.2,-49.37,0.781,74.7,86,0.43,1,1
NEU-007482,TreatmentB,B03,101.22,-69.91,185.3,12.58,100.3,-43.96,0.801,51.8,81,0.5102,1,1
NEU-007483,TreatmentA,B03,112.58,-55.19,335.3,12.96,176.5,-42.25,1.681,69.2,83,0.215,1,0
NEU-007484,TreatmentA,B01,81.79,-63.65,75.6,23.62,121.9,-41.63,0.881,38.7,103,0.2997,1,0
NEU-007485,TreatmentB,B03,66.48,-68.02,211.1,14.34,161.3,-45.39,1.668,51.4,86,0.4678,1,1
NEU-007486,TreatmentB,B03,85.53,-67.97,128.6,17.22,123.5,-39.6,1.146,51.2,100,0.6355,0,1
NEU-007487,TreatmentA,B03,106.9,-66.64,138.4,11.68,115.9,-43.4,1.505,46.0,84,0.3748,1,1
NEU-007488,Control,B02,85.46,-66.98,219.2,10.29,113.1,-45.46,0.682,40.0,104,0.3699,0,1
NEU-007489,TreatmentB,B02,101.25,-76.01,310.1,19.11,66.3,-39.93,0.79,70.3,97,0.4521,1,0
NEU-007490,TreatmentB,B02,109.62,-73.85,158.7,16.81,8.0,-42.27,1.113,53.5,90,0.3758,1,0
NEU-007491,Control,B02,116.23,-71.17,200.3,12.52,112.5,-46.1,0.906,28.9,73,0.3784,0,0
NEU-007492,Control,B02,92.63,-58.29,152.7,10.7,79.5,-41.44,1.236,20.9,80,0.6811,1,0
NEU-007493,TreatmentB,B03,122.7,-58.65,121.9,6.59,93.0,-40.49,1.244,78.3,70,0.2902,1,1
NEU-007494,TreatmentA,B01,122.55,-66.17,207.4,8.3,74.9,-42.61,1.307,56.0,92,0.37,0,1
NEU-007495,TreatmentA,B01,84.72,-71.88,162.7,9.54,160.4,-32.1,0.964,17.3,74,0.2284,0,0
NEU-007496,Control,B02,78.9,-66.2,470.6,8.9,152.4,-40.38,0.993,30.9,98,0.6521,0,1
NEU-007497,Control,B02,95.83,-60.1,209.4,9.82,158.0,-44.4,1.225,19.7,68,0.4638,1,0
NEU-007498,TreatmentA,B02,93.77,-70.46,206.9,15.66,113.8,-47.5,0.929,42.5,83,0.2354,0,1
NEU-007499,Control,B01,94.04,-63.78,202.2,13.07,132.3,-43.72,0.867,35.4,73,0.3027,1,1
NEU-007500,TreatmentA,B02,69.95,-68.69,463.7,9.62,120.0,-35.18,1.364,49.1,110,0.5308,0,0
NEU-007501,TreatmentB,B03,82.9,-65.75,232.4,7.44,40.0,-44.92,0.903,63.0,80,0.2444,0,1
NEU-007502,TreatmentA,B03,92.97,-67.56,232.3,14.7,63.3,-44.95,1.317,52.2,81,0.3514,1,1
NEU-007503,TreatmentB,B03,101.42,-64.65,217.3,9.46,101.8,-47.0,1.122,31.2,90,0.2847,0,1
NEU-007504,Control,B03,100.67,-61.25,262.9,10.06,185.2,-31.89,1.019,40.9,90,0.4033,0,1
NEU-007505,TreatmentB,B03,114.79,-62.05,272.3,8.35,32.4,-38.58,1.05,54.8,89,0.5298,1,0
NEU-007506,TreatmentA,B02,89.53,-69.71,179.1,9.29,35.9,-51.03,1.29,47.2,86,0.3383,0,1
NEU-007507,TreatmentB,B02,96.54,-56.79,188.8,9.42,111.7,-37.56,1.407,79.6,85,0.3426,0,0
NEU-007508,Control,B02,93.66,-67.46,314.4,38.16,122.7,-40.57,0.919,56.2,93,0.5998,0,1
NEU-007509,TreatmentB,B02,92.52,-70.69,120.8,20.57,71.5,-41.51,1.405,57.7,79,0.2833,1,0
NEU-007510,Control,B03,121.44,-67.91,391.2,27.33,176.2,-44.55,1.455,22.0,81,0.3722,0,1
NEU-007511,TreatmentB,B01,99.84,-64.78,257.3,12.6,102.4,-39.44,1.115,41.9,82,0.6183,0,0
NEU-007512,TreatmentB,B02,107.98,-61.22,113.2,15.7,79.7,-35.63,1.148,53.6,75,0.7131,1,1
NEU-007513,TreatmentA,B03,92.47,-65.04,250.7,12.84,133.3,-48.16,0.912,30.9,88,0.4053,0,1
NEU-007514,TreatmentB,B01,105.65,-66.33,91.7,8.83,78.5,-43.53,0.876,65.1,99,0.4855,1,0
NEU-007515,TreatmentB,B01,87.64,-67.62,177.9,19.7,61.7,-40.45,1.265,50.1,96,0.6759,0,1
NEU-007516,TreatmentA,B02,98.44,-55.55,268.9,3.95,80.3,-45.03,1.073,42.6,92,0.2621,1,1
NEU-007517,Control,B03,114.51,-63.26,372.2,13.29,181.7,-45.22,1.475,49.7,78,0.4318,0,1
NEU-007518,TreatmentA,B03,98.78,-69.75,95.8,17.32,129.2,-41.97,1.23,34.1,82,0.3322,0,0
NEU-007519,TreatmentB,B03,105.67,-62.2,286.3,5.85,94.2,-41.8,1.208,56.8,92,0.42,0,1
NEU-007520,TreatmentB,B03,93.89,-67.19,256.1,14.01,64.9,-49.45,0.856,48.1,87,0.3197,0,1
NEU-007521,TreatmentB,B01,94.84,-66.71,78.4,30.71,59.6,-49.8,1.028,53.6,102,0.1431,1,0
NEU-007522,TreatmentA,B02,103.89,-70.67,182.9,21.32,60.6,-43.74,1.589,50.9,79,0.3836,1,1
NEU-007523,TreatmentA,B03,123.19,-68.24,145.7,16.27,52.1,-40.96,0.98,50.5,95,0.5947,1,1
NEU-007524,TreatmentA,B03,101.4,-60.88,191.6,10.24,113.7,-40.13,0.791,48.5,92,0.7704,0,0
NEU-007525,Control,B02,119.23,-68.31,240.5,21.02,136.6,-40.46,1.385,34.9,76,0.4068,1,0
NEU-007526,TreatmentB,B02,84.75,-60.77,382.5,12.58,81.0,-41.36,1.47,73.0,87,0.2636,0,0
NEU-007527,TreatmentA,B03,98.54,-71.71,229.1,19.43,66.4,-34.7,0.935,52.5,89,0.512,1,1
NEU-007528,TreatmentA,B02,104.78,-57.79,269.2,10.96,114.5,-40.41,1.441,40.9,79,0.1956,1,0
NEU-007529,TreatmentA,B02,117.27,-71.91,207.6,16.03,110.1,-42.26,1.455,81.0,79,0.1218,1,0
NEU-007530,TreatmentB,B02,108.34,-74.27,172.0,11.56,140.7,-45.17,1.799,57.1,74,0.4202,1,0
NEU-007531,TreatmentB,B03,91.96,-63.55,153.4,10.19,105.3,-37.66,1.452,81.4,80,0.3785,1,1
NEU-007532,Control,B02,134.39,-56.69,146.2,14.71,115.9,-42.65,0.592,54.0,81,0.3033,0,0
NEU-007533,TreatmentA,B02,119.6,-71.29,357.5,10.58,134.4,-37.03,0.883,26.5,75,0.2751,0,1
NEU-007534,Control,B02,110.27,-68.6,170.9,32.2,153.8,-42.93,1.777,79.0,100,0.5879,1,1
NEU-007535,Control,B03,116.47,-58.86,252.8,15.63,83.9,-42.37,0.804,42.2,92,0.3856,1,0
NEU-007536,TreatmentA,B03,85.34,-76.54,297.3,18.12,54.0,-43.86,0.7,59.8,94,0.4396,0,0
NEU-007537,Control,B03,128.52,-66.06,274.0,15.86,98.3,-42.42,1.158,55.3,89,0.2075,1,1
NEU-007538,Control,B02,107.89,-61.09,140.3,11.89,155.4,-39.08,1.337,47.3,83,0.6161,1,0
NEU-007539,TreatmentB,B02,66.56,-60.45,198.8,10.93,105.5,-44.97,1.216,61.4,76,0.185,1,1
NEU-007540,TreatmentB,B03,121.08,-60.71,165.0,21.13,102.8,-39.52,1.201,61.3,81,0.4474,0,1
NEU-007541,Control,B02,85.13,-69.82,281.4,7.14,110.6,-46.01,1.214,28.3,82,0.3679,0,1
NEU-007542,Control,B03,139.42,-60.18,123.9,15.88,125.6,-41.52,1.324,47.9,89,0.396,1,0
NEU-007543,Control,B03,114.43,-60.46,134.2,11.6,166.5,-42.26,1.058,58.4,89,0.2162,1,1
NEU-007544,TreatmentB,B02,100.27,-62.93,112.0,13.77,99.4,-43.34,2.009,73.4,74,0.2872,1,1
NEU-007545,Control,B02,87.2,-56.42,108.9,15.21,213.3,-35.27,0.778,31.9,78,0.4112,1,0
NEU-007546,TreatmentB,B03,119.88,-71.01,154.6,12.07,61.3,-44.59,0.946,70.9,98,0.3375,0,0
NEU-007547,TreatmentB,B03,111.39,-74.84,100.5,37.44,83.1,-41.81,0.848,56.5,68,0.4096,0,0
NEU-007548,TreatmentA,B02,88.28,-74.06,478.0,6.97,35.3,-45.41,0.748,58.0,94,0.4061,0,0
NEU-007549,TreatmentB,B02,109.34,-63.18,148.1,7.63,63.2,-34.37,1.019,56.0,88,0.4988,0,0
NEU-007550,TreatmentA,B02,105.21,-69.17,115.6,14.35,118.4,-43.28,1.421,43.6,82,0.5489,1,0
NEU-007551,TreatmentA,B03,111.16,-60.36,148.5,12.97,86.1,-35.18,1.569,32.5,86,0.2571,1,0
NEU-007552,Control,B03,100.25,-58.43,125.2,14.35,94.1,-42.1,0.851,9.4,85,0.539,0,0
NEU-007553,Control,B01,88.72,-68.93,161.1,16.16,113.7,-38.92,1.222,55.8,87,0.5516,1,1
NEU-007554,Control,B03,106.43,-71.64,151.4,18.3,101.1,-43.19,1.127,33.1,93,0.3563,0,0
NEU-007555,TreatmentA,B02,98.41,-64.46,533.0,9.77,166.1,-40.16,1.1,51.2,85,0.3943,0,1
NEU-007556,TreatmentA,B01,117.53,-68.53,241.3,29.21,164.5,-40.87,1.413,27.1,84,0.3217,0,0
NEU-007557,TreatmentA,B01,94.9,-73.06,308.7,10.04,89.5,-47.07,1.589,25.8,89,0.2384,0,1
NEU-007558,TreatmentA,B02,120.43,-62.72,103.6,13.22,75.5,-43.81,1.511,47.1,80,0.4669,0,1
NEU-007559,Control,B03,103.24,-63.54,268.4,7.7,122.6,-50.27,0.803,38.0,85,0.4947,1,0
NEU-007560,TreatmentB,B01,89.85,-58.04,162.8,13.0,67.4,-43.84,0.861,65.3,98,0.4651,0,0
NEU-007561,TreatmentB,B03,114.6,-71.79,196.6,6.73,101.6,-43.25,1.113,58.9,94,0.4015,1,0
NEU-007562,TreatmentA,B01,102.66,-64.38,156.0,4.91,110.4,-30.03,1.534,8.5,96,0.2052,0,1
NEU-007563,Control,B02,99.05,-58.95,185.7,18.83,71.7,-32.33,1.053,30.5,91,0.4439,0,1
NEU-007564,TreatmentB,B01,117.8,-65.0,124.7,11.6,41.6,-47.41,1.055,57.3,77,0.6063,0,1
NEU-007565,Control,B03,113.86,-61.82,161.0,12.94,148.9,-44.43,0.874,40.4,79,0.3045,0,1
NEU-007566,TreatmentB,B01,105.17,-58.94,187.7,15.25,31.7,-46.66,0.734,73.8,78,0.4845,1,0
NEU-007567,TreatmentA,B02,90.95,-64.61,339.0,30.97,100.9,-53.12,0.984,59.0,72,0.5121,0,1
NEU-007568,Control,B03,90.55,-63.95,289.1,10.05,89.0,-42.71,1.413,55.1,89,0.3093,0,1
NEU-007569,TreatmentB,B03,91.54,-68.72,202.5,7.34,86.3,-39.7,0.834,84.5,80,0.3566,0,0
NEU-007570,TreatmentB,B03,103.46,-76.26,155.3,14.16,127.5,-36.93,1.172,59.2,85,0.2133,1,0
NEU-007571,TreatmentA,B03,104.55,-57.11,137.4,11.95,171.5,-39.78,0.824,54.8,90,0.6629,1,0
NEU-007572,TreatmentB,B02,100.33,-54.68,115.5,13.16,24.1,-46.81,0.815,65.1,76,0.4125,1,0
NEU-007573,Control,B01,82.62,-63.48,272.3,24.54,143.8,-40.98,1.475,32.1,96,0.2602,0,0
NEU-007574,TreatmentB,B03,120.27,-62.1,248.2,16.76,89.0,-48.7,1.515,35.7,85,0.3431,0,0
NEU-007575,TreatmentB,B01,108.43,-57.44,351.3,16.15,103.8,-44.7,0.823,51.2,74,0.3739,0,0
NEU-007576,Control,B03,124.5,-66.33,302.2,10.24,168.8,-49.31,1.059,43.0,90,0.4816,0,1
NEU-007577,TreatmentA,B02,88.58,-68.37,169.3,20.7,104.5,-33.44,1.204,66.5,80,0.4244,1,1
NEU-007578,TreatmentA,B01,105.42,-59.85,202.2,10.22,115.3,-43.76,1.554,58.7,79,0.4003,1,0
NEU-007579,Control,B03,81.64,-72.17,264.2,24.49,74.5,-44.02,1.456,57.6,77,0.5411,1,1
NEU-007580,TreatmentA,B01,96.7,-69.03,154.5,9.16,141.6,-46.33,0.818,33.3,86,0.3264,0,1
NEU-007581,Control,B03,75.83,-66.78,115.3,13.51,157.4,-45.11,1.455,60.8,107,0.6791,1,1
NEU-007582,Control,B03,100.05,-56.21,121.0,17.32,118.3,-39.45,1.146,35.2,92,0.1813,0,0
NEU-007583,Control,B03,105.81,-70.71,219.3,13.44,187.9,-39.29,1.131,9.3,82,0.3347,0,0
NEU-007584,TreatmentB,B01,119.34,-64.72,128.4,9.53,10.9,-46.43,1.482,68.4,100,0.7327,0,0
NEU-007585,TreatmentB,B03,97.67,-57.1,205.4,7.65,51.9,-38.46,1.487,52.3,97,0.4254,1,0
NEU-007586,TreatmentA,B02,90.0,-64.99,171.3,17.5,48.4,-34.63,1.038,30.4,89,0.4994,1,1
NEU-007587,TreatmentA,B01,69.5,-65.48,94.2,11.35,187.2,-41.83,0.866,53.0,84,0.2891,1,1
NEU-007588,TreatmentB,B02,104.76,-73.62,407.5,12.69,76.4,-42.51,2.177,54.5,86,0.2257,1,0
NEU-007589,TreatmentB,B01,88.18,-70.58,391.9,8.7,79.3,-35.3,1.184,57.9,76,0.6056,1,0
NEU-007590,TreatmentB,B03,101.53,-62.53,343.1,15.97,134.0,-39.46,1.089,42.0,62,0.3057,0,0
NEU-007591,TreatmentB,B01,94.25,-63.55,199.4,11.44,117.0,-41.49,0.764,50.6,85,0.3683,0,1
NEU-007592,TreatmentB,B03,115.63,-65.79,78.1,11.51,15.7,-46.58,1.248,55.1,106,0.2312,1,1
NEU-007593,TreatmentB,B02,96.53,-70.53,73.6,8.4,139.6,-44.72,1.214,64.3,78,0.1645,1,1
NEU-007594,TreatmentB,B02,74.39,-58.16,254.6,27.0,74.0,-41.22,0.898,48.3,91,0.4795,0,0
NEU-007595,Control,B02,116.03,-67.24,156.2,13.09,93.9,-48.39,0.997,45.4,106,0.3823,1,0
NEU-007596,Control,B03,103.24,-69.75,232.4,12.77,125.5,-45.96,1.207,42.5,78,0.4357,1,0
NEU-007597,TreatmentA,B02,90.33,-55.74,153.2,12.39,82.7,-39.81,1.472,55.2,96,0.6811,1,0
NEU-007598,TreatmentA,B02,96.5,-69.28,402.2,9.71,62.8,-41.94,1.107,34.6,70,0.4595,0,1
NEU-007599,TreatmentB,B02,133.4,-65.55,111.9,3.33,131.7,-47.36,1.528,57.6,89,0.6592,1,0
NEU-007600,Control,B03,81.99,-62.08,540.5,11.58,81.1,-45.63,0.625,48.6,114,0.2829,0,1
NEU-007601,Control,B03,83.06,-61.23,242.6,5.16,80.2,-44.21,1.707,63.1,81,0.4565,1,1
NEU-007602,TreatmentB,B02,102.26,-68.63,447.5,18.78,155.2,-36.69,1.858,56.3,72,0.2913,1,1
NEU-007603,Control,B01,73.85,-59.62,366.0,11.05,123.4,-42.07,0.636,67.1,77,0.5176,1,0
NEU-007604,TreatmentA,B03,121.76,-76.55,165.8,14.17,92.2,-46.01,0.871,3.6,105,0.3576,0,0
NEU-007605,TreatmentB,B02,83.91,-67.77,157.3,11.91,113.7,-47.15,1.505,56.6,100,0.3238,1,1
NEU-007606,Control,B03,114.67,-64.3,450.2,26.15,121.8,-53.17,1.479,36.7,101,0.3648,0,1
NEU-007607,TreatmentA,B03,66.75,-62.43,243.7,11.77,99.6,-38.52,1.356,55.1,87,0.4771,1,0
NEU-007608,Control,B02,95.97,-65.24,209.1,24.44,133.7,-43.02,2.27,11.4,82,0.3686,0,1
NEU-007609,TreatmentA,B01,93.06,-63.85,319.7,24.19,109.9,-45.64,1.241,41.2,78,0.1948,0,0
NEU-007610,TreatmentA,B02,120.56,-62.31,187.6,5.08,110.8,-42.29,0.806,36.4,109,0.2203,0,1
NEU-007611,Control,B01,125.13,-69.89,157.8,12.54,168.6,-39.91,1.334,41.7,75,0.2613,0,1
NEU-007612,TreatmentB,B03,95.85,-58.7,157.6,18.49,125.2,-40.07,1.137,73.3,98,0.1926,1,0
NEU-007613,TreatmentB,B01,111.62,-59.1,109.4,13.18,86.4,-44.74,0.994,67.0,77,0.6232,1,0
NEU-007614,Control,B02,78.25,-63.38,120.4,12.32,89.7,-34.81,1.794,44.1,103,0.341,1,1
NEU-007615,Control,B03,94.15,-72.62,244.7,15.04,109.2,-45.43,0.581,29.1,67,0.1255,0,0
NEU-007616,TreatmentB,B03,99.24,-58.21,154.4,8.55,110.2,-34.61,0.953,46.6,88,0.4235,1,0
NEU-007617,TreatmentA,B02,104.13,-63.74,84.6,12.8,125.7,-49.62,1.127,18.3,91,0.1971,0,1
NEU-007618,TreatmentA,B02,77.91,-53.05,134.9,14.06,22.4,-36.97,1.221,38.2,87,0.438,1,0
NEU-007619,Control,B02,107.94,-66.18,402.1,17.8,79.8,-43.54,1.039,34.8,86,0.5011,0,1
NEU-007620,Control,B03,85.18,-70.82,288.5,7.31,185.9,-46.17,1.361,28.4,84,0.5666,1,0
NEU-007621,Control,B02,65.12,-64.83,248.3,23.6,123.8,-41.71,0.987,39.4,89,0.5435,0,1
NEU-007622,TreatmentB,B01,91.99,-66.76,251.3,19.65,122.8,-35.15,1.129,71.9,83,0.6912,1,1
NEU-007623,TreatmentA,B02,96.71,-64.23,218.8,18.25,52.2,-47.55,0.793,58.1,79,0.4653,1,1
NEU-007624,Control,B03,102.73,-55.64,166.7,22.86,142.5,-37.18,0.757,37.7,70,0.2052,0,0
NEU-007625,Control,B03,106.74,-55.56,359.4,7.43,131.9,-41.65,1.106,18.2,84,0.4505,0,0
NEU-007626,Control,B01,105.82,-64.17,233.8,27.61,165.2,-38.66,1.135,42.6,98,0.4121,0,1
NEU-007627,Control,B03,109.34,-60.87,128.8,11.36,109.4,-39.77,1.688,48.4,87,0.2684,1,1
NEU-007628,TreatmentB,B02,113.52,-56.43,223.2,13.69,142.0,-38.36,1.152,62.0,95,0.3291,1,0
NEU-007629,TreatmentA,B02,82.94,-58.87,221.0,10.61,152.3,-49.82,0.563,42.8,92,0.4342,0,0
NEU-007630,TreatmentA,B03,90.95,-70.58,162.8,10.76,145.4,-46.32,1.02,49.0,79,0.3332,1,1
NEU-007631,Control,B02,129.13,-69.39,117.2,12.24,143.8,-36.05,1.201,38.5,92,0.7428,1,0
NEU-007632,Control,B03,106.11,-61.12,327.2,20.66,114.3,-38.1,1.06,42.4,100,0.537,0,1
NEU-007633,TreatmentB,B02,108.71,-62.32,149.9,14.9,66.7,-44.62,0.992,42.4,81,0.504,0,1
NEU-007634,TreatmentA,B03,90.66,-70.97,205.4,11.03,77.5,-41.14,0.761,47.0,80,0.5708,0,0
NEU-007635,Control,B02,113.84,-57.03,326.0,17.64,99.5,-39.42,1.037,41.8,83,0.2867,0,0
NEU-007636,TreatmentA,B03,93.94,-69.97,75.9,13.68,83.0,-39.48,1.949,43.2,81,0.5986,1,1
NEU-007637,Control,B01,94.2,-70.5,243.8,11.19,129.4,-46.84,1.652,17.4,90,0.4264,1,1
NEU-007638,Control,B02,92.16,-71.34,93.2,12.0,71.5,-39.23,1.072,27.2,87,0.5312,1,0
NEU-007639,Control,B02,100.21,-55.27,146.7,22.36,102.4,-38.18,1.335,22.0,99,0.2084,1,0
NEU-007640,TreatmentB,B01,93.28,-75.9,210.2,20.39,157.4,-45.78,0.909,64.2,84,0.3751,1,0
NEU-007641,Control,B03,98.32,-59.97,93.8,9.29,162.0,-38.54,0.732,34.4,89,0.1319,0,1
NEU-007642,TreatmentB,B01,86.54,-59.65,221.1,13.82,165.9,-46.0,1.037,49.0,83,0.3033,0,1
NEU-007643,TreatmentB,B01,89.29,-67.12,149.2,11.24,23.1,-31.71,0.937,58.3,90,0.5038,1,1
NEU-007644,Control,B02,109.98,-65.79,280.5,14.71,74.9,-45.03,1.08,49.6,103,0.4152,0,1
NEU-007645,TreatmentA,B02,113.77,-66.86,207.6,26.43,104.0,-41.61,1.125,40.9,79,0.3703,0,1
NEU-007646,TreatmentA,B01,111.29,-66.47,224.3,18.04,135.9,-37.72,1.113,38.0,76,0.4379,0,1
NEU-007647,Control,B02,81.35,-57.63,90.9,14.15,189.5,-44.41,1.088,66.2,90,0.2998,1,0
NEU-007648,Control,B01,101.07,-60.56,268.2,16.38,67.9,-49.59,0.679,40.2,81,0.3007,0,0
NEU-007649,TreatmentB,B01,90.72,-58.36,255.2,16.41,35.9,-37.54,0.796,40.1,81,0.3672,0,0
NEU-007650,TreatmentA,B03,103.69,-61.06,102.3,12.73,67.1,-47.28,1.183,48.5,77,0.4659,1,1
NEU-007651,Control,B03,92.06,-78.69,155.0,18.78,162.6,-43.85,0.855,33.8,102,0.5184,0,0
NEU-007652,TreatmentB,B03,62.88,-64.67,99.9,14.07,86.0,-42.18,0.912,73.1,78,0.567,1,1
NEU-007653,TreatmentA,B01,97.33,-59.74,200.1,11.96,103.0,-45.81,0.772,69.8,78,0.7133,1,0
NEU-007654,TreatmentB,B01,130.66,-77.08,117.8,8.69,49.6,-29.77,0.754,33.9,73,0.3575,1,0
NEU-007655,Control,B02,99.39,-61.0,331.4,30.84,162.9,-46.66,1.109,48.1,94,0.5566,0,1
NEU-007656,Control,B01,103.54,-68.43,286.1,10.51,140.8,-48.15,0.591,44.0,97,0.4898,0,1
NEU-007657,TreatmentA,B02,91.0,-64.65,112.5,12.68,89.0,-51.34,0.822,79.5,84,0.2666,1,1
NEU-007658,TreatmentB,B03,102.5,-57.17,298.0,16.73,107.3,-37.12,0.945,36.5,91,0.5565,1,1
NEU-007659,Control,B03,71.94,-61.01,171.4,15.48,75.6,-40.1,0.867,23.7,89,0.5178,0,1
NEU-007660,Control,B03,90.62,-65.17,120.9,22.51,99.8,-41.29,1.136,12.5,86,0.4541,0,1
NEU-007661,TreatmentA,B01,111.04,-66.67,188.3,12.23,141.1,-44.91,1.142,62.8,97,0.1981,1,1
NEU-007662,Control,B02,105.07,-72.42,167.6,21.9,181.3,-41.52,1.041,52.6,64,0.4415,0,0
NEU-007663,TreatmentB,B02,91.56,-62.67,147.9,22.14,92.5,-41.3,1.233,50.6,72,0.325,1,0
NEU-007664,Control,B03,92.99,-75.55,131.6,10.97,156.7,-35.34,1.587,48.8,99,0.304,1,0
NEU-007665,Control,B01,94.3,-65.69,142.9,15.94,94.5,-40.61,1.132,51.9,80,0.3753,1,1
NEU-007666,Control,B01,126.34,-71.2,132.8,9.56,90.0,-38.96,0.603,53.0,98,0.2046,0,1
NEU-007667,Control,B02,74.56,-70.3,264.3,18.82,120.3,-44.31,0.828,34.6,83,0.4919,0,1
NEU-007668,TreatmentB,B02,106.33,-66.18,298.0,11.98,106.7,-46.66,0.628,44.9,87,0.2087,0,1
NEU-007669,TreatmentB,B03,91.56,-69.27,125.0,15.37,75.5,-51.85,0.743,39.2,87,0.5897,0,1
NEU-007670,TreatmentB,B01,101.28,-67.23,181.2,14.64,87.2,-43.36,0.848,60.5,93,0.3426,0,1
NEU-007671,TreatmentB,B03,112.93,-61.95,83.6,28.45,27.3,-43.31,1.198,40.2,82,0.4455,1,1
NEU-007672,Control,B01,104.77,-69.43,133.2,24.54,168.5,-42.27,0.888,42.2,83,0.2677,0,0
NEU-007673,TreatmentA,B01,128.8,-65.91,150.5,13.23,96.8,-44.44,1.124,51.6,72,0.6605,1,1
NEU-007674,Control,B03,88.26,-65.67,232.7,12.29,139.5,-51.24,0.906,35.1,92,0.1183,0,1
NEU-007675,TreatmentB,B03,99.94,-62.49,188.3,8.24,119.9,-46.25,1.079,39.8,93,0.2515,0,1
NEU-007676,TreatmentA,B01,108.55,-66.25,187.9,19.94,87.6,-39.98,1.258,34.3,82,0.3801,1,0
NEU-007677,TreatmentA,B01,92.91,-67.5,203.1,10.16,109.9,-44.46,0.823,34.8,97,0.462,1,1
NEU-007678,TreatmentA,B02,91.34,-57.99,244.9,15.33,121.3,-47.17,0.93,26.6,78,0.2884,0,0
NEU-007679,TreatmentB,B03,91.15,-66.28,96.5,9.49,127.1,-45.06,1.006,54.2,78,0.3604,0,1
NEU-007680,Control,B02,125.63,-76.35,246.6,13.29,164.3,-37.15,1.063,32.6,91,0.4293,0,0
NEU-007681,TreatmentB,B03,91.85,-55.47,127.0,11.63,62.2,-43.13,1.188,37.5,89,0.2444,0,0
NEU-007682,TreatmentA,B01,91.81,-62.22,115.8,6.32,179.1,-43.1,1.693,44.6,85,0.0836,1,1
NEU-007683,TreatmentA,B03,104.0,-69.07,233.4,10.96,123.1,-39.26,1.605,50.6,86,0.5921,1,0
NEU-007684,Control,B03,102.58,-75.66,88.0,7.85,109.8,-41.33,0.814,31.1,81,0.3736,0,0
NEU-007685,TreatmentA,B01,91.91,-69.7,144.1,18.05,117.9,-47.62,0.943,52.8,69,0.3628,1,0
NEU-007686,Control,B03,104.12,-65.98,330.1,11.38,104.4,-27.95,1.742,40.6,90,0.3413,0,1
NEU-007687,TreatmentA,B01,108.08,-64.88,163.4,11.48,158.2,-43.57,1.239,60.7,84,0.5954,1,0
NEU-007688,Control,B03,98.4,-68.31,154.4,14.38,177.8,-36.42,0.669,31.4,95,0.4906,1,1
NEU-007689,TreatmentA,B01,90.99,-66.06,83.1,13.5,143.4,-34.31,1.245,43.5,89,0.6154,1,1
NEU-007690,Control,B03,81.29,-72.03,173.2,7.88,148.3,-43.98,1.589,11.5,97,0.2808,0,1
NEU-007691,TreatmentB,B03,105.52,-71.29,412.7,14.24,70.5,-46.42,1.001,41.2,108,0.6259,0,1
NEU-007692,TreatmentA,B02,83.44,-61.93,252.1,10.02,134.8,-39.42,1.226,51.0,98,0.493,0,0
NEU-007693,TreatmentA,B02,79.05,-65.88,552.7,8.67,85.4,-47.74,1.064,54.8,91,0.3582,0,1
NEU-007694,TreatmentA,B03,65.72,-69.45,275.1,7.65,90.4,-43.45,1.237,45.0,93,0.5352,1,0
NEU-007695,Control,B02,100.17,-61.28,189.1,24.63,115.6,-43.4,0.921,29.2,102,0.4564,0,1
NEU-007696,TreatmentB,B03,88.88,-63.9,124.1,14.55,47.3,-43.39,0.886,50.9,77,0.4116,1,0
NEU-007697,Control,B03,84.98,-67.21,261.5,15.52,137.3,-42.24,0.983,16.2,96,0.4102,0,1
NEU-007698,TreatmentA,B02,92.64,-70.91,111.5,15.11,158.1,-39.39,0.875,63.3,74,0.4287,1,0
NEU-007699,Control,B01,101.54,-60.39,301.8,12.03,194.5,-40.23,0.987,15.2,92,0.3177,0,1
NEU-007700,TreatmentA,B01,98.8,-59.66,171.2,22.84,167.5,-41.19,0.653,66.8,88,0.1787,0,0
NEU-007701,TreatmentA,B03,101.0,-62.45,191.1,15.06,68.7,-36.37,0.858,66.1,94,0.5731,1,0
NEU-007702,TreatmentA,B03,87.07,-67.41,113.6,17.73,32.9,-44.94,0.766,49.2,92,0.1796,1,0
NEU-007703,TreatmentB,B02,108.69,-62.38,121.7,12.98,81.1,-38.14,1.092,59.8,100,0.4483,1,1
NEU-007704,Control,B03,82.74,-66.68,258.8,16.81,155.0,-46.62,1.328,29.7,94,0.2778,0,0
NEU-007705,Control,B03,114.5,-71.53,267.4,18.3,179.4,-36.74,1.09,22.0,99,0.4334,0,1
NEU-007706,Control,B01,99.35,-73.41,111.4,10.64,179.0,-43.56,0.586,12.5,71,0.4526,0,0
NEU-007707,Control,B01,111.74,-57.1,213.4,14.27,107.9,-40.32,1.155,43.3,85,0.4507,0,0
NEU-007708,TreatmentA,B02,100.27,-68.72,321.5,18.43,110.9,-50.72,1.04,68.0,74,0.4972,1,1
NEU-007709,TreatmentB,B01,65.06,-65.45,118.9,12.01,62.1,-46.91,0.74,68.0,83,0.2407,1,1
NEU-007710,TreatmentA,B03,154.56,-71.65,169.0,11.13,30.2,-37.76,1.056,54.9,72,0.2718,1,1
NEU-007711,Control,B02,106.69,-63.22,250.5,22.54,51.7,-37.77,1.411,28.3,77,0.3038,0,1
NEU-007712,TreatmentA,B02,106.16,-63.73,162.7,10.85,63.2,-43.36,1.254,50.2,81,0.828,1,0
NEU-007713,TreatmentB,B02,90.27,-75.46,97.1,29.11,54.6,-41.33,1.168,29.7,73,0.1588,1,0
NEU-007714,TreatmentA,B03,110.12,-57.97,175.9,14.23,166.4,-45.76,1.107,45.8,74,0.5189,0,0
NEU-007715,TreatmentB,B01,84.72,-71.15,126.7,15.98,75.9,-45.09,1.473,50.9,77,0.2285,1,0
NEU-007716,TreatmentB,B02,79.99,-51.68,205.0,35.49,117.6,-35.84,0.915,52.5,97,0.3332,0,0
NEU-007717,TreatmentA,B01,112.16,-55.17,343.2,22.94,31.9,-45.25,1.227,51.6,89,0.1191,0,0
NEU-007718,Control,B03,99.57,-60.18,171.6,17.05,201.6,-42.91,0.676,53.1,70,0.1088,1,0
NEU-007719,Control,B02,104.18,-53.75,280.7,12.55,209.2,-43.92,0.84,38.0,84,0.3524,0,0
NEU-007720,TreatmentB,B03,97.88,-71.95,250.6,6.48,93.9,-41.49,1.472,59.5,95,0.5257,1,0
NEU-007721,TreatmentB,B03,117.69,-65.12,253.4,12.21,45.4,-40.75,1.469,66.7,81,0.7007,1,1
NEU-007722,TreatmentA,B03,91.85,-55.93,202.4,16.44,145.1,-38.29,1.319,31.5,73,0.3031,0,0
NEU-007723,TreatmentA,B01,111.35,-68.31,238.0,7.26,89.2,-52.71,0.962,39.3,77,0.7326,1,0
NEU-007724,TreatmentA,B01,95.96,-70.71,505.1,11.31,155.9,-37.32,1.229,58.6,77,0.4256,0,0
NEU-007725,Control,B02,75.14,-72.56,216.1,9.17,102.7,-42.19,0.615,27.4,92,0.4103,0,0
NEU-007726,TreatmentA,B03,90.31,-69.19,308.1,24.58,176.5,-48.64,1.088,53.1,84,0.2017,0,0
NEU-007727,TreatmentB,B01,94.12,-55.13,377.7,14.79,103.9,-46.19,1.111,53.3,84,0.4881,0,0
NEU-007728,Control,B02,85.34,-67.67,239.0,12.79,140.4,-47.58,1.433,31.1,83,0.4913,1,1
NEU-007729,TreatmentB,B03,96.29,-67.7,196.8,9.31,119.8,-44.53,1.438,41.1,85,0.3518,1,1
NEU-007730,Control,B03,89.43,-61.69,150.7,16.41,102.0,-39.63,1.61,31.4,106,0.179,1,0
NEU-007731,TreatmentB,B02,81.06,-64.96,200.3,21.5,91.0,-39.01,1.488,59.8,80,0.1216,0,0
NEU-007732,Control,B03,138.25,-61.2,151.9,11.94,140.9,-47.87,0.934,22.6,79,0.3245,0,1
NEU-007733,TreatmentB,B03,111.54,-65.97,417.1,7.06,86.2,-40.19,1.403,70.8,95,0.1458,1,1
NEU-007734,TreatmentB,B01,92.18,-75.14,83.5,20.19,108.6,-34.94,1.195,36.0,89,0.3797,0,0
NEU-007735,TreatmentB,B03,92.21,-66.39,280.7,13.31,70.6,-43.81,0.962,56.4,93,0.4712,0,0
NEU-007736,Control,B01,91.01,-59.29,229.6,8.03,104.9,-50.6,1.271,9.9,82,0.4558,0,0
NEU-007737,TreatmentA,B01,120.6,-65.21,139.4,18.03,137.0,-43.39,1.386,51.0,94,0.4281,1,1
NEU-007738,TreatmentB,B01,92.86,-66.32,226.9,16.14,52.4,-36.87,0.805,60.2,95,0.5536,1,1
NEU-007739,Control,B03,109.51,-64.04,185.3,11.64,141.0,-39.01,1.142,36.5,83,0.35,0,1
NEU-007740,TreatmentA,B02,104.82,-73.22,130.8,14.27,94.4,-40.35,1.439,54.2,98,0.3705,1,0
NEU-007741,Control,B02,106.74,-71.66,351.1,14.25,182.0,-41.38,1.169,42.0,89,0.1872,0,0
NEU-007742,TreatmentB,B01,108.04,-73.11,160.2,5.81,186.6,-39.41,1.277,61.6,95,0.3597,1,1
NEU-007743,TreatmentA,B02,85.07,-65.82,285.8,7.28,21.3,-41.6,1.135,49.4,90,0.27,0,1
NEU-007744,TreatmentB,B01,104.62,-61.88,143.0,19.24,64.0,-46.77,1.252,54.2,86,0.6819,1,1
NEU-007745,TreatmentB,B01,98.47,-59.22,207.2,6.65,86.1,-50.91,1.063,19.1,84,0.4205,0,0
NEU-007746,Control,B02,102.82,-62.3,275.6,11.54,145.7,-43.61,1.37,33.3,99,0.4143,0,0
NEU-007747,Control,B03,100.38,-59.67,112.2,10.61,207.5,-29.57,1.022,36.8,86,0.28,0,1
NEU-007748,TreatmentB,B03,109.79,-62.97,164.5,11.11,41.2,-40.04,1.499,68.2,83,0.4598,1,1
NEU-007749,TreatmentA,B02,95.5,-69.24,168.8,15.24,167.6,-45.33,0.755,59.6,90,0.3502,1,1
NEU-007750,TreatmentA,B01,98.42,-66.15,132.8,14.26,200.3,-42.15,1.46,32.4,61,0.6619,1,1
NEU-007751,TreatmentA,B03,97.59,-77.82,242.1,6.39,84.3,-43.57,1.538,47.3,79,0.2367,1,0
NEU-007752,Control,B03,92.49,-68.36,286.7,19.89,114.3,-46.33,0.732,32.5,81,0.2768,0,1
NEU-007753,Control,B01,91.37,-69.23,386.8,7.87,150.2,-34.22,1.115,32.6,91,0.1846,0,1
NEU-007754,TreatmentA,B01,87.21,-64.26,215.5,18.02,113.9,-41.8,0.812,48.8,90,0.1714,1,0
NEU-007755,TreatmentA,B02,102.14,-61.72,284.5,12.92,78.5,-43.92,1.05,43.7,85,0.4434,0,0
NEU-007756,Control,B01,98.27,-64.4,192.6,15.34,68.2,-38.77,1.201,34.7,83,0.3512,0,1
NEU-007757,TreatmentA,B02,119.23,-65.63,499.9,44.8,124.7,-36.03,1.304,56.7,87,0.2047,1,0
NEU-007758,TreatmentA,B02,89.6,-63.39,138.2,15.46,77.8,-43.74,0.99,45.4,92,0.1724,1,0
NEU-007759,Control,B01,91.35,-58.43,176.6,29.15,104.0,-45.17,1.599,48.1,84,0.466,0,1
NEU-007760,TreatmentB,B02,113.13,-64.26,193.9,14.7,153.7,-38.67,1.032,62.0,83,0.3259,1,1
NEU-007761,TreatmentA,B03,117.19,-62.8,328.2,8.15,76.3,-41.0,0.917,50.3,83,0.515,1,1
NEU-007762,TreatmentA,B02,66.58,-65.48,124.5,20.21,93.5,-52.85,0.838,50.8,90,0.1753,1,0
NEU-007763,TreatmentA,B03,114.17,-62.37,267.1,28.32,118.4,-47.29,0.818,68.6,79,0.2985,1,0
NEU-007764,TreatmentB,B03,83.36,-65.4,246.6,7.77,57.3,-48.01,0.727,60.7,82,0.4893,1,1
NEU-007765,TreatmentB,B01,101.15,-64.86,278.1,7.7,58.4,-39.52,0.777,42.2,88,0.919,0,0
NEU-007766,TreatmentB,B01,100.04,-73.37,204.6,25.88,79.0,-47.52,1.21,42.8,82,0.4795,0,1
NEU-007767,TreatmentA,B01,73.52,-62.3,94.7,17.8,60.6,-38.07,0.974,64.4,68,0.1735,0,0
NEU-007768,TreatmentB,B02,97.94,-61.5,123.0,14.15,68.3,-41.6,1.392,74.8,79,0.4479,1,0
NEU-007769,TreatmentA,B03,104.9,-63.14,98.3,10.64,79.3,-40.36,1.16,74.3,93,0.4363,1,1
NEU-007770,TreatmentB,B01,96.37,-68.59,419.2,18.07,90.8,-42.64,1.461,34.3,75,0.6023,0,1
NEU-007771,TreatmentB,B03,86.88,-71.35,116.4,15.91,42.6,-49.03,0.617,65.8,73,0.1726,1,0
NEU-007772,TreatmentA,B02,130.77,-65.91,233.8,11.93,35.9,-39.84,1.116,52.7,92,0.4898,1,1
NEU-007773,TreatmentB,B03,115.45,-57.95,257.8,10.4,66.9,-40.61,0.783,63.8,95,0.1411,0,1
NEU-007774,Control,B02,95.38,-73.12,147.0,10.73,72.8,-48.2,1.727,38.0,95,0.2869,1,1
NEU-007775,Control,B02,111.19,-70.49,154.4,16.93,115.4,-38.99,1.109,49.0,83,0.2781,0,0
NEU-007776,TreatmentA,B03,104.81,-56.02,171.9,10.18,92.9,-40.62,1.136,74.9,88,0.2614,1,0
NEU-007777,Control,B01,76.35,-67.48,465.5,14.23,77.0,-35.93,1.089,32.4,98,0.665,0,0
NEU-007778,Control,B03,106.99,-55.5,147.4,16.03,88.5,-41.83,0.9,18.4,77,0.5799,0,0
NEU-007779,TreatmentB,B03,115.56,-60.88,130.2,19.25,94.1,-36.67,0.696,36.1,71,0.6495,0,1
NEU-007780,TreatmentA,B02,92.98,-69.5,141.5,16.6,101.2,-43.62,1.095,64.0,70,0.4028,0,0
NEU-007781,TreatmentA,B03,106.08,-70.94,130.9,10.43,131.2,-47.29,1.028,37.1,92,0.2801,0,0
NEU-007782,TreatmentA,B03,122.4,-63.94,259.8,14.64,112.5,-47.85,1.052,41.6,91,0.153,0,0
NEU-007783,TreatmentB,B01,102.02,-65.49,353.1,16.33,120.1,-47.31,1.152,67.8,90,0.4877,1,1
NEU-007784,Control,B03,87.06,-55.27,172.3,15.79,129.4,-50.37,1.86,33.6,83,0.5984,1,0
NEU-007785,TreatmentA,B01,102.93,-64.19,199.0,18.96,51.9,-33.52,1.604,34.3,100,0.5828,0,1
NEU-007786,TreatmentB,B02,111.32,-73.33,218.5,15.96,7.7,-43.56,0.83,68.6,94,0.3888,0,0
NEU-007787,TreatmentA,B01,86.37,-64.51,128.0,11.63,146.6,-42.37,0.746,58.9,77,0.237,0,1
NEU-007788,TreatmentB,B02,93.92,-66.78,189.0,22.77,60.6,-44.08,1.207,69.4,97,0.3843,1,0
NEU-007789,Control,B01,106.56,-65.98,84.6,24.22,190.3,-39.39,1.307,41.6,89,0.5534,1,1
NEU-007790,TreatmentA,B02,98.31,-62.66,133.4,10.81,117.4,-37.5,0.992,51.1,90,0.4821,1,1
NEU-007791,Control,B02,87.65,-69.12,96.0,14.61,107.6,-45.67,1.394,61.1,86,0.4566,1,1
NEU-007792,TreatmentB,B01,120.79,-60.2,143.7,13.62,102.2,-41.06,0.83,48.9,76,0.5078,0,1
NEU-007793,TreatmentA,B02,98.09,-60.04,214.6,18.14,109.6,-41.61,1.628,42.1,85,0.6625,1,1
NEU-007794,TreatmentA,B03,95.02,-70.0,354.6,11.1,102.6,-42.41,1.771,21.8,89,0.6509,0,0
NEU-007795,TreatmentB,B02,115.86,-62.93,165.1,15.22,64.8,-45.07,0.868,78.6,88,0.2155,1,1
NEU-007796,TreatmentB,B03,102.07,-76.45,180.7,16.32,97.3,-43.11,0.923,61.4,85,0.1859,1,0
NEU-007797,TreatmentA,B01,84.51,-68.59,297.0,22.08,142.0,-42.85,0.673,70.5,108,0.3528,1,1
NEU-007798,Control,B02,77.73,-65.54,500.2,11.97,171.6,-40.29,1.661,57.7,80,0.2923,0,1
NEU-007799,Control,B03,92.4,-64.73,61.4,7.55,161.1,-46.63,1.371,30.8,83,0.4365,1,1
NEU-007800,TreatmentA,B02,74.08,-69.35,166.6,5.78,142.4,-41.58,0.978,36.6,77,0.4004,0,1
NEU-007801,Control,B02,109.48,-67.84,268.0,14.22,82.5,-45.63,0.871,53.7,101,0.2801,0,1
NEU-007802,TreatmentA,B03,120.02,-69.49,297.6,6.86,123.8,-41.3,0.948,65.4,77,0.1619,0,1
NEU-007803,Control,B03,91.79,-61.98,145.3,7.47,127.4,-41.97,0.581,44.3,88,0.3988,0,1
NEU-007804,TreatmentB,B01,87.28,-68.82,119.1,10.58,32.8,-39.45,0.858,49.4,89,0.3946,1,0
NEU-007805,Control,B01,115.04,-65.05,157.7,17.45,120.3,-42.56,1.018,45.6,89,0.5747,1,1
NEU-007806,TreatmentA,B02,91.08,-67.72,151.7,15.71,110.5,-47.83,1.44,51.7,100,0.2376,1,0
NEU-007807,TreatmentB,B02,98.84,-80.77,97.9,13.38,140.0,-45.75,0.722,59.9,95,0.3742,1,0
NEU-007808,TreatmentA,B03,67.6,-67.64,207.0,8.13,88.9,-42.66,1.308,38.6,81,0.4955,1,0
NEU-007809,Control,B01,72.3,-63.38,157.1,18.59,130.2,-45.8,1.111,14.9,95,0.5772,0,1
NEU-007810,TreatmentA,B02,111.58,-68.71,458.9,9.87,164.5,-40.54,1.151,73.7,101,0.458,0,0
NEU-007811,TreatmentB,B02,92.77,-75.8,211.4,8.73,76.9,-35.6,1.068,49.6,75,0.3799,0,0
NEU-007812,Control,B02,81.04,-53.9,157.6,19.79,174.7,-38.21,0.701,44.5,87,0.4039,1,0
NEU-007813,TreatmentB,B02,116.09,-71.04,181.7,12.12,128.1,-37.51,1.231,38.9,90,0.2561,1,0
NEU-007814,TreatmentA,B02,87.07,-60.58,144.6,16.24,94.1,-42.16,0.672,47.2,84,0.3863,0,0
NEU-007815,TreatmentA,B03,98.48,-68.24,128.9,19.37,141.2,-40.73,1.333,60.7,94,0.2326,0,0
NEU-007816,TreatmentA,B01,87.31,-69.14,292.6,17.58,121.5,-45.86,1.132,40.0,84,0.5746,0,1
NEU-007817,TreatmentB,B03,90.32,-66.13,88.9,18.3,44.0,-41.29,0.748,34.8,114,0.2496,0,0
NEU-007818,TreatmentB,B03,112.91,-71.43,308.9,11.73,48.3,-45.48,1.73,60.5,87,0.2443,1,0
NEU-007819,TreatmentA,B02,81.38,-61.29,158.3,15.72,149.0,-40.19,1.047,52.1,98,0.5596,1,1
NEU-007820,TreatmentB,B01,91.55,-63.07,133.0,19.95,77.8,-44.06,0.979,37.9,75,0.0918,1,0
NEU-007821,TreatmentB,B03,118.94,-73.28,82.0,9.5,41.8,-39.16,0.988,39.6,92,0.5593,0,0
NEU-007822,Control,B03,113.99,-73.58,178.7,8.78,111.2,-41.45,1.022,16.0,103,0.3611,0,0
NEU-007823,Control,B03,110.3,-65.27,296.6,15.98,122.9,-39.88,1.122,29.1,102,0.3547,0,1
NEU-007824,Control,B03,108.84,-60.38,136.3,14.49,97.7,-36.94,0.825,37.2,95,0.3911,0,0
NEU-007825,TreatmentB,B02,119.85,-65.51,114.0,13.94,54.6,-43.24,1.454,53.8,86,0.4601,1,1
NEU-007826,TreatmentB,B02,108.0,-71.4,221.8,16.53,59.0,-36.39,0.986,74.6,91,0.4572,1,0
NEU-007827,TreatmentA,B02,105.5,-56.81,66.9,17.51,145.0,-49.21,0.847,55.6,88,0.5257,1,1
NEU-007828,Control,B03,64.59,-71.47,277.7,16.16,164.4,-43.94,0.734,52.4,83,0.5451,0,1
NEU-007829,TreatmentA,B03,97.28,-66.55,266.0,12.32,74.7,-43.94,0.867,61.2,81,0.3217,1,1
NEU-007830,TreatmentA,B03,109.03,-72.58,373.8,20.75,117.7,-42.61,1.402,30.9,85,0.4368,0,0
NEU-007831,TreatmentB,B01,119.25,-63.11,101.8,14.72,58.2,-53.28,0.947,44.2,102,0.4677,1,1
NEU-007832,TreatmentA,B01,93.85,-70.9,141.4,10.56,72.9,-48.94,0.919,27.2,82,0.291,0,1
NEU-007833,TreatmentA,B01,99.38,-62.5,215.2,8.37,123.5,-35.79,1.203,57.8,110,0.4756,1,0
NEU-007834,TreatmentB,B02,107.97,-66.66,124.3,11.48,82.2,-41.45,1.356,37.8,84,0.1641,0,1
NEU-007835,TreatmentA,B01,98.47,-83.76,181.1,8.3,91.2,-39.72,1.398,53.2,78,0.365,1,0
NEU-007836,Control,B03,105.03,-60.1,253.0,9.81,164.4,-42.85,0.825,35.2,71,0.4174,0,0
NEU-007837,Control,B02,124.37,-60.85,299.5,8.29,188.9,-41.95,1.471,45.1,80,0.5778,1,0
NEU-007838,Control,B02,97.33,-62.32,96.6,13.47,156.2,-48.6,0.918,43.1,75,0.517,1,0
NEU-007839,Control,B01,114.96,-65.17,229.9,8.78,104.9,-38.88,1.245,-1.0,81,0.42,0,1
NEU-007840,Control,B03,86.23,-65.7,318.3,14.3,99.0,-46.06,0.7,44.3,81,0.1849,0,1
NEU-007841,TreatmentB,B03,134.23,-76.1,172.4,6.0,93.2,-43.75,0.794,75.0,91,0.4199,1,0
NEU-007842,Control,B02,108.2,-57.88,200.2,14.36,174.1,-47.81,0.948,23.2,84,0.153,0,0
NEU-007843,TreatmentB,B03,95.92,-73.15,209.8,13.26,119.2,-39.86,1.233,48.2,80,0.3447,1,1
NEU-007844,TreatmentB,B02,83.24,-67.89,174.7,7.34,82.5,-39.21,1.031,66.2,100,0.6962,0,0
NEU-007845,Control,B02,114.43,-68.64,123.4,10.56,199.7,-36.95,1.211,35.1,95,0.1443,0,1
NEU-007846,Control,B02,121.47,-72.18,171.1,11.78,120.4,-41.2,1.196,43.5,76,0.2611,1,0
NEU-007847,Control,B03,121.49,-63.34,229.3,17.61,161.4,-44.65,1.727,47.2,84,0.4129,1,1
NEU-007848,TreatmentA,B03,120.6,-67.68,104.6,14.32,97.1,-45.67,1.181,65.1,68,0.2658,1,1
NEU-007849,TreatmentB,B03,91.67,-76.97,105.6,19.35,100.0,-39.49,0.92,60.8,97,0.3127,0,0
NEU-007850,TreatmentB,B01,102.32,-68.87,195.5,15.84,64.7,-46.58,1.333,68.3,90,0.3192,1,0
NEU-007851,TreatmentA,B01,82.79,-61.64,108.8,12.44,93.1,-43.85,0.947,55.7,93,0.0802,1,1
NEU-007852,TreatmentB,B01,73.03,-76.67,190.3,9.25,54.5,-43.63,0.757,79.9,92,0.3704,1,0
NEU-007853,TreatmentA,B01,94.66,-64.06,420.8,9.83,67.5,-41.71,1.402,49.0,83,0.4094,0,1
NEU-007854,Control,B01,86.13,-64.97,147.5,12.15,145.8,-34.5,0.795,43.6,98,0.4339,0,1
NEU-007855,TreatmentB,B01,99.57,-72.25,114.6,8.35,23.9,-48.81,0.97,65.3,85,0.3312,1,0
NEU-007856,TreatmentA,B03,103.95,-62.75,146.7,11.06,129.5,-44.61,1.001,72.2,74,0.4499,0,1
NEU-007857,TreatmentA,B02,91.65,-63.69,156.5,16.96,110.8,-42.07,1.2,36.0,94,0.1548,0,0
NEU-007858,TreatmentA,B03,105.84,-59.59,100.2,18.73,35.4,-42.3,0.848,43.5,90,0.2271,1,0
NEU-007859,TreatmentA,B02,116.31,-74.54,137.6,9.56,77.7,-37.04,1.209,24.7,93,0.1758,0,1
NEU-007860,Control,B01,79.47,-74.72,184.2,18.43,200.2,-40.92,1.081,26.5,83,0.4272,0,0
NEU-007861,TreatmentB,B01,113.3,-69.86,109.8,13.64,27.3,-41.91,0.943,53.1,90,0.4243,1,1
NEU-007862,TreatmentB,B01,83.67,-62.57,197.7,15.3,86.1,-40.71,0.746,66.1,80,0.4518,0,1
NEU-007863,Control,B01,91.81,-74.29,76.7,12.71,152.4,-40.8,1.368,31.1,100,0.3469,0,0
NEU-007864,TreatmentA,B01,101.76,-68.45,121.9,24.54,110.4,-44.01,0.609,39.8,102,0.4684,0,1
NEU-007865,TreatmentA,B03,99.93,-74.19,204.4,17.81,157.1,-41.97,0.819,40.4,111,0.4796,0,1
NEU-007866,Control,B01,121.99,-50.83,171.0,12.02,62.3,-38.38,0.869,39.6,94,0.4295,1,0
NEU-007867,TreatmentB,B03,91.03,-60.11,287.2,16.01,103.0,-48.94,1.049,73.3,95,0.2575,1,0
NEU-007868,TreatmentA,B03,100.33,-65.0,203.7,17.93,94.6,-38.19,0.852,13.0,96,0.3817,0,0
NEU-007869,Control,B03,110.95,-66.95,125.4,21.52,100.2,-34.15,1.03,25.6,80,0.678,1,1
NEU-007870,Control,B03,114.95,-54.03,119.4,9.03,121.2,-42.96,1.436,23.4,86,0.3164,1,0
NEU-007871,TreatmentA,B03,105.7,-65.57,137.7,13.32,137.1,-38.57,1.014,44.8,91,0.212,1,1
NEU-007872,Control,B02,90.19,-64.34,139.4,12.67,137.6,-42.16,1.113,33.2,86,0.5359,0,1
NEU-007873,Control,B01,109.0,-62.19,378.4,17.96,130.0,-41.81,1.314,60.8,88,0.3093,0,1
NEU-007874,TreatmentA,B01,120.37,-60.5,95.9,22.61,129.5,-41.0,1.25,61.0,91,0.2565,1,0
NEU-007875,TreatmentA,B02,104.33,-55.92,419.7,13.92,118.2,-45.39,1.208,55.9,96,0.7512,0,0
NEU-007876,TreatmentB,B01,88.77,-72.22,340.9,14.47,114.6,-41.72,0.857,64.7,83,0.138,1,0
NEU-007877,TreatmentB,B02,92.26,-55.93,193.2,11.85,152.3,-45.2,0.742,63.9,83,0.5929,0,0
NEU-007878,Control,B03,117.58,-69.82,120.7,10.79,134.4,-40.03,1.031,15.8,104,0.6048,0,0
NEU-007879,TreatmentA,B03,104.54,-61.38,490.3,12.07,85.2,-38.07,1.525,31.4,84,0.2606,0,1
NEU-007880,TreatmentB,B02,81.36,-63.34,220.9,10.13,114.0,-43.69,1.21,53.0,86,0.3818,1,1
NEU-007881,TreatmentB,B02,80.38,-71.06,236.2,8.44,31.5,-40.06,1.247,47.8,63,0.2441,0,1
NEU-007882,TreatmentA,B03,118.56,-73.29,301.7,7.71,136.6,-50.3,1.271,41.5,83,0.5975,0,0
NEU-007883,Control,B02,109.07,-57.79,348.0,7.56,167.2,-42.76,1.84,45.5,79,0.4199,0,0
NEU-007884,TreatmentA,B02,96.51,-59.55,144.7,5.43,136.4,-34.9,1.01,36.5,84,0.3636,1,0
NEU-007885,TreatmentB,B01,103.9,-58.26,272.0,15.38,108.7,-40.49,1.301,64.6,78,0.521,0,0
NEU-007886,TreatmentA,B01,119.03,-67.9,72.8,19.93,151.0,-44.43,0.648,46.2,95,0.4302,1,1
NEU-007887,TreatmentB,B02,99.83,-71.6,152.3,9.59,152.3,-39.84,0.823,46.8,79,0.5571,0,0
NEU-007888,Control,B03,93.72,-62.41,135.3,17.44,177.6,-41.44,1.052,43.1,72,0.4429,1,1
NEU-007889,TreatmentB,B03,94.27,-74.82,164.0,27.23,115.6,-38.15,0.968,67.7,81,0.3841,1,0
NEU-007890,TreatmentB,B02,82.45,-69.27,128.8,13.08,79.2,-44.04,1.48,43.8,117,0.3397,1,0
NEU-007891,TreatmentA,B01,90.38,-62.42,248.9,19.73,101.1,-43.16,0.716,43.7,67,0.7084,0,1
NEU-007892,TreatmentB,B02,88.61,-66.11,122.6,25.32,59.3,-42.36,1.115,48.6,77,0.1621,0,0
NEU-007893,TreatmentB,B02,140.48,-56.07,139.6,6.55,164.7,-40.14,0.72,60.7,89,0.1464,1,1
NEU-007894,TreatmentA,B03,104.4,-58.38,244.3,29.92,127.5,-40.82,1.29,29.9,94,0.4459,0,0
NEU-007895,TreatmentA,B02,76.54,-65.25,129.3,18.38,160.6,-35.95,1.11,31.4,80,0.2589,0,1
NEU-007896,TreatmentA,B01,113.35,-63.33,218.5,10.18,143.6,-40.36,0.929,60.0,100,0.0416,0,1
NEU-007897,TreatmentB,B02,97.72,-63.15,187.9,12.42,104.9,-39.15,1.665,78.6,68,0.5312,1,0
NEU-007898,Control,B02,119.52,-65.27,200.7,31.53,95.5,-39.34,0.712,30.4,75,0.3632,0,1
NEU-007899,Control,B03,119.1,-63.14,117.1,11.97,157.9,-46.28,0.545,17.9,92,0.427,0,1
NEU-007900,Control,B02,96.96,-57.33,172.0,11.91,76.5,-37.2,1.007,56.1,90,0.454,1,1
NEU-007901,TreatmentB,B02,99.31,-52.49,209.5,14.16,57.0,-42.22,0.886,62.6,76,0.455,1,0
NEU-007902,TreatmentA,B03,80.35,-68.85,134.2,14.42,76.9,-32.35,0.931,35.2,86,0.5898,1,1
NEU-007903,Control,B03,108.22,-72.33,157.9,6.07,145.0,-41.4,1.16,7.7,85,0.1889,0,1
NEU-007904,TreatmentB,B02,115.34,-68.7,222.7,8.53,103.8,-43.54,1.647,68.2,101,0.3913,1,0
NEU-007905,Control,B01,88.22,-47.24,77.0,22.29,114.4,-41.73,0.948,22.8,90,0.4209,0,0
NEU-007906,Control,B01,116.7,-72.17,113.5,16.15,138.2,-43.44,0.86,54.4,78,0.6316,0,0
NEU-007907,TreatmentA,B01,74.07,-64.55,186.5,21.34,119.6,-37.47,1.165,36.7,91,0.2457,0,0
NEU-007908,Control,B01,133.66,-55.39,269.0,9.67,169.1,-43.66,1.519,21.5,80,0.5783,0,0
NEU-007909,TreatmentB,B02,85.91,-64.83,451.4,12.76,-1.3,-40.91,1.465,67.4,89,0.3843,1,1
NEU-007910,TreatmentB,B03,125.45,-68.6,171.1,8.75,6.0,-42.43,1.32,68.7,81,0.2507,1,1
NEU-007911,TreatmentA,B02,108.14,-70.31,210.0,18.49,122.5,-38.16,1.285,50.2,76,0.1308,1,0
NEU-007912,TreatmentA,B02,101.2,-60.19,336.0,9.87,92.4,-43.0,1.019,45.9,80,0.2811,1,1
NEU-007913,TreatmentA,B02,122.72,-73.45,215.7,14.34,200.6,-42.21,0.947,47.3,74,0.1298,0,0
NEU-007914,TreatmentA,B01,80.67,-56.49,229.4,6.23,64.7,-42.58,0.743,9.3,74,0.4568,0,0
NEU-007915,TreatmentA,B02,91.92,-70.29,42.2,9.0,120.7,-46.2,1.12,66.2,88,0.5344,1,0
NEU-007916,Control,B01,130.06,-62.04,264.2,7.18,172.0,-38.45,1.155,36.6,83,0.2464,0,1
NEU-007917,TreatmentA,B03,118.21,-75.52,182.1,18.41,81.1,-38.54,0.881,51.2,84,0.5866,1,1
NEU-007918,Control,B02,106.55,-63.92,307.5,6.25,125.4,-45.85,0.886,27.7,93,0.341,0,1
NEU-007919,Control,B03,111.45,-57.82,89.8,9.47,153.0,-46.57,0.906,48.3,73,0.6763,1,0
NEU-007920,TreatmentB,B03,118.3,-62.27,94.1,13.62,60.2,-41.79,0.737,56.9,77,0.6284,0,1
NEU-007921,TreatmentB,B01,75.03,-66.96,183.4,24.23,69.1,-42.52,0.845,41.9,80,0.1944,0,0
NEU-007922,Control,B01,114.86,-75.52,116.4,10.86,117.5,-39.33,0.873,24.6,81,0.4666,1,0
NEU-007923,TreatmentB,B01,99.59,-63.47,300.0,12.38,89.6,-42.62,1.04,67.4,93,0.3559,0,1
NEU-007924,TreatmentB,B01,86.41,-69.92,141.9,18.17,96.2,-41.31,2.457,48.9,83,0.3021,1,0
NEU-007925,TreatmentA,B03,98.49,-58.86,156.1,15.74,193.1,-42.31,0.875,39.6,85,0.5104,0,0
NEU-007926,TreatmentA,B01,100.34,-64.14,164.7,10.1,95.5,-39.15,1.021,45.7,85,0.405,0,0
NEU-007927,Control,B03,82.28,-68.91,259.6,9.21,184.1,-39.29,0.801,21.6,103,0.4086,0,1
NEU-007928,TreatmentB,B01,111.88,-77.23,144.1,23.91,120.8,-40.23,1.818,71.4,72,0.4779,1,0
NEU-007929,Control,B01,105.5,-55.65,200.5,10.65,119.5,-37.4,1.096,42.2,92,0.4983,1,0
NEU-007930,Control,B02,95.8,-72.2,142.3,10.83,175.6,-43.52,0.937,57.1,80,0.1202,1,1
NEU-007931,TreatmentA,B03,103.42,-73.85,235.5,8.06,14.3,-39.75,1.043,27.2,82,0.4683,0,0
NEU-007932,TreatmentB,B01,132.89,-63.88,169.6,16.75,105.8,-48.56,1.055,73.1,79,0.4224,1,1
NEU-007933,TreatmentA,B02,99.52,-65.66,313.5,21.99,98.5,-37.4,1.364,42.0,91,0.3503,1,1
NEU-007934,TreatmentB,B02,105.66,-62.12,147.8,23.69,49.5,-47.5,1.108,56.8,88,0.4895,1,1
NEU-007935,TreatmentB,B03,97.02,-64.3,662.0,10.28,66.6,-36.06,0.971,74.5,76,0.3093,0,1
NEU-007936,TreatmentA,B03,115.12,-73.78,185.9,7.39,140.6,-46.43,1.58,30.5,85,0.5667,1,0
NEU-007937,TreatmentA,B01,95.24,-65.36,183.3,14.75,104.0,-48.51,0.659,43.4,88,0.6416,0,1
NEU-007938,TreatmentA,B02,102.91,-64.91,93.4,10.17,178.7,-40.17,1.054,35.0,67,0.5323,0,1
NEU-007939,Control,B01,94.3,-64.29,115.7,9.66,141.1,-41.98,0.912,56.6,93,0.5096,0,0
NEU-007940,TreatmentB,B02,107.01,-66.86,141.7,10.26,141.0,-43.1,0.722,76.5,71,0.3321,1,1
NEU-007941,TreatmentA,B03,85.1,-61.01,539.7,4.41,192.3,-40.77,1.002,28.9,93,0.5417,0,0
NEU-007942,TreatmentB,B01,70.87,-63.43,215.0,31.2,150.2,-43.89,0.784,69.8,106,0.5278,1,1
NEU-007943,TreatmentA,B03,110.43,-61.44,349.5,8.63,103.8,-31.23,0.631,50.8,86,0.6162,1,0
NEU-007944,TreatmentB,B01,93.22,-64.75,158.6,13.64,77.7,-48.38,1.063,57.2,86,0.589,0,1
NEU-007945,Control,B02,88.45,-62.15,326.6,15.46,139.8,-35.97,1.202,60.7,90,0.5368,0,1
NEU-007946,TreatmentA,B01,107.82,-64.04,154.4,12.31,119.1,-38.85,0.793,66.2,77,0.7146,1,1
NEU-007947,TreatmentA,B02,102.33,-62.62,326.6,15.62,25.1,-40.0,0.968,25.4,102,0.2729,0,1
NEU-007948,Control,B02,119.02,-59.19,136.2,15.0,109.2,-41.37,1.037,44.0,85,0.4609,0,0
NEU-007949,Control,B03,94.39,-67.99,234.8,14.82,114.6,-38.37,1.166,54.0,88,0.1353,0,1
NEU-007950,Control,B03,98.3,-68.34,406.1,16.84,176.3,-37.22,2.067,38.4,82,0.1143,0,0
NEU-007951,TreatmentA,B03,97.66,-57.88,219.7,20.0,105.4,-43.37,0.925,45.0,97,0.5165,1,1
NEU-007952,TreatmentB,B03,100.91,-54.36,193.6,10.52,117.7,-45.75,0.679,39.5,81,0.5624,1,0
NEU-007953,TreatmentA,B02,109.39,-64.16,143.1,22.88,104.1,-41.0,1.163,58.9,92,0.5453,1,1
NEU-007954,Control,B03,113.0,-56.97,163.6,9.68,151.4,-44.25,1.416,31.4,69,0.3085,1,0
NEU-007955,TreatmentB,B03,98.78,-65.07,302.7,11.98,61.6,-45.35,1.419,54.5,81,0.3377,0,0
NEU-007956,TreatmentA,B01,78.9,-65.63,100.2,13.08,144.5,-49.5,1.472,62.1,96,0.4821,1,1
NEU-007957,Control,B01,90.29,-59.17,213.5,9.74,156.2,-40.85,1.131,14.5,86,0.44,0,0
NEU-007958,TreatmentB,B03,103.51,-64.83,118.6,13.96,8.9,-40.83,0.703,64.2,86,0.3826,0,1
NEU-007959,TreatmentB,B02,93.02,-70.01,122.2,13.89,96.2,-50.39,1.102,76.2,102,0.4452,1,1
NEU-007960,Control,B03,96.06,-64.3,204.6,26.4,132.9,-39.09,1.074,47.9,76,0.1198,1,0
NEU-007961,TreatmentB,B02,98.48,-65.52,296.6,16.86,92.3,-46.6,1.004,75.5,71,0.3665,1,1
NEU-007962,TreatmentB,B03,86.66,-73.94,214.4,19.16,135.9,-43.81,1.144,46.0,89,0.5371,0,0
NEU-007963,Control,B02,82.06,-60.02,254.6,12.29,95.8,-43.12,0.919,49.5,85,0.213,1,1
NEU-007964,TreatmentB,B01,94.31,-69.55,163.4,9.68,165.5,-35.98,0.649,63.9,83,0.3488,1,1
NEU-007965,TreatmentB,B01,74.16,-71.07,171.2,12.32,135.6,-46.25,1.168,64.9,97,0.2489,1,0
NEU-007966,TreatmentA,B03,93.79,-72.38,291.5,10.69,46.0,-53.14,0.99,46.0,97,0.4915,1,0
NEU-007967,Control,B02,94.45,-53.34,228.3,13.65,117.2,-33.14,1.287,36.4,99,0.2644,0,0
NEU-007968,Control,B01,102.23,-63.71,487.4,16.21,87.3,-47.32,0.754,25.8,87,0.2894,0,1
NEU-007969,TreatmentA,B03,96.68,-62.73,191.8,24.71,89.9,-40.06,0.994,27.8,70,0.3214,0,1
NEU-007970,TreatmentA,B01,141.07,-54.68,264.4,21.99,170.7,-39.23,1.117,53.5,89,0.4933,0,0
NEU-007971,Control,B02,118.34,-56.59,215.6,9.8,117.1,-38.54,1.166,32.0,91,0.2135,0,1
NEU-007972,Control,B03,102.72,-63.35,61.3,27.84,99.3,-40.39,1.614,21.5,91,0.3651,1,0
NEU-007973,TreatmentB,B02,95.45,-58.02,156.7,7.58,66.5,-52.26,0.642,69.1,85,0.5526,1,0
NEU-007974,TreatmentB,B02,111.07,-68.08,277.0,29.48,139.4,-39.92,0.739,65.3,81,0.3009,0,0
NEU-007975,Control,B03,104.42,-58.25,223.0,11.17,168.9,-44.8,1.045,51.0,79,0.3956,1,0
NEU-007976,TreatmentA,B02,103.19,-64.59,177.8,14.94,107.1,-44.14,0.68,54.8,72,0.1522,0,1
NEU-007977,TreatmentA,B01,115.37,-60.03,266.3,15.82,69.7,-44.07,1.458,34.6,87,0.5571,0,1
NEU-007978,TreatmentB,B02,114.14,-64.47,119.4,10.9,81.1,-46.47,0.923,58.0,78,0.6205,1,0
NEU-007979,TreatmentB,B02,115.47,-71.21,205.8,7.88,62.7,-39.92,1.174,45.3,81,0.5875,0,0
NEU-007980,TreatmentB,B01,113.46,-72.25,229.4,13.38,66.0,-44.33,1.927,63.6,89,0.1773,1,0
NEU-007981,TreatmentA,B01,89.56,-59.94,265.5,12.09,101.1,-47.54,1.118,43.5,84,0.3964,0,0
NEU-007982,Control,B03,94.67,-56.02,296.1,22.7,133.6,-51.62,1.275,44.2,77,0.5867,0,1
NEU-007983,TreatmentB,B03,105.43,-70.6,218.2,12.04,153.5,-35.76,0.885,82.0,76,0.4585,1,0
NEU-007984,TreatmentB,B03,98.85,-66.02,217.7,28.04,105.1,-40.76,0.734,88.5,73,0.1123,1,0
NEU-007985,TreatmentB,B01,106.35,-60.74,162.5,28.06,77.0,-51.0,1.172,73.8,83,0.5803,0,1
NEU-007986,TreatmentB,B02,84.51,-66.46,251.0,9.79,52.8,-42.75,1.586,67.7,89,0.1653,1,1
NEU-007987,TreatmentB,B01,87.32,-65.62,308.4,12.67,55.2,-49.54,0.764,71.6,82,0.3174,1,1
NEU-007988,TreatmentB,B01,93.33,-62.85,255.2,15.47,168.2,-41.39,1.202,50.0,104,0.3765,1,0
NEU-007989,TreatmentB,B02,107.77,-72.0,121.7,26.36,83.7,-30.52,1.155,41.6,100,0.2076,1,0
NEU-007990,Control,B01,110.36,-70.59,136.3,9.85,169.1,-45.09,0.992,10.6,75,0.4601,0,0
NEU-007991,TreatmentA,B01,127.61,-63.26,86.8,13.86,96.7,-38.16,0.551,58.9,79,0.4536,0,1
NEU-007992,Control,B02,92.92,-70.32,416.5,16.75,98.5,-48.27,0.811,41.6,88,0.38,0,1
NEU-007993,TreatmentA,B02,98.09,-65.89,190.2,13.56,25.6,-38.58,0.912,52.7,105,0.2524,1,1
NEU-007994,TreatmentB,B03,98.53,-54.92,232.4,17.76,46.7,-39.95,1.504,64.7,88,0.2386,1,0
NEU-007995,Control,B03,80.1,-71.41,291.2,15.03,134.6,-46.04,0.724,37.6,77,0.5029,0,1
NEU-007996,Control,B02,100.76,-63.73,296.5,8.47,124.2,-48.36,1.109,13.3,84,0.3004,0,1
NEU-007997,TreatmentA,B02,95.7,-68.73,239.3,19.42,66.6,-40.48,1.128,37.2,81,0.312,1,0
NEU-007998,TreatmentA,B03,70.37,-65.73,204.5,14.68,89.5,-46.04,0.885,79.5,92,0.2272,1,0
NEU-007999,TreatmentB,B03,87.99,-63.5,106.5,20.27,19.3,-47.12,1.924,60.7,91,0.4349,1,1
NEU-008000,TreatmentA,B01,105.28,-62.45,209.3,20.97,135.3,-44.1,0.902,35.9,96,0.4165,0,1
NEU-008001,TreatmentB,B02,106.34,-70.71,109.0,11.36,55.0,-42.67,0.693,54.1,92,0.1598,1,1
NEU-008002,TreatmentB,B02,86.25,-66.75,298.3,7.7,8.5,-42.91,1.493,51.3,76,0.4343,1,1
NEU-008003,TreatmentA,B03,105.0,-60.78,202.9,10.51,77.5,-39.65,1.064,54.6,97,0.3583,0,1
NEU-008004,TreatmentB,B02,103.0,-61.52,320.5,11.53,55.0,-36.52,1.162,57.1,101,0.4218,1,1
NEU-008005,TreatmentB,B02,125.07,-63.51,270.6,9.39,124.0,-39.62,0.966,46.2,80,0.327,0,1
NEU-008006,TreatmentB,B02,71.74,-54.16,218.3,17.05,102.3,-48.34,1.76,61.0,79,0.6943,1,1
NEU-008007,Control,B01,88.16,-53.48,256.6,8.5,81.5,-46.24,1.18,54.6,96,0.3277,1,0
NEU-008008,TreatmentA,B01,83.75,-56.04,157.2,16.42,126.9,-36.47,1.306,56.0,117,0.4036,1,1
NEU-008009,Control,B03,75.29,-55.6,227.1,13.29,136.4,-37.27,1.134,21.9,98,0.2464,0,0
NEU-008010,Control,B03,118.11,-61.92,210.9,19.97,117.3,-43.14,1.095,28.5,100,0.5208,0,1
NEU-008011,TreatmentA,B02,101.86,-66.44,227.6,10.11,134.2,-44.71,0.771,63.3,74,0.2552,1,1
NEU-008012,Control,B01,96.0,-66.71,270.3,17.21,105.8,-40.76,0.857,56.8,72,0.3307,0,1
NEU-008013,Control,B02,97.89,-65.4,255.2,16.09,128.7,-40.79,0.965,17.5,81,0.3306,0,1
NEU-008014,Control,B03,101.45,-58.09,111.3,9.91,144.3,-42.95,1.474,70.5,81,0.33,1,0
NEU-008015,TreatmentB,B02,102.14,-67.85,197.9,13.93,167.1,-41.71,0.711,53.2,81,0.166,0,0
NEU-008016,TreatmentB,B01,90.98,-63.81,313.8,4.32,82.5,-42.9,1.021,61.8,95,0.4773,1,0
NEU-008017,TreatmentB,B02,102.69,-60.52,158.6,28.44,66.6,-43.14,1.393,66.7,82,0.4356,1,1
NEU-008018,TreatmentA,B01,127.54,-66.31,315.1,8.57,162.3,-41.94,1.277,59.4,75,0.3895,1,1
NEU-008019,TreatmentA,B03,97.8,-70.85,500.7,9.06,192.9,-41.55,0.858,72.8,89,0.378,0,0
NEU-008020,TreatmentB,B03,112.7,-63.13,164.2,12.56,112.6,-43.32,1.173,53.1,82,0.4267,1,1
NEU-008021,Control,B03,121.29,-56.44,264.5,22.87,118.3,-38.3,0.904,61.8,74,0.1987,0,0
NEU-008022,TreatmentA,B03,93.1,-67.78,156.2,21.57,112.1,-42.05,0.698,44.0,91,0.3735,1,1
NEU-008023,TreatmentA,B01,98.61,-62.54,309.9,20.61,117.0,-43.95,0.801,32.6,77,0.47,0,1
NEU-008024,TreatmentA,B02,104.69,-67.17,143.8,14.08,68.2,-43.06,0.633,24.0,93,0.5363,0,1
NEU-008025,TreatmentA,B02,81.12,-70.35,298.7,29.02,132.9,-41.88,2.013,48.1,78,0.3979,1,1
NEU-008026,Control,B01,105.02,-67.1,190.2,17.46,58.5,-41.7,0.972,51.7,98,0.393,0,1
NEU-008027,TreatmentA,B03,112.48,-66.97,301.4,7.27,112.1,-37.69,0.97,25.7,86,0.1104,0,1
NEU-008028,TreatmentB,B03,106.1,-67.27,107.9,10.78,134.3,-44.05,1.801,48.5,97,0.3828,1,1
NEU-008029,TreatmentA,B01,50.8,-61.37,350.8,12.92,151.5,-39.75,1.064,23.2,93,0.5311,0,1
NEU-008030,TreatmentA,B02,106.11,-65.08,98.1,12.37,7.7,-40.9,1.389,24.9,82,0.5711,0,1
NEU-008031,TreatmentB,B01,96.09,-70.14,104.8,9.8,61.3,-41.6,0.809,36.8,77,0.3931,1,1
NEU-008032,TreatmentB,B01,94.69,-55.67,302.9,8.48,91.1,-37.16,1.14,49.2,88,0.3866,0,0
NEU-008033,TreatmentA,B02,92.0,-74.44,136.4,14.48,125.7,-38.27,1.209,62.7,101,0.7498,1,0
NEU-008034,TreatmentB,B02,108.16,-62.61,187.8,13.5,85.5,-44.21,1.297,66.0,78,0.6409,1,1
NEU-008035,TreatmentB,B03,98.61,-55.91,163.3,7.6,106.7,-41.91,1.173,68.2,93,0.4218,1,0
NEU-008036,Control,B02,74.61,-68.24,253.3,12.93,116.1,-41.49,0.955,35.2,79,0.2036,0,1
NEU-008037,TreatmentA,B03,114.3,-71.97,468.5,12.29,115.5,-35.57,0.765,42.7,77,0.2824,0,0
NEU-008038,Control,B01,90.8,-67.3,143.7,15.11,91.1,-48.81,0.912,37.6,81,0.3798,0,1
NEU-008039,Control,B01,103.2,-62.53,308.2,11.53,97.5,-41.45,1.491,22.8,89,0.4359,0,1
NEU-008040,Control,B03,97.89,-78.72,95.7,29.85,164.2,-36.22,1.643,25.0,83,0.461,0,1
NEU-008041,TreatmentA,B01,119.24,-79.92,523.5,27.42,124.6,-40.13,0.699,40.3,92,0.6145,0,1
NEU-008042,TreatmentB,B03,96.86,-61.86,95.5,9.21,93.3,-44.98,0.907,71.3,101,0.6666,1,0
NEU-008043,TreatmentA,B03,108.43,-56.41,126.9,12.36,144.5,-40.68,1.43,58.3,69,0.2557,1,0
NEU-008044,TreatmentB,B01,108.59,-62.59,226.3,19.79,168.0,-50.69,1.117,58.0,87,0.3721,1,0
NEU-008045,TreatmentA,B01,113.72,-60.03,299.3,12.04,153.5,-37.58,1.256,33.9,65,0.5516,1,0
NEU-008046,TreatmentA,B03,115.88,-75.99,183.7,7.31,146.7,-32.43,1.03,30.8,84,0.3764,0,0
NEU-008047,Control,B03,51.49,-67.71,448.4,14.04,146.4,-38.04,1.089,51.1,82,0.1757,0,1
NEU-008048,Control,B03,100.74,-75.17,138.7,8.07,118.6,-45.55,0.835,33.2,82,0.4728,0,0
NEU-008049,TreatmentB,B01,94.9,-66.23,127.1,20.45,48.8,-50.04,0.76,38.7,81,0.2065,0,1
NEU-008050,Control,B01,97.04,-61.7,223.2,21.03,119.4,-45.66,0.993,36.9,79,0.2024,0,0
NEU-008051,Control,B02,101.84,-76.78,183.2,14.13,117.2,-39.34,1.199,44.2,87,0.4153,1,0
NEU-008052,TreatmentB,B02,103.48,-71.28,257.3,11.33,50.1,-37.73,2.088,59.1,74,0.1546,1,0
NEU-008053,TreatmentB,B03,93.19,-55.21,293.7,16.95,35.0,-42.8,0.906,80.9,99,0.3705,0,0
NEU-008054,TreatmentB,B03,109.45,-54.95,137.7,10.1,-30.7,-44.88,1.235,51.6,100,0.4149,0,0
NEU-008055,Control,B02,86.55,-74.19,215.7,10.3,175.2,-34.34,1.381,26.8,85,0.3665,0,0
NEU-008056,TreatmentB,B03,123.17,-67.26,170.2,24.91,97.9,-36.03,0.916,60.9,94,0.2062,1,1
NEU-008057,Control,B02,105.2,-67.86,255.6,11.66,134.6,-39.84,0.779,56.2,78,0.3915,0,1
NEU-008058,TreatmentB,B01,107.45,-66.37,183.8,10.8,122.0,-45.04,1.241,68.1,91,0.2169,1,1
NEU-008059,TreatmentA,B02,85.52,-67.96,103.3,12.48,100.7,-47.66,1.214,38.7,90,0.422,1,1
NEU-008060,TreatmentA,B01,121.93,-58.37,379.2,8.51,91.9,-38.38,1.228,56.1,93,0.3159,0,1
NEU-008061,Control,B03,90.19,-59.14,286.8,11.43,82.2,-44.84,0.878,32.9,84,0.4141,0,0
NEU-008062,TreatmentA,B03,98.75,-67.65,85.4,12.85,114.6,-38.77,1.079,28.4,104,0.4211,0,1
NEU-008063,Control,B02,127.56,-57.97,215.4,12.19,86.8,-43.02,0.837,34.9,98,0.6581,1,1
NEU-008064,Control,B01,120.86,-61.39,137.0,10.25,143.5,-40.42,1.303,35.9,77,0.2728,0,1
NEU-008065,Control,B03,115.69,-62.42,227.9,15.09,65.4,-43.66,1.217,45.9,99,0.2958,1,1
NEU-008066,Control,B02,104.89,-60.7,117.4,17.08,120.5,-48.82,1.039,28.7,86,0.4447,0,0
NEU-008067,Control,B03,125.65,-73.77,347.0,10.73,124.5,-46.59,1.757,49.5,102,0.4888,1,0
NEU-008068,Control,B03,90.68,-77.95,507.7,7.6,144.3,-41.08,1.33,27.6,88,0.2301,0,1
NEU-008069,TreatmentB,B01,116.81,-72.16,219.8,19.81,91.6,-37.55,1.4,45.9,103,0.4635,1,1
NEU-008070,TreatmentA,B02,98.08,-72.39,156.2,17.52,112.9,-44.86,0.941,60.8,95,0.4189,1,0
NEU-008071,Control,B01,101.14,-54.57,324.3,10.74,194.4,-42.06,0.706,19.0,72,0.3233,0,0
NEU-008072,TreatmentA,B02,110.63,-64.72,162.6,7.37,160.9,-43.04,1.541,51.5,106,0.5659,1,0
NEU-008073,Control,B03,100.8,-61.17,172.3,14.28,121.0,-35.72,0.899,34.6,98,0.5393,1,0
NEU-008074,TreatmentA,B01,109.45,-68.89,137.2,18.25,132.1,-36.28,1.361,55.1,89,0.5124,1,1
NEU-008075,TreatmentB,B02,119.62,-62.45,123.0,14.64,90.8,-44.04,1.247,34.3,88,0.4911,0,1
NEU-008076,TreatmentA,B01,95.63,-66.99,185.8,28.85,113.5,-45.3,1.545,36.1,102,0.6966,1,1
NEU-008077,Control,B03,123.22,-68.23,149.7,25.53,143.1,-39.08,1.1,26.7,80,0.3709,0,0
NEU-008078,TreatmentA,B01,92.76,-64.85,183.7,8.39,58.6,-47.11,1.035,46.5,87,0.4105,1,1
NEU-008079,TreatmentB,B02,82.83,-69.11,124.3,28.62,79.4,-51.04,0.919,42.6,88,0.4593,1,1
NEU-008080,Control,B01,90.28,-70.09,135.9,12.03,147.5,-50.77,1.623,32.8,96,0.661,0,0
NEU-008081,Control,B02,92.96,-56.07,218.2,10.64,156.6,-41.24,0.951,40.1,86,0.7189,1,0
NEU-008082,Control,B02,111.66,-58.6,133.8,12.67,157.0,-43.4,0.932,25.4,85,0.3663,0,1
NEU-008083,TreatmentA,B03,99.1,-70.22,241.9,16.66,150.4,-50.75,1.075,52.8,89,0.3505,0,0
NEU-008084,TreatmentA,B02,112.06,-57.81,269.6,19.59,134.6,-42.04,1.038,38.2,88,0.3862,0,0
NEU-008085,Control,B01,99.23,-73.54,137.6,14.7,129.6,-51.2,1.42,47.8,81,0.267,1,0
NEU-008086,Control,B03,120.29,-64.19,386.6,5.15,89.9,-45.09,1.044,20.1,81,0.6724,0,0
NEU-008087,Control,B01,93.21,-58.26,581.8,26.57,70.7,-40.19,0.759,63.5,91,0.4382,0,0
NEU-008088,Control,B01,122.26,-58.13,422.4,29.48,143.6,-43.98,1.079,47.9,90,0.2036,0,0
NEU-008089,Control,B01,109.81,-59.05,247.5,24.54,92.1,-47.86,0.87,21.1,82,0.6487,0,1
NEU-008090,Control,B03,86.31,-68.44,158.6,15.78,99.1,-44.43,1.522,16.5,82,0.3623,1,1
NEU-008091,Control,B02,129.35,-70.56,320.2,16.72,123.7,-46.1,1.194,26.6,81,0.2955,0,0
NEU-008092,TreatmentB,B01,80.08,-77.06,310.6,7.99,104.9,-42.15,0.961,73.5,80,0.2812,0,0
NEU-008093,TreatmentA,B02,74.82,-62.55,87.1,17.9,103.6,-37.56,0.927,53.7,83,0.3034,0,0
NEU-008094,TreatmentA,B03,138.21,-63.8,324.9,14.4,112.1,-35.48,1.189,31.9,88,0.3956,0,1
NEU-008095,TreatmentB,B02,111.52,-62.8,646.3,14.34,133.7,-46.87,1.581,43.0,82,0.31,0,0
NEU-008096,TreatmentA,B02,104.71,-67.45,150.3,10.41,167.3,-47.08,1.024,46.3,71,0.5037,1,1
NEU-008097,Control,B03,95.65,-67.37,128.3,7.51,152.6,-36.7,1.27,56.5,83,0.5474,1,0
NEU-008098,TreatmentB,B02,106.61,-60.54,279.4,17.04,87.5,-36.44,0.423,64.1,92,0.6343,0,1
NEU-008099,Control,B02,93.15,-71.42,132.3,10.56,131.0,-35.2,1.065,32.5,84,0.1448,0,0
NEU-008100,Control,B03,121.97,-69.39,295.9,5.31,147.6,-41.62,0.816,57.2,79,0.474,0,0
NEU-008101,TreatmentA,B01,115.63,-61.22,184.3,7.91,107.4,-43.21,0.905,54.5,68,0.3107,1,1
NEU-008102,Control,B02,101.63,-66.1,272.8,4.02,64.4,-45.6,0.745,24.3,83,0.4772,0,0
NEU-008103,TreatmentA,B02,88.72,-64.54,192.7,12.11,156.2,-38.27,0.976,73.3,80,0.4259,1,1
NEU-008104,Control,B01,99.47,-71.61,348.5,21.82,87.1,-45.77,1.405,10.9,105,0.3689,0,1
NEU-008105,TreatmentA,B01,99.68,-74.61,313.4,15.16,65.5,-39.45,1.101,50.0,79,0.2524,0,0
NEU-008106,Control,B02,118.46,-54.27,212.0,10.36,194.6,-40.95,0.925,36.2,93,0.2932,0,0
NEU-008107,Control,B01,107.66,-64.67,185.0,17.09,136.0,-37.67,1.058,41.2,97,0.2959,0,0
NEU-008108,TreatmentB,B02,85.3,-65.77,114.0,9.94,109.7,-43.78,1.179,67.6,83,0.6213,1,0
NEU-008109,Control,B02,99.3,-61.34,151.4,6.17,130.0,-39.24,2.64,53.2,96,0.2562,1,1
NEU-008110,Control,B01,108.82,-59.04,235.8,19.22,149.2,-35.92,1.117,46.3,74,0.3952,0,0
NEU-008111,TreatmentA,B01,106.04,-70.87,212.8,21.58,117.8,-48.84,0.934,54.4,68,0.5101,0,1
NEU-008112,Control,B01,102.99,-61.56,489.8,15.76,96.9,-38.92,1.135,23.1,76,0.2801,0,1
NEU-008113,TreatmentA,B03,53.55,-60.84,134.4,12.8,155.6,-42.22,1.675,40.2,99,0.415,1,1
NEU-008114,TreatmentB,B02,100.28,-60.37,163.3,9.32,124.0,-40.77,0.898,47.4,90,0.5282,1,0
NEU-008115,TreatmentA,B01,85.12,-64.11,157.6,15.9,189.5,-39.59,0.719,36.0,82,0.4691,1,1
NEU-008116,Control,B02,71.04,-53.3,90.3,36.64,112.4,-43.25,1.151,57.0,88,0.5094,1,0
NEU-008117,Control,B03,110.56,-59.35,63.5,11.33,114.2,-39.58,1.006,30.9,69,0.5174,0,0
NEU-008118,Control,B02,103.54,-61.63,194.7,17.79,182.2,-44.65,1.158,23.3,87,0.4964,0,1
NEU-008119,TreatmentB,B01,92.89,-59.74,151.1,10.03,137.9,-46.17,0.843,43.6,78,0.4315,0,0
NEU-008120,TreatmentB,B03,105.21,-68.36,137.9,15.67,97.7,-41.95,1.005,61.3,96,0.5001,1,1
NEU-008121,Control,B01,107.33,-67.87,119.4,11.03,83.6,-45.51,0.825,42.7,71,0.6259,1,1
NEU-008122,Control,B03,113.99,-59.69,250.2,23.54,125.5,-40.38,1.574,37.0,94,0.0737,0,0
NEU-008123,Control,B01,90.18,-63.95,97.8,8.62,114.5,-43.37,0.935,38.6,97,0.2198,0,1
NEU-008124,TreatmentA,B02,81.42,-63.06,239.6,9.99,83.6,-42.1,1.261,59.2,98,0.5045,0,1
NEU-008125,TreatmentB,B02,102.21,-71.82,127.5,15.6,155.5,-41.63,0.736,51.4,89,0.4992,1,1
NEU-008126,Control,B03,122.4,-71.69,468.2,22.46,148.6,-41.52,1.062,71.1,84,0.4144,0,0
NEU-008127,TreatmentA,B01,95.04,-64.59,121.8,10.83,85.6,-45.26,0.595,53.1,76,0.5384,0,0
NEU-008128,Control,B01,120.36,-62.93,157.8,25.26,78.9,-35.64,1.23,57.2,93,0.1393,1,0
NEU-008129,TreatmentB,B02,118.61,-71.19,252.7,9.54,70.1,-39.46,0.733,79.7,90,0.6298,1,0
NEU-008130,TreatmentA,B01,122.25,-62.67,182.9,30.12,97.5,-38.21,1.004,49.7,86,0.4389,0,1
NEU-008131,TreatmentA,B03,103.23,-59.7,377.3,13.77,81.7,-39.18,1.355,41.0,77,0.3859,0,0
NEU-008132,Control,B03,71.5,-61.69,145.1,18.11,112.5,-43.14,1.349,49.9,59,0.1456,1,0
NEU-008133,Control,B02,81.97,-73.49,120.5,15.58,165.3,-50.77,1.059,68.5,99,0.3081,1,0
NEU-008134,TreatmentB,B03,118.61,-62.07,211.2,13.78,115.4,-42.78,1.044,70.5,92,0.3652,1,0
NEU-008135,Control,B03,88.86,-59.88,212.8,14.92,137.5,-39.4,0.948,39.5,79,0.1592,0,0
NEU-008136,TreatmentB,B02,98.4,-59.67,150.3,10.64,51.8,-45.67,1.208,63.4,95,0.4561,1,1
NEU-008137,Control,B02,90.89,-72.93,143.1,9.13,104.8,-46.67,0.626,37.2,73,0.2424,0,0
NEU-008138,TreatmentA,B03,87.85,-64.92,303.5,10.68,86.9,-42.76,1.264,40.8,96,0.6471,0,0
NEU-008139,TreatmentB,B03,118.97,-59.07,130.5,18.29,85.5,-45.09,1.121,42.0,101,0.6494,1,1
NEU-008140,Control,B01,112.48,-66.59,262.8,10.0,95.3,-41.66,1.234,38.6,82,0.5973,0,0
NEU-008141,Control,B02,90.32,-69.36,233.5,13.13,188.0,-37.31,0.97,42.9,97,0.2848,0,0
NEU-008142,TreatmentB,B01,97.43,-65.78,263.1,18.66,96.3,-43.62,0.732,54.4,82,0.2121,1,0
NEU-008143,Control,B01,93.57,-63.32,126.1,9.79,129.8,-48.49,1.18,19.5,88,0.3596,0,1
NEU-008144,TreatmentA,B03,79.22,-67.46,372.5,10.18,46.8,-39.4,1.938,40.5,97,0.4112,0,0
NEU-008145,TreatmentA,B02,124.44,-68.56,142.9,11.61,180.4,-36.57,1.23,49.0,74,0.3232,1,1
NEU-008146,TreatmentA,B02,104.23,-62.93,195.0,15.17,87.0,-40.22,0.618,60.3,88,0.3691,1,1
NEU-008147,Control,B03,121.68,-68.6,66.3,9.18,128.3,-36.81,0.856,60.1,94,0.3307,1,1
NEU-008148,TreatmentA,B01,95.9,-58.43,261.3,11.16,122.4,-45.34,0.823,58.2,92,0.5047,0,0
NEU-008149,Control,B02,88.93,-70.75,166.6,14.76,188.9,-36.4,1.404,46.3,80,0.3351,1,0
NEU-008150,TreatmentB,B01,101.01,-59.28,122.6,17.04,112.1,-42.39,1.022,61.0,75,0.739,1,0
NEU-008151,TreatmentA,B03,55.71,-67.3,107.7,23.75,75.9,-36.05,1.289,54.6,93,0.5711,1,1
NEU-008152,Control,B03,124.3,-63.27,116.9,14.61,180.0,-40.14,1.569,49.6,86,0.4712,1,1
NEU-008153,Control,B01,66.3,-61.84,63.8,10.3,61.0,-42.38,0.837,28.8,86,0.2431,1,1
NEU-008154,TreatmentA,B02,114.28,-62.78,131.1,9.9,142.7,-37.65,0.863,48.4,76,0.3119,1,1
NEU-008155,TreatmentA,B01,106.27,-66.96,207.8,15.11,145.3,-37.73,0.729,65.5,74,0.3008,0,1
NEU-008156,Control,B02,81.92,-63.56,195.7,17.96,135.9,-35.32,1.495,24.5,85,0.4763,1,1
NEU-008157,TreatmentA,B03,132.13,-67.59,373.6,7.69,89.0,-40.72,0.923,70.2,69,0.2613,1,1
NEU-008158,TreatmentA,B02,119.0,-55.63,243.7,29.82,154.5,-37.83,0.626,34.8,81,0.4495,0,0
NEU-008159,TreatmentA,B03,87.97,-69.22,178.4,29.59,50.3,-38.12,0.794,61.3,83,0.5797,1,1
NEU-008160,Control,B03,90.1,-55.56,71.5,12.04,125.7,-43.56,1.998,35.6,93,0.1863,1,0
NEU-008161,TreatmentA,B03,107.05,-72.28,220.5,26.63,81.5,-35.78,1.368,47.6,91,0.4223,1,0
NEU-008162,TreatmentA,B01,82.18,-77.17,411.6,17.41,79.0,-41.21,0.844,44.7,73,0.2654,0,0
NEU-008163,TreatmentB,B01,95.33,-67.15,513.9,14.55,69.5,-36.11,1.182,44.6,84,0.2188,0,1
NEU-008164,TreatmentA,B03,77.92,-64.07,281.3,23.23,22.0,-44.54,1.289,23.5,99,0.1708,0,0
NEU-008165,Control,B03,83.13,-74.3,166.6,8.54,186.1,-40.77,1.564,54.9,68,0.7439,0,0
NEU-008166,TreatmentB,B02,82.13,-68.66,141.5,9.24,130.4,-41.47,1.425,66.3,87,0.3484,1,1
NEU-008167,TreatmentA,B03,130.13,-61.57,294.5,28.04,65.9,-38.74,0.728,52.2,86,0.3103,0,0
NEU-008168,TreatmentB,B01,110.72,-68.58,215.2,13.12,91.3,-37.59,0.698,96.0,86,0.2681,1,0
NEU-008169,TreatmentB,B03,75.15,-67.89,228.1,8.63,57.0,-45.15,1.589,68.8,92,0.2635,0,1
NEU-008170,TreatmentB,B03,86.12,-56.63,95.0,18.85,89.9,-33.7,1.089,41.7,88,0.4568,0,0
NEU-008171,TreatmentA,B01,76.62,-56.23,221.4,13.6,84.1,-41.62,1.108,47.5,83,0.6987,0,1
NEU-008172,TreatmentA,B02,87.46,-60.88,99.7,11.22,123.5,-38.24,0.815,20.7,77,0.3856,0,1
NEU-008173,TreatmentB,B02,107.64,-56.71,102.3,8.37,26.4,-44.76,0.961,53.6,89,0.3208,1,0
NEU-008174,TreatmentA,B03,103.21,-67.87,164.6,12.23,136.6,-48.34,1.971,53.8,78,0.4493,1,1
NEU-008175,Control,B03,101.28,-64.32,94.3,21.77,124.1,-46.13,0.93,27.7,79,0.2268,0,0
NEU-008176,Control,B01,126.27,-57.47,182.2,10.67,134.7,-46.65,1.362,44.6,99,0.3919,1,0
NEU-008177,TreatmentB,B01,111.66,-67.77,200.4,16.52,91.3,-48.58,1.023,57.8,96,0.6902,1,1
NEU-008178,TreatmentA,B03,123.54,-68.01,371.0,13.39,79.2,-47.31,1.155,38.7,78,0.4808,0,0
NEU-008179,TreatmentB,B02,74.0,-68.2,92.7,16.36,91.9,-37.73,1.241,54.4,98,0.5108,1,1
NEU-008180,Control,B01,90.49,-54.97,264.3,14.8,149.9,-46.17,0.73,18.5,88,0.1711,0,0
NEU-008181,TreatmentB,B01,82.71,-69.65,115.0,8.32,91.7,-49.04,1.567,71.0,100,0.4412,1,1
NEU-008182,Control,B01,120.25,-71.77,180.8,10.41,97.4,-36.53,0.704,18.4,97,0.4935,0,0
NEU-008183,TreatmentB,B01,108.06,-73.67,207.2,10.64,114.3,-42.01,1.592,58.6,73,0.5224,1,0
NEU-008184,TreatmentB,B03,101.78,-65.23,213.1,13.94,36.6,-42.49,1.067,72.3,92,0.3625,1,1
NEU-008185,TreatmentA,B03,88.58,-66.14,340.2,15.19,41.3,-39.21,1.45,52.7,111,0.1782,0,1
NEU-008186,TreatmentA,B03,114.0,-61.95,297.3,9.48,135.8,-36.68,1.504,25.7,79,0.2131,1,1
NEU-008187,TreatmentA,B03,111.32,-64.91,85.3,12.67,92.1,-40.66,0.854,39.1,92,0.3657,0,1
NEU-008188,Control,B01,113.72,-66.72,335.7,21.07,137.1,-36.73,1.082,54.2,84,0.6375,0,1
NEU-008189,TreatmentB,B02,79.5,-67.47,171.6,7.93,85.6,-44.8,0.823,70.1,103,0.3372,1,1
NEU-008190,Control,B03,110.8,-78.0,190.9,9.94,147.3,-45.68,0.949,20.3,88,0.1658,0,1
NEU-008191,TreatmentB,B02,106.08,-72.09,118.6,7.33,72.8,-41.91,1.563,37.1,87,0.6646,1,0
NEU-008192,Control,B01,77.96,-56.85,220.7,9.05,118.8,-38.02,0.624,26.1,96,0.2256,0,1
NEU-008193,TreatmentA,B03,76.84,-65.13,142.2,4.86,133.9,-45.02,1.127,45.4,110,0.3743,1,1
NEU-008194,Control,B02,104.02,-70.03,217.0,27.96,88.9,-45.75,1.449,33.1,90,0.1719,0,0
NEU-008195,Control,B02,96.48,-71.26,335.8,13.45,80.7,-48.37,1.672,2.1,94,0.2483,0,0
NEU-008196,TreatmentA,B01,97.86,-70.61,93.5,24.61,86.4,-37.8,1.455,31.6,94,0.6657,0,1
NEU-008197,Control,B03,78.4,-71.5,262.7,25.17,145.0,-40.85,1.085,36.7,88,0.3353,1,0
NEU-008198,TreatmentB,B01,93.7,-51.57,111.2,8.19,80.4,-43.98,1.526,59.2,83,0.3676,1,0
NEU-008199,TreatmentB,B01,106.03,-60.51,90.9,6.13,89.7,-43.94,0.619,85.1,93,0.2432,1,1
NEU-008200,Control,B03,104.11,-54.11,236.6,18.67,83.9,-42.57,0.859,29.2,82,0.5273,0,0
NEU-008201,TreatmentA,B02,77.03,-57.85,361.9,11.09,102.5,-38.9,0.955,64.0,88,0.5546,1,0
NEU-008202,TreatmentA,B02,94.01,-65.92,130.9,12.79,58.9,-40.58,0.971,46.3,83,0.425,1,1
NEU-008203,TreatmentA,B03,83.73,-64.24,189.6,6.64,97.4,-39.86,2.579,53.1,85,0.2913,1,1
NEU-008204,TreatmentA,B01,101.99,-66.53,202.0,8.93,123.7,-44.98,1.076,52.1,90,0.1646,1,1
NEU-008205,TreatmentA,B02,105.35,-63.86,157.7,9.25,122.6,-39.41,0.905,52.6,77,0.4326,1,1
NEU-008206,TreatmentB,B01,84.41,-65.36,216.9,9.74,94.5,-41.74,0.875,61.2,93,0.1916,0,1
NEU-008207,TreatmentA,B02,103.75,-51.96,219.1,15.71,86.9,-50.68,1.697,52.6,91,0.4726,1,0
NEU-008208,TreatmentA,B01,101.44,-67.17,68.0,8.11,70.7,-41.07,0.941,50.9,82,0.5526,1,0
NEU-008209,TreatmentA,B02,98.01,-75.54,265.1,11.81,102.0,-45.43,0.875,52.4,102,0.2757,0,0
NEU-008210,Control,B02,127.12,-62.08,195.2,13.23,131.0,-37.16,1.283,44.5,98,0.4555,1,1
NEU-008211,TreatmentA,B01,121.57,-59.32,145.4,6.23,113.5,-35.76,1.378,31.2,87,0.4042,0,1
NEU-008212,Control,B01,102.32,-58.61,288.2,14.07,98.3,-49.93,0.555,51.3,85,0.5829,0,0
NEU-008213,TreatmentB,B03,101.95,-54.22,164.2,13.41,52.5,-43.95,1.065,49.0,75,0.3688,1,0
NEU-008214,TreatmentB,B02,84.42,-73.79,120.2,12.17,43.4,-37.97,1.577,58.2,80,0.3167,1,0
NEU-008215,TreatmentB,B01,80.19,-68.83,110.9,16.96,16.2,-36.27,0.8,81.4,84,0.2841,1,0
NEU-008216,TreatmentB,B03,79.86,-60.55,172.4,21.91,64.6,-42.17,1.212,59.6,78,0.4697,1,1
NEU-008217,TreatmentA,B01,97.43,-67.09,148.7,20.0,67.8,-47.19,0.781,59.4,74,0.2085,1,0
NEU-008218,TreatmentB,B01,95.38,-62.03,162.9,13.87,115.6,-45.56,0.897,44.6,80,0.293,0,1
NEU-008219,Control,B01,98.88,-61.28,155.6,18.28,98.3,-44.72,0.704,21.9,95,0.1793,0,0
NEU-008220,Control,B02,97.49,-65.01,181.2,16.9,171.0,-48.35,0.579,36.4,102,0.1427,0,0
NEU-008221,TreatmentA,B02,95.83,-71.78,191.9,9.16,109.7,-38.09,1.047,28.3,77,0.2558,0,1
NEU-008222,TreatmentA,B02,81.02,-65.97,116.3,14.66,104.5,-38.28,0.838,58.6,90,0.6089,0,1
NEU-008223,TreatmentA,B03,119.54,-59.57,87.0,16.2,52.1,-45.8,0.987,37.3,80,0.3307,1,1
NEU-008224,TreatmentA,B01,85.88,-66.83,100.0,7.13,44.7,-45.31,0.686,47.2,84,0.4152,1,0
NEU-008225,TreatmentB,B02,94.92,-65.38,146.1,9.71,61.8,-33.93,1.439,42.7,90,0.3338,1,1
NEU-008226,Control,B01,86.05,-57.73,196.8,21.08,174.1,-41.83,0.801,77.2,95,0.3687,1,0
NEU-008227,Control,B02,123.52,-71.21,100.0,8.17,179.2,-39.33,2.171,2.4,82,0.3599,1,1
NEU-008228,TreatmentA,B03,113.53,-67.78,218.0,12.95,151.2,-37.82,1.273,52.7,71,0.2552,1,1
NEU-008229,TreatmentA,B02,69.63,-68.32,426.0,10.26,181.7,-42.28,0.983,69.7,81,0.4545,0,0
NEU-008230,TreatmentA,B02,127.51,-68.63,137.6,14.61,96.9,-45.67,0.791,50.4,90,0.472,1,1
NEU-008231,Control,B01,78.37,-66.03,115.5,10.37,98.4,-40.22,0.821,77.6,105,0.2335,1,1
NEU-008232,Control,B03,99.82,-64.56,219.6,9.04,107.4,-38.76,1.077,32.1,91,0.1803,0,1
NEU-008233,Control,B01,74.19,-62.0,206.9,11.39,113.9,-41.23,2.304,35.9,91,0.3555,1,1
NEU-008234,Control,B02,96.84,-71.43,126.3,9.67,49.0,-46.91,0.931,38.0,84,0.2867,1,1
NEU-008235,Control,B01,91.2,-62.64,298.7,5.99,90.4,-43.65,1.224,26.4,95,0.4025,1,1
NEU-008236,TreatmentA,B03,126.73,-55.71,272.4,7.91,97.3,-38.34,0.843,52.2,88,0.4017,0,0
NEU-008237,TreatmentA,B03,89.48,-64.64,133.2,10.0,74.6,-39.22,1.082,58.9,89,0.4815,1,0
NEU-008238,Control,B02,106.52,-67.7,250.7,21.21,122.9,-44.31,1.04,33.7,88,0.4324,0,1
NEU-008239,TreatmentB,B01,88.52,-65.18,134.6,17.54,96.6,-35.8,1.504,34.5,92,0.2706,1,1
NEU-008240,TreatmentB,B03,106.2,-65.83,197.9,17.76,115.0,-38.22,1.415,76.7,84,0.4696,1,1
NEU-008241,TreatmentA,B01,90.76,-62.74,127.4,11.4,108.8,-44.81,1.472,37.4,97,0.564,1,1
NEU-008242,TreatmentB,B01,105.24,-61.23,159.4,16.8,43.3,-37.33,1.654,46.4,86,0.3673,1,1
NEU-008243,TreatmentB,B03,99.75,-77.7,87.7,19.85,131.2,-53.32,0.815,56.7,84,0.3169,1,0
NEU-008244,TreatmentB,B03,118.55,-64.4,354.5,11.9,74.1,-37.21,0.851,45.5,83,0.3092,0,1
NEU-008245,Control,B01,109.91,-54.16,262.6,12.91,203.8,-47.98,0.835,17.5,72,0.4873,0,0
NEU-008246,Control,B03,70.02,-64.98,211.8,12.46,86.1,-46.11,1.009,42.7,89,0.2844,0,0
NEU-008247,TreatmentB,B03,107.11,-61.48,92.7,9.44,75.7,-38.48,1.051,36.3,85,0.3379,0,1
NEU-008248,Control,B02,77.6,-65.76,121.4,22.33,99.4,-37.67,0.65,32.9,92,0.4758,0,1
NEU-008249,TreatmentA,B02,107.02,-60.29,272.6,20.61,149.1,-49.01,0.856,49.2,90,0.3573,0,0
NEU-008250,TreatmentB,B02,113.79,-61.32,258.4,15.61,44.5,-32.6,1.001,69.7,87,0.4686,1,1
NEU-008251,TreatmentB,B02,75.83,-67.83,113.3,13.9,23.7,-44.62,0.765,69.3,84,0.2533,0,1
NEU-008252,TreatmentA,B02,123.06,-65.1,255.6,11.08,80.5,-41.05,0.585,34.4,100,0.4357,0,1
NEU-008253,TreatmentA,B02,92.55,-62.42,101.5,15.03,119.7,-38.68,1.77,71.7,91,0.5518,1,1
NEU-008254,Control,B03,123.03,-62.58,132.1,10.59,141.0,-42.55,0.853,27.7,70,0.2913,0,1
NEU-008255,TreatmentB,B02,90.65,-72.31,81.2,11.85,186.0,-41.54,1.67,73.0,69,0.4527,1,0
NEU-008256,TreatmentB,B01,89.52,-65.94,61.5,26.63,100.1,-44.27,1.07,51.9,83,0.2594,1,0
NEU-008257,Control,B03,89.57,-74.58,156.6,6.39,122.7,-39.11,1.033,52.3,74,0.2854,1,0
NEU-008258,TreatmentA,B02,97.28,-61.71,263.7,20.34,209.0,-43.36,1.333,55.7,87,0.331,1,0
NEU-008259,TreatmentA,B03,92.39,-63.2,155.5,23.97,180.4,-41.05,1.099,78.6,67,0.5078,1,1
NEU-008260,Control,B02,82.2,-61.21,215.1,14.11,111.4,-43.89,1.478,14.2,91,0.2753,0,1
NEU-008261,Control,B03,118.39,-56.34,192.7,16.56,123.2,-44.1,1.145,27.6,95,0.4324,0,1
NEU-008262,TreatmentA,B02,109.71,-68.09,238.6,13.25,141.7,-50.26,1.196,49.3,77,0.3401,1,1
NEU-008263,TreatmentB,B03,93.93,-59.2,197.0,20.78,115.2,-47.31,0.665,62.1,84,0.3445,1,0
NEU-008264,TreatmentB,B03,104.33,-70.49,128.7,10.94,124.3,-50.37,2.168,37.3,78,0.3497,1,1
NEU-008265,Control,B03,140.39,-74.41,188.6,8.63,185.8,-38.72,0.675,39.5,91,0.3067,0,0
NEU-008266,TreatmentA,B01,100.86,-61.4,313.9,17.85,117.8,-38.65,1.347,60.0,72,0.6234,1,1
NEU-008267,TreatmentB,B01,104.25,-66.43,167.0,18.32,3.4,-33.18,1.302,88.1,81,0.4896,1,1
NEU-008268,Control,B01,131.99,-61.57,196.3,17.97,174.8,-40.56,1.565,23.1,81,0.6312,0,1
NEU-008269,TreatmentA,B01,117.78,-67.31,318.6,33.75,55.4,-37.93,0.974,63.2,73,0.6278,1,1
NEU-008270,Control,B02,101.27,-60.4,150.7,9.4,156.8,-46.36,1.019,40.7,88,0.429,1,1
NEU-008271,Control,B01,103.82,-76.53,224.3,10.93,149.7,-44.03,1.067,30.2,87,0.4418,0,0
NEU-008272,TreatmentA,B03,119.18,-65.21,92.7,37.72,91.3,-39.59,1.039,41.0,88,0.5913,0,1
NEU-008273,TreatmentA,B01,114.64,-70.24,115.4,21.51,50.0,-43.39,0.798,75.8,75,0.424,1,1
NEU-008274,TreatmentB,B01,93.66,-66.87,296.9,13.43,152.2,-40.73,0.856,14.4,95,0.3153,0,1
NEU-008275,TreatmentA,B03,77.41,-69.32,96.6,16.22,90.6,-41.28,0.955,50.8,67,0.1823,0,0
NEU-008276,Control,B02,87.53,-63.5,80.3,13.16,149.8,-41.16,1.05,41.5,87,0.4833,0,1
NEU-008277,TreatmentB,B01,90.19,-64.1,340.7,36.84,108.5,-49.25,0.679,56.5,78,0.2458,0,0
NEU-008278,TreatmentA,B03,106.39,-71.04,184.6,12.88,68.6,-41.16,0.759,32.5,78,0.4337,1,1
NEU-008279,TreatmentB,B03,103.54,-66.75,144.2,12.03,143.0,-43.43,1.437,63.0,85,0.423,1,1
NEU-008280,TreatmentB,B03,116.38,-72.79,141.9,9.93,113.7,-39.09,0.744,51.8,94,0.29,0,1
NEU-008281,TreatmentB,B02,110.63,-66.57,138.7,9.28,95.3,-43.6,1.023,45.3,94,0.5479,0,0
NEU-008282,TreatmentA,B01,113.03,-70.66,494.9,16.48,140.5,-45.64,1.001,47.0,88,0.2876,0,0
NEU-008283,Control,B02,112.26,-62.92,243.9,27.76,159.1,-38.7,0.786,28.8,97,0.2675,0,0
NEU-008284,TreatmentA,B02,105.78,-55.45,363.2,17.9,110.8,-36.64,1.455,20.9,83,0.3141,0,0
NEU-008285,TreatmentB,B02,98.79,-69.75,129.4,24.48,25.1,-41.98,1.175,62.5,81,0.0537,1,0
NEU-008286,Control,B02,95.44,-62.95,175.4,10.34,104.6,-43.43,1.464,44.1,70,0.5502,0,0
NEU-008287,TreatmentB,B01,68.78,-65.37,144.2,16.68,230.7,-46.4,0.825,55.8,102,0.4936,1,1
NEU-008288,TreatmentB,B01,105.93,-60.26,171.1,11.91,49.7,-39.0,0.985,76.2,95,0.2663,0,1
NEU-008289,TreatmentA,B01,94.62,-60.11,165.9,15.05,90.9,-43.3,1.305,59.6,93,0.1613,1,0
NEU-008290,TreatmentB,B03,105.06,-62.78,118.5,7.43,113.1,-44.75,0.822,58.1,102,0.5394,0,0
NEU-008291,Control,B01,83.06,-61.18,210.2,12.33,143.2,-37.35,1.393,28.7,86,0.1018,0,1
NEU-008292,TreatmentA,B02,92.62,-55.75,209.0,9.39,98.3,-47.98,0.996,51.4,83,0.494,1,0
NEU-008293,TreatmentA,B02,98.36,-63.47,173.9,16.38,86.1,-40.63,0.871,57.6,89,0.8121,1,1
NEU-008294,Control,B03,87.16,-56.48,157.6,8.81,83.6,-38.95,1.172,33.4,96,0.7257,0,0
NEU-008295,TreatmentA,B03,104.4,-71.56,276.9,17.52,114.0,-42.74,1.15,34.0,83,0.3056,0,0
NEU-008296,TreatmentA,B02,106.83,-62.25,185.0,11.06,111.3,-46.36,0.586,58.4,96,0.2452,1,1
NEU-008297,TreatmentB,B01,113.52,-61.31,68.7,14.59,131.3,-38.19,1.098,43.3,80,0.5598,1,1
NEU-008298,TreatmentA,B02,110.48,-71.33,117.6,13.59,161.2,-44.43,1.051,32.2,84,0.2803,0,0
NEU-008299,TreatmentB,B01,107.3,-70.46,268.9,19.8,114.9,-45.81,1.03,72.7,80,0.6362,0,1
NEU-008300,TreatmentB,B02,115.33,-68.23,201.0,15.88,124.1,-48.36,1.707,35.2,73,0.3792,1,1
NEU-008301,TreatmentB,B01,106.46,-61.24,190.6,11.99,73.9,-39.64,1.291,61.5,96,0.4494,1,1
NEU-008302,TreatmentB,B01,92.77,-63.41,306.1,9.06,71.6,-40.72,1.053,56.2,77,0.2522,0,1
NEU-008303,TreatmentB,B03,88.13,-68.27,100.7,11.64,121.6,-34.26,1.23,51.5,90,0.5657,1,0
NEU-008304,TreatmentA,B03,107.65,-58.41,234.9,12.45,117.3,-43.99,2.314,53.3,82,0.2806,1,1
NEU-008305,TreatmentA,B02,103.42,-66.75,259.3,11.71,127.4,-33.51,0.585,32.4,78,0.4092,0,1
NEU-008306,Control,B01,94.62,-74.13,147.7,6.6,148.7,-39.04,1.213,42.8,81,0.3721,1,0
NEU-008307,TreatmentA,B03,88.12,-54.96,165.1,8.09,77.3,-41.15,1.421,60.8,98,0.5751,1,0
NEU-008308,TreatmentB,B02,101.35,-68.34,209.5,12.72,134.8,-46.76,0.952,89.2,79,0.1632,1,1
NEU-008309,TreatmentA,B01,94.6,-70.61,176.6,11.09,140.3,-46.87,0.989,53.0,95,0.4758,1,0
NEU-008310,TreatmentA,B03,89.38,-64.4,200.5,12.95,100.9,-54.61,1.178,42.7,65,0.5358,1,1
NEU-008311,Control,B01,107.46,-53.94,57.7,10.11,130.5,-38.87,1.044,49.4,89,0.6546,0,0
NEU-008312,TreatmentA,B03,96.59,-62.23,308.5,12.25,165.3,-41.18,0.775,22.4,78,0.4444,0,0
NEU-008313,Control,B01,94.28,-57.11,278.3,13.5,112.2,-52.14,1.257,45.2,92,0.3372,0,0
NEU-008314,TreatmentA,B01,94.38,-58.0,161.5,7.33,84.9,-40.28,0.541,62.1,80,0.2778,1,0
NEU-008315,TreatmentB,B01,82.98,-67.15,196.0,13.71,109.4,-35.18,1.103,80.9,107,0.3446,1,1
NEU-008316,Control,B03,103.35,-67.26,590.4,11.44,137.7,-42.41,1.248,9.8,101,0.2551,0,1
NEU-008317,TreatmentB,B03,109.25,-70.6,236.9,12.38,50.5,-35.82,1.412,37.5,86,0.4663,1,0
NEU-008318,TreatmentB,B02,104.15,-64.71,188.6,6.62,170.2,-51.29,1.198,71.2,79,0.576,1,0
NEU-008319,TreatmentA,B01,139.73,-65.65,108.0,24.15,100.7,-30.89,1.207,54.7,77,0.29,1,1
NEU-008320,TreatmentA,B02,110.17,-60.71,206.8,6.62,66.4,-31.95,0.894,56.1,75,0.1641,1,1
NEU-008321,Control,B03,111.43,-67.68,187.5,9.13,178.3,-40.92,0.899,26.7,96,0.4804,0,0
NEU-008322,Control,B02,133.17,-76.93,367.4,31.67,186.4,-43.42,1.176,50.1,88,0.2644,0,0
NEU-008323,Control,B03,82.29,-61.15,414.7,7.2,130.1,-43.9,1.411,40.5,99,0.2783,0,1
NEU-008324,TreatmentA,B03,91.81,-69.77,323.3,19.38,95.0,-49.26,1.26,49.9,86,0.6063,0,1
NEU-008325,TreatmentA,B01,115.61,-58.9,247.3,13.54,80.2,-38.58,0.947,33.8,85,0.556,0,0
NEU-008326,TreatmentA,B01,111.93,-70.58,107.6,12.15,136.1,-37.78,0.898,44.5,87,0.2098,0,0
NEU-008327,Control,B01,79.87,-68.83,169.2,19.65,146.2,-46.61,0.525,53.6,86,0.4137,0,0
NEU-008328,TreatmentA,B02,136.23,-53.88,407.3,14.88,66.0,-39.45,0.736,52.5,94,0.5982,0,0
NEU-008329,TreatmentA,B03,102.37,-65.34,247.2,13.43,97.7,-36.79,1.416,61.9,95,0.6618,1,1
NEU-008330,TreatmentA,B02,107.05,-63.45,280.5,12.89,122.7,-44.05,0.948,47.3,101,0.5649,0,1
NEU-008331,Control,B02,109.52,-62.78,72.9,18.65,94.9,-42.46,1.341,54.9,81,0.3486,1,1
NEU-008332,TreatmentB,B02,103.55,-63.36,258.6,20.6,52.4,-42.47,1.008,88.1,88,0.3316,1,1
NEU-008333,TreatmentA,B01,100.26,-69.07,359.6,36.66,111.9,-43.82,0.986,56.8,94,0.4576,0,1
NEU-008334,TreatmentA,B03,67.25,-69.12,204.5,23.8,42.5,-42.77,1.105,32.3,74,0.474,0,0
NEU-008335,Control,B03,85.91,-77.55,307.6,15.1,150.0,-37.48,0.917,38.7,68,0.282,0,0
NEU-008336,TreatmentA,B03,85.97,-68.49,294.4,15.46,120.0,-39.46,0.669,58.1,102,0.4419,1,1
NEU-008337,TreatmentA,B03,86.25,-70.84,353.5,26.33,36.2,-48.04,1.842,25.0,72,0.5003,0,1
NEU-008338,TreatmentB,B02,106.28,-61.83,251.0,12.05,99.9,-46.41,0.848,44.0,96,0.1368,0,1
NEU-008339,TreatmentA,B01,80.11,-60.86,258.4,12.94,158.8,-42.16,1.053,34.3,91,0.3843,0,1
NEU-008340,TreatmentA,B01,101.61,-63.93,431.2,16.0,124.7,-33.06,1.462,23.6,73,0.5301,0,0
NEU-008341,TreatmentB,B01,62.08,-70.25,215.8,14.6,124.2,-42.97,1.245,60.3,85,0.6554,0,1
NEU-008342,Control,B03,102.5,-64.44,197.9,10.09,116.2,-43.21,0.963,15.4,95,0.5067,0,1
NEU-008343,Control,B02,85.85,-56.95,85.8,15.66,97.4,-48.09,0.732,60.6,90,0.4555,1,0
NEU-008344,TreatmentA,B03,124.97,-62.32,205.2,10.51,99.3,-37.68,0.943,70.6,84,0.542,1,0
NEU-008345,Control,B02,111.54,-67.98,120.7,12.49,110.7,-45.36,1.364,47.1,79,0.5882,1,0
NEU-008346,TreatmentB,B03,121.36,-63.31,150.1,8.5,76.8,-35.11,0.97,48.2,74,0.3991,1,0
NEU-008347,Control,B02,94.98,-58.53,226.9,10.36,98.6,-41.51,0.82,35.4,78,0.4036,0,0
NEU-008348,TreatmentB,B02,92.14,-67.29,239.3,24.41,60.2,-41.04,1.421,41.9,86,0.4389,0,1
NEU-008349,TreatmentA,B02,111.79,-62.0,293.4,23.97,88.8,-43.31,1.421,42.7,89,0.3618,1,1
NEU-008350,TreatmentA,B01,88.48,-65.35,100.5,17.71,62.9,-46.67,1.347,30.8,81,0.466,1,1
NEU-008351,TreatmentB,B02,110.35,-68.55,138.8,19.72,94.3,-41.54,0.908,56.0,84,0.3681,1,0
NEU-008352,Control,B02,94.02,-72.71,246.8,24.16,93.1,-43.77,1.319,25.6,80,0.3745,0,0
NEU-008353,TreatmentB,B01,103.83,-65.08,96.6,18.56,117.0,-46.72,1.442,61.4,108,0.3907,1,1
NEU-008354,TreatmentA,B03,105.91,-63.09,85.6,11.79,177.3,-46.24,1.332,50.3,109,0.186,1,1
NEU-008355,TreatmentB,B03,93.8,-68.98,220.6,25.61,133.3,-43.17,1.208,71.3,75,0.1139,1,0
NEU-008356,TreatmentB,B01,121.65,-62.76,248.4,28.32,164.8,-35.38,1.507,40.8,70,0.3756,0,1
NEU-008357,TreatmentA,B03,113.3,-66.5,298.0,14.07,108.8,-43.64,0.907,47.6,95,0.5595,0,1
NEU-008358,TreatmentA,B02,108.23,-69.55,239.2,12.78,67.7,-46.72,0.81,49.4,112,0.2246,0,0
NEU-008359,TreatmentB,B02,105.83,-53.88,191.1,11.72,108.2,-46.45,0.78,52.3,99,0.2906,1,0
NEU-008360,TreatmentA,B03,95.61,-66.69,179.6,9.11,138.1,-41.27,1.07,38.2,89,0.2031,1,1
NEU-008361,TreatmentB,B03,94.44,-63.18,121.9,25.2,66.9,-47.6,0.853,65.4,83,0.4438,1,1
NEU-008362,TreatmentA,B03,94.68,-66.1,86.7,9.12,82.6,-43.57,0.885,32.1,96,0.4437,0,0
NEU-008363,Control,B03,85.99,-64.88,146.2,14.19,107.4,-45.96,1.233,27.8,100,0.4114,0,1
NEU-008364,TreatmentA,B01,81.96,-66.13,239.4,15.92,145.9,-42.44,2.314,53.1,87,0.7222,1,0
NEU-008365,TreatmentB,B01,114.57,-63.53,120.4,37.53,137.1,-45.31,0.986,67.0,82,0.4506,1,1
NEU-008366,TreatmentB,B01,107.19,-65.38,192.0,15.24,151.8,-39.68,0.482,56.4,94,0.5771,0,1
NEU-008367,TreatmentA,B02,89.06,-69.32,215.7,6.52,42.2,-38.56,0.551,58.0,85,0.4068,0,1
NEU-008368,TreatmentA,B02,89.9,-53.14,303.1,26.62,61.1,-44.62,0.981,77.4,76,0.3704,1,0
NEU-008369,TreatmentB,B02,75.41,-63.79,208.9,18.99,121.4,-50.87,1.526,77.1,95,0.4474,1,1
NEU-008370,TreatmentA,B02,109.77,-74.5,115.0,23.27,114.6,-37.1,0.816,67.2,79,0.2682,0,0
NEU-008371,TreatmentA,B02,95.28,-68.52,81.5,11.23,91.8,-40.93,1.288,53.0,80,0.4283,0,1
NEU-008372,Control,B02,92.35,-70.87,260.2,8.0,97.9,-44.86,1.445,42.9,95,0.3137,0,0
NEU-008373,Control,B02,97.54,-69.22,602.2,9.27,118.0,-43.84,0.962,63.5,91,0.2631,0,1
NEU-008374,Control,B02,81.54,-62.47,170.4,11.68,152.7,-37.49,1.445,23.1,84,0.2868,1,1
NEU-008375,Control,B01,86.26,-65.06,126.3,9.21,201.2,-46.09,0.59,39.8,79,0.523,0,1
NEU-008376,TreatmentA,B01,86.8,-64.48,143.7,30.0,119.0,-42.29,0.674,49.5,100,0.6418,1,1
NEU-008377,TreatmentA,B03,93.5,-58.93,212.7,8.82,92.6,-42.3,0.724,44.4,95,0.3709,0,0
NEU-008378,Control,B02,87.17,-77.25,485.2,7.99,96.5,-38.92,1.124,20.5,85,0.3673,0,0
NEU-008379,TreatmentB,B02,98.09,-67.97,168.1,18.78,94.7,-40.31,1.025,47.9,84,0.4267,1,1
NEU-008380,TreatmentB,B03,95.41,-65.31,296.2,15.18,93.7,-46.15,1.029,63.3,90,0.3922,1,1
NEU-008381,Control,B03,104.09,-60.94,120.8,15.14,142.6,-43.49,1.351,47.6,80,0.3085,0,0
NEU-008382,TreatmentB,B03,98.56,-66.72,366.4,14.84,76.8,-41.38,0.623,61.0,92,0.2578,0,0
NEU-008383,TreatmentB,B01,95.49,-66.86,187.1,6.46,102.3,-32.93,2.783,29.7,97,0.4022,1,0
NEU-008384,TreatmentA,B01,80.15,-60.63,212.9,16.52,54.5,-38.91,2.041,58.9,88,0.3343,1,0
NEU-008385,TreatmentB,B01,89.76,-71.02,112.2,11.72,79.5,-37.39,1.353,51.4,84,0.5129,1,0
NEU-008386,Control,B03,81.99,-59.17,271.7,9.46,232.3,-41.22,1.073,2.8,84,0.1588,0,1
NEU-008387,TreatmentB,B03,92.69,-68.72,171.0,7.85,95.9,-38.7,0.858,51.3,91,0.4133,0,0
NEU-008388,Control,B03,100.76,-57.21,146.9,19.46,100.9,-45.99,1.287,47.7,87,0.3593,1,0
NEU-008389,TreatmentA,B03,85.66,-67.72,64.0,14.28,152.9,-40.45,1.373,61.2,94,0.5116,1,1
NEU-008390,TreatmentA,B02,110.49,-63.54,155.4,11.88,125.5,-44.52,0.531,22.7,83,0.5171,0,1
NEU-008391,TreatmentA,B02,98.4,-63.64,85.6,9.63,134.6,-40.73,1.245,44.7,86,0.2211,1,1
NEU-008392,TreatmentA,B02,103.63,-69.52,165.0,7.94,110.7,-44.89,1.112,51.5,81,0.2666,0,1
NEU-008393,TreatmentA,B01,86.15,-50.62,152.1,10.23,72.9,-47.37,1.069,70.5,84,0.1316,1,0
NEU-008394,TreatmentA,B01,92.98,-67.98,232.0,10.74,108.4,-41.48,1.048,40.4,82,0.2132,0,1
NEU-008395,TreatmentA,B03,86.74,-66.28,273.3,18.99,41.9,-44.81,0.732,48.9,72,0.3535,0,1
NEU-008396,TreatmentA,B01,117.06,-65.01,147.3,14.97,96.2,-40.9,1.797,26.6,96,0.4786,1,1
NEU-008397,Control,B02,120.1,-69.04,168.7,5.85,161.3,-43.85,0.596,26.0,75,0.2995,0,1
NEU-008398,Control,B03,102.51,-61.12,81.8,10.36,76.1,-40.7,0.959,20.0,63,0.575,0,1
NEU-008399,TreatmentA,B01,67.24,-64.87,181.9,11.3,79.8,-36.78,0.892,48.2,90,0.5153,1,0
NEU-008400,Control,B01,120.25,-63.14,289.7,24.11,90.2,-41.57,1.128,44.3,75,0.2983,0,0
NEU-008401,Control,B02,79.72,-56.5,88.5,12.31,138.0,-46.31,1.201,53.8,82,0.264,0,0
NEU-008402,TreatmentA,B03,109.94,-60.83,191.2,8.25,160.3,-35.9,1.13,47.3,83,0.5327,1,0
NEU-008403,TreatmentA,B03,100.01,-73.69,296.3,13.21,180.3,-38.35,1.132,47.6,82,0.3184,0,0
NEU-008404,Control,B01,113.21,-67.51,205.0,10.2,101.7,-43.86,1.755,62.3,91,0.5094,1,0
NEU-008405,TreatmentB,B01,128.18,-72.5,115.7,9.76,32.1,-40.19,1.01,44.6,85,0.5217,0,0
NEU-008406,TreatmentB,B02,115.55,-64.72,172.5,13.95,61.2,-36.06,1.254,81.3,86,0.2942,1,1
NEU-008407,Control,B03,132.45,-77.37,140.4,9.51,191.8,-41.83,1.383,55.3,71,0.2892,1,0
NEU-008408,Control,B02,74.23,-61.87,248.0,12.2,153.7,-38.02,1.171,47.1,85,0.4513,0,1
NEU-008409,TreatmentA,B03,82.6,-66.45,250.5,11.21,184.9,-39.73,1.349,46.4,101,0.4188,1,1
NEU-008410,TreatmentB,B01,115.22,-64.14,293.9,19.79,49.4,-36.15,0.998,68.8,93,0.5883,1,1
NEU-008411,TreatmentB,B02,89.86,-67.65,107.3,7.89,106.8,-44.37,0.837,69.9,83,0.8933,1,0
NEU-008412,TreatmentB,B01,81.44,-66.61,167.5,12.94,163.7,-43.49,0.69,56.1,84,0.5853,0,1
NEU-008413,TreatmentA,B03,148.67,-69.01,294.4,8.23,91.6,-37.08,0.987,77.1,92,0.2996,0,0
NEU-008414,TreatmentA,B02,111.01,-60.12,193.8,14.28,100.8,-48.26,0.788,61.1,69,0.0774,1,0
NEU-008415,TreatmentB,B03,95.57,-63.05,328.7,9.09,94.0,-40.62,0.667,60.7,111,0.6773,0,0
NEU-008416,TreatmentB,B03,114.74,-60.93,244.2,12.0,69.1,-46.43,1.056,75.2,77,0.3932,0,0
NEU-008417,TreatmentA,B01,101.48,-65.33,340.3,15.55,110.2,-50.72,1.606,54.9,72,0.1842,1,0
NEU-008418,TreatmentA,B02,99.77,-65.25,184.3,8.12,132.7,-40.17,2.494,49.8,84,0.4586,1,0
NEU-008419,Control,B01,95.14,-71.6,238.9,20.83,157.9,-47.31,1.31,40.9,105,0.4107,0,1
NEU-008420,TreatmentB,B02,92.47,-59.4,292.1,28.07,21.7,-37.25,0.891,47.2,74,0.5464,0,1
NEU-008421,TreatmentB,B02,80.88,-67.72,143.0,26.84,94.2,-39.89,1.111,67.8,80,0.3563,1,0
NEU-008422,TreatmentA,B02,104.92,-55.17,363.3,24.56,71.7,-35.86,0.927,53.7,86,0.5225,0,1
NEU-008423,Control,B02,107.47,-63.98,105.2,22.83,125.7,-39.5,0.98,24.6,75,0.5108,0,1
NEU-008424,Control,B03,92.91,-75.98,198.6,12.64,115.8,-43.83,0.918,22.6,83,0.2228,0,0
NEU-008425,TreatmentB,B02,115.65,-64.62,139.4,17.67,-22.8,-44.2,1.048,84.2,69,0.2956,1,1
NEU-008426,TreatmentB,B02,117.18,-67.14,145.3,8.39,81.2,-37.77,0.793,67.5,77,0.3701,1,1
NEU-008427,Control,B03,106.05,-70.09,108.9,11.99,180.1,-45.38,0.937,28.6,102,0.1299,0,0
NEU-008428,Control,B03,111.42,-65.13,574.4,13.91,122.2,-37.9,0.997,15.7,101,0.4257,0,1
NEU-008429,TreatmentB,B01,120.65,-65.16,510.9,11.36,47.2,-44.53,1.142,57.0,80,0.324,0,1
NEU-008430,TreatmentA,B02,114.82,-68.91,400.9,7.21,152.6,-40.41,1.245,15.6,94,0.5085,0,0
NEU-008431,TreatmentB,B03,82.72,-68.97,104.0,18.61,168.2,-40.9,0.956,50.7,88,0.3592,1,0
NEU-008432,TreatmentB,B03,84.53,-62.0,231.1,19.25,115.0,-43.71,1.063,46.8,76,0.3233,1,0
NEU-008433,TreatmentA,B03,109.04,-62.33,241.6,20.77,143.9,-43.0,0.997,32.7,82,0.385,0,1
NEU-008434,TreatmentA,B01,104.8,-68.05,544.5,18.79,14.1,-43.34,0.842,26.7,81,0.3941,0,1
NEU-008435,TreatmentA,B03,107.7,-60.81,161.0,10.73,83.4,-40.54,2.106,59.7,83,0.4242,1,0
NEU-008436,TreatmentA,B02,82.29,-60.71,237.4,9.23,129.1,-50.08,0.92,41.1,84,0.5889,0,0
NEU-008437,TreatmentA,B02,79.69,-63.63,272.2,7.39,121.1,-36.83,0.793,68.7,64,0.4235,0,1
NEU-008438,TreatmentA,B02,101.15,-67.35,295.2,15.91,96.7,-42.55,0.812,10.1,94,0.5813,0,1
NEU-008439,Control,B01,96.23,-66.99,158.4,11.42,142.7,-48.25,1.152,49.8,94,0.3456,0,1
NEU-008440,TreatmentB,B01,125.96,-60.37,167.6,18.21,107.9,-44.24,1.12,59.1,85,0.766,0,1
NEU-008441,Control,B01,100.52,-64.3,217.7,20.55,123.1,-42.32,2.032,27.7,93,0.2933,1,1
NEU-008442,Control,B02,92.04,-61.76,138.4,11.04,132.4,-45.15,1.12,46.3,84,0.1115,1,1
NEU-008443,TreatmentA,B01,92.27,-57.59,193.2,7.33,119.0,-40.82,1.114,47.7,83,0.2669,1,0
NEU-008444,TreatmentB,B01,123.32,-59.77,125.7,4.28,132.5,-48.83,1.105,62.3,85,0.1918,1,1
NEU-008445,TreatmentA,B03,97.99,-55.38,113.3,16.48,134.4,-42.77,2.008,52.9,79,0.4544,1,0
NEU-008446,TreatmentB,B03,97.1,-70.12,354.4,11.48,105.1,-39.62,1.03,71.3,75,0.5806,0,0
NEU-008447,TreatmentB,B01,93.67,-67.59,142.1,14.68,107.3,-40.02,0.907,43.4,95,0.3694,1,0
NEU-008448,TreatmentA,B01,96.24,-65.0,249.1,15.63,136.5,-50.93,1.359,50.5,89,0.3176,0,1
NEU-008449,TreatmentA,B03,83.83,-71.43,160.7,8.37,150.4,-36.71,1.141,68.3,61,0.2529,1,1
NEU-008450,Control,B02,84.48,-62.85,637.7,11.99,49.1,-39.34,2.795,38.2,92,0.295,0,1
NEU-008451,Control,B03,88.14,-65.94,242.6,18.42,109.4,-44.74,0.937,26.3,78,0.3343,1,1
NEU-008452,TreatmentB,B02,79.28,-62.85,170.8,18.74,103.1,-44.81,1.926,61.1,71,0.4151,1,1
NEU-008453,TreatmentB,B03,78.18,-63.69,251.4,17.29,65.5,-44.31,0.928,71.5,101,0.4542,1,1
NEU-008454,TreatmentA,B01,88.58,-72.22,138.2,16.0,122.4,-37.99,1.19,25.8,82,0.3533,0,0
NEU-008455,TreatmentB,B02,83.28,-67.16,250.8,13.18,79.3,-40.25,1.109,59.6,79,0.3869,1,0
NEU-008456,TreatmentB,B02,112.16,-64.09,163.7,6.21,94.4,-47.2,1.407,72.6,85,0.5924,1,0
NEU-008457,TreatmentB,B02,99.66,-67.2,148.9,20.94,137.0,-49.81,1.865,46.9,96,0.252,1,0
NEU-008458,TreatmentA,B03,76.3,-65.43,188.5,11.81,89.4,-40.36,0.723,56.3,79,0.4945,1,1
NEU-008459,TreatmentB,B02,100.98,-60.0,310.3,13.27,130.7,-37.19,1.155,62.5,83,0.5178,0,1
NEU-008460,TreatmentA,B03,78.57,-64.21,122.5,12.04,162.2,-45.08,0.777,50.7,88,0.6494,1,1
NEU-008461,TreatmentB,B03,87.86,-67.39,184.1,20.76,88.2,-35.18,1.069,68.4,85,0.3679,1,0
NEU-008462,Control,B02,83.18,-65.77,235.4,11.0,62.6,-41.91,0.978,38.0,92,0.2443,0,1
NEU-008463,Control,B02,84.48,-59.43,179.1,11.86,156.6,-40.23,0.809,45.4,71,0.6024,0,0
NEU-008464,TreatmentA,B02,105.35,-61.33,101.7,14.65,126.6,-43.8,1.171,49.6,82,0.1452,1,0
NEU-008465,Control,B01,89.43,-72.34,134.9,9.73,162.2,-38.49,1.106,62.9,72,0.298,1,0
NEU-008466,TreatmentB,B03,85.2,-65.28,294.6,8.14,129.0,-42.1,0.699,43.3,88,0.293,0,1
NEU-008467,Control,B02,100.09,-66.38,156.5,13.67,107.4,-39.4,0.999,46.3,79,0.4349,0,1
NEU-008468,TreatmentB,B02,79.48,-56.54,149.0,10.89,139.7,-38.08,1.322,40.8,70,0.3646,1,0
NEU-008469,TreatmentB,B02,122.55,-72.98,217.5,10.5,131.3,-33.62,0.636,26.6,68,0.3682,0,0
NEU-008470,TreatmentA,B03,102.26,-60.53,325.2,15.3,127.3,-48.17,0.896,50.5,84,0.154,0,0
NEU-008471,TreatmentA,B03,113.68,-54.33,124.0,22.78,148.0,-34.68,0.709,32.1,100,0.2286,1,0
NEU-008472,TreatmentA,B03,96.17,-78.5,125.4,14.2,130.3,-37.63,0.913,29.1,79,0.5287,0,0
NEU-008473,Control,B03,63.28,-70.81,78.1,15.21,93.8,-37.97,1.324,32.7,72,0.2724,1,0
NEU-008474,TreatmentB,B03,86.14,-71.89,224.3,25.1,69.3,-39.5,1.289,56.9,79,0.6338,1,1
NEU-008475,TreatmentB,B01,102.77,-60.27,483.3,16.98,131.8,-37.05,1.117,53.9,73,0.306,0,0
NEU-008476,Control,B01,120.56,-61.13,97.5,9.53,112.3,-44.46,1.382,24.0,88,0.3581,0,0
NEU-008477,TreatmentB,B03,124.26,-53.36,221.5,10.94,81.1,-40.69,0.878,47.3,83,0.4709,0,0
NEU-008478,Control,B03,112.46,-73.2,154.0,16.64,158.6,-41.09,1.645,28.0,89,0.2565,1,0
NEU-008479,TreatmentA,B03,95.67,-67.08,423.8,36.05,80.4,-40.82,0.8,47.4,94,0.3627,0,1
NEU-008480,Control,B01,95.92,-61.87,115.1,13.46,100.1,-44.25,0.988,33.2,89,0.4985,0,1
NEU-008481,Control,B02,77.86,-65.86,394.6,12.76,106.4,-47.36,1.604,28.3,69,0.4649,1,1
NEU-008482,Control,B01,91.17,-52.59,136.0,19.17,145.5,-39.35,0.889,36.4,78,0.6045,0,1
NEU-008483,TreatmentA,B03,81.36,-61.7,133.8,11.84,118.5,-50.67,1.173,59.9,90,0.3544,1,1
NEU-008484,Control,B01,89.37,-70.96,212.3,9.85,79.0,-38.09,0.998,53.5,72,0.1964,0,1
NEU-008485,TreatmentB,B03,116.19,-57.13,123.6,6.95,155.6,-43.69,1.659,50.0,75,0.4495,1,0
NEU-008486,TreatmentB,B02,89.9,-68.91,74.4,14.34,161.2,-39.72,1.274,66.9,73,0.6421,1,1
NEU-008487,Control,B01,95.57,-60.77,140.7,14.45,93.4,-36.73,1.121,57.4,76,0.2052,1,1
NEU-008488,TreatmentB,B02,103.34,-60.36,413.5,8.22,173.9,-45.82,0.518,47.5,102,0.1771,0,1
NEU-008489,TreatmentB,B03,98.9,-66.02,95.2,15.53,40.6,-39.6,0.71,43.4,75,0.3857,0,1
NEU-008490,Control,B02,104.3,-67.0,214.2,22.58,137.9,-43.04,0.691,45.7,89,0.22,0,0
NEU-008491,Control,B03,98.51,-62.46,85.7,33.28,80.0,-44.06,0.586,21.7,86,0.4008,0,1
NEU-008492,Control,B03,122.65,-68.47,170.8,23.58,142.1,-41.63,1.347,29.8,70,0.3105,1,0
NEU-008493,Control,B02,131.07,-61.14,225.5,25.72,119.2,-38.44,0.936,67.4,73,0.2399,1,0
NEU-008494,Control,B02,66.88,-73.46,72.8,13.77,115.3,-46.9,0.567,42.8,91,0.2552,0,0
NEU-008495,TreatmentB,B02,97.5,-60.53,185.2,21.07,63.3,-50.16,1.317,38.7,81,0.2885,0,1
NEU-008496,TreatmentA,B01,117.38,-58.31,360.0,5.07,80.8,-38.47,0.796,60.2,76,0.3411,0,1
NEU-008497,Control,B01,106.29,-58.89,183.7,11.43,131.4,-28.94,0.692,50.5,83,0.383,0,0
NEU-008498,Control,B02,121.12,-66.97,104.4,6.57,99.8,-41.04,1.021,45.6,83,0.5189,1,0
NEU-008499,TreatmentB,B03,136.57,-58.37,374.0,7.92,68.1,-42.04,1.032,49.4,84,0.3321,0,1
NEU-008500,Control,B01,100.41,-72.37,212.1,30.26,101.2,-41.55,0.667,51.3,76,0.4121,0,0
NEU-008501,Control,B02,74.67,-66.91,199.6,18.0,127.4,-47.11,1.395,23.7,72,0.5143,1,1
NEU-008502,TreatmentA,B03,108.93,-66.29,215.6,8.49,133.4,-44.49,0.865,36.9,85,0.2884,1,1
NEU-008503,TreatmentA,B01,106.42,-55.16,241.3,12.71,142.4,-36.82,0.656,44.3,79,0.3794,0,0
NEU-008504,Control,B02,65.97,-71.47,167.9,20.32,58.9,-45.27,1.215,34.1,96,0.2847,1,0
NEU-008505,TreatmentB,B03,110.75,-57.17,298.5,12.92,61.3,-39.83,1.096,61.1,92,0.3417,1,1
NEU-008506,Control,B01,111.3,-61.6,97.2,7.62,166.7,-39.04,1.541,51.3,86,0.2901,1,0
NEU-008507,TreatmentA,B02,132.33,-68.91,304.1,18.92,114.0,-46.94,0.845,74.1,72,0.2343,1,1
NEU-008508,TreatmentA,B01,141.48,-67.87,308.4,12.23,120.0,-41.78,1.356,16.2,76,0.5075,0,0
NEU-008509,Control,B01,97.05,-61.67,199.9,10.71,205.6,-45.28,1.088,32.8,95,0.5624,0,0
NEU-008510,Control,B03,118.01,-74.44,483.8,11.18,219.6,-43.46,0.877,39.2,71,0.2064,0,0
NEU-008511,TreatmentA,B02,94.42,-67.98,105.7,14.85,141.1,-43.59,0.946,47.3,84,0.1507,0,0
NEU-008512,Control,B01,77.56,-76.66,178.7,12.84,145.1,-35.18,1.242,39.8,62,0.2781,0,0
NEU-008513,Control,B02,114.29,-62.04,286.9,20.42,123.3,-45.64,0.789,44.0,68,0.6076,1,1
NEU-008514,Control,B02,89.55,-61.46,134.4,12.3,78.4,-40.68,0.882,29.7,94,0.4347,1,1
NEU-008515,TreatmentA,B03,109.69,-66.24,206.3,8.47,127.8,-36.94,0.887,27.2,92,0.3273,0,1
NEU-008516,TreatmentA,B01,125.04,-64.74,183.3,7.0,54.7,-39.62,0.907,44.2,87,0.4929,0,0
NEU-008517,TreatmentB,B03,88.89,-63.17,95.2,11.93,70.8,-40.76,1.602,65.0,78,0.3,1,1
NEU-008518,TreatmentB,B01,104.81,-66.55,97.2,13.01,60.3,-39.9,0.938,69.3,101,0.1696,0,1
NEU-008519,Control,B01,95.77,-70.01,414.0,9.24,64.6,-44.48,0.642,44.6,60,0.397,0,1
NEU-008520,Control,B03,111.45,-69.15,158.1,13.75,100.1,-43.36,0.799,23.5,78,0.4952,0,0
NEU-008521,TreatmentA,B01,90.03,-62.85,115.7,9.56,65.6,-42.61,1.309,69.5,83,0.4188,1,0
NEU-008522,TreatmentB,B03,70.86,-63.92,129.6,17.62,64.6,-46.35,1.011,39.9,83,0.537,0,1
NEU-008523,TreatmentB,B02,116.24,-63.1,234.2,11.61,139.9,-43.67,1.485,73.5,87,0.4426,1,1
NEU-008524,TreatmentA,B03,112.61,-75.31,325.7,8.96,138.6,-39.94,1.46,35.0,76,0.2404,1,1
NEU-008525,Control,B01,90.57,-60.63,348.0,21.39,182.3,-43.6,0.904,28.0,89,0.6594,0,1
NEU-008526,Control,B03,83.55,-67.88,276.5,20.8,172.9,-33.25,1.469,36.3,88,0.5019,1,1
NEU-008527,Control,B01,89.06,-71.94,204.9,18.24,152.4,-43.58,1.042,23.2,84,0.2348,0,0
NEU-008528,TreatmentA,B02,88.85,-67.4,175.2,12.21,170.6,-43.11,0.621,25.6,79,0.3595,0,0
NEU-008529,Control,B01,136.04,-61.86,198.8,14.52,146.4,-48.15,1.656,31.1,94,0.4209,1,1
NEU-008530,Control,B03,97.47,-61.43,120.1,20.12,106.3,-48.87,1.772,42.7,88,0.214,1,0
NEU-008531,TreatmentB,B03,69.16,-58.35,83.6,7.86,24.2,-46.3,1.73,71.4,96,0.5711,1,0
NEU-008532,TreatmentB,B02,106.05,-73.67,116.9,13.89,82.9,-52.93,0.741,49.7,89,0.5222,1,0
NEU-008533,Control,B03,104.94,-58.32,128.5,17.05,142.9,-48.12,1.023,43.7,69,0.3081,1,0
NEU-008534,TreatmentA,B03,86.5,-58.72,111.7,22.54,69.5,-36.58,1.522,41.8,97,0.6311,0,1
NEU-008535,TreatmentA,B02,118.15,-73.42,163.0,7.56,125.4,-43.41,1.365,59.3,92,0.4318,1,0
NEU-008536,TreatmentA,B02,133.6,-66.28,130.0,9.45,100.0,-41.0,1.25,46.0,96,0.2651,1,1
NEU-008537,TreatmentB,B02,98.46,-58.71,478.7,9.16,131.5,-39.46,0.747,44.5,100,0.352,0,0
NEU-008538,TreatmentA,B01,84.96,-63.68,101.8,10.79,115.5,-36.0,1.088,34.0,87,0.3769,1,1
NEU-008539,Control,B02,94.87,-65.49,307.9,13.07,166.7,-42.8,0.884,34.1,73,0.5841,0,1
NEU-008540,Control,B01,113.78,-64.84,191.8,12.6,126.0,-41.0,0.881,22.0,80,0.2756,0,0
NEU-008541,Control,B03,104.84,-52.53,109.1,15.88,188.6,-51.27,1.557,38.9,81,0.1899,0,0
NEU-008542,TreatmentA,B03,107.6,-72.4,226.0,11.66,71.5,-37.77,0.691,68.8,107,0.4141,0,0
NEU-008543,TreatmentB,B03,83.9,-61.88,286.6,16.0,135.5,-34.62,0.686,54.7,70,0.3396,0,0
NEU-008544,TreatmentB,B03,103.11,-72.45,234.7,13.61,124.7,-41.09,1.221,79.8,101,0.3239,1,0
NEU-008545,TreatmentA,B01,95.39,-56.39,104.9,17.36,140.1,-35.54,0.687,52.9,86,0.4107,1,0
NEU-008546,Control,B02,117.67,-59.86,220.1,15.25,98.7,-42.17,1.471,40.0,85,0.3283,1,1
NEU-008547,Control,B01,92.0,-70.74,159.2,13.34,205.2,-43.22,0.965,16.5,82,0.7672,0,0
NEU-008548,TreatmentA,B01,73.68,-61.45,202.7,15.03,147.0,-45.47,0.914,47.7,79,0.2352,0,0
NEU-008549,Control,B02,91.41,-54.48,166.0,15.35,114.1,-43.86,1.37,54.4,82,0.2822,1,0
NEU-008550,Control,B03,132.67,-71.88,330.1,15.93,59.7,-46.8,1.415,30.2,89,0.441,0,1
NEU-008551,Control,B03,86.64,-67.8,179.9,14.38,124.5,-38.37,1.141,48.2,97,0.6062,0,1
NEU-008552,TreatmentB,B03,110.1,-62.38,141.2,7.96,80.2,-45.66,1.046,75.6,84,0.3242,1,1
NEU-008553,TreatmentA,B01,95.38,-64.89,236.9,10.66,79.5,-39.93,0.8,54.9,81,0.2864,0,1
NEU-008554,Control,B03,78.11,-68.39,65.1,8.64,119.5,-46.93,0.641,29.1,77,0.3692,0,1
NEU-008555,Control,B01,116.17,-78.22,182.7,15.63,134.9,-36.63,1.61,45.1,97,0.7877,1,1
NEU-008556,Control,B02,87.18,-65.46,206.9,15.7,197.9,-47.58,1.07,47.7,89,0.2625,1,0
NEU-008557,Control,B01,70.43,-68.05,199.0,13.33,103.3,-46.17,0.894,29.2,74,0.4627,0,1
NEU-008558,Control,B01,104.68,-56.28,152.8,33.51,128.9,-44.56,1.046,33.8,76,0.5598,1,1
NEU-008559,Control,B02,122.42,-71.67,290.5,11.94,133.6,-40.85,0.757,22.5,78,0.4695,0,0
NEU-008560,TreatmentA,B01,80.17,-71.82,149.6,24.17,133.8,-39.23,1.067,40.1,100,0.3791,1,0
NEU-008561,TreatmentA,B03,124.73,-69.06,195.0,6.78,68.8,-44.82,1.479,54.4,99,0.4598,0,0
NEU-008562,Control,B02,105.99,-67.22,243.7,19.95,134.2,-42.05,0.64,29.1,104,0.384,0,0
NEU-008563,Control,B03,94.65,-60.58,275.8,7.99,182.6,-36.81,1.518,62.2,106,0.5447,1,0
NEU-008564,TreatmentA,B03,128.55,-62.28,120.5,12.29,90.2,-45.2,0.825,53.1,84,0.4767,1,0
NEU-008565,TreatmentA,B01,122.36,-59.99,333.6,19.24,115.1,-35.64,0.714,53.9,90,0.4161,0,0
NEU-008566,Control,B03,75.69,-59.73,170.5,17.11,99.2,-46.69,1.06,24.4,77,0.5638,0,1
NEU-008567,TreatmentA,B01,110.96,-56.71,75.4,10.92,103.2,-47.9,1.282,48.6,78,0.6048,1,0
NEU-008568,TreatmentB,B03,92.74,-72.24,241.8,11.79,114.2,-41.05,0.985,62.9,99,0.2777,0,0
NEU-008569,Control,B02,85.96,-72.67,156.3,10.21,136.0,-35.18,1.136,53.0,90,0.367,1,0
NEU-008570,TreatmentA,B02,104.18,-74.96,247.4,21.02,99.1,-36.29,1.01,41.3,96,0.181,0,0
NEU-008571,TreatmentB,B02,87.45,-60.42,147.4,11.03,76.2,-41.85,0.996,50.7,97,0.3347,0,1
NEU-008572,TreatmentA,B02,134.06,-58.59,178.5,12.24,118.5,-40.12,0.751,27.8,91,0.4797,0,1
NEU-008573,TreatmentA,B01,94.98,-63.08,117.4,9.17,84.5,-33.22,1.311,18.5,100,0.267,1,1
NEU-008574,TreatmentA,B01,97.23,-59.1,522.0,14.72,125.0,-40.75,0.691,37.8,86,0.3039,0,0
NEU-008575,TreatmentB,B03,77.4,-56.25,281.5,10.88,147.3,-42.99,1.005,49.5,85,0.3979,1,0
NEU-008576,TreatmentA,B02,110.34,-72.09,137.2,22.47,165.9,-44.62,1.709,61.6,90,0.6477,0,1
NEU-008577,TreatmentB,B02,87.39,-67.33,235.5,14.39,161.5,-34.57,0.711,22.7,76,0.122,0,0
NEU-008578,Control,B02,105.32,-61.37,199.3,9.5,149.9,-49.76,1.119,59.3,84,0.4263,1,0
NEU-008579,Control,B02,106.68,-64.02,210.0,18.72,143.3,-53.57,1.645,34.6,100,0.4736,0,1
NEU-008580,TreatmentB,B03,92.86,-65.56,156.7,14.21,106.7,-45.67,1.434,71.9,95,0.2695,0,1
NEU-008581,Control,B01,98.71,-65.42,181.0,7.84,121.4,-41.76,1.123,43.6,78,0.5546,1,0
NEU-008582,TreatmentB,B02,98.74,-72.15,156.3,16.94,111.9,-44.58,0.759,46.8,86,0.2767,0,0
NEU-008583,TreatmentB,B02,121.45,-63.96,315.6,17.24,59.8,-43.37,0.874,56.4,97,0.2302,1,1
NEU-008584,TreatmentA,B01,96.24,-66.35,165.4,13.12,65.8,-41.61,0.893,23.1,70,0.6244,0,1
NEU-008585,TreatmentB,B01,118.25,-68.55,134.4,11.53,131.8,-47.35,0.782,52.9,93,0.3988,0,1
NEU-008586,TreatmentB,B02,93.93,-56.92,123.5,13.37,155.8,-39.44,1.289,62.5,91,0.2556,1,0
NEU-008587,Control,B03,135.05,-63.13,141.0,15.62,155.8,-43.99,0.762,29.3,108,0.2837,1,0
NEU-008588,TreatmentA,B03,95.62,-65.94,262.3,12.04,75.3,-36.93,1.09,84.0,78,0.5142,1,1
NEU-008589,Control,B03,111.67,-62.07,212.4,10.99,74.1,-42.98,1.224,48.0,64,0.4185,1,0
NEU-008590,TreatmentB,B01,124.27,-66.55,228.2,19.93,104.7,-43.57,0.762,40.9,94,0.4777,0,1
NEU-008591,TreatmentA,B02,105.26,-65.22,140.0,14.19,79.5,-43.86,0.985,46.5,75,0.4013,1,1
NEU-008592,Control,B03,84.39,-73.28,291.8,19.24,85.1,-39.03,1.173,57.0,80,0.51,1,0
NEU-008593,Control,B01,124.18,-59.37,126.8,15.63,181.0,-43.21,1.406,52.2,77,0.271,1,0
NEU-008594,TreatmentA,B03,104.16,-70.24,239.0,9.99,136.2,-37.67,0.86,84.4,83,0.3127,1,1
NEU-008595,TreatmentA,B03,79.62,-71.94,162.5,14.78,162.3,-53.41,1.444,48.9,93,0.1729,1,0
NEU-008596,TreatmentB,B01,103.4,-61.88,368.3,10.63,109.3,-37.74,1.531,27.7,63,0.3433,0,1
NEU-008597,TreatmentB,B02,109.21,-62.61,309.5,16.05,97.0,-34.18,0.927,57.6,75,0.3875,0,1
NEU-008598,Control,B03,78.29,-62.05,178.0,7.13,182.2,-49.69,1.127,28.5,78,0.3242,0,1
NEU-008599,TreatmentA,B03,119.79,-55.37,143.3,20.65,89.5,-48.45,1.269,60.0,88,0.6909,0,1
NEU-008600,TreatmentA,B03,96.61,-57.87,317.3,49.53,90.6,-41.45,1.749,63.8,91,0.5404,1,1
NEU-008601,Control,B01,99.71,-61.2,155.9,16.61,167.0,-39.65,1.442,41.6,78,0.319,1,1
NEU-008602,Control,B01,74.21,-64.12,271.0,11.16,165.0,-41.65,1.399,32.8,81,0.3181,0,1
NEU-008603,TreatmentB,B03,116.5,-57.76,222.4,13.68,129.1,-37.51,0.697,79.3,86,0.5291,1,0
NEU-008604,TreatmentB,B03,78.23,-69.18,91.4,9.32,84.5,-40.39,1.029,56.9,96,0.4855,1,0
NEU-008605,TreatmentA,B02,99.34,-58.84,178.6,23.93,108.2,-41.49,1.071,54.4,86,0.2675,1,0
NEU-008606,TreatmentA,B02,90.94,-74.42,551.5,13.37,105.1,-47.55,1.238,47.6,76,0.2436,0,0
NEU-008607,TreatmentA,B03,88.08,-60.24,380.7,21.4,182.3,-33.13,1.559,38.6,81,0.6187,0,1
NEU-008608,TreatmentB,B03,131.8,-70.06,170.3,7.51,111.5,-46.87,1.227,66.5,84,0.4132,0,0
NEU-008609,Control,B01,88.51,-61.96,229.0,12.7,152.2,-38.4,1.228,40.1,88,0.5358,0,1
NEU-008610,TreatmentA,B03,102.95,-65.38,207.4,25.31,119.8,-46.94,0.866,61.6,93,0.5288,0,1
NEU-008611,TreatmentA,B01,121.47,-59.24,325.4,17.16,21.4,-43.12,1.296,46.9,84,0.2681,1,1
NEU-008612,Control,B01,89.03,-63.4,304.4,10.07,120.5,-39.01,1.423,8.8,83,0.5545,0,1
NEU-008613,TreatmentA,B01,133.84,-68.4,131.5,20.37,57.2,-42.3,0.931,37.3,89,0.4382,0,1
NEU-008614,Control,B03,107.39,-55.95,260.5,4.29,165.9,-47.45,1.635,28.4,97,0.4826,0,0
NEU-008615,TreatmentB,B03,114.3,-82.93,161.4,15.87,81.7,-43.18,0.877,42.1,86,0.5998,1,1
NEU-008616,TreatmentA,B02,101.44,-57.19,286.0,24.06,160.0,-39.25,1.15,61.4,79,0.3053,0,0
NEU-008617,TreatmentB,B03,102.82,-61.89,130.1,13.22,89.2,-40.58,0.883,74.5,81,0.5804,1,1
NEU-008618,TreatmentA,B02,103.65,-65.61,294.7,33.44,102.3,-39.06,1.288,35.6,100,0.3989,0,1
NEU-008619,TreatmentB,B01,109.57,-62.52,309.4,11.17,141.6,-43.43,0.847,53.7,98,0.4595,0,0
NEU-008620,Control,B01,111.89,-65.27,456.0,12.52,129.6,-44.78,0.841,57.8,89,0.3826,0,1
NEU-008621,Control,B01,91.17,-68.13,67.6,17.23,115.4,-45.84,1.09,31.8,87,0.292,1,0
NEU-008622,TreatmentA,B03,74.85,-59.81,189.9,7.79,139.9,-43.35,1.247,36.1,98,0.2356,0,1
NEU-008623,TreatmentA,B01,97.86,-63.66,270.0,11.17,121.3,-42.97,1.061,69.6,79,0.2681,1,1
NEU-008624,TreatmentB,B01,94.63,-64.68,130.2,7.95,18.0,-52.21,0.969,56.3,106,0.4132,1,1
NEU-008625,TreatmentB,B01,114.93,-70.23,243.2,9.52,94.6,-45.73,1.688,50.7,85,0.6033,0,0
NEU-008626,Control,B01,116.58,-71.76,365.7,7.04,184.9,-46.55,1.279,41.2,82,0.284,0,1
NEU-008627,TreatmentA,B02,94.38,-70.0,81.2,16.29,100.8,-45.05,1.212,44.8,98,0.3335,1,0
NEU-008628,Control,B01,114.1,-58.29,118.3,10.2,123.2,-37.41,1.361,37.6,85,0.5627,1,0
NEU-008629,Control,B03,106.52,-57.47,180.2,6.55,103.2,-43.12,0.707,35.5,90,0.7098,0,0
NEU-008630,TreatmentA,B01,96.12,-58.27,168.7,19.24,49.3,-32.97,0.964,46.0,108,0.4946,0,1
NEU-008631,TreatmentA,B03,101.79,-59.27,145.2,15.55,139.1,-39.18,1.398,17.3,95,0.2644,1,0
NEU-008632,Control,B02,78.55,-60.34,270.1,9.46,112.2,-43.22,1.857,32.9,73,0.2584,1,1
NEU-008633,TreatmentB,B02,94.64,-57.41,423.3,14.54,136.8,-35.25,0.759,57.2,86,0.2342,0,0
NEU-008634,TreatmentA,B02,86.4,-62.06,129.6,19.48,69.8,-45.72,1.188,30.9,74,0.2832,0,0
NEU-008635,TreatmentB,B01,119.5,-64.53,366.2,10.23,103.8,-37.29,0.73,38.9,93,0.4885,0,1
NEU-008636,TreatmentA,B02,116.4,-74.79,273.5,10.49,61.0,-44.7,0.838,62.1,80,0.3916,0,1
NEU-008637,TreatmentA,B03,88.43,-60.73,194.8,7.89,101.8,-40.3,0.875,38.4,77,0.7378,1,0
NEU-008638,TreatmentB,B03,105.03,-61.55,106.1,11.96,116.8,-37.31,0.965,42.1,95,0.6996,1,1
NEU-008639,TreatmentB,B03,76.95,-70.1,132.0,14.91,78.9,-35.84,0.84,37.1,79,0.5094,0,0
NEU-008640,TreatmentA,B03,83.67,-71.18,528.5,20.05,79.5,-42.47,0.709,59.7,89,0.3934,0,0
NEU-008641,Control,B02,76.27,-68.57,218.5,20.96,177.7,-34.96,1.296,26.2,79,0.551,0,1
NEU-008642,Control,B02,83.62,-61.87,150.5,14.53,116.2,-40.88,0.513,40.3,83,0.3043,0,1
NEU-008643,TreatmentB,B02,82.55,-59.86,130.1,16.27,156.4,-44.5,0.852,81.6,87,0.2498,1,0
NEU-008644,TreatmentB,B03,103.9,-58.33,220.6,15.14,104.8,-43.24,0.939,77.5,82,0.3985,1,1
NEU-008645,Control,B02,96.14,-66.92,138.9,31.4,102.1,-38.74,0.984,52.6,98,0.6443,1,1
NEU-008646,TreatmentA,B01,102.75,-64.07,241.2,15.47,137.0,-44.17,1.56,40.1,93,0.3611,0,1
NEU-008647,Control,B03,97.93,-73.73,255.6,11.96,50.6,-40.4,1.174,39.2,101,0.5239,0,0
NEU-008648,TreatmentA,B01,103.33,-61.4,200.6,16.72,100.4,-41.11,0.995,54.9,87,0.5047,1,1
NEU-008649,Control,B01,97.18,-65.54,110.9,15.18,224.0,-43.39,0.906,20.5,110,0.4712,0,1
NEU-008650,TreatmentB,B02,105.5,-60.91,323.5,8.2,60.7,-38.92,1.09,54.6,83,0.627,1,0
NEU-008651,TreatmentA,B03,111.42,-66.16,113.1,13.83,21.9,-47.66,1.321,65.8,83,0.7478,1,1
NEU-008652,TreatmentA,B03,95.49,-63.73,180.9,20.74,111.6,-41.31,0.988,76.0,82,0.4338,1,1
NEU-008653,TreatmentB,B02,100.02,-67.11,258.6,19.47,98.6,-43.41,0.882,54.7,104,0.348,0,1
NEU-008654,TreatmentA,B03,71.36,-57.53,270.9,6.03,107.6,-48.34,0.586,62.9,74,0.432,0,0
NEU-008655,TreatmentA,B01,126.22,-71.88,542.1,38.24,138.1,-49.23,1.116,17.1,100,0.3447,0,0
NEU-008656,TreatmentB,B03,107.95,-56.61,190.7,16.55,109.7,-45.49,0.761,58.3,76,0.2093,1,0
NEU-008657,TreatmentB,B02,95.91,-69.03,155.7,13.6,106.2,-42.38,0.767,48.9,88,0.5378,0,0
NEU-008658,Control,B03,91.37,-75.8,176.7,15.71,112.3,-42.02,1.23,32.7,84,0.5767,1,0
NEU-008659,TreatmentB,B01,81.87,-63.57,127.1,13.23,78.8,-47.45,1.039,61.7,93,0.596,1,1
NEU-008660,TreatmentB,B03,101.82,-66.88,173.7,26.78,60.3,-49.56,1.192,66.0,92,0.4262,1,1
NEU-008661,TreatmentA,B02,130.17,-64.48,135.0,7.26,127.9,-43.83,1.203,38.1,70,0.583,0,0
NEU-008662,Control,B02,102.35,-59.24,109.7,6.7,163.4,-39.88,1.19,25.1,91,0.3826,0,0
NEU-008663,Control,B03,91.06,-55.48,308.4,17.2,158.6,-39.69,0.913,37.9,80,0.2741,0,0
NEU-008664,TreatmentB,B01,106.14,-62.79,224.1,10.41,66.5,-34.9,1.042,55.4,67,0.407,1,0
NEU-008665,TreatmentA,B02,74.55,-72.51,187.0,10.28,68.0,-41.99,1.242,43.1,74,0.3381,1,0
NEU-008666,TreatmentB,B01,81.55,-59.63,413.9,20.8,41.9,-40.35,0.672,75.1,84,0.1836,0,0
NEU-008667,TreatmentA,B02,85.42,-61.93,221.6,13.75,60.4,-37.6,0.844,30.9,66,0.3675,0,1
NEU-008668,TreatmentA,B02,63.72,-72.68,187.0,15.13,97.4,-35.36,0.817,20.8,97,0.4576,0,0
NEU-008669,TreatmentB,B02,106.15,-62.23,258.6,12.01,121.8,-40.12,1.702,81.8,100,0.3706,1,0
NEU-008670,TreatmentB,B03,110.84,-65.86,171.5,8.6,160.2,-42.37,0.738,66.8,106,0.3759,0,0
NEU-008671,Control,B03,95.07,-61.12,149.3,9.07,120.9,-40.71,0.951,20.8,95,0.2963,0,1
NEU-008672,TreatmentB,B03,122.33,-72.9,180.8,14.15,96.5,-48.58,0.601,46.5,67,0.3962,1,0
NEU-008673,TreatmentB,B03,84.49,-68.66,198.2,27.01,84.4,-41.44,0.807,90.3,84,0.3457,1,0
NEU-008674,Control,B03,101.79,-69.05,227.9,10.84,45.5,-38.76,0.963,54.7,98,0.3998,0,0
NEU-008675,TreatmentB,B01,84.61,-64.89,100.3,16.22,85.0,-48.36,1.228,40.8,87,0.3229,1,1
NEU-008676,TreatmentA,B02,107.45,-66.79,168.5,11.71,76.1,-48.53,0.981,40.4,83,0.61,1,0
NEU-008677,Control,B02,121.42,-68.6,120.9,12.84,89.6,-35.27,0.772,10.7,88,0.4058,0,0
NEU-008678,TreatmentB,B02,83.51,-64.0,165.8,11.46,103.4,-33.53,1.779,90.4,91,0.6024,0,0
NEU-008679,TreatmentB,B02,100.13,-60.63,294.0,9.91,83.0,-43.12,0.868,84.9,96,0.2022,1,1
NEU-008680,TreatmentA,B02,86.19,-57.64,200.2,19.63,96.4,-42.83,1.293,29.8,95,0.6132,1,1
NEU-008681,TreatmentB,B03,106.08,-53.71,130.8,17.14,60.6,-37.4,1.048,56.1,106,0.2749,1,0
NEU-008682,TreatmentB,B03,115.51,-64.41,91.5,16.87,122.0,-46.21,0.842,62.8,80,0.3983,1,1
NEU-008683,Control,B03,105.46,-63.5,127.1,7.35,84.7,-44.67,1.225,32.8,89,0.4645,0,1
NEU-008684,TreatmentA,B01,104.0,-67.38,146.4,15.68,72.1,-41.13,1.193,64.1,77,0.4825,1,1
NEU-008685,Control,B03,102.8,-62.79,264.0,10.62,143.8,-43.08,1.257,56.6,86,0.5194,1,1
NEU-008686,TreatmentA,B01,124.08,-60.02,320.9,7.97,105.8,-40.98,2.035,35.7,77,0.2805,0,1
NEU-008687,TreatmentA,B01,107.1,-67.94,150.7,7.86,46.9,-39.08,0.619,55.8,82,0.5031,0,0
NEU-008688,TreatmentA,B02,102.88,-62.96,263.7,19.1,123.5,-43.96,0.919,93.8,73,0.5461,1,1
NEU-008689,TreatmentB,B03,124.04,-60.12,282.9,6.57,41.5,-37.67,1.401,37.4,93,0.3312,0,1
NEU-008690,TreatmentB,B01,85.26,-62.48,219.1,8.72,39.7,-44.42,0.889,55.8,87,0.4087,0,0
NEU-008691,Control,B02,86.98,-63.32,156.1,7.39,80.9,-43.98,0.677,62.1,100,0.2956,0,1
NEU-008692,Control,B01,84.91,-66.27,138.1,17.6,113.5,-43.37,1.198,42.2,91,0.4746,1,1
NEU-008693,TreatmentB,B02,83.33,-66.94,148.1,8.78,13.1,-37.54,0.756,44.1,82,0.5111,1,0
NEU-008694,Control,B02,87.25,-58.38,162.8,14.09,128.2,-37.63,1.469,24.7,73,0.3895,1,0
NEU-008695,TreatmentA,B03,95.5,-72.15,250.1,13.03,48.8,-41.94,0.937,22.7,78,0.2518,0,0
NEU-008696,TreatmentB,B03,96.72,-62.11,205.6,7.19,48.1,-39.08,1.144,60.3,91,0.1704,0,1
NEU-008697,TreatmentB,B02,95.21,-56.77,113.5,14.0,93.6,-37.57,0.975,64.7,93,0.477,1,0
NEU-008698,TreatmentB,B03,75.44,-71.36,233.2,17.48,76.1,-33.06,1.373,59.6,78,0.358,1,0
NEU-008699,Control,B02,112.64,-66.38,79.2,13.51,124.0,-45.14,0.835,18.2,82,0.3119,0,0
NEU-008700,TreatmentA,B02,80.11,-64.49,532.7,12.35,140.4,-46.82,1.081,53.1,83,0.3633,0,1
NEU-008701,TreatmentA,B03,124.64,-61.41,135.2,5.65,56.7,-48.26,0.837,41.0,92,0.2595,0,1
NEU-008702,TreatmentB,B01,97.48,-69.01,422.8,11.81,37.7,-36.99,1.7,70.0,105,0.5851,0,0
NEU-008703,Control,B01,86.61,-61.32,158.4,5.54,119.9,-48.87,0.772,46.4,90,0.6161,0,0
NEU-008704,TreatmentA,B01,88.59,-66.25,175.1,23.66,137.3,-40.6,1.961,42.8,110,0.1991,0,0
NEU-008705,TreatmentB,B02,56.35,-61.21,120.3,11.96,54.0,-49.4,0.848,55.4,99,0.3017,1,0
NEU-008706,TreatmentA,B01,126.79,-68.11,180.8,15.91,184.6,-38.99,1.912,61.1,75,0.449,1,1
NEU-008707,TreatmentA,B01,89.03,-64.94,159.2,14.82,61.3,-48.38,1.206,25.2,93,0.4777,0,1
NEU-008708,TreatmentA,B01,110.41,-58.5,232.7,16.62,122.2,-46.43,0.573,56.6,94,0.6733,1,1
NEU-008709,TreatmentA,B02,116.98,-63.55,225.1,10.51,127.1,-53.47,0.699,20.8,94,0.4161,0,1
NEU-008710,Control,B01,88.59,-65.53,195.8,13.66,178.0,-46.58,0.765,16.2,76,0.6473,0,1
NEU-008711,TreatmentA,B02,95.33,-62.03,433.5,16.7,114.2,-45.0,1.483,52.3,87,0.3694,1,0
NEU-008712,TreatmentB,B01,115.41,-64.33,119.0,11.73,108.3,-33.82,1.138,91.5,82,0.4218,1,0
NEU-008713,TreatmentB,B03,84.81,-64.77,65.4,11.9,85.1,-47.47,1.003,73.7,89,0.3716,1,1
NEU-008714,TreatmentA,B03,103.13,-62.46,184.5,10.31,124.4,-38.03,1.123,64.0,100,0.4173,1,1
NEU-008715,TreatmentB,B03,105.96,-66.37,68.4,31.27,198.6,-37.26,0.73,70.8,87,0.6548,1,1
NEU-008716,TreatmentA,B02,117.46,-71.81,318.6,9.3,74.5,-35.99,0.97,51.8,76,0.683,1,0
NEU-008717,TreatmentB,B03,107.81,-62.95,194.0,8.53,39.6,-44.08,0.919,48.2,78,0.3108,1,1
NEU-008718,TreatmentA,B02,88.14,-59.11,88.9,25.29,70.4,-38.88,1.17,56.5,90,0.138,1,0
NEU-008719,Control,B03,75.95,-73.26,261.0,10.56,109.2,-43.56,1.149,42.2,108,0.5051,0,0
NEU-008720,TreatmentA,B03,94.08,-66.38,280.0,25.04,178.1,-45.54,0.782,50.4,88,0.2419,0,1
NEU-008721,TreatmentA,B01,102.87,-66.89,216.3,9.74,73.4,-37.24,1.173,40.5,73,0.3565,0,1
NEU-008722,Control,B03,98.16,-71.76,282.4,17.58,127.8,-39.39,0.567,55.1,101,0.5128,0,1
NEU-008723,Control,B01,121.42,-70.45,213.9,10.71,136.1,-38.87,0.792,38.2,88,0.4897,1,0
NEU-008724,Control,B01,106.43,-56.94,295.2,18.78,113.8,-43.17,1.567,37.3,99,0.6344,0,1
NEU-008725,TreatmentB,B01,83.45,-61.06,346.6,5.76,2.3,-40.14,0.888,58.4,82,0.7845,0,0
NEU-008726,TreatmentB,B01,85.63,-59.28,104.0,11.84,110.8,-43.25,0.906,57.5,64,0.6388,1,0
NEU-008727,TreatmentB,B03,119.68,-66.46,246.8,15.54,85.6,-44.74,1.241,45.2,77,0.3749,1,1
NEU-008728,TreatmentA,B01,120.43,-70.53,116.6,10.82,124.7,-42.75,1.372,34.7,84,0.3956,0,0
NEU-008729,TreatmentA,B02,107.03,-67.75,260.6,19.28,100.7,-38.83,1.158,61.2,88,0.4326,1,1
NEU-008730,TreatmentA,B02,114.7,-65.65,569.6,11.56,109.6,-44.81,0.53,25.4,85,0.4133,0,1
NEU-008731,Control,B03,87.37,-63.82,200.9,14.19,135.1,-34.42,0.831,54.7,85,0.4856,0,1
NEU-008732,TreatmentB,B02,126.81,-61.55,151.7,16.63,163.0,-37.56,1.2,43.0,92,0.7961,0,1
NEU-008733,TreatmentB,B02,125.81,-62.94,181.5,24.95,30.3,-45.76,1.196,18.9,101,0.4431,1,1
NEU-008734,Control,B03,105.98,-58.85,259.4,10.78,56.6,-49.43,0.468,38.8,82,0.1318,0,1
NEU-008735,TreatmentB,B02,103.56,-58.08,180.3,16.73,237.7,-42.58,1.02,76.1,82,0.4087,1,0
NEU-008736,Control,B03,127.89,-69.98,58.5,14.72,89.4,-35.24,0.832,45.8,79,0.3682,1,0
NEU-008737,TreatmentB,B03,120.4,-64.54,267.1,10.4,92.3,-43.28,0.762,33.6,78,0.6281,1,0
NEU-008738,TreatmentB,B01,89.52,-69.57,160.3,12.98,109.4,-41.47,0.923,34.0,79,0.2932,0,1
NEU-008739,TreatmentA,B02,110.79,-60.62,80.4,17.71,128.8,-42.04,0.966,70.3,84,0.5014,1,1
NEU-008740,TreatmentB,B03,97.39,-60.35,234.0,17.34,91.4,-39.14,1.03,45.7,90,0.3617,0,0
NEU-008741,Control,B03,89.16,-67.75,282.3,11.12,110.7,-41.53,1.078,36.0,93,0.5042,0,1
NEU-008742,Control,B02,107.67,-58.98,133.2,24.63,143.1,-41.93,1.126,27.0,74,0.2354,0,0
NEU-008743,Control,B02,97.8,-63.74,129.9,7.15,173.9,-42.14,1.516,60.8,85,0.7159,0,0
NEU-008744,Control,B01,128.51,-52.96,58.7,14.01,132.0,-36.84,1.075,39.2,81,0.6194,1,0
NEU-008745,TreatmentB,B03,101.56,-66.63,434.7,18.61,88.0,-46.35,0.97,51.7,102,0.3469,0,1
NEU-008746,TreatmentB,B01,91.21,-64.31,277.2,11.69,64.3,-50.83,1.649,70.8,87,0.6924,1,1
NEU-008747,TreatmentB,B02,81.57,-70.82,125.8,22.02,92.6,-47.95,1.794,58.6,101,0.4344,1,1
NEU-008748,TreatmentB,B02,86.93,-60.98,173.6,12.92,135.9,-33.09,0.537,77.5,105,0.3488,1,0
NEU-008749,TreatmentA,B03,79.02,-71.12,166.6,15.28,211.6,-40.06,1.008,52.1,94,0.5228,1,1
NEU-008750,Control,B03,112.96,-78.07,104.6,13.77,102.1,-38.31,1.965,14.6,92,0.5486,1,0
NEU-008751,Control,B02,110.64,-62.19,206.5,9.54,123.8,-43.86,1.233,39.9,76,0.4183,1,1
NEU-008752,TreatmentA,B03,104.15,-56.76,85.9,21.48,166.1,-41.25,1.4,61.3,84,0.3608,0,0
NEU-008753,TreatmentB,B03,90.47,-68.34,153.5,9.77,145.6,-39.42,1.25,83.6,67,0.2867,1,1
NEU-008754,Control,B01,94.03,-77.14,159.9,7.22,153.5,-43.81,0.787,4.0,89,0.4942,0,0
NEU-008755,Control,B03,106.67,-65.75,235.6,15.25,205.8,-45.74,0.949,27.6,80,0.6802,0,1
NEU-008756,Control,B01,102.94,-55.0,152.6,8.45,105.7,-41.08,1.177,21.8,100,0.3602,0,0
NEU-008757,TreatmentA,B03,95.87,-69.78,168.9,9.95,35.5,-37.92,0.926,38.0,77,0.6168,0,0
NEU-008758,TreatmentA,B03,84.1,-68.96,156.5,11.73,77.2,-36.67,0.964,33.1,82,0.2622,0,1
NEU-008759,TreatmentA,B02,101.5,-68.81,90.1,16.25,165.0,-42.63,1.392,47.6,74,0.0997,1,0
NEU-008760,TreatmentB,B03,116.08,-59.32,296.6,8.87,78.3,-45.2,0.881,55.2,92,0.3219,1,0
NEU-008761,Control,B02,101.47,-66.15,136.4,10.19,132.9,-44.97,1.14,50.9,70,0.3299,1,1
NEU-008762,TreatmentA,B01,67.23,-70.01,141.0,10.61,71.9,-41.95,1.142,65.6,82,0.2796,1,0
NEU-008763,TreatmentB,B03,105.73,-57.69,87.4,7.99,65.4,-38.82,1.06,44.5,77,0.6899,1,0
NEU-008764,TreatmentB,B02,86.13,-72.07,156.4,15.09,45.5,-47.79,0.792,67.2,82,0.7438,1,1
NEU-008765,TreatmentB,B02,114.41,-55.06,206.4,30.36,58.9,-37.5,1.286,42.6,89,0.5124,1,0
NEU-008766,TreatmentB,B02,114.14,-61.47,149.9,11.61,16.5,-42.27,1.248,72.1,81,0.2849,1,1
NEU-008767,Control,B03,108.83,-65.12,114.6,12.4,137.2,-41.34,0.743,42.9,85,0.4,0,1
NEU-008768,Control,B01,86.99,-59.4,152.7,7.97,199.0,-43.26,0.689,33.6,97,0.4074,0,0
NEU-008769,TreatmentB,B01,72.01,-73.49,167.4,18.41,95.2,-40.71,1.395,82.2,79,0.2841,1,0
NEU-008770,Control,B03,122.37,-69.97,166.3,19.63,59.2,-43.55,1.608,12.2,79,0.2601,1,0
NEU-008771,TreatmentB,B02,91.8,-72.78,127.8,19.45,12.9,-32.61,1.291,77.6,91,0.655,1,1
NEU-008772,Control,B01,88.44,-62.95,293.2,16.74,132.5,-40.94,1.21,51.9,89,0.2227,1,0
NEU-008773,TreatmentA,B01,103.71,-66.1,220.0,11.67,30.3,-39.5,0.85,57.2,83,0.5702,0,1
NEU-008774,TreatmentB,B02,94.01,-63.43,258.0,14.6,103.2,-37.52,1.29,60.7,80,0.3195,0,0
NEU-008775,TreatmentA,B02,94.36,-68.94,120.8,5.79,47.0,-41.61,1.188,82.1,91,0.5387,1,1
NEU-008776,Control,B03,107.26,-61.56,170.4,7.91,78.7,-42.69,1.312,50.0,99,0.41,0,1
NEU-008777,TreatmentB,B03,92.4,-52.52,342.4,9.2,29.2,-39.84,0.812,64.3,91,0.4109,0,0
NEU-008778,Control,B02,102.81,-81.83,135.2,16.36,196.1,-45.22,1.182,50.0,78,0.3962,1,0
NEU-008779,TreatmentA,B03,80.87,-74.16,201.9,8.89,113.9,-36.98,1.273,33.5,79,0.739,1,0
NEU-008780,TreatmentB,B03,113.38,-63.2,323.0,28.91,38.4,-41.28,1.255,52.8,86,0.5002,0,1
NEU-008781,TreatmentA,B03,115.69,-65.47,290.0,17.84,102.9,-43.78,1.429,43.9,83,0.4891,1,1
NEU-008782,TreatmentA,B03,83.46,-64.23,223.0,12.09,190.5,-35.29,1.042,49.7,96,0.4002,0,1
NEU-008783,Control,B02,115.02,-49.28,189.5,18.59,108.4,-46.6,2.011,52.9,84,0.2738,1,0
NEU-008784,TreatmentA,B01,93.57,-53.35,145.1,19.26,139.7,-41.91,0.838,45.3,68,0.4675,0,0
NEU-008785,TreatmentA,B01,118.2,-68.41,138.9,20.55,81.4,-48.32,1.031,59.2,88,0.4647,0,1
NEU-008786,TreatmentA,B02,89.47,-65.99,177.4,22.96,155.4,-35.27,1.194,63.5,82,0.3393,0,1
NEU-008787,TreatmentA,B02,117.45,-57.81,108.2,15.02,124.7,-37.59,1.403,73.3,84,0.5707,1,0
NEU-008788,Control,B01,107.09,-67.38,147.3,18.94,115.9,-40.65,1.392,55.8,74,0.3979,1,0
NEU-008789,Control,B03,122.24,-58.65,339.2,11.47,106.6,-45.52,1.051,37.1,74,0.2121,0,1
NEU-008790,TreatmentB,B02,83.11,-74.74,144.8,6.43,136.6,-34.57,1.237,38.5,72,0.5737,0,0
NEU-008791,TreatmentA,B01,108.84,-64.83,262.1,27.68,105.8,-43.59,1.324,56.9,99,0.1778,0,0
NEU-008792,Control,B01,107.24,-66.66,129.9,9.36,183.4,-36.18,1.062,51.5,105,0.3935,1,1
NEU-008793,Control,B01,97.7,-66.44,221.4,10.71,156.8,-40.9,1.183,25.3,85,0.1907,0,1
NEU-008794,Control,B02,101.92,-64.5,274.6,29.48,157.2,-35.34,1.308,50.7,77,0.3338,0,0
NEU-008795,Control,B03,133.65,-77.0,148.1,13.97,140.4,-45.62,0.762,52.0,94,0.6292,1,0
NEU-008796,Control,B01,111.21,-61.44,247.4,14.61,164.7,-32.94,1.527,47.4,84,0.5059,1,1
NEU-008797,TreatmentA,B02,101.4,-63.0,120.7,13.6,138.7,-44.77,1.017,19.8,94,0.3606,0,0
NEU-008798,TreatmentB,B01,95.71,-57.9,224.5,10.61,111.3,-39.36,0.773,44.5,108,0.5221,0,0
NEU-008799,TreatmentA,B03,117.06,-59.09,73.1,13.79,200.0,-43.42,0.908,47.9,89,0.6902,1,0
NEU-008800,TreatmentB,B03,96.03,-60.69,208.2,12.97,143.0,-40.83,1.636,70.1,88,0.4335,1,1
NEU-008801,Control,B02,97.86,-66.75,416.6,15.59,145.2,-42.77,1.179,48.2,63,0.6933,1,1
NEU-008802,TreatmentB,B02,99.37,-58.56,130.3,12.31,73.0,-38.35,0.889,54.6,77,0.4062,1,0
NEU-008803,TreatmentB,B01,81.17,-67.19,140.7,12.97,109.6,-46.22,1.236,45.0,70,0.4322,1,0
NEU-008804,Control,B03,98.76,-65.87,298.9,18.08,153.7,-36.94,1.211,78.7,84,0.4708,1,1
NEU-008805,TreatmentB,B03,107.96,-47.14,106.4,14.74,17.8,-38.8,0.815,35.0,87,0.1474,0,0
NEU-008806,TreatmentB,B01,78.77,-71.36,181.0,13.18,62.2,-46.55,0.986,50.1,98,0.5959,1,1
NEU-008807,TreatmentA,B01,95.36,-66.51,310.4,14.03,37.2,-43.93,0.841,44.4,83,0.4104,0,1
NEU-008808,TreatmentA,B03,101.77,-71.5,109.1,14.18,27.3,-45.05,0.999,47.3,109,0.3797,1,0
NEU-008809,TreatmentA,B03,107.48,-61.24,344.8,10.41,139.1,-46.01,1.19,41.6,81,0.582,0,0
NEU-008810,TreatmentB,B02,102.62,-60.42,97.7,7.01,9.8,-40.38,0.924,60.1,72,0.3473,0,0
NEU-008811,TreatmentB,B03,90.38,-63.12,285.4,16.71,34.6,-39.47,1.135,62.6,93,0.2831,1,1
NEU-008812,TreatmentA,B01,116.03,-70.84,188.9,32.2,86.7,-37.06,1.05,63.8,74,0.2382,0,0
NEU-008813,TreatmentA,B01,114.6,-63.19,249.2,7.7,43.8,-47.61,1.136,43.4,88,0.4256,1,1
NEU-008814,TreatmentA,B03,117.64,-62.73,306.8,8.41,95.9,-39.91,1.375,56.6,90,0.512,0,0
NEU-008815,Control,B02,110.29,-66.19,141.8,16.23,115.7,-45.54,0.977,25.7,95,0.5574,0,1
NEU-008816,TreatmentA,B02,113.97,-62.38,373.7,13.28,120.3,-39.45,1.803,43.3,78,0.2482,0,1
NEU-008817,TreatmentB,B03,80.24,-65.48,431.3,18.2,64.3,-39.32,1.428,58.4,96,0.523,1,1
NEU-008818,Control,B01,109.63,-71.78,172.4,9.72,100.9,-38.91,1.106,33.3,100,0.5341,0,0
NEU-008819,Control,B02,110.11,-80.91,263.6,9.66,142.6,-43.07,1.691,28.8,96,0.0935,1,0
NEU-008820,Control,B01,113.75,-59.5,284.2,22.61,91.7,-48.8,1.247,53.7,93,0.2873,1,0
NEU-008821,TreatmentB,B03,126.86,-65.15,164.2,11.9,79.5,-44.11,0.826,78.4,80,0.3943,1,0
NEU-008822,TreatmentA,B01,112.44,-63.83,98.2,11.94,67.2,-41.56,1.417,89.7,66,0.3514,1,1
NEU-008823,TreatmentA,B01,94.94,-70.88,93.4,14.17,83.2,-44.41,1.774,54.0,78,0.3518,1,1
NEU-008824,TreatmentA,B02,95.64,-80.66,107.1,22.48,106.5,-47.6,1.053,51.6,98,0.4218,0,0
NEU-008825,Control,B01,100.06,-62.99,106.2,14.85,207.7,-46.19,0.894,34.7,111,0.3992,0,1
NEU-008826,Control,B01,86.06,-67.89,331.4,13.34,136.9,-41.62,0.937,46.7,89,0.4442,0,1
NEU-008827,TreatmentB,B03,67.5,-76.19,195.0,12.09,111.5,-37.35,0.531,63.9,76,0.6217,1,0
NEU-008828,TreatmentB,B02,113.89,-63.24,257.8,9.85,44.7,-46.09,1.045,59.2,69,0.4968,1,0
NEU-008829,Control,B03,113.39,-63.78,124.4,17.83,114.4,-41.08,1.064,39.1,65,0.1943,1,0
NEU-008830,TreatmentB,B01,101.58,-66.64,116.7,16.92,78.5,-45.56,0.677,76.2,91,0.177,0,1
NEU-008831,Control,B01,66.48,-64.55,128.6,15.57,80.5,-41.29,1.399,47.5,94,0.4457,1,1
NEU-008832,TreatmentA,B02,114.98,-52.92,241.5,41.74,88.0,-41.56,1.282,63.2,69,0.109,1,0
NEU-008833,TreatmentA,B02,105.15,-56.75,84.0,19.9,165.0,-43.67,1.077,85.5,88,0.5184,1,1
NEU-008834,TreatmentB,B01,119.55,-70.18,130.9,12.01,34.8,-47.19,1.192,67.1,86,0.4951,0,1
NEU-008835,TreatmentB,B03,81.37,-55.96,207.8,10.03,109.9,-39.9,0.904,56.4,80,0.1766,0,1
NEU-008836,Control,B02,75.91,-65.76,89.1,9.38,136.4,-42.99,0.515,52.0,83,0.4204,0,1
NEU-008837,TreatmentA,B02,110.18,-79.76,167.2,12.3,100.4,-45.87,0.62,32.8,81,0.5021,0,0
NEU-008838,TreatmentB,B01,120.75,-58.5,276.5,13.12,61.1,-39.56,1.413,49.7,77,0.7755,1,0
NEU-008839,TreatmentA,B01,99.55,-73.3,154.7,18.15,131.5,-33.4,0.843,69.2,87,0.4312,1,1
NEU-008840,TreatmentA,B01,95.17,-68.21,84.1,8.17,84.7,-39.03,0.617,44.8,90,0.5639,0,0
NEU-008841,TreatmentB,B02,104.11,-61.96,102.0,16.27,68.2,-49.5,1.148,71.0,99,0.1701,1,0
NEU-008842,TreatmentA,B02,105.98,-57.01,145.4,10.3,94.8,-39.29,1.295,8.1,92,0.407,0,0
NEU-008843,TreatmentA,B03,93.24,-62.09,240.6,12.13,72.4,-38.91,1.371,42.4,94,0.2543,0,0
NEU-008844,Control,B02,125.87,-60.31,154.5,28.91,113.4,-39.79,0.724,39.3,81,0.4372,0,1
NEU-008845,Control,B03,81.11,-64.91,233.1,20.83,107.2,-42.14,0.861,48.3,72,0.385,0,1
NEU-008846,TreatmentB,B01,103.13,-65.66,215.5,17.17,80.4,-41.54,0.802,59.3,90,0.4644,1,1
NEU-008847,TreatmentA,B03,100.5,-63.78,281.5,13.64,161.8,-45.68,1.357,61.1,86,0.2833,1,1
NEU-008848,TreatmentA,B01,104.92,-64.71,211.9,14.71,110.5,-48.8,1.276,69.3,77,0.1082,1,0
NEU-008849,Control,B03,107.91,-62.25,271.7,18.56,129.1,-35.36,1.27,59.2,78,0.4715,1,1
NEU-008850,Control,B02,129.46,-63.15,257.5,13.77,156.3,-43.01,1.291,36.7,77,0.533,0,1
NEU-008851,TreatmentB,B03,98.2,-71.06,85.3,24.47,116.0,-45.75,1.093,73.7,84,0.4577,1,1
NEU-008852,TreatmentB,B01,141.69,-56.62,142.8,4.85,130.9,-40.76,0.887,56.5,92,0.2978,0,1
NEU-008853,TreatmentA,B01,81.73,-69.96,112.0,8.27,45.5,-51.65,1.256,39.9,92,0.5206,1,0
NEU-008854,Control,B02,137.19,-65.18,275.1,16.72,145.0,-44.38,0.946,28.9,98,0.1737,1,1
NEU-008855,TreatmentB,B03,69.16,-65.23,87.3,16.78,76.8,-37.45,1.069,61.0,93,0.4176,1,1
NEU-008856,Control,B03,115.14,-64.4,164.3,19.8,138.2,-45.75,1.095,31.5,85,0.3289,1,0
NEU-008857,Control,B02,130.89,-63.06,193.0,11.22,145.2,-39.47,1.4,28.7,72,0.2988,0,1
NEU-008858,TreatmentA,B03,94.67,-68.53,169.9,19.14,142.8,-39.85,1.082,35.7,77,0.2824,0,0
NEU-008859,Control,B02,88.81,-59.85,71.2,13.09,127.0,-40.29,1.066,36.5,98,0.0632,1,0
NEU-008860,Control,B03,106.45,-61.18,127.7,10.86,206.4,-47.44,0.89,28.8,83,0.4954,0,0
NEU-008861,Control,B01,97.32,-67.16,308.9,31.47,149.4,-40.66,1.257,28.7,93,0.5321,0,1
NEU-008862,TreatmentB,B03,94.74,-63.43,170.6,14.71,52.6,-39.69,0.444,52.5,87,0.2761,1,0
NEU-008863,Control,B02,122.64,-67.7,277.1,11.04,111.7,-40.35,0.801,24.6,86,0.4916,0,0
NEU-008864,Control,B03,89.04,-62.42,101.5,8.89,142.5,-41.05,1.316,31.9,101,0.4337,1,0
NEU-008865,TreatmentA,B01,116.71,-70.74,313.3,17.08,119.5,-51.35,1.301,32.5,90,0.2828,1,0
NEU-008866,TreatmentA,B02,97.36,-58.19,153.8,19.66,122.2,-42.54,1.644,75.8,93,0.4514,1,0
NEU-008867,Control,B01,102.51,-65.1,218.3,17.47,136.8,-39.91,2.17,34.8,92,0.5654,1,1
NEU-008868,Control,B03,83.97,-68.62,112.2,11.0,142.9,-45.92,1.669,72.6,82,0.2197,1,1
NEU-008869,TreatmentA,B02,95.92,-61.83,135.4,20.35,86.1,-44.0,1.0,54.5,92,0.2094,1,0
NEU-008870,TreatmentB,B02,88.26,-53.73,122.0,8.83,95.5,-35.3,0.98,45.2,81,0.4208,1,0
NEU-008871,Control,B03,127.11,-64.26,258.5,13.83,103.9,-37.67,0.812,13.0,82,0.3472,0,1
NEU-008872,Control,B01,86.98,-69.64,359.8,9.44,160.0,-43.22,1.514,39.2,89,0.3278,0,1
NEU-008873,TreatmentB,B02,97.67,-57.82,168.8,13.23,89.4,-37.83,0.648,39.4,85,0.475,0,0
NEU-008874,TreatmentA,B02,137.0,-68.51,122.8,12.08,112.2,-39.15,1.27,55.9,79,0.376,1,1
NEU-008875,TreatmentB,B02,127.72,-57.03,188.7,7.57,82.3,-39.63,1.054,50.7,90,0.5638,1,0
NEU-008876,TreatmentA,B01,102.69,-58.69,154.6,19.22,117.0,-43.88,2.441,52.1,91,0.1418,1,0
NEU-008877,Control,B01,105.59,-72.01,227.1,12.94,138.5,-37.8,1.156,41.0,92,0.1997,1,0
NEU-008878,TreatmentB,B03,105.78,-52.07,166.0,17.88,91.7,-43.05,0.806,86.3,85,0.3744,1,0
NEU-008879,TreatmentA,B02,93.77,-63.08,177.8,17.56,92.3,-48.03,0.832,52.5,78,0.3523,1,1
NEU-008880,TreatmentA,B02,70.31,-65.73,180.9,18.17,70.0,-42.61,1.617,64.5,95,0.5024,1,1
NEU-008881,TreatmentA,B03,101.08,-70.52,290.0,14.03,97.3,-41.07,0.788,40.3,99,0.5079,0,0
NEU-008882,TreatmentA,B01,92.35,-65.96,177.9,8.06,82.6,-38.51,1.083,62.3,86,0.2653,1,1
NEU-008883,TreatmentB,B01,99.39,-69.75,83.3,12.41,197.3,-40.8,0.927,63.4,101,0.4766,1,0
NEU-008884,TreatmentB,B01,94.08,-60.48,326.2,11.25,2.9,-49.27,1.087,52.4,92,0.3787,0,1
NEU-008885,TreatmentB,B01,94.79,-54.12,144.6,17.03,91.4,-52.5,1.732,57.1,72,0.423,1,0
NEU-008886,Control,B02,107.62,-64.1,113.9,11.18,112.0,-44.86,0.818,37.4,77,0.3882,0,1
NEU-008887,TreatmentB,B02,121.62,-65.77,132.4,17.1,148.4,-41.41,1.397,56.2,94,0.5059,1,1
NEU-008888,Control,B02,106.05,-53.13,164.2,35.74,108.0,-38.17,0.925,15.0,74,0.2861,0,0
NEU-008889,TreatmentA,B03,113.43,-69.23,220.3,13.14,101.4,-39.31,0.992,39.8,110,0.4731,0,1
NEU-008890,TreatmentA,B01,100.3,-64.38,392.3,10.03,122.8,-44.08,1.401,47.5,69,0.2414,0,1
NEU-008891,TreatmentA,B02,100.16,-70.15,234.6,21.01,117.7,-46.39,1.235,59.3,83,0.4532,1,0
NEU-008892,TreatmentB,B02,106.22,-62.19,191.2,22.36,35.7,-50.12,1.117,56.7,97,0.2344,0,0
NEU-008893,TreatmentB,B03,101.58,-66.09,135.8,25.76,40.9,-47.68,0.751,50.0,72,0.2821,0,0
NEU-008894,Control,B02,90.59,-59.26,212.7,17.58,125.7,-43.78,1.313,48.3,79,0.4145,0,1
NEU-008895,TreatmentA,B03,112.04,-63.83,207.9,21.15,193.7,-43.64,0.769,39.7,81,0.5451,0,1
NEU-008896,TreatmentB,B02,109.76,-73.66,265.3,16.89,77.1,-38.12,1.525,53.6,106,0.2327,1,0
NEU-008897,Control,B02,86.76,-66.28,179.0,33.5,140.6,-44.71,0.95,49.1,84,0.4333,0,1
NEU-008898,TreatmentA,B01,80.36,-65.55,114.1,9.99,120.5,-47.85,0.962,20.7,95,0.2129,0,1
NEU-008899,Control,B01,117.53,-75.12,169.4,11.02,110.7,-47.33,0.846,8.0,90,0.3987,0,0
NEU-008900,Control,B03,102.22,-69.66,262.8,9.08,63.3,-42.75,1.125,41.1,103,0.161,0,1
NEU-008901,TreatmentA,B03,92.14,-60.15,210.3,7.64,99.9,-46.4,1.266,40.8,72,0.3983,0,1
NEU-008902,TreatmentA,B01,89.6,-63.31,186.1,14.64,99.3,-43.18,0.991,66.5,99,0.3789,1,1
NEU-008903,TreatmentA,B03,82.41,-59.83,176.3,7.86,134.6,-37.73,0.888,43.9,88,0.3748,1,0
NEU-008904,TreatmentB,B02,83.33,-65.59,189.0,15.26,25.0,-43.69,1.243,52.6,93,0.5313,0,1
NEU-008905,TreatmentB,B02,112.14,-64.32,260.1,14.81,116.9,-42.31,1.033,49.1,83,0.3101,1,0
NEU-008906,TreatmentB,B03,90.6,-68.67,159.5,9.83,16.0,-40.63,1.014,53.8,88,0.5858,0,0
NEU-008907,TreatmentA,B02,65.23,-73.07,183.1,16.78,99.8,-42.16,1.477,47.9,82,0.4809,0,0
NEU-008908,TreatmentA,B01,120.6,-71.51,91.1,6.69,139.6,-49.27,0.895,64.9,89,0.4548,1,0
NEU-008909,TreatmentA,B02,103.54,-71.61,150.5,12.18,105.6,-39.78,1.384,38.1,98,0.2491,0,1
NEU-008910,TreatmentB,B03,71.34,-73.61,144.3,6.15,126.3,-36.89,1.075,55.9,80,0.1649,1,1
NEU-008911,TreatmentB,B01,117.57,-66.9,211.0,7.79,74.4,-41.54,0.76,58.0,91,0.4111,0,1
NEU-008912,TreatmentA,B01,97.47,-53.6,148.3,12.32,122.0,-48.26,0.926,36.1,78,0.1913,0,0
NEU-008913,TreatmentB,B03,79.01,-65.59,150.2,8.22,133.1,-44.68,1.675,60.5,95,0.5192,1,0
NEU-008914,TreatmentB,B03,119.08,-69.87,288.4,17.69,55.1,-44.0,0.997,43.1,89,0.3174,1,0
NEU-008915,TreatmentA,B01,118.21,-69.15,147.3,15.01,66.1,-39.07,1.275,63.5,79,0.6816,1,0
NEU-008916,TreatmentA,B02,113.97,-66.08,124.7,5.37,113.2,-38.22,0.824,73.8,87,0.3568,0,0
NEU-008917,Control,B02,72.43,-61.99,201.7,16.06,140.9,-38.14,0.927,34.6,93,0.421,0,1
NEU-008918,TreatmentA,B03,113.78,-67.83,204.8,11.33,118.4,-42.62,0.958,20.5,95,0.4131,0,1
NEU-008919,Control,B03,104.94,-70.97,246.2,9.31,30.6,-45.34,1.174,43.0,92,0.1618,1,1
NEU-008920,Control,B03,109.66,-56.4,124.4,7.64,79.1,-44.79,0.585,27.3,91,0.4364,0,0
NEU-008921,Control,B02,107.67,-60.77,185.1,18.87,76.5,-43.33,0.581,54.3,104,0.1803,0,0
NEU-008922,Control,B03,83.55,-67.56,350.7,15.88,86.1,-46.32,0.926,55.5,94,0.3184,0,1
NEU-008923,TreatmentA,B03,78.72,-68.54,182.3,10.23,146.0,-42.51,1.155,38.4,79,0.2723,0,1
NEU-008924,TreatmentB,B02,102.04,-71.67,232.1,12.57,127.9,-42.44,1.362,39.7,85,0.326,1,0
NEU-008925,Control,B03,98.07,-66.68,156.9,24.02,144.4,-43.52,1.133,25.9,89,0.141,0,0
NEU-008926,TreatmentA,B01,85.88,-60.96,164.8,9.19,135.0,-45.46,0.922,22.7,93,0.3838,0,1
NEU-008927,Control,B02,102.14,-65.61,199.8,10.69,51.6,-48.73,1.312,30.1,79,0.2403,0,1
NEU-008928,Control,B02,89.95,-64.38,151.0,13.63,146.4,-45.91,1.459,30.9,75,0.3608,0,1
NEU-008929,TreatmentA,B02,85.87,-63.93,184.0,8.98,180.2,-38.38,2.008,59.6,88,0.559,1,0
NEU-008930,TreatmentA,B02,94.05,-57.32,181.8,10.25,141.3,-39.84,1.9,60.3,93,0.4404,1,0
NEU-008931,TreatmentA,B01,90.82,-68.05,182.2,15.03,155.3,-39.67,1.97,39.5,105,0.3583,1,1
NEU-008932,TreatmentB,B03,96.16,-70.64,145.5,12.36,60.0,-37.22,1.445,61.6,77,0.5981,1,0
NEU-008933,Control,B02,119.4,-65.45,148.8,7.78,118.6,-46.86,0.553,54.8,57,0.2301,0,1
NEU-008934,TreatmentA,B02,120.5,-68.91,199.5,13.15,64.8,-49.21,2.705,69.2,75,0.3751,1,0
NEU-008935,TreatmentA,B03,121.11,-65.28,74.6,24.09,118.1,-41.24,0.847,60.1,85,0.403,0,1
NEU-008936,Control,B01,117.14,-69.74,148.9,14.05,204.9,-43.38,1.01,12.8,87,0.2839,0,0
NEU-008937,TreatmentA,B01,70.79,-64.54,172.0,17.29,117.7,-45.49,1.096,35.7,97,0.5516,1,1
NEU-008938,TreatmentA,B01,123.47,-65.01,207.3,8.54,43.0,-31.73,0.705,55.0,81,0.1495,0,1
NEU-008939,TreatmentB,B01,95.38,-68.39,181.3,7.7,113.9,-46.88,1.036,73.7,86,0.2402,1,1
NEU-008940,Control,B01,96.28,-61.53,285.9,8.44,118.7,-39.76,1.324,51.7,83,0.17,0,1
NEU-008941,Control,B03,97.43,-55.97,149.5,11.77,203.8,-43.49,0.832,30.9,85,0.4331,0,1
NEU-008942,Control,B03,106.98,-70.29,248.1,17.86,57.8,-39.06,1.048,31.5,92,0.2932,0,0
NEU-008943,TreatmentA,B03,100.01,-68.41,251.9,12.16,95.0,-41.5,1.377,45.9,88,0.5262,1,1
NEU-008944,Control,B02,105.66,-61.86,185.5,16.32,154.1,-44.85,1.207,52.4,96,0.3094,1,1
NEU-008945,TreatmentB,B02,76.42,-67.45,51.3,14.14,68.7,-40.73,0.894,57.0,81,0.4127,1,1
NEU-008946,TreatmentB,B03,82.01,-70.74,112.1,19.93,46.1,-42.56,1.438,48.4,85,0.6463,1,1
NEU-008947,Control,B03,113.09,-55.28,218.5,21.97,144.4,-48.52,1.413,43.9,97,0.2588,0,0
NEU-008948,TreatmentA,B01,72.94,-67.66,122.0,7.97,111.7,-40.12,1.005,54.1,82,0.4274,0,0
NEU-008949,TreatmentB,B03,86.75,-62.04,88.0,14.41,96.2,-46.42,0.908,51.6,97,0.492,1,1
NEU-008950,TreatmentA,B01,106.34,-62.8,167.1,19.59,184.6,-42.04,0.699,44.7,80,0.4466,0,1
NEU-008951,Control,B01,101.15,-63.67,323.7,15.26,148.0,-42.52,1.321,27.0,98,0.136,0,0
NEU-008952,TreatmentB,B01,81.38,-73.2,99.8,11.23,88.5,-40.19,1.587,30.8,77,0.2072,1,1
NEU-008953,TreatmentA,B02,108.88,-68.09,191.1,9.37,65.0,-46.37,1.241,49.5,62,0.5213,0,0
NEU-008954,Control,B03,114.22,-58.93,449.3,9.69,99.7,-40.82,0.758,37.5,84,0.5508,0,0
NEU-008955,TreatmentA,B02,102.63,-68.86,150.2,20.16,113.2,-39.28,1.31,53.5,84,0.3619,1,1
NEU-008956,TreatmentA,B02,111.63,-59.17,168.5,23.27,83.1,-36.24,1.719,44.4,80,0.4124,1,0
NEU-008957,Control,B02,92.24,-65.62,255.0,30.52,119.0,-46.99,0.797,53.5,92,0.1317,1,0
NEU-008958,TreatmentB,B02,87.85,-72.73,269.0,18.44,18.5,-44.59,0.867,68.9,66,0.5798,0,1
NEU-008959,TreatmentB,B03,92.81,-73.92,101.8,11.2,96.3,-41.96,1.112,56.4,88,0.6604,1,0
NEU-008960,TreatmentB,B02,90.26,-59.07,182.8,12.43,97.7,-43.94,0.885,83.3,81,0.5627,1,0
NEU-008961,TreatmentA,B01,109.35,-64.18,229.8,14.21,118.2,-41.75,1.372,48.2,76,0.5787,1,1
NEU-008962,Control,B01,112.84,-66.09,215.9,20.91,135.2,-40.9,0.728,49.8,92,0.5769,0,1
NEU-008963,TreatmentA,B01,128.14,-55.97,341.4,7.45,94.8,-37.12,1.408,46.6,80,0.2704,0,1
NEU-008964,TreatmentB,B01,93.04,-64.14,220.8,13.26,27.2,-44.71,1.399,58.1,87,0.494,0,1
NEU-008965,Control,B01,110.43,-60.09,216.9,10.81,208.8,-38.02,1.281,41.1,104,0.5408,0,1
NEU-008966,TreatmentB,B03,96.24,-51.4,301.7,14.74,70.5,-43.27,1.048,63.9,99,0.464,1,1
NEU-008967,TreatmentB,B01,116.8,-61.69,134.6,11.3,99.1,-38.9,0.863,39.2,89,0.1598,1,1
NEU-008968,Control,B01,102.85,-64.35,224.3,27.41,89.1,-44.11,1.167,35.1,76,0.1988,1,0
NEU-008969,TreatmentB,B03,98.64,-58.74,170.9,12.21,109.7,-44.88,0.646,47.3,90,0.2476,1,0
NEU-008970,Control,B03,87.59,-74.37,473.8,8.47,147.4,-45.6,0.821,54.4,79,0.4589,0,0
NEU-008971,Control,B01,103.46,-67.61,199.8,12.74,178.0,-49.56,1.159,26.3,86,0.2513,1,1
NEU-008972,TreatmentB,B01,102.45,-61.97,124.4,27.37,156.5,-42.67,1.172,64.8,88,0.3038,1,0
NEU-008973,Control,B02,145.41,-61.85,268.2,14.56,84.2,-47.69,0.796,39.9,86,0.495,0,0
NEU-008974,TreatmentA,B01,99.74,-66.3,360.6,11.93,211.8,-44.57,1.395,41.2,97,0.2735,0,1
NEU-008975,TreatmentB,B02,87.3,-67.91,120.5,14.76,20.3,-38.3,1.071,40.4,97,0.3924,1,1
NEU-008976,TreatmentB,B01,101.42,-62.39,96.9,16.13,117.6,-40.6,1.507,54.5,78,0.3784,1,1
NEU-008977,Control,B02,112.59,-64.41,91.9,27.99,134.0,-37.21,1.383,19.7,85,0.6889,1,1
NEU-008978,TreatmentA,B01,83.64,-56.89,151.8,21.27,137.7,-38.97,1.16,21.7,63,0.466,1,1
NEU-008979,Control,B02,98.93,-56.44,342.4,13.5,59.3,-39.04,1.382,32.5,78,0.27,0,0
NEU-008980,TreatmentB,B02,117.44,-69.11,233.4,10.68,27.0,-43.74,1.635,60.4,75,0.2519,1,1
NEU-008981,TreatmentB,B03,78.38,-60.3,249.5,14.78,45.0,-36.08,1.3,49.6,85,0.3313,0,0
NEU-008982,TreatmentB,B03,90.37,-64.39,111.9,16.76,112.3,-45.27,1.586,67.8,72,0.3433,1,1
NEU-008983,Control,B01,111.27,-67.47,89.9,16.16,131.6,-32.85,0.881,48.8,80,0.4031,0,1
NEU-008984,TreatmentB,B01,117.08,-58.37,283.3,18.08,50.4,-41.85,0.739,67.0,84,0.5408,1,0
NEU-008985,TreatmentA,B02,68.17,-61.41,154.9,12.85,28.0,-45.4,1.501,36.5,71,0.1288,1,1
NEU-008986,TreatmentA,B01,98.25,-50.87,230.7,10.01,49.3,-39.54,1.42,64.6,82,0.3807,0,1
NEU-008987,TreatmentA,B03,108.51,-70.46,131.3,13.4,113.3,-42.68,0.967,48.3,104,0.5006,0,0
NEU-008988,TreatmentB,B03,107.85,-64.26,119.3,16.93,58.6,-42.01,2.081,72.2,74,0.1399,1,0
NEU-008989,TreatmentA,B02,104.09,-60.46,121.3,30.39,92.6,-43.84,0.959,36.7,99,0.327,1,0
NEU-008990,Control,B01,110.81,-64.82,313.9,8.44,51.0,-39.49,1.27,25.0,88,0.1552,0,1
NEU-008991,TreatmentB,B01,117.1,-70.41,188.7,24.44,48.6,-39.55,0.578,43.9,91,0.4481,0,1
NEU-008992,Control,B01,78.36,-63.76,515.1,25.62,140.2,-39.18,1.372,52.7,71,0.3023,0,0
NEU-008993,Control,B02,106.48,-72.39,116.3,18.5,116.0,-46.74,0.963,54.1,87,0.2617,1,0
NEU-008994,Control,B03,114.56,-58.24,172.5,6.65,141.1,-41.52,0.696,37.5,92,0.3927,1,0
NEU-008995,TreatmentB,B02,75.44,-55.03,212.9,19.2,65.3,-41.28,1.15,48.3,94,0.2493,0,0
NEU-008996,TreatmentA,B02,70.65,-68.53,198.5,11.71,37.9,-46.36,1.01,66.3,80,0.5004,0,0
NEU-008997,TreatmentB,B01,110.53,-62.52,149.5,19.27,142.5,-42.05,1.902,57.0,90,0.5609,1,1
NEU-008998,Control,B01,109.12,-63.81,375.5,18.59,63.2,-39.94,0.589,37.0,75,0.5532,0,1
NEU-008999,TreatmentA,B03,121.9,-69.08,151.8,9.2,25.0,-31.38,1.353,54.9,70,0.6482,1,0
NEU-009000,Control,B03,135.58,-64.16,192.4,9.72,126.4,-40.42,1.429,42.3,89,0.4043,1,1
NEU-009001,Control,B02,123.53,-65.67,113.4,13.15,123.3,-38.43,1.226,26.3,94,0.2248,0,1
NEU-009002,TreatmentB,B01,98.94,-61.98,314.3,14.56,61.4,-40.84,0.605,48.7,86,0.313,0,1
NEU-009003,Control,B01,124.46,-59.89,347.3,17.35,101.5,-38.9,1.381,36.4,75,0.3003,0,0
NEU-009004,TreatmentB,B03,114.2,-69.16,298.2,14.49,73.2,-51.71,1.857,59.2,92,0.3947,1,0
NEU-009005,TreatmentA,B02,103.29,-72.27,113.7,14.53,125.8,-38.38,0.88,55.0,92,0.3079,1,0
NEU-009006,TreatmentA,B03,123.12,-74.07,250.7,13.11,113.8,-45.76,1.502,48.2,92,0.5045,1,0
NEU-009007,TreatmentA,B01,108.82,-64.64,218.5,14.63,142.0,-42.06,1.146,38.2,91,0.4026,0,1
NEU-009008,TreatmentB,B02,102.91,-64.38,123.5,12.53,124.3,-50.08,1.468,51.6,85,0.2583,1,1
NEU-009009,Control,B01,88.75,-56.42,130.8,8.41,148.2,-39.52,0.993,33.7,73,0.61,1,0
NEU-009010,TreatmentB,B02,118.03,-64.37,202.2,23.64,61.5,-40.65,0.89,66.1,78,0.426,1,1
NEU-009011,TreatmentA,B03,86.14,-73.86,222.9,8.54,69.1,-50.61,0.868,50.2,92,0.2096,0,1
NEU-009012,TreatmentB,B02,113.71,-73.88,98.3,15.53,135.1,-40.9,0.927,55.8,85,0.1929,1,0
NEU-009013,TreatmentB,B03,107.1,-65.1,216.5,40.51,78.8,-40.51,0.806,58.2,93,0.2155,0,0
NEU-009014,TreatmentB,B01,144.59,-69.42,353.8,12.13,59.4,-46.9,0.672,77.9,96,0.3647,1,1
NEU-009015,TreatmentA,B01,105.86,-63.25,122.3,11.6,123.3,-39.83,1.59,19.1,88,0.3498,1,1
NEU-009016,TreatmentA,B01,104.03,-58.6,103.3,27.04,105.6,-42.94,1.406,61.6,78,0.4308,1,1
NEU-009017,Control,B01,126.44,-54.19,147.7,7.01,149.3,-36.47,1.129,34.3,91,0.135,1,1
NEU-009018,TreatmentA,B03,107.41,-54.07,132.3,13.13,89.6,-38.97,0.845,47.7,96,0.2057,1,0
NEU-009019,TreatmentA,B01,89.79,-63.96,156.6,14.82,97.1,-44.79,1.117,45.8,80,0.5632,0,1
NEU-009020,TreatmentB,B01,116.21,-71.87,354.0,12.53,167.8,-44.51,1.588,63.3,81,0.5947,1,1
NEU-009021,TreatmentA,B01,86.87,-56.66,121.0,13.75,152.8,-37.45,0.991,18.2,79,0.3064,1,0
NEU-009022,Control,B03,104.54,-64.01,124.7,11.99,161.3,-45.35,1.659,30.9,73,0.4467,1,1
NEU-009023,TreatmentB,B01,112.13,-65.19,231.2,17.66,54.3,-38.49,1.008,46.2,82,0.5193,0,1
NEU-009024,Control,B02,108.04,-52.87,295.1,23.01,113.6,-44.16,1.101,33.3,88,0.5184,0,1
NEU-009025,TreatmentA,B01,101.86,-48.34,216.9,11.68,86.0,-46.97,1.542,26.9,82,0.4,1,0
NEU-009026,TreatmentA,B02,119.76,-71.82,196.7,12.19,42.6,-42.78,0.872,46.9,95,0.5163,0,0
NEU-009027,Control,B03,115.8,-64.48,120.6,14.12,83.5,-45.76,1.465,24.8,85,0.4306,1,1
NEU-009028,TreatmentA,B02,93.44,-64.41,160.7,10.39,66.2,-35.81,1.018,19.8,90,0.3458,0,1
NEU-009029,Control,B02,93.39,-70.38,129.2,21.12,184.9,-42.58,1.036,41.7,94,0.1545,0,0
NEU-009030,TreatmentB,B02,99.79,-71.55,175.9,8.07,126.8,-34.9,0.978,36.3,92,0.1243,0,1
NEU-009031,TreatmentA,B03,87.72,-64.91,236.6,10.81,137.7,-39.64,0.971,46.4,104,0.3233,0,1
NEU-009032,TreatmentB,B01,92.45,-72.34,136.4,15.21,69.4,-44.25,1.535,77.5,93,0.3014,1,0
NEU-009033,Control,B02,85.31,-57.11,335.8,19.7,155.2,-43.03,0.878,14.9,78,0.4834,0,0
NEU-009034,TreatmentB,B03,91.56,-68.66,181.2,17.4,138.0,-38.3,0.91,48.9,95,0.5241,1,1
NEU-009035,Control,B01,107.63,-59.36,200.4,14.03,151.4,-44.78,1.248,39.5,90,0.3983,0,1
NEU-009036,Control,B01,92.92,-76.14,179.9,13.36,129.2,-40.8,1.694,43.6,87,0.4824,1,0
NEU-009037,TreatmentA,B02,73.34,-68.25,405.5,10.52,131.5,-41.02,1.29,30.4,83,0.3325,0,1
NEU-009038,Control,B03,98.43,-57.02,156.8,28.19,81.4,-45.93,1.217,46.2,71,0.3556,0,0
NEU-009039,TreatmentB,B03,87.09,-79.46,227.1,10.32,82.7,-40.23,0.689,76.7,89,0.3752,0,0
NEU-009040,TreatmentA,B02,98.61,-64.92,69.5,16.2,127.5,-36.83,1.235,88.8,81,0.346,1,1
NEU-009041,TreatmentA,B01,111.37,-69.15,102.9,14.88,82.5,-44.59,1.428,55.4,77,0.2027,1,0
NEU-009042,TreatmentA,B02,85.01,-60.6,228.3,11.62,131.8,-41.22,1.224,42.9,83,0.4897,0,0
NEU-009043,TreatmentA,B01,106.87,-69.33,130.3,12.0,92.6,-46.84,1.389,43.8,98,0.2648,1,1
NEU-009044,TreatmentB,B02,80.25,-59.94,162.3,8.59,51.5,-43.04,0.641,64.4,91,0.4418,1,0
NEU-009045,TreatmentB,B02,104.5,-72.82,171.5,8.79,25.8,-38.3,0.89,64.9,89,0.5172,1,0
NEU-009046,TreatmentB,B01,108.02,-72.48,94.1,21.1,122.6,-42.93,1.122,48.4,78,0.2216,1,0
NEU-009047,TreatmentB,B02,108.1,-60.82,156.8,21.21,65.2,-36.74,1.34,55.0,70,0.6597,1,1
NEU-009048,TreatmentA,B03,82.11,-59.15,80.9,16.52,127.4,-41.15,0.903,64.7,80,0.6236,1,1
NEU-009049,TreatmentB,B01,106.9,-73.49,235.9,13.26,141.2,-38.06,1.148,62.8,93,0.5475,0,0
NEU-009050,Control,B01,109.83,-74.57,177.0,7.28,156.7,-44.55,1.085,43.1,104,0.5075,1,0
NEU-009051,Control,B01,93.25,-73.85,250.8,8.64,85.8,-38.52,0.88,32.8,91,0.2756,0,0
NEU-009052,Control,B01,91.88,-73.71,223.6,11.45,115.5,-39.36,1.547,31.5,73,0.5785,0,0
NEU-009053,Control,B01,70.5,-68.26,287.5,8.01,90.5,-44.5,1.873,37.6,94,0.2634,1,1
NEU-009054,TreatmentB,B03,102.67,-64.82,153.7,11.0,83.0,-41.35,0.871,79.6,67,0.4588,1,1
NEU-009055,TreatmentB,B01,87.06,-65.36,447.3,10.82,28.8,-38.94,0.754,83.4,76,0.4581,1,0
NEU-009056,Control,B02,101.06,-59.33,122.1,11.8,89.3,-45.19,1.036,55.5,87,0.6616,1,0
NEU-009057,TreatmentA,B02,91.29,-69.86,228.0,9.98,120.6,-44.76,1.136,14.9,80,0.1346,0,1
NEU-009058,Control,B01,75.66,-77.13,213.6,21.03,116.7,-38.45,1.332,31.1,75,0.588,0,0
NEU-009059,TreatmentB,B02,108.23,-70.03,282.6,11.47,67.6,-48.19,1.087,52.2,84,0.4362,0,0
NEU-009060,TreatmentB,B01,110.42,-61.19,315.3,16.99,92.5,-39.33,1.374,72.4,96,0.2876,1,0
NEU-009061,Control,B03,79.03,-62.3,275.3,14.74,155.4,-43.88,0.728,18.4,84,0.629,0,1
NEU-009062,TreatmentB,B02,115.49,-69.68,240.9,10.66,63.2,-41.73,0.909,48.3,84,0.3139,1,1
NEU-009063,TreatmentA,B02,87.95,-79.41,168.2,21.37,68.2,-38.84,0.98,43.3,80,0.4107,1,0
NEU-009064,Control,B02,106.59,-70.3,131.9,17.77,11.8,-46.76,0.748,34.2,95,0.2841,0,0
NEU-009065,Control,B02,103.58,-72.73,149.2,11.65,137.0,-42.89,1.165,43.0,85,0.1889,1,1
NEU-009066,Control,B03,107.66,-60.05,230.5,10.82,129.9,-47.27,0.825,26.6,87,0.6992,0,0
NEU-009067,TreatmentA,B01,105.53,-68.52,311.3,11.53,104.8,-33.0,1.26,78.1,89,0.6251,1,1
NEU-009068,Control,B02,133.51,-66.83,300.9,16.48,111.8,-41.75,1.1,48.1,110,0.1991,1,0
NEU-009069,Control,B01,89.89,-62.66,157.9,8.87,126.9,-41.25,1.065,49.6,90,0.6509,0,0
NEU-009070,TreatmentA,B01,102.35,-68.86,191.5,14.29,108.5,-38.96,0.702,62.6,90,0.3177,1,1
NEU-009071,TreatmentB,B03,100.49,-65.12,110.0,17.96,102.0,-41.32,1.296,80.9,96,0.3869,1,1
NEU-009072,TreatmentB,B02,92.2,-57.71,144.2,21.22,70.3,-37.76,0.997,52.9,86,0.3489,1,0
NEU-009073,Control,B03,107.12,-76.73,115.7,19.49,64.6,-44.68,1.241,22.4,99,0.3019,1,0
NEU-009074,Control,B03,80.43,-62.17,411.0,20.5,150.9,-40.01,0.766,41.8,94,0.4049,0,1
NEU-009075,TreatmentB,B03,90.79,-63.5,109.6,9.85,80.0,-33.99,1.438,71.3,90,0.3729,1,1
NEU-009076,TreatmentA,B01,82.52,-65.12,131.5,19.57,133.5,-38.31,1.354,53.1,72,0.644,1,1
NEU-009077,Control,B01,102.57,-61.02,115.0,11.04,62.2,-41.73,1.102,39.6,80,0.6972,1,0
NEU-009078,TreatmentB,B03,118.51,-62.16,126.9,6.53,93.7,-44.21,1.152,73.1,85,0.5396,1,0
NEU-009079,TreatmentA,B02,100.27,-64.42,188.6,13.48,88.5,-42.06,0.858,33.3,88,0.1736,1,1
NEU-009080,TreatmentB,B01,82.16,-66.87,284.2,8.54,143.2,-46.7,1.04,83.5,82,0.4123,1,1
NEU-009081,TreatmentB,B03,100.38,-63.96,417.6,8.16,63.6,-43.08,1.085,60.8,108,0.3887,0,0
NEU-009082,TreatmentB,B03,128.32,-59.32,179.8,16.45,62.9,-38.0,1.165,73.1,92,0.3624,1,0
NEU-009083,TreatmentB,B01,85.4,-58.71,225.8,42.19,29.1,-43.74,1.226,65.7,85,0.4164,1,0
NEU-009084,TreatmentB,B03,129.27,-75.77,220.6,11.78,123.9,-46.26,0.834,66.9,80,0.2062,1,1
NEU-009085,Control,B03,102.0,-67.97,110.0,9.53,117.0,-37.07,0.913,34.8,81,0.5058,1,1
NEU-009086,Control,B03,110.98,-67.85,403.9,20.75,124.7,-41.76,1.646,44.7,80,0.4107,1,1
NEU-009087,Control,B02,111.99,-53.66,155.7,16.92,75.8,-38.48,1.143,16.4,70,0.2391,0,0
NEU-009088,Control,B01,105.89,-72.68,145.8,16.93,134.0,-42.09,1.461,32.0,102,0.4762,0,0
NEU-009089,TreatmentB,B03,111.59,-64.54,229.3,10.44,95.4,-39.23,1.184,57.0,107,0.5543,1,0
NEU-009090,TreatmentB,B02,89.28,-56.42,252.7,14.07,78.7,-34.38,1.101,48.7,80,0.3334,0,0
NEU-009091,TreatmentA,B01,112.8,-66.07,117.6,13.9,124.8,-44.99,0.832,45.1,95,0.2917,0,1
NEU-009092,Control,B01,107.56,-60.09,134.5,6.71,205.7,-45.79,0.784,38.8,90,0.516,0,0
NEU-009093,TreatmentA,B03,88.87,-71.65,200.7,10.7,102.6,-44.25,0.969,55.9,98,0.341,0,1
NEU-009094,Control,B03,91.79,-74.61,179.9,8.39,104.6,-41.71,0.961,45.3,78,0.3991,0,0
NEU-009095,Control,B02,110.83,-66.5,259.7,12.52,109.6,-40.8,1.1,29.7,72,0.3343,1,1
NEU-009096,TreatmentB,B03,131.51,-65.59,234.6,13.65,12.7,-43.65,0.839,70.4,90,0.2045,0,1
NEU-009097,Control,B01,120.07,-67.78,263.1,8.02,120.7,-42.74,1.025,39.0,85,0.5699,0,0
NEU-009098,TreatmentA,B02,68.2,-67.62,243.7,9.91,74.6,-40.19,0.79,76.3,89,0.1264,0,1
NEU-009099,TreatmentA,B03,76.54,-71.86,148.6,17.16,141.7,-39.52,1.331,55.0,76,0.1344,0,0
NEU-009100,TreatmentA,B02,94.77,-72.06,280.8,6.9,176.9,-45.0,1.195,49.9,88,0.6184,0,0
NEU-009101,TreatmentA,B01,81.82,-64.72,129.6,21.87,65.2,-51.98,0.68,29.1,85,0.2977,1,1
NEU-009102,TreatmentA,B02,105.17,-63.87,299.9,19.52,93.6,-41.35,0.97,47.1,88,0.4766,0,1
NEU-009103,TreatmentA,B02,118.18,-51.1,171.8,14.48,108.9,-44.65,1.219,37.6,81,0.5164,0,0
NEU-009104,TreatmentA,B03,80.45,-57.5,133.3,8.38,151.1,-41.61,1.207,50.0,69,0.2102,1,1
NEU-009105,TreatmentA,B03,85.38,-68.14,244.9,18.3,51.5,-38.69,0.992,59.7,75,0.5077,0,1
NEU-009106,TreatmentB,B02,108.06,-63.65,134.1,9.93,49.0,-45.07,0.584,51.4,72,0.2145,1,1
NEU-009107,Control,B03,86.98,-67.7,286.1,24.19,77.7,-42.72,1.35,39.7,88,0.3081,0,0
NEU-009108,TreatmentB,B02,112.88,-68.31,240.8,12.8,125.6,-39.56,0.759,51.5,99,0.1654,0,1
NEU-009109,TreatmentB,B02,120.12,-70.23,139.6,20.96,73.5,-38.04,0.721,73.2,82,0.2444,1,0
NEU-009110,Control,B03,94.2,-61.47,133.7,7.71,146.3,-46.28,1.821,2.2,79,0.364,0,1
NEU-009111,TreatmentA,B01,102.28,-56.12,124.5,17.66,69.8,-46.22,0.818,16.3,81,0.3629,0,0
NEU-009112,TreatmentB,B03,94.2,-70.32,105.7,13.21,88.3,-41.58,1.006,42.3,103,0.1918,0,1
NEU-009113,TreatmentB,B03,109.85,-63.54,297.9,13.25,6.9,-41.93,2.269,44.5,89,0.2851,1,1
NEU-009114,TreatmentB,B02,94.2,-61.43,153.0,15.33,73.2,-43.93,0.771,39.6,98,0.5495,1,1
NEU-009115,TreatmentB,B03,119.07,-58.72,127.4,14.62,62.6,-39.76,1.135,66.2,91,0.4669,1,1
NEU-009116,TreatmentB,B03,92.54,-62.77,186.9,11.09,82.0,-44.0,1.129,50.5,88,0.3184,0,1
NEU-009117,TreatmentB,B02,82.93,-64.69,319.5,16.35,65.9,-37.02,0.747,56.0,81,0.5059,0,1
NEU-009118,TreatmentB,B01,118.4,-58.42,158.9,13.48,49.9,-35.4,0.999,54.0,69,0.3987,1,0
NEU-009119,Control,B02,97.29,-67.35,170.1,8.87,103.4,-44.36,1.046,39.3,110,0.6943,0,0
NEU-009120,Control,B02,110.76,-56.7,289.9,10.71,60.2,-33.68,0.775,47.3,103,0.3085,0,0
NEU-009121,TreatmentA,B02,111.48,-69.05,116.4,16.58,91.9,-35.21,0.956,32.8,91,0.5198,0,1
NEU-009122,Control,B01,96.06,-66.27,217.1,12.27,152.7,-44.55,0.995,37.9,77,0.4004,0,1
NEU-009123,TreatmentA,B01,96.06,-57.9,199.2,14.42,83.8,-40.86,1.04,54.9,79,0.4776,1,0
NEU-009124,TreatmentB,B01,95.87,-66.66,101.9,9.8,58.8,-35.25,0.766,48.5,89,0.6599,1,0
NEU-009125,TreatmentB,B01,97.63,-67.23,367.5,15.22,122.7,-46.17,0.61,75.6,80,0.5402,0,1
NEU-009126,Control,B03,123.98,-68.98,116.4,9.89,105.5,-41.74,0.82,33.0,85,0.376,1,1
NEU-009127,Control,B03,124.83,-68.49,200.2,20.81,174.2,-37.85,0.765,45.7,94,0.3962,0,1
NEU-009128,TreatmentB,B03,91.86,-69.64,218.7,8.36,113.3,-39.23,0.762,81.0,112,0.2739,1,1
NEU-009129,Control,B02,96.86,-67.97,247.7,8.89,191.3,-43.28,1.501,33.3,89,0.3135,1,1
NEU-009130,Control,B01,87.91,-60.68,120.8,10.54,137.4,-41.99,0.878,53.6,70,0.5281,1,0
NEU-009131,Control,B02,131.69,-60.22,184.6,22.55,114.4,-37.42,1.46,51.0,83,0.3329,1,0
NEU-009132,TreatmentB,B03,109.63,-64.6,271.2,18.5,162.4,-42.08,0.653,34.6,77,0.2065,0,0
NEU-009133,Control,B02,104.07,-64.73,154.9,14.89,99.5,-46.28,1.048,35.4,79,0.2132,0,1
NEU-009134,Control,B01,107.21,-63.35,183.4,12.43,154.4,-39.86,1.412,39.9,84,0.3375,1,0
NEU-009135,TreatmentA,B02,111.35,-63.64,161.6,10.11,78.5,-51.97,1.642,50.9,98,0.4715,1,1
NEU-009136,TreatmentB,B01,131.04,-65.07,433.3,8.13,88.3,-42.21,1.071,72.1,84,0.4324,0,0
NEU-009137,Control,B02,115.38,-58.35,126.2,25.55,143.9,-39.3,1.272,53.2,90,0.434,1,1
NEU-009138,TreatmentA,B01,72.38,-73.34,296.7,18.6,70.5,-37.58,1.347,78.1,85,0.2599,1,0
NEU-009139,Control,B01,108.07,-65.71,216.6,15.13,168.5,-36.58,1.401,46.3,85,0.4243,0,1
NEU-009140,TreatmentB,B01,93.67,-63.07,245.6,11.3,115.4,-40.19,0.718,78.2,73,0.4182,0,1
NEU-009141,Control,B01,84.42,-60.9,355.2,14.49,188.8,-40.56,1.027,34.3,77,0.4086,0,1
NEU-009142,TreatmentA,B03,130.27,-56.82,160.4,5.88,100.4,-37.42,0.917,55.9,88,0.3396,0,1
NEU-009143,Control,B01,77.85,-73.74,163.7,15.98,144.9,-44.54,0.839,28.2,90,0.29,0,0
NEU-009144,TreatmentB,B01,119.83,-71.16,259.1,13.17,37.1,-35.29,0.549,59.9,83,0.1921,0,0
NEU-009145,TreatmentB,B01,110.03,-56.64,139.3,15.33,64.0,-45.82,0.809,59.9,91,0.5465,1,1
NEU-009146,Control,B02,111.23,-64.33,162.5,12.24,208.8,-41.92,0.958,26.1,96,0.567,0,1
NEU-009147,TreatmentB,B03,114.97,-69.91,388.2,16.86,83.2,-35.55,0.958,37.8,77,0.3635,0,0
NEU-009148,TreatmentB,B03,122.72,-59.18,357.3,6.99,90.6,-51.42,0.949,60.8,102,0.2004,1,1
NEU-009149,TreatmentB,B02,100.63,-66.76,212.0,15.54,-9.5,-36.14,1.194,50.7,71,0.2744,0,1
NEU-009150,TreatmentB,B02,103.71,-56.11,193.0,11.4,88.8,-44.27,0.685,64.0,105,0.4884,1,0
NEU-009151,TreatmentA,B03,100.0,-63.41,124.6,12.42,137.3,-45.95,1.027,65.0,79,0.5536,1,1
NEU-009152,Control,B02,89.4,-67.87,215.9,15.77,128.6,-39.67,1.006,56.0,87,0.3578,1,1
NEU-009153,Control,B01,109.96,-58.87,179.4,16.55,128.1,-45.16,1.1,55.9,82,0.423,0,0
NEU-009154,TreatmentB,B02,103.35,-66.97,150.3,13.6,69.2,-38.61,0.829,59.0,89,0.4194,1,0
NEU-009155,TreatmentA,B02,101.98,-67.56,209.4,7.28,97.2,-44.25,1.482,39.1,85,0.239,1,1
NEU-009156,TreatmentB,B03,93.62,-64.77,251.9,12.28,106.7,-51.22,0.911,53.5,102,0.4101,0,1
NEU-009157,Control,B03,90.77,-66.86,171.1,6.73,123.5,-41.49,1.337,38.9,102,0.3158,1,1
NEU-009158,Control,B02,92.76,-70.52,147.9,10.72,143.7,-48.76,1.108,37.4,101,0.3748,0,0
NEU-009159,TreatmentA,B02,79.44,-71.31,104.0,8.38,67.9,-31.33,0.877,39.1,76,0.1948,1,1
NEU-009160,TreatmentB,B01,110.88,-58.1,638.9,9.71,-9.8,-37.85,0.873,74.7,83,0.455,0,0
NEU-009161,TreatmentB,B01,70.74,-57.11,203.6,8.31,39.4,-38.91,1.07,33.8,92,0.5594,1,0
NEU-009162,TreatmentA,B01,102.86,-60.36,227.1,12.76,141.6,-47.95,1.19,44.6,82,0.4895,0,0
NEU-009163,TreatmentB,B03,109.56,-59.39,236.6,9.24,97.8,-40.25,0.836,67.7,66,0.6202,1,0
NEU-009164,Control,B01,85.04,-61.99,122.3,7.23,138.1,-41.22,1.606,47.7,72,0.4762,0,0
NEU-009165,Control,B03,76.08,-58.01,197.1,11.24,126.8,-41.45,0.911,36.9,87,0.3835,0,0
NEU-009166,TreatmentA,B02,117.54,-65.49,100.0,33.76,93.4,-38.72,1.145,27.2,97,0.2307,0,0
NEU-009167,Control,B03,114.91,-72.08,124.3,29.09,126.9,-39.15,0.771,51.5,89,0.4594,1,1
NEU-009168,TreatmentA,B01,97.92,-59.03,107.8,20.2,68.1,-41.72,1.438,41.4,73,0.534,0,1
NEU-009169,TreatmentB,B03,109.03,-60.87,78.0,17.98,84.6,-44.53,0.936,44.4,97,0.3348,1,0
NEU-009170,TreatmentA,B01,96.74,-61.16,184.8,9.65,119.7,-50.77,0.693,40.3,81,0.4361,0,0
NEU-009171,TreatmentB,B02,112.25,-61.27,222.3,14.2,64.4,-40.02,0.696,74.6,93,0.1846,0,0
NEU-009172,Control,B03,89.33,-63.25,108.0,14.26,151.0,-41.53,1.272,42.7,82,0.6107,1,1
NEU-009173,TreatmentA,B03,83.94,-67.8,217.3,18.17,94.9,-38.24,1.021,50.2,90,0.4281,0,1
NEU-009174,Control,B02,94.63,-58.1,259.8,14.66,123.0,-41.33,0.865,31.3,115,0.2693,1,1
NEU-009175,TreatmentA,B01,100.61,-62.19,169.3,13.58,121.0,-40.24,0.578,41.5,81,0.3324,1,1
NEU-009176,Control,B01,128.09,-69.38,198.1,13.16,206.3,-38.99,1.656,13.6,75,0.3133,0,0
NEU-009177,Control,B02,83.32,-63.46,203.6,10.83,143.8,-51.24,1.363,63.5,106,0.1351,1,1
NEU-009178,TreatmentA,B01,91.62,-55.61,226.5,10.09,90.0,-34.85,1.321,50.9,86,0.4664,1,0
NEU-009179,TreatmentA,B02,99.62,-78.24,351.3,23.29,54.1,-44.74,1.072,46.6,85,0.2418,0,0
NEU-009180,TreatmentB,B01,128.84,-68.15,176.1,8.97,115.6,-43.71,0.753,63.2,75,0.593,0,0
NEU-009181,TreatmentB,B01,98.39,-66.93,433.7,17.16,48.7,-47.24,1.283,42.7,89,0.3644,0,0
NEU-009182,TreatmentB,B01,106.64,-61.49,249.4,18.26,74.9,-42.1,1.915,47.4,90,0.4332,0,1
NEU-009183,TreatmentB,B02,115.07,-55.9,177.2,14.56,58.6,-46.04,0.862,81.4,74,0.6343,1,0
NEU-009184,TreatmentB,B03,93.74,-65.13,318.9,10.0,108.3,-44.26,0.811,36.4,91,0.4458,0,1
NEU-009185,TreatmentB,B01,66.84,-61.39,174.4,27.31,88.3,-52.5,0.826,54.1,81,0.6886,1,1
NEU-009186,TreatmentA,B01,75.17,-71.81,315.7,18.22,89.5,-46.27,0.868,55.8,74,0.1813,0,0
NEU-009187,TreatmentA,B01,114.99,-69.71,222.1,6.96,118.1,-45.49,0.933,32.4,90,0.5701,0,0
NEU-009188,Control,B01,86.78,-60.84,215.0,9.59,100.9,-41.83,0.718,27.8,84,0.3268,0,1
NEU-009189,TreatmentB,B02,103.75,-68.81,254.3,17.34,84.1,-42.64,0.894,55.6,82,0.4012,0,0
NEU-009190,TreatmentA,B03,95.02,-68.17,169.7,16.41,167.5,-41.78,1.094,48.4,99,0.375,1,1
NEU-009191,TreatmentA,B01,74.28,-58.41,414.8,21.99,105.7,-46.86,1.369,42.5,80,0.3443,0,0
NEU-009192,TreatmentA,B03,107.7,-70.81,161.2,8.72,178.9,-50.04,1.135,38.3,82,0.5498,0,0
NEU-009193,TreatmentB,B03,110.17,-62.91,66.2,10.89,56.2,-50.01,1.188,50.4,81,0.5933,1,0
NEU-009194,TreatmentA,B02,73.11,-70.34,227.3,8.6,169.9,-47.96,1.343,43.7,81,0.5509,0,0
NEU-009195,TreatmentB,B03,103.19,-58.47,86.4,20.18,37.7,-41.8,0.834,59.3,94,0.3521,1,0
NEU-009196,TreatmentA,B03,115.83,-63.84,122.2,9.89,83.0,-38.89,1.191,45.8,83,0.235,1,1
NEU-009197,Control,B01,103.18,-70.63,173.7,12.99,224.0,-35.18,1.421,51.0,81,0.4759,0,0
NEU-009198,TreatmentA,B01,134.95,-68.23,218.3,9.83,214.3,-48.75,1.118,85.1,82,0.3336,0,0
NEU-009199,TreatmentA,B02,113.55,-63.35,264.8,25.27,47.3,-42.16,0.932,68.7,76,0.4119,1,1
NEU-009200,TreatmentB,B03,100.13,-62.81,113.3,13.79,83.1,-42.6,1.384,31.7,78,0.4781,1,1
NEU-009201,TreatmentA,B03,102.15,-58.84,77.0,7.53,96.9,-44.78,1.045,45.6,96,0.1427,1,1
NEU-009202,Control,B01,87.95,-66.28,210.1,10.46,69.4,-41.2,0.899,67.9,88,0.5097,1,0
NEU-009203,TreatmentA,B01,97.04,-61.44,263.0,32.3,218.5,-40.22,0.739,45.9,83,0.5461,0,1
NEU-009204,TreatmentB,B02,99.95,-64.79,136.0,5.83,59.0,-36.21,1.309,96.5,81,0.4973,0,0
NEU-009205,Control,B02,89.87,-57.38,194.6,16.2,110.0,-38.07,1.24,43.7,87,0.3554,1,0
NEU-009206,Control,B03,70.81,-62.95,148.0,17.85,101.2,-43.59,1.255,39.7,90,0.7125,0,1
NEU-009207,TreatmentA,B01,94.44,-58.11,288.5,8.84,208.7,-39.33,1.158,44.9,92,0.361,0,1
NEU-009208,TreatmentA,B03,85.8,-76.44,158.7,8.92,111.7,-43.46,1.09,63.9,94,0.6388,1,0
NEU-009209,Control,B01,119.67,-65.66,205.8,8.81,88.3,-46.53,0.759,25.1,71,0.6154,0,0
NEU-009210,TreatmentB,B02,99.82,-73.9,196.9,12.02,125.7,-43.52,0.723,35.4,98,0.205,0,0
NEU-009211,Control,B03,106.4,-62.45,148.6,13.58,108.2,-46.29,0.885,36.3,89,0.3144,1,1
NEU-009212,TreatmentA,B01,107.77,-59.43,97.4,18.57,104.1,-39.67,0.631,64.6,71,0.4562,1,0
NEU-009213,Control,B03,88.5,-67.44,122.1,13.96,166.9,-35.78,0.759,31.4,93,0.6672,0,0
NEU-009214,Control,B03,123.76,-67.04,54.3,9.89,188.8,-50.46,1.153,31.2,81,0.67,0,0
NEU-009215,Control,B03,111.72,-66.52,164.1,9.26,134.0,-46.24,0.883,26.3,82,0.2663,0,1
NEU-009216,TreatmentB,B03,91.63,-61.0,256.1,9.19,161.5,-44.26,1.236,80.1,90,0.2436,1,1
NEU-009217,TreatmentA,B03,75.98,-59.32,271.2,9.48,168.0,-43.32,1.095,46.5,94,0.3543,0,1
NEU-009218,TreatmentA,B01,96.62,-56.71,376.7,6.97,74.3,-41.15,1.056,55.9,98,0.6533,0,0
NEU-009219,TreatmentA,B02,100.58,-66.59,127.5,8.83,67.4,-37.02,0.563,56.1,90,0.4273,1,1
NEU-009220,TreatmentB,B02,128.2,-61.5,225.0,13.01,65.8,-41.62,1.42,59.4,78,0.4995,1,1
NEU-009221,Control,B01,83.25,-53.16,292.4,21.0,169.0,-45.6,0.97,25.0,95,0.6137,0,1
NEU-009222,TreatmentB,B01,106.02,-69.17,152.0,6.43,68.7,-41.58,0.849,46.4,81,0.276,0,1
NEU-009223,TreatmentB,B03,107.84,-80.34,101.9,15.0,105.3,-40.19,1.534,50.6,82,0.4114,1,0
NEU-009224,TreatmentB,B02,97.14,-56.75,208.5,15.76,41.1,-40.9,1.269,54.9,89,0.4675,1,0
NEU-009225,Control,B02,103.64,-66.9,197.3,7.99,89.1,-45.44,0.538,46.0,81,0.5879,0,0
NEU-009226,TreatmentA,B01,113.32,-61.43,279.8,16.91,147.8,-37.0,1.301,36.0,99,0.4083,0,0
NEU-009227,TreatmentB,B01,114.38,-63.88,235.8,14.97,71.2,-41.64,1.093,63.2,79,0.4379,0,1
NEU-009228,TreatmentB,B03,93.06,-61.3,163.5,28.5,94.9,-46.03,1.128,72.3,87,0.395,1,1
NEU-009229,TreatmentA,B03,100.13,-66.42,160.3,18.14,86.2,-36.76,1.529,44.3,81,0.2273,1,0
NEU-009230,TreatmentB,B03,91.97,-64.14,302.5,8.71,35.3,-44.6,1.277,63.5,78,0.4685,0,1
NEU-009231,TreatmentB,B03,83.53,-57.03,163.2,16.93,71.8,-42.67,0.733,59.2,97,0.3802,1,0
NEU-009232,Control,B01,110.46,-67.04,87.7,8.68,48.7,-44.45,2.014,1.1,87,0.4162,1,0
NEU-009233,TreatmentB,B01,120.83,-61.17,176.2,13.74,52.3,-37.04,1.266,47.3,84,0.3586,1,1
NEU-009234,TreatmentA,B03,110.94,-67.1,95.2,10.07,122.6,-42.91,1.641,72.8,93,0.2193,0,1
NEU-009235,TreatmentA,B01,109.53,-57.32,150.9,17.57,101.5,-35.91,1.501,50.0,87,0.4991,1,1
NEU-009236,TreatmentB,B03,118.19,-60.16,511.1,24.71,33.7,-38.71,1.325,42.9,90,0.3869,0,0
NEU-009237,TreatmentB,B01,96.18,-66.84,142.0,14.33,82.4,-46.2,1.373,26.1,95,0.4175,0,1
NEU-009238,Control,B03,105.99,-60.0,111.7,11.48,147.2,-38.58,0.852,39.5,82,0.517,0,0
NEU-009239,TreatmentB,B03,99.51,-61.58,135.2,15.8,15.1,-42.1,0.9,54.3,85,0.4377,1,1
NEU-009240,Control,B01,115.66,-73.89,83.3,16.12,66.0,-37.65,1.021,21.9,102,0.2002,0,0
NEU-009241,TreatmentA,B02,91.22,-71.1,188.0,8.02,81.0,-44.73,1.922,42.4,96,0.3714,1,1
NEU-009242,TreatmentA,B02,99.7,-69.26,151.1,16.33,169.1,-33.47,0.963,60.7,112,0.0621,0,0
NEU-009243,TreatmentA,B03,94.26,-58.8,57.6,11.37,128.2,-33.49,0.902,61.7,97,0.4383,1,0
NEU-009244,TreatmentB,B03,80.22,-66.13,170.0,5.15,24.2,-30.26,1.491,33.0,81,0.2497,0,1
NEU-009245,Control,B02,118.31,-63.19,424.3,13.12,166.4,-40.02,1.708,73.0,102,0.6178,1,1
NEU-009246,TreatmentA,B01,86.39,-60.26,370.8,15.21,127.6,-36.98,1.136,42.4,100,0.4557,1,0
NEU-009247,TreatmentA,B03,123.8,-73.46,228.6,10.86,81.3,-38.49,0.757,38.4,66,0.5168,0,0
NEU-009248,Control,B01,101.64,-62.82,152.2,12.81,146.2,-42.21,1.65,44.5,96,0.2476,1,1
NEU-009249,Control,B03,143.06,-70.73,95.1,15.45,207.4,-48.67,1.117,39.3,86,0.6309,1,1
NEU-009250,TreatmentB,B01,126.44,-66.8,148.7,16.79,62.6,-45.35,0.827,51.6,84,0.3664,0,0
NEU-009251,TreatmentA,B01,106.89,-63.49,131.1,18.9,121.9,-39.05,0.658,37.1,85,0.4929,0,1
NEU-009252,TreatmentB,B03,110.06,-61.81,157.8,13.75,74.9,-43.11,0.61,73.0,92,0.3858,1,1
NEU-009253,TreatmentB,B02,102.82,-64.24,137.8,8.49,80.4,-39.13,0.85,72.3,93,0.5439,1,0
NEU-009254,TreatmentA,B02,111.0,-65.73,105.4,7.33,177.2,-31.36,1.198,64.9,89,0.3719,1,1
NEU-009255,Control,B03,89.92,-66.99,147.0,11.46,85.4,-38.78,0.973,37.5,92,0.4901,1,1
NEU-009256,TreatmentA,B01,100.69,-62.51,94.5,20.52,61.8,-37.6,0.785,54.7,78,0.2557,0,0
NEU-009257,TreatmentA,B02,102.16,-64.08,201.4,17.97,94.6,-40.47,0.635,57.5,80,0.4461,1,1
NEU-009258,Control,B01,105.19,-64.91,160.7,7.88,131.0,-38.64,0.733,25.8,77,0.4658,0,0
NEU-009259,Control,B01,111.38,-68.83,330.2,5.91,45.0,-42.49,0.951,58.4,87,0.5439,0,0
NEU-009260,TreatmentA,B02,99.15,-65.36,252.3,7.79,136.9,-44.92,1.722,23.2,83,0.5016,1,0
NEU-009261,TreatmentB,B03,64.93,-64.93,188.3,16.64,141.8,-43.36,1.549,44.3,82,0.1586,1,1
NEU-009262,TreatmentA,B02,83.12,-70.58,199.6,17.66,182.7,-43.32,0.598,58.1,100,0.2562,0,0
NEU-009263,TreatmentB,B02,83.15,-63.45,339.4,6.0,104.9,-36.04,1.022,63.0,95,0.3837,0,1
NEU-009264,TreatmentA,B01,93.57,-68.4,196.6,14.74,88.3,-40.18,0.977,56.7,100,0.5109,0,0
NEU-009265,TreatmentA,B01,94.06,-62.96,139.8,14.0,145.1,-46.34,0.871,35.0,98,0.5061,0,1
NEU-009266,TreatmentA,B01,63.88,-65.81,192.7,13.06,160.1,-34.59,1.062,45.8,93,0.2737,1,1
NEU-009267,TreatmentB,B03,99.94,-65.19,187.6,18.18,103.0,-47.73,0.965,83.6,77,0.7183,1,1
NEU-009268,TreatmentB,B02,121.77,-79.13,114.8,6.31,127.0,-32.83,0.85,65.9,84,0.228,1,1
NEU-009269,TreatmentA,B03,65.51,-60.59,146.0,12.86,79.3,-44.73,1.036,53.6,84,0.6821,1,0
NEU-009270,TreatmentB,B01,91.19,-73.72,151.7,19.35,31.3,-39.69,0.644,42.3,94,0.4506,0,1
NEU-009271,TreatmentA,B02,107.97,-63.79,177.1,16.48,140.0,-40.39,1.006,61.0,97,0.4161,0,1
NEU-009272,TreatmentA,B01,96.1,-59.93,176.7,8.32,118.8,-47.5,1.181,36.1,89,0.3974,0,1
NEU-009273,TreatmentA,B02,106.06,-77.87,175.0,15.82,67.2,-39.28,1.234,44.9,80,0.6105,0,0
NEU-009274,TreatmentA,B03,90.15,-67.01,279.2,21.33,108.4,-49.92,1.292,55.3,92,0.4705,1,1
NEU-009275,TreatmentB,B03,81.4,-60.06,330.8,16.79,103.8,-40.92,0.953,37.6,80,0.4666,0,0
NEU-009276,Control,B03,117.72,-65.57,115.0,9.7,140.9,-38.59,1.183,57.8,85,0.4781,1,1
NEU-009277,TreatmentB,B01,93.55,-63.03,105.6,13.38,157.0,-39.59,0.852,60.7,75,0.3162,0,0
NEU-009278,Control,B03,104.52,-66.19,85.2,6.48,132.2,-43.55,1.326,51.6,96,0.4736,1,0
NEU-009279,TreatmentB,B01,105.77,-67.31,202.6,23.94,150.8,-45.84,1.063,46.4,87,0.1624,0,0
NEU-009280,TreatmentB,B01,131.28,-59.44,217.4,22.28,118.0,-34.81,0.84,62.3,69,0.3442,0,0
NEU-009281,TreatmentB,B01,95.2,-62.13,118.7,5.71,68.4,-36.93,1.157,57.8,89,0.1969,0,1
NEU-009282,TreatmentB,B01,103.04,-66.78,176.2,14.36,101.5,-40.03,1.08,64.0,103,0.6042,1,1
NEU-009283,TreatmentB,B03,110.48,-60.02,309.8,13.05,111.2,-41.88,1.178,52.0,86,0.4761,0,0
NEU-009284,TreatmentB,B02,103.24,-55.96,129.8,8.37,46.5,-41.82,1.23,54.5,84,0.3794,0,0
NEU-009285,Control,B03,104.11,-71.4,177.4,19.73,174.5,-43.95,1.372,44.2,86,0.4314,1,0
NEU-009286,TreatmentB,B02,90.82,-65.61,152.5,8.17,115.1,-50.54,1.427,42.9,98,0.2736,1,1
NEU-009287,TreatmentB,B01,103.34,-63.78,206.4,8.01,115.3,-45.35,1.503,60.2,90,0.3716,1,1
NEU-009288,TreatmentA,B01,100.29,-73.89,255.4,11.68,190.9,-40.01,1.097,50.4,84,0.4516,0,0
NEU-009289,TreatmentB,B03,71.88,-69.23,118.2,21.53,128.3,-40.01,1.314,61.7,78,0.2355,1,0
NEU-009290,TreatmentA,B01,91.1,-47.85,184.0,12.33,151.2,-43.02,1.12,47.6,95,0.5256,0,0
NEU-009291,TreatmentA,B01,109.69,-62.09,185.0,12.39,98.2,-41.09,0.551,28.4,88,0.3973,0,1
NEU-009292,Control,B01,90.55,-58.41,306.5,25.73,163.1,-39.8,0.797,51.2,86,0.3346,0,0
NEU-009293,TreatmentB,B02,128.35,-54.01,282.4,9.75,57.5,-36.72,0.867,39.4,86,0.3652,0,0
NEU-009294,Control,B03,100.81,-68.95,131.2,12.22,154.4,-46.72,0.727,65.4,91,0.3923,1,0
NEU-009295,Control,B01,110.15,-58.73,132.3,10.67,105.6,-35.56,1.523,25.2,73,0.1602,1,0
NEU-009296,Control,B03,96.51,-65.12,290.0,26.54,113.9,-45.78,1.028,31.2,83,0.4114,0,1
NEU-009297,TreatmentB,B02,98.26,-70.61,300.5,17.73,13.8,-45.81,0.755,71.4,69,0.6045,1,1
NEU-009298,TreatmentB,B03,104.26,-67.37,150.0,12.32,107.3,-45.76,1.339,53.7,81,0.3103,0,1
NEU-009299,Control,B02,101.63,-59.0,83.8,16.2,98.9,-41.4,1.518,1.2,79,0.3113,1,0
NEU-009300,Control,B03,88.6,-72.19,331.5,8.58,135.9,-38.07,0.965,52.4,85,0.5394,0,0
NEU-009301,TreatmentA,B03,86.29,-62.29,336.0,14.62,144.5,-40.29,1.001,43.9,105,0.2062,0,1
NEU-009302,TreatmentA,B03,122.39,-64.14,164.9,16.78,64.0,-46.53,0.895,52.4,63,0.5025,1,1
NEU-009303,Control,B01,82.31,-62.94,106.6,16.72,69.1,-39.83,0.82,67.7,105,0.2336,1,0
NEU-009304,Control,B03,92.66,-74.32,216.4,12.72,126.9,-42.12,1.888,18.1,92,0.3969,0,0
NEU-009305,TreatmentB,B01,106.16,-74.08,185.9,14.61,103.5,-43.0,0.886,45.7,101,0.3817,1,0
NEU-009306,TreatmentA,B01,90.19,-70.35,159.2,16.25,75.7,-40.78,1.386,64.3,81,0.4477,1,0
NEU-009307,TreatmentB,B02,92.72,-70.01,213.3,10.81,109.0,-42.31,0.852,43.3,77,0.4083,0,0
NEU-009308,TreatmentA,B01,118.37,-62.79,339.9,11.76,179.3,-41.23,0.887,56.5,91,0.1589,0,1
NEU-009309,TreatmentA,B03,117.94,-60.88,186.4,6.78,131.9,-45.8,0.867,39.6,77,0.3339,1,1
NEU-009310,Control,B03,95.02,-62.28,397.1,12.19,193.7,-41.35,0.88,55.7,87,0.3859,1,1
NEU-009311,Control,B02,88.28,-60.12,620.1,19.25,207.8,-44.15,1.523,29.4,81,0.5361,0,1
NEU-009312,TreatmentB,B02,78.99,-74.07,277.9,12.23,136.4,-46.46,1.054,39.0,97,0.3526,1,0
NEU-009313,Control,B01,95.25,-65.85,281.4,18.7,151.6,-41.27,1.399,50.9,105,0.6938,1,1
NEU-009314,Control,B02,108.59,-69.3,146.6,11.4,178.8,-41.53,0.534,29.7,73,0.1724,0,1
NEU-009315,Control,B02,57.49,-60.95,210.0,40.02,124.9,-41.91,1.293,42.9,92,0.4788,1,1
NEU-009316,TreatmentB,B01,103.95,-59.31,91.2,14.72,-7.9,-47.08,1.192,52.0,92,0.2614,1,0
NEU-009317,TreatmentA,B03,118.63,-70.06,101.4,19.27,124.3,-40.8,0.621,54.8,71,0.6018,1,1
NEU-009318,TreatmentA,B01,106.96,-62.13,101.8,20.18,106.6,-44.5,1.077,55.9,106,0.2297,1,1
NEU-009319,TreatmentB,B03,107.11,-64.2,159.9,6.75,69.1,-43.32,1.743,57.0,69,0.5077,1,0
NEU-009320,TreatmentB,B03,90.61,-65.2,347.4,11.33,1.8,-43.42,0.842,48.6,85,0.144,0,1
NEU-009321,TreatmentB,B02,78.64,-64.13,112.7,12.28,-27.0,-43.54,0.851,52.8,82,0.4357,1,1
NEU-009322,TreatmentA,B03,123.41,-72.29,95.0,8.36,93.7,-48.27,1.185,59.2,94,0.2637,1,1
NEU-009323,TreatmentB,B01,85.13,-67.95,81.4,7.15,43.0,-37.87,1.424,44.0,88,0.3725,1,1
NEU-009324,TreatmentA,B01,105.85,-56.59,293.2,16.7,115.2,-44.54,0.681,35.8,106,0.1801,0,0
NEU-009325,Control,B02,128.7,-66.1,170.7,15.33,89.1,-43.26,1.892,30.2,86,0.3165,1,1
NEU-009326,TreatmentA,B02,91.45,-73.35,100.7,25.61,140.4,-39.68,1.39,58.5,65,0.4746,1,0
NEU-009327,TreatmentB,B03,85.2,-64.29,582.5,21.96,56.6,-36.48,0.901,45.8,86,0.3811,0,1
NEU-009328,Control,B02,131.14,-63.44,746.0,11.63,184.7,-42.73,0.717,49.5,79,0.4215,0,1
NEU-009329,TreatmentB,B01,107.31,-65.94,176.7,11.12,133.3,-47.02,0.945,77.8,83,0.3631,1,1
NEU-009330,TreatmentB,B01,76.1,-58.18,206.0,17.27,129.6,-48.86,0.649,60.0,79,0.2042,0,0
NEU-009331,Control,B01,86.08,-60.29,272.8,21.21,149.6,-45.62,0.961,78.9,89,0.5315,0,1
NEU-009332,TreatmentA,B02,80.76,-62.4,155.1,19.04,87.1,-39.56,1.082,38.2,86,0.1218,1,0
NEU-009333,Control,B03,119.92,-77.84,176.9,14.4,122.9,-38.59,0.929,21.8,82,0.4871,0,0
NEU-009334,Control,B01,92.92,-65.14,201.2,6.82,80.7,-41.09,1.196,33.4,90,0.416,0,1
NEU-009335,TreatmentB,B01,88.9,-59.66,202.1,9.34,124.8,-35.53,1.58,64.7,93,0.1631,1,1
NEU-009336,TreatmentA,B01,105.48,-69.13,174.7,11.18,120.4,-39.24,1.337,63.7,76,0.1205,0,1
NEU-009337,Control,B02,85.91,-66.43,169.5,16.34,165.2,-50.03,1.808,27.5,74,0.4458,0,1
NEU-009338,TreatmentB,B02,95.34,-65.04,131.7,23.91,76.4,-42.03,0.779,66.2,80,0.5027,0,1
NEU-009339,Control,B01,84.11,-63.1,163.1,14.31,142.9,-43.33,1.169,59.6,72,0.2302,0,1
NEU-009340,Control,B01,81.57,-56.77,123.0,17.35,155.5,-55.07,0.866,36.6,87,0.4708,0,0
NEU-009341,TreatmentB,B03,97.85,-54.32,168.0,15.05,146.4,-41.75,1.427,56.3,70,0.3087,1,0
NEU-009342,Control,B02,114.26,-52.27,216.2,21.35,150.3,-42.93,0.579,69.0,83,0.4945,0,0
NEU-009343,Control,B02,96.48,-48.47,170.8,8.75,65.3,-38.04,1.345,52.8,109,0.5734,1,0
NEU-009344,TreatmentB,B03,97.07,-64.21,156.7,15.49,90.4,-38.95,0.959,58.5,77,0.1616,0,0
NEU-009345,Control,B01,66.49,-59.51,154.8,16.82,106.3,-40.31,1.06,27.3,71,0.2857,1,0
NEU-009346,Control,B01,81.85,-62.72,132.6,7.57,187.1,-44.33,0.722,55.5,91,0.233,1,1
NEU-009347,TreatmentA,B02,76.25,-61.72,185.0,13.92,168.3,-36.48,0.842,32.6,88,0.6373,0,0
NEU-009348,TreatmentA,B01,97.97,-68.15,177.8,16.03,34.4,-39.32,0.886,47.9,76,0.2319,1,0
NEU-009349,Control,B01,103.27,-63.73,194.0,24.04,71.5,-42.09,1.762,18.6,79,0.6094,0,1
NEU-009350,TreatmentB,B02,96.86,-66.0,301.7,15.8,24.2,-46.16,0.74,52.7,79,0.2987,0,0
NEU-009351,TreatmentB,B03,116.0,-67.88,259.1,23.69,117.7,-48.52,1.14,49.7,99,0.3913,0,0
NEU-009352,TreatmentB,B03,126.41,-62.74,226.1,30.87,104.9,-45.16,0.761,75.0,93,0.2657,0,0
NEU-009353,TreatmentA,B01,98.72,-60.04,120.5,10.36,167.6,-36.15,0.706,74.7,105,0.2065,1,1
NEU-009354,TreatmentA,B01,112.27,-64.23,356.9,12.73,89.9,-44.98,0.979,53.1,81,0.3463,0,1
NEU-009355,TreatmentB,B03,103.97,-68.47,248.6,19.06,123.1,-41.95,1.12,52.3,97,0.2361,1,1
NEU-009356,TreatmentA,B01,124.97,-79.49,154.1,42.59,74.0,-43.19,1.19,63.8,79,0.5537,1,1
NEU-009357,Control,B03,99.29,-71.65,112.5,7.47,81.6,-46.51,0.999,54.0,107,0.3658,1,0
NEU-009358,TreatmentB,B01,98.02,-68.78,103.0,20.64,75.8,-34.61,1.207,93.2,93,0.3176,1,0
NEU-009359,TreatmentA,B02,128.27,-68.01,201.8,14.71,69.8,-46.49,1.011,33.6,96,0.1686,0,1
NEU-009360,TreatmentB,B02,68.0,-58.32,106.5,11.2,50.1,-38.46,1.376,44.7,99,0.4417,1,0
NEU-009361,Control,B02,109.38,-73.21,172.5,30.35,176.8,-44.31,0.917,39.4,82,0.3234,1,0
NEU-009362,TreatmentA,B03,106.21,-60.71,295.5,7.09,33.2,-40.55,0.393,42.1,94,0.393,0,0
NEU-009363,TreatmentA,B01,75.08,-67.35,110.1,19.25,107.7,-37.49,1.212,53.0,72,0.3987,0,1
NEU-009364,TreatmentB,B01,96.61,-74.04,263.3,14.12,77.3,-40.71,1.38,69.6,103,0.2667,1,0
NEU-009365,Control,B03,107.04,-66.28,122.4,9.49,129.4,-45.07,0.841,35.5,110,0.3385,0,1
NEU-009366,TreatmentB,B03,102.8,-65.09,145.8,12.45,16.1,-47.59,1.023,74.7,99,0.3376,1,1
NEU-009367,TreatmentB,B01,96.26,-66.07,299.2,19.83,130.4,-40.26,1.131,58.0,80,0.4915,1,1
NEU-009368,TreatmentA,B01,102.14,-73.65,239.6,22.32,83.7,-42.89,0.779,32.7,77,0.5118,0,0
NEU-009369,Control,B02,105.89,-61.43,151.5,30.35,147.3,-51.23,0.865,21.6,86,0.4653,0,1
NEU-009370,TreatmentA,B01,109.27,-60.61,368.7,9.48,95.7,-36.17,0.929,30.7,88,0.2213,0,1
NEU-009371,TreatmentB,B01,112.59,-67.56,150.8,15.51,68.2,-45.76,1.353,73.8,83,0.7316,1,1
NEU-009372,Control,B03,104.3,-77.55,202.3,15.2,162.9,-55.03,0.653,0.7,81,0.6885,0,0
NEU-009373,Control,B02,84.95,-60.53,250.1,11.23,179.1,-45.79,1.694,40.1,83,0.6266,0,0
NEU-009374,TreatmentB,B01,89.79,-63.84,86.6,31.29,97.0,-42.08,0.998,59.0,78,0.4458,1,0
NEU-009375,Control,B02,94.16,-72.81,116.3,27.75,97.9,-45.81,0.872,41.4,80,0.6406,0,1
NEU-009376,Control,B01,94.45,-72.23,171.1,14.32,122.6,-40.12,0.643,68.6,80,0.651,1,1
NEU-009377,TreatmentA,B01,98.53,-70.26,208.6,16.27,116.7,-47.21,1.316,44.4,93,0.5262,1,1
NEU-009378,TreatmentA,B03,113.35,-61.74,239.3,18.53,69.8,-37.48,1.472,37.2,80,0.4097,0,0
NEU-009379,Control,B01,121.1,-64.33,228.1,12.82,156.6,-47.17,0.856,21.3,100,0.3945,0,1
NEU-009380,Control,B03,123.88,-70.24,401.7,16.93,163.2,-44.39,0.566,33.3,96,0.5231,0,1
NEU-009381,TreatmentB,B03,104.51,-63.55,84.9,20.64,103.5,-44.21,1.354,68.7,103,0.4611,1,1
NEU-009382,Control,B02,80.02,-64.87,139.8,17.6,135.2,-35.17,0.59,35.7,88,0.422,0,1
NEU-009383,TreatmentA,B03,94.21,-73.0,124.8,13.57,55.0,-42.57,0.951,48.3,91,0.4696,1,0
NEU-009384,TreatmentA,B01,104.98,-69.27,279.2,11.37,76.8,-39.6,0.79,73.7,85,0.4166,1,1
NEU-009385,Control,B02,105.23,-57.69,150.3,18.52,178.1,-31.56,1.417,37.7,86,0.5155,0,1
NEU-009386,TreatmentA,B01,117.5,-64.36,188.7,12.34,147.2,-43.44,0.984,45.8,83,0.3349,1,1
NEU-009387,Control,B02,108.86,-60.26,265.5,7.75,62.1,-38.49,1.353,32.8,96,0.4018,0,1
NEU-009388,Control,B03,79.23,-68.72,224.8,20.79,182.6,-42.58,1.312,48.4,96,0.465,1,1
NEU-009389,Control,B02,103.71,-81.87,109.3,36.01,39.3,-44.94,0.632,39.8,82,0.2708,0,0
NEU-009390,TreatmentB,B02,74.27,-52.24,112.9,15.85,122.3,-38.63,1.212,53.9,85,0.331,1,0
NEU-009391,TreatmentB,B02,93.4,-55.54,216.9,14.52,42.2,-39.29,0.813,70.4,96,0.2123,1,0
NEU-009392,Control,B01,98.2,-59.0,296.2,17.85,167.0,-41.39,1.038,26.8,74,0.4481,0,0
NEU-009393,TreatmentB,B03,103.89,-67.61,171.9,18.81,88.6,-48.63,1.124,59.3,84,0.2658,1,0
NEU-009394,TreatmentB,B01,106.38,-61.8,365.7,21.08,63.8,-43.1,0.72,59.5,72,0.5932,1,1
NEU-009395,TreatmentB,B03,93.08,-65.78,238.4,13.25,121.1,-40.67,0.842,61.0,75,0.4389,1,1
NEU-009396,Control,B02,122.89,-76.64,104.8,9.39,111.6,-44.75,1.527,39.2,81,0.606,0,0
NEU-009397,Control,B01,80.08,-62.71,159.7,10.64,204.4,-43.58,1.138,38.1,97,0.261,0,1
NEU-009398,TreatmentB,B01,71.45,-57.07,117.8,15.65,38.5,-41.39,1.105,51.5,90,0.2927,0,0
NEU-009399,Control,B01,93.73,-59.38,107.2,14.88,72.5,-41.91,1.577,44.2,85,0.4287,1,1
NEU-009400,TreatmentB,B03,72.94,-56.82,161.9,10.46,81.9,-38.47,0.871,72.3,67,0.2248,1,0
NEU-009401,TreatmentA,B03,108.03,-78.48,195.9,7.85,110.0,-42.42,1.077,56.7,85,0.4442,1,0
NEU-009402,Control,B01,91.43,-69.96,128.9,9.91,114.0,-37.95,0.748,50.0,87,0.3521,1,1
NEU-009403,Control,B03,102.58,-67.14,77.4,7.93,124.3,-40.84,1.035,30.0,79,0.4912,0,1
NEU-009404,TreatmentA,B02,92.72,-66.96,122.9,9.99,54.2,-47.18,2.064,56.8,63,0.5275,1,1
NEU-009405,Control,B01,108.33,-60.16,402.0,15.98,189.6,-43.9,0.851,42.2,89,0.4573,0,0
NEU-009406,TreatmentA,B01,98.39,-66.09,180.3,17.16,74.3,-46.29,1.314,68.7,81,0.4487,1,1
NEU-009407,TreatmentB,B03,104.62,-66.74,156.0,5.42,169.4,-46.09,0.742,55.9,86,0.5227,1,0
NEU-009408,Control,B02,103.12,-57.07,251.2,12.06,132.5,-42.54,0.708,38.4,77,0.7941,0,0
NEU-009409,TreatmentB,B02,107.17,-66.08,150.6,11.94,90.3,-47.99,0.933,45.4,80,0.3403,0,1
NEU-009410,TreatmentA,B03,102.01,-63.76,243.4,10.41,100.4,-40.51,1.009,35.4,103,0.4802,0,0
NEU-009411,Control,B01,92.43,-66.16,153.6,15.13,104.7,-41.95,0.864,49.3,89,0.4398,0,1
NEU-009412,Control,B01,96.66,-59.01,204.6,25.17,89.0,-42.03,1.448,27.1,82,0.3413,0,0
NEU-009413,TreatmentB,B01,94.62,-70.48,166.1,28.05,117.5,-40.45,2.818,48.6,91,0.4763,1,0
NEU-009414,TreatmentA,B01,90.16,-64.79,190.8,17.79,101.4,-47.7,1.654,44.8,71,0.409,0,1
NEU-009415,TreatmentB,B02,111.12,-65.56,333.1,4.45,108.9,-37.75,0.703,54.3,72,0.1831,0,1
NEU-009416,TreatmentB,B01,110.98,-68.58,114.3,13.49,98.8,-51.64,1.125,53.7,89,0.3927,1,0
NEU-009417,TreatmentA,B03,91.36,-70.74,107.1,15.28,140.5,-42.29,1.888,40.8,82,0.3673,1,1
NEU-009418,TreatmentB,B03,94.46,-66.44,395.8,22.21,107.0,-39.66,1.13,45.8,82,0.2725,0,0
NEU-009419,TreatmentB,B02,107.01,-63.92,273.9,25.13,122.1,-46.39,1.827,52.8,83,0.2886,1,1
NEU-009420,Control,B03,126.18,-59.39,168.6,13.54,160.3,-38.42,1.529,35.9,100,0.6882,1,0
NEU-009421,TreatmentA,B02,94.11,-64.49,153.9,23.1,118.3,-38.83,0.914,46.9,84,0.417,0,1
NEU-009422,TreatmentB,B02,90.59,-61.42,68.7,19.8,106.5,-48.47,0.908,61.5,92,0.2081,1,0
NEU-009423,Control,B02,101.41,-67.58,83.2,11.01,92.6,-40.4,0.586,70.0,71,0.4781,1,1
NEU-009424,Control,B03,102.77,-70.41,99.8,5.83,207.6,-43.86,0.956,35.7,98,0.3833,0,1
NEU-009425,Control,B01,78.9,-65.44,199.3,14.55,105.0,-45.81,1.597,25.7,95,0.3369,1,0
NEU-009426,Control,B01,107.45,-75.15,232.4,10.92,191.0,-41.96,1.145,38.6,90,0.4913,1,0
NEU-009427,TreatmentB,B02,105.84,-60.64,80.5,7.48,129.9,-46.9,0.556,41.0,91,0.2901,0,1
NEU-009428,Control,B01,93.18,-66.34,376.6,14.99,78.4,-41.22,1.165,30.8,81,0.8254,0,1
NEU-009429,Control,B01,112.2,-66.83,225.7,7.33,123.8,-44.48,0.881,33.5,91,0.0979,1,1
NEU-009430,Control,B01,93.19,-60.47,199.5,11.28,131.3,-36.35,1.088,32.1,95,0.1431,0,1
NEU-009431,TreatmentA,B02,122.54,-65.73,234.7,7.96,108.8,-50.01,0.978,35.3,99,0.3544,0,1
NEU-009432,TreatmentA,B02,83.98,-54.3,272.1,6.41,138.8,-40.02,1.505,52.7,83,0.6063,1,0
NEU-009433,TreatmentA,B02,90.46,-77.26,141.4,22.22,155.8,-41.5,0.589,40.8,80,0.1508,1,0
NEU-009434,TreatmentA,B01,129.24,-66.82,321.6,10.82,107.4,-38.34,1.679,38.7,83,0.3492,1,1
NEU-009435,TreatmentA,B02,112.65,-61.61,168.2,8.4,147.1,-47.21,1.166,46.8,93,0.471,1,0
NEU-009436,TreatmentB,B03,100.75,-56.86,320.3,14.91,23.1,-44.25,1.119,52.1,89,0.2813,0,0
NEU-009437,TreatmentA,B03,97.39,-63.79,156.5,13.72,100.3,-36.17,1.372,47.4,82,0.5206,0,1
NEU-009438,TreatmentB,B03,96.19,-68.56,194.6,13.4,120.5,-41.8,1.769,71.9,102,0.419,1,1
NEU-009439,TreatmentA,B01,118.85,-57.27,172.8,16.46,66.8,-39.79,1.087,69.1,100,0.1655,1,0
NEU-009440,TreatmentA,B01,66.36,-56.87,325.6,18.15,83.7,-40.02,1.052,52.0,88,0.4775,1,0
NEU-009441,TreatmentB,B03,111.85,-79.49,156.3,13.06,143.3,-45.05,1.094,61.1,88,0.4334,1,0
NEU-009442,TreatmentA,B03,111.45,-62.81,357.5,27.15,102.9,-42.49,1.241,57.6,90,0.5087,1,1
NEU-009443,TreatmentB,B03,85.21,-66.81,260.4,13.67,83.9,-37.6,1.177,55.1,97,0.2411,0,1
NEU-009444,TreatmentB,B03,86.18,-64.23,116.9,8.82,94.3,-41.12,1.433,82.9,91,0.538,1,1
NEU-009445,Control,B01,96.93,-65.0,146.6,19.96,128.5,-43.33,0.901,25.1,69,0.1956,0,1
NEU-009446,TreatmentB,B01,109.13,-55.36,170.4,20.18,73.2,-42.72,1.37,88.3,80,0.5939,1,0
NEU-009447,Control,B03,114.85,-70.08,290.5,19.52,154.7,-36.53,1.15,39.7,92,0.4934,1,1
NEU-009448,Control,B02,83.56,-65.86,245.3,11.22,130.1,-43.94,0.851,52.5,85,0.2804,0,1
NEU-009449,Control,B03,93.34,-60.9,346.3,7.28,80.8,-42.85,0.885,44.2,93,0.4568,0,0
NEU-009450,Control,B03,100.29,-73.42,135.1,6.3,133.1,-47.96,0.79,49.7,82,0.505,0,0
NEU-009451,TreatmentA,B01,90.12,-62.63,179.2,17.37,96.2,-43.7,1.195,32.4,82,0.39,1,1
NEU-009452,TreatmentB,B03,80.55,-69.66,87.0,15.89,73.9,-38.89,0.713,43.1,88,0.8508,0,1
NEU-009453,TreatmentB,B01,127.66,-64.66,196.8,14.03,56.4,-41.86,1.389,68.3,88,0.325,1,1
NEU-009454,Control,B01,79.78,-70.28,276.6,12.78,104.3,-38.86,1.069,14.4,96,0.1103,0,1
NEU-009455,TreatmentA,B02,93.92,-72.61,294.2,9.17,122.2,-39.28,0.997,38.8,89,0.6223,0,0
NEU-009456,TreatmentA,B02,113.22,-64.92,209.0,6.03,92.6,-32.75,0.817,46.8,105,0.3755,1,1
NEU-009457,TreatmentB,B01,130.26,-69.94,156.8,11.89,62.1,-43.13,1.284,54.7,75,0.2077,1,0
NEU-009458,TreatmentB,B02,118.23,-51.83,405.3,11.02,95.5,-50.48,0.767,28.8,93,0.541,0,0
NEU-009459,TreatmentB,B02,84.28,-65.51,212.7,22.9,116.5,-46.89,0.862,37.1,85,0.4204,0,1
NEU-009460,TreatmentB,B01,87.44,-67.15,255.5,10.54,123.8,-49.27,0.796,69.0,86,0.2726,0,1
NEU-009461,TreatmentA,B03,148.69,-63.56,169.7,18.8,141.8,-42.01,1.29,58.1,81,0.552,0,1
NEU-009462,TreatmentA,B01,116.26,-70.17,200.5,13.9,130.8,-40.91,1.019,51.8,80,0.4168,1,1
NEU-009463,Control,B01,101.39,-77.18,220.3,17.33,144.7,-45.41,0.805,40.2,89,0.6229,0,0
NEU-009464,Control,B02,88.53,-67.4,248.4,24.85,112.9,-45.88,0.84,31.3,96,0.1978,0,0
NEU-009465,TreatmentA,B01,87.08,-68.75,156.8,8.11,107.7,-40.89,1.472,41.2,80,0.4996,0,0
NEU-009466,Control,B02,96.05,-55.77,545.8,18.52,143.3,-38.32,1.031,38.9,79,0.1989,0,0
NEU-009467,TreatmentB,B01,107.97,-58.78,280.1,17.26,115.0,-45.67,1.196,53.0,98,0.3321,0,0
NEU-009468,TreatmentA,B03,85.08,-62.85,287.8,12.9,78.1,-41.95,0.871,21.6,100,0.3804,0,1
NEU-009469,Control,B03,87.64,-58.5,135.7,13.52,102.6,-45.3,1.402,64.6,90,0.544,1,0
NEU-009470,TreatmentB,B03,86.8,-70.41,197.3,9.6,67.3,-45.97,1.414,41.2,105,0.3685,1,1
NEU-009471,TreatmentB,B03,103.9,-75.65,181.6,7.42,55.5,-39.36,1.148,53.2,82,0.3112,0,1
NEU-009472,TreatmentA,B02,121.47,-67.18,256.4,12.05,111.9,-43.5,1.366,40.4,90,0.2428,0,1
NEU-009473,TreatmentB,B03,104.5,-61.52,221.8,18.52,106.3,-41.57,1.246,60.3,91,0.0978,1,0
NEU-009474,Control,B03,81.54,-61.77,246.8,18.9,106.1,-41.84,1.121,62.1,93,0.506,0,1
NEU-009475,Control,B02,120.52,-67.77,189.9,10.79,115.3,-38.27,0.845,25.5,89,0.4396,0,1
NEU-009476,TreatmentB,B03,99.77,-62.45,159.7,16.48,4.2,-35.93,1.369,59.3,99,0.4985,1,1
NEU-009477,Control,B01,97.36,-68.64,333.4,11.69,165.5,-37.89,0.741,19.0,74,0.8363,0,0
NEU-009478,TreatmentA,B03,97.31,-74.92,81.3,29.41,169.2,-31.91,1.472,24.7,94,0.575,0,1
NEU-009479,Control,B02,76.28,-65.02,173.3,8.58,137.0,-42.56,1.163,61.6,98,0.4351,1,1
NEU-009480,TreatmentB,B02,61.98,-71.85,163.8,24.69,148.3,-44.7,1.023,58.9,80,0.4381,1,1
NEU-009481,TreatmentA,B02,107.16,-68.41,198.4,26.03,77.4,-50.82,1.328,55.7,92,0.2215,0,0
NEU-009482,Control,B02,82.43,-64.08,96.2,16.67,80.6,-40.42,0.864,42.8,88,0.4996,0,1
NEU-009483,TreatmentA,B02,97.06,-58.39,336.3,11.24,165.9,-46.09,0.738,72.4,98,0.2509,1,1
NEU-009484,TreatmentB,B02,102.98,-65.08,124.3,14.54,126.7,-39.88,1.345,64.0,90,0.4564,1,1
NEU-009485,TreatmentB,B03,94.18,-63.16,128.7,11.65,-7.2,-44.47,1.186,51.0,79,0.4615,1,0
NEU-009486,Control,B03,117.01,-70.8,228.4,13.44,200.9,-39.81,0.817,32.7,81,0.7014,0,1
NEU-009487,TreatmentA,B03,91.72,-70.31,139.7,13.59,108.4,-39.49,1.612,35.3,91,0.3524,1,1
NEU-009488,TreatmentB,B03,64.1,-66.41,209.1,4.59,44.3,-48.42,0.703,59.5,105,0.1353,1,1
NEU-009489,TreatmentA,B01,82.66,-60.66,150.8,12.08,46.9,-43.12,0.911,75.6,79,0.4628,0,1
NEU-009490,Control,B02,91.66,-66.61,229.8,27.29,136.5,-42.75,0.699,38.6,79,0.5485,0,1
NEU-009491,TreatmentB,B01,111.34,-61.48,182.7,18.96,44.3,-46.69,0.741,54.4,73,0.5439,0,1
NEU-009492,Control,B03,116.91,-70.22,126.9,8.88,147.3,-44.79,0.739,31.3,81,0.3393,0,1
NEU-009493,TreatmentA,B03,104.14,-70.02,198.1,5.16,80.9,-33.72,1.795,32.1,85,0.4668,1,0
NEU-009494,TreatmentB,B02,91.15,-63.41,169.7,21.14,35.3,-41.43,1.176,69.0,92,0.4916,0,1
NEU-009495,TreatmentB,B02,68.94,-57.47,195.5,14.93,175.3,-47.98,1.131,49.7,97,0.3885,1,0
NEU-009496,TreatmentB,B02,122.18,-66.88,164.4,21.9,22.4,-49.44,1.25,52.0,91,0.3513,1,0
NEU-009497,TreatmentB,B02,86.8,-51.95,237.6,10.8,76.9,-43.77,1.556,41.7,83,0.6795,1,0
NEU-009498,TreatmentA,B02,101.69,-61.71,153.2,16.73,131.2,-43.33,0.661,57.7,88,0.2873,1,0
NEU-009499,TreatmentB,B03,97.12,-62.52,136.3,39.04,112.1,-37.79,1.266,74.8,88,0.6093,1,1
NEU-009500,TreatmentA,B01,88.07,-70.17,267.2,11.15,96.1,-41.37,1.323,58.9,102,0.4052,1,0
NEU-009501,Control,B01,119.06,-70.08,304.9,12.18,105.5,-38.78,0.93,48.3,82,0.1651,0,1
NEU-009502,Control,B01,105.44,-66.35,252.9,22.22,92.5,-36.84,0.966,44.7,81,0.2696,1,0
NEU-009503,TreatmentB,B02,97.57,-65.72,135.1,9.0,27.9,-42.61,1.173,37.2,71,0.6972,0,0
NEU-009504,Control,B03,92.41,-69.17,156.7,15.96,188.3,-42.94,1.109,20.8,76,0.3939,0,1
NEU-009505,TreatmentB,B02,84.99,-53.13,70.3,16.88,88.7,-41.81,1.018,32.0,71,0.2456,0,0
NEU-009506,Control,B02,100.77,-65.26,234.0,12.35,183.3,-44.96,1.275,45.4,96,0.4381,1,1
NEU-009507,TreatmentB,B02,103.72,-65.84,197.1,13.35,100.7,-49.84,1.187,39.6,82,0.2789,1,1
NEU-009508,Control,B03,110.99,-65.92,198.5,14.99,109.6,-44.03,1.069,51.9,91,0.2656,1,1
NEU-009509,TreatmentA,B03,108.28,-58.47,261.7,9.95,122.7,-46.3,1.671,59.3,82,0.5317,1,0
NEU-009510,TreatmentA,B02,124.56,-65.92,204.8,14.83,140.3,-40.27,0.735,58.3,81,0.2468,1,0
NEU-009511,TreatmentA,B02,97.8,-65.97,412.9,9.42,133.8,-44.74,1.157,21.8,80,0.4786,1,1
NEU-009512,Control,B01,73.67,-65.36,266.9,10.52,130.2,-50.8,0.933,22.2,104,0.3484,0,1
NEU-009513,TreatmentA,B02,79.92,-63.16,151.7,20.4,91.1,-47.51,0.906,48.7,72,0.4194,1,0
NEU-009514,TreatmentB,B01,108.56,-62.6,195.1,7.95,86.3,-42.27,0.805,21.2,87,0.3017,0,1
NEU-009515,TreatmentB,B03,98.14,-75.98,224.7,19.36,148.4,-43.19,1.423,46.2,95,0.4461,0,0
NEU-009516,TreatmentA,B03,90.5,-61.17,317.8,14.67,127.8,-40.25,0.662,16.0,97,0.2086,0,0
NEU-009517,TreatmentB,B03,101.39,-65.43,193.5,19.77,101.9,-45.73,0.689,50.2,94,0.5208,0,1
NEU-009518,TreatmentB,B03,119.38,-65.78,441.1,10.93,73.9,-40.55,1.323,63.0,67,0.4667,1,1
NEU-009519,TreatmentB,B03,117.02,-70.31,96.7,8.44,101.1,-38.94,1.163,40.7,94,0.3795,1,0
NEU-009520,TreatmentA,B02,123.08,-63.76,107.4,11.41,142.7,-36.71,1.0,58.4,79,0.4208,1,1
NEU-009521,TreatmentB,B03,72.68,-75.25,274.1,11.93,75.5,-42.54,1.045,67.5,93,0.4959,1,0
NEU-009522,Control,B01,119.96,-67.18,258.0,20.03,147.0,-45.91,1.382,27.1,96,0.2559,1,0
NEU-009523,TreatmentB,B01,107.05,-58.28,300.5,13.06,111.6,-42.49,1.383,80.1,80,0.479,1,0
NEU-009524,TreatmentB,B01,105.55,-69.46,170.3,15.09,125.0,-35.41,0.819,73.2,79,0.5839,1,1
NEU-009525,TreatmentA,B03,110.65,-67.02,430.5,15.78,90.7,-39.1,1.115,65.2,93,0.3185,0,0
NEU-009526,Control,B03,121.06,-62.03,116.4,6.66,187.4,-46.14,0.779,43.8,102,0.1457,1,1
NEU-009527,TreatmentB,B03,104.1,-60.38,69.1,17.78,45.5,-50.06,0.578,68.7,66,0.2017,1,0
NEU-009528,TreatmentB,B03,99.02,-72.22,150.2,12.49,118.2,-40.8,0.734,69.9,68,0.5468,1,1
NEU-009529,TreatmentB,B01,103.76,-61.46,97.9,23.39,83.8,-37.04,1.236,38.0,79,0.2387,1,0
NEU-009530,Control,B01,101.62,-69.17,135.3,10.31,166.8,-46.53,0.739,38.2,78,0.3447,1,0
NEU-009531,Control,B03,106.88,-55.88,288.9,16.1,170.1,-38.26,1.272,11.7,103,0.3794,0,0
NEU-009532,Control,B02,97.97,-61.33,212.2,15.82,134.4,-41.46,1.399,60.4,81,0.1539,1,0
NEU-009533,TreatmentB,B02,123.48,-69.92,112.8,11.15,118.3,-48.98,0.764,73.9,71,0.1746,1,1
NEU-009534,Control,B03,109.37,-64.92,273.4,24.5,107.7,-44.09,0.866,57.0,88,0.4856,0,1
NEU-009535,TreatmentB,B02,103.84,-69.31,337.1,10.1,93.5,-32.53,0.92,67.1,83,0.2756,1,1
NEU-009536,TreatmentB,B01,107.98,-74.5,130.2,10.16,110.9,-41.41,1.13,75.2,102,0.6107,1,0
NEU-009537,TreatmentB,B01,71.99,-75.62,116.4,13.66,53.2,-44.05,1.21,68.3,94,0.2351,1,0
NEU-009538,Control,B02,70.41,-68.69,180.9,10.94,152.8,-36.46,1.091,54.6,76,0.3602,0,1
NEU-009539,TreatmentB,B02,102.76,-65.97,189.1,13.49,73.6,-36.3,1.286,76.4,75,0.1346,1,1
NEU-009540,TreatmentB,B02,106.81,-67.99,160.2,17.58,60.5,-43.32,1.199,43.5,82,0.4196,1,1
NEU-009541,TreatmentB,B02,112.99,-70.39,261.7,6.57,100.5,-39.72,1.857,63.2,89,0.6891,1,0
NEU-009542,Control,B03,99.48,-69.21,122.9,10.18,123.3,-40.58,1.217,41.4,86,0.2436,0,1
NEU-009543,TreatmentB,B03,113.01,-74.34,151.1,16.2,88.7,-37.09,0.748,73.0,85,0.3532,0,0
NEU-009544,TreatmentB,B02,75.35,-62.98,178.7,23.05,102.9,-41.01,0.964,38.0,80,0.57,0,1
NEU-009545,TreatmentB,B03,102.61,-64.7,84.5,19.06,59.7,-37.72,0.796,56.1,90,0.2151,1,0
NEU-009546,Control,B03,98.93,-53.02,459.6,6.38,137.9,-42.67,0.823,47.0,75,0.6368,1,0
NEU-009547,Control,B02,94.3,-63.99,144.4,10.65,167.0,-40.8,1.047,27.8,79,0.4576,0,1
NEU-009548,TreatmentA,B02,82.14,-59.47,358.2,12.66,83.8,-41.57,1.041,26.7,74,0.2847,0,0
NEU-009549,TreatmentA,B01,118.26,-60.88,147.7,12.65,109.9,-46.35,1.062,38.3,84,0.4715,1,0
NEU-009550,TreatmentB,B01,111.29,-70.34,79.7,17.6,19.3,-44.71,0.777,48.1,77,0.2137,1,0
NEU-009551,TreatmentB,B03,88.46,-63.39,94.3,8.96,33.3,-39.25,1.249,54.2,84,0.5119,1,1
NEU-009552,TreatmentB,B03,92.0,-67.64,370.9,24.85,111.0,-36.73,1.306,80.0,90,0.4533,1,1
NEU-009553,TreatmentA,B02,104.62,-74.19,153.4,9.43,-5.1,-44.11,1.514,67.8,72,0.176,1,0
NEU-009554,TreatmentA,B02,95.55,-58.93,103.6,8.81,106.8,-37.04,0.871,62.1,92,0.1248,1,1
NEU-009555,Control,B01,92.6,-67.21,159.0,18.6,77.1,-50.13,1.542,47.0,71,0.3274,0,0
NEU-009556,TreatmentA,B03,97.58,-60.61,339.3,11.53,94.9,-40.1,0.834,44.5,85,0.2389,1,1
NEU-009557,TreatmentB,B02,67.74,-58.7,249.8,10.21,186.9,-41.38,1.37,43.2,84,0.3046,0,0
NEU-009558,TreatmentB,B01,107.73,-63.67,201.4,5.16,30.1,-42.04,0.899,30.4,91,0.4096,1,1
NEU-009559,TreatmentA,B02,93.57,-61.5,96.3,16.72,119.9,-43.72,1.886,26.5,82,0.6201,1,1
NEU-009560,TreatmentB,B01,84.6,-62.55,166.0,7.72,48.6,-39.18,1.067,64.4,83,0.6191,1,0
NEU-009561,TreatmentA,B01,65.11,-52.62,171.9,20.09,201.1,-39.72,0.904,61.8,80,0.4953,0,0
NEU-009562,TreatmentB,B01,111.75,-71.22,89.2,13.92,77.0,-38.16,0.539,25.6,84,0.6005,1,0
NEU-009563,TreatmentA,B03,105.95,-66.83,198.5,10.56,71.4,-41.82,1.374,59.3,72,0.3144,1,1
NEU-009564,TreatmentB,B03,85.57,-58.66,307.2,12.86,53.6,-47.27,0.467,44.2,85,0.3687,0,0
NEU-009565,Control,B01,100.25,-77.71,82.5,13.99,144.5,-43.13,1.252,52.6,98,0.7911,1,0
NEU-009566,TreatmentB,B02,79.95,-63.37,184.0,12.21,104.8,-45.49,1.343,38.3,73,0.1773,1,1
NEU-009567,TreatmentA,B03,133.03,-63.22,217.7,16.78,31.3,-44.12,1.119,28.9,71,0.5607,0,1
NEU-009568,TreatmentB,B03,128.05,-62.21,248.5,18.55,15.7,-44.75,0.892,35.5,87,0.5318,0,1
NEU-009569,TreatmentB,B01,98.67,-52.85,238.4,13.43,75.5,-45.55,0.9,52.9,89,0.1885,0,0
NEU-009570,TreatmentA,B01,63.17,-69.94,275.2,16.65,70.4,-41.77,1.91,45.0,89,0.5642,0,1
NEU-009571,TreatmentB,B01,93.46,-67.89,60.2,17.0,30.8,-44.79,0.86,54.7,87,0.6695,1,1
NEU-009572,TreatmentB,B03,124.7,-66.1,251.2,12.28,69.3,-34.6,0.63,57.6,96,0.6618,0,1
NEU-009573,TreatmentB,B03,105.64,-65.42,423.8,10.17,90.4,-45.9,0.982,76.2,95,0.2738,0,1
NEU-009574,Control,B01,95.09,-62.69,106.3,6.25,123.2,-44.07,1.163,31.9,98,0.5754,1,0
NEU-009575,TreatmentA,B01,123.37,-62.95,201.4,18.01,50.8,-38.65,1.221,40.2,76,0.4222,1,1
NEU-009576,TreatmentB,B03,103.76,-60.68,208.5,11.62,92.2,-44.32,1.017,52.3,87,0.3421,1,0
NEU-009577,TreatmentA,B03,105.76,-67.98,132.2,14.08,108.0,-46.5,0.994,35.0,94,0.5456,0,0
NEU-009578,Control,B02,119.62,-64.38,192.6,16.54,131.2,-38.51,1.344,35.1,89,0.3343,1,1
NEU-009579,Control,B03,83.95,-64.23,221.9,21.49,204.1,-41.09,1.331,46.7,84,0.4749,1,1
NEU-009580,TreatmentB,B03,86.32,-68.03,102.3,26.54,115.7,-38.72,0.674,52.5,73,0.371,1,1
NEU-009581,TreatmentA,B03,71.43,-62.96,173.2,9.65,121.4,-46.31,0.847,61.7,79,0.2721,0,1
NEU-009582,TreatmentB,B01,134.77,-64.78,207.8,9.5,3.4,-39.31,0.863,73.2,90,0.4109,1,1
NEU-009583,TreatmentA,B01,112.5,-75.86,175.7,26.81,144.9,-40.2,1.341,48.1,91,0.7141,0,1
NEU-009584,TreatmentA,B03,94.38,-66.39,119.3,19.51,53.8,-35.82,0.688,62.5,113,0.2859,1,0
NEU-009585,TreatmentA,B01,120.72,-62.34,164.3,23.94,152.7,-44.6,1.291,46.3,81,0.4981,1,1
NEU-009586,Control,B03,101.31,-58.58,101.7,12.82,116.3,-37.32,1.664,50.9,88,0.4956,1,0
NEU-009587,TreatmentA,B01,89.9,-65.01,224.9,20.78,112.7,-39.91,1.019,31.0,78,0.3552,1,0
NEU-009588,TreatmentB,B03,129.42,-57.32,178.3,10.16,39.5,-42.3,0.855,69.1,95,0.4654,1,0
NEU-009589,TreatmentB,B03,113.96,-55.69,230.8,13.67,97.3,-45.81,1.799,50.9,77,0.5201,0,0
NEU-009590,Control,B03,106.69,-60.87,111.5,13.11,166.2,-40.85,0.901,17.5,76,0.5817,1,1
NEU-009591,TreatmentA,B02,124.98,-60.85,64.6,18.85,95.5,-40.01,1.858,45.7,70,0.6312,1,1
NEU-009592,Control,B02,127.03,-57.53,159.8,15.49,142.7,-45.25,1.818,11.1,87,0.2819,1,0
NEU-009593,TreatmentA,B01,114.57,-71.36,291.6,17.85,166.2,-52.7,1.495,39.5,83,0.2579,0,0
NEU-009594,Control,B03,77.41,-66.12,83.1,11.69,100.1,-39.09,1.335,34.2,87,0.456,1,1
NEU-009595,TreatmentB,B03,107.46,-60.83,77.0,20.57,112.0,-40.41,1.39,59.8,74,0.2952,1,0
NEU-009596,TreatmentA,B01,118.65,-61.1,157.0,14.32,94.1,-47.68,0.807,52.0,91,0.2982,0,1
NEU-009597,TreatmentB,B01,110.21,-71.58,201.6,17.94,35.4,-40.09,0.707,22.0,78,0.6918,1,0
NEU-009598,Control,B03,118.82,-73.72,253.1,14.93,125.4,-45.36,0.823,24.4,77,0.1355,0,0
NEU-009599,TreatmentB,B03,96.2,-67.01,369.5,19.27,130.0,-42.99,0.894,63.4,83,0.7722,0,1
NEU-009600,Control,B02,126.88,-72.11,140.2,18.55,87.2,-40.54,0.872,38.1,79,0.1689,0,0
NEU-009601,Control,B01,85.43,-64.69,137.1,14.95,169.7,-44.97,1.019,41.0,93,0.4882,1,1
NEU-009602,Control,B03,85.01,-57.03,283.4,14.78,177.8,-36.42,0.804,26.3,84,0.2551,0,0
NEU-009603,TreatmentB,B01,143.87,-65.22,139.7,17.4,117.8,-46.37,0.657,53.4,85,0.4857,0,1
NEU-009604,TreatmentB,B02,109.15,-67.73,156.6,7.75,65.7,-48.11,0.567,67.4,89,0.6416,1,0
NEU-009605,TreatmentA,B02,87.75,-69.1,253.1,18.01,96.7,-35.13,0.754,42.1,75,0.2576,0,0
NEU-009606,TreatmentB,B03,106.94,-71.56,309.2,19.35,66.8,-42.87,1.177,71.2,79,0.5152,1,1
NEU-009607,Control,B03,117.08,-58.62,230.3,9.94,205.5,-39.59,1.782,35.8,74,0.3893,1,0
NEU-009608,TreatmentA,B02,91.44,-62.29,129.0,10.83,140.5,-44.94,0.806,65.4,75,0.3208,1,0
NEU-009609,TreatmentB,B02,87.09,-61.12,215.3,13.24,20.7,-44.58,0.944,57.2,91,0.5215,0,1
NEU-009610,TreatmentB,B01,113.0,-59.58,141.9,7.45,107.7,-40.79,0.495,39.4,101,0.1415,0,1
NEU-009611,Control,B02,85.34,-64.65,123.3,7.93,104.8,-43.23,1.043,40.4,79,0.3378,0,1
NEU-009612,TreatmentA,B03,89.48,-70.78,248.7,22.84,135.8,-42.36,0.722,39.9,87,0.4058,0,1
NEU-009613,TreatmentA,B02,108.06,-58.02,193.2,12.87,108.6,-46.24,1.534,51.5,105,0.4075,0,0
NEU-009614,TreatmentB,B01,95.91,-67.48,138.9,14.86,101.6,-45.92,0.882,76.3,82,0.4536,1,1
NEU-009615,Control,B02,110.62,-70.21,146.2,10.4,147.8,-43.11,0.713,30.7,61,0.4012,0,1
NEU-009616,Control,B01,130.12,-78.37,374.8,10.77,174.7,-31.01,1.971,27.3,80,0.4697,0,0
NEU-009617,Control,B03,127.53,-62.58,269.5,33.54,158.6,-40.87,1.079,50.0,71,0.2435,0,0
NEU-009618,TreatmentB,B02,96.2,-59.58,252.6,9.64,130.6,-46.72,0.786,50.2,104,0.2167,0,1
NEU-009619,TreatmentB,B03,99.06,-58.48,301.7,14.08,109.1,-34.28,1.073,49.0,86,0.4815,0,0
NEU-009620,Control,B03,86.93,-61.65,236.7,17.93,164.9,-42.94,0.727,27.0,92,0.3436,0,1
NEU-009621,TreatmentB,B03,111.9,-70.96,391.6,19.82,112.6,-37.79,1.024,47.6,91,0.5186,0,1
NEU-009622,Control,B01,96.37,-69.74,245.5,14.09,112.9,-42.86,0.969,21.4,74,0.5082,0,1
NEU-009623,TreatmentB,B01,97.3,-67.58,190.6,12.34,116.7,-39.35,0.884,40.9,76,0.1832,0,0
NEU-009624,TreatmentB,B01,90.24,-67.44,192.8,9.81,60.3,-42.64,1.158,32.7,74,0.5097,1,1
NEU-009625,Control,B02,99.31,-65.5,203.8,14.02,101.4,-37.43,1.418,46.6,87,0.305,1,0
NEU-009626,TreatmentA,B01,96.53,-67.83,159.6,27.62,96.3,-42.27,1.444,63.9,98,0.3794,1,1
NEU-009627,TreatmentA,B02,99.64,-66.27,439.9,9.16,92.2,-47.28,0.905,48.7,95,0.4211,0,1
NEU-009628,TreatmentA,B01,112.35,-68.13,157.6,17.87,147.1,-41.51,0.717,41.4,92,0.3331,0,1
NEU-009629,TreatmentA,B02,87.28,-62.31,209.8,13.33,38.7,-41.75,1.065,26.1,106,0.2328,0,1
NEU-009630,Control,B03,89.1,-75.78,122.3,36.03,114.1,-48.83,1.542,-5.1,71,0.5502,0,1
NEU-009631,TreatmentB,B01,97.01,-68.74,191.4,13.62,15.2,-40.13,0.977,54.4,84,0.6188,0,0
NEU-009632,TreatmentA,B01,134.72,-74.33,41.4,11.42,99.5,-43.26,0.967,48.8,71,0.6838,0,0
NEU-009633,TreatmentB,B01,132.09,-58.72,112.3,15.78,97.8,-49.66,1.149,84.8,93,0.5981,1,1
NEU-009634,Control,B03,84.03,-60.79,219.7,13.61,174.2,-46.09,1.308,20.5,85,0.2554,0,1
NEU-009635,TreatmentA,B01,91.11,-66.23,171.9,21.95,145.6,-36.92,0.947,44.5,64,0.2191,1,0
NEU-009636,TreatmentB,B03,87.45,-74.05,261.1,5.03,102.9,-35.2,1.19,57.1,96,0.3661,0,0
NEU-009637,TreatmentB,B01,90.65,-62.08,179.4,11.04,38.9,-33.0,1.648,58.1,78,0.1303,1,1
NEU-009638,TreatmentB,B01,81.25,-52.13,165.0,32.59,150.1,-50.79,0.623,68.2,86,0.3802,1,0
NEU-009639,Control,B01,73.29,-64.57,44.1,12.46,164.4,-48.19,1.168,71.0,101,0.2274,1,1
NEU-009640,TreatmentB,B01,93.17,-68.11,171.1,9.04,100.3,-36.06,1.368,51.3,78,0.5268,1,0
NEU-009641,TreatmentB,B03,85.77,-60.06,147.5,22.15,102.5,-40.47,0.684,54.2,92,0.4524,0,1
NEU-009642,Control,B03,70.67,-61.7,297.3,7.76,154.9,-41.48,1.351,24.9,90,0.0581,0,1
NEU-009643,TreatmentA,B01,105.0,-68.95,297.5,17.49,45.2,-37.63,1.052,35.5,78,0.3634,0,1
NEU-009644,TreatmentB,B01,119.14,-57.23,359.3,12.53,76.3,-43.44,0.984,77.6,71,0.6212,1,0
NEU-009645,Control,B01,93.33,-64.26,190.6,15.75,107.7,-38.61,1.018,21.0,84,0.3662,1,1
NEU-009646,Control,B01,118.27,-64.91,141.5,15.84,128.2,-43.65,1.27,23.2,94,0.2596,1,0
NEU-009647,TreatmentA,B03,111.71,-66.81,267.8,14.89,100.0,-45.36,1.172,46.3,77,0.5692,1,1
NEU-009648,Control,B02,67.96,-66.92,163.2,16.55,160.2,-45.56,1.021,20.1,73,0.3718,0,0
NEU-009649,TreatmentB,B01,118.24,-66.04,210.9,7.67,172.1,-47.98,0.703,51.8,83,0.4801,1,1
NEU-009650,TreatmentA,B03,120.09,-56.33,312.7,9.02,143.3,-41.23,0.736,73.6,93,0.2639,0,0
NEU-009651,TreatmentB,B03,99.76,-65.71,105.3,9.21,80.6,-41.08,1.109,84.6,83,0.5611,0,0
NEU-009652,Control,B02,81.33,-64.71,198.6,30.8,135.8,-45.82,0.746,45.0,74,0.3772,0,1
NEU-009653,TreatmentB,B01,117.79,-60.67,192.5,12.29,165.7,-42.68,1.286,43.0,80,0.2535,0,1
NEU-009654,Control,B02,79.69,-67.0,236.6,8.18,132.1,-49.33,0.646,44.1,85,0.7538,0,0
NEU-009655,TreatmentA,B02,128.93,-68.1,204.7,12.39,125.1,-53.1,0.883,74.2,92,0.3576,1,1
NEU-009656,TreatmentA,B01,111.95,-56.59,155.9,10.19,105.0,-43.9,0.822,45.3,84,0.4213,1,0
NEU-009657,Control,B01,107.77,-59.98,338.9,11.53,111.8,-40.08,1.248,53.1,78,0.1965,0,1
NEU-009658,TreatmentA,B01,105.93,-69.08,163.6,19.57,126.5,-38.24,0.713,59.2,80,0.242,0,0
NEU-009659,TreatmentB,B01,114.81,-58.09,159.2,8.33,139.7,-35.89,1.149,68.6,81,0.0735,1,1
NEU-009660,Control,B01,115.29,-61.58,234.7,24.12,91.9,-52.01,1.448,18.2,87,0.3092,0,1
NEU-009661,Control,B02,111.44,-61.23,142.0,16.05,103.3,-40.04,1.847,32.4,92,0.5099,1,0
NEU-009662,TreatmentB,B01,97.55,-76.76,208.5,19.11,8.3,-37.79,1.169,57.6,84,0.0983,1,0
NEU-009663,TreatmentA,B01,104.89,-67.97,102.7,6.47,166.0,-43.67,0.827,41.8,103,0.1684,0,1
NEU-009664,TreatmentA,B03,92.18,-71.05,133.0,25.31,147.3,-38.75,1.387,34.8,111,0.4136,1,0
NEU-009665,TreatmentB,B03,111.75,-71.17,150.1,6.27,64.8,-42.32,1.582,39.1,93,0.3678,0,0
NEU-009666,Control,B01,94.13,-75.09,611.9,19.11,113.1,-37.32,1.536,40.8,101,0.2601,0,0
NEU-009667,TreatmentA,B01,80.5,-62.83,185.0,16.54,87.4,-38.92,0.796,73.0,74,0.342,1,1
NEU-009668,TreatmentB,B03,103.4,-63.49,198.0,13.47,179.5,-40.16,0.991,48.3,96,0.2236,1,1
NEU-009669,TreatmentA,B01,116.08,-75.55,287.4,21.66,149.0,-47.57,1.163,35.2,84,0.3041,0,0
NEU-009670,Control,B03,92.77,-71.26,262.4,4.73,183.6,-40.28,1.692,44.1,89,0.4504,0,0
NEU-009671,TreatmentA,B01,116.37,-61.54,233.4,12.73,100.2,-46.46,1.017,53.2,71,0.6873,0,1
NEU-009672,TreatmentB,B01,92.24,-54.83,147.3,24.31,90.2,-49.3,1.303,89.9,97,0.1925,1,0
NEU-009673,TreatmentB,B01,105.03,-66.72,140.8,9.52,104.4,-48.4,0.867,65.7,71,0.3492,1,1
NEU-009674,Control,B03,109.25,-64.51,100.5,8.37,132.0,-54.4,1.231,17.3,80,0.414,0,0
NEU-009675,TreatmentB,B03,94.89,-64.82,191.8,9.85,44.2,-36.19,1.289,47.0,74,0.2101,1,1
NEU-009676,Control,B01,107.03,-70.85,274.2,16.41,159.3,-41.59,1.08,48.3,87,0.6258,0,0
NEU-009677,TreatmentA,B02,113.64,-76.26,71.0,12.92,119.7,-34.76,0.904,47.5,85,0.6668,1,0
NEU-009678,Control,B02,97.99,-61.46,133.6,7.11,107.2,-43.82,1.004,41.0,84,0.3434,0,1
NEU-009679,Control,B01,90.48,-64.8,193.6,9.71,107.8,-39.94,0.728,37.2,92,0.1915,0,1
NEU-009680,TreatmentB,B01,109.69,-59.8,242.4,17.93,57.8,-49.39,1.177,27.1,91,0.3473,0,0
NEU-009681,TreatmentA,B01,94.04,-66.27,125.9,12.86,68.6,-35.37,1.339,36.3,89,0.5512,0,0
NEU-009682,TreatmentB,B02,98.19,-67.59,176.4,10.92,-2.2,-42.77,1.216,79.5,91,0.5847,1,1
NEU-009683,TreatmentB,B02,105.1,-65.48,234.6,18.18,119.2,-52.27,1.637,59.0,85,0.2105,0,0
NEU-009684,TreatmentB,B02,104.12,-59.63,173.0,21.51,36.0,-45.94,1.077,52.4,84,0.6566,1,1
NEU-009685,TreatmentA,B03,80.08,-67.5,57.3,9.42,124.2,-33.69,1.317,43.1,85,0.6611,0,0
NEU-009686,Control,B02,121.56,-64.63,119.3,15.49,162.6,-51.19,0.768,30.4,85,0.4572,1,1
NEU-009687,TreatmentA,B01,79.51,-63.83,175.5,11.64,96.3,-39.07,0.685,47.5,98,0.3221,0,0
NEU-009688,TreatmentB,B02,84.7,-65.67,128.3,9.25,92.1,-38.81,1.668,37.9,82,0.3601,1,1
NEU-009689,TreatmentA,B01,98.39,-65.54,208.1,18.23,96.9,-41.06,0.619,72.2,86,0.4617,1,1
NEU-009690,Control,B01,89.02,-60.85,187.2,17.49,122.5,-45.3,1.777,38.0,83,0.541,0,1
NEU-009691,Control,B03,98.94,-67.84,182.8,17.35,176.2,-49.0,0.995,11.7,81,0.5754,0,1
NEU-009692,Control,B01,137.41,-64.27,119.9,18.77,67.9,-44.65,1.336,50.0,66,0.0728,1,0
NEU-009693,Control,B03,92.59,-63.99,179.8,14.47,112.5,-38.63,1.458,24.6,83,0.6432,1,1
NEU-009694,TreatmentB,B01,92.94,-66.77,247.1,6.0,114.6,-43.83,0.961,60.1,85,0.5675,1,0
NEU-009695,Control,B02,98.07,-68.79,120.9,14.69,81.6,-39.16,0.922,19.1,85,0.3969,0,1
NEU-009696,TreatmentA,B01,104.56,-63.14,180.8,8.96,130.7,-45.55,0.883,55.0,73,0.382,1,1
NEU-009697,TreatmentA,B02,103.72,-59.05,148.2,10.42,117.6,-45.04,0.991,55.4,108,0.4771,1,0
NEU-009698,TreatmentA,B02,126.29,-68.54,624.0,18.26,87.8,-43.78,1.21,54.9,93,0.57,0,1
NEU-009699,TreatmentB,B02,132.14,-67.19,136.1,11.06,101.5,-50.18,1.386,33.0,99,0.2551,1,0
NEU-009700,TreatmentB,B03,91.76,-54.95,167.0,19.85,149.1,-40.94,1.071,30.6,106,0.3728,0,0
NEU-009701,TreatmentB,B01,68.55,-56.57,218.4,33.14,113.2,-49.76,0.873,60.8,79,0.3962,1,0
NEU-009702,TreatmentA,B01,102.89,-63.61,267.1,13.11,107.6,-32.68,1.377,50.1,92,0.4098,1,1
NEU-009703,Control,B01,85.23,-61.31,114.4,16.42,136.4,-44.35,0.841,45.9,85,0.1502,0,0
NEU-009704,TreatmentA,B02,95.91,-71.48,187.8,15.66,159.9,-45.62,1.246,31.6,68,0.3105,0,0
NEU-009705,TreatmentB,B01,99.84,-49.6,86.6,14.84,155.2,-46.34,0.903,82.2,99,0.5746,1,0
NEU-009706,Control,B02,112.54,-64.5,115.1,14.47,152.6,-43.55,0.562,9.8,72,0.4894,0,1
NEU-009707,TreatmentB,B01,114.37,-71.4,258.3,16.34,126.0,-49.73,1.409,59.2,75,0.265,0,0
NEU-009708,Control,B02,88.44,-72.49,149.3,6.59,166.9,-32.27,1.26,58.4,72,0.2813,0,1
NEU-009709,Control,B01,79.22,-68.94,137.6,13.22,53.8,-40.55,0.961,30.0,94,0.2447,0,0
NEU-009710,Control,B02,81.15,-74.01,137.8,18.52,101.7,-41.78,1.653,49.7,86,0.4909,1,0
NEU-009711,TreatmentB,B01,94.75,-66.85,161.1,10.52,90.5,-41.89,1.345,42.8,96,0.1814,1,1
NEU-009712,TreatmentB,B01,73.99,-68.75,101.4,11.09,83.4,-41.63,0.896,43.4,93,0.4131,0,0
NEU-009713,TreatmentB,B01,79.4,-60.58,308.7,12.32,-24.0,-31.87,1.715,83.3,98,0.3523,1,0
NEU-009714,TreatmentA,B02,78.46,-64.44,116.4,9.37,139.2,-43.42,0.783,54.3,95,0.4418,0,1
NEU-009715,TreatmentB,B01,104.19,-66.34,63.2,13.22,125.2,-46.58,0.951,54.7,91,0.3839,1,0
NEU-009716,TreatmentA,B01,87.14,-60.32,107.4,9.72,108.4,-55.29,0.634,49.6,90,0.3743,0,0
NEU-009717,Control,B01,122.35,-65.34,154.0,12.78,74.9,-39.68,0.468,58.2,94,0.3526,1,1
NEU-009718,TreatmentA,B01,93.97,-74.96,289.2,21.51,129.1,-35.52,1.007,33.8,95,0.7965,0,1
NEU-009719,TreatmentA,B01,103.11,-54.81,169.2,13.71,23.7,-44.87,0.994,30.3,95,0.3588,1,0
NEU-009720,TreatmentA,B02,89.14,-64.77,110.9,16.05,88.2,-36.52,1.055,68.4,81,0.5947,0,1
NEU-009721,Control,B03,74.04,-74.25,304.3,8.89,153.6,-42.53,0.757,64.7,91,0.5136,1,0
NEU-009722,TreatmentB,B03,92.75,-73.06,295.2,8.91,123.3,-48.78,1.189,75.9,87,0.2769,1,1
NEU-009723,TreatmentA,B01,90.19,-65.87,442.3,16.25,127.1,-38.37,1.74,63.4,86,0.6142,1,0
NEU-009724,Control,B01,76.55,-68.7,158.4,6.25,57.4,-42.08,1.421,20.3,99,0.2677,1,1
NEU-009725,Control,B02,84.51,-59.65,101.7,9.47,200.3,-46.36,1.067,66.3,74,0.4175,1,0
NEU-009726,Control,B01,96.13,-69.94,419.2,13.68,191.8,-40.56,1.552,28.7,80,0.0933,0,0
NEU-009727,TreatmentA,B02,134.48,-73.96,105.3,10.88,142.8,-38.92,1.82,61.7,103,0.1518,1,1
NEU-009728,Control,B01,89.6,-72.91,294.0,20.79,99.0,-32.49,1.024,45.4,96,0.601,1,1
NEU-009729,TreatmentB,B01,107.18,-63.46,167.4,18.04,24.0,-38.27,0.814,51.2,98,0.2405,0,0
NEU-009730,TreatmentB,B01,97.86,-64.28,346.6,20.05,140.6,-43.14,1.304,44.3,87,0.5288,0,1
NEU-009731,Control,B03,77.66,-60.06,239.5,12.45,112.7,-40.89,0.916,31.4,91,0.4069,0,1
NEU-009732,TreatmentB,B03,81.19,-66.38,109.7,15.04,109.7,-36.77,1.482,57.1,82,0.198,1,0
NEU-009733,Control,B03,101.77,-75.18,67.3,13.94,182.9,-47.86,0.658,50.6,86,0.4457,0,0
NEU-009734,Control,B02,88.87,-61.9,341.0,18.37,86.6,-46.43,0.841,50.9,87,0.5798,0,1
NEU-009735,Control,B02,113.65,-66.78,194.3,19.16,134.9,-44.03,1.148,31.3,89,0.5665,0,1
NEU-009736,Control,B03,121.98,-60.41,199.5,27.35,171.6,-39.38,0.942,41.6,81,0.2969,0,0
NEU-009737,TreatmentB,B01,90.06,-68.36,194.3,11.27,103.4,-40.7,0.877,54.2,78,0.4531,0,0
NEU-009738,TreatmentA,B02,71.29,-56.95,168.3,11.06,149.5,-31.85,1.075,47.7,77,0.3815,1,0
NEU-009739,Control,B03,134.28,-65.22,125.4,11.67,100.1,-47.72,1.278,4.2,84,0.5275,0,1
NEU-009740,TreatmentB,B02,137.23,-59.95,240.5,12.01,47.9,-45.71,1.615,52.3,107,0.436,1,0
NEU-009741,TreatmentB,B01,93.19,-62.35,141.9,23.68,52.6,-44.07,1.391,57.8,102,0.5056,1,1
NEU-009742,Control,B03,101.76,-62.55,198.1,15.4,131.2,-37.63,1.148,29.5,96,0.5741,0,1
NEU-009743,TreatmentB,B03,108.43,-56.45,132.7,7.85,115.4,-41.09,0.989,79.7,73,0.4546,1,0
NEU-009744,TreatmentA,B01,81.28,-68.99,147.0,12.5,110.7,-45.27,0.977,57.3,91,0.5609,1,0
NEU-009745,TreatmentA,B01,97.98,-62.6,121.3,16.87,187.8,-43.54,2.118,42.0,99,0.4703,1,1
NEU-009746,Control,B02,102.0,-61.16,100.2,16.21,164.2,-48.43,1.112,53.4,89,0.5182,1,1
NEU-009747,TreatmentA,B02,101.13,-56.16,126.1,24.71,135.9,-37.77,1.265,41.1,84,0.3416,0,0
NEU-009748,TreatmentA,B03,112.75,-67.61,237.6,5.33,119.0,-37.46,0.718,49.6,99,0.3,0,1
NEU-009749,TreatmentB,B01,104.89,-64.84,281.2,15.31,116.6,-41.76,1.65,75.4,92,0.1731,1,1
NEU-009750,TreatmentB,B02,103.27,-61.68,124.0,7.82,9.3,-39.09,0.776,67.7,82,0.5996,1,0
NEU-009751,Control,B03,82.34,-67.86,138.3,25.2,195.9,-44.48,1.068,58.0,69,0.5561,1,1
NEU-009752,TreatmentA,B02,85.99,-65.04,141.8,16.26,111.3,-39.89,1.021,43.9,91,0.6237,0,1
NEU-009753,Control,B02,100.36,-66.51,189.2,9.92,127.6,-41.32,1.04,58.9,96,0.241,0,1
NEU-009754,TreatmentA,B03,103.56,-63.01,360.3,25.06,134.0,-42.84,1.474,30.3,94,0.4073,0,1
NEU-009755,TreatmentB,B02,119.79,-61.27,248.8,12.15,72.7,-40.36,0.916,73.9,89,0.2861,1,1
NEU-009756,Control,B03,96.98,-67.71,271.7,18.49,199.9,-41.03,1.145,35.6,93,0.2788,0,1
NEU-009757,TreatmentA,B02,103.43,-63.07,120.7,12.56,67.0,-40.92,0.541,40.8,89,0.2875,1,1
NEU-009758,TreatmentA,B02,109.6,-62.02,68.2,14.81,84.9,-40.5,1.127,70.7,79,0.3442,1,1
NEU-009759,TreatmentB,B03,81.73,-54.95,351.9,14.25,81.6,-46.39,1.603,62.6,73,0.3834,1,0
NEU-009760,TreatmentB,B03,108.0,-67.26,219.0,22.95,110.8,-35.81,1.18,49.6,76,0.2688,0,0
NEU-009761,Control,B02,72.66,-68.75,152.6,5.59,155.3,-37.02,0.697,40.3,71,0.2296,0,1
NEU-009762,Control,B01,81.16,-65.23,105.7,20.0,129.1,-40.31,1.26,18.1,80,0.3805,0,0
NEU-009763,Control,B01,96.44,-71.08,131.4,9.93,124.8,-43.98,1.513,46.5,88,0.2986,1,0
NEU-009764,TreatmentB,B03,128.01,-70.9,193.5,15.48,141.0,-37.04,1.074,55.5,94,0.306,0,0
NEU-009765,TreatmentA,B03,89.29,-64.75,362.1,17.45,41.0,-48.25,0.695,72.6,97,0.3686,1,1
NEU-009766,TreatmentA,B01,77.26,-78.23,123.0,16.3,132.7,-37.04,0.874,51.8,69,0.2374,1,0
NEU-009767,TreatmentA,B03,87.37,-71.8,148.9,11.98,162.8,-47.3,1.926,61.6,81,0.4835,0,1
NEU-009768,TreatmentA,B01,113.17,-67.54,216.9,15.24,105.3,-43.83,1.041,60.1,86,0.6362,1,1
NEU-009769,Control,B03,89.98,-57.63,195.5,9.63,146.4,-39.87,0.826,28.8,96,0.4347,0,0
NEU-009770,TreatmentA,B03,90.71,-64.78,82.5,10.38,155.2,-44.8,1.077,42.8,83,0.3989,1,1
NEU-009771,TreatmentA,B01,111.55,-59.3,234.9,14.59,151.8,-44.64,1.061,64.8,93,0.3489,1,0
NEU-009772,TreatmentB,B02,87.65,-67.65,286.4,21.34,88.3,-41.72,0.848,52.0,84,0.268,0,1
NEU-009773,TreatmentB,B01,104.13,-63.92,346.7,17.44,107.3,-42.35,1.282,72.8,85,0.2472,0,0
NEU-009774,Control,B02,93.94,-73.62,391.5,15.77,205.4,-42.27,0.772,31.0,91,0.2927,0,1
NEU-009775,TreatmentA,B02,89.09,-64.69,141.3,15.16,131.2,-41.0,0.981,47.2,83,0.4889,0,1
NEU-009776,Control,B02,72.92,-62.97,76.6,11.71,132.4,-46.93,0.838,37.9,88,0.5164,0,1
NEU-009777,TreatmentB,B02,97.5,-68.69,237.7,20.02,80.0,-40.02,1.322,63.5,111,0.3776,1,0
NEU-009778,TreatmentB,B03,107.78,-55.79,183.5,9.7,102.0,-47.78,1.748,36.0,79,0.226,1,0
NEU-009779,TreatmentB,B03,108.37,-68.18,139.7,15.5,87.4,-41.2,0.854,51.1,87,0.2579,1,0
NEU-009780,Control,B03,94.76,-65.41,234.3,10.87,75.6,-37.48,1.546,26.2,86,0.6761,0,0
NEU-009781,TreatmentB,B01,131.07,-65.69,282.0,5.81,109.9,-39.14,1.392,51.5,115,0.5361,1,0
NEU-009782,TreatmentB,B01,88.48,-67.73,293.3,10.13,57.3,-45.19,0.734,71.4,81,0.3071,0,1
NEU-009783,Control,B01,101.6,-70.1,119.5,7.07,34.0,-35.84,0.939,53.1,80,0.3348,1,1
NEU-009784,TreatmentB,B02,114.49,-70.53,169.9,24.17,76.2,-38.25,1.454,42.3,73,0.1706,1,0
NEU-009785,Control,B03,87.38,-65.1,263.5,9.25,147.9,-44.52,0.983,30.8,77,0.3439,0,1
NEU-009786,TreatmentA,B02,110.57,-71.54,96.3,10.06,127.0,-43.71,1.148,27.8,96,0.411,0,1
NEU-009787,TreatmentA,B02,105.42,-66.0,176.3,21.2,141.7,-48.46,1.287,21.1,79,0.246,0,0
NEU-009788,TreatmentB,B03,120.44,-60.91,167.5,11.98,78.6,-34.63,0.908,81.2,73,0.4877,1,0
NEU-009789,TreatmentA,B02,75.26,-62.23,123.1,8.24,179.2,-42.42,1.278,49.5,89,0.3717,1,1
NEU-009790,TreatmentB,B02,110.61,-64.15,649.0,13.15,111.3,-37.77,0.796,31.4,80,0.1838,0,1
NEU-009791,TreatmentB,B03,91.14,-67.71,252.8,19.17,88.8,-42.41,0.957,57.0,97,0.4482,1,1
NEU-009792,TreatmentA,B01,114.32,-69.45,101.3,10.43,125.9,-42.9,0.687,62.6,91,0.2643,1,1
NEU-009793,Control,B01,56.74,-68.14,341.8,14.76,155.3,-37.8,1.381,45.8,86,0.4145,0,1
NEU-009794,TreatmentB,B01,93.96,-64.21,312.5,15.16,128.7,-39.52,1.396,78.3,64,0.4361,1,1
NEU-009795,Control,B01,92.83,-67.47,168.5,20.93,129.5,-38.66,0.845,54.3,82,0.1047,1,0
NEU-009796,TreatmentA,B02,105.8,-61.64,149.3,12.15,65.0,-41.57,0.649,53.7,98,0.4474,1,0
NEU-009797,TreatmentB,B02,84.45,-48.95,210.1,25.86,116.5,-49.74,1.246,56.8,86,0.5144,1,1
NEU-009798,Control,B01,82.07,-61.78,131.2,10.68,139.5,-49.4,1.021,47.3,85,0.3911,0,0
NEU-009799,TreatmentB,B01,97.27,-67.69,324.1,12.05,135.3,-42.91,1.209,59.6,84,0.4653,0,0
NEU-009800,TreatmentA,B01,91.87,-71.66,150.3,9.99,141.3,-46.7,1.446,45.0,98,0.3248,0,1
NEU-009801,TreatmentA,B01,111.84,-61.82,260.8,16.28,81.8,-43.84,0.874,39.7,76,0.5974,0,1
NEU-009802,TreatmentA,B03,106.9,-66.43,118.5,13.69,66.3,-50.45,0.8,27.6,82,0.5532,0,1
NEU-009803,TreatmentB,B02,89.33,-60.33,138.4,7.5,102.0,-45.63,0.747,54.3,96,0.3856,0,1
NEU-009804,Control,B03,81.59,-73.47,122.5,20.1,133.4,-38.56,1.026,22.8,88,0.2883,0,0
NEU-009805,Control,B01,113.21,-64.88,111.2,12.71,154.0,-45.13,0.856,38.0,85,0.2982,0,1
NEU-009806,TreatmentB,B02,96.96,-66.48,402.5,8.13,198.1,-36.29,0.998,53.4,95,0.403,0,1
NEU-009807,TreatmentA,B03,94.07,-66.96,190.4,6.53,149.8,-47.32,0.984,48.5,98,0.2649,0,1
NEU-009808,Control,B03,77.52,-66.34,347.8,15.35,180.6,-42.03,0.931,27.7,99,0.1618,0,0
NEU-009809,Control,B01,94.09,-66.36,112.4,17.78,177.6,-46.55,1.014,19.0,89,0.3442,0,0
NEU-009810,Control,B03,97.28,-61.27,264.4,15.86,186.8,-46.91,1.026,30.0,92,0.3864,0,1
NEU-009811,TreatmentA,B01,76.8,-60.7,351.2,11.1,169.1,-43.51,0.856,55.5,100,0.3803,1,0
NEU-009812,Control,B03,88.19,-79.43,73.9,16.34,142.7,-28.45,2.368,51.0,75,0.3096,1,0
NEU-009813,Control,B02,90.98,-65.39,204.9,20.97,167.4,-36.23,1.147,35.6,81,0.3642,0,1
NEU-009814,Control,B03,105.77,-68.59,328.0,16.58,156.7,-46.22,0.97,21.0,96,0.5243,0,1
NEU-009815,TreatmentB,B02,123.66,-68.73,252.6,13.31,78.1,-38.14,0.939,67.8,88,0.5402,1,1
NEU-009816,TreatmentB,B01,99.98,-63.62,231.3,26.26,142.3,-44.0,1.108,68.3,92,0.3943,1,1
NEU-009817,TreatmentA,B03,85.39,-77.15,180.8,13.37,155.2,-44.92,0.82,44.8,87,0.5639,1,0
NEU-009818,Control,B02,103.0,-69.41,202.4,12.62,114.6,-40.78,1.135,33.2,85,0.6858,0,1
NEU-009819,TreatmentA,B01,99.66,-74.78,213.7,21.14,122.9,-44.5,1.282,58.3,117,0.2564,1,0
NEU-009820,Control,B01,96.58,-64.93,341.3,9.53,106.4,-41.06,1.035,48.9,80,0.5866,0,1
NEU-009821,TreatmentB,B02,96.47,-74.44,117.4,15.97,193.8,-44.77,2.194,59.2,75,0.2814,1,0
NEU-009822,Control,B02,89.79,-67.64,128.9,9.98,187.3,-49.97,1.4,41.8,75,0.4344,1,1
NEU-009823,Control,B01,93.77,-72.11,209.5,16.59,121.0,-49.88,1.778,43.0,99,0.1698,1,0
NEU-009824,TreatmentA,B01,87.41,-57.57,314.5,15.12,212.7,-40.78,0.538,68.0,91,0.3141,1,0
NEU-009825,TreatmentB,B03,97.5,-66.33,560.9,15.87,42.5,-42.31,0.81,73.0,98,0.441,0,1
NEU-009826,Control,B02,70.78,-63.89,214.7,10.77,134.9,-48.16,0.799,30.7,81,0.2856,0,1
NEU-009827,TreatmentB,B01,96.95,-58.68,175.5,20.99,41.6,-36.12,0.529,64.0,97,0.3471,0,0
NEU-009828,TreatmentA,B03,112.42,-70.21,256.6,33.79,103.5,-38.02,1.443,58.4,103,0.3621,0,0
NEU-009829,TreatmentA,B03,88.98,-71.94,186.3,11.9,109.7,-37.21,1.223,44.6,90,0.4607,1,1
NEU-009830,TreatmentB,B03,84.0,-61.55,199.4,10.99,46.0,-34.91,0.55,68.5,81,0.4996,0,0
NEU-009831,TreatmentA,B03,110.71,-64.72,160.5,9.64,98.9,-39.84,1.168,52.7,75,0.1841,1,1
NEU-009832,Control,B03,90.33,-68.16,252.3,7.84,83.7,-33.08,1.527,25.8,86,0.5516,1,0
NEU-009833,Control,B01,107.42,-67.29,144.0,26.0,175.5,-38.27,0.75,17.5,100,0.2872,0,1
NEU-009834,Control,B02,86.7,-72.41,156.5,7.11,84.8,-44.12,0.976,48.5,82,0.3133,1,0
NEU-009835,TreatmentB,B03,96.04,-60.11,336.5,7.31,71.9,-48.27,1.325,42.6,93,0.6114,1,0
NEU-009836,TreatmentB,B02,74.66,-66.78,63.8,8.65,76.3,-42.38,1.677,43.1,83,0.4002,1,1
NEU-009837,TreatmentB,B03,73.38,-61.21,268.3,7.76,63.9,-33.05,0.902,42.4,92,0.6878,0,0
NEU-009838,Control,B03,82.55,-66.63,283.0,12.88,101.3,-38.68,0.675,45.2,95,0.2551,0,1
NEU-009839,TreatmentB,B03,131.81,-68.58,180.3,17.18,43.9,-43.5,0.918,59.4,87,0.5902,0,1
NEU-009840,TreatmentA,B01,107.73,-66.64,206.1,21.41,175.3,-38.81,1.217,59.6,89,0.6417,1,1
NEU-009841,TreatmentB,B01,119.72,-67.46,371.9,16.1,79.4,-38.18,1.587,58.2,99,0.4175,1,1
NEU-009842,TreatmentA,B02,82.38,-66.89,156.8,15.49,77.7,-47.08,1.348,55.1,86,0.3818,1,1
NEU-009843,TreatmentB,B01,102.38,-60.92,161.2,17.0,107.2,-41.33,1.492,60.7,97,0.2022,1,0
NEU-009844,Control,B01,92.31,-64.38,93.1,13.2,46.4,-43.01,1.054,54.1,83,0.221,1,1
NEU-009845,TreatmentA,B02,117.03,-51.33,74.5,15.13,116.6,-39.92,0.932,65.6,83,0.2324,1,0
NEU-009846,TreatmentA,B01,105.92,-63.24,460.8,11.99,118.9,-38.91,0.831,57.2,88,0.331,0,1
NEU-009847,TreatmentB,B02,116.99,-75.26,101.9,5.1,52.5,-42.13,1.514,53.3,72,0.1726,1,1
NEU-009848,Control,B02,73.31,-66.33,70.1,15.67,112.8,-44.44,1.2,27.5,64,0.6226,1,1
NEU-009849,TreatmentA,B03,109.1,-67.31,161.1,13.54,108.0,-48.17,1.359,77.0,62,0.1916,1,1
NEU-009850,TreatmentA,B02,99.81,-68.48,112.6,7.72,56.0,-39.54,0.809,49.9,82,0.4679,1,0
NEU-009851,TreatmentB,B02,107.99,-64.66,129.5,19.89,18.7,-45.0,1.395,37.6,95,0.6993,1,1
NEU-009852,TreatmentA,B02,77.95,-67.78,192.0,13.65,102.2,-38.85,1.084,21.8,93,0.5413,0,1
NEU-009853,TreatmentB,B01,89.08,-68.06,204.8,20.17,44.4,-38.74,0.712,85.2,76,0.3688,1,1
NEU-009854,Control,B03,105.55,-60.35,169.1,14.57,136.1,-42.27,1.158,56.8,81,0.1846,1,0
NEU-009855,TreatmentB,B01,97.46,-63.93,485.0,30.79,76.4,-40.38,1.177,88.1,86,0.4426,1,1
NEU-009856,Control,B03,116.03,-63.19,597.8,10.82,102.2,-35.32,0.693,64.9,90,0.4041,0,1
NEU-009857,TreatmentB,B03,107.63,-66.04,121.8,14.55,49.5,-35.54,0.673,65.2,82,0.357,1,1
NEU-009858,TreatmentB,B01,90.17,-71.52,165.8,7.21,112.7,-45.38,1.111,58.0,96,0.3838,0,0
NEU-009859,TreatmentB,B01,93.22,-66.4,101.9,14.86,152.7,-39.6,1.068,30.7,103,0.2456,1,1
NEU-009860,TreatmentA,B02,107.86,-65.26,103.2,16.08,119.9,-42.28,0.604,55.0,69,0.4878,0,1
NEU-009861,TreatmentB,B03,110.76,-60.88,115.3,11.76,51.0,-48.43,1.075,53.9,101,0.3522,0,1
NEU-009862,Control,B01,97.31,-57.0,69.2,16.53,67.9,-37.93,0.786,46.6,89,0.4413,0,0
NEU-009863,TreatmentB,B02,112.03,-80.17,270.0,16.49,55.5,-42.93,1.351,69.6,88,0.439,1,0
NEU-009864,Control,B01,98.27,-66.79,104.7,17.28,128.2,-42.77,0.765,26.2,84,0.2638,0,0
NEU-009865,Control,B01,91.49,-68.59,132.8,21.1,67.9,-38.09,1.671,16.3,92,0.2937,1,0
NEU-009866,Control,B01,106.98,-57.98,165.5,9.71,125.8,-40.29,0.721,27.7,75,0.1087,0,1
NEU-009867,TreatmentA,B02,114.67,-71.25,89.0,7.9,98.2,-49.67,0.811,68.7,79,0.2432,1,1
NEU-009868,Control,B02,104.68,-71.76,149.0,12.65,158.9,-42.74,1.332,47.4,100,0.3234,1,0
NEU-009869,TreatmentA,B02,111.5,-65.18,128.3,14.35,146.5,-43.62,0.816,27.3,80,0.2496,0,0
NEU-009870,TreatmentA,B03,98.69,-78.66,198.8,12.59,95.2,-35.92,0.748,65.2,86,0.3673,1,0
NEU-009871,Control,B01,94.21,-62.37,214.4,8.63,58.1,-38.21,1.885,21.8,69,0.2739,1,1
NEU-009872,TreatmentA,B03,95.53,-61.59,248.3,7.7,202.4,-35.08,0.683,66.1,79,0.4746,1,1
NEU-009873,TreatmentB,B03,106.93,-57.11,181.0,7.1,76.5,-42.02,1.238,76.1,71,0.3023,1,0
NEU-009874,TreatmentA,B01,102.81,-69.49,87.9,10.77,123.4,-38.64,1.819,58.8,89,0.4495,1,0
NEU-009875,Control,B03,77.59,-70.06,273.7,24.42,115.8,-35.78,0.886,16.0,82,0.4824,0,1
NEU-009876,TreatmentB,B03,107.24,-75.34,230.5,15.31,109.7,-45.65,0.748,58.8,104,0.2889,1,0
NEU-009877,TreatmentB,B02,105.98,-74.98,176.7,19.72,86.5,-36.23,0.909,18.7,85,0.5421,0,1
NEU-009878,TreatmentB,B02,117.29,-67.95,256.8,19.78,108.2,-44.98,0.782,43.4,94,0.2417,0,0
NEU-009879,Control,B02,92.73,-64.25,155.9,9.65,194.1,-47.34,1.322,66.0,76,0.4492,1,1
NEU-009880,TreatmentA,B02,125.87,-60.73,160.7,24.06,97.1,-34.12,0.993,34.1,92,0.394,1,1
NEU-009881,TreatmentB,B02,98.29,-66.71,151.1,6.79,121.5,-39.92,1.521,54.4,88,0.2939,1,1
NEU-009882,Control,B01,93.85,-66.04,185.5,14.02,113.4,-40.68,2.064,21.8,87,0.3903,0,1
NEU-009883,TreatmentA,B01,106.83,-69.85,177.2,20.67,99.6,-42.04,1.221,64.8,91,0.4544,1,0
NEU-009884,Control,B03,105.15,-65.86,158.6,17.37,122.2,-41.91,0.618,35.1,79,0.2373,0,1
NEU-009885,TreatmentB,B01,69.41,-75.51,96.9,6.76,55.2,-38.43,1.023,66.7,78,0.0833,0,1
NEU-009886,TreatmentB,B02,99.9,-67.14,139.5,7.97,64.9,-36.83,0.654,40.9,93,0.2095,1,1
NEU-009887,TreatmentA,B03,121.52,-60.27,124.8,14.09,140.0,-30.51,0.87,38.8,85,0.1577,0,1
NEU-009888,TreatmentA,B03,84.3,-57.4,322.2,13.77,171.5,-39.25,1.355,28.7,86,0.2018,0,0
NEU-009889,Control,B02,98.09,-63.49,123.7,19.4,130.2,-37.67,1.155,16.5,92,0.5248,0,1
NEU-009890,Control,B03,93.69,-64.81,178.5,12.05,135.9,-37.99,1.164,12.2,77,0.6238,0,1
NEU-009891,Control,B02,118.09,-64.33,184.4,7.45,176.0,-46.5,0.901,24.3,89,0.07,0,1
NEU-009892,TreatmentB,B02,96.6,-45.71,187.3,15.54,77.8,-45.28,0.955,44.4,74,0.1583,0,0
NEU-009893,TreatmentB,B03,92.31,-60.37,198.3,9.88,73.0,-43.74,1.121,60.9,102,0.2853,0,1
NEU-009894,TreatmentA,B02,118.19,-65.54,203.0,20.05,55.5,-41.93,1.462,37.9,92,0.4311,0,1
NEU-009895,TreatmentA,B02,116.53,-59.84,189.3,12.57,81.0,-48.55,0.771,65.1,87,0.4088,1,0
NEU-009896,TreatmentB,B02,107.88,-70.45,176.0,32.69,89.8,-35.54,1.217,57.4,86,0.5367,1,1
NEU-009897,TreatmentB,B02,120.17,-75.27,287.0,12.35,123.0,-43.39,1.7,70.4,74,0.4375,1,0
NEU-009898,TreatmentA,B02,97.5,-70.78,258.6,6.34,122.4,-48.48,1.027,36.3,78,0.5479,0,0
NEU-009899,TreatmentA,B03,99.2,-68.84,196.4,10.47,117.5,-48.03,0.986,44.2,77,0.4876,0,0
NEU-009900,Control,B02,126.85,-61.51,78.4,11.58,130.5,-40.35,2.102,39.4,87,0.1987,1,1
NEU-009901,Control,B03,85.89,-56.58,186.1,8.84,109.8,-47.27,1.063,63.9,84,0.468,0,0
NEU-009902,TreatmentA,B03,105.09,-69.72,125.5,9.69,43.9,-47.5,1.35,44.0,108,0.4429,1,0
NEU-009903,TreatmentB,B03,91.7,-62.68,210.2,11.42,116.4,-39.9,1.555,37.6,83,0.6913,0,0
NEU-009904,TreatmentA,B02,126.88,-65.46,328.6,22.53,119.6,-40.53,1.184,35.0,72,0.3948,0,1
NEU-009905,TreatmentB,B02,120.87,-61.23,278.3,14.18,118.0,-39.54,1.366,67.3,89,0.5526,1,1
NEU-009906,TreatmentB,B01,86.74,-51.45,189.6,22.43,66.1,-40.24,1.294,66.4,83,0.3852,1,0
NEU-009907,TreatmentA,B02,115.11,-58.0,184.3,12.82,125.8,-43.41,1.749,69.9,110,0.6139,1,0
NEU-009908,TreatmentB,B03,80.54,-62.92,289.8,11.16,155.4,-36.33,1.322,40.4,87,0.4046,0,0
NEU-009909,TreatmentB,B03,88.26,-66.6,139.5,10.73,75.7,-45.81,1.264,73.7,91,0.381,0,1
NEU-009910,TreatmentB,B01,88.82,-69.51,310.9,11.38,134.0,-45.73,1.061,58.0,83,0.2984,1,1
NEU-009911,TreatmentB,B03,122.23,-58.13,105.4,16.23,78.4,-39.22,0.748,75.9,104,0.4573,1,0
NEU-009912,Control,B02,112.56,-72.05,236.0,31.89,161.1,-38.06,1.003,34.1,91,0.5596,1,1
NEU-009913,TreatmentB,B02,118.71,-66.79,159.5,14.75,119.9,-44.62,1.399,73.9,98,0.2423,1,1
NEU-009914,TreatmentA,B02,91.19,-69.58,226.9,15.21,174.8,-45.8,0.74,54.1,95,0.503,1,0
NEU-009915,TreatmentA,B02,121.22,-59.82,295.0,18.39,155.5,-35.14,1.365,69.4,90,0.2879,1,0
NEU-009916,TreatmentB,B01,114.06,-72.33,119.8,23.1,91.6,-33.61,1.308,60.1,80,0.48,1,1
NEU-009917,Control,B03,93.89,-67.24,193.4,10.49,180.6,-45.03,1.648,40.2,82,0.5388,1,0
NEU-009918,TreatmentA,B02,115.05,-71.95,175.5,12.84,105.9,-36.76,0.88,48.3,88,0.5084,0,0
NEU-009919,TreatmentA,B01,88.44,-68.06,111.7,13.3,120.7,-46.62,1.107,47.5,96,0.2555,1,1
NEU-009920,Control,B01,89.48,-69.42,106.0,12.84,183.0,-42.54,1.005,54.7,98,0.1882,1,1
NEU-009921,TreatmentA,B03,83.04,-68.88,105.6,9.37,134.4,-41.22,1.157,27.1,88,0.4435,1,1
NEU-009922,TreatmentB,B02,108.05,-68.18,262.3,9.9,110.1,-40.47,0.785,73.0,84,0.4658,0,1
NEU-009923,Control,B02,103.11,-73.2,330.8,19.68,83.4,-45.31,1.078,45.8,94,0.3398,0,0
NEU-009924,TreatmentB,B02,116.57,-66.53,122.7,9.87,113.3,-37.18,1.257,71.8,78,0.6045,1,0
NEU-009925,TreatmentA,B03,91.3,-75.64,110.6,10.9,123.4,-45.08,0.867,71.5,78,0.1614,1,0
NEU-009926,TreatmentA,B03,103.16,-69.23,178.4,15.63,94.3,-39.1,0.993,30.4,92,0.2807,0,1
NEU-009927,Control,B03,94.21,-62.89,179.0,34.96,117.2,-43.6,0.786,60.3,95,0.3403,0,0
NEU-009928,Control,B02,114.73,-57.48,145.1,25.47,134.2,-38.06,0.846,34.7,91,0.3896,1,0
NEU-009929,TreatmentA,B02,88.55,-59.03,345.3,16.64,72.6,-34.73,1.207,47.9,83,0.3969,0,0
NEU-009930,Control,B03,95.05,-68.95,204.2,9.0,68.8,-43.61,1.28,17.9,79,0.1642,0,1
NEU-009931,Control,B03,102.93,-62.89,108.4,22.04,111.7,-48.04,1.37,63.5,93,0.4271,1,1
NEU-009932,TreatmentB,B03,104.06,-58.61,128.4,16.02,70.1,-46.31,1.277,58.2,88,0.445,1,0
NEU-009933,Control,B03,80.34,-69.72,132.8,9.5,157.8,-38.49,1.581,36.3,79,0.7671,1,0
NEU-009934,TreatmentB,B03,94.04,-63.69,253.2,5.67,60.3,-43.56,1.235,61.7,89,0.4223,1,1
NEU-009935,Control,B03,85.1,-67.46,80.5,7.66,101.2,-40.67,1.904,49.6,91,0.4727,1,0
NEU-009936,TreatmentA,B03,84.16,-67.18,246.8,31.9,163.4,-49.03,0.95,45.3,84,0.2254,0,0
NEU-009937,TreatmentB,B01,92.26,-66.99,215.4,21.17,145.8,-40.26,1.034,69.1,83,0.4558,1,0
NEU-009938,Control,B01,91.89,-59.78,269.8,12.84,107.5,-40.65,0.836,34.6,83,0.358,1,0
NEU-009939,TreatmentB,B03,86.76,-68.66,147.7,10.87,54.8,-49.38,0.957,72.8,68,0.4732,1,1
NEU-009940,Control,B03,109.49,-67.37,118.1,16.69,163.9,-39.33,1.265,60.6,90,0.4238,1,1
NEU-009941,TreatmentB,B03,100.67,-65.32,79.9,13.78,46.4,-39.8,0.962,76.4,95,0.2489,1,1
NEU-009942,Control,B01,116.01,-68.12,114.9,18.73,101.4,-41.81,1.416,29.4,91,0.6725,1,1
NEU-009943,TreatmentB,B01,87.38,-61.82,113.2,8.81,88.5,-41.46,0.761,69.0,76,0.8063,1,0
NEU-009944,TreatmentB,B01,103.2,-59.16,224.0,7.1,112.6,-37.84,0.888,16.7,88,0.5259,0,0
NEU-009945,TreatmentA,B02,84.16,-63.1,273.0,7.63,113.8,-40.5,1.157,37.8,85,0.6294,0,0
NEU-009946,TreatmentB,B01,111.37,-58.45,130.6,11.09,124.8,-43.79,0.647,48.4,83,0.4917,0,0
NEU-009947,TreatmentA,B02,107.81,-69.58,177.3,20.32,83.4,-49.59,0.799,42.4,103,0.3691,0,1
NEU-009948,TreatmentB,B01,85.04,-60.36,193.3,19.7,99.7,-39.04,1.7,62.8,78,0.4188,1,1
NEU-009949,TreatmentA,B02,106.84,-64.86,114.1,14.39,82.2,-48.24,1.592,67.3,95,0.551,1,1
NEU-009950,TreatmentB,B03,87.88,-63.99,90.5,17.52,105.2,-47.9,0.738,35.4,99,0.6735,0,1
NEU-009951,TreatmentA,B01,110.14,-62.75,294.4,19.04,127.7,-38.0,1.732,66.7,83,0.3871,1,1
NEU-009952,TreatmentA,B01,122.79,-77.94,169.9,13.05,76.4,-36.19,1.18,64.8,84,0.5342,1,0
NEU-009953,Control,B03,102.27,-63.1,86.9,18.17,176.6,-48.23,0.755,31.3,96,0.4068,0,1
NEU-009954,TreatmentA,B01,86.19,-70.47,60.1,11.08,81.7,-40.21,1.569,32.1,102,0.1238,1,1
NEU-009955,Control,B03,101.91,-72.16,77.0,9.7,142.6,-43.03,1.154,15.3,101,0.3392,0,0
NEU-009956,Control,B03,126.15,-58.04,332.8,10.02,177.5,-37.56,0.87,40.7,83,0.4054,0,0
NEU-009957,Control,B02,89.13,-67.74,263.1,27.12,136.0,-45.24,1.525,29.3,93,0.3412,1,0
NEU-009958,Control,B01,118.06,-64.61,106.6,12.75,127.7,-35.14,1.018,28.0,88,0.5842,1,1
NEU-009959,TreatmentA,B03,84.45,-60.31,337.4,12.09,145.9,-44.58,0.858,40.0,72,0.533,0,0
NEU-009960,TreatmentA,B02,101.57,-65.51,181.9,17.39,35.2,-48.91,0.794,51.6,84,0.4012,0,0
NEU-009961,TreatmentB,B03,90.04,-65.48,173.3,14.06,59.6,-38.48,0.821,71.7,84,0.4262,1,1
NEU-009962,Control,B02,105.05,-60.72,146.6,12.9,132.1,-44.96,1.042,37.9,83,0.568,0,1
NEU-009963,TreatmentB,B01,95.91,-64.1,83.6,19.37,111.5,-36.08,1.116,54.2,72,0.3049,1,0
NEU-009964,TreatmentB,B02,91.16,-57.98,331.6,12.28,70.9,-36.94,1.137,52.1,87,0.3307,0,0
NEU-009965,TreatmentA,B02,81.15,-71.21,90.0,15.93,111.0,-44.18,0.837,29.4,94,0.3865,0,0
NEU-009966,Control,B02,128.27,-68.48,263.8,17.21,119.3,-43.87,1.096,29.4,87,0.3373,0,1
NEU-009967,TreatmentA,B01,95.63,-65.6,187.1,9.24,78.1,-39.32,0.868,22.5,72,0.3281,1,1
NEU-009968,Control,B02,102.66,-61.95,175.6,10.99,124.7,-38.78,0.717,29.9,84,0.2187,0,1
NEU-009969,Control,B01,94.02,-68.08,246.7,15.95,88.9,-39.27,1.65,13.9,88,0.383,1,1
NEU-009970,Control,B01,71.07,-61.98,160.2,21.4,155.0,-41.93,0.957,19.7,105,0.3186,0,1
NEU-009971,TreatmentB,B01,100.13,-63.05,220.1,7.69,65.5,-42.12,0.845,60.1,88,0.575,1,0
NEU-009972,Control,B03,87.3,-61.86,207.3,15.46,156.2,-49.06,0.973,40.0,78,0.2373,1,0
NEU-009973,TreatmentA,B01,90.75,-67.35,115.7,27.08,119.9,-34.95,0.798,49.3,78,0.3128,0,1
NEU-009974,TreatmentA,B03,87.11,-68.33,248.3,11.52,103.3,-38.79,1.472,55.2,77,0.3312,0,1
NEU-009975,TreatmentA,B01,79.66,-66.2,138.3,16.05,76.0,-43.89,0.556,28.3,82,0.338,0,0
NEU-009976,TreatmentA,B01,85.76,-62.25,173.8,9.24,169.1,-40.95,1.043,62.1,68,0.449,1,0
NEU-009977,TreatmentA,B02,120.27,-53.78,183.5,7.08,143.4,-42.9,1.079,68.5,81,0.248,1,0
NEU-009978,TreatmentA,B01,100.91,-63.83,266.9,13.75,89.8,-47.86,0.604,40.9,78,0.2117,0,1
NEU-009979,Control,B02,99.41,-68.38,254.2,12.25,206.1,-48.59,1.159,9.4,82,0.1371,0,0
NEU-009980,TreatmentA,B01,75.49,-64.71,340.0,12.4,170.5,-49.33,0.788,31.2,82,0.5816,0,1
NEU-009981,TreatmentA,B03,115.21,-58.46,109.8,8.79,131.0,-51.95,1.036,54.8,105,0.3556,1,1
NEU-009982,TreatmentB,B03,112.87,-60.66,128.5,22.88,129.0,-42.72,0.836,67.1,99,0.2587,1,0
NEU-009983,TreatmentB,B03,78.33,-74.58,149.8,17.58,126.8,-38.2,1.283,68.4,75,0.5133,1,0
NEU-009984,TreatmentA,B02,111.43,-72.97,247.6,15.77,141.6,-37.13,0.876,62.4,83,0.2859,1,0
NEU-009985,TreatmentA,B01,91.86,-59.27,224.5,16.65,161.6,-48.1,0.815,45.3,79,0.3348,0,0
NEU-009986,Control,B02,61.24,-56.63,167.4,9.52,129.7,-36.03,1.12,22.4,79,0.4217,0,1
NEU-009987,TreatmentB,B03,81.25,-70.86,208.6,18.95,178.0,-51.16,0.926,62.4,76,0.3513,0,0
NEU-009988,Control,B01,73.66,-64.13,78.1,9.0,129.6,-45.65,0.932,21.1,105,0.2691,0,1
NEU-009989,Control,B03,92.92,-62.23,369.2,10.95,104.1,-41.85,1.035,23.5,93,0.274,0,1
NEU-009990,Control,B03,97.26,-65.98,145.9,19.93,116.8,-44.37,1.106,35.0,83,0.6312,1,1
NEU-009991,TreatmentA,B02,98.39,-58.15,349.0,10.83,202.6,-43.24,0.996,40.9,73,0.4533,0,0
NEU-009992,TreatmentA,B01,105.21,-60.63,346.2,31.93,169.4,-44.17,1.756,56.9,76,0.4472,1,1
NEU-009993,TreatmentA,B02,121.33,-60.29,102.1,15.11,81.0,-46.55,0.842,41.7,95,0.3007,0,0
NEU-009994,TreatmentB,B03,120.89,-67.19,199.6,16.16,20.1,-37.87,1.197,43.5,93,0.6848,0,1
NEU-009995,TreatmentB,B03,96.58,-59.62,180.9,11.83,75.0,-41.2,1.639,84.4,79,0.5504,1,0
NEU-009996,Control,B01,76.23,-51.22,205.3,22.1,115.0,-36.76,0.932,52.8,74,0.604,0,1
NEU-009997,TreatmentA,B01,100.31,-56.6,114.7,11.37,72.4,-36.86,0.496,68.6,95,0.5558,1,0
NEU-009998,TreatmentA,B02,110.06,-66.86,235.6,9.63,167.5,-45.27,1.948,46.8,80,0.7496,1,0
NEU-009999,TreatmentB,B02,114.68,-54.14,143.8,10.07,72.2,-36.49,0.527,52.0,97,0.4272,1,0
NEU-010000,TreatmentA,B01,106.35,-73.92,73.0,19.08,81.0,-39.3,0.868,41.2,99,0.7447,1,1
