sample_id,group,batch,measure_1,resolution_ang,r_free,chain_length_aa,molecular_weight_kda,fraction_helix,fraction_sheet,mean_b_factor,radius_gyration_ang,ligand_count,isoelectric_point,target_a,target_b
STR-000001,TreatmentB,B03,119.98,3.2,0.2475,66,68.35,0.4988,0.1028,14.35,25.58,4,6.34,0,1
STR-000002,Control,B02,116.5,3.02,0.2111,409,55.95,0.4834,0.2898,63.63,34.66,3,6.52,0,1
STR-000003,TreatmentB,B01,127.2,1.35,0.255,394,40.2,0.3417,0.1787,33.84,32.58,3,7.06,1,1
STR-000004,TreatmentB,B03,83.92,1.44,0.2219,348,34.7,0.3546,0.2673,23.33,22.97,4,6.49,1,1
STR-000005,TreatmentA,B01,82.09,2.44,0.2006,325,70.89,0.7579,0.2993,34.47,27.01,2,6.56,0,1
STR-000006,Control,B03,139.15,1.96,0.1832,336,44.77,0.1325,0.2243,27.21,22.38,3,7.57,1,1
STR-000007,TreatmentB,B01,117.15,1.45,0.2243,239,50.78,0.3559,0.56,17.67,15.26,5,5.9,1,0
STR-000008,TreatmentA,B01,130.64,1.2,0.3111,215,36.14,0.3314,0.2575,25.58,36.3,2,7.25,0,1
STR-000009,Control,B03,80.12,2.6,0.2376,126,29.38,0.5485,0.0919,74.06,23.24,0,7.24,0,0
STR-000010,Control,B03,96.49,1.85,0.185,635,29.64,0.4987,0.4338,41.24,27.21,2,5.75,1,1
STR-000011,Control,B01,103.36,2.0,0.275,226,36.07,0.2254,0.6863,58.05,15.96,3,9.13,0,0
STR-000012,TreatmentA,B03,94.37,2.42,0.234,250,36.21,0.6049,0.1066,30.16,17.43,3,5.49,1,0
STR-000013,Control,B02,95.84,2.22,0.2145,161,55.82,0.5975,0.3114,47.88,24.8,3,8.81,0,0
STR-000014,Control,B03,112.67,1.75,0.2174,532,66.23,0.2696,0.3139,43.46,12.81,3,5.27,1,0
STR-000015,TreatmentA,B01,99.74,1.54,0.2743,161,18.97,0.3164,0.522,57.06,36.05,3,6.9,1,0
STR-000016,Control,B01,60.38,2.48,0.259,121,117.49,0.4178,0.2422,78.33,26.35,2,7.37,0,1
STR-000017,Control,B03,93.86,3.41,0.2413,308,21.4,0.3584,0.1765,61.17,21.26,0,7.74,0,0
STR-000018,Control,B02,118.63,2.33,0.168,199,24.35,0.3883,0.4217,76.9,25.33,3,8.44,0,0
STR-000019,TreatmentA,B02,111.01,2.23,0.1949,325,23.28,0.4878,0.4217,40.5,20.97,5,7.2,0,0
STR-000020,TreatmentA,B03,103.92,1.72,0.2432,265,30.63,0.4227,0.1499,31.01,24.39,3,9.28,0,0
STR-000021,Control,B03,81.23,5.42,0.2634,656,23.47,0.5402,0.1503,34.65,29.43,1,7.92,0,0
STR-000022,TreatmentA,B03,95.02,1.42,0.1742,337,54.32,0.4397,0.3394,33.16,26.24,1,6.55,1,1
STR-000023,TreatmentB,B02,87.55,1.38,0.2476,110,24.26,0.6724,0.3127,10.51,15.8,3,8.2,1,1
STR-000024,Control,B02,102.23,3.25,0.1753,405,40.46,0.5658,0.5389,68.36,30.18,2,5.27,0,1
STR-000025,Control,B02,109.55,2.21,0.1944,710,37.53,0.5598,0.371,30.18,32.61,3,3.45,0,1
STR-000026,TreatmentB,B03,110.2,1.91,0.2587,284,35.16,0.2495,0.309,13.62,29.24,4,7.94,0,0
STR-000027,TreatmentA,B02,117.27,1.72,0.2717,273,49.15,0.3867,0.0819,37.1,34.18,4,8.99,0,1
STR-000028,Control,B02,89.75,3.59,0.1719,128,46.2,0.6349,0.2202,48.06,26.88,2,7.32,0,0
STR-000029,TreatmentA,B03,79.38,1.64,0.2526,171,21.74,0.5496,0.2645,22.95,26.95,2,6.67,0,1
STR-000030,TreatmentB,B02,101.78,1.47,0.2256,236,29.25,0.3792,0.2444,34.85,27.61,1,8.07,1,1
STR-000031,Control,B03,98.81,3.45,0.1983,343,80.64,0.5646,0.3943,37.84,26.92,4,6.63,0,1
STR-000032,TreatmentB,B01,104.21,1.43,0.196,197,40.01,0.3002,0.1107,54.4,18.76,1,5.28,1,1
STR-000033,Control,B02,89.07,1.98,0.2452,125,87.51,0.6712,0.1954,46.34,14.27,1,6.85,1,0
STR-000034,TreatmentA,B03,91.59,1.73,0.2217,1318,34.66,0.1507,0.4472,8.59,13.95,0,6.13,1,0
STR-000035,TreatmentB,B02,100.1,1.75,0.2227,278,33.32,0.4576,0.6232,34.68,31.03,4,5.57,1,0
STR-000036,Control,B03,99.25,2.97,0.225,221,16.38,0.5986,0.3981,65.18,25.01,4,10.23,0,0
STR-000037,Control,B02,85.78,2.64,0.2702,181,7.61,0.3436,0.3357,42.8,28.77,0,6.96,0,1
STR-000038,Control,B01,97.72,1.57,0.2678,259,22.99,0.5268,0.4772,28.88,26.6,4,8.46,1,0
STR-000039,Control,B02,103.7,1.8,0.2434,202,19.75,0.2915,0.1194,52.89,26.81,2,9.46,0,1
STR-000040,Control,B03,122.17,2.38,0.2307,330,34.45,0.4506,0.2622,56.42,14.48,4,6.72,0,1
STR-000041,Control,B01,96.3,2.31,0.2805,211,127.99,0.3555,0.6417,33.2,29.43,2,4.94,1,0
STR-000042,TreatmentA,B03,104.12,2.15,0.2531,247,97.84,0.2396,0.4546,35.61,15.01,5,8.46,0,0
STR-000043,TreatmentA,B01,62.93,2.04,0.2316,276,49.97,0.5858,0.4198,33.48,23.94,1,8.81,1,1
STR-000044,TreatmentB,B02,88.86,1.74,0.2644,717,16.47,0.4387,0.1251,30.38,32.47,4,5.71,0,1
STR-000045,TreatmentB,B02,79.47,1.07,0.2233,447,115.0,0.5457,0.3725,10.52,29.76,2,9.19,1,0
STR-000046,TreatmentB,B02,110.4,1.48,0.2027,697,16.48,0.1293,0.2718,14.67,15.72,4,5.6,1,1
STR-000047,Control,B01,88.2,3.71,0.172,462,39.25,0.3451,0.3017,69.8,28.32,0,9.19,0,0
STR-000048,Control,B01,93.8,4.2,0.264,175,19.36,0.3787,0.1809,73.52,26.66,2,7.49,0,1
STR-000049,TreatmentB,B03,74.86,2.99,0.2336,153,30.06,0.5721,0.3432,25.7,17.97,3,7.03,0,1
STR-000050,Control,B01,86.44,2.73,0.234,261,15.53,0.6131,0.5859,44.88,26.35,1,8.31,0,1
STR-000051,Control,B01,100.75,2.09,0.2872,411,34.69,0.3472,0.3002,55.94,34.3,0,9.28,0,1
STR-000052,TreatmentA,B01,129.41,1.78,0.2138,217,25.83,0.2201,0.2873,43.56,32.43,4,5.26,1,0
STR-000053,TreatmentA,B01,120.23,2.48,0.2155,86,44.04,0.215,0.3206,62.62,28.42,1,8.34,0,0
STR-000054,TreatmentA,B03,115.69,2.07,0.2707,336,43.53,0.3955,0.352,29.03,28.31,3,8.87,0,0
STR-000055,Control,B03,87.09,1.68,0.2665,288,27.81,0.7333,0.4773,33.36,24.9,1,7.57,1,1
STR-000056,Control,B02,117.84,6.04,0.2423,212,49.54,0.2185,0.1571,40.05,42.99,2,8.62,0,1
STR-000057,TreatmentB,B03,136.02,2.94,0.2311,287,15.41,0.6194,0.1741,48.06,33.64,3,8.69,0,0
STR-000058,TreatmentA,B01,106.08,2.41,0.246,169,59.92,0.143,0.1472,46.93,20.09,1,7.41,0,1
STR-000059,TreatmentB,B01,103.35,1.51,0.2234,226,30.61,0.6907,0.2482,40.39,25.1,1,7.68,0,0
STR-000060,TreatmentB,B02,113.7,1.79,0.2549,257,28.54,0.1823,0.3704,14.77,38.08,2,6.28,0,0
STR-000061,TreatmentB,B01,110.4,0.98,0.2579,159,29.54,0.6402,0.4655,3.84,22.1,1,6.51,1,1
STR-000062,TreatmentB,B01,97.57,1.21,0.1735,721,16.19,0.6405,0.4971,13.43,19.74,2,6.98,1,1
STR-000063,TreatmentA,B02,100.43,2.27,0.2363,190,21.64,0.4546,0.1582,18.04,25.68,2,8.25,1,0
STR-000064,TreatmentB,B03,93.74,1.95,0.2208,439,12.17,0.3487,0.2461,18.91,13.72,1,6.97,1,1
STR-000065,TreatmentA,B03,101.89,2.27,0.2657,743,73.52,0.3515,0.3454,38.74,34.85,4,7.94,0,0
STR-000066,Control,B02,117.74,2.13,0.2797,369,20.97,0.3748,0.2021,28.26,29.05,2,5.24,1,0
STR-000067,TreatmentA,B03,101.58,2.4,0.1969,206,39.54,0.412,0.5261,50.38,22.03,1,6.26,1,1
STR-000068,TreatmentA,B03,93.32,2.64,0.1997,208,33.89,0.3907,0.4026,55.95,19.3,3,6.14,0,0
STR-000069,TreatmentA,B02,103.97,1.77,0.2685,365,38.57,0.277,0.2585,31.36,34.94,0,6.35,0,1
STR-000070,TreatmentB,B01,103.86,2.3,0.23,101,10.73,0.2644,0.4093,13.94,22.6,1,7.7,0,1
STR-000071,TreatmentA,B01,111.51,2.77,0.3011,442,21.18,0.3676,0.1398,45.27,18.95,3,5.28,0,0
STR-000072,TreatmentB,B02,108.36,2.1,0.2637,98,38.41,0.5156,0.314,30.71,25.77,0,10.12,0,0
STR-000073,TreatmentB,B01,104.74,1.34,0.2616,204,28.82,0.2464,0.2746,37.37,31.8,1,8.6,0,0
STR-000074,Control,B03,81.28,3.05,0.1764,114,20.02,0.3998,0.3298,28.69,34.6,3,7.82,1,0
STR-000075,TreatmentA,B02,84.69,1.79,0.22,752,19.58,0.16,0.3889,33.5,26.54,3,5.72,1,0
STR-000076,Control,B01,79.41,2.56,0.254,627,37.29,0.5074,0.0828,38.78,20.5,3,4.38,0,0
STR-000077,Control,B03,85.03,2.49,0.2336,496,50.53,0.5606,0.3036,45.53,31.23,1,7.1,0,1
STR-000078,TreatmentA,B01,103.41,1.72,0.2663,453,34.35,0.5266,0.2373,44.57,31.06,6,8.38,1,0
STR-000079,Control,B01,82.27,2.06,0.1713,296,55.56,0.3949,0.3329,38.94,19.45,4,6.03,1,1
STR-000080,TreatmentB,B02,104.62,2.02,0.2563,257,20.59,0.3682,0.1347,39.31,9.95,1,5.22,0,0
STR-000081,TreatmentA,B01,88.94,2.42,0.2836,158,22.91,0.3459,0.4845,14.34,21.14,2,8.88,1,0
STR-000082,TreatmentB,B03,91.94,2.53,0.1979,245,15.56,0.4383,0.3789,23.55,27.71,7,7.2,0,1
STR-000083,TreatmentB,B02,117.61,1.09,0.2297,284,75.1,0.5349,0.2779,28.19,27.34,2,5.56,1,0
STR-000084,TreatmentA,B01,98.8,1.06,0.2345,553,14.23,0.464,0.2752,48.01,34.64,7,6.32,1,1
STR-000085,Control,B01,90.58,2.05,0.2435,203,24.24,0.6185,0.3622,112.31,25.07,0,5.68,0,1
STR-000086,Control,B01,83.9,2.15,0.2528,435,49.39,0.5429,0.1935,27.77,25.62,4,10.84,1,0
STR-000087,TreatmentA,B02,93.96,1.33,0.2049,216,20.63,0.3251,0.1256,26.58,25.6,2,7.53,1,1
STR-000088,TreatmentB,B03,123.88,1.72,0.2513,112,61.74,0.5502,0.4167,11.09,21.86,2,7.5,1,1
STR-000089,Control,B03,113.91,2.29,0.2565,135,39.16,0.7278,0.1839,52.86,37.39,6,6.18,0,0
STR-000090,TreatmentB,B03,84.21,1.45,0.3223,218,63.41,0.499,0.1559,7.36,18.27,1,4.17,0,0
STR-000091,TreatmentA,B01,110.51,3.12,0.2611,129,16.92,0.2758,0.2332,31.56,19.2,3,9.51,0,0
STR-000092,Control,B03,85.41,2.57,0.2433,147,36.28,0.6738,0.239,61.28,24.66,5,6.04,0,0
STR-000093,Control,B02,110.87,1.2,0.1626,175,7.66,0.3021,0.2072,48.31,25.12,1,9.21,1,0
STR-000094,TreatmentB,B03,115.38,0.77,0.221,520,14.12,0.3972,0.195,14.4,28.45,3,7.66,1,0
STR-000095,TreatmentA,B02,104.18,1.82,0.2145,716,31.49,0.5206,0.1431,48.09,20.96,4,4.19,1,0
STR-000096,Control,B03,106.71,1.97,0.2314,147,17.88,0.8393,0.2382,53.16,21.39,3,6.62,0,0
STR-000097,TreatmentA,B03,97.41,1.33,0.2646,534,44.97,0.5573,0.4345,26.43,29.89,3,8.85,0,1
STR-000098,TreatmentA,B02,86.26,2.03,0.2195,431,23.79,0.3785,0.3473,16.49,22.78,1,6.86,0,1
STR-000099,TreatmentA,B01,98.46,1.5,0.1786,676,29.24,0.3963,0.5198,39.67,29.85,1,7.23,1,1
STR-000100,Control,B02,103.33,3.54,0.2726,263,40.46,0.2872,0.2248,48.34,30.12,1,9.15,0,1
STR-000101,TreatmentA,B03,97.91,1.41,0.3094,156,76.36,0.557,0.1604,18.96,17.31,2,6.36,0,0
STR-000102,TreatmentB,B03,101.54,0.97,0.295,496,30.41,0.4284,0.5052,22.68,25.79,3,7.75,1,1
STR-000103,TreatmentB,B02,107.05,1.68,0.3203,86,78.11,0.4365,0.1765,24.84,17.33,0,9.58,0,0
STR-000104,Control,B03,101.37,1.56,0.2181,219,32.45,0.4976,0.2829,35.94,26.16,2,7.44,0,1
STR-000105,Control,B02,108.85,3.05,0.2543,467,28.33,0.4107,0.2787,26.29,23.52,2,7.46,0,1
STR-000106,Control,B02,96.57,3.02,0.2487,341,64.6,0.6217,0.5047,29.45,34.17,5,5.11,0,1
STR-000107,TreatmentB,B03,102.73,1.21,0.2268,253,32.56,0.6752,0.2586,27.11,34.55,0,6.23,1,0
STR-000108,Control,B03,96.64,4.56,0.2253,264,23.21,0.3242,0.2443,42.42,28.55,4,4.63,0,0
STR-000109,Control,B01,90.79,2.93,0.1613,267,51.96,0.3897,0.3389,34.02,28.08,4,6.41,0,1
STR-000110,Control,B03,96.46,2.22,0.2409,176,41.26,0.3477,0.3566,32.57,6.62,0,9.07,0,0
STR-000111,TreatmentB,B03,89.52,1.65,0.1973,384,15.75,0.5437,0.4523,63.12,31.71,1,7.99,0,1
STR-000112,TreatmentA,B01,118.93,1.88,0.178,662,35.21,0.166,0.2639,45.47,35.2,7,6.95,1,1
STR-000113,TreatmentA,B02,105.03,1.89,0.2347,198,33.03,0.4352,0.3858,26.32,23.77,2,5.87,0,1
STR-000114,TreatmentA,B03,100.73,1.43,0.2352,512,30.01,0.5306,0.1446,36.5,28.7,8,5.11,0,0
STR-000115,Control,B03,95.21,1.98,0.2587,202,67.45,0.3136,0.2857,33.45,25.47,4,6.52,0,0
STR-000116,TreatmentB,B02,85.04,1.47,0.275,427,63.4,0.2759,0.2692,66.79,32.11,5,6.01,0,1
STR-000117,Control,B03,88.2,3.74,0.179,540,37.81,0.4998,0.1792,55.65,30.85,1,5.57,0,0
STR-000118,TreatmentB,B02,100.87,3.25,0.1582,348,60.02,0.6408,0.1167,39.19,32.0,1,8.89,0,0
STR-000119,TreatmentA,B02,82.52,2.09,0.2115,299,42.37,0.4017,0.4732,29.13,21.17,4,7.05,1,0
STR-000120,TreatmentB,B02,79.61,0.85,0.2076,478,49.76,0.6863,0.1671,57.27,26.11,4,5.54,0,0
STR-000121,TreatmentB,B03,113.44,1.28,0.1652,68,49.39,0.201,0.3212,15.08,20.86,2,4.9,1,0
STR-000122,Control,B02,112.33,2.56,0.2621,263,46.86,0.4527,0.2952,35.5,22.33,5,3.73,0,0
STR-000123,Control,B02,126.01,1.63,0.2276,112,33.13,0.3153,0.2415,30.86,23.36,2,8.05,0,1
STR-000124,Control,B03,98.07,2.63,0.2132,287,26.17,0.4876,0.3342,78.4,25.26,1,7.78,0,1
STR-000125,Control,B02,81.87,3.14,0.248,102,20.34,0.4651,0.2243,35.14,23.63,2,7.84,1,1
STR-000126,TreatmentB,B03,110.96,2.31,0.204,287,32.74,0.3335,0.2855,30.0,32.18,3,6.57,0,1
STR-000127,TreatmentA,B03,104.64,2.46,0.1917,454,81.52,0.2022,0.5764,25.96,24.08,6,5.94,1,0
STR-000128,TreatmentB,B01,83.64,2.5,0.2227,371,35.9,0.3608,0.2034,22.33,23.52,2,5.19,0,0
STR-000129,TreatmentB,B03,90.25,1.17,0.2175,262,61.2,0.3716,0.314,7.49,32.31,4,6.55,0,0
STR-000130,TreatmentB,B02,79.81,0.79,0.2455,210,43.64,0.3329,0.2416,13.45,26.02,5,6.17,1,1
STR-000131,Control,B03,94.75,2.04,0.2723,106,17.25,0.3549,0.7032,28.48,23.88,0,7.69,0,1
STR-000132,TreatmentB,B03,143.18,2.5,0.287,92,9.52,0.2745,0.2729,6.91,25.82,5,5.99,0,1
STR-000133,TreatmentB,B02,97.31,1.26,0.1751,507,23.36,0.4086,0.5784,44.71,12.23,3,5.89,1,0
STR-000134,Control,B01,89.44,3.27,0.3322,470,88.46,0.3029,0.3305,52.53,13.82,5,9.5,0,0
STR-000135,TreatmentB,B01,122.64,2.06,0.2291,854,66.13,0.3927,0.3454,70.62,18.82,1,6.33,0,0
STR-000136,TreatmentB,B01,108.62,4.35,0.2121,343,52.44,0.4124,0.5091,30.06,30.4,3,6.63,1,1
STR-000137,Control,B03,83.92,2.02,0.2546,172,18.47,0.6726,0.2554,63.76,25.84,5,5.25,0,0
STR-000138,TreatmentA,B02,103.59,3.06,0.2051,1116,28.57,0.2825,0.418,17.29,29.34,3,6.05,0,0
STR-000139,Control,B02,74.76,1.71,0.2595,438,21.22,0.3416,0.2692,33.24,24.47,3,4.38,0,0
STR-000140,Control,B02,107.78,2.35,0.2533,477,38.09,0.5938,0.3834,63.14,18.71,2,6.44,0,1
STR-000141,TreatmentB,B02,116.75,2.38,0.2085,123,23.84,0.5023,0.2035,39.83,29.47,2,5.9,1,0
STR-000142,Control,B02,86.08,2.28,0.2733,451,16.11,0.4309,0.2523,31.04,26.07,1,4.65,0,0
STR-000143,TreatmentB,B01,95.99,1.48,0.2599,236,25.92,0.3473,0.2441,25.33,29.77,3,8.31,1,0
STR-000144,TreatmentA,B02,107.15,2.27,0.2401,248,120.41,0.3928,0.2133,25.62,29.37,4,6.7,1,1
STR-000145,Control,B02,118.2,2.95,0.281,681,13.44,0.2938,0.3626,29.92,21.03,0,5.14,0,0
STR-000146,Control,B02,109.1,3.31,0.2221,196,49.76,0.3344,0.2526,29.65,22.68,1,5.18,0,0
STR-000147,TreatmentB,B01,111.46,1.94,0.2344,322,58.39,0.5611,0.3645,27.32,12.26,2,6.17,1,1
STR-000148,TreatmentB,B01,103.39,1.0,0.2862,443,38.66,0.4094,0.4445,12.78,21.34,3,6.48,1,0
STR-000149,Control,B02,90.52,2.63,0.2686,86,21.27,0.4736,0.2822,52.18,33.42,0,7.21,0,1
STR-000150,TreatmentA,B03,117.84,1.68,0.1804,326,34.69,0.258,0.1947,43.15,30.58,3,7.76,1,1
STR-000151,Control,B01,110.88,2.21,0.2039,156,20.02,0.3063,0.282,40.19,27.62,1,7.08,1,1
STR-000152,TreatmentA,B02,103.06,1.25,0.2317,241,32.58,0.4786,0.4452,43.15,30.94,2,5.26,0,1
STR-000153,TreatmentA,B02,95.04,2.46,0.2496,266,80.2,0.34,0.4236,24.68,29.97,1,7.67,1,1
STR-000154,TreatmentA,B03,94.13,2.81,0.2386,235,33.68,0.2238,0.2673,46.3,20.81,4,7.96,0,1
STR-000155,Control,B02,110.23,4.08,0.2318,606,120.62,0.3894,0.3453,48.09,17.49,2,8.18,0,0
STR-000156,Control,B03,92.46,2.62,0.2861,176,30.56,0.3225,0.3319,66.81,27.86,2,7.05,0,1
STR-000157,Control,B02,77.54,1.59,0.2184,121,24.22,0.4542,0.4293,71.34,23.8,2,7.92,1,1
STR-000158,TreatmentA,B02,93.64,1.46,0.2327,522,42.59,0.3178,0.3737,23.97,22.48,2,5.37,1,0
STR-000159,TreatmentB,B01,122.44,1.56,0.1969,301,24.24,0.3586,0.3816,38.23,23.03,2,6.13,1,0
STR-000160,TreatmentA,B03,108.71,1.73,0.2329,1017,132.62,0.3962,0.2699,42.09,30.32,1,6.7,1,1
STR-000161,TreatmentB,B03,93.78,1.45,0.2314,914,40.3,0.5187,0.2763,7.84,22.14,1,7.67,1,0
STR-000162,TreatmentA,B02,113.24,1.76,0.2346,116,40.94,0.1416,0.4129,48.0,33.81,2,4.87,1,0
STR-000163,TreatmentA,B03,95.72,1.88,0.2514,590,23.47,0.2767,0.2182,18.82,22.57,3,8.15,1,0
STR-000164,TreatmentB,B03,105.67,1.38,0.2349,586,23.6,0.3015,0.5665,29.2,22.75,3,6.46,0,0
STR-000165,TreatmentA,B01,103.04,2.08,0.2714,354,72.27,0.511,0.2798,22.36,25.01,4,7.59,0,0
STR-000166,Control,B03,69.59,3.13,0.283,353,28.42,0.3902,0.2078,76.41,33.52,5,3.43,0,0
STR-000167,TreatmentB,B03,99.17,0.55,0.2185,445,18.74,0.4626,0.3038,84.68,26.42,0,5.26,1,0
STR-000168,TreatmentA,B02,107.51,2.5,0.2518,290,400.18,0.3358,0.296,44.17,31.47,0,6.69,1,1
STR-000169,TreatmentA,B03,104.03,3.24,0.1576,274,16.46,0.3315,0.2967,36.85,24.85,2,6.12,0,1
STR-000170,Control,B03,110.22,2.16,0.2823,708,21.6,0.6028,0.4771,42.08,20.29,1,6.36,1,1
STR-000171,Control,B03,120.47,1.26,0.2414,322,56.98,0.2545,0.2709,53.12,32.84,1,6.06,0,1
STR-000172,TreatmentB,B02,78.14,1.52,0.2462,149,13.62,0.2452,0.2709,13.32,20.93,2,7.25,1,1
STR-000173,TreatmentB,B01,105.76,1.74,0.2113,609,127.0,0.5921,0.1652,6.13,18.64,1,7.78,1,0
STR-000174,TreatmentA,B01,118.76,1.59,0.239,170,56.03,0.5114,0.4028,33.28,21.26,1,7.48,1,1
STR-000175,TreatmentA,B03,87.13,3.34,0.2612,331,18.66,0.3768,0.6048,29.4,19.23,6,7.48,0,1
STR-000176,TreatmentA,B01,76.27,1.89,0.2374,306,47.11,0.3837,0.1982,47.01,25.1,2,7.82,0,1
STR-000177,TreatmentA,B03,97.12,3.78,0.1977,598,74.97,0.1968,0.2249,22.93,33.91,0,8.19,1,1
STR-000178,Control,B01,85.47,2.08,0.2749,220,25.62,0.3092,0.42,42.39,30.53,1,6.89,0,0
STR-000179,TreatmentB,B02,102.25,1.03,0.2475,229,20.93,0.4791,0.394,13.77,25.28,3,6.43,1,1
STR-000180,TreatmentA,B01,101.0,1.09,0.2514,68,55.51,0.3967,0.2206,41.8,27.46,5,8.21,1,1
STR-000181,TreatmentB,B03,80.09,2.25,0.3015,302,87.9,0.3976,0.2683,27.91,31.69,1,4.67,0,0
STR-000182,TreatmentB,B03,92.58,1.58,0.2954,475,33.61,0.4376,0.4077,18.8,23.95,0,6.26,0,0
STR-000183,TreatmentA,B03,82.84,2.39,0.2917,168,14.45,0.5287,0.2072,53.0,27.92,1,6.06,1,0
STR-000184,TreatmentB,B01,127.01,0.76,0.249,277,21.49,0.3246,0.3531,11.56,32.61,0,6.54,1,1
STR-000185,TreatmentB,B02,113.56,1.97,0.2833,104,23.55,0.6953,0.248,10.06,18.95,1,3.46,0,0
STR-000186,Control,B03,63.17,2.58,0.2856,672,10.21,0.5082,0.3675,33.52,32.62,3,5.33,1,1
STR-000187,Control,B02,102.57,2.58,0.2319,362,24.73,0.5771,0.3745,68.16,27.39,3,8.82,0,1
STR-000188,Control,B01,86.81,2.69,0.2469,242,52.45,0.4454,0.4585,35.92,25.77,6,4.17,0,0
STR-000189,TreatmentA,B02,89.02,1.54,0.1968,145,54.41,0.3499,0.3033,55.34,22.68,1,7.58,0,1
STR-000190,TreatmentA,B03,86.25,2.12,0.2203,346,20.89,0.3929,0.0641,39.32,35.03,1,9.93,0,0
STR-000191,TreatmentA,B01,92.51,1.16,0.2214,177,40.81,0.2883,0.1798,37.82,13.38,7,6.95,1,1
STR-000192,TreatmentB,B02,99.0,1.14,0.212,206,31.33,0.251,0.3648,34.33,18.51,4,8.05,0,1
STR-000193,Control,B02,124.43,2.84,0.2512,437,50.59,0.5118,0.2647,27.95,16.22,3,5.94,0,1
STR-000194,TreatmentA,B01,88.1,2.49,0.2435,97,48.51,0.5092,0.2571,22.94,14.13,2,8.08,0,1
STR-000195,TreatmentB,B01,132.98,1.45,0.2817,786,18.3,0.3747,0.2632,12.59,30.47,2,4.52,0,0
STR-000196,TreatmentA,B01,132.68,1.73,0.2401,342,57.52,0.3129,0.2516,19.9,27.9,3,7.4,0,1
STR-000197,TreatmentA,B01,114.32,1.92,0.2439,34,65.03,0.3645,0.4433,49.44,31.07,1,5.97,1,0
STR-000198,Control,B03,91.43,2.76,0.1877,262,68.72,0.2619,0.2829,23.54,24.53,0,7.29,0,1
STR-000199,TreatmentA,B03,79.88,1.58,0.2378,193,22.76,0.2058,0.3458,20.15,19.7,1,7.85,1,1
STR-000200,TreatmentA,B02,137.03,3.32,0.2754,192,36.21,0.3164,0.3026,17.22,16.44,2,9.24,0,0
STR-000201,TreatmentA,B02,100.25,1.23,0.2677,111,6.52,0.6636,0.2268,36.79,19.97,1,7.14,0,1
STR-000202,Control,B02,86.33,2.35,0.2737,324,59.97,0.3609,0.1532,32.54,33.7,4,5.82,0,1
STR-000203,TreatmentB,B01,112.61,1.73,0.2654,145,26.14,0.7742,0.3639,38.81,18.68,2,8.83,1,1
STR-000204,Control,B03,78.11,2.58,0.2654,114,40.93,0.3763,0.3887,44.57,15.78,3,7.06,0,1
STR-000205,Control,B02,103.15,2.7,0.0881,360,19.87,0.7837,0.1845,26.04,19.74,3,6.02,1,0
STR-000206,TreatmentB,B02,101.86,1.85,0.2576,194,72.37,0.3885,0.2127,29.73,20.08,3,8.06,0,1
STR-000207,Control,B02,116.53,3.06,0.2432,153,21.0,0.2549,0.1396,26.13,28.97,5,5.93,0,1
STR-000208,TreatmentA,B02,80.17,1.3,0.228,152,16.02,0.5687,0.3203,41.07,23.25,1,6.69,0,1
STR-000209,Control,B01,124.82,1.6,0.1855,244,32.23,0.386,0.2159,51.53,11.87,2,6.56,0,1
STR-000210,TreatmentB,B01,108.16,0.76,0.3421,898,41.99,0.5797,0.249,11.24,21.15,5,10.33,0,0
STR-000211,Control,B03,85.05,3.16,0.2156,573,36.85,0.5843,0.2708,66.71,39.18,1,9.96,0,0
STR-000212,TreatmentA,B02,91.46,1.68,0.1839,595,6.96,0.3243,0.4088,15.75,24.62,3,6.79,0,0
STR-000213,TreatmentA,B02,102.79,1.92,0.1637,110,21.88,0.5207,0.3379,24.64,22.56,2,6.21,1,1
STR-000214,Control,B03,74.04,2.26,0.212,245,82.04,0.3719,0.3601,47.85,26.84,4,7.93,0,0
STR-000215,TreatmentA,B02,88.16,1.73,0.2826,405,57.33,0.4813,0.1663,49.68,26.29,2,6.48,1,1
STR-000216,TreatmentB,B01,97.47,1.83,0.2733,532,16.72,0.7064,0.321,44.41,27.67,1,7.28,1,1
STR-000217,TreatmentB,B02,100.04,1.67,0.2213,242,65.08,0.3216,0.4479,36.47,27.36,0,8.6,1,0
STR-000218,Control,B03,86.77,1.92,0.2836,645,24.92,0.3206,0.2055,29.0,29.67,2,7.97,0,1
STR-000219,TreatmentB,B01,68.29,2.82,0.2087,149,49.12,0.3316,0.2325,21.58,12.26,1,8.71,1,1
STR-000220,TreatmentA,B01,84.29,1.38,0.2486,470,28.61,0.5353,0.1233,16.07,30.98,2,7.19,1,0
STR-000221,TreatmentB,B01,105.27,1.01,0.2244,170,63.56,0.512,0.2424,63.48,32.39,4,5.45,0,0
STR-000222,TreatmentB,B03,103.76,1.68,0.2769,85,51.94,0.3325,0.5005,28.32,27.69,2,7.02,1,0
STR-000223,TreatmentA,B03,107.47,1.76,0.2039,141,21.3,0.337,0.4104,23.65,32.52,0,7.81,1,0
STR-000224,TreatmentA,B01,80.94,2.76,0.1911,373,39.4,0.2721,0.3124,47.84,29.89,3,7.82,0,1
STR-000225,Control,B02,98.94,2.85,0.149,151,21.09,0.5712,0.393,64.02,19.64,3,7.52,1,1
STR-000226,TreatmentB,B03,86.28,1.48,0.2316,146,21.11,0.4363,0.3566,12.3,17.73,5,6.7,0,1
STR-000227,Control,B03,84.75,2.2,0.2564,496,25.12,0.2911,0.4028,87.18,17.87,0,6.11,0,0
STR-000228,TreatmentB,B02,97.62,1.63,0.2081,73,38.63,0.4187,0.2461,6.78,24.73,1,5.9,1,1
STR-000229,Control,B01,119.25,2.35,0.2194,152,27.89,0.3472,0.24,47.67,21.48,3,5.12,1,0
STR-000230,TreatmentB,B02,102.15,0.95,0.2489,320,29.66,0.535,0.317,8.07,13.64,3,8.59,1,0
STR-000231,Control,B02,107.54,3.34,0.2458,1061,23.39,0.4687,0.0819,65.51,31.64,0,8.72,0,0
STR-000232,TreatmentA,B02,85.32,1.35,0.242,180,11.66,0.5157,0.3497,20.54,26.35,5,5.37,1,0
STR-000233,Control,B03,89.02,1.93,0.2359,175,50.01,0.3857,0.3518,42.55,35.14,4,6.47,0,0
STR-000234,Control,B01,109.85,2.85,0.2124,163,9.58,0.1336,0.4027,59.62,18.7,2,5.37,0,0
STR-000235,Control,B03,97.7,2.43,0.2581,141,86.09,0.4718,0.2898,36.52,17.78,3,8.59,0,0
STR-000236,TreatmentA,B03,105.5,1.74,0.2638,119,41.14,0.2356,0.3643,27.66,25.15,2,7.52,1,1
STR-000237,TreatmentA,B02,114.21,1.84,0.2361,242,58.4,0.6273,0.4441,44.99,21.75,4,7.81,1,1
STR-000238,Control,B03,105.93,5.53,0.215,1075,30.48,0.3813,0.5397,39.98,30.04,2,5.35,0,1
STR-000239,TreatmentB,B02,66.04,1.43,0.2215,186,81.19,0.5172,0.0924,21.79,25.42,2,5.11,0,0
STR-000240,TreatmentA,B03,98.84,1.48,0.2632,482,52.52,0.4677,0.3061,16.66,18.32,2,5.64,1,0
STR-000241,Control,B01,104.37,2.38,0.2272,384,59.05,0.7558,0.4734,26.25,32.39,3,8.62,1,1
STR-000242,TreatmentB,B01,99.87,0.82,0.1965,456,103.17,0.2855,0.338,11.26,24.04,3,6.9,1,1
STR-000243,TreatmentA,B01,96.81,2.58,0.2476,254,8.35,0.6799,0.2536,35.07,18.74,4,7.4,0,0
STR-000244,TreatmentB,B02,100.95,1.57,0.2345,101,63.01,0.534,0.2334,23.83,22.2,1,6.36,0,0
STR-000245,TreatmentB,B03,89.27,1.19,0.2122,226,120.56,0.3247,0.3658,13.15,20.15,5,7.27,1,1
STR-000246,Control,B03,95.45,2.02,0.2288,493,115.75,0.6239,0.1398,61.54,40.48,2,8.59,1,0
STR-000247,TreatmentB,B03,105.08,0.76,0.2588,1125,99.42,0.4244,0.1024,75.47,29.25,1,8.05,0,0
STR-000248,TreatmentB,B01,72.21,1.52,0.1782,998,95.38,0.7407,0.3138,30.22,22.45,7,5.89,1,1
STR-000249,TreatmentB,B02,111.65,1.41,0.1868,520,21.14,0.1875,0.6135,33.68,24.77,1,6.38,1,0
STR-000250,TreatmentA,B03,114.33,1.91,0.252,419,49.64,0.3719,0.3322,39.78,21.78,5,7.45,1,1
STR-000251,TreatmentA,B01,99.48,1.37,0.2426,208,152.56,0.478,0.437,45.71,24.3,3,5.39,1,0
STR-000252,TreatmentB,B02,123.33,1.92,0.2055,364,28.6,0.4487,0.1619,20.69,31.12,5,9.14,1,0
STR-000253,TreatmentB,B03,84.1,1.25,0.2478,173,78.37,0.2683,0.1554,34.98,20.95,5,6.78,0,1
STR-000254,Control,B01,95.33,1.43,0.2674,775,40.62,0.4864,0.5236,35.42,27.46,3,5.19,1,0
STR-000255,Control,B01,101.24,3.27,0.2582,80,108.41,0.3253,0.22,48.81,21.43,0,5.95,0,1
STR-000256,TreatmentB,B01,90.03,3.24,0.2418,389,29.85,0.7627,0.1972,13.29,27.61,1,6.5,0,0
STR-000257,TreatmentB,B02,113.03,1.35,0.2583,403,36.79,0.1628,0.3458,28.23,19.08,5,7.17,0,1
STR-000258,Control,B03,79.34,2.12,0.1911,75,22.92,0.2889,0.3647,63.27,24.1,0,5.76,1,0
STR-000259,Control,B01,77.97,1.81,0.1879,532,98.65,0.4257,0.3044,22.06,19.91,4,7.35,1,1
STR-000260,TreatmentA,B03,88.67,1.14,0.2741,360,26.56,0.5309,0.4037,71.08,28.14,4,10.13,0,0
STR-000261,TreatmentB,B01,114.26,1.04,0.1928,194,16.16,0.5288,0.1725,21.33,24.48,2,8.24,1,0
STR-000262,TreatmentB,B01,104.9,1.46,0.2342,270,42.08,0.3124,0.4055,45.92,22.03,6,7.49,0,1
STR-000263,TreatmentB,B03,101.62,2.2,0.2116,118,64.13,0.3094,0.4625,14.6,26.18,4,5.15,1,0
STR-000264,TreatmentA,B03,87.78,1.64,0.2395,87,41.69,0.6902,0.5341,38.53,26.68,3,5.71,0,1
STR-000265,TreatmentB,B01,108.96,3.42,0.3019,210,63.93,0.312,0.4291,20.62,28.15,2,4.54,0,0
STR-000266,Control,B01,114.41,1.87,0.2356,481,41.4,0.385,0.4025,17.44,28.37,1,5.36,0,0
STR-000267,TreatmentA,B01,105.42,2.99,0.283,167,29.55,0.5992,0.1734,61.82,25.11,3,6.46,0,0
STR-000268,TreatmentA,B03,84.86,1.55,0.2365,773,20.15,0.3959,0.5682,69.51,24.0,1,5.92,0,1
STR-000269,Control,B01,107.07,2.0,0.2522,449,32.51,0.5314,0.4228,69.54,22.65,3,6.36,1,1
STR-000270,TreatmentA,B02,71.62,1.02,0.2673,489,21.49,0.2906,0.2378,28.19,16.34,4,7.94,1,1
STR-000271,TreatmentB,B02,97.49,1.64,0.2382,557,25.87,0.522,0.4401,17.5,24.24,0,8.05,1,1
STR-000272,TreatmentA,B01,112.99,1.24,0.2829,305,30.5,0.4306,0.4523,23.79,23.1,2,8.01,1,1
STR-000273,Control,B02,111.22,3.04,0.2645,138,69.99,0.4908,0.5412,59.81,26.44,0,5.67,0,1
STR-000274,TreatmentB,B03,124.09,3.44,0.2429,427,26.22,0.4521,0.1732,31.38,24.96,4,9.79,0,0
STR-000275,TreatmentA,B01,91.26,1.2,0.2411,194,25.15,0.4781,0.17,25.11,24.26,3,7.7,0,0
STR-000276,TreatmentA,B03,90.95,1.77,0.225,132,41.26,0.5897,0.389,38.94,29.84,1,7.36,1,1
STR-000277,TreatmentA,B02,81.71,2.03,0.1916,276,43.13,0.3881,0.3056,86.12,32.11,3,7.12,1,1
STR-000278,TreatmentB,B03,79.17,1.35,0.2517,384,35.58,0.373,0.4915,20.95,20.21,1,7.52,1,1
STR-000279,TreatmentA,B03,87.85,1.99,0.2641,166,30.37,0.6062,0.3304,40.71,26.57,2,6.84,0,1
STR-000280,TreatmentA,B01,96.36,3.18,0.2651,293,88.85,0.7335,0.3114,27.85,21.18,0,6.98,0,1
STR-000281,Control,B02,133.41,2.04,0.2719,237,29.93,0.4413,0.4023,34.34,29.66,3,6.7,0,1
STR-000282,TreatmentA,B01,60.82,2.39,0.2205,140,40.71,0.1976,0.2681,24.97,16.84,3,6.85,1,1
STR-000283,Control,B03,107.46,3.48,0.2238,444,27.08,0.4395,0.3214,78.63,29.95,1,7.96,0,0
STR-000284,TreatmentA,B03,145.49,1.65,0.208,254,61.1,0.2976,0.3882,23.85,16.01,2,6.87,1,0
STR-000285,TreatmentA,B03,84.53,2.1,0.2434,221,46.62,0.5104,0.3491,23.38,43.39,2,8.83,0,0
STR-000286,Control,B02,93.62,2.39,0.2675,577,36.29,0.3234,0.0861,36.93,30.13,2,7.78,0,1
STR-000287,Control,B02,122.53,2.16,0.2363,159,16.27,0.4309,0.2635,47.45,26.28,0,8.17,0,0
STR-000288,TreatmentB,B01,94.62,1.56,0.1992,141,41.24,0.5633,0.35,63.61,25.16,0,8.49,0,1
STR-000289,TreatmentA,B01,100.35,1.79,0.2751,354,37.01,0.407,0.2756,105.93,18.52,2,7.32,0,1
STR-000290,Control,B02,103.3,4.69,0.2281,283,70.09,0.4765,0.1763,36.89,22.08,6,8.22,0,0
STR-000291,TreatmentA,B02,81.05,2.46,0.2105,303,38.54,0.2443,0.1981,40.4,25.57,3,7.6,1,1
STR-000292,Control,B01,85.24,2.4,0.2026,725,75.51,0.525,0.4923,65.52,18.75,3,7.28,0,1
STR-000293,TreatmentA,B01,90.65,2.75,0.2179,440,23.95,0.6712,0.1743,37.97,23.97,2,8.56,0,0
STR-000294,Control,B03,99.31,2.41,0.3116,165,18.66,0.3136,0.2447,23.7,22.8,0,6.88,0,1
STR-000295,Control,B03,106.76,2.15,0.1548,285,47.52,0.4143,0.5982,32.59,25.89,1,7.58,1,1
STR-000296,TreatmentA,B02,97.39,2.2,0.1488,724,57.25,0.3474,0.346,22.94,23.79,5,7.3,1,1
STR-000297,TreatmentB,B03,62.89,2.5,0.179,550,23.38,0.4113,0.2282,21.95,19.09,2,5.42,1,1
STR-000298,Control,B02,81.03,1.87,0.2597,161,40.7,0.3708,0.1411,52.91,19.79,1,6.78,0,1
STR-000299,TreatmentA,B03,113.44,3.66,0.2793,470,31.04,0.7662,0.4034,62.58,25.62,3,6.15,0,1
STR-000300,Control,B01,117.47,1.63,0.2352,622,21.92,0.3156,0.2073,43.29,13.08,3,8.61,1,0
STR-000301,TreatmentB,B01,136.51,1.26,0.246,484,26.79,0.5414,0.382,35.22,27.38,1,6.3,1,1
STR-000302,Control,B03,84.32,2.79,0.2716,881,34.33,0.3198,0.4214,45.05,23.56,1,6.56,0,0
STR-000303,Control,B02,96.35,1.9,0.2588,687,50.78,0.4321,0.4856,34.09,21.24,0,8.84,1,0
STR-000304,TreatmentB,B01,95.8,1.31,0.2112,220,98.29,0.4703,0.2327,83.35,25.8,2,5.62,0,0
STR-000305,TreatmentB,B03,98.09,2.14,0.2584,366,20.82,0.3481,0.5529,22.69,36.38,2,6.45,1,1
STR-000306,Control,B01,86.4,2.75,0.281,393,73.4,0.361,0.2309,84.58,21.76,3,5.49,0,1
STR-000307,TreatmentB,B01,110.51,0.94,0.2637,113,37.47,0.4303,0.3138,5.9,24.97,3,7.18,1,1
STR-000308,TreatmentA,B02,98.95,2.62,0.2319,267,92.62,0.4811,0.487,48.68,18.25,1,6.99,0,1
STR-000309,Control,B01,117.49,1.59,0.2646,756,43.13,0.4984,0.1901,42.23,21.38,2,6.66,1,1
STR-000310,TreatmentB,B01,91.67,2.57,0.1617,106,57.5,0.1736,0.5219,13.7,27.05,1,9.07,1,0
STR-000311,TreatmentA,B02,90.55,1.49,0.208,212,27.43,0.1486,0.2753,19.52,9.42,2,5.49,1,1
STR-000312,TreatmentA,B01,103.79,2.65,0.2216,344,39.16,0.4417,0.2579,27.91,27.51,3,6.44,0,1
STR-000313,Control,B03,85.94,1.53,0.2291,159,54.97,0.3644,0.4074,47.18,25.45,2,4.51,1,0
STR-000314,TreatmentA,B03,97.93,0.92,0.2371,512,29.92,0.7351,0.1738,31.43,30.23,1,6.24,1,0
STR-000315,TreatmentA,B03,124.47,2.16,0.194,228,11.92,0.2827,0.4193,30.81,20.04,1,7.5,1,0
STR-000316,TreatmentB,B01,94.66,2.98,0.2179,190,49.87,0.4925,0.3633,35.91,26.42,1,7.63,1,1
STR-000317,TreatmentA,B03,99.05,1.11,0.2262,90,24.15,0.4169,0.2095,24.49,32.85,3,5.68,1,1
STR-000318,Control,B02,103.3,2.6,0.2413,425,30.51,0.4854,0.188,81.28,20.3,1,6.84,0,0
STR-000319,TreatmentA,B01,98.44,1.91,0.285,737,82.4,0.2876,0.309,27.22,26.18,1,7.07,0,0
STR-000320,TreatmentA,B03,71.2,2.98,0.2303,317,59.59,0.4414,0.2064,50.56,20.36,1,5.74,0,0
STR-000321,TreatmentA,B01,94.3,1.46,0.1917,330,10.75,0.3968,0.2162,34.69,30.97,2,5.13,1,0
STR-000322,TreatmentB,B01,108.84,1.36,0.2722,116,34.68,0.3779,0.2237,17.48,24.9,1,8.72,0,0
STR-000323,Control,B03,105.18,3.08,0.2668,463,28.81,0.4489,0.2889,50.26,19.4,2,5.96,0,1
STR-000324,Control,B02,120.99,1.47,0.2041,216,32.59,0.1636,0.3974,46.78,22.76,2,6.28,1,0
STR-000325,Control,B02,124.73,2.7,0.2338,246,27.42,0.3599,0.5042,89.08,28.06,3,8.68,0,0
STR-000326,Control,B03,107.99,1.68,0.252,465,29.56,0.5487,0.5016,60.62,26.51,3,8.01,0,1
STR-000327,TreatmentB,B03,101.11,1.64,0.2506,243,50.84,0.3157,0.3872,10.83,22.45,2,9.36,1,0
STR-000328,TreatmentB,B01,116.78,1.67,0.1994,1498,18.85,0.2596,0.3072,10.03,25.5,0,8.49,1,0
STR-000329,TreatmentB,B01,95.83,2.02,0.1781,128,24.15,0.4394,0.0845,28.97,21.63,3,8.52,1,0
STR-000330,Control,B01,106.94,3.08,0.2737,209,74.59,0.3453,0.3136,51.06,22.74,3,7.45,0,1
STR-000331,TreatmentA,B03,75.83,1.49,0.2475,231,19.57,0.3442,0.2029,30.51,15.53,4,6.69,1,1
STR-000332,Control,B03,108.07,1.72,0.2819,211,29.91,0.2659,0.2554,76.89,24.24,2,7.91,0,1
STR-000333,TreatmentA,B01,94.13,2.1,0.2786,1127,41.46,0.1816,0.2194,40.75,19.35,3,8.47,0,1
STR-000334,TreatmentA,B03,97.68,2.74,0.169,183,37.18,0.4387,0.5371,15.33,22.85,3,7.32,1,1
STR-000335,TreatmentB,B01,80.21,1.89,0.2529,307,32.62,0.4763,0.378,8.47,17.21,3,6.87,1,1
STR-000336,TreatmentA,B02,95.43,1.91,0.1899,176,25.24,0.5561,0.0253,26.94,18.72,1,4.91,1,0
STR-000337,Control,B03,111.87,3.34,0.2737,170,70.07,0.4464,0.2895,31.81,21.46,4,7.39,0,1
STR-000338,TreatmentA,B03,86.49,1.38,0.2342,486,35.92,0.572,0.0885,34.28,24.56,2,6.99,1,0
STR-000339,TreatmentB,B03,114.62,0.93,0.273,174,24.87,0.502,0.3136,27.19,32.74,1,7.93,0,1
STR-000340,Control,B03,86.61,2.9,0.1848,550,75.77,0.306,0.3268,30.0,25.69,2,6.49,1,1
STR-000341,TreatmentA,B02,87.56,2.98,0.283,238,48.21,0.2774,0.5828,38.95,15.52,2,6.86,0,0
STR-000342,Control,B03,113.34,3.27,0.2538,70,60.21,0.4108,0.306,27.26,39.03,0,8.44,0,0
STR-000343,Control,B01,103.75,3.35,0.2265,273,36.62,0.4233,0.1517,32.62,17.14,2,6.84,0,1
STR-000344,TreatmentA,B02,95.39,1.74,0.2921,165,20.42,0.2539,0.3942,97.72,33.78,3,6.46,0,1
STR-000345,TreatmentB,B02,99.96,1.51,0.2182,132,65.61,0.4989,0.3143,36.93,29.97,2,7.37,1,1
STR-000346,TreatmentB,B01,88.57,0.86,0.21,289,8.74,0.6441,0.1002,17.87,15.92,2,5.45,1,0
STR-000347,Control,B03,92.76,3.67,0.2892,327,41.4,0.3144,0.2254,66.39,29.49,3,10.1,0,0
STR-000348,Control,B03,89.47,2.53,0.288,643,15.49,0.4735,0.2201,41.42,30.55,3,8.73,0,0
STR-000349,Control,B02,100.1,2.48,0.2544,639,48.27,0.4126,0.3803,34.92,31.51,2,6.14,0,1
STR-000350,TreatmentB,B01,112.07,2.3,0.2143,303,21.07,0.2676,0.3452,40.91,32.14,1,5.3,0,0
STR-000351,Control,B01,94.69,2.73,0.228,114,13.06,0.6694,0.3433,57.4,23.2,1,9.97,1,0
STR-000352,Control,B03,115.54,1.81,0.2505,206,17.53,0.4923,0.4314,32.42,31.69,1,7.8,1,1
STR-000353,TreatmentA,B01,114.81,1.5,0.222,240,12.12,0.2861,0.4092,55.74,36.27,2,6.38,1,0
STR-000354,Control,B02,86.19,2.86,0.1802,1297,32.58,0.5207,0.2427,68.61,31.13,3,8.87,0,0
STR-000355,Control,B03,89.96,2.07,0.2345,139,28.7,0.3902,0.1604,31.56,21.66,4,8.08,0,1
STR-000356,Control,B03,114.85,2.1,0.2805,227,104.84,0.2649,0.3188,52.49,29.98,2,7.98,0,1
STR-000357,Control,B01,89.06,1.74,0.2445,500,28.08,0.4132,0.5293,35.08,23.8,4,8.28,0,1
STR-000358,TreatmentB,B02,124.22,1.07,0.1954,621,35.61,0.3446,0.0998,14.47,25.07,5,7.53,1,1
STR-000359,TreatmentA,B03,94.25,1.78,0.2954,311,18.98,0.4637,0.4005,20.97,14.84,1,7.63,1,1
STR-000360,TreatmentA,B02,97.54,2.1,0.2369,165,42.62,0.2698,0.4543,24.26,19.41,2,7.55,1,0
STR-000361,TreatmentA,B02,93.11,1.34,0.2318,1886,13.89,0.5778,0.3241,31.24,33.57,2,8.3,0,0
STR-000362,TreatmentA,B01,113.49,2.24,0.2728,258,30.53,0.223,0.3659,41.2,25.78,2,6.37,0,0
STR-000363,Control,B03,103.54,2.03,0.2377,179,13.86,0.502,0.1918,37.1,16.47,4,9.44,1,0
STR-000364,TreatmentB,B02,111.7,2.09,0.2536,603,24.76,0.3881,0.3187,3.24,16.59,0,5.01,0,0
STR-000365,TreatmentB,B01,75.11,2.01,0.2414,214,135.41,0.5054,0.3721,9.97,24.14,3,7.55,0,1
STR-000366,TreatmentB,B03,106.56,0.94,0.1707,244,22.54,0.2989,0.2285,9.12,17.49,2,9.3,1,0
STR-000367,TreatmentA,B03,125.52,2.79,0.2441,208,60.68,0.4399,0.4453,46.38,23.34,4,6.16,0,0
STR-000368,TreatmentA,B03,104.95,1.55,0.248,255,13.65,0.4995,0.1895,22.4,24.31,1,4.26,1,0
STR-000369,Control,B02,127.06,2.67,0.2645,197,23.29,0.5931,0.0948,72.97,35.06,1,6.28,0,0
STR-000370,Control,B02,89.18,2.28,0.2477,237,32.15,0.275,0.3741,83.45,23.13,0,5.91,0,1
STR-000371,TreatmentB,B02,123.59,1.42,0.2164,137,92.58,0.4807,0.287,36.19,29.64,4,5.58,1,1
STR-000372,Control,B01,100.81,2.49,0.2363,157,17.42,0.5405,0.3496,43.93,32.87,2,7.19,0,1
STR-000373,Control,B03,102.78,2.61,0.2567,175,71.08,0.3381,0.1698,38.26,22.05,1,6.94,0,1
STR-000374,Control,B01,84.15,2.47,0.236,179,60.6,0.2333,0.0894,30.47,29.79,0,4.22,0,1
STR-000375,TreatmentA,B03,80.64,1.85,0.291,255,18.28,0.4648,0.3105,19.65,14.83,6,7.19,1,1
STR-000376,TreatmentB,B03,109.92,2.09,0.2149,232,34.41,0.5026,0.2553,35.31,23.68,2,8.08,1,0
STR-000377,TreatmentA,B03,103.3,2.59,0.2675,255,49.86,0.4096,0.3841,61.12,17.4,1,6.77,0,1
STR-000378,TreatmentA,B02,123.29,1.84,0.1677,102,42.82,0.4537,0.2098,54.92,27.46,3,9.17,1,0
STR-000379,TreatmentA,B02,91.7,3.07,0.2408,408,38.43,0.2819,0.1888,34.36,12.77,2,6.19,0,1
STR-000380,TreatmentA,B03,64.87,1.34,0.2977,565,56.52,0.5245,0.3348,25.42,20.38,3,5.06,0,1
STR-000381,Control,B02,109.18,1.9,0.2094,233,24.11,0.2074,0.1819,61.9,15.74,5,7.08,1,1
STR-000382,TreatmentA,B03,96.67,2.64,0.1893,181,27.4,0.1412,0.4043,48.98,15.79,3,7.9,1,0
STR-000383,TreatmentB,B02,81.32,1.6,0.239,250,29.14,0.5103,0.203,16.72,27.45,6,8.08,1,0
STR-000384,Control,B02,94.05,2.62,0.2606,351,38.5,0.1879,0.3612,40.84,25.17,2,4.69,0,0
STR-000385,Control,B02,101.19,3.37,0.2583,70,48.48,0.4014,0.1554,41.34,20.76,2,7.01,0,1
STR-000386,TreatmentA,B03,98.42,2.58,0.2051,322,30.71,0.3778,0.169,40.1,11.38,2,7.16,0,0
STR-000387,Control,B03,104.42,1.77,0.201,345,34.49,0.5132,0.2338,46.89,21.36,1,9.53,1,0
STR-000388,TreatmentA,B02,112.3,1.18,0.2596,173,47.09,0.3527,0.4507,28.3,31.9,1,6.79,1,1
STR-000389,TreatmentA,B02,102.23,1.62,0.2815,343,28.76,0.1933,0.4728,32.37,12.09,2,7.7,0,0
STR-000390,Control,B02,108.4,2.25,0.197,175,34.7,0.3224,0.2164,32.41,23.38,1,5.91,0,1
STR-000391,Control,B03,133.14,2.54,0.1989,330,105.5,0.3608,0.2534,28.07,25.2,3,6.16,1,1
STR-000392,TreatmentA,B02,122.68,1.17,0.2129,231,32.58,0.4272,0.2193,23.16,32.3,4,7.88,1,0
STR-000393,TreatmentB,B01,106.54,1.5,0.2626,358,23.08,0.5155,0.2957,21.23,30.9,5,7.38,0,1
STR-000394,TreatmentB,B03,97.2,2.67,0.2151,299,50.44,0.5685,0.1156,24.26,14.74,1,9.84,0,0
STR-000395,Control,B01,128.99,2.93,0.1929,1979,33.74,0.4803,0.3724,31.57,19.24,1,7.66,1,1
STR-000396,Control,B02,97.24,2.41,0.2531,220,35.13,0.3446,0.3212,29.47,23.91,3,6.84,0,1
STR-000397,Control,B01,88.53,2.12,0.2298,306,41.68,0.4621,0.4307,42.42,27.6,3,7.56,1,1
STR-000398,TreatmentA,B01,87.92,0.92,0.2586,352,48.2,0.5175,0.3205,41.15,15.31,4,4.86,1,0
STR-000399,TreatmentB,B03,120.29,1.73,0.2224,359,21.72,0.3003,0.3211,35.33,35.97,0,8.64,1,0
STR-000400,Control,B03,115.42,3.04,0.2042,722,28.87,0.6471,0.5658,47.62,21.52,0,6.8,0,1
STR-000401,Control,B02,97.17,2.38,0.2761,111,34.43,0.6887,0.467,53.58,27.86,6,6.27,0,1
STR-000402,Control,B03,119.16,2.84,0.2525,438,49.59,0.1988,0.778,37.79,28.26,1,6.36,0,0
STR-000403,Control,B02,81.63,2.13,0.2495,279,43.57,0.5217,0.4782,31.22,26.23,4,9.13,1,0
STR-000404,TreatmentB,B01,104.27,1.63,0.2321,674,105.53,0.1871,0.4699,35.36,19.33,1,9.38,1,0
STR-000405,TreatmentB,B01,108.29,1.48,0.3029,276,17.28,0.3126,0.1021,21.41,18.35,2,8.44,0,1
STR-000406,Control,B03,113.14,3.03,0.2755,260,49.51,0.4248,0.5138,31.45,15.03,2,4.59,0,0
STR-000407,Control,B01,94.89,1.59,0.2005,199,7.26,0.4024,0.2589,28.8,27.29,0,6.66,1,1
STR-000408,Control,B02,88.18,1.6,0.2081,149,47.52,0.461,0.5519,32.18,29.17,3,5.21,1,1
STR-000409,TreatmentB,B02,80.07,1.59,0.3007,423,153.32,0.4113,0.3202,29.05,26.35,3,5.15,1,0
STR-000410,Control,B03,104.32,2.71,0.2186,235,32.64,0.3385,0.142,32.39,26.07,2,7.53,1,1
STR-000411,TreatmentA,B03,104.94,2.43,0.2019,73,36.3,0.4727,0.27,43.65,25.71,3,5.25,0,0
STR-000412,TreatmentB,B02,90.23,1.06,0.26,645,15.68,0.2286,0.6109,1.58,25.67,1,7.41,1,0
STR-000413,Control,B02,102.49,2.71,0.2725,89,24.44,0.4151,0.5922,53.73,18.24,3,4.89,0,0
STR-000414,TreatmentB,B03,109.93,0.76,0.2465,176,31.46,0.3605,0.2048,16.08,19.97,2,6.86,1,1
STR-000415,TreatmentA,B02,113.73,1.65,0.207,219,26.09,0.4247,0.2507,85.28,22.37,1,5.9,1,0
STR-000416,TreatmentB,B03,133.75,0.83,0.2709,693,24.37,0.18,0.4294,34.46,23.49,1,5.56,1,0
STR-000417,TreatmentA,B03,95.94,2.02,0.281,455,33.15,0.2861,0.3554,37.64,29.91,2,6.54,0,1
STR-000418,TreatmentA,B02,107.62,2.82,0.2263,132,12.15,0.4701,0.25,27.41,4.91,3,8.35,1,0
STR-000419,TreatmentB,B01,132.76,1.41,0.2237,122,33.86,0.5892,0.2105,20.18,19.15,0,9.25,1,0
STR-000420,TreatmentA,B03,108.2,1.84,0.1957,75,34.02,0.2922,0.202,32.19,23.65,2,7.37,1,1
STR-000421,TreatmentA,B02,118.3,3.0,0.2154,230,44.82,0.2655,0.3062,36.6,37.8,1,5.58,0,1
STR-000422,Control,B03,92.77,2.02,0.1985,297,35.08,0.2836,0.2693,28.14,18.12,4,4.8,1,0
STR-000423,Control,B02,99.95,1.99,0.2257,52,56.57,0.6032,0.3917,42.1,16.54,2,5.24,1,1
STR-000424,TreatmentA,B02,88.91,2.08,0.2649,330,80.69,0.2382,0.2205,87.64,22.37,1,9.32,0,0
STR-000425,TreatmentB,B01,112.53,0.66,0.2128,168,31.96,0.383,0.1993,31.07,23.69,2,6.69,1,1
STR-000426,TreatmentA,B01,97.28,1.85,0.2271,398,24.88,0.4567,0.5102,39.94,17.72,1,5.27,0,1
STR-000427,Control,B03,97.66,2.58,0.1913,281,24.92,0.3395,0.1907,49.48,27.28,3,6.05,0,1
STR-000428,Control,B01,107.81,4.37,0.2302,366,23.39,0.4523,0.4365,47.07,19.59,2,7.13,0,1
STR-000429,TreatmentA,B02,106.93,1.33,0.2293,318,66.15,0.5235,0.4568,16.26,19.54,1,6.81,1,1
STR-000430,Control,B02,109.2,1.82,0.1751,542,14.19,0.4329,0.3006,51.08,17.66,3,8.24,1,0
STR-000431,TreatmentA,B02,102.45,1.92,0.1642,192,19.53,0.3342,0.3678,16.87,15.54,1,4.38,1,0
STR-000432,TreatmentA,B03,91.59,2.66,0.2211,260,59.05,0.5538,0.1345,40.28,36.67,2,6.74,0,0
STR-000433,TreatmentB,B03,105.21,1.39,0.2154,497,57.31,0.4688,0.3306,23.57,23.85,3,3.49,1,0
STR-000434,Control,B01,95.96,2.27,0.253,274,36.63,0.5179,0.1607,42.57,27.32,3,7.68,0,0
STR-000435,Control,B02,130.13,1.62,0.1809,210,31.09,0.4351,0.2759,40.03,10.17,4,8.12,1,0
STR-000436,TreatmentB,B02,71.9,1.57,0.1843,626,14.81,0.2942,0.1625,18.0,23.12,1,6.76,0,1
STR-000437,TreatmentA,B01,107.23,2.35,0.229,149,16.16,0.563,0.157,33.67,36.37,1,6.21,0,0
STR-000438,TreatmentB,B01,107.0,2.27,0.2493,364,22.06,0.2624,0.384,16.25,38.82,3,7.43,0,0
STR-000439,TreatmentB,B01,119.19,2.55,0.1864,257,51.2,0.2685,0.1368,71.07,28.11,2,6.79,1,1
STR-000440,TreatmentB,B01,100.62,2.23,0.1915,352,22.28,0.4598,0.1288,22.2,27.42,2,6.12,0,0
STR-000441,TreatmentB,B02,106.18,1.05,0.2185,125,31.41,0.4367,0.1088,7.2,31.86,2,7.39,1,1
STR-000442,TreatmentB,B02,131.88,2.32,0.2735,290,16.26,0.2756,0.2737,80.32,18.04,1,6.33,0,1
STR-000443,TreatmentA,B03,76.86,1.43,0.2086,921,35.06,0.3131,0.2252,32.97,19.57,2,8.83,1,1
STR-000444,TreatmentA,B03,129.47,4.82,0.2375,172,15.84,0.4983,0.2551,64.14,33.86,3,6.64,0,0
STR-000445,Control,B02,101.17,1.82,0.2887,401,94.21,0.4405,0.5727,38.79,13.07,1,4.79,0,0
STR-000446,TreatmentB,B02,91.69,1.03,0.2285,370,45.27,0.4042,0.3016,10.74,30.11,1,7.39,1,1
STR-000447,Control,B02,124.46,1.96,0.1486,117,51.99,0.4684,0.1167,49.51,25.37,2,6.16,1,0
STR-000448,TreatmentB,B02,122.78,2.35,0.2758,306,42.66,0.6274,0.1807,18.68,13.29,5,8.42,0,0
STR-000449,Control,B01,85.97,2.71,0.2741,65,48.38,0.4712,0.2072,38.29,27.74,2,6.48,1,0
STR-000450,TreatmentB,B01,114.83,1.61,0.245,281,76.04,0.4303,0.2533,86.29,24.22,1,8.58,0,0
STR-000451,TreatmentA,B03,106.93,1.48,0.2321,207,59.33,0.1998,0.5016,37.79,25.44,2,7.35,1,0
STR-000452,TreatmentB,B01,118.12,2.18,0.2714,666,116.11,0.7607,0.1765,24.11,18.15,0,8.38,1,0
STR-000453,Control,B03,86.55,1.74,0.3137,293,38.87,0.3501,0.3295,85.11,17.1,3,7.32,0,1
STR-000454,Control,B02,134.66,1.98,0.2429,118,17.11,0.3667,0.1117,37.23,37.13,2,9.46,1,1
STR-000455,TreatmentB,B02,115.31,1.04,0.2629,405,42.29,0.634,0.2734,4.42,27.19,1,3.96,1,0
STR-000456,TreatmentA,B02,99.98,2.61,0.2589,185,38.12,0.1401,0.237,32.93,40.04,1,6.07,0,1
STR-000457,TreatmentA,B02,121.09,2.46,0.1572,223,18.18,0.3015,0.5999,44.07,32.88,3,5.21,1,0
STR-000458,TreatmentB,B01,125.74,2.37,0.2847,444,31.94,0.3809,0.1374,6.35,17.47,1,8.22,0,0
STR-000459,Control,B02,82.84,2.82,0.2253,296,40.47,0.4761,0.521,48.48,21.87,2,4.88,0,1
STR-000460,TreatmentB,B03,91.63,1.33,0.2365,606,21.93,0.5822,0.3904,47.75,28.36,1,8.89,1,1
STR-000461,Control,B03,120.15,2.88,0.2322,928,32.45,0.589,0.1599,40.33,29.24,2,8.11,0,0
STR-000462,Control,B01,97.59,2.89,0.2185,431,24.23,0.4352,0.3024,54.62,24.55,2,5.52,0,0
STR-000463,TreatmentA,B02,101.72,2.23,0.2174,357,19.7,0.4415,0.3361,46.88,26.74,2,5.28,1,0
STR-000464,TreatmentA,B03,114.14,2.58,0.2675,448,40.41,0.3313,0.2481,36.21,21.05,0,4.7,1,0
STR-000465,TreatmentB,B02,101.77,1.69,0.2193,176,28.16,0.5423,0.3883,11.64,26.97,1,5.32,1,1
STR-000466,TreatmentA,B03,74.22,1.85,0.2961,357,83.14,0.1794,0.3911,32.96,22.57,1,6.25,0,0
STR-000467,Control,B01,134.85,2.97,0.2208,210,26.75,0.2742,0.4333,37.51,24.12,3,5.46,0,0
STR-000468,TreatmentA,B02,86.28,2.48,0.2303,269,17.56,0.4178,0.1969,29.27,24.48,3,6.83,0,1
STR-000469,TreatmentB,B01,80.55,0.6,0.2805,105,28.98,0.5898,0.1339,12.3,39.01,2,5.54,1,0
STR-000470,TreatmentB,B03,103.62,1.36,0.2182,349,80.12,0.512,0.4027,32.8,26.45,3,5.51,1,1
STR-000471,Control,B02,78.92,2.87,0.2035,336,37.95,0.5994,0.1192,36.15,23.28,3,5.12,0,0
STR-000472,Control,B03,111.23,3.35,0.1665,320,55.98,0.1808,0.3557,39.28,25.05,1,7.68,0,0
STR-000473,TreatmentB,B01,72.06,2.46,0.1612,339,42.28,0.5432,0.3494,25.02,17.55,0,7.75,0,1
STR-000474,Control,B01,96.18,2.87,0.2013,148,22.44,0.351,0.397,31.87,40.37,0,5.28,0,0
STR-000475,Control,B03,70.22,2.33,0.2686,128,24.47,0.3441,0.6344,71.86,21.84,3,6.79,0,0
STR-000476,TreatmentB,B03,87.75,1.64,0.3115,94,11.39,0.4859,0.5245,25.2,31.36,1,5.87,0,1
STR-000477,Control,B01,100.53,1.88,0.2316,169,30.43,0.2429,0.3334,45.21,18.39,2,7.68,0,1
STR-000478,Control,B02,75.15,1.74,0.2319,443,33.31,0.2062,0.3401,43.18,23.3,1,4.31,1,0
STR-000479,TreatmentB,B02,114.22,1.67,0.2652,359,7.52,0.6183,0.4324,14.43,16.08,2,7.87,0,1
STR-000480,TreatmentB,B01,102.85,1.59,0.2413,145,42.87,0.3267,0.3245,20.08,21.45,4,7.1,0,1
STR-000481,TreatmentA,B03,102.79,1.28,0.1938,520,57.49,0.382,0.171,13.48,35.97,2,8.19,1,1
STR-000482,TreatmentB,B02,101.03,1.27,0.2714,364,55.04,0.2106,0.2643,31.04,17.5,3,8.05,1,1
STR-000483,TreatmentA,B01,102.93,1.81,0.2094,376,61.5,0.3821,0.3008,33.3,15.44,0,9.58,1,0
STR-000484,TreatmentA,B01,94.83,1.55,0.2194,472,23.91,0.2202,0.3513,19.74,19.96,1,5.93,1,0
STR-000485,TreatmentB,B03,87.0,1.48,0.2647,521,25.31,0.3464,0.2735,26.93,20.14,1,6.74,1,1
STR-000486,TreatmentB,B03,95.49,1.79,0.2466,389,74.5,0.46,0.1666,51.4,18.4,2,11.14,0,0
STR-000487,TreatmentA,B02,94.11,1.53,0.237,193,18.27,0.2028,0.3473,23.08,22.57,0,5.87,1,0
STR-000488,TreatmentB,B01,95.84,0.72,0.2649,114,21.14,0.4648,0.3963,42.7,19.74,2,7.49,1,1
STR-000489,Control,B01,86.32,2.69,0.2318,537,26.78,0.2737,0.3529,35.68,25.6,5,7.77,0,1
STR-000490,Control,B02,89.06,2.35,0.2819,580,26.13,0.3287,0.372,46.41,14.65,2,7.17,0,1
STR-000491,Control,B02,97.69,3.87,0.1918,213,35.98,0.3174,0.4691,33.8,35.26,3,3.47,0,0
STR-000492,TreatmentB,B02,127.26,1.2,0.2231,348,31.85,0.4426,0.2375,17.42,23.95,4,8.48,1,1
STR-000493,TreatmentB,B02,89.34,1.22,0.2532,506,17.83,0.2941,0.5443,32.07,30.1,3,5.45,1,0
STR-000494,Control,B03,106.09,1.63,0.2307,141,11.65,0.3968,0.4262,69.97,24.32,2,5.04,1,0
STR-000495,Control,B03,119.41,2.65,0.1887,346,36.57,0.532,0.0838,39.21,14.25,0,7.98,0,0
STR-000496,TreatmentA,B02,81.87,1.21,0.1586,129,15.56,0.4382,0.5339,40.2,19.11,4,7.99,1,1
STR-000497,TreatmentB,B02,98.08,1.8,0.3188,326,28.44,0.1151,0.3523,21.85,15.68,3,8.06,1,0
STR-000498,Control,B02,66.8,1.87,0.2414,197,21.45,0.3273,0.2552,47.62,15.84,3,6.76,1,1
STR-000499,Control,B03,103.33,2.52,0.2251,242,29.07,0.3555,0.5464,36.77,19.41,3,6.37,0,1
STR-000500,TreatmentA,B03,100.71,1.07,0.1591,230,36.96,0.6772,0.4974,24.61,24.16,2,6.95,1,1
STR-000501,TreatmentB,B02,73.1,1.96,0.2115,703,12.73,0.4334,0.3784,35.61,13.6,0,7.22,1,0
STR-000502,Control,B03,100.43,2.79,0.2713,204,148.42,0.4373,0.2821,24.02,21.25,4,6.88,0,0
STR-000503,Control,B02,91.92,1.65,0.2667,225,37.0,0.2384,0.3757,40.66,25.81,2,7.22,1,1
STR-000504,TreatmentA,B01,124.12,2.77,0.2434,1672,29.52,0.5572,0.5976,22.19,23.9,1,7.73,0,1
STR-000505,TreatmentB,B02,77.94,1.68,0.2494,86,73.54,0.3777,0.3682,26.75,32.83,3,6.22,0,1
STR-000506,TreatmentB,B03,95.54,1.8,0.2891,305,34.04,0.2656,0.3577,25.43,25.95,1,8.76,0,0
STR-000507,TreatmentB,B02,90.75,2.0,0.2378,550,47.81,0.4627,0.3682,12.96,26.35,3,7.56,1,1
STR-000508,TreatmentB,B02,112.39,1.03,0.2374,207,57.53,0.5924,0.2165,40.1,39.8,2,10.0,0,0
STR-000509,TreatmentA,B03,115.54,2.28,0.2625,164,49.47,0.3,0.2028,21.0,30.99,1,7.11,0,1
STR-000510,Control,B03,110.18,2.66,0.184,316,87.11,0.5009,0.4634,49.36,24.73,6,5.96,1,1
STR-000511,TreatmentA,B01,141.09,1.91,0.1764,127,107.65,0.4039,0.3035,25.76,27.0,2,8.84,1,0
STR-000512,TreatmentB,B03,94.92,3.44,0.2208,220,63.45,0.3614,0.084,31.54,39.87,0,5.2,0,0
STR-000513,TreatmentA,B02,117.95,1.66,0.158,689,25.36,0.4147,0.2997,40.63,16.68,1,5.44,1,1
STR-000514,TreatmentA,B03,94.08,1.87,0.2379,514,16.81,0.5713,0.2172,26.36,29.17,3,8.88,1,0
STR-000515,Control,B02,105.55,2.17,0.246,277,9.41,0.2499,0.2864,42.81,20.33,2,7.22,1,1
STR-000516,Control,B02,98.27,1.77,0.2687,283,32.56,0.7084,0.4436,28.66,21.41,4,6.05,1,1
STR-000517,TreatmentA,B03,92.55,2.5,0.2283,166,58.45,0.4839,0.3341,32.4,31.03,2,6.54,1,1
STR-000518,Control,B03,106.76,3.18,0.2525,138,56.45,0.564,0.3925,23.03,23.96,4,6.91,0,1
STR-000519,TreatmentA,B03,88.35,3.56,0.2364,249,30.23,0.2831,0.4357,26.77,20.0,4,6.85,0,0
STR-000520,Control,B03,126.42,1.45,0.2377,142,28.88,0.4643,0.2583,44.72,11.56,3,6.39,0,1
STR-000521,TreatmentA,B01,116.54,1.39,0.1951,369,73.87,0.2929,0.2433,80.23,31.15,3,4.24,0,0
STR-000522,TreatmentB,B01,83.23,1.15,0.2176,67,38.93,0.3304,0.359,13.24,35.42,2,9.04,1,0
STR-000523,TreatmentB,B03,115.35,2.45,0.2067,178,24.65,0.567,0.3756,16.27,29.29,2,7.52,1,1
STR-000524,Control,B03,103.18,1.7,0.2438,433,29.35,0.5527,0.3438,42.67,19.81,2,8.55,1,0
STR-000525,TreatmentB,B02,96.57,0.89,0.2567,329,62.67,0.2781,0.458,41.41,21.1,4,4.13,0,0
STR-000526,TreatmentB,B02,105.46,1.46,0.2455,194,28.43,0.2296,0.2339,6.23,26.08,1,5.62,1,0
STR-000527,TreatmentA,B01,84.75,2.06,0.2806,523,31.4,0.1623,0.2974,34.95,34.23,1,5.71,0,1
STR-000528,Control,B02,110.24,2.96,0.2555,513,10.76,0.2676,0.1878,56.64,30.25,2,7.4,0,1
STR-000529,TreatmentB,B02,102.68,1.6,0.1484,495,42.88,0.4846,0.3214,19.46,40.79,2,5.87,1,0
STR-000530,Control,B02,122.68,2.14,0.2066,319,37.36,0.3119,0.4154,57.05,21.12,3,8.15,1,0
STR-000531,TreatmentA,B01,81.76,2.19,0.2875,111,15.58,0.646,0.3395,31.58,30.6,1,5.53,0,1
STR-000532,Control,B01,96.05,2.44,0.189,580,14.24,0.7289,0.3518,39.24,27.62,3,9.03,0,0
STR-000533,Control,B03,100.85,2.42,0.2295,235,22.11,0.2718,0.2096,27.91,15.11,2,8.43,1,1
STR-000534,Control,B02,91.87,2.78,0.3013,291,67.27,0.6507,0.3691,37.16,22.33,3,8.57,0,1
STR-000535,Control,B03,110.23,1.65,0.1762,198,13.49,0.3379,0.434,37.14,10.91,3,9.2,1,0
STR-000536,Control,B02,99.85,1.52,0.2863,270,31.16,0.45,0.2674,59.25,22.64,3,5.57,1,0
STR-000537,Control,B01,89.19,2.2,0.2779,212,17.74,0.3483,0.2238,65.92,23.01,1,5.62,0,1
STR-000538,TreatmentA,B03,108.56,2.19,0.2309,314,60.66,0.3051,0.5325,40.73,32.48,2,6.86,1,0
STR-000539,TreatmentB,B01,106.18,2.63,0.1944,212,35.47,0.372,0.3496,17.58,34.97,2,6.86,1,1
STR-000540,TreatmentA,B01,105.36,1.39,0.1724,471,17.82,0.3799,0.2858,27.02,21.05,6,6.51,1,1
STR-000541,TreatmentA,B01,97.47,2.24,0.2792,145,60.34,0.4356,0.5354,21.86,21.25,3,7.99,0,0
STR-000542,Control,B02,108.78,1.84,0.2058,270,19.84,0.2736,0.3963,32.99,12.42,3,6.82,1,0
STR-000543,TreatmentA,B02,95.77,2.36,0.1742,244,26.54,0.2292,0.3633,35.9,13.96,1,7.28,1,1
STR-000544,Control,B01,106.82,2.5,0.2687,587,38.94,0.176,0.2957,30.53,33.09,1,8.4,0,0
STR-000545,Control,B03,106.01,1.58,0.2185,219,45.59,0.4432,0.3579,33.37,17.57,3,5.35,0,0
STR-000546,Control,B02,88.87,3.83,0.218,122,76.39,0.4754,0.4247,27.42,29.12,4,5.97,1,1
STR-000547,TreatmentA,B03,112.35,1.62,0.2132,174,37.48,0.2311,0.3644,37.43,30.0,0,4.85,1,0
STR-000548,TreatmentB,B03,109.31,3.24,0.2546,464,12.83,0.3642,0.3627,83.51,33.52,5,7.26,0,1
STR-000549,TreatmentA,B03,78.93,1.55,0.2081,257,91.29,0.3876,0.1406,95.26,13.36,1,5.99,1,0
STR-000550,TreatmentB,B03,64.81,1.34,0.2119,740,25.45,0.5852,0.4249,13.1,22.18,0,7.16,1,1
STR-000551,Control,B03,101.76,1.53,0.1978,130,39.07,0.3317,0.4634,23.38,24.38,3,4.14,1,0
STR-000552,TreatmentB,B01,114.94,0.71,0.1727,267,48.07,0.3395,0.4936,24.06,18.12,4,6.16,1,0
STR-000553,Control,B03,129.1,2.33,0.2537,159,34.0,0.4812,0.2874,84.84,17.48,4,8.05,0,1
STR-000554,Control,B02,96.26,2.39,0.2687,399,26.52,0.5117,0.5397,29.64,30.03,1,5.63,1,1
STR-000555,Control,B03,81.61,2.62,0.253,347,30.65,0.3872,0.5139,42.68,19.52,2,7.37,0,1
STR-000556,TreatmentB,B01,119.82,1.47,0.1921,303,102.07,0.5475,0.3272,23.41,37.48,2,6.71,1,1
STR-000557,TreatmentB,B03,85.52,3.0,0.248,214,20.36,0.505,0.2046,3.63,22.29,1,7.14,1,0
STR-000558,TreatmentB,B01,130.46,1.08,0.223,337,80.22,0.3713,0.5876,5.23,21.13,3,7.19,1,1
STR-000559,Control,B02,94.85,1.86,0.2467,153,14.11,0.5616,0.2381,31.96,14.38,2,1.68,1,0
STR-000560,TreatmentA,B01,100.53,0.94,0.177,529,20.26,0.2877,0.2856,70.3,11.44,2,9.15,1,0
STR-000561,TreatmentB,B03,84.14,1.23,0.2539,503,44.38,0.0802,0.6255,16.41,18.3,2,6.67,1,0
STR-000562,TreatmentA,B02,75.88,3.21,0.222,111,30.19,0.2004,0.2117,49.2,12.03,3,6.61,0,1
STR-000563,Control,B02,85.1,2.74,0.2378,166,68.86,0.4284,0.5095,31.39,28.74,0,8.61,0,0
STR-000564,TreatmentA,B02,96.0,1.74,0.2478,430,19.75,0.5707,0.1916,27.32,18.27,1,5.7,0,0
STR-000565,TreatmentA,B01,98.87,2.52,0.2899,331,27.56,0.4386,0.4082,24.22,27.99,0,4.73,0,1
STR-000566,TreatmentB,B01,76.81,2.26,0.2371,193,29.58,0.5155,0.2385,21.73,21.16,3,8.72,1,0
STR-000567,Control,B02,103.71,2.61,0.2736,173,51.89,0.5231,0.3824,22.99,26.12,3,5.65,0,1
STR-000568,TreatmentB,B02,98.97,2.26,0.2083,590,73.51,0.3302,0.3315,65.57,25.46,1,7.17,1,0
STR-000569,Control,B01,84.82,1.94,0.2555,258,52.97,0.2346,0.2673,41.7,20.6,2,7.84,0,1
STR-000570,TreatmentB,B03,93.7,1.87,0.2899,372,23.91,0.4311,0.2431,18.81,20.75,1,8.26,1,0
STR-000571,Control,B03,98.86,4.06,0.2338,107,78.37,0.3371,0.2384,57.65,21.38,3,7.16,0,1
STR-000572,TreatmentB,B02,77.27,1.18,0.1765,199,29.77,0.3896,0.2487,26.33,24.21,0,7.29,1,1
STR-000573,Control,B02,105.45,1.65,0.2151,223,89.33,0.4438,0.3492,64.42,18.01,3,7.08,1,1
STR-000574,TreatmentA,B03,111.23,1.97,0.2715,329,14.87,0.5099,0.5788,97.35,21.29,2,6.45,0,1
STR-000575,TreatmentB,B03,101.15,2.02,0.1965,172,11.7,0.5076,0.3281,38.53,30.7,1,6.3,1,1
STR-000576,Control,B03,85.38,1.46,0.2175,217,8.14,0.318,0.1579,54.98,20.6,1,4.65,1,1
STR-000577,TreatmentB,B02,120.94,1.34,0.2397,149,8.17,0.4054,0.2426,22.58,23.73,3,11.66,1,0
STR-000578,Control,B01,96.53,2.26,0.2136,402,15.1,0.3918,0.4247,45.59,20.65,7,7.52,0,1
STR-000579,Control,B01,129.43,2.05,0.1921,279,16.35,0.4894,0.3501,49.42,27.97,2,6.48,1,1
STR-000580,TreatmentA,B02,105.32,1.54,0.1669,83,24.94,0.4731,0.4351,55.74,27.89,1,4.66,1,1
STR-000581,Control,B01,80.25,2.73,0.2387,250,33.88,0.2216,0.4697,57.11,20.14,1,6.76,0,0
STR-000582,TreatmentB,B03,91.61,1.15,0.2581,217,30.05,0.5358,0.4318,17.82,20.26,2,6.5,0,1
STR-000583,TreatmentB,B03,118.38,1.41,0.2446,382,167.53,0.3638,0.3121,12.51,20.34,3,5.48,1,0
STR-000584,TreatmentA,B03,99.55,1.99,0.2445,125,11.59,0.4091,0.3641,37.04,33.73,0,6.54,1,1
STR-000585,TreatmentA,B02,105.08,1.76,0.2009,327,27.55,0.2293,0.1011,60.12,17.94,3,8.54,1,1
STR-000586,TreatmentA,B03,90.81,3.1,0.2031,210,38.55,0.421,0.5308,32.87,23.14,4,7.19,0,1
STR-000587,TreatmentB,B03,114.62,1.36,0.2558,279,74.66,0.3735,0.1591,18.75,32.96,5,9.02,0,0
STR-000588,TreatmentB,B03,94.17,1.55,0.2613,152,22.61,0.3817,0.2998,52.86,23.73,2,7.69,0,1
STR-000589,Control,B01,113.57,3.3,0.2639,228,23.69,0.3179,0.3256,38.34,30.19,4,6.37,0,1
STR-000590,Control,B01,110.45,2.92,0.2954,504,41.33,0.1232,0.3685,70.93,27.86,4,5.94,0,1
STR-000591,TreatmentA,B02,90.97,1.41,0.1995,399,15.78,0.5942,0.2256,44.72,21.34,1,5.2,1,1
STR-000592,Control,B01,105.98,3.04,0.2036,442,45.97,0.4315,0.5431,53.02,22.76,1,7.41,0,1
STR-000593,TreatmentA,B03,131.65,1.19,0.2245,476,28.83,0.663,0.4268,19.39,34.62,0,7.91,1,1
STR-000594,TreatmentA,B02,99.76,2.74,0.2197,124,31.88,0.4033,0.1889,31.42,27.66,2,5.56,0,0
STR-000595,Control,B01,122.73,2.45,0.3156,207,79.12,0.5381,0.3576,26.35,23.97,5,8.54,0,1
STR-000596,Control,B03,133.05,3.23,0.2114,257,33.6,0.3994,0.3121,54.77,31.77,1,6.54,0,1
STR-000597,TreatmentA,B02,84.5,1.77,0.1898,281,57.64,0.4457,0.2727,38.33,31.85,1,8.66,1,0
STR-000598,Control,B02,94.11,3.61,0.2314,72,119.27,0.3316,0.1176,56.8,24.83,2,7.63,0,1
STR-000599,TreatmentB,B01,110.17,3.36,0.2123,882,28.04,0.289,0.2862,41.78,15.48,0,8.57,0,0
STR-000600,Control,B02,112.06,1.82,0.2474,133,22.92,0.2497,0.2695,51.53,22.77,2,7.52,1,1
STR-000601,Control,B03,114.23,1.12,0.2218,882,26.99,0.4037,0.2469,35.99,32.38,0,7.2,1,1
STR-000602,Control,B01,89.66,4.04,0.2768,366,21.76,0.1806,0.1627,68.52,9.72,1,6.07,0,1
STR-000603,TreatmentB,B02,80.37,1.63,0.2758,167,16.92,0.3876,0.2935,18.12,25.97,1,4.77,1,0
STR-000604,TreatmentB,B01,84.06,2.95,0.2878,436,18.32,0.7377,0.3367,36.33,24.02,2,5.69,0,0
STR-000605,Control,B02,90.62,2.53,0.2207,694,50.71,0.4453,0.223,58.62,33.9,1,8.73,0,0
STR-000606,TreatmentB,B03,102.93,0.93,0.2484,149,52.89,0.4226,0.227,13.63,27.18,2,5.8,1,1
STR-000607,TreatmentB,B02,92.71,1.23,0.2318,271,31.81,0.0765,0.1763,11.18,28.47,2,7.34,1,1
STR-000608,TreatmentB,B01,110.23,0.79,0.2003,262,12.96,0.3558,0.3427,10.17,22.23,2,8.43,1,0
STR-000609,TreatmentB,B02,98.39,1.9,0.2031,506,28.98,0.5386,0.5196,41.94,31.58,3,4.82,1,1
STR-000610,Control,B03,71.63,2.48,0.2585,693,32.08,0.5285,0.2236,23.24,18.36,3,6.13,0,0
STR-000611,TreatmentB,B01,86.53,1.52,0.2563,195,18.71,0.2673,0.2273,52.81,18.65,2,6.73,1,0
STR-000612,Control,B01,115.81,3.19,0.1719,485,11.77,0.3732,0.1724,57.93,28.26,0,7.14,0,1
STR-000613,TreatmentA,B03,110.7,1.25,0.2281,253,13.38,0.32,0.3393,101.46,29.03,5,7.86,0,0
STR-000614,TreatmentA,B01,81.16,1.64,0.2341,192,33.77,0.5409,0.3281,18.29,24.75,4,4.14,0,1
STR-000615,TreatmentA,B03,101.26,1.45,0.2122,170,21.09,0.4752,0.3043,31.56,26.49,2,4.85,1,0
STR-000616,Control,B02,102.01,2.15,0.2236,443,96.61,0.677,0.1967,45.84,28.59,4,6.88,0,0
STR-000617,Control,B03,105.78,2.32,0.2085,443,64.0,0.743,0.1844,33.36,27.65,1,6.31,1,0
STR-000618,Control,B03,97.87,3.13,0.2643,229,41.27,0.4499,0.2501,30.93,30.39,4,5.46,0,0
STR-000619,Control,B02,92.05,1.81,0.2872,222,58.92,0.3486,0.4205,81.53,27.32,5,7.02,0,1
STR-000620,Control,B02,104.08,2.99,0.2105,261,117.4,0.5287,0.2033,27.76,34.42,4,7.05,0,0
STR-000621,TreatmentB,B02,124.71,1.56,0.2579,595,22.56,0.4472,0.3944,78.51,22.32,1,4.7,0,0
STR-000622,Control,B02,91.08,1.38,0.2352,1382,87.0,0.2605,0.1857,30.02,30.59,3,8.46,1,1
STR-000623,TreatmentA,B02,130.78,3.71,0.2313,382,49.7,0.6712,0.4636,46.26,27.74,2,8.59,0,1
STR-000624,Control,B01,115.05,1.9,0.1681,968,17.62,0.6235,0.3099,47.89,30.9,3,7.26,0,1
STR-000625,TreatmentB,B01,86.9,3.49,0.2247,1035,28.67,0.5061,0.2384,31.31,28.21,2,3.01,0,0
STR-000626,TreatmentA,B02,72.18,2.08,0.2288,276,23.66,0.5542,0.3841,22.4,19.79,0,7.23,0,1
STR-000627,TreatmentA,B01,91.8,1.63,0.2098,209,60.1,0.2779,0.3275,23.0,38.74,2,7.02,1,0
STR-000628,TreatmentB,B02,114.68,1.3,0.2106,482,36.85,0.4744,0.3588,29.2,19.97,2,8.22,1,0
STR-000629,Control,B03,85.23,2.09,0.2338,150,29.38,0.4143,0.4435,44.88,24.65,2,7.53,0,1
STR-000630,TreatmentB,B03,103.09,2.08,0.1774,592,16.9,0.4245,0.1233,19.89,24.16,8,8.44,1,0
STR-000631,TreatmentA,B03,94.52,2.19,0.2489,615,9.71,0.3303,0.4594,56.56,11.14,1,7.64,0,1
STR-000632,TreatmentA,B03,105.4,2.44,0.295,159,37.65,0.4519,0.2485,68.7,21.77,3,6.57,0,1
STR-000633,TreatmentA,B02,122.34,1.0,0.2298,471,24.08,0.5944,0.5428,32.15,21.92,2,6.48,1,1
STR-000634,TreatmentA,B01,94.09,1.42,0.2306,427,115.14,0.4577,0.5434,49.22,21.08,1,7.97,1,1
STR-000635,TreatmentA,B03,88.29,2.43,0.2814,181,36.86,0.3149,0.3572,33.98,20.05,2,6.89,1,0
STR-000636,TreatmentB,B01,130.1,1.43,0.2038,1063,178.91,0.3052,0.64,48.37,31.24,1,6.72,1,0
STR-000637,Control,B01,85.6,2.56,0.2107,260,38.4,0.4549,0.3312,60.3,14.62,3,4.99,0,0
STR-000638,TreatmentB,B01,58.22,0.79,0.2801,453,54.3,0.2455,0.2372,15.79,27.95,1,6.64,1,1
STR-000639,TreatmentB,B02,109.27,0.88,0.2136,261,45.12,0.4806,0.2171,44.07,18.96,1,7.95,1,0
STR-000640,TreatmentB,B03,102.61,1.17,0.2247,104,70.14,0.3234,0.2985,27.04,33.42,1,9.01,1,0
STR-000641,TreatmentA,B03,77.9,1.75,0.1983,405,15.6,0.5937,0.2681,37.43,16.32,2,7.27,1,1
STR-000642,TreatmentB,B02,86.44,1.21,0.2767,528,49.65,0.3399,0.2003,31.14,24.52,1,6.88,0,1
STR-000643,TreatmentA,B01,112.48,1.6,0.2284,260,34.63,0.3433,0.1835,52.1,25.15,1,8.28,1,1
STR-000644,TreatmentB,B01,115.72,1.07,0.286,205,12.35,0.476,0.573,35.97,14.51,2,4.78,0,1
STR-000645,TreatmentA,B03,96.34,1.33,0.1859,611,19.96,0.4991,0.1762,36.72,16.91,4,7.95,1,1
STR-000646,TreatmentA,B01,64.96,0.96,0.2676,96,18.71,0.6571,0.1991,32.16,21.32,1,7.74,1,1
STR-000647,TreatmentB,B01,112.63,1.46,0.2502,220,39.22,0.4305,0.2058,4.37,28.29,3,5.35,1,0
STR-000648,Control,B01,114.77,1.77,0.2399,377,8.73,0.5008,0.2162,36.33,24.43,5,7.22,1,1
STR-000649,TreatmentA,B03,101.81,2.67,0.2753,211,53.52,0.3639,0.5014,25.25,22.62,2,5.39,0,1
STR-000650,Control,B03,106.24,2.79,0.2372,373,53.85,0.4513,0.3861,56.95,22.96,2,5.78,0,1
STR-000651,Control,B01,90.64,2.49,0.2332,246,78.85,0.2806,0.2342,35.07,15.96,7,9.07,0,1
STR-000652,Control,B03,81.51,1.82,0.2295,412,25.52,0.3031,0.1839,50.03,22.33,4,8.51,1,1
STR-000653,TreatmentA,B02,125.65,1.95,0.2803,357,68.78,0.3758,0.2416,40.62,23.8,3,6.67,0,1
STR-000654,TreatmentB,B03,116.7,1.11,0.2237,232,17.34,0.3617,0.2896,16.17,26.43,1,8.78,1,0
STR-000655,TreatmentA,B02,90.99,1.47,0.2331,726,58.15,0.375,0.3285,20.59,25.11,2,8.26,1,0
STR-000656,Control,B02,107.32,2.34,0.1904,337,11.45,0.4495,0.1478,40.3,19.32,4,7.86,1,0
STR-000657,Control,B01,95.16,1.94,0.2055,204,19.7,0.4025,0.3058,30.84,24.43,3,6.57,1,1
STR-000658,Control,B02,92.13,1.79,0.2465,245,9.26,0.4712,0.1818,45.67,25.63,4,7.18,0,1
STR-000659,TreatmentA,B01,104.74,2.64,0.2068,129,39.09,0.3968,0.3207,31.89,31.45,1,3.55,0,1
STR-000660,TreatmentB,B03,111.4,2.28,0.1862,193,36.01,0.562,0.1488,20.9,26.71,3,6.46,1,1
STR-000661,TreatmentB,B02,93.06,0.97,0.2367,342,136.38,0.3876,0.1442,40.4,32.34,0,8.8,1,0
STR-000662,TreatmentA,B02,92.94,1.33,0.2476,573,24.6,0.3482,0.5228,51.75,28.02,3,6.91,1,1
STR-000663,Control,B03,103.95,2.32,0.2543,189,29.63,0.3915,0.4898,25.1,33.1,2,9.22,0,0
STR-000664,Control,B01,103.89,3.32,0.3034,298,27.39,0.5584,0.2879,59.6,16.29,3,7.52,0,0
STR-000665,TreatmentB,B02,92.52,1.36,0.2433,195,72.52,0.391,0.2123,48.71,27.16,0,8.31,0,1
STR-000666,TreatmentB,B02,100.69,4.19,0.2502,270,19.18,0.3699,0.2717,14.77,20.19,3,8.83,0,0
STR-000667,TreatmentA,B01,104.57,2.09,0.3046,375,43.33,0.3509,0.165,50.01,27.72,7,8.59,0,1
STR-000668,Control,B02,84.84,2.41,0.1789,365,51.3,0.5892,0.3208,46.05,6.0,2,8.37,0,0
STR-000669,TreatmentB,B01,124.58,2.17,0.1942,182,35.95,0.3939,0.4314,38.36,19.05,3,4.89,0,0
STR-000670,TreatmentB,B03,110.96,2.37,0.235,1422,35.72,0.2282,0.2825,38.52,26.49,3,7.7,0,1
STR-000671,Control,B03,92.05,2.09,0.2637,166,33.89,0.4795,0.1434,40.77,23.99,1,4.32,0,0
STR-000672,TreatmentA,B01,84.2,1.06,0.2854,905,15.37,0.3489,0.2599,38.01,27.89,1,5.94,0,0
STR-000673,TreatmentB,B02,116.71,1.96,0.2176,204,26.65,0.1822,0.6795,31.95,21.35,4,5.6,1,0
STR-000674,TreatmentA,B03,80.99,1.0,0.2681,492,65.35,0.4968,0.385,27.75,25.65,3,6.04,1,1
STR-000675,Control,B03,79.65,2.12,0.16,258,22.79,0.5653,0.3962,25.66,20.79,2,9.72,1,0
STR-000676,Control,B03,102.19,1.63,0.2472,243,42.94,0.3232,0.3428,27.96,21.41,5,8.05,1,0
STR-000677,TreatmentA,B03,114.54,1.55,0.2059,582,40.26,0.5254,0.2318,28.79,40.12,2,5.42,1,0
STR-000678,TreatmentB,B03,89.09,1.86,0.1953,86,107.84,0.4597,0.1432,30.12,27.82,2,7.21,1,0
STR-000679,TreatmentA,B02,76.34,1.9,0.307,135,41.31,0.5269,0.3212,35.39,17.66,4,7.96,0,0
STR-000680,Control,B01,103.96,1.89,0.2218,230,33.72,0.4853,0.2907,27.06,28.64,3,8.2,1,0
STR-000681,TreatmentB,B03,95.44,1.52,0.2156,168,26.1,0.2273,0.3301,54.09,24.52,2,7.25,1,1
STR-000682,Control,B01,102.68,2.65,0.2213,452,31.9,0.3203,0.2614,68.62,30.66,2,5.04,0,0
STR-000683,Control,B03,74.66,2.94,0.1988,438,24.06,0.5675,0.3702,59.49,33.04,2,7.57,0,1
STR-000684,TreatmentA,B01,107.98,1.11,0.2113,171,13.51,0.4378,0.1958,110.87,24.73,3,7.43,0,1
STR-000685,TreatmentB,B03,101.23,0.83,0.2312,117,69.75,0.1699,0.4219,33.17,22.55,2,6.98,1,0
STR-000686,TreatmentB,B02,95.1,0.8,0.2606,265,17.52,0.5134,0.1283,46.26,35.32,1,5.12,0,0
STR-000687,Control,B01,89.68,2.31,0.1858,166,29.36,0.6067,0.6048,42.88,23.15,3,6.68,1,1
STR-000688,TreatmentA,B01,91.75,1.51,0.2573,166,39.26,0.3986,0.0701,22.26,26.66,3,6.95,0,1
STR-000689,TreatmentA,B02,85.77,2.6,0.2333,498,12.92,0.7292,0.1372,21.85,16.47,4,6.6,1,0
STR-000690,TreatmentA,B02,105.75,1.33,0.1763,314,61.24,0.4577,0.2128,57.71,21.63,1,7.64,1,0
STR-000691,TreatmentA,B02,95.53,2.56,0.212,241,43.03,0.4413,0.3623,40.1,28.47,2,8.97,0,1
STR-000692,TreatmentA,B01,90.48,1.33,0.2663,202,45.21,0.405,0.3526,89.7,27.33,1,8.03,0,0
STR-000693,TreatmentB,B01,114.76,0.92,0.2164,378,12.56,0.453,0.3276,19.53,24.92,7,5.97,1,0
STR-000694,TreatmentB,B02,100.61,1.03,0.2156,190,192.2,0.5678,0.3767,21.56,28.8,2,8.44,1,1
STR-000695,TreatmentA,B03,90.65,2.01,0.2104,319,38.71,0.324,0.3651,51.58,25.89,3,6.07,0,1
STR-000696,TreatmentB,B02,95.13,2.31,0.3021,302,31.42,0.5406,0.646,14.35,21.87,2,5.24,0,1
STR-000697,TreatmentA,B02,86.12,2.58,0.2627,163,75.85,0.2608,0.1759,25.71,27.79,1,7.06,0,1
STR-000698,TreatmentA,B02,68.11,0.96,0.2637,335,33.37,0.2254,0.2146,52.43,23.41,3,9.03,1,0
STR-000699,TreatmentA,B01,113.14,1.64,0.2531,191,19.67,0.3392,0.511,28.75,25.22,3,8.15,0,0
STR-000700,Control,B03,67.17,1.48,0.2534,406,92.89,0.5256,0.5919,40.14,30.29,3,5.65,1,1
STR-000701,TreatmentB,B03,90.4,2.1,0.234,168,25.2,0.2245,0.3972,28.9,19.32,5,4.79,1,0
STR-000702,TreatmentB,B03,108.77,0.96,0.1927,207,37.01,0.5723,0.2745,24.28,25.75,1,6.99,1,0
STR-000703,TreatmentA,B01,114.65,1.64,0.2432,507,25.38,0.6446,0.2948,43.47,17.82,2,6.79,1,1
STR-000704,TreatmentB,B02,86.53,2.03,0.271,163,36.88,0.5597,0.3864,59.49,35.68,2,6.55,0,1
STR-000705,TreatmentA,B03,80.36,1.76,0.1593,665,22.81,0.3973,0.2978,73.02,18.26,2,7.38,1,1
STR-000706,TreatmentB,B01,113.72,1.59,0.2359,259,11.37,0.1758,0.2921,48.41,26.77,3,7.0,0,1
STR-000707,TreatmentB,B02,95.61,0.96,0.241,720,9.04,0.485,0.2332,17.51,20.29,4,7.15,1,0
STR-000708,Control,B02,112.97,1.6,0.2754,463,48.72,0.4841,0.3038,35.75,28.06,3,9.41,0,0
STR-000709,TreatmentA,B02,89.52,1.31,0.1696,407,38.43,0.6006,0.2271,56.58,35.94,2,7.46,1,0
STR-000710,Control,B02,90.84,2.3,0.3024,638,15.18,0.2872,0.2325,67.57,21.5,3,7.17,0,1
STR-000711,TreatmentB,B01,113.93,2.89,0.2535,253,53.2,0.3814,0.4049,35.64,32.76,3,6.91,0,0
STR-000712,TreatmentB,B01,108.75,1.79,0.2056,708,38.45,0.312,0.2723,21.63,23.7,4,6.28,1,1
STR-000713,TreatmentA,B02,118.03,2.06,0.3039,188,11.74,0.5648,0.1243,35.31,18.6,1,9.48,0,0
STR-000714,TreatmentB,B01,82.98,3.4,0.2241,239,13.8,0.3216,0.406,26.79,19.58,1,4.71,1,0
STR-000715,Control,B03,93.87,2.99,0.1534,217,17.73,0.5845,0.5592,42.24,20.39,1,4.42,1,1
STR-000716,TreatmentB,B02,95.15,2.37,0.2591,207,19.34,0.5044,0.3658,42.03,34.58,1,7.42,0,1
STR-000717,TreatmentB,B03,99.04,1.1,0.2304,346,98.58,0.2817,0.394,17.59,40.23,1,6.1,1,0
STR-000718,TreatmentA,B01,74.78,2.33,0.2942,288,58.56,0.3034,0.2991,25.95,11.05,4,3.79,0,0
STR-000719,Control,B02,95.75,1.56,0.2272,191,19.15,0.2764,0.1583,35.98,15.88,5,5.6,1,1
STR-000720,TreatmentB,B01,100.08,0.76,0.2379,199,17.29,0.4552,0.5427,117.52,24.48,3,6.75,0,1
STR-000721,TreatmentA,B03,74.26,1.76,0.2333,159,65.18,0.5892,0.3013,18.35,24.54,3,6.3,0,1
STR-000722,TreatmentB,B02,137.87,1.74,0.1709,507,16.13,0.3686,0.4573,16.7,35.82,4,5.84,1,0
STR-000723,TreatmentA,B01,79.54,1.84,0.3165,112,17.3,0.4924,0.1448,61.22,22.62,2,6.88,1,1
STR-000724,Control,B01,86.33,2.23,0.2405,134,16.93,0.2488,0.6101,33.59,25.21,0,5.9,1,0
STR-000725,TreatmentA,B02,83.92,2.66,0.1722,782,21.01,0.3372,0.3178,19.2,25.11,1,7.55,1,0
STR-000726,Control,B02,101.25,1.92,0.2443,568,27.62,0.3119,0.177,38.92,13.08,1,6.47,1,1
STR-000727,Control,B01,119.12,3.6,0.2204,331,32.07,0.3924,0.1156,43.34,19.73,1,5.95,0,1
STR-000728,Control,B03,94.33,2.2,0.2888,413,22.65,0.2818,0.4314,47.53,18.07,3,3.18,0,0
STR-000729,TreatmentA,B02,72.4,2.13,0.3067,978,30.49,0.2217,0.3137,50.05,25.3,0,6.39,0,1
STR-000730,Control,B02,79.29,2.75,0.2116,135,50.52,0.4715,0.3975,78.15,23.14,2,7.15,1,1
STR-000731,TreatmentB,B02,109.77,1.58,0.1682,310,38.01,0.4207,0.0914,22.63,26.38,1,5.68,1,1
STR-000732,TreatmentB,B01,111.4,1.5,0.263,787,19.99,0.4905,0.3132,29.34,20.57,2,5.19,0,0
STR-000733,TreatmentA,B02,101.2,1.47,0.1929,360,29.05,0.5212,0.4278,20.72,36.33,5,7.19,1,1
STR-000734,TreatmentB,B02,106.73,0.85,0.2218,192,52.05,0.2482,0.4495,25.55,23.54,0,4.75,1,0
STR-000735,TreatmentA,B03,99.08,1.65,0.2165,113,39.64,0.3394,0.1399,30.21,25.86,1,4.83,1,1
STR-000736,TreatmentA,B02,97.01,1.63,0.1805,271,49.26,0.5236,0.4672,20.1,17.65,4,9.63,0,0
STR-000737,TreatmentB,B02,127.18,1.21,0.2582,221,42.24,0.5279,0.397,20.89,12.16,5,9.52,1,1
STR-000738,TreatmentA,B03,96.46,1.49,0.2443,105,41.41,0.4118,0.5094,72.7,26.48,3,5.38,1,0
STR-000739,Control,B01,111.25,3.29,0.223,347,16.44,0.3701,0.1904,85.71,9.46,2,6.28,0,1
STR-000740,Control,B03,100.99,2.93,0.2301,181,56.96,0.5025,0.2958,27.48,31.79,0,7.77,0,1
STR-000741,TreatmentA,B02,114.08,2.43,0.2424,101,24.68,0.5101,0.3387,24.1,30.31,6,6.23,1,1
STR-000742,TreatmentA,B03,109.22,1.88,0.2602,288,73.9,0.5397,0.0812,34.99,23.54,1,6.79,0,0
STR-000743,TreatmentA,B02,87.06,1.68,0.2221,469,95.97,0.6017,0.2472,37.51,16.83,5,7.79,1,1
STR-000744,TreatmentA,B02,116.32,1.27,0.2162,276,95.63,0.4785,0.1919,53.15,31.08,2,6.15,1,0
STR-000745,TreatmentA,B03,102.78,2.31,0.2873,341,61.55,0.3691,0.2557,12.9,26.5,3,5.19,0,0
STR-000746,TreatmentB,B03,120.03,2.38,0.2541,161,36.15,0.3576,0.6217,4.73,37.16,2,7.53,0,1
STR-000747,Control,B03,102.71,2.53,0.2163,701,23.37,0.4943,0.4071,65.91,13.34,2,10.16,1,0
STR-000748,Control,B01,113.04,1.57,0.1942,366,23.66,0.6306,0.2116,28.56,21.7,2,8.37,1,0
STR-000749,Control,B03,93.91,2.59,0.2853,274,22.35,0.4838,0.2558,35.15,26.58,4,7.47,0,1
STR-000750,TreatmentB,B02,114.71,0.77,0.2264,213,74.28,0.26,0.2675,8.6,13.13,2,7.15,1,1
STR-000751,TreatmentB,B01,110.84,1.1,0.2542,825,47.47,0.5827,0.188,34.18,18.09,6,7.86,1,0
STR-000752,TreatmentB,B02,105.41,0.86,0.2444,384,66.58,0.5144,0.2959,27.59,20.49,2,8.16,1,0
STR-000753,Control,B01,66.76,1.75,0.2177,420,18.43,0.6711,0.1507,64.89,22.33,3,6.38,0,0
STR-000754,TreatmentB,B02,94.71,0.66,0.1539,199,43.95,0.4845,0.555,25.27,18.58,2,4.9,1,1
STR-000755,Control,B02,98.43,1.65,0.2292,78,33.0,0.4045,0.2591,42.93,27.95,3,9.78,1,0
STR-000756,TreatmentB,B01,75.11,1.51,0.1878,175,128.47,0.2882,0.2269,20.59,25.62,3,5.46,1,1
STR-000757,TreatmentB,B02,82.71,1.39,0.2739,247,34.51,0.3228,0.261,39.99,19.48,4,6.29,0,1
STR-000758,Control,B01,107.21,2.42,0.2061,100,17.9,0.3842,0.1214,69.01,16.12,1,4.95,0,0
STR-000759,TreatmentB,B03,107.71,0.99,0.1812,245,35.4,0.2239,0.4199,14.91,26.23,0,5.94,1,0
STR-000760,TreatmentB,B01,82.84,1.84,0.1969,654,33.2,0.2499,0.2952,33.29,30.18,4,7.5,1,1
STR-000761,TreatmentB,B02,112.62,2.56,0.2497,157,31.94,0.6799,0.3913,13.07,29.35,2,4.84,0,1
STR-000762,TreatmentB,B03,101.58,1.72,0.2287,664,19.62,0.3797,0.2092,8.48,18.59,3,5.37,0,0
STR-000763,Control,B03,140.23,2.63,0.1735,337,28.32,0.4943,0.2592,83.36,20.28,3,8.3,1,0
STR-000764,TreatmentA,B01,112.88,1.54,0.2216,227,40.71,0.4345,0.2494,14.38,34.85,3,5.6,1,0
STR-000765,TreatmentA,B02,112.99,3.1,0.2683,466,95.7,0.2206,0.257,27.37,20.79,2,6.26,0,1
STR-000766,TreatmentA,B02,109.44,2.78,0.2483,435,87.06,0.3101,0.1299,21.55,27.25,4,7.78,0,1
STR-000767,TreatmentB,B03,74.54,0.95,0.1938,112,41.93,0.5186,0.42,30.65,13.11,2,6.92,1,1
STR-000768,Control,B03,117.69,2.35,0.2693,173,57.74,0.4076,0.2698,70.56,20.21,1,7.89,0,1
STR-000769,TreatmentB,B01,112.81,2.63,0.2369,244,32.84,0.4899,0.2952,22.0,21.48,1,8.34,0,0
STR-000770,Control,B03,78.44,3.4,0.241,198,12.28,0.4767,0.2166,39.9,29.96,1,4.73,0,0
STR-000771,Control,B02,99.15,1.42,0.1888,243,40.38,0.4722,0.1682,117.07,23.29,2,7.97,0,0
STR-000772,TreatmentA,B03,83.25,1.33,0.3122,288,35.04,0.5454,0.2563,9.68,24.34,1,7.61,0,1
STR-000773,TreatmentA,B01,96.08,1.74,0.1964,364,20.53,0.3806,0.3982,43.22,14.9,5,5.59,0,0
STR-000774,TreatmentA,B01,96.69,1.47,0.2436,340,19.66,0.4826,0.1962,70.94,25.4,1,6.54,1,1
STR-000775,TreatmentB,B02,103.34,2.9,0.2541,201,23.22,0.5942,0.4675,11.78,33.53,4,6.24,0,1
STR-000776,Control,B02,81.5,2.97,0.2425,222,31.43,0.3584,0.294,28.43,29.99,1,6.08,0,1
STR-000777,Control,B03,124.74,2.22,0.2263,237,14.99,0.2032,0.1806,41.67,30.22,0,6.64,1,1
STR-000778,TreatmentA,B02,135.56,1.83,0.2775,330,20.86,0.5552,0.146,40.61,25.83,4,6.37,0,0
STR-000779,Control,B02,82.48,1.66,0.2998,440,29.75,0.4615,0.3088,34.62,25.44,4,8.35,1,0
STR-000780,TreatmentA,B01,103.5,2.97,0.2074,1397,40.83,0.3411,0.215,59.12,32.88,1,8.17,0,1
STR-000781,TreatmentA,B01,81.32,1.61,0.2272,164,59.44,0.7362,0.2532,20.29,30.29,4,8.17,1,0
STR-000782,TreatmentA,B03,95.75,2.14,0.1906,216,14.11,0.4055,0.3581,40.61,15.36,2,7.25,0,1
STR-000783,TreatmentB,B01,84.37,1.49,0.2476,109,25.01,0.3077,0.3091,38.05,24.7,4,5.99,1,1
STR-000784,TreatmentB,B01,119.51,0.7,0.2215,264,32.25,0.1834,0.441,51.93,21.58,1,5.96,1,0
STR-000785,TreatmentA,B02,107.51,2.12,0.2598,158,114.76,0.4224,0.3403,16.36,26.33,3,9.28,0,0
STR-000786,TreatmentB,B03,83.28,1.36,0.1933,391,50.0,0.3244,0.3483,19.15,26.26,3,8.44,0,1
STR-000787,TreatmentA,B01,124.62,1.41,0.2899,326,38.73,0.2869,0.3049,97.77,10.35,0,6.94,0,1
STR-000788,TreatmentA,B01,89.71,1.15,0.2763,237,11.27,0.3725,0.3315,38.55,26.15,4,8.0,1,1
STR-000789,Control,B02,94.19,2.78,0.2649,400,15.82,0.3767,0.4089,28.74,20.74,2,7.33,0,0
STR-000790,TreatmentB,B01,110.49,1.44,0.2401,162,32.16,0.4294,0.4563,32.98,34.13,4,6.64,1,1
STR-000791,TreatmentA,B01,90.23,2.78,0.1576,177,19.81,0.6601,0.1716,18.93,26.51,5,5.32,1,0
STR-000792,TreatmentB,B02,86.19,2.2,0.193,284,13.26,0.3796,0.4658,50.81,16.48,2,7.59,1,1
STR-000793,Control,B01,119.32,2.25,0.278,458,23.44,0.4993,0.2351,60.21,17.57,1,6.75,1,0
STR-000794,TreatmentB,B03,121.67,1.16,0.2043,518,105.2,0.1933,0.4655,15.41,28.49,1,8.46,1,0
STR-000795,TreatmentB,B01,100.13,1.13,0.2901,353,45.33,0.5272,0.1827,42.47,27.19,2,8.56,1,0
STR-000796,Control,B02,98.31,2.05,0.2643,976,47.02,0.3526,0.5107,36.68,24.12,1,7.94,0,1
STR-000797,TreatmentA,B01,96.91,1.95,0.208,398,14.8,0.8409,0.1243,57.97,28.05,2,7.74,0,0
STR-000798,TreatmentB,B01,89.6,2.06,0.2459,217,63.79,0.3461,0.1728,29.64,25.85,2,8.48,0,0
STR-000799,TreatmentA,B01,128.06,2.82,0.2402,256,34.98,0.431,0.3733,63.03,21.6,1,6.91,0,1
STR-000800,TreatmentB,B01,79.15,1.25,0.2517,169,23.99,0.6078,0.2382,30.9,18.71,1,5.83,1,0
STR-000801,TreatmentB,B03,84.8,1.84,0.208,151,14.55,0.3885,0.278,21.91,34.14,6,8.33,1,0
STR-000802,TreatmentA,B01,96.95,1.47,0.293,251,40.78,0.5795,0.3474,17.41,30.65,3,7.71,0,1
STR-000803,TreatmentA,B01,116.64,1.76,0.2686,286,25.98,0.4262,0.5755,39.67,13.15,4,7.96,0,0
STR-000804,TreatmentA,B01,117.45,1.36,0.1824,710,34.22,0.3009,0.1849,46.16,25.15,1,6.77,1,1
STR-000805,TreatmentB,B03,91.14,1.36,0.2342,130,47.98,0.464,0.4556,47.28,27.0,3,7.02,1,1
STR-000806,TreatmentA,B01,88.67,1.12,0.2425,271,16.84,0.5565,0.2752,20.98,26.08,3,4.29,1,0
STR-000807,TreatmentA,B01,107.3,1.55,0.244,397,28.92,0.3213,0.4278,34.81,29.45,2,9.19,0,0
STR-000808,Control,B01,123.82,2.77,0.2626,289,18.34,0.4223,0.341,37.57,22.34,2,5.55,0,1
STR-000809,TreatmentA,B03,90.56,1.86,0.2188,119,22.66,0.2626,0.4388,30.29,25.34,4,7.88,1,0
STR-000810,Control,B01,111.37,1.85,0.1871,700,25.87,0.5783,0.3108,66.89,32.01,5,5.52,1,0
STR-000811,TreatmentB,B02,105.77,1.88,0.2625,273,40.47,0.6476,0.2421,18.66,23.46,7,4.32,0,0
STR-000812,TreatmentA,B01,102.39,1.9,0.25,87,19.62,0.4527,0.1424,30.69,21.92,4,6.32,1,1
STR-000813,Control,B02,75.93,2.38,0.2395,245,33.83,0.3579,0.2107,27.71,28.93,0,8.58,0,1
STR-000814,TreatmentA,B01,87.76,1.33,0.1915,481,52.76,0.3259,0.2499,37.04,25.95,2,6.69,0,1
STR-000815,TreatmentA,B02,109.98,1.48,0.2247,178,25.51,0.6316,0.4365,17.02,21.78,4,10.63,1,1
STR-000816,TreatmentB,B03,110.92,1.72,0.1874,514,30.7,0.4385,0.0895,14.78,24.26,0,5.39,1,0
STR-000817,TreatmentB,B02,86.51,1.57,0.2202,215,29.8,0.3995,0.298,24.53,27.59,2,9.78,1,0
STR-000818,TreatmentA,B02,113.0,3.19,0.2708,240,73.78,0.4882,0.1911,19.9,40.25,4,8.46,0,0
STR-000819,TreatmentB,B01,102.12,1.74,0.1965,158,21.31,0.42,0.3377,2.24,15.58,4,5.59,1,0
STR-000820,TreatmentA,B01,119.28,3.78,0.2676,462,23.83,0.4885,0.4522,64.84,26.7,4,6.92,0,1
STR-000821,Control,B03,97.44,2.66,0.1789,340,21.84,0.3915,0.3444,26.98,29.65,1,8.27,0,0
STR-000822,TreatmentB,B03,96.56,1.74,0.265,120,20.36,0.7054,0.2889,34.29,25.26,4,7.0,0,1
STR-000823,Control,B03,116.04,1.92,0.2028,387,82.31,0.3925,0.4384,46.03,22.62,4,8.25,0,0
STR-000824,TreatmentA,B03,105.05,2.88,0.2506,505,20.81,0.4151,0.2612,21.04,36.57,2,5.92,0,1
STR-000825,Control,B03,109.07,1.7,0.1616,263,15.47,0.3496,0.411,34.97,28.57,2,5.77,1,0
STR-000826,Control,B01,110.47,1.74,0.2341,133,36.87,0.4999,0.3059,79.43,13.44,2,5.02,0,0
STR-000827,Control,B01,95.68,1.76,0.2167,115,80.06,0.5451,0.2007,154.17,18.26,5,8.85,0,0
STR-000828,TreatmentA,B01,85.14,1.88,0.2251,168,24.82,0.3697,0.2684,29.59,32.97,7,6.37,0,1
STR-000829,Control,B02,90.21,2.42,0.2248,648,33.08,0.5268,0.2418,33.42,18.56,2,8.02,0,1
STR-000830,Control,B02,96.22,2.54,0.2345,208,104.55,0.4473,0.3399,39.59,33.8,2,5.66,0,0
STR-000831,Control,B02,109.34,2.65,0.2575,332,81.99,0.4162,0.4144,59.91,39.91,1,8.53,0,0
STR-000832,TreatmentB,B02,93.56,1.83,0.2346,133,24.88,0.6308,0.2359,20.07,30.79,0,5.0,1,0
STR-000833,Control,B01,90.62,1.62,0.2203,456,51.97,0.2712,0.3845,39.55,25.15,0,6.6,1,0
STR-000834,TreatmentA,B02,137.23,2.17,0.2259,178,32.09,0.5219,0.3548,51.43,27.72,2,4.25,0,0
STR-000835,TreatmentB,B01,109.63,1.11,0.2226,365,31.75,0.2028,0.209,14.42,25.37,3,6.2,1,1
STR-000836,Control,B01,100.31,2.39,0.2467,622,118.19,0.3869,0.3173,44.45,20.51,1,7.51,0,1
STR-000837,TreatmentB,B01,97.56,0.99,0.2153,966,11.05,0.3758,0.242,59.23,30.18,2,8.08,0,1
STR-000838,TreatmentB,B01,78.81,1.42,0.2147,228,9.77,0.6194,0.3939,36.89,16.85,6,7.77,1,1
STR-000839,Control,B03,106.83,2.52,0.22,531,36.1,0.3087,0.3366,73.83,31.46,3,8.32,0,0
STR-000840,TreatmentA,B03,82.49,2.05,0.2854,220,33.07,0.4873,0.446,25.59,27.34,2,4.77,0,1
STR-000841,Control,B01,95.12,1.45,0.302,490,157.85,0.2278,0.3313,98.41,26.15,2,4.75,0,0
STR-000842,TreatmentB,B02,99.9,1.51,0.2639,455,15.51,0.4162,0.3631,39.06,19.89,2,6.6,1,0
STR-000843,Control,B03,62.05,2.36,0.2381,302,28.41,0.4619,0.3189,30.64,24.7,2,8.08,0,0
STR-000844,TreatmentA,B03,90.92,2.33,0.2748,155,22.05,0.5649,0.3839,25.78,10.37,1,8.37,1,1
STR-000845,TreatmentA,B01,118.8,3.21,0.2363,207,49.37,0.4472,0.3599,124.35,20.16,3,9.15,0,0
STR-000846,TreatmentB,B03,103.74,0.94,0.2736,138,12.78,0.4238,0.296,26.27,31.24,3,7.51,1,0
STR-000847,TreatmentA,B02,90.65,1.32,0.1716,503,30.04,0.4154,0.2598,30.61,16.19,2,8.82,1,0
STR-000848,Control,B02,98.5,2.33,0.2496,162,8.83,0.4682,0.4181,37.16,23.74,1,7.81,0,1
STR-000849,TreatmentB,B03,103.53,2.85,0.254,52,11.43,0.6235,0.3164,19.48,25.85,3,5.24,1,0
STR-000850,Control,B01,107.19,2.15,0.2627,227,30.14,0.2604,0.438,61.06,15.59,0,6.29,0,0
STR-000851,TreatmentA,B02,62.14,1.5,0.214,321,22.72,0.258,0.1695,34.65,43.09,4,7.6,1,1
STR-000852,Control,B02,100.06,2.66,0.2121,518,63.11,0.346,0.1675,53.26,27.4,1,5.61,1,1
STR-000853,TreatmentA,B02,101.97,1.42,0.2316,152,81.28,0.5714,0.1347,36.05,14.88,6,8.64,1,0
STR-000854,TreatmentA,B03,100.63,1.84,0.2493,316,30.67,0.2606,0.3322,38.7,20.37,2,8.57,1,0
STR-000855,Control,B02,100.56,2.12,0.2522,288,12.38,0.5359,0.2398,70.94,25.07,2,7.42,0,1
STR-000856,TreatmentB,B03,57.28,1.72,0.2526,160,44.83,0.5832,0.1197,1.64,31.52,6,5.69,1,0
STR-000857,TreatmentA,B02,81.07,2.1,0.2639,309,32.27,0.3325,0.2602,52.83,34.61,7,7.17,1,1
STR-000858,TreatmentA,B03,90.14,1.36,0.2894,482,21.84,0.3092,0.5682,17.1,19.54,3,6.78,1,0
STR-000859,TreatmentA,B02,97.16,1.67,0.3034,291,22.67,0.3166,0.4616,18.14,22.12,3,7.3,0,1
STR-000860,TreatmentB,B01,93.09,1.72,0.2857,100,35.01,0.422,0.3518,26.63,16.75,3,5.55,1,1
STR-000861,TreatmentB,B03,114.76,0.83,0.2734,174,33.36,0.445,0.3003,6.27,23.76,3,5.4,1,0
STR-000862,TreatmentB,B02,114.61,1.66,0.3136,197,17.79,0.4491,0.4573,25.47,19.96,1,7.74,1,1
STR-000863,TreatmentA,B01,70.64,1.85,0.1975,124,104.61,0.4188,0.2255,39.65,27.36,3,8.17,1,0
STR-000864,TreatmentB,B02,116.76,1.31,0.2317,130,171.86,0.4135,0.1993,23.96,26.06,1,7.26,0,1
STR-000865,TreatmentA,B03,87.81,1.44,0.2444,532,31.59,0.3878,0.4337,36.44,17.68,2,4.93,1,0
STR-000866,Control,B03,90.23,2.83,0.2354,168,20.94,0.3763,0.2419,27.0,24.59,1,8.76,0,0
STR-000867,TreatmentB,B02,89.53,2.36,0.2399,202,30.7,0.5522,0.2206,25.42,23.4,3,5.8,0,0
STR-000868,TreatmentB,B03,116.81,1.51,0.2423,264,115.23,0.6236,0.335,43.42,25.27,2,4.08,1,0
STR-000869,TreatmentB,B03,82.73,0.93,0.2148,374,64.09,0.4877,0.5148,33.58,18.23,3,5.67,1,1
STR-000870,TreatmentA,B02,116.76,1.11,0.2701,140,64.72,0.3143,0.2208,41.02,19.04,5,3.98,1,0
STR-000871,Control,B02,125.37,2.3,0.2788,207,73.29,0.3904,0.3653,35.61,27.22,1,5.35,0,0
STR-000872,TreatmentA,B02,108.49,1.6,0.1914,350,40.29,0.2514,0.3588,57.19,24.73,3,6.11,1,0
STR-000873,Control,B02,106.8,1.66,0.2664,642,11.03,0.3223,0.2566,50.16,22.13,3,7.23,1,1
STR-000874,Control,B03,84.74,2.24,0.2583,39,45.27,0.2384,0.3573,39.47,31.44,1,6.26,0,1
STR-000875,Control,B01,106.73,2.49,0.2302,70,42.35,0.4377,0.2913,36.95,28.59,2,6.73,0,1
STR-000876,TreatmentB,B01,99.03,1.18,0.2682,727,12.6,0.2703,0.1751,11.38,27.01,5,6.32,1,1
STR-000877,TreatmentB,B01,96.44,2.14,0.2572,308,38.58,0.444,0.2796,16.61,12.3,0,6.12,1,0
STR-000878,TreatmentA,B02,95.47,1.63,0.1918,344,38.91,0.3403,0.382,13.15,15.01,1,8.08,0,1
STR-000879,TreatmentA,B02,103.45,1.35,0.2624,255,31.68,0.4357,0.4256,40.77,31.81,0,8.05,1,1
STR-000880,TreatmentA,B02,99.11,1.47,0.2286,155,44.78,0.3234,0.6752,24.24,26.99,6,7.12,1,0
STR-000881,Control,B01,97.9,1.72,0.217,301,88.48,0.5593,0.1695,35.34,25.32,2,6.26,1,0
STR-000882,TreatmentB,B02,101.23,1.08,0.2587,115,49.03,0.291,0.3314,31.98,29.75,1,7.22,0,1
STR-000883,TreatmentA,B03,115.59,1.77,0.1985,361,16.81,0.5384,0.3483,46.35,15.15,1,8.18,1,0
STR-000884,TreatmentA,B01,86.32,1.81,0.2887,200,59.57,0.3933,0.2668,36.44,21.71,0,7.1,0,1
STR-000885,TreatmentB,B03,104.54,1.8,0.2513,372,54.83,0.2511,0.2912,5.59,23.68,4,9.42,1,0
STR-000886,TreatmentB,B01,98.44,2.25,0.2397,1107,20.35,0.3546,0.3109,47.95,24.98,6,5.09,0,0
STR-000887,TreatmentA,B03,95.57,2.56,0.1965,315,22.5,0.2816,0.3619,74.74,30.51,2,7.14,0,0
STR-000888,TreatmentA,B01,84.84,2.1,0.2519,107,15.32,0.1343,0.1292,12.94,25.21,2,8.57,1,1
STR-000889,TreatmentB,B02,78.84,1.72,0.2792,607,43.02,0.1565,0.2842,63.19,28.34,3,6.31,0,1
STR-000890,Control,B03,99.64,2.05,0.1774,100,49.44,0.5545,0.731,49.43,17.57,2,7.91,0,1
STR-000891,Control,B02,91.63,2.17,0.2732,56,21.69,0.527,0.4085,67.3,15.66,2,5.29,0,1
STR-000892,TreatmentA,B02,93.28,1.88,0.23,468,20.48,0.3671,0.1711,54.13,21.88,2,5.05,1,0
STR-000893,TreatmentB,B02,107.93,3.07,0.2793,223,25.37,0.2338,0.385,25.01,20.84,1,7.14,0,0
STR-000894,TreatmentA,B02,91.44,3.48,0.2353,458,30.63,0.2715,0.5904,51.99,32.59,1,8.6,0,0
STR-000895,TreatmentB,B02,102.83,1.09,0.2284,364,69.85,0.5208,0.645,81.29,19.83,1,9.19,0,0
STR-000896,TreatmentB,B02,99.89,0.91,0.2149,281,14.0,0.426,0.5901,59.15,32.03,4,8.05,1,1
STR-000897,TreatmentA,B02,118.96,1.41,0.2665,171,29.38,0.3366,0.471,23.63,25.98,0,6.97,1,1
STR-000898,TreatmentB,B03,78.34,1.5,0.2862,521,25.41,0.6921,0.2932,40.19,30.71,2,7.61,0,1
STR-000899,Control,B01,97.03,2.28,0.3067,113,25.82,0.3802,0.2612,54.81,14.64,4,5.7,0,0
STR-000900,TreatmentA,B02,102.04,0.91,0.2491,649,17.01,0.2312,0.2844,19.55,21.04,2,6.91,0,1
STR-000901,TreatmentA,B02,78.43,1.32,0.2589,497,47.47,0.2597,0.4497,38.88,27.24,1,5.98,0,0
STR-000902,Control,B03,76.73,2.65,0.2359,261,25.58,0.5346,0.4712,34.58,13.45,2,7.9,0,1
STR-000903,TreatmentA,B01,92.86,2.38,0.3173,288,44.18,0.2421,0.2567,22.91,34.19,4,7.84,0,1
STR-000904,TreatmentA,B02,88.32,1.41,0.2481,969,22.26,0.5683,0.4204,43.97,17.0,4,7.59,1,1
STR-000905,TreatmentB,B02,83.42,2.47,0.2395,337,40.89,0.4959,0.4251,39.96,23.05,3,7.55,0,1
STR-000906,Control,B01,103.87,1.6,0.2074,108,78.93,0.477,0.4046,52.96,26.08,2,5.5,1,1
STR-000907,Control,B01,128.66,5.06,0.2233,293,18.48,0.2999,0.3393,28.04,19.26,2,7.84,0,0
STR-000908,Control,B03,99.95,2.23,0.2339,230,72.42,0.396,0.5577,82.23,20.48,4,7.36,0,1
STR-000909,TreatmentA,B03,122.22,1.95,0.2471,375,45.89,0.2502,0.2979,19.27,22.88,0,7.33,1,1
STR-000910,TreatmentA,B01,87.19,1.4,0.3101,271,68.05,0.4326,0.2444,33.0,23.99,1,5.72,0,1
STR-000911,TreatmentA,B03,83.4,2.03,0.2043,218,59.0,0.4718,0.3512,15.87,28.54,3,5.52,1,1
STR-000912,TreatmentA,B01,91.03,2.58,0.2407,690,67.99,0.2558,0.1802,51.91,20.56,5,5.01,1,1
STR-000913,Control,B03,128.71,2.59,0.2204,200,15.93,0.7124,0.5594,34.23,19.23,1,8.64,0,1
STR-000914,TreatmentA,B03,91.45,2.18,0.2193,244,8.43,0.213,0.2644,36.85,33.96,2,7.41,0,1
STR-000915,TreatmentA,B02,95.65,1.93,0.2753,80,107.8,0.2955,0.183,22.36,32.82,0,5.98,1,1
STR-000916,TreatmentA,B03,94.11,2.65,0.2239,672,18.67,0.4593,0.0522,22.85,24.71,4,5.96,1,0
STR-000917,TreatmentA,B03,86.49,1.49,0.2125,339,44.0,0.4801,0.2255,18.97,29.69,2,6.9,1,1
STR-000918,Control,B03,116.1,2.07,0.1982,405,170.55,0.3805,0.3647,31.85,26.57,4,9.88,1,0
STR-000919,TreatmentA,B03,101.18,1.82,0.303,156,75.21,0.2616,0.2577,23.94,24.48,2,4.61,0,0
STR-000920,Control,B02,96.96,3.82,0.2099,164,37.2,0.7108,0.2787,43.31,33.34,3,6.75,0,1
STR-000921,TreatmentB,B01,91.48,1.12,0.2296,288,16.41,0.2049,0.381,47.82,15.6,2,7.4,1,0
STR-000922,TreatmentA,B02,103.54,1.93,0.2799,775,100.9,0.3923,0.67,18.32,16.6,1,8.01,0,0
STR-000923,TreatmentA,B03,88.33,1.49,0.2623,470,17.71,0.3473,0.2899,34.42,19.74,5,5.22,0,1
STR-000924,TreatmentB,B02,92.8,1.6,0.2548,634,38.13,0.4908,0.4747,25.79,19.61,1,4.87,0,1
STR-000925,TreatmentA,B01,96.9,1.46,0.2471,554,38.94,0.7734,0.227,31.12,19.82,2,6.14,0,0
STR-000926,TreatmentA,B01,77.76,1.49,0.2612,482,24.67,0.3329,0.1804,33.13,26.48,2,5.54,0,1
STR-000927,Control,B01,101.56,1.99,0.2435,217,36.69,0.2812,0.2114,28.93,24.45,2,6.68,0,1
STR-000928,TreatmentB,B02,114.87,1.15,0.2685,256,46.66,0.5821,0.2464,24.51,29.25,0,5.44,0,0
STR-000929,TreatmentB,B02,92.76,1.38,0.2634,677,33.5,0.1246,0.2219,34.63,27.19,2,6.54,0,1
STR-000930,Control,B01,102.17,2.9,0.2128,220,61.39,0.2334,0.3856,24.73,24.16,1,8.73,0,0
STR-000931,Control,B03,108.33,5.23,0.2773,90,29.04,0.6423,0.3568,45.63,24.88,1,6.56,0,1
STR-000932,Control,B02,111.09,2.51,0.263,495,54.7,0.6667,0.5533,32.91,19.94,2,6.35,0,1
STR-000933,Control,B01,111.23,2.57,0.2384,215,28.6,0.5452,0.1872,25.42,17.13,1,6.11,0,1
STR-000934,Control,B03,101.1,2.69,0.2488,146,44.62,0.2189,0.1353,43.98,28.92,0,7.47,0,1
STR-000935,Control,B02,137.57,3.38,0.2074,949,21.16,0.0777,0.589,43.49,21.2,5,10.45,1,0
STR-000936,TreatmentA,B03,106.54,1.01,0.1833,168,17.48,0.1734,0.239,23.93,24.15,0,6.45,1,1
STR-000937,TreatmentB,B01,85.59,2.08,0.2259,671,88.6,0.3272,0.3339,57.94,19.2,5,6.13,0,0
STR-000938,TreatmentB,B03,130.55,2.34,0.1531,398,32.34,0.2763,0.3905,11.56,24.64,4,7.03,1,0
STR-000939,Control,B03,94.32,1.86,0.228,416,31.36,0.5161,0.3839,27.91,21.7,8,6.86,1,1
STR-000940,TreatmentA,B03,103.61,2.23,0.2657,740,31.97,0.3859,0.3771,25.06,20.73,5,8.13,0,0
STR-000941,Control,B01,99.46,2.21,0.2516,435,20.73,0.4882,0.3993,39.06,26.09,2,12.08,0,0
STR-000942,TreatmentA,B01,90.12,1.35,0.2127,208,58.0,0.4178,0.1123,19.78,38.69,3,6.33,1,1
STR-000943,TreatmentB,B03,111.53,0.61,0.1955,254,42.85,0.1509,0.2759,34.76,11.96,5,5.9,1,1
STR-000944,Control,B03,92.24,2.21,0.2157,562,34.01,0.3003,0.4282,48.19,26.58,2,6.94,0,0
STR-000945,TreatmentA,B02,115.96,1.43,0.2761,617,43.3,0.107,0.132,19.9,27.95,1,7.56,0,1
STR-000946,Control,B01,100.12,3.85,0.2661,493,33.97,0.2296,0.3227,45.52,23.8,3,8.56,0,0
STR-000947,Control,B02,88.43,1.98,0.239,323,27.3,0.4204,0.3701,42.07,31.76,4,6.24,0,1
STR-000948,TreatmentA,B02,99.95,1.7,0.3148,127,20.19,0.5929,0.2607,30.86,24.46,1,6.12,0,0
STR-000949,TreatmentA,B01,88.48,1.03,0.2142,315,21.38,0.4002,0.2539,35.88,26.99,1,6.66,1,1
STR-000950,TreatmentB,B02,94.66,0.93,0.2031,232,21.49,0.4103,0.5532,18.93,25.69,2,6.27,1,1
STR-000951,TreatmentB,B03,97.25,0.95,0.2319,440,29.33,0.5249,0.1369,32.74,29.21,1,5.86,1,0
STR-000952,TreatmentB,B02,104.31,1.66,0.2278,210,14.25,0.4901,0.3044,24.33,20.67,4,9.23,1,0
STR-000953,Control,B01,90.19,2.91,0.2421,205,17.13,0.437,0.5009,39.83,30.05,2,7.79,0,0
STR-000954,Control,B02,90.73,2.51,0.2028,95,53.39,0.4348,0.2352,31.98,16.82,2,10.39,1,0
STR-000955,TreatmentB,B03,81.51,4.45,0.3183,201,29.23,0.5575,0.6043,22.04,19.84,3,6.85,0,1
STR-000956,Control,B03,105.75,1.75,0.2154,335,36.52,0.6245,0.3433,45.06,22.73,4,6.79,0,0
STR-000957,TreatmentB,B02,111.83,1.21,0.243,406,42.84,0.4411,0.3007,14.53,22.97,5,4.25,1,0
STR-000958,Control,B03,97.94,2.75,0.2559,140,46.78,0.3541,0.2993,56.26,17.39,3,7.53,0,1
STR-000959,Control,B01,73.46,2.27,0.2419,634,32.73,0.4587,0.219,75.89,22.27,4,7.61,0,0
STR-000960,TreatmentA,B03,110.77,2.7,0.3154,439,11.9,0.4153,0.2793,51.29,21.94,4,6.12,0,1
STR-000961,TreatmentA,B03,83.41,1.53,0.2101,241,39.28,0.3084,0.1794,15.04,26.53,1,5.6,1,1
STR-000962,TreatmentA,B03,83.56,2.86,0.2221,465,20.96,0.5344,0.301,35.81,33.08,1,7.35,0,1
STR-000963,TreatmentA,B01,104.4,2.27,0.1993,769,21.66,0.5245,0.4212,23.21,31.75,3,7.64,1,1
STR-000964,TreatmentB,B03,90.23,0.95,0.2177,359,26.29,0.3839,0.2975,7.12,33.58,3,7.55,1,0
STR-000965,TreatmentB,B02,99.32,1.69,0.2609,307,49.21,0.4488,0.4864,52.96,22.73,1,10.08,0,0
STR-000966,TreatmentA,B03,79.2,2.81,0.1963,442,41.09,0.1227,0.2942,67.8,26.63,3,5.44,0,0
STR-000967,Control,B01,107.61,3.66,0.2037,171,27.64,0.3118,0.3545,29.4,22.18,4,6.81,0,1
STR-000968,TreatmentB,B01,107.43,1.04,0.2624,169,31.55,0.3,0.2922,33.76,22.82,3,7.91,1,1
STR-000969,TreatmentA,B02,102.04,1.9,0.2259,148,28.43,0.3651,0.5289,26.31,20.69,1,7.36,1,0
STR-000970,Control,B03,98.54,2.67,0.2077,120,45.73,0.6394,0.1809,102.19,24.66,5,7.58,0,0
STR-000971,TreatmentA,B02,99.29,1.37,0.2314,171,12.38,0.3017,0.3883,24.07,26.28,3,8.41,1,0
STR-000972,TreatmentA,B01,94.28,2.13,0.2994,300,70.57,0.3904,0.3152,13.67,18.49,4,7.29,0,1
STR-000973,TreatmentA,B03,83.28,2.52,0.2195,302,68.19,0.5411,0.2458,29.46,29.26,3,7.13,1,0
STR-000974,TreatmentA,B03,91.04,1.9,0.2279,295,44.41,0.413,0.2515,48.77,21.39,2,4.56,1,0
STR-000975,TreatmentB,B01,104.31,1.87,0.2085,331,10.01,0.3551,0.0722,45.93,26.1,1,7.92,1,1
STR-000976,TreatmentB,B02,88.39,1.97,0.2104,150,10.82,0.4772,0.5263,31.34,29.53,3,4.29,1,0
STR-000977,TreatmentB,B02,82.7,1.39,0.1872,218,26.21,0.3122,0.366,25.42,31.31,4,8.25,1,0
STR-000978,Control,B02,118.93,2.32,0.2679,188,36.42,0.587,0.4455,48.25,21.91,1,5.65,0,1
STR-000979,TreatmentA,B03,124.08,2.4,0.2444,328,19.64,0.4789,0.4635,34.57,27.02,3,5.39,1,1
STR-000980,TreatmentA,B02,119.5,1.72,0.1717,275,45.89,0.3938,0.1818,44.78,24.09,3,5.5,1,0
STR-000981,TreatmentA,B03,89.26,2.07,0.1743,268,37.45,0.4073,0.3454,24.9,23.28,3,4.65,1,0
STR-000982,TreatmentB,B03,125.0,1.48,0.2132,155,40.61,0.4443,0.2519,30.37,27.05,3,5.81,1,0
STR-000983,TreatmentB,B02,77.11,1.24,0.1795,184,28.81,0.3736,0.1993,23.31,20.89,1,7.58,1,0
STR-000984,TreatmentA,B02,99.19,0.99,0.2578,494,20.79,0.3517,0.3165,45.88,24.62,2,7.46,0,0
STR-000985,TreatmentA,B01,113.07,2.49,0.1766,657,14.4,0.55,0.3169,28.57,28.05,1,6.79,1,1
STR-000986,TreatmentA,B02,99.93,1.41,0.2034,325,159.28,0.3064,0.4531,26.95,25.99,5,9.95,1,0
STR-000987,Control,B03,107.33,1.96,0.2407,316,18.13,0.1364,0.3161,51.05,31.78,1,5.77,0,0
STR-000988,Control,B01,116.88,1.97,0.2819,593,21.16,0.3631,0.3115,46.6,30.71,2,6.29,0,0
STR-000989,TreatmentB,B02,116.53,1.01,0.2242,216,36.83,0.357,0.284,2.94,17.84,2,4.86,1,0
STR-000990,TreatmentB,B02,115.49,1.06,0.2255,344,7.64,0.378,0.244,17.59,33.46,1,8.59,1,1
STR-000991,TreatmentA,B03,105.24,2.2,0.3101,94,32.03,0.5891,0.5947,31.62,23.6,2,6.4,0,1
STR-000992,Control,B01,108.39,2.16,0.2396,368,81.35,0.7619,0.234,33.33,27.7,2,8.05,0,0
STR-000993,Control,B03,109.76,1.8,0.2144,326,75.73,0.3602,0.2787,44.38,21.11,3,7.42,0,1
STR-000994,Control,B03,103.73,2.13,0.2103,217,60.27,0.5496,0.3431,44.85,28.74,0,6.99,1,1
STR-000995,Control,B02,122.7,3.56,0.1971,587,36.64,0.4227,0.1456,39.97,30.47,2,7.49,0,1
STR-000996,TreatmentA,B03,114.76,3.26,0.2248,491,8.03,0.3603,0.3523,34.82,24.8,2,6.39,0,0
STR-000997,TreatmentB,B02,111.4,1.16,0.2805,256,11.11,0.5138,0.4956,22.17,33.94,3,5.85,1,1
STR-000998,TreatmentB,B03,85.59,1.8,0.2222,254,59.27,0.3131,0.3667,39.26,23.9,0,8.77,1,0
STR-000999,Control,B01,97.4,2.09,0.2534,865,41.7,0.1748,0.1871,62.33,19.98,2,5.14,0,1
STR-001000,TreatmentB,B02,91.91,1.38,0.2286,476,19.56,0.5336,0.266,14.41,19.35,0,7.46,1,1
STR-001001,TreatmentA,B02,114.05,2.17,0.2404,249,47.3,0.3336,0.5088,23.59,21.59,2,5.41,0,0
STR-001002,TreatmentA,B02,75.68,1.46,0.236,139,15.32,0.2216,0.2694,30.54,19.47,1,8.55,1,0
STR-001003,Control,B03,111.95,2.74,0.2165,398,110.89,0.2485,0.4372,52.02,24.86,2,9.03,0,0
STR-001004,TreatmentB,B03,113.27,2.13,0.2415,643,33.75,0.3819,0.2091,23.01,23.71,1,6.2,1,1
STR-001005,TreatmentB,B03,120.75,0.99,0.274,308,51.57,0.707,0.4454,63.45,15.82,2,6.96,0,1
STR-001006,TreatmentA,B01,91.23,1.71,0.2827,456,60.37,0.4248,0.1467,80.73,15.91,6,6.6,0,1
STR-001007,TreatmentB,B03,90.09,1.39,0.2872,256,24.53,0.3392,0.3394,19.8,25.8,4,6.45,0,1
STR-001008,Control,B01,117.64,2.09,0.1682,391,19.85,0.3107,0.2159,53.03,30.52,2,8.19,1,1
STR-001009,TreatmentB,B02,82.84,1.48,0.2738,604,31.35,0.3892,0.4191,14.87,10.39,2,8.13,0,0
STR-001010,TreatmentB,B01,101.7,1.38,0.2461,369,35.63,0.4754,0.4791,18.17,27.07,1,7.54,1,1
STR-001011,TreatmentB,B01,123.44,1.19,0.2441,118,68.77,0.3619,0.363,15.31,17.57,0,6.39,1,0
STR-001012,TreatmentB,B02,91.3,1.37,0.2147,121,21.85,0.541,0.2136,10.02,20.0,2,9.79,1,0
STR-001013,Control,B03,79.87,2.5,0.2578,739,73.22,0.4391,0.0855,19.89,17.98,1,6.22,1,1
STR-001014,TreatmentA,B03,101.63,1.78,0.1836,820,21.18,0.3911,0.3563,28.16,25.83,6,4.72,1,0
STR-001015,Control,B01,89.37,2.04,0.2353,157,22.87,0.2016,0.3652,54.5,22.12,2,3.02,0,0
STR-001016,TreatmentA,B02,82.2,1.07,0.3211,409,22.43,0.1686,0.3655,108.94,26.83,2,4.98,0,0
STR-001017,TreatmentA,B01,103.45,2.24,0.2984,88,21.92,0.618,0.2296,39.28,23.96,2,9.26,0,1
STR-001018,Control,B03,83.05,2.01,0.2247,344,28.17,0.511,0.3344,46.03,19.1,4,5.92,0,1
STR-001019,TreatmentA,B01,107.55,2.48,0.2132,212,115.31,0.4913,0.5203,65.21,25.45,2,8.08,0,1
STR-001020,TreatmentA,B02,94.18,1.68,0.2483,367,26.9,0.4253,0.1772,36.68,22.68,7,5.65,0,0
STR-001021,Control,B01,110.2,2.03,0.2597,170,33.19,0.5492,0.488,23.22,15.8,2,6.1,0,1
STR-001022,Control,B01,113.73,2.0,0.2672,704,22.99,0.3003,0.1477,38.27,19.82,1,7.18,1,1
STR-001023,TreatmentA,B01,106.65,1.94,0.2609,172,31.45,0.4056,0.2988,89.15,29.07,3,6.77,0,1
STR-001024,Control,B02,94.78,1.8,0.2285,494,65.52,0.6328,0.2801,48.12,24.72,1,6.93,1,1
STR-001025,TreatmentA,B01,104.5,1.91,0.2029,237,8.01,0.5989,0.242,24.33,26.7,3,6.84,1,0
STR-001026,TreatmentB,B01,103.41,2.32,0.272,220,58.42,0.1986,0.253,29.26,21.1,2,6.44,0,1
STR-001027,TreatmentA,B02,86.5,2.76,0.2534,352,18.4,0.3973,0.3185,38.76,22.87,4,7.01,0,1
STR-001028,TreatmentA,B02,128.2,1.72,0.2621,173,20.14,0.6211,0.2747,58.87,20.98,5,8.12,0,0
STR-001029,TreatmentA,B01,84.72,3.68,0.1862,114,74.67,0.3803,0.1316,27.47,8.4,3,8.33,0,1
STR-001030,TreatmentA,B03,127.1,2.55,0.2474,79,48.56,0.4302,0.1968,16.6,27.41,3,8.92,0,0
STR-001031,TreatmentA,B03,86.48,1.66,0.2367,592,27.8,0.3705,0.4614,29.43,20.92,4,7.55,0,0
STR-001032,Control,B01,99.64,1.68,0.2231,193,8.17,0.4218,0.3426,65.12,17.24,3,7.01,0,1
STR-001033,Control,B03,93.98,2.16,0.2486,179,164.37,0.3037,0.2654,43.54,9.57,3,6.89,1,1
STR-001034,Control,B02,112.22,2.05,0.1821,586,100.75,0.3821,0.3957,50.87,26.43,2,6.32,1,1
STR-001035,Control,B03,102.21,2.06,0.1785,176,39.56,0.4075,0.1292,43.81,24.5,1,8.99,1,0
STR-001036,Control,B03,75.49,3.15,0.2454,382,16.93,0.1654,0.3005,23.14,25.38,1,8.93,0,0
STR-001037,TreatmentA,B03,100.25,4.15,0.2613,101,75.46,0.5413,0.3727,33.96,24.89,0,7.83,1,1
STR-001038,Control,B03,101.52,1.27,0.2361,179,61.96,0.5296,0.3335,42.17,36.51,1,7.39,1,1
STR-001039,TreatmentB,B03,80.09,1.5,0.3007,370,70.27,0.391,0.2484,74.68,21.34,3,6.8,0,0
STR-001040,TreatmentB,B02,68.56,2.6,0.2152,270,33.37,0.376,0.5747,19.55,24.39,2,5.38,0,0
STR-001041,Control,B03,102.94,1.85,0.2376,409,31.85,0.4221,0.1496,26.03,25.43,2,7.91,1,0
STR-001042,Control,B01,101.04,2.63,0.2465,161,25.12,0.4346,0.2468,27.87,22.37,2,7.54,0,0
STR-001043,Control,B03,81.87,2.85,0.2556,156,12.28,0.5868,0.369,25.09,34.91,6,4.09,1,1
STR-001044,TreatmentB,B02,101.1,1.8,0.2827,618,18.15,0.7801,0.4149,6.16,31.71,1,8.01,1,1
STR-001045,TreatmentA,B03,85.74,2.46,0.2701,180,76.19,0.519,0.4832,23.13,23.97,0,9.57,0,0
STR-001046,TreatmentB,B01,91.38,0.48,0.226,398,52.82,0.4765,0.275,23.18,23.1,1,6.0,1,1
STR-001047,TreatmentA,B01,93.1,3.25,0.2754,231,62.97,0.5265,0.3154,30.69,20.2,3,5.92,0,0
STR-001048,TreatmentB,B02,81.47,0.9,0.191,207,90.42,0.2668,0.3226,13.23,23.87,1,6.67,1,1
STR-001049,Control,B03,80.23,1.88,0.2217,431,61.66,0.4248,0.4941,73.93,32.14,1,7.54,0,1
STR-001050,TreatmentB,B01,96.05,1.6,0.2163,179,28.15,0.4616,0.665,25.73,23.83,2,5.46,1,1
STR-001051,TreatmentA,B01,87.23,3.2,0.236,411,33.17,0.3122,0.4353,28.59,22.31,5,6.17,0,0
STR-001052,TreatmentA,B03,100.21,2.11,0.2641,240,20.82,0.1967,0.3747,55.12,31.38,4,6.75,0,1
STR-001053,TreatmentB,B02,65.74,2.16,0.235,393,65.15,0.5335,0.4073,14.56,24.48,4,6.4,1,1
STR-001054,Control,B02,97.41,1.33,0.2158,188,20.41,0.618,0.6105,31.52,18.76,2,4.44,1,1
STR-001055,TreatmentB,B03,108.72,1.05,0.25,351,23.92,0.5366,0.3609,25.19,33.97,5,6.29,1,1
STR-001056,TreatmentB,B01,86.02,1.27,0.2518,192,41.54,0.5109,0.1702,35.48,26.72,2,7.27,1,0
STR-001057,Control,B02,101.65,1.72,0.1596,208,94.99,0.496,0.1966,50.04,25.43,1,5.19,1,0
STR-001058,TreatmentB,B01,97.45,1.54,0.2401,289,39.45,0.6039,0.2394,4.76,21.77,2,8.4,1,0
STR-001059,Control,B01,80.3,2.89,0.2071,274,82.16,0.4685,0.5991,50.96,29.42,1,9.36,0,0
STR-001060,TreatmentB,B03,89.17,1.56,0.1884,168,48.29,0.7601,0.3929,35.32,41.43,1,6.56,1,1
STR-001061,TreatmentB,B01,101.06,1.47,0.2787,542,37.6,0.418,0.5861,37.71,9.82,1,6.84,1,0
STR-001062,TreatmentB,B01,92.77,2.68,0.2224,239,19.54,0.3672,0.155,22.79,33.4,4,9.72,1,0
STR-001063,TreatmentB,B02,101.51,1.26,0.2528,77,52.23,0.2637,0.2517,9.14,35.07,1,7.53,1,1
STR-001064,TreatmentA,B03,105.66,4.12,0.1739,373,16.35,0.4072,0.447,38.05,27.76,1,5.7,1,0
STR-001065,TreatmentB,B02,124.69,1.45,0.2474,391,74.06,0.4726,0.2194,17.45,22.85,1,6.59,1,0
STR-001066,TreatmentB,B02,93.42,1.77,0.2218,320,39.08,0.3271,0.2993,33.75,21.81,3,5.73,1,1
STR-001067,TreatmentB,B03,94.19,1.49,0.2467,573,34.32,0.4251,0.3324,17.9,23.1,2,8.96,1,0
STR-001068,TreatmentA,B01,110.23,3.11,0.2953,248,33.72,0.3716,0.3308,58.28,27.39,2,6.09,0,0
STR-001069,Control,B02,112.88,2.11,0.2582,287,37.57,0.7175,0.2134,48.24,28.33,4,7.8,0,0
STR-001070,TreatmentB,B03,113.54,2.24,0.2323,191,83.9,0.2512,0.4804,33.29,13.6,6,7.65,1,0
STR-001071,TreatmentA,B01,90.35,1.21,0.2462,121,22.4,0.3618,0.1285,27.54,35.12,1,6.89,1,1
STR-001072,TreatmentA,B01,90.11,1.5,0.2724,170,74.27,0.4613,0.3172,45.02,34.39,3,5.87,1,1
STR-001073,Control,B02,79.35,2.03,0.2834,48,29.32,0.3359,0.5124,46.24,31.48,2,7.04,0,1
STR-001074,TreatmentB,B03,61.93,0.86,0.2985,405,65.08,0.3653,0.424,28.64,30.75,3,8.64,1,0
STR-001075,TreatmentA,B02,73.86,3.18,0.242,408,159.17,0.4565,0.3289,24.05,21.22,4,10.67,0,0
STR-001076,Control,B01,106.58,2.18,0.221,633,17.58,0.353,0.3031,28.26,21.18,0,7.36,1,1
STR-001077,TreatmentA,B01,91.78,1.26,0.2456,84,56.46,0.4425,0.1664,22.84,12.37,3,6.0,1,1
STR-001078,TreatmentB,B03,86.1,0.86,0.2324,151,27.38,0.4651,0.2933,25.87,11.37,1,6.7,0,1
STR-001079,TreatmentB,B02,110.54,3.35,0.2168,688,49.85,0.5333,0.188,24.64,23.12,2,6.75,1,0
STR-001080,Control,B03,99.02,2.17,0.1898,118,17.99,0.3757,0.3882,35.78,24.69,2,7.07,1,1
STR-001081,TreatmentB,B02,111.16,2.36,0.2265,94,73.67,0.2898,0.1378,30.52,31.57,2,5.13,1,1
STR-001082,TreatmentB,B03,105.59,1.74,0.1589,696,58.51,0.6542,0.3268,22.13,20.13,1,8.6,1,0
STR-001083,Control,B02,108.33,2.21,0.2401,196,70.83,0.419,0.3512,32.37,28.55,1,6.92,0,1
STR-001084,TreatmentB,B03,113.63,2.36,0.2569,119,31.22,0.5238,0.2771,49.81,18.84,8,7.77,0,1
STR-001085,TreatmentB,B01,119.38,1.76,0.2249,505,21.3,0.6326,0.421,23.85,21.85,1,9.29,1,1
STR-001086,TreatmentB,B01,89.63,1.79,0.2768,59,17.76,0.449,0.4257,33.61,26.09,2,5.57,0,1
STR-001087,TreatmentA,B01,108.52,1.2,0.2755,320,55.71,0.3009,0.344,36.7,26.77,4,6.21,0,1
STR-001088,TreatmentA,B02,104.69,1.98,0.2373,250,17.58,0.181,0.2771,29.09,17.62,0,5.3,1,1
STR-001089,Control,B02,100.43,1.88,0.233,223,34.07,0.3252,0.5574,45.11,30.76,0,6.87,1,0
STR-001090,TreatmentB,B01,103.0,0.95,0.2691,300,17.51,0.3369,0.2935,78.53,25.85,0,7.89,0,1
STR-001091,Control,B02,109.71,2.47,0.1943,389,29.51,0.5048,0.3427,46.19,18.95,3,11.09,0,0
STR-001092,Control,B03,125.08,2.74,0.2198,432,19.15,0.2926,0.3723,34.35,23.05,2,10.49,1,1
STR-001093,TreatmentB,B01,114.78,1.72,0.1927,346,24.06,0.4044,0.454,26.55,23.85,0,6.55,1,1
STR-001094,TreatmentB,B02,126.94,2.02,0.2799,616,45.54,0.2806,0.2671,26.5,27.09,2,7.56,0,1
STR-001095,TreatmentB,B02,83.99,1.64,0.2404,278,52.0,0.5687,0.2971,25.49,25.86,2,6.01,1,1
STR-001096,TreatmentA,B01,132.08,1.28,0.2967,265,62.9,0.3203,0.4033,31.35,18.42,2,5.2,1,0
STR-001097,Control,B01,84.85,2.23,0.2407,382,23.3,0.1817,0.498,54.57,23.8,1,6.97,0,0
STR-001098,Control,B02,108.48,1.83,0.2912,333,50.61,0.6141,0.2429,38.93,9.58,1,10.56,0,0
STR-001099,Control,B03,78.6,1.38,0.2232,80,69.95,0.6457,0.2686,53.36,26.34,4,6.06,1,0
STR-001100,TreatmentA,B01,83.74,2.08,0.2125,80,10.33,0.2442,0.2424,51.8,39.75,3,7.48,0,1
STR-001101,Control,B03,72.48,3.69,0.2142,569,16.43,0.5321,0.2124,56.86,21.36,0,8.27,1,0
STR-001102,TreatmentA,B01,94.12,1.7,0.1882,359,42.49,0.3359,0.5058,32.1,25.63,2,4.7,1,0
STR-001103,TreatmentB,B02,93.96,1.32,0.2387,591,28.31,0.3269,0.3231,6.13,20.21,0,6.51,0,1
STR-001104,TreatmentA,B03,98.18,0.88,0.18,203,29.49,0.2012,0.3727,15.56,29.45,2,6.3,1,0
STR-001105,TreatmentA,B02,89.52,2.14,0.2539,213,91.45,0.5813,0.3928,36.21,33.53,2,7.37,0,1
STR-001106,TreatmentA,B03,90.41,2.96,0.2379,283,16.58,0.3373,0.4233,66.08,31.4,6,4.74,0,0
STR-001107,Control,B02,91.94,2.76,0.2402,297,33.45,0.4511,0.3455,38.08,36.95,2,4.88,0,0
STR-001108,TreatmentB,B02,127.03,1.11,0.2475,280,8.55,0.3473,0.2636,24.17,32.07,3,8.14,1,0
STR-001109,TreatmentB,B01,101.31,2.45,0.2582,238,30.95,0.5757,0.3325,12.41,29.6,0,8.48,0,1
STR-001110,TreatmentB,B02,106.8,2.2,0.2612,508,79.38,0.3012,0.4564,31.46,21.0,3,7.23,1,1
STR-001111,Control,B01,111.65,2.17,0.2862,190,47.53,0.3344,0.2895,49.11,27.32,3,7.58,0,1
STR-001112,TreatmentA,B03,93.87,1.94,0.2331,147,153.47,0.5715,0.6397,30.27,19.02,3,6.48,1,1
STR-001113,TreatmentA,B01,89.49,1.64,0.2472,474,83.1,0.5237,0.504,20.19,24.45,4,7.88,1,1
STR-001114,Control,B01,95.59,2.03,0.2288,149,26.55,0.2817,0.2563,32.62,19.07,3,6.56,0,1
STR-001115,Control,B01,92.27,3.65,0.2627,515,35.95,0.5516,0.3514,71.09,32.16,4,6.74,0,1
STR-001116,TreatmentA,B02,120.0,0.97,0.29,255,20.58,0.5823,0.1268,75.32,35.62,4,10.48,1,0
STR-001117,TreatmentB,B02,125.0,1.12,0.3004,192,31.52,0.3744,0.4162,12.48,13.1,3,7.56,1,1
STR-001118,Control,B01,77.35,2.88,0.2624,228,64.11,0.3447,0.2128,49.61,28.54,2,6.13,1,1
STR-001119,TreatmentA,B03,89.14,1.47,0.2288,333,27.43,0.372,0.5595,33.56,22.26,3,6.13,1,0
STR-001120,Control,B01,104.87,3.03,0.1333,131,10.25,0.5501,0.4515,43.03,29.14,1,4.69,1,0
STR-001121,TreatmentB,B02,98.21,0.88,0.2568,530,25.28,0.6706,0.334,16.35,25.29,2,5.51,0,1
STR-001122,Control,B01,103.61,2.94,0.3012,160,37.39,0.3473,0.3789,41.63,27.75,3,3.87,0,0
STR-001123,TreatmentB,B01,83.5,1.61,0.2038,168,69.85,0.5173,0.2193,25.9,23.84,0,9.41,1,0
STR-001124,TreatmentA,B02,92.82,2.05,0.2221,701,26.25,0.4636,0.4817,19.83,33.4,1,6.08,1,1
STR-001125,TreatmentB,B01,89.15,1.08,0.2484,404,57.47,0.6209,0.3057,85.74,19.8,3,7.21,1,1
STR-001126,TreatmentB,B03,102.48,1.52,0.1977,398,48.65,0.4118,0.4391,26.34,33.55,4,6.02,1,0
STR-001127,Control,B01,92.59,1.72,0.2011,497,18.47,0.2475,0.4274,64.37,26.75,5,6.43,0,0
STR-001128,Control,B03,93.07,2.73,0.2208,354,39.22,0.7768,0.218,24.56,25.0,5,6.04,0,0
STR-001129,TreatmentA,B02,92.73,2.04,0.2767,110,40.46,0.4224,0.4529,48.05,30.96,1,7.85,0,0
STR-001130,TreatmentA,B02,89.27,2.05,0.2005,504,38.09,0.3264,0.1677,26.54,30.79,2,6.41,1,1
STR-001131,TreatmentA,B01,105.57,2.39,0.2228,152,24.0,0.5852,0.3413,18.79,23.64,1,5.5,0,1
STR-001132,Control,B01,80.87,2.19,0.2143,163,25.36,0.3379,0.3037,30.13,24.61,5,6.8,1,1
STR-001133,TreatmentA,B01,106.88,2.38,0.1677,575,39.93,0.2497,0.4691,21.36,24.96,5,6.35,1,0
STR-001134,Control,B03,105.93,2.64,0.2273,510,62.86,0.4683,0.4336,38.84,29.16,2,9.47,0,0
STR-001135,Control,B02,82.78,3.09,0.2214,178,29.26,0.54,0.4915,37.99,22.5,2,4.58,0,1
STR-001136,Control,B03,85.65,1.26,0.2363,223,18.47,0.3239,0.2561,31.9,18.92,1,6.62,1,0
STR-001137,TreatmentB,B03,91.94,1.37,0.1593,199,46.31,0.5075,0.235,26.73,16.44,1,6.96,1,1
STR-001138,TreatmentB,B01,123.48,1.69,0.207,233,26.23,0.1848,0.2446,38.14,24.59,4,5.84,1,1
STR-001139,TreatmentB,B03,123.56,2.6,0.2908,186,71.28,0.2286,0.3587,6.53,22.34,2,7.94,1,0
STR-001140,Control,B03,96.83,2.58,0.2029,296,39.81,0.4182,0.3938,56.69,22.57,1,7.35,1,1
STR-001141,TreatmentA,B03,86.42,3.41,0.2556,517,65.42,0.318,0.0951,24.77,23.18,2,7.99,0,1
STR-001142,Control,B03,90.18,3.07,0.2172,131,50.34,0.397,0.122,54.39,28.89,1,8.45,0,0
STR-001143,TreatmentA,B01,108.04,2.06,0.2505,193,35.29,0.394,0.1701,42.58,22.71,5,6.91,0,1
STR-001144,Control,B01,77.08,2.34,0.1839,305,39.49,0.2898,0.2848,35.38,24.48,2,6.98,1,1
STR-001145,TreatmentB,B01,102.28,1.22,0.1975,409,33.88,0.4481,0.3917,26.75,11.54,4,6.86,1,0
STR-001146,TreatmentB,B01,97.57,2.29,0.1639,350,48.16,0.3729,0.2532,13.8,34.83,3,5.85,1,1
STR-001147,TreatmentA,B03,93.07,0.95,0.2414,298,40.04,0.332,0.3422,31.32,26.81,2,6.45,1,0
STR-001148,Control,B01,87.07,2.16,0.2514,509,19.03,0.4497,0.3518,102.49,9.31,6,6.39,0,0
STR-001149,TreatmentA,B02,109.87,2.6,0.2364,941,57.38,0.3297,0.3988,34.27,20.96,2,5.73,1,0
STR-001150,TreatmentB,B02,82.02,1.7,0.2173,94,47.27,0.3364,0.3714,25.87,19.3,3,6.41,1,1
STR-001151,TreatmentA,B03,114.38,2.37,0.2197,225,22.36,0.3536,0.5257,69.08,26.46,2,4.79,0,0
STR-001152,Control,B01,75.76,2.2,0.2654,573,19.12,0.5078,0.138,44.15,13.8,5,5.35,0,0
STR-001153,TreatmentA,B01,89.94,1.75,0.2289,353,41.38,0.581,0.1468,34.79,27.74,3,6.76,0,0
STR-001154,TreatmentA,B02,106.84,1.88,0.2104,315,54.45,0.3269,0.1203,75.26,18.62,4,6.2,0,1
STR-001155,Control,B01,112.61,2.05,0.1839,433,46.05,0.2739,0.2749,62.95,19.88,1,9.14,1,0
STR-001156,TreatmentB,B01,59.64,1.85,0.2297,184,29.05,0.6493,0.2505,9.23,18.9,3,8.68,1,0
STR-001157,TreatmentB,B03,127.11,2.1,0.1882,117,86.56,0.2912,0.2103,16.22,25.01,1,6.91,1,1
STR-001158,TreatmentB,B01,120.16,1.73,0.2734,575,66.54,0.4315,0.4736,11.58,18.53,2,7.54,1,0
STR-001159,TreatmentB,B01,112.92,2.27,0.2359,216,52.9,0.2528,0.2823,27.85,25.48,0,5.66,0,0
STR-001160,TreatmentA,B03,124.7,2.36,0.2157,222,4.99,0.2361,0.5119,20.14,30.7,3,5.64,0,0
STR-001161,Control,B02,99.1,1.88,0.2541,64,55.03,0.3247,0.2998,33.37,13.0,1,8.9,0,0
STR-001162,TreatmentB,B02,79.1,1.24,0.2537,192,28.84,0.4936,0.2342,27.96,31.06,3,3.81,1,0
STR-001163,Control,B02,74.75,2.01,0.2743,449,52.15,0.3233,0.211,42.19,19.82,4,4.89,0,0
STR-001164,TreatmentB,B01,101.9,1.6,0.2445,502,29.79,0.2872,0.3942,19.21,32.17,2,7.28,1,0
STR-001165,TreatmentB,B03,104.48,1.19,0.1695,140,22.42,0.3217,0.3584,85.32,19.95,1,6.71,1,1
STR-001166,TreatmentB,B03,107.62,1.81,0.2365,157,68.35,0.6144,0.2161,61.87,16.3,1,7.29,1,0
STR-001167,TreatmentB,B02,97.52,1.32,0.2654,159,46.39,0.5669,0.3369,18.72,27.02,1,6.37,1,1
STR-001168,Control,B02,85.06,1.7,0.2509,739,8.77,0.3936,0.1197,37.3,21.9,3,5.33,1,0
STR-001169,Control,B02,80.8,1.08,0.2044,322,23.24,0.1914,0.1223,36.4,21.88,1,6.01,1,1
STR-001170,TreatmentA,B01,102.74,1.34,0.2535,440,23.86,0.2772,0.2955,23.33,21.48,1,5.86,1,1
STR-001171,TreatmentA,B03,97.04,2.1,0.2238,248,26.39,0.5728,0.2831,77.5,34.76,1,6.08,0,0
STR-001172,TreatmentA,B01,130.76,1.33,0.1995,487,61.8,0.2894,0.3947,43.56,26.5,0,5.28,1,0
STR-001173,TreatmentB,B01,102.99,1.02,0.2301,308,62.53,0.5453,0.3795,37.33,27.86,1,8.93,0,1
STR-001174,TreatmentB,B03,91.23,1.54,0.1691,258,27.98,0.2237,0.2784,11.04,29.96,2,5.46,1,0
STR-001175,TreatmentB,B02,63.69,1.12,0.2929,138,20.66,0.6339,0.1919,16.72,23.26,1,5.33,1,0
STR-001176,Control,B03,125.64,1.87,0.2178,254,41.0,0.5115,0.2661,33.66,25.09,2,7.09,1,0
STR-001177,Control,B02,110.09,1.51,0.1948,87,14.92,0.2973,0.2822,80.91,27.46,1,6.47,1,1
STR-001178,Control,B01,112.13,2.12,0.327,332,93.37,0.3384,0.3401,52.53,29.44,2,5.39,0,0
STR-001179,TreatmentA,B03,95.87,3.19,0.2459,122,12.72,0.3782,0.2593,25.32,21.36,2,8.99,0,0
STR-001180,Control,B01,99.61,2.02,0.2547,328,48.91,0.5872,0.2236,29.63,22.76,4,9.02,1,0
STR-001181,Control,B02,93.22,3.5,0.1917,157,14.09,0.3312,0.5242,25.39,18.22,3,6.48,0,0
STR-001182,Control,B01,109.43,2.4,0.3171,192,16.21,0.4446,0.2128,54.81,19.45,0,6.45,1,0
STR-001183,TreatmentB,B02,92.07,0.37,0.2513,328,56.45,0.4576,0.2051,20.5,24.95,1,5.55,1,1
STR-001184,TreatmentA,B03,94.96,2.29,0.2881,146,27.94,0.4672,0.3786,18.39,24.89,3,6.17,0,1
STR-001185,TreatmentA,B03,106.5,3.04,0.2822,240,17.11,0.2929,0.2323,23.81,29.47,2,7.88,0,1
STR-001186,TreatmentA,B03,119.4,1.25,0.2412,242,26.31,0.3157,0.2439,80.77,27.53,2,7.11,0,1
STR-001187,TreatmentB,B01,74.37,2.67,0.2408,341,45.3,0.3047,0.3431,57.31,28.17,6,8.66,0,0
STR-001188,TreatmentA,B03,112.15,1.88,0.2545,190,33.98,0.1833,0.1677,94.96,32.97,2,8.95,0,1
STR-001189,TreatmentB,B03,129.01,0.97,0.1871,317,17.57,0.3796,0.137,43.46,23.03,2,6.11,1,1
STR-001190,TreatmentA,B02,82.33,3.02,0.2285,267,30.05,0.4646,0.2079,39.68,19.62,2,9.06,0,0
STR-001191,TreatmentA,B02,106.89,1.97,0.1923,78,48.07,0.3334,0.3763,27.78,27.45,5,5.78,0,0
STR-001192,TreatmentB,B01,116.0,2.38,0.1652,517,13.93,0.3693,0.2796,22.38,13.0,4,7.66,1,1
STR-001193,Control,B03,97.91,2.31,0.2464,246,10.36,0.632,0.3637,33.6,26.83,4,6.77,0,1
STR-001194,Control,B03,91.46,2.52,0.2624,259,76.76,0.2371,0.1657,61.97,30.9,5,8.1,0,1
STR-001195,TreatmentA,B02,91.58,2.11,0.2455,271,40.88,0.3118,0.3606,37.69,22.89,3,5.27,0,0
STR-001196,TreatmentA,B01,78.46,1.42,0.2568,117,18.85,0.5154,0.2193,55.04,25.43,4,8.26,1,0
STR-001197,Control,B01,89.68,4.43,0.2072,399,23.23,0.5777,0.0871,46.82,31.57,3,6.88,0,0
STR-001198,TreatmentA,B01,82.04,2.36,0.2356,330,11.8,0.4031,0.4023,51.22,25.14,2,4.12,0,1
STR-001199,TreatmentB,B03,71.27,1.32,0.238,165,84.71,0.4726,0.2088,27.22,22.23,3,7.33,1,1
STR-001200,TreatmentA,B03,103.44,1.78,0.2203,129,65.93,0.6092,0.2529,45.75,35.26,0,9.44,1,0
STR-001201,Control,B02,82.29,1.69,0.2313,164,35.65,0.3607,0.2213,31.23,19.99,0,7.51,0,1
STR-001202,TreatmentB,B03,73.26,0.59,0.2589,249,18.05,0.1657,0.2524,40.61,24.51,2,8.55,0,0
STR-001203,TreatmentB,B01,97.48,2.43,0.2747,192,27.37,0.3702,0.1037,10.84,16.78,0,4.96,1,0
STR-001204,TreatmentA,B01,95.47,1.22,0.2682,225,32.0,0.2585,0.065,45.45,9.49,0,6.25,1,1
STR-001205,TreatmentA,B03,90.23,2.22,0.2692,113,22.13,0.4785,0.2666,13.87,25.77,0,6.99,0,1
STR-001206,Control,B03,109.81,1.73,0.2648,283,37.27,0.456,0.2304,72.98,31.1,4,7.02,0,0
STR-001207,TreatmentB,B03,80.22,2.1,0.2053,249,48.38,0.4309,0.3792,26.34,24.52,2,5.59,1,0
STR-001208,TreatmentA,B01,113.95,1.95,0.2722,192,17.82,0.4227,0.39,36.34,32.95,1,7.07,0,1
STR-001209,TreatmentA,B03,88.47,2.47,0.2511,179,10.01,0.3255,0.3435,33.4,21.51,4,7.89,0,1
STR-001210,TreatmentB,B01,92.91,0.74,0.248,263,37.68,0.5079,0.2761,38.13,28.46,2,7.22,1,1
STR-001211,TreatmentA,B02,100.11,3.76,0.189,154,17.95,0.3967,0.39,56.31,22.54,3,6.32,0,1
STR-001212,TreatmentA,B01,105.06,2.31,0.2382,391,49.71,0.5724,0.1236,31.01,23.87,2,7.06,1,0
STR-001213,Control,B03,127.13,1.87,0.2079,821,70.49,0.4584,0.2091,66.21,26.56,1,8.19,0,0
STR-001214,TreatmentA,B01,96.91,1.82,0.2513,310,23.76,0.5508,0.0763,65.75,24.3,3,7.65,0,0
STR-001215,TreatmentB,B02,95.23,1.32,0.2482,85,28.14,0.4882,0.3681,27.59,14.35,1,7.09,1,1
STR-001216,Control,B03,117.64,1.96,0.2901,525,48.89,0.4395,0.3486,28.13,25.02,1,6.68,0,1
STR-001217,TreatmentA,B03,122.75,1.42,0.2409,235,53.89,0.2572,0.5607,38.96,23.15,4,7.95,0,0
STR-001218,Control,B01,100.16,1.98,0.3004,328,56.13,0.4081,0.3106,31.74,18.56,3,7.17,1,1
STR-001219,TreatmentA,B01,109.58,2.94,0.2061,324,39.57,0.2906,0.4201,21.28,22.5,0,6.43,0,0
STR-001220,TreatmentA,B03,112.75,1.51,0.2099,134,26.0,0.5777,0.3492,27.95,31.25,1,7.88,1,1
STR-001221,Control,B03,106.53,1.8,0.1728,232,31.15,0.579,0.3443,89.54,31.54,2,4.56,0,1
STR-001222,TreatmentB,B01,99.91,0.78,0.2011,729,39.64,0.2307,0.0653,9.5,36.8,2,6.85,1,1
STR-001223,TreatmentB,B02,92.41,1.17,0.2171,474,33.6,0.8521,0.2184,20.5,20.52,2,6.21,1,0
STR-001224,TreatmentA,B03,73.08,1.8,0.2451,345,15.94,0.6778,0.1633,31.29,21.33,0,5.13,1,0
STR-001225,TreatmentA,B02,109.33,1.52,0.2596,230,58.18,0.3894,0.3518,53.33,20.37,4,5.75,1,1
STR-001226,TreatmentB,B02,76.07,1.19,0.2399,186,24.53,0.2774,0.4122,40.88,29.33,4,5.57,1,0
STR-001227,Control,B02,91.91,1.95,0.2435,85,29.58,0.223,0.3796,36.2,33.39,3,8.95,1,0
STR-001228,Control,B03,64.31,2.17,0.1654,263,26.0,0.2891,0.2967,48.43,27.69,2,6.61,1,1
STR-001229,TreatmentB,B03,97.91,1.21,0.1819,255,34.12,0.6217,0.2508,17.95,21.64,2,4.89,1,0
STR-001230,Control,B01,118.3,2.78,0.1907,148,22.45,0.109,0.4515,40.05,14.02,4,8.64,1,0
STR-001231,TreatmentB,B01,92.04,1.87,0.3178,261,32.08,0.3364,0.3174,28.44,21.6,4,7.37,0,1
STR-001232,TreatmentA,B01,96.6,1.14,0.2291,228,65.26,0.3676,0.2396,18.78,24.6,0,7.97,1,0
STR-001233,TreatmentB,B02,82.85,1.0,0.2527,440,71.86,0.4603,0.3022,3.22,27.19,3,7.21,1,1
STR-001234,TreatmentB,B01,103.48,0.93,0.2166,153,11.26,0.6447,0.2192,51.64,24.57,1,6.94,1,0
STR-001235,TreatmentA,B03,107.18,3.32,0.2989,215,48.67,0.2292,0.279,33.54,33.1,1,7.04,0,1
STR-001236,Control,B02,122.15,3.25,0.217,121,45.48,0.3703,0.5146,61.36,18.15,5,4.56,0,0
STR-001237,Control,B01,105.49,1.82,0.2626,146,21.7,0.2782,0.169,63.22,22.88,2,10.48,0,1
STR-001238,TreatmentB,B01,96.42,0.76,0.213,161,34.02,0.3999,0.3202,13.78,16.75,2,8.0,1,0
STR-001239,TreatmentA,B01,93.89,1.96,0.1817,127,33.88,0.6914,0.2972,24.29,35.57,2,7.13,1,1
STR-001240,TreatmentA,B03,106.59,2.52,0.2466,126,82.37,0.318,0.2308,19.59,18.25,3,7.74,1,1
STR-001241,Control,B02,103.82,3.31,0.1948,518,33.7,0.1647,0.1644,35.99,30.57,3,7.84,1,1
STR-001242,TreatmentA,B01,104.09,1.82,0.2718,349,35.85,0.3267,0.3415,13.27,23.1,2,8.98,0,0
STR-001243,Control,B02,72.03,2.93,0.2459,355,12.96,0.4249,0.4132,48.32,26.22,2,8.33,0,0
STR-001244,TreatmentB,B02,97.33,2.17,0.245,240,23.54,0.2629,0.1663,57.3,23.24,2,8.39,0,0
STR-001245,TreatmentB,B02,90.79,1.0,0.2616,546,55.19,0.3397,0.4185,31.84,24.05,2,7.05,0,1
STR-001246,TreatmentB,B01,95.16,3.29,0.1944,181,35.95,0.45,0.2089,14.49,13.54,2,8.22,1,1
STR-001247,TreatmentB,B02,91.81,0.74,0.2277,446,34.55,0.2247,0.1651,32.1,24.38,3,7.82,1,1
STR-001248,Control,B01,87.1,2.09,0.2806,760,96.5,0.2885,0.3135,50.38,14.98,4,5.46,0,0
STR-001249,TreatmentA,B02,115.33,2.01,0.2397,80,40.82,0.3973,0.3203,22.02,29.3,2,5.22,1,1
STR-001250,TreatmentA,B01,88.12,1.57,0.2319,229,44.46,0.4812,0.1772,20.95,26.69,5,5.15,1,0
STR-001251,Control,B01,91.33,2.78,0.2192,140,76.14,0.4033,0.1122,50.36,19.81,1,7.06,0,1
STR-001252,TreatmentB,B02,98.0,0.92,0.1935,123,77.36,0.576,0.3135,23.06,9.23,5,8.52,1,0
STR-001253,TreatmentB,B03,71.44,1.0,0.2006,515,21.75,0.5482,0.3289,17.58,16.49,1,7.81,1,1
STR-001254,TreatmentB,B01,85.49,1.82,0.2638,420,24.36,0.465,0.579,26.75,25.36,5,5.13,0,1
STR-001255,TreatmentA,B01,113.63,3.05,0.1863,239,17.39,0.566,0.1334,20.28,20.8,1,8.75,0,0
STR-001256,TreatmentB,B02,101.66,2.15,0.2022,156,49.11,0.1802,0.1411,29.59,20.9,3,7.0,0,1
STR-001257,Control,B02,109.63,2.89,0.2119,165,159.38,0.5556,0.2086,37.82,31.77,2,8.72,0,0
STR-001258,TreatmentA,B02,115.78,2.27,0.2078,284,13.37,0.347,0.335,36.83,27.15,3,7.56,1,1
STR-001259,TreatmentA,B01,62.27,2.7,0.2113,174,23.13,0.4555,0.3143,19.9,34.63,0,7.13,0,1
STR-001260,TreatmentB,B02,104.77,1.28,0.2374,153,95.13,0.2551,0.4042,19.95,31.1,4,8.16,1,0
STR-001261,TreatmentB,B01,93.6,1.97,0.176,217,22.42,0.1809,0.2584,11.12,27.77,2,7.45,1,1
STR-001262,TreatmentB,B03,117.33,1.37,0.2543,181,70.33,0.4564,0.1095,72.3,26.0,3,9.11,1,0
STR-001263,Control,B01,126.98,1.96,0.2785,176,36.76,0.5016,0.2836,63.26,32.32,1,7.15,0,1
STR-001264,TreatmentB,B01,82.18,1.18,0.2287,287,12.41,0.3327,0.2285,12.47,17.84,2,8.24,1,0
STR-001265,Control,B01,94.13,2.89,0.2626,140,51.95,0.372,0.1692,49.26,17.42,2,7.49,0,1
STR-001266,Control,B03,86.14,2.23,0.2379,87,36.58,0.7083,0.3389,35.52,25.39,1,6.27,0,1
STR-001267,TreatmentA,B03,104.57,2.68,0.1414,468,12.99,0.3669,0.2311,23.56,24.27,3,6.21,1,1
STR-001268,TreatmentB,B02,86.86,2.04,0.25,470,15.57,0.4706,0.1866,41.17,20.12,3,6.89,0,0
STR-001269,Control,B02,78.19,3.0,0.2537,322,31.57,0.5773,0.1572,32.16,29.2,4,7.36,0,0
STR-001270,TreatmentA,B02,116.74,1.97,0.0997,89,20.88,0.5179,0.3275,28.1,31.68,3,6.8,1,1
STR-001271,Control,B01,79.29,1.93,0.2642,340,29.12,0.2485,0.3302,37.4,10.87,1,7.57,1,1
STR-001272,TreatmentA,B02,76.83,2.53,0.2541,684,11.69,0.6631,0.2094,32.76,24.51,2,6.33,1,0
STR-001273,TreatmentB,B02,96.08,1.69,0.2567,130,35.49,0.2995,0.257,14.66,21.78,3,3.64,1,0
STR-001274,Control,B01,104.84,2.75,0.2186,540,35.21,0.6213,0.213,46.79,26.53,4,8.68,1,0
STR-001275,TreatmentA,B03,84.1,1.77,0.2017,236,170.13,0.7146,0.4153,18.76,26.99,4,5.56,1,1
STR-001276,TreatmentA,B01,126.91,2.57,0.2463,361,40.68,0.3102,0.2182,34.78,40.6,2,8.95,1,0
STR-001277,TreatmentA,B02,105.18,1.15,0.2242,578,22.8,0.4999,0.4606,65.42,22.95,2,6.33,1,1
STR-001278,Control,B03,82.5,1.92,0.2617,231,53.55,0.3491,0.116,61.88,26.37,2,5.68,0,1
STR-001279,Control,B01,83.64,2.42,0.2156,586,27.7,0.3393,0.1981,38.45,14.06,1,5.69,1,0
STR-001280,TreatmentB,B03,84.59,1.68,0.2454,223,25.47,0.4116,0.3252,84.36,31.29,5,6.58,0,1
STR-001281,Control,B01,105.55,2.31,0.2298,106,68.68,0.6344,0.0616,35.04,12.8,4,6.69,1,0
STR-001282,TreatmentA,B02,106.82,2.2,0.2647,221,59.96,0.2237,0.4798,65.86,14.86,3,7.35,0,0
STR-001283,TreatmentA,B01,84.5,2.66,0.2086,513,37.78,0.3664,0.1894,26.73,19.47,3,8.62,1,0
STR-001284,TreatmentA,B03,107.8,1.32,0.2629,98,10.4,0.4894,0.3837,44.46,26.27,2,7.93,0,1
STR-001285,TreatmentB,B01,90.24,1.62,0.2278,327,51.5,0.4339,0.1541,15.08,15.61,0,7.1,1,1
STR-001286,Control,B02,100.79,1.71,0.3186,245,34.54,0.4682,0.2303,56.34,19.09,2,6.1,0,0
STR-001287,TreatmentB,B02,98.04,1.1,0.2498,267,21.95,0.5429,0.4648,28.06,38.51,4,7.04,1,1
STR-001288,Control,B01,98.98,2.59,0.247,233,15.97,0.3901,0.1843,67.23,38.32,1,7.53,0,1
STR-001289,TreatmentA,B01,114.82,1.75,0.1958,274,17.39,0.2017,0.3781,54.47,21.4,4,8.78,0,0
STR-001290,Control,B01,118.6,2.77,0.1947,81,48.85,0.5127,0.3878,53.62,28.22,4,6.96,1,1
STR-001291,Control,B01,79.06,2.15,0.224,593,41.16,0.4849,0.3413,50.22,16.74,3,5.37,1,0
STR-001292,TreatmentB,B01,89.29,0.72,0.2491,1180,16.53,0.3082,0.3554,13.27,24.73,2,5.25,1,0
STR-001293,Control,B03,115.39,2.2,0.2327,171,18.61,0.3726,0.2317,35.38,29.92,2,6.46,1,1
STR-001294,TreatmentB,B02,87.46,1.97,0.2324,116,16.01,0.4882,0.3243,9.13,26.2,4,6.71,1,1
STR-001295,Control,B01,93.97,1.57,0.2297,315,39.03,0.786,0.2015,24.24,33.82,5,6.9,1,1
STR-001296,Control,B03,85.66,2.27,0.202,370,28.06,0.3551,0.3408,30.89,26.87,2,8.12,1,1
STR-001297,TreatmentA,B01,72.15,3.45,0.2541,270,9.83,0.2294,0.3148,28.59,32.91,4,4.48,0,0
STR-001298,TreatmentA,B02,122.8,1.88,0.2116,187,63.71,0.4999,0.3866,58.74,15.0,3,7.98,0,1
STR-001299,TreatmentB,B01,105.63,1.48,0.2222,263,13.5,0.345,0.2082,7.48,23.94,0,6.5,0,1
STR-001300,TreatmentA,B02,91.56,1.58,0.1646,121,21.02,0.4798,0.3374,19.96,29.25,2,5.64,0,1
STR-001301,Control,B03,84.39,1.42,0.2794,190,82.83,0.4499,0.3428,32.21,19.84,2,8.22,0,0
STR-001302,Control,B02,86.17,3.05,0.2601,526,53.55,0.3906,0.5784,27.97,26.37,3,7.48,1,1
STR-001303,TreatmentA,B02,99.83,1.49,0.2089,181,25.7,0.4484,0.3502,34.21,28.98,4,7.0,0,1
STR-001304,TreatmentB,B03,101.75,1.34,0.2154,294,10.2,0.21,0.1594,9.04,14.36,3,6.31,1,1
STR-001305,TreatmentA,B03,58.19,0.92,0.3317,241,27.02,0.2451,0.3996,26.33,31.29,5,7.86,0,0
STR-001306,Control,B02,99.89,2.98,0.2631,405,47.58,0.3935,0.5106,41.77,28.49,3,4.83,0,0
STR-001307,Control,B02,99.12,1.83,0.1571,292,31.03,0.3657,0.4832,36.99,33.36,2,6.71,1,0
STR-001308,Control,B01,78.2,1.51,0.2019,151,43.97,0.6659,0.3309,45.63,24.04,3,5.93,1,1
STR-001309,TreatmentB,B02,89.32,2.26,0.1892,150,55.54,0.1473,0.1124,20.81,31.1,3,6.41,1,1
STR-001310,TreatmentA,B03,75.86,2.49,0.2268,584,24.25,0.6883,0.4257,48.41,27.51,2,6.99,1,1
STR-001311,Control,B03,78.63,2.88,0.2533,447,23.35,0.3154,0.402,49.23,21.49,3,6.25,0,0
STR-001312,TreatmentA,B02,98.87,1.76,0.2605,502,59.68,0.4017,0.2339,32.5,24.25,2,6.56,0,1
STR-001313,TreatmentB,B03,91.25,2.19,0.2035,495,21.74,0.2598,0.1685,21.05,29.24,2,8.35,1,1
STR-001314,Control,B01,94.55,2.26,0.1929,166,59.83,0.3416,0.3547,46.93,22.81,3,7.22,0,1
STR-001315,TreatmentA,B01,114.92,1.42,0.2281,59,61.51,0.423,0.2698,25.16,38.6,2,5.82,1,0
STR-001316,TreatmentB,B01,97.44,1.55,0.1919,118,29.72,0.3846,0.1698,16.73,24.26,1,6.75,1,1
STR-001317,TreatmentA,B02,81.61,1.71,0.2398,433,28.33,0.6085,0.2433,27.53,22.06,3,9.48,0,0
STR-001318,TreatmentB,B01,93.15,0.58,0.229,332,20.5,0.5189,0.3598,13.98,33.26,2,6.66,1,1
STR-001319,Control,B02,121.17,2.36,0.2198,148,85.3,0.2977,0.3685,38.85,31.42,3,7.5,0,1
STR-001320,TreatmentA,B01,88.17,1.93,0.2198,315,31.99,0.427,0.3924,30.14,25.78,3,7.33,1,1
STR-001321,TreatmentB,B03,117.49,1.61,0.3066,105,62.34,0.7206,0.3994,4.71,31.12,3,5.98,0,1
STR-001322,Control,B02,97.3,1.52,0.2482,471,16.35,0.5307,0.2983,44.29,27.49,6,6.82,1,1
STR-001323,TreatmentA,B01,106.61,2.12,0.1582,102,71.14,0.3269,0.1287,29.96,25.02,3,4.93,1,0
STR-001324,TreatmentB,B01,86.96,1.38,0.2657,201,32.6,0.321,0.3239,30.73,18.4,3,7.84,1,1
STR-001325,TreatmentA,B03,119.74,2.42,0.2016,647,44.04,0.2335,0.2315,38.93,25.68,1,6.11,0,1
STR-001326,Control,B01,109.81,2.02,0.2345,111,78.44,0.5107,0.1134,65.49,33.01,0,6.48,0,0
STR-001327,Control,B03,96.35,3.72,0.2829,184,58.87,0.3062,0.1704,38.31,35.02,6,7.27,0,1
STR-001328,TreatmentB,B02,96.91,1.44,0.2196,455,57.89,0.689,0.223,3.98,22.52,2,6.03,1,0
STR-001329,TreatmentB,B01,133.37,1.32,0.2993,291,60.42,0.2771,0.3732,25.56,25.09,3,8.1,0,0
STR-001330,TreatmentA,B03,123.87,2.58,0.3016,581,31.38,0.604,0.3151,26.19,19.57,4,5.87,0,1
STR-001331,Control,B03,102.9,2.59,0.2271,313,25.29,0.4256,0.2193,53.65,22.79,1,4.34,0,0
STR-001332,TreatmentA,B01,88.86,1.67,0.2007,179,40.9,0.1477,0.2564,28.57,25.56,0,8.04,1,1
STR-001333,TreatmentA,B01,87.8,1.51,0.2604,562,34.46,0.6534,0.1594,142.5,26.27,1,6.1,0,0
STR-001334,Control,B03,108.8,2.61,0.2117,160,8.34,0.3776,0.3237,24.07,37.95,3,5.27,1,0
STR-001335,TreatmentB,B03,128.23,1.53,0.2455,345,26.58,0.5626,0.1175,26.59,22.93,3,8.57,1,0
STR-001336,TreatmentB,B01,68.83,2.99,0.1771,74,41.92,0.37,0.1707,0.35,31.07,3,7.38,1,1
STR-001337,TreatmentB,B01,112.85,1.51,0.1597,149,79.2,0.4544,0.4849,31.44,29.46,3,7.0,1,1
STR-001338,TreatmentB,B01,103.94,0.78,0.2648,224,15.5,0.3715,0.2523,23.82,22.58,0,5.39,0,1
STR-001339,TreatmentA,B02,112.39,2.7,0.283,662,98.66,0.5786,0.1331,38.16,16.09,1,5.13,0,0
STR-001340,TreatmentA,B02,93.25,2.9,0.2146,177,60.97,0.4118,0.2094,68.68,20.75,1,6.84,0,1
STR-001341,TreatmentA,B01,117.98,2.97,0.2212,487,64.4,0.2882,0.3865,87.25,30.05,1,8.96,0,0
STR-001342,TreatmentA,B02,108.2,2.27,0.2498,189,20.28,0.516,0.2664,34.97,13.87,1,6.24,1,1
STR-001343,TreatmentB,B03,95.35,2.13,0.2698,364,16.36,0.2192,0.3584,22.64,14.89,2,7.75,1,0
STR-001344,TreatmentA,B02,83.32,2.26,0.2339,295,36.7,0.37,0.0429,18.09,30.31,2,6.64,1,1
STR-001345,Control,B01,123.82,2.49,0.2106,187,17.72,0.3411,0.3602,46.02,24.28,4,6.31,1,1
STR-001346,TreatmentB,B02,95.92,1.63,0.2522,464,20.21,0.5801,0.1995,12.1,26.39,3,5.11,1,0
STR-001347,TreatmentA,B01,142.77,1.76,0.2287,106,35.4,0.4683,0.5827,48.77,19.51,3,7.26,0,1
STR-001348,TreatmentB,B02,124.67,0.48,0.2964,466,26.37,0.5058,0.1179,46.22,28.87,2,7.09,0,1
STR-001349,TreatmentB,B01,110.43,1.36,0.2823,408,31.01,0.3836,0.2229,3.1,30.78,4,4.8,1,0
STR-001350,TreatmentB,B01,105.35,2.36,0.2341,231,18.87,0.5618,0.2571,8.5,24.86,1,7.68,1,1
STR-001351,TreatmentB,B01,81.51,2.34,0.2636,987,34.46,0.4439,0.3786,13.33,22.03,5,6.66,1,0
STR-001352,TreatmentA,B03,96.58,2.1,0.2228,260,95.71,0.3821,0.1711,21.12,25.09,1,4.86,1,0
STR-001353,TreatmentB,B02,81.21,1.59,0.2045,156,38.82,0.3844,0.2876,34.02,18.7,3,9.79,0,0
STR-001354,TreatmentB,B03,118.81,1.79,0.1739,705,23.31,0.1834,0.2807,44.76,25.53,3,6.27,1,1
STR-001355,Control,B02,93.25,1.98,0.1764,688,15.72,0.3325,0.3903,62.83,29.29,1,5.5,0,0
STR-001356,TreatmentB,B01,90.7,1.39,0.257,285,12.17,0.5217,0.5091,6.91,14.49,5,7.93,1,1
STR-001357,Control,B03,111.89,1.92,0.2835,911,69.34,0.4922,0.282,41.78,37.56,2,7.03,1,1
STR-001358,Control,B03,74.64,2.8,0.2153,286,35.19,0.4185,0.2179,109.47,16.11,0,8.03,0,0
STR-001359,Control,B03,88.39,1.94,0.2472,164,25.74,0.2856,0.1925,51.4,18.2,2,10.32,0,1
STR-001360,TreatmentA,B03,102.73,1.55,0.1811,1194,15.55,0.5478,0.1274,54.72,29.02,3,7.72,1,0
STR-001361,TreatmentB,B03,83.74,1.16,0.2298,324,47.36,0.413,0.2146,13.09,28.03,1,9.54,1,0
STR-001362,TreatmentB,B03,105.15,0.68,0.1992,218,22.3,0.5159,0.1478,35.22,27.46,2,5.43,1,0
STR-001363,TreatmentA,B02,121.84,3.07,0.198,280,59.99,0.1841,0.2655,23.44,29.59,3,8.21,0,0
STR-001364,Control,B02,127.24,1.86,0.225,143,29.52,0.2434,0.2199,79.57,17.68,0,7.67,0,1
STR-001365,Control,B01,82.56,2.25,0.1985,550,37.79,0.256,0.2766,84.39,15.67,1,5.01,0,0
STR-001366,TreatmentA,B02,104.47,1.8,0.2737,478,26.58,0.195,0.3953,67.1,22.68,2,6.69,0,1
STR-001367,TreatmentA,B01,88.13,0.92,0.2125,202,48.78,0.208,0.2111,25.36,32.05,2,6.83,1,1
STR-001368,TreatmentB,B02,111.75,1.9,0.1937,202,25.41,0.548,0.3261,7.56,33.91,3,6.41,1,1
STR-001369,TreatmentB,B02,122.08,1.03,0.2067,287,18.88,0.4092,0.1709,21.16,26.8,1,8.63,1,0
STR-001370,TreatmentB,B01,108.2,1.48,0.2899,545,17.21,0.2397,0.2593,10.12,24.47,0,6.68,1,1
STR-001371,TreatmentA,B02,82.89,2.31,0.2618,178,74.82,0.5882,0.0907,41.69,21.18,3,6.59,0,0
STR-001372,Control,B03,90.18,3.68,0.2865,319,22.24,0.4295,0.1941,35.61,26.01,5,9.05,1,0
STR-001373,Control,B03,116.69,2.99,0.2452,462,29.0,0.5939,0.302,69.84,25.89,4,8.08,0,0
STR-001374,TreatmentB,B03,119.05,1.53,0.2203,501,13.81,0.4884,0.4514,104.26,34.64,1,6.38,0,1
STR-001375,Control,B02,88.21,2.35,0.1516,186,26.63,0.3741,0.277,27.54,18.47,0,7.15,1,1
STR-001376,Control,B02,105.39,2.41,0.235,1341,20.2,0.4497,0.4556,73.83,20.57,3,7.85,0,1
STR-001377,TreatmentA,B02,95.77,1.37,0.1895,599,17.67,0.5197,0.2431,20.26,26.98,5,2.78,1,0
STR-001378,Control,B03,93.18,4.19,0.2593,572,27.82,0.1342,0.4589,29.15,24.06,3,8.35,0,0
STR-001379,TreatmentA,B03,107.96,1.5,0.2106,544,18.15,0.3587,0.1772,25.26,20.94,4,8.73,1,0
STR-001380,Control,B03,111.89,2.14,0.236,196,18.82,0.3404,0.1571,54.73,19.09,1,6.74,0,1
STR-001381,TreatmentA,B03,84.34,1.64,0.1965,571,27.68,0.6046,0.2687,25.52,30.86,1,8.84,1,0
STR-001382,TreatmentA,B03,92.32,1.36,0.2237,2164,39.57,0.365,0.4744,45.55,20.77,5,6.18,1,0
STR-001383,TreatmentB,B02,87.11,1.86,0.2158,139,25.48,0.4709,0.3974,27.53,25.22,2,5.41,1,0
STR-001384,TreatmentA,B03,95.8,2.08,0.2158,779,141.55,0.3409,0.1225,32.38,22.25,3,4.89,1,1
STR-001385,Control,B01,118.1,2.26,0.2118,279,77.0,0.359,0.2553,40.66,28.11,2,6.68,1,0
STR-001386,TreatmentA,B01,85.12,1.56,0.1836,621,45.16,0.3887,0.3428,47.39,41.0,2,6.79,1,1
STR-001387,Control,B01,138.85,1.16,0.298,573,20.12,0.2739,0.6048,81.1,18.94,2,9.01,0,0
STR-001388,Control,B02,105.93,3.19,0.1845,244,22.09,0.2666,0.1563,40.61,31.06,2,5.19,0,1
STR-001389,TreatmentB,B01,108.57,1.14,0.2737,169,62.56,0.5744,0.2202,33.51,26.75,2,6.12,1,0
STR-001390,TreatmentB,B03,85.13,1.27,0.2093,176,24.73,0.441,0.2343,39.39,29.95,1,8.17,1,0
STR-001391,Control,B02,87.12,3.3,0.2713,132,39.27,0.39,0.1554,31.22,31.34,0,7.01,1,1
STR-001392,Control,B03,115.51,2.61,0.1994,146,23.8,0.4144,0.595,35.65,31.15,3,9.42,1,0
STR-001393,TreatmentB,B01,85.85,1.64,0.2515,382,18.28,0.3464,0.2767,26.26,26.26,1,8.52,1,0
STR-001394,Control,B03,106.41,2.43,0.2579,348,54.42,0.3774,0.3587,87.09,20.64,2,7.64,0,1
STR-001395,Control,B03,84.47,1.88,0.2507,304,19.69,0.2442,0.4571,45.98,17.42,3,7.59,0,0
STR-001396,Control,B01,81.67,3.16,0.2841,230,41.03,0.2493,0.5262,55.19,23.55,2,7.39,0,0
STR-001397,Control,B03,69.98,2.77,0.2247,386,21.84,0.4318,0.2997,59.71,33.74,2,5.86,0,1
STR-001398,Control,B01,92.86,1.31,0.224,383,51.44,0.4537,0.2415,42.31,26.75,5,7.34,1,1
STR-001399,Control,B03,124.33,2.62,0.2497,204,108.12,0.3514,0.4255,68.14,30.02,5,5.76,0,0
STR-001400,Control,B02,112.55,1.52,0.2271,216,29.35,0.3431,0.2031,40.16,25.22,2,9.5,1,0
STR-001401,TreatmentB,B03,98.44,1.36,0.2838,116,17.5,0.4727,0.2251,20.64,15.9,5,5.05,1,0
STR-001402,Control,B02,102.07,1.75,0.2724,148,52.32,0.5866,0.0816,48.02,35.53,3,6.7,0,0
STR-001403,TreatmentB,B01,105.84,1.48,0.2464,108,54.19,0.5997,0.437,20.1,20.49,1,7.51,1,1
STR-001404,TreatmentA,B01,131.69,1.51,0.1967,237,50.09,0.295,0.224,50.32,15.11,0,9.04,1,0
STR-001405,Control,B01,100.8,4.71,0.1783,900,21.38,0.6554,0.3694,42.35,17.16,2,6.03,0,1
STR-001406,TreatmentA,B03,87.49,1.47,0.1932,329,17.84,0.3901,0.0845,58.24,27.96,1,9.05,1,0
STR-001407,TreatmentB,B03,90.9,0.98,0.2463,205,42.33,0.4932,0.2661,43.32,32.58,0,6.67,0,0
STR-001408,TreatmentA,B01,102.92,1.51,0.2291,304,18.04,0.3744,0.2512,35.79,23.74,6,6.18,1,1
STR-001409,TreatmentB,B02,99.49,0.37,0.167,232,87.59,0.2851,0.2204,16.12,13.51,0,7.03,1,1
STR-001410,TreatmentA,B01,121.36,1.3,0.243,177,23.44,0.3472,0.1585,51.27,22.99,2,8.23,1,1
STR-001411,TreatmentB,B02,95.57,2.16,0.3032,340,20.1,0.2201,0.3223,11.27,32.44,3,5.81,0,0
STR-001412,TreatmentB,B03,110.12,1.84,0.3225,123,50.94,0.5631,0.1825,32.14,18.72,3,7.13,0,0
STR-001413,Control,B01,97.57,4.42,0.2259,329,33.79,0.3341,0.3831,60.52,23.97,2,8.32,0,0
STR-001414,TreatmentB,B01,99.02,1.05,0.2577,178,12.84,0.4054,0.3541,36.35,31.26,1,5.53,1,1
STR-001415,Control,B03,114.07,2.3,0.1751,193,34.16,0.2758,0.1873,34.44,21.6,3,9.53,0,0
STR-001416,TreatmentB,B02,104.57,0.79,0.2103,170,44.86,0.5316,0.2456,16.0,16.41,3,5.64,1,0
STR-001417,TreatmentA,B02,102.29,1.7,0.2131,415,13.23,0.4094,0.4293,15.52,24.34,0,5.77,0,0
STR-001418,Control,B02,114.32,3.36,0.1975,194,49.23,0.3177,0.1357,67.75,34.14,1,6.0,0,1
STR-001419,TreatmentA,B01,100.37,1.07,0.2356,364,79.0,0.395,0.1786,24.57,20.57,1,4.88,1,0
STR-001420,TreatmentA,B02,125.26,2.06,0.2081,250,25.25,0.3821,0.2565,20.99,19.35,3,7.34,1,1
STR-001421,Control,B02,89.05,2.78,0.221,278,38.92,0.4365,0.3444,35.34,37.19,5,7.6,0,1
STR-001422,Control,B02,99.08,2.31,0.2335,186,34.49,0.5313,0.1639,25.55,29.1,2,9.2,0,0
STR-001423,Control,B03,96.77,1.78,0.3115,176,19.07,0.3774,0.0624,55.46,33.7,2,6.54,1,1
STR-001424,Control,B03,97.03,2.42,0.234,712,162.49,0.3386,0.3341,31.6,33.56,2,7.72,1,1
STR-001425,TreatmentB,B03,90.8,1.46,0.2241,234,31.1,0.4692,0.1279,71.23,26.7,3,8.73,1,0
STR-001426,TreatmentB,B02,95.7,1.75,0.2508,268,41.32,0.6733,0.1479,32.8,21.82,5,6.67,1,1
STR-001427,TreatmentA,B02,123.06,1.67,0.2229,513,24.42,0.318,0.2297,52.64,36.7,2,6.81,1,1
STR-001428,TreatmentA,B02,107.75,1.91,0.2609,263,29.24,0.6391,0.2214,19.51,23.3,1,9.72,1,0
STR-001429,TreatmentA,B03,136.91,1.21,0.2415,148,83.39,0.3204,0.267,22.36,32.23,1,9.47,1,0
STR-001430,TreatmentB,B01,109.66,1.63,0.2515,524,13.89,0.2348,0.3015,32.41,17.08,1,8.16,1,1
STR-001431,TreatmentB,B03,105.12,1.42,0.2499,471,27.27,0.3175,0.4964,50.33,20.15,4,5.47,1,0
STR-001432,TreatmentA,B02,107.29,1.2,0.2596,79,16.33,0.4738,0.5228,71.65,23.83,5,4.77,0,0
STR-001433,Control,B03,84.85,2.46,0.2568,256,48.9,0.2652,0.2124,44.28,13.82,3,6.77,0,1
STR-001434,TreatmentB,B01,124.86,0.8,0.2321,332,15.48,0.6103,0.3177,17.58,37.93,1,9.78,1,0
STR-001435,Control,B01,116.34,2.79,0.2941,232,20.78,0.6232,0.5444,99.63,22.67,2,5.67,0,1
STR-001436,Control,B03,106.31,2.05,0.1899,252,27.94,0.4774,0.2289,45.4,23.19,4,6.12,0,0
STR-001437,TreatmentB,B02,127.31,1.15,0.1765,254,16.1,0.5262,0.1933,19.34,34.66,3,7.31,1,0
STR-001438,Control,B01,100.53,2.51,0.2683,637,36.23,0.2884,0.1927,41.88,21.77,4,8.77,1,0
STR-001439,TreatmentB,B02,81.4,1.73,0.2407,275,14.25,0.5778,0.0878,10.68,31.06,3,7.33,1,0
STR-001440,Control,B03,91.6,2.21,0.2901,553,14.12,0.5379,0.3572,53.3,22.0,2,6.42,0,0
STR-001441,Control,B03,124.46,2.47,0.2381,137,11.88,0.4021,0.1734,31.9,37.89,0,5.59,0,1
STR-001442,Control,B03,100.92,1.81,0.289,159,17.64,0.4532,0.2011,80.74,25.51,0,6.67,1,1
STR-001443,TreatmentA,B03,94.63,1.83,0.2164,312,20.27,0.5296,0.2653,30.93,25.02,0,5.62,1,0
STR-001444,Control,B03,93.05,2.12,0.2187,252,31.67,0.4221,0.1381,37.84,24.8,4,8.0,1,0
STR-001445,TreatmentB,B01,93.58,1.12,0.3023,588,42.98,0.3397,0.4498,43.54,36.39,1,6.22,0,0
STR-001446,TreatmentB,B02,78.32,1.3,0.2296,186,41.07,0.6285,0.2029,16.67,26.42,0,5.21,1,0
STR-001447,TreatmentB,B01,111.18,1.23,0.2979,154,76.47,0.608,0.0989,25.94,20.68,0,7.98,1,0
STR-001448,Control,B01,72.3,2.56,0.2004,100,89.08,0.5232,0.4437,33.69,32.55,2,8.27,0,1
STR-001449,Control,B01,114.56,1.98,0.2255,155,7.94,0.3964,0.2866,25.54,20.82,3,5.61,1,1
STR-001450,TreatmentB,B02,78.75,1.97,0.2443,169,41.24,0.5336,0.4239,13.09,34.79,1,6.09,1,1
STR-001451,TreatmentB,B01,111.72,1.61,0.2016,102,66.05,0.6481,0.3532,39.88,29.71,4,7.45,1,1
STR-001452,TreatmentA,B02,136.66,1.85,0.2144,235,40.14,0.3056,0.2962,19.72,27.3,5,5.51,1,0
STR-001453,TreatmentB,B01,103.16,2.09,0.2433,206,64.11,0.4107,0.4558,48.78,23.18,4,7.76,0,1
STR-001454,Control,B02,84.3,2.62,0.2171,71,10.69,0.2847,0.3064,68.71,20.19,1,6.89,0,0
STR-001455,TreatmentB,B03,86.96,2.47,0.2858,558,90.98,0.5311,0.424,18.52,21.77,4,7.96,0,1
STR-001456,TreatmentA,B01,96.95,2.4,0.1867,280,39.61,0.4992,0.2454,22.9,22.36,2,5.62,1,0
STR-001457,TreatmentB,B01,117.78,1.79,0.2589,372,31.43,0.407,0.2064,8.62,24.97,3,5.52,1,0
STR-001458,TreatmentA,B03,90.39,1.41,0.2597,704,60.36,0.1882,0.4303,21.5,28.88,4,8.55,1,0
STR-001459,TreatmentB,B03,97.19,1.02,0.3091,385,26.03,0.4023,0.3411,13.51,24.55,1,6.9,1,1
STR-001460,Control,B01,90.58,3.42,0.1785,224,18.3,0.1563,0.238,77.92,36.87,3,7.86,0,1
STR-001461,Control,B02,117.78,1.91,0.1562,222,51.06,0.2809,0.1706,47.91,28.06,2,6.29,0,1
STR-001462,TreatmentA,B01,98.16,2.07,0.2586,474,20.66,0.3444,0.1771,47.02,28.25,4,5.65,0,1
STR-001463,TreatmentB,B02,95.16,0.82,0.2421,166,46.78,0.4211,0.4035,16.57,8.23,2,7.54,1,1
STR-001464,TreatmentB,B03,97.62,1.06,0.2519,100,34.84,0.3313,0.3302,27.89,18.42,5,8.19,0,0
STR-001465,TreatmentA,B01,120.6,2.07,0.2147,275,14.97,0.2999,0.4031,50.64,14.9,0,5.45,0,0
STR-001466,Control,B01,138.55,2.27,0.1919,550,57.03,0.3517,0.3037,58.25,25.37,1,8.33,1,0
STR-001467,Control,B03,87.9,2.38,0.1807,379,32.25,0.4837,0.1908,48.46,15.14,3,10.09,1,0
STR-001468,TreatmentA,B03,97.92,2.47,0.2524,99,21.41,0.3009,0.4963,44.91,24.63,5,4.85,1,0
STR-001469,TreatmentA,B01,94.57,1.73,0.208,221,30.2,0.3629,0.196,46.84,22.14,1,6.39,0,0
STR-001470,Control,B03,101.56,2.05,0.2288,389,35.56,0.1713,0.1031,42.4,20.72,7,8.18,1,1
STR-001471,Control,B03,104.85,2.77,0.1567,643,12.87,0.38,0.2596,33.11,26.07,1,7.88,1,0
STR-001472,Control,B03,107.5,2.13,0.1588,69,13.36,0.5501,0.1927,65.12,24.74,5,7.9,1,1
STR-001473,TreatmentA,B01,94.97,1.13,0.2298,203,57.62,0.3598,0.3477,17.66,21.99,3,8.45,1,0
STR-001474,TreatmentA,B02,80.5,2.76,0.2124,143,63.77,0.5221,0.2897,30.76,25.38,0,5.66,1,0
STR-001475,TreatmentA,B03,86.62,1.71,0.2952,414,25.21,0.2967,0.3311,35.78,13.39,2,7.15,0,1
STR-001476,TreatmentA,B02,113.1,3.18,0.2054,193,27.76,0.3372,0.313,61.59,24.95,4,8.09,0,1
STR-001477,TreatmentB,B02,100.41,1.2,0.2613,280,64.39,0.3878,0.102,23.17,24.42,3,7.53,1,1
STR-001478,TreatmentA,B01,92.31,0.99,0.2332,356,20.57,0.5065,0.3127,61.2,28.58,2,9.73,1,0
STR-001479,TreatmentA,B01,95.11,1.44,0.2014,378,45.64,0.2458,0.3148,45.79,23.77,3,6.51,1,1
STR-001480,TreatmentB,B02,91.39,0.98,0.3053,236,41.32,0.2163,0.1983,16.52,31.0,3,7.11,1,1
STR-001481,TreatmentB,B01,91.43,1.52,0.233,400,10.01,0.3621,0.1861,32.46,21.34,4,5.25,1,0
STR-001482,TreatmentB,B02,69.04,1.76,0.2282,486,36.36,0.2792,0.1275,20.69,33.16,2,8.54,1,1
STR-001483,Control,B01,126.07,4.72,0.2269,93,65.05,0.4091,0.1746,103.28,27.42,2,6.39,0,1
STR-001484,Control,B02,100.98,2.29,0.2225,347,12.52,0.2021,0.6891,39.92,16.84,3,5.25,1,0
STR-001485,Control,B02,114.32,1.65,0.2497,234,17.97,0.437,0.3229,72.9,32.88,2,7.02,0,1
STR-001486,Control,B02,102.17,2.05,0.2573,630,19.14,0.2877,0.2999,42.31,33.47,2,5.74,0,0
STR-001487,TreatmentA,B02,92.17,1.29,0.1959,223,52.52,0.4552,0.2301,35.27,28.94,2,8.3,1,0
STR-001488,TreatmentA,B01,75.15,1.57,0.2903,599,37.89,0.387,0.2342,30.15,17.17,3,7.81,0,0
STR-001489,TreatmentB,B01,87.78,0.88,0.2534,591,41.61,0.2311,0.3909,37.57,21.59,1,6.1,1,0
STR-001490,TreatmentB,B01,114.04,2.13,0.2456,314,19.27,0.5272,0.4033,19.2,22.21,0,7.35,0,1
STR-001491,TreatmentA,B01,99.77,2.48,0.2232,142,30.83,0.3521,0.3568,44.86,25.18,3,5.81,0,0
STR-001492,Control,B03,127.96,3.26,0.2484,133,18.1,0.5452,0.2165,35.27,23.87,3,5.15,0,0
STR-001493,TreatmentA,B02,93.17,1.41,0.2148,261,37.43,0.3678,0.3618,31.35,21.39,2,4.51,0,0
STR-001494,Control,B03,105.82,2.29,0.2353,496,38.25,0.2502,0.5123,24.01,33.93,0,5.92,1,0
STR-001495,Control,B02,95.6,2.56,0.2323,160,24.22,0.5238,0.2257,31.88,22.15,2,6.1,0,0
STR-001496,TreatmentB,B02,100.07,2.35,0.2172,404,58.85,0.3141,0.1333,17.36,35.96,3,7.3,0,1
STR-001497,TreatmentB,B02,106.71,1.19,0.2259,348,210.99,0.2632,0.547,41.58,26.36,4,7.12,0,0
STR-001498,Control,B01,83.05,2.75,0.2587,312,33.1,0.2738,0.1438,54.83,31.33,2,6.84,0,1
STR-001499,TreatmentA,B03,111.87,1.74,0.2678,256,15.72,0.3873,0.147,24.16,15.43,3,6.19,1,1
STR-001500,TreatmentA,B02,119.56,1.36,0.2107,325,20.29,0.309,0.3576,12.7,21.71,1,6.42,1,1
STR-001501,TreatmentA,B03,99.89,1.35,0.2165,128,33.93,0.5163,0.1947,50.48,16.15,0,8.49,1,1
STR-001502,TreatmentB,B01,110.71,0.82,0.3319,237,20.5,0.5771,0.1149,36.44,31.13,1,7.95,1,0
STR-001503,TreatmentB,B03,79.48,2.34,0.2276,96,20.51,0.3281,0.2138,42.47,28.44,1,9.4,1,0
STR-001504,TreatmentA,B02,103.09,2.29,0.2265,326,38.43,0.3773,0.3869,53.94,21.61,0,7.48,0,0
STR-001505,TreatmentA,B01,100.72,2.05,0.2045,745,43.56,0.3715,0.2229,24.09,20.5,3,5.65,0,1
STR-001506,Control,B01,62.64,2.35,0.2325,156,45.75,0.3218,0.1618,27.0,29.18,3,6.12,1,0
STR-001507,TreatmentA,B01,81.2,1.77,0.2536,499,21.32,0.4619,0.2239,60.86,26.59,5,7.12,0,1
STR-001508,TreatmentA,B03,118.53,2.45,0.2154,796,9.11,0.3348,0.089,34.42,24.99,1,8.27,1,1
STR-001509,TreatmentA,B02,109.55,1.44,0.2628,291,20.84,0.4173,0.2574,18.14,26.23,2,6.26,1,1
STR-001510,Control,B03,85.03,2.46,0.2483,286,139.36,0.4069,0.3619,25.85,35.11,4,8.45,0,0
STR-001511,TreatmentA,B03,76.87,2.2,0.2575,323,37.75,0.1868,0.4366,34.53,18.29,1,8.35,1,0
STR-001512,Control,B01,84.43,3.15,0.191,144,23.01,0.31,0.3005,32.31,28.99,2,10.45,0,0
STR-001513,Control,B01,87.72,2.7,0.2487,69,115.13,0.1285,0.1784,35.39,28.01,1,6.46,1,1
STR-001514,TreatmentA,B03,107.68,1.98,0.1808,786,52.86,0.4048,0.3636,26.1,12.37,2,8.4,1,0
STR-001515,TreatmentA,B02,107.62,1.44,0.273,265,80.22,0.5774,0.3183,66.59,36.79,3,7.51,0,1
STR-001516,TreatmentB,B01,111.45,0.55,0.181,232,44.79,0.2135,0.3875,41.05,24.22,1,7.25,1,1
STR-001517,TreatmentA,B01,109.54,2.07,0.2185,778,39.14,0.4823,0.4005,37.87,29.91,2,8.29,0,1
STR-001518,Control,B01,92.17,3.55,0.1884,452,48.21,0.4117,0.2756,37.85,32.09,3,9.1,0,0
STR-001519,TreatmentA,B01,101.35,3.11,0.1376,437,30.17,0.7086,0.2178,38.06,21.55,1,8.01,0,0
STR-001520,TreatmentB,B02,120.29,2.21,0.2454,416,40.87,0.3036,0.3742,7.49,13.8,3,6.79,1,1
STR-001521,TreatmentA,B03,99.19,2.57,0.1918,542,72.95,0.3691,0.2037,40.16,23.47,1,8.53,0,1
STR-001522,TreatmentA,B01,103.61,1.38,0.2678,311,20.9,0.3671,0.4843,18.69,30.35,2,6.43,1,1
STR-001523,TreatmentB,B03,103.16,1.49,0.24,542,31.93,0.4352,0.256,25.18,16.08,2,6.32,1,1
STR-001524,TreatmentA,B02,91.58,3.0,0.2352,131,30.96,0.2983,0.3916,17.75,28.68,4,4.21,0,0
STR-001525,TreatmentB,B01,103.18,0.92,0.202,144,27.88,0.2006,0.2879,7.31,25.43,3,5.58,1,0
STR-001526,TreatmentA,B01,120.49,2.48,0.265,653,67.88,0.423,0.3267,42.35,29.09,3,6.44,0,0
STR-001527,Control,B02,105.85,2.04,0.2326,184,16.62,0.1664,0.2225,23.04,17.06,4,5.48,1,1
STR-001528,TreatmentA,B01,65.84,2.32,0.2927,254,18.17,0.4136,0.2474,51.65,24.31,1,6.08,0,0
STR-001529,Control,B02,127.17,2.11,0.1918,169,19.89,0.3143,0.4583,42.48,26.03,1,7.01,1,0
STR-001530,Control,B03,133.71,1.6,0.255,223,42.94,0.2049,0.233,30.57,17.85,4,4.6,1,0
STR-001531,TreatmentB,B01,85.91,0.74,0.2666,377,20.44,0.1065,0.3619,25.33,22.62,4,7.09,1,0
STR-001532,TreatmentA,B01,95.02,2.02,0.2767,199,44.24,0.3142,0.2564,29.5,6.6,3,5.2,0,1
STR-001533,TreatmentB,B01,68.12,1.88,0.2406,234,42.31,0.528,0.2768,21.69,28.24,5,9.51,1,0
STR-001534,TreatmentB,B02,91.56,1.35,0.2307,127,23.16,0.3464,0.3405,19.45,18.49,1,5.05,1,0
STR-001535,TreatmentB,B02,74.18,2.07,0.1918,276,31.42,0.4198,0.3019,26.99,21.79,4,7.38,0,1
STR-001536,TreatmentB,B03,76.6,1.52,0.247,292,29.06,0.1656,0.2052,12.73,17.05,2,7.54,1,1
STR-001537,Control,B01,88.69,1.57,0.2674,474,25.64,0.4936,0.4526,32.66,33.14,0,6.28,0,1
STR-001538,TreatmentA,B03,93.94,1.25,0.2672,542,36.59,0.4135,0.2832,21.24,21.47,4,6.64,0,1
STR-001539,TreatmentB,B03,73.97,2.48,0.2375,1128,34.96,0.573,0.3311,27.48,24.53,1,5.09,1,0
STR-001540,TreatmentA,B02,101.65,1.92,0.2013,171,127.38,0.3075,0.2871,56.61,26.18,1,8.04,0,0
STR-001541,TreatmentA,B02,107.83,1.43,0.254,148,13.42,0.5221,0.2327,19.08,26.63,3,7.43,1,0
STR-001542,TreatmentB,B02,111.75,1.9,0.215,139,17.62,0.6039,0.1356,15.76,30.75,2,6.17,1,0
STR-001543,Control,B03,96.96,1.51,0.2612,474,44.53,0.5131,0.2191,32.49,23.04,3,6.09,0,0
STR-001544,TreatmentA,B02,127.92,1.57,0.2388,414,9.26,0.6027,0.5289,38.16,22.42,2,7.81,1,1
STR-001545,TreatmentB,B01,107.23,1.47,0.2016,404,58.75,0.5469,0.2695,24.64,16.62,4,7.53,1,1
STR-001546,TreatmentA,B02,109.1,1.48,0.2286,353,23.39,0.4507,0.1866,47.73,26.43,1,6.17,0,1
STR-001547,Control,B03,67.71,2.48,0.2819,181,37.74,0.4876,0.1811,65.04,35.25,3,6.07,0,0
STR-001548,Control,B01,149.03,2.96,0.2792,280,18.26,0.5111,0.1755,85.42,29.72,2,4.87,0,0
STR-001549,TreatmentB,B02,89.3,1.59,0.2662,197,5.31,0.3721,0.4892,9.3,35.22,1,7.23,0,1
STR-001550,TreatmentB,B01,110.84,1.8,0.2151,284,34.95,0.5294,0.1446,31.32,15.87,2,8.11,1,0
STR-001551,TreatmentA,B01,97.64,2.87,0.2123,178,44.59,0.4255,0.3223,50.33,18.32,2,5.17,1,0
STR-001552,Control,B02,104.43,1.86,0.173,136,35.8,0.2362,0.2663,58.25,26.4,8,4.93,1,0
STR-001553,TreatmentB,B03,117.87,1.69,0.2422,676,20.99,0.4463,0.4137,18.17,21.25,1,5.8,1,0
STR-001554,TreatmentA,B01,130.59,2.43,0.233,184,27.57,0.5671,0.1976,43.82,13.55,2,6.41,0,1
STR-001555,TreatmentA,B03,85.35,1.86,0.1769,194,22.67,0.2002,0.3283,27.7,20.29,0,6.51,1,0
STR-001556,Control,B01,81.8,2.33,0.247,267,33.07,0.3487,0.2035,38.28,35.77,2,9.26,1,0
STR-001557,TreatmentA,B03,117.07,2.15,0.2173,278,12.93,0.4113,0.3491,34.12,30.25,4,4.95,0,0
STR-001558,Control,B03,115.9,2.13,0.2857,178,29.91,0.5378,0.2699,69.36,26.85,1,4.22,1,0
STR-001559,TreatmentB,B01,80.01,1.46,0.215,681,36.23,0.3165,0.2368,31.94,20.47,3,6.84,1,1
STR-001560,Control,B03,119.89,2.07,0.2689,327,16.46,0.4086,0.5995,39.67,22.4,2,5.34,0,0
STR-001561,TreatmentA,B02,114.77,2.81,0.263,173,44.08,0.1726,0.2092,38.92,28.24,2,9.19,0,0
STR-001562,TreatmentB,B02,105.48,0.85,0.2711,300,39.31,0.7689,0.3385,34.36,16.19,2,4.06,0,0
STR-001563,TreatmentA,B02,134.08,1.14,0.2346,241,11.84,0.6636,0.461,131.01,23.81,3,8.6,0,1
STR-001564,TreatmentB,B02,111.86,0.91,0.3311,837,13.67,0.4746,0.2232,7.77,28.43,2,5.65,0,0
STR-001565,TreatmentB,B03,111.03,0.6,0.2514,242,12.1,0.596,0.4248,8.68,26.44,2,5.59,1,1
STR-001566,TreatmentB,B02,113.59,1.75,0.2821,480,46.02,0.4264,0.2282,34.38,32.38,4,6.42,0,1
STR-001567,TreatmentA,B02,88.57,1.65,0.189,281,50.04,0.2531,0.4978,51.71,29.75,2,6.29,1,0
STR-001568,TreatmentB,B02,105.83,1.25,0.2018,665,29.05,0.5621,0.1619,34.11,24.99,3,8.35,0,0
STR-001569,Control,B02,98.19,2.97,0.2512,257,41.91,0.1886,0.2878,50.26,18.83,1,6.45,0,1
STR-001570,TreatmentB,B02,84.23,1.0,0.1675,483,41.81,0.4502,0.4359,25.5,16.1,1,5.65,1,1
STR-001571,TreatmentB,B01,103.91,1.76,0.2499,386,21.47,0.2416,0.2383,70.73,22.49,2,7.33,0,1
STR-001572,TreatmentB,B03,94.34,1.07,0.2647,368,12.99,0.427,0.5504,22.8,22.99,2,7.94,0,1
STR-001573,Control,B01,117.39,1.93,0.2215,604,16.38,0.5847,0.3436,68.16,10.82,3,6.1,0,1
STR-001574,TreatmentB,B02,95.92,1.85,0.2797,188,31.79,0.3406,0.1785,12.85,17.16,0,7.68,1,1
STR-001575,TreatmentB,B03,91.69,1.3,0.2175,198,43.77,0.6766,0.023,20.46,26.77,3,9.13,1,0
STR-001576,TreatmentB,B01,96.19,1.55,0.2869,447,32.77,0.2687,0.4877,16.62,32.19,0,7.82,0,0
STR-001577,TreatmentA,B01,110.41,1.47,0.3016,361,19.53,0.4172,0.2587,37.33,26.45,1,1.97,0,0
STR-001578,Control,B01,85.88,5.4,0.2406,183,15.52,0.3931,0.3444,34.91,21.58,0,6.67,0,1
STR-001579,Control,B02,115.07,1.79,0.1871,436,52.37,0.2597,0.1186,30.73,23.73,1,7.84,1,1
STR-001580,TreatmentA,B02,104.05,1.52,0.3013,145,16.29,0.2718,0.2134,20.57,23.11,3,5.93,0,1
STR-001581,TreatmentB,B03,102.89,1.95,0.26,289,25.94,0.3431,0.1963,69.47,22.07,2,7.02,0,1
STR-001582,TreatmentB,B01,67.71,1.95,0.2735,331,52.7,0.4771,0.1004,33.29,18.57,3,6.76,0,0
STR-001583,TreatmentB,B02,117.93,1.54,0.2759,204,29.42,0.6001,0.404,30.04,22.09,3,5.06,1,1
STR-001584,Control,B01,89.94,2.59,0.2315,290,73.93,0.4255,0.2327,30.78,25.9,2,5.17,0,0
STR-001585,TreatmentB,B02,81.94,2.03,0.2317,167,17.43,0.615,0.1356,14.64,19.7,2,5.66,0,0
STR-001586,TreatmentB,B02,84.98,0.96,0.2018,228,15.56,0.2856,0.267,37.39,12.65,0,5.15,1,0
STR-001587,TreatmentA,B01,90.92,1.32,0.2173,539,41.5,0.3008,0.1151,33.5,23.65,4,9.16,1,0
STR-001588,Control,B01,85.53,2.39,0.2691,577,67.05,0.3445,0.2398,39.48,26.81,1,7.14,0,0
STR-001589,TreatmentA,B02,75.72,3.22,0.2408,283,56.98,0.5644,0.3616,33.46,29.67,3,4.56,0,1
STR-001590,TreatmentA,B02,70.24,2.17,0.1981,242,18.44,0.2784,0.4782,33.92,30.93,3,8.29,1,0
STR-001591,TreatmentB,B03,117.53,1.83,0.278,278,37.09,0.3624,0.4546,59.11,23.24,4,5.4,0,0
STR-001592,Control,B02,106.5,3.1,0.2631,125,14.92,0.3887,0.2928,68.26,25.71,4,7.07,0,1
STR-001593,Control,B02,73.36,1.96,0.1505,876,17.44,0.3219,0.2366,43.9,40.41,1,8.14,1,1
STR-001594,TreatmentA,B02,84.42,1.25,0.2232,313,26.38,0.5264,0.1283,15.57,26.39,3,6.6,1,0
STR-001595,TreatmentB,B01,90.21,1.43,0.2507,397,27.58,0.2897,0.2577,21.36,26.65,1,5.81,1,1
STR-001596,TreatmentA,B02,82.8,1.45,0.2337,355,31.02,0.3551,0.164,22.33,30.01,2,9.45,1,0
STR-001597,TreatmentA,B03,106.11,1.43,0.2378,243,19.64,0.4701,0.241,41.26,24.19,1,7.51,1,1
STR-001598,TreatmentA,B02,121.95,2.23,0.243,103,18.55,0.1674,0.3375,20.41,19.7,1,6.97,1,1
STR-001599,Control,B03,105.81,2.57,0.2238,131,34.39,0.4937,0.151,21.74,16.27,2,7.97,0,0
STR-001600,Control,B01,125.78,3.59,0.245,295,38.86,0.4003,0.347,24.97,16.13,1,9.27,0,0
STR-001601,Control,B03,100.0,2.2,0.1984,270,24.23,0.6207,0.1715,41.71,31.05,4,5.72,1,0
STR-001602,TreatmentA,B01,102.74,2.9,0.2596,264,45.8,0.3209,0.4652,16.01,24.43,4,4.88,0,0
STR-001603,TreatmentB,B01,81.46,0.88,0.2681,158,70.12,0.4373,0.5495,11.87,17.66,3,5.98,1,1
STR-001604,TreatmentA,B03,100.0,2.82,0.2638,255,60.92,0.4501,0.2596,37.27,27.29,1,7.77,0,0
STR-001605,TreatmentA,B03,79.64,1.96,0.2712,198,95.61,0.4112,0.4778,16.34,24.01,1,5.84,0,1
STR-001606,TreatmentB,B02,121.46,2.06,0.2533,217,37.28,0.5266,0.4557,32.72,34.22,2,6.43,0,1
STR-001607,TreatmentA,B02,73.02,2.05,0.2195,495,62.39,0.5777,0.4852,79.98,18.2,2,10.06,1,1
STR-001608,TreatmentA,B03,109.56,2.97,0.2268,509,35.49,0.3925,0.3323,13.98,17.36,0,9.56,1,0
STR-001609,Control,B03,69.09,1.97,0.2223,295,15.13,0.7465,0.4404,39.89,33.77,0,5.27,1,1
STR-001610,TreatmentA,B01,97.59,2.02,0.2408,150,53.85,0.5711,0.2552,56.73,21.26,3,7.92,0,1
STR-001611,Control,B02,123.66,3.18,0.2105,188,27.38,0.585,0.1879,95.79,29.82,6,9.85,0,0
STR-001612,TreatmentA,B03,87.73,1.81,0.2468,253,53.0,0.3167,0.2687,70.13,16.69,1,5.51,0,0
STR-001613,TreatmentB,B02,91.1,1.17,0.2686,313,28.3,0.4679,0.2926,31.76,20.11,4,7.89,1,0
STR-001614,TreatmentB,B02,81.48,4.84,0.1978,168,8.45,0.4413,0.238,40.73,34.05,5,7.42,0,1
STR-001615,TreatmentB,B01,100.36,3.27,0.2475,296,72.8,0.5031,0.1374,38.61,23.9,3,7.31,0,1
STR-001616,Control,B01,69.02,2.89,0.257,245,67.65,0.4215,0.2896,37.3,20.5,3,7.72,0,1
STR-001617,TreatmentB,B01,110.21,1.47,0.2213,555,17.83,0.3495,0.1526,13.63,17.42,2,6.97,0,1
STR-001618,TreatmentA,B03,105.7,3.13,0.2632,118,17.74,0.3683,0.3984,28.31,23.43,1,6.92,0,0
STR-001619,TreatmentB,B02,89.33,2.83,0.2626,190,32.44,0.5129,0.1754,49.6,31.53,3,6.75,1,1
STR-001620,TreatmentA,B02,91.26,2.38,0.1845,432,36.15,0.4806,0.4501,48.69,16.33,2,5.23,1,1
STR-001621,TreatmentA,B01,69.65,2.56,0.257,329,29.41,0.3815,0.2994,22.12,29.92,4,6.95,0,1
STR-001622,Control,B02,114.76,1.44,0.2415,211,23.62,0.3574,0.3987,39.12,16.53,3,6.36,1,1
STR-001623,TreatmentB,B03,89.12,0.56,0.2744,88,13.65,0.2667,0.3235,31.21,30.74,1,9.24,0,0
STR-001624,Control,B01,107.33,2.46,0.2164,146,37.11,0.4089,0.3461,57.6,16.61,2,4.06,0,0
STR-001625,TreatmentA,B03,89.3,3.55,0.268,309,42.93,0.4648,0.196,28.01,13.61,1,5.65,0,0
STR-001626,TreatmentA,B03,123.85,3.01,0.2004,138,49.22,0.4641,0.2674,21.76,30.07,2,9.1,0,0
STR-001627,TreatmentA,B03,106.88,1.14,0.1855,151,52.47,0.3221,0.0833,15.57,26.05,7,8.25,1,1
STR-001628,Control,B03,80.19,3.05,0.2435,94,61.03,0.4986,0.1508,40.07,28.31,3,5.95,0,0
STR-001629,Control,B02,83.84,3.36,0.2449,139,27.04,0.5362,0.2813,40.48,29.71,2,6.61,0,1
STR-001630,Control,B01,93.97,1.65,0.2897,656,22.8,0.7273,0.5684,67.98,26.59,2,7.22,0,1
STR-001631,TreatmentB,B01,114.3,0.75,0.1801,499,57.12,0.1913,0.3969,26.99,28.86,3,7.5,1,0
STR-001632,Control,B03,106.63,2.49,0.2625,509,27.74,0.2053,0.1992,45.94,19.78,2,6.91,0,1
STR-001633,Control,B03,102.24,2.54,0.2065,214,32.11,0.1335,0.5861,57.66,30.23,3,3.28,0,0
STR-001634,TreatmentB,B03,109.15,1.32,0.1867,397,34.39,0.4419,0.3283,29.24,28.98,1,5.75,1,0
STR-001635,TreatmentA,B02,87.31,1.85,0.2537,109,32.45,0.4231,0.3492,18.59,32.88,2,6.15,0,1
STR-001636,TreatmentA,B02,92.21,1.13,0.2331,239,76.9,0.4558,0.4053,14.26,12.27,4,6.58,1,1
STR-001637,TreatmentB,B02,115.09,0.85,0.236,237,7.48,0.6754,0.1624,29.29,18.3,1,7.14,1,0
STR-001638,TreatmentA,B03,110.05,2.51,0.2823,281,14.36,0.5609,0.3355,53.92,21.62,1,7.47,0,1
STR-001639,TreatmentA,B03,83.64,1.34,0.2061,300,51.35,0.3636,0.5258,55.28,31.09,4,4.17,1,0
STR-001640,TreatmentA,B03,91.03,2.86,0.2289,370,46.65,0.3723,0.2525,58.23,17.16,3,6.57,0,1
STR-001641,Control,B02,116.01,3.44,0.1696,303,10.62,0.3051,0.2174,43.99,20.54,2,4.44,1,1
STR-001642,Control,B03,108.27,2.25,0.2658,114,32.48,0.4815,0.1615,54.19,21.31,1,6.74,0,1
STR-001643,Control,B02,109.2,2.16,0.2342,378,24.49,0.5999,0.1829,26.5,25.47,5,6.25,1,0
STR-001644,Control,B01,102.9,1.62,0.2702,202,115.1,0.1987,0.277,48.72,18.11,2,7.25,1,1
STR-001645,TreatmentB,B03,54.0,0.84,0.2493,194,47.45,0.1775,0.2233,16.89,16.7,3,8.51,0,1
STR-001646,TreatmentA,B02,64.12,1.76,0.2456,433,9.08,0.4904,0.1351,37.23,25.26,3,4.48,0,0
STR-001647,TreatmentB,B03,106.91,1.89,0.2602,602,28.1,0.2441,0.1731,15.72,23.04,4,8.2,0,1
STR-001648,Control,B03,122.13,1.92,0.2501,80,32.89,0.3881,0.3497,32.11,27.97,3,3.9,0,0
STR-001649,Control,B02,80.24,1.95,0.2383,221,16.2,0.5236,0.198,65.79,36.44,3,8.61,1,0
STR-001650,Control,B02,93.5,2.53,0.2839,252,30.26,0.4022,0.4226,28.41,20.56,2,4.96,0,0
STR-001651,Control,B03,106.52,2.64,0.1956,112,16.71,0.3795,0.241,65.89,27.06,0,9.33,0,0
STR-001652,TreatmentA,B01,115.06,1.86,0.2117,257,29.76,0.6355,0.0472,33.23,26.28,1,8.28,0,0
STR-001653,TreatmentB,B01,83.73,2.41,0.292,118,44.46,0.2769,0.4641,16.63,26.17,0,6.12,0,0
STR-001654,TreatmentA,B02,114.07,1.57,0.2228,479,32.07,0.2585,0.0854,42.02,32.93,0,8.31,1,1
STR-001655,TreatmentB,B03,92.37,1.45,0.2629,145,26.85,0.3453,0.1159,82.88,26.03,2,5.38,0,1
STR-001656,Control,B01,100.84,2.33,0.2869,150,28.04,0.2674,0.0828,69.65,20.04,2,9.41,0,1
STR-001657,Control,B02,111.36,2.48,0.2958,183,25.78,0.401,0.2283,49.38,22.47,2,5.26,0,1
STR-001658,TreatmentA,B02,113.43,4.8,0.2264,363,16.66,0.3907,0.2199,14.62,27.84,2,10.68,0,0
STR-001659,TreatmentA,B03,91.65,1.23,0.2147,125,47.63,0.3723,0.2739,54.44,20.23,2,6.61,1,1
STR-001660,TreatmentB,B01,103.22,1.61,0.2053,1106,66.42,0.4774,0.1832,41.3,15.88,4,7.17,1,1
STR-001661,TreatmentB,B02,93.77,1.4,0.2152,168,25.84,0.58,0.3229,26.85,18.71,3,7.69,1,1
STR-001662,Control,B02,97.26,2.18,0.189,158,46.96,0.4395,0.323,45.93,30.05,4,8.91,1,0
STR-001663,TreatmentA,B01,99.37,4.11,0.1744,68,32.74,0.4718,0.3888,45.34,23.37,2,5.11,0,0
STR-001664,TreatmentB,B02,119.75,2.1,0.2163,114,72.95,0.4987,0.3647,11.21,25.15,3,7.56,0,1
STR-001665,Control,B01,104.86,2.03,0.1941,339,24.09,0.3096,0.4693,37.56,24.14,2,9.22,1,0
STR-001666,TreatmentB,B03,123.41,2.11,0.2632,343,36.69,0.3626,0.2848,31.9,28.9,2,10.11,0,0
STR-001667,TreatmentA,B02,61.71,2.82,0.2179,549,43.56,0.2767,0.3931,34.41,20.69,0,8.91,0,0
STR-001668,TreatmentB,B01,121.14,1.4,0.1994,435,43.03,0.1992,0.1948,26.65,28.89,3,3.89,1,1
STR-001669,Control,B01,97.75,2.6,0.2016,343,30.91,0.3967,0.4288,41.92,14.02,2,6.59,1,1
STR-001670,TreatmentA,B03,134.96,1.73,0.212,327,106.66,0.4957,0.4991,25.52,25.38,2,8.23,1,1
STR-001671,TreatmentB,B02,92.63,1.39,0.2117,178,38.74,0.3952,0.2748,44.42,11.98,2,6.68,1,1
STR-001672,TreatmentB,B01,99.81,0.82,0.2796,235,41.56,0.4073,0.2142,35.98,30.12,0,7.99,1,0
STR-001673,TreatmentB,B03,82.18,0.99,0.2158,151,27.53,0.2687,0.3922,12.57,18.59,2,10.29,1,0
STR-001674,TreatmentA,B02,78.89,1.85,0.2073,254,39.04,0.2579,0.2931,30.19,32.8,2,5.07,1,0
STR-001675,TreatmentA,B02,90.75,2.66,0.2022,235,89.22,0.1994,0.1851,65.15,33.01,1,5.1,1,0
STR-001676,Control,B03,109.69,2.48,0.3004,518,42.9,0.3243,0.2709,52.49,24.86,1,3.95,0,0
STR-001677,TreatmentA,B02,79.64,1.92,0.2518,403,32.11,0.7315,0.2248,35.05,18.13,1,2.87,1,0
STR-001678,Control,B02,113.43,2.01,0.206,100,143.2,0.3102,0.3977,50.71,29.81,7,7.12,0,1
STR-001679,TreatmentA,B03,64.59,2.3,0.2412,286,27.24,0.553,0.2649,33.01,19.43,5,7.23,0,1
STR-001680,Control,B03,98.25,2.49,0.2345,254,48.52,0.417,0.2285,46.93,23.76,1,7.26,1,0
STR-001681,Control,B01,117.37,1.47,0.2138,636,62.21,0.29,0.205,26.18,20.64,5,8.31,1,1
STR-001682,TreatmentA,B01,97.11,2.62,0.2657,276,13.52,0.4498,0.4789,13.57,33.11,5,6.69,0,1
STR-001683,Control,B01,90.81,1.84,0.2692,103,51.71,0.3942,0.3694,48.4,20.15,3,8.13,0,0
STR-001684,TreatmentA,B01,118.36,1.89,0.1833,199,68.4,0.4338,0.5207,30.17,32.34,4,5.29,0,0
STR-001685,TreatmentB,B02,87.68,2.74,0.2415,93,126.2,0.2771,0.1677,9.94,6.92,1,6.61,1,1
STR-001686,TreatmentB,B01,90.56,1.86,0.2332,297,39.87,0.5243,0.2655,5.39,12.74,1,5.34,1,1
STR-001687,TreatmentA,B02,84.47,2.14,0.2718,198,20.69,0.1104,0.1531,34.12,19.98,1,7.03,0,1
STR-001688,Control,B02,105.31,2.19,0.298,236,19.42,0.219,0.2309,23.05,22.54,2,7.09,0,1
STR-001689,TreatmentA,B01,108.5,1.75,0.2108,208,52.9,0.1779,0.4151,41.7,20.85,2,9.41,0,0
STR-001690,Control,B03,87.87,4.48,0.1843,57,25.57,0.4294,0.4309,45.79,28.1,2,8.64,0,0
STR-001691,Control,B01,110.85,2.22,0.2662,213,31.99,0.4418,0.2465,50.84,22.44,1,4.14,0,0
STR-001692,TreatmentA,B02,96.99,0.9,0.2738,367,28.41,0.312,0.6618,42.99,23.24,5,9.32,1,0
STR-001693,TreatmentA,B01,91.12,1.0,0.2387,1146,45.63,0.2374,0.256,43.4,22.98,1,6.58,0,1
STR-001694,Control,B02,133.1,4.14,0.2288,211,28.89,0.5951,0.2467,38.64,16.55,3,8.44,0,0
STR-001695,TreatmentB,B03,98.55,0.85,0.2306,105,33.35,0.2713,0.3078,41.46,22.64,4,5.1,1,0
STR-001696,TreatmentB,B02,116.24,1.17,0.2208,172,32.44,0.6863,0.3263,10.34,20.69,2,7.14,1,1
STR-001697,TreatmentB,B01,112.45,2.33,0.1828,291,28.36,0.2018,0.3613,16.95,19.04,2,6.08,1,0
STR-001698,Control,B03,68.75,1.98,0.1504,141,29.76,0.3327,0.3476,50.87,25.19,3,9.23,0,0
STR-001699,Control,B02,111.48,2.09,0.2379,91,64.71,0.3709,0.3116,53.04,19.05,4,5.0,0,0
STR-001700,Control,B03,84.07,3.2,0.2086,363,60.11,0.2131,0.4799,40.85,22.39,5,5.87,1,0
STR-001701,TreatmentB,B01,101.16,1.62,0.2464,380,31.15,0.6317,0.1403,20.81,32.41,3,6.11,1,0
STR-001702,TreatmentA,B01,64.97,1.49,0.2544,163,35.99,0.4605,0.3457,15.27,16.45,2,5.87,0,1
STR-001703,TreatmentA,B01,120.8,0.99,0.2438,435,14.77,0.3149,0.0774,28.8,28.29,4,7.47,1,1
STR-001704,TreatmentB,B03,71.56,2.05,0.1976,481,60.6,0.5526,0.4057,28.6,26.91,0,10.85,1,1
STR-001705,Control,B02,130.84,2.62,0.2821,498,25.25,0.4188,0.3068,61.69,30.58,2,3.92,0,0
STR-001706,TreatmentB,B01,110.21,1.47,0.249,288,52.35,0.3087,0.2914,38.71,26.21,3,6.15,0,1
STR-001707,TreatmentB,B02,86.76,1.29,0.2109,359,45.84,0.5696,0.4484,17.01,22.11,1,6.72,1,1
STR-001708,TreatmentA,B03,103.12,1.84,0.2363,177,17.24,0.3089,0.6609,26.21,34.78,1,5.71,1,0
STR-001709,TreatmentB,B02,97.81,1.11,0.2041,262,26.5,0.4699,0.2404,38.67,14.95,1,8.08,1,1
STR-001710,Control,B01,105.53,1.61,0.2585,171,16.76,0.4575,0.2544,29.07,18.24,3,7.82,1,1
STR-001711,TreatmentA,B02,85.78,1.4,0.2146,132,5.81,0.3098,0.2871,17.37,23.17,3,7.17,1,0
STR-001712,TreatmentB,B02,93.26,1.6,0.2765,875,37.42,0.3759,0.1204,50.94,26.92,1,7.83,0,1
STR-001713,TreatmentA,B03,93.84,2.54,0.2581,453,64.01,0.3327,0.3582,8.79,22.37,3,7.89,0,0
STR-001714,TreatmentA,B01,85.71,1.17,0.2308,505,37.14,0.3315,0.2069,102.49,13.41,4,4.54,0,0
STR-001715,Control,B01,83.76,3.13,0.2139,429,46.59,0.2635,0.3005,42.78,16.34,1,7.07,1,1
STR-001716,TreatmentB,B03,98.28,0.31,0.2152,464,12.76,0.5158,0.3016,21.07,18.21,0,7.35,1,1
STR-001717,Control,B03,103.53,3.16,0.2856,250,41.95,0.6232,0.123,23.83,28.52,0,8.89,0,0
STR-001718,Control,B02,87.07,1.95,0.2504,238,33.86,0.5146,0.3533,40.94,21.33,2,5.82,0,0
STR-001719,TreatmentB,B02,98.11,1.73,0.1916,117,40.56,0.7173,0.3229,15.8,18.92,2,8.82,0,0
STR-001720,TreatmentA,B03,132.75,1.81,0.2391,135,32.27,0.431,0.2313,29.98,36.27,3,6.2,0,0
STR-001721,Control,B02,115.4,2.08,0.2514,355,29.28,0.1012,0.4106,55.47,18.81,1,6.24,1,0
STR-001722,TreatmentA,B01,104.95,1.79,0.2127,159,42.52,0.3555,0.1216,18.34,22.95,6,6.6,1,1
STR-001723,TreatmentB,B03,105.56,1.59,0.2481,285,42.9,0.3629,0.5464,54.25,30.73,0,4.71,0,0
STR-001724,TreatmentA,B01,96.29,2.52,0.2012,125,10.68,0.4326,0.1517,20.85,25.16,0,9.11,0,0
STR-001725,TreatmentA,B01,93.44,1.88,0.2845,219,57.23,0.463,0.1367,41.26,25.9,2,6.98,0,1
STR-001726,Control,B03,102.94,2.1,0.3203,322,29.3,0.3504,0.6135,44.19,17.85,2,5.82,0,0
STR-001727,TreatmentB,B01,124.52,0.99,0.2239,219,23.76,0.4657,0.3786,36.03,30.31,4,7.31,0,1
STR-001728,TreatmentA,B02,96.99,1.53,0.2402,228,18.85,0.4977,0.3132,18.71,35.33,2,7.7,0,0
STR-001729,Control,B01,87.84,2.42,0.1904,155,28.12,0.371,0.5131,30.67,17.76,1,5.56,0,0
STR-001730,TreatmentA,B03,69.04,1.98,0.2077,382,51.72,0.3211,0.1333,12.44,32.12,2,6.44,1,1
STR-001731,Control,B01,114.9,2.07,0.2459,521,13.06,0.8521,0.2104,30.76,21.69,0,4.83,1,0
STR-001732,Control,B03,103.89,2.72,0.2669,208,48.97,0.3256,0.2783,40.94,29.49,2,8.05,0,0
STR-001733,TreatmentA,B01,89.32,2.84,0.1849,173,19.75,0.4161,0.4248,26.22,31.84,2,9.09,0,0
STR-001734,TreatmentB,B01,86.48,0.78,0.2911,353,12.16,0.3552,0.3408,21.38,28.74,1,7.91,1,0
STR-001735,Control,B03,117.83,2.75,0.3031,158,42.52,0.6825,0.3626,34.46,18.58,4,7.86,0,1
STR-001736,Control,B01,119.35,1.29,0.1787,281,32.27,0.3918,0.2085,73.61,27.08,5,8.29,0,1
STR-001737,Control,B01,97.0,4.25,0.1782,858,14.6,0.4495,0.0871,45.43,27.26,0,6.89,0,1
STR-001738,TreatmentA,B02,117.66,1.79,0.2006,171,63.15,0.2228,0.3139,27.39,35.04,3,7.76,1,0
STR-001739,TreatmentA,B01,88.06,2.6,0.2402,159,102.25,0.1573,0.2897,20.88,14.25,3,5.55,0,0
STR-001740,TreatmentA,B02,93.44,1.86,0.2086,252,65.43,0.4145,0.2238,18.13,25.42,2,6.5,1,1
STR-001741,Control,B03,108.96,1.54,0.1633,322,35.67,0.4044,0.3961,35.27,29.31,1,8.14,1,1
STR-001742,TreatmentA,B02,118.46,1.21,0.2554,273,9.73,0.3525,0.4211,27.71,17.2,1,7.48,1,1
STR-001743,TreatmentB,B03,98.65,1.11,0.1927,176,63.16,0.5123,0.1148,8.92,25.83,2,5.3,1,0
STR-001744,TreatmentA,B02,85.51,2.19,0.205,415,38.1,0.5834,0.1246,49.42,25.15,3,9.38,0,0
STR-001745,TreatmentB,B01,104.19,3.32,0.1819,1177,43.65,0.4347,0.3476,53.71,28.7,5,8.08,1,1
STR-001746,Control,B03,142.04,2.23,0.2913,108,17.4,0.233,0.2288,47.69,23.57,4,8.81,0,1
STR-001747,TreatmentA,B02,95.62,1.48,0.1804,322,75.24,0.4199,0.1576,86.86,16.64,5,5.94,1,1
STR-001748,Control,B03,89.9,1.96,0.2005,171,29.82,0.4037,0.3099,36.78,23.72,3,4.96,1,0
STR-001749,Control,B01,89.91,2.04,0.2247,502,55.24,0.223,0.3646,51.74,26.84,2,7.37,1,0
STR-001750,TreatmentA,B02,124.23,2.53,0.1944,862,15.91,0.175,0.3621,24.3,28.83,4,6.29,1,1
STR-001751,TreatmentA,B01,105.05,1.61,0.2288,854,28.78,0.3916,0.2043,32.64,26.67,3,7.18,1,0
STR-001752,TreatmentB,B02,120.13,1.45,0.2538,496,16.39,0.4117,0.1245,26.51,20.67,2,3.67,1,0
STR-001753,TreatmentB,B01,103.38,0.95,0.2253,311,29.34,0.3859,0.5037,20.42,23.22,3,8.11,1,0
STR-001754,TreatmentA,B02,71.6,2.5,0.2841,322,11.1,0.597,0.1894,98.43,26.5,1,6.54,0,0
STR-001755,Control,B01,106.36,1.95,0.2556,263,54.84,0.4798,0.529,35.05,28.94,3,5.64,0,1
STR-001756,TreatmentA,B03,104.67,3.28,0.2026,191,20.25,0.5652,0.1608,25.74,29.44,5,6.1,0,1
STR-001757,Control,B01,106.68,2.25,0.2764,743,26.94,0.5008,0.3196,46.53,24.58,5,6.46,0,0
STR-001758,TreatmentB,B03,126.02,1.63,0.2025,485,82.55,0.3351,0.2583,14.43,24.08,3,5.78,1,0
STR-001759,TreatmentB,B02,75.88,1.11,0.2144,543,18.33,0.7052,0.159,12.1,24.3,4,6.63,1,0
STR-001760,TreatmentA,B03,115.88,2.94,0.1341,282,21.13,0.4353,0.2461,71.21,24.38,7,5.66,0,0
STR-001761,Control,B02,65.59,2.13,0.1784,206,39.49,0.3869,0.396,30.81,33.48,6,6.02,1,0
STR-001762,TreatmentB,B03,82.03,1.16,0.3008,201,42.29,0.4171,0.3844,33.36,24.99,2,6.58,1,1
STR-001763,TreatmentA,B03,96.46,2.07,0.2326,115,18.4,0.4246,0.3388,26.11,24.12,2,6.92,1,1
STR-001764,TreatmentA,B02,103.65,1.04,0.2344,293,18.71,0.6621,0.214,23.96,13.62,2,6.38,1,0
STR-001765,TreatmentA,B03,119.27,1.65,0.2516,225,53.82,0.3901,0.2191,50.17,28.83,3,6.83,1,1
STR-001766,TreatmentB,B03,97.11,1.67,0.2001,197,38.42,0.4403,0.3508,7.17,34.14,2,10.22,1,0
STR-001767,TreatmentB,B03,94.47,1.46,0.254,239,67.3,0.6778,0.3563,24.1,17.14,2,7.63,1,1
STR-001768,TreatmentB,B03,80.87,1.39,0.2537,619,27.94,0.1757,0.4111,38.43,22.76,2,6.1,1,0
STR-001769,Control,B02,100.6,2.68,0.1928,173,35.31,0.6113,0.1695,68.06,29.98,3,4.56,1,0
STR-001770,Control,B01,127.89,1.75,0.3127,486,40.55,0.4845,0.6783,47.21,29.36,3,3.28,0,0
STR-001771,Control,B02,113.45,2.17,0.2977,362,33.18,0.4533,0.253,23.76,33.27,3,4.78,1,0
STR-001772,TreatmentA,B02,106.96,2.32,0.2233,477,41.81,0.2853,0.1901,47.78,25.88,4,5.66,0,1
STR-001773,TreatmentB,B03,95.71,1.84,0.2487,311,28.87,0.245,0.3598,44.77,25.32,3,6.41,0,1
STR-001774,TreatmentA,B01,102.72,2.23,0.2344,254,42.25,0.3351,0.3203,30.41,33.43,2,5.86,0,1
STR-001775,TreatmentB,B01,107.83,1.67,0.2812,112,39.99,0.2035,0.4637,14.02,31.61,4,9.7,1,0
STR-001776,TreatmentB,B03,99.58,1.56,0.2256,154,28.63,0.4622,0.4104,13.02,11.37,0,6.05,1,0
STR-001777,Control,B02,91.45,3.11,0.3078,39,27.3,0.5335,0.1504,46.22,27.43,2,6.85,0,0
STR-001778,TreatmentA,B01,114.75,1.55,0.1863,1068,48.94,0.311,0.1836,39.49,21.53,1,8.21,1,1
STR-001779,Control,B03,108.85,2.54,0.2682,390,57.87,0.4045,0.2269,44.31,36.68,3,8.11,0,1
STR-001780,TreatmentA,B02,129.08,1.99,0.193,862,70.82,0.3466,0.3988,27.0,21.2,2,3.83,0,0
STR-001781,TreatmentB,B02,103.42,1.88,0.2381,394,51.33,0.3819,0.486,11.47,21.92,3,5.36,1,0
STR-001782,Control,B02,62.51,2.23,0.2124,572,17.2,0.3959,0.4966,40.24,17.41,2,6.52,0,0
STR-001783,TreatmentA,B01,83.64,2.84,0.2248,145,85.42,0.4116,0.6039,23.45,26.29,1,9.39,0,0
STR-001784,TreatmentA,B03,118.4,1.07,0.2656,129,50.42,0.6727,0.3211,26.22,25.46,2,9.21,1,0
STR-001785,TreatmentB,B03,99.4,2.21,0.2381,77,52.85,0.3062,0.1304,10.38,23.18,3,5.84,0,1
STR-001786,TreatmentB,B03,122.45,1.69,0.2292,351,34.89,0.3028,0.2177,13.13,32.69,3,5.09,1,1
STR-001787,TreatmentB,B03,108.41,1.68,0.2364,597,140.8,0.3782,0.2282,9.64,22.2,3,5.35,1,1
STR-001788,TreatmentA,B03,93.57,1.68,0.2615,428,24.54,0.5141,0.3982,29.45,20.14,4,7.54,0,1
STR-001789,TreatmentB,B01,98.74,1.51,0.1967,421,16.24,0.2334,0.4251,23.5,32.52,5,6.61,1,0
STR-001790,TreatmentA,B01,90.4,2.65,0.3002,246,47.57,0.605,0.2677,28.97,32.64,0,4.59,0,0
STR-001791,TreatmentB,B03,117.0,1.81,0.2226,183,49.42,0.1211,0.2759,23.46,19.73,3,7.2,1,1
STR-001792,TreatmentB,B01,98.4,1.25,0.1786,189,22.36,0.5612,0.2321,19.16,16.69,3,7.42,1,1
STR-001793,TreatmentA,B02,95.76,2.27,0.2416,425,14.03,0.4226,0.2586,61.66,33.03,0,10.12,0,0
STR-001794,TreatmentB,B01,125.95,2.06,0.2445,153,26.66,0.6574,0.2746,19.67,19.25,3,6.04,0,1
STR-001795,TreatmentB,B01,112.97,1.13,0.2769,110,25.6,0.3184,0.2156,5.62,22.76,4,4.39,1,1
STR-001796,Control,B03,117.23,3.59,0.2988,599,16.33,0.1993,0.2304,54.51,33.76,4,6.1,0,0
STR-001797,TreatmentA,B02,97.09,1.51,0.2368,529,7.67,0.4016,0.4235,19.56,19.83,4,6.41,1,0
STR-001798,TreatmentA,B02,114.84,1.8,0.2541,808,38.33,0.5493,0.2181,16.2,34.3,9,5.22,1,0
STR-001799,TreatmentA,B03,118.08,1.91,0.235,330,40.1,0.5039,0.4889,25.79,12.33,4,6.0,0,1
STR-001800,TreatmentA,B01,110.57,6.01,0.1999,266,31.32,0.5576,0.5392,41.15,20.91,1,7.81,0,1
STR-001801,Control,B01,103.93,1.59,0.2206,317,43.45,0.2842,0.3595,38.27,22.92,4,9.54,0,0
STR-001802,Control,B01,106.71,1.71,0.2202,940,72.57,0.4116,0.1954,79.56,28.61,1,8.84,0,0
STR-001803,TreatmentA,B03,109.59,1.31,0.1907,240,13.35,0.528,0.3855,48.59,20.62,4,6.11,1,1
STR-001804,TreatmentB,B03,103.35,0.67,0.2506,299,49.89,0.4417,0.1291,4.51,14.14,1,8.05,1,0
STR-001805,TreatmentA,B01,95.1,1.93,0.2537,381,22.54,0.394,0.1627,55.7,24.12,4,9.06,0,0
STR-001806,TreatmentB,B03,91.03,1.82,0.1485,399,46.17,0.4452,0.2678,32.88,22.37,3,4.43,1,0
STR-001807,TreatmentA,B02,82.16,1.72,0.2347,118,35.99,0.3098,0.1705,40.89,19.65,2,3.66,0,0
STR-001808,Control,B01,120.81,2.06,0.2406,150,27.8,0.399,0.2701,31.09,23.01,2,5.26,0,0
STR-001809,TreatmentB,B01,75.93,0.96,0.2724,146,59.99,0.3575,0.0393,12.66,27.86,2,8.22,1,0
STR-001810,TreatmentB,B03,84.29,1.96,0.2195,778,20.31,0.3733,0.3204,103.27,24.73,2,6.43,0,1
STR-001811,TreatmentB,B01,116.24,1.26,0.242,733,13.01,0.7366,0.2102,17.06,23.68,2,5.31,1,0
STR-001812,TreatmentB,B03,76.3,0.68,0.2426,315,26.16,0.4301,0.257,60.75,25.31,4,7.14,1,0
STR-001813,Control,B01,123.94,2.8,0.2081,178,58.16,0.5084,0.2816,37.27,14.89,3,4.72,1,0
STR-001814,TreatmentB,B02,119.93,1.05,0.1865,526,93.82,0.4876,0.3137,25.2,31.16,5,5.64,1,0
STR-001815,TreatmentB,B03,120.5,1.09,0.3054,438,14.59,0.4921,0.1565,13.1,26.98,3,8.84,1,0
STR-001816,Control,B01,72.73,3.91,0.2587,299,19.36,0.5778,0.2538,26.48,26.33,2,6.75,0,0
STR-001817,TreatmentB,B03,122.73,1.39,0.201,252,10.51,0.4695,0.3783,13.07,25.56,1,6.92,1,1
STR-001818,TreatmentA,B02,123.14,2.41,0.217,236,27.96,0.4594,0.3242,17.71,21.63,1,7.1,0,1
STR-001819,TreatmentB,B01,89.01,3.17,0.2167,354,27.99,0.3295,0.3806,30.63,33.85,4,7.07,0,1
STR-001820,TreatmentB,B01,94.97,1.35,0.2183,233,24.16,0.2436,0.2075,17.3,19.34,1,8.29,1,1
STR-001821,Control,B03,66.37,1.93,0.1992,194,16.84,0.4318,0.1942,43.02,13.8,1,7.37,1,1
STR-001822,TreatmentA,B01,81.61,2.39,0.2445,527,86.47,0.314,0.2032,45.65,23.31,5,7.53,1,1
STR-001823,TreatmentB,B03,124.45,0.71,0.153,315,22.71,0.2559,0.2226,30.67,27.28,2,6.3,1,1
STR-001824,TreatmentA,B03,102.66,3.05,0.2211,174,32.91,0.3559,0.346,30.43,27.77,2,6.63,0,1
STR-001825,Control,B03,78.13,2.37,0.148,290,56.33,0.3125,0.4732,36.08,16.64,1,5.51,1,0
STR-001826,Control,B03,126.13,2.38,0.2263,199,15.88,0.463,0.3744,28.29,28.02,6,9.43,1,0
STR-001827,TreatmentB,B02,79.31,1.29,0.2556,253,62.33,0.4481,0.286,9.88,22.67,2,8.17,1,1
STR-001828,Control,B01,103.39,1.63,0.2406,338,13.15,0.4095,0.4158,60.16,29.88,2,8.77,0,0
STR-001829,TreatmentB,B01,108.64,1.36,0.3042,131,24.33,0.3322,0.2074,35.25,16.66,3,7.69,0,1
STR-001830,Control,B03,140.19,2.2,0.2562,434,43.35,0.4698,0.2563,35.71,17.04,2,5.07,0,0
STR-001831,TreatmentA,B01,80.6,1.85,0.2447,442,24.67,0.5385,0.4133,25.35,21.41,3,7.25,1,1
STR-001832,TreatmentB,B02,86.92,1.82,0.2954,134,25.33,0.3969,0.409,9.3,22.65,0,4.64,0,0
STR-001833,Control,B01,108.64,2.51,0.2043,336,18.28,0.1476,0.3152,18.23,22.22,5,8.93,1,0
STR-001834,TreatmentB,B03,87.47,1.04,0.2173,382,15.47,0.4085,0.1439,14.25,31.66,1,8.05,1,1
STR-001835,TreatmentA,B03,106.56,1.68,0.2716,513,48.68,0.2698,0.2347,19.82,26.57,1,5.42,1,1
STR-001836,Control,B02,123.39,2.17,0.236,435,36.0,0.3684,0.4342,66.82,28.47,0,6.29,0,1
STR-001837,TreatmentB,B02,82.57,1.91,0.2743,176,25.36,0.4584,0.1994,68.42,28.19,0,7.7,0,0
STR-001838,TreatmentB,B03,99.55,1.28,0.2652,241,22.6,0.5395,0.394,19.99,31.13,3,5.53,1,1
STR-001839,TreatmentB,B03,91.78,2.81,0.2457,95,41.21,0.4644,0.1258,15.73,34.7,2,6.46,1,0
STR-001840,TreatmentA,B03,94.9,1.57,0.2221,214,45.9,0.2968,0.5466,15.96,20.39,3,6.35,0,0
STR-001841,Control,B02,78.01,2.74,0.1964,301,15.13,0.3264,0.4258,32.81,11.96,2,7.55,1,0
STR-001842,TreatmentB,B02,103.93,1.58,0.2208,455,38.84,0.4022,0.2945,41.45,15.15,0,9.06,1,0
STR-001843,TreatmentA,B01,88.8,2.06,0.2044,199,169.95,0.4465,0.4638,31.97,24.61,3,5.7,0,1
STR-001844,Control,B03,51.69,2.46,0.2982,206,74.67,0.2201,0.4077,33.16,17.98,2,5.84,1,0
STR-001845,TreatmentA,B01,91.78,1.39,0.2248,153,101.46,0.5683,0.0762,13.78,23.17,2,6.39,1,0
STR-001846,Control,B02,117.56,1.75,0.2295,373,18.21,0.3705,0.5028,54.24,31.38,2,6.15,0,1
STR-001847,Control,B02,110.66,2.79,0.2381,274,65.72,0.4012,0.3479,38.2,28.18,0,8.31,0,1
STR-001848,Control,B03,65.05,2.24,0.2291,236,30.06,0.4671,0.2766,34.91,33.0,1,8.31,0,0
STR-001849,Control,B03,89.26,1.96,0.2609,222,24.89,0.4199,0.316,40.77,22.77,2,7.9,1,1
STR-001850,TreatmentB,B01,91.15,1.03,0.2382,333,32.61,0.4259,0.4211,9.03,22.33,0,6.41,1,1
STR-001851,TreatmentA,B03,112.32,1.9,0.2593,591,31.48,0.6189,0.4675,86.94,17.21,0,9.71,0,1
STR-001852,TreatmentB,B02,114.01,1.7,0.2126,188,16.51,0.475,0.288,18.92,24.94,3,5.41,1,1
STR-001853,TreatmentB,B03,110.59,2.44,0.2306,306,26.58,0.3499,0.4836,22.55,14.3,1,4.26,1,0
STR-001854,TreatmentB,B01,113.79,2.34,0.2823,492,22.66,0.2561,0.3332,28.18,25.79,1,10.34,0,0
STR-001855,TreatmentA,B02,98.35,3.26,0.2218,372,34.71,0.4961,0.1732,36.71,21.07,5,6.49,0,0
STR-001856,TreatmentA,B03,101.51,1.5,0.2829,254,28.9,0.4919,0.4834,51.12,26.69,4,6.3,0,1
STR-001857,Control,B02,122.17,4.23,0.196,636,30.46,0.5579,0.2126,39.38,20.7,1,6.29,0,0
STR-001858,TreatmentB,B02,64.17,1.66,0.2276,460,10.51,0.7462,0.4473,35.72,26.19,4,6.28,1,1
STR-001859,TreatmentA,B03,103.54,2.19,0.2633,272,35.4,0.3187,0.353,50.99,25.99,4,5.2,1,0
STR-001860,TreatmentA,B03,127.93,1.69,0.2379,429,42.78,0.5022,0.1478,31.47,26.15,2,5.11,1,0
STR-001861,Control,B02,114.45,1.47,0.1453,542,15.76,0.4968,0.4286,26.49,23.86,2,6.79,1,1
STR-001862,TreatmentA,B02,108.81,2.07,0.1925,153,30.32,0.6271,0.2353,38.79,14.68,0,5.49,1,0
STR-001863,TreatmentA,B03,89.96,3.05,0.194,337,48.18,0.3732,0.2009,29.63,25.89,2,7.18,0,1
STR-001864,Control,B03,101.76,2.02,0.2547,303,10.23,0.2803,0.3899,33.57,21.82,3,7.98,0,1
STR-001865,TreatmentB,B02,115.8,1.47,0.2403,220,18.85,0.2718,0.4022,25.34,28.21,2,8.11,1,0
STR-001866,TreatmentB,B01,96.39,2.38,0.3099,424,27.01,0.5437,0.3271,19.59,37.88,2,8.69,0,0
STR-001867,TreatmentB,B02,123.61,1.13,0.1881,217,15.16,0.3689,0.3643,38.39,30.91,2,6.65,1,1
STR-001868,TreatmentA,B02,107.54,1.05,0.2293,800,53.54,0.4565,0.2581,36.15,27.27,1,8.56,1,0
STR-001869,TreatmentB,B02,114.07,1.65,0.1665,669,46.92,0.4828,0.2932,18.8,28.8,1,5.69,1,0
STR-001870,TreatmentB,B02,117.35,2.75,0.2938,76,289.37,0.2695,0.4676,24.13,25.88,2,7.59,0,0
STR-001871,TreatmentB,B02,75.42,1.3,0.1941,276,26.44,0.5416,0.2941,37.6,21.65,5,4.14,1,0
STR-001872,TreatmentB,B03,92.94,1.24,0.1918,680,16.79,0.42,0.3081,9.5,20.7,2,8.11,1,0
STR-001873,TreatmentB,B02,112.75,1.92,0.2391,285,13.69,0.3281,0.3363,26.4,33.01,2,8.38,0,0
STR-001874,Control,B01,110.68,3.01,0.2446,617,31.56,0.4884,0.537,58.04,25.67,2,5.85,0,1
STR-001875,Control,B01,109.02,2.81,0.2922,796,22.39,0.3668,0.1883,79.5,25.3,2,7.96,0,1
STR-001876,Control,B02,96.26,2.19,0.2396,603,35.98,0.3307,0.1579,95.46,22.91,3,7.87,0,1
STR-001877,Control,B03,86.9,2.04,0.2216,422,45.89,0.3078,0.3504,31.16,22.96,1,7.68,1,0
STR-001878,TreatmentA,B01,74.94,1.96,0.2305,215,68.31,0.3125,0.1967,37.56,33.81,2,6.19,0,1
STR-001879,Control,B02,109.5,4.36,0.2156,207,53.22,0.5784,0.2887,37.57,24.83,3,6.94,0,1
STR-001880,Control,B02,65.9,3.04,0.2391,121,101.72,0.1093,0.4767,46.15,19.48,2,6.4,0,0
STR-001881,Control,B02,96.16,2.12,0.3109,490,59.2,0.2764,0.2597,61.11,23.2,5,7.73,0,0
STR-001882,Control,B01,96.28,2.55,0.1814,443,28.29,0.5287,0.19,32.13,22.33,0,7.85,0,0
STR-001883,Control,B01,79.27,2.15,0.1922,457,31.47,0.6104,0.5208,63.37,21.44,2,8.1,0,1
STR-001884,TreatmentA,B01,90.05,2.42,0.2461,1400,48.13,0.2525,0.4386,15.84,26.65,4,6.7,0,0
STR-001885,TreatmentB,B02,80.09,1.99,0.2028,68,12.14,0.184,0.2196,63.27,19.7,3,8.67,0,0
STR-001886,TreatmentB,B01,102.83,1.44,0.2533,251,16.73,0.4832,0.2399,48.19,16.12,3,8.92,1,0
STR-001887,Control,B01,89.43,2.3,0.2181,140,37.77,0.3517,0.3461,63.23,28.32,1,7.88,0,0
STR-001888,TreatmentB,B03,102.35,1.49,0.256,359,67.86,0.2898,0.2052,9.56,21.95,3,5.92,1,1
STR-001889,TreatmentA,B03,122.41,1.71,0.2151,394,10.28,0.2788,0.2945,38.99,23.67,0,7.32,0,1
STR-001890,TreatmentB,B02,122.53,2.69,0.2888,302,42.9,0.288,0.2661,30.33,22.74,3,7.64,0,1
STR-001891,TreatmentA,B03,103.0,2.23,0.1707,73,56.27,0.5242,0.2111,40.85,20.78,4,5.67,1,0
STR-001892,Control,B01,120.27,1.36,0.2221,345,19.52,0.3405,0.2688,53.71,24.85,2,7.0,0,1
STR-001893,TreatmentA,B02,110.56,2.67,0.2955,230,24.35,0.5111,0.3605,52.97,23.12,3,7.01,0,1
STR-001894,TreatmentA,B01,107.47,2.19,0.214,649,26.68,0.4742,0.3354,45.62,20.32,4,6.96,1,1
STR-001895,TreatmentA,B01,108.42,1.48,0.2154,276,42.8,0.1533,0.1935,36.79,17.7,2,7.03,1,1
STR-001896,TreatmentA,B01,102.64,3.11,0.2616,438,93.98,0.475,0.3508,11.58,25.46,0,7.53,0,1
STR-001897,TreatmentB,B03,100.87,2.97,0.207,239,19.16,0.3837,0.3381,17.37,25.73,3,5.09,0,0
STR-001898,TreatmentB,B03,99.3,0.6,0.2057,123,49.71,0.6738,0.2919,55.74,17.99,0,6.79,1,1
STR-001899,Control,B01,109.85,2.47,0.2158,628,102.63,0.3048,0.5739,38.75,22.67,2,8.18,0,0
STR-001900,Control,B02,111.95,3.53,0.2567,282,12.08,0.2041,0.3253,33.64,12.15,1,6.05,0,0
STR-001901,TreatmentB,B01,95.99,1.04,0.1812,187,19.78,0.6418,0.4333,30.7,25.81,3,6.0,1,1
STR-001902,TreatmentB,B01,112.0,0.85,0.1825,610,40.0,0.334,0.4379,20.63,29.91,2,8.33,1,0
STR-001903,TreatmentB,B02,120.44,1.4,0.2226,154,52.94,0.4311,0.3679,22.11,22.78,2,6.72,1,1
STR-001904,Control,B01,104.04,2.05,0.2882,439,16.9,0.3654,0.548,37.5,31.06,2,9.39,0,0
STR-001905,TreatmentA,B02,124.18,2.91,0.2491,652,60.89,0.3554,0.4293,10.92,27.76,3,6.3,0,0
STR-001906,TreatmentA,B01,107.0,2.98,0.2062,809,29.99,0.3679,0.2167,39.68,16.92,4,7.72,0,1
STR-001907,TreatmentB,B03,102.01,2.41,0.2198,719,66.75,0.4631,0.2592,35.16,30.13,5,6.08,0,1
STR-001908,TreatmentA,B03,102.66,2.32,0.2787,204,14.66,0.2075,0.3085,34.78,23.17,3,10.15,0,0
STR-001909,TreatmentB,B03,101.74,1.68,0.1683,301,39.69,0.5616,0.5142,19.55,34.68,1,8.75,1,1
STR-001910,Control,B02,92.22,1.98,0.2399,396,35.31,0.414,0.2716,36.33,14.69,2,6.24,0,1
STR-001911,TreatmentB,B02,112.31,1.56,0.2289,245,35.32,0.5181,0.2745,57.16,20.88,2,5.64,1,0
STR-001912,TreatmentA,B03,79.55,1.82,0.1617,202,56.32,0.258,0.5054,51.64,35.55,4,5.93,1,0
STR-001913,Control,B03,105.16,3.29,0.2886,146,15.62,0.2737,0.4969,27.41,30.76,1,6.35,0,0
STR-001914,TreatmentA,B01,91.68,2.17,0.269,474,42.49,0.537,0.5508,42.61,32.31,3,6.98,0,1
STR-001915,TreatmentB,B03,95.87,1.52,0.1973,333,56.26,0.2339,0.457,25.51,37.02,2,6.07,1,0
STR-001916,Control,B02,89.95,3.24,0.2249,528,43.35,0.6591,0.4756,28.11,34.47,3,6.41,0,1
STR-001917,TreatmentA,B01,98.65,1.73,0.2563,217,45.8,0.2907,0.2808,13.82,17.3,0,6.09,1,1
STR-001918,TreatmentB,B03,104.08,1.58,0.3058,278,96.34,0.416,0.2298,36.7,24.48,2,5.51,0,0
STR-001919,TreatmentA,B03,103.64,2.11,0.2801,148,49.91,0.3813,0.3552,42.98,23.4,3,4.94,0,0
STR-001920,Control,B03,85.0,1.72,0.2161,368,28.56,0.5171,0.1283,25.75,30.22,5,7.47,1,0
STR-001921,Control,B01,83.18,1.67,0.2866,418,55.69,0.5407,0.4546,64.82,20.61,2,8.12,0,1
STR-001922,TreatmentB,B03,86.04,1.43,0.2643,256,66.16,0.4662,0.4917,2.36,32.03,4,4.12,1,0
STR-001923,TreatmentB,B02,115.33,1.22,0.2209,137,18.56,0.4134,0.2823,41.52,22.37,2,5.09,0,0
STR-001924,Control,B03,119.48,1.54,0.2808,247,38.7,0.2472,0.3689,22.68,24.6,0,7.89,1,0
STR-001925,TreatmentA,B01,108.92,3.14,0.1773,245,60.11,0.2846,0.4818,26.95,26.76,3,7.38,0,0
STR-001926,TreatmentB,B03,100.67,1.64,0.2064,371,34.67,0.276,0.1541,33.88,25.06,4,8.97,1,1
STR-001927,TreatmentA,B01,103.44,1.87,0.2398,2285,40.74,0.516,0.5825,15.97,31.11,2,7.32,1,1
STR-001928,TreatmentA,B01,97.88,2.84,0.2977,116,91.22,0.4848,0.5241,48.46,27.3,0,7.73,0,1
STR-001929,TreatmentA,B03,113.73,3.17,0.27,1825,42.64,0.4249,0.1744,45.23,22.65,1,10.95,0,0
STR-001930,TreatmentB,B02,103.71,1.1,0.2071,95,21.36,0.3683,0.3287,10.38,24.14,0,8.44,1,0
STR-001931,Control,B02,123.37,1.64,0.2204,654,27.46,0.4127,0.2793,85.0,18.52,1,5.22,0,0
STR-001932,TreatmentA,B01,93.15,3.07,0.1459,451,122.34,0.3475,0.1626,37.09,35.51,3,7.68,1,1
STR-001933,Control,B02,101.49,3.54,0.2005,415,15.56,0.2927,0.2146,28.34,25.27,5,9.27,0,0
STR-001934,TreatmentB,B01,84.6,1.08,0.2588,264,47.22,0.4226,0.4704,21.97,19.71,1,4.35,1,0
STR-001935,TreatmentB,B02,116.58,2.38,0.2318,145,11.07,0.3762,0.367,51.27,22.25,3,6.77,0,1
STR-001936,Control,B01,110.1,1.35,0.241,253,56.47,0.483,0.2839,20.44,22.49,7,7.93,1,0
STR-001937,TreatmentB,B01,88.5,1.45,0.2123,99,108.28,0.5315,0.1364,10.53,25.99,2,4.42,1,0
STR-001938,Control,B01,95.78,2.39,0.2696,406,49.58,0.2813,0.3521,32.07,21.97,4,7.36,0,0
STR-001939,TreatmentB,B03,101.68,1.43,0.2409,101,40.6,0.6138,0.2719,31.13,23.71,4,7.56,1,1
STR-001940,TreatmentA,B01,74.06,1.81,0.2544,148,71.72,0.5479,0.3933,23.54,25.9,1,10.1,0,0
STR-001941,Control,B02,93.83,2.38,0.2146,140,43.8,0.2332,0.2894,36.2,25.95,0,5.79,1,0
STR-001942,TreatmentA,B02,119.44,1.46,0.2001,309,28.59,0.4635,0.46,45.82,28.83,0,6.59,0,1
STR-001943,TreatmentA,B01,110.96,1.21,0.2244,245,14.87,0.4549,0.2185,38.21,29.94,0,6.71,0,0
STR-001944,TreatmentB,B03,96.0,1.09,0.235,148,46.68,0.323,0.6594,15.97,16.81,4,6.21,1,0
STR-001945,Control,B02,100.74,1.51,0.2647,156,35.21,0.4644,0.3791,35.66,17.49,2,6.85,0,1
STR-001946,TreatmentA,B01,89.91,1.38,0.2591,297,13.56,0.3015,0.2753,38.33,21.37,1,7.82,0,1
STR-001947,TreatmentA,B03,101.94,1.51,0.2455,219,102.8,0.5041,0.2063,21.71,20.35,2,5.54,0,0
STR-001948,TreatmentB,B01,84.8,1.7,0.2514,307,15.6,0.7996,0.4973,47.11,23.72,3,6.73,0,1
STR-001949,TreatmentB,B02,115.6,1.1,0.2349,114,29.78,0.4572,0.1932,26.08,30.67,2,8.88,0,0
STR-001950,Control,B03,103.15,1.97,0.266,284,25.94,0.1627,0.3365,37.93,30.92,5,6.68,1,1
STR-001951,TreatmentA,B01,97.65,1.88,0.1993,74,12.29,0.4167,0.2101,29.48,28.67,1,7.86,1,0
STR-001952,Control,B01,84.67,1.7,0.2562,216,56.39,0.33,0.5764,51.76,36.42,3,7.99,1,0
STR-001953,Control,B03,90.19,1.72,0.2983,643,38.69,0.4001,0.0838,28.46,28.6,3,5.98,0,0
STR-001954,Control,B02,114.36,1.92,0.3006,542,32.09,0.5987,0.2677,35.88,15.03,1,6.79,0,1
STR-001955,TreatmentA,B03,111.01,1.55,0.2454,570,31.18,0.2238,0.5004,26.01,20.78,3,6.9,1,0
STR-001956,TreatmentA,B01,92.97,1.73,0.2288,270,54.25,0.1968,0.1944,25.25,20.3,0,5.07,1,1
STR-001957,TreatmentB,B03,107.61,1.31,0.2421,204,35.13,0.1511,0.1627,25.89,24.45,1,7.79,1,1
STR-001958,TreatmentA,B01,97.89,1.37,0.2882,284,56.75,0.3685,0.4607,33.68,20.84,4,7.77,1,0
STR-001959,Control,B03,86.86,4.13,0.2108,97,30.9,0.5822,0.3654,32.63,28.46,1,5.24,0,1
STR-001960,TreatmentB,B01,122.21,1.54,0.2436,318,53.71,0.4915,0.2511,58.91,32.56,1,6.19,0,1
STR-001961,Control,B01,109.14,1.71,0.2167,145,18.93,0.6229,0.6004,89.96,24.25,4,8.42,0,1
STR-001962,Control,B02,82.06,1.43,0.2228,260,33.24,0.4922,0.4902,36.43,25.89,2,6.46,1,1
STR-001963,Control,B01,116.82,3.37,0.2042,184,5.87,0.5389,0.3082,54.65,16.69,1,5.75,0,1
STR-001964,TreatmentB,B01,102.68,2.27,0.219,298,19.86,0.2922,0.2626,55.84,27.68,3,6.94,1,1
STR-001965,TreatmentA,B01,73.04,2.72,0.2106,275,21.49,0.5612,0.2654,90.47,23.78,2,4.34,0,0
STR-001966,TreatmentB,B01,94.63,1.0,0.2488,1576,26.9,0.461,0.2357,15.23,35.82,5,6.37,0,0
STR-001967,Control,B02,100.63,2.44,0.2232,134,10.23,0.3692,0.2007,30.29,35.63,1,6.11,1,1
STR-001968,TreatmentB,B03,129.07,1.43,0.2496,167,36.72,0.2562,0.2948,16.93,27.37,5,7.36,1,0
STR-001969,TreatmentB,B02,114.29,1.74,0.2152,499,28.49,0.1749,0.2067,28.82,17.42,3,4.41,1,1
STR-001970,TreatmentA,B01,114.19,1.73,0.2426,223,84.26,0.4948,0.2768,31.88,22.79,2,7.63,1,0
STR-001971,TreatmentB,B02,95.59,1.93,0.2177,252,21.81,0.3184,0.333,6.33,18.17,4,7.52,1,1
STR-001972,Control,B02,99.69,2.35,0.148,239,20.78,0.4676,0.1014,35.22,30.35,2,5.45,0,1
STR-001973,TreatmentA,B03,111.31,2.18,0.2721,304,16.32,0.3766,0.1121,16.47,24.33,5,4.3,1,0
STR-001974,TreatmentB,B02,91.91,1.3,0.2625,214,17.35,0.5779,0.1274,27.65,19.72,0,7.6,1,0
STR-001975,TreatmentA,B01,85.11,1.86,0.2809,259,34.49,0.2056,0.2613,41.68,20.01,4,8.47,0,0
STR-001976,TreatmentB,B01,123.63,2.02,0.2213,210,14.76,0.4939,0.333,29.36,31.39,5,6.6,0,0
STR-001977,TreatmentB,B01,86.97,1.07,0.2259,165,56.53,0.2449,0.2747,9.86,24.65,2,7.5,1,1
STR-001978,TreatmentB,B02,117.49,1.54,0.2149,448,19.15,0.3345,0.2919,20.67,23.17,4,6.33,1,1
STR-001979,Control,B03,69.24,2.16,0.2195,367,52.56,0.6577,0.3371,37.8,21.49,3,7.2,1,1
STR-001980,Control,B03,77.46,1.76,0.2672,302,33.36,0.532,0.2593,54.62,24.64,3,5.97,0,0
STR-001981,Control,B02,81.97,3.13,0.2431,94,13.09,0.1745,0.1122,48.67,22.91,6,7.63,0,1
STR-001982,TreatmentB,B01,110.1,2.75,0.1781,152,28.51,0.3116,0.6114,5.78,29.23,3,4.84,1,0
STR-001983,TreatmentB,B03,94.81,1.99,0.2684,686,29.94,0.3126,0.4589,43.1,19.69,1,7.72,0,0
STR-001984,TreatmentA,B03,104.23,2.66,0.2597,470,29.37,0.4057,0.2663,28.61,24.28,4,7.58,0,0
STR-001985,TreatmentB,B03,118.76,1.86,0.2089,987,43.87,0.2122,0.3028,28.72,18.73,1,3.44,1,0
STR-001986,Control,B01,113.18,2.44,0.2156,686,26.51,0.3161,0.2337,41.25,28.28,0,6.5,0,1
STR-001987,Control,B01,89.53,1.76,0.2853,87,23.17,0.4209,0.5079,52.09,20.12,3,4.63,1,0
STR-001988,Control,B03,83.36,3.27,0.2639,369,45.7,0.3998,0.4273,41.39,22.52,4,5.48,0,0
STR-001989,TreatmentB,B03,82.16,0.81,0.2477,270,82.99,0.3258,0.2316,54.61,28.85,3,8.3,1,1
STR-001990,Control,B01,101.1,2.57,0.2096,1133,10.72,0.0995,0.3002,22.67,23.6,0,7.52,1,1
STR-001991,TreatmentB,B02,77.61,0.92,0.2255,633,28.13,0.5249,0.066,34.23,25.91,5,9.46,0,0
STR-001992,TreatmentB,B02,95.84,0.7,0.2098,285,26.97,0.1894,0.2639,15.82,31.45,3,8.73,1,1
STR-001993,Control,B02,106.68,2.23,0.212,288,14.04,0.605,0.2716,81.82,29.12,3,6.7,0,1
STR-001994,Control,B03,103.5,1.89,0.2592,202,23.02,0.351,0.2776,23.94,25.98,2,7.94,0,0
STR-001995,TreatmentB,B02,70.77,1.83,0.2834,139,37.02,0.5041,0.3582,27.51,30.26,1,6.38,1,1
STR-001996,TreatmentB,B02,110.16,2.64,0.2064,118,10.7,0.3847,0.2766,12.52,17.46,1,4.44,1,0
STR-001997,Control,B03,122.26,1.62,0.1712,343,104.06,0.5504,0.2075,67.42,25.99,0,6.68,1,0
STR-001998,TreatmentB,B03,112.51,1.23,0.1899,925,41.27,0.2268,0.268,50.79,17.77,4,6.21,1,1
STR-001999,TreatmentA,B02,102.61,1.55,0.1997,408,19.87,0.4522,0.2729,43.57,32.21,1,8.96,1,0
STR-002000,TreatmentB,B01,87.66,1.05,0.2648,377,51.24,0.3859,0.4991,25.27,28.26,2,8.65,1,0
STR-002001,TreatmentB,B01,115.72,1.1,0.2178,475,66.6,0.4503,0.334,12.44,11.87,1,6.45,1,1
STR-002002,TreatmentB,B02,109.21,1.43,0.2477,127,85.84,0.4043,0.1919,23.9,26.2,2,3.98,1,0
STR-002003,TreatmentA,B02,82.88,1.61,0.2667,273,37.1,0.4268,0.5465,27.99,30.59,2,8.64,0,0
STR-002004,TreatmentA,B01,93.09,1.47,0.2177,499,36.05,0.5564,0.5266,30.98,13.07,3,7.61,1,1
STR-002005,TreatmentA,B01,92.94,1.39,0.2368,221,81.95,0.3679,0.194,42.23,31.29,5,7.55,1,1
STR-002006,TreatmentB,B02,73.42,3.31,0.2463,134,42.91,0.2066,0.3615,14.97,23.88,1,8.34,0,0
STR-002007,TreatmentB,B03,112.33,2.62,0.2265,169,27.87,0.4924,0.3836,46.77,17.7,4,6.1,0,1
STR-002008,Control,B03,93.69,3.34,0.2093,338,90.5,0.499,0.0714,46.73,23.09,1,4.79,0,0
STR-002009,TreatmentA,B02,101.25,1.99,0.3158,397,12.21,0.4059,0.3991,88.62,17.65,3,7.45,0,1
STR-002010,Control,B03,80.16,1.75,0.2974,429,65.33,0.3849,0.3057,42.71,23.82,5,7.83,1,0
STR-002011,Control,B03,103.08,2.07,0.2594,481,28.16,0.6325,0.3675,39.82,25.71,2,7.35,0,1
STR-002012,TreatmentA,B02,106.6,1.67,0.207,484,60.89,0.7104,0.1723,35.03,22.91,7,7.66,1,0
STR-002013,Control,B02,103.73,2.09,0.2614,201,84.4,0.8114,0.2348,52.17,30.13,0,6.54,1,0
STR-002014,TreatmentB,B02,107.02,1.17,0.2578,447,25.19,0.3634,0.5588,27.64,21.35,3,6.27,1,1
STR-002015,TreatmentA,B03,100.96,1.39,0.2796,537,117.35,0.4303,0.1696,28.69,20.47,4,7.68,0,0
STR-002016,TreatmentB,B02,117.24,3.15,0.2271,385,29.42,0.3928,0.1757,7.53,19.13,3,4.76,0,0
STR-002017,TreatmentB,B03,95.16,1.57,0.1983,107,41.77,0.2825,0.4146,23.12,14.27,2,7.82,1,1
STR-002018,Control,B02,96.32,3.13,0.2297,114,18.8,0.3911,0.2679,34.59,23.8,4,6.82,0,1
STR-002019,TreatmentB,B03,100.32,1.35,0.1579,463,18.87,0.2255,0.2859,27.32,28.76,3,7.54,1,1
STR-002020,Control,B02,108.35,3.35,0.2441,140,40.12,0.3455,0.1987,28.01,11.53,1,8.51,0,0
STR-002021,TreatmentB,B01,119.69,1.27,0.275,266,83.73,0.6177,0.1792,14.28,15.41,3,7.94,0,0
STR-002022,TreatmentB,B03,81.52,1.2,0.2066,156,55.21,0.288,0.2912,55.35,21.9,2,7.74,1,1
STR-002023,TreatmentA,B02,132.96,1.25,0.2119,128,31.05,0.369,0.2586,36.08,19.12,2,4.74,1,0
STR-002024,Control,B02,114.04,2.36,0.2834,368,51.75,0.4015,0.4743,59.0,22.72,3,6.52,0,0
STR-002025,TreatmentB,B03,116.36,1.5,0.2383,476,84.46,0.4126,0.3847,34.67,23.08,3,8.7,1,0
STR-002026,Control,B02,91.64,2.05,0.2541,186,19.58,0.5244,0.3513,57.58,22.1,2,6.38,0,1
STR-002027,TreatmentA,B03,117.36,2.8,0.2235,196,18.53,0.392,0.1655,31.34,14.64,2,3.75,1,0
STR-002028,Control,B02,123.39,2.02,0.2124,949,25.64,0.6095,0.1833,97.13,28.55,2,7.08,0,0
STR-002029,TreatmentB,B02,101.98,1.45,0.1933,267,70.12,0.2772,0.3146,21.4,18.95,2,4.94,1,0
STR-002030,Control,B02,92.72,2.91,0.2454,467,50.17,0.3352,0.3489,54.53,18.07,2,5.34,0,0
STR-002031,TreatmentA,B02,90.05,1.23,0.2877,256,14.59,0.5127,0.3529,56.54,22.22,1,7.38,0,0
STR-002032,TreatmentB,B01,76.64,1.84,0.1886,565,51.0,0.44,0.5091,44.13,25.19,0,7.5,0,1
STR-002033,TreatmentB,B03,76.63,1.65,0.2391,143,48.4,0.357,0.2313,13.21,20.64,3,5.71,1,0
STR-002034,TreatmentA,B01,103.3,1.63,0.1888,114,40.46,0.1572,0.302,19.45,28.7,2,7.03,1,1
STR-002035,TreatmentB,B03,104.73,1.16,0.2701,334,13.47,0.2765,0.3266,8.87,21.19,1,7.27,0,0
STR-002036,Control,B01,105.9,2.19,0.1529,231,106.28,0.5245,0.1256,62.15,22.26,3,5.01,1,0
STR-002037,TreatmentA,B03,92.92,1.72,0.3084,374,42.96,0.4436,0.1842,39.54,24.27,5,8.5,0,0
STR-002038,TreatmentB,B02,114.65,3.51,0.2649,243,61.94,0.3948,0.1489,57.88,18.9,2,7.84,0,1
STR-002039,Control,B03,73.14,2.12,0.2604,689,20.21,0.5874,0.4863,37.83,21.5,2,7.52,1,1
STR-002040,TreatmentB,B01,115.35,1.02,0.2328,474,22.03,0.2589,0.234,11.82,16.47,2,6.91,1,1
STR-002041,TreatmentB,B01,101.61,1.23,0.315,313,92.4,0.2238,0.3629,8.89,29.71,3,5.5,1,0
STR-002042,TreatmentA,B01,120.02,3.52,0.2537,220,91.56,0.5611,0.1008,37.56,18.28,0,7.35,0,0
STR-002043,TreatmentB,B02,119.77,1.21,0.2155,118,19.55,0.271,0.3825,11.94,15.12,3,6.5,1,0
STR-002044,Control,B03,75.98,1.77,0.255,485,37.73,0.4527,0.3209,29.74,28.02,3,9.03,0,0
STR-002045,TreatmentA,B03,115.86,2.45,0.2637,102,68.52,0.1975,0.2557,51.5,14.52,4,4.31,0,0
STR-002046,TreatmentA,B03,95.85,1.27,0.2258,191,32.58,0.4321,0.1708,23.87,20.09,2,8.3,1,0
STR-002047,TreatmentA,B02,111.92,2.06,0.2125,341,13.0,0.2848,0.5898,27.95,16.36,2,6.53,0,0
STR-002048,TreatmentA,B01,79.43,2.66,0.2052,251,20.5,0.4793,0.2427,37.1,20.75,1,8.74,0,0
STR-002049,TreatmentB,B02,113.83,0.84,0.1844,411,145.25,0.5471,0.5493,23.29,34.3,3,5.01,1,1
STR-002050,TreatmentB,B01,93.43,1.42,0.2635,482,12.22,0.2489,0.4076,23.88,17.85,2,6.56,0,1
STR-002051,TreatmentA,B02,87.52,2.32,0.2434,326,9.9,0.3637,0.3345,40.32,24.38,0,7.36,0,1
STR-002052,TreatmentA,B02,88.62,2.83,0.2354,532,22.82,0.2583,0.2982,34.4,11.39,2,10.22,0,0
STR-002053,Control,B02,111.73,1.67,0.2424,115,137.73,0.6414,0.3341,29.36,30.99,2,8.19,1,1
STR-002054,Control,B01,89.05,3.25,0.2273,113,58.37,0.606,0.5674,40.05,20.86,0,7.9,0,1
STR-002055,TreatmentB,B03,124.21,0.94,0.2311,445,16.91,0.586,0.0662,65.78,18.99,4,7.02,0,0
STR-002056,TreatmentB,B02,96.45,2.97,0.2179,271,55.26,0.3962,0.3119,3.49,20.12,3,5.17,1,0
STR-002057,TreatmentB,B01,116.06,1.48,0.2675,204,66.55,0.2687,0.2355,22.87,27.3,3,7.21,1,1
STR-002058,TreatmentA,B02,112.69,1.45,0.2307,209,35.34,0.5549,0.4325,26.25,25.1,4,6.85,1,1
STR-002059,TreatmentB,B01,83.03,2.5,0.2498,303,22.8,0.272,0.2576,18.16,22.65,1,5.2,0,0
STR-002060,TreatmentB,B02,97.78,1.25,0.2072,406,15.9,0.5049,0.2755,10.42,22.17,0,6.58,1,1
STR-002061,TreatmentA,B01,88.27,2.65,0.2684,319,21.07,0.5714,0.2462,17.76,24.67,4,7.36,1,1
STR-002062,Control,B03,98.62,2.94,0.2645,240,24.38,0.1961,0.4969,35.19,20.34,3,6.71,0,0
STR-002063,TreatmentB,B01,78.49,0.72,0.2177,462,18.37,0.3069,0.2194,15.81,21.08,2,4.4,1,1
STR-002064,TreatmentB,B02,124.72,1.08,0.2387,141,32.33,0.4384,0.2788,9.83,21.54,3,7.1,1,1
STR-002065,TreatmentB,B02,124.78,0.72,0.2661,412,39.49,0.4899,0.135,38.5,35.84,4,6.25,1,0
STR-002066,TreatmentA,B02,90.48,1.98,0.2971,194,22.03,0.4832,0.2229,10.03,29.22,4,7.18,1,1
STR-002067,Control,B02,129.13,2.38,0.2761,352,7.06,0.6368,0.2914,53.02,24.57,4,4.78,0,0
STR-002068,TreatmentA,B02,117.62,1.43,0.2409,207,36.45,0.6744,0.2888,26.9,21.28,2,7.71,1,0
STR-002069,TreatmentB,B02,108.35,1.25,0.2236,189,50.5,0.7791,0.246,44.16,38.35,1,7.71,1,1
STR-002070,TreatmentA,B03,122.77,2.45,0.2178,317,43.08,0.2986,0.2596,72.07,20.37,4,7.11,0,1
STR-002071,TreatmentB,B03,106.59,1.65,0.2474,234,16.84,0.4486,0.4701,18.59,27.68,1,4.62,1,1
STR-002072,TreatmentB,B03,96.02,1.35,0.2004,192,23.74,0.3714,0.3104,35.24,29.25,3,4.89,1,0
STR-002073,Control,B03,89.6,2.13,0.2006,399,14.93,0.3849,0.2644,106.24,28.46,2,7.56,1,1
STR-002074,TreatmentB,B01,100.89,0.73,0.1759,300,60.42,0.4414,0.2467,32.83,25.36,2,7.66,1,1
STR-002075,TreatmentA,B03,98.47,1.78,0.2635,560,47.86,0.418,0.2047,25.33,36.11,4,6.9,1,0
STR-002076,TreatmentA,B02,91.2,1.64,0.2119,193,77.38,0.1926,0.2357,30.85,35.17,2,7.24,1,1
STR-002077,Control,B02,118.22,2.63,0.2156,493,11.71,0.2278,0.2602,49.39,34.14,3,6.51,0,1
STR-002078,TreatmentA,B02,114.71,0.85,0.2289,143,23.54,0.3706,0.2103,74.43,18.73,0,5.45,0,1
STR-002079,TreatmentA,B02,97.96,3.75,0.2028,464,32.62,0.4533,0.5396,44.96,25.35,4,5.33,0,0
STR-002080,TreatmentB,B03,117.07,2.45,0.2433,149,15.8,0.346,0.1932,65.76,20.0,6,6.61,0,1
STR-002081,Control,B01,90.73,1.45,0.216,116,16.29,0.3014,0.1531,75.63,13.82,3,9.79,0,1
STR-002082,TreatmentB,B02,103.15,3.09,0.2581,564,27.23,0.4855,0.2661,1.39,27.89,4,6.94,1,0
STR-002083,TreatmentA,B01,88.81,2.04,0.2584,182,8.32,0.3941,0.2935,37.49,26.53,4,6.61,0,1
STR-002084,Control,B02,117.78,2.14,0.2699,223,50.4,0.2269,0.4243,73.68,19.9,5,6.74,0,0
STR-002085,Control,B02,116.62,1.43,0.2095,135,50.13,0.3349,0.1424,38.75,29.8,2,4.57,1,0
STR-002086,TreatmentA,B01,109.21,1.73,0.2455,557,13.45,0.2924,0.2802,13.03,25.91,3,8.28,1,0
STR-002087,TreatmentA,B02,75.4,2.87,0.2085,430,37.68,0.3027,0.2705,38.17,30.68,0,7.85,1,1
STR-002088,TreatmentB,B03,103.24,1.63,0.3072,232,59.3,0.6485,0.4523,74.6,12.14,2,10.1,0,0
STR-002089,TreatmentA,B01,105.22,1.78,0.1927,115,18.03,0.3268,0.268,37.46,30.34,3,7.85,1,0
STR-002090,TreatmentA,B02,108.96,1.69,0.2401,143,31.5,0.2168,0.493,13.01,19.96,0,7.05,1,0
STR-002091,TreatmentA,B03,93.38,3.14,0.2243,200,22.02,0.4737,0.4467,50.05,28.01,4,6.13,0,1
STR-002092,Control,B03,120.15,1.74,0.2454,367,19.47,0.2566,0.5372,28.57,23.45,3,11.24,0,0
STR-002093,Control,B03,89.66,2.39,0.225,239,12.0,0.302,0.2332,48.24,35.41,3,4.79,0,0
STR-002094,TreatmentA,B01,104.47,1.4,0.2073,126,40.86,0.3534,0.3259,19.66,21.22,3,9.6,1,0
STR-002095,Control,B01,106.47,2.08,0.2701,194,15.08,0.3139,0.2626,75.35,29.08,2,8.62,0,1
STR-002096,Control,B02,116.01,2.01,0.2484,420,26.53,0.4194,0.2188,25.24,21.88,2,6.47,0,1
STR-002097,TreatmentB,B02,100.65,1.3,0.238,279,46.2,0.4373,0.125,31.21,31.73,1,6.63,1,1
STR-002098,TreatmentB,B01,90.45,1.66,0.2057,328,24.32,0.3628,0.6113,59.19,30.31,2,6.61,1,0
STR-002099,TreatmentA,B02,133.77,1.42,0.2389,228,51.48,0.348,0.2756,17.92,31.28,2,6.75,1,1
STR-002100,TreatmentA,B03,111.42,1.65,0.2353,304,19.06,0.536,0.3783,27.96,21.63,1,6.88,1,1
STR-002101,Control,B01,68.85,1.96,0.165,80,14.28,0.3589,0.2864,38.81,35.69,4,7.8,1,1
STR-002102,TreatmentA,B02,82.21,1.67,0.2651,314,23.92,0.3487,0.165,42.1,27.96,0,11.88,0,1
STR-002103,TreatmentB,B01,91.74,3.33,0.2153,360,13.0,0.5592,0.2605,23.88,34.07,4,6.94,0,1
STR-002104,Control,B03,99.35,2.19,0.2127,256,44.67,0.4261,0.4139,46.31,12.23,1,6.76,1,1
STR-002105,TreatmentA,B01,111.11,1.64,0.2448,469,11.65,0.3972,0.1452,18.09,15.96,1,3.2,0,0
STR-002106,Control,B01,87.86,2.81,0.231,425,14.07,0.2593,0.1222,55.49,21.75,1,8.18,0,1
STR-002107,TreatmentA,B02,101.46,2.68,0.2222,637,14.71,0.5011,0.1648,43.41,25.83,0,7.43,0,0
STR-002108,TreatmentA,B01,90.56,1.79,0.2311,348,5.14,0.203,0.461,16.1,29.51,0,7.21,1,0
STR-002109,TreatmentA,B03,101.79,1.9,0.2966,671,25.05,0.2915,0.2161,30.55,26.18,0,5.72,0,1
STR-002110,TreatmentA,B02,102.14,1.42,0.2077,440,21.26,0.3606,0.1847,25.54,20.02,1,6.11,1,1
STR-002111,TreatmentB,B02,106.53,1.16,0.321,111,23.97,0.66,0.3996,25.58,25.38,0,6.1,0,0
STR-002112,TreatmentA,B02,94.5,1.37,0.2795,221,29.64,0.4688,0.2574,73.91,28.08,4,8.19,1,0
STR-002113,TreatmentB,B01,88.59,0.9,0.2584,297,46.31,0.4696,0.205,26.26,19.39,1,8.87,0,0
STR-002114,TreatmentB,B01,60.97,0.79,0.1783,212,24.62,0.3442,0.4402,35.96,23.91,0,6.46,1,1
STR-002115,TreatmentA,B02,71.87,1.75,0.2682,443,84.16,0.103,0.1085,33.41,35.77,2,6.43,0,1
STR-002116,TreatmentB,B01,106.76,1.79,0.2019,229,38.5,0.4827,0.3729,8.98,23.96,2,5.81,1,1
STR-002117,TreatmentB,B02,100.53,2.37,0.2503,388,48.14,0.4472,0.5028,18.91,22.71,3,7.52,1,1
STR-002118,TreatmentA,B01,102.87,1.65,0.1938,307,21.14,0.5023,0.2507,50.57,18.12,3,5.38,1,0
STR-002119,TreatmentA,B02,114.55,0.97,0.2166,96,24.39,0.3364,0.2577,17.05,25.57,1,6.16,1,1
STR-002120,TreatmentA,B03,59.4,2.04,0.2125,189,42.14,0.362,0.1597,29.6,10.72,5,5.47,1,1
STR-002121,TreatmentB,B03,82.98,1.61,0.2276,437,95.61,0.2481,0.4054,16.81,21.66,3,7.22,1,0
STR-002122,Control,B03,78.58,4.26,0.2462,213,11.76,0.1076,0.16,36.87,18.34,5,5.61,0,1
STR-002123,Control,B03,110.11,2.07,0.2424,357,18.78,0.3625,0.1126,34.99,21.79,0,6.94,0,1
STR-002124,TreatmentA,B01,76.18,1.93,0.1909,176,46.17,0.4373,0.146,33.32,33.81,6,5.44,1,0
STR-002125,TreatmentB,B01,118.11,0.98,0.2221,175,33.59,0.5433,0.3062,1.7,37.52,2,8.53,1,0
STR-002126,TreatmentB,B01,90.61,2.68,0.1951,248,52.71,0.4665,0.34,33.53,23.76,2,4.73,0,0
STR-002127,TreatmentB,B01,89.8,1.45,0.1689,300,51.47,0.3107,0.4458,65.16,30.09,0,6.51,1,0
STR-002128,Control,B01,109.79,1.74,0.2713,221,15.04,0.5437,0.6425,25.04,19.92,2,7.99,0,1
STR-002129,Control,B01,85.78,1.47,0.2479,866,103.02,0.4274,0.3894,48.24,26.78,3,9.36,0,0
STR-002130,TreatmentB,B02,101.56,1.15,0.2388,200,53.66,0.2928,0.3798,39.64,34.2,1,4.63,1,0
STR-002131,TreatmentA,B01,81.76,1.63,0.1707,159,36.65,0.1686,0.4329,24.69,25.33,1,7.85,1,0
STR-002132,TreatmentB,B01,116.95,1.59,0.2701,525,47.42,0.623,0.6108,13.25,19.9,4,5.85,1,1
STR-002133,Control,B03,109.78,2.45,0.2275,140,60.17,0.5579,0.075,52.94,21.78,2,3.91,1,0
STR-002134,TreatmentA,B02,120.25,2.06,0.3193,531,45.72,0.2278,0.3614,38.65,16.64,2,7.27,0,1
STR-002135,TreatmentA,B01,88.78,1.0,0.1924,217,23.34,0.3781,0.2548,35.19,31.86,3,7.06,1,1
STR-002136,TreatmentA,B01,106.97,1.07,0.2404,587,72.5,0.7323,0.1733,33.43,28.38,3,6.88,1,0
STR-002137,TreatmentB,B01,83.38,2.14,0.1963,72,16.4,0.3368,0.4325,11.12,19.88,4,9.23,1,0
STR-002138,TreatmentA,B02,96.71,1.09,0.2345,89,16.76,0.3279,0.2276,39.8,24.37,5,8.05,1,1
STR-002139,Control,B01,97.36,1.65,0.2313,118,48.76,0.2196,0.2561,31.26,24.21,1,5.11,1,1
STR-002140,Control,B03,98.62,2.65,0.2673,983,36.29,0.6152,0.2666,51.51,19.17,6,7.59,0,1
STR-002141,TreatmentB,B01,90.94,1.83,0.2437,194,128.52,0.3044,0.4849,13.5,23.86,3,4.07,1,0
STR-002142,Control,B01,110.24,2.08,0.2985,307,48.06,0.4346,0.4766,35.79,22.65,1,7.86,0,0
STR-002143,TreatmentB,B03,81.98,1.65,0.2329,213,28.75,0.4088,0.0781,41.65,12.58,1,11.23,1,0
STR-002144,TreatmentB,B01,103.34,0.64,0.224,485,38.36,0.5202,0.2344,25.74,26.94,0,6.22,1,0
STR-002145,TreatmentB,B03,79.21,1.19,0.2518,214,19.51,0.389,0.3923,16.42,27.64,2,7.12,1,1
STR-002146,TreatmentA,B03,116.71,1.69,0.2536,127,27.12,0.3705,0.319,26.8,19.88,2,7.85,0,1
STR-002147,TreatmentA,B03,96.39,2.04,0.2472,161,29.76,0.3786,0.269,29.9,34.4,1,6.21,1,1
STR-002148,TreatmentA,B03,108.52,1.36,0.2847,409,26.63,0.6625,0.1874,27.49,31.26,0,4.89,0,0
STR-002149,TreatmentB,B01,81.28,1.64,0.1953,202,21.18,0.6781,0.3624,19.77,22.56,5,4.43,1,0
STR-002150,TreatmentA,B01,93.14,1.73,0.224,371,27.18,0.3451,0.135,18.2,6.59,2,5.03,0,1
STR-002151,TreatmentB,B01,91.67,2.4,0.2352,318,18.25,0.3951,0.4573,21.47,21.57,4,7.63,0,0
STR-002152,TreatmentA,B03,130.38,2.42,0.1986,198,25.91,0.4143,0.5633,62.82,15.93,0,7.75,0,1
STR-002153,Control,B01,106.39,2.26,0.1931,74,68.64,0.4518,0.0671,40.48,23.52,2,8.35,1,0
STR-002154,Control,B03,101.52,2.59,0.2693,323,35.13,0.1699,0.1948,39.85,25.42,2,6.56,0,1
STR-002155,Control,B01,108.48,2.83,0.3026,117,24.47,0.2456,0.3688,43.84,28.78,3,7.69,0,0
STR-002156,Control,B01,81.91,1.59,0.2396,432,44.68,0.3005,0.4268,37.25,38.49,2,5.9,0,0
STR-002157,Control,B01,102.17,1.9,0.2331,542,21.07,0.3282,0.4743,40.48,23.71,2,6.42,1,0
STR-002158,Control,B01,76.61,2.68,0.2292,377,27.28,0.3192,0.3163,27.25,22.43,3,7.19,0,1
STR-002159,Control,B01,93.08,2.21,0.1824,369,28.42,0.4569,0.2552,59.32,30.51,2,6.82,0,1
STR-002160,Control,B02,100.0,1.95,0.229,164,33.21,0.3269,0.3139,36.88,25.22,3,6.3,0,1
STR-002161,TreatmentA,B01,118.77,2.56,0.2203,223,27.81,0.4915,0.2264,41.29,12.67,2,5.7,1,0
STR-002162,Control,B03,106.55,2.08,0.2558,309,36.29,0.556,0.2865,42.76,30.94,2,8.71,0,0
STR-002163,TreatmentA,B03,88.94,1.44,0.2328,546,24.27,0.478,0.37,24.27,26.57,0,8.17,1,1
STR-002164,TreatmentB,B01,101.8,1.63,0.3021,303,21.84,0.2255,0.3337,17.11,24.79,3,5.33,1,0
STR-002165,TreatmentB,B02,115.22,1.64,0.2572,222,51.54,0.473,0.2419,27.82,18.45,4,5.88,1,1
STR-002166,Control,B03,88.71,3.51,0.2449,431,23.62,0.5371,0.5814,58.34,28.08,4,5.19,0,1
STR-002167,Control,B02,121.74,1.86,0.2002,219,12.75,0.3895,0.5212,28.27,14.99,4,10.52,1,0
STR-002168,TreatmentA,B03,94.02,2.25,0.2092,193,22.51,0.698,0.1834,48.97,26.58,2,7.11,0,0
STR-002169,Control,B02,95.76,1.35,0.2507,370,22.95,0.2738,0.3222,69.25,22.49,0,5.63,1,0
STR-002170,TreatmentA,B01,116.15,3.52,0.2502,394,35.73,0.3037,0.3553,57.1,23.58,2,6.91,0,1
STR-002171,Control,B01,115.66,1.81,0.2451,554,13.69,0.5322,0.3373,31.14,22.25,0,7.31,1,1
STR-002172,Control,B02,110.11,2.87,0.2464,411,25.68,0.3104,0.2001,22.0,21.44,1,5.11,1,1
STR-002173,Control,B01,91.16,3.19,0.2134,332,36.0,0.2012,0.4341,36.07,23.67,3,5.03,0,0
STR-002174,Control,B03,85.26,2.25,0.2689,170,46.96,0.2043,0.5435,25.84,24.65,4,7.33,0,1
STR-002175,TreatmentA,B02,98.83,1.23,0.2651,294,26.22,0.5216,0.377,42.05,30.89,4,6.74,0,1
STR-002176,Control,B03,95.73,1.94,0.2478,267,28.44,0.2999,0.3587,45.67,20.52,2,5.45,0,0
STR-002177,TreatmentA,B03,105.08,1.57,0.2525,131,100.39,0.499,0.2844,32.34,15.88,3,8.83,1,1
STR-002178,TreatmentB,B03,109.86,0.71,0.1803,330,14.94,0.2578,0.2584,3.22,28.96,3,6.89,1,1
STR-002179,Control,B01,95.64,2.59,0.273,206,95.08,0.2303,0.3792,53.59,13.9,1,8.94,0,0
STR-002180,TreatmentA,B01,112.19,1.86,0.2284,345,25.51,0.5336,0.4218,19.87,31.53,2,6.66,0,1
STR-002181,TreatmentA,B03,93.39,1.64,0.2443,256,48.95,0.5033,0.2479,46.41,14.48,0,5.81,0,0
STR-002182,Control,B02,108.71,1.86,0.1974,316,78.65,0.4317,0.2356,48.98,28.45,0,5.89,0,1
STR-002183,Control,B03,117.74,1.87,0.2904,559,46.88,0.5114,0.4804,32.92,28.29,5,9.16,0,0
STR-002184,TreatmentA,B01,87.28,1.71,0.2145,305,15.95,0.3615,0.1839,11.96,21.22,2,5.54,1,0
STR-002185,TreatmentB,B02,116.36,1.17,0.2692,99,53.19,0.4777,0.3387,51.67,27.76,1,8.21,1,1
STR-002186,Control,B01,108.68,1.62,0.227,120,45.73,0.4043,0.2306,49.58,27.54,1,7.46,1,1
STR-002187,TreatmentB,B02,103.58,1.33,0.2114,285,29.13,0.1404,0.3002,83.17,22.94,1,6.74,0,1
STR-002188,TreatmentA,B03,99.82,2.24,0.2635,1031,39.83,0.4004,0.3326,61.34,21.88,3,6.69,0,1
STR-002189,Control,B02,114.8,2.56,0.258,193,23.63,0.1545,0.2874,66.04,27.38,5,6.48,1,1
STR-002190,TreatmentA,B03,115.31,1.65,0.2821,167,67.39,0.3718,0.1075,34.3,23.99,2,7.5,1,1
STR-002191,Control,B02,98.81,4.21,0.2121,439,57.82,0.2503,0.4946,42.07,24.51,1,9.32,0,0
STR-002192,Control,B03,89.07,3.45,0.2253,351,34.58,0.5218,0.4292,34.9,24.77,4,8.76,0,1
STR-002193,Control,B01,110.39,2.81,0.2368,491,34.27,0.3918,0.1784,25.12,25.88,2,7.49,0,1
STR-002194,Control,B01,75.98,1.24,0.1382,192,9.49,0.328,0.2784,73.52,10.84,2,7.59,1,1
STR-002195,Control,B01,107.57,3.08,0.2293,100,4.23,0.3981,0.1997,34.79,29.43,2,4.07,0,0
STR-002196,TreatmentB,B01,101.97,1.8,0.258,641,54.69,0.6292,0.3248,37.94,15.15,0,8.29,1,0
STR-002197,TreatmentB,B03,85.6,1.17,0.179,350,25.91,0.5081,0.3881,19.94,32.8,2,5.82,1,1
STR-002198,TreatmentB,B01,91.96,1.59,0.2692,82,48.41,0.4839,0.1888,62.65,26.78,1,8.59,1,0
STR-002199,Control,B01,106.52,2.67,0.2181,606,54.01,0.3147,0.1768,36.43,28.83,4,7.31,1,1
STR-002200,Control,B03,102.39,2.39,0.1806,207,53.63,0.4787,0.318,25.68,15.76,1,6.62,1,1
STR-002201,TreatmentA,B03,87.45,1.88,0.2436,331,31.96,0.6014,0.3707,30.69,24.4,3,3.69,1,0
STR-002202,TreatmentB,B02,116.75,1.04,0.3005,653,10.98,0.3493,0.3893,32.74,29.83,2,9.96,1,0
STR-002203,TreatmentB,B03,97.53,1.22,0.2671,348,31.01,0.3664,0.5851,18.13,24.64,2,7.94,1,0
STR-002204,TreatmentA,B03,98.69,0.94,0.255,169,104.7,0.5576,0.2166,22.76,17.71,1,9.89,1,0
STR-002205,Control,B03,93.14,2.25,0.2964,425,50.29,0.4988,0.5945,58.13,25.18,0,5.47,0,1
STR-002206,TreatmentB,B03,79.68,1.88,0.2006,285,37.21,0.3152,0.2501,54.14,31.1,3,5.41,1,0
STR-002207,TreatmentB,B01,109.71,1.09,0.2964,730,22.02,0.5796,0.2805,45.07,22.15,2,4.01,1,0
STR-002208,Control,B03,131.79,2.99,0.2793,85,55.94,0.2692,0.2363,28.95,28.73,4,6.44,0,1
STR-002209,TreatmentA,B03,86.53,1.56,0.2602,212,84.04,0.3598,0.2613,51.61,28.76,1,6.11,0,1
STR-002210,TreatmentA,B02,74.33,1.81,0.2847,802,20.06,0.4578,0.3225,33.62,18.22,1,7.31,0,1
STR-002211,TreatmentA,B01,82.84,1.86,0.2361,175,41.98,0.354,0.312,52.83,34.02,1,6.91,1,0
STR-002212,TreatmentA,B02,93.2,3.23,0.2635,154,32.55,0.6199,0.1701,27.54,16.81,4,5.84,0,0
STR-002213,Control,B02,115.54,3.87,0.2389,156,63.62,0.4084,0.157,82.49,26.75,1,4.47,0,0
STR-002214,TreatmentA,B01,86.14,2.08,0.2626,439,22.84,0.2512,0.1188,22.05,28.48,6,8.84,0,1
STR-002215,Control,B03,86.82,2.8,0.25,154,22.73,0.2726,0.2933,29.27,24.2,0,7.78,0,0
STR-002216,TreatmentA,B03,94.44,1.54,0.3005,267,22.75,0.3948,0.2966,31.14,34.2,3,6.2,0,0
STR-002217,TreatmentA,B01,126.56,1.98,0.2757,543,109.8,0.272,0.3788,15.54,20.77,4,5.71,0,0
STR-002218,Control,B03,100.04,4.16,0.2335,69,46.41,0.1957,0.4479,43.0,22.39,4,9.86,0,0
STR-002219,TreatmentA,B02,71.71,1.4,0.2259,330,15.29,0.4307,0.2557,67.32,25.98,2,4.05,1,0
STR-002220,Control,B01,96.44,2.48,0.2276,119,33.69,0.4269,0.4472,55.77,34.51,7,7.14,0,1
STR-002221,TreatmentB,B03,80.13,0.8,0.274,208,35.19,0.3051,0.2865,12.4,20.12,0,4.0,1,0
STR-002222,Control,B01,108.28,2.14,0.2828,192,51.58,0.3008,0.3714,30.43,24.48,2,9.65,0,0
STR-002223,Control,B02,66.8,2.42,0.2282,198,47.35,0.3646,0.1805,40.57,15.68,0,6.82,1,1
STR-002224,Control,B03,86.15,1.64,0.2388,218,40.93,0.4583,0.4882,62.96,16.89,0,5.74,0,0
STR-002225,TreatmentA,B02,101.81,1.39,0.2108,182,29.36,0.48,0.4083,27.91,21.98,1,5.3,1,0
STR-002226,TreatmentA,B01,110.02,2.13,0.159,589,28.93,0.331,0.2664,25.31,26.24,5,5.61,1,0
STR-002227,Control,B02,118.61,2.7,0.2032,250,25.06,0.3542,0.5068,28.95,41.83,1,8.35,0,0
STR-002228,TreatmentB,B02,123.21,1.34,0.2515,314,35.43,0.3245,0.2325,58.28,27.12,2,6.98,0,1
STR-002229,TreatmentB,B02,112.59,2.33,0.2384,199,39.48,0.3993,0.3721,54.57,19.52,1,5.93,0,0
STR-002230,Control,B02,94.36,3.34,0.1976,284,49.1,0.4715,0.4385,45.04,31.14,2,6.98,0,1
STR-002231,Control,B03,113.92,2.4,0.279,174,11.74,0.5726,0.3097,60.63,33.62,2,6.2,1,1
STR-002232,Control,B01,97.8,4.08,0.2272,696,32.4,0.3738,0.1873,31.0,13.86,5,7.06,0,1
STR-002233,TreatmentA,B03,71.37,1.89,0.2408,310,52.63,0.2604,0.3925,17.21,23.93,4,5.86,1,0
STR-002234,Control,B03,84.79,2.6,0.2441,77,31.87,0.4774,0.3893,43.84,30.38,3,9.14,0,0
STR-002235,TreatmentB,B02,89.08,1.06,0.2504,302,96.61,0.6648,0.23,35.73,18.2,1,4.65,1,0
STR-002236,TreatmentA,B03,106.68,1.71,0.2405,121,28.65,0.4479,0.2662,60.54,22.5,4,5.65,0,1
STR-002237,TreatmentB,B01,111.53,1.42,0.1739,270,85.3,0.3791,0.4166,14.06,19.28,5,6.46,1,1
STR-002238,TreatmentA,B03,83.72,1.33,0.2555,210,30.21,0.3046,0.2559,39.77,33.65,3,7.2,1,1
STR-002239,TreatmentB,B01,113.59,2.55,0.2885,446,23.8,0.4054,0.1855,22.01,31.18,1,6.88,0,1
STR-002240,Control,B01,95.31,3.12,0.2546,335,28.25,0.2526,0.2392,56.51,21.87,2,9.66,0,1
STR-002241,Control,B02,106.1,3.38,0.2389,304,23.24,0.6758,0.2031,40.45,35.53,3,7.74,0,0
STR-002242,Control,B01,66.5,1.78,0.2202,209,50.97,0.5127,0.2706,46.38,25.26,3,8.13,1,0
STR-002243,Control,B02,117.8,1.33,0.3103,196,16.22,0.3669,0.5195,44.13,28.57,4,7.88,0,0
STR-002244,TreatmentA,B02,88.43,3.24,0.2216,137,28.72,0.5019,0.2514,29.15,23.81,1,5.87,0,1
STR-002245,TreatmentA,B01,87.98,1.29,0.2693,131,54.97,0.3366,0.3384,19.54,19.13,0,4.79,1,0
STR-002246,TreatmentA,B03,93.55,1.4,0.1972,176,38.38,0.486,0.2829,25.35,27.61,2,8.77,1,0
STR-002247,Control,B02,107.03,2.4,0.1894,80,31.43,0.4537,0.323,83.11,21.02,2,9.09,0,0
STR-002248,TreatmentA,B02,110.45,2.12,0.2745,276,63.97,0.643,0.2957,21.38,23.69,2,6.94,0,1
STR-002249,TreatmentB,B03,104.24,1.4,0.1559,178,45.1,0.5006,0.241,10.92,30.71,4,7.17,1,0
STR-002250,TreatmentA,B01,104.72,3.11,0.2395,226,24.87,0.2206,0.3182,38.92,25.17,4,6.04,0,0
STR-002251,Control,B01,93.59,3.13,0.2331,237,37.15,0.53,0.4103,48.09,24.88,5,7.38,0,1
STR-002252,Control,B01,88.47,2.16,0.2772,924,23.23,0.3803,0.2192,36.55,22.33,2,7.4,1,0
STR-002253,Control,B01,80.66,2.78,0.1266,297,57.8,0.391,0.334,79.03,22.8,2,6.35,1,1
STR-002254,TreatmentB,B02,115.14,2.25,0.2463,123,45.41,0.4098,0.0992,28.28,41.4,3,6.59,1,1
STR-002255,Control,B01,99.03,3.03,0.2936,72,36.8,0.391,0.5642,72.18,21.51,1,7.14,1,1
STR-002256,TreatmentB,B03,81.33,0.82,0.1892,315,88.71,0.2715,0.2928,30.66,25.64,6,2.11,1,0
STR-002257,Control,B01,118.87,2.98,0.1862,283,35.53,0.4046,0.4566,35.72,20.15,2,6.67,1,1
STR-002258,TreatmentA,B03,99.63,3.74,0.2856,810,26.31,0.4686,0.25,18.58,21.17,3,6.44,0,1
STR-002259,TreatmentB,B01,91.05,1.18,0.2686,129,22.18,0.44,0.2981,7.92,36.61,0,6.95,1,1
STR-002260,Control,B02,89.52,1.98,0.3007,198,16.26,0.6595,0.218,42.68,29.85,0,7.29,1,0
STR-002261,TreatmentB,B02,127.32,2.3,0.2416,74,47.11,0.4931,0.0901,44.08,26.44,1,7.96,1,0
STR-002262,TreatmentA,B01,90.54,1.83,0.2175,137,18.97,0.6707,0.3169,47.03,10.38,2,5.49,1,0
STR-002263,Control,B01,108.17,1.25,0.1789,143,40.28,0.3611,0.4209,43.54,23.71,1,6.24,1,0
STR-002264,TreatmentB,B01,105.96,1.04,0.2121,127,20.77,0.2827,0.1851,73.09,30.96,5,7.92,1,1
STR-002265,TreatmentA,B02,85.13,0.72,0.25,378,89.24,0.4508,0.2979,43.67,31.6,1,9.09,1,1
STR-002266,Control,B01,82.78,1.88,0.1905,217,25.36,0.3568,0.5228,50.33,16.62,3,7.24,1,0
STR-002267,TreatmentA,B03,107.16,2.58,0.2099,505,32.4,0.6008,0.2925,44.4,27.0,2,8.1,1,0
STR-002268,Control,B01,96.15,3.13,0.2136,414,11.12,0.367,0.2429,46.26,37.2,3,4.65,0,0
STR-002269,Control,B03,101.4,4.16,0.2342,148,22.78,0.3455,0.3686,29.42,13.63,4,6.79,0,1
STR-002270,TreatmentA,B03,115.72,1.59,0.1768,54,28.59,0.2311,0.3288,21.49,18.7,3,8.83,1,0
STR-002271,Control,B03,102.31,2.48,0.2573,109,33.89,0.4007,0.4647,48.28,22.97,1,8.2,0,0
STR-002272,TreatmentB,B01,81.37,2.08,0.2659,232,37.16,0.5193,0.3678,16.76,39.27,0,10.03,0,0
STR-002273,Control,B03,83.88,2.41,0.3286,235,36.06,0.5108,0.38,39.8,19.17,3,5.41,0,1
STR-002274,TreatmentB,B02,93.29,1.38,0.2289,573,46.08,0.5835,0.0797,45.18,20.16,3,7.76,1,0
STR-002275,TreatmentA,B02,94.22,2.94,0.2463,229,68.09,0.7012,0.2603,103.91,29.18,4,8.25,0,0
STR-002276,Control,B03,94.28,2.18,0.2255,125,57.17,0.3642,0.3643,61.65,31.35,5,8.58,1,0
STR-002277,TreatmentB,B02,107.29,2.33,0.2004,162,56.65,0.7333,0.3239,18.31,23.82,1,5.72,0,0
STR-002278,Control,B01,116.04,1.53,0.1417,192,29.73,0.2983,0.3951,58.08,21.37,2,7.99,1,1
STR-002279,TreatmentB,B03,120.3,3.22,0.1739,130,42.05,0.3938,0.1632,20.71,18.22,5,6.07,0,1
STR-002280,Control,B02,84.25,2.65,0.2591,92,13.05,0.5018,0.2808,52.48,35.12,0,6.02,0,1
STR-002281,TreatmentA,B02,104.45,1.64,0.2552,302,68.28,0.2625,0.1774,39.3,24.39,2,6.91,0,1
STR-002282,Control,B03,76.86,2.39,0.2519,437,26.23,0.3706,0.4386,43.82,31.95,0,4.39,0,0
STR-002283,TreatmentA,B02,111.5,1.08,0.2609,44,27.27,0.4996,0.1894,21.38,26.61,3,8.14,1,0
STR-002284,TreatmentA,B01,77.49,1.38,0.2806,611,19.6,0.3602,0.3165,37.05,36.45,0,5.91,1,1
STR-002285,TreatmentB,B03,86.27,1.24,0.268,483,78.15,0.5486,0.2275,25.84,21.62,3,8.35,0,0
STR-002286,TreatmentA,B01,108.02,1.88,0.2514,302,19.69,0.4349,0.3907,37.03,22.4,4,8.47,0,0
STR-002287,TreatmentA,B01,94.4,2.21,0.2534,432,49.89,0.3142,0.3191,69.24,15.51,3,7.06,0,1
STR-002288,Control,B02,67.59,1.89,0.2237,284,46.6,0.3397,0.2119,38.83,30.42,0,7.34,1,1
STR-002289,TreatmentB,B02,122.63,1.38,0.2378,523,22.22,0.5537,0.3467,17.74,26.47,2,8.73,1,0
STR-002290,TreatmentB,B03,99.33,1.21,0.2344,172,63.17,0.3331,0.3479,39.43,27.51,1,8.85,0,0
STR-002291,TreatmentB,B02,87.85,1.07,0.2512,161,16.89,0.3043,0.2817,29.19,19.61,3,8.41,0,0
STR-002292,Control,B03,104.41,2.28,0.2425,585,26.26,0.4995,0.3212,34.51,14.76,6,7.56,0,1
STR-002293,TreatmentB,B03,98.88,1.69,0.172,356,98.94,0.7302,0.3693,14.94,28.81,3,6.6,1,1
STR-002294,Control,B03,95.94,2.88,0.261,229,53.17,0.5687,0.0506,70.61,24.77,1,7.22,0,0
STR-002295,TreatmentA,B01,85.16,1.32,0.1813,185,22.3,0.6802,0.2974,39.23,20.44,5,4.87,0,0
STR-002296,Control,B01,124.76,2.23,0.277,299,26.9,0.3899,0.3409,41.45,20.2,5,7.23,0,0
STR-002297,TreatmentA,B03,80.52,2.97,0.2596,163,35.13,0.378,0.5027,15.01,12.43,2,11.48,0,0
STR-002298,Control,B01,96.99,3.14,0.2746,178,40.11,0.5191,0.2545,34.34,24.88,1,8.49,0,0
STR-002299,TreatmentA,B01,111.71,2.04,0.1844,514,60.17,0.4259,0.4015,73.7,18.28,3,7.77,1,1
STR-002300,TreatmentB,B02,81.98,1.22,0.2093,2003,21.32,0.3601,0.3596,13.43,19.0,2,7.76,1,1
STR-002301,TreatmentA,B02,97.48,1.97,0.2583,298,62.68,0.4081,0.5858,37.55,12.83,2,7.85,0,1
STR-002302,TreatmentB,B01,111.64,4.24,0.2245,123,19.47,0.3627,0.6904,15.11,32.12,2,9.6,0,0
STR-002303,TreatmentA,B02,99.96,1.64,0.2891,352,32.48,0.0484,0.1859,31.56,20.72,0,9.52,0,1
STR-002304,Control,B01,87.87,2.67,0.2825,199,39.83,0.4138,0.336,86.99,25.65,3,4.79,0,0
STR-002305,TreatmentB,B01,111.15,2.21,0.2148,213,32.28,0.5677,0.2765,16.66,28.89,4,7.56,1,1
STR-002306,Control,B03,92.68,2.21,0.1946,377,25.98,0.3722,0.3926,30.12,24.46,2,7.65,1,1
STR-002307,TreatmentB,B03,78.73,2.07,0.3133,897,9.25,0.3505,0.3056,32.57,15.44,0,8.02,0,1
STR-002308,TreatmentB,B03,116.13,1.41,0.2078,127,21.29,0.2996,0.0752,13.32,17.01,1,8.01,1,1
STR-002309,Control,B01,98.05,3.09,0.1924,608,22.65,0.2543,0.3967,79.56,29.58,4,8.15,1,1
STR-002310,TreatmentA,B02,85.36,1.49,0.1467,537,20.95,0.3746,0.3138,34.66,36.24,3,7.78,1,1
STR-002311,TreatmentA,B03,92.75,1.18,0.2432,123,19.68,0.3663,0.2026,34.0,35.11,1,9.64,0,0
STR-002312,TreatmentA,B01,114.44,2.16,0.1648,146,37.13,0.6483,0.5154,40.38,25.19,1,4.99,1,1
STR-002313,TreatmentA,B01,139.33,2.5,0.3134,633,26.31,0.3678,0.2743,40.06,27.96,1,6.17,0,1
STR-002314,TreatmentB,B01,88.99,1.75,0.2325,153,38.85,0.3116,0.4649,9.73,17.6,1,8.02,1,0
STR-002315,Control,B02,118.33,1.88,0.2419,838,28.35,0.2314,0.2361,39.49,17.39,1,7.42,1,1
STR-002316,Control,B03,77.81,3.9,0.2495,199,45.02,0.5654,0.3844,46.82,35.59,5,6.61,0,1
STR-002317,TreatmentB,B01,96.22,2.19,0.2104,984,26.8,0.5068,0.3341,9.57,18.95,2,5.52,1,0
STR-002318,TreatmentB,B01,103.14,0.81,0.2036,148,60.44,0.3726,0.1877,39.1,30.54,2,7.01,1,1
STR-002319,Control,B01,91.17,2.0,0.2686,426,27.58,0.6317,0.1296,22.73,31.71,0,7.91,0,0
STR-002320,Control,B03,121.32,3.66,0.3108,288,15.63,0.3317,0.2543,40.28,21.75,2,9.04,0,0
STR-002321,Control,B03,95.86,2.55,0.2667,293,40.73,0.4105,0.3528,66.51,16.39,1,5.79,0,1
STR-002322,TreatmentA,B01,72.69,2.86,0.1719,127,32.14,0.4305,0.2098,14.35,28.74,3,6.1,0,1
STR-002323,TreatmentA,B02,100.32,1.45,0.2368,404,35.44,0.496,0.3489,54.7,31.02,2,5.74,1,1
STR-002324,TreatmentB,B02,138.13,2.73,0.3091,79,12.44,0.3188,0.2687,1.96,26.37,3,6.91,0,1
STR-002325,TreatmentB,B03,127.96,1.66,0.2376,226,20.9,0.3601,0.3029,17.52,17.32,1,6.47,0,1
STR-002326,Control,B01,95.39,2.41,0.2739,767,10.04,0.5656,0.207,33.66,28.56,3,6.39,0,1
STR-002327,TreatmentA,B03,94.63,1.76,0.1801,310,37.6,0.4437,0.2618,19.86,30.27,2,9.87,1,0
STR-002328,TreatmentA,B03,102.57,0.94,0.3038,326,69.53,0.3123,0.3862,44.37,24.75,1,9.09,0,0
STR-002329,TreatmentB,B03,108.6,2.18,0.2274,746,110.81,0.312,0.192,16.11,20.86,3,6.02,1,1
STR-002330,Control,B01,96.74,2.7,0.2445,233,25.39,0.3139,0.4001,34.42,20.75,4,5.71,0,0
STR-002331,TreatmentA,B02,93.73,1.92,0.211,240,41.66,0.5471,0.2687,53.48,22.58,1,7.72,0,0
STR-002332,TreatmentB,B01,98.63,1.45,0.2082,711,23.64,0.3452,0.4039,10.25,19.77,1,6.64,1,1
STR-002333,TreatmentA,B03,74.51,1.34,0.2206,197,20.92,0.4815,0.2475,72.6,15.13,3,7.45,1,0
STR-002334,TreatmentA,B03,118.7,1.54,0.2246,290,40.22,0.4721,0.278,19.9,32.63,2,6.07,0,0
STR-002335,Control,B01,82.81,2.95,0.2138,174,26.84,0.6788,0.2295,48.42,17.84,0,6.04,1,0
STR-002336,TreatmentB,B01,89.52,4.18,0.2187,298,38.97,0.3188,0.3564,27.67,21.13,2,10.98,0,0
STR-002337,TreatmentB,B02,73.98,1.62,0.2514,434,30.31,0.3754,0.4088,29.39,25.29,2,8.16,1,1
STR-002338,TreatmentB,B02,99.88,2.11,0.232,362,45.0,0.5579,0.3058,14.73,16.58,4,9.28,1,0
STR-002339,Control,B02,145.61,2.53,0.3213,1174,35.92,0.2816,0.2747,22.21,22.47,2,5.0,0,1
STR-002340,Control,B01,96.26,2.68,0.2426,299,51.79,0.4695,0.2068,43.69,20.41,5,6.65,0,1
STR-002341,TreatmentA,B02,109.79,1.86,0.2833,116,23.53,0.4104,0.3349,50.36,28.9,2,9.01,0,0
STR-002342,Control,B02,112.3,3.28,0.2221,219,98.34,0.4951,0.3243,72.14,18.41,0,7.04,0,1
STR-002343,TreatmentA,B03,82.25,1.38,0.2037,142,45.86,0.3363,0.3918,40.35,28.28,5,6.04,1,0
STR-002344,Control,B02,83.68,1.49,0.2872,106,58.42,0.4331,0.0526,28.31,32.25,3,5.76,1,0
STR-002345,Control,B03,117.68,2.91,0.2602,629,13.15,0.2907,0.229,28.69,33.43,1,6.2,0,1
STR-002346,TreatmentB,B03,83.78,2.62,0.1437,257,37.68,0.345,0.1171,25.55,30.89,1,7.42,1,1
STR-002347,TreatmentB,B01,105.78,1.36,0.1596,283,49.37,0.6497,0.3507,35.91,33.12,3,6.55,1,1
STR-002348,TreatmentB,B02,73.51,0.79,0.2703,361,29.63,0.3486,0.272,17.17,22.27,3,5.62,1,1
STR-002349,Control,B03,102.04,2.88,0.2628,446,46.62,0.3613,0.3245,36.83,23.11,6,10.19,0,0
STR-002350,TreatmentA,B02,84.81,1.92,0.2197,74,29.17,0.1411,0.3879,33.45,20.84,2,8.29,1,0
STR-002351,Control,B02,139.82,3.26,0.2756,319,55.78,0.1835,0.1202,38.2,31.55,2,7.07,0,1
STR-002352,Control,B03,86.15,2.24,0.2063,284,51.74,0.3347,0.264,55.5,20.96,2,8.85,1,0
STR-002353,TreatmentA,B01,60.49,3.23,0.2489,258,78.38,0.4841,0.5021,14.83,14.62,2,7.27,1,1
STR-002354,Control,B01,100.48,2.42,0.2024,488,52.74,0.4364,0.3708,27.73,13.73,1,5.76,1,0
STR-002355,TreatmentA,B02,97.58,1.97,0.1778,363,81.89,0.302,0.339,36.16,24.08,0,7.29,1,1
STR-002356,TreatmentA,B03,104.55,1.41,0.2528,76,80.82,0.5373,0.552,29.35,24.09,2,7.12,1,1
STR-002357,TreatmentB,B01,107.4,1.36,0.2717,227,19.69,0.5139,0.3612,39.19,33.84,2,7.39,0,1
STR-002358,TreatmentB,B03,99.6,1.69,0.2478,215,14.65,0.381,0.3709,12.83,18.83,2,7.37,1,1
STR-002359,TreatmentA,B01,95.02,2.62,0.2791,163,114.42,0.3743,0.23,44.0,28.94,0,4.78,0,0
STR-002360,Control,B03,100.37,2.51,0.2761,221,62.24,0.4947,0.6439,52.41,13.89,2,5.86,0,1
STR-002361,TreatmentB,B01,103.93,1.56,0.2071,178,37.71,0.3095,0.3569,22.52,27.03,0,6.5,0,1
STR-002362,Control,B02,116.38,2.57,0.2501,156,12.28,0.456,0.3453,39.57,21.9,3,8.12,1,1
STR-002363,Control,B01,103.15,2.06,0.2468,310,62.61,0.2633,0.1414,23.05,22.02,6,6.4,1,1
STR-002364,TreatmentB,B02,100.96,0.53,0.2372,103,17.63,0.3992,0.4078,14.37,26.27,5,9.5,1,0
STR-002365,TreatmentA,B02,123.26,1.66,0.2614,194,69.22,0.4742,0.4323,19.33,25.88,5,5.1,1,1
STR-002366,Control,B02,97.74,3.16,0.2322,344,42.55,0.2977,0.4726,41.21,17.17,0,5.58,0,0
STR-002367,Control,B03,57.59,3.11,0.2288,130,26.47,0.375,0.1877,52.24,20.79,3,6.51,0,1
STR-002368,TreatmentB,B01,105.14,1.46,0.2522,290,31.7,0.4557,0.3561,8.11,27.01,2,7.05,1,1
STR-002369,TreatmentA,B03,117.54,1.69,0.1691,170,93.97,0.4169,0.3222,46.2,24.64,1,7.35,1,0
STR-002370,TreatmentA,B01,107.41,0.96,0.2648,354,9.75,0.3419,0.2801,27.12,28.78,4,7.03,0,1
STR-002371,Control,B02,106.15,2.18,0.2389,290,110.57,0.4495,0.3786,49.43,19.66,5,6.94,0,1
STR-002372,Control,B02,115.78,2.28,0.2505,394,5.15,0.3356,0.1898,33.08,25.87,2,5.06,1,1
STR-002373,TreatmentB,B01,101.05,0.98,0.2444,154,102.44,0.3801,0.5105,19.25,27.22,0,9.23,1,0
STR-002374,TreatmentB,B03,129.59,1.75,0.2004,644,38.67,0.5229,0.2935,29.37,28.83,1,8.08,1,0
STR-002375,TreatmentA,B02,102.38,1.57,0.2237,755,83.95,0.5237,0.1978,18.17,34.81,2,7.92,1,0
STR-002376,TreatmentA,B02,108.88,2.48,0.1819,339,112.13,0.3518,0.2769,8.22,25.82,3,7.71,1,0
STR-002377,TreatmentB,B02,110.8,2.26,0.2108,199,85.15,0.3159,0.4385,33.81,26.24,0,7.86,0,1
STR-002378,TreatmentB,B02,84.82,1.04,0.2406,334,16.04,0.7249,0.6024,25.12,26.92,3,6.23,1,1
STR-002379,TreatmentB,B02,101.95,2.37,0.2484,327,21.11,0.2753,0.213,25.83,24.79,1,5.32,0,1
STR-002380,TreatmentB,B03,91.2,1.31,0.3133,252,34.74,0.3842,0.5612,21.21,32.0,2,7.14,1,1
STR-002381,Control,B01,115.63,1.52,0.232,174,16.61,0.4224,0.2223,29.33,19.04,1,5.23,0,0
STR-002382,Control,B01,107.0,3.88,0.1924,268,19.8,0.5052,0.2873,66.81,18.81,0,8.01,0,0
STR-002383,TreatmentA,B02,98.77,2.07,0.2081,280,19.26,0.499,0.3017,52.19,24.71,5,6.56,1,1
STR-002384,Control,B01,122.65,2.0,0.1977,431,45.03,0.4508,0.2429,23.15,15.7,2,7.18,1,1
STR-002385,TreatmentA,B02,104.99,1.76,0.2288,664,27.08,0.2208,0.405,42.46,35.85,0,7.44,0,0
STR-002386,TreatmentA,B02,72.98,1.16,0.2316,107,41.95,0.497,0.1279,44.31,34.19,2,7.43,0,0
STR-002387,Control,B02,102.05,1.66,0.1935,291,57.59,0.4291,0.3546,54.46,26.87,3,5.75,1,1
STR-002388,TreatmentB,B02,91.18,2.1,0.2115,157,26.9,0.4556,0.333,26.28,34.69,4,7.44,1,1
STR-002389,TreatmentA,B03,92.52,1.3,0.2448,316,38.13,0.193,0.0837,16.34,22.66,3,5.9,1,1
STR-002390,Control,B02,124.74,2.84,0.2513,212,98.5,0.6136,0.2103,43.6,21.82,1,6.78,0,0
STR-002391,TreatmentA,B03,116.59,2.39,0.2663,522,16.82,0.3145,0.4574,103.57,27.19,3,5.88,0,1
STR-002392,TreatmentB,B02,81.4,1.98,0.2346,201,87.84,0.3623,0.1076,26.35,18.77,2,7.81,1,1
STR-002393,TreatmentB,B03,108.17,2.16,0.2867,1050,73.44,0.1593,0.1998,77.36,27.27,3,5.99,0,1
STR-002394,Control,B02,110.21,2.18,0.2289,147,9.3,0.5173,0.1331,39.02,21.55,3,5.04,0,0
STR-002395,TreatmentA,B01,101.15,1.68,0.243,679,15.43,0.2984,0.3468,24.71,21.0,1,6.79,1,0
STR-002396,TreatmentB,B03,121.58,1.11,0.2772,153,43.77,0.4566,0.2173,12.32,20.4,6,7.2,1,1
STR-002397,TreatmentB,B03,67.71,0.93,0.2676,121,14.5,0.4394,0.4847,73.38,30.23,3,7.02,1,1
STR-002398,TreatmentA,B02,73.41,1.74,0.227,256,87.74,0.4418,0.2382,33.56,20.06,5,7.54,1,1
STR-002399,TreatmentB,B01,98.45,1.3,0.2568,172,32.98,0.4979,0.1853,20.39,22.73,3,8.16,0,0
STR-002400,TreatmentA,B02,86.34,1.12,0.1538,347,23.81,0.1025,0.4793,33.8,28.54,2,7.12,1,0
STR-002401,Control,B01,103.23,1.95,0.2309,312,13.21,0.3427,0.163,88.57,26.97,4,7.23,0,1
STR-002402,TreatmentA,B01,84.68,2.92,0.205,215,63.12,0.1987,0.1468,55.75,26.31,1,6.72,0,1
STR-002403,TreatmentB,B01,99.04,2.65,0.2141,175,31.14,0.2783,0.199,17.61,16.8,4,7.14,0,1
STR-002404,TreatmentB,B01,65.96,1.14,0.2089,799,56.97,0.242,0.1222,36.21,28.97,4,7.79,1,1
STR-002405,TreatmentB,B02,70.69,2.1,0.23,205,30.96,0.1823,0.4502,39.51,24.08,6,6.09,0,0
STR-002406,TreatmentA,B02,106.43,2.91,0.1818,265,16.42,0.6767,0.1873,33.48,14.94,1,4.4,1,0
STR-002407,Control,B02,88.98,2.32,0.3326,492,17.2,0.5626,0.3695,41.64,26.38,3,4.63,0,0
STR-002408,TreatmentA,B02,151.92,1.2,0.3048,307,30.14,0.5586,0.3215,38.98,20.35,4,6.01,0,1
STR-002409,Control,B03,103.56,1.83,0.2373,277,26.5,0.3381,0.2278,35.19,25.53,5,6.05,1,0
STR-002410,Control,B01,97.02,2.33,0.2047,426,10.32,0.3749,0.1172,39.23,19.39,3,5.42,0,1
STR-002411,TreatmentB,B03,111.92,1.53,0.2667,357,125.05,0.3856,0.2777,11.54,32.75,4,2.82,1,0
STR-002412,TreatmentB,B02,77.37,1.35,0.2426,653,41.74,0.4065,0.4196,49.02,24.78,5,4.18,1,0
STR-002413,TreatmentA,B02,111.72,2.26,0.2518,181,63.64,0.3117,0.4071,26.42,28.18,3,6.66,1,1
STR-002414,TreatmentA,B01,97.46,2.12,0.225,718,24.68,0.2584,0.3969,36.41,37.97,3,7.76,0,0
STR-002415,TreatmentA,B01,81.49,1.77,0.2037,263,26.27,0.593,0.3586,92.08,26.4,2,6.31,1,1
STR-002416,TreatmentA,B03,82.93,2.35,0.2132,165,161.39,0.4703,0.203,27.22,25.46,1,5.69,1,1
STR-002417,Control,B01,94.57,1.86,0.2433,165,21.66,0.4803,0.2072,53.8,25.31,4,6.04,1,0
STR-002418,Control,B01,78.81,1.8,0.2932,250,19.96,0.2749,0.3832,85.08,23.73,2,3.54,0,0
STR-002419,TreatmentB,B01,89.11,1.45,0.2655,241,8.76,0.6033,0.2936,24.84,27.21,5,9.03,0,0
STR-002420,Control,B01,110.02,3.51,0.2513,766,24.48,0.2982,0.3157,31.9,28.35,1,6.42,0,0
STR-002421,Control,B03,143.7,3.11,0.2442,388,28.46,0.2217,0.2259,24.55,26.8,3,6.27,0,1
STR-002422,TreatmentA,B01,101.64,3.11,0.2276,235,26.28,0.4421,0.3449,25.28,23.74,5,5.0,0,0
STR-002423,TreatmentB,B01,92.02,0.72,0.2249,222,19.45,0.2434,0.2327,22.39,18.81,4,5.11,1,0
STR-002424,TreatmentA,B03,94.72,2.88,0.2038,456,42.16,0.4101,0.2841,40.04,21.85,3,7.81,0,1
STR-002425,TreatmentB,B02,104.54,2.62,0.2169,444,25.48,0.258,0.2182,7.26,27.57,3,6.97,1,1
STR-002426,TreatmentA,B02,116.01,1.12,0.3126,184,20.72,0.4061,0.31,52.45,27.41,2,5.81,0,0
STR-002427,Control,B03,88.82,2.23,0.2418,111,57.6,0.3324,0.6695,23.2,26.04,0,5.63,0,0
STR-002428,TreatmentB,B01,103.03,0.91,0.2899,434,36.12,0.416,0.2242,22.77,19.04,4,8.77,1,0
STR-002429,TreatmentA,B01,138.2,2.94,0.2697,306,80.37,0.3077,0.4724,48.33,16.75,0,7.33,0,1
STR-002430,Control,B02,83.41,2.05,0.2678,221,56.98,0.6028,0.2014,56.54,33.65,4,5.48,0,0
STR-002431,Control,B01,105.74,3.12,0.2219,281,22.66,0.5581,0.1711,82.64,22.0,2,6.41,0,0
STR-002432,TreatmentA,B03,87.81,3.42,0.2487,817,15.96,0.4102,0.2511,111.35,18.19,2,7.04,0,1
STR-002433,TreatmentB,B01,87.94,0.61,0.2727,630,11.93,0.4233,0.2604,6.46,30.71,4,6.42,1,1
STR-002434,Control,B01,83.94,2.04,0.189,264,35.2,0.6085,0.2362,33.04,26.22,2,8.32,1,0
STR-002435,Control,B02,90.83,3.56,0.2175,149,33.66,0.4684,0.5079,27.84,25.57,1,5.34,0,1
STR-002436,Control,B01,89.07,2.18,0.1839,388,24.93,0.5234,0.0956,76.22,23.04,0,8.29,1,0
STR-002437,Control,B01,84.97,1.7,0.236,329,27.78,0.7787,0.2745,29.07,31.72,4,6.19,1,1
STR-002438,TreatmentB,B02,94.81,2.18,0.254,99,118.69,0.2137,0.2058,45.37,22.28,6,6.65,1,1
STR-002439,TreatmentA,B02,107.28,2.25,0.2574,549,39.18,0.6388,0.2462,29.69,26.76,1,7.53,0,1
STR-002440,TreatmentA,B01,98.08,1.37,0.1904,89,19.42,0.6432,0.1683,79.36,17.72,4,6.85,1,0
STR-002441,Control,B02,103.76,2.75,0.2388,314,33.64,0.5139,0.1472,25.62,31.12,2,5.61,0,0
STR-002442,TreatmentA,B01,66.79,1.26,0.2823,115,14.8,0.5762,0.4363,44.95,28.42,1,4.78,0,0
STR-002443,TreatmentA,B01,93.67,2.04,0.2573,137,40.61,0.4738,0.3676,33.47,29.04,2,6.84,0,1
STR-002444,TreatmentA,B02,87.01,1.53,0.2764,270,108.99,0.5359,0.228,42.05,16.2,2,7.28,0,1
STR-002445,TreatmentA,B01,121.05,2.9,0.2489,342,46.07,0.6591,0.5638,48.32,24.07,0,7.88,0,1
STR-002446,Control,B02,100.65,1.63,0.292,286,6.43,0.2474,0.359,44.37,24.68,1,7.29,1,0
STR-002447,Control,B03,92.61,1.85,0.2772,300,29.78,0.3379,0.3775,67.53,17.32,0,7.44,0,0
STR-002448,Control,B01,95.13,2.44,0.1784,196,24.36,0.4327,0.0636,60.32,12.07,1,7.48,1,1
STR-002449,TreatmentA,B03,72.65,2.91,0.2634,160,16.59,0.4773,0.4242,47.01,21.34,1,7.21,0,1
STR-002450,TreatmentB,B03,76.68,1.27,0.2167,176,13.15,0.5106,0.0905,44.15,28.99,7,5.89,1,0
STR-002451,TreatmentA,B03,110.45,1.44,0.26,135,67.97,0.3931,0.1858,22.43,13.76,0,6.18,1,1
STR-002452,TreatmentB,B03,97.04,1.57,0.2297,83,14.98,0.5434,0.1649,21.39,14.82,1,4.54,1,0
STR-002453,TreatmentB,B02,113.33,2.03,0.2222,298,47.79,0.4099,0.2869,6.28,22.36,1,8.13,0,0
STR-002454,TreatmentA,B03,122.7,1.57,0.2162,182,16.86,0.3886,0.2153,23.19,22.9,2,7.04,1,1
STR-002455,TreatmentB,B01,91.78,1.24,0.2276,553,13.86,0.2696,0.1716,27.41,17.11,6,7.48,1,1
STR-002456,Control,B03,78.78,2.87,0.2428,438,31.43,0.352,0.4585,24.76,28.19,1,6.7,0,0
STR-002457,Control,B01,86.32,3.28,0.243,168,16.92,0.6719,0.1389,22.27,25.42,2,7.13,0,0
STR-002458,TreatmentA,B03,100.28,2.24,0.2193,93,4.18,0.3451,0.3677,35.26,13.7,4,7.64,1,0
STR-002459,TreatmentB,B02,81.43,1.76,0.1999,321,18.12,0.3255,0.2848,2.84,34.03,1,7.57,1,1
STR-002460,TreatmentA,B02,99.33,1.05,0.2526,821,71.16,0.3441,0.3062,12.2,22.97,3,9.23,1,0
STR-002461,Control,B02,112.99,1.37,0.2513,389,59.97,0.4287,0.3506,29.41,27.18,2,6.88,0,1
STR-002462,TreatmentA,B02,74.91,1.68,0.2299,575,28.93,0.3928,0.3113,25.82,32.05,1,7.47,1,1
STR-002463,TreatmentA,B02,112.23,1.45,0.1872,474,7.12,0.4698,0.3539,35.65,29.73,3,6.93,1,1
STR-002464,Control,B01,89.03,1.95,0.2156,453,41.6,0.5227,0.3428,86.45,30.77,2,7.73,1,1
STR-002465,TreatmentA,B02,111.49,2.11,0.235,486,72.24,0.6073,0.2403,115.48,22.4,2,9.37,0,0
STR-002466,Control,B02,87.67,1.87,0.2324,399,26.06,0.3488,0.1619,17.96,30.02,0,5.96,1,1
STR-002467,TreatmentA,B01,116.9,2.1,0.2694,601,40.75,0.4239,0.2569,47.15,28.77,1,8.39,0,0
STR-002468,Control,B02,90.9,2.27,0.211,208,28.25,0.5664,0.1929,73.65,16.62,2,4.04,1,0
STR-002469,Control,B01,109.78,3.27,0.2298,176,89.27,0.523,0.3761,98.67,22.42,1,6.69,0,1
STR-002470,Control,B01,98.91,3.86,0.1888,55,22.65,0.3911,0.0767,64.41,32.42,3,6.81,0,1
STR-002471,TreatmentB,B01,114.95,1.28,0.1966,398,13.82,0.4407,0.1925,20.96,22.49,4,5.95,1,1
STR-002472,Control,B01,93.43,3.16,0.1547,179,30.99,0.7063,0.1428,54.32,21.41,3,6.4,1,0
STR-002473,Control,B03,98.48,2.56,0.2436,282,20.49,0.4174,0.3554,42.59,17.33,4,7.85,1,1
STR-002474,Control,B02,78.71,1.69,0.2295,269,20.64,0.1734,0.2493,57.25,32.88,3,7.5,0,0
STR-002475,TreatmentB,B02,118.43,1.17,0.1951,197,21.16,0.4935,0.3542,10.26,21.06,1,6.19,1,1
STR-002476,TreatmentB,B02,120.23,1.5,0.2384,541,30.24,0.73,0.3029,26.8,23.58,3,5.02,1,0
STR-002477,Control,B01,95.8,2.38,0.2398,340,60.87,0.4645,0.4005,46.52,16.71,1,4.76,1,0
STR-002478,Control,B02,107.31,1.65,0.229,150,38.41,0.4811,0.2387,40.96,25.72,0,8.45,1,0
STR-002479,TreatmentB,B03,129.22,0.98,0.2549,325,39.33,0.7251,0.1325,50.36,29.98,2,6.38,1,0
STR-002480,TreatmentB,B02,79.87,1.01,0.2213,162,25.11,0.5128,0.2133,57.09,31.65,1,6.58,1,1
STR-002481,Control,B03,85.38,2.55,0.2619,486,30.32,0.5753,0.3641,28.94,32.0,4,5.49,1,0
STR-002482,TreatmentA,B01,91.05,2.08,0.2472,341,23.72,0.3913,0.3656,21.34,25.99,2,7.52,1,1
STR-002483,TreatmentA,B02,121.75,1.62,0.2357,78,28.77,0.5674,0.2017,65.89,28.09,5,8.92,0,0
STR-002484,TreatmentA,B02,126.54,3.23,0.2111,597,23.39,0.2785,0.2273,26.44,33.8,1,2.77,1,0
STR-002485,TreatmentA,B01,79.97,2.32,0.1969,735,20.11,0.1118,0.4495,55.57,24.71,4,7.82,1,0
STR-002486,Control,B01,104.9,2.17,0.2234,227,14.36,0.3421,0.4372,31.37,29.41,4,5.04,1,0
STR-002487,TreatmentA,B01,93.19,2.35,0.2363,292,17.4,0.32,0.4529,26.1,36.37,3,8.83,0,0
STR-002488,TreatmentB,B01,89.59,2.3,0.2282,591,43.69,0.2747,0.4759,17.44,34.31,6,4.42,1,0
STR-002489,TreatmentA,B03,105.74,1.95,0.2589,443,27.96,0.348,0.3304,34.09,31.21,4,8.33,0,1
STR-002490,TreatmentA,B02,69.66,2.0,0.2057,404,16.97,0.375,0.3934,44.2,21.71,1,6.07,1,1
STR-002491,Control,B01,95.39,2.47,0.2451,286,51.59,0.1459,0.4949,22.76,31.93,3,7.55,1,0
STR-002492,TreatmentA,B02,119.62,1.33,0.2142,222,12.34,0.478,0.2746,34.63,24.93,2,7.56,1,1
STR-002493,TreatmentB,B02,92.51,1.55,0.2963,450,30.66,0.224,0.2371,32.01,23.29,1,7.73,1,1
STR-002494,Control,B02,105.36,1.56,0.2441,271,21.37,0.4451,0.2694,49.42,31.3,3,6.45,0,0
STR-002495,Control,B01,112.78,2.75,0.2449,449,83.38,0.3386,0.2225,35.86,23.38,4,4.91,0,0
STR-002496,TreatmentB,B02,87.36,1.89,0.2298,127,19.8,0.2134,0.1747,17.4,14.66,1,4.58,1,1
STR-002497,Control,B02,83.62,2.06,0.2724,894,47.03,0.374,0.3096,22.57,23.18,1,6.25,0,0
STR-002498,TreatmentA,B01,97.31,2.5,0.196,442,30.09,0.6082,0.4126,55.78,19.11,5,6.97,1,1
STR-002499,TreatmentA,B03,109.54,2.14,0.2571,606,27.48,0.2353,0.3131,34.12,16.67,1,7.12,0,0
STR-002500,TreatmentB,B01,114.35,0.97,0.2457,754,36.06,0.2673,0.161,34.33,20.74,3,8.05,1,1
STR-002501,TreatmentA,B02,99.84,2.91,0.1718,96,42.07,0.1643,0.3046,65.55,26.9,4,6.71,0,1
STR-002502,TreatmentB,B01,81.16,1.74,0.2968,503,69.25,0.2381,0.3043,15.72,20.21,5,6.53,1,1
STR-002503,Control,B01,116.54,2.06,0.2263,221,16.44,0.4057,0.2272,29.9,32.8,2,5.64,1,1
STR-002504,TreatmentB,B02,97.37,1.46,0.2516,890,12.47,0.417,0.4575,6.65,26.55,1,9.03,1,0
STR-002505,Control,B03,98.39,2.37,0.254,183,31.69,0.0749,0.0916,23.42,20.51,2,8.39,0,1
STR-002506,TreatmentA,B03,116.31,1.96,0.2777,341,49.47,0.5937,0.387,24.45,26.7,2,7.64,0,1
STR-002507,TreatmentB,B03,79.92,2.44,0.2407,514,13.49,0.4362,0.3394,26.22,28.3,2,8.54,1,1
STR-002508,Control,B02,103.14,2.81,0.246,215,13.91,0.2891,0.2885,27.02,28.82,2,5.71,0,1
STR-002509,TreatmentB,B03,125.74,2.19,0.2644,377,18.96,0.3543,0.1414,12.9,35.11,4,7.3,1,1
STR-002510,TreatmentA,B03,112.02,1.86,0.2584,138,58.4,0.4499,0.3826,31.86,27.97,3,6.52,0,1
STR-002511,TreatmentA,B02,70.63,2.29,0.2844,574,24.83,0.3465,0.304,58.87,19.36,1,6.53,0,1
STR-002512,TreatmentB,B03,117.31,2.97,0.2651,248,30.07,0.4727,0.0748,10.23,23.52,5,9.23,0,0
STR-002513,TreatmentA,B01,101.72,1.16,0.1923,102,12.19,0.5753,0.376,27.65,26.94,2,7.07,1,1
STR-002514,Control,B02,75.35,3.2,0.197,301,11.17,0.3801,0.5077,39.34,29.81,2,5.72,0,1
STR-002515,TreatmentA,B03,104.62,1.87,0.2134,314,21.34,0.4013,0.3744,20.69,24.05,5,4.04,1,0
STR-002516,TreatmentA,B03,111.75,2.95,0.2362,541,40.57,0.2916,0.1546,33.47,30.97,3,6.7,0,1
STR-002517,TreatmentB,B01,80.86,1.06,0.2783,362,27.81,0.4058,0.5663,29.96,20.61,5,4.18,1,0
STR-002518,TreatmentB,B01,94.65,0.68,0.3184,521,29.93,0.4526,0.0981,37.85,21.52,0,4.54,1,0
STR-002519,Control,B01,104.04,1.51,0.244,235,28.65,0.1457,0.4528,61.83,29.63,2,8.84,0,0
STR-002520,Control,B03,112.22,2.75,0.2341,238,21.7,0.5615,0.2249,34.47,19.57,4,6.03,0,0
STR-002521,Control,B03,99.48,2.42,0.1958,189,17.43,0.3352,0.2499,36.55,25.99,2,8.51,1,1
STR-002522,TreatmentB,B03,101.67,1.66,0.2455,551,15.5,0.3494,0.6109,16.09,28.11,4,7.01,1,1
STR-002523,TreatmentA,B03,113.14,2.16,0.254,54,22.34,0.5306,0.3643,44.16,16.25,3,3.12,1,0
STR-002524,TreatmentB,B03,103.32,0.64,0.2159,327,30.22,0.4048,0.3368,26.52,26.84,2,8.72,1,0
STR-002525,TreatmentA,B01,97.12,1.61,0.2916,171,26.91,0.2461,0.1269,27.37,17.95,4,10.19,0,0
STR-002526,TreatmentB,B02,113.17,1.74,0.2742,474,76.83,0.4833,0.4483,18.7,25.02,5,8.97,0,1
STR-002527,TreatmentA,B02,105.55,2.47,0.2224,137,78.44,0.3059,0.1951,70.07,29.81,4,7.77,0,1
STR-002528,Control,B02,66.89,2.16,0.1706,391,47.54,0.5661,0.3815,38.28,18.51,2,5.0,1,1
STR-002529,TreatmentA,B03,106.83,1.07,0.2609,187,15.15,0.4901,0.1757,42.6,22.62,2,4.3,1,0
STR-002530,Control,B03,124.62,3.25,0.1751,451,122.94,0.352,0.3344,39.79,35.57,2,8.3,0,0
STR-002531,Control,B01,100.47,3.03,0.2394,524,31.37,0.6754,0.1174,39.88,25.8,3,8.37,0,0
STR-002532,TreatmentB,B02,86.45,1.35,0.1803,512,25.06,0.4402,0.29,10.94,19.19,2,6.36,1,0
STR-002533,TreatmentB,B03,88.7,1.79,0.326,612,65.57,0.4831,0.3791,16.18,23.35,4,3.59,0,0
STR-002534,Control,B03,92.71,2.04,0.2143,659,36.83,0.5022,0.3331,54.57,16.81,5,7.06,1,1
STR-002535,TreatmentB,B02,111.6,2.76,0.25,1005,38.61,0.3497,0.2089,6.03,28.09,3,5.33,0,0
STR-002536,Control,B02,97.28,5.64,0.1923,348,35.82,0.7926,0.381,68.73,20.63,6,10.22,0,0
STR-002537,Control,B01,62.16,2.46,0.2377,265,59.09,0.498,0.2006,36.7,24.14,3,5.2,0,0
STR-002538,Control,B02,90.87,2.37,0.241,198,24.13,0.5069,0.1942,36.09,6.15,2,6.83,0,0
STR-002539,TreatmentA,B03,81.96,3.03,0.1768,291,28.56,0.2578,0.3502,32.34,24.95,3,6.93,1,1
STR-002540,Control,B01,89.96,2.3,0.2179,370,19.65,0.1752,0.1532,48.41,14.29,2,8.1,0,1
STR-002541,Control,B03,95.23,2.41,0.1744,384,31.92,0.262,0.2264,21.66,22.5,1,8.48,1,1
STR-002542,Control,B03,106.92,1.58,0.2132,400,14.77,0.6097,0.4849,65.1,21.12,0,6.57,1,1
STR-002543,TreatmentB,B02,103.7,1.72,0.2643,217,46.92,0.3724,0.4088,5.06,13.47,4,6.77,1,1
STR-002544,Control,B02,110.91,1.76,0.2418,666,28.63,0.2331,0.3329,22.04,29.6,3,6.35,0,1
STR-002545,Control,B02,136.57,2.4,0.2439,273,28.95,0.4721,0.383,30.76,23.21,1,6.68,1,1
STR-002546,Control,B01,80.97,1.95,0.238,259,15.93,0.6383,0.5605,50.95,29.68,2,8.93,1,1
STR-002547,TreatmentB,B02,107.85,2.57,0.222,343,77.91,0.3111,0.275,21.45,26.84,4,5.61,0,1
STR-002548,TreatmentA,B01,103.09,3.11,0.2092,349,69.96,0.5052,0.1899,38.34,16.18,1,6.41,1,0
STR-002549,Control,B02,91.49,3.16,0.2745,243,65.49,0.359,0.3266,31.32,37.55,1,8.61,1,0
STR-002550,TreatmentB,B02,93.53,1.76,0.1944,106,17.03,0.2774,0.2556,19.08,28.89,3,7.01,1,1
STR-002551,TreatmentB,B02,95.75,1.53,0.2603,329,32.47,0.2604,0.2244,18.05,30.3,6,7.26,1,1
STR-002552,TreatmentA,B03,107.63,3.63,0.3442,202,55.28,0.2559,0.4184,10.99,16.28,5,6.66,1,0
STR-002553,Control,B02,103.75,3.75,0.2177,230,29.29,0.3062,0.389,76.8,28.54,1,7.67,0,0
STR-002554,Control,B03,124.96,1.32,0.2314,330,70.94,0.2678,0.4554,29.41,26.41,4,6.69,1,1
STR-002555,TreatmentB,B02,85.81,1.98,0.2184,354,41.19,0.3278,0.4257,43.27,19.02,2,6.88,0,0
STR-002556,TreatmentA,B03,88.71,2.74,0.2226,540,71.01,0.538,0.1753,44.04,21.5,4,7.73,0,0
STR-002557,TreatmentA,B02,108.88,1.49,0.2974,382,22.81,0.2011,0.3721,38.13,19.44,4,6.29,0,1
STR-002558,TreatmentA,B02,83.06,2.95,0.2597,101,80.09,0.4299,0.1088,43.23,24.66,2,5.86,0,1
STR-002559,TreatmentA,B01,108.36,2.21,0.208,347,128.92,0.3801,0.5201,11.38,25.78,4,9.78,0,0
STR-002560,TreatmentA,B01,114.85,1.83,0.2467,123,44.62,0.4409,0.4582,71.3,24.06,1,6.88,0,1
STR-002561,TreatmentA,B01,105.47,1.99,0.2659,105,70.54,0.4453,0.2281,29.5,17.92,1,7.58,0,0
STR-002562,TreatmentA,B03,106.77,1.65,0.2128,266,21.59,0.5549,0.4539,37.58,18.56,5,7.37,1,1
STR-002563,TreatmentA,B03,123.17,1.06,0.2361,270,16.47,0.5779,0.3145,20.07,27.41,0,7.49,1,1
STR-002564,TreatmentA,B03,96.49,1.09,0.2033,168,24.83,0.5188,0.2153,16.15,26.42,0,8.35,1,1
STR-002565,TreatmentA,B02,86.5,2.27,0.1757,429,18.54,0.1266,0.3318,36.77,27.06,1,5.31,1,0
STR-002566,TreatmentA,B02,91.48,1.25,0.2386,300,42.55,0.4068,0.4657,36.68,22.35,1,7.44,1,1
STR-002567,TreatmentA,B01,102.52,1.3,0.2557,206,147.44,0.6111,0.3511,23.66,28.78,2,6.55,1,1
STR-002568,Control,B01,91.92,1.83,0.179,365,41.59,0.2367,0.2393,30.67,18.82,1,6.59,1,1
STR-002569,TreatmentB,B02,89.17,1.48,0.2287,853,41.35,0.3266,0.2859,21.08,24.47,3,5.93,1,1
STR-002570,Control,B02,108.77,2.39,0.1856,132,23.45,0.4178,0.3509,31.68,34.16,2,8.91,1,1
STR-002571,TreatmentB,B01,113.42,1.3,0.2525,99,51.12,0.4309,0.3195,39.62,25.8,2,7.01,0,1
STR-002572,Control,B01,101.61,2.04,0.2067,271,64.87,0.4084,0.3499,32.99,32.6,4,6.34,1,1
STR-002573,TreatmentA,B01,107.37,1.64,0.2018,136,63.78,0.5259,0.2537,36.19,16.34,4,9.08,0,0
STR-002574,TreatmentB,B01,78.61,2.11,0.2287,415,66.92,0.5673,0.4257,27.9,13.92,4,5.85,0,1
STR-002575,TreatmentA,B01,93.19,1.86,0.2145,246,25.64,0.2956,0.3626,49.75,29.59,3,7.66,1,1
STR-002576,TreatmentB,B03,93.65,0.89,0.2586,242,28.65,0.5274,0.0698,18.72,14.09,0,9.0,1,0
STR-002577,TreatmentB,B02,98.37,1.63,0.2395,519,13.33,0.4362,0.5566,17.11,29.28,1,6.08,0,0
STR-002578,TreatmentB,B02,83.2,2.12,0.185,182,98.52,0.2019,0.2634,18.6,18.25,2,8.17,1,1
STR-002579,Control,B02,116.73,4.76,0.3051,921,50.5,0.2793,0.2437,41.15,31.69,2,5.2,0,0
STR-002580,TreatmentB,B03,93.39,0.66,0.2354,183,34.98,0.6509,0.3956,6.25,26.43,0,8.11,1,1
STR-002581,Control,B01,94.01,3.42,0.2165,208,80.01,0.6341,0.2544,43.94,23.87,3,6.83,0,0
STR-002582,TreatmentB,B02,101.13,1.84,0.1948,409,37.25,0.744,0.266,26.16,17.87,4,7.4,1,1
STR-002583,TreatmentA,B03,98.4,2.04,0.2215,463,21.44,0.0961,0.4685,57.0,25.44,4,7.66,1,0
STR-002584,TreatmentB,B03,69.43,1.4,0.2402,512,33.76,0.4231,0.3997,20.68,21.55,3,9.01,1,0
STR-002585,Control,B03,80.07,1.95,0.1811,1125,17.77,0.6281,0.1396,40.41,28.28,1,6.01,1,0
STR-002586,Control,B02,89.83,3.18,0.2143,169,49.29,0.5923,0.28,39.02,29.95,3,8.45,0,0
STR-002587,TreatmentA,B01,124.1,1.53,0.2996,234,100.6,0.6165,0.3097,54.03,25.07,2,6.64,0,1
STR-002588,Control,B03,91.92,2.04,0.3009,119,55.1,0.1418,0.5666,104.49,20.35,2,6.09,0,0
STR-002589,Control,B02,106.03,1.97,0.2486,153,30.89,0.4032,0.2286,48.54,30.43,1,8.74,0,0
STR-002590,Control,B03,111.19,1.9,0.227,315,46.54,0.5455,0.4968,31.63,25.73,0,8.0,1,0
STR-002591,Control,B01,114.71,2.49,0.2386,160,43.47,0.3471,0.4305,52.17,24.28,2,5.64,0,0
STR-002592,TreatmentA,B03,77.15,2.36,0.2723,186,11.22,0.3888,0.2511,46.2,18.5,3,4.92,0,0
STR-002593,TreatmentA,B02,94.8,2.97,0.2348,228,22.05,0.3494,0.324,37.2,22.8,5,7.68,0,1
STR-002594,TreatmentA,B01,92.13,1.96,0.2575,120,70.05,0.5275,0.2852,23.37,27.69,3,5.5,1,1
STR-002595,TreatmentB,B03,108.31,0.7,0.2156,174,32.54,0.3839,0.3114,18.99,18.91,1,8.72,1,0
STR-002596,TreatmentB,B01,91.98,1.72,0.2288,316,30.48,0.2385,0.3215,11.31,14.84,1,6.61,0,0
STR-002597,TreatmentA,B01,94.84,1.22,0.1943,595,50.86,0.4657,0.1201,86.2,23.17,2,8.04,1,0
STR-002598,TreatmentA,B02,109.41,2.38,0.1973,536,36.78,0.6305,0.3276,61.76,26.88,2,8.16,0,0
STR-002599,Control,B03,102.89,2.13,0.2617,167,39.49,0.285,0.1516,37.05,14.01,2,8.7,0,0
STR-002600,TreatmentA,B02,112.94,2.28,0.2991,1300,23.2,0.4452,0.267,48.73,23.65,5,5.87,0,1
STR-002601,TreatmentA,B02,88.88,1.33,0.2545,426,22.08,0.3392,0.1486,19.37,36.2,1,6.18,0,1
STR-002602,TreatmentA,B02,109.92,2.2,0.2039,207,48.83,0.5621,0.2675,27.0,25.04,0,6.91,1,1
STR-002603,TreatmentA,B01,124.8,0.94,0.2774,702,42.72,0.3465,0.3968,72.72,25.28,1,9.06,1,0
STR-002604,TreatmentB,B01,97.48,2.32,0.2245,674,32.68,0.3975,0.3232,15.08,24.77,3,4.33,1,0
STR-002605,TreatmentB,B01,82.06,1.18,0.2409,82,12.53,0.5183,0.5703,28.72,38.08,2,4.44,1,0
STR-002606,TreatmentA,B02,105.52,2.14,0.2249,259,13.67,0.6413,0.6024,32.58,21.77,1,5.37,1,1
STR-002607,Control,B02,107.32,3.73,0.194,366,16.96,0.528,0.2389,38.41,28.94,2,5.48,0,0
STR-002608,Control,B01,99.4,2.15,0.2165,453,66.22,0.4428,0.3434,41.65,14.39,3,4.45,1,0
STR-002609,TreatmentA,B01,96.2,1.92,0.2491,569,38.98,0.5039,0.4323,40.47,17.09,1,6.28,0,1
STR-002610,TreatmentB,B02,100.98,2.38,0.1834,507,54.01,0.2807,0.1879,155.39,23.45,2,8.22,0,1
STR-002611,TreatmentB,B01,124.71,2.2,0.1417,1169,24.17,0.5249,0.2728,54.3,30.17,2,9.48,1,0
STR-002612,TreatmentA,B03,85.17,1.39,0.2645,245,26.29,0.5373,0.0952,20.4,27.55,4,4.96,0,0
STR-002613,Control,B01,119.91,2.01,0.2286,250,40.82,0.3009,0.5039,48.43,32.59,3,8.1,1,0
STR-002614,Control,B03,91.86,3.33,0.2154,229,88.15,0.6715,0.3852,43.18,32.1,4,7.1,0,1
STR-002615,TreatmentB,B01,114.05,3.1,0.2707,201,13.62,0.1471,0.2197,15.57,26.53,5,5.54,0,1
STR-002616,TreatmentA,B03,84.65,1.01,0.2592,414,45.29,0.4192,0.2916,24.8,38.95,1,5.76,1,1
STR-002617,TreatmentA,B01,112.1,1.96,0.2118,171,49.97,0.6503,0.2356,43.05,20.98,2,6.29,1,0
STR-002618,TreatmentB,B03,108.13,1.68,0.2328,344,50.49,0.5005,0.1857,78.89,18.8,1,6.68,1,0
STR-002619,Control,B01,100.48,1.86,0.2152,343,17.4,0.6119,0.227,38.0,26.92,1,5.61,1,0
STR-002620,TreatmentA,B03,66.13,0.87,0.1934,224,33.67,0.4867,0.349,19.34,24.11,2,7.52,1,1
STR-002621,TreatmentA,B03,118.44,1.81,0.2219,259,27.36,0.5358,0.3253,18.63,30.99,1,5.39,1,1
STR-002622,Control,B01,97.0,1.97,0.2427,443,67.58,0.325,0.3392,59.14,25.97,3,7.11,0,1
STR-002623,TreatmentB,B02,100.42,1.18,0.2384,563,30.37,0.5356,0.4943,24.85,28.89,1,7.07,1,1
STR-002624,Control,B02,90.35,2.0,0.2291,272,46.18,0.3781,0.3041,22.63,9.55,0,5.23,1,0
STR-002625,Control,B02,106.99,2.15,0.2868,416,18.57,0.3742,0.4124,28.99,18.72,3,7.58,0,1
STR-002626,Control,B01,115.96,2.23,0.1522,395,23.18,0.3488,0.5154,37.58,33.35,4,6.98,1,1
STR-002627,TreatmentA,B01,91.41,1.42,0.2625,232,69.35,0.2782,0.4888,16.71,37.73,3,6.63,1,0
STR-002628,TreatmentB,B01,89.97,1.52,0.257,180,68.42,0.5365,0.1494,6.77,21.93,2,6.75,0,0
STR-002629,TreatmentB,B02,90.47,2.78,0.2051,466,35.13,0.5206,0.1562,25.01,27.11,1,9.78,0,0
STR-002630,TreatmentA,B01,86.65,1.16,0.2458,334,24.16,0.5194,0.257,24.42,15.88,5,8.85,1,0
STR-002631,Control,B03,87.56,2.52,0.2347,256,21.78,0.7493,0.2362,43.69,23.6,2,6.39,0,0
STR-002632,Control,B03,98.35,1.52,0.2846,553,11.28,0.2694,0.2082,29.71,23.31,4,5.31,1,1
STR-002633,TreatmentB,B01,114.6,0.84,0.2653,177,88.58,0.4146,0.3267,4.92,28.56,1,6.25,1,1
STR-002634,Control,B01,117.54,2.49,0.1658,140,35.27,0.4648,0.2607,29.53,16.12,3,5.02,1,0
STR-002635,TreatmentB,B01,92.34,2.55,0.2493,317,83.51,0.501,0.3659,31.43,26.45,3,5.67,0,1
STR-002636,TreatmentB,B01,78.12,2.03,0.2403,899,31.46,0.6155,0.3477,29.06,32.07,2,5.67,1,1
STR-002637,TreatmentB,B03,99.23,0.69,0.1752,454,55.59,0.3251,0.184,3.01,20.23,4,4.14,1,0
STR-002638,TreatmentA,B01,102.82,2.46,0.2747,234,41.08,0.4715,0.4011,28.33,32.42,1,7.72,0,1
STR-002639,Control,B02,69.81,2.24,0.2989,205,31.25,0.3812,0.2498,74.77,24.6,2,6.01,0,1
STR-002640,TreatmentB,B03,108.05,1.99,0.2006,551,55.83,0.3977,0.1801,54.64,19.5,4,10.18,0,0
STR-002641,Control,B02,103.74,2.37,0.1942,262,56.78,0.2137,0.2481,44.99,26.35,6,4.07,1,0
STR-002642,Control,B03,109.17,2.78,0.2074,307,24.16,0.6305,0.4999,66.21,25.37,3,9.14,0,0
STR-002643,TreatmentA,B03,103.56,1.37,0.2385,136,33.99,0.3219,0.3952,12.04,18.42,3,9.04,1,0
STR-002644,TreatmentB,B03,92.07,1.1,0.2843,122,33.86,0.3443,0.2072,35.27,14.07,2,6.82,1,1
STR-002645,Control,B03,83.1,2.29,0.209,336,67.05,0.2843,0.3848,29.79,29.18,2,7.6,0,0
STR-002646,Control,B01,90.48,3.29,0.2715,333,49.49,0.3989,0.1861,43.42,19.18,3,7.38,0,1
STR-002647,Control,B02,92.37,2.86,0.2564,206,83.33,0.4491,0.3041,62.22,32.93,3,5.14,0,0
STR-002648,TreatmentB,B01,102.76,2.46,0.143,439,58.17,0.4486,0.3272,35.73,28.45,2,7.34,1,1
STR-002649,TreatmentA,B01,99.18,3.29,0.2586,189,26.14,0.5129,0.2214,48.42,30.29,5,5.38,0,0
STR-002650,TreatmentB,B02,99.75,2.08,0.27,1161,21.02,0.4178,0.335,10.87,31.45,3,8.93,0,0
STR-002651,Control,B02,109.03,1.8,0.2699,858,57.69,0.3965,0.2531,35.84,25.98,3,5.72,1,1
STR-002652,TreatmentA,B03,124.14,2.66,0.258,497,31.57,0.7283,0.539,11.6,24.78,0,8.66,1,1
STR-002653,TreatmentB,B01,73.99,1.87,0.217,233,20.47,0.633,0.2477,6.96,27.86,2,7.77,1,0
STR-002654,Control,B03,98.37,1.59,0.2281,462,68.29,0.2617,0.2954,35.89,24.12,0,7.63,1,1
STR-002655,TreatmentA,B02,109.69,1.04,0.2223,233,11.92,0.2895,0.2793,15.67,35.6,3,7.05,1,1
STR-002656,TreatmentA,B02,100.65,2.74,0.2629,89,19.1,0.3118,0.2335,32.47,32.32,2,6.66,0,1
STR-002657,TreatmentB,B01,93.95,1.36,0.2306,217,52.52,0.5891,0.3051,22.67,23.64,4,8.1,1,1
STR-002658,TreatmentB,B02,99.66,1.31,0.2237,788,170.4,0.3923,0.3444,37.49,24.29,0,8.84,1,0
STR-002659,TreatmentB,B02,54.24,0.69,0.2617,351,80.98,0.5636,0.1938,45.27,24.11,2,7.29,1,0
STR-002660,TreatmentA,B03,109.17,0.73,0.2773,325,34.48,0.331,0.3222,21.1,24.74,1,8.79,1,0
STR-002661,TreatmentB,B02,98.21,1.3,0.262,157,16.86,0.6862,0.1301,29.08,30.9,3,10.59,1,0
STR-002662,TreatmentB,B03,94.63,1.19,0.1689,778,59.68,0.6534,0.0933,50.33,23.09,0,9.8,1,0
STR-002663,TreatmentB,B01,80.81,1.99,0.192,517,33.59,0.3741,0.3368,7.75,20.27,4,6.54,1,1
STR-002664,Control,B02,113.43,3.16,0.2567,472,56.39,0.5368,0.062,34.21,18.64,2,7.12,0,0
STR-002665,TreatmentA,B01,110.42,2.27,0.3139,400,47.19,0.31,0.4769,37.29,28.23,5,7.1,0,1
STR-002666,TreatmentA,B01,88.14,2.47,0.2267,651,71.85,0.6125,0.3194,64.37,22.02,0,10.21,0,0
STR-002667,TreatmentB,B03,79.96,2.06,0.2428,1644,43.93,0.2884,0.3561,15.28,20.66,1,8.87,1,0
STR-002668,Control,B03,97.02,2.35,0.2068,329,71.14,0.3678,0.4985,45.71,27.84,3,8.56,1,0
STR-002669,TreatmentB,B02,91.11,2.55,0.212,309,14.67,0.3206,0.1767,15.24,21.74,1,5.37,0,1
STR-002670,TreatmentA,B03,103.79,1.49,0.2528,380,45.51,0.6337,0.3438,22.84,25.13,4,7.83,1,1
STR-002671,TreatmentB,B01,94.82,1.76,0.2394,230,33.48,0.6765,0.122,9.23,27.85,6,8.78,1,0
STR-002672,Control,B02,88.29,3.06,0.23,719,47.53,0.2067,0.2007,67.15,34.41,3,6.25,1,1
STR-002673,Control,B02,67.14,1.74,0.244,548,13.03,0.4142,0.6024,32.34,28.45,4,6.57,1,0
STR-002674,Control,B01,105.75,2.44,0.2995,446,26.99,0.5968,0.2113,39.38,26.01,0,7.47,0,0
STR-002675,TreatmentB,B03,90.2,1.19,0.1975,475,91.14,0.6493,0.2386,25.15,20.58,0,7.91,1,0
STR-002676,TreatmentB,B02,71.2,3.39,0.2383,203,64.55,0.4178,0.2255,15.53,18.03,3,6.35,0,1
STR-002677,Control,B02,90.86,1.95,0.201,98,46.22,0.3638,0.3171,50.52,15.29,1,7.3,1,1
STR-002678,Control,B03,65.63,2.33,0.2738,159,39.07,0.4077,0.4854,69.56,25.12,3,8.23,0,0
STR-002679,TreatmentA,B03,95.96,1.72,0.21,213,132.46,0.6039,0.3903,36.31,30.52,1,7.03,1,1
STR-002680,TreatmentA,B01,90.57,2.24,0.3125,234,19.58,0.1498,0.7096,43.91,29.05,2,6.67,0,0
STR-002681,TreatmentA,B02,87.43,1.37,0.2493,240,55.24,0.2754,0.258,19.31,21.51,3,7.58,1,1
STR-002682,Control,B03,90.12,2.57,0.192,210,66.91,0.4057,0.5034,49.35,33.49,4,8.19,0,1
STR-002683,TreatmentA,B03,70.89,2.29,0.2036,252,27.63,0.6323,0.2348,38.78,14.13,4,6.11,1,0
STR-002684,TreatmentA,B03,88.63,1.25,0.1965,537,43.41,0.3271,0.3461,73.14,27.87,0,6.33,0,0
STR-002685,Control,B02,98.53,3.23,0.2245,232,31.47,0.464,0.2487,42.3,28.13,3,7.34,0,0
STR-002686,TreatmentA,B01,111.12,2.73,0.2351,293,18.53,0.4093,0.3023,32.29,25.21,2,6.0,0,0
STR-002687,Control,B01,87.84,2.79,0.1658,207,37.92,0.4631,0.2781,89.14,29.99,3,8.9,1,0
STR-002688,TreatmentA,B03,74.35,1.65,0.2272,429,28.28,0.5204,0.3847,26.32,38.48,3,4.84,0,0
STR-002689,TreatmentB,B02,103.81,2.07,0.2509,769,77.7,0.3158,0.5309,30.79,25.36,4,8.28,1,0
STR-002690,TreatmentB,B03,90.97,1.97,0.2289,151,21.31,0.5307,0.199,29.91,28.03,1,6.01,1,0
STR-002691,TreatmentB,B02,74.29,0.83,0.1972,257,56.24,0.4564,0.172,27.72,41.84,4,6.37,1,0
STR-002692,Control,B01,92.01,2.08,0.2158,296,32.18,0.2233,0.2201,89.61,21.31,4,9.6,0,0
STR-002693,Control,B03,92.83,2.86,0.182,334,78.93,0.5514,0.4062,38.38,22.47,3,4.99,0,0
STR-002694,Control,B02,89.16,2.35,0.2308,120,46.18,0.2379,0.429,31.37,34.27,5,5.91,0,0
STR-002695,Control,B01,110.97,1.84,0.2228,147,29.57,0.4203,0.2998,26.07,25.58,4,7.53,1,1
STR-002696,TreatmentB,B03,99.6,2.19,0.2862,660,50.47,0.3768,0.2547,18.35,28.07,4,6.23,0,1
STR-002697,TreatmentB,B03,88.89,1.87,0.2614,94,29.15,0.6782,0.2632,44.69,28.28,5,6.57,0,0
STR-002698,Control,B02,87.49,2.75,0.2485,385,18.26,0.4525,0.3432,29.73,28.37,3,7.22,0,0
STR-002699,TreatmentA,B01,106.63,2.24,0.2136,356,23.03,0.5157,0.2798,18.59,31.54,1,7.85,1,0
STR-002700,TreatmentA,B03,116.71,1.37,0.2629,561,25.9,0.6443,0.4836,72.82,25.72,0,7.04,1,1
STR-002701,TreatmentB,B03,117.89,0.98,0.2486,936,80.47,0.3685,0.5198,8.47,28.82,4,3.85,1,0
STR-002702,TreatmentA,B03,126.53,1.92,0.2175,310,75.07,0.1456,0.2196,26.37,31.01,3,7.23,1,1
STR-002703,Control,B02,96.52,2.78,0.2289,315,9.81,0.5563,0.384,43.2,27.79,4,7.33,0,1
STR-002704,TreatmentA,B03,84.11,1.54,0.3116,265,28.91,0.5515,0.4036,41.87,23.65,3,5.18,1,1
STR-002705,Control,B03,85.14,2.31,0.2372,148,9.03,0.4055,0.4381,36.75,21.0,2,8.52,1,0
STR-002706,TreatmentB,B02,95.31,3.54,0.2663,139,37.87,0.3574,0.3563,2.88,28.46,4,6.5,0,1
STR-002707,Control,B03,92.28,1.79,0.1818,176,26.23,0.4952,0.2664,29.64,32.97,1,6.95,1,1
STR-002708,Control,B03,103.53,2.09,0.2715,205,34.02,0.2015,0.2561,33.18,33.02,2,5.36,1,0
STR-002709,TreatmentA,B01,101.42,1.22,0.2946,658,51.67,0.5013,0.3447,26.32,26.28,2,6.65,1,1
STR-002710,TreatmentA,B03,103.04,1.55,0.2887,467,31.34,0.5375,0.1792,60.96,21.44,0,8.47,0,0
STR-002711,TreatmentA,B02,84.65,1.99,0.2046,341,34.86,0.5209,0.1182,37.3,24.11,2,7.28,1,0
STR-002712,Control,B01,127.18,3.63,0.3274,589,50.44,0.5323,0.1541,36.8,29.72,5,9.03,0,0
STR-002713,Control,B02,109.83,1.34,0.2511,559,9.76,0.2185,0.2401,46.73,23.42,3,8.62,1,0
STR-002714,TreatmentB,B01,83.87,1.13,0.23,386,17.28,0.5728,0.4287,20.63,29.33,3,5.4,0,1
STR-002715,TreatmentA,B01,100.03,1.11,0.2648,444,113.75,0.7452,0.1479,41.2,26.98,0,6.99,1,0
STR-002716,TreatmentA,B03,102.07,2.6,0.2011,183,9.52,0.6305,0.1977,32.65,29.86,1,6.49,1,0
STR-002717,Control,B03,93.88,1.67,0.1961,373,25.77,0.5055,0.4617,37.93,19.26,2,7.28,1,1
STR-002718,TreatmentA,B02,124.84,1.45,0.2162,485,44.92,0.3816,0.6166,38.9,26.57,2,5.9,1,1
STR-002719,TreatmentA,B02,121.24,0.89,0.2293,217,71.51,0.1833,0.343,30.37,21.17,0,6.08,1,1
STR-002720,Control,B01,101.31,1.87,0.2726,413,34.67,0.1924,0.2772,60.84,20.96,4,7.65,1,1
STR-002721,TreatmentB,B02,96.92,2.41,0.2198,110,46.51,0.4853,0.223,13.67,18.91,8,10.24,1,0
STR-002722,Control,B01,133.59,2.26,0.2402,486,21.9,0.3988,0.3695,89.91,33.74,0,4.69,0,0
STR-002723,TreatmentB,B01,102.98,1.92,0.292,89,49.85,0.3927,0.5398,19.57,23.11,3,5.78,0,1
STR-002724,Control,B03,88.18,3.13,0.1946,298,65.38,0.5907,0.2715,71.84,24.56,1,4.87,1,0
STR-002725,Control,B02,91.19,1.83,0.1841,50,25.9,0.3527,0.3979,65.29,29.86,1,7.32,1,1
STR-002726,TreatmentB,B01,87.07,1.33,0.2667,287,35.09,0.355,0.1785,26.5,19.95,1,7.0,0,1
STR-002727,Control,B01,98.99,2.86,0.2846,459,25.06,0.2837,0.4247,25.29,19.7,4,6.81,0,1
STR-002728,TreatmentB,B03,135.8,1.0,0.2527,77,34.38,0.3245,0.2594,5.82,20.82,4,8.44,1,0
STR-002729,TreatmentB,B01,106.39,1.36,0.2316,420,26.97,0.3431,0.1783,31.88,31.67,1,5.72,1,1
STR-002730,TreatmentB,B02,100.22,4.54,0.2705,200,21.26,0.7967,0.1904,18.13,11.86,3,8.87,0,0
STR-002731,Control,B02,107.59,2.13,0.2538,570,50.31,0.3754,0.547,57.74,20.04,3,5.22,0,1
STR-002732,Control,B01,104.39,2.63,0.2229,1021,29.04,0.4129,0.1481,37.44,23.79,0,7.81,0,1
STR-002733,Control,B01,81.12,1.69,0.1867,298,15.24,0.3141,0.1916,28.84,22.7,2,7.42,1,1
STR-002734,Control,B03,101.15,1.8,0.2649,281,26.92,0.3747,0.4215,126.62,28.82,1,6.33,0,0
STR-002735,TreatmentB,B03,95.05,1.27,0.247,120,27.91,0.2621,0.2586,29.17,28.91,4,7.67,0,1
STR-002736,TreatmentB,B02,116.81,1.76,0.2059,250,34.5,0.4026,0.2713,25.44,20.67,1,7.48,1,1
STR-002737,Control,B03,104.5,1.93,0.2268,309,28.99,0.5707,0.3091,30.44,30.2,0,7.75,0,1
STR-002738,Control,B01,71.51,2.33,0.1477,304,18.77,0.2788,0.1933,30.06,19.25,2,8.34,1,1
STR-002739,Control,B03,111.2,1.71,0.223,111,62.13,0.3788,0.1455,40.51,23.58,3,6.6,1,1
STR-002740,Control,B01,112.23,1.82,0.2572,221,28.14,0.6158,0.3497,56.96,23.73,3,8.33,0,1
STR-002741,TreatmentB,B03,106.97,1.42,0.2224,89,29.31,0.5132,0.2004,20.19,31.98,2,8.13,0,0
STR-002742,Control,B03,89.42,1.64,0.2462,710,27.72,0.4372,0.1826,31.88,20.41,2,6.69,1,0
STR-002743,Control,B01,122.72,2.19,0.1358,155,124.81,0.404,0.2354,51.54,26.76,3,8.58,0,0
STR-002744,TreatmentB,B02,106.32,1.42,0.2277,611,27.51,0.3995,0.2832,31.15,23.23,3,8.9,1,0
STR-002745,TreatmentB,B02,100.21,0.44,0.2413,302,77.99,0.359,0.3883,84.58,12.3,3,6.61,0,0
STR-002746,TreatmentB,B03,94.87,1.26,0.259,184,22.9,0.3672,0.4727,25.73,31.82,3,6.33,1,1
STR-002747,Control,B01,85.93,2.42,0.2478,132,25.53,0.5139,0.4967,40.87,29.96,3,6.68,0,1
STR-002748,Control,B02,111.06,2.58,0.2493,120,67.19,0.5355,0.2075,56.29,25.78,4,5.18,0,0
STR-002749,Control,B01,77.98,1.6,0.2179,316,15.15,0.1998,0.1789,50.45,37.2,0,5.09,1,1
STR-002750,TreatmentB,B01,103.79,1.16,0.1967,405,70.15,0.1755,0.2699,23.21,27.72,2,7.96,1,1
STR-002751,TreatmentB,B01,93.23,1.86,0.1894,121,34.68,0.256,0.1022,18.5,33.89,2,6.36,1,1
STR-002752,Control,B03,128.6,2.04,0.2429,1015,23.9,0.4372,0.6939,43.23,38.16,4,6.49,1,1
STR-002753,Control,B03,81.0,2.41,0.1719,258,31.68,0.5979,0.099,24.98,25.61,3,8.77,1,0
STR-002754,Control,B02,116.34,2.87,0.2626,102,113.39,0.5566,0.1804,40.04,26.09,0,8.18,0,0
STR-002755,TreatmentB,B03,109.27,1.05,0.2091,607,13.76,0.2224,0.3624,33.35,28.98,2,7.08,1,1
STR-002756,TreatmentB,B03,96.05,1.02,0.2106,314,39.43,0.3407,0.4049,16.18,23.8,3,4.74,1,0
STR-002757,TreatmentA,B03,123.53,1.57,0.2375,2663,52.72,0.6984,0.1718,29.78,23.1,3,7.67,1,0
STR-002758,Control,B01,62.52,1.94,0.2834,212,30.07,0.5163,0.3587,51.0,19.66,2,5.87,0,1
STR-002759,TreatmentB,B02,120.22,1.78,0.217,134,58.54,0.3983,0.1504,65.7,23.44,2,5.12,1,0
STR-002760,Control,B02,93.92,1.76,0.2667,424,69.13,0.5615,0.2629,37.12,15.09,1,5.45,1,0
STR-002761,TreatmentB,B01,101.91,0.83,0.2213,604,93.84,0.376,0.3554,41.01,19.18,4,6.83,1,1
STR-002762,TreatmentB,B01,75.9,2.02,0.2184,207,26.37,0.2136,0.2629,41.27,19.55,3,6.9,0,1
STR-002763,TreatmentB,B03,107.77,1.09,0.2417,243,119.31,0.1703,0.649,34.7,18.8,1,4.54,1,0
STR-002764,Control,B02,98.07,2.76,0.2012,548,25.85,0.1887,0.3324,43.9,26.06,1,8.28,1,0
STR-002765,Control,B02,98.82,2.02,0.2066,102,251.51,0.6144,0.1151,58.13,9.29,2,6.04,0,0
STR-002766,Control,B01,101.64,2.54,0.2237,830,15.28,0.4984,0.572,75.56,25.1,2,8.51,0,0
STR-002767,Control,B02,104.98,1.86,0.2049,202,22.9,0.2127,0.4744,19.54,21.97,2,6.11,0,0
STR-002768,TreatmentB,B03,106.17,2.22,0.2045,183,120.57,0.1385,0.34,27.49,27.53,3,7.71,1,1
STR-002769,TreatmentA,B01,114.1,1.86,0.2186,285,54.27,0.3534,0.2427,12.81,31.9,3,6.87,1,1
STR-002770,TreatmentA,B01,106.07,2.94,0.2382,285,61.71,0.4961,0.2869,33.12,12.58,2,8.33,0,0
STR-002771,Control,B03,92.37,2.74,0.1833,177,27.94,0.41,0.3314,25.82,25.11,2,5.97,1,1
STR-002772,Control,B01,131.44,2.96,0.172,212,6.24,0.3042,0.2541,47.53,35.72,2,7.65,0,1
STR-002773,TreatmentB,B03,96.82,1.09,0.2167,265,40.94,0.3463,0.4967,61.25,31.69,2,5.19,1,0
STR-002774,Control,B02,88.6,2.4,0.2048,62,27.18,0.1788,0.4044,49.06,28.11,1,8.49,0,0
STR-002775,TreatmentB,B02,85.21,1.65,0.1839,149,37.93,0.3119,0.3953,16.26,30.15,3,6.45,1,0
STR-002776,TreatmentA,B01,87.72,1.66,0.2373,151,22.22,0.3901,0.5476,70.93,23.39,4,7.32,0,1
STR-002777,TreatmentB,B02,104.27,1.1,0.3074,78,25.92,0.4226,0.2739,20.27,25.76,3,7.3,0,0
STR-002778,TreatmentA,B02,104.72,3.38,0.2293,1227,39.57,0.6325,0.3077,32.02,29.1,1,9.19,0,0
STR-002779,TreatmentB,B01,86.42,1.39,0.2493,300,32.15,0.453,0.2281,22.99,21.11,1,8.77,1,1
STR-002780,TreatmentA,B01,103.62,1.73,0.1996,506,54.06,0.1377,0.1323,42.86,27.4,1,7.62,1,1
STR-002781,Control,B03,86.04,1.67,0.2545,109,41.38,0.2951,0.052,62.88,24.88,5,6.7,0,1
STR-002782,Control,B02,105.66,1.54,0.1886,170,29.87,0.3288,0.1532,38.27,28.36,1,6.97,1,1
STR-002783,TreatmentB,B03,94.37,1.56,0.1962,289,17.86,0.5138,0.3151,89.27,13.41,1,8.75,1,1
STR-002784,Control,B02,102.83,2.84,0.1819,807,44.68,0.2226,0.2817,37.92,23.03,4,9.33,1,0
STR-002785,TreatmentA,B03,98.26,1.5,0.2963,280,28.39,0.4208,0.3466,32.36,22.95,7,9.49,0,0
STR-002786,TreatmentA,B03,103.57,3.51,0.2181,383,30.98,0.4901,0.3677,24.18,26.69,2,5.74,0,1
STR-002787,TreatmentB,B02,98.86,1.7,0.2255,439,48.04,0.322,0.236,13.38,22.59,1,7.5,1,0
STR-002788,TreatmentB,B01,127.9,1.6,0.2033,245,51.64,0.3561,0.1553,15.04,19.3,1,6.63,1,1
STR-002789,Control,B02,96.63,1.95,0.2307,80,18.9,0.3529,0.1771,37.91,29.33,2,8.14,1,1
STR-002790,Control,B02,80.71,2.69,0.2445,141,51.46,0.5746,0.3113,38.1,40.25,2,9.47,0,1
STR-002791,TreatmentB,B02,94.47,0.91,0.2653,134,21.09,0.7481,0.6867,9.65,26.23,2,5.07,1,1
STR-002792,TreatmentB,B03,125.94,2.08,0.2081,280,21.81,0.3763,0.2877,48.76,27.75,3,6.15,0,1
STR-002793,TreatmentB,B02,101.68,1.59,0.2481,91,51.33,0.359,0.2545,47.1,24.95,1,5.91,0,0
STR-002794,TreatmentB,B01,92.32,0.86,0.2505,1050,40.95,0.6258,0.1922,9.52,20.05,1,6.02,1,0
STR-002795,TreatmentB,B02,114.19,1.47,0.2189,333,29.97,0.4208,0.5575,27.32,30.25,6,6.03,1,1
STR-002796,TreatmentB,B01,103.84,2.34,0.2234,213,42.47,0.3791,0.3209,38.73,20.39,0,5.82,1,0
STR-002797,TreatmentA,B02,142.03,2.46,0.209,645,44.27,0.5837,0.4113,68.31,17.32,1,7.14,0,1
STR-002798,TreatmentB,B02,100.29,1.22,0.2595,429,57.7,0.5353,0.2403,59.87,20.22,3,7.76,1,1
STR-002799,TreatmentA,B01,109.97,1.73,0.1928,222,12.96,0.2848,0.2226,25.8,22.26,3,6.71,1,1
STR-002800,TreatmentB,B03,126.2,0.69,0.1761,263,27.92,0.5862,0.1469,28.19,30.49,2,6.61,1,0
STR-002801,TreatmentB,B02,139.08,1.16,0.2553,439,43.88,0.4098,0.3041,20.02,21.16,1,6.53,1,1
STR-002802,Control,B02,108.5,2.82,0.2408,265,35.51,0.6383,0.2315,42.38,15.73,4,7.62,0,1
STR-002803,Control,B01,112.42,2.11,0.2579,1252,36.18,0.4563,0.1124,121.67,32.5,1,5.43,0,0
STR-002804,TreatmentA,B01,94.2,2.03,0.2235,130,25.94,0.5646,0.3172,25.1,32.95,1,6.63,0,1
STR-002805,TreatmentB,B03,129.78,1.06,0.2384,172,61.17,0.4701,0.2704,104.63,28.97,4,6.15,0,1
STR-002806,TreatmentB,B02,96.2,2.46,0.2204,329,66.16,0.3432,0.2775,36.14,29.73,3,6.84,0,1
STR-002807,Control,B02,85.63,2.0,0.2015,649,51.54,0.5652,0.3811,22.7,18.68,4,6.54,1,1
STR-002808,TreatmentA,B02,116.36,1.93,0.2055,701,77.53,0.3929,0.1766,27.68,15.79,2,6.83,1,1
STR-002809,Control,B03,85.11,3.1,0.2205,237,63.15,0.3727,0.365,33.9,23.94,1,7.52,0,0
STR-002810,TreatmentB,B03,109.85,1.55,0.2184,70,24.94,0.5801,0.6388,17.69,18.74,3,8.98,1,1
STR-002811,Control,B01,115.17,2.88,0.2404,204,16.62,0.2816,0.3778,61.91,22.68,4,6.19,0,1
STR-002812,TreatmentB,B01,102.73,1.56,0.2392,279,24.93,0.5843,0.2677,9.94,21.72,3,8.72,1,0
STR-002813,TreatmentB,B03,86.57,2.56,0.2086,354,93.07,0.4201,0.1599,24.01,35.13,3,6.85,1,1
STR-002814,Control,B02,102.49,3.09,0.2423,260,54.47,0.5627,0.1684,35.88,26.63,4,7.71,0,0
STR-002815,Control,B02,66.73,3.67,0.2815,278,17.06,0.7574,0.5344,63.06,22.0,2,7.36,0,1
STR-002816,TreatmentA,B02,78.31,2.79,0.217,315,47.86,0.7229,0.4589,17.62,16.7,2,5.56,0,1
STR-002817,TreatmentA,B02,120.99,1.94,0.2516,64,24.32,0.2834,0.196,21.62,26.42,4,7.48,0,0
STR-002818,TreatmentB,B02,79.48,1.98,0.2014,87,16.79,0.6477,0.1284,43.71,23.17,1,7.21,1,0
STR-002819,TreatmentA,B01,84.94,1.3,0.2756,213,45.89,0.2228,0.2088,24.7,26.26,0,8.39,1,1
STR-002820,TreatmentB,B01,113.75,1.79,0.2257,256,27.52,0.5006,0.2748,22.25,36.39,6,9.21,1,0
STR-002821,Control,B03,95.91,2.41,0.2205,273,24.11,0.3689,0.2297,42.8,15.4,1,5.33,0,1
STR-002822,TreatmentA,B02,94.57,3.23,0.2424,241,43.83,0.3391,0.3086,16.99,26.42,6,5.55,0,0
STR-002823,TreatmentB,B01,108.73,1.47,0.2176,343,71.59,0.4149,0.3618,18.38,29.93,2,6.38,1,1
STR-002824,Control,B02,93.43,2.42,0.1763,197,15.76,0.4138,0.37,29.15,24.72,2,8.92,1,0
STR-002825,TreatmentA,B03,113.25,1.11,0.1872,486,77.32,0.3074,0.231,19.76,18.49,0,5.84,1,1
STR-002826,TreatmentB,B01,101.58,3.81,0.2094,186,70.67,0.2949,0.4976,19.88,34.46,1,5.63,1,0
STR-002827,Control,B02,125.06,3.31,0.2896,301,27.91,0.4497,0.291,52.5,18.43,2,6.82,0,1
STR-002828,TreatmentA,B02,95.76,1.36,0.2462,227,54.87,0.355,0.1775,62.22,27.13,2,7.77,0,1
STR-002829,TreatmentB,B02,97.74,1.41,0.2547,177,33.6,0.2703,0.3367,31.47,16.96,5,7.64,0,1
STR-002830,Control,B01,56.19,2.81,0.2034,175,104.55,0.4968,0.4033,33.23,16.68,2,5.15,1,1
STR-002831,TreatmentB,B03,95.28,1.86,0.208,171,26.03,0.2792,0.1849,67.0,28.16,2,8.94,1,0
STR-002832,Control,B03,114.19,2.08,0.1862,177,68.98,0.3806,0.2323,67.79,12.95,1,7.81,1,1
STR-002833,Control,B03,112.54,2.17,0.2665,277,32.83,0.2589,0.1189,32.58,27.37,5,8.13,0,1
STR-002834,TreatmentB,B02,97.98,1.19,0.2258,576,37.0,0.1721,0.2264,28.09,23.3,0,4.84,1,1
STR-002835,TreatmentB,B03,118.01,1.01,0.239,404,34.87,0.4518,0.5028,21.81,16.97,0,8.68,1,1
STR-002836,Control,B03,98.67,1.41,0.2643,253,33.17,0.2849,0.5022,22.64,22.6,6,8.57,0,0
STR-002837,TreatmentB,B02,98.34,0.65,0.2452,277,32.94,0.5284,0.3434,15.51,23.31,3,4.37,1,0
STR-002838,Control,B03,81.62,1.85,0.2319,297,21.43,0.2769,0.3652,85.34,22.96,1,5.71,0,0
STR-002839,TreatmentB,B02,92.72,1.79,0.1898,241,42.75,0.3433,0.4201,28.99,33.25,4,6.58,1,1
STR-002840,TreatmentB,B02,113.62,0.59,0.1832,212,37.84,0.4731,0.2434,54.51,17.91,2,7.33,1,1
STR-002841,Control,B02,108.21,1.96,0.2529,510,59.33,0.5615,0.2752,38.67,24.64,1,5.33,1,0
STR-002842,TreatmentB,B03,103.36,0.77,0.2785,183,33.63,0.398,0.5647,16.27,23.77,3,6.48,1,1
STR-002843,TreatmentB,B03,103.05,2.36,0.209,319,18.32,0.2114,0.3834,18.4,21.68,1,5.85,1,0
STR-002844,Control,B03,98.57,1.46,0.2175,166,65.14,0.5393,0.1003,60.01,30.92,1,8.15,0,0
STR-002845,TreatmentA,B01,68.81,2.1,0.2552,265,29.36,0.6217,0.3181,41.04,21.03,1,8.37,1,0
STR-002846,TreatmentB,B02,102.28,1.67,0.2117,430,25.22,0.352,0.2384,22.27,26.08,1,4.76,1,0
STR-002847,Control,B02,83.28,1.85,0.228,536,38.75,0.3674,0.6532,30.67,19.38,2,6.92,1,1
STR-002848,TreatmentA,B03,102.87,2.26,0.2515,210,20.12,0.2225,0.1275,23.11,23.47,0,6.82,1,1
STR-002849,TreatmentB,B03,122.94,1.15,0.287,391,46.61,0.224,0.5628,27.66,23.61,2,6.06,0,0
STR-002850,Control,B02,104.23,2.42,0.2278,653,29.78,0.623,0.448,46.98,23.16,1,5.16,1,1
STR-002851,TreatmentB,B03,83.68,0.67,0.2043,291,35.81,0.314,0.0327,9.38,22.52,2,6.08,1,1
STR-002852,TreatmentB,B01,92.65,2.09,0.2294,906,19.15,0.2878,0.3357,20.85,26.65,2,7.14,1,0
STR-002853,TreatmentA,B02,131.7,2.02,0.2016,426,63.39,0.4251,0.2894,35.86,34.37,1,7.02,1,1
STR-002854,TreatmentB,B01,86.48,0.81,0.2422,336,30.17,0.4003,0.4592,19.41,23.9,2,5.16,1,0
STR-002855,Control,B02,95.47,1.94,0.2398,46,53.29,0.1815,0.3334,52.17,19.01,1,6.98,1,0
STR-002856,TreatmentA,B03,105.64,0.97,0.1938,483,95.57,0.3428,0.4226,33.32,27.58,2,6.56,1,1
STR-002857,Control,B01,108.74,2.69,0.3296,258,25.77,0.3542,0.2685,35.52,24.42,6,7.4,0,1
STR-002858,TreatmentA,B02,68.56,1.91,0.2517,189,58.06,0.3588,0.35,82.63,24.18,3,7.45,1,0
STR-002859,TreatmentA,B02,70.52,2.01,0.2081,735,50.98,0.4672,0.5185,13.64,34.5,2,9.61,1,0
STR-002860,TreatmentB,B02,107.71,2.74,0.256,161,22.89,0.264,0.2088,39.89,15.26,0,6.74,0,1
STR-002861,Control,B01,101.84,3.03,0.1804,499,31.75,0.5055,0.2035,20.01,14.59,3,6.17,0,0
STR-002862,TreatmentB,B02,104.82,1.49,0.245,273,25.39,0.4267,0.4628,24.28,24.85,4,5.53,1,1
STR-002863,TreatmentA,B01,77.78,1.59,0.2218,292,10.34,0.3214,0.114,34.29,29.02,1,8.39,1,1
STR-002864,TreatmentA,B02,61.53,2.64,0.1787,370,54.34,0.554,0.2308,23.5,26.38,2,8.01,1,0
STR-002865,Control,B01,100.72,1.5,0.2091,267,70.04,0.4823,0.2715,35.89,12.86,4,8.18,0,1
STR-002866,Control,B01,113.06,1.97,0.2083,188,13.69,0.4461,0.5286,61.15,29.26,4,6.98,0,1
STR-002867,TreatmentA,B02,79.26,4.38,0.3036,266,17.73,0.2981,0.1479,26.84,26.04,3,7.85,0,1
STR-002868,Control,B02,92.7,3.75,0.2188,178,36.3,0.4513,0.322,53.14,26.85,3,5.48,0,1
STR-002869,TreatmentB,B03,81.39,1.42,0.2232,254,43.6,0.6655,0.2268,26.19,18.24,1,9.75,1,0
STR-002870,TreatmentA,B02,68.57,1.47,0.3091,279,17.43,0.4231,0.4091,47.65,29.85,4,7.73,0,1
STR-002871,TreatmentA,B03,81.0,1.9,0.1977,336,23.95,0.424,0.2507,41.5,13.29,1,7.52,0,1
STR-002872,TreatmentA,B03,91.84,1.51,0.2756,445,65.71,0.5334,0.4094,23.15,16.4,0,5.01,0,1
STR-002873,Control,B02,89.7,2.69,0.1831,745,25.57,0.4478,0.6143,45.09,24.59,1,6.45,0,1
STR-002874,Control,B03,69.97,1.88,0.1871,234,108.97,0.5148,0.2183,40.17,28.66,2,5.1,0,0
STR-002875,Control,B02,71.51,1.69,0.2405,358,25.23,0.5277,0.1625,43.64,26.95,1,7.92,1,1
STR-002876,TreatmentA,B03,93.33,1.38,0.2693,190,102.26,0.3577,0.3565,25.85,23.15,4,7.94,1,0
STR-002877,Control,B03,111.61,1.59,0.247,805,45.43,0.4623,0.5842,56.81,33.65,2,5.02,1,0
STR-002878,TreatmentA,B03,121.49,1.3,0.3065,276,35.24,0.4866,0.3824,35.97,16.64,4,7.5,0,1
STR-002879,TreatmentA,B01,81.95,1.61,0.2169,191,36.0,0.5045,0.4454,47.9,34.38,1,7.63,0,1
STR-002880,TreatmentB,B01,94.21,1.49,0.2647,277,14.39,0.3627,0.2681,15.48,29.53,3,5.38,1,1
STR-002881,TreatmentB,B02,100.21,1.6,0.1987,171,8.71,0.5654,0.2847,20.81,27.68,3,8.38,1,0
STR-002882,TreatmentA,B03,116.91,2.18,0.1944,472,20.31,0.5413,0.6468,33.84,29.86,2,7.0,1,1
STR-002883,TreatmentA,B03,99.78,1.27,0.1808,180,33.92,0.6616,0.1719,13.4,20.83,1,7.29,1,0
STR-002884,Control,B02,92.03,3.92,0.2422,330,85.18,0.4413,0.1813,63.04,26.69,3,5.35,0,0
STR-002885,TreatmentB,B02,99.97,1.5,0.2514,343,32.13,0.3401,0.1784,23.6,26.52,5,6.33,1,1
STR-002886,Control,B03,107.98,3.3,0.2404,361,27.2,0.5962,0.2943,27.79,14.8,1,8.69,0,0
STR-002887,Control,B02,91.41,2.37,0.1682,100,72.64,0.4626,0.3138,57.18,38.28,3,6.51,1,1
STR-002888,TreatmentB,B01,85.44,0.79,0.218,201,35.75,0.6066,0.1089,20.82,33.03,2,7.37,1,0
STR-002889,TreatmentA,B03,87.34,2.55,0.262,203,71.49,0.4189,0.501,24.1,18.71,1,8.96,0,0
STR-002890,TreatmentA,B01,104.79,2.23,0.2388,815,20.46,0.5453,0.1975,67.68,22.4,4,6.76,1,1
STR-002891,TreatmentA,B02,122.39,1.05,0.2024,347,19.57,0.6532,0.2924,71.99,26.88,4,8.39,1,0
STR-002892,TreatmentB,B01,93.28,1.3,0.2645,370,25.52,0.7257,0.6419,92.82,37.32,4,7.62,0,1
STR-002893,TreatmentB,B03,91.58,1.36,0.3028,464,17.56,0.4503,0.1861,26.01,8.43,2,5.43,1,0
STR-002894,TreatmentB,B02,92.75,2.23,0.2708,122,49.78,0.4104,0.3026,24.89,33.98,1,5.56,0,1
STR-002895,TreatmentB,B01,86.18,2.75,0.2322,343,31.03,0.7525,0.4195,58.34,22.44,3,5.26,0,1
STR-002896,TreatmentB,B03,81.94,4.95,0.274,353,30.97,0.4355,0.3799,37.06,25.63,5,4.54,0,1
STR-002897,Control,B02,92.57,2.14,0.2072,370,17.22,0.5058,0.3077,69.04,40.9,1,6.65,0,1
STR-002898,TreatmentB,B03,126.07,1.83,0.2472,253,44.7,0.4129,0.6571,67.86,32.58,3,7.75,1,0
STR-002899,TreatmentB,B02,81.27,3.37,0.2749,116,22.23,0.3574,0.2798,43.35,25.13,3,8.52,0,0
STR-002900,Control,B02,107.55,2.46,0.2856,433,45.56,0.5615,0.4375,29.07,26.89,5,7.34,0,1
STR-002901,TreatmentB,B02,116.05,0.93,0.2468,163,19.8,0.2796,0.1862,59.59,25.69,1,5.81,1,1
STR-002902,Control,B01,98.78,3.11,0.183,352,29.37,0.3519,0.5831,47.61,15.61,3,7.01,0,1
STR-002903,TreatmentB,B02,97.24,1.82,0.1741,273,29.66,0.4164,0.1004,39.83,29.66,3,5.95,1,0
STR-002904,TreatmentA,B02,94.63,1.76,0.3079,483,23.66,0.1858,0.5483,63.97,23.48,3,7.23,0,0
STR-002905,TreatmentB,B02,66.3,1.38,0.2399,147,75.92,0.4752,0.2919,15.94,35.84,2,5.8,1,1
STR-002906,TreatmentB,B01,95.11,1.38,0.1953,237,20.15,0.4523,0.2435,55.55,26.92,3,6.26,0,1
STR-002907,TreatmentA,B02,94.04,1.5,0.2365,261,30.18,0.2503,0.3487,20.39,23.22,2,6.1,0,0
STR-002908,TreatmentB,B02,120.24,1.09,0.1986,214,20.11,0.3428,0.3741,3.86,25.73,3,7.51,1,0
STR-002909,TreatmentB,B03,118.02,0.98,0.1617,195,13.06,0.3714,0.1634,61.91,27.83,1,5.82,1,0
STR-002910,TreatmentB,B01,120.45,1.77,0.2322,75,75.09,0.357,0.3417,71.81,24.47,3,8.3,0,0
STR-002911,Control,B02,107.94,2.72,0.2412,65,39.3,0.553,0.2262,33.0,23.13,5,6.01,1,1
STR-002912,TreatmentA,B03,120.12,1.16,0.2433,706,49.06,0.3771,0.196,28.42,26.03,1,5.9,0,1
STR-002913,TreatmentB,B02,81.61,0.91,0.2375,241,23.12,0.4708,0.2742,11.65,28.22,7,5.1,1,1
STR-002914,TreatmentA,B01,117.62,1.84,0.2338,307,39.1,0.4831,0.2801,30.8,28.18,2,9.37,0,0
STR-002915,TreatmentA,B01,123.55,1.2,0.2244,378,27.66,0.463,0.1128,33.12,26.39,3,6.25,1,1
STR-002916,TreatmentB,B01,96.93,1.67,0.2427,183,53.21,0.4704,0.1005,38.7,18.98,1,5.15,1,0
STR-002917,TreatmentA,B01,104.86,2.0,0.2561,301,30.03,0.5906,0.2642,38.93,25.48,2,8.36,0,0
STR-002918,TreatmentA,B02,95.16,2.09,0.2421,202,13.71,0.3354,0.2059,36.31,16.88,3,7.69,1,1
STR-002919,TreatmentB,B01,113.18,2.09,0.2085,327,94.0,0.2778,0.1731,20.67,27.11,2,5.61,1,1
STR-002920,TreatmentB,B03,100.84,2.14,0.2992,619,22.4,0.2386,0.2644,63.33,30.35,2,7.4,0,1
STR-002921,Control,B02,109.06,2.02,0.1894,146,54.31,0.3448,0.2122,39.27,27.92,3,7.14,0,1
STR-002922,Control,B02,88.79,3.89,0.2234,823,25.73,0.3485,0.4148,41.78,25.06,1,6.71,0,1
STR-002923,TreatmentA,B01,121.64,1.63,0.2264,136,56.19,0.4901,0.1281,18.73,15.24,0,8.26,1,0
STR-002924,Control,B01,110.1,3.3,0.2159,295,71.96,0.535,0.3127,44.19,36.67,3,4.46,0,0
STR-002925,TreatmentB,B03,97.29,1.81,0.2794,223,58.71,0.1861,0.5603,68.99,27.82,3,10.21,0,0
STR-002926,Control,B02,106.74,1.13,0.2247,137,15.09,0.6859,0.3024,48.09,25.65,2,6.81,1,1
STR-002927,TreatmentA,B02,108.73,2.22,0.2325,493,62.31,0.4685,0.4399,36.75,13.75,3,6.56,0,1
STR-002928,TreatmentB,B01,86.68,1.32,0.219,352,45.85,0.4721,0.3057,28.06,25.28,1,6.53,1,0
STR-002929,Control,B01,133.07,1.94,0.1831,40,45.82,0.5321,0.3983,26.79,27.78,1,6.72,1,1
STR-002930,TreatmentA,B03,109.63,2.24,0.1519,418,55.65,0.4219,0.2713,31.49,28.96,3,8.04,1,0
STR-002931,TreatmentB,B03,83.12,1.6,0.2323,492,37.36,0.5594,0.4609,28.01,21.31,2,8.58,1,1
STR-002932,TreatmentA,B01,82.49,2.59,0.1636,119,21.74,0.554,0.1887,56.94,27.39,5,7.1,1,0
STR-002933,TreatmentA,B02,98.06,1.3,0.2107,219,20.48,0.2168,0.0512,13.0,27.29,1,8.31,1,1
STR-002934,TreatmentA,B01,100.55,1.64,0.2353,280,40.85,0.3312,0.4521,21.98,29.25,1,7.47,0,0
STR-002935,TreatmentB,B01,99.06,1.4,0.2382,222,47.72,0.564,0.2345,21.84,30.93,2,8.4,0,0
STR-002936,Control,B03,120.56,2.37,0.174,523,13.1,0.2972,0.5301,59.37,18.33,6,8.09,1,0
STR-002937,TreatmentB,B01,74.99,2.59,0.2144,299,20.9,0.5462,0.3832,3.65,19.33,0,7.65,1,0
STR-002938,TreatmentB,B01,113.19,1.52,0.2735,219,11.93,0.3605,0.2074,10.82,22.84,3,7.79,0,1
STR-002939,Control,B02,119.99,1.74,0.2508,150,49.53,0.5594,0.1069,44.81,36.32,7,4.89,0,0
STR-002940,TreatmentA,B03,97.84,1.5,0.2159,244,39.53,0.4962,0.4509,48.55,17.7,3,4.44,0,0
STR-002941,TreatmentB,B01,115.6,1.04,0.1929,756,21.5,0.2418,0.6057,23.35,20.24,4,4.42,1,0
STR-002942,TreatmentB,B02,112.62,1.06,0.2178,159,50.8,0.4651,0.3229,44.49,19.82,1,6.48,1,1
STR-002943,TreatmentA,B01,107.11,2.14,0.2003,1286,19.96,0.4955,0.358,26.77,19.57,2,8.76,1,0
STR-002944,TreatmentA,B02,79.08,2.28,0.265,255,24.42,0.4532,0.277,27.2,25.14,1,6.18,1,1
STR-002945,TreatmentA,B01,102.63,2.64,0.2422,179,40.4,0.4472,0.3552,35.88,23.65,2,7.69,0,1
STR-002946,TreatmentA,B01,91.4,2.65,0.2581,213,37.66,0.5329,0.4241,36.11,24.6,1,6.93,0,1
STR-002947,TreatmentB,B01,105.88,1.73,0.1935,369,30.6,0.4061,0.3574,16.8,23.14,3,5.47,1,1
STR-002948,Control,B01,131.61,1.41,0.2185,993,55.45,0.549,0.206,35.25,31.75,2,6.3,0,0
STR-002949,TreatmentB,B03,116.82,0.53,0.2545,241,32.79,0.453,0.2451,20.97,18.56,3,7.02,1,1
STR-002950,TreatmentB,B03,95.18,1.08,0.2272,266,19.51,0.4013,0.1951,11.67,25.35,2,6.67,1,1
STR-002951,TreatmentB,B03,111.98,1.78,0.2302,251,26.42,0.4854,0.3238,39.96,16.93,1,4.91,1,0
STR-002952,TreatmentB,B01,91.99,1.4,0.2772,294,14.71,0.4938,0.1839,25.85,27.12,4,8.28,1,0
STR-002953,Control,B03,111.79,2.15,0.2895,454,37.13,0.1911,0.5505,32.02,10.8,1,8.01,0,0
STR-002954,TreatmentA,B03,85.7,1.17,0.2624,402,29.06,0.5714,0.4795,53.68,33.62,4,7.83,0,1
STR-002955,TreatmentA,B03,112.09,2.2,0.2446,286,31.06,0.4114,0.4339,51.75,29.0,1,6.47,0,1
STR-002956,TreatmentA,B02,114.55,1.92,0.3119,242,23.26,0.3786,0.305,51.99,29.85,1,6.61,0,1
STR-002957,TreatmentA,B03,96.6,2.74,0.2173,362,60.32,0.4026,0.4373,18.5,21.36,1,4.93,0,0
STR-002958,TreatmentA,B02,135.18,2.47,0.1851,308,18.51,0.3896,0.1883,29.34,22.35,3,5.14,1,0
STR-002959,Control,B02,89.92,2.68,0.2369,313,29.66,0.6445,0.3266,20.28,15.2,1,6.03,0,1
STR-002960,Control,B01,77.34,2.14,0.2498,181,20.82,0.4788,0.2246,30.76,23.05,0,6.75,0,1
STR-002961,TreatmentB,B02,88.68,1.04,0.284,116,46.57,0.3061,0.3198,27.86,18.68,4,7.75,0,0
STR-002962,TreatmentB,B02,106.37,1.22,0.2258,370,16.94,0.676,0.605,26.94,15.49,2,6.93,1,1
STR-002963,TreatmentA,B02,100.85,2.47,0.2563,116,44.3,0.5916,0.3424,37.99,24.62,1,8.64,1,0
STR-002964,TreatmentA,B01,112.7,1.64,0.28,359,35.72,0.2318,0.2181,48.49,18.36,3,5.06,0,1
STR-002965,Control,B02,105.91,2.42,0.2451,519,6.38,0.3848,0.4524,66.2,14.42,2,6.99,0,1
STR-002966,Control,B02,90.15,1.75,0.2713,212,124.65,0.4051,0.3002,38.38,19.24,2,5.45,1,0
STR-002967,TreatmentA,B03,113.11,1.56,0.2365,492,24.45,0.4469,0.3673,44.18,28.74,1,6.09,0,1
STR-002968,Control,B02,91.06,2.07,0.1885,390,15.34,0.4997,0.2137,80.48,25.59,5,9.52,0,0
STR-002969,TreatmentB,B03,124.48,1.26,0.2646,130,53.11,0.5267,0.2609,34.9,18.59,0,4.99,0,0
STR-002970,TreatmentB,B02,93.11,1.51,0.2075,138,15.91,0.7694,0.5685,8.56,22.43,2,5.09,1,1
STR-002971,TreatmentA,B02,76.23,1.57,0.2542,170,17.56,0.4732,0.5674,32.59,32.22,3,7.3,1,1
STR-002972,TreatmentB,B03,97.7,1.47,0.2676,344,16.67,0.3653,0.5027,16.07,30.06,3,6.11,0,0
STR-002973,Control,B03,89.73,2.0,0.2095,325,33.34,0.3823,0.3104,42.34,11.81,5,7.03,1,1
STR-002974,TreatmentA,B01,104.37,1.19,0.2372,124,16.12,0.4567,0.5333,16.33,22.21,0,6.41,1,0
STR-002975,Control,B03,98.07,1.94,0.2362,763,25.45,0.7512,0.5602,70.66,24.98,2,7.49,0,1
STR-002976,Control,B01,103.58,3.12,0.282,105,66.11,0.2507,0.2464,76.5,25.86,1,7.99,0,0
STR-002977,TreatmentA,B03,113.65,2.05,0.184,224,31.38,0.6084,0.1532,30.39,37.1,0,4.76,1,0
STR-002978,TreatmentB,B03,87.89,2.04,0.2443,128,36.22,0.3416,0.3807,52.15,19.49,5,6.41,0,1
STR-002979,Control,B02,100.59,2.09,0.2475,639,47.97,0.3345,0.2775,51.95,20.04,2,6.38,0,1
STR-002980,TreatmentA,B03,87.62,2.19,0.2223,111,20.33,0.2967,0.2573,37.13,9.93,1,6.42,1,1
STR-002981,TreatmentB,B02,80.51,1.42,0.1992,143,21.57,0.2473,0.4006,28.34,20.29,3,7.9,1,0
STR-002982,Control,B03,78.12,3.16,0.2455,184,19.47,0.2177,0.4274,26.18,24.61,5,10.01,0,0
STR-002983,TreatmentA,B03,92.86,1.76,0.2413,428,73.99,0.5372,0.2631,19.84,27.22,3,5.23,1,0
STR-002984,Control,B02,98.53,2.3,0.2229,324,52.77,0.4341,0.3398,54.03,28.61,3,6.5,0,0
STR-002985,TreatmentB,B01,119.83,2.15,0.2294,154,11.6,0.4842,0.5548,55.2,35.26,1,8.99,1,1
STR-002986,TreatmentB,B02,77.86,0.7,0.1652,164,14.49,0.419,0.5208,47.15,28.9,2,8.94,1,1
STR-002987,TreatmentA,B03,69.07,4.27,0.2415,582,44.88,0.3077,0.6079,30.8,33.69,0,8.42,0,0
STR-002988,TreatmentB,B03,95.65,1.48,0.2243,217,63.43,0.2711,0.2639,52.13,22.8,3,4.87,1,0
STR-002989,Control,B01,94.0,3.9,0.3179,210,20.89,0.5198,0.3862,35.55,27.29,4,5.13,0,0
STR-002990,Control,B03,98.0,1.42,0.2093,455,9.57,0.3472,0.3979,63.9,26.14,6,7.46,0,0
STR-002991,TreatmentB,B01,80.21,2.31,0.2255,289,46.89,0.3348,0.3807,30.6,20.97,3,6.91,1,1
STR-002992,Control,B02,114.24,1.41,0.3011,241,36.26,0.2655,0.2928,44.19,16.13,4,6.45,0,1
STR-002993,Control,B02,86.55,1.68,0.2098,265,74.45,0.4618,0.3564,66.43,26.45,3,5.27,0,0
STR-002994,TreatmentA,B02,86.1,1.51,0.2588,490,20.45,0.3258,0.2695,49.73,17.63,2,5.48,1,1
STR-002995,TreatmentB,B02,85.24,1.52,0.2252,85,41.31,0.3286,0.449,21.98,20.56,2,8.11,1,0
STR-002996,TreatmentB,B03,98.66,2.4,0.2591,148,13.69,0.333,0.2731,21.01,23.72,6,6.2,1,0
STR-002997,Control,B01,105.88,3.59,0.1957,220,29.71,0.4959,0.2765,64.98,30.41,1,7.43,0,1
STR-002998,Control,B01,86.6,2.24,0.2847,176,44.9,0.3263,0.3305,28.18,14.29,3,7.97,0,0
STR-002999,TreatmentA,B01,89.27,1.43,0.2437,150,69.04,0.283,0.0834,35.25,30.04,2,6.3,0,1
STR-003000,Control,B01,84.79,3.56,0.2409,286,96.62,0.2946,0.2107,52.21,23.08,0,8.41,0,0
STR-003001,TreatmentA,B03,108.86,2.49,0.261,261,35.83,0.2951,0.3932,39.81,10.77,2,7.59,0,0
STR-003002,TreatmentA,B01,109.63,1.05,0.249,187,24.0,0.3496,0.3951,58.51,25.62,4,4.79,1,0
STR-003003,Control,B01,86.16,2.69,0.221,422,24.14,0.4241,0.4828,32.41,26.51,1,3.68,1,0
STR-003004,TreatmentB,B02,104.46,0.87,0.2232,455,16.41,0.4658,0.0728,19.9,16.57,2,7.61,1,0
STR-003005,TreatmentA,B01,103.33,0.96,0.3081,702,27.51,0.6222,0.2981,99.66,29.12,2,6.09,0,0
STR-003006,TreatmentA,B03,119.97,3.72,0.2688,138,44.26,0.5716,0.2076,24.96,26.95,2,6.61,0,0
STR-003007,Control,B03,115.28,1.94,0.2438,695,32.21,0.5128,0.2608,41.85,25.78,1,8.51,1,0
STR-003008,TreatmentA,B02,104.06,2.13,0.1694,265,18.1,0.3689,0.3924,27.81,25.91,2,7.03,1,1
STR-003009,TreatmentB,B03,92.37,1.12,0.2262,192,31.07,0.2822,0.3702,35.45,16.04,1,7.99,1,1
STR-003010,Control,B03,122.04,2.03,0.2936,140,18.94,0.4212,0.1371,41.82,20.88,1,6.62,1,1
STR-003011,TreatmentA,B01,114.44,2.26,0.2316,203,43.84,0.4359,0.4459,19.18,37.71,3,7.31,1,1
STR-003012,TreatmentB,B02,115.89,0.93,0.2477,215,33.15,0.558,0.2002,11.95,9.75,2,5.81,1,0
STR-003013,TreatmentA,B02,86.96,1.44,0.2282,228,19.16,0.4077,0.4131,34.78,38.91,1,7.38,0,1
STR-003014,Control,B01,95.47,2.21,0.243,193,44.09,0.2747,0.392,22.63,29.27,0,9.22,1,0
STR-003015,TreatmentA,B01,82.02,1.94,0.2758,219,8.08,0.5161,0.4592,71.05,23.7,2,8.35,0,1
STR-003016,Control,B02,96.17,1.84,0.2477,355,39.57,0.5591,0.3097,27.32,19.02,0,7.8,1,1
STR-003017,TreatmentB,B02,88.26,1.91,0.2187,828,34.33,0.306,0.7132,33.19,17.02,1,7.8,0,0
STR-003018,TreatmentB,B01,105.07,2.35,0.2654,257,76.7,0.445,0.1298,35.77,27.05,2,5.67,1,0
STR-003019,TreatmentA,B02,102.71,2.48,0.2111,173,17.32,0.4049,0.2933,34.26,43.15,1,8.64,1,0
STR-003020,Control,B01,119.61,2.02,0.2352,109,52.84,0.3206,0.2002,33.75,21.92,1,8.0,0,1
STR-003021,TreatmentA,B01,80.87,2.39,0.2047,245,19.7,0.4372,0.1214,21.45,24.9,2,4.86,0,0
STR-003022,TreatmentA,B01,108.75,2.73,0.2326,153,19.09,0.5352,0.3217,20.75,32.63,1,8.24,1,1
STR-003023,TreatmentA,B03,146.91,1.49,0.2533,317,28.19,0.3954,0.4557,40.85,21.5,2,6.9,1,1
STR-003024,Control,B01,100.65,2.96,0.2258,164,55.73,0.3614,0.4144,44.89,10.05,1,4.99,0,0
STR-003025,TreatmentA,B01,83.96,2.92,0.2174,351,59.67,0.2113,0.3174,24.4,30.05,2,6.34,1,1
STR-003026,TreatmentB,B03,111.04,1.92,0.2651,984,19.91,0.4967,0.2552,17.17,25.31,1,5.24,0,0
STR-003027,TreatmentA,B02,112.7,1.17,0.23,143,13.4,0.7292,0.1573,13.02,25.61,1,5.02,1,0
STR-003028,TreatmentA,B01,110.04,1.43,0.2488,360,27.49,0.7248,0.4319,20.77,24.0,1,6.28,0,1
STR-003029,Control,B01,107.18,2.68,0.1759,186,36.83,0.2545,0.4957,36.91,28.65,2,5.55,1,0
STR-003030,Control,B01,119.59,1.69,0.2037,753,23.78,0.3531,0.3047,58.28,22.55,4,5.79,1,0
STR-003031,TreatmentB,B02,73.45,1.79,0.2454,197,45.06,0.2016,0.6986,35.63,16.88,1,8.77,0,0
STR-003032,TreatmentA,B01,99.55,2.16,0.2101,84,39.92,0.1922,0.2749,41.09,33.83,2,6.42,1,1
STR-003033,Control,B03,95.86,1.85,0.2234,631,15.27,0.3931,0.2445,54.0,29.71,4,6.24,0,1
STR-003034,Control,B03,123.49,2.26,0.208,322,19.13,0.4769,0.2882,58.19,22.36,0,8.81,0,0
STR-003035,Control,B01,92.7,2.57,0.2863,520,23.13,0.6604,0.1686,47.29,15.58,2,8.44,0,0
STR-003036,TreatmentA,B02,123.52,1.89,0.1816,210,19.75,0.4573,0.3008,36.89,34.42,0,6.9,0,1
STR-003037,TreatmentB,B03,91.32,0.98,0.1871,168,76.86,0.6245,0.2236,26.02,18.95,3,7.85,1,0
STR-003038,TreatmentA,B01,106.3,2.01,0.1728,821,22.67,0.3535,0.1792,29.38,23.83,1,7.08,1,1
STR-003039,TreatmentB,B02,92.29,1.64,0.2608,517,15.2,0.376,0.4326,24.66,13.67,2,7.77,0,1
STR-003040,TreatmentB,B02,102.94,1.23,0.1608,1233,149.72,0.2747,0.1831,45.49,27.26,3,8.06,1,1
STR-003041,TreatmentA,B01,126.49,1.87,0.2132,101,19.21,0.57,0.3635,37.66,21.72,1,5.65,0,1
STR-003042,Control,B01,119.31,1.88,0.2133,372,45.49,0.1586,0.3512,74.37,18.82,4,8.1,1,0
STR-003043,Control,B03,101.62,2.87,0.2936,330,63.58,0.27,0.3079,94.08,31.61,4,4.0,0,0
STR-003044,Control,B01,97.51,2.1,0.2388,300,11.7,0.407,0.3433,61.86,26.98,5,8.12,0,0
STR-003045,TreatmentA,B01,92.49,2.09,0.2604,104,29.51,0.3484,0.3118,42.31,32.69,4,6.06,1,0
STR-003046,Control,B03,103.99,1.97,0.2129,294,22.83,0.2642,0.3622,42.5,28.86,2,7.55,0,0
STR-003047,TreatmentA,B03,129.1,2.42,0.2658,251,93.42,0.4316,0.2833,36.26,15.68,3,7.93,1,1
STR-003048,TreatmentA,B02,114.36,1.91,0.2006,185,58.3,0.5292,0.3843,59.01,36.09,1,5.26,1,1
STR-003049,Control,B01,119.74,1.92,0.273,106,43.18,0.3787,0.1034,27.87,25.82,2,8.81,0,0
STR-003050,Control,B03,91.83,2.99,0.2202,138,29.01,0.4455,0.2063,55.83,26.0,2,6.77,0,1
STR-003051,TreatmentA,B01,80.38,2.54,0.2192,113,38.11,0.5979,0.1521,48.72,28.07,1,7.03,0,0
STR-003052,TreatmentB,B02,122.1,2.12,0.2549,284,48.72,0.3323,0.5934,24.89,30.34,2,6.53,0,1
STR-003053,Control,B02,125.12,2.1,0.205,303,44.89,0.4204,0.2997,33.1,21.79,4,6.94,1,1
STR-003054,Control,B03,115.24,4.15,0.2632,546,116.3,0.4067,0.3859,53.76,26.64,4,4.65,0,0
STR-003055,TreatmentA,B03,83.17,2.74,0.1974,519,19.82,0.4418,0.3558,29.5,22.05,2,7.57,0,1
STR-003056,Control,B02,87.92,2.09,0.2049,400,21.37,0.4666,0.2857,32.15,29.99,1,8.01,1,0
STR-003057,TreatmentA,B01,81.94,1.61,0.2579,248,93.83,0.5251,0.2956,30.38,34.94,5,5.93,1,0
STR-003058,TreatmentB,B02,86.44,1.83,0.2511,188,26.32,0.3302,0.2672,41.33,32.0,1,7.05,0,1
STR-003059,TreatmentB,B02,95.12,1.67,0.2769,176,17.02,0.7258,0.2487,17.49,28.43,2,9.11,1,0
STR-003060,TreatmentA,B02,106.33,2.25,0.2,188,8.92,0.4782,0.4329,37.36,21.08,1,5.33,1,1
STR-003061,TreatmentB,B02,91.44,0.71,0.2644,339,35.31,0.2568,0.3952,21.43,21.7,2,8.44,1,0
STR-003062,TreatmentB,B03,107.4,1.45,0.1862,535,62.11,0.3981,0.4095,13.43,8.33,5,5.9,1,0
STR-003063,Control,B01,118.29,1.89,0.2523,399,167.8,0.3948,0.2349,39.46,21.18,4,6.48,0,1
STR-003064,Control,B02,98.22,1.57,0.2325,164,41.03,0.6257,0.1945,37.22,17.95,3,6.77,1,0
STR-003065,Control,B03,95.2,3.54,0.1818,490,46.86,0.7195,0.4967,32.16,28.44,2,5.75,0,1
STR-003066,TreatmentB,B02,83.69,1.2,0.2387,465,34.86,0.2342,0.2878,37.89,35.95,2,6.99,0,1
STR-003067,TreatmentB,B02,108.74,1.47,0.2112,208,28.65,0.3557,0.4762,11.6,20.75,4,4.62,1,0
STR-003068,Control,B02,69.51,2.51,0.1951,162,65.05,0.3726,0.1908,32.19,22.16,1,5.64,0,1
STR-003069,Control,B02,106.45,2.64,0.1869,150,22.93,0.5909,0.1441,38.07,13.8,3,6.8,0,0
STR-003070,TreatmentB,B03,77.98,3.89,0.2358,250,38.33,0.2799,0.3809,3.49,32.19,1,8.05,0,0
STR-003071,TreatmentB,B03,102.32,2.25,0.2197,650,45.7,0.326,0.2656,52.64,33.33,1,6.44,0,1
STR-003072,TreatmentA,B02,95.88,2.29,0.2135,665,52.47,0.4255,0.1937,103.85,28.46,4,4.83,0,0
STR-003073,TreatmentA,B02,115.94,2.43,0.2276,416,14.02,0.3081,0.2988,29.92,28.1,4,7.77,0,1
STR-003074,Control,B03,116.47,3.16,0.2108,164,38.24,0.4753,0.234,49.26,30.64,3,6.92,0,1
STR-003075,TreatmentA,B01,114.41,2.92,0.1785,537,48.52,0.3361,0.4325,34.15,20.16,2,6.54,1,1
STR-003076,TreatmentA,B02,84.8,2.47,0.1975,737,20.56,0.1578,0.3344,19.27,15.83,1,7.0,1,1
STR-003077,Control,B02,77.31,2.38,0.2363,199,62.28,0.3901,0.1203,34.77,14.34,4,3.94,0,0
STR-003078,TreatmentB,B03,98.81,3.11,0.2954,652,30.74,0.2964,0.2981,22.26,21.29,3,6.9,0,1
STR-003079,Control,B02,84.01,1.54,0.196,85,33.29,0.3227,0.1396,69.44,18.4,1,7.02,1,1
STR-003080,Control,B02,97.59,3.47,0.2637,67,35.86,0.3657,0.3596,53.34,10.04,2,5.43,0,0
STR-003081,TreatmentA,B03,102.95,1.7,0.2952,106,15.37,0.2783,0.179,27.96,29.94,3,6.64,0,1
STR-003082,TreatmentA,B02,101.54,1.86,0.2486,93,16.38,0.5724,0.2045,32.78,30.52,0,5.59,0,0
STR-003083,TreatmentA,B01,100.68,1.65,0.1799,129,20.54,0.6585,0.2465,34.39,19.58,0,7.43,1,0
STR-003084,Control,B02,70.72,1.76,0.236,283,58.3,0.2424,0.1835,26.34,20.49,2,8.84,1,1
STR-003085,TreatmentA,B01,92.05,1.47,0.2049,114,38.09,0.5135,0.1505,62.28,16.94,3,8.34,1,0
STR-003086,Control,B01,113.89,2.2,0.2285,146,50.63,0.4479,0.3387,40.59,19.32,4,8.91,0,1
STR-003087,TreatmentB,B02,102.92,2.12,0.2646,488,39.34,0.3355,0.2394,19.74,20.67,1,4.92,0,0
STR-003088,TreatmentA,B02,97.71,1.63,0.2343,74,91.9,0.2757,0.1951,12.57,24.92,4,7.1,1,1
STR-003089,Control,B03,100.78,2.08,0.2646,108,13.84,0.1699,0.4615,29.58,17.58,4,7.73,0,0
STR-003090,Control,B02,116.39,2.35,0.285,434,27.02,0.4441,0.3442,54.42,24.68,1,9.15,0,0
STR-003091,TreatmentA,B01,117.71,1.27,0.2174,476,90.79,0.5515,0.5498,49.62,25.76,1,6.69,1,1
STR-003092,Control,B03,87.85,1.89,0.2434,399,32.6,0.317,0.1381,37.63,22.79,2,5.92,0,1
STR-003093,TreatmentA,B03,89.3,1.68,0.2242,261,31.37,0.5,0.3043,48.16,14.4,4,8.06,1,1
STR-003094,Control,B01,111.68,2.38,0.2504,545,33.37,0.3556,0.2921,44.83,20.54,3,8.05,1,1
STR-003095,Control,B01,113.59,1.9,0.251,312,68.17,0.3822,0.3842,33.88,30.5,3,7.57,0,1
STR-003096,TreatmentB,B03,111.56,1.19,0.2311,280,74.49,0.2514,0.2378,13.64,29.81,1,7.92,1,1
STR-003097,TreatmentB,B02,92.97,0.87,0.2363,491,57.93,0.3805,0.1332,12.95,17.64,0,8.2,1,1
STR-003098,Control,B01,99.5,2.35,0.237,366,12.28,0.3253,0.4394,51.38,31.09,1,5.34,0,0
STR-003099,TreatmentA,B01,105.01,1.45,0.2266,171,24.97,0.4434,0.2827,63.47,16.95,5,6.43,0,1
STR-003100,TreatmentB,B01,104.98,1.73,0.275,318,22.3,0.541,0.4269,24.66,26.52,3,7.85,1,1
STR-003101,TreatmentB,B03,110.53,1.27,0.2544,429,28.5,0.5075,0.5209,27.85,26.05,1,5.76,0,1
STR-003102,TreatmentA,B01,112.08,1.32,0.1982,417,11.98,0.5632,0.2002,26.1,26.58,5,6.79,1,0
STR-003103,TreatmentB,B01,106.28,1.02,0.1785,171,17.89,0.3595,0.3894,30.47,25.44,1,7.19,1,0
STR-003104,Control,B02,132.85,2.32,0.2433,326,32.12,0.2484,0.3063,34.27,18.45,4,7.0,0,1
STR-003105,Control,B03,86.29,2.33,0.2765,206,63.24,0.3395,0.5739,40.92,21.75,2,6.25,1,0
STR-003106,TreatmentA,B02,115.42,1.67,0.279,184,23.85,0.138,0.4295,35.63,39.88,2,7.0,0,0
STR-003107,Control,B03,87.74,4.48,0.2425,399,42.19,0.6746,0.222,50.79,39.86,1,7.36,0,0
STR-003108,TreatmentB,B03,121.43,3.09,0.2153,508,20.15,0.2766,0.0352,5.54,14.79,2,6.28,1,1
STR-003109,Control,B01,91.08,1.63,0.3035,406,27.49,0.5637,0.3654,50.97,23.47,3,8.73,0,1
STR-003110,TreatmentA,B02,84.12,2.68,0.257,66,53.52,0.4993,0.2881,30.72,24.09,0,6.63,0,1
STR-003111,TreatmentB,B03,107.76,2.83,0.1823,165,46.05,0.7587,0.2328,46.94,21.68,3,8.81,1,0
STR-003112,TreatmentB,B02,101.88,2.86,0.2222,411,20.07,0.6514,0.6117,17.74,23.6,2,7.7,0,1
STR-003113,TreatmentA,B01,93.3,1.6,0.2492,91,48.89,0.422,0.4807,24.26,24.01,3,5.38,1,0
STR-003114,TreatmentA,B01,57.26,2.77,0.2148,151,39.89,0.452,0.3099,53.1,12.1,3,6.46,0,1
STR-003115,TreatmentB,B02,86.87,1.55,0.2141,128,8.94,0.3249,0.245,48.63,29.4,0,6.9,1,0
STR-003116,Control,B02,109.26,2.36,0.2509,315,30.44,0.6776,0.3276,41.27,22.94,6,6.15,0,1
STR-003117,Control,B03,96.55,1.62,0.2037,587,27.26,0.4081,0.3694,33.48,19.45,2,7.2,1,1
STR-003118,TreatmentB,B01,90.87,2.34,0.2912,371,46.54,0.3439,0.4578,9.28,16.97,3,8.36,1,1
STR-003119,TreatmentA,B02,109.29,2.19,0.2216,254,80.15,0.4618,0.1652,25.25,30.27,3,6.43,1,1
STR-003120,TreatmentB,B02,107.8,1.32,0.1985,284,51.28,0.3412,0.2024,11.64,31.36,5,3.6,1,0
STR-003121,TreatmentA,B03,111.3,1.55,0.2822,261,49.85,0.3631,0.2789,19.08,22.81,7,8.65,0,0
STR-003122,TreatmentA,B03,137.32,2.14,0.2042,213,20.44,0.3868,0.1387,86.95,29.69,3,8.38,1,0
STR-003123,Control,B01,71.0,3.47,0.2495,260,42.19,0.3003,0.6094,37.5,31.67,2,5.3,0,0
STR-003124,TreatmentB,B03,104.49,1.63,0.1959,87,48.61,0.4754,0.2766,7.14,23.09,3,3.91,1,0
STR-003125,Control,B01,91.46,2.62,0.1846,663,21.42,0.4869,0.2928,31.96,21.62,8,6.78,1,1
STR-003126,TreatmentA,B03,95.07,2.94,0.2577,764,49.71,0.444,0.2833,31.77,21.9,2,5.37,0,1
STR-003127,TreatmentA,B02,89.98,2.08,0.3218,143,50.58,0.5258,0.5066,35.01,23.24,2,5.67,0,1
STR-003128,TreatmentA,B03,123.11,2.29,0.2908,289,20.62,0.2806,0.2591,34.33,30.8,2,6.02,1,0
STR-003129,TreatmentA,B02,91.76,2.77,0.2818,446,28.97,0.2518,0.3155,23.96,36.41,1,6.42,0,0
STR-003130,Control,B01,119.34,2.36,0.292,72,12.99,0.5659,0.2507,87.45,23.02,5,7.98,0,0
STR-003131,Control,B03,88.01,1.78,0.1792,459,15.61,0.375,0.2845,36.86,20.63,0,6.65,1,1
STR-003132,TreatmentB,B02,97.37,1.01,0.2438,252,41.77,0.4332,0.2477,15.15,7.8,2,7.95,1,0
STR-003133,TreatmentB,B03,106.84,1.17,0.2874,469,90.48,0.4934,0.3741,37.48,22.2,0,7.67,0,1
STR-003134,Control,B01,106.05,1.69,0.3006,302,51.39,0.5069,0.255,36.41,26.59,1,6.99,0,1
STR-003135,TreatmentA,B03,93.21,1.55,0.2032,74,7.82,0.4049,0.2035,55.47,31.72,3,6.05,1,0
STR-003136,TreatmentB,B01,110.4,2.46,0.1489,337,17.4,0.4898,0.5275,38.14,20.07,1,6.81,0,1
STR-003137,TreatmentA,B03,103.09,2.88,0.3217,222,44.14,0.3136,0.2657,45.15,26.86,1,4.7,0,0
STR-003138,Control,B02,84.36,3.06,0.2129,485,21.3,0.3344,0.3539,34.09,24.39,0,6.45,0,1
STR-003139,TreatmentB,B01,109.64,3.03,0.1594,362,51.16,0.4726,0.443,22.41,15.94,2,7.79,1,1
STR-003140,TreatmentB,B03,73.12,1.55,0.2337,344,41.37,0.4219,0.3415,19.0,27.31,3,6.99,0,1
STR-003141,TreatmentB,B03,110.04,1.29,0.2575,251,28.89,0.4053,0.4385,8.17,24.09,5,5.78,0,0
STR-003142,TreatmentA,B01,75.16,2.73,0.202,196,26.53,0.2769,0.5445,48.77,23.87,1,9.17,0,0
STR-003143,TreatmentB,B02,85.7,1.96,0.3047,215,10.66,0.3773,0.2364,27.25,16.3,2,8.97,0,0
STR-003144,TreatmentA,B02,89.88,1.91,0.2085,307,21.28,0.5695,0.409,28.57,22.64,5,4.22,0,0
STR-003145,Control,B03,94.9,2.48,0.2199,606,55.05,0.7226,0.3711,41.39,27.15,2,6.84,0,1
STR-003146,TreatmentA,B02,107.04,1.3,0.2717,187,47.16,0.4786,0.304,37.03,15.24,4,7.88,1,0
STR-003147,Control,B01,80.28,1.79,0.2339,668,28.15,0.6922,0.4692,24.03,35.16,0,8.04,1,1
STR-003148,TreatmentB,B03,105.99,2.36,0.2527,263,47.25,0.4337,0.2897,22.48,27.19,2,8.86,0,0
STR-003149,TreatmentA,B03,100.22,2.36,0.2468,421,21.62,0.6836,0.4232,7.71,26.99,3,8.16,1,1
STR-003150,TreatmentA,B02,87.24,2.56,0.2133,233,92.8,0.3243,0.1577,29.52,19.25,1,4.54,0,1
STR-003151,Control,B02,106.07,1.93,0.2085,235,30.53,0.2887,0.1944,31.79,29.86,6,7.04,1,1
STR-003152,TreatmentA,B03,117.66,2.57,0.2134,201,27.52,0.6524,0.4506,58.73,20.65,3,6.67,0,1
STR-003153,TreatmentB,B03,108.83,1.7,0.2557,171,63.27,0.339,0.4797,21.16,25.23,4,7.07,0,1
STR-003154,TreatmentA,B01,127.61,2.21,0.2521,315,23.04,0.6044,0.4445,35.92,36.57,1,9.49,1,1
STR-003155,TreatmentA,B03,115.29,1.18,0.1869,306,43.45,0.2046,0.3557,49.11,24.36,2,4.69,1,0
STR-003156,TreatmentA,B02,91.43,2.52,0.239,255,20.68,0.4087,0.3299,34.74,20.22,4,8.66,0,1
STR-003157,TreatmentA,B01,69.17,2.64,0.2088,254,61.92,0.5236,0.1669,57.19,16.01,4,7.05,0,0
STR-003158,Control,B01,101.59,2.39,0.2205,397,57.43,0.5576,0.2324,40.96,29.47,0,7.2,0,0
STR-003159,TreatmentA,B01,104.75,3.14,0.1452,1033,88.05,0.3371,0.3526,43.08,24.16,1,7.93,0,0
STR-003160,TreatmentB,B03,97.04,0.86,0.2195,220,9.61,0.2945,0.2715,18.12,27.02,2,9.13,1,0
STR-003161,Control,B02,107.51,1.92,0.2666,195,52.69,0.6361,0.1989,25.1,18.38,3,7.69,1,0
STR-003162,TreatmentB,B03,91.18,1.9,0.2005,664,14.65,0.402,0.3351,21.68,19.95,3,8.23,1,1
STR-003163,TreatmentB,B03,89.7,2.53,0.2636,547,17.98,0.3565,0.2444,30.27,18.14,1,4.37,0,0
STR-003164,TreatmentA,B01,81.1,2.34,0.1901,298,27.7,0.3567,0.5614,20.36,19.75,2,8.3,0,0
STR-003165,TreatmentB,B03,102.82,1.22,0.2273,370,49.16,0.4561,0.2603,23.43,26.51,2,5.76,1,0
STR-003166,TreatmentB,B01,105.87,1.41,0.2289,574,40.54,0.5612,0.2167,42.04,15.8,3,7.63,1,1
STR-003167,Control,B03,110.6,2.24,0.2054,250,15.59,0.2355,0.1866,59.68,31.63,3,8.78,0,1
STR-003168,Control,B01,98.23,2.96,0.2242,182,64.33,0.3406,0.421,52.99,31.07,4,6.25,0,1
STR-003169,Control,B02,118.03,3.52,0.1906,246,23.24,0.1767,0.4183,30.13,15.17,0,8.07,0,0
STR-003170,TreatmentB,B02,115.13,1.58,0.191,259,34.59,0.3647,0.1585,33.52,24.72,3,8.43,1,0
STR-003171,Control,B02,112.56,2.22,0.2382,488,17.83,0.5461,0.3258,24.26,20.06,2,4.86,1,0
STR-003172,TreatmentB,B03,106.32,1.23,0.2551,364,15.63,0.6707,0.1159,28.32,28.85,4,7.15,1,0
STR-003173,Control,B01,109.48,1.88,0.262,91,37.36,0.4401,0.2057,48.93,14.63,2,7.67,1,1
STR-003174,TreatmentA,B03,107.86,2.11,0.2811,150,97.72,0.395,0.435,20.51,23.06,1,4.56,0,0
STR-003175,TreatmentB,B03,98.12,1.96,0.2478,203,15.78,0.3598,0.2127,23.75,29.11,0,6.95,1,1
STR-003176,TreatmentB,B02,117.63,1.26,0.2534,320,18.54,0.4962,0.4553,51.06,18.56,3,5.5,1,1
STR-003177,TreatmentA,B03,98.78,2.5,0.3077,275,28.08,0.6272,0.3794,20.79,22.73,2,8.46,0,1
STR-003178,Control,B03,106.64,1.85,0.1946,145,46.13,0.5174,0.3015,28.54,27.84,1,4.99,1,0
STR-003179,TreatmentA,B02,89.0,3.53,0.2141,128,13.53,0.4748,0.4659,43.0,19.82,0,7.87,0,1
STR-003180,TreatmentB,B02,79.76,0.98,0.2168,125,26.19,0.3538,0.2711,17.31,13.24,3,4.07,0,0
STR-003181,Control,B01,104.8,2.7,0.1636,279,11.89,0.4468,0.3047,61.7,8.25,0,8.49,1,0
STR-003182,TreatmentA,B03,98.72,2.54,0.2316,431,30.25,0.5953,0.3332,34.44,29.94,1,8.17,1,0
STR-003183,TreatmentB,B01,90.15,1.79,0.2625,313,100.44,0.5022,0.2244,55.69,26.14,1,5.15,1,0
STR-003184,TreatmentB,B03,65.81,1.39,0.2021,104,34.42,0.3542,0.3523,35.46,32.63,2,6.93,1,1
STR-003185,TreatmentB,B01,122.66,3.41,0.2496,314,48.68,0.4405,0.1293,17.61,22.48,4,6.63,0,1
STR-003186,TreatmentA,B02,118.85,1.15,0.2577,113,63.69,0.7173,0.3584,51.61,33.3,5,7.78,1,1
STR-003187,TreatmentA,B01,123.05,2.09,0.2421,1339,52.03,0.2118,0.4281,29.71,23.25,2,7.65,0,0
STR-003188,TreatmentB,B01,79.89,1.49,0.2183,342,40.94,0.4032,0.3689,6.86,28.72,6,6.27,1,0
STR-003189,TreatmentA,B03,108.72,2.35,0.1901,293,58.37,0.5768,0.2333,31.47,23.31,3,8.82,1,0
STR-003190,TreatmentB,B03,88.55,1.16,0.2272,226,21.71,0.3232,0.2428,32.02,28.95,1,9.75,0,0
STR-003191,TreatmentA,B01,103.77,3.02,0.2146,586,23.77,0.4681,0.3561,55.33,25.17,2,4.68,0,0
STR-003192,TreatmentB,B01,62.98,1.44,0.1967,182,50.3,0.347,0.1234,21.77,16.64,0,6.25,0,1
STR-003193,TreatmentB,B01,90.59,0.76,0.227,308,9.01,0.5241,0.3596,39.31,37.25,0,5.93,1,1
STR-003194,TreatmentB,B01,95.98,1.78,0.1937,192,92.93,0.5099,0.3124,26.35,28.01,4,6.21,0,0
STR-003195,Control,B03,93.18,1.64,0.2326,351,38.86,0.4245,0.1304,41.97,26.83,3,5.02,1,0
STR-003196,TreatmentA,B01,110.22,2.22,0.2705,241,38.23,0.6012,0.6809,36.58,25.37,3,9.18,0,1
STR-003197,TreatmentB,B02,72.79,1.52,0.2775,152,21.02,0.4253,0.2983,76.73,24.46,2,7.18,0,1
STR-003198,Control,B01,109.07,2.6,0.2365,147,38.45,0.6434,0.2344,33.56,21.31,0,8.24,1,0
STR-003199,TreatmentA,B03,131.32,1.91,0.1964,76,24.47,0.3686,0.3071,54.42,22.86,1,7.5,1,0
STR-003200,TreatmentA,B02,93.66,2.55,0.2713,389,62.61,0.2744,0.3864,20.77,21.35,3,5.66,0,0
STR-003201,TreatmentA,B03,106.51,1.27,0.2484,113,25.85,0.2804,0.5346,37.34,21.73,1,5.75,1,0
STR-003202,TreatmentB,B02,100.66,1.76,0.2297,577,20.45,0.2292,0.188,32.17,8.79,2,8.25,0,1
STR-003203,TreatmentA,B03,109.55,1.54,0.2471,107,29.42,0.4412,0.3868,36.2,37.48,1,6.42,1,1
STR-003204,TreatmentB,B03,101.02,1.07,0.2849,78,55.54,0.3084,0.2144,41.78,27.42,2,7.45,0,1
STR-003205,TreatmentB,B01,93.26,1.87,0.2242,182,35.9,0.5562,0.3714,30.28,23.88,2,9.66,1,1
STR-003206,TreatmentA,B03,105.67,2.7,0.2728,241,24.59,0.597,0.4845,40.73,29.82,3,5.42,0,1
STR-003207,Control,B01,111.67,1.76,0.2321,224,33.39,0.369,0.4547,29.48,18.16,6,7.64,1,1
STR-003208,TreatmentA,B02,100.74,2.86,0.1969,498,35.14,0.667,0.2498,29.41,30.37,1,7.22,1,0
STR-003209,TreatmentB,B03,133.26,1.7,0.2291,471,8.35,0.0838,0.3946,57.73,20.23,4,6.57,0,0
STR-003210,Control,B03,93.08,2.71,0.2272,177,11.14,0.3791,0.2853,58.37,20.92,3,6.2,0,1
STR-003211,Control,B03,126.79,1.89,0.241,523,43.75,0.3878,0.224,60.95,30.56,3,8.61,1,0
STR-003212,TreatmentA,B02,113.18,1.53,0.2645,165,43.57,0.2812,0.2466,64.0,24.66,1,6.62,0,1
STR-003213,Control,B02,64.7,1.89,0.2612,302,20.18,0.4143,0.337,63.94,17.41,1,6.4,0,1
STR-003214,Control,B01,109.84,1.61,0.205,297,52.96,0.293,0.3425,41.24,14.5,3,5.89,0,0
STR-003215,Control,B02,113.24,1.84,0.2816,318,34.1,0.1713,0.1439,47.58,16.92,2,7.78,0,1
STR-003216,TreatmentB,B02,119.25,2.3,0.2364,196,22.78,0.24,0.393,29.04,23.84,3,7.39,1,0
STR-003217,TreatmentA,B02,93.75,1.87,0.2389,313,33.83,0.1948,0.1863,22.75,25.49,0,4.64,1,0
STR-003218,Control,B02,86.15,2.31,0.2766,326,40.32,0.7752,0.5584,39.58,32.42,2,6.45,0,1
STR-003219,Control,B03,85.45,1.78,0.234,239,66.58,0.7127,0.2724,34.67,16.6,2,8.32,1,0
STR-003220,TreatmentB,B01,96.67,2.36,0.258,312,35.65,0.4391,0.4151,12.81,32.54,3,6.24,1,1
STR-003221,TreatmentA,B01,83.55,1.52,0.2297,129,59.22,0.4617,0.2649,35.84,10.21,1,7.78,1,0
STR-003222,Control,B01,97.51,3.09,0.2674,237,25.81,0.234,0.399,30.97,30.33,7,6.92,0,0
STR-003223,Control,B03,119.34,2.65,0.196,55,74.38,0.5914,0.3927,26.84,17.6,1,8.68,1,1
STR-003224,TreatmentA,B02,88.88,2.26,0.2933,169,43.97,0.6453,0.2377,22.78,36.06,1,5.84,0,0
STR-003225,TreatmentB,B03,120.38,0.95,0.2493,311,23.5,0.7136,0.3152,24.61,22.16,4,5.18,1,0
STR-003226,TreatmentB,B01,110.02,1.31,0.2373,402,14.02,0.1699,0.2518,13.19,23.64,2,7.77,1,0
STR-003227,TreatmentB,B02,105.06,0.79,0.2236,959,59.75,0.147,0.2177,14.16,30.82,1,7.3,1,1
STR-003228,TreatmentA,B02,75.45,1.65,0.2736,621,83.0,0.1457,0.3945,41.62,25.87,3,6.9,0,0
STR-003229,TreatmentA,B03,114.56,1.69,0.2339,247,41.87,0.4316,0.2325,41.89,22.99,1,5.24,1,0
STR-003230,TreatmentB,B02,90.31,1.1,0.261,459,49.12,0.2639,0.1473,79.42,27.65,0,8.28,0,1
STR-003231,TreatmentB,B03,104.15,2.27,0.2327,436,58.28,0.4545,0.1929,41.01,20.25,3,7.96,1,1
STR-003232,TreatmentB,B03,89.41,0.65,0.2506,480,59.62,0.5273,0.4048,15.29,20.97,5,10.17,1,0
STR-003233,TreatmentB,B01,96.24,1.38,0.2689,281,13.36,0.4117,0.1247,36.83,29.77,3,7.55,1,0
STR-003234,TreatmentA,B02,114.79,1.93,0.2412,174,13.25,0.3409,0.4967,56.87,30.23,3,7.57,0,1
STR-003235,TreatmentA,B01,100.48,1.76,0.2315,210,56.29,0.4149,0.2853,25.18,15.53,2,7.0,1,1
STR-003236,TreatmentB,B01,108.19,2.09,0.2499,151,19.58,0.516,0.2488,59.46,24.32,2,9.07,0,0
STR-003237,TreatmentA,B03,108.31,2.74,0.205,141,49.06,0.4222,0.213,14.82,23.85,5,7.95,1,1
STR-003238,TreatmentB,B01,89.67,3.66,0.2384,476,78.11,0.4185,0.171,22.84,42.07,3,7.75,0,1
STR-003239,Control,B03,88.21,1.93,0.2425,440,40.26,0.5364,0.1561,29.51,17.43,3,5.46,0,0
STR-003240,Control,B02,78.59,2.11,0.2004,239,60.32,0.4943,0.1086,38.37,22.2,3,6.95,1,0
STR-003241,Control,B02,95.33,2.25,0.2461,145,28.52,0.2951,0.351,22.91,29.47,2,6.07,0,0
STR-003242,TreatmentB,B02,88.93,1.28,0.2664,240,22.6,0.4742,0.4083,11.56,17.45,1,8.6,1,0
STR-003243,TreatmentB,B03,77.9,2.28,0.2195,135,41.2,0.4064,0.1615,49.44,21.07,1,7.51,1,1
STR-003244,Control,B02,103.61,2.26,0.2565,447,32.28,0.4543,0.174,30.26,18.82,1,8.11,1,0
STR-003245,Control,B03,108.01,1.56,0.3096,255,18.27,0.5193,0.2613,37.49,8.5,1,6.07,0,1
STR-003246,Control,B03,66.75,2.44,0.2216,300,95.22,0.421,0.3465,36.03,30.8,1,6.24,0,1
STR-003247,TreatmentA,B02,72.57,1.32,0.2642,599,16.6,0.3451,0.3452,23.59,23.72,3,7.17,0,1
STR-003248,Control,B02,127.95,3.49,0.261,200,69.69,0.3893,0.5457,40.66,29.76,3,7.86,0,0
STR-003249,TreatmentB,B01,106.14,0.87,0.2409,163,19.15,0.4832,0.3094,31.53,29.82,0,7.91,1,0
STR-003250,TreatmentB,B02,107.95,2.65,0.2323,508,19.14,0.5419,0.3379,37.12,17.09,1,7.07,0,1
STR-003251,TreatmentA,B03,94.98,0.9,0.186,376,40.46,0.4431,0.2465,55.3,30.4,3,7.26,0,1
STR-003252,Control,B02,91.66,2.87,0.2382,192,17.76,0.5166,0.3706,56.08,29.53,3,6.31,0,1
STR-003253,TreatmentB,B01,123.13,1.08,0.2351,234,56.66,0.1824,0.2815,11.55,35.78,2,8.07,1,1
STR-003254,Control,B03,85.46,1.68,0.234,337,26.79,0.229,0.252,31.68,25.21,3,4.85,1,1
STR-003255,TreatmentA,B03,125.69,2.48,0.2286,44,11.58,0.3682,0.344,47.74,34.76,1,6.5,0,1
STR-003256,Control,B03,88.27,2.03,0.2935,84,25.19,0.1921,0.1869,40.95,34.13,0,4.95,0,1
STR-003257,Control,B02,112.53,2.78,0.1751,130,48.62,0.11,0.2398,45.23,18.85,3,7.09,1,1
STR-003258,TreatmentA,B03,83.46,1.72,0.2263,224,17.43,0.2545,0.2564,40.36,13.98,5,7.31,1,1
STR-003259,Control,B02,120.81,2.67,0.2094,188,45.8,0.5364,0.2124,44.45,20.89,4,8.12,1,0
STR-003260,Control,B02,89.61,3.15,0.2452,548,170.29,0.5512,0.2298,35.19,20.01,3,5.81,1,0
STR-003261,TreatmentA,B02,82.41,1.76,0.2632,180,32.69,0.4682,0.2887,33.77,26.84,3,7.58,1,0
STR-003262,TreatmentB,B02,81.5,1.3,0.2177,557,15.52,0.6335,0.3423,29.63,32.21,3,9.13,1,0
STR-003263,TreatmentB,B03,99.4,1.79,0.2689,218,39.05,0.211,0.1915,42.01,32.51,3,5.55,0,1
STR-003264,TreatmentB,B02,118.87,1.85,0.2112,148,26.49,0.5021,0.5692,9.67,23.47,1,6.25,1,1
STR-003265,TreatmentA,B02,71.73,1.37,0.2208,554,7.22,0.3711,0.2962,17.34,20.41,2,5.68,1,1
STR-003266,TreatmentB,B03,108.66,2.2,0.2747,261,90.01,0.1675,0.2369,24.9,21.12,2,5.19,0,1
STR-003267,TreatmentB,B02,105.94,3.15,0.1888,277,11.91,0.5149,0.1848,23.03,35.68,2,7.02,0,1
STR-003268,TreatmentB,B03,106.76,1.63,0.2541,221,36.15,0.2206,0.3493,8.37,27.54,1,7.62,1,1
STR-003269,TreatmentA,B02,125.65,1.55,0.2864,528,22.72,0.5955,0.1064,38.13,33.05,5,8.97,0,0
STR-003270,TreatmentA,B01,68.67,2.26,0.254,106,35.45,0.3194,0.2882,31.06,10.99,2,7.09,0,1
STR-003271,TreatmentA,B03,101.51,1.61,0.2384,505,16.34,0.1432,0.1248,56.63,19.85,1,7.84,0,1
STR-003272,TreatmentB,B03,122.01,1.14,0.2611,152,43.21,0.4289,0.4462,12.3,36.51,3,6.04,1,1
STR-003273,TreatmentA,B01,90.0,1.88,0.3091,448,25.59,0.3218,0.3083,52.43,24.06,2,6.03,0,1
STR-003274,TreatmentB,B03,109.63,2.83,0.2414,324,67.0,0.1715,0.3793,20.28,26.44,1,4.64,0,0
STR-003275,Control,B01,97.1,2.52,0.3006,311,54.64,0.4645,0.3246,23.81,21.36,2,4.59,0,0
STR-003276,TreatmentA,B01,94.02,2.75,0.2174,139,42.94,0.1912,0.1276,60.75,23.53,0,5.38,0,1
STR-003277,TreatmentA,B03,111.46,3.58,0.2184,157,65.46,0.3884,0.3232,31.78,10.84,2,5.22,0,0
STR-003278,TreatmentA,B02,103.0,2.7,0.236,299,15.1,0.4162,0.2133,49.45,14.22,5,7.26,0,1
STR-003279,TreatmentA,B01,99.41,2.48,0.1914,652,83.93,0.5259,0.4649,26.16,17.86,3,4.95,1,1
STR-003280,TreatmentB,B02,112.8,0.89,0.1954,53,39.1,0.4631,0.1536,40.64,17.84,3,7.0,1,1
STR-003281,TreatmentA,B01,91.14,1.54,0.2522,414,76.16,0.353,0.1734,54.97,25.95,4,6.3,1,1
STR-003282,TreatmentA,B03,86.16,3.77,0.1942,120,17.57,0.4987,0.1492,18.0,35.3,0,4.68,0,0
STR-003283,TreatmentA,B03,89.81,3.88,0.2114,221,35.79,0.7359,0.2911,21.75,24.83,1,7.54,0,1
STR-003284,TreatmentA,B01,78.29,1.4,0.2254,197,24.92,0.3823,0.1867,22.31,22.9,4,8.05,0,1
STR-003285,TreatmentB,B01,95.72,3.87,0.2119,141,37.41,0.3736,0.1451,26.25,30.52,6,7.52,0,1
STR-003286,TreatmentA,B01,89.17,3.14,0.2559,378,96.75,0.4824,0.1365,57.39,23.34,2,4.63,0,0
STR-003287,Control,B01,111.62,2.76,0.2819,511,13.13,0.5385,0.358,50.99,31.02,2,7.82,0,1
STR-003288,TreatmentA,B03,110.72,1.77,0.2505,394,16.23,0.3916,0.5489,27.91,35.56,2,6.43,1,1
STR-003289,TreatmentB,B01,76.21,1.72,0.2177,514,58.61,0.5797,0.5317,19.54,22.78,1,6.94,1,1
STR-003290,TreatmentA,B03,115.48,3.4,0.2385,147,52.74,0.3504,0.2328,57.81,18.97,5,6.13,0,1
STR-003291,Control,B03,101.47,1.31,0.2379,691,56.13,0.2917,0.3036,48.62,32.1,2,7.37,0,1
STR-003292,TreatmentB,B03,110.46,2.47,0.2884,489,27.72,0.3881,0.2916,31.77,34.3,5,5.68,0,1
STR-003293,Control,B01,129.19,1.83,0.2232,371,10.75,0.5447,0.1569,24.52,43.18,7,7.61,1,0
STR-003294,TreatmentA,B02,82.17,2.63,0.2107,456,27.74,0.5298,0.3332,19.59,27.59,2,6.63,1,1
STR-003295,TreatmentB,B02,87.63,1.41,0.2149,201,54.48,0.4976,0.1941,50.78,16.68,0,6.19,1,0
STR-003296,TreatmentB,B01,85.88,2.31,0.2922,327,32.79,0.3756,0.4067,12.18,26.65,3,5.51,0,0
STR-003297,TreatmentB,B03,92.19,1.39,0.2449,519,76.38,0.4235,0.1528,21.81,24.95,2,5.3,1,0
STR-003298,TreatmentB,B01,90.32,2.56,0.2455,156,36.15,0.2913,0.2848,13.29,31.12,6,7.59,1,0
STR-003299,Control,B03,120.87,1.66,0.2275,424,40.2,0.3318,0.4112,47.82,29.65,3,6.54,0,1
STR-003300,TreatmentA,B03,111.84,1.7,0.2853,171,49.46,0.5429,0.1326,43.28,16.84,1,7.84,0,0
STR-003301,Control,B02,87.16,1.53,0.3195,410,48.01,0.6952,0.2972,32.87,32.7,3,7.7,0,1
STR-003302,TreatmentB,B01,96.52,2.29,0.2537,625,18.64,0.268,0.4486,25.02,22.58,2,6.99,0,0
STR-003303,Control,B02,103.63,2.62,0.2541,563,42.95,0.312,0.4167,40.81,24.06,3,7.12,0,1
STR-003304,TreatmentB,B02,98.36,1.82,0.2366,112,21.38,0.4725,0.2671,41.03,24.98,2,7.16,0,1
STR-003305,TreatmentB,B01,108.9,1.43,0.2735,229,56.31,0.3081,0.3481,33.49,25.06,2,5.47,0,0
STR-003306,TreatmentB,B03,96.13,1.22,0.2982,299,66.89,0.3106,0.2133,12.19,16.2,5,4.6,1,0
STR-003307,TreatmentA,B01,72.96,1.89,0.2467,249,33.21,0.394,0.2329,40.96,22.64,4,7.17,0,1
STR-003308,Control,B02,114.43,2.94,0.266,146,91.03,0.4707,0.31,45.9,17.81,3,7.84,0,1
STR-003309,TreatmentA,B03,99.87,3.18,0.2684,196,23.21,0.3374,0.2923,28.64,26.76,2,5.55,0,0
STR-003310,TreatmentA,B02,84.3,2.61,0.2663,159,39.27,0.5175,0.2674,56.5,11.7,2,7.33,0,1
STR-003311,TreatmentA,B03,93.66,2.17,0.229,140,37.47,0.3596,0.1917,15.9,17.64,1,11.08,1,0
STR-003312,TreatmentA,B02,82.48,1.29,0.1964,299,32.21,0.2261,0.3736,35.1,10.74,3,4.8,1,0
STR-003313,TreatmentB,B03,98.23,1.22,0.2174,308,105.05,0.453,0.5072,39.82,20.12,3,7.03,0,1
STR-003314,TreatmentB,B03,99.19,1.95,0.2145,301,33.11,0.4894,0.5131,21.37,27.67,1,9.2,0,1
STR-003315,TreatmentB,B02,113.1,2.6,0.2905,368,50.26,0.1953,0.3675,40.41,21.19,1,9.3,0,0
STR-003316,TreatmentB,B01,100.83,1.21,0.2423,177,38.82,0.4328,0.2657,9.74,22.18,7,6.69,1,1
STR-003317,Control,B03,75.35,3.34,0.1901,217,38.5,0.6336,0.4855,44.29,22.71,3,6.21,1,1
STR-003318,TreatmentB,B01,121.05,1.34,0.2303,259,45.95,0.6141,0.4454,34.02,34.47,2,7.06,0,1
STR-003319,TreatmentA,B02,137.53,1.68,0.1607,319,22.55,0.5392,0.4134,71.03,28.16,2,7.8,1,1
STR-003320,TreatmentB,B01,102.45,2.16,0.1994,266,32.02,0.3226,0.4462,19.09,33.72,1,6.15,1,0
STR-003321,TreatmentA,B03,120.8,1.12,0.2302,187,13.49,0.5488,0.2711,41.24,27.94,0,7.07,1,1
STR-003322,TreatmentA,B03,87.79,1.92,0.2471,521,38.13,0.6026,0.1897,35.07,16.52,3,2.1,0,0
STR-003323,TreatmentB,B01,85.81,2.14,0.2086,167,39.63,0.2926,0.4905,50.65,36.57,0,7.43,0,0
STR-003324,TreatmentB,B01,116.93,2.02,0.2764,172,27.19,0.3059,0.2886,55.3,23.53,2,7.1,0,1
STR-003325,TreatmentA,B02,128.7,1.73,0.2659,292,22.48,0.537,0.1905,43.69,29.62,1,5.36,0,0
STR-003326,TreatmentA,B01,89.09,4.35,0.2429,50,23.96,0.2166,0.4212,54.87,24.57,3,8.19,0,0
STR-003327,TreatmentA,B02,104.67,1.72,0.2697,161,35.04,0.4179,0.2553,93.33,27.96,5,7.72,0,1
STR-003328,TreatmentA,B02,85.69,1.06,0.2442,290,35.17,0.22,0.3213,44.98,27.66,1,8.45,1,0
STR-003329,TreatmentB,B02,69.94,2.37,0.1548,383,30.02,0.3715,0.5005,37.26,26.06,2,6.06,1,0
STR-003330,Control,B01,118.33,2.51,0.2468,370,44.2,0.4581,0.326,33.25,19.33,1,8.37,1,1
STR-003331,TreatmentA,B01,75.09,2.33,0.2801,398,38.42,0.4239,0.4542,47.84,20.47,1,9.96,0,0
STR-003332,Control,B02,108.9,2.44,0.2718,69,64.74,0.4969,0.2691,57.36,23.9,3,6.16,0,1
STR-003333,TreatmentB,B03,89.34,1.57,0.2248,253,34.73,0.6506,0.3605,58.74,24.65,3,5.25,0,1
STR-003334,TreatmentA,B03,111.35,1.16,0.2797,204,31.44,0.6071,0.2467,51.65,20.58,1,7.06,1,0
STR-003335,TreatmentA,B01,98.8,2.88,0.1811,131,111.4,0.2928,0.4083,21.11,13.97,2,7.98,1,0
STR-003336,TreatmentB,B01,60.65,1.96,0.2347,99,15.42,0.3165,0.3183,30.85,22.29,6,9.23,0,0
STR-003337,Control,B01,90.3,1.78,0.2528,132,19.14,0.5175,0.4824,39.84,26.91,1,7.14,1,1
STR-003338,Control,B01,93.29,3.27,0.1872,674,11.82,0.2517,0.2778,39.41,32.33,3,7.07,0,1
STR-003339,TreatmentB,B03,96.69,1.15,0.2186,410,43.29,0.5205,0.5209,10.91,31.69,1,7.42,1,1
STR-003340,TreatmentA,B02,86.64,2.67,0.2513,221,31.03,0.5008,0.4684,37.17,29.74,2,5.77,1,1
STR-003341,TreatmentB,B03,104.6,1.45,0.2297,1137,31.32,0.5076,0.3706,19.66,19.59,0,8.12,1,1
STR-003342,Control,B03,102.88,2.11,0.2493,81,22.5,0.2628,0.3682,43.23,32.15,2,6.93,0,0
STR-003343,Control,B01,107.73,2.93,0.2186,312,42.92,0.3488,0.4009,21.93,27.48,1,7.61,0,0
STR-003344,Control,B01,110.74,1.68,0.1605,118,66.39,0.6038,0.1702,33.71,10.47,3,6.3,1,0
STR-003345,TreatmentA,B01,105.66,2.14,0.2099,91,17.41,0.5847,0.3095,36.81,29.12,2,7.8,1,1
STR-003346,Control,B03,100.2,2.36,0.238,290,45.16,0.2385,0.0798,59.32,25.37,1,8.2,0,1
STR-003347,TreatmentA,B02,83.91,2.08,0.2482,288,45.21,0.4181,0.2415,46.68,28.83,4,8.09,0,0
STR-003348,TreatmentA,B01,78.41,1.83,0.2772,161,14.25,0.3435,0.4346,35.96,23.32,1,6.57,0,0
STR-003349,Control,B03,101.73,2.41,0.2552,204,50.06,0.3056,0.4314,34.56,30.39,1,6.3,0,0
STR-003350,TreatmentB,B01,100.5,3.03,0.2644,453,82.76,0.4463,0.4121,38.18,28.68,0,5.47,0,0
STR-003351,TreatmentB,B02,104.11,0.88,0.2117,155,52.25,0.3606,0.3184,26.38,16.34,3,5.69,1,0
STR-003352,Control,B03,77.11,2.89,0.2726,170,46.91,0.5965,0.0936,56.52,22.54,3,9.01,0,0
STR-003353,TreatmentB,B01,96.31,1.58,0.2714,309,66.12,0.2703,0.288,18.9,21.82,2,8.4,1,0
STR-003354,TreatmentB,B01,121.48,1.3,0.2254,70,53.52,0.3886,0.3557,22.28,21.06,1,5.82,0,1
STR-003355,TreatmentB,B01,106.08,1.02,0.2154,402,24.27,0.2042,0.4596,21.65,29.59,4,9.4,1,0
STR-003356,Control,B03,87.51,1.5,0.2329,405,93.91,0.2958,0.1927,58.49,19.95,1,8.6,1,1
STR-003357,TreatmentA,B02,97.17,1.0,0.2326,357,68.75,0.3693,0.4905,50.25,25.19,1,7.0,1,1
STR-003358,TreatmentA,B01,115.3,2.14,0.2981,324,51.41,0.2422,0.2869,60.5,27.06,2,7.25,0,1
STR-003359,TreatmentA,B02,148.08,1.74,0.2059,458,21.78,0.3959,0.0861,79.25,27.02,2,7.39,1,0
STR-003360,TreatmentB,B02,109.32,1.44,0.2476,350,54.1,0.4943,0.3113,30.98,29.63,2,6.77,0,0
STR-003361,TreatmentB,B01,116.47,1.57,0.2904,327,12.11,0.4945,0.1874,20.26,19.26,3,6.15,0,0
STR-003362,TreatmentA,B03,91.14,2.26,0.1297,838,12.45,0.4611,0.3947,33.33,20.81,5,6.05,1,1
STR-003363,TreatmentA,B02,97.66,1.8,0.2506,221,46.0,0.5741,0.1375,52.98,22.4,1,4.56,0,0
STR-003364,Control,B02,98.25,3.93,0.2592,1127,42.92,0.2554,0.2724,37.9,18.35,5,8.77,0,1
STR-003365,TreatmentB,B03,99.74,2.34,0.2147,388,45.13,0.2378,0.3476,26.16,29.64,1,8.75,1,0
STR-003366,TreatmentA,B03,94.14,1.98,0.2153,168,24.07,0.3081,0.2059,24.5,27.2,4,10.05,1,0
STR-003367,Control,B03,85.69,2.91,0.2383,121,21.78,0.3438,0.2333,35.73,24.64,2,6.77,0,1
STR-003368,TreatmentA,B03,107.14,1.77,0.2007,219,34.52,0.4009,0.0806,20.94,24.15,3,6.54,1,1
STR-003369,Control,B02,80.6,3.26,0.1713,454,27.39,0.5205,0.3468,51.73,20.25,3,6.98,0,1
STR-003370,TreatmentA,B02,103.04,1.1,0.2918,238,29.95,0.5374,0.3248,43.72,28.23,3,7.82,0,1
STR-003371,TreatmentB,B03,68.07,1.63,0.224,386,67.25,0.2631,0.2237,24.28,15.44,1,6.82,1,1
STR-003372,TreatmentA,B02,113.29,3.42,0.1914,243,6.91,0.2652,0.2118,57.21,37.54,2,6.87,0,1
STR-003373,Control,B02,91.12,2.01,0.244,179,42.29,0.5644,0.2181,35.57,24.9,1,7.03,0,1
STR-003374,Control,B01,98.67,1.68,0.2402,281,27.45,0.543,0.3533,50.46,37.8,2,6.14,1,1
STR-003375,TreatmentA,B02,95.54,2.62,0.1635,761,81.3,0.3353,0.4513,28.51,10.83,1,7.04,1,1
STR-003376,TreatmentB,B02,118.64,1.75,0.1797,388,85.95,0.3269,0.3063,8.3,20.6,5,7.88,1,1
STR-003377,TreatmentA,B01,99.05,3.05,0.2862,96,23.94,0.1187,0.3113,39.78,18.18,2,9.42,0,0
STR-003378,TreatmentB,B01,95.15,1.54,0.2207,117,73.0,0.2755,0.5613,23.67,19.54,3,9.27,1,0
STR-003379,Control,B01,132.39,1.83,0.208,540,26.36,0.3397,0.3617,43.44,21.4,2,7.94,0,1
STR-003380,TreatmentA,B02,102.2,1.18,0.288,264,25.67,0.4446,0.5803,35.08,26.04,3,7.79,1,1
STR-003381,Control,B02,103.64,2.27,0.2314,239,28.74,0.5073,0.2485,49.11,26.57,6,7.83,0,0
STR-003382,TreatmentB,B03,110.71,0.71,0.2322,790,16.66,0.5561,0.1758,21.53,21.28,4,3.53,1,0
STR-003383,TreatmentB,B02,104.26,2.04,0.2978,706,13.21,0.5055,0.5796,60.67,19.03,2,7.89,0,1
STR-003384,Control,B03,105.08,2.44,0.2802,712,27.21,0.2851,0.2637,51.12,28.56,1,10.69,0,0
STR-003385,Control,B03,87.62,1.74,0.261,677,29.86,0.4784,0.1111,29.15,29.72,2,6.91,0,0
STR-003386,Control,B03,120.97,1.83,0.2402,552,27.12,0.2194,0.3182,61.4,24.34,2,4.18,1,0
STR-003387,Control,B01,108.2,1.46,0.289,127,30.85,0.394,0.5188,28.2,38.45,0,6.17,1,1
STR-003388,Control,B02,121.56,3.48,0.2396,188,59.95,0.1642,0.1338,47.03,4.33,1,6.86,0,1
STR-003389,TreatmentB,B01,120.38,2.86,0.266,162,124.26,0.4664,0.1062,20.59,36.04,3,9.31,0,0
STR-003390,TreatmentB,B03,120.11,1.89,0.2428,649,9.72,0.5492,0.3519,34.67,27.62,3,7.11,0,1
STR-003391,TreatmentA,B02,83.23,2.27,0.1767,731,30.56,0.416,0.1825,60.23,20.12,7,7.97,0,1
STR-003392,TreatmentB,B02,82.19,2.17,0.1755,181,19.94,0.6302,0.4478,17.82,24.41,2,6.72,1,1
STR-003393,Control,B02,121.19,2.61,0.2078,651,41.97,0.431,0.4949,20.24,25.16,2,7.54,1,1
STR-003394,Control,B02,86.49,1.98,0.2366,1142,73.67,0.219,0.3495,77.29,26.89,3,6.94,0,0
STR-003395,Control,B03,85.48,1.52,0.2427,369,61.71,0.2155,0.4685,40.43,17.02,2,4.03,1,0
STR-003396,TreatmentA,B02,95.69,3.03,0.2435,163,28.89,0.5098,0.118,35.32,30.41,2,7.77,0,1
STR-003397,Control,B02,125.31,1.7,0.2612,221,28.22,0.6427,0.5419,36.22,27.33,4,6.3,1,1
STR-003398,Control,B02,88.36,1.45,0.2974,477,259.79,0.4664,0.3693,25.41,18.31,3,8.36,0,0
STR-003399,TreatmentB,B03,95.16,1.19,0.2433,352,43.08,0.4657,0.4864,24.65,21.23,3,6.32,1,1
STR-003400,TreatmentB,B02,105.61,2.37,0.2879,372,39.77,0.4093,0.2391,17.81,12.22,0,5.7,0,0
STR-003401,Control,B03,90.85,2.14,0.2476,315,33.53,0.528,0.1953,43.55,39.71,4,6.0,0,0
STR-003402,TreatmentA,B01,72.44,1.71,0.1631,157,61.07,0.4669,0.2919,107.23,29.6,2,8.58,1,0
STR-003403,TreatmentB,B01,123.5,1.62,0.234,509,41.19,0.4306,0.596,21.73,32.15,1,7.3,1,1
STR-003404,Control,B01,108.1,2.34,0.2263,201,66.14,0.4354,0.3242,30.25,20.85,6,8.66,0,0
STR-003405,TreatmentA,B01,86.61,1.86,0.2428,304,36.54,0.4378,0.2556,31.57,23.14,2,4.33,1,0
STR-003406,TreatmentB,B01,95.08,1.52,0.2671,349,47.86,0.3477,0.3369,61.34,22.93,2,5.11,1,0
STR-003407,Control,B02,75.51,2.82,0.219,252,25.87,0.494,0.4027,36.94,23.32,4,4.64,1,0
STR-003408,Control,B01,112.69,1.85,0.2596,497,19.97,0.3955,0.3205,55.07,31.58,3,5.74,0,0
STR-003409,TreatmentA,B01,135.39,1.21,0.2226,113,23.5,0.3632,0.4886,41.04,21.07,5,5.9,1,0
STR-003410,TreatmentB,B03,96.75,2.01,0.2076,438,58.05,0.4023,0.2457,30.49,19.56,3,6.62,1,1
STR-003411,TreatmentB,B03,103.25,2.56,0.2076,292,44.69,0.6709,0.3092,44.52,33.8,3,7.31,0,1
STR-003412,TreatmentA,B02,94.26,3.15,0.2615,228,36.23,0.4023,0.2648,29.15,21.45,2,6.93,1,1
STR-003413,TreatmentA,B02,109.36,1.2,0.2515,252,6.83,0.4793,0.5031,28.85,30.15,1,5.91,1,1
STR-003414,TreatmentA,B03,87.02,2.14,0.2114,820,27.85,0.6024,0.5461,17.6,30.13,1,6.89,1,1
STR-003415,TreatmentA,B03,100.15,1.93,0.2547,373,56.86,0.3825,0.3228,18.72,26.28,2,5.14,0,0
STR-003416,TreatmentA,B02,114.72,1.64,0.2158,162,26.01,0.2291,0.2958,127.48,35.59,1,4.03,0,0
STR-003417,TreatmentA,B02,132.98,2.38,0.283,385,13.48,0.4727,0.4359,18.86,22.05,4,7.26,0,1
STR-003418,TreatmentA,B02,108.17,2.22,0.215,198,26.84,0.383,0.1813,26.73,17.31,1,8.14,1,1
STR-003419,TreatmentA,B02,83.13,3.21,0.2203,181,18.77,0.4003,0.3233,43.94,24.26,4,5.9,0,0
STR-003420,Control,B02,104.68,2.78,0.2427,102,31.87,0.4592,0.2382,30.8,31.45,5,8.67,0,0
STR-003421,Control,B02,96.33,1.92,0.1601,234,35.69,0.2873,0.439,49.54,14.35,3,7.65,1,0
STR-003422,TreatmentA,B01,84.09,2.28,0.2898,156,15.93,0.2801,0.4532,72.81,27.93,1,7.54,0,0
STR-003423,Control,B02,108.9,1.62,0.3103,95,13.82,0.5973,0.2454,47.38,28.59,6,5.88,0,0
STR-003424,TreatmentB,B02,110.71,1.46,0.2201,107,34.91,0.2692,0.2375,23.24,23.34,1,5.89,1,1
STR-003425,TreatmentB,B01,109.14,1.74,0.2165,260,23.86,0.4505,0.2519,53.1,19.91,1,7.06,1,1
STR-003426,TreatmentB,B02,111.39,2.37,0.162,420,16.0,0.3623,0.3278,6.57,19.56,3,4.89,1,0
STR-003427,TreatmentA,B03,104.48,1.24,0.275,269,11.54,0.4014,0.2395,55.71,24.13,4,6.95,1,1
STR-003428,TreatmentB,B01,104.02,3.29,0.2284,119,30.32,0.6859,0.3017,18.86,23.94,0,7.15,0,1
STR-003429,TreatmentB,B01,98.69,1.08,0.2709,128,32.26,0.4964,0.158,32.51,17.67,5,6.11,0,0
STR-003430,Control,B03,68.84,2.05,0.2713,96,37.52,0.4472,0.4315,41.48,25.65,1,5.62,0,1
STR-003431,TreatmentA,B01,87.78,1.74,0.2569,313,38.18,0.1669,0.4287,31.32,23.51,4,7.99,1,0
STR-003432,TreatmentB,B02,113.44,3.22,0.2611,212,27.14,0.4741,0.0947,21.91,25.65,0,4.73,0,0
STR-003433,Control,B01,104.27,2.47,0.2433,452,20.85,0.5199,0.3681,43.53,33.62,4,6.49,0,1
STR-003434,TreatmentA,B03,137.83,2.3,0.2442,393,26.87,0.4234,0.2437,11.29,19.7,0,5.64,1,1
STR-003435,TreatmentB,B03,110.64,2.2,0.2828,249,29.08,0.4277,0.063,47.72,24.09,3,7.94,0,1
STR-003436,TreatmentA,B03,53.81,2.24,0.2314,199,20.67,0.2851,0.239,36.3,16.52,4,6.06,0,0
STR-003437,TreatmentA,B03,124.31,2.35,0.2191,87,45.83,0.528,0.3983,28.56,15.79,5,7.12,1,1
STR-003438,TreatmentB,B03,58.55,1.4,0.2275,338,18.38,0.4248,0.2123,18.15,28.86,0,6.69,1,1
STR-003439,TreatmentA,B03,109.72,2.09,0.2012,350,18.86,0.2916,0.2317,34.45,19.91,2,7.71,0,1
STR-003440,Control,B02,101.9,1.89,0.1837,396,20.96,0.103,0.1101,32.73,33.83,3,6.99,1,1
STR-003441,Control,B03,93.97,2.82,0.2316,178,34.09,0.5524,0.2,33.61,11.74,3,5.32,0,0
STR-003442,TreatmentB,B02,100.36,1.31,0.1987,214,29.47,0.2833,0.2988,6.65,27.71,2,5.55,1,0
STR-003443,Control,B01,71.78,3.01,0.247,555,27.51,0.678,0.4953,37.71,22.86,0,8.26,0,1
STR-003444,TreatmentB,B02,101.2,1.45,0.2574,117,59.12,0.6149,0.3755,11.86,28.15,1,9.45,1,0
STR-003445,TreatmentA,B02,97.79,2.66,0.2234,147,20.51,0.3675,0.1159,22.79,25.27,1,9.43,1,0
STR-003446,TreatmentB,B02,100.63,1.7,0.2588,54,21.99,0.4526,0.211,15.86,12.27,2,7.91,1,0
STR-003447,TreatmentA,B02,86.17,2.42,0.2276,411,69.49,0.4833,0.3429,33.7,12.68,1,5.33,1,1
STR-003448,TreatmentB,B03,93.18,0.59,0.2541,193,53.3,0.4596,0.2855,16.8,22.01,0,10.95,1,0
STR-003449,TreatmentB,B01,101.8,0.79,0.2806,531,21.25,0.3413,0.1127,16.19,24.45,4,7.94,1,1
STR-003450,TreatmentB,B02,106.6,1.62,0.2395,312,22.25,0.4421,0.4835,19.59,16.51,3,7.41,1,1
STR-003451,TreatmentA,B01,103.04,1.81,0.228,488,38.23,0.2838,0.3663,62.03,36.87,4,5.62,0,0
STR-003452,TreatmentB,B02,100.66,1.28,0.2102,555,70.75,0.3416,0.3416,2.6,28.58,0,8.0,1,0
STR-003453,TreatmentB,B01,107.46,1.4,0.1846,215,112.58,0.3642,0.6872,7.02,32.63,4,6.1,1,1
STR-003454,TreatmentA,B02,109.54,2.9,0.2745,287,35.28,0.5091,0.3784,25.9,22.26,5,6.69,0,1
STR-003455,TreatmentA,B02,73.2,1.46,0.2584,212,6.97,0.7012,0.2001,25.73,28.37,2,6.47,1,0
STR-003456,Control,B02,124.27,1.99,0.2469,171,46.74,0.6296,0.3906,48.85,23.76,3,5.69,0,1
STR-003457,Control,B03,106.01,2.97,0.2631,370,31.43,0.5273,0.4817,33.36,25.1,1,6.31,0,1
STR-003458,TreatmentB,B02,104.5,0.82,0.2596,238,71.44,0.5912,0.2423,16.32,16.84,3,4.93,1,0
STR-003459,Control,B01,120.45,2.18,0.2229,102,17.08,0.3991,0.195,38.86,25.49,3,6.39,1,1
STR-003460,TreatmentB,B01,113.55,0.78,0.1953,216,112.53,0.5895,0.3553,43.4,28.69,6,6.56,1,1
STR-003461,TreatmentA,B02,108.97,2.49,0.2269,483,22.82,0.6092,0.1757,32.66,27.84,3,6.43,1,0
STR-003462,TreatmentB,B01,99.52,1.58,0.2784,570,15.96,0.213,0.1895,14.64,26.23,3,5.93,0,1
STR-003463,TreatmentB,B01,109.31,1.01,0.2945,183,10.58,0.5439,0.3538,32.29,17.03,2,6.48,0,1
STR-003464,Control,B01,104.27,2.91,0.2486,179,17.86,0.2833,0.2904,29.1,29.06,1,3.69,1,0
STR-003465,Control,B02,92.84,2.35,0.3015,107,34.38,0.342,0.1734,41.17,23.51,0,7.01,0,1
STR-003466,Control,B02,93.32,2.02,0.2101,201,15.8,0.5602,0.1564,35.38,32.43,6,7.91,0,0
STR-003467,Control,B03,85.66,2.91,0.249,166,29.52,0.2859,0.4355,48.9,29.09,2,4.67,0,0
STR-003468,Control,B02,105.41,2.23,0.2412,329,27.18,0.4344,0.2487,37.37,14.18,1,8.39,1,1
STR-003469,Control,B03,107.85,2.31,0.2103,177,22.08,0.4694,0.2794,89.88,10.28,4,7.11,0,1
STR-003470,TreatmentA,B03,71.59,2.57,0.2298,234,28.92,0.2862,0.3537,26.43,25.95,4,8.35,1,0
STR-003471,Control,B02,101.5,2.09,0.3298,139,93.65,0.4105,0.2404,46.57,21.35,1,6.05,0,0
STR-003472,Control,B01,107.23,1.74,0.2586,367,97.01,0.3004,0.4772,65.96,27.6,1,6.85,0,0
STR-003473,TreatmentB,B01,98.77,2.66,0.2848,220,12.26,0.2615,0.2888,24.02,36.75,4,6.12,0,1
STR-003474,Control,B01,114.22,1.57,0.2458,668,28.26,0.5121,0.038,31.24,28.61,3,8.42,1,0
STR-003475,Control,B02,137.95,1.48,0.2515,68,37.82,0.2832,0.2509,55.79,25.0,2,6.4,1,1
STR-003476,TreatmentA,B03,107.55,1.36,0.1869,374,15.65,0.4029,0.3011,24.7,19.48,3,9.8,1,0
STR-003477,TreatmentB,B03,110.69,1.56,0.2082,310,47.59,0.3807,0.272,17.93,20.11,0,7.78,1,1
STR-003478,Control,B01,114.41,1.95,0.2323,483,40.47,0.3792,0.2158,72.01,28.15,2,5.74,0,0
STR-003479,TreatmentA,B03,99.4,1.33,0.293,77,25.15,0.4779,0.6527,53.95,23.85,7,4.44,1,0
STR-003480,TreatmentA,B03,85.2,1.36,0.1831,257,32.29,0.2505,0.1612,11.72,28.61,1,6.72,1,1
STR-003481,TreatmentA,B03,94.24,1.88,0.2625,499,37.71,0.3546,0.3363,25.79,15.76,0,6.51,1,1
STR-003482,Control,B01,89.11,2.09,0.2561,284,22.69,0.4871,0.3947,21.15,9.69,3,6.32,0,1
STR-003483,Control,B02,108.48,2.31,0.1766,309,11.84,0.5564,0.4719,46.21,22.63,3,10.28,1,0
STR-003484,TreatmentB,B02,108.24,1.4,0.2166,113,14.06,0.24,0.4562,4.1,25.2,0,8.1,1,0
STR-003485,Control,B01,93.3,1.56,0.219,598,12.45,0.4829,0.2445,35.05,30.99,3,8.33,1,0
STR-003486,TreatmentA,B01,94.69,2.08,0.2434,121,49.07,0.4938,0.4734,24.04,18.56,0,6.69,0,1
STR-003487,Control,B02,119.39,3.26,0.2519,198,12.63,0.3565,0.4374,47.88,21.45,1,5.03,0,0
STR-003488,TreatmentA,B02,113.62,3.16,0.2459,181,35.0,0.5789,0.2676,29.03,22.87,3,8.25,0,0
STR-003489,Control,B01,102.01,2.14,0.2539,212,32.24,0.3362,0.2671,40.99,34.28,5,7.84,1,1
STR-003490,Control,B02,96.89,2.1,0.1892,369,43.67,0.5014,0.2024,49.46,23.26,1,5.48,1,0
STR-003491,Control,B01,75.89,3.47,0.2445,193,23.64,0.2038,0.6162,23.31,19.99,0,8.36,0,0
STR-003492,TreatmentA,B03,110.13,1.63,0.233,227,23.76,0.5392,0.1319,20.17,28.2,5,5.44,1,1
STR-003493,TreatmentA,B03,118.39,1.53,0.2741,275,47.54,0.6869,0.2561,42.41,25.88,5,4.7,0,0
STR-003494,TreatmentA,B01,103.07,2.16,0.2169,259,20.06,0.5161,0.3882,41.57,15.43,2,9.74,1,0
STR-003495,TreatmentB,B01,90.14,0.76,0.2704,649,30.56,0.3796,0.3948,17.39,22.97,1,8.78,1,0
STR-003496,TreatmentB,B03,84.83,1.59,0.2328,240,25.56,0.3588,0.2197,12.67,32.57,4,7.25,1,1
STR-003497,TreatmentA,B03,102.71,2.19,0.2133,324,60.84,0.3877,0.332,21.45,19.55,1,6.52,0,0
STR-003498,TreatmentA,B02,101.51,1.32,0.2252,831,41.45,0.4268,0.3034,31.2,32.63,3,7.45,1,1
STR-003499,Control,B03,62.38,2.48,0.2332,240,28.95,0.2517,0.4156,33.06,18.72,1,9.42,1,0
STR-003500,TreatmentA,B01,113.73,1.67,0.2317,379,42.27,0.184,0.2743,36.98,29.75,6,7.94,1,1
STR-003501,TreatmentA,B01,87.9,2.11,0.2437,231,69.57,0.3649,0.425,13.29,27.34,6,7.55,1,1
STR-003502,TreatmentB,B01,105.52,3.0,0.2624,181,26.49,0.2589,0.4249,49.39,38.91,5,9.09,0,0
STR-003503,TreatmentA,B03,85.77,1.49,0.2602,597,45.66,0.2085,0.2465,54.76,23.48,2,7.92,0,1
STR-003504,TreatmentB,B01,95.32,1.38,0.2541,389,32.43,0.5442,0.4186,24.69,20.69,4,8.46,0,0
STR-003505,TreatmentA,B03,94.43,1.47,0.1669,489,29.7,0.3293,0.2172,40.35,22.32,3,5.75,0,1
STR-003506,TreatmentB,B02,91.97,3.68,0.2341,373,62.06,0.6248,0.432,28.3,22.83,3,7.1,0,1
STR-003507,TreatmentA,B02,87.75,1.6,0.2037,83,12.05,0.6351,0.4099,17.47,21.35,0,5.99,1,1
STR-003508,TreatmentB,B02,76.03,1.41,0.2406,99,15.68,0.5217,0.2114,15.62,21.31,2,8.0,1,0
STR-003509,TreatmentB,B03,109.21,1.91,0.2604,112,29.36,0.24,0.184,42.55,16.81,4,6.34,0,1
STR-003510,TreatmentA,B01,101.75,2.58,0.2244,493,40.45,0.4167,0.3513,21.26,10.26,1,7.15,0,1
STR-003511,TreatmentB,B01,90.26,3.29,0.2048,195,17.83,0.4052,0.5643,29.8,31.2,3,6.81,1,1
STR-003512,TreatmentA,B01,93.95,2.04,0.2498,382,14.37,0.4464,0.1854,66.97,19.21,1,5.92,0,0
STR-003513,Control,B02,117.84,2.23,0.2276,340,25.17,0.219,0.5214,20.57,33.45,0,6.82,0,0
STR-003514,Control,B02,89.94,2.51,0.2231,880,26.18,0.2048,0.3569,19.1,26.37,2,7.9,1,0
STR-003515,Control,B02,79.55,1.54,0.2373,241,102.55,0.1182,0.4462,32.6,28.85,3,9.67,1,0
STR-003516,TreatmentA,B03,113.25,1.18,0.2294,415,34.14,0.2941,0.2757,29.83,24.1,0,6.98,1,1
STR-003517,Control,B01,100.23,2.98,0.2707,196,45.06,0.4302,0.4421,33.13,16.98,3,5.0,0,0
STR-003518,TreatmentA,B03,88.49,2.18,0.205,191,41.11,0.3551,0.4499,14.07,22.49,2,7.07,0,1
STR-003519,TreatmentB,B02,86.05,0.81,0.2133,369,20.14,0.5195,0.2974,23.03,25.95,4,7.02,1,0
STR-003520,TreatmentA,B01,125.74,1.58,0.2431,233,31.26,0.4741,0.2728,73.65,22.25,4,8.25,0,1
STR-003521,TreatmentA,B03,109.76,2.37,0.2554,153,20.99,0.2179,0.2814,16.43,18.61,1,5.98,0,0
STR-003522,TreatmentB,B03,125.32,0.74,0.1967,428,72.85,0.535,0.1224,28.58,19.92,0,5.93,1,0
STR-003523,Control,B02,100.85,1.77,0.27,107,41.26,0.2053,0.3606,48.27,27.99,2,8.9,0,0
STR-003524,Control,B01,117.05,2.64,0.2199,248,30.97,0.2764,0.3178,24.29,17.56,1,7.75,1,1
STR-003525,Control,B01,105.33,2.3,0.2872,310,15.15,0.229,0.2522,48.32,22.83,3,9.09,0,0
STR-003526,Control,B02,112.35,2.15,0.2122,237,44.26,0.3154,0.454,75.87,23.05,3,6.52,1,0
STR-003527,TreatmentA,B01,100.75,3.24,0.2638,280,7.85,0.1654,0.1745,20.44,30.37,2,5.85,0,1
STR-003528,TreatmentA,B03,109.57,2.01,0.2505,145,126.82,0.3955,0.1316,32.27,26.68,0,8.08,0,0
STR-003529,TreatmentA,B01,109.36,1.59,0.2349,361,16.66,0.2617,0.1633,30.65,16.02,4,8.16,1,1
STR-003530,TreatmentB,B03,90.5,0.96,0.2697,543,97.65,0.5911,0.1418,14.9,31.8,1,6.14,1,0
STR-003531,TreatmentB,B01,100.29,1.88,0.2114,362,40.2,0.3507,0.1764,20.44,17.26,2,6.81,1,1
STR-003532,TreatmentA,B01,88.32,2.22,0.256,440,68.72,0.3531,0.2083,47.73,29.12,2,7.26,0,1
STR-003533,TreatmentA,B02,98.99,2.3,0.2,186,89.47,0.3004,0.4078,21.78,38.74,3,9.9,1,0
STR-003534,Control,B01,97.49,1.75,0.2152,443,37.61,0.3469,0.2951,43.17,32.63,2,7.41,1,1
STR-003535,TreatmentB,B03,108.09,2.29,0.2404,247,54.79,0.3776,0.3541,82.2,27.87,1,8.06,0,1
STR-003536,TreatmentB,B02,92.75,2.45,0.1863,442,21.13,0.427,0.2833,14.3,17.4,6,6.71,1,1
STR-003537,TreatmentB,B03,106.22,1.51,0.2516,360,25.25,0.6407,0.2998,20.47,16.77,1,7.0,1,1
STR-003538,TreatmentA,B01,122.38,1.7,0.1699,156,66.6,0.368,0.2437,37.38,26.22,3,6.77,1,1
STR-003539,Control,B03,83.85,3.93,0.2733,192,18.84,0.2973,0.2805,24.74,20.26,5,6.46,0,0
STR-003540,TreatmentA,B02,95.03,2.31,0.2949,209,93.97,0.0592,0.3001,30.04,37.38,0,7.32,0,1
STR-003541,TreatmentB,B02,102.85,1.11,0.2398,110,46.36,0.2853,0.3169,27.53,27.09,2,6.07,1,1
STR-003542,TreatmentA,B02,103.83,2.97,0.2404,147,30.92,0.5046,0.2893,60.42,27.02,3,8.47,0,1
STR-003543,TreatmentA,B03,123.57,1.7,0.2474,181,17.07,0.3775,0.4148,22.49,32.0,3,6.16,0,1
STR-003544,TreatmentA,B01,75.83,1.71,0.189,229,61.16,0.4465,0.2523,27.12,7.41,2,6.43,1,1
STR-003545,TreatmentA,B02,112.74,2.05,0.2443,179,18.1,0.4604,0.1715,35.32,21.95,5,4.69,1,0
STR-003546,TreatmentB,B01,98.18,0.79,0.2854,154,64.29,0.5156,0.1865,36.59,26.57,0,4.95,1,0
STR-003547,Control,B01,98.98,1.81,0.2325,205,31.46,0.275,0.4078,24.06,15.51,3,9.11,1,0
STR-003548,TreatmentA,B01,115.48,2.5,0.2654,238,12.81,0.4092,0.2923,20.36,32.08,3,6.17,0,1
STR-003549,Control,B01,104.0,1.8,0.2274,116,26.71,0.4214,0.176,45.07,14.89,1,8.26,0,0
STR-003550,Control,B01,118.39,2.35,0.2368,356,33.11,0.3287,0.3195,80.16,34.43,3,6.7,0,1
STR-003551,Control,B02,119.24,3.06,0.2046,526,20.81,0.3983,0.3351,28.54,19.04,0,6.26,1,1
STR-003552,TreatmentA,B03,85.28,1.81,0.2764,260,63.32,0.5069,0.3268,47.66,29.95,2,7.46,0,1
STR-003553,TreatmentA,B03,94.34,2.76,0.1858,490,72.69,0.3486,0.3811,113.69,27.95,7,8.4,0,0
STR-003554,TreatmentA,B02,110.12,3.0,0.2445,634,32.78,0.2342,0.399,37.56,27.49,4,8.51,0,0
STR-003555,TreatmentA,B01,101.55,1.48,0.2173,200,51.22,0.4682,0.2431,36.82,25.69,2,7.77,1,1
STR-003556,Control,B01,74.14,2.5,0.2087,466,51.49,0.5513,0.1775,30.12,16.2,3,5.41,0,0
STR-003557,TreatmentA,B02,118.42,1.56,0.185,553,23.27,0.6147,0.5964,19.62,25.38,1,6.79,1,1
STR-003558,TreatmentA,B01,108.25,2.71,0.2308,844,28.93,0.4111,0.2123,19.42,30.75,2,8.11,1,0
STR-003559,TreatmentA,B02,97.75,3.11,0.2692,190,25.11,0.3369,0.3078,62.22,30.08,2,5.4,0,0
STR-003560,TreatmentA,B03,114.03,1.27,0.2802,287,11.02,0.3888,0.4596,48.42,16.2,0,6.21,0,1
STR-003561,TreatmentB,B03,105.51,2.33,0.224,219,40.04,0.2702,0.1868,13.08,27.62,1,7.76,0,1
STR-003562,TreatmentA,B02,90.76,1.92,0.2605,170,89.56,0.3901,0.4674,45.42,22.82,4,9.2,0,0
STR-003563,Control,B03,108.6,2.55,0.2639,342,14.46,0.3292,0.2257,45.5,15.51,4,9.19,0,0
STR-003564,TreatmentA,B02,92.84,2.17,0.203,939,37.2,0.338,0.3107,27.84,30.07,0,7.61,1,1
STR-003565,TreatmentB,B01,123.35,2.36,0.2393,236,34.62,0.4293,0.417,34.62,18.29,3,5.01,1,1
STR-003566,TreatmentA,B02,116.21,1.45,0.2174,202,25.45,0.6008,0.4773,7.08,13.81,3,5.6,0,1
STR-003567,TreatmentA,B01,102.79,1.47,0.2167,675,46.86,0.3255,0.476,21.66,20.79,2,5.46,1,0
STR-003568,Control,B03,101.41,2.36,0.2451,450,34.52,0.3162,0.0848,56.35,27.08,2,7.25,1,1
STR-003569,Control,B02,120.7,2.1,0.3485,252,45.23,0.6081,0.1772,46.73,31.4,1,7.75,0,0
STR-003570,Control,B01,100.55,2.46,0.2512,163,18.17,0.38,0.3288,43.95,25.75,4,6.93,0,1
STR-003571,TreatmentB,B03,69.0,1.97,0.2159,352,29.06,0.5564,0.3825,57.61,24.93,3,6.04,0,0
STR-003572,TreatmentA,B02,80.52,1.71,0.2992,388,68.2,0.4523,0.4528,30.65,27.13,3,6.2,0,1
STR-003573,Control,B01,86.29,2.25,0.2653,143,21.72,0.5357,0.1953,50.03,32.73,1,6.86,0,0
STR-003574,TreatmentA,B02,118.21,2.27,0.2407,307,22.31,0.4866,0.5594,57.85,24.6,1,6.58,0,1
STR-003575,TreatmentB,B02,88.61,0.64,0.2254,155,41.09,0.4854,0.4941,61.99,12.42,4,6.62,1,1
STR-003576,Control,B02,104.31,2.54,0.2273,279,19.03,0.5107,0.1514,39.02,25.89,5,7.05,0,0
STR-003577,TreatmentA,B03,107.82,3.54,0.3066,433,16.76,0.5353,0.3334,27.32,24.66,1,4.95,0,1
STR-003578,TreatmentB,B01,117.73,1.21,0.2218,165,47.54,0.4017,0.3496,25.31,29.14,2,5.6,1,1
STR-003579,TreatmentA,B01,82.79,1.83,0.2534,209,27.76,0.4382,0.147,63.77,27.64,3,6.92,0,1
STR-003580,TreatmentB,B03,92.88,1.72,0.2433,183,18.07,0.5661,0.3188,16.92,28.68,1,5.31,1,0
STR-003581,TreatmentA,B03,100.62,1.71,0.2571,278,51.44,0.135,0.1782,28.59,29.8,3,8.66,1,1
STR-003582,TreatmentB,B03,87.7,1.0,0.2512,343,15.65,0.2536,0.3017,16.6,18.16,2,5.53,1,1
STR-003583,TreatmentB,B01,123.17,1.92,0.1571,207,37.52,0.1688,0.3772,27.15,16.18,1,6.11,1,1
STR-003584,TreatmentA,B01,84.37,2.58,0.2474,525,67.01,0.3764,0.25,16.32,17.01,1,6.19,1,1
STR-003585,TreatmentB,B02,88.24,1.34,0.2175,296,26.25,0.5833,0.271,46.06,26.18,2,6.36,1,1
STR-003586,Control,B03,81.35,3.66,0.2854,204,22.22,0.5394,0.1262,31.67,16.8,1,6.76,0,0
STR-003587,TreatmentB,B02,113.63,1.0,0.2069,279,37.73,0.5343,0.1893,27.35,26.56,0,5.43,0,0
STR-003588,Control,B01,108.58,2.61,0.2417,555,18.7,0.3239,0.5519,39.25,23.41,3,7.18,0,0
STR-003589,TreatmentA,B01,144.1,1.97,0.266,339,36.14,0.3896,0.0982,42.76,31.35,1,6.86,1,1
STR-003590,Control,B03,103.4,1.91,0.2549,178,23.32,0.1945,0.3207,96.37,20.7,2,9.23,0,0
STR-003591,Control,B03,94.22,2.4,0.2382,361,22.77,0.6285,0.2713,51.29,27.72,2,5.89,0,1
STR-003592,Control,B02,115.27,3.03,0.2799,106,22.26,0.3717,0.1393,37.41,32.07,3,6.46,0,1
STR-003593,TreatmentA,B01,78.72,2.37,0.1625,109,31.71,0.4631,0.0865,17.0,26.82,2,7.36,1,1
STR-003594,Control,B01,112.89,2.23,0.1746,204,15.22,0.3729,0.2553,28.68,28.29,6,8.95,0,0
STR-003595,TreatmentB,B01,87.66,1.36,0.1997,291,40.55,0.1773,0.3053,44.64,31.56,3,7.36,1,1
STR-003596,Control,B01,118.37,2.05,0.1954,117,22.28,0.326,0.4351,28.6,20.03,2,6.78,1,1
STR-003597,TreatmentB,B03,84.71,2.77,0.2665,335,22.31,0.3992,0.2168,41.91,17.67,2,5.93,0,1
STR-003598,TreatmentA,B03,76.89,2.9,0.2681,199,26.95,0.5665,0.3112,19.71,15.4,4,7.45,1,1
STR-003599,TreatmentB,B01,101.4,2.26,0.2169,465,14.08,0.5333,0.2502,69.34,18.47,1,5.52,1,0
STR-003600,Control,B02,93.44,2.41,0.1724,273,63.18,0.6119,0.4021,26.5,28.17,2,6.88,1,1
STR-003601,TreatmentB,B03,103.5,0.73,0.2327,137,44.32,0.4192,0.17,34.36,24.81,1,6.25,1,1
STR-003602,TreatmentA,B02,146.68,3.02,0.2682,354,65.11,0.5593,0.5438,31.31,25.12,3,5.92,0,1
STR-003603,TreatmentA,B01,99.68,2.57,0.2353,241,86.5,0.4937,0.091,44.19,17.85,1,5.37,1,0
STR-003604,TreatmentB,B01,76.72,2.4,0.252,93,35.96,0.2626,0.396,5.91,19.53,0,8.3,0,0
STR-003605,TreatmentB,B02,103.52,0.91,0.2103,286,71.62,0.2357,0.2824,11.05,27.22,7,4.83,1,0
STR-003606,TreatmentA,B03,113.82,1.37,0.2425,315,47.48,0.4521,0.3731,14.36,23.32,2,5.7,1,0
STR-003607,TreatmentB,B02,83.59,2.11,0.2165,432,9.86,0.4891,0.3443,34.58,22.7,1,5.15,0,0
STR-003608,Control,B03,125.11,2.33,0.2213,200,38.13,0.2263,0.3773,24.08,17.31,4,7.61,1,1
STR-003609,TreatmentA,B03,105.51,3.56,0.264,185,87.2,0.1864,0.3281,34.7,28.74,2,7.15,1,1
STR-003610,TreatmentB,B01,88.53,1.15,0.2865,395,29.1,0.477,0.3144,17.41,28.06,4,7.22,0,1
STR-003611,TreatmentB,B01,87.97,1.88,0.268,123,62.43,0.4191,0.2669,14.03,25.85,3,6.36,1,0
STR-003612,TreatmentB,B02,89.32,1.15,0.1973,279,14.48,0.3596,0.3455,27.16,18.71,2,9.12,1,0
STR-003613,Control,B03,94.73,1.85,0.1898,42,35.69,0.597,0.2317,47.95,29.39,5,5.41,0,0
STR-003614,Control,B01,94.61,1.6,0.2456,163,22.16,0.593,0.4473,53.44,28.22,2,7.2,0,1
STR-003615,TreatmentA,B02,93.39,1.33,0.1991,587,33.91,0.3227,0.3312,88.35,31.35,4,8.65,0,0
STR-003616,TreatmentB,B02,82.82,1.35,0.2462,416,23.52,0.623,0.2738,60.26,24.46,3,7.5,0,0
STR-003617,TreatmentA,B02,93.98,1.48,0.1954,190,12.96,0.5102,0.1414,25.85,25.97,1,7.81,1,0
STR-003618,TreatmentA,B01,86.74,2.41,0.2542,157,20.56,0.2739,0.257,24.01,27.69,4,6.78,0,1
STR-003619,TreatmentB,B01,90.62,1.42,0.222,243,35.62,0.4832,0.1681,20.01,18.27,4,7.2,1,0
STR-003620,TreatmentB,B02,99.71,2.35,0.2269,401,22.02,0.4415,0.376,25.56,28.99,3,5.01,0,0
STR-003621,TreatmentA,B03,97.9,1.63,0.2448,268,27.52,0.2042,0.422,31.13,30.0,3,7.41,1,0
STR-003622,TreatmentB,B02,104.39,1.53,0.2487,359,37.79,0.7051,0.3397,40.69,30.68,2,7.34,1,1
STR-003623,TreatmentA,B01,119.49,3.5,0.2476,532,17.62,0.4829,0.0691,26.24,25.49,5,3.68,0,0
STR-003624,TreatmentB,B02,105.48,1.63,0.2966,135,59.25,0.4026,0.2616,23.05,13.43,2,10.37,1,0
STR-003625,TreatmentB,B03,101.28,1.13,0.2919,179,81.74,0.3607,0.5649,11.97,20.94,1,6.49,0,1
STR-003626,TreatmentB,B03,110.31,2.36,0.2045,128,43.08,0.458,0.1307,26.49,24.85,1,7.78,1,1
STR-003627,TreatmentB,B02,94.78,1.7,0.2917,751,23.21,0.3796,0.4361,30.19,25.24,2,5.42,1,0
STR-003628,TreatmentB,B03,107.5,1.87,0.2232,325,61.88,0.5808,0.312,17.79,13.27,2,6.4,1,1
STR-003629,TreatmentA,B02,99.97,1.32,0.2193,224,7.03,0.4534,0.3614,60.48,30.69,2,10.26,1,0
STR-003630,TreatmentA,B01,101.25,3.06,0.1844,431,53.44,0.4163,0.3194,46.24,30.35,3,4.84,1,0
STR-003631,Control,B02,120.16,2.23,0.1838,476,23.09,0.4591,0.1851,65.11,18.62,4,8.83,1,0
STR-003632,TreatmentB,B03,96.74,2.02,0.1604,510,16.59,0.3163,0.6312,22.53,28.36,1,9.49,1,0
STR-003633,TreatmentA,B02,107.53,1.7,0.2323,631,21.19,0.5242,0.2034,26.64,26.3,2,7.59,1,0
STR-003634,Control,B03,106.17,2.72,0.2783,309,44.37,0.5863,0.2665,41.21,19.05,1,7.26,0,0
STR-003635,TreatmentB,B01,82.12,2.37,0.2757,329,35.81,0.5486,0.3809,22.63,24.03,2,6.33,0,1
STR-003636,TreatmentA,B02,96.66,2.44,0.2364,776,19.29,0.5986,0.1978,28.39,17.35,5,6.16,0,0
STR-003637,TreatmentB,B02,114.88,1.54,0.2814,136,86.75,0.5222,0.1008,14.31,31.85,3,7.01,1,0
STR-003638,Control,B01,130.96,2.1,0.2364,252,12.49,0.5112,0.3475,24.92,15.68,2,6.36,1,1
STR-003639,TreatmentB,B01,97.7,1.81,0.2712,1176,60.9,0.5129,0.1538,36.88,34.97,3,5.93,1,0
STR-003640,Control,B03,117.91,2.38,0.2282,175,35.03,0.3012,0.5431,87.12,29.89,3,6.79,0,1
STR-003641,Control,B03,85.05,2.73,0.2151,483,40.3,0.1612,0.2209,34.48,24.19,0,6.65,0,1
STR-003642,TreatmentB,B02,108.02,2.54,0.2131,284,60.67,0.4385,0.629,19.36,24.81,2,4.69,0,0
STR-003643,TreatmentB,B01,105.21,1.33,0.2862,218,9.71,0.3111,0.2285,19.82,14.55,0,9.81,1,0
STR-003644,TreatmentB,B01,103.49,2.27,0.2488,327,52.65,0.506,0.354,19.74,29.81,0,4.94,1,0
STR-003645,Control,B03,106.62,2.44,0.2366,807,36.04,0.4119,0.2809,29.85,19.76,2,8.57,0,1
STR-003646,TreatmentA,B03,99.98,1.74,0.2285,325,48.5,0.4686,0.4785,24.09,25.2,6,7.82,0,0
STR-003647,Control,B01,115.55,2.73,0.2384,369,89.99,0.5889,0.317,40.51,21.34,2,4.07,0,0
STR-003648,TreatmentA,B02,78.71,1.88,0.2433,119,34.92,0.3531,0.4017,23.81,17.48,1,5.9,0,1
STR-003649,TreatmentB,B01,102.72,3.22,0.26,292,17.16,0.3302,0.1672,7.22,19.72,0,4.75,0,1
STR-003650,Control,B03,108.18,1.57,0.2723,205,21.54,0.5003,0.374,56.06,32.39,5,6.33,0,1
STR-003651,TreatmentA,B01,131.37,1.56,0.2437,365,30.12,0.5331,0.4286,41.31,36.88,7,9.53,0,0
STR-003652,Control,B03,124.13,2.48,0.2419,223,32.16,0.3149,0.3219,60.61,21.62,2,8.27,0,1
STR-003653,Control,B02,113.09,2.29,0.2219,339,24.35,0.4348,0.2473,83.42,29.12,2,8.69,0,0
STR-003654,TreatmentA,B03,101.87,3.73,0.2679,307,19.29,0.3741,0.3078,39.86,40.56,1,5.19,0,1
STR-003655,TreatmentA,B01,74.93,1.13,0.22,728,45.16,0.4249,0.1691,56.36,27.02,3,5.5,1,0
STR-003656,TreatmentA,B03,89.18,2.13,0.1717,202,16.48,0.6577,0.1138,27.63,17.51,3,8.59,1,0
STR-003657,Control,B03,111.6,1.37,0.2508,348,19.97,0.4555,0.1893,47.08,23.03,3,6.12,0,0
STR-003658,TreatmentA,B03,81.32,1.68,0.2426,294,44.04,0.4197,0.3655,30.74,32.22,3,5.61,1,0
STR-003659,Control,B01,95.24,2.69,0.2605,604,41.24,0.3027,0.3545,45.03,36.58,2,4.78,0,0
STR-003660,TreatmentB,B01,113.11,2.62,0.2804,771,24.66,0.2176,0.3965,36.38,26.5,5,7.16,0,0
STR-003661,TreatmentA,B02,98.71,3.17,0.2429,401,37.46,0.4304,0.4258,31.39,21.58,3,5.66,0,1
STR-003662,TreatmentA,B03,96.52,1.77,0.188,324,25.08,0.4487,0.2084,38.63,15.04,1,8.76,1,0
STR-003663,Control,B02,96.71,3.69,0.2819,198,51.83,0.348,0.1769,42.33,33.33,1,8.9,0,0
STR-003664,Control,B01,111.24,2.04,0.1945,286,28.23,0.3929,0.1825,46.94,22.77,1,8.3,1,1
STR-003665,TreatmentA,B02,113.91,3.0,0.2823,246,111.31,0.5516,0.5023,38.42,13.04,4,6.08,1,1
STR-003666,TreatmentA,B01,100.16,1.48,0.228,146,63.79,0.3831,0.4006,66.83,26.12,2,8.14,0,0
STR-003667,TreatmentA,B03,76.54,0.91,0.2337,346,16.04,0.2663,0.2991,30.37,23.56,3,6.05,1,0
STR-003668,TreatmentB,B03,90.05,1.04,0.2342,215,79.46,0.3307,0.2576,21.25,27.21,2,8.7,1,1
STR-003669,Control,B03,93.27,2.93,0.287,422,37.09,0.4576,0.3169,94.51,25.19,2,5.49,0,1
STR-003670,TreatmentA,B01,87.17,2.22,0.255,356,18.19,0.5625,0.3763,42.08,27.63,5,4.3,0,0
STR-003671,TreatmentB,B03,103.82,1.79,0.239,1039,41.74,0.4108,0.4923,9.5,5.47,3,6.98,1,0
STR-003672,TreatmentB,B02,134.28,1.66,0.2433,537,48.68,0.5958,0.3169,20.71,26.08,4,6.76,1,1
STR-003673,Control,B03,110.35,1.94,0.2562,310,22.48,0.3717,0.2763,34.15,23.41,3,5.41,1,0
STR-003674,TreatmentB,B02,94.4,4.1,0.2806,753,18.85,0.3568,0.2784,27.1,25.13,4,9.33,0,0
STR-003675,TreatmentA,B01,104.9,2.9,0.1741,240,86.33,0.3416,0.3353,17.62,31.1,1,6.88,0,1
STR-003676,TreatmentA,B02,96.46,1.12,0.1646,82,56.97,0.3626,0.3371,72.99,29.73,0,6.85,1,1
STR-003677,TreatmentA,B01,100.32,1.96,0.1744,333,41.29,0.5092,0.2577,45.72,26.49,1,7.61,1,0
STR-003678,Control,B02,121.06,1.16,0.2792,1127,55.25,0.3006,0.2425,38.82,25.85,6,7.22,0,1
STR-003679,Control,B02,101.98,2.31,0.309,250,36.73,0.5067,0.1103,36.48,28.62,2,6.39,0,1
STR-003680,TreatmentB,B02,100.57,1.0,0.2434,435,26.83,0.4119,0.4976,18.54,39.7,2,4.38,1,0
STR-003681,TreatmentA,B02,71.69,1.84,0.2931,205,33.66,0.5682,0.4689,47.69,24.79,1,6.64,0,1
STR-003682,TreatmentA,B01,91.45,2.2,0.2661,103,20.89,0.3056,0.2241,62.5,33.43,1,6.93,0,1
STR-003683,TreatmentB,B03,89.01,3.65,0.2649,404,34.2,0.2986,0.1765,21.26,20.14,1,10.38,0,0
STR-003684,TreatmentA,B03,119.87,1.11,0.2243,191,122.07,0.1874,0.1853,41.54,14.26,3,7.14,1,1
STR-003685,TreatmentB,B01,104.06,1.77,0.2865,235,65.33,0.6514,0.4013,12.17,32.75,2,8.04,1,1
STR-003686,TreatmentA,B01,98.75,1.55,0.2672,396,26.66,0.4169,0.2783,32.37,27.6,2,6.76,1,1
STR-003687,TreatmentB,B02,91.05,1.79,0.2732,571,39.97,0.3773,0.2647,22.93,13.4,4,5.64,0,0
STR-003688,TreatmentA,B03,112.21,1.87,0.2722,354,23.83,0.3059,0.3359,14.79,26.43,1,7.08,0,1
STR-003689,Control,B02,100.67,2.75,0.232,104,53.06,0.4532,0.0823,30.11,28.69,3,6.35,1,0
STR-003690,TreatmentA,B03,92.77,1.2,0.1709,224,25.04,0.4119,0.1853,28.89,28.05,2,8.34,1,1
STR-003691,TreatmentB,B01,69.4,2.62,0.2513,222,12.06,0.3227,0.2229,16.95,24.72,1,8.94,0,1
STR-003692,TreatmentB,B02,68.63,1.64,0.2273,318,17.41,0.3904,0.318,11.28,25.43,1,7.07,1,1
STR-003693,TreatmentA,B03,100.06,1.49,0.2835,350,97.1,0.4007,0.3963,31.51,28.04,2,5.84,1,1
STR-003694,Control,B02,92.19,1.78,0.211,247,48.23,0.3076,0.2807,32.1,31.74,1,6.09,1,1
STR-003695,TreatmentB,B02,86.71,0.97,0.2598,602,16.95,0.7148,0.3668,43.83,32.79,5,8.21,0,1
STR-003696,TreatmentA,B03,95.87,1.77,0.277,618,33.76,0.3811,0.2232,38.37,18.17,0,7.11,0,1
STR-003697,TreatmentB,B03,89.54,1.42,0.3079,370,63.84,0.5017,0.2448,7.82,29.35,1,9.04,0,1
STR-003698,TreatmentB,B01,108.31,2.34,0.309,291,33.25,0.2074,0.2511,29.7,18.42,2,8.17,0,1
STR-003699,TreatmentB,B01,95.89,1.18,0.2545,102,19.49,0.731,0.5023,36.29,21.08,4,7.41,0,1
STR-003700,Control,B01,112.78,1.37,0.2395,309,53.75,0.3765,0.2098,36.67,23.86,1,8.66,1,1
STR-003701,TreatmentB,B02,91.91,1.21,0.2735,311,36.53,0.7221,0.2865,28.45,16.23,0,6.91,1,1
STR-003702,TreatmentA,B01,83.28,2.82,0.2543,335,16.79,0.4293,0.2847,29.55,30.38,2,7.83,0,1
STR-003703,TreatmentA,B03,119.03,2.67,0.256,66,54.18,0.481,0.3247,31.63,19.31,1,7.84,0,1
STR-003704,TreatmentA,B01,130.72,1.59,0.174,172,25.41,0.1665,0.3408,23.49,28.89,0,6.47,1,1
STR-003705,TreatmentB,B01,99.56,3.03,0.2074,264,23.04,0.5095,0.2913,21.24,33.19,3,3.75,1,0
STR-003706,TreatmentB,B02,63.53,2.11,0.2483,105,16.9,0.4368,0.3048,55.91,12.89,4,6.74,0,1
STR-003707,Control,B01,109.58,1.92,0.23,232,40.05,0.316,0.4849,86.26,27.38,0,7.02,0,0
STR-003708,TreatmentA,B02,115.68,1.48,0.2535,153,28.32,0.254,0.1041,21.22,14.21,0,6.47,1,1
STR-003709,Control,B03,94.28,1.96,0.1985,776,24.27,0.4666,0.4579,63.24,23.49,2,8.66,0,1
STR-003710,Control,B02,71.34,2.66,0.2286,461,6.25,0.2399,0.2461,34.41,28.01,5,7.94,0,1
STR-003711,TreatmentB,B01,90.56,1.28,0.2791,538,46.03,0.5049,0.2824,20.7,10.32,5,6.41,1,1
STR-003712,TreatmentA,B03,79.01,2.73,0.2314,109,52.7,0.6205,0.2807,33.82,25.86,3,6.09,0,1
STR-003713,TreatmentA,B01,120.24,1.7,0.2396,60,42.24,0.3138,0.2637,30.94,18.63,3,8.55,0,0
STR-003714,TreatmentA,B01,90.05,2.87,0.2242,304,25.3,0.4539,0.2552,47.47,15.31,1,9.2,0,0
STR-003715,TreatmentA,B02,72.64,1.91,0.2124,366,11.95,0.0524,0.197,64.72,32.59,4,7.57,0,1
STR-003716,TreatmentB,B02,91.29,1.04,0.1708,136,20.94,0.6919,0.1578,6.12,23.43,1,6.51,1,0
STR-003717,Control,B03,86.3,2.35,0.1643,176,9.53,0.5177,0.4833,41.29,20.63,1,8.05,1,1
STR-003718,TreatmentA,B01,61.68,2.18,0.2701,241,48.6,0.4389,0.1212,50.03,22.2,2,5.98,0,1
STR-003719,TreatmentB,B02,126.2,0.63,0.198,159,18.61,0.5041,0.1679,3.33,14.29,3,6.67,1,1
STR-003720,TreatmentB,B02,105.23,1.67,0.268,268,60.79,0.6122,0.517,13.42,32.81,1,9.49,1,1
STR-003721,Control,B03,93.53,1.53,0.2181,351,49.02,0.5312,0.3084,31.77,24.8,4,8.53,0,0
STR-003722,TreatmentB,B01,114.9,0.49,0.1778,417,43.81,0.2908,0.3195,23.49,24.31,2,8.19,1,1
STR-003723,Control,B01,88.8,2.41,0.2687,315,89.38,0.2027,0.2719,32.01,14.25,2,7.65,0,0
STR-003724,Control,B02,126.57,3.39,0.2885,240,13.47,0.5484,0.1605,36.73,23.15,0,6.72,0,0
STR-003725,TreatmentA,B02,86.23,1.8,0.2889,184,21.39,0.455,0.3284,40.29,34.64,3,7.43,0,1
STR-003726,TreatmentA,B01,139.59,1.63,0.2649,122,47.7,0.3138,0.3599,40.84,24.16,4,4.75,0,0
STR-003727,TreatmentA,B02,122.99,1.41,0.1736,202,91.66,0.2698,0.3488,35.31,30.27,3,7.04,1,0
STR-003728,Control,B02,101.5,3.49,0.2355,130,27.89,0.3088,0.3721,33.65,31.32,6,8.29,0,0
STR-003729,Control,B03,106.22,2.11,0.2474,379,60.69,0.4545,0.33,38.9,29.95,0,6.01,0,1
STR-003730,Control,B01,92.42,4.18,0.2261,126,23.42,0.3141,0.3837,37.83,25.53,0,7.72,0,1
STR-003731,Control,B03,93.39,1.48,0.2337,415,11.87,0.5694,0.4131,56.23,19.27,3,8.04,1,1
STR-003732,Control,B03,93.81,3.09,0.2879,322,41.36,0.462,0.4221,36.48,18.46,2,3.46,0,0
STR-003733,Control,B03,87.55,2.16,0.2009,179,24.71,0.2068,0.2673,26.83,28.19,4,6.32,0,1
STR-003734,Control,B03,83.39,1.82,0.2177,886,30.42,0.4016,0.2865,39.45,29.35,3,6.2,0,1
STR-003735,Control,B01,103.23,2.95,0.1703,487,5.41,0.4103,0.2552,45.64,22.7,0,6.59,1,1
STR-003736,TreatmentA,B01,106.85,1.43,0.2022,434,30.09,0.1633,0.3876,30.3,20.38,3,9.62,0,0
STR-003737,Control,B03,85.2,1.8,0.2458,284,66.53,0.4839,0.1259,45.32,30.1,1,7.11,0,0
STR-003738,TreatmentB,B02,67.63,1.77,0.2797,296,62.81,0.3352,0.2775,54.14,24.1,5,7.26,0,0
STR-003739,TreatmentB,B02,100.65,1.39,0.2361,213,83.09,0.5448,0.2483,11.21,29.7,2,7.34,1,0
STR-003740,TreatmentB,B02,102.69,2.36,0.2328,144,40.12,0.395,0.3926,34.98,16.98,5,5.63,0,0
STR-003741,TreatmentB,B01,106.71,1.35,0.1608,241,67.67,0.566,0.2,3.62,28.92,4,6.96,1,0
STR-003742,Control,B03,106.37,1.21,0.2055,105,20.28,0.4824,0.5074,63.14,33.22,3,4.95,1,1
STR-003743,Control,B01,88.99,1.99,0.2652,158,57.77,0.2081,0.4502,75.78,15.81,5,7.77,0,1
STR-003744,TreatmentB,B01,83.74,1.0,0.239,497,58.06,0.1959,0.6782,37.18,20.82,3,5.84,1,0
STR-003745,TreatmentB,B02,87.85,1.67,0.2398,413,46.65,0.3938,0.5047,32.77,19.62,1,7.57,0,0
STR-003746,TreatmentA,B03,87.27,2.39,0.2151,619,39.89,0.1886,0.1925,27.04,31.92,0,6.37,1,1
STR-003747,TreatmentA,B03,99.8,2.82,0.238,440,34.43,0.1406,0.3129,36.53,24.01,4,8.75,0,1
STR-003748,Control,B03,129.66,2.1,0.2493,308,20.64,0.3131,0.4525,56.32,28.37,4,7.89,1,0
STR-003749,Control,B02,106.9,2.53,0.2958,231,24.69,0.3927,0.428,111.98,22.79,4,6.36,0,1
STR-003750,TreatmentB,B03,108.0,2.0,0.2545,444,96.54,0.3196,0.2743,22.84,31.78,2,6.28,1,0
STR-003751,TreatmentA,B02,89.38,1.96,0.2846,422,12.47,0.3107,0.2378,32.92,30.68,3,7.32,1,1
STR-003752,TreatmentB,B01,90.43,2.11,0.2785,274,26.54,0.1789,0.1398,28.07,24.66,3,6.96,1,1
STR-003753,TreatmentA,B01,88.13,2.52,0.2933,323,16.61,0.4445,0.4555,26.52,37.25,2,6.65,0,1
STR-003754,TreatmentB,B01,87.61,1.29,0.2655,114,17.36,0.5441,0.3495,9.24,25.53,3,7.72,0,1
STR-003755,TreatmentA,B02,116.34,3.17,0.2243,216,17.94,0.2772,0.1977,13.69,18.94,1,6.04,0,1
STR-003756,TreatmentB,B03,114.51,1.17,0.265,296,20.17,0.4382,0.368,49.07,20.44,4,7.81,0,0
STR-003757,Control,B03,86.49,2.49,0.2037,516,57.59,0.2949,0.3463,44.93,16.11,2,7.62,0,0
STR-003758,TreatmentA,B02,97.38,2.41,0.2289,298,55.72,0.6287,0.1456,42.35,19.54,4,7.89,1,0
STR-003759,Control,B03,88.36,2.03,0.2184,297,39.49,0.3281,0.1658,50.64,33.9,3,5.68,1,1
STR-003760,Control,B02,91.3,1.93,0.1594,204,12.91,0.5815,0.1428,39.52,18.98,1,5.91,1,0
STR-003761,TreatmentA,B03,93.63,2.38,0.2288,188,65.9,0.3944,0.2854,85.66,24.09,7,5.51,0,0
STR-003762,TreatmentB,B02,65.54,3.04,0.2946,300,41.05,0.6287,0.1518,43.28,18.48,1,4.14,0,0
STR-003763,Control,B03,114.53,2.13,0.2676,238,23.12,0.4027,0.1859,37.58,35.37,3,8.09,0,0
STR-003764,TreatmentB,B02,109.51,1.66,0.1893,580,86.89,0.3865,0.2221,16.91,28.07,0,7.79,1,1
STR-003765,TreatmentB,B03,89.46,1.77,0.2031,292,146.12,0.552,0.4617,16.42,23.74,1,5.76,1,1
STR-003766,Control,B01,91.38,3.2,0.2616,300,47.22,0.4521,0.2578,98.14,19.15,0,8.0,0,0
STR-003767,Control,B03,59.76,1.3,0.2667,728,87.18,0.3491,0.1047,42.68,18.73,4,6.79,0,1
STR-003768,Control,B02,89.33,2.48,0.2267,299,27.62,0.3927,0.425,38.77,37.26,2,7.18,1,1
STR-003769,TreatmentB,B03,126.93,2.58,0.2447,80,20.3,0.6103,0.164,15.25,18.46,3,6.82,1,0
STR-003770,TreatmentB,B02,117.65,1.44,0.1637,890,44.96,0.584,0.3451,11.09,33.92,1,5.71,1,1
STR-003771,Control,B02,91.24,2.89,0.2158,277,38.94,0.1762,0.2755,42.92,17.13,1,7.08,1,1
STR-003772,TreatmentA,B03,79.29,2.62,0.2303,123,15.6,0.2749,0.2966,44.17,20.53,1,6.98,0,1
STR-003773,Control,B02,111.87,2.36,0.2197,643,8.98,0.563,0.1996,38.84,18.45,1,7.94,0,1
STR-003774,TreatmentB,B01,96.48,1.1,0.2247,1670,52.28,0.3981,0.3494,53.27,32.55,0,6.92,1,1
STR-003775,TreatmentA,B02,101.95,2.55,0.2659,644,41.61,0.2831,0.2214,56.66,25.12,2,7.02,1,1
STR-003776,TreatmentB,B01,113.34,2.5,0.2504,243,53.22,0.3808,0.4142,8.14,30.75,1,7.07,0,1
STR-003777,TreatmentB,B03,104.12,1.56,0.2158,251,46.5,0.6274,0.2906,20.54,20.41,2,7.78,1,1
STR-003778,Control,B01,76.16,1.8,0.177,108,9.1,0.2024,0.4253,24.17,32.81,1,3.87,1,0
STR-003779,TreatmentA,B01,101.06,1.77,0.1799,253,41.24,0.3453,0.3086,41.79,23.2,2,6.8,1,1
STR-003780,TreatmentB,B01,104.49,1.66,0.2802,125,37.1,0.4299,0.2204,32.28,12.34,2,7.79,0,1
STR-003781,TreatmentB,B03,88.51,1.04,0.2855,126,42.29,0.2135,0.225,8.93,37.81,4,6.82,1,1
STR-003782,Control,B02,87.06,2.57,0.3012,193,59.39,0.4312,0.4582,25.66,28.54,3,5.37,0,0
STR-003783,TreatmentA,B03,126.34,1.2,0.3027,196,23.16,0.1023,0.4437,35.51,34.39,4,5.19,1,0
STR-003784,TreatmentA,B01,105.1,2.47,0.2804,238,31.36,0.36,0.4877,23.33,22.48,4,7.97,0,0
STR-003785,Control,B03,117.8,1.49,0.2652,181,41.24,0.305,0.3961,61.4,28.01,4,8.51,0,0
STR-003786,TreatmentB,B02,72.92,1.49,0.2197,717,79.2,0.6213,0.4136,28.19,36.94,3,7.16,1,1
STR-003787,TreatmentA,B02,88.49,2.53,0.2043,541,29.47,0.5197,0.2374,23.35,23.08,5,6.05,0,0
STR-003788,Control,B03,103.85,2.36,0.1627,1401,51.24,0.49,0.1354,67.7,28.11,3,8.39,1,0
STR-003789,Control,B02,119.79,3.47,0.2484,230,10.8,0.5411,0.4507,66.35,31.85,4,4.88,0,0
STR-003790,Control,B03,101.9,2.54,0.238,127,43.22,0.3589,0.385,42.89,21.52,1,8.17,1,1
STR-003791,TreatmentB,B01,82.77,1.21,0.2237,279,38.26,0.6766,0.199,24.92,20.61,3,7.29,1,0
STR-003792,TreatmentA,B02,86.45,2.29,0.2033,898,34.4,0.4453,0.2485,44.49,31.51,2,6.79,0,1
STR-003793,TreatmentA,B02,127.95,1.51,0.2234,404,27.59,0.3837,0.1145,56.94,19.4,3,5.21,0,0
STR-003794,TreatmentB,B03,91.73,0.82,0.2348,119,84.96,0.5225,0.2523,4.17,18.62,3,7.13,1,1
STR-003795,TreatmentA,B01,105.97,1.61,0.268,197,24.88,0.4123,0.1052,41.53,26.97,1,6.93,1,1
STR-003796,TreatmentA,B02,78.31,1.77,0.22,242,53.81,0.4354,0.35,19.03,26.89,1,4.64,0,0
STR-003797,TreatmentA,B02,128.09,2.37,0.239,417,46.91,0.4243,0.1735,25.18,25.82,2,7.24,1,1
STR-003798,TreatmentA,B02,113.18,3.11,0.2145,256,20.89,0.426,0.2836,31.06,21.5,1,5.98,0,0
STR-003799,Control,B03,67.67,1.58,0.2136,246,44.94,0.4092,0.3978,104.26,26.27,2,5.45,0,0
STR-003800,Control,B01,92.73,2.58,0.2144,460,12.03,0.345,0.4572,61.14,17.29,2,4.87,0,0
STR-003801,Control,B02,104.17,3.17,0.2434,244,23.05,0.2666,0.4107,30.89,16.72,4,5.43,0,0
STR-003802,TreatmentB,B02,93.45,1.35,0.2256,266,74.92,0.4494,0.1982,35.51,23.38,0,6.46,1,1
STR-003803,Control,B01,94.04,2.39,0.1712,376,40.26,0.4775,0.2852,27.46,22.73,3,3.13,1,0
STR-003804,TreatmentB,B01,90.53,1.21,0.2721,307,29.79,0.1669,0.1826,17.14,18.69,2,6.44,1,1
STR-003805,TreatmentA,B01,96.09,1.88,0.319,296,37.06,0.6207,0.5636,47.13,15.98,2,5.81,0,1
STR-003806,Control,B01,104.58,1.81,0.1995,159,67.42,0.4129,0.2763,71.05,13.54,1,7.46,1,1
STR-003807,Control,B03,96.39,1.72,0.2628,288,12.18,0.3463,0.1935,33.91,29.95,7,6.89,1,1
STR-003808,Control,B03,77.77,3.32,0.2363,176,49.76,0.3018,0.2788,103.46,38.37,1,8.18,0,1
STR-003809,Control,B02,94.97,1.92,0.2529,410,65.96,0.5606,0.264,33.01,20.06,2,5.89,0,1
STR-003810,TreatmentA,B01,86.72,1.66,0.2698,160,38.42,0.5172,0.1256,31.1,40.78,1,4.75,1,0
STR-003811,Control,B02,105.83,1.81,0.1897,429,12.56,0.3826,0.2712,46.79,15.46,4,8.57,1,0
STR-003812,Control,B02,61.82,2.21,0.2963,228,22.88,0.2543,0.3059,30.39,26.71,0,5.74,0,0
STR-003813,Control,B03,89.91,2.13,0.2511,152,28.88,0.2975,0.5617,64.8,18.34,2,7.91,0,0
STR-003814,Control,B02,94.63,3.65,0.2492,160,21.1,0.5702,0.38,41.64,30.82,1,6.18,0,1
STR-003815,TreatmentA,B02,98.58,2.65,0.2244,262,36.92,0.5294,0.3325,44.52,20.32,2,7.32,0,1
STR-003816,TreatmentA,B02,120.45,1.42,0.2451,168,21.42,0.5155,0.4753,39.92,24.55,0,8.85,0,1
STR-003817,TreatmentA,B01,113.63,3.29,0.2309,233,53.98,0.3808,0.2222,41.29,24.97,5,4.95,0,0
STR-003818,Control,B03,105.23,1.52,0.2467,179,101.81,0.3517,0.3279,31.43,30.52,5,6.73,0,1
STR-003819,Control,B03,98.72,4.42,0.2356,228,20.29,0.4135,0.2063,34.75,25.4,2,5.06,0,0
STR-003820,Control,B03,88.03,2.75,0.2626,369,13.47,0.3818,0.2032,23.79,25.54,3,3.81,0,0
STR-003821,Control,B02,91.94,3.03,0.1635,259,62.11,0.5938,0.2159,22.41,15.6,2,10.4,0,0
STR-003822,TreatmentB,B02,111.63,0.85,0.1915,244,47.63,0.4552,0.2636,32.54,25.04,2,8.95,1,0
STR-003823,TreatmentA,B01,124.94,1.01,0.229,265,31.0,0.4474,0.3588,15.56,23.79,4,7.44,1,1
STR-003824,TreatmentB,B03,93.49,1.8,0.2303,457,34.35,0.4586,0.3154,43.82,20.87,3,7.42,0,1
STR-003825,TreatmentA,B02,104.96,1.35,0.1872,253,15.37,0.4521,0.4226,36.1,28.47,3,8.87,1,0
STR-003826,TreatmentB,B02,76.77,0.77,0.29,340,21.22,0.4998,0.522,11.33,16.54,2,4.71,1,0
STR-003827,TreatmentA,B03,98.05,2.17,0.2497,420,61.16,0.3993,0.4262,42.35,23.88,3,4.33,1,0
STR-003828,TreatmentA,B01,85.47,2.1,0.2301,232,17.44,0.4286,0.1413,8.55,22.4,4,4.38,1,0
STR-003829,TreatmentB,B03,109.95,3.89,0.2065,958,9.81,0.4158,0.2329,32.91,24.84,3,8.06,1,0
STR-003830,TreatmentB,B01,82.98,0.72,0.2051,292,29.43,0.4319,0.2097,27.5,19.14,2,7.68,1,0
STR-003831,TreatmentB,B01,100.78,2.58,0.2316,204,83.36,0.373,0.3077,22.83,21.24,5,7.38,0,0
STR-003832,Control,B03,85.17,1.87,0.2021,90,58.68,0.3701,0.2523,91.02,19.77,1,6.05,0,1
STR-003833,TreatmentA,B01,86.45,3.48,0.2225,189,36.95,0.3243,0.4359,28.85,15.11,0,6.94,0,0
STR-003834,TreatmentA,B01,95.8,1.63,0.3214,248,46.89,0.4452,0.0749,41.54,25.18,2,5.23,0,0
STR-003835,TreatmentB,B01,96.61,0.57,0.185,321,13.83,0.1991,0.2719,16.46,24.51,3,6.51,1,1
STR-003836,TreatmentA,B03,88.96,1.6,0.217,182,45.68,0.4154,0.1234,22.24,13.32,2,7.74,1,1
STR-003837,TreatmentA,B03,99.4,1.69,0.21,381,25.34,0.3714,0.1806,16.31,20.7,0,7.88,1,1
STR-003838,Control,B03,105.98,4.72,0.3019,408,80.88,0.337,0.4356,27.52,17.25,4,7.25,0,0
STR-003839,TreatmentB,B01,105.54,1.52,0.2498,303,20.49,0.3754,0.1658,6.05,24.0,7,4.26,1,1
STR-003840,Control,B03,87.17,2.48,0.2102,427,24.68,0.4081,0.4838,38.0,22.58,1,8.63,1,1
STR-003841,TreatmentB,B02,99.3,1.1,0.2339,241,9.72,0.4516,0.1893,45.7,25.19,2,9.17,0,0
STR-003842,TreatmentB,B03,103.19,0.57,0.2996,189,42.4,0.4611,0.1957,19.19,15.38,0,5.75,1,0
STR-003843,TreatmentB,B02,61.13,0.8,0.2074,294,36.17,0.1112,0.1884,20.15,28.96,1,8.22,1,1
STR-003844,TreatmentA,B02,124.57,1.97,0.2856,521,11.79,0.5269,0.225,32.6,21.59,4,2.67,0,0
STR-003845,TreatmentB,B02,97.0,1.9,0.238,273,44.86,0.5809,0.3554,55.23,29.33,0,6.04,0,1
STR-003846,TreatmentB,B02,103.66,2.04,0.2518,355,51.15,0.2011,0.4426,40.58,23.28,0,6.4,0,0
STR-003847,TreatmentA,B02,87.6,2.32,0.2954,292,27.51,0.4776,0.4073,30.06,22.1,6,5.29,0,1
STR-003848,TreatmentB,B02,99.82,0.9,0.1848,249,71.12,0.4266,0.2501,6.09,24.07,2,9.11,1,0
STR-003849,TreatmentB,B03,81.14,2.6,0.3031,171,22.19,0.474,0.4415,36.31,29.61,2,6.82,0,1
STR-003850,Control,B02,113.29,4.32,0.2593,120,11.15,0.5091,0.1981,86.93,13.31,1,8.21,0,0
STR-003851,TreatmentB,B02,111.19,3.49,0.2468,283,29.58,0.2627,0.2419,24.92,26.5,2,6.69,0,1
STR-003852,TreatmentA,B03,115.15,3.71,0.1851,305,45.49,0.2528,0.2887,23.16,19.67,5,6.87,1,0
STR-003853,TreatmentB,B02,90.79,2.26,0.2413,878,35.63,0.1768,0.1984,28.09,22.62,3,7.3,0,1
STR-003854,TreatmentA,B02,102.91,2.25,0.2371,202,41.46,0.2896,0.409,22.25,26.08,3,5.85,0,0
STR-003855,TreatmentA,B02,93.16,2.21,0.2409,167,26.56,0.6078,0.4467,27.03,17.54,1,9.16,1,1
STR-003856,Control,B03,85.22,2.53,0.2557,133,29.64,0.5865,0.3172,26.06,19.11,3,6.6,0,1
STR-003857,TreatmentB,B01,69.93,2.31,0.2928,176,19.32,0.2573,0.2943,31.27,25.24,2,6.28,0,1
STR-003858,TreatmentA,B02,88.91,1.56,0.2725,331,13.19,0.569,0.4583,79.04,32.57,1,7.76,0,1
STR-003859,TreatmentB,B03,96.95,2.06,0.1994,497,41.9,0.6509,0.3487,33.46,30.36,3,6.13,1,0
STR-003860,TreatmentA,B01,101.52,1.75,0.2264,94,11.51,0.3914,0.2906,55.37,28.46,1,5.87,0,0
STR-003861,TreatmentA,B03,118.04,1.68,0.2082,159,36.32,0.2415,0.2911,55.87,14.93,0,9.38,1,0
STR-003862,TreatmentB,B02,93.99,2.35,0.21,290,67.41,0.3243,0.7133,20.44,40.87,3,5.94,1,0
STR-003863,TreatmentA,B02,70.82,1.42,0.2976,300,32.78,0.2507,0.5343,21.15,26.01,0,5.28,0,0
STR-003864,Control,B03,119.1,2.11,0.244,205,21.53,0.1977,0.2857,95.65,26.41,1,6.65,0,0
STR-003865,TreatmentB,B01,92.79,0.43,0.1642,291,48.83,0.3687,0.4155,34.07,27.56,3,4.88,1,0
STR-003866,TreatmentB,B01,114.99,1.28,0.1326,312,33.21,0.3451,0.471,112.64,36.8,0,6.69,1,1
STR-003867,Control,B03,102.44,2.37,0.2879,195,34.1,0.4528,0.4693,67.74,24.6,4,5.03,0,1
STR-003868,TreatmentA,B03,81.44,4.55,0.2889,230,69.83,0.3283,0.2296,21.89,22.6,4,7.2,0,1
STR-003869,TreatmentA,B01,97.69,1.34,0.199,510,96.31,0.4219,0.2159,47.23,28.49,4,7.91,1,1
STR-003870,TreatmentB,B02,81.01,0.81,0.2751,307,41.26,0.4473,0.1861,33.49,32.34,2,7.64,1,1
STR-003871,Control,B02,88.39,2.3,0.2453,391,130.29,0.5028,0.1589,38.76,20.72,4,6.41,0,0
STR-003872,Control,B02,84.63,1.78,0.2047,764,24.85,0.3372,0.3135,38.56,29.5,4,6.55,0,1
STR-003873,TreatmentA,B01,105.81,2.6,0.2382,231,37.34,0.5052,0.179,73.89,17.44,2,5.25,0,0
STR-003874,TreatmentA,B01,103.97,2.96,0.2315,67,18.92,0.6295,0.2399,90.76,14.65,1,6.53,0,0
STR-003875,TreatmentB,B03,100.26,1.38,0.2507,92,37.61,0.1204,0.2156,42.82,31.13,3,3.93,1,0
STR-003876,TreatmentB,B02,95.44,2.99,0.2714,224,61.25,0.3693,0.3914,18.99,29.98,2,7.14,0,0
STR-003877,TreatmentA,B03,100.16,1.72,0.1888,148,32.24,0.3855,0.2497,38.14,15.34,2,6.68,1,1
STR-003878,TreatmentA,B01,109.83,1.13,0.2223,163,30.87,0.4435,0.2143,37.1,26.63,2,7.7,1,0
STR-003879,Control,B03,100.44,2.37,0.2608,517,26.26,0.4683,0.359,29.31,25.65,2,6.54,0,1
STR-003880,TreatmentB,B03,96.29,2.05,0.2403,253,15.21,0.3573,0.3622,6.34,28.06,3,6.64,1,1
STR-003881,TreatmentB,B01,127.64,1.92,0.2691,276,31.92,0.2225,0.1636,25.32,19.75,1,9.13,0,1
STR-003882,Control,B01,81.7,4.55,0.2345,260,51.19,0.5684,0.3276,72.23,25.58,3,5.87,0,1
STR-003883,TreatmentB,B03,108.62,1.5,0.2291,336,29.54,0.3873,0.4201,9.31,29.51,2,4.65,0,0
STR-003884,TreatmentB,B02,99.37,0.62,0.2467,105,35.56,0.4835,0.3281,7.47,37.31,6,7.13,1,1
STR-003885,TreatmentB,B01,132.28,0.7,0.2666,886,38.77,0.2252,0.1382,13.18,25.11,0,9.38,1,0
STR-003886,TreatmentB,B03,105.74,2.92,0.2135,447,15.24,0.578,0.4893,27.21,21.88,1,4.36,1,1
STR-003887,TreatmentA,B01,100.05,1.6,0.2038,538,8.87,0.4705,0.3491,42.23,23.58,1,6.5,0,1
STR-003888,TreatmentA,B01,100.99,3.82,0.2436,236,16.91,0.7445,0.4069,88.22,25.22,3,7.69,0,1
STR-003889,TreatmentB,B01,106.24,1.13,0.2015,188,34.87,0.6252,0.468,23.77,25.33,1,5.91,1,1
STR-003890,TreatmentB,B02,96.93,1.19,0.2296,243,98.16,0.4425,0.3738,24.72,10.83,3,6.18,1,1
STR-003891,Control,B03,77.13,2.04,0.1849,321,80.08,0.3426,0.2821,53.1,18.17,3,7.29,0,1
STR-003892,Control,B02,104.04,1.82,0.2222,209,27.33,0.3834,0.5362,66.31,24.45,0,7.05,1,0
STR-003893,TreatmentA,B01,98.62,2.93,0.2072,483,14.41,0.4321,0.3901,25.78,11.61,2,5.61,0,1
STR-003894,TreatmentB,B01,81.01,0.72,0.2478,163,55.8,0.7427,0.3851,5.74,33.09,4,4.82,1,1
STR-003895,TreatmentB,B03,110.96,0.89,0.1981,343,26.33,0.4426,0.1723,22.95,8.97,1,4.4,1,0
STR-003896,TreatmentA,B01,125.73,2.66,0.1861,278,27.91,0.5284,0.3562,77.51,16.76,3,10.16,0,0
STR-003897,Control,B01,96.16,1.85,0.2371,92,21.7,0.2973,0.3688,41.54,31.17,4,6.88,0,1
STR-003898,Control,B03,94.99,2.36,0.2467,743,5.42,0.5005,0.4714,44.89,19.36,0,6.92,0,1
STR-003899,Control,B02,156.08,2.92,0.2267,185,15.84,0.3289,0.2608,37.07,15.38,5,7.51,0,0
STR-003900,Control,B03,100.9,1.48,0.2407,463,13.83,0.4576,0.431,51.21,15.16,2,5.67,1,1
STR-003901,TreatmentB,B02,92.25,1.14,0.2145,537,97.99,0.4643,0.6812,17.05,28.58,4,6.91,1,1
STR-003902,TreatmentB,B02,102.69,1.0,0.2686,859,43.44,0.5627,0.3315,6.24,12.79,4,9.09,1,0
STR-003903,Control,B01,110.04,2.91,0.2115,226,31.43,0.3203,0.2245,31.07,34.5,5,8.34,1,0
STR-003904,TreatmentA,B01,104.26,1.64,0.2181,464,23.21,0.2489,0.3794,36.28,30.0,2,6.6,1,0
STR-003905,Control,B01,100.99,3.26,0.2122,277,50.39,0.5209,0.2081,44.56,20.28,2,7.57,0,1
STR-003906,TreatmentB,B02,99.64,0.64,0.2687,175,15.78,0.5162,0.3514,60.53,32.31,0,6.84,1,1
STR-003907,Control,B02,92.3,3.35,0.2237,590,21.35,0.2964,0.3509,61.51,23.87,2,6.66,0,1
STR-003908,Control,B03,110.52,2.9,0.2366,176,16.72,0.4808,0.3607,39.93,14.03,9,7.76,0,1
STR-003909,Control,B01,106.98,1.95,0.2789,171,30.84,0.2608,0.1922,61.98,25.55,3,6.99,0,1
STR-003910,TreatmentA,B01,94.73,1.95,0.2827,127,12.86,0.3849,0.3425,46.61,21.39,1,7.97,0,1
STR-003911,TreatmentA,B02,116.08,1.77,0.2615,283,44.82,0.3907,0.5433,66.55,19.14,3,8.94,0,0
STR-003912,TreatmentB,B03,90.89,1.48,0.2044,254,34.02,0.4529,0.1241,19.34,20.43,2,7.32,1,1
STR-003913,TreatmentA,B02,86.4,1.55,0.2245,385,61.67,0.5613,0.2719,31.83,27.49,1,8.62,1,0
STR-003914,Control,B02,70.1,2.21,0.2146,278,74.76,0.4585,0.4605,41.7,28.15,2,6.05,0,1
STR-003915,TreatmentB,B01,89.04,2.03,0.2206,293,26.0,0.4338,0.3448,32.11,19.72,4,7.08,0,1
STR-003916,Control,B02,103.83,2.1,0.2457,1129,32.88,0.5323,0.1436,46.74,20.77,1,8.0,0,0
STR-003917,Control,B03,89.5,2.28,0.2111,311,24.21,0.4044,0.4353,69.79,22.26,3,5.71,0,0
STR-003918,Control,B02,89.74,1.83,0.2377,337,31.35,0.3876,0.3004,42.7,20.04,5,6.02,0,0
STR-003919,TreatmentA,B01,117.82,1.11,0.1942,233,40.25,0.3716,0.4053,69.15,30.07,1,4.49,0,0
STR-003920,TreatmentB,B02,85.9,4.47,0.253,279,15.69,0.4577,0.2557,54.6,26.16,2,8.5,0,1
STR-003921,Control,B03,72.41,2.71,0.267,372,57.12,0.5514,0.155,32.75,24.94,0,6.34,0,0
STR-003922,TreatmentB,B02,110.64,1.15,0.2586,332,29.34,0.2973,0.4667,21.03,26.32,1,5.09,1,0
STR-003923,TreatmentB,B02,128.59,1.95,0.2306,414,19.93,0.5258,0.1846,30.46,25.94,2,5.42,1,0
STR-003924,TreatmentB,B01,102.37,1.09,0.2645,109,33.84,0.5441,0.1084,46.01,17.26,0,5.18,0,0
STR-003925,Control,B02,107.76,1.71,0.26,289,70.58,0.5193,0.1511,73.74,25.66,3,7.56,0,0
STR-003926,TreatmentB,B01,107.57,0.89,0.2856,365,21.6,0.2033,0.259,41.21,24.22,1,10.34,0,0
STR-003927,Control,B02,119.58,2.99,0.2308,166,34.98,0.4755,0.4252,33.89,20.63,0,9.34,0,0
STR-003928,TreatmentA,B03,105.43,2.49,0.2619,220,18.16,0.4284,0.2424,23.14,21.23,2,7.48,0,1
STR-003929,TreatmentA,B03,93.53,1.79,0.3078,391,19.49,0.2553,0.4911,18.56,18.5,4,6.23,1,0
STR-003930,TreatmentB,B02,77.28,2.11,0.2983,234,34.34,0.2853,0.3132,47.96,17.31,1,6.46,0,1
STR-003931,TreatmentB,B03,78.13,1.33,0.214,273,20.5,0.635,0.4505,35.15,31.33,3,6.21,1,0
STR-003932,Control,B02,85.37,2.88,0.2388,219,44.95,0.7291,0.3037,82.3,25.86,3,4.2,0,1
STR-003933,TreatmentB,B02,85.18,1.95,0.1885,96,27.38,0.1908,0.3976,10.55,23.94,2,5.21,1,0
STR-003934,TreatmentB,B03,84.67,2.28,0.2714,347,36.93,0.2709,0.3382,8.89,41.98,2,9.25,1,0
STR-003935,Control,B02,87.73,2.53,0.26,187,7.64,0.5286,0.2832,49.25,25.36,2,8.14,0,0
STR-003936,TreatmentB,B01,89.46,1.3,0.1891,186,19.96,0.2716,0.3482,72.04,15.05,0,7.96,1,0
STR-003937,TreatmentA,B02,99.1,1.41,0.2158,221,77.9,0.3469,0.2491,28.81,18.67,1,7.4,1,1
STR-003938,TreatmentB,B01,97.57,0.83,0.2245,398,29.31,0.4372,0.2278,30.3,25.62,3,4.45,1,0
STR-003939,Control,B03,79.74,1.89,0.2383,421,19.39,0.4975,0.397,52.7,19.4,2,8.4,0,1
STR-003940,Control,B01,57.41,1.57,0.2201,269,41.71,0.7083,0.4829,64.46,21.82,3,6.73,1,1
STR-003941,TreatmentA,B01,116.45,1.75,0.2015,168,95.02,0.4346,0.2294,16.18,27.64,2,6.69,1,1
STR-003942,TreatmentA,B03,109.45,2.01,0.2038,189,33.87,0.4938,0.2587,21.82,30.51,2,7.5,1,1
STR-003943,TreatmentB,B02,90.89,1.5,0.2431,288,20.13,0.6046,0.238,31.69,34.93,4,5.81,1,0
STR-003944,TreatmentB,B01,77.09,1.99,0.2415,297,33.12,0.5545,0.3681,46.77,32.25,0,8.21,0,0
STR-003945,TreatmentA,B01,109.63,2.98,0.2285,327,35.54,0.2204,0.3148,156.18,16.82,3,9.96,0,0
STR-003946,TreatmentA,B01,78.88,1.21,0.2265,174,26.01,0.3898,0.2454,18.64,24.49,0,4.68,0,0
STR-003947,TreatmentB,B01,107.65,1.51,0.2845,148,69.08,0.2719,0.1288,31.41,28.03,7,7.38,0,1
STR-003948,TreatmentB,B01,90.85,0.76,0.2221,477,40.14,0.2361,0.3305,20.23,21.93,1,4.94,1,0
STR-003949,TreatmentA,B03,88.24,2.22,0.2498,67,84.81,0.5874,0.1185,18.82,22.01,2,5.45,0,0
STR-003950,TreatmentA,B02,109.63,2.46,0.25,251,49.99,0.3324,0.3051,44.27,29.79,2,4.88,0,0
STR-003951,Control,B01,84.08,2.39,0.2004,114,8.29,0.2874,0.1685,17.77,30.66,2,6.59,1,1
STR-003952,TreatmentB,B02,99.21,1.58,0.3287,191,31.1,0.4152,0.2357,8.63,22.93,2,4.56,1,0
STR-003953,TreatmentA,B02,118.33,2.33,0.1916,397,36.19,0.3321,0.2659,27.3,29.22,2,6.55,0,1
STR-003954,TreatmentB,B02,94.4,0.97,0.1904,505,48.34,0.2774,0.0891,27.78,24.21,3,7.55,1,1
STR-003955,Control,B01,132.88,2.3,0.248,161,16.53,0.2255,0.6352,95.34,25.33,3,10.82,0,0
STR-003956,Control,B02,117.3,2.61,0.2424,985,36.64,0.47,0.4522,51.92,27.1,3,9.22,0,0
STR-003957,Control,B03,109.52,1.72,0.2374,249,30.3,0.5323,0.1233,33.0,25.26,2,7.73,0,0
STR-003958,TreatmentA,B01,111.84,2.89,0.2128,378,21.51,0.4514,0.6332,28.78,26.77,6,7.62,1,1
STR-003959,TreatmentA,B01,80.07,2.13,0.2532,318,62.09,0.4803,0.4474,30.22,23.61,2,4.79,1,0
STR-003960,Control,B02,106.51,2.87,0.2333,112,46.97,0.5421,0.4258,34.12,31.35,3,4.22,0,0
STR-003961,TreatmentA,B03,72.48,2.59,0.2436,178,35.33,0.3696,0.394,30.01,28.11,6,5.76,0,0
STR-003962,TreatmentB,B03,61.31,1.25,0.2422,197,20.01,0.4884,0.1863,42.88,27.04,1,5.33,1,0
STR-003963,Control,B01,83.02,3.87,0.1973,342,37.04,0.4103,0.335,45.81,28.57,0,6.67,0,1
STR-003964,TreatmentB,B02,94.34,1.91,0.261,770,56.17,0.4119,0.2166,13.27,30.35,5,8.31,0,0
STR-003965,TreatmentA,B02,86.89,1.6,0.2339,279,57.8,0.361,0.2214,49.43,30.19,2,5.55,0,1
STR-003966,Control,B01,95.9,2.83,0.2416,539,56.21,0.3915,0.5434,23.83,26.07,5,8.95,0,0
STR-003967,Control,B01,126.98,3.08,0.1952,324,60.36,0.3829,0.2343,44.49,30.09,1,7.41,0,1
STR-003968,TreatmentA,B02,120.97,1.4,0.2167,164,36.7,0.3461,0.4464,37.44,17.47,3,7.78,1,0
STR-003969,TreatmentB,B03,91.39,2.53,0.2377,681,20.11,0.6111,0.4201,22.11,24.1,3,8.53,0,1
STR-003970,Control,B03,97.94,1.73,0.2453,101,76.17,0.3107,0.1819,51.69,31.42,3,7.39,0,1
STR-003971,Control,B03,112.03,2.7,0.1584,212,45.92,0.5343,0.4004,47.78,26.5,2,7.92,1,1
STR-003972,TreatmentA,B03,124.31,1.27,0.1652,173,81.58,0.2057,0.4774,47.57,26.05,4,5.31,1,0
STR-003973,TreatmentA,B01,109.67,1.87,0.2166,237,27.84,0.3998,0.2003,26.56,34.32,3,6.9,1,1
STR-003974,Control,B03,86.18,2.57,0.2743,347,87.56,0.4449,0.2499,35.14,19.75,4,8.68,0,0
STR-003975,TreatmentA,B01,90.13,1.8,0.2284,138,24.85,0.7994,0.2921,33.74,16.43,2,8.34,1,0
STR-003976,TreatmentB,B03,87.81,0.99,0.2394,179,21.25,0.551,0.2891,38.8,30.14,4,4.37,0,0
STR-003977,TreatmentA,B01,115.59,3.06,0.2707,338,78.39,0.6057,0.2401,70.95,22.95,1,7.94,0,0
STR-003978,Control,B01,81.09,2.15,0.2183,441,62.48,0.5518,0.4174,44.0,27.25,3,6.6,0,1
STR-003979,Control,B03,117.95,1.91,0.2647,150,31.0,0.604,0.3678,44.73,39.58,3,5.64,1,1
STR-003980,TreatmentB,B03,95.48,2.13,0.2038,221,20.45,0.3229,0.2702,35.64,20.3,1,8.71,1,0
STR-003981,TreatmentB,B03,104.23,1.14,0.2152,209,91.67,0.3237,0.3979,78.0,20.07,2,5.62,1,0
STR-003982,Control,B02,97.12,3.97,0.3067,458,21.85,0.656,0.1771,43.09,25.3,2,6.25,0,0
STR-003983,Control,B01,84.69,2.45,0.2224,289,18.3,0.2839,0.1478,24.73,20.26,5,5.01,1,1
STR-003984,Control,B02,87.89,1.92,0.2568,486,23.45,0.4207,0.3931,33.07,28.73,4,9.21,1,0
STR-003985,Control,B01,85.96,2.49,0.2305,211,24.85,0.3034,0.2829,72.12,35.12,4,6.01,0,1
STR-003986,TreatmentB,B02,87.54,2.86,0.2846,217,84.37,0.2848,0.3207,47.19,27.7,3,6.24,0,1
STR-003987,TreatmentB,B02,120.64,1.75,0.2282,146,30.26,0.3042,0.2453,58.13,20.03,4,7.64,1,1
STR-003988,TreatmentA,B02,125.27,1.43,0.2088,143,96.7,0.1164,0.2148,32.54,27.67,0,7.48,1,1
STR-003989,TreatmentB,B03,95.59,2.28,0.2584,246,37.75,0.4264,0.2667,65.86,26.85,5,6.56,0,0
STR-003990,TreatmentB,B03,98.6,3.08,0.2833,213,29.43,0.3528,0.1087,40.36,33.37,1,6.08,0,0
STR-003991,TreatmentB,B02,106.53,1.28,0.1858,165,17.97,0.3242,0.4882,21.56,31.77,2,8.51,1,0
STR-003992,Control,B01,90.51,1.5,0.2066,626,24.78,0.6094,0.121,36.07,26.93,2,7.36,1,0
STR-003993,TreatmentB,B02,91.5,1.15,0.2571,66,98.29,0.231,0.0817,15.74,23.97,6,8.13,1,1
STR-003994,TreatmentB,B03,108.78,0.78,0.2074,266,23.37,0.4464,0.2988,24.4,34.39,2,5.54,0,0
STR-003995,TreatmentA,B03,96.93,3.08,0.2904,180,27.02,0.623,0.3308,25.89,28.65,2,6.68,0,1
STR-003996,TreatmentA,B01,98.98,1.99,0.2193,224,20.24,0.4303,0.3733,21.03,27.89,3,6.48,1,1
STR-003997,TreatmentB,B01,83.94,0.66,0.2236,69,18.6,0.2739,0.4355,23.14,31.88,2,5.88,1,0
STR-003998,Control,B03,90.27,2.75,0.2719,509,30.94,0.4116,0.4106,38.79,21.27,2,7.62,1,1
STR-003999,TreatmentA,B02,101.54,4.21,0.2054,389,17.8,0.3048,0.3298,34.23,29.18,2,6.93,0,1
STR-004000,TreatmentA,B03,111.07,1.16,0.258,209,24.75,0.3882,0.1676,28.52,24.96,3,9.41,0,0
STR-004001,TreatmentB,B01,116.11,1.63,0.2088,834,28.09,0.3458,0.1834,42.54,25.21,2,7.17,1,1
STR-004002,TreatmentB,B01,88.64,2.74,0.2279,265,36.95,0.3687,0.2606,62.87,36.31,1,9.41,0,0
STR-004003,TreatmentA,B01,75.23,2.75,0.1765,344,18.06,0.2556,0.56,45.0,21.18,4,2.68,1,0
STR-004004,TreatmentA,B01,70.5,1.71,0.1821,407,33.12,0.4698,0.4316,60.9,22.46,4,8.27,1,1
STR-004005,TreatmentA,B02,102.85,2.44,0.2827,261,66.44,0.4559,0.4244,41.16,29.92,1,5.49,0,0
STR-004006,TreatmentA,B03,92.78,1.78,0.2037,304,27.13,0.574,0.3378,15.09,20.82,4,5.77,1,1
STR-004007,TreatmentB,B01,76.18,1.52,0.1942,112,18.98,0.3778,0.2378,15.27,25.11,4,7.54,1,1
STR-004008,TreatmentB,B02,113.34,1.3,0.2577,65,35.46,0.4854,0.4523,52.1,27.64,4,9.01,1,0
STR-004009,TreatmentA,B02,101.79,1.52,0.3016,120,7.64,0.3436,0.276,32.18,13.91,1,6.45,1,1
STR-004010,Control,B03,97.07,2.37,0.2412,200,203.37,0.3587,0.3297,29.83,29.04,1,7.7,0,1
STR-004011,TreatmentA,B02,99.67,2.17,0.2175,155,39.6,0.1755,0.2775,25.25,20.21,1,7.04,0,1
STR-004012,TreatmentB,B02,110.11,1.35,0.2532,262,65.03,0.3766,0.4541,21.66,21.8,4,5.94,0,0
STR-004013,TreatmentA,B01,85.79,2.08,0.2488,141,30.65,0.4627,0.3076,39.55,28.86,5,7.7,0,1
STR-004014,TreatmentA,B03,83.35,1.02,0.225,245,108.66,0.6303,0.4651,38.6,20.8,3,6.05,1,1
STR-004015,TreatmentA,B01,83.74,1.71,0.2532,198,26.99,0.3365,0.4092,59.95,22.73,2,8.4,0,0
STR-004016,TreatmentB,B02,96.55,1.02,0.2566,207,100.85,0.2388,0.5903,33.78,19.49,0,6.23,1,0
STR-004017,TreatmentA,B01,81.41,1.42,0.2041,883,40.05,0.4105,0.2662,49.25,20.26,2,6.15,0,1
STR-004018,TreatmentB,B01,128.47,0.96,0.2362,96,63.5,0.5107,0.3181,25.21,25.56,4,4.92,1,1
STR-004019,TreatmentA,B03,110.29,1.72,0.2114,586,25.64,0.491,0.1573,36.48,27.56,2,8.23,1,0
STR-004020,Control,B01,113.89,2.15,0.1606,397,77.58,0.5164,0.6486,21.69,24.02,4,6.54,1,1
STR-004021,Control,B03,129.01,4.84,0.2605,227,43.19,0.4234,0.4408,24.19,28.04,3,6.52,0,0
STR-004022,TreatmentA,B03,86.03,1.49,0.2527,421,36.96,0.1832,0.2814,47.43,22.99,3,7.27,0,1
STR-004023,TreatmentA,B03,123.76,1.29,0.2122,226,37.04,0.5739,0.2058,24.01,26.08,5,7.92,0,0
STR-004024,TreatmentB,B01,88.47,1.73,0.252,397,30.74,0.2808,0.2077,15.12,35.01,1,7.64,1,1
STR-004025,TreatmentA,B01,100.85,2.3,0.2674,742,38.79,0.4521,0.0577,51.45,24.28,0,6.95,0,1
STR-004026,TreatmentB,B01,107.3,3.56,0.2479,200,38.93,0.6039,0.0843,23.56,23.4,1,7.91,0,0
STR-004027,Control,B01,111.47,2.37,0.2508,128,33.14,0.2016,0.4449,89.3,18.97,0,8.0,0,0
STR-004028,TreatmentB,B02,101.88,0.84,0.1931,300,14.22,0.402,0.1558,6.01,32.47,3,6.97,1,1
STR-004029,Control,B02,70.44,1.82,0.2766,98,75.26,0.5211,0.2445,36.74,24.05,1,9.83,0,0
STR-004030,Control,B02,110.8,1.55,0.2537,457,88.55,0.2694,0.2073,52.63,25.16,2,8.5,1,0
STR-004031,Control,B02,93.31,1.65,0.2879,898,11.71,0.451,0.2476,35.54,27.04,1,5.31,0,0
STR-004032,Control,B01,112.2,2.21,0.2512,245,13.09,0.2791,0.3376,37.25,28.62,4,8.27,0,1
STR-004033,TreatmentB,B01,124.6,1.03,0.3169,356,12.63,0.2658,0.5208,14.13,28.56,4,5.98,0,0
STR-004034,Control,B01,113.23,1.77,0.2244,73,10.03,0.3151,0.0135,58.9,39.63,3,6.21,0,1
STR-004035,TreatmentB,B03,104.25,1.07,0.2428,332,16.84,0.2615,0.3879,24.58,16.72,1,9.38,1,0
STR-004036,TreatmentB,B02,132.34,1.09,0.1583,402,17.35,0.3782,0.2829,19.48,18.29,4,4.18,1,0
STR-004037,Control,B01,94.75,2.1,0.2108,334,27.61,0.1897,0.4795,50.44,23.03,4,7.23,1,0
STR-004038,TreatmentA,B03,127.68,1.47,0.2353,102,12.89,0.3222,0.1563,40.21,28.3,3,6.13,1,1
STR-004039,Control,B02,78.09,1.73,0.2851,454,30.28,0.3203,0.0724,30.31,23.8,4,7.91,1,1
STR-004040,TreatmentA,B02,97.47,1.61,0.2646,116,51.94,0.471,0.2428,35.82,28.71,2,7.99,0,0
STR-004041,TreatmentA,B02,121.92,1.81,0.3118,487,27.51,0.5088,0.3369,46.48,15.88,2,7.34,0,1
STR-004042,Control,B03,65.77,2.05,0.2056,533,48.86,0.2287,0.343,51.05,31.66,5,8.06,0,0
STR-004043,Control,B02,82.79,1.86,0.2679,429,36.12,0.1881,0.1119,42.94,22.48,3,8.77,0,1
STR-004044,TreatmentB,B03,122.46,1.6,0.2567,436,40.96,0.5053,0.3539,6.47,23.29,0,9.31,0,0
STR-004045,Control,B02,88.64,4.72,0.2865,171,14.23,0.5401,0.1709,84.22,27.69,4,5.83,0,0
STR-004046,TreatmentA,B02,108.16,2.03,0.2343,91,19.82,0.4628,0.5789,23.46,31.58,2,6.68,0,1
STR-004047,TreatmentB,B02,79.66,1.66,0.2121,376,86.07,0.3136,0.2563,28.79,26.55,2,7.2,1,1
STR-004048,TreatmentA,B02,107.41,2.71,0.209,199,46.3,0.473,0.331,21.23,21.03,2,6.0,1,1
STR-004049,TreatmentB,B01,114.83,1.28,0.2594,156,64.95,0.277,0.3078,15.83,29.14,3,9.17,1,0
STR-004050,Control,B03,118.17,2.85,0.223,670,26.62,0.137,0.4528,29.43,15.59,0,4.69,1,0
STR-004051,TreatmentA,B01,91.15,1.25,0.2108,408,19.29,0.5248,0.4435,25.25,13.23,2,10.48,1,0
STR-004052,TreatmentB,B03,104.9,1.03,0.2164,319,26.6,0.427,0.2776,20.07,16.23,3,5.84,1,1
STR-004053,TreatmentA,B03,94.34,1.09,0.2227,178,12.13,0.3119,0.2709,35.46,23.28,4,8.09,1,1
STR-004054,Control,B01,115.92,2.0,0.193,131,90.07,0.548,0.2299,33.0,22.0,3,7.32,1,0
STR-004055,TreatmentA,B03,89.39,3.13,0.2124,175,23.77,0.3683,0.3253,36.73,26.22,1,7.52,0,1
STR-004056,TreatmentA,B01,114.26,1.91,0.2322,234,22.0,0.3101,0.2562,29.97,21.3,5,5.5,1,1
STR-004057,TreatmentB,B03,99.95,1.51,0.2245,193,50.47,0.539,0.4181,18.94,21.62,1,8.1,1,1
STR-004058,TreatmentB,B01,94.23,2.09,0.2438,293,16.03,0.4141,0.4402,39.21,26.5,1,5.61,0,0
STR-004059,Control,B01,80.94,1.81,0.2373,126,48.15,0.3324,0.5331,47.43,21.64,2,6.25,0,0
STR-004060,Control,B01,105.92,1.79,0.2385,356,12.15,0.0832,0.3079,22.04,20.05,1,6.78,0,0
STR-004061,TreatmentA,B02,106.15,2.19,0.1865,211,217.75,0.414,0.4752,29.72,26.78,5,5.01,1,0
STR-004062,TreatmentA,B01,96.3,1.92,0.2788,169,12.62,0.3468,0.366,23.65,18.96,0,7.26,0,1
STR-004063,Control,B03,115.02,1.37,0.2184,758,67.11,0.3446,0.2162,52.99,36.37,3,5.03,1,1
STR-004064,TreatmentB,B02,108.96,2.18,0.2442,223,47.87,0.5224,0.1722,13.92,18.82,6,7.65,0,0
STR-004065,TreatmentB,B03,113.96,2.01,0.237,183,19.68,0.4302,0.1503,49.53,17.82,1,6.24,1,0
STR-004066,TreatmentA,B03,103.17,1.8,0.2129,986,138.57,0.4488,0.2454,33.89,26.38,2,8.25,1,0
STR-004067,TreatmentA,B01,79.88,1.7,0.2741,128,12.31,0.3988,0.374,52.06,22.9,0,5.27,0,0
STR-004068,TreatmentA,B03,103.25,2.26,0.241,56,18.3,0.4645,0.4219,35.04,34.01,0,5.99,0,0
STR-004069,Control,B02,123.01,3.05,0.3045,295,45.1,0.4431,0.1882,48.14,30.17,4,8.67,0,0
STR-004070,TreatmentA,B01,109.36,2.37,0.2497,384,43.86,0.6565,0.391,43.18,28.37,3,6.33,0,1
STR-004071,TreatmentA,B02,94.5,2.6,0.1982,219,113.77,0.3748,0.6009,46.66,27.81,6,7.07,1,0
STR-004072,TreatmentB,B03,101.76,2.51,0.3191,540,62.2,0.2359,0.2635,17.6,14.65,3,5.44,0,1
STR-004073,TreatmentB,B01,89.82,1.31,0.2474,126,46.48,0.2784,0.3651,10.52,29.31,1,7.61,1,0
STR-004074,Control,B03,108.03,2.32,0.269,756,22.73,0.3566,0.2768,40.84,24.6,2,5.58,0,0
STR-004075,TreatmentB,B01,80.29,1.8,0.3039,520,55.76,0.3116,0.332,28.13,21.5,0,6.36,0,1
STR-004076,Control,B01,95.76,2.24,0.2599,469,92.04,0.3581,0.1869,58.51,22.17,1,5.35,0,0
STR-004077,Control,B01,93.56,2.71,0.2451,184,20.89,0.4633,0.3726,25.56,34.37,5,6.96,0,1
STR-004078,Control,B01,111.59,2.5,0.2578,628,24.65,0.6058,0.2069,79.05,16.41,4,4.78,0,0
STR-004079,TreatmentA,B03,110.28,2.07,0.2063,28,30.26,0.3663,0.2447,28.09,20.38,5,9.11,1,0
STR-004080,TreatmentB,B02,101.05,1.29,0.2961,378,42.66,0.3484,0.4193,7.54,18.49,3,8.52,1,0
STR-004081,TreatmentB,B01,73.21,2.03,0.2338,509,26.77,0.233,0.2065,50.58,24.01,2,8.39,0,1
STR-004082,Control,B03,84.06,2.96,0.2426,171,46.71,0.5674,0.2952,48.47,16.73,5,6.64,0,1
STR-004083,TreatmentB,B01,105.08,1.52,0.223,295,21.55,0.3077,0.302,17.18,27.94,1,7.42,1,1
STR-004084,TreatmentB,B03,103.83,2.38,0.2802,144,9.65,0.2269,0.3244,6.16,22.22,0,6.27,0,1
STR-004085,TreatmentB,B01,76.54,0.36,0.3114,76,91.25,0.3713,0.2213,19.26,31.8,2,9.33,1,1
STR-004086,TreatmentA,B03,63.29,2.09,0.2289,224,19.78,0.3923,0.18,106.42,24.77,1,6.52,1,1
STR-004087,TreatmentB,B01,119.99,1.84,0.2243,470,47.66,0.5754,0.2298,4.91,21.33,4,6.82,1,1
STR-004088,TreatmentA,B02,117.94,2.49,0.1982,546,46.33,0.2266,0.448,19.99,20.1,1,6.01,0,0
STR-004089,Control,B02,103.61,3.57,0.3263,828,26.31,0.3458,0.4916,71.3,24.66,0,5.43,0,0
STR-004090,TreatmentB,B02,102.8,0.92,0.2155,204,51.04,0.4924,0.4636,20.47,26.6,1,6.26,1,1
STR-004091,Control,B01,82.31,1.92,0.2087,274,50.01,0.292,0.1922,101.58,19.69,1,6.09,0,1
STR-004092,TreatmentB,B03,112.75,1.41,0.2283,361,25.88,0.647,0.073,41.74,34.47,0,7.25,1,0
STR-004093,TreatmentA,B03,90.56,1.13,0.2679,622,17.08,0.5417,0.3332,45.59,24.03,3,6.26,1,1
STR-004094,TreatmentA,B03,91.42,1.44,0.2295,118,106.08,0.4581,0.4373,27.24,23.78,4,7.5,0,1
STR-004095,TreatmentB,B01,85.63,0.81,0.1735,518,59.36,0.4832,0.2182,18.46,30.74,3,7.2,1,1
STR-004096,TreatmentB,B03,84.17,1.84,0.27,361,31.86,0.2855,0.3829,68.17,25.76,0,5.14,0,0
STR-004097,TreatmentA,B02,103.93,2.82,0.2679,570,22.55,0.3477,0.2151,43.98,34.42,0,8.76,0,0
STR-004098,Control,B03,114.25,2.1,0.2049,345,14.13,0.6834,0.1734,76.68,28.43,0,6.8,0,0
STR-004099,TreatmentA,B01,93.21,2.18,0.221,454,50.22,0.1638,0.243,10.25,24.27,5,6.76,0,1
STR-004100,TreatmentA,B03,101.62,2.21,0.2027,286,17.61,0.2466,0.3067,22.96,32.19,5,7.84,1,1
STR-004101,TreatmentA,B03,97.11,1.78,0.2285,221,17.62,0.705,0.4952,50.45,22.83,1,9.41,0,1
STR-004102,TreatmentB,B03,80.66,2.32,0.2377,198,34.29,0.3357,0.2327,11.3,29.86,3,8.26,1,1
STR-004103,Control,B02,109.49,2.65,0.2421,225,15.01,0.3205,0.3211,32.06,23.38,3,6.66,1,1
STR-004104,Control,B03,100.28,1.96,0.2336,722,56.72,0.6025,0.3824,28.46,16.47,2,5.29,1,1
STR-004105,Control,B03,110.44,3.96,0.2407,254,32.49,0.6417,0.2239,52.85,17.39,3,7.75,0,0
STR-004106,TreatmentA,B03,91.34,1.6,0.2375,533,47.77,0.3204,0.161,28.1,18.66,2,6.58,0,1
STR-004107,Control,B01,108.03,1.33,0.1987,494,27.36,0.244,0.1708,44.5,15.02,2,7.28,1,1
STR-004108,TreatmentA,B01,112.19,1.69,0.211,204,31.25,0.2679,0.2204,87.12,28.58,5,8.75,0,0
STR-004109,TreatmentB,B03,119.95,2.06,0.2605,106,67.03,0.5067,0.239,35.85,28.77,1,10.01,0,0
STR-004110,Control,B03,100.36,3.15,0.2624,130,57.76,0.3945,0.3342,54.25,22.85,2,8.01,0,1
STR-004111,TreatmentB,B02,99.25,1.47,0.2379,98,44.77,0.3263,0.3544,5.45,31.99,1,7.08,1,1
STR-004112,TreatmentB,B03,85.87,1.39,0.2089,235,13.64,0.5058,0.3851,18.28,26.81,5,8.0,1,0
STR-004113,TreatmentA,B01,112.39,2.2,0.2361,441,88.74,0.4662,0.2865,67.29,22.49,2,4.54,0,0
STR-004114,Control,B03,105.29,2.19,0.2283,397,162.06,0.1975,0.3268,43.75,23.23,1,7.01,0,1
STR-004115,TreatmentA,B01,80.67,1.53,0.274,159,24.48,0.6456,0.1394,43.87,19.99,3,6.18,0,0
STR-004116,TreatmentA,B01,103.7,2.61,0.2712,143,32.95,0.2339,0.1745,37.63,20.35,1,7.9,0,1
STR-004117,TreatmentA,B01,95.12,1.84,0.2555,291,52.71,0.3392,0.2278,47.8,27.36,1,8.06,0,1
STR-004118,TreatmentA,B03,97.45,3.62,0.1936,264,10.04,0.2172,0.2904,26.58,13.03,3,7.94,0,0
STR-004119,TreatmentB,B01,80.85,2.94,0.1971,564,35.64,0.3818,0.1981,14.84,18.39,4,6.58,0,0
STR-004120,TreatmentA,B02,102.25,1.24,0.2236,93,16.36,0.4792,0.4344,41.83,14.1,5,7.45,0,1
STR-004121,TreatmentA,B02,95.21,3.33,0.1892,390,66.44,0.6201,0.3814,64.67,28.74,1,9.52,0,0
STR-004122,TreatmentA,B03,94.85,2.02,0.1743,502,52.27,0.3881,0.3346,25.88,17.16,2,6.74,1,1
STR-004123,TreatmentB,B01,74.03,1.28,0.2341,255,21.28,0.3115,0.5968,34.76,25.87,4,7.51,1,1
STR-004124,TreatmentB,B03,107.42,2.65,0.2238,222,37.57,0.4751,0.3524,19.84,25.61,2,5.17,1,0
STR-004125,Control,B02,105.2,2.1,0.2863,512,16.25,0.4949,0.5509,65.98,29.15,3,5.46,0,1
STR-004126,Control,B01,97.32,2.23,0.3037,317,21.72,0.3505,0.1845,43.73,27.4,3,7.61,0,1
STR-004127,TreatmentB,B03,120.65,1.44,0.1498,650,30.0,0.234,0.476,9.08,24.76,2,4.74,1,0
STR-004128,TreatmentB,B01,97.89,0.82,0.2298,73,37.75,0.3494,0.2397,8.48,26.28,2,8.16,1,1
STR-004129,TreatmentA,B01,115.08,2.36,0.1631,321,25.76,0.6227,0.1666,36.57,12.99,0,5.85,1,0
STR-004130,TreatmentB,B02,133.3,3.33,0.2468,176,32.05,0.1595,0.227,42.41,29.04,1,5.34,0,1
STR-004131,TreatmentA,B01,81.89,1.46,0.2424,172,31.21,0.5092,0.4087,21.0,21.64,0,8.7,1,1
STR-004132,TreatmentA,B02,102.11,1.33,0.2421,156,51.93,0.6092,0.2438,40.35,24.45,3,7.83,1,1
STR-004133,TreatmentA,B03,89.74,1.6,0.2077,413,28.91,0.3417,0.4041,35.79,24.64,2,8.38,1,0
STR-004134,Control,B01,99.46,2.25,0.2824,483,72.84,0.3628,0.2835,32.79,18.46,2,8.55,0,0
STR-004135,TreatmentA,B03,104.09,1.82,0.2421,275,33.85,0.5195,0.2529,12.01,22.77,2,6.44,1,1
STR-004136,TreatmentB,B01,110.1,2.36,0.2632,223,15.91,0.4695,0.3936,43.8,30.16,5,4.82,0,0
STR-004137,TreatmentA,B01,100.43,2.24,0.1512,573,12.24,0.5581,0.4167,32.04,14.09,2,9.82,1,1
STR-004138,TreatmentA,B01,107.29,1.06,0.2483,192,44.0,0.459,0.3651,25.44,23.99,2,5.36,1,0
STR-004139,TreatmentB,B02,95.86,1.51,0.2296,102,8.51,0.4121,0.2492,19.6,20.29,0,4.31,0,1
STR-004140,TreatmentB,B03,133.24,1.7,0.204,160,37.13,0.2419,0.3794,35.16,24.58,2,6.55,1,0
STR-004141,TreatmentA,B03,82.05,2.0,0.2548,136,26.0,0.6225,0.2177,14.04,23.7,2,5.54,1,0
STR-004142,Control,B03,103.95,2.88,0.276,125,26.42,0.4414,0.2436,28.88,29.16,3,4.44,0,0
STR-004143,TreatmentB,B01,75.25,1.28,0.1955,217,44.7,0.3314,0.1674,16.71,19.08,3,8.13,1,1
STR-004144,TreatmentB,B01,124.41,1.15,0.2048,208,23.96,0.3988,0.4996,15.22,26.67,1,6.95,1,1
STR-004145,Control,B01,108.29,2.55,0.1917,151,42.78,0.3424,0.1987,36.77,32.51,1,9.31,1,1
STR-004146,TreatmentA,B03,124.64,2.32,0.123,183,15.85,0.3871,0.19,29.67,29.08,4,4.98,1,0
STR-004147,Control,B03,88.92,2.93,0.1829,131,12.91,0.3894,0.2339,42.47,25.34,8,8.53,0,1
STR-004148,TreatmentA,B03,98.03,1.81,0.1826,121,49.86,0.3875,0.3204,18.73,33.04,2,8.07,1,1
STR-004149,TreatmentB,B01,90.8,1.11,0.2356,149,24.79,0.4387,0.1435,24.05,18.55,1,6.18,1,1
STR-004150,TreatmentB,B01,114.28,1.36,0.2742,282,43.89,0.4149,0.1971,68.71,28.84,3,5.9,0,1
STR-004151,Control,B03,103.96,1.39,0.2569,347,28.73,0.521,0.1808,21.63,16.38,3,8.8,1,0
STR-004152,TreatmentA,B02,102.15,2.3,0.2208,596,46.95,0.2288,0.438,41.04,20.73,1,5.57,0,0
STR-004153,TreatmentA,B03,122.5,2.41,0.2701,482,15.08,0.1849,0.1546,21.63,26.3,3,7.53,0,1
STR-004154,Control,B02,111.12,1.42,0.1961,410,33.82,0.3377,0.4705,38.49,22.03,5,8.46,1,0
STR-004155,Control,B02,107.03,3.17,0.2742,145,77.69,0.4132,0.1596,59.7,29.42,4,4.76,0,0
STR-004156,TreatmentB,B03,91.73,1.6,0.2031,787,19.88,0.5801,0.1283,19.7,29.9,1,8.11,1,0
STR-004157,TreatmentB,B03,107.44,0.77,0.2627,248,40.29,0.5372,0.5647,65.11,27.29,3,7.03,0,1
STR-004158,Control,B02,85.98,2.18,0.2682,304,59.64,0.5692,0.2399,35.1,21.24,2,7.9,1,0
STR-004159,TreatmentB,B03,101.48,0.91,0.259,327,69.11,0.4634,0.2842,22.8,15.12,5,8.21,1,1
STR-004160,TreatmentA,B01,108.0,2.05,0.2187,238,43.37,0.3337,0.2312,20.85,23.13,0,8.09,1,1
STR-004161,TreatmentB,B02,123.72,3.76,0.2977,1083,46.25,0.6174,0.4734,31.65,37.65,0,9.41,0,1
STR-004162,Control,B02,120.84,2.93,0.2075,254,61.34,0.754,0.4545,37.09,22.96,6,7.5,0,1
STR-004163,TreatmentA,B01,92.44,1.39,0.2459,71,14.93,0.291,0.527,75.04,25.69,0,4.73,1,0
STR-004164,Control,B02,120.17,2.23,0.249,517,56.75,0.1179,0.4341,77.43,26.6,2,9.23,0,0
STR-004165,TreatmentA,B02,71.74,2.28,0.274,243,19.6,0.4307,0.2194,28.45,29.79,0,6.94,0,1
STR-004166,Control,B03,88.23,1.94,0.1931,121,53.4,0.6089,0.1531,27.68,22.9,2,8.03,1,0
STR-004167,TreatmentB,B01,99.14,1.53,0.242,219,44.04,0.6405,0.4622,28.24,29.69,1,5.97,0,1
STR-004168,Control,B03,89.3,1.6,0.1913,230,37.97,0.4585,0.4898,32.58,17.86,4,7.33,1,1
STR-004169,TreatmentB,B01,112.16,2.28,0.2348,336,34.97,0.6852,0.4486,19.39,24.99,4,5.78,1,1
STR-004170,Control,B01,100.79,1.72,0.2429,287,6.25,0.4863,0.5557,51.59,25.88,1,5.95,0,1
STR-004171,TreatmentB,B01,100.4,2.32,0.1357,287,25.04,0.3808,0.0938,39.74,24.68,0,9.18,1,0
STR-004172,TreatmentB,B02,95.51,0.95,0.223,174,57.09,0.5333,0.1864,15.71,23.86,3,7.95,1,0
STR-004173,Control,B02,85.0,1.92,0.291,141,16.33,0.5154,0.5065,29.59,18.94,0,6.96,1,1
STR-004174,Control,B02,94.33,2.51,0.2782,330,28.7,0.6021,0.2579,50.27,22.91,4,6.87,1,1
STR-004175,TreatmentA,B01,88.16,2.18,0.2193,116,51.89,0.2651,0.3445,20.19,24.44,1,8.72,1,0
STR-004176,TreatmentA,B03,108.35,1.59,0.2183,442,26.7,0.531,0.0825,26.98,24.97,1,6.28,1,0
STR-004177,TreatmentB,B02,95.56,1.24,0.1742,833,28.11,0.3807,0.3567,20.26,35.19,1,10.31,1,1
STR-004178,TreatmentA,B01,116.32,1.79,0.2283,259,25.83,0.5092,0.2083,20.52,19.03,1,5.6,1,0
STR-004179,TreatmentB,B01,102.28,1.78,0.2162,522,70.67,0.4692,0.2674,49.05,35.22,0,4.79,0,0
STR-004180,TreatmentA,B02,90.92,3.15,0.2037,1046,14.81,0.3547,0.6343,25.02,19.3,0,7.69,1,0
STR-004181,TreatmentB,B01,95.95,1.06,0.1984,206,122.96,0.4146,0.2159,38.61,24.38,0,6.44,1,1
STR-004182,TreatmentA,B02,111.69,1.47,0.2524,234,20.77,0.3651,0.1919,22.34,32.96,2,6.86,1,1
STR-004183,TreatmentB,B01,89.14,0.89,0.2287,473,27.34,0.4008,0.4431,27.12,34.2,2,5.57,1,1
STR-004184,Control,B03,74.15,2.11,0.3206,437,74.2,0.4172,0.3432,46.82,21.47,2,6.73,0,1
STR-004185,TreatmentA,B02,121.96,2.01,0.2168,305,17.58,0.5528,0.129,34.74,28.25,4,8.0,1,0
STR-004186,Control,B01,73.14,2.45,0.1775,244,59.81,0.3525,0.239,41.44,23.5,3,9.27,1,0
STR-004187,TreatmentA,B02,116.25,1.1,0.2609,211,44.46,0.2388,0.3909,23.51,37.11,3,6.3,1,0
STR-004188,TreatmentB,B03,112.1,0.95,0.2504,247,46.51,0.5807,0.45,35.6,21.84,1,6.62,1,1
STR-004189,Control,B03,88.0,2.23,0.2573,633,122.99,0.5092,0.3016,93.74,23.86,2,7.42,0,1
STR-004190,Control,B01,76.86,1.92,0.2318,291,37.85,0.602,0.1942,67.91,30.89,0,6.61,0,0
STR-004191,TreatmentB,B03,86.19,1.68,0.1941,99,17.23,0.4132,0.2935,12.91,27.77,0,5.9,1,0
STR-004192,TreatmentA,B03,74.41,4.24,0.2279,261,58.11,0.2873,0.4415,28.28,18.78,2,8.79,0,0
STR-004193,Control,B02,98.76,2.31,0.2927,183,23.15,0.503,0.4208,90.2,20.51,0,7.28,0,1
STR-004194,TreatmentA,B03,91.58,1.23,0.1903,193,39.07,0.3662,0.3695,27.48,31.35,2,7.28,1,0
STR-004195,TreatmentB,B03,121.22,1.48,0.2793,644,27.57,0.3758,0.4255,17.76,23.58,1,6.48,0,0
STR-004196,TreatmentA,B01,95.26,2.27,0.2295,540,34.68,0.2387,0.2754,24.65,25.38,2,9.2,1,0
STR-004197,TreatmentB,B02,119.86,1.71,0.2374,277,57.08,0.6696,0.1615,11.86,40.67,1,6.09,1,0
STR-004198,TreatmentB,B02,92.16,1.98,0.2839,195,19.02,0.3494,0.3839,34.43,21.46,2,6.83,0,1
STR-004199,Control,B03,96.99,1.78,0.206,215,33.94,0.3529,0.3739,70.66,33.79,1,5.58,1,1
STR-004200,TreatmentA,B01,86.94,1.71,0.229,564,13.14,0.275,0.4474,40.0,22.53,5,5.88,1,0
STR-004201,Control,B03,91.58,2.43,0.2323,359,20.18,0.3168,0.2258,61.38,13.9,2,5.93,0,1
STR-004202,Control,B02,60.62,1.96,0.2379,762,73.28,0.5227,0.4463,56.35,30.27,3,5.58,0,0
STR-004203,Control,B02,94.4,2.84,0.2475,341,30.62,0.2297,0.2999,25.45,22.08,0,4.21,0,0
STR-004204,TreatmentA,B02,106.74,1.86,0.1683,234,74.1,0.7293,0.1435,54.95,31.61,2,6.37,1,0
STR-004205,TreatmentB,B03,92.04,1.32,0.2734,89,13.31,0.3759,0.1127,33.62,18.54,3,7.46,1,1
STR-004206,TreatmentB,B03,83.96,1.74,0.2814,366,51.39,0.541,0.3758,17.26,17.22,5,7.31,0,1
STR-004207,Control,B01,86.49,2.03,0.2502,350,7.2,0.5457,0.3486,68.0,23.18,1,8.36,0,1
STR-004208,Control,B01,117.79,1.86,0.2565,330,21.24,0.5454,0.2328,51.34,22.36,2,6.5,0,1
STR-004209,TreatmentA,B02,90.85,2.42,0.2419,825,38.05,0.5264,0.5368,22.18,28.86,0,6.5,0,1
STR-004210,TreatmentB,B02,116.1,1.81,0.248,964,16.68,0.6501,0.34,23.14,12.0,3,7.08,1,1
STR-004211,Control,B02,99.13,2.59,0.266,296,58.78,0.5322,0.2968,37.86,15.0,4,7.37,0,0
STR-004212,TreatmentA,B01,127.61,2.53,0.2329,494,28.27,0.4053,0.1894,45.74,18.22,5,7.46,0,1
STR-004213,Control,B03,108.75,2.52,0.2679,253,45.18,0.3899,0.1353,28.72,19.97,1,6.97,0,1
STR-004214,Control,B01,92.88,2.95,0.2696,116,81.72,0.3022,0.3496,47.43,26.42,1,5.79,0,0
STR-004215,TreatmentA,B01,106.28,2.67,0.1913,103,85.06,0.3044,0.2565,25.66,17.21,1,4.06,1,0
STR-004216,Control,B03,93.55,1.89,0.2474,315,22.99,0.473,0.3218,28.87,27.46,5,6.66,1,0
STR-004217,TreatmentB,B02,101.35,1.19,0.2478,466,36.02,0.4715,0.1885,27.3,24.61,0,7.28,0,1
STR-004218,TreatmentB,B02,102.88,2.89,0.2374,143,71.48,0.1812,0.2517,26.75,32.39,1,9.11,0,0
STR-004219,Control,B03,88.11,2.41,0.237,267,29.45,0.3141,0.2849,68.16,21.66,2,10.39,0,0
STR-004220,TreatmentB,B02,117.87,1.06,0.24,286,30.14,0.1915,0.4487,48.6,29.57,3,8.1,1,0
STR-004221,TreatmentA,B02,112.67,2.13,0.2342,781,31.17,0.123,0.2275,30.39,26.29,0,6.03,1,1
STR-004222,Control,B01,73.53,3.22,0.2123,85,80.92,0.5943,0.2441,47.01,27.55,3,7.35,0,0
STR-004223,Control,B03,107.97,2.21,0.2263,220,62.47,0.3235,0.2531,51.43,15.37,1,7.73,1,1
STR-004224,TreatmentA,B03,90.19,1.7,0.2171,151,20.82,0.3656,0.3466,27.43,31.21,2,5.07,0,0
STR-004225,TreatmentA,B01,106.5,2.47,0.1766,297,21.7,0.3609,0.1679,23.78,26.73,1,4.79,0,0
STR-004226,TreatmentA,B03,85.82,2.05,0.2155,219,34.99,0.286,0.2988,61.09,23.0,3,8.46,1,0
STR-004227,TreatmentA,B02,66.34,1.66,0.2888,257,99.94,0.2601,0.2284,34.84,19.8,0,7.92,0,1
STR-004228,TreatmentB,B03,106.8,1.04,0.2432,832,61.64,0.3758,0.2116,35.33,23.71,5,6.4,1,1
STR-004229,TreatmentB,B02,110.06,1.5,0.2114,260,25.09,0.7809,0.5661,40.15,29.8,3,8.16,1,1
STR-004230,TreatmentA,B02,107.95,1.05,0.2267,771,37.18,0.4277,0.2797,32.36,23.71,4,10.41,1,0
STR-004231,TreatmentB,B02,113.58,1.53,0.2904,217,17.52,0.4568,0.3308,16.24,23.61,1,6.53,0,1
STR-004232,TreatmentA,B03,94.38,1.26,0.1933,239,26.17,0.3117,0.637,28.2,29.0,5,7.08,1,0
STR-004233,TreatmentA,B03,131.81,1.42,0.2036,442,39.3,0.3965,0.3332,16.35,15.74,3,6.48,1,1
STR-004234,Control,B03,105.33,2.61,0.2347,281,21.81,0.5547,0.4427,42.79,23.46,0,7.59,1,1
STR-004235,Control,B03,87.55,2.14,0.2265,145,31.14,0.3483,0.3546,56.26,25.01,3,5.96,1,0
STR-004236,Control,B01,119.53,1.71,0.1898,380,15.66,0.2838,0.2203,46.94,24.33,1,7.47,1,1
STR-004237,TreatmentB,B01,125.94,1.81,0.2986,200,19.07,0.2848,0.367,36.36,20.71,3,6.83,0,1
STR-004238,Control,B02,104.33,2.43,0.2288,531,40.82,0.5265,0.4751,56.06,21.16,1,3.74,0,1
STR-004239,TreatmentA,B01,88.79,1.54,0.2342,516,21.77,0.6112,0.435,18.8,20.85,2,6.08,0,1
STR-004240,TreatmentA,B02,110.14,2.89,0.2473,170,65.64,0.462,0.2935,23.21,19.82,2,5.56,1,0
STR-004241,Control,B02,122.96,2.01,0.244,282,67.38,0.4173,0.497,33.92,19.32,1,8.91,1,0
STR-004242,TreatmentB,B03,101.97,1.77,0.2647,913,65.41,0.5376,0.4052,93.66,29.7,4,6.29,0,1
STR-004243,TreatmentB,B03,78.32,0.88,0.2386,136,63.8,0.6397,0.207,19.34,32.38,2,6.24,1,0
STR-004244,Control,B01,120.91,2.02,0.2809,331,21.16,0.5527,0.4721,19.7,31.7,5,4.78,0,0
STR-004245,Control,B01,102.54,2.38,0.2003,185,62.48,0.426,0.1907,43.34,16.98,2,5.08,0,0
STR-004246,TreatmentB,B02,105.97,1.07,0.2334,457,28.83,0.3334,0.1742,44.42,25.61,0,8.63,1,1
STR-004247,Control,B02,103.95,3.05,0.2523,323,22.86,0.3354,0.2531,30.66,31.8,2,6.65,0,1
STR-004248,Control,B03,85.07,1.07,0.2896,98,39.76,0.3628,0.3617,25.24,18.38,2,8.23,1,0
STR-004249,TreatmentB,B02,99.32,0.71,0.2059,452,63.12,0.5424,0.2401,20.51,19.37,2,7.98,1,0
STR-004250,TreatmentA,B02,106.87,1.46,0.293,359,46.68,0.5016,0.2886,29.3,15.77,1,7.19,1,1
STR-004251,TreatmentB,B02,97.82,0.87,0.2683,87,48.58,0.2809,0.158,31.48,18.0,2,4.87,1,1
STR-004252,TreatmentB,B03,85.03,0.66,0.2517,415,23.16,0.3059,0.3115,63.24,28.07,1,6.15,1,0
STR-004253,TreatmentA,B03,73.71,2.24,0.2595,507,60.84,0.3638,0.3999,14.26,28.46,7,8.41,0,0
STR-004254,TreatmentB,B02,70.9,2.11,0.2729,636,26.23,0.4804,0.2059,59.23,16.37,2,6.73,0,1
STR-004255,TreatmentA,B01,118.71,1.63,0.231,495,29.12,0.1733,0.3548,70.39,25.67,2,6.89,0,1
STR-004256,Control,B01,84.44,3.33,0.1803,144,27.52,0.4442,0.2989,47.79,26.54,2,5.76,0,1
STR-004257,TreatmentB,B02,120.83,1.13,0.2554,85,16.7,0.2309,0.2487,39.22,17.82,3,6.43,1,1
STR-004258,Control,B02,112.29,2.95,0.2232,171,24.09,0.4596,0.2617,75.37,34.02,1,7.79,0,1
STR-004259,Control,B01,100.8,2.14,0.2152,385,35.7,0.2714,0.3088,54.26,19.3,0,8.3,1,1
STR-004260,TreatmentA,B02,110.71,1.96,0.2464,177,43.81,0.5244,0.5926,50.69,21.66,5,9.59,1,0
STR-004261,TreatmentB,B02,109.94,2.38,0.1895,147,31.65,0.3524,0.3756,7.87,23.94,7,8.16,1,0
STR-004262,TreatmentB,B02,75.26,2.48,0.22,350,25.37,0.6403,0.2266,9.1,28.8,2,6.77,0,0
STR-004263,TreatmentA,B02,75.58,4.13,0.2519,331,129.39,0.4146,0.3004,31.31,18.72,5,6.34,0,0
STR-004264,TreatmentA,B03,102.35,2.71,0.2876,212,52.76,0.466,0.4887,47.86,20.42,1,8.1,0,1
STR-004265,TreatmentB,B02,89.88,1.53,0.2449,342,71.0,0.5566,0.2544,9.92,21.61,1,6.49,1,1
STR-004266,Control,B02,104.39,2.29,0.2037,227,60.18,0.32,0.3215,43.97,8.61,3,5.36,1,1
STR-004267,Control,B03,97.61,2.06,0.1536,594,20.96,0.2532,0.2223,21.21,27.17,1,6.53,1,1
STR-004268,Control,B03,92.69,1.85,0.2801,335,31.02,0.3523,0.5363,33.37,27.49,1,9.65,0,0
STR-004269,Control,B01,110.65,1.36,0.2685,160,40.47,0.4517,0.2838,60.16,26.23,0,6.62,0,1
STR-004270,TreatmentA,B03,102.21,1.83,0.2321,223,44.84,0.3625,0.3382,30.7,23.76,6,8.3,0,0
STR-004271,TreatmentA,B01,81.39,2.45,0.2651,418,19.35,0.4114,0.2528,52.61,22.8,3,5.81,1,1
STR-004272,Control,B01,66.64,2.24,0.1854,84,23.08,0.3684,0.2835,25.71,22.31,1,6.97,1,1
STR-004273,TreatmentB,B02,96.17,1.43,0.2112,498,46.68,0.1906,0.2506,14.2,18.26,4,3.75,1,1
STR-004274,Control,B02,104.52,2.53,0.2616,253,30.66,0.458,0.2815,27.7,28.25,1,5.46,0,1
STR-004275,TreatmentB,B01,74.07,1.26,0.1963,291,40.56,0.6087,0.1869,38.66,18.95,0,7.42,1,0
STR-004276,TreatmentB,B01,101.27,3.2,0.1698,409,26.1,0.3741,0.5109,11.05,20.42,1,6.53,1,1
STR-004277,TreatmentB,B02,103.62,1.62,0.2799,193,44.02,0.3119,0.2884,23.51,28.66,3,8.69,0,0
STR-004278,TreatmentB,B01,92.17,1.46,0.2539,177,37.11,0.4384,0.4478,18.1,31.33,3,5.67,0,1
STR-004279,Control,B01,107.69,3.56,0.2385,297,9.7,0.4833,0.1914,32.89,26.53,0,6.97,0,0
STR-004280,Control,B02,92.7,4.17,0.2224,269,12.44,0.6407,0.3237,75.77,15.03,1,6.67,0,0
STR-004281,TreatmentA,B01,107.59,2.69,0.2025,174,11.04,0.3899,0.5744,50.59,30.18,5,5.56,0,0
STR-004282,Control,B03,107.07,2.77,0.2196,114,32.87,0.4946,0.4405,45.1,21.62,1,7.03,0,1
STR-004283,Control,B03,126.39,2.08,0.2847,416,22.09,0.4937,0.4544,43.11,22.43,5,6.05,1,1
STR-004284,Control,B02,106.75,2.27,0.2141,493,68.78,0.5622,0.4079,59.91,25.34,1,7.35,0,1
STR-004285,TreatmentB,B01,106.14,3.32,0.2517,589,18.81,0.3083,0.1361,53.1,22.85,2,5.29,0,1
STR-004286,TreatmentB,B01,98.19,1.34,0.2566,272,30.11,0.2365,0.1024,19.94,28.28,2,7.75,1,1
STR-004287,Control,B01,98.34,2.71,0.26,218,33.1,0.5443,0.5722,40.52,25.74,3,5.94,0,1
STR-004288,TreatmentA,B01,94.53,2.06,0.2351,181,29.76,0.4448,0.1123,29.03,28.77,2,8.23,1,0
STR-004289,TreatmentB,B03,115.77,1.03,0.2271,158,51.88,0.4631,0.4815,25.95,28.87,1,8.31,1,1
STR-004290,Control,B02,90.81,2.88,0.2571,312,46.38,0.3505,0.4134,57.05,21.64,3,6.38,0,1
STR-004291,Control,B02,122.91,3.47,0.1835,218,27.22,0.6028,0.3326,139.81,15.63,1,5.01,0,0
STR-004292,TreatmentB,B01,99.44,0.81,0.2301,202,46.73,0.3987,0.4377,92.04,19.74,4,7.94,0,1
STR-004293,Control,B01,107.83,2.86,0.2265,487,25.24,0.5267,0.2532,30.92,22.17,3,8.14,1,1
STR-004294,Control,B02,116.99,2.52,0.2592,585,17.99,0.5442,0.5079,45.06,32.16,7,6.2,0,1
STR-004295,TreatmentB,B02,117.05,1.54,0.2859,269,31.78,0.3992,0.1307,15.94,23.2,1,9.28,0,0
STR-004296,Control,B01,110.71,2.59,0.2223,358,16.9,0.4423,0.2329,66.07,18.43,3,5.96,0,0
STR-004297,TreatmentA,B01,113.08,1.13,0.2266,180,30.55,0.5853,0.25,30.77,21.96,2,7.6,0,1
STR-004298,TreatmentB,B02,82.65,1.49,0.2341,329,15.48,0.3007,0.2773,22.94,28.62,6,4.54,1,0
STR-004299,TreatmentB,B03,77.37,2.05,0.1795,261,51.55,0.53,0.4141,16.68,21.39,0,9.04,0,1
STR-004300,Control,B03,81.81,2.31,0.2669,125,70.39,0.3538,0.3211,32.29,23.96,1,9.09,0,0
STR-004301,Control,B03,112.77,2.22,0.2722,131,35.16,0.3884,0.431,44.18,18.43,7,4.91,0,0
STR-004302,Control,B01,94.54,2.36,0.2344,194,86.82,0.5572,0.1631,48.76,20.16,6,5.72,0,0
STR-004303,TreatmentB,B03,111.11,1.12,0.1963,418,37.46,0.3424,0.3054,45.12,21.59,2,7.96,1,0
STR-004304,TreatmentA,B03,87.75,2.16,0.1918,207,15.86,0.4133,0.5901,31.4,29.2,3,5.8,0,1
STR-004305,TreatmentB,B02,104.11,1.3,0.2579,492,24.59,0.6146,0.0818,45.78,13.54,2,10.21,0,0
STR-004306,TreatmentA,B03,124.66,2.39,0.199,91,17.94,0.7223,0.1526,16.49,25.32,1,5.04,0,0
STR-004307,Control,B02,78.3,2.13,0.2249,841,46.75,0.4992,0.2723,32.86,12.03,2,7.66,1,0
STR-004308,Control,B03,95.46,1.93,0.2485,490,21.29,0.6704,0.3083,48.76,30.93,2,6.13,0,1
STR-004309,TreatmentA,B03,71.99,1.74,0.2998,780,8.39,0.5693,0.3222,35.98,18.12,3,4.71,0,0
STR-004310,TreatmentA,B03,88.0,1.83,0.273,395,41.82,0.2635,0.5151,43.48,27.83,3,7.29,0,0
STR-004311,Control,B01,113.47,2.86,0.1875,114,49.79,0.2509,0.4302,51.34,26.99,3,6.96,1,0
STR-004312,TreatmentB,B01,102.1,1.25,0.2289,281,57.11,0.3248,0.1587,25.28,23.61,2,8.2,1,1
STR-004313,TreatmentB,B03,99.88,1.01,0.2523,124,12.82,0.3045,0.1507,23.9,30.01,5,7.48,1,1
STR-004314,Control,B02,103.25,1.47,0.2533,336,75.36,0.1891,0.2864,67.02,21.35,2,8.55,0,0
STR-004315,TreatmentA,B03,97.92,1.21,0.2037,88,86.48,0.5388,0.1113,28.59,14.48,4,4.98,1,0
STR-004316,TreatmentB,B03,105.16,1.9,0.2465,113,61.92,0.364,0.1423,5.56,38.82,1,6.21,1,1
STR-004317,TreatmentA,B01,122.91,2.2,0.2517,205,20.37,0.6856,0.1129,24.93,26.68,3,6.19,0,0
STR-004318,TreatmentB,B03,115.32,1.87,0.2405,336,17.97,0.5108,0.2119,54.45,22.43,4,9.96,1,0
STR-004319,TreatmentB,B02,114.3,1.1,0.2285,284,133.55,0.3878,0.2809,41.67,22.19,2,9.15,1,0
STR-004320,TreatmentB,B01,91.62,0.69,0.2803,369,96.92,0.5132,0.4798,63.61,21.38,1,5.21,0,0
STR-004321,Control,B01,148.15,2.37,0.2659,133,40.58,0.4532,0.2969,61.8,22.7,1,6.26,0,0
STR-004322,TreatmentB,B01,123.01,1.89,0.2194,328,31.95,0.3515,0.3857,54.9,27.36,4,9.34,0,0
STR-004323,TreatmentA,B01,123.11,1.81,0.2406,399,37.0,0.3833,0.3853,45.59,33.5,2,6.35,1,1
STR-004324,TreatmentA,B03,77.91,1.9,0.2266,348,36.44,0.5655,0.2765,31.39,26.31,6,8.85,1,0
STR-004325,TreatmentB,B02,85.58,1.96,0.2546,246,86.6,0.7138,0.3464,98.54,12.45,1,7.63,0,1
STR-004326,Control,B01,110.19,3.08,0.1985,351,69.3,0.2353,0.3235,47.69,26.39,0,5.37,0,1
STR-004327,TreatmentB,B01,91.73,1.08,0.2274,402,11.73,0.1617,0.2112,13.47,15.32,2,9.4,1,1
STR-004328,TreatmentB,B02,81.48,0.92,0.2464,228,44.77,0.2607,0.2895,16.08,36.46,2,8.98,1,0
STR-004329,TreatmentB,B03,113.68,0.97,0.237,905,28.39,0.0741,0.577,19.68,28.0,3,5.1,1,0
STR-004330,TreatmentB,B03,89.7,5.06,0.2681,112,35.96,0.6164,0.198,32.24,19.44,3,8.89,0,0
STR-004331,TreatmentB,B03,88.96,1.12,0.2413,479,46.41,0.1469,0.6928,25.34,25.79,6,6.36,1,0
STR-004332,Control,B01,106.92,1.91,0.2005,291,66.03,0.6477,0.3032,61.63,24.48,1,5.88,1,0
STR-004333,Control,B01,106.58,2.47,0.3109,264,36.23,0.4191,0.1989,51.42,22.7,1,9.24,1,0
STR-004334,TreatmentB,B02,79.09,2.06,0.2868,522,31.71,0.4961,0.1972,16.38,20.66,2,6.73,0,1
STR-004335,TreatmentB,B02,91.08,0.83,0.1924,596,42.88,0.5637,0.5543,29.65,25.22,2,6.48,1,1
STR-004336,Control,B02,92.11,1.65,0.2185,144,72.48,0.3268,0.3316,50.09,22.53,1,7.5,1,0
STR-004337,TreatmentB,B01,77.66,1.68,0.2409,374,59.44,0.4521,0.4037,16.29,12.98,4,8.09,1,0
STR-004338,Control,B01,103.69,2.68,0.2201,102,11.26,0.3786,0.5183,23.25,31.14,5,4.88,0,0
STR-004339,TreatmentA,B01,83.35,1.65,0.2335,112,10.73,0.3406,0.4439,28.88,25.25,0,7.89,1,0
STR-004340,Control,B01,97.96,2.16,0.225,248,16.45,0.235,0.2418,71.89,19.01,5,8.19,0,1
STR-004341,Control,B03,91.88,1.79,0.2624,183,83.66,0.5375,0.264,66.86,22.51,2,6.23,0,0
STR-004342,TreatmentB,B02,94.63,1.98,0.2908,384,34.15,0.2954,0.086,13.27,21.35,3,6.03,0,1
STR-004343,Control,B02,103.76,2.18,0.2629,1026,35.31,0.6356,0.3025,42.59,20.03,0,7.58,0,0
STR-004344,TreatmentA,B01,130.74,2.03,0.1828,134,15.09,0.183,0.1696,24.94,22.47,4,3.85,1,1
STR-004345,Control,B03,131.97,2.23,0.2226,155,27.48,0.2311,0.2172,35.78,26.48,1,6.32,0,1
STR-004346,TreatmentB,B03,106.44,1.72,0.2519,174,34.46,0.5593,0.1478,31.26,24.61,2,5.54,0,0
STR-004347,TreatmentB,B01,80.41,2.06,0.1849,560,27.58,0.5157,0.1648,41.15,25.17,4,5.23,1,0
STR-004348,TreatmentB,B02,68.27,6.64,0.2099,229,34.84,0.3139,0.264,11.2,19.27,3,7.0,0,1
STR-004349,TreatmentB,B02,95.55,1.94,0.2024,782,77.23,0.1886,0.2392,15.94,26.54,2,8.23,0,1
STR-004350,TreatmentA,B02,113.5,2.84,0.2179,254,20.12,0.256,0.3813,38.98,26.07,4,8.01,0,0
STR-004351,TreatmentB,B03,93.99,1.53,0.2387,461,23.65,0.5782,0.6517,6.92,20.54,4,7.61,1,1
STR-004352,TreatmentB,B01,98.54,2.88,0.2869,277,66.34,0.3818,0.2649,37.58,26.79,1,3.99,0,0
STR-004353,TreatmentA,B01,102.7,2.01,0.218,568,36.28,0.5986,0.2834,28.97,27.87,4,8.69,0,0
STR-004354,Control,B03,82.4,1.85,0.2791,210,31.07,0.2454,0.4261,34.21,24.58,6,4.35,0,0
STR-004355,TreatmentB,B03,108.07,1.12,0.2407,114,21.05,0.5977,0.2557,24.82,38.68,2,6.16,1,1
STR-004356,TreatmentA,B02,97.12,1.42,0.2533,114,13.63,0.6606,0.3685,33.71,24.35,2,5.99,1,1
STR-004357,TreatmentA,B02,83.6,1.32,0.2122,246,70.31,0.6077,0.237,19.94,21.43,1,5.64,1,0
STR-004358,TreatmentA,B03,88.14,2.41,0.2702,60,12.57,0.3479,0.1878,47.11,31.89,1,7.44,0,1
STR-004359,TreatmentB,B03,82.16,0.66,0.1937,1390,75.85,0.6991,0.4449,23.47,26.08,1,5.52,1,1
STR-004360,TreatmentB,B02,75.07,0.97,0.1716,389,22.85,0.3544,0.5146,18.27,21.6,0,5.39,1,1
STR-004361,TreatmentA,B03,89.14,2.12,0.2399,431,92.95,0.3984,0.4635,33.3,34.31,2,7.05,0,1
STR-004362,TreatmentA,B03,82.91,2.72,0.245,491,19.8,0.4923,0.4044,37.53,26.92,2,9.79,0,0
STR-004363,TreatmentA,B02,104.39,1.55,0.2365,283,19.61,0.4432,0.2749,58.4,28.19,6,7.44,0,1
STR-004364,TreatmentB,B03,89.55,1.23,0.2016,274,59.02,0.634,0.4369,25.71,25.36,2,8.34,1,1
STR-004365,TreatmentB,B01,71.54,1.16,0.2133,145,27.68,0.6106,0.2193,31.5,14.31,4,5.8,1,0
STR-004366,TreatmentA,B03,89.77,1.02,0.226,138,40.18,0.4179,0.3462,32.25,31.85,2,7.77,1,0
STR-004367,Control,B02,108.58,2.17,0.2148,750,75.78,0.5731,0.1983,20.28,11.8,1,5.04,0,0
STR-004368,Control,B02,104.78,2.58,0.2013,252,37.07,0.2578,0.1981,37.57,36.51,5,6.37,0,1
STR-004369,TreatmentA,B02,104.18,1.04,0.2046,317,10.97,0.3467,0.3519,88.28,22.58,1,9.27,1,0
STR-004370,Control,B03,119.58,2.11,0.2578,553,35.58,0.2373,0.2526,61.12,11.61,0,8.44,0,0
STR-004371,TreatmentB,B02,120.41,1.89,0.238,139,22.77,0.147,0.266,28.66,7.68,3,8.15,1,0
STR-004372,TreatmentA,B02,86.12,1.99,0.2268,415,37.76,0.6596,0.4567,39.25,23.92,4,3.91,1,1
STR-004373,TreatmentB,B02,102.08,1.74,0.2134,247,52.45,0.25,0.2102,53.49,22.52,3,8.19,1,1
STR-004374,Control,B02,121.47,2.15,0.2296,193,10.55,0.4569,0.1786,59.49,27.06,0,6.43,1,1
STR-004375,TreatmentB,B03,110.65,0.72,0.1629,433,12.13,0.5653,0.1678,15.61,18.07,2,7.64,1,1
STR-004376,Control,B03,109.55,2.29,0.3032,772,51.06,0.4494,0.2938,40.22,26.52,0,5.89,0,1
STR-004377,TreatmentB,B03,122.97,2.18,0.2291,660,14.46,0.2386,0.2255,29.78,25.12,1,7.79,0,1
STR-004378,TreatmentA,B01,108.56,1.47,0.2444,205,50.55,0.3436,0.2573,31.15,4.62,0,5.75,0,1
STR-004379,TreatmentB,B02,122.15,1.73,0.262,301,23.42,0.4471,0.3922,42.14,30.35,3,7.14,1,1
STR-004380,Control,B02,71.13,2.01,0.2991,181,99.21,0.5479,0.358,43.25,21.62,5,7.8,0,1
STR-004381,TreatmentA,B01,85.75,1.38,0.1822,616,13.72,0.3523,0.2608,50.44,12.93,2,4.87,1,0
STR-004382,Control,B03,93.71,2.93,0.2229,437,34.35,0.4807,0.4601,30.65,26.13,7,5.05,0,0
STR-004383,Control,B01,102.87,2.47,0.249,182,51.03,0.3009,0.4046,35.44,11.22,3,8.15,1,0
STR-004384,TreatmentA,B03,107.9,2.93,0.2587,145,105.62,0.2117,0.3638,29.8,24.23,0,7.61,0,0
STR-004385,TreatmentB,B03,102.22,1.6,0.2527,373,11.82,0.1178,0.4272,11.76,25.77,3,5.64,1,1
STR-004386,TreatmentB,B01,113.0,1.37,0.1568,469,131.68,0.5752,0.2438,66.63,12.96,4,8.62,1,0
STR-004387,TreatmentB,B02,103.02,1.69,0.2723,142,9.31,0.4724,0.2127,31.9,17.05,1,5.7,0,0
STR-004388,TreatmentA,B03,84.68,2.33,0.2404,625,49.25,0.4878,0.3828,37.04,24.93,2,6.53,0,1
STR-004389,TreatmentA,B02,131.32,1.3,0.2241,491,7.94,0.3973,0.2443,15.76,34.73,2,7.07,1,1
STR-004390,TreatmentB,B01,91.13,1.27,0.2154,208,16.36,0.6114,0.116,37.29,27.23,1,7.17,1,0
STR-004391,Control,B03,88.52,2.91,0.2192,109,31.91,0.6024,0.2386,30.09,21.26,1,4.91,0,0
STR-004392,TreatmentA,B01,66.68,2.24,0.1862,387,26.06,0.4435,0.223,51.72,19.04,1,4.35,1,0
STR-004393,TreatmentA,B03,134.08,1.58,0.2221,238,35.94,0.3558,0.3726,33.48,20.82,3,6.99,1,0
STR-004394,TreatmentA,B03,96.62,1.76,0.2051,242,9.9,0.3406,0.1323,17.97,27.87,1,6.42,1,1
STR-004395,Control,B02,108.52,2.88,0.2736,542,84.54,0.5457,0.4258,42.01,31.35,2,7.11,0,1
STR-004396,TreatmentA,B02,111.22,3.61,0.1983,147,42.71,0.3408,0.3611,29.37,29.91,1,6.36,0,0
STR-004397,TreatmentB,B02,114.64,2.35,0.2654,175,69.64,0.5852,0.2851,15.01,26.56,4,8.37,0,1
STR-004398,TreatmentA,B03,106.43,1.82,0.228,105,59.54,0.5997,0.4388,31.42,18.98,1,7.7,1,1
STR-004399,Control,B03,98.63,1.57,0.2341,258,68.22,0.2474,0.4326,35.32,39.08,1,6.56,0,0
STR-004400,TreatmentA,B02,90.25,1.51,0.2572,319,71.71,0.4806,0.2171,19.35,28.15,4,6.61,1,0
STR-004401,TreatmentB,B03,102.85,0.93,0.2499,330,28.0,0.3676,0.2707,22.27,26.85,3,6.92,1,1
STR-004402,TreatmentA,B01,100.48,1.45,0.1575,294,41.28,0.2775,0.2587,35.04,29.63,0,4.64,1,1
STR-004403,TreatmentB,B02,86.32,0.76,0.2596,152,45.55,0.3071,0.1279,35.19,16.07,1,7.98,1,1
STR-004404,TreatmentB,B03,124.32,0.8,0.2009,536,63.6,0.3658,0.2709,16.49,16.09,1,4.25,1,0
STR-004405,Control,B01,124.64,2.66,0.1883,213,50.89,0.2428,0.149,37.76,27.56,3,7.38,1,1
STR-004406,TreatmentB,B02,92.3,1.87,0.2077,677,29.49,0.4668,0.2602,45.8,23.99,1,5.19,0,0
STR-004407,Control,B03,74.6,2.52,0.239,254,31.72,0.4691,0.1816,28.34,22.61,1,7.55,0,0
STR-004408,TreatmentB,B02,73.04,2.67,0.2799,149,25.32,0.2409,0.2929,83.68,25.1,0,9.14,1,0
STR-004409,TreatmentA,B02,83.97,2.13,0.2056,537,6.99,0.6366,0.2456,22.07,28.48,4,8.33,0,0
STR-004410,TreatmentA,B02,85.27,2.93,0.2727,478,36.9,0.4391,0.2361,26.99,22.56,0,7.42,0,1
STR-004411,TreatmentA,B02,91.84,1.65,0.2627,193,43.37,0.3921,0.3791,43.89,13.18,1,6.74,1,1
STR-004412,TreatmentA,B01,97.45,1.01,0.215,426,96.75,0.4238,0.1242,35.78,28.26,4,6.62,1,1
STR-004413,TreatmentB,B01,87.83,1.18,0.3108,214,67.78,0.259,0.3434,26.97,31.16,3,9.63,0,0
STR-004414,TreatmentA,B03,87.06,1.69,0.2157,178,16.52,0.2633,0.2283,41.35,28.62,1,6.89,1,1
STR-004415,TreatmentB,B01,121.89,2.19,0.2695,77,9.97,0.6797,0.2012,20.49,29.29,3,7.56,1,0
STR-004416,TreatmentB,B02,89.13,1.42,0.2517,268,60.67,0.4913,0.334,14.76,25.34,2,6.39,1,1
STR-004417,Control,B01,103.14,2.05,0.2624,129,80.51,0.1154,0.3388,42.78,23.57,1,8.84,0,0
STR-004418,TreatmentB,B02,94.76,0.96,0.2678,130,22.01,0.2926,0.2007,59.53,12.86,4,5.44,0,0
STR-004419,Control,B03,133.35,1.32,0.2592,201,26.98,0.5804,0.3753,27.07,30.28,3,5.43,1,1
STR-004420,Control,B02,86.65,2.31,0.2205,343,47.43,0.3594,0.4245,47.52,33.14,2,7.22,0,0
STR-004421,TreatmentB,B03,100.92,0.45,0.2081,235,44.49,0.5119,0.3155,19.42,16.12,1,7.35,1,1
STR-004422,Control,B03,76.52,2.74,0.242,171,29.91,0.4246,0.4963,40.23,36.8,0,10.87,0,0
STR-004423,TreatmentB,B01,127.13,1.61,0.2578,188,45.14,0.4359,0.2083,17.61,30.29,1,5.71,1,0
STR-004424,TreatmentB,B02,64.36,0.86,0.2554,600,32.93,0.3052,0.3915,41.68,11.84,4,8.58,0,0
STR-004425,Control,B03,109.62,2.67,0.2602,747,111.38,0.3669,0.1106,72.52,17.45,1,4.03,1,0
STR-004426,TreatmentA,B03,91.92,2.07,0.2395,358,14.28,0.266,0.5431,49.68,20.16,2,5.69,1,0
STR-004427,TreatmentB,B03,92.48,1.9,0.2533,203,42.14,0.3575,0.193,9.07,12.17,0,5.1,1,0
STR-004428,Control,B02,112.75,2.52,0.2602,479,51.08,0.4376,0.338,69.9,28.59,2,4.44,0,0
STR-004429,TreatmentA,B02,84.73,1.95,0.1693,309,56.22,0.5184,0.2703,33.21,24.99,0,4.58,1,0
STR-004430,Control,B02,114.79,1.45,0.2087,116,32.38,0.4236,0.1022,47.19,20.39,3,7.41,1,1
STR-004431,TreatmentA,B01,85.06,3.12,0.2335,404,92.12,0.6427,0.3101,24.23,26.5,3,8.85,0,0
STR-004432,Control,B03,103.11,1.57,0.2953,236,33.19,0.2162,0.3046,39.49,24.98,1,10.53,0,0
STR-004433,TreatmentA,B01,122.9,1.23,0.1943,261,17.11,0.425,0.2985,66.88,19.98,5,8.85,1,0
STR-004434,TreatmentA,B02,56.54,1.81,0.1857,189,30.6,0.5131,0.3169,15.68,28.01,5,7.47,0,1
STR-004435,TreatmentA,B01,124.2,3.04,0.214,246,44.31,0.3404,0.3918,18.12,25.27,2,5.32,0,0
STR-004436,TreatmentA,B02,95.88,2.65,0.2216,171,12.81,0.2855,0.3449,50.21,30.64,1,7.34,0,1
STR-004437,Control,B02,105.45,1.74,0.2681,186,69.21,0.3554,0.5116,84.79,32.18,4,4.73,1,0
STR-004438,TreatmentA,B01,122.43,1.49,0.2842,107,26.49,0.3829,0.3636,31.24,33.43,1,4.74,1,0
STR-004439,Control,B02,90.61,2.18,0.2775,437,38.13,0.7137,0.1929,66.76,9.92,2,6.25,0,0
STR-004440,Control,B02,109.98,1.66,0.2617,112,27.18,0.5338,0.2229,37.99,19.68,4,7.23,0,0
STR-004441,TreatmentB,B02,93.81,1.04,0.2433,301,22.89,0.5777,0.4756,9.54,31.66,5,8.0,1,1
STR-004442,TreatmentB,B02,90.17,2.14,0.2237,145,29.32,0.6393,0.3558,9.52,30.23,1,6.69,1,1
STR-004443,Control,B03,105.9,1.91,0.3175,469,35.94,0.4848,0.3051,71.85,19.7,3,4.68,0,0
STR-004444,Control,B01,102.1,2.1,0.1503,90,74.4,0.3538,0.3073,38.7,33.2,5,8.06,1,0
STR-004445,TreatmentA,B03,86.87,2.6,0.2279,987,108.87,0.5752,0.4372,26.17,22.01,3,7.27,1,1
STR-004446,TreatmentB,B01,100.74,1.52,0.2812,374,73.14,0.2285,0.3689,51.25,19.01,2,3.91,0,0
STR-004447,TreatmentA,B03,82.38,1.12,0.22,457,12.71,0.3373,0.4115,67.7,22.35,3,8.53,1,0
STR-004448,Control,B03,97.8,2.33,0.2323,242,72.83,0.6219,0.1447,32.74,19.29,1,9.15,1,0
STR-004449,TreatmentA,B01,112.36,2.17,0.2333,98,8.39,0.717,0.0747,29.56,28.52,0,6.31,1,0
STR-004450,TreatmentB,B02,115.34,1.29,0.2297,387,6.67,0.1779,0.4206,17.31,10.68,6,7.76,1,0
STR-004451,TreatmentA,B01,124.48,1.19,0.2475,345,46.45,0.3227,0.4033,36.3,30.55,3,7.47,1,1
STR-004452,Control,B02,95.19,4.45,0.1967,284,67.44,0.3108,0.4831,48.52,31.75,4,3.87,0,0
STR-004453,Control,B01,116.58,2.32,0.217,149,37.84,0.5251,0.3039,48.74,31.17,2,8.58,0,0
STR-004454,Control,B03,97.67,2.52,0.2085,662,35.72,0.2086,0.3381,33.62,17.27,1,8.34,1,0
STR-004455,TreatmentA,B03,91.61,1.66,0.1899,412,25.55,0.3756,0.3036,39.11,24.17,2,6.18,1,1
STR-004456,Control,B01,94.79,2.28,0.2331,631,155.48,0.304,0.105,58.82,35.96,2,8.12,0,1
STR-004457,TreatmentB,B01,104.82,2.11,0.2135,339,30.52,0.3182,0.2239,43.12,23.5,3,9.39,1,0
STR-004458,TreatmentB,B02,95.19,2.85,0.2034,384,47.69,0.4273,0.1855,48.69,21.14,3,9.62,1,0
STR-004459,TreatmentA,B02,92.96,1.2,0.215,793,44.12,0.5007,0.3545,67.06,26.94,6,7.87,0,1
STR-004460,TreatmentA,B02,108.95,2.4,0.2777,572,23.98,0.2764,0.3233,35.47,31.2,0,6.95,0,1
STR-004461,TreatmentA,B03,77.07,2.95,0.2628,106,37.3,0.4733,0.3823,22.05,7.95,2,5.97,0,0
STR-004462,TreatmentA,B01,85.69,1.16,0.2696,928,18.58,0.3266,0.2949,53.2,21.85,2,5.99,0,0
STR-004463,Control,B03,112.68,2.24,0.2237,327,24.55,0.2707,0.3843,51.73,24.62,1,6.52,1,0
STR-004464,Control,B01,101.26,2.05,0.2122,507,39.04,0.2726,0.4373,52.39,24.77,1,7.49,0,0
STR-004465,Control,B01,98.89,4.3,0.208,418,22.19,0.347,0.3887,71.08,21.5,2,7.5,0,1
STR-004466,TreatmentB,B03,126.0,1.22,0.2738,390,75.23,0.3751,0.2601,24.21,26.07,2,6.78,1,1
STR-004467,TreatmentB,B01,120.47,2.81,0.2176,283,25.38,0.2631,0.2538,34.2,23.93,2,7.23,0,1
STR-004468,Control,B02,123.24,2.0,0.2558,158,27.48,0.6488,0.2496,32.57,32.16,4,4.26,1,0
STR-004469,Control,B01,116.54,2.07,0.2357,297,38.47,0.5154,0.3693,48.07,38.43,0,6.28,0,1
STR-004470,TreatmentB,B03,103.46,1.88,0.2163,325,6.51,0.5292,0.4299,21.22,16.67,2,6.02,0,1
STR-004471,TreatmentB,B02,87.67,2.07,0.2078,239,37.71,0.4336,0.5509,28.33,27.48,3,6.7,0,1
STR-004472,TreatmentB,B03,84.12,1.53,0.1998,287,61.87,0.4094,0.305,42.63,34.97,4,6.58,1,1
STR-004473,Control,B03,112.72,1.92,0.213,440,23.72,0.4748,0.5105,60.32,26.55,4,6.49,0,1
STR-004474,TreatmentB,B02,72.96,0.76,0.2859,137,68.1,0.2359,0.3327,31.6,25.2,1,7.37,1,0
STR-004475,TreatmentB,B03,86.03,2.12,0.2673,244,28.92,0.5363,0.4205,27.03,24.61,2,8.63,1,0
STR-004476,Control,B02,114.83,2.66,0.2412,428,65.41,0.6671,0.4003,35.12,16.1,1,7.39,1,1
STR-004477,TreatmentB,B01,106.54,0.86,0.2619,393,126.8,0.3297,0.34,34.87,34.28,1,6.73,0,1
STR-004478,TreatmentB,B01,95.73,2.08,0.2222,137,51.46,0.3217,0.1401,17.74,30.38,3,7.37,1,1
STR-004479,TreatmentA,B03,65.0,2.16,0.1723,535,18.87,0.7047,0.3146,31.83,20.63,2,5.05,0,0
STR-004480,TreatmentB,B03,84.09,1.38,0.2437,361,53.87,0.433,0.2425,13.68,21.91,3,7.13,1,1
STR-004481,TreatmentB,B01,82.03,1.08,0.2428,392,18.77,0.3975,0.402,55.11,22.54,3,6.13,1,1
STR-004482,TreatmentB,B03,114.74,3.39,0.247,210,16.68,0.3291,0.1417,34.96,27.48,0,6.52,0,1
STR-004483,TreatmentA,B02,137.21,2.26,0.2056,277,38.08,0.5789,0.1612,33.16,24.83,4,7.77,0,1
STR-004484,TreatmentB,B01,116.61,0.69,0.208,1421,38.39,0.3431,0.1372,61.35,30.55,1,7.65,1,0
STR-004485,TreatmentA,B01,82.54,1.68,0.2852,563,14.08,0.3351,0.4254,40.12,32.44,2,7.63,0,0
STR-004486,Control,B02,90.95,2.15,0.157,392,27.67,0.4976,0.4543,33.49,15.02,4,5.21,1,1
STR-004487,TreatmentA,B01,86.24,1.42,0.2507,113,15.18,0.4166,0.4736,13.34,16.93,1,8.35,1,0
STR-004488,TreatmentA,B03,83.89,1.88,0.2681,496,11.35,0.3679,0.4115,64.78,31.64,1,9.06,0,0
STR-004489,TreatmentB,B01,111.88,0.75,0.2384,219,46.27,0.6249,0.344,16.56,32.41,4,5.36,1,0
STR-004490,Control,B01,89.08,2.97,0.2412,276,15.56,0.2699,0.5373,46.51,21.77,3,6.38,0,0
STR-004491,TreatmentA,B02,104.32,1.41,0.1652,93,107.12,0.4731,0.3128,62.16,27.48,3,7.84,1,1
STR-004492,Control,B02,109.35,1.97,0.2464,545,13.54,0.4895,0.1593,51.49,25.91,1,8.29,1,0
STR-004493,TreatmentA,B02,98.33,1.64,0.2142,194,35.79,0.2731,0.492,19.29,26.28,2,7.62,1,0
STR-004494,TreatmentB,B01,108.5,1.73,0.1592,1251,67.22,0.5382,0.2728,9.89,25.51,2,7.02,1,0
STR-004495,Control,B02,119.77,1.91,0.2245,75,46.87,0.406,0.2455,35.19,17.41,2,8.43,1,0
STR-004496,TreatmentA,B02,132.87,2.18,0.232,273,30.75,0.2984,0.3129,35.6,29.21,2,10.0,0,0
STR-004497,TreatmentB,B03,90.13,1.11,0.2432,355,24.66,0.3969,0.2615,13.02,20.66,3,8.95,1,0
STR-004498,TreatmentB,B03,97.68,0.85,0.189,162,48.08,0.6442,0.2948,20.67,32.22,4,6.28,1,1
STR-004499,TreatmentA,B02,124.54,2.31,0.1984,258,75.76,0.3081,0.1679,25.61,22.69,4,7.42,1,1
STR-004500,Control,B02,79.48,3.35,0.2668,731,38.98,0.5473,0.128,37.34,27.5,0,6.32,0,1
STR-004501,Control,B03,100.33,2.6,0.2972,160,61.83,0.4087,0.1593,47.69,22.75,2,7.84,0,1
STR-004502,TreatmentA,B02,83.94,1.3,0.2588,179,44.69,0.6666,0.3972,30.02,22.43,2,6.59,1,1
STR-004503,TreatmentA,B03,96.8,2.51,0.2444,138,38.42,0.2554,0.1829,26.47,12.48,7,7.28,0,1
STR-004504,TreatmentA,B03,105.7,1.44,0.2335,160,31.83,0.6068,0.2702,22.18,41.59,0,4.24,0,0
STR-004505,TreatmentA,B02,69.05,1.7,0.2674,298,48.84,0.74,0.2673,38.96,20.44,2,5.38,0,0
STR-004506,Control,B01,89.24,1.79,0.2736,120,21.15,0.3589,0.478,33.38,19.06,3,6.61,0,1
STR-004507,Control,B02,101.3,3.55,0.2339,193,19.01,0.6543,0.302,71.43,25.25,1,5.86,0,1
STR-004508,TreatmentA,B02,104.35,1.53,0.1574,315,52.37,0.5118,0.4708,39.08,29.82,1,6.42,1,1
STR-004509,TreatmentB,B01,116.31,1.31,0.2212,371,16.26,0.4197,0.2623,35.06,28.28,4,6.66,0,1
STR-004510,TreatmentB,B02,106.93,1.14,0.2304,788,15.08,0.4567,0.0755,37.07,30.42,1,7.69,1,0
STR-004511,TreatmentB,B03,80.82,1.5,0.3058,300,46.97,0.468,0.2181,18.91,30.59,3,6.6,0,1
STR-004512,Control,B02,95.25,1.7,0.2072,194,119.15,0.4138,0.3034,24.69,30.02,1,6.7,1,1
STR-004513,TreatmentB,B03,119.77,1.29,0.1706,465,52.01,0.6052,0.074,13.46,27.3,3,5.76,1,0
STR-004514,TreatmentB,B03,93.65,2.28,0.2236,88,22.67,0.4709,0.3296,26.59,15.01,4,7.01,1,1
STR-004515,TreatmentB,B03,80.33,1.06,0.2443,335,22.15,0.3427,0.3166,13.98,20.49,3,3.85,1,0
STR-004516,Control,B02,104.54,2.23,0.2537,384,28.84,0.4439,0.0992,60.52,22.13,1,7.15,0,1
STR-004517,TreatmentB,B03,106.16,1.71,0.204,277,49.64,0.22,0.4235,18.3,9.91,4,6.72,1,0
STR-004518,TreatmentB,B03,76.23,4.03,0.2504,532,10.38,0.6041,0.2635,12.77,19.68,4,7.19,0,1
STR-004519,Control,B03,123.24,1.61,0.1757,144,31.41,0.5245,0.2689,36.97,25.04,2,7.98,1,1
STR-004520,Control,B03,80.29,3.85,0.2104,168,23.16,0.1049,0.1589,52.71,24.05,1,7.22,0,1
STR-004521,TreatmentB,B03,101.53,1.63,0.2324,1058,34.72,0.5865,0.5491,10.03,21.36,3,8.09,1,1
STR-004522,TreatmentA,B03,97.13,1.5,0.2701,192,21.66,0.3471,0.3762,46.22,20.94,3,5.72,0,1
STR-004523,TreatmentB,B03,129.54,1.94,0.1868,876,22.39,0.5456,0.0961,35.72,22.07,1,6.93,1,0
STR-004524,TreatmentB,B01,116.65,2.25,0.2992,178,40.28,0.4398,0.4475,32.75,20.63,3,7.15,0,1
STR-004525,Control,B01,80.93,2.03,0.2094,97,14.21,0.3932,0.2637,46.39,24.39,2,6.39,1,1
STR-004526,Control,B01,90.72,2.03,0.2396,615,44.13,0.5016,0.2788,39.57,24.89,3,5.22,1,0
STR-004527,TreatmentA,B01,87.0,1.2,0.2648,234,62.33,0.4437,0.1677,31.98,17.99,1,6.04,1,0
STR-004528,TreatmentB,B01,96.67,1.46,0.2437,144,23.47,0.3131,0.3695,41.95,24.14,1,5.1,1,0
STR-004529,Control,B03,108.95,1.77,0.2513,200,17.31,0.5461,0.3742,43.58,29.22,3,8.62,0,0
STR-004530,TreatmentA,B02,121.3,2.58,0.2031,130,31.67,0.506,0.1857,11.48,24.89,2,4.44,1,0
STR-004531,Control,B03,106.05,2.97,0.2405,388,24.8,0.5499,0.3051,55.83,20.55,3,6.8,0,1
STR-004532,Control,B02,85.35,1.6,0.2388,138,16.73,0.4585,0.2622,33.86,27.06,4,6.94,1,1
STR-004533,Control,B01,81.77,1.72,0.2242,271,66.44,0.4161,0.3804,39.51,26.0,2,9.01,0,0
STR-004534,TreatmentA,B03,120.98,1.37,0.2019,379,34.12,0.4239,0.0866,31.35,23.44,1,6.68,1,1
STR-004535,Control,B02,113.4,2.3,0.2031,272,21.11,0.4668,0.2305,40.77,27.67,3,5.3,0,0
STR-004536,TreatmentA,B01,104.22,1.22,0.2626,102,50.5,0.4879,0.2809,24.7,32.54,1,6.82,1,0
STR-004537,TreatmentA,B03,60.69,1.7,0.2258,617,34.78,0.2959,0.2906,40.96,23.65,2,7.43,1,1
STR-004538,TreatmentB,B02,93.23,0.51,0.2968,183,32.49,0.3931,0.2085,28.69,36.35,0,5.85,0,1
STR-004539,TreatmentA,B03,115.72,2.62,0.2344,339,97.41,0.5913,0.3684,77.74,18.64,2,7.13,0,1
STR-004540,TreatmentB,B02,90.89,0.69,0.2447,285,16.14,0.6573,0.3012,19.49,26.43,3,6.23,1,1
STR-004541,TreatmentB,B02,70.26,0.57,0.23,190,10.51,0.4786,0.1726,10.18,19.09,0,6.6,1,0
STR-004542,TreatmentA,B03,103.94,3.1,0.1941,484,31.54,0.4567,0.2643,48.82,26.4,1,6.1,1,1
STR-004543,Control,B02,106.87,2.41,0.1764,180,33.1,0.4703,0.403,38.59,30.34,3,7.82,0,1
STR-004544,TreatmentB,B03,101.03,0.65,0.2307,215,56.75,0.3162,0.2162,23.05,31.47,4,5.37,1,0
STR-004545,TreatmentA,B02,97.87,1.23,0.2403,288,17.03,0.5024,0.2196,28.79,18.38,1,5.97,1,1
STR-004546,TreatmentB,B01,113.73,1.41,0.256,328,41.41,0.4303,0.4228,26.42,21.74,3,6.87,1,1
STR-004547,TreatmentB,B01,109.96,2.31,0.2475,234,57.63,0.3773,0.3526,47.94,11.67,4,8.21,1,0
STR-004548,TreatmentB,B03,76.3,1.86,0.1833,119,28.16,0.5579,0.3536,12.74,29.1,2,4.34,1,0
STR-004549,TreatmentA,B02,88.02,1.96,0.1881,466,17.31,0.334,0.4274,14.22,9.96,3,8.55,1,0
STR-004550,TreatmentA,B01,96.38,1.43,0.2458,211,22.69,0.2636,0.5087,27.77,20.68,5,6.38,0,0
STR-004551,TreatmentA,B03,78.66,1.72,0.2692,134,29.13,0.3407,0.3779,41.58,23.82,6,5.78,1,0
STR-004552,Control,B01,90.19,2.0,0.1986,399,55.33,0.2791,0.1865,77.76,12.73,2,8.23,0,1
STR-004553,TreatmentB,B01,92.18,1.16,0.2607,72,12.58,0.3083,0.3862,14.73,14.87,2,7.44,0,0
STR-004554,TreatmentB,B02,95.14,2.49,0.255,197,24.31,0.3622,0.2983,8.94,20.7,4,7.01,1,1
STR-004555,TreatmentA,B02,116.22,1.65,0.178,197,35.29,0.67,0.2262,32.77,31.38,4,5.27,1,0
STR-004556,TreatmentA,B01,91.14,1.09,0.2587,966,42.77,0.3988,0.3667,20.4,21.38,2,8.73,1,0
STR-004557,TreatmentB,B01,106.04,1.7,0.2517,150,51.51,0.5327,0.2406,10.58,23.5,2,6.03,1,0
STR-004558,TreatmentB,B03,91.03,4.17,0.222,345,50.86,0.3992,0.34,12.45,29.3,0,6.26,0,1
STR-004559,TreatmentA,B01,113.78,3.04,0.2602,223,58.46,0.5151,0.3231,62.84,22.53,3,5.97,0,1
STR-004560,TreatmentB,B01,90.28,2.3,0.2339,111,36.2,0.6064,0.2966,45.68,19.92,2,6.86,0,1
STR-004561,TreatmentB,B02,104.7,1.84,0.2038,398,24.55,0.5218,0.5664,46.92,23.43,0,6.61,1,1
STR-004562,Control,B01,114.7,2.79,0.2142,404,39.09,0.3056,0.2077,34.97,26.21,1,6.03,0,1
STR-004563,TreatmentB,B03,117.41,2.05,0.2806,156,17.91,0.1392,0.3086,6.91,13.1,2,7.8,0,0
STR-004564,Control,B03,91.91,2.02,0.265,190,47.09,0.4313,0.2958,55.81,36.59,3,9.65,0,0
STR-004565,Control,B01,114.41,2.37,0.2015,146,34.48,0.3758,0.1641,37.63,26.6,2,8.52,1,1
STR-004566,TreatmentB,B01,112.28,1.63,0.2095,286,30.8,0.4353,0.4459,43.15,35.61,2,6.07,0,0
STR-004567,TreatmentA,B03,115.6,2.06,0.29,408,12.95,0.5398,0.4905,24.03,24.37,3,8.26,0,1
STR-004568,TreatmentA,B01,75.74,2.27,0.1884,71,10.54,0.4434,0.3095,24.94,27.22,4,5.11,1,0
STR-004569,Control,B02,84.28,1.89,0.2599,206,47.2,0.5032,0.4369,35.33,16.04,1,5.21,0,0
STR-004570,Control,B03,74.79,1.36,0.2136,402,23.38,0.4507,0.2733,53.84,32.62,0,8.08,0,0
STR-004571,TreatmentB,B01,101.07,4.6,0.198,580,48.62,0.3859,0.2537,43.55,23.85,1,5.14,0,0
STR-004572,Control,B01,104.39,2.36,0.1968,349,60.21,0.5011,0.1594,34.7,28.69,6,6.2,1,0
STR-004573,TreatmentA,B01,103.11,2.21,0.2763,715,54.4,0.4782,0.5839,26.03,33.05,2,5.88,1,1
STR-004574,TreatmentB,B03,113.1,1.0,0.283,225,36.8,0.7025,0.3424,58.67,23.65,2,4.58,0,0
STR-004575,TreatmentB,B01,113.34,1.59,0.252,187,74.43,0.4632,0.4102,61.92,16.91,1,7.99,0,1
STR-004576,TreatmentB,B02,88.43,1.25,0.2884,530,65.25,0.5749,0.2462,26.12,31.32,1,7.35,1,1
STR-004577,TreatmentA,B03,119.17,2.69,0.2311,474,30.99,0.1679,0.1685,40.25,31.27,3,5.52,0,1
STR-004578,Control,B03,98.19,1.96,0.147,253,29.56,0.5738,0.215,68.79,30.6,5,6.64,1,0
STR-004579,TreatmentA,B03,92.69,1.72,0.2234,117,11.6,0.4367,0.2642,44.37,25.03,3,8.35,1,0
STR-004580,TreatmentB,B02,99.53,1.54,0.2652,173,32.24,0.3427,0.389,15.54,27.66,5,7.03,0,0
STR-004581,Control,B02,121.75,1.72,0.207,467,41.77,0.194,0.2779,35.26,31.34,4,6.39,1,1
STR-004582,Control,B02,102.35,1.98,0.2489,109,16.2,0.7539,0.3529,56.69,31.62,4,7.88,0,1
STR-004583,TreatmentA,B03,120.89,1.76,0.2445,179,15.01,0.4696,0.2428,21.86,23.1,1,7.16,0,1
STR-004584,TreatmentA,B01,92.97,1.72,0.2069,127,23.65,0.3296,0.2302,35.48,28.04,5,6.51,1,1
STR-004585,TreatmentA,B03,117.49,1.25,0.1934,505,12.61,0.3649,0.1893,13.52,25.81,5,5.75,1,1
STR-004586,Control,B03,88.65,2.33,0.2184,386,41.61,0.2746,0.2022,77.16,32.91,2,9.1,0,0
STR-004587,Control,B03,107.84,2.15,0.1976,266,44.86,0.2892,0.2112,44.08,20.81,2,7.49,0,1
STR-004588,TreatmentA,B03,96.19,2.88,0.1921,340,87.64,0.4683,0.4173,15.94,30.86,1,5.72,1,0
STR-004589,TreatmentB,B03,102.79,1.59,0.263,244,20.15,0.4306,0.3685,27.23,26.34,3,7.45,1,1
STR-004590,Control,B01,112.4,2.75,0.2761,121,18.09,0.3522,0.4391,60.84,36.21,1,6.21,0,0
STR-004591,Control,B01,128.51,1.18,0.3034,257,37.84,0.4473,0.1833,52.66,16.43,0,5.52,0,1
STR-004592,TreatmentB,B01,106.67,1.29,0.2086,386,42.72,0.4605,0.2495,23.99,25.91,3,7.94,1,1
STR-004593,TreatmentA,B03,119.15,1.23,0.1877,287,47.57,0.3751,0.5331,41.47,16.69,2,8.06,1,0
STR-004594,Control,B02,100.12,2.22,0.2117,204,32.63,0.4392,0.3014,52.37,28.18,0,7.47,1,1
STR-004595,TreatmentA,B02,95.32,0.87,0.2239,417,52.28,0.2098,0.1557,26.32,27.17,3,5.68,1,1
STR-004596,Control,B01,82.74,2.16,0.2491,636,48.28,0.3713,0.4535,43.82,19.3,3,5.24,0,0
STR-004597,TreatmentA,B03,80.47,2.62,0.2339,148,28.62,0.2648,0.2976,45.14,16.43,4,5.95,1,0
STR-004598,TreatmentA,B02,111.47,3.21,0.2446,304,60.26,0.7055,0.3658,30.19,26.22,2,7.73,1,1
STR-004599,TreatmentA,B03,93.66,2.08,0.2353,331,24.0,0.3466,0.407,19.33,26.31,3,4.86,0,0
STR-004600,TreatmentB,B02,84.19,1.5,0.2022,251,21.27,0.3625,0.3028,28.34,34.74,2,6.9,1,0
STR-004601,TreatmentA,B02,122.58,2.02,0.1926,242,24.63,0.6258,0.2592,18.3,31.4,5,3.45,0,0
STR-004602,TreatmentA,B02,92.15,2.11,0.1832,212,53.62,0.3394,0.3204,22.05,23.67,2,6.78,1,1
STR-004603,TreatmentA,B02,90.49,1.38,0.2549,623,13.86,0.5297,0.1898,27.67,24.3,2,6.34,1,0
STR-004604,Control,B03,109.32,2.02,0.1432,598,42.25,0.4051,0.1507,49.62,31.41,4,6.19,1,0
STR-004605,TreatmentA,B03,97.69,2.42,0.211,170,22.78,0.3591,0.2393,16.45,21.1,5,6.79,1,1
STR-004606,TreatmentA,B03,105.89,2.1,0.291,315,25.15,0.2306,0.1533,96.58,21.75,1,6.64,0,1
STR-004607,TreatmentA,B02,89.76,1.33,0.2326,219,54.8,0.7068,0.1625,23.75,23.61,3,7.33,1,0
STR-004608,Control,B01,132.26,2.35,0.2379,311,37.5,0.6438,0.2378,29.46,25.53,2,7.03,1,0
STR-004609,TreatmentB,B03,83.22,1.24,0.2942,140,23.7,0.252,0.1344,30.7,28.64,1,5.84,0,1
STR-004610,TreatmentA,B03,100.72,1.31,0.2335,453,21.83,0.5435,0.303,60.73,25.63,3,5.5,0,0
STR-004611,TreatmentB,B02,105.05,1.48,0.1878,289,21.48,0.5825,0.164,18.65,31.85,1,8.24,1,0
STR-004612,Control,B02,76.63,2.72,0.2512,309,23.6,0.2579,0.3558,26.53,17.34,6,7.98,0,1
STR-004613,TreatmentA,B02,99.99,1.34,0.2272,325,43.47,0.4785,0.3948,22.12,23.64,3,7.54,1,1
STR-004614,Control,B01,96.76,1.75,0.2187,257,27.39,0.413,0.4199,25.29,19.86,2,7.15,0,0
STR-004615,TreatmentA,B03,118.93,2.22,0.2324,406,26.95,0.4125,0.283,51.12,31.58,1,6.74,1,1
STR-004616,Control,B01,125.52,2.05,0.2601,202,32.15,0.4279,0.3126,36.97,22.99,2,5.93,0,1
STR-004617,TreatmentB,B01,86.45,1.85,0.2298,301,13.28,0.7287,0.1535,6.01,16.0,1,7.1,1,0
STR-004618,Control,B01,87.0,2.32,0.2235,293,54.14,0.6439,0.2556,38.78,25.22,1,6.9,0,1
STR-004619,TreatmentB,B01,113.1,0.52,0.3182,195,44.0,0.4106,0.3116,14.34,21.91,1,5.19,1,0
STR-004620,TreatmentB,B01,91.72,0.83,0.2698,219,16.33,0.5139,0.2329,56.06,35.38,5,7.45,0,1
STR-004621,TreatmentB,B02,75.41,2.58,0.2339,320,18.69,0.3299,0.3983,50.73,23.06,3,7.14,0,0
STR-004622,TreatmentA,B02,98.89,1.2,0.2552,371,26.42,0.7516,0.0982,20.55,30.24,0,6.09,1,0
STR-004623,TreatmentA,B01,72.32,1.67,0.2202,178,38.55,0.3952,0.0578,31.16,20.32,2,6.68,0,1
STR-004624,TreatmentB,B03,84.64,0.82,0.2167,259,77.54,0.4409,0.1483,34.28,28.55,1,7.93,1,0
STR-004625,TreatmentB,B03,94.89,1.4,0.2324,107,62.97,0.3843,0.2248,4.03,21.22,1,6.91,1,1
STR-004626,TreatmentB,B02,120.42,0.64,0.2635,179,50.4,0.3838,0.2407,28.92,27.15,3,7.46,1,1
STR-004627,TreatmentA,B03,119.05,2.07,0.2221,215,30.63,0.4466,0.1236,29.32,17.94,3,7.08,1,1
STR-004628,TreatmentB,B02,92.1,1.5,0.2246,360,21.17,0.1593,0.5135,38.45,15.55,1,7.6,1,0
STR-004629,TreatmentA,B03,124.44,2.57,0.2752,394,100.41,0.4382,0.1996,46.48,26.62,1,5.98,0,1
STR-004630,TreatmentB,B03,100.53,1.53,0.2337,113,17.79,0.3167,0.1624,41.83,23.28,2,10.04,0,1
STR-004631,Control,B01,98.45,1.62,0.2139,691,14.84,0.3626,0.4322,26.97,27.92,2,5.5,1,0
STR-004632,Control,B02,95.01,1.95,0.2157,484,66.64,0.2439,0.161,35.38,27.1,5,9.07,1,1
STR-004633,Control,B03,96.38,2.01,0.2403,524,34.09,0.6657,0.4296,32.06,28.17,2,6.84,1,1
STR-004634,TreatmentA,B02,93.7,1.3,0.2303,447,36.04,0.5742,0.4334,51.6,33.95,3,8.98,0,1
STR-004635,TreatmentB,B02,101.23,1.24,0.2182,117,19.18,0.2119,0.3043,19.34,30.09,2,4.18,1,0
STR-004636,Control,B03,88.09,2.01,0.2361,206,44.69,0.6436,0.4601,37.69,22.41,5,5.15,0,1
STR-004637,Control,B02,91.02,1.96,0.2734,389,98.15,0.2529,0.2708,32.84,12.42,0,7.43,0,0
STR-004638,TreatmentB,B02,82.23,1.86,0.2664,204,55.27,0.2466,0.6325,55.1,32.68,2,5.64,1,0
STR-004639,Control,B01,94.89,2.58,0.2508,2441,32.0,0.3079,0.4064,52.5,18.29,5,5.98,0,0
STR-004640,TreatmentA,B03,91.88,1.56,0.2158,619,48.25,0.574,0.3517,22.1,24.45,1,7.82,1,1
STR-004641,TreatmentA,B03,98.24,1.6,0.216,308,36.38,0.5065,0.1315,23.19,28.04,1,5.7,0,0
STR-004642,Control,B02,86.63,1.85,0.2512,638,16.93,0.5128,0.5175,34.52,19.15,1,7.17,0,1
STR-004643,Control,B03,77.08,2.5,0.1972,642,19.18,0.5487,0.349,42.48,32.69,4,7.32,1,1
STR-004644,Control,B02,92.77,2.16,0.147,225,26.03,0.7017,0.2365,57.48,21.02,0,8.31,1,0
STR-004645,Control,B01,100.06,2.01,0.2493,84,64.01,0.558,0.2555,56.0,29.0,1,9.3,0,0
STR-004646,TreatmentA,B02,104.17,2.32,0.1864,683,27.49,0.4667,0.4106,28.77,31.2,2,7.92,1,1
STR-004647,Control,B02,92.39,1.71,0.2092,158,51.38,0.4264,0.4414,47.01,24.86,4,7.31,0,1
STR-004648,TreatmentA,B02,81.54,2.44,0.205,351,25.26,0.2227,0.3638,18.77,30.44,5,6.1,1,0
STR-004649,TreatmentB,B02,98.16,1.31,0.2247,556,44.21,0.5101,0.5754,51.95,36.03,3,6.3,1,1
STR-004650,Control,B01,102.05,2.55,0.2538,236,80.16,0.3543,0.3318,47.3,26.69,2,8.46,0,0
STR-004651,TreatmentA,B03,94.69,1.34,0.2698,235,78.4,0.2111,0.4411,73.86,28.62,2,7.5,0,0
STR-004652,TreatmentB,B01,110.18,2.22,0.2182,278,25.52,0.318,0.4306,25.34,22.57,4,6.79,1,1
STR-004653,Control,B02,124.49,2.94,0.2785,131,25.97,0.1643,0.2177,45.03,17.22,3,10.56,0,0
STR-004654,Control,B01,90.34,2.17,0.2639,338,47.31,0.4225,0.3801,55.08,21.15,1,9.19,0,0
STR-004655,Control,B03,108.66,3.29,0.2077,479,29.44,0.3214,0.2829,26.92,17.38,3,4.66,0,0
STR-004656,TreatmentA,B02,85.52,3.69,0.2224,202,25.85,0.4194,0.2157,32.6,24.02,4,8.76,0,0
STR-004657,TreatmentA,B03,86.57,2.24,0.228,228,17.15,0.4267,0.1238,33.78,27.55,5,7.56,1,1
STR-004658,TreatmentA,B02,110.38,1.63,0.2398,71,40.92,0.2972,0.2531,21.16,17.09,6,6.72,0,1
STR-004659,TreatmentB,B02,96.85,1.17,0.2829,489,20.07,0.461,0.2664,29.96,19.01,6,8.64,1,0
STR-004660,TreatmentA,B01,94.25,0.93,0.2025,225,32.36,0.421,0.5351,39.18,19.8,2,6.56,1,1
STR-004661,TreatmentA,B02,101.38,2.16,0.2318,136,64.83,0.1505,0.5857,62.62,23.88,1,4.88,0,0
STR-004662,TreatmentA,B02,114.52,1.97,0.2806,137,51.66,0.4195,0.0955,26.0,28.95,3,8.92,0,0
STR-004663,TreatmentB,B01,112.82,0.89,0.2381,64,36.93,0.44,0.4803,24.1,22.41,4,5.7,1,1
STR-004664,TreatmentB,B03,97.44,3.29,0.2279,81,15.62,0.5606,0.1881,87.44,31.48,3,4.8,0,0
STR-004665,TreatmentA,B02,94.15,1.26,0.2639,234,31.2,0.6206,0.4263,23.78,31.18,4,7.13,1,1
STR-004666,Control,B03,87.78,1.96,0.2717,191,48.57,0.118,0.2438,41.58,18.8,3,6.49,0,1
STR-004667,TreatmentB,B03,75.27,1.26,0.2066,108,62.09,0.2414,0.4204,22.42,16.24,0,8.91,1,0
STR-004668,TreatmentA,B02,102.21,1.79,0.2611,200,15.87,0.4065,0.2904,15.62,25.39,5,8.94,1,0
STR-004669,TreatmentA,B03,125.87,1.73,0.2443,200,29.59,0.3516,0.2987,33.11,31.56,3,7.34,1,0
STR-004670,TreatmentA,B03,88.98,2.78,0.2572,581,25.81,0.6554,0.1016,34.28,37.68,4,8.18,0,0
STR-004671,TreatmentA,B01,87.18,1.44,0.2131,507,69.42,0.5886,0.2106,40.65,10.65,2,5.19,1,0
STR-004672,TreatmentA,B01,96.5,1.27,0.2403,84,44.76,0.1181,0.2653,30.52,22.57,4,6.69,1,1
STR-004673,Control,B01,131.87,2.12,0.2449,414,40.24,0.243,0.4671,23.42,25.05,5,7.39,0,0
STR-004674,Control,B02,92.34,2.92,0.2424,769,31.65,0.2563,0.1949,51.35,16.7,4,6.7,0,1
STR-004675,TreatmentB,B03,74.37,0.95,0.268,382,30.72,0.7006,0.2699,52.57,21.07,5,5.91,0,1
STR-004676,TreatmentB,B01,119.44,2.46,0.2382,376,14.01,0.2065,0.2428,16.61,32.12,3,4.61,1,0
STR-004677,Control,B03,98.69,2.54,0.2359,116,51.53,0.3529,0.4034,39.59,27.83,3,7.53,1,0
STR-004678,TreatmentB,B02,73.16,0.67,0.234,253,15.06,0.5426,0.2867,19.19,35.83,5,5.81,0,0
STR-004679,Control,B02,97.03,1.92,0.2435,241,61.01,0.4249,0.3085,65.94,25.64,3,8.7,0,1
STR-004680,TreatmentB,B03,102.3,1.89,0.2498,89,31.09,0.1639,0.2102,33.85,31.7,2,6.82,1,1
STR-004681,TreatmentA,B01,89.07,1.28,0.2242,147,17.82,0.2527,0.3571,52.34,16.54,2,6.11,0,0
STR-004682,Control,B03,103.61,2.92,0.2412,250,26.38,0.2054,0.2833,61.57,22.92,6,9.41,0,0
STR-004683,Control,B01,52.84,2.5,0.2328,257,27.59,0.293,0.2066,28.48,25.88,1,7.89,0,1
STR-004684,TreatmentA,B02,112.48,1.51,0.1949,135,16.12,0.3706,0.3522,20.5,29.29,4,8.38,1,0
STR-004685,TreatmentA,B03,89.1,2.48,0.1974,151,27.82,0.3784,0.5072,56.97,21.59,2,5.85,0,0
STR-004686,TreatmentA,B03,113.34,2.29,0.2526,176,11.83,0.3073,0.3551,27.49,33.13,4,7.84,0,0
STR-004687,Control,B03,92.97,2.63,0.2771,236,29.04,0.4752,0.3805,33.55,20.24,1,8.53,1,0
STR-004688,Control,B03,127.98,2.47,0.2333,421,14.43,0.3815,0.2368,78.88,28.59,2,7.12,0,1
STR-004689,TreatmentA,B02,105.32,1.52,0.2349,295,13.47,0.6765,0.3736,34.78,7.56,6,8.55,0,1
STR-004690,TreatmentB,B01,73.11,1.24,0.2063,289,38.11,0.462,0.3229,27.43,25.51,3,8.32,1,0
STR-004691,TreatmentA,B03,92.62,2.16,0.2507,628,28.81,0.5129,0.4509,79.14,23.57,2,7.21,0,1
STR-004692,Control,B02,91.62,2.28,0.2169,217,26.13,0.5203,0.5253,63.78,25.8,2,6.58,0,1
STR-004693,TreatmentA,B03,81.42,2.73,0.2944,299,38.24,0.2397,0.3121,35.96,21.81,2,7.65,0,1
STR-004694,Control,B03,98.38,1.87,0.2572,363,15.22,0.6553,0.247,43.46,31.76,0,9.79,1,0
STR-004695,TreatmentB,B01,124.04,0.86,0.2704,417,37.13,0.5341,0.3862,5.57,28.38,3,6.06,1,1
STR-004696,TreatmentA,B03,96.52,1.71,0.2581,542,21.29,0.4003,0.1298,55.28,16.75,0,5.8,0,1
STR-004697,Control,B02,70.6,2.17,0.1844,311,12.06,0.3103,0.3628,73.0,29.19,4,6.83,1,0
STR-004698,TreatmentB,B03,87.57,1.93,0.1801,381,37.95,0.6706,0.2051,36.85,26.57,4,8.18,1,0
STR-004699,TreatmentA,B02,107.89,1.13,0.2363,241,22.85,0.4139,0.2236,25.19,20.5,4,6.77,0,1
STR-004700,TreatmentB,B03,113.3,1.6,0.2445,199,72.35,0.475,0.3234,39.31,27.55,1,6.5,1,0
STR-004701,Control,B03,127.83,2.38,0.2556,679,48.68,0.4748,0.2486,47.88,22.23,4,6.69,0,0
STR-004702,TreatmentB,B02,94.79,1.2,0.1717,205,42.16,0.4322,0.2401,9.61,25.26,0,7.91,1,1
STR-004703,TreatmentA,B03,70.7,3.2,0.2104,189,64.47,0.2133,0.4634,25.09,34.8,2,6.17,1,0
STR-004704,TreatmentA,B03,84.07,2.06,0.2297,170,42.74,0.2467,0.2329,41.71,27.78,3,6.33,1,1
STR-004705,TreatmentA,B02,92.88,2.4,0.1909,213,61.67,0.5635,0.398,35.28,16.67,3,5.29,1,1
STR-004706,TreatmentA,B03,99.14,2.06,0.28,475,24.72,0.3483,0.3099,50.49,29.99,4,6.09,1,0
STR-004707,Control,B03,107.27,4.27,0.2283,449,39.92,0.4072,0.1733,44.54,23.0,3,8.38,0,0
STR-004708,Control,B03,102.79,2.32,0.2538,579,35.39,0.4501,0.1578,41.43,13.12,2,7.24,1,0
STR-004709,Control,B03,101.39,2.9,0.2256,195,21.41,0.3055,0.2546,69.83,21.95,1,4.18,0,0
STR-004710,TreatmentB,B03,82.05,2.18,0.2277,207,51.42,0.3653,0.343,10.44,22.79,5,7.71,1,0
STR-004711,TreatmentA,B03,98.69,1.76,0.2556,288,15.01,0.5546,0.3974,40.6,24.53,1,7.11,0,1
STR-004712,Control,B02,104.22,1.85,0.2428,61,55.1,0.6171,0.2499,43.44,28.65,3,5.54,1,0
STR-004713,TreatmentB,B03,118.94,3.7,0.1919,228,22.54,0.4808,0.2901,13.8,23.49,2,7.34,0,1
STR-004714,TreatmentA,B02,106.11,1.53,0.1516,549,37.06,0.4758,0.4652,89.97,23.52,3,5.22,1,1
STR-004715,TreatmentB,B02,104.37,1.36,0.2438,459,77.35,0.42,0.2858,49.39,18.85,2,8.39,0,0
STR-004716,TreatmentA,B02,131.82,1.37,0.2731,399,13.4,0.3252,0.406,63.74,15.54,3,5.3,1,0
STR-004717,Control,B02,96.41,2.54,0.2404,207,34.26,0.1243,0.3047,45.88,17.34,5,6.38,1,1
STR-004718,TreatmentA,B01,107.46,2.19,0.2483,250,14.91,0.6655,0.2153,18.12,17.93,2,7.51,1,1
STR-004719,Control,B02,89.59,2.2,0.2053,436,119.34,0.2522,0.2495,38.7,14.88,4,4.9,0,0
STR-004720,TreatmentA,B03,71.96,1.7,0.2218,154,52.72,0.2902,0.311,21.23,16.34,3,5.38,1,0
STR-004721,TreatmentB,B01,84.95,1.21,0.2976,272,110.24,0.3683,0.3714,7.27,32.34,3,8.95,1,1
STR-004722,Control,B03,116.4,2.33,0.1893,219,37.12,0.7565,0.4089,26.25,32.56,4,5.21,1,1
STR-004723,TreatmentB,B03,89.59,1.65,0.2409,661,66.22,0.3633,0.3614,39.64,12.63,3,6.77,0,1
STR-004724,TreatmentB,B02,114.61,1.56,0.2697,820,26.63,0.2459,0.2768,4.02,9.31,2,7.27,1,1
STR-004725,Control,B01,74.73,1.84,0.258,188,81.96,0.6246,0.1375,43.98,10.29,3,9.17,1,0
STR-004726,TreatmentB,B03,107.61,1.94,0.2187,378,25.33,0.5003,0.543,3.65,18.1,4,8.1,1,1
STR-004727,Control,B01,123.55,3.5,0.2161,257,48.16,0.3844,0.3206,50.35,28.7,0,9.71,0,0
STR-004728,Control,B02,76.63,2.89,0.234,459,9.61,0.3659,0.2951,62.38,17.78,2,8.29,0,0
STR-004729,TreatmentB,B02,82.25,1.52,0.1783,542,18.98,0.5131,0.2113,22.85,22.81,2,6.13,1,0
STR-004730,Control,B03,114.31,2.58,0.1836,397,23.49,0.3852,0.154,42.28,29.45,3,5.82,0,1
STR-004731,TreatmentB,B03,94.57,1.73,0.2672,432,15.06,0.3521,0.1057,6.94,13.92,3,6.92,1,1
STR-004732,TreatmentB,B03,93.64,1.69,0.2373,728,62.65,0.5834,0.4513,7.22,25.47,4,6.67,0,1
STR-004733,TreatmentB,B01,111.58,1.66,0.1962,467,71.48,0.5548,0.2865,40.13,16.13,4,7.02,1,1
STR-004734,TreatmentA,B01,107.9,2.75,0.2221,208,51.96,0.4449,0.2598,53.22,31.19,4,7.42,1,1
STR-004735,Control,B02,82.29,2.63,0.2402,132,66.45,0.6133,0.2421,45.5,25.99,1,4.35,0,0
STR-004736,TreatmentA,B03,101.5,0.8,0.2065,686,18.97,0.3315,0.2078,29.89,15.8,8,5.5,1,0
STR-004737,TreatmentB,B01,94.98,0.3,0.2882,157,45.77,0.5249,0.3384,2.17,14.71,5,7.4,1,1
STR-004738,Control,B02,80.58,3.08,0.2834,160,31.45,0.3489,0.206,29.03,20.6,1,9.2,0,0
STR-004739,TreatmentB,B03,116.09,2.13,0.2507,122,20.45,0.4075,0.2558,44.4,33.32,1,9.02,0,0
STR-004740,TreatmentB,B02,104.14,1.98,0.2993,167,26.02,0.1909,0.166,22.46,23.4,2,11.48,0,0
STR-004741,TreatmentB,B01,91.2,1.92,0.2587,314,10.58,0.3269,0.3297,22.84,33.89,1,7.41,0,1
STR-004742,Control,B02,94.89,1.67,0.2688,181,24.26,0.5093,0.128,26.56,23.23,0,7.19,0,0
STR-004743,Control,B03,66.16,2.06,0.2404,234,10.61,0.0495,0.3724,41.52,28.35,2,7.34,0,0
STR-004744,Control,B01,96.91,2.89,0.2025,573,84.84,0.5118,0.3205,86.94,22.52,1,8.23,0,1
STR-004745,TreatmentA,B02,110.13,1.55,0.2997,363,14.59,0.4108,0.2688,46.17,24.78,3,8.02,1,0
STR-004746,Control,B03,92.24,2.42,0.2204,468,76.77,0.4811,0.1567,37.46,22.49,3,6.25,0,0
STR-004747,TreatmentA,B01,100.97,1.67,0.2269,270,33.47,0.2556,0.2415,46.63,19.98,4,7.7,1,1
STR-004748,TreatmentB,B02,113.74,2.32,0.2094,727,53.69,0.1979,0.3204,9.88,27.15,3,7.07,1,0
STR-004749,Control,B01,131.05,2.7,0.2477,50,40.79,0.3838,0.5298,68.98,19.02,4,7.45,0,1
STR-004750,TreatmentB,B03,103.5,0.81,0.2322,399,28.17,0.5726,0.3216,13.7,20.46,5,5.87,1,1
STR-004751,TreatmentA,B01,93.38,4.04,0.1718,137,29.16,0.1819,0.1135,29.14,17.63,3,6.31,0,1
STR-004752,TreatmentB,B02,91.98,1.12,0.207,186,24.0,0.6217,0.362,14.95,26.42,0,7.09,1,1
STR-004753,TreatmentB,B01,95.04,2.05,0.2397,194,18.2,0.4149,0.4262,21.88,30.25,3,8.1,0,1
STR-004754,TreatmentA,B01,103.62,1.93,0.1908,516,63.8,0.4114,0.4399,25.49,17.82,3,6.6,0,1
STR-004755,TreatmentA,B01,80.61,1.08,0.3457,515,52.29,0.6579,0.1883,16.15,21.4,3,7.32,0,0
STR-004756,Control,B01,89.63,2.99,0.2163,385,39.96,0.3599,0.2285,42.82,18.24,3,5.98,0,1
STR-004757,TreatmentB,B03,74.88,1.33,0.147,410,11.79,0.2696,0.2936,15.77,22.62,4,6.33,0,1
STR-004758,TreatmentB,B03,104.05,2.26,0.2212,170,97.05,0.3301,0.5258,44.96,25.79,1,7.4,0,0
STR-004759,Control,B01,107.38,1.72,0.1967,163,139.5,0.5765,0.164,32.21,20.76,3,6.59,1,0
STR-004760,Control,B01,73.08,2.3,0.2042,162,12.8,0.4846,0.2089,35.51,28.72,1,6.7,0,1
STR-004761,TreatmentB,B01,106.97,1.4,0.1905,558,24.91,0.4607,0.524,8.66,22.01,2,5.89,1,1
STR-004762,TreatmentB,B01,99.82,0.96,0.23,97,7.73,0.6844,0.3028,65.56,20.53,4,7.53,1,1
STR-004763,TreatmentB,B02,97.76,1.33,0.1951,689,31.19,0.5094,0.3317,25.15,26.75,1,7.6,1,1
STR-004764,TreatmentB,B03,132.62,1.08,0.255,161,62.62,0.5498,0.1209,15.98,22.66,3,8.39,1,0
STR-004765,TreatmentA,B02,129.75,1.58,0.2226,346,30.85,0.4187,0.5334,23.6,14.45,6,5.02,1,1
STR-004766,Control,B02,112.58,4.81,0.2014,322,49.91,0.6,0.1672,55.47,22.01,3,7.32,1,0
STR-004767,TreatmentB,B02,121.36,0.84,0.1968,372,50.39,0.5245,0.2877,24.15,37.89,5,6.8,1,1
STR-004768,Control,B02,100.18,3.61,0.2237,146,48.76,0.5923,0.2396,30.07,14.87,1,9.53,0,0
STR-004769,TreatmentA,B02,98.89,1.58,0.1807,519,33.77,0.3008,0.1739,16.94,32.12,1,5.47,1,1
STR-004770,TreatmentA,B02,97.73,2.09,0.2022,328,44.07,0.4235,0.101,31.62,15.5,4,8.24,1,0
STR-004771,TreatmentA,B03,70.98,2.33,0.2219,403,21.35,0.3123,0.3589,29.29,20.76,2,6.99,0,0
STR-004772,TreatmentB,B03,114.49,1.07,0.2678,679,58.76,0.5371,0.2642,61.89,27.69,4,3.59,0,0
STR-004773,Control,B01,100.07,2.74,0.1795,193,19.86,0.5001,0.573,31.77,30.62,0,6.11,1,1
STR-004774,TreatmentA,B01,78.79,1.74,0.2602,321,22.25,0.6445,0.147,50.92,19.57,3,4.66,1,0
STR-004775,Control,B02,109.87,1.84,0.2574,213,24.64,0.4423,0.238,73.9,31.61,2,7.91,0,0
STR-004776,TreatmentA,B01,104.25,1.54,0.2159,65,41.07,0.3971,0.2122,13.28,38.15,1,5.33,1,0
STR-004777,TreatmentB,B02,92.4,1.93,0.2407,832,66.23,0.5019,0.2711,7.88,25.96,0,6.71,1,1
STR-004778,TreatmentB,B01,92.73,3.1,0.2168,413,21.53,0.2766,0.1164,19.43,18.89,2,6.58,0,1
STR-004779,TreatmentB,B02,101.3,1.27,0.2778,532,35.07,0.3179,0.3089,50.91,15.19,5,8.12,1,0
STR-004780,Control,B02,90.28,1.85,0.266,410,61.16,0.4864,0.4105,40.92,20.88,2,9.13,0,0
STR-004781,Control,B01,105.29,2.12,0.2082,217,44.59,0.4027,0.0491,43.28,25.0,1,8.19,1,0
STR-004782,Control,B01,120.74,2.42,0.2384,186,64.69,0.5752,0.3305,40.93,32.96,2,8.34,1,0
STR-004783,Control,B01,86.97,2.02,0.2559,98,43.02,0.1201,0.6203,50.9,28.97,3,6.06,0,0
STR-004784,Control,B03,111.19,3.92,0.2206,213,99.32,0.6561,0.4768,30.81,22.36,2,5.08,0,1
STR-004785,Control,B02,97.85,2.98,0.2289,232,23.61,0.3504,0.189,49.79,21.1,2,5.2,0,0
STR-004786,TreatmentA,B01,87.44,2.21,0.2374,226,17.13,0.3665,0.4497,82.35,28.44,5,6.57,0,1
STR-004787,Control,B03,111.46,1.78,0.2326,266,74.04,0.6233,0.4002,68.17,31.35,4,6.21,1,1
STR-004788,Control,B01,106.41,1.46,0.2272,240,29.13,0.7554,0.2849,52.08,36.56,5,10.82,0,0
STR-004789,TreatmentB,B01,113.53,1.54,0.2802,342,74.41,0.3241,0.2582,39.18,24.49,1,5.18,0,1
STR-004790,Control,B01,82.91,2.78,0.2528,188,48.0,0.5382,0.59,89.56,35.77,2,6.12,1,1
STR-004791,TreatmentA,B01,116.72,2.04,0.1759,167,35.48,0.5569,0.3037,34.22,29.79,3,8.39,1,0
STR-004792,TreatmentB,B03,91.27,1.99,0.2485,297,29.56,0.2963,0.3714,93.58,31.03,2,6.38,1,0
STR-004793,TreatmentB,B03,102.22,0.44,0.2552,124,32.8,0.4547,0.4631,33.18,39.86,7,6.1,1,1
STR-004794,TreatmentA,B02,81.63,2.54,0.2937,232,21.41,0.5948,0.275,34.62,26.0,2,6.76,0,1
STR-004795,TreatmentB,B01,107.67,2.37,0.1554,185,8.76,0.3318,0.4243,31.56,30.59,5,8.35,1,1
STR-004796,Control,B01,93.34,2.43,0.2427,549,16.14,0.3275,0.1404,43.94,28.61,1,5.82,1,1
STR-004797,Control,B01,88.85,1.42,0.2103,128,62.56,0.2799,0.2627,42.36,20.13,3,6.29,1,1
STR-004798,TreatmentB,B03,104.84,1.49,0.2553,484,66.14,0.4793,0.3051,26.06,21.16,1,9.36,1,0
STR-004799,Control,B03,90.31,2.5,0.2306,99,74.04,0.3341,0.3435,39.24,26.47,1,7.98,0,1
STR-004800,TreatmentB,B02,90.51,2.53,0.2559,832,18.86,0.4711,0.235,34.08,32.98,3,7.56,0,1
STR-004801,Control,B01,94.64,2.9,0.2182,696,24.47,0.3575,0.4914,46.05,12.53,3,8.13,1,0
STR-004802,TreatmentB,B03,107.77,1.54,0.1711,119,51.71,0.4119,0.3031,45.49,9.85,1,8.77,1,1
STR-004803,Control,B03,68.08,2.33,0.27,423,29.2,0.4297,0.2198,69.55,25.99,1,8.53,0,1
STR-004804,TreatmentA,B02,89.27,2.87,0.1807,156,81.42,0.1737,0.2153,49.41,27.83,2,4.84,0,1
STR-004805,TreatmentA,B01,99.73,1.41,0.2775,327,21.85,0.6463,0.4971,21.55,25.95,3,4.79,0,1
STR-004806,TreatmentB,B03,94.09,0.82,0.2042,756,27.3,0.2451,0.3711,35.18,13.56,0,7.45,1,1
STR-004807,TreatmentB,B02,116.06,2.85,0.2352,376,50.36,0.1994,0.1859,14.52,25.72,1,6.76,0,1
STR-004808,Control,B02,115.72,2.05,0.2648,520,41.19,0.1776,0.1871,53.01,26.79,3,3.69,0,1
STR-004809,Control,B01,79.5,3.27,0.2516,244,40.7,0.4025,0.2535,36.03,19.09,2,8.29,0,1
STR-004810,TreatmentA,B02,96.31,2.83,0.1927,374,45.69,0.485,0.3778,45.76,14.98,1,3.39,1,0
STR-004811,TreatmentA,B02,68.45,2.35,0.2318,261,46.88,0.4779,0.1617,22.45,18.99,3,7.53,1,0
STR-004812,TreatmentB,B03,96.72,1.31,0.2912,172,69.59,0.1936,0.2154,11.88,29.44,2,6.92,1,1
STR-004813,TreatmentB,B01,99.51,1.27,0.2259,1912,22.23,0.4465,0.3203,33.8,30.93,3,4.59,1,0
STR-004814,Control,B03,87.63,2.85,0.1814,339,19.23,0.6262,0.2087,63.06,23.6,2,6.94,0,0
STR-004815,TreatmentB,B02,111.04,1.46,0.2656,237,80.21,0.3168,0.3264,21.32,23.93,3,4.93,1,0
STR-004816,TreatmentB,B03,112.41,2.56,0.2639,228,45.8,0.5315,0.2513,114.11,31.65,7,8.13,0,1
STR-004817,TreatmentB,B03,64.48,0.6,0.2709,142,107.3,0.4804,0.5533,36.73,26.83,1,6.55,1,1
STR-004818,TreatmentB,B02,123.37,2.4,0.2291,212,45.75,0.3867,0.4318,18.22,17.89,6,6.66,0,1
STR-004819,TreatmentB,B01,93.44,0.89,0.3089,190,117.62,0.2131,0.6048,19.21,15.45,0,7.04,0,0
STR-004820,TreatmentB,B02,80.55,2.78,0.2294,412,9.17,0.3195,0.1822,30.41,38.04,3,6.8,0,0
STR-004821,Control,B02,128.24,2.9,0.2212,271,58.86,0.3364,0.3438,45.49,34.72,5,9.5,1,0
STR-004822,Control,B02,103.19,2.08,0.2338,343,33.51,0.3915,0.2799,64.9,30.93,1,8.31,1,0
STR-004823,Control,B03,116.61,1.87,0.1851,134,19.53,0.3747,0.3221,26.18,24.97,1,6.3,1,1
STR-004824,TreatmentB,B03,100.66,2.24,0.3179,359,26.28,0.5483,0.4076,29.6,23.02,2,5.56,0,0
STR-004825,TreatmentA,B01,100.14,1.84,0.3073,368,15.34,0.5027,0.2568,31.95,29.79,3,8.55,0,0
STR-004826,Control,B03,96.16,2.28,0.225,131,87.13,0.47,0.262,63.28,25.2,4,10.12,0,0
STR-004827,TreatmentA,B01,110.11,1.82,0.2474,211,16.62,0.5043,0.3873,19.21,28.07,2,5.78,1,1
STR-004828,TreatmentA,B02,64.75,2.05,0.2424,247,46.5,0.4395,0.3504,49.72,28.24,1,8.24,1,1
STR-004829,TreatmentA,B01,94.98,1.61,0.2715,548,16.39,0.3563,0.2917,30.86,30.29,6,7.15,0,0
STR-004830,TreatmentA,B02,108.22,2.29,0.1852,587,20.91,0.3398,0.1448,23.09,28.91,1,6.34,1,1
STR-004831,Control,B03,84.15,1.62,0.2424,86,44.16,0.3831,0.3205,32.16,30.35,1,8.08,1,0
STR-004832,Control,B02,96.14,3.35,0.1985,241,34.65,0.1832,0.2905,46.47,27.73,2,5.23,0,0
STR-004833,Control,B02,97.89,3.23,0.1789,253,34.79,0.2226,0.1294,63.33,31.07,5,7.88,0,1
STR-004834,Control,B01,109.63,2.77,0.2278,233,38.1,0.437,0.2658,92.97,19.47,3,6.48,0,1
STR-004835,TreatmentA,B03,104.12,2.91,0.2133,981,59.03,0.3211,0.358,18.97,36.6,4,7.84,0,0
STR-004836,TreatmentA,B03,95.52,2.92,0.2607,201,183.19,0.6252,0.2091,23.9,30.04,1,7.37,0,0
STR-004837,TreatmentA,B03,64.13,1.85,0.2364,582,40.35,0.3998,0.5898,48.95,38.75,5,4.79,0,0
STR-004838,TreatmentB,B02,84.87,1.52,0.2142,188,9.21,0.4028,0.1437,16.34,9.59,0,7.11,1,1
STR-004839,TreatmentA,B01,110.89,1.65,0.273,131,61.72,0.6936,0.3214,23.85,18.14,3,6.2,0,1
STR-004840,Control,B03,112.21,2.01,0.2187,231,47.36,0.4769,0.2454,54.81,26.3,2,5.68,1,0
STR-004841,TreatmentB,B02,93.43,2.3,0.1968,164,140.79,0.3497,0.3187,26.79,15.65,2,8.3,1,0
STR-004842,TreatmentB,B01,123.52,1.5,0.1977,176,19.91,0.4806,0.4806,18.25,27.23,3,7.89,1,1
STR-004843,Control,B01,117.69,3.63,0.2101,201,97.64,0.2464,0.235,41.52,16.72,6,6.93,0,1
STR-004844,TreatmentA,B02,85.07,1.33,0.2408,169,26.06,0.4231,0.4542,46.75,20.5,2,7.8,1,1
STR-004845,TreatmentA,B02,88.44,1.25,0.2444,375,13.97,0.1327,0.3194,13.74,20.26,1,7.83,1,1
STR-004846,Control,B03,109.79,1.66,0.2177,235,30.91,0.4586,0.3497,36.17,27.72,1,8.48,1,0
STR-004847,Control,B01,112.21,2.47,0.2182,222,28.62,0.3764,0.3724,40.01,21.76,2,7.12,0,0
STR-004848,TreatmentA,B02,90.94,1.79,0.2027,380,66.34,0.3511,0.1239,30.56,33.2,2,5.64,1,1
STR-004849,Control,B03,94.04,2.92,0.2216,253,21.19,0.4227,0.1402,37.76,19.67,2,7.46,0,0
STR-004850,TreatmentB,B03,120.89,2.18,0.2669,286,39.98,0.2258,0.3543,12.83,28.53,5,8.38,0,0
STR-004851,TreatmentB,B01,122.67,1.81,0.2051,204,18.99,0.3096,0.1315,39.44,32.82,5,6.54,0,1
STR-004852,TreatmentA,B03,128.31,1.9,0.2263,122,29.36,0.333,0.299,26.24,14.66,3,7.02,1,1
STR-004853,Control,B02,88.68,2.67,0.2354,248,52.18,0.4386,0.6339,31.62,22.09,0,4.06,0,0
STR-004854,TreatmentB,B02,90.64,1.09,0.2328,266,63.16,0.5358,0.1139,71.98,33.34,2,6.96,0,0
STR-004855,TreatmentB,B02,93.76,0.71,0.2323,228,31.28,0.5083,0.2344,33.56,10.33,1,7.78,1,0
STR-004856,Control,B02,100.47,2.82,0.2271,264,35.8,0.5023,0.4134,33.51,31.45,2,5.93,1,1
STR-004857,TreatmentB,B02,100.32,2.62,0.2224,342,46.45,0.4684,0.4703,20.37,26.55,0,3.92,1,1
STR-004858,Control,B03,91.34,2.21,0.2078,186,69.27,0.3524,0.1748,43.88,29.72,2,6.87,1,1
STR-004859,TreatmentA,B03,79.56,1.66,0.1778,202,108.87,0.5533,0.3968,46.84,28.71,1,8.39,1,1
STR-004860,TreatmentB,B03,99.88,2.48,0.2427,500,13.38,0.5005,0.2551,20.57,20.53,4,8.22,1,0
STR-004861,TreatmentA,B02,116.21,1.87,0.2154,229,36.06,0.4265,0.2556,26.38,17.4,3,3.9,1,0
STR-004862,Control,B03,86.48,2.66,0.274,369,18.96,0.4622,0.1144,53.28,23.37,3,7.66,0,1
STR-004863,Control,B02,112.92,3.02,0.2435,437,31.25,0.3566,0.5002,85.57,22.53,3,7.48,0,0
STR-004864,TreatmentB,B03,102.03,1.24,0.259,545,40.61,0.3265,0.2583,43.41,31.52,2,6.76,1,1
STR-004865,TreatmentA,B01,134.8,1.76,0.1875,63,29.4,0.6137,0.3274,32.19,33.73,1,8.42,1,0
STR-004866,TreatmentB,B03,114.42,1.79,0.2766,217,45.06,0.313,0.2513,33.88,32.46,1,7.23,1,1
STR-004867,TreatmentB,B01,104.93,1.39,0.1522,115,31.53,0.3304,0.2774,31.48,32.58,2,9.66,1,0
STR-004868,TreatmentA,B01,74.44,2.29,0.2332,266,23.14,0.4637,0.526,37.67,17.57,2,6.6,0,1
STR-004869,TreatmentB,B03,89.89,2.03,0.2287,289,61.07,0.4547,0.2822,46.31,19.08,2,6.65,0,1
STR-004870,Control,B03,95.78,1.79,0.2702,343,77.91,0.4506,0.1744,49.44,31.0,3,6.4,0,0
STR-004871,Control,B02,102.95,2.28,0.2228,203,39.35,0.371,0.4718,53.11,35.62,4,5.63,1,1
STR-004872,Control,B03,89.29,1.93,0.305,162,47.95,0.4794,0.3117,38.66,24.74,1,4.57,0,0
STR-004873,TreatmentA,B03,64.87,1.18,0.2339,274,29.48,0.1827,0.1711,55.69,26.25,2,5.0,0,1
STR-004874,TreatmentA,B01,108.77,1.39,0.2429,780,21.1,0.4321,0.2913,67.65,22.08,1,7.01,1,1
STR-004875,TreatmentA,B03,85.75,1.64,0.2554,365,41.05,0.5967,0.3929,41.14,27.96,2,9.22,0,1
STR-004876,TreatmentA,B03,85.23,1.92,0.2155,138,43.22,0.3529,0.512,27.81,23.32,3,8.65,0,0
STR-004877,TreatmentA,B01,113.98,2.49,0.2523,411,38.08,0.4751,0.4818,27.78,23.59,5,5.14,1,0
STR-004878,TreatmentB,B01,98.92,1.45,0.2886,320,52.01,0.5652,0.3885,28.71,27.1,2,8.31,1,1
STR-004879,Control,B01,80.93,3.39,0.172,176,20.5,0.4858,0.1947,39.42,24.23,3,7.23,1,0
STR-004880,Control,B03,93.68,2.18,0.2779,106,13.36,0.5951,0.3022,39.08,27.7,2,7.92,1,1
STR-004881,TreatmentA,B01,106.81,2.08,0.2538,230,13.28,0.6822,0.4222,45.56,13.28,2,9.13,0,0
STR-004882,TreatmentB,B01,122.82,1.4,0.281,316,21.73,0.4698,0.3081,15.77,26.63,2,6.46,1,0
STR-004883,TreatmentB,B02,131.35,0.93,0.197,443,62.53,0.3718,0.0664,33.07,33.09,2,6.07,1,1
STR-004884,Control,B01,106.32,3.15,0.2225,324,24.13,0.5419,0.4527,48.18,20.71,2,9.1,0,1
STR-004885,TreatmentA,B02,94.99,1.88,0.273,345,56.88,0.5043,0.2078,40.95,30.04,0,4.72,0,0
STR-004886,TreatmentB,B01,121.91,0.91,0.3184,758,34.36,0.3369,0.1599,35.04,28.06,2,6.58,1,1
STR-004887,Control,B02,110.25,3.86,0.2356,300,21.51,0.5683,0.3946,46.81,32.99,0,3.85,0,1
STR-004888,TreatmentB,B03,111.54,1.41,0.3295,257,24.42,0.4858,0.4984,25.63,23.53,0,7.48,0,1
STR-004889,TreatmentB,B02,107.27,0.68,0.2095,330,21.07,0.4476,0.3913,30.11,23.22,1,8.6,1,0
STR-004890,TreatmentB,B02,133.93,1.94,0.2097,537,36.5,0.3094,0.2619,45.82,22.11,3,8.68,0,0
STR-004891,TreatmentA,B01,98.56,1.19,0.2214,343,49.71,0.1555,0.3591,21.02,18.57,5,6.12,1,0
STR-004892,TreatmentB,B03,117.34,1.73,0.1976,202,29.19,0.393,0.4722,24.52,23.74,6,4.37,0,0
STR-004893,TreatmentB,B02,83.82,1.95,0.2153,351,16.23,0.5427,0.1992,51.49,30.12,2,6.22,1,0
STR-004894,TreatmentA,B03,127.73,2.91,0.2939,413,31.8,0.3943,0.3654,35.82,25.03,6,5.75,0,1
STR-004895,TreatmentB,B03,109.8,1.98,0.2221,570,43.25,0.175,0.3783,51.7,18.62,0,6.58,1,0
STR-004896,TreatmentB,B02,129.72,2.62,0.2057,220,19.48,0.4045,0.2296,44.33,19.08,3,7.42,0,1
STR-004897,Control,B01,105.33,1.27,0.1618,421,37.76,0.2727,0.4197,60.78,19.42,3,7.28,1,0
STR-004898,TreatmentA,B01,110.45,1.52,0.213,204,29.13,0.2775,0.1586,25.61,28.15,1,6.92,0,1
STR-004899,TreatmentA,B02,112.97,1.8,0.2708,392,26.71,0.4856,0.2808,28.1,27.25,4,5.97,0,1
STR-004900,TreatmentB,B03,106.01,1.25,0.2011,375,18.45,0.3606,0.2318,76.1,31.34,4,5.1,1,0
STR-004901,Control,B02,101.05,3.04,0.2393,141,95.31,0.3869,0.154,23.78,27.07,0,7.45,0,1
STR-004902,TreatmentA,B01,111.21,1.89,0.2826,758,21.28,0.4741,0.3061,24.46,27.06,4,8.29,1,0
STR-004903,TreatmentB,B01,101.36,0.83,0.1776,148,51.01,0.3224,0.2989,24.69,20.1,1,7.85,1,0
STR-004904,Control,B02,113.73,2.59,0.2323,374,39.7,0.6673,0.5743,39.31,25.17,6,4.51,0,0
STR-004905,TreatmentB,B02,102.1,1.24,0.2178,379,44.09,0.2329,0.29,36.45,17.99,2,5.81,0,1
STR-004906,TreatmentA,B01,95.57,2.07,0.1913,342,32.95,0.2987,0.308,33.03,26.4,1,5.95,1,0
STR-004907,TreatmentB,B02,100.81,1.81,0.2328,153,17.66,0.33,0.1741,11.76,17.67,3,6.45,1,1
STR-004908,TreatmentA,B03,85.37,2.19,0.203,270,39.49,0.533,0.4202,17.54,15.76,3,7.04,0,1
STR-004909,Control,B01,129.91,2.61,0.2636,254,110.29,0.421,0.4692,56.5,27.55,2,8.39,0,0
STR-004910,Control,B01,90.08,1.93,0.2483,118,28.21,0.5111,0.1686,76.59,26.8,5,7.82,0,0
STR-004911,TreatmentB,B03,116.92,3.35,0.2742,176,48.16,0.5653,0.3352,6.83,26.3,3,7.43,0,1
STR-004912,Control,B02,84.4,3.2,0.241,292,23.6,0.4583,0.2772,44.02,27.46,3,7.23,0,1
STR-004913,TreatmentA,B02,70.49,1.07,0.1918,523,56.49,0.5139,0.4293,40.14,28.15,2,8.96,1,0
STR-004914,TreatmentA,B03,94.61,2.14,0.2422,408,15.76,0.4484,0.2809,51.38,17.29,0,7.06,1,1
STR-004915,TreatmentB,B03,102.08,1.54,0.1873,194,75.15,0.5679,0.5435,24.89,27.92,5,8.68,1,1
STR-004916,Control,B03,106.54,2.32,0.2576,260,34.7,0.2503,0.3304,32.92,22.67,2,7.04,0,0
STR-004917,TreatmentA,B02,112.76,1.44,0.2676,198,16.67,0.238,0.4621,48.7,14.22,3,6.47,1,0
STR-004918,Control,B02,117.81,1.4,0.2213,287,76.01,0.3094,0.2895,38.1,27.26,4,6.93,0,1
STR-004919,Control,B02,103.21,1.97,0.2468,555,15.08,0.5438,0.2396,32.08,23.13,4,8.56,0,1
STR-004920,TreatmentB,B02,74.65,1.31,0.1938,453,20.66,0.4102,0.1296,18.17,27.49,4,5.8,1,1
STR-004921,Control,B01,101.49,2.29,0.2428,157,85.65,0.5188,0.2974,35.99,15.37,2,8.5,0,0
STR-004922,Control,B03,122.54,2.39,0.2741,681,32.32,0.4648,0.3307,46.56,20.15,2,6.25,0,1
STR-004923,Control,B01,102.45,1.86,0.2362,460,24.6,0.2694,0.307,27.67,21.43,3,5.86,0,0
STR-004924,TreatmentA,B02,100.63,1.4,0.2425,182,23.99,0.4219,0.3965,34.53,20.83,1,8.97,1,0
STR-004925,TreatmentA,B01,115.73,1.33,0.2048,122,23.07,0.2827,0.3332,25.45,27.79,5,6.26,1,0
STR-004926,Control,B01,77.53,2.44,0.2802,351,46.46,0.5296,0.4296,38.58,22.21,3,6.93,0,1
STR-004927,TreatmentA,B03,100.38,1.26,0.2531,210,21.52,0.297,0.063,17.36,23.89,1,7.01,1,1
STR-004928,Control,B01,92.06,2.71,0.2175,374,12.08,0.4486,0.3079,49.93,19.3,0,6.75,0,1
STR-004929,Control,B01,110.11,1.91,0.243,196,6.93,0.4103,0.2817,33.87,13.73,1,6.19,0,1
STR-004930,TreatmentA,B02,105.57,2.18,0.2304,226,17.93,0.4117,0.3691,33.61,28.8,5,7.0,0,1
STR-004931,TreatmentB,B03,113.65,1.33,0.223,389,32.01,0.5584,0.4535,29.0,28.05,2,4.83,0,1
STR-004932,Control,B01,89.33,2.26,0.2512,186,18.55,0.2375,0.3107,42.51,22.89,1,6.38,1,1
STR-004933,TreatmentA,B02,99.85,1.54,0.2646,193,27.23,0.5076,0.3072,38.34,22.98,2,7.43,0,1
STR-004934,TreatmentA,B03,108.06,1.88,0.219,423,11.61,0.2368,0.2181,61.55,27.94,1,9.24,0,1
STR-004935,TreatmentA,B02,76.75,1.86,0.2571,243,28.52,0.5763,0.3034,15.08,22.6,2,6.44,0,1
STR-004936,TreatmentA,B03,121.3,1.81,0.2056,623,57.13,0.4194,0.326,19.32,24.91,1,7.05,1,1
STR-004937,Control,B03,87.19,1.99,0.2575,266,77.07,0.3929,0.132,30.44,26.11,2,6.21,0,0
STR-004938,Control,B02,100.92,3.81,0.226,164,32.21,0.4414,0.2461,58.04,33.84,3,7.97,0,0
STR-004939,Control,B03,91.08,2.73,0.2418,186,24.1,0.3425,0.2198,31.38,34.24,1,8.21,1,1
STR-004940,Control,B02,138.79,2.22,0.2493,262,43.83,0.177,0.1806,43.53,21.59,0,7.31,1,1
STR-004941,TreatmentB,B02,88.76,1.29,0.2382,128,38.97,0.2056,0.1572,17.39,26.46,5,6.76,1,1
STR-004942,TreatmentB,B02,74.55,1.2,0.2051,125,44.49,0.3618,0.1219,21.64,21.12,2,6.4,1,1
STR-004943,TreatmentA,B03,132.73,1.14,0.2534,392,34.17,0.5916,0.3978,54.13,26.99,3,7.29,1,1
STR-004944,Control,B02,97.06,2.02,0.2493,208,18.82,0.4271,0.3316,62.37,29.51,0,8.0,0,0
STR-004945,TreatmentB,B03,94.25,1.33,0.2371,266,71.19,0.2828,0.3263,39.22,10.17,0,8.67,1,0
STR-004946,Control,B02,92.13,3.55,0.2369,137,7.4,0.1899,0.2924,23.63,28.42,3,8.13,0,1
STR-004947,Control,B03,108.38,2.45,0.2492,1475,26.73,0.5676,0.2159,54.17,23.29,3,6.06,1,0
STR-004948,TreatmentA,B02,97.37,1.83,0.2047,661,11.47,0.1624,0.4905,29.45,28.73,2,5.72,1,0
STR-004949,TreatmentB,B02,59.84,1.93,0.2416,109,93.4,0.3187,0.4608,14.67,21.88,5,5.37,0,0
STR-004950,TreatmentA,B03,97.01,2.29,0.2049,273,20.43,0.3329,0.1758,39.08,26.89,2,9.63,1,0
STR-004951,Control,B02,91.46,2.25,0.2715,330,63.93,0.4246,0.029,46.45,32.61,1,7.75,0,0
STR-004952,TreatmentB,B03,93.12,1.05,0.283,382,34.87,0.2496,0.3785,25.08,29.14,3,5.25,0,0
STR-004953,Control,B02,103.68,3.8,0.2572,169,28.31,0.3451,0.2687,60.9,14.01,1,6.63,0,1
STR-004954,TreatmentB,B02,88.53,1.99,0.2051,328,45.87,0.4751,0.2482,54.48,18.24,2,5.13,0,0
STR-004955,TreatmentB,B02,100.59,1.43,0.2138,463,33.71,0.5327,0.2915,27.35,6.56,1,7.75,1,1
STR-004956,Control,B01,118.73,2.67,0.2865,382,64.23,0.5138,0.5304,36.5,12.78,1,7.71,0,1
STR-004957,Control,B02,92.4,2.02,0.158,510,33.9,0.3757,0.3608,38.1,25.58,3,6.56,1,0
STR-004958,TreatmentA,B01,100.63,1.35,0.1509,215,42.59,0.2462,0.2818,31.89,21.81,3,7.16,1,1
STR-004959,TreatmentB,B01,91.9,1.69,0.2218,237,21.43,0.5269,0.4968,17.88,19.87,2,4.68,1,0
STR-004960,TreatmentA,B03,120.78,2.26,0.1937,217,23.5,0.454,0.242,48.41,22.59,2,6.57,1,0
STR-004961,TreatmentA,B03,99.73,1.95,0.1803,293,6.76,0.5413,0.1458,42.3,32.39,2,5.75,1,0
STR-004962,TreatmentB,B02,115.6,1.98,0.266,233,16.34,0.3661,0.4627,85.14,29.66,4,7.01,0,1
STR-004963,TreatmentB,B01,103.99,1.25,0.2434,253,45.95,0.472,0.2132,19.46,13.59,1,8.84,0,0
STR-004964,TreatmentA,B02,87.1,1.64,0.2328,338,35.01,0.5505,0.376,31.86,21.81,1,9.29,1,1
STR-004965,Control,B03,112.62,1.75,0.3369,331,188.68,0.6311,0.5872,22.52,42.73,4,6.54,0,1
STR-004966,TreatmentB,B01,99.67,1.55,0.1748,813,109.41,0.4362,0.3272,30.57,25.74,2,9.68,1,0
STR-004967,Control,B02,103.04,1.01,0.2688,233,45.29,0.6422,0.1125,32.59,9.32,4,5.5,0,0
STR-004968,TreatmentA,B02,80.01,2.07,0.1833,271,7.58,0.3613,0.1954,27.79,23.26,4,4.5,1,0
STR-004969,TreatmentB,B03,90.11,2.23,0.2256,187,17.57,0.4482,0.1512,2.29,36.15,1,6.68,1,1
STR-004970,TreatmentB,B03,87.34,2.65,0.1823,234,61.24,0.3199,0.4198,18.56,31.27,2,6.18,1,0
STR-004971,TreatmentA,B02,113.28,2.18,0.2381,111,37.08,0.5833,0.3487,75.57,24.01,1,7.15,0,1
STR-004972,TreatmentB,B03,145.38,2.37,0.2342,287,13.49,0.3851,0.602,5.84,24.04,5,8.04,1,0
STR-004973,TreatmentB,B01,102.64,1.36,0.2492,249,19.92,0.3296,0.5651,18.92,9.15,2,5.98,1,0
STR-004974,TreatmentB,B02,95.66,0.9,0.2576,125,46.39,0.3316,0.1648,15.63,28.84,0,7.69,0,1
STR-004975,TreatmentA,B02,111.0,1.31,0.3024,254,15.68,0.1414,0.2189,22.52,34.23,1,4.88,0,1
STR-004976,TreatmentA,B03,108.39,1.3,0.2319,215,38.16,0.5198,0.2644,39.8,14.33,1,8.08,1,0
STR-004977,Control,B02,72.87,1.55,0.2413,315,17.03,0.4456,0.3216,59.8,22.17,2,8.2,0,0
STR-004978,Control,B03,103.01,2.5,0.2681,130,19.93,0.542,0.3456,37.58,32.17,2,8.48,0,0
STR-004979,TreatmentB,B01,117.03,2.14,0.2536,230,36.71,0.5873,0.2842,21.83,30.57,3,7.85,1,0
STR-004980,Control,B01,105.46,1.97,0.2618,394,26.9,0.5062,0.3977,59.82,28.79,4,7.58,0,1
STR-004981,TreatmentB,B02,91.74,2.43,0.2638,232,56.16,0.513,0.3764,18.39,35.13,3,8.06,0,1
STR-004982,TreatmentA,B01,86.67,1.63,0.2366,573,37.43,0.6538,0.0351,31.07,21.09,4,7.89,1,0
STR-004983,TreatmentB,B02,103.99,0.69,0.2234,341,54.1,0.2896,0.2089,18.91,12.35,5,8.46,1,1
STR-004984,Control,B01,92.93,2.29,0.2261,188,273.72,0.322,0.215,23.41,20.67,2,6.34,1,1
STR-004985,TreatmentB,B02,89.49,1.16,0.1793,757,35.47,0.3266,0.409,34.4,23.93,2,4.86,0,0
STR-004986,Control,B01,64.44,1.68,0.2493,109,16.0,0.4223,0.4876,34.3,32.15,3,5.92,1,1
STR-004987,TreatmentB,B02,86.64,1.04,0.2917,390,37.58,0.4195,0.2471,42.58,34.32,1,5.98,0,1
STR-004988,Control,B02,102.33,1.96,0.3084,690,28.56,0.6015,0.2155,27.36,14.2,4,7.73,0,0
STR-004989,TreatmentA,B03,93.49,2.35,0.1717,310,23.18,0.5193,0.5255,34.89,26.85,4,8.8,1,1
STR-004990,TreatmentA,B01,114.66,1.18,0.211,616,35.53,0.5793,0.2243,40.55,21.46,2,8.54,1,0
STR-004991,Control,B02,83.73,1.85,0.1887,252,14.76,0.235,0.6355,36.86,27.05,4,5.75,1,0
STR-004992,TreatmentA,B01,129.94,1.42,0.249,297,24.85,0.662,0.2224,23.17,22.6,2,4.56,0,0
STR-004993,TreatmentA,B01,106.42,1.36,0.2409,433,54.82,0.6386,0.3909,22.21,26.01,3,6.91,1,1
STR-004994,TreatmentA,B03,110.39,1.94,0.1909,52,20.75,0.3205,0.142,46.3,23.85,2,9.15,1,1
STR-004995,Control,B01,84.55,4.17,0.2588,740,21.35,0.3154,0.2182,23.52,17.75,2,6.79,0,1
STR-004996,TreatmentA,B02,75.34,2.81,0.2652,1190,44.1,0.223,0.2439,25.46,27.15,4,7.15,0,1
STR-004997,Control,B03,124.58,2.6,0.2494,171,10.77,0.4023,0.0958,25.86,24.09,2,6.16,0,1
STR-004998,TreatmentB,B03,107.51,3.37,0.2351,192,15.11,0.2102,0.2802,4.06,14.51,1,5.31,0,0
STR-004999,TreatmentB,B02,97.55,1.85,0.2542,274,18.05,0.4934,0.2738,33.3,15.82,5,6.16,0,1
STR-005000,TreatmentB,B02,96.87,2.1,0.2418,551,24.87,0.4338,0.1576,33.11,25.25,1,5.47,1,0
STR-005001,TreatmentB,B03,97.72,1.53,0.2576,210,7.92,0.4134,0.2802,21.12,21.91,6,7.77,1,0
STR-005002,Control,B03,92.81,3.6,0.3247,280,15.42,0.7587,0.1698,33.13,21.2,4,7.09,0,0
STR-005003,Control,B03,93.77,2.35,0.1846,138,24.43,0.3637,0.3568,21.94,18.67,7,5.79,1,0
STR-005004,TreatmentA,B02,90.08,1.26,0.2231,340,30.35,0.3994,0.354,19.24,27.87,1,4.87,1,0
STR-005005,TreatmentA,B03,83.31,1.37,0.2392,338,21.43,0.2644,0.5603,12.0,33.09,2,8.09,1,0
STR-005006,TreatmentB,B02,95.74,1.66,0.1757,136,16.45,0.4399,0.257,12.41,27.13,2,6.54,1,0
STR-005007,TreatmentA,B03,113.48,1.74,0.2723,767,37.52,0.3278,0.3255,45.72,23.61,4,8.25,1,0
STR-005008,TreatmentB,B03,98.11,1.28,0.2413,438,49.93,0.3622,0.306,44.08,36.03,0,6.65,0,0
STR-005009,TreatmentB,B02,89.83,1.12,0.2441,223,12.36,0.7105,0.324,25.04,25.27,0,6.54,1,0
STR-005010,TreatmentB,B02,94.5,1.43,0.1635,234,110.87,0.325,0.3948,38.58,26.0,3,5.38,1,0
STR-005011,TreatmentA,B02,93.04,2.06,0.235,604,39.36,0.4364,0.3685,56.12,31.31,4,7.78,1,1
STR-005012,TreatmentB,B01,76.53,1.73,0.2868,459,33.1,0.4645,0.4496,20.79,19.26,4,6.04,0,0
STR-005013,TreatmentB,B02,105.96,3.6,0.2305,1286,46.77,0.4525,0.3386,7.28,25.78,4,5.87,0,0
STR-005014,TreatmentB,B03,101.5,2.16,0.2279,561,19.2,0.3932,0.4165,5.41,28.47,4,7.05,1,1
STR-005015,Control,B01,86.42,2.55,0.1939,284,27.3,0.5127,0.3881,55.04,18.96,2,6.08,0,1
STR-005016,TreatmentB,B03,100.14,1.19,0.3069,349,133.86,0.6459,0.4224,51.0,25.58,1,8.45,0,1
STR-005017,TreatmentB,B03,84.83,2.44,0.2579,380,49.39,0.6244,0.2586,17.81,28.89,8,9.13,1,1
STR-005018,TreatmentA,B02,97.51,2.46,0.1782,328,45.79,0.4085,0.112,33.05,23.72,2,7.32,1,1
STR-005019,TreatmentB,B01,86.96,1.5,0.2218,515,32.27,0.2707,0.3966,23.04,38.14,1,6.82,1,1
STR-005020,TreatmentB,B02,141.42,0.8,0.2293,171,39.64,0.5022,0.2479,5.23,24.0,1,6.26,1,0
STR-005021,TreatmentB,B01,88.98,2.14,0.2247,294,57.94,0.2109,0.3891,11.78,36.73,1,4.96,1,0
STR-005022,TreatmentA,B02,110.83,1.99,0.2657,298,51.31,0.4981,0.4409,32.72,24.5,3,7.58,1,1
STR-005023,TreatmentB,B02,64.25,1.24,0.226,139,58.83,0.1806,0.2585,49.4,34.4,6,7.71,1,1
STR-005024,TreatmentA,B02,114.6,2.56,0.2341,118,67.25,0.4372,0.2623,38.76,29.65,3,6.48,0,1
STR-005025,TreatmentB,B01,105.2,1.68,0.1854,232,213.85,0.3741,0.4956,23.84,29.56,3,6.84,1,1
STR-005026,Control,B03,85.26,2.35,0.1725,190,80.06,0.5379,0.2038,36.37,20.11,5,6.39,1,1
STR-005027,TreatmentB,B01,119.94,1.4,0.2216,208,67.48,0.4525,0.2224,16.54,25.79,2,5.48,1,0
STR-005028,TreatmentB,B02,98.27,1.33,0.2719,189,18.68,0.559,0.4048,27.13,22.88,2,7.89,1,1
STR-005029,Control,B03,104.54,2.29,0.2816,762,36.31,0.4692,0.303,26.5,18.28,2,7.27,0,1
STR-005030,TreatmentA,B03,72.65,1.65,0.2718,219,29.76,0.4657,0.324,26.91,21.56,0,7.76,1,1
STR-005031,Control,B03,122.0,2.39,0.189,211,45.97,0.512,0.385,34.03,24.03,4,4.3,1,0
STR-005032,Control,B02,120.44,2.01,0.2531,486,41.23,0.5859,0.34,40.79,26.48,3,6.42,0,1
STR-005033,TreatmentA,B01,98.91,2.07,0.2422,266,25.52,0.1477,0.3383,59.12,18.27,2,5.54,0,0
STR-005034,Control,B01,64.26,2.02,0.2633,69,23.39,0.344,0.2124,39.16,31.11,3,5.92,1,1
STR-005035,Control,B03,114.38,2.01,0.197,558,19.91,0.2908,0.1034,31.47,25.71,6,5.88,1,1
STR-005036,TreatmentB,B02,98.98,0.75,0.2604,229,62.31,0.4269,0.4071,20.2,20.78,5,5.27,0,0
STR-005037,TreatmentB,B01,111.08,1.69,0.2635,304,26.35,0.2529,0.2283,21.98,21.75,0,8.59,1,0
STR-005038,TreatmentB,B03,89.42,3.4,0.2354,100,10.82,0.2897,0.3484,8.43,20.46,3,8.38,0,0
STR-005039,TreatmentA,B03,106.78,2.77,0.2431,270,59.88,0.3845,0.222,34.91,26.13,2,6.9,0,1
STR-005040,TreatmentB,B03,125.74,1.29,0.247,472,31.95,0.628,0.2278,71.07,32.5,3,6.17,1,0
STR-005041,TreatmentA,B03,148.49,1.67,0.2503,62,26.55,0.5037,0.1826,22.79,26.12,2,5.53,1,0
STR-005042,Control,B02,82.55,2.41,0.2434,81,33.61,0.5575,0.417,31.7,23.49,1,6.72,0,1
STR-005043,TreatmentB,B01,87.07,1.05,0.2058,286,21.84,0.3055,0.2487,55.5,18.54,2,5.19,1,0
STR-005044,Control,B01,77.93,3.07,0.2801,260,52.87,0.4839,0.4638,34.98,29.01,2,6.76,0,1
STR-005045,TreatmentB,B01,85.32,0.76,0.2635,379,40.11,0.4144,0.3095,20.96,26.45,4,6.1,1,1
STR-005046,TreatmentA,B02,79.8,2.48,0.1974,190,90.67,0.2807,0.3435,21.84,23.3,5,5.94,0,0
STR-005047,Control,B03,92.55,2.14,0.2494,390,39.09,0.2378,0.4791,57.52,31.42,3,5.75,1,0
STR-005048,TreatmentA,B03,100.74,3.01,0.1913,130,71.76,0.2395,0.4815,16.31,21.51,4,6.17,1,0
STR-005049,Control,B01,127.9,3.02,0.2531,859,47.52,0.4352,0.2769,20.68,16.96,4,7.0,0,1
STR-005050,Control,B02,112.13,1.83,0.2459,1039,40.88,0.7121,0.2095,49.94,25.77,2,6.48,0,0
STR-005051,TreatmentA,B03,68.53,1.45,0.2343,301,88.15,0.2545,0.1209,37.99,22.26,1,5.9,1,1
STR-005052,TreatmentA,B03,95.12,1.41,0.3259,685,21.89,0.2899,0.4347,45.2,29.42,1,5.52,0,0
STR-005053,TreatmentB,B01,79.83,1.85,0.2645,207,30.3,0.181,0.2165,33.87,35.33,6,7.11,0,1
STR-005054,TreatmentB,B03,116.3,2.87,0.2481,405,29.46,0.213,0.3895,31.89,30.0,3,8.02,0,0
STR-005055,TreatmentB,B01,89.76,2.7,0.1871,123,35.34,0.3145,0.2002,14.13,21.4,3,6.65,1,1
STR-005056,Control,B03,127.62,2.05,0.2727,113,115.79,0.3611,0.4971,40.12,29.54,3,7.43,0,0
STR-005057,TreatmentB,B02,77.06,3.32,0.3064,181,42.44,0.6465,0.5683,39.61,26.48,3,5.44,0,1
STR-005058,TreatmentA,B01,113.85,2.71,0.2432,48,25.92,0.6574,0.1561,16.53,12.49,3,8.05,1,0
STR-005059,TreatmentA,B01,101.26,1.4,0.2971,451,114.38,0.4134,0.3573,37.33,25.48,1,6.73,1,0
STR-005060,TreatmentB,B01,117.66,0.64,0.2018,442,14.6,0.6986,0.1624,4.32,30.32,2,8.32,1,0
STR-005061,TreatmentB,B03,91.34,1.51,0.2003,426,13.57,0.4376,0.2885,34.93,32.07,2,7.68,1,1
STR-005062,TreatmentB,B03,102.62,1.32,0.2663,234,32.47,0.604,0.5314,16.41,27.14,2,5.16,1,1
STR-005063,Control,B03,94.42,1.62,0.2829,302,95.37,0.4982,0.3631,25.79,35.53,1,8.83,1,0
STR-005064,TreatmentB,B02,109.87,1.7,0.2959,124,54.6,0.4957,0.4013,42.74,23.19,4,7.93,1,1
STR-005065,TreatmentB,B01,67.56,0.62,0.1997,312,22.3,0.414,0.5168,27.81,25.1,2,8.86,1,1
STR-005066,Control,B03,92.35,1.72,0.2146,237,27.64,0.5481,0.2968,46.26,31.41,4,5.48,1,0
STR-005067,TreatmentB,B01,100.01,1.78,0.2471,554,54.41,0.4608,0.1742,22.47,36.11,5,6.75,0,1
STR-005068,TreatmentA,B01,96.78,2.61,0.2309,137,52.24,0.5339,0.6404,35.45,25.26,2,5.62,0,1
STR-005069,Control,B02,107.17,2.83,0.2418,316,61.96,0.1247,0.1912,58.42,20.97,2,8.8,0,1
STR-005070,Control,B02,113.11,1.94,0.1863,283,14.44,0.2764,0.4863,53.15,25.04,3,7.3,1,0
STR-005071,TreatmentB,B03,112.79,1.49,0.281,207,50.78,0.3948,0.2761,27.91,17.52,4,8.29,1,0
STR-005072,TreatmentA,B01,83.89,1.6,0.2108,347,30.26,0.5029,0.356,31.73,24.86,2,4.13,1,0
STR-005073,Control,B02,117.56,2.64,0.2038,121,29.61,0.286,0.1946,64.08,25.95,3,6.92,0,1
STR-005074,Control,B03,82.16,2.55,0.2298,382,52.11,0.5504,0.1228,31.42,24.92,6,7.05,0,0
STR-005075,TreatmentA,B01,93.73,1.52,0.1845,473,53.9,0.1883,0.458,26.53,21.92,2,5.09,1,0
STR-005076,Control,B03,106.31,2.0,0.2179,208,31.64,0.1942,0.4212,44.05,23.9,3,7.16,0,0
STR-005077,Control,B02,84.04,2.5,0.2864,640,8.3,0.4134,0.4248,34.27,18.64,3,7.83,0,1
STR-005078,TreatmentB,B01,106.36,1.67,0.2147,444,80.35,0.4509,0.1136,19.94,29.5,1,6.09,1,0
STR-005079,Control,B03,125.96,2.42,0.2391,98,10.62,0.495,0.3839,45.34,21.86,0,8.74,0,0
STR-005080,TreatmentB,B01,114.22,2.25,0.2227,344,32.6,0.3703,0.3749,18.22,23.88,3,6.31,1,1
STR-005081,TreatmentA,B02,87.93,3.09,0.1731,114,22.49,0.3124,0.2946,19.31,21.98,1,6.65,1,1
STR-005082,TreatmentA,B03,92.83,1.86,0.1567,975,78.07,0.5562,0.2579,25.52,21.54,1,5.08,1,0
STR-005083,Control,B02,68.24,2.16,0.2789,221,72.51,0.3123,0.3021,27.93,19.0,1,6.51,0,1
STR-005084,TreatmentA,B03,112.17,2.42,0.2056,383,46.48,0.6827,0.2331,22.83,24.47,2,7.43,1,1
STR-005085,TreatmentB,B01,90.37,1.65,0.2793,126,48.57,0.5722,0.3152,13.15,24.79,0,8.84,1,0
STR-005086,TreatmentA,B01,106.07,1.99,0.2061,407,42.45,0.2903,0.1516,39.66,18.85,3,9.38,1,0
STR-005087,TreatmentA,B01,104.57,2.1,0.2141,714,53.81,0.2548,0.366,44.9,19.73,3,3.57,0,0
STR-005088,Control,B01,97.14,2.61,0.2418,319,72.71,0.2449,0.5718,29.31,28.22,5,6.31,0,0
STR-005089,TreatmentA,B03,80.78,2.85,0.2156,1016,40.37,0.3435,0.2751,22.71,17.11,5,6.99,0,1
STR-005090,Control,B02,98.72,3.05,0.2291,264,37.79,0.5951,0.4491,36.28,21.48,2,6.55,0,1
STR-005091,Control,B03,69.99,2.42,0.2512,311,30.84,0.6303,0.5035,31.44,30.36,6,9.21,0,1
STR-005092,TreatmentA,B02,107.48,2.62,0.242,178,12.82,0.2554,0.3591,14.31,28.65,1,6.3,1,1
STR-005093,TreatmentB,B02,119.28,1.27,0.2688,142,17.69,0.3756,0.2561,40.72,21.36,1,4.57,1,0
STR-005094,TreatmentB,B02,101.2,0.74,0.2644,339,21.15,0.362,0.1703,36.28,25.11,1,6.9,0,1
STR-005095,Control,B02,90.15,1.54,0.2265,645,40.81,0.3596,0.2982,25.07,35.34,4,7.82,1,0
STR-005096,Control,B02,74.13,2.24,0.1603,293,24.94,0.1421,0.544,38.97,22.9,0,6.82,0,0
STR-005097,TreatmentB,B01,90.55,1.19,0.2135,96,59.37,0.297,0.5223,67.8,9.14,3,4.96,0,0
STR-005098,TreatmentA,B02,92.03,1.52,0.2621,151,28.43,0.3914,0.2101,56.99,31.0,3,5.46,1,0
STR-005099,TreatmentA,B01,106.01,0.77,0.2157,466,32.47,0.4752,0.1531,39.41,21.48,3,8.83,0,0
STR-005100,TreatmentB,B01,99.01,1.3,0.2367,187,38.11,0.3601,0.2863,40.52,21.01,1,6.25,1,1
STR-005101,Control,B02,116.47,1.85,0.2555,92,31.9,0.3889,0.2541,33.14,21.13,5,5.67,0,1
STR-005102,TreatmentA,B02,74.38,1.07,0.2222,341,15.47,0.2292,0.2278,26.0,24.97,3,8.84,1,1
STR-005103,TreatmentB,B01,118.79,2.1,0.2655,760,43.53,0.6164,0.3059,17.48,21.53,2,5.91,0,0
STR-005104,Control,B02,79.7,1.71,0.1954,226,64.06,0.2168,0.3135,67.94,28.89,4,6.82,1,1
STR-005105,Control,B03,111.77,2.93,0.2501,249,63.81,0.5173,0.4473,30.16,17.99,2,6.96,0,1
STR-005106,TreatmentB,B03,97.78,2.87,0.2225,242,39.08,0.7708,0.1811,41.38,27.87,3,6.4,0,0
STR-005107,TreatmentA,B01,105.89,2.87,0.2056,323,41.36,0.3827,0.2247,40.44,25.51,2,6.47,0,1
STR-005108,Control,B02,103.56,2.74,0.2259,200,46.29,0.3121,0.2703,53.58,27.03,4,5.56,0,1
STR-005109,TreatmentB,B02,95.3,1.42,0.286,663,32.13,0.2561,0.1601,35.37,16.01,2,5.86,0,1
STR-005110,TreatmentB,B03,89.66,0.75,0.243,160,65.73,0.3392,0.2631,41.31,27.26,4,7.66,1,0
STR-005111,TreatmentB,B02,81.92,0.42,0.2071,322,20.94,0.3387,0.2907,35.2,18.54,2,6.18,1,0
STR-005112,TreatmentB,B03,97.61,1.6,0.2813,280,10.76,0.2694,0.4021,49.35,16.28,2,5.34,0,0
STR-005113,TreatmentB,B03,95.75,2.46,0.2519,153,45.45,0.3796,0.1947,21.63,29.65,2,6.51,0,1
STR-005114,TreatmentB,B02,93.43,2.26,0.1953,173,25.02,0.5263,0.3513,12.4,26.03,0,6.83,1,1
STR-005115,TreatmentB,B02,75.3,1.07,0.1888,94,46.46,0.4796,0.2052,8.46,23.15,1,7.62,1,0
STR-005116,TreatmentA,B01,98.92,1.57,0.2717,133,48.32,0.3776,0.2566,21.83,29.55,0,6.26,0,0
STR-005117,TreatmentB,B03,83.59,0.48,0.2045,200,11.08,0.5327,0.1927,10.06,14.79,1,6.04,0,0
STR-005118,Control,B03,93.94,2.13,0.2806,445,31.87,0.2039,0.3493,30.68,18.07,5,5.23,0,0
STR-005119,TreatmentA,B02,100.64,3.85,0.2132,148,29.38,0.6304,0.5436,70.46,30.27,3,6.8,0,1
STR-005120,Control,B02,73.91,2.08,0.2567,375,14.57,0.6739,0.444,31.5,24.7,5,8.5,0,1
STR-005121,Control,B02,97.4,4.67,0.2877,347,36.07,0.6285,0.1763,30.44,22.41,4,6.78,0,0
STR-005122,TreatmentB,B03,115.07,2.68,0.2575,338,49.02,0.3138,0.0722,28.94,37.86,3,7.38,0,1
STR-005123,TreatmentB,B02,92.32,3.14,0.3082,672,53.42,0.2492,0.1251,23.31,27.28,2,6.22,0,1
STR-005124,Control,B03,86.5,2.86,0.1914,142,86.07,0.2056,0.3692,42.69,26.5,4,7.5,0,1
STR-005125,TreatmentA,B01,96.38,1.97,0.2801,314,13.17,0.4959,0.2248,50.05,21.05,5,7.68,0,1
STR-005126,TreatmentA,B03,112.52,1.8,0.2621,573,31.78,0.4039,0.241,39.1,35.65,1,6.49,0,1
STR-005127,TreatmentB,B02,103.79,1.33,0.214,160,56.29,0.3976,0.346,47.31,36.3,2,7.72,1,1
STR-005128,TreatmentA,B01,64.17,2.55,0.2679,246,40.65,0.3771,0.3393,53.39,38.88,2,5.14,0,1
STR-005129,TreatmentB,B01,121.97,2.04,0.2008,55,91.04,0.3957,0.2512,62.13,14.59,2,6.13,1,1
STR-005130,TreatmentA,B03,83.55,2.12,0.2344,475,32.85,0.6896,0.2144,22.49,17.06,4,7.54,1,0
STR-005131,Control,B01,100.77,2.69,0.2811,141,38.63,0.6103,0.2831,57.43,19.57,2,6.24,0,1
STR-005132,Control,B01,114.05,2.07,0.2323,250,6.35,0.3331,0.2074,40.59,21.13,1,6.02,0,1
STR-005133,Control,B02,93.33,3.49,0.2592,361,32.54,0.3752,0.3212,33.89,21.89,2,6.7,0,1
STR-005134,Control,B01,110.7,2.35,0.2057,93,40.07,0.5155,0.1847,37.18,13.62,2,3.92,0,0
STR-005135,TreatmentB,B01,100.25,1.98,0.2713,713,54.22,0.3424,0.091,11.96,14.96,3,8.07,1,1
STR-005136,Control,B01,103.32,1.57,0.1666,809,35.97,0.3446,0.3198,32.05,32.14,1,8.13,0,1
STR-005137,TreatmentA,B02,132.67,1.14,0.244,97,31.3,0.474,0.3205,24.35,23.93,0,4.6,1,0
STR-005138,TreatmentB,B01,102.38,0.85,0.2059,506,19.87,0.3968,0.3459,14.15,35.53,1,6.15,1,0
STR-005139,TreatmentB,B03,95.43,1.49,0.2751,246,41.11,0.3072,0.3329,15.66,33.26,0,3.72,0,0
STR-005140,TreatmentB,B02,105.23,2.35,0.2702,104,25.98,0.5215,0.1904,8.65,35.31,5,7.93,1,0
STR-005141,TreatmentA,B02,100.11,2.4,0.2385,414,53.83,0.4157,0.3892,23.61,18.04,1,8.45,0,1
STR-005142,TreatmentA,B02,91.04,2.02,0.2714,84,15.77,0.4871,0.1379,54.83,31.82,2,6.42,0,0
STR-005143,TreatmentB,B02,104.46,2.0,0.2091,330,31.37,0.4388,0.4233,62.25,23.13,4,7.5,1,1
STR-005144,TreatmentA,B03,100.57,1.37,0.1838,628,59.32,0.3859,0.32,36.81,11.64,4,8.96,1,0
STR-005145,TreatmentA,B01,110.3,1.45,0.208,445,110.59,0.2856,0.2776,60.53,32.33,6,8.07,1,1
STR-005146,TreatmentA,B01,135.8,2.2,0.2415,320,41.69,0.2727,0.2438,46.54,23.05,0,7.9,1,1
STR-005147,TreatmentA,B03,88.99,1.66,0.2263,273,49.34,0.531,0.303,48.21,36.88,3,8.39,1,0
STR-005148,TreatmentB,B01,140.65,1.92,0.1923,806,54.97,0.3743,0.4167,27.95,23.44,2,7.83,0,1
STR-005149,Control,B03,88.95,2.52,0.2972,708,49.49,0.2836,0.3742,34.91,29.33,2,9.04,0,0
STR-005150,Control,B03,101.66,3.02,0.2531,439,30.19,0.571,0.2744,41.75,29.29,3,8.19,1,0
STR-005151,Control,B02,114.49,2.47,0.2561,325,46.79,0.1214,0.1865,42.73,28.96,5,6.67,0,1
STR-005152,TreatmentB,B02,84.15,1.38,0.206,134,80.51,0.3902,0.2366,78.11,5.87,4,5.77,1,0
STR-005153,TreatmentB,B01,115.79,1.24,0.2377,282,34.72,0.264,0.2757,24.79,17.44,3,6.06,1,1
STR-005154,TreatmentA,B02,82.38,1.56,0.2346,335,46.32,0.6322,0.2715,36.58,26.59,0,6.39,1,0
STR-005155,TreatmentA,B02,83.24,1.33,0.2258,92,37.51,0.33,0.1062,27.45,30.78,2,9.54,1,0
STR-005156,Control,B03,109.32,3.06,0.2884,134,58.04,0.5151,0.3676,26.95,30.18,1,4.0,0,0
STR-005157,TreatmentA,B02,82.38,1.89,0.197,380,31.9,0.3995,0.3748,20.7,20.47,3,8.84,1,0
STR-005158,Control,B01,92.45,1.4,0.2552,277,30.73,0.5737,0.5431,36.65,24.89,2,7.14,1,1
STR-005159,Control,B03,103.67,3.19,0.2436,787,28.41,0.1993,0.2121,53.13,14.77,2,7.97,0,1
STR-005160,Control,B02,102.36,2.97,0.2113,372,18.85,0.3222,0.2588,33.29,20.11,0,5.33,1,0
STR-005161,TreatmentB,B02,117.76,1.43,0.2467,244,28.88,0.5923,0.2038,21.35,28.37,2,6.94,1,1
STR-005162,TreatmentA,B03,106.8,1.84,0.2736,309,23.15,0.2689,0.3133,115.87,32.86,6,7.74,0,1
STR-005163,TreatmentB,B03,104.08,1.23,0.2436,421,21.44,0.3288,0.3776,23.07,27.89,2,5.95,1,1
STR-005164,Control,B03,109.47,1.47,0.2371,291,54.03,0.4207,0.1602,49.57,25.15,4,8.99,1,0
STR-005165,Control,B02,99.21,2.97,0.2224,152,44.4,0.5358,0.3159,39.69,26.07,4,6.73,0,1
STR-005166,TreatmentB,B01,124.07,1.33,0.2068,346,45.58,0.4709,0.356,9.92,26.95,1,6.76,1,1
STR-005167,Control,B03,69.05,1.71,0.2979,128,58.99,0.3405,0.3332,26.65,16.19,0,4.16,0,0
STR-005168,TreatmentB,B02,112.25,1.58,0.2973,307,41.79,0.4467,0.3525,8.41,26.44,2,7.96,1,1
STR-005169,Control,B03,113.5,2.96,0.2364,415,29.62,0.4879,0.3327,49.78,26.19,4,8.34,0,0
STR-005170,TreatmentA,B03,100.79,1.28,0.256,556,89.89,0.3938,0.1889,32.07,39.52,2,8.59,0,1
STR-005171,Control,B03,119.19,2.79,0.2463,267,19.07,0.4659,0.6269,30.36,28.04,4,4.73,0,0
STR-005172,Control,B02,106.91,2.0,0.2197,313,26.39,0.4123,0.1725,33.58,22.0,2,6.12,0,0
STR-005173,TreatmentB,B01,106.7,1.4,0.2411,607,15.59,0.4409,0.4236,8.41,18.4,0,6.87,1,1
STR-005174,TreatmentA,B03,93.89,2.25,0.2082,229,39.74,0.4888,0.3312,44.94,24.11,3,7.64,0,1
STR-005175,Control,B03,101.94,1.96,0.2972,551,12.86,0.2979,0.5086,57.08,20.62,4,5.26,0,0
STR-005176,Control,B03,98.11,3.77,0.2285,425,16.59,0.3806,0.3481,68.7,26.52,5,8.54,0,0
STR-005177,TreatmentB,B01,103.89,1.37,0.2389,94,48.32,0.6503,0.3805,8.95,26.77,2,7.78,1,1
STR-005178,TreatmentA,B03,121.0,1.86,0.2414,198,11.38,0.4325,0.2098,21.48,30.53,3,5.27,0,0
STR-005179,Control,B01,101.8,3.32,0.2745,122,50.93,0.6613,0.6235,24.39,28.66,1,3.86,0,1
STR-005180,TreatmentA,B02,106.88,1.41,0.2404,239,176.81,0.4046,0.264,16.61,20.34,3,5.19,1,0
STR-005181,TreatmentB,B03,96.24,1.24,0.2669,318,14.3,0.2804,0.1889,52.94,20.7,3,7.57,1,1
STR-005182,TreatmentB,B03,81.19,1.82,0.2552,395,28.41,0.3935,0.0432,19.64,7.29,1,6.95,1,1
STR-005183,TreatmentA,B03,100.87,0.83,0.2642,190,36.91,0.4932,0.2242,24.94,20.08,5,7.6,0,0
STR-005184,Control,B01,104.46,3.59,0.2442,479,57.25,0.3608,0.2127,28.0,15.81,1,8.04,0,1
STR-005185,Control,B03,111.39,2.19,0.2559,184,32.67,0.4164,0.412,73.77,30.2,0,7.87,0,1
STR-005186,TreatmentB,B01,106.6,1.46,0.2069,526,190.09,0.4422,0.2187,24.52,19.53,3,4.8,1,0
STR-005187,Control,B03,78.85,2.23,0.2737,186,47.52,0.3948,0.3856,38.83,28.32,0,8.64,0,0
STR-005188,Control,B02,81.21,1.97,0.1988,203,71.07,0.5052,0.3214,36.93,31.61,2,7.64,1,0
STR-005189,TreatmentA,B02,106.47,2.82,0.2322,543,37.4,0.2519,0.1386,27.81,22.38,1,7.09,0,1
STR-005190,TreatmentA,B03,108.36,1.69,0.2853,196,62.8,0.5405,0.4361,34.01,26.45,1,6.49,1,1
STR-005191,TreatmentB,B03,81.39,1.83,0.2503,473,89.14,0.4305,0.3375,8.11,17.61,3,7.85,1,0
STR-005192,TreatmentA,B03,85.14,2.4,0.222,454,24.88,0.5422,0.2959,32.59,21.94,2,5.96,0,1
STR-005193,Control,B03,109.43,2.8,0.1852,179,15.47,0.4594,0.2414,23.02,26.51,2,4.77,0,0
STR-005194,Control,B03,108.05,1.88,0.2478,448,95.3,0.536,0.2898,64.61,19.36,4,3.94,0,0
STR-005195,Control,B01,89.92,2.25,0.1885,295,115.33,0.4069,0.1676,30.37,34.31,1,8.02,1,1
STR-005196,Control,B02,92.34,2.98,0.2362,435,86.25,0.4888,0.3557,30.78,37.62,1,4.6,0,0
STR-005197,TreatmentA,B03,120.23,1.58,0.2241,68,26.99,0.5314,0.1576,34.71,24.48,0,6.75,1,1
STR-005198,TreatmentB,B03,91.33,1.34,0.2828,193,67.98,0.3229,0.3242,10.48,29.73,1,6.94,1,1
STR-005199,Control,B03,97.96,1.68,0.2913,163,31.82,0.5055,0.2933,37.99,21.69,3,6.56,0,1
STR-005200,TreatmentB,B03,99.64,2.38,0.2511,248,32.27,0.331,0.1883,18.53,15.26,4,7.16,0,1
STR-005201,TreatmentA,B01,91.6,3.1,0.2405,174,29.15,0.3839,0.4132,33.41,34.48,1,5.14,1,0
STR-005202,TreatmentB,B02,98.79,0.97,0.243,704,22.11,0.4154,0.2927,25.63,21.14,1,4.05,1,0
STR-005203,Control,B03,101.96,2.44,0.2777,427,42.95,0.5785,0.2793,48.93,21.7,2,7.26,0,0
STR-005204,TreatmentA,B02,115.32,1.64,0.1918,231,25.5,0.6672,0.2007,45.74,29.86,4,5.88,0,0
STR-005205,TreatmentB,B02,110.36,1.86,0.2321,202,55.44,0.5662,0.2207,13.08,28.16,2,4.71,1,0
STR-005206,TreatmentA,B02,97.68,1.6,0.2008,174,47.5,0.5937,0.4694,26.62,30.66,3,10.02,1,0
STR-005207,Control,B01,108.24,2.27,0.255,1246,13.61,0.6244,0.1581,42.24,30.44,0,6.6,1,0
STR-005208,TreatmentB,B03,110.64,1.58,0.2083,308,28.8,0.4231,0.2786,35.11,19.78,4,6.53,1,1
STR-005209,Control,B03,106.66,2.31,0.2498,125,37.67,0.4571,0.274,45.82,27.46,1,8.14,0,1
STR-005210,TreatmentA,B02,128.4,1.01,0.2423,431,40.49,0.5488,0.6274,32.97,20.12,1,8.2,1,0
STR-005211,TreatmentA,B03,65.51,0.86,0.278,360,39.43,0.3174,0.3304,22.5,24.18,5,7.33,1,1
STR-005212,TreatmentB,B02,94.19,1.4,0.231,71,51.2,0.3859,0.2515,24.06,21.09,2,8.34,1,1
STR-005213,Control,B01,97.79,1.74,0.1729,401,24.9,0.4025,0.2024,25.81,35.0,5,6.99,0,0
STR-005214,TreatmentB,B03,130.81,1.25,0.2203,474,84.26,0.5206,0.4663,19.26,15.16,0,6.56,1,1
STR-005215,TreatmentA,B03,85.25,2.23,0.1861,108,36.97,0.4639,0.6215,82.7,27.09,0,5.35,1,1
STR-005216,TreatmentA,B01,101.77,2.78,0.1737,708,59.21,0.5211,0.3181,21.95,38.49,5,5.39,0,1
STR-005217,TreatmentA,B03,95.64,1.74,0.2298,761,50.07,0.5033,0.3341,33.75,37.34,4,5.27,0,0
STR-005218,TreatmentA,B01,76.57,2.24,0.2607,552,15.61,0.5699,0.2918,19.06,17.8,6,8.79,0,0
STR-005219,TreatmentB,B03,96.32,1.23,0.2112,933,38.3,0.3827,0.3002,18.78,29.18,2,6.79,1,1
STR-005220,TreatmentA,B02,86.41,1.85,0.2528,286,57.62,0.4623,0.1527,26.99,23.64,0,7.19,1,0
STR-005221,TreatmentA,B01,78.7,1.73,0.1819,201,51.48,0.405,0.1616,33.84,9.44,2,6.88,1,1
STR-005222,TreatmentB,B02,106.9,0.79,0.2505,311,103.18,0.2521,0.3823,33.38,28.82,4,5.8,0,0
STR-005223,TreatmentA,B03,124.32,1.84,0.2628,295,84.78,0.7098,0.5169,23.68,15.49,1,6.25,1,1
STR-005224,TreatmentB,B03,84.48,1.51,0.2688,327,15.33,0.4328,0.536,14.59,34.87,3,9.21,1,0
STR-005225,TreatmentB,B01,109.5,1.12,0.1945,296,39.03,0.5503,0.2059,12.5,21.77,1,7.63,1,0
STR-005226,Control,B02,112.61,2.25,0.1369,542,29.32,0.4091,0.4181,24.25,20.36,1,7.03,1,1
STR-005227,TreatmentA,B02,86.18,2.38,0.2443,476,21.27,0.441,0.4024,87.12,19.77,2,8.37,0,0
STR-005228,Control,B03,105.58,2.85,0.3053,182,55.32,0.484,0.3492,94.8,27.9,2,8.08,0,1
STR-005229,TreatmentB,B02,110.77,3.06,0.2671,204,86.51,0.4048,0.1777,49.6,36.43,3,8.48,0,0
STR-005230,Control,B02,104.7,1.87,0.2443,200,16.49,0.352,0.316,36.1,17.77,0,3.75,1,0
STR-005231,TreatmentA,B01,126.79,1.46,0.1938,429,44.73,0.3743,0.3024,46.15,38.21,1,4.77,1,0
STR-005232,TreatmentA,B02,100.92,1.57,0.2592,132,87.73,0.2989,0.2517,43.38,23.23,5,7.13,0,1
STR-005233,TreatmentB,B02,101.83,0.7,0.1891,201,16.75,0.2616,0.2813,92.17,21.88,2,9.84,1,0
STR-005234,TreatmentB,B03,108.44,1.73,0.1658,480,46.25,0.3682,0.4146,8.63,16.55,3,6.05,1,1
STR-005235,TreatmentB,B03,72.78,2.89,0.2053,173,47.65,0.5083,0.597,1.03,21.45,3,7.83,0,1
STR-005236,Control,B01,99.04,2.16,0.1947,147,41.72,0.5865,0.3671,21.29,25.13,0,4.19,1,0
STR-005237,Control,B03,109.98,4.92,0.2301,93,7.01,0.2705,0.3161,45.34,24.09,4,5.3,0,0
STR-005238,TreatmentA,B01,110.5,2.31,0.2609,202,20.09,0.4383,0.4044,21.62,21.06,2,6.77,0,1
STR-005239,Control,B01,117.19,2.55,0.2864,214,48.42,0.3248,0.0787,51.2,19.05,3,7.93,0,1
STR-005240,TreatmentB,B03,118.09,1.05,0.2555,240,51.12,0.5003,0.3107,19.82,14.46,1,5.62,1,1
STR-005241,TreatmentB,B01,84.39,1.93,0.2437,164,42.72,0.5536,0.3589,30.26,24.35,1,7.56,1,1
STR-005242,Control,B02,103.95,2.1,0.1909,530,18.96,0.5755,0.2891,49.57,21.15,2,6.93,0,1
STR-005243,TreatmentA,B03,111.93,2.68,0.3114,805,62.6,0.2977,0.2009,21.21,20.23,1,4.13,0,1
STR-005244,TreatmentA,B01,109.74,2.7,0.2289,303,22.48,0.392,0.2261,26.78,24.17,3,7.1,1,1
STR-005245,Control,B03,98.39,3.06,0.2172,1264,86.62,0.621,0.3409,49.9,23.91,2,8.02,0,0
STR-005246,TreatmentA,B03,105.22,2.1,0.228,88,18.37,0.3699,0.2953,22.25,27.1,2,7.22,0,1
STR-005247,TreatmentA,B01,110.67,1.39,0.1765,171,21.82,0.6804,0.3999,73.04,27.62,1,5.73,1,0
STR-005248,TreatmentA,B03,114.89,1.73,0.2951,190,45.74,0.3584,0.187,40.03,24.98,1,4.44,0,0
STR-005249,Control,B02,106.97,2.47,0.2563,196,32.36,0.336,0.4143,42.53,18.4,4,6.2,0,0
STR-005250,Control,B01,83.95,3.22,0.2416,575,22.97,0.5425,0.2511,47.29,20.02,2,8.35,0,0
STR-005251,TreatmentB,B03,93.59,1.12,0.2006,180,23.19,0.299,0.4138,6.53,22.16,2,5.3,1,0
STR-005252,TreatmentA,B02,105.28,1.01,0.2382,267,23.84,0.2747,0.3064,43.22,35.56,1,7.51,1,1
STR-005253,TreatmentB,B01,81.14,2.49,0.1943,1044,23.15,0.3832,0.2622,24.44,21.2,4,5.41,1,0
STR-005254,Control,B02,104.65,1.88,0.26,159,39.91,0.1929,0.1397,45.05,24.85,1,8.91,0,1
STR-005255,Control,B02,87.13,3.4,0.276,91,26.1,0.6178,0.3597,88.6,20.18,3,6.0,0,1
STR-005256,Control,B01,88.71,1.77,0.2955,262,56.73,0.2148,0.3043,42.58,27.41,0,6.85,0,1
STR-005257,Control,B02,99.18,2.65,0.1583,345,52.28,0.3919,0.2429,54.64,26.48,4,7.54,0,1
STR-005258,TreatmentA,B03,100.05,1.76,0.1772,55,13.86,0.2709,0.5272,19.09,20.46,7,6.15,1,0
STR-005259,TreatmentB,B02,82.79,0.89,0.2423,964,20.64,0.6163,0.3014,22.07,31.81,5,8.0,0,1
STR-005260,TreatmentB,B01,89.99,1.13,0.2659,130,46.35,0.5615,0.4127,15.09,37.88,2,8.58,1,1
STR-005261,TreatmentB,B02,77.08,1.22,0.2523,439,57.24,0.5099,0.2172,56.94,16.82,3,7.25,0,0
STR-005262,Control,B02,91.29,2.32,0.2085,231,23.49,0.4612,0.5068,30.63,24.39,3,6.75,0,1
STR-005263,TreatmentA,B03,100.01,2.46,0.2644,431,58.0,0.5043,0.4891,45.66,29.96,3,6.31,1,1
STR-005264,TreatmentB,B02,83.86,3.05,0.2459,558,39.4,0.3368,0.5436,11.38,20.66,1,6.83,0,1
STR-005265,TreatmentB,B01,103.17,1.39,0.2638,102,30.19,0.206,0.23,44.25,24.26,4,4.95,1,0
STR-005266,Control,B01,74.81,2.77,0.2013,300,18.5,0.5675,0.3146,71.71,29.93,2,5.45,1,1
STR-005267,Control,B01,108.9,3.52,0.2485,409,17.09,0.4732,0.1585,36.42,26.82,3,8.54,0,0
STR-005268,TreatmentA,B03,103.91,2.08,0.252,375,29.17,0.411,0.2878,96.46,27.85,2,7.94,0,0
STR-005269,TreatmentA,B02,132.83,3.4,0.3141,241,76.28,0.3494,0.2096,29.11,28.98,1,6.72,0,1
STR-005270,TreatmentA,B03,69.01,2.25,0.2046,333,30.95,0.2658,0.1991,47.11,18.96,4,7.78,1,1
STR-005271,TreatmentA,B03,95.86,2.39,0.1963,92,48.99,0.2007,0.2983,43.42,33.04,1,5.86,0,1
STR-005272,Control,B03,114.4,1.96,0.2414,82,22.09,0.3139,0.233,29.89,22.82,1,6.33,0,1
STR-005273,TreatmentB,B01,98.31,1.78,0.2077,264,119.93,0.4008,0.1986,9.33,23.28,5,7.75,1,1
STR-005274,TreatmentB,B01,111.98,1.21,0.2243,382,10.31,0.3555,0.2648,49.16,29.65,2,5.98,1,1
STR-005275,Control,B03,101.66,2.03,0.2339,249,20.69,0.5143,0.2859,65.83,27.59,2,4.24,0,0
STR-005276,Control,B01,117.95,1.92,0.2209,150,29.75,0.68,0.1896,50.22,25.76,5,7.03,0,0
STR-005277,TreatmentB,B02,97.1,1.07,0.2326,443,39.1,0.1989,0.5451,22.7,16.63,1,5.32,1,0
STR-005278,TreatmentB,B01,81.9,1.31,0.2381,172,25.07,0.5339,0.3661,26.12,24.28,2,7.42,1,1
STR-005279,TreatmentA,B03,107.71,3.11,0.2624,520,25.09,0.5079,0.41,37.52,26.09,2,7.05,0,1
STR-005280,Control,B03,75.32,1.47,0.1852,226,12.71,0.4023,0.324,34.71,25.41,2,5.92,1,1
STR-005281,Control,B03,79.82,2.01,0.211,340,26.92,0.5402,0.2292,38.81,30.77,5,6.86,1,0
STR-005282,TreatmentB,B03,102.77,1.87,0.2066,241,41.16,0.4529,0.4427,9.12,25.23,2,8.06,1,1
STR-005283,TreatmentA,B03,89.84,1.94,0.1955,693,10.07,0.3691,0.3118,35.43,17.37,4,8.6,1,0
STR-005284,Control,B01,116.98,2.37,0.2331,549,66.92,0.7267,0.3778,36.98,16.6,1,6.72,1,1
STR-005285,Control,B03,90.51,3.3,0.2898,279,24.01,0.3823,0.5069,48.75,23.84,5,7.71,0,0
STR-005286,TreatmentA,B01,75.86,2.04,0.2333,111,28.63,0.6542,0.353,20.99,24.81,3,5.78,1,1
STR-005287,TreatmentB,B03,124.1,1.08,0.2534,403,49.25,0.3261,0.4703,40.32,15.55,4,7.21,1,1
STR-005288,TreatmentB,B01,112.03,2.48,0.1794,155,10.26,0.3694,0.347,32.21,21.32,2,7.03,1,0
STR-005289,Control,B01,107.8,2.14,0.1823,413,35.84,0.4913,0.1618,31.58,18.32,5,6.03,1,0
STR-005290,Control,B02,94.29,2.71,0.2749,115,70.42,0.1681,0.2475,50.55,31.89,0,8.3,0,0
STR-005291,TreatmentB,B03,125.19,1.7,0.2206,366,11.14,0.4421,0.2087,18.1,34.04,5,8.43,1,1
STR-005292,TreatmentB,B02,94.65,0.6,0.2295,230,76.6,0.7237,0.4024,40.39,25.05,2,7.51,1,1
STR-005293,Control,B02,87.87,3.14,0.2687,703,12.83,0.5959,0.1667,29.06,22.58,1,6.43,0,1
STR-005294,Control,B02,108.74,2.21,0.2527,324,28.52,0.5014,0.2356,50.63,15.34,1,6.44,0,0
STR-005295,TreatmentA,B03,109.71,2.1,0.2859,294,31.99,0.5947,0.4753,42.43,35.9,1,5.23,0,1
STR-005296,TreatmentA,B02,96.71,1.85,0.2147,419,31.46,0.4176,0.3199,17.96,22.01,2,4.81,1,0
STR-005297,TreatmentB,B02,70.36,2.43,0.2194,151,51.85,0.4856,0.3262,11.97,13.01,3,7.58,1,1
STR-005298,TreatmentA,B03,80.43,2.39,0.2753,290,64.72,0.5488,0.2409,19.52,25.92,6,5.57,0,0
STR-005299,TreatmentB,B02,112.23,2.46,0.2481,387,34.27,0.5721,0.3869,17.62,15.5,1,7.29,0,1
STR-005300,TreatmentA,B02,102.96,1.68,0.2652,360,42.52,0.5711,0.2007,27.72,18.64,3,6.29,1,0
STR-005301,TreatmentB,B03,90.78,1.09,0.2616,715,68.1,0.2215,0.4924,16.73,19.81,2,6.62,1,0
STR-005302,Control,B03,100.55,2.27,0.2005,269,67.04,0.3266,0.3276,24.52,20.8,6,6.5,1,1
STR-005303,TreatmentB,B02,117.88,0.89,0.2825,175,23.2,0.4295,0.2697,12.27,32.18,4,7.36,1,1
STR-005304,TreatmentB,B02,110.0,3.38,0.2585,193,29.35,0.4404,0.2432,7.32,35.37,2,9.27,0,0
STR-005305,TreatmentB,B01,68.69,0.59,0.2747,287,15.41,0.448,0.4328,53.7,21.63,4,4.87,0,1
STR-005306,TreatmentB,B01,93.93,1.77,0.257,341,74.08,0.4536,0.3514,40.98,30.62,1,7.57,0,1
STR-005307,Control,B03,86.69,3.66,0.301,264,51.23,0.3528,0.4338,31.03,22.67,1,6.33,0,0
STR-005308,Control,B03,85.73,1.52,0.2335,422,29.24,0.6846,0.488,45.67,29.51,0,6.72,1,0
STR-005309,TreatmentA,B03,118.36,1.71,0.2539,465,11.55,0.1513,0.2745,13.06,26.38,2,5.72,1,1
STR-005310,TreatmentA,B01,94.99,1.5,0.2126,174,95.34,0.4154,0.2865,28.01,22.71,4,9.77,0,0
STR-005311,TreatmentA,B03,102.1,1.87,0.2607,454,15.0,0.295,0.2635,44.6,21.0,2,5.57,1,1
STR-005312,Control,B01,112.5,2.48,0.2404,367,36.14,0.4785,0.3869,63.42,28.52,5,5.76,0,0
STR-005313,Control,B01,84.77,2.23,0.255,449,32.18,0.1108,0.6437,45.77,19.6,4,8.31,0,0
STR-005314,TreatmentB,B03,92.29,1.71,0.2058,180,66.35,0.2878,0.2447,29.06,18.59,1,11.56,0,0
STR-005315,TreatmentB,B01,108.48,1.4,0.169,348,24.75,0.219,0.2706,19.03,33.39,5,7.3,1,1
STR-005316,TreatmentB,B01,130.43,1.78,0.1744,143,36.57,0.3363,0.3423,17.83,26.26,1,6.72,1,1
STR-005317,TreatmentB,B03,113.35,0.78,0.209,449,36.75,0.404,0.304,28.85,36.16,5,4.91,1,0
STR-005318,Control,B01,110.12,2.77,0.2734,1094,29.42,0.4978,0.252,49.69,24.16,1,5.9,0,0
STR-005319,Control,B02,108.94,1.67,0.2074,271,23.38,0.3561,0.2366,27.48,21.54,3,6.17,1,1
STR-005320,TreatmentB,B02,104.24,2.29,0.2765,198,21.59,0.7395,0.3524,26.58,15.92,2,7.13,0,1
STR-005321,Control,B03,91.31,1.84,0.2339,374,39.39,0.2356,0.4534,29.02,15.8,5,8.89,0,0
STR-005322,TreatmentB,B02,81.79,0.79,0.2088,281,26.4,0.2789,0.3204,22.04,12.34,5,6.11,0,1
STR-005323,TreatmentB,B01,84.07,0.79,0.3037,204,27.45,0.4627,0.359,-0.5,25.2,1,5.59,0,0
STR-005324,TreatmentB,B03,82.01,2.08,0.22,204,28.37,0.4311,0.3518,59.93,29.31,4,7.37,0,1
STR-005325,Control,B02,104.28,1.86,0.2257,160,19.92,0.3095,0.1137,87.45,27.92,2,4.81,0,1
STR-005326,TreatmentB,B02,105.55,1.92,0.2243,275,23.74,0.2776,0.0737,29.03,17.31,3,5.18,1,1
STR-005327,Control,B03,113.02,1.78,0.24,655,36.06,0.6278,0.0771,46.74,35.69,3,9.08,1,0
STR-005328,TreatmentA,B02,72.95,1.67,0.1807,119,44.85,0.4695,0.2821,48.82,21.87,2,7.62,1,1
STR-005329,TreatmentB,B01,94.13,0.93,0.2811,150,14.03,0.2762,0.4233,24.04,35.5,3,8.14,0,0
STR-005330,TreatmentA,B03,109.47,2.32,0.2391,223,59.78,0.2848,0.3577,19.25,12.24,1,5.86,1,0
STR-005331,Control,B02,98.51,2.14,0.2607,172,58.81,0.3053,0.2862,44.32,19.64,3,9.98,0,0
STR-005332,Control,B03,72.82,2.02,0.2813,441,36.34,0.2216,0.3317,43.57,18.83,2,5.81,0,0
STR-005333,TreatmentA,B02,87.99,3.15,0.2505,1082,15.69,0.2281,0.3692,47.71,22.74,1,4.9,1,0
STR-005334,Control,B03,122.38,2.38,0.2132,93,16.77,0.565,0.2168,36.77,27.1,2,6.49,0,0
STR-005335,Control,B02,103.37,2.58,0.2713,372,45.72,0.5893,0.4407,58.49,25.71,2,7.18,0,1
STR-005336,TreatmentA,B02,99.49,1.99,0.245,137,56.28,0.4392,0.2953,38.2,18.78,5,8.23,0,0
STR-005337,Control,B03,79.38,2.63,0.2441,154,17.06,0.4592,0.3468,45.59,33.73,1,3.22,1,0
STR-005338,TreatmentB,B02,140.79,1.7,0.2809,365,24.39,0.549,0.6605,7.28,21.04,4,6.8,1,1
STR-005339,TreatmentA,B03,95.15,1.68,0.1982,852,23.19,0.2727,0.3067,13.17,26.94,2,7.34,1,1
STR-005340,Control,B02,113.54,2.13,0.1837,316,87.42,0.4834,0.2249,30.62,23.62,3,7.24,1,0
STR-005341,TreatmentA,B02,88.44,1.71,0.2022,283,25.48,0.7215,0.3829,16.19,33.55,2,8.05,1,1
STR-005342,TreatmentB,B03,95.27,0.84,0.1996,194,33.87,0.3971,0.3444,18.68,26.08,4,10.49,1,0
STR-005343,Control,B01,104.93,1.84,0.2694,252,27.55,0.2989,0.2494,47.92,20.77,4,5.64,1,0
STR-005344,TreatmentA,B03,97.19,2.44,0.2044,538,40.18,0.4483,0.2854,71.63,31.08,2,6.26,1,1
STR-005345,TreatmentA,B03,86.08,1.57,0.1564,511,21.46,0.338,0.1691,30.78,19.38,3,6.87,1,1
STR-005346,Control,B02,103.01,1.73,0.2071,416,11.12,0.3147,0.2712,82.51,17.43,3,6.61,0,0
STR-005347,TreatmentB,B03,110.77,1.82,0.1864,587,47.11,0.2048,0.2173,48.16,33.0,2,5.22,1,1
STR-005348,TreatmentA,B03,88.16,1.51,0.2524,222,17.18,0.2801,0.3924,53.38,26.28,2,6.97,1,0
STR-005349,Control,B02,103.19,2.01,0.2899,198,25.18,0.294,0.1203,64.47,34.81,2,5.63,0,1
STR-005350,TreatmentA,B01,98.09,2.56,0.2509,1337,33.17,0.4584,0.3713,17.24,40.67,0,7.37,0,1
STR-005351,TreatmentA,B01,91.13,3.54,0.1947,280,34.53,0.5068,0.2842,32.94,24.34,3,10.71,0,0
STR-005352,TreatmentB,B02,99.21,1.63,0.2143,221,123.38,0.4382,0.3845,2.57,21.02,1,6.24,1,1
STR-005353,TreatmentB,B03,110.31,1.38,0.2528,62,50.52,0.676,0.4504,2.54,13.38,3,5.08,1,1
STR-005354,Control,B01,83.05,2.36,0.3746,273,39.59,0.7433,0.1327,51.16,34.95,2,7.97,0,0
STR-005355,Control,B02,90.8,2.01,0.2258,304,36.61,0.4072,0.1847,40.2,31.87,4,5.69,0,1
STR-005356,TreatmentB,B01,68.3,0.87,0.2608,65,76.04,0.1988,0.429,52.38,19.84,5,8.49,1,0
STR-005357,TreatmentB,B01,78.26,1.37,0.2051,363,19.89,0.4297,0.4156,16.24,22.75,4,3.43,1,0
STR-005358,TreatmentA,B02,108.33,1.95,0.2188,232,22.86,0.4041,0.2118,67.89,19.75,7,5.7,0,0
STR-005359,TreatmentB,B03,95.67,0.77,0.1957,393,44.86,0.2701,0.027,17.14,31.89,3,5.6,1,1
STR-005360,TreatmentB,B03,95.97,1.07,0.2314,72,77.28,0.5286,0.4075,16.52,29.35,1,9.38,1,0
STR-005361,TreatmentA,B03,95.94,1.3,0.2537,458,40.72,0.5757,0.2764,37.47,23.87,3,9.17,0,1
STR-005362,TreatmentB,B02,105.57,2.34,0.183,468,28.64,0.4477,0.3871,27.27,31.07,3,8.28,0,1
STR-005363,TreatmentA,B02,97.09,2.0,0.2008,78,41.71,0.3404,0.2642,25.12,15.74,3,5.48,1,0
STR-005364,TreatmentA,B03,75.6,1.92,0.1842,310,16.93,0.5202,0.3508,43.08,23.99,4,6.43,0,1
STR-005365,TreatmentB,B02,94.78,2.54,0.2388,224,36.92,0.4618,0.2366,33.95,19.28,1,7.87,0,0
STR-005366,TreatmentB,B01,81.7,1.52,0.27,67,18.92,0.3577,0.4413,37.36,27.74,1,5.7,0,1
STR-005367,TreatmentA,B03,126.52,1.15,0.2071,141,22.49,0.4251,0.2531,25.27,32.73,3,5.33,1,0
STR-005368,Control,B03,99.95,3.48,0.2088,1643,20.37,0.3068,0.4462,29.72,31.93,3,8.22,0,0
STR-005369,TreatmentB,B01,91.98,1.43,0.2405,360,70.98,0.2746,0.4278,4.01,11.22,3,6.47,1,0
STR-005370,TreatmentA,B03,70.67,2.19,0.2175,147,13.56,0.3166,0.1658,38.79,26.13,2,8.17,0,1
STR-005371,Control,B01,94.47,1.87,0.2636,569,38.21,0.4367,0.1309,40.19,31.52,1,7.1,0,1
STR-005372,TreatmentB,B02,106.03,1.15,0.2302,336,17.7,0.4278,0.2644,46.7,26.11,4,6.57,1,1
STR-005373,TreatmentA,B03,104.34,1.75,0.2582,174,86.17,0.3057,0.3473,47.73,14.46,2,9.73,0,0
STR-005374,TreatmentA,B03,123.35,1.36,0.2587,222,57.86,0.652,0.3766,26.47,39.94,2,10.21,1,0
STR-005375,TreatmentA,B03,99.01,1.95,0.2215,148,131.35,0.512,0.2947,45.6,28.06,5,8.59,1,0
STR-005376,TreatmentA,B03,116.88,1.23,0.2053,101,27.56,0.3864,0.2151,39.36,36.44,2,7.02,1,1
STR-005377,Control,B01,98.14,1.26,0.2633,205,68.15,0.4496,0.3104,23.65,26.91,3,6.09,1,1
STR-005378,TreatmentA,B02,108.63,1.68,0.268,673,86.55,0.6244,0.3127,39.79,39.11,0,7.12,0,1
STR-005379,Control,B01,122.3,1.8,0.2009,93,13.54,0.2395,0.1384,22.59,26.97,3,4.17,1,0
STR-005380,TreatmentB,B03,79.56,2.05,0.2236,198,61.66,0.4736,0.3974,33.51,19.25,1,6.53,1,1
STR-005381,TreatmentB,B03,105.0,1.94,0.2629,83,12.65,0.2347,0.1901,5.96,14.78,1,5.85,1,1
STR-005382,Control,B03,107.45,2.41,0.2079,133,28.23,0.2409,0.2734,30.72,19.53,3,6.56,1,1
STR-005383,TreatmentA,B02,106.83,3.39,0.2407,243,34.72,0.5215,0.4844,23.65,19.95,1,9.79,0,0
STR-005384,TreatmentA,B02,101.45,1.32,0.24,259,13.19,0.1861,0.1806,16.38,31.01,3,6.22,1,1
STR-005385,Control,B03,111.62,1.48,0.1958,179,18.58,0.1549,0.3905,32.77,28.61,2,4.97,1,0
STR-005386,TreatmentA,B03,122.1,3.33,0.1832,288,16.72,0.2491,0.4962,24.45,28.47,3,7.41,0,0
STR-005387,TreatmentB,B02,69.47,1.5,0.1749,275,31.49,0.3851,0.2246,9.58,21.74,1,4.76,1,0
STR-005388,Control,B01,123.89,2.77,0.2612,378,40.69,0.3733,0.4678,57.59,25.08,0,4.24,0,0
STR-005389,TreatmentA,B03,108.86,0.98,0.1917,614,30.27,0.665,0.3801,38.68,28.64,2,5.81,1,0
STR-005390,TreatmentA,B03,108.72,1.82,0.2549,553,28.04,0.4318,0.3458,37.5,27.87,4,6.25,1,1
STR-005391,TreatmentB,B03,130.61,1.16,0.3037,506,51.36,0.3243,0.2742,12.64,22.84,0,8.64,0,0
STR-005392,Control,B01,126.43,2.99,0.2137,104,56.84,0.1609,0.2519,35.89,31.1,3,4.03,0,0
STR-005393,TreatmentA,B01,107.12,2.21,0.2222,809,36.49,0.3531,0.1534,30.47,28.36,1,7.84,0,1
STR-005394,TreatmentB,B03,121.79,0.74,0.2569,286,68.41,0.3692,0.3414,9.87,33.35,0,4.87,0,0
STR-005395,Control,B01,112.33,1.88,0.2227,97,58.74,0.3992,0.1638,39.3,28.5,2,7.23,1,1
STR-005396,Control,B02,108.37,2.16,0.1819,341,63.89,0.4696,0.333,33.07,26.48,5,5.56,1,0
STR-005397,Control,B01,89.5,2.43,0.1798,151,174.12,0.2825,0.3457,39.61,33.7,1,3.87,1,0
STR-005398,TreatmentA,B03,81.83,1.83,0.2355,121,46.52,0.6323,0.1702,65.13,33.24,3,5.75,0,0
STR-005399,TreatmentA,B03,100.46,2.07,0.1888,187,83.75,0.2229,0.3636,33.15,26.19,4,5.1,0,1
STR-005400,TreatmentA,B01,78.07,1.55,0.21,925,43.15,0.4124,0.3361,35.25,33.07,0,7.05,1,1
STR-005401,Control,B03,104.42,3.57,0.2503,105,37.03,0.4313,0.1651,51.18,7.94,2,7.26,0,1
STR-005402,TreatmentA,B03,90.6,1.0,0.1903,109,94.06,0.5038,0.2883,47.34,29.76,2,5.22,1,0
STR-005403,TreatmentB,B01,105.77,1.31,0.2431,930,21.45,0.3777,0.4685,29.9,26.48,2,5.67,0,0
STR-005404,TreatmentB,B01,98.83,0.72,0.2086,504,25.89,0.2938,0.2984,12.45,25.11,3,7.0,1,0
STR-005405,Control,B03,106.82,2.13,0.2987,108,42.33,0.2299,0.2517,28.27,18.0,4,7.43,0,1
STR-005406,TreatmentA,B01,96.85,1.86,0.2286,119,27.6,0.4515,0.21,43.85,20.49,4,6.27,1,1
STR-005407,TreatmentB,B01,94.03,0.44,0.2675,393,25.07,0.4075,0.2658,17.39,18.04,2,6.93,1,1
STR-005408,TreatmentB,B02,76.62,1.44,0.247,198,44.1,0.6093,0.3176,24.15,24.59,2,6.84,1,1
STR-005409,Control,B01,117.64,2.37,0.288,207,60.75,0.5291,0.3005,41.22,19.09,3,7.67,0,0
STR-005410,TreatmentA,B03,86.68,2.27,0.2583,271,56.3,0.5875,0.3252,18.39,23.01,3,5.23,0,0
STR-005411,Control,B02,99.14,2.15,0.2707,163,33.86,0.5062,0.3026,44.12,19.44,5,3.57,0,0
STR-005412,TreatmentA,B02,83.87,0.7,0.2096,245,21.28,0.2635,0.1397,33.53,29.89,0,7.36,1,1
STR-005413,Control,B02,119.28,1.99,0.1986,325,95.79,0.2088,0.2715,42.88,24.39,4,7.53,0,1
STR-005414,TreatmentA,B01,95.28,1.04,0.1656,99,35.81,0.5699,0.4474,34.91,18.96,2,6.66,1,1
STR-005415,TreatmentB,B03,83.51,1.21,0.2663,335,31.37,0.1756,0.2385,14.84,28.78,3,7.4,1,1
STR-005416,TreatmentA,B01,81.0,1.56,0.2143,113,51.0,0.3454,0.2321,26.97,22.47,2,8.15,1,1
STR-005417,TreatmentA,B02,96.44,2.31,0.1673,172,30.71,0.4935,0.2863,24.54,19.89,0,4.47,1,1
STR-005418,TreatmentA,B01,121.63,3.48,0.3006,97,43.52,0.6635,0.216,16.97,19.31,4,5.51,0,0
STR-005419,Control,B01,87.6,2.58,0.2615,75,24.76,0.5375,0.3235,39.11,13.1,3,7.45,0,1
STR-005420,Control,B03,109.14,1.41,0.223,830,37.4,0.3921,0.1539,32.01,21.73,4,4.47,1,0
STR-005421,TreatmentA,B01,116.16,1.98,0.2416,2103,29.39,0.2303,0.6049,64.08,16.76,0,6.23,0,0
STR-005422,Control,B02,100.56,1.75,0.2759,300,36.63,0.4492,0.3987,23.84,24.54,2,6.58,1,1
STR-005423,TreatmentB,B03,106.42,1.37,0.2092,139,55.83,0.2741,0.1705,33.02,24.51,2,8.55,1,1
STR-005424,Control,B03,98.96,4.28,0.1876,398,18.23,0.5329,0.3582,48.58,28.46,2,9.71,0,0
STR-005425,TreatmentA,B01,88.85,1.22,0.2529,319,58.96,0.5565,0.0902,39.97,30.54,2,6.05,1,0
STR-005426,TreatmentA,B03,114.96,1.73,0.2059,394,9.2,0.2921,0.2119,23.01,25.42,6,6.66,0,1
STR-005427,Control,B03,84.92,3.04,0.2173,314,23.41,0.5015,0.1482,25.85,16.74,2,7.24,0,0
STR-005428,Control,B02,109.19,3.74,0.2452,560,51.28,0.4459,0.2888,52.83,35.14,3,7.47,0,1
STR-005429,TreatmentB,B01,89.87,1.9,0.2758,180,106.45,0.3631,0.339,14.35,34.42,1,5.38,0,0
STR-005430,Control,B01,121.57,1.9,0.1408,168,50.89,0.5049,0.4332,45.92,26.83,1,6.91,1,1
STR-005431,Control,B01,81.6,2.9,0.2656,455,37.52,0.2929,0.2654,41.61,30.77,2,6.71,1,1
STR-005432,TreatmentA,B01,90.98,1.48,0.2055,237,27.92,0.3448,0.2305,19.86,26.61,1,6.59,1,1
STR-005433,TreatmentA,B02,117.95,1.54,0.2127,168,14.93,0.319,0.3098,34.37,37.7,2,5.79,0,0
STR-005434,TreatmentB,B02,83.23,2.01,0.2213,526,39.55,0.3273,0.4472,69.06,26.69,0,7.73,0,0
STR-005435,TreatmentB,B01,100.44,2.19,0.2479,265,39.05,0.2734,0.3056,28.53,21.93,1,7.54,0,1
STR-005436,Control,B02,108.03,2.68,0.2311,507,20.76,0.2761,0.4579,47.66,33.33,2,6.91,0,0
STR-005437,Control,B02,88.23,2.29,0.2891,165,46.9,0.5206,0.236,33.7,22.45,1,3.62,0,0
STR-005438,TreatmentB,B01,72.44,0.5,0.2831,231,57.07,0.6261,0.3891,58.98,15.07,2,9.9,0,1
STR-005439,TreatmentA,B03,111.85,2.82,0.2583,161,56.38,0.376,0.28,22.85,27.16,3,5.81,0,0
STR-005440,Control,B02,106.4,2.15,0.2354,463,29.57,0.4243,0.1419,26.68,22.4,6,5.49,1,0
STR-005441,TreatmentB,B02,101.43,0.73,0.2586,420,71.86,0.4831,0.2695,39.35,15.07,2,8.52,1,0
STR-005442,TreatmentB,B01,117.91,1.97,0.2341,101,46.02,0.5514,0.4162,5.62,22.83,3,5.65,1,1
STR-005443,TreatmentB,B02,83.69,2.55,0.227,832,25.33,0.3496,0.2518,28.34,25.17,1,5.85,0,0
STR-005444,TreatmentB,B02,77.28,1.52,0.1852,282,26.02,0.2511,0.2085,22.01,29.05,5,4.86,1,0
STR-005445,Control,B02,103.9,2.81,0.2742,114,32.7,0.5849,0.2262,36.4,36.42,4,5.84,0,0
STR-005446,TreatmentA,B02,109.45,1.63,0.2286,587,74.52,0.5365,0.2615,36.65,26.61,0,6.82,0,0
STR-005447,Control,B01,91.1,1.9,0.2678,220,61.91,0.318,0.3494,29.1,24.47,1,9.67,0,0
STR-005448,TreatmentA,B03,101.51,3.72,0.2353,299,19.49,0.4411,0.2222,15.28,11.86,3,7.91,0,0
STR-005449,TreatmentB,B03,82.61,2.95,0.2331,93,42.86,0.3884,0.3784,19.39,21.22,0,8.31,0,0
STR-005450,TreatmentB,B01,70.22,2.04,0.2147,448,30.27,0.2049,0.2149,12.81,32.26,2,5.62,1,1
STR-005451,TreatmentB,B02,102.42,1.67,0.2575,108,25.4,0.525,0.3967,21.97,19.33,0,7.46,1,1
STR-005452,Control,B02,84.73,2.25,0.2614,153,57.44,0.2353,0.478,55.4,11.27,3,7.85,0,0
STR-005453,TreatmentB,B03,102.33,1.24,0.2064,188,39.64,0.3299,0.35,26.08,32.81,5,6.14,1,0
STR-005454,TreatmentA,B01,132.58,1.94,0.2252,662,99.36,0.5112,0.2727,113.51,26.58,2,5.51,0,0
STR-005455,Control,B02,103.37,2.17,0.2267,177,45.54,0.3594,0.3141,42.35,24.41,3,6.7,1,1
STR-005456,TreatmentA,B02,74.87,1.55,0.271,133,16.15,0.4738,0.1785,40.92,30.07,0,4.49,0,0
STR-005457,TreatmentA,B01,80.68,3.49,0.2771,166,61.46,0.4943,0.4575,57.82,22.66,4,7.81,0,0
STR-005458,TreatmentB,B03,99.52,0.93,0.2424,552,36.5,0.4726,0.242,15.62,32.49,1,6.31,1,1
STR-005459,Control,B02,88.09,4.83,0.2141,155,42.44,0.407,0.4064,37.44,18.89,4,5.17,0,0
STR-005460,TreatmentB,B03,143.85,1.26,0.2773,253,66.36,0.4172,0.1782,18.97,22.54,0,7.51,1,1
STR-005461,Control,B01,85.89,4.18,0.2054,283,50.63,0.1709,0.1359,48.53,25.12,0,8.42,0,1
STR-005462,Control,B01,84.1,2.2,0.2212,516,12.09,0.3402,0.1786,34.7,25.98,0,9.22,1,0
STR-005463,Control,B01,120.94,2.14,0.2416,218,28.43,0.35,0.1942,43.5,26.17,2,6.73,1,1
STR-005464,TreatmentB,B02,97.45,1.48,0.272,872,33.48,0.7041,0.2334,104.33,9.95,2,5.14,0,0
STR-005465,Control,B03,85.99,1.79,0.2155,169,45.96,0.45,0.2508,45.37,17.41,4,7.86,1,0
STR-005466,TreatmentB,B02,96.26,0.99,0.2807,433,52.91,0.3357,0.2973,11.0,18.92,2,5.99,1,1
STR-005467,TreatmentB,B02,86.65,0.63,0.2286,462,67.69,0.3119,0.1282,19.58,37.76,3,5.78,1,1
STR-005468,TreatmentB,B02,100.05,2.88,0.2265,1192,11.06,0.3768,0.2473,86.18,32.06,4,9.16,0,0
STR-005469,TreatmentB,B01,124.11,1.18,0.2584,114,63.85,0.4958,0.3653,8.63,28.24,3,4.57,1,0
STR-005470,Control,B03,97.45,1.91,0.2116,464,39.03,0.4286,0.4499,79.75,31.1,1,6.64,0,1
STR-005471,TreatmentA,B02,94.91,1.14,0.2828,686,30.86,0.4462,0.2567,43.45,20.09,4,5.68,1,0
STR-005472,TreatmentB,B01,82.07,1.62,0.2123,264,24.61,0.4698,0.196,15.04,27.14,1,7.98,1,1
STR-005473,TreatmentB,B01,87.47,1.43,0.1674,597,82.55,0.4574,0.1949,56.27,28.48,2,7.16,1,0
STR-005474,TreatmentA,B02,107.37,1.59,0.2374,487,46.48,0.41,0.2178,6.64,21.33,3,5.5,1,0
STR-005475,TreatmentB,B02,86.35,0.9,0.246,127,58.73,0.4758,0.2858,11.51,23.51,0,6.3,1,1
STR-005476,TreatmentB,B03,105.4,1.4,0.3156,314,27.79,0.3122,0.1547,38.35,9.3,0,7.99,0,1
STR-005477,TreatmentB,B03,81.09,1.33,0.225,260,42.56,0.4525,0.2911,27.41,18.0,2,8.64,1,0
STR-005478,TreatmentB,B01,104.86,0.97,0.2264,393,61.01,0.4491,0.1345,38.31,28.44,1,7.05,0,1
STR-005479,Control,B02,123.89,3.19,0.2439,234,28.48,0.4527,0.3374,54.69,32.15,3,8.09,0,0
STR-005480,Control,B02,113.65,2.92,0.2012,446,34.17,0.4745,0.1044,31.34,34.58,5,6.79,1,1
STR-005481,TreatmentA,B03,94.36,3.03,0.2013,145,21.66,0.4704,0.4805,25.1,21.66,1,9.84,1,0
STR-005482,TreatmentA,B02,98.36,1.75,0.1957,302,27.14,0.6887,0.4149,61.08,16.99,4,5.9,1,1
STR-005483,TreatmentB,B02,110.75,1.44,0.1897,35,32.04,0.5354,0.3864,20.09,24.62,2,6.18,1,1
STR-005484,TreatmentA,B01,84.68,2.43,0.2348,205,61.87,0.54,0.4392,28.12,23.02,2,7.85,0,1
STR-005485,Control,B03,117.15,1.03,0.2706,354,18.36,0.5568,0.3502,40.88,29.45,5,6.35,0,1
STR-005486,TreatmentB,B01,65.2,1.83,0.2648,219,33.49,0.5836,0.2083,47.85,25.73,5,7.72,0,0
STR-005487,Control,B03,97.35,4.11,0.1842,303,46.78,0.3576,0.1602,34.14,29.55,1,5.38,0,0
STR-005488,Control,B02,115.43,2.3,0.2306,226,19.14,0.4912,0.4849,24.52,29.64,2,6.64,0,1
STR-005489,TreatmentB,B02,124.39,1.23,0.2527,851,31.25,0.502,0.4099,30.71,13.07,2,5.02,1,0
STR-005490,Control,B03,113.81,2.76,0.2129,359,25.14,0.5568,0.0405,38.26,22.45,2,6.68,1,0
STR-005491,TreatmentB,B01,105.27,1.89,0.2589,450,27.24,0.5129,0.489,5.95,20.25,3,7.74,1,1
STR-005492,TreatmentB,B03,91.41,2.11,0.263,174,19.0,0.4491,0.2388,27.53,30.71,4,6.06,0,0
STR-005493,TreatmentA,B02,88.56,1.23,0.2612,214,28.3,0.3963,0.3659,24.2,28.94,2,5.19,1,0
STR-005494,Control,B01,84.24,2.34,0.278,224,40.77,0.3022,0.2278,68.77,28.95,3,7.62,1,1
STR-005495,TreatmentB,B01,63.78,0.94,0.2564,121,41.65,0.3907,0.3245,21.88,15.74,0,4.36,0,0
STR-005496,TreatmentB,B01,106.64,1.1,0.2229,406,10.43,0.526,0.3648,46.21,24.72,4,6.24,1,1
STR-005497,TreatmentA,B03,126.33,1.07,0.2686,353,27.54,0.4379,0.212,19.47,31.17,0,9.25,0,0
STR-005498,TreatmentB,B02,121.12,2.02,0.2601,280,35.77,0.3373,0.2067,105.46,31.04,3,6.44,0,1
STR-005499,TreatmentA,B02,133.43,2.45,0.232,185,56.16,0.5538,0.382,88.78,13.33,2,9.61,0,0
STR-005500,Control,B03,104.32,2.77,0.234,217,24.25,0.5508,0.6488,47.98,27.79,2,8.03,0,1
STR-005501,Control,B02,85.37,1.94,0.2686,144,44.25,0.3668,0.2538,39.21,14.82,5,5.03,1,0
STR-005502,Control,B03,113.34,3.3,0.2165,899,10.37,0.4434,0.297,25.53,14.49,3,6.35,0,1
STR-005503,Control,B02,120.33,2.57,0.1962,226,59.45,0.4889,0.2699,42.39,22.57,5,4.16,0,0
STR-005504,Control,B01,117.39,2.07,0.27,184,12.52,0.5423,0.3513,30.05,26.81,6,8.47,0,1
STR-005505,TreatmentB,B01,100.39,1.96,0.2234,151,19.6,0.5608,0.3327,56.34,22.46,2,6.26,0,1
STR-005506,Control,B01,122.2,2.14,0.2597,165,11.41,0.6138,0.2155,36.68,25.43,2,7.67,0,0
STR-005507,TreatmentB,B02,77.43,2.23,0.2598,259,31.16,0.6566,0.1419,19.19,30.97,3,7.72,1,0
STR-005508,TreatmentA,B03,95.72,1.6,0.1428,257,18.69,0.3048,0.4186,22.79,31.59,4,4.22,1,0
STR-005509,TreatmentA,B03,111.42,1.71,0.2515,107,48.36,0.5187,0.2716,28.81,14.18,2,7.81,0,1
STR-005510,TreatmentB,B02,86.58,3.36,0.2001,208,43.21,0.2478,0.2635,44.03,23.58,0,5.83,0,1
STR-005511,Control,B01,97.48,2.25,0.1728,500,32.46,0.4937,0.3774,26.79,19.12,3,9.79,1,0
STR-005512,Control,B01,112.83,2.02,0.1891,518,20.35,0.3839,0.3002,70.24,15.4,3,8.39,1,1
STR-005513,TreatmentB,B02,93.7,1.68,0.2229,170,11.09,0.3155,0.1113,14.08,21.59,1,4.86,1,0
STR-005514,Control,B01,105.34,2.69,0.2724,677,72.48,0.2952,0.2336,37.31,28.91,6,8.71,0,0
STR-005515,Control,B01,98.54,2.77,0.285,126,25.54,0.341,0.0289,38.21,20.4,2,7.1,0,1
STR-005516,Control,B03,114.2,2.31,0.2265,116,66.69,0.4622,0.5017,91.98,23.9,2,6.16,0,1
STR-005517,TreatmentB,B02,114.95,1.65,0.274,380,44.68,0.4625,0.2529,20.21,23.49,2,6.91,0,1
STR-005518,TreatmentB,B02,122.67,4.95,0.2293,214,18.77,0.3167,0.4787,24.98,32.25,5,7.55,0,0
STR-005519,TreatmentA,B01,102.33,2.19,0.2619,286,54.4,0.2926,0.3129,21.29,26.85,0,5.55,1,0
STR-005520,TreatmentA,B03,104.14,1.16,0.2838,474,86.33,0.3697,0.2409,15.13,25.33,4,6.38,1,1
STR-005521,TreatmentA,B01,120.64,3.09,0.216,431,21.93,0.2136,0.595,56.42,23.38,0,6.71,0,0
STR-005522,TreatmentB,B01,107.26,2.66,0.2344,138,25.99,0.5289,0.4749,21.83,30.28,2,7.73,0,0
STR-005523,Control,B01,128.44,2.27,0.2528,123,12.47,0.6724,0.1732,95.23,26.41,4,5.1,0,0
STR-005524,TreatmentA,B01,109.35,2.1,0.2551,338,38.24,0.2264,0.3761,39.05,20.16,2,6.01,0,1
STR-005525,TreatmentA,B03,112.46,1.76,0.2172,244,29.02,0.4172,0.2639,34.51,22.31,4,6.07,1,1
STR-005526,Control,B03,95.55,1.78,0.1889,172,76.25,0.4382,0.362,38.12,35.52,2,7.24,1,1
STR-005527,Control,B03,109.15,1.98,0.2266,176,23.52,0.411,0.2349,60.66,26.37,3,7.56,0,1
STR-005528,Control,B01,108.68,1.97,0.2066,222,22.76,0.3236,0.3375,47.6,20.12,1,3.58,0,0
STR-005529,TreatmentB,B03,98.03,1.52,0.2313,348,39.09,0.3077,0.5546,16.6,16.02,1,6.22,0,0
STR-005530,Control,B01,95.34,1.53,0.2337,144,58.33,0.4735,0.2871,33.0,18.61,3,7.12,0,0
STR-005531,TreatmentA,B02,108.32,3.54,0.1712,1076,25.81,0.2675,0.3559,33.27,23.46,4,5.96,1,1
STR-005532,TreatmentB,B02,90.85,2.1,0.1523,97,90.26,0.3918,0.2132,12.15,25.66,6,8.75,1,0
STR-005533,TreatmentA,B02,114.84,2.34,0.2171,551,29.29,0.5313,0.2517,27.17,23.35,1,6.83,1,0
STR-005534,TreatmentA,B03,84.48,2.78,0.2419,669,35.04,0.3364,0.4535,54.47,21.5,3,5.74,0,0
STR-005535,Control,B02,84.23,2.61,0.2656,120,23.75,0.4378,0.3558,32.27,29.71,5,6.69,1,1
STR-005536,TreatmentA,B01,84.4,2.72,0.215,222,19.65,0.4459,0.3448,62.91,10.31,0,7.24,0,1
STR-005537,Control,B01,91.3,2.33,0.1902,453,33.27,0.3633,0.5159,29.45,23.79,0,7.24,1,0
STR-005538,Control,B03,72.08,2.18,0.2201,273,10.61,0.267,0.1261,23.79,23.77,2,6.15,0,1
STR-005539,TreatmentA,B03,111.91,2.11,0.2583,285,17.67,0.4339,0.4503,39.66,30.03,2,5.35,1,0
STR-005540,Control,B01,123.91,2.38,0.2662,561,25.71,0.6725,0.3403,38.43,34.4,1,8.66,0,0
STR-005541,TreatmentA,B03,116.3,1.66,0.1968,145,22.79,0.1688,0.3206,68.96,26.54,1,6.26,0,0
STR-005542,TreatmentB,B01,107.04,1.74,0.2575,167,38.49,0.3604,0.327,32.88,31.06,2,6.97,1,1
STR-005543,TreatmentB,B01,94.06,2.53,0.2555,414,48.41,0.2448,0.4048,25.04,24.81,3,7.05,1,0
STR-005544,Control,B03,83.67,2.72,0.2253,208,98.85,0.3717,0.1607,42.36,24.02,3,8.04,0,1
STR-005545,TreatmentB,B01,93.26,1.47,0.2192,190,26.43,0.3732,0.1586,13.01,7.81,5,6.06,1,1
STR-005546,TreatmentB,B02,73.03,2.61,0.1554,737,33.02,0.7259,0.2982,23.26,32.84,4,8.14,1,1
STR-005547,Control,B01,86.56,3.16,0.1981,522,14.48,0.2966,0.3569,47.38,30.09,0,6.18,0,0
STR-005548,TreatmentA,B02,108.22,3.42,0.1944,293,20.54,0.5187,0.3224,69.23,21.71,0,6.02,0,1
STR-005549,TreatmentB,B02,111.38,3.42,0.1613,1763,18.72,0.5458,0.2763,44.88,30.54,2,5.82,0,0
STR-005550,Control,B03,120.56,2.66,0.278,223,57.68,0.5442,0.3414,23.44,27.47,2,7.99,0,1
STR-005551,Control,B02,97.47,2.68,0.2463,312,52.27,0.2561,0.544,54.39,21.88,6,6.31,0,0
STR-005552,Control,B01,117.96,1.47,0.1882,108,28.61,0.4819,0.2358,45.31,36.91,1,6.93,1,1
STR-005553,TreatmentB,B02,109.26,0.89,0.2005,197,35.48,0.2408,0.2625,87.7,24.64,1,6.9,1,1
STR-005554,TreatmentA,B03,79.86,1.6,0.2401,879,36.79,0.3369,0.3804,18.11,21.46,3,6.5,1,1
STR-005555,TreatmentA,B01,99.76,2.34,0.233,481,59.77,0.2269,0.3267,24.04,20.08,1,6.3,1,0
STR-005556,TreatmentB,B01,94.63,1.68,0.1991,762,30.13,0.4221,0.1288,31.82,34.93,1,8.57,1,1
STR-005557,Control,B02,104.9,1.95,0.2302,366,23.6,0.5214,0.2432,42.99,14.25,2,6.99,0,1
STR-005558,TreatmentA,B01,102.16,1.39,0.2089,360,14.24,0.4457,0.4434,25.68,27.81,2,7.29,0,1
STR-005559,TreatmentB,B03,92.65,0.6,0.2098,238,36.21,0.2621,0.1778,11.48,21.53,1,8.15,1,1
STR-005560,TreatmentB,B02,96.45,1.01,0.2493,186,12.38,0.4542,0.1998,17.96,18.33,4,6.39,1,0
STR-005561,TreatmentB,B03,66.87,2.44,0.1652,270,13.94,0.3197,0.2968,64.32,27.95,2,6.07,1,1
STR-005562,Control,B03,104.28,2.68,0.206,362,46.43,0.4169,0.4362,24.81,21.22,1,4.38,1,0
STR-005563,TreatmentA,B03,90.86,2.79,0.2557,707,74.58,0.3699,0.5747,40.9,24.66,3,8.07,0,1
STR-005564,Control,B03,101.18,2.38,0.2816,271,21.49,0.5772,0.4664,97.45,37.47,2,9.25,0,0
STR-005565,Control,B02,96.94,3.25,0.2987,1365,14.96,0.6973,0.1538,38.7,21.82,0,8.97,0,0
STR-005566,Control,B01,75.21,3.28,0.2764,331,28.46,0.5519,0.1874,58.55,21.96,2,9.05,0,0
STR-005567,TreatmentB,B03,84.42,1.3,0.2194,106,87.2,0.6042,0.2289,26.47,25.27,1,7.42,1,0
STR-005568,TreatmentB,B03,81.63,2.14,0.2091,383,33.1,0.5731,0.3263,1.95,23.68,1,6.57,1,1
STR-005569,TreatmentB,B01,87.06,1.13,0.2489,298,24.49,0.4916,0.4921,19.02,33.57,3,6.19,1,0
STR-005570,TreatmentA,B01,93.92,1.02,0.2219,223,12.11,0.5308,0.2742,43.35,19.31,2,7.63,1,0
STR-005571,Control,B01,119.73,2.81,0.2437,193,54.46,0.4362,0.4613,39.34,24.09,3,5.69,0,1
STR-005572,TreatmentA,B01,88.7,1.65,0.2339,951,76.18,0.5091,0.2464,15.37,29.83,2,7.06,1,1
STR-005573,TreatmentA,B01,92.78,3.43,0.163,364,95.77,0.2888,0.5697,40.14,26.79,4,5.54,0,0
STR-005574,Control,B02,104.01,2.85,0.1977,659,16.62,0.581,0.1553,29.97,36.03,1,8.36,0,0
STR-005575,Control,B03,95.57,1.87,0.1771,243,34.19,0.3143,0.5871,70.01,19.27,3,8.53,0,0
STR-005576,TreatmentA,B01,103.93,2.4,0.2223,295,119.7,0.5776,0.2554,67.66,21.67,3,7.62,0,0
STR-005577,TreatmentB,B03,82.63,2.96,0.2212,259,12.23,0.6857,0.3589,15.39,19.51,2,7.11,0,0
STR-005578,Control,B02,108.11,1.61,0.2217,866,49.15,0.4433,0.448,26.99,30.39,5,7.76,1,1
STR-005579,Control,B03,88.15,2.56,0.1906,284,52.99,0.4435,0.399,39.26,17.33,3,5.92,1,1
STR-005580,Control,B03,101.76,1.72,0.2671,204,74.32,0.6585,0.2861,58.64,17.12,4,4.97,0,0
STR-005581,Control,B02,80.7,2.51,0.2708,134,9.51,0.2568,0.3078,25.84,18.27,2,6.27,0,1
STR-005582,TreatmentA,B01,101.99,1.79,0.2223,255,21.29,0.4879,0.3041,27.96,21.23,2,4.99,1,0
STR-005583,TreatmentB,B01,93.22,1.63,0.2652,295,11.99,0.6134,0.279,43.18,30.36,3,7.16,0,1
STR-005584,Control,B02,89.08,1.53,0.185,250,16.42,0.4878,0.2091,27.68,26.4,0,9.0,0,0
STR-005585,TreatmentB,B03,108.48,1.67,0.2302,299,33.61,0.6253,0.3423,150.0,26.28,3,7.12,0,1
STR-005586,Control,B02,105.58,2.09,0.2437,250,26.28,0.6891,0.6989,36.9,29.92,2,6.81,0,1
STR-005587,Control,B02,118.14,2.42,0.2086,156,20.59,0.3479,0.3592,24.38,29.85,0,7.92,1,1
STR-005588,TreatmentA,B01,106.3,2.41,0.2559,166,67.81,0.254,0.3795,17.1,25.4,1,5.66,0,0
STR-005589,TreatmentA,B02,99.12,2.85,0.2116,156,23.5,0.2844,0.3579,18.77,23.94,2,5.79,0,0
STR-005590,Control,B02,105.23,2.43,0.1976,145,33.15,0.3337,0.4596,52.74,19.15,1,6.41,0,0
STR-005591,TreatmentA,B03,113.78,2.34,0.1928,228,44.29,0.3102,0.0809,19.65,22.99,0,7.09,0,1
STR-005592,Control,B02,81.54,2.56,0.2451,163,32.11,0.4637,0.0811,46.06,34.25,2,6.22,1,0
STR-005593,TreatmentA,B02,117.69,1.42,0.2145,213,86.56,0.3729,0.2564,36.66,25.44,5,8.95,1,1
STR-005594,TreatmentA,B02,90.59,2.16,0.2381,769,28.32,0.4716,0.3127,34.99,26.7,1,6.01,1,1
STR-005595,Control,B01,89.79,1.74,0.2224,372,49.17,0.3033,0.1757,27.43,16.99,2,5.74,1,1
STR-005596,Control,B01,97.26,3.26,0.3131,499,22.65,0.1938,0.2498,28.46,29.15,2,7.33,0,1
STR-005597,TreatmentA,B02,121.79,1.79,0.1939,228,33.45,0.3968,0.1183,50.99,23.17,3,9.35,0,0
STR-005598,Control,B03,99.15,2.09,0.2474,196,106.3,0.2595,0.5235,68.63,23.24,1,7.18,0,0
STR-005599,TreatmentB,B02,102.69,1.38,0.2748,324,15.39,0.3712,0.3199,56.76,37.74,4,9.31,1,1
STR-005600,Control,B01,73.05,3.79,0.228,624,9.48,0.4131,0.1499,56.31,34.3,2,6.84,0,1
STR-005601,Control,B02,107.58,2.01,0.2714,582,9.83,0.5705,0.2761,26.84,33.55,6,5.81,1,1
STR-005602,Control,B02,93.69,2.79,0.1477,332,92.4,0.655,0.1699,40.06,30.24,6,8.2,0,0
STR-005603,TreatmentB,B02,106.0,2.67,0.1886,131,49.71,0.5294,0.19,28.57,30.19,3,4.23,0,0
STR-005604,TreatmentA,B02,126.29,2.23,0.246,605,17.6,0.6864,0.2544,65.95,24.95,3,8.11,0,0
STR-005605,Control,B03,96.66,4.6,0.1678,334,15.12,0.2707,0.3109,65.38,28.23,2,7.64,0,1
STR-005606,TreatmentA,B01,123.46,2.58,0.213,239,54.45,0.4255,0.5865,18.71,21.46,3,8.5,1,0
STR-005607,TreatmentB,B01,120.7,2.22,0.1957,475,41.46,0.2877,0.4043,12.44,19.04,2,5.26,1,0
STR-005608,TreatmentA,B01,98.87,0.88,0.2707,447,7.18,0.3684,0.5757,55.7,18.55,1,6.36,1,1
STR-005609,TreatmentA,B01,98.32,2.48,0.2368,210,34.83,0.2753,0.4399,19.48,20.98,2,6.28,1,0
STR-005610,Control,B03,88.92,2.19,0.1907,291,39.67,0.4936,0.2698,36.38,18.97,1,7.19,1,0
STR-005611,TreatmentB,B03,93.83,1.51,0.2955,335,41.21,0.2538,0.3185,23.27,23.16,3,7.83,0,0
STR-005612,Control,B03,103.22,2.79,0.2729,536,40.11,0.5268,0.2287,41.35,25.96,7,7.47,0,1
STR-005613,TreatmentB,B03,112.55,0.9,0.222,537,23.78,0.333,0.1918,36.58,29.66,0,8.76,1,1
STR-005614,TreatmentA,B01,123.2,2.37,0.2753,163,41.46,0.2629,0.4975,24.47,24.54,1,7.87,0,0
STR-005615,Control,B03,110.46,3.22,0.2678,244,66.82,0.2271,0.2459,39.36,26.78,4,8.26,0,1
STR-005616,Control,B01,109.61,2.78,0.2254,200,33.22,0.2207,0.49,43.45,14.88,2,6.41,0,0
STR-005617,TreatmentA,B01,103.6,2.68,0.2333,310,81.63,0.2199,0.2274,24.67,15.81,2,8.76,1,1
STR-005618,TreatmentA,B01,92.69,2.3,0.2238,81,85.87,0.5592,0.1959,42.29,25.5,1,6.09,1,0
STR-005619,TreatmentB,B01,108.01,1.46,0.2306,232,28.57,0.472,0.5067,12.2,21.07,4,8.98,1,0
STR-005620,Control,B02,92.27,2.14,0.2246,377,32.55,0.5065,0.2334,46.92,21.46,2,4.81,0,0
STR-005621,Control,B02,118.61,2.21,0.2464,847,44.09,0.5415,0.2969,27.96,15.52,3,7.33,1,1
STR-005622,Control,B02,110.97,1.56,0.179,314,30.71,0.3086,0.3443,29.08,27.86,1,7.79,1,1
STR-005623,TreatmentB,B03,95.1,1.8,0.2806,211,11.79,0.4144,0.4726,68.93,21.88,1,6.15,0,1
STR-005624,TreatmentA,B02,116.39,2.31,0.3034,168,38.02,0.3913,0.2998,48.1,25.09,2,6.97,0,1
STR-005625,TreatmentA,B03,90.14,1.48,0.2532,305,67.87,0.3439,0.3154,37.09,8.42,1,7.05,1,1
STR-005626,TreatmentB,B01,125.07,1.69,0.2318,441,13.24,0.5708,0.1269,29.42,28.24,2,7.27,1,0
STR-005627,TreatmentB,B02,97.21,2.6,0.2474,471,57.27,0.4582,0.1588,14.54,28.64,2,5.63,1,0
STR-005628,TreatmentA,B02,112.37,1.52,0.213,362,38.67,0.4596,0.3447,71.95,17.74,3,8.58,1,0
STR-005629,TreatmentB,B02,106.18,1.52,0.178,262,24.86,0.4987,0.3354,10.99,21.73,5,6.01,1,1
STR-005630,TreatmentA,B03,87.63,2.06,0.2335,280,62.12,0.3674,0.7188,52.78,22.39,3,5.89,1,1
STR-005631,TreatmentA,B03,79.52,2.49,0.2639,299,51.44,0.6156,0.0494,43.84,29.33,1,7.15,0,0
STR-005632,TreatmentB,B03,110.4,1.08,0.2627,254,63.48,0.5072,0.1335,48.52,19.47,3,5.53,0,0
STR-005633,TreatmentA,B01,86.97,2.8,0.1437,321,23.87,0.371,0.197,29.14,32.17,3,5.12,1,0
STR-005634,TreatmentA,B01,107.09,1.08,0.2117,672,60.81,0.6939,0.3807,49.41,25.26,3,7.07,1,1
STR-005635,TreatmentA,B02,72.16,1.96,0.2237,133,68.5,0.5543,0.1632,19.44,29.02,3,4.26,0,0
STR-005636,TreatmentB,B03,98.66,1.36,0.1848,224,57.16,0.386,0.1285,15.14,19.13,2,7.19,1,1
STR-005637,Control,B01,109.89,2.14,0.199,375,22.41,0.24,0.1245,31.63,33.9,5,7.94,1,1
STR-005638,Control,B02,89.84,2.58,0.2125,133,45.28,0.1727,0.3189,35.51,17.78,1,5.84,0,1
STR-005639,TreatmentB,B01,97.93,1.51,0.2237,398,61.55,0.6462,0.394,9.95,35.34,0,6.9,1,1
STR-005640,Control,B02,113.4,2.07,0.2496,153,27.07,0.3984,0.4499,40.82,25.75,2,6.09,0,1
STR-005641,TreatmentB,B02,68.61,0.86,0.2109,195,30.93,0.3243,0.4778,19.86,25.03,1,8.49,1,0
STR-005642,TreatmentA,B03,109.25,1.34,0.2154,137,39.05,0.3448,0.2937,18.88,14.52,3,4.71,1,0
STR-005643,TreatmentA,B01,81.62,1.07,0.2329,769,25.11,0.3029,0.422,84.48,32.41,3,6.44,0,0
STR-005644,TreatmentA,B02,112.59,2.56,0.2569,246,11.65,0.6021,0.2991,60.53,25.96,3,8.08,0,1
STR-005645,TreatmentB,B03,85.12,1.03,0.268,582,8.64,0.5052,0.4124,12.34,5.56,2,7.23,0,1
STR-005646,Control,B03,107.59,1.54,0.2628,238,25.9,0.6902,0.1203,55.89,32.14,2,8.15,1,0
STR-005647,Control,B01,116.32,1.92,0.2558,123,10.85,0.4998,0.3784,27.51,25.14,2,7.55,0,1
STR-005648,TreatmentA,B01,67.57,2.68,0.1863,333,30.63,0.349,0.2727,44.0,36.82,2,8.18,0,1
STR-005649,Control,B03,78.65,2.27,0.2355,225,23.24,0.1826,0.535,48.33,20.89,2,7.69,0,0
STR-005650,TreatmentA,B01,100.07,1.55,0.2019,624,33.61,0.4949,0.1652,31.39,33.43,1,7.66,1,0
STR-005651,TreatmentB,B03,97.89,2.76,0.1866,270,92.45,0.4038,0.314,7.59,21.27,1,8.09,0,0
STR-005652,Control,B02,111.37,2.95,0.2792,202,25.85,0.2179,0.222,56.52,22.42,1,6.72,0,1
STR-005653,TreatmentA,B01,86.89,2.46,0.1995,249,20.07,0.229,0.3446,18.07,22.05,2,6.53,1,1
STR-005654,TreatmentA,B02,109.57,2.66,0.2639,180,20.96,0.3472,0.4487,55.79,21.24,0,4.86,0,0
STR-005655,Control,B01,91.97,1.64,0.197,84,82.4,0.6982,0.6081,31.58,28.95,0,8.5,1,1
STR-005656,TreatmentA,B02,116.23,1.76,0.2711,360,48.74,0.389,0.3955,31.48,16.02,2,8.52,0,0
STR-005657,Control,B03,98.58,3.11,0.2805,549,47.51,0.4687,0.3174,64.37,28.52,4,5.49,0,0
STR-005658,TreatmentB,B02,97.79,1.53,0.2132,176,53.3,0.5391,0.175,28.77,21.45,1,8.34,1,0
STR-005659,Control,B02,114.22,2.95,0.2593,387,61.52,0.483,0.4278,45.96,25.67,1,7.54,0,1
STR-005660,TreatmentA,B03,135.97,1.72,0.2872,175,116.71,0.1973,0.4418,17.83,25.93,3,9.04,0,0
STR-005661,TreatmentA,B02,93.9,1.98,0.211,210,28.3,0.535,0.4898,34.12,27.41,3,7.9,1,1
STR-005662,TreatmentA,B02,113.21,1.7,0.2302,223,29.91,0.3799,0.4473,74.95,31.17,3,7.95,1,0
STR-005663,TreatmentA,B03,78.05,1.47,0.2222,186,32.91,0.3273,0.2986,20.09,21.78,2,10.55,1,0
STR-005664,TreatmentA,B02,77.6,1.68,0.2088,307,22.47,0.3213,0.4438,27.09,30.23,2,7.01,1,0
STR-005665,TreatmentB,B02,102.87,2.64,0.318,279,37.53,0.2345,0.5391,46.99,23.09,2,6.37,0,0
STR-005666,TreatmentB,B03,72.05,2.11,0.205,808,46.3,0.7761,0.268,26.18,20.01,4,8.14,1,0
STR-005667,Control,B01,91.16,1.96,0.2083,280,35.54,0.6176,0.2811,38.54,25.06,4,6.61,1,1
STR-005668,TreatmentB,B02,94.86,0.95,0.2219,634,28.95,0.4018,0.3807,16.68,27.1,1,5.16,1,0
STR-005669,TreatmentB,B03,94.6,1.79,0.2206,374,29.75,0.2396,0.1781,28.37,18.21,0,5.67,1,1
STR-005670,Control,B03,99.66,2.84,0.2032,528,169.7,0.1155,0.2878,34.76,27.54,4,5.4,0,0
STR-005671,TreatmentB,B01,102.5,1.38,0.2014,157,25.67,0.5809,0.2958,15.32,22.36,3,6.42,1,1
STR-005672,Control,B02,94.98,2.6,0.2238,397,13.66,0.5367,0.4487,30.49,38.47,3,5.82,1,1
STR-005673,TreatmentA,B03,99.56,1.62,0.2073,240,28.39,0.3555,0.516,18.34,30.55,2,8.8,1,0
STR-005674,Control,B03,82.68,2.43,0.2544,233,26.83,0.4091,0.213,59.23,23.14,4,5.01,0,0
STR-005675,Control,B02,97.06,2.31,0.2175,91,24.3,0.3032,0.4172,50.0,30.09,4,8.1,0,0
STR-005676,TreatmentA,B01,126.38,1.31,0.2838,188,68.63,0.4619,0.3704,22.49,17.75,1,5.15,1,1
STR-005677,TreatmentA,B03,93.93,1.86,0.2505,183,44.01,0.5785,0.4708,41.36,22.25,2,6.53,1,1
STR-005678,TreatmentA,B01,103.21,1.04,0.2527,1016,54.47,0.3422,0.2368,33.5,23.66,2,9.32,1,0
STR-005679,TreatmentB,B02,104.55,1.52,0.2525,396,41.17,0.4037,0.3632,21.28,35.41,2,7.0,0,1
STR-005680,TreatmentB,B03,79.8,1.97,0.1872,241,79.02,0.5361,0.1803,16.18,25.63,1,7.76,0,0
STR-005681,Control,B02,90.32,2.32,0.264,210,58.05,0.4271,0.373,70.32,23.0,0,3.59,0,0
STR-005682,TreatmentB,B03,128.27,1.06,0.1962,362,49.5,0.5274,0.1686,6.27,27.79,3,7.06,1,0
STR-005683,TreatmentA,B03,96.5,0.73,0.2889,66,67.81,0.4231,0.3477,26.55,13.05,3,8.54,1,0
STR-005684,TreatmentB,B03,97.71,2.27,0.2532,439,41.42,0.3846,0.2914,17.12,22.2,3,7.99,1,0
STR-005685,Control,B01,100.82,1.95,0.2189,427,26.75,0.5088,0.1907,40.65,23.05,3,7.58,0,0
STR-005686,TreatmentB,B03,95.7,1.46,0.259,266,16.25,0.1569,0.2197,7.98,19.89,2,5.15,0,1
STR-005687,TreatmentB,B01,99.31,1.04,0.2371,327,32.7,0.4273,0.3127,20.9,23.03,3,4.81,1,0
STR-005688,TreatmentA,B01,99.29,2.98,0.2843,710,55.27,0.3997,0.2751,20.63,24.59,0,4.8,0,0
STR-005689,TreatmentA,B02,84.38,1.84,0.3074,96,85.27,0.3503,0.445,26.99,28.58,1,5.51,0,0
STR-005690,TreatmentB,B03,91.91,1.41,0.2134,476,73.62,0.3352,0.6468,14.46,34.22,3,10.23,1,0
STR-005691,TreatmentA,B01,95.15,2.01,0.2192,869,104.13,0.5315,0.3829,32.61,20.87,1,8.1,0,1
STR-005692,Control,B01,88.93,1.94,0.1972,419,17.87,0.4497,0.1611,18.32,28.71,5,7.03,1,1
STR-005693,Control,B01,116.27,2.41,0.2316,188,46.4,0.3139,0.3965,40.82,28.79,2,4.51,0,0
STR-005694,TreatmentA,B02,97.32,2.02,0.2251,283,35.77,0.2951,0.4932,40.03,26.06,2,7.65,1,0
STR-005695,TreatmentA,B01,107.37,2.58,0.2694,650,21.54,0.294,0.203,14.05,21.57,1,7.52,0,1
STR-005696,TreatmentB,B02,114.75,1.2,0.2022,290,53.36,0.6808,0.4912,58.39,25.85,0,6.97,0,1
STR-005697,TreatmentA,B02,95.71,1.02,0.2614,261,29.38,0.3905,0.3303,41.74,36.42,5,7.03,1,1
STR-005698,TreatmentA,B03,128.71,1.31,0.2136,859,39.6,0.4154,0.0611,44.88,34.78,3,8.12,0,0
STR-005699,TreatmentB,B02,70.51,1.04,0.2782,202,64.29,0.3679,0.3054,14.98,27.86,4,5.06,1,0
STR-005700,TreatmentB,B03,93.03,1.03,0.2421,164,11.55,0.3854,0.2021,32.52,17.67,1,9.16,1,0
STR-005701,Control,B03,114.13,2.97,0.2361,266,41.64,0.4942,0.3446,35.3,27.47,2,7.38,0,1
STR-005702,TreatmentB,B02,120.13,1.41,0.2767,203,22.92,0.3348,0.3347,29.06,12.64,3,8.24,1,0
STR-005703,TreatmentA,B02,78.81,2.24,0.2398,356,66.15,0.2489,0.0931,44.57,27.07,1,7.61,0,1
STR-005704,Control,B03,90.47,2.07,0.2372,204,18.91,0.4088,0.1173,45.69,30.81,1,8.72,0,0
STR-005705,TreatmentB,B01,98.85,1.44,0.2699,90,20.2,0.593,0.2579,29.17,26.99,1,5.05,0,0
STR-005706,TreatmentA,B01,100.17,2.1,0.2782,232,18.46,0.5338,0.1985,53.58,23.23,1,8.39,0,0
STR-005707,TreatmentA,B01,85.17,3.72,0.2505,307,42.11,0.6538,0.3552,69.62,22.39,1,5.39,0,1
STR-005708,Control,B01,88.73,1.92,0.3063,68,54.39,0.2124,0.3586,31.55,26.55,2,6.38,0,0
STR-005709,TreatmentB,B02,98.0,1.38,0.2537,485,62.43,0.4138,0.204,13.16,23.96,1,4.7,1,0
STR-005710,Control,B03,117.8,2.16,0.2631,183,15.08,0.4067,0.401,38.13,27.06,0,6.09,0,0
STR-005711,TreatmentB,B03,96.3,1.35,0.1446,88,27.22,0.3703,0.4095,63.6,26.02,1,6.88,0,1
STR-005712,TreatmentB,B02,101.85,1.34,0.2482,364,60.59,0.2715,0.2051,38.66,25.61,2,5.34,1,1
STR-005713,TreatmentB,B02,96.03,1.69,0.1978,295,42.86,0.4374,0.3264,16.64,24.15,2,8.24,0,1
STR-005714,TreatmentA,B02,113.18,1.43,0.2564,163,35.43,0.3011,0.4076,22.23,20.58,3,7.92,1,0
STR-005715,Control,B03,91.95,2.28,0.2081,290,18.5,0.6516,0.3696,37.95,26.06,2,6.78,0,1
STR-005716,TreatmentB,B02,119.72,2.09,0.2259,161,26.55,0.5671,0.3637,38.49,21.99,3,4.85,0,0
STR-005717,TreatmentA,B01,91.73,2.5,0.1504,253,30.68,0.3109,0.1514,51.88,32.12,1,5.26,1,1
STR-005718,Control,B02,98.45,2.19,0.2286,229,48.48,0.6608,0.2599,49.36,21.17,3,6.13,0,0
STR-005719,Control,B01,101.05,2.56,0.2463,813,15.16,0.5787,0.5159,82.39,23.45,4,3.65,0,1
STR-005720,TreatmentB,B03,120.69,1.22,0.1979,248,17.37,0.4476,0.316,41.9,29.08,5,7.67,1,0
STR-005721,Control,B02,104.25,1.56,0.2001,100,30.9,0.5159,0.1355,31.48,28.54,0,6.91,1,0
STR-005722,Control,B03,99.74,2.32,0.1897,542,83.18,0.3909,0.1161,66.99,29.04,4,6.11,1,1
STR-005723,TreatmentA,B02,106.53,2.3,0.228,313,40.29,0.2701,0.1206,55.12,20.26,4,6.22,1,1
STR-005724,Control,B01,101.78,2.04,0.2244,344,31.98,0.4722,0.1415,31.41,34.23,1,5.02,1,0
STR-005725,TreatmentA,B03,134.75,1.81,0.234,134,13.56,0.36,0.5983,25.04,27.87,2,9.63,1,0
STR-005726,TreatmentB,B02,91.14,2.27,0.2095,233,34.44,0.4444,0.5747,19.67,26.55,2,5.56,1,1
STR-005727,Control,B03,83.63,1.49,0.1591,282,18.85,0.4653,0.0763,26.09,10.48,4,6.64,1,1
STR-005728,TreatmentA,B02,109.89,1.78,0.1768,150,12.74,0.4985,0.1867,29.93,18.53,2,5.15,1,0
STR-005729,Control,B02,108.73,1.89,0.2639,173,19.5,0.3339,0.1537,54.57,14.59,2,7.8,1,1
STR-005730,Control,B03,94.33,1.6,0.2713,686,23.27,0.5805,0.3847,41.6,14.84,2,6.42,0,1
STR-005731,TreatmentA,B03,91.06,1.54,0.1991,211,10.18,0.3233,0.337,23.25,27.79,1,6.55,1,1
STR-005732,TreatmentA,B01,109.35,2.6,0.169,606,65.08,0.3535,0.2796,33.5,20.24,3,10.83,0,0
STR-005733,TreatmentB,B02,112.11,0.88,0.2645,139,54.91,0.3567,0.2924,13.38,33.79,0,6.04,0,1
STR-005734,Control,B03,94.57,2.77,0.2043,421,50.55,0.4838,0.248,79.61,17.4,2,7.83,0,0
STR-005735,Control,B01,97.62,2.12,0.2082,298,35.73,0.2026,0.3608,45.68,28.19,2,8.85,0,0
STR-005736,Control,B01,91.58,2.66,0.2435,653,81.29,0.5775,0.3328,53.27,39.1,0,8.03,0,1
STR-005737,Control,B03,122.94,2.73,0.2388,141,47.65,0.3036,0.4181,55.03,21.76,0,7.76,0,0
STR-005738,TreatmentB,B01,107.25,0.87,0.1908,240,26.23,0.1868,0.1084,12.14,32.84,3,7.39,1,1
STR-005739,Control,B01,86.08,2.39,0.2503,162,29.28,0.508,0.5911,33.04,20.55,2,7.99,1,1
STR-005740,TreatmentB,B03,96.51,2.94,0.2111,328,31.97,0.4243,0.5698,40.96,18.12,1,7.54,1,1
STR-005741,Control,B01,97.84,2.61,0.2303,302,47.72,0.4517,0.3841,20.48,22.73,0,4.71,0,1
STR-005742,TreatmentA,B01,107.32,1.7,0.2494,459,47.12,0.2327,0.2564,48.92,6.96,2,5.41,0,1
STR-005743,Control,B03,81.84,2.94,0.1954,449,135.0,0.4821,0.234,37.88,27.25,8,5.28,0,0
STR-005744,TreatmentA,B01,96.0,1.18,0.2548,1306,20.24,0.4333,0.1762,87.88,20.65,3,7.14,1,1
STR-005745,Control,B01,104.32,3.0,0.2372,354,69.54,0.4216,0.1504,42.96,31.02,0,7.75,0,1
STR-005746,Control,B01,102.61,2.65,0.2263,364,40.12,0.3453,0.3864,60.68,22.77,5,5.92,0,0
STR-005747,TreatmentA,B01,103.27,2.5,0.1708,472,73.73,0.5799,0.3348,22.46,32.97,2,6.72,1,1
STR-005748,TreatmentB,B01,104.26,1.41,0.1631,199,11.39,0.5859,0.4117,22.38,33.79,5,7.54,1,1
STR-005749,Control,B02,102.97,2.3,0.2052,380,43.01,0.4003,0.2296,39.94,23.63,2,5.71,0,0
STR-005750,Control,B03,102.42,3.16,0.198,343,48.1,0.3476,0.2963,47.29,18.25,1,8.59,0,0
STR-005751,TreatmentA,B02,100.48,2.97,0.2397,205,17.99,0.324,0.317,24.36,30.69,3,5.36,0,0
STR-005752,TreatmentA,B02,85.76,2.06,0.2421,545,19.0,0.3905,0.2332,28.71,29.11,4,5.95,1,1
STR-005753,TreatmentB,B01,111.14,1.24,0.233,276,44.34,0.379,0.2933,23.87,19.28,2,7.21,1,1
STR-005754,TreatmentB,B03,113.74,1.01,0.3343,607,13.06,0.5321,0.1975,29.99,29.67,2,8.22,0,0
STR-005755,TreatmentA,B01,99.39,2.27,0.2529,342,53.82,0.2775,0.3054,60.71,28.66,2,4.85,0,0
STR-005756,Control,B03,107.29,2.34,0.1837,240,78.43,0.5933,0.5389,27.59,17.73,2,9.28,1,0
STR-005757,Control,B03,112.93,3.11,0.2474,432,16.67,0.4055,0.292,44.29,39.63,1,6.45,0,1
STR-005758,TreatmentB,B01,88.21,1.09,0.3156,253,36.47,0.3628,0.2335,12.42,26.8,1,5.08,1,1
STR-005759,TreatmentA,B03,93.88,1.88,0.2145,372,14.22,0.4876,0.2597,32.6,22.62,5,7.89,0,1
STR-005760,Control,B03,71.14,3.5,0.2486,481,48.1,0.0981,0.4752,43.99,28.32,2,6.53,0,0
STR-005761,TreatmentB,B03,95.68,2.09,0.1643,625,42.35,0.2829,0.2629,41.43,21.92,3,8.69,1,0
STR-005762,TreatmentA,B02,106.31,1.15,0.1718,171,36.3,0.5171,0.0726,30.12,38.68,3,7.51,1,0
STR-005763,TreatmentB,B03,118.01,1.46,0.2731,103,40.86,0.4215,0.2878,18.42,13.17,2,6.75,0,1
STR-005764,TreatmentA,B01,104.04,1.93,0.1704,321,45.46,0.4134,0.3963,12.55,32.51,3,6.25,1,1
STR-005765,Control,B02,103.18,2.94,0.2257,218,35.58,0.3757,0.4182,66.19,29.36,3,6.97,0,1
STR-005766,TreatmentA,B02,84.23,2.12,0.257,318,30.49,0.2544,0.405,30.69,16.97,2,6.96,0,0
STR-005767,Control,B02,97.45,2.34,0.2605,124,24.31,0.2633,0.3642,50.81,31.39,2,8.58,0,0
STR-005768,TreatmentA,B03,107.9,2.17,0.255,142,14.26,0.3896,0.4255,40.94,21.28,2,6.13,0,1
STR-005769,Control,B03,106.31,3.32,0.1831,180,24.28,0.3359,0.454,55.03,27.59,4,7.27,0,1
STR-005770,Control,B01,96.79,1.99,0.2151,259,43.48,0.4809,0.3636,23.57,24.38,0,8.82,1,0
STR-005771,Control,B03,114.59,2.36,0.2134,322,34.76,0.4886,0.3996,56.84,19.46,1,7.41,1,1
STR-005772,Control,B01,110.31,2.94,0.1686,373,33.39,0.617,0.2962,38.95,20.85,2,7.57,1,1
STR-005773,TreatmentA,B02,83.49,2.01,0.2698,154,80.69,0.278,0.4,46.16,34.43,3,5.64,1,0
STR-005774,TreatmentB,B01,113.01,1.98,0.2638,580,61.38,0.3556,0.4179,28.01,16.81,4,9.58,1,0
STR-005775,Control,B03,97.66,2.21,0.2607,262,71.47,0.3949,0.2342,32.84,26.76,0,5.47,0,0
STR-005776,TreatmentA,B01,131.12,2.0,0.1961,204,59.12,0.2129,0.3993,79.14,19.25,3,6.9,0,0
STR-005777,Control,B02,64.76,2.73,0.2988,160,18.41,0.3303,0.5461,40.66,24.92,3,6.75,0,0
STR-005778,Control,B03,82.4,2.23,0.2387,501,40.33,0.4031,0.2587,89.22,15.32,2,5.42,0,0
STR-005779,TreatmentA,B02,119.58,2.59,0.2364,220,22.03,0.5243,0.3429,23.39,26.8,4,4.67,0,0
STR-005780,Control,B01,98.7,2.26,0.1988,338,16.74,0.6627,0.1965,20.43,27.86,5,7.24,1,0
STR-005781,Control,B02,80.25,2.63,0.2635,294,56.0,0.2347,0.0629,50.79,25.74,4,6.45,0,1
STR-005782,TreatmentA,B03,92.49,1.94,0.2831,485,38.49,0.3607,0.3515,26.63,16.8,2,8.19,0,1
STR-005783,TreatmentB,B02,93.5,0.81,0.2179,249,61.31,0.3979,0.3716,18.16,23.97,4,7.67,1,1
STR-005784,TreatmentA,B03,120.64,3.03,0.2579,69,15.23,0.1779,0.1021,48.58,17.12,2,7.59,0,1
STR-005785,TreatmentB,B03,86.83,2.02,0.2333,522,45.5,0.0738,0.2347,21.54,13.62,3,5.98,0,1
STR-005786,TreatmentA,B02,72.79,2.25,0.19,160,28.18,0.4378,0.2788,25.07,15.84,6,3.95,1,0
STR-005787,Control,B01,100.68,2.64,0.2512,45,31.5,0.3246,0.366,66.12,29.11,0,5.14,0,0
STR-005788,Control,B01,88.67,1.71,0.2027,313,21.34,0.2924,0.3682,30.24,20.92,0,7.81,0,1
STR-005789,Control,B01,111.23,2.24,0.2512,204,14.75,0.5516,0.3715,24.17,21.36,2,8.87,0,0
STR-005790,TreatmentA,B03,86.4,1.86,0.2244,491,51.45,0.1984,0.5082,14.45,35.23,2,7.44,1,0
STR-005791,TreatmentA,B01,78.86,2.72,0.2422,221,14.6,0.4611,0.333,22.25,16.9,4,8.61,0,0
STR-005792,TreatmentB,B01,105.43,1.04,0.204,250,61.14,0.2298,0.4833,40.48,30.9,2,8.21,1,0
STR-005793,TreatmentB,B03,108.36,1.4,0.2511,1114,25.16,0.3938,0.4122,44.31,18.04,2,6.53,0,1
STR-005794,Control,B03,95.41,1.94,0.2419,363,63.16,0.2527,0.2375,36.95,37.3,3,6.72,0,1
STR-005795,TreatmentB,B01,79.51,2.09,0.241,519,17.77,0.0606,0.4617,11.27,26.99,2,4.94,1,0
STR-005796,Control,B01,87.41,2.86,0.2544,274,14.62,0.4961,0.3045,49.98,31.28,2,7.72,0,1
STR-005797,TreatmentB,B03,81.22,2.74,0.2371,663,22.05,0.4896,0.2606,22.82,26.51,3,7.19,0,1
STR-005798,TreatmentB,B02,91.03,1.35,0.2404,432,40.02,0.4557,0.1483,18.09,10.59,2,7.4,1,1
STR-005799,TreatmentA,B01,133.76,1.31,0.2275,142,32.84,0.2599,0.5823,13.77,15.69,3,3.93,1,0
STR-005800,TreatmentA,B03,84.72,2.44,0.228,417,27.21,0.2272,0.3714,35.66,32.28,4,8.88,0,0
STR-005801,TreatmentA,B03,126.84,2.1,0.1964,541,32.96,0.5888,0.2153,29.42,29.77,0,9.18,0,0
STR-005802,TreatmentA,B02,115.57,1.6,0.3161,570,39.22,0.3097,0.2468,28.28,24.78,1,7.91,0,1
STR-005803,TreatmentB,B02,78.83,1.06,0.2757,625,55.18,0.4167,0.2772,10.94,27.07,1,4.97,1,0
STR-005804,TreatmentB,B01,54.22,1.76,0.2242,376,102.09,0.5365,0.3373,73.52,25.52,1,7.52,0,1
STR-005805,Control,B01,87.19,1.83,0.2226,301,8.2,0.5217,0.3362,29.51,18.63,2,6.33,1,1
STR-005806,TreatmentB,B01,111.66,1.55,0.2981,85,27.16,0.165,0.6353,31.02,10.32,3,7.32,1,0
STR-005807,TreatmentA,B01,75.89,1.44,0.2591,347,32.47,0.47,0.2648,29.48,13.98,4,7.28,0,1
STR-005808,TreatmentB,B01,99.84,1.06,0.2285,142,24.21,0.2174,0.1558,17.01,22.43,2,8.81,1,1
STR-005809,TreatmentB,B01,98.76,3.15,0.2367,1292,19.6,0.3722,0.2114,37.71,24.72,4,7.34,0,0
STR-005810,TreatmentB,B02,149.1,1.75,0.2562,54,17.35,0.1719,0.2308,3.92,28.08,6,6.83,1,1
STR-005811,TreatmentB,B03,82.0,0.78,0.1829,294,60.45,0.5724,0.2482,17.25,17.58,3,8.26,1,0
STR-005812,TreatmentB,B01,124.83,1.29,0.2487,236,32.28,0.4103,0.253,11.99,13.02,4,4.83,1,0
STR-005813,TreatmentA,B02,57.34,1.84,0.2392,297,29.89,0.2432,0.263,46.36,25.82,0,7.7,0,1
STR-005814,Control,B02,111.95,1.7,0.2304,133,31.33,0.4007,0.4354,75.18,31.84,7,7.85,0,1
STR-005815,TreatmentB,B03,110.05,1.49,0.2506,211,168.7,0.6931,0.1959,24.36,22.69,4,6.72,1,0
STR-005816,TreatmentA,B02,108.63,2.56,0.2502,400,29.77,0.4004,0.1021,35.56,31.56,3,5.57,0,0
STR-005817,Control,B03,114.28,3.08,0.2797,428,32.79,0.706,0.2225,32.91,28.54,3,9.06,0,0
STR-005818,Control,B02,81.56,3.25,0.2179,242,34.57,0.3353,0.1724,84.84,21.11,2,5.34,0,1
STR-005819,Control,B02,95.89,2.47,0.2427,181,17.14,0.3378,0.3773,79.67,17.7,3,8.04,0,0
STR-005820,TreatmentA,B03,90.87,1.16,0.2616,319,64.98,0.3035,0.2077,60.81,17.15,4,5.75,0,1
STR-005821,TreatmentA,B01,88.18,1.85,0.1995,267,34.16,0.3907,0.2982,47.15,21.5,1,8.76,1,0
STR-005822,TreatmentA,B03,69.93,2.15,0.2472,353,34.24,0.4881,0.3892,37.35,29.09,2,8.38,0,0
STR-005823,TreatmentB,B03,101.45,1.01,0.2228,299,13.05,0.4719,0.073,16.57,18.51,5,6.43,1,1
STR-005824,TreatmentB,B01,82.22,1.53,0.2432,479,34.18,0.5055,0.1962,35.57,29.14,2,7.0,1,1
STR-005825,TreatmentA,B01,115.6,1.79,0.1924,403,253.72,0.4986,0.2195,46.94,18.04,4,8.94,1,0
STR-005826,Control,B01,108.52,3.04,0.2599,140,18.85,0.7059,0.4292,50.47,16.89,2,7.34,0,1
STR-005827,Control,B02,108.9,4.47,0.2731,332,43.19,0.4763,0.441,86.15,14.22,2,7.53,0,1
STR-005828,TreatmentA,B03,93.02,1.94,0.2352,231,29.43,0.3665,0.4053,14.73,28.95,5,5.75,0,0
STR-005829,TreatmentB,B01,103.02,1.85,0.1911,140,41.14,0.2892,0.1191,25.74,28.73,3,7.24,1,1
STR-005830,TreatmentA,B03,106.03,2.17,0.2116,93,29.02,0.5295,0.1877,12.91,22.91,4,6.28,1,1
STR-005831,TreatmentA,B03,102.65,1.91,0.2624,278,20.24,0.7428,0.3162,28.51,14.11,2,3.81,1,0
STR-005832,TreatmentA,B03,115.87,2.4,0.2308,153,17.9,0.3505,0.321,59.43,25.95,2,6.52,1,1
STR-005833,TreatmentB,B02,92.03,3.21,0.2262,228,30.57,0.621,0.3393,20.84,31.58,7,5.6,0,1
STR-005834,TreatmentA,B03,119.98,2.24,0.1935,132,24.79,0.5109,0.3163,176.46,29.33,2,5.22,0,1
STR-005835,TreatmentB,B03,100.85,0.84,0.2003,108,53.95,0.4291,0.3729,4.33,29.39,3,6.45,1,1
STR-005836,TreatmentB,B01,101.66,2.6,0.2521,532,57.45,0.5537,0.2798,20.11,23.57,2,6.74,0,1
STR-005837,TreatmentB,B03,105.29,1.49,0.1692,415,43.46,0.4462,0.2419,8.81,21.29,1,7.35,1,1
STR-005838,TreatmentB,B01,126.85,1.78,0.1886,151,20.56,0.3991,0.3012,27.13,25.94,3,7.36,1,1
STR-005839,TreatmentA,B03,102.8,2.13,0.192,343,35.28,0.3722,0.2094,38.4,19.79,2,7.91,1,0
STR-005840,TreatmentB,B02,118.73,1.14,0.238,411,23.01,0.4121,0.3965,26.4,22.9,3,8.74,0,0
STR-005841,Control,B02,96.63,1.36,0.2164,457,44.01,0.2372,0.3764,76.91,37.35,2,6.53,1,0
STR-005842,TreatmentA,B02,93.28,2.02,0.278,479,33.2,0.2697,0.2613,72.07,19.27,3,7.14,0,1
STR-005843,Control,B03,139.53,1.79,0.2394,246,60.04,0.43,0.2166,62.79,38.93,1,10.34,0,0
STR-005844,Control,B02,102.67,1.95,0.3055,359,11.04,0.3844,0.3621,47.34,13.21,6,5.32,0,0
STR-005845,TreatmentB,B03,107.89,1.69,0.199,259,62.22,0.3787,0.5153,46.96,18.95,0,4.96,1,0
STR-005846,TreatmentB,B02,85.14,0.9,0.2324,382,62.16,0.4383,0.2329,22.86,24.99,1,7.09,0,1
STR-005847,TreatmentB,B01,101.2,0.72,0.2287,233,11.45,0.3891,0.4308,46.44,30.66,2,6.65,1,1
STR-005848,TreatmentA,B02,107.89,2.17,0.2424,120,56.08,0.249,0.4187,14.15,24.35,1,6.51,1,1
STR-005849,Control,B03,97.42,1.49,0.2321,157,47.45,0.6301,0.171,30.56,26.55,2,4.64,1,0
STR-005850,Control,B03,98.43,1.85,0.1736,169,95.25,0.6039,0.1998,62.86,25.98,0,7.81,1,0
STR-005851,TreatmentB,B03,76.55,0.96,0.3087,211,51.11,0.7585,0.2423,21.79,18.78,2,7.42,1,1
STR-005852,TreatmentA,B03,109.41,2.91,0.2407,266,109.81,0.5285,0.3275,32.14,31.67,2,7.61,1,1
STR-005853,TreatmentA,B03,84.94,1.84,0.2205,308,82.53,0.1802,0.3518,45.16,21.09,1,6.77,1,1
STR-005854,Control,B03,97.23,1.94,0.216,76,66.2,0.5202,0.5481,53.99,21.61,4,6.68,1,1
STR-005855,TreatmentA,B02,98.03,1.78,0.2118,515,13.29,0.5601,0.4081,42.59,28.41,1,7.22,0,1
STR-005856,Control,B02,112.37,2.07,0.2551,289,46.82,0.4879,0.1524,28.34,19.97,0,5.26,1,0
STR-005857,TreatmentA,B01,86.49,1.2,0.1775,180,11.34,0.3575,0.1559,29.99,27.17,2,7.46,1,1
STR-005858,TreatmentB,B01,103.63,0.94,0.3161,555,14.56,0.3482,0.5947,85.89,19.35,2,5.31,0,0
STR-005859,Control,B03,92.45,1.52,0.223,527,58.21,0.4912,0.2294,33.46,20.95,0,5.67,1,0
STR-005860,Control,B02,88.25,1.94,0.2471,167,42.15,0.6503,0.2894,20.92,19.81,2,9.02,1,0
STR-005861,TreatmentB,B03,97.13,1.57,0.2315,195,25.72,0.3797,0.3776,17.29,24.64,0,7.1,1,1
STR-005862,TreatmentA,B03,119.09,1.88,0.2784,605,23.0,0.3545,0.1404,48.85,5.2,0,8.3,0,1
STR-005863,TreatmentB,B03,118.74,1.45,0.2222,131,25.06,0.4157,0.1841,60.13,28.12,0,6.96,1,1
STR-005864,TreatmentA,B02,89.76,2.27,0.243,231,25.77,0.2418,0.2206,44.73,27.77,2,4.76,0,1
STR-005865,TreatmentB,B02,85.4,2.96,0.2363,205,38.58,0.6587,0.1761,53.91,24.46,1,7.44,0,0
STR-005866,TreatmentA,B02,113.91,0.93,0.1622,512,10.34,0.3485,0.2127,16.58,38.63,2,4.38,1,0
STR-005867,Control,B03,122.7,1.93,0.2578,315,32.72,0.6712,0.319,25.17,14.67,1,6.84,0,1
STR-005868,Control,B02,100.16,2.28,0.2706,381,58.23,0.3177,0.3868,27.34,31.22,0,4.17,0,0
STR-005869,Control,B01,115.24,3.0,0.261,609,12.44,0.4965,0.3711,36.99,28.41,4,9.33,0,1
STR-005870,TreatmentA,B01,100.53,1.48,0.2402,336,42.29,0.341,0.563,47.29,28.59,0,7.18,1,0
STR-005871,Control,B01,86.47,1.68,0.1884,113,33.33,0.2113,0.3729,79.28,32.33,1,7.61,1,1
STR-005872,TreatmentB,B02,126.19,1.08,0.2952,354,28.2,0.3577,0.216,40.25,32.27,2,5.94,0,1
STR-005873,Control,B01,101.41,2.85,0.1905,408,15.59,0.3187,0.271,64.81,28.22,6,6.7,0,1
STR-005874,TreatmentB,B02,83.81,2.3,0.2526,445,12.28,0.5438,0.2785,33.19,28.07,2,6.13,1,0
STR-005875,Control,B03,98.35,3.32,0.2162,127,20.6,0.8107,0.4442,30.27,19.07,4,6.78,0,1
STR-005876,TreatmentA,B03,111.87,1.23,0.2316,184,81.22,0.5344,0.1423,23.68,14.48,3,4.26,1,0
STR-005877,TreatmentA,B02,102.48,2.21,0.258,528,79.03,0.532,0.3316,40.61,25.81,4,6.82,0,1
STR-005878,Control,B01,99.44,3.01,0.2308,105,24.47,0.4807,0.2284,55.6,15.72,2,5.31,0,0
STR-005879,Control,B03,75.88,1.63,0.2534,273,12.18,0.3539,0.1386,53.31,21.64,2,4.09,0,1
STR-005880,TreatmentA,B03,120.66,1.45,0.2713,552,56.48,0.3972,0.1948,33.73,25.69,1,8.18,1,1
STR-005881,TreatmentA,B03,89.7,2.47,0.2704,335,76.88,0.3226,0.4701,47.32,12.6,4,7.13,0,0
STR-005882,Control,B01,104.13,1.82,0.2231,250,16.77,0.4755,0.412,52.26,26.13,1,6.09,1,1
STR-005883,TreatmentB,B02,107.59,1.44,0.1923,326,20.56,0.4709,0.2614,17.19,18.69,3,8.88,0,0
STR-005884,TreatmentB,B02,127.01,1.24,0.2483,87,11.32,0.6063,0.4085,29.62,14.62,1,8.82,1,1
STR-005885,TreatmentB,B02,86.09,1.63,0.1813,152,31.96,0.6569,0.2862,31.65,18.98,1,7.52,1,1
STR-005886,TreatmentB,B02,91.8,1.55,0.1819,257,34.84,0.2573,0.4113,38.55,35.43,3,5.94,1,0
STR-005887,TreatmentB,B01,73.88,1.17,0.2312,202,23.1,0.2183,0.2108,9.01,15.44,6,7.99,1,1
STR-005888,Control,B01,72.87,2.44,0.2388,210,89.95,0.5269,0.3942,32.93,34.17,5,5.95,0,1
STR-005889,Control,B01,110.36,2.07,0.232,208,12.02,0.6718,0.2515,50.9,37.28,3,6.11,0,1
STR-005890,TreatmentB,B01,98.18,1.78,0.2308,433,78.05,0.5469,0.1609,30.5,17.62,2,7.37,0,1
STR-005891,Control,B01,98.61,2.22,0.2784,248,25.61,0.6627,0.1489,47.26,21.01,0,6.17,0,0
STR-005892,TreatmentA,B03,106.14,1.83,0.2581,319,15.3,0.4651,0.5323,32.44,19.76,4,6.49,0,1
STR-005893,TreatmentA,B02,84.81,1.67,0.2482,185,35.66,0.4562,0.2332,20.93,34.92,3,7.25,1,1
STR-005894,TreatmentB,B01,91.44,1.76,0.2801,178,53.89,0.4521,0.138,42.09,8.4,2,8.42,0,0
STR-005895,TreatmentB,B02,90.31,2.39,0.2962,663,25.84,0.3794,0.3552,9.54,14.26,2,6.76,0,1
STR-005896,TreatmentA,B02,99.43,1.21,0.1892,258,33.58,0.0718,0.2248,42.28,22.7,0,6.93,1,1
STR-005897,TreatmentA,B01,118.97,2.05,0.1372,217,31.4,0.3036,0.2482,33.36,15.45,2,4.38,1,0
STR-005898,TreatmentB,B01,83.81,0.93,0.2346,262,46.44,0.5479,0.3108,5.33,38.96,5,7.73,1,1
STR-005899,TreatmentA,B01,112.8,1.8,0.2129,324,67.19,0.5442,0.5237,40.92,28.88,5,9.26,1,1
STR-005900,Control,B01,112.95,1.67,0.2817,265,78.34,0.4343,0.368,54.19,19.76,1,4.44,0,0
STR-005901,Control,B01,106.8,2.66,0.1705,159,27.14,0.4253,0.3743,60.7,7.52,2,6.49,1,1
STR-005902,TreatmentB,B02,104.44,1.32,0.2284,443,10.34,0.777,0.2524,-0.32,25.54,1,6.71,1,0
STR-005903,TreatmentA,B03,106.57,1.49,0.1891,238,19.56,0.4273,0.2086,29.31,22.65,2,4.75,1,0
STR-005904,TreatmentA,B01,115.35,1.71,0.2504,226,79.63,0.2795,0.1545,50.23,23.07,5,7.41,1,1
STR-005905,Control,B02,115.11,1.9,0.2534,148,46.12,0.2645,0.2263,42.29,33.13,4,7.34,0,1
STR-005906,TreatmentA,B02,103.34,1.9,0.2265,209,71.98,0.4592,0.3623,63.33,30.84,2,8.07,0,1
STR-005907,TreatmentA,B02,101.85,3.64,0.2417,332,11.77,0.4515,0.3326,26.96,22.64,3,7.25,0,1
STR-005908,TreatmentB,B01,100.47,2.14,0.2007,208,10.95,0.5817,0.3632,25.1,18.26,1,8.16,0,1
STR-005909,TreatmentA,B02,125.47,2.01,0.2476,195,54.76,0.4678,0.1661,17.23,19.0,4,4.03,0,0
STR-005910,Control,B03,90.72,2.43,0.2327,128,66.3,0.5612,0.204,42.61,17.23,5,7.11,1,0
STR-005911,TreatmentB,B02,101.99,2.99,0.2554,360,30.82,0.4937,0.2971,8.82,16.33,3,6.86,0,1
STR-005912,TreatmentA,B01,84.97,1.13,0.2236,529,21.29,0.4842,0.3417,16.2,26.12,3,7.54,1,1
STR-005913,TreatmentB,B02,101.08,1.6,0.2497,772,19.65,0.7063,0.4028,31.0,32.16,1,4.76,1,0
STR-005914,TreatmentA,B03,80.54,1.94,0.2188,210,29.31,0.3762,0.1135,42.69,16.76,2,9.53,0,0
STR-005915,TreatmentB,B03,102.88,1.06,0.2684,368,29.81,0.4883,0.1721,8.68,26.05,2,5.34,1,0
STR-005916,Control,B03,111.52,2.45,0.2282,213,91.6,0.3555,0.273,31.76,33.07,0,8.75,0,0
STR-005917,Control,B03,78.99,2.64,0.1968,337,130.98,0.3186,0.2726,33.45,20.05,2,5.31,1,0
STR-005918,Control,B03,73.26,2.01,0.2046,247,111.78,0.4377,0.1379,42.05,23.86,2,6.22,0,1
STR-005919,TreatmentA,B01,108.12,3.04,0.2688,119,20.47,0.488,0.179,23.8,23.84,0,3.73,0,0
STR-005920,TreatmentB,B03,101.68,2.39,0.2331,402,83.23,0.4152,0.2343,42.37,22.15,2,7.67,0,1
STR-005921,TreatmentA,B02,69.59,2.54,0.1728,434,48.73,0.3878,0.4802,23.23,24.19,1,4.56,1,0
STR-005922,TreatmentA,B03,97.19,2.36,0.2256,118,21.18,0.5664,0.3109,42.53,27.16,3,7.63,0,1
STR-005923,TreatmentA,B03,120.82,2.01,0.2173,817,12.89,0.4168,0.5186,23.18,29.13,2,6.44,1,1
STR-005924,Control,B02,114.55,3.26,0.2834,250,12.78,0.4679,0.3285,30.61,32.0,3,8.41,0,0
STR-005925,Control,B02,97.75,1.92,0.2389,650,34.44,0.4111,0.5292,29.33,31.55,0,6.3,0,0
STR-005926,Control,B02,75.18,2.33,0.2911,68,47.6,0.48,0.28,32.89,15.39,2,7.18,0,1
STR-005927,TreatmentA,B03,100.05,2.1,0.1963,359,67.13,0.3359,0.6433,31.46,26.57,0,6.61,1,0
STR-005928,TreatmentA,B01,91.9,2.45,0.1925,122,48.81,0.4974,0.1825,19.43,23.73,6,5.87,1,0
STR-005929,TreatmentA,B03,85.83,1.55,0.2261,383,65.46,0.6286,0.1324,30.69,32.76,3,6.05,0,0
STR-005930,Control,B02,95.71,1.3,0.2226,279,23.39,0.5934,0.313,43.04,23.3,2,4.82,1,0
STR-005931,Control,B03,92.59,2.1,0.2108,270,34.54,0.7286,0.2172,28.8,29.7,2,5.1,1,0
STR-005932,TreatmentA,B01,86.98,3.68,0.2746,117,26.58,0.4024,0.1767,25.96,24.73,0,10.28,0,0
STR-005933,Control,B03,76.61,1.61,0.257,181,32.91,0.661,0.1817,47.16,32.99,3,6.55,0,0
STR-005934,TreatmentA,B02,102.45,1.41,0.2869,311,37.38,0.3418,0.2342,52.52,23.16,2,5.79,0,1
STR-005935,TreatmentA,B02,107.94,1.16,0.253,143,49.55,0.395,0.1275,40.73,29.37,1,8.55,1,0
STR-005936,Control,B03,76.08,1.48,0.2024,246,33.99,0.205,0.2141,45.17,31.2,2,7.06,1,1
STR-005937,Control,B02,115.91,2.86,0.2195,589,33.3,0.1605,0.1248,35.03,11.4,2,8.62,1,1
STR-005938,Control,B02,91.87,1.79,0.2517,85,14.32,0.2584,0.4697,30.48,18.37,3,6.38,0,0
STR-005939,Control,B03,117.2,1.42,0.2388,619,16.16,0.6061,0.186,62.5,27.97,3,8.17,0,0
STR-005940,TreatmentA,B03,73.19,1.8,0.2378,443,39.49,0.1906,0.4106,40.52,22.37,3,5.31,0,0
STR-005941,Control,B03,94.18,1.8,0.2544,713,57.98,0.3103,0.1636,37.48,30.89,2,5.53,0,1
STR-005942,TreatmentB,B01,98.12,1.89,0.2684,293,85.46,0.4369,0.2478,31.85,22.52,3,5.63,1,1
STR-005943,TreatmentA,B01,118.19,1.5,0.1933,213,26.88,0.4192,0.4365,78.44,25.83,2,6.03,1,0
STR-005944,TreatmentB,B03,119.59,1.88,0.2697,888,61.9,0.4486,0.4037,55.27,24.79,4,7.57,0,1
STR-005945,TreatmentB,B03,88.43,1.43,0.2052,320,39.83,0.5099,0.3296,10.95,17.04,0,5.65,1,1
STR-005946,Control,B02,103.27,2.36,0.2042,196,20.78,0.5467,0.3174,59.35,27.01,3,6.76,0,1
STR-005947,TreatmentA,B02,113.49,3.96,0.2024,49,44.51,0.583,0.3918,50.07,30.2,1,5.46,0,0
STR-005948,TreatmentA,B02,90.59,1.7,0.2048,167,80.81,0.5247,0.3502,35.57,27.18,1,5.8,0,1
STR-005949,TreatmentA,B01,69.73,1.56,0.2216,372,27.89,0.4004,0.4377,30.41,24.82,5,10.74,1,0
STR-005950,Control,B01,108.58,2.67,0.2248,289,35.3,0.4028,0.4516,59.52,24.01,3,7.85,0,0
STR-005951,TreatmentA,B03,104.39,1.19,0.2408,119,40.93,0.6042,0.5205,36.61,21.43,3,7.42,0,1
STR-005952,TreatmentB,B02,101.89,2.17,0.2206,109,17.23,0.4222,0.2308,14.85,31.99,2,7.46,1,1
STR-005953,TreatmentA,B02,91.49,3.66,0.1807,268,41.93,0.2563,0.5816,25.88,20.56,4,4.28,0,0
STR-005954,Control,B01,112.1,3.15,0.2203,171,35.36,0.4791,0.1733,33.48,20.54,3,5.78,0,0
STR-005955,TreatmentA,B03,80.62,1.84,0.1942,458,51.32,0.4798,0.3038,70.09,25.26,1,5.59,1,0
STR-005956,TreatmentB,B01,100.16,1.16,0.2192,505,31.33,0.5019,0.2646,34.34,37.52,2,7.06,1,1
STR-005957,Control,B03,124.15,3.14,0.1656,270,42.12,0.3365,0.2212,27.47,23.82,7,7.49,1,1
STR-005958,TreatmentB,B02,90.18,1.31,0.2249,188,25.6,0.5025,0.2047,27.82,30.28,1,5.6,1,0
STR-005959,TreatmentB,B01,104.01,1.41,0.2331,331,27.52,0.5354,0.5051,4.17,28.42,1,7.36,1,1
STR-005960,TreatmentA,B01,120.56,1.63,0.2121,336,32.77,0.2492,0.6991,25.17,25.92,3,9.14,1,0
STR-005961,Control,B03,96.91,2.56,0.1802,575,23.86,0.5118,0.3373,41.74,31.83,5,6.78,0,1
STR-005962,Control,B01,108.27,2.76,0.2306,166,28.32,0.5365,0.2252,44.41,12.46,2,5.08,0,0
STR-005963,TreatmentB,B01,84.29,0.96,0.2309,445,22.34,0.4546,0.3656,41.92,22.9,1,6.88,0,1
STR-005964,TreatmentB,B01,103.54,1.95,0.3254,234,42.09,0.1862,0.2118,23.98,20.39,3,7.64,0,1
STR-005965,TreatmentB,B01,92.62,1.66,0.2762,506,54.62,0.6021,0.2619,40.17,24.84,4,6.4,0,1
STR-005966,Control,B01,107.4,2.79,0.2266,119,31.02,0.393,0.1258,52.87,36.96,0,8.44,0,1
STR-005967,TreatmentA,B01,143.34,1.14,0.3001,220,53.11,0.1293,0.1401,22.48,20.86,3,6.24,1,1
STR-005968,TreatmentA,B02,105.99,1.72,0.2866,274,42.08,0.2355,0.1062,69.04,20.92,4,7.75,0,1
STR-005969,TreatmentA,B02,71.53,1.46,0.2592,530,38.48,0.7534,0.193,67.01,19.14,2,7.85,0,0
STR-005970,TreatmentA,B01,108.05,1.84,0.2548,299,65.66,0.6135,0.139,61.76,28.89,2,7.39,0,0
STR-005971,Control,B02,118.35,2.17,0.2583,1309,42.31,0.3071,0.4963,31.92,19.02,3,9.79,1,0
STR-005972,TreatmentB,B01,100.43,2.75,0.2543,253,56.01,0.1193,0.3014,11.28,27.89,3,6.75,1,1
STR-005973,Control,B02,95.73,2.81,0.1623,338,30.9,0.515,0.3321,57.86,35.79,2,8.78,1,0
STR-005974,TreatmentA,B02,99.6,1.38,0.2174,142,28.24,0.3467,0.2864,20.25,23.34,3,8.35,1,0
STR-005975,Control,B03,85.25,1.71,0.3517,343,23.73,0.3983,0.3677,42.76,24.98,2,6.67,0,1
STR-005976,TreatmentB,B02,133.33,1.87,0.2027,843,7.23,0.3184,0.1891,24.6,16.58,2,7.75,1,1
STR-005977,TreatmentA,B03,74.6,2.36,0.2649,240,58.08,0.5673,0.4624,73.38,28.32,0,6.28,0,1
STR-005978,Control,B01,108.85,2.33,0.2221,281,59.95,0.539,0.3087,81.32,22.0,3,7.48,0,1
STR-005979,TreatmentB,B03,92.19,1.78,0.188,151,15.0,0.1768,0.3079,15.71,26.36,4,7.45,1,0
STR-005980,TreatmentA,B01,117.53,1.43,0.2047,144,60.63,0.565,0.4444,20.05,21.76,2,10.05,0,0
STR-005981,Control,B01,120.28,2.87,0.2647,489,65.35,0.1799,0.2616,64.09,42.33,1,9.34,0,0
STR-005982,TreatmentB,B01,118.68,0.83,0.168,214,49.59,0.375,0.2487,11.34,22.72,3,5.13,1,0
STR-005983,TreatmentA,B03,107.09,2.38,0.1865,178,11.06,0.238,0.183,30.2,17.29,1,5.69,1,1
STR-005984,TreatmentB,B01,97.61,0.86,0.1629,650,54.96,0.2967,0.1679,16.8,25.88,5,9.47,1,0
STR-005985,TreatmentA,B01,107.78,1.75,0.2801,313,105.88,0.5635,0.3188,56.76,31.65,2,6.04,1,0
STR-005986,TreatmentA,B03,70.27,1.77,0.2609,461,53.73,0.3677,0.5016,11.97,28.09,3,6.47,1,1
STR-005987,TreatmentA,B02,103.01,1.38,0.1694,281,37.2,0.4337,0.1867,31.28,24.46,0,5.92,1,1
STR-005988,TreatmentA,B01,117.22,2.96,0.2799,424,21.74,0.4267,0.2046,66.24,23.12,2,5.6,0,0
STR-005989,TreatmentA,B02,102.54,3.18,0.1556,145,31.33,0.5012,0.3833,30.22,24.25,1,8.25,1,0
STR-005990,Control,B02,125.18,3.85,0.2167,166,39.31,0.2855,0.2245,81.17,22.11,3,7.75,0,1
STR-005991,TreatmentA,B03,98.41,2.07,0.2105,336,18.54,0.3017,0.3889,24.66,20.91,1,4.03,1,0
STR-005992,Control,B01,66.51,1.45,0.261,348,41.81,0.5023,0.2039,77.48,24.29,4,5.71,1,0
STR-005993,Control,B02,103.64,2.3,0.2188,355,62.88,0.5151,0.3393,30.75,21.27,4,7.69,1,1
STR-005994,Control,B01,79.46,2.61,0.2466,286,17.76,0.7738,0.2825,46.86,26.1,5,5.73,1,0
STR-005995,TreatmentA,B03,107.23,2.34,0.1779,296,20.76,0.4713,0.1374,27.64,21.53,4,7.41,0,0
STR-005996,Control,B03,109.58,2.15,0.2728,248,74.07,0.5203,0.2633,38.86,36.66,2,5.68,0,0
STR-005997,Control,B03,139.12,3.54,0.1692,265,61.78,0.2586,0.34,38.6,18.28,1,4.26,1,0
STR-005998,Control,B02,73.84,2.28,0.2605,290,54.14,0.3984,0.2683,86.03,29.45,1,8.19,0,0
STR-005999,TreatmentA,B01,115.84,1.61,0.2838,202,42.56,0.1858,0.571,19.99,27.45,2,5.88,0,0
STR-006000,TreatmentB,B02,94.11,1.79,0.231,264,49.6,0.2581,0.2318,38.71,24.44,3,7.04,0,1
STR-006001,TreatmentB,B02,106.86,1.46,0.2595,178,35.03,0.36,0.3792,18.92,37.28,1,6.61,1,1
STR-006002,TreatmentB,B03,95.76,2.22,0.2546,180,44.22,0.2454,0.3822,15.68,25.28,1,6.33,1,0
STR-006003,Control,B03,115.78,2.63,0.3071,215,62.13,0.4212,0.3507,47.78,37.91,6,10.27,0,0
STR-006004,Control,B01,90.62,3.08,0.2702,195,22.81,0.3759,0.4973,43.45,24.88,2,8.61,1,0
STR-006005,TreatmentA,B01,90.69,1.74,0.1785,226,20.29,0.3584,0.2711,26.5,15.29,3,8.65,1,0
STR-006006,TreatmentA,B03,95.26,2.13,0.2621,460,11.25,0.1441,0.2061,109.82,22.4,0,8.4,0,1
STR-006007,TreatmentA,B01,121.6,1.3,0.1929,81,35.25,0.4749,0.4002,17.0,16.79,2,7.2,1,1
STR-006008,TreatmentA,B01,111.81,1.74,0.2786,424,16.14,0.4445,0.2847,21.36,29.51,2,4.63,0,0
STR-006009,Control,B03,109.93,2.24,0.294,250,84.91,0.2543,0.285,34.09,24.9,5,6.23,1,1
STR-006010,Control,B03,98.19,2.42,0.2251,224,16.37,0.337,0.4218,57.29,22.1,3,7.54,1,0
STR-006011,TreatmentA,B02,84.19,3.43,0.2431,379,28.53,0.508,0.334,97.69,26.6,3,6.75,0,1
STR-006012,Control,B03,89.31,2.08,0.238,392,35.98,0.3875,0.4389,45.06,35.88,3,4.63,0,0
STR-006013,TreatmentA,B02,88.09,3.51,0.3028,570,11.33,0.3384,0.1932,23.35,14.59,1,4.92,0,1
STR-006014,Control,B02,110.94,3.26,0.1937,248,9.99,0.3316,0.4034,29.84,20.36,0,6.2,0,0
STR-006015,TreatmentB,B02,78.09,2.37,0.269,271,14.21,0.3021,0.3121,25.99,30.74,3,7.93,0,0
STR-006016,Control,B01,70.52,2.06,0.1806,248,24.26,0.4019,0.2353,48.54,18.91,2,6.9,1,1
STR-006017,Control,B03,80.17,1.77,0.2989,203,33.34,0.3659,0.3366,24.95,20.46,2,5.88,1,0
STR-006018,Control,B02,81.45,2.42,0.1839,640,49.59,0.4737,0.3651,35.81,25.54,2,7.16,1,1
STR-006019,Control,B03,117.42,2.89,0.2398,440,25.04,0.3886,0.3206,47.24,24.99,2,5.46,0,0
STR-006020,TreatmentA,B03,101.14,3.4,0.222,128,40.29,0.2009,0.387,43.29,23.4,2,7.37,0,0
STR-006021,Control,B03,109.43,1.95,0.2801,54,88.47,0.3936,0.4201,32.46,24.98,1,7.55,0,0
STR-006022,TreatmentA,B02,74.25,2.15,0.2349,234,69.49,0.3198,0.3704,26.86,21.41,0,5.35,0,0
STR-006023,Control,B01,140.78,1.91,0.2002,182,12.48,0.3894,0.3382,49.23,24.46,0,8.01,0,1
STR-006024,TreatmentB,B01,88.97,1.59,0.2396,545,19.93,0.4369,0.2323,59.84,27.0,3,8.11,0,1
STR-006025,TreatmentB,B03,130.44,1.56,0.2377,252,16.8,0.7039,0.4695,47.39,25.19,4,5.99,1,1
STR-006026,TreatmentB,B02,100.87,0.56,0.252,53,59.12,0.374,0.2263,5.91,23.68,1,5.86,1,1
STR-006027,Control,B02,88.68,2.57,0.1859,263,19.75,0.5505,0.3758,33.31,21.09,1,6.77,1,1
STR-006028,TreatmentA,B03,112.19,1.87,0.3499,207,43.03,0.4961,0.1152,50.24,28.12,2,7.89,0,0
STR-006029,TreatmentA,B03,94.16,1.98,0.2497,320,37.72,0.7437,0.4245,51.72,18.01,0,6.84,0,1
STR-006030,Control,B02,113.6,1.46,0.1713,143,16.53,0.4186,0.2207,34.01,26.54,1,6.95,1,1
STR-006031,TreatmentB,B03,109.69,1.5,0.2683,1123,12.63,0.4278,0.1564,17.31,22.97,1,7.82,0,0
STR-006032,TreatmentB,B03,95.23,1.08,0.1925,163,48.59,0.1524,0.2263,20.17,19.32,5,5.55,1,1
STR-006033,TreatmentA,B02,118.26,0.94,0.2017,361,62.49,0.2101,0.448,28.93,21.98,6,8.01,1,0
STR-006034,TreatmentB,B03,88.13,1.38,0.2265,358,32.61,0.3371,0.1955,22.48,37.51,2,7.92,1,1
STR-006035,TreatmentA,B02,94.15,1.97,0.2296,338,35.39,0.5513,0.4072,32.8,28.2,4,5.29,1,0
STR-006036,TreatmentA,B02,130.14,2.13,0.254,1024,19.88,0.3793,0.3713,35.47,27.65,2,6.51,0,0
STR-006037,TreatmentA,B03,95.84,1.7,0.2395,272,23.09,0.4066,0.1197,36.49,25.35,3,8.55,1,1
STR-006038,TreatmentB,B01,93.27,1.53,0.21,318,31.17,0.4584,0.4052,52.0,27.33,4,4.96,1,0
STR-006039,TreatmentA,B03,138.94,1.34,0.2208,183,40.47,0.5342,0.1545,28.96,31.4,4,7.1,1,0
STR-006040,TreatmentA,B01,99.26,1.42,0.2191,481,25.77,0.3895,0.1785,61.38,19.97,2,8.81,0,0
STR-006041,TreatmentA,B02,89.85,3.38,0.1759,197,38.79,0.3189,0.5611,25.63,19.68,5,6.99,1,1
STR-006042,TreatmentB,B01,90.14,2.26,0.2384,434,115.74,0.4229,0.4009,44.08,25.51,3,5.0,0,1
STR-006043,Control,B02,124.85,2.3,0.2687,682,31.67,0.6496,0.3213,30.68,24.68,3,7.82,0,1
STR-006044,TreatmentB,B02,112.52,1.02,0.2806,366,48.57,0.6348,0.7148,34.45,15.27,3,7.16,0,1
STR-006045,TreatmentB,B03,101.3,1.91,0.2469,158,39.5,0.472,0.1546,35.26,11.21,0,7.35,0,0
STR-006046,Control,B03,105.42,2.47,0.2107,572,75.45,0.4099,0.1705,80.33,27.09,1,5.69,1,1
STR-006047,TreatmentB,B03,128.22,1.32,0.1901,266,89.31,0.4059,0.1278,25.21,24.53,1,7.73,1,1
STR-006048,TreatmentB,B01,102.44,0.76,0.3219,178,40.9,0.4472,0.2654,25.38,15.38,4,6.3,0,1
STR-006049,Control,B01,113.43,2.14,0.2783,83,88.33,0.3246,0.2365,39.94,18.34,3,5.6,1,1
STR-006050,TreatmentA,B01,101.9,1.83,0.2746,202,23.27,0.7537,0.2526,69.37,32.51,1,8.1,0,0
STR-006051,Control,B03,75.21,4.56,0.19,602,26.29,0.2742,0.336,65.17,26.82,2,7.67,0,0
STR-006052,Control,B02,83.43,1.88,0.2644,264,179.02,0.2982,0.2185,71.61,18.53,2,4.1,0,0
STR-006053,TreatmentA,B03,98.71,1.75,0.2694,1067,28.41,0.2708,0.1654,52.61,18.76,5,7.85,0,1
STR-006054,Control,B03,86.14,1.52,0.2384,483,33.69,0.3981,0.2886,57.27,30.2,2,8.29,1,0
STR-006055,TreatmentB,B01,85.74,2.01,0.1879,427,27.33,0.3563,0.2145,9.5,27.4,2,6.92,1,1
STR-006056,Control,B01,94.04,1.72,0.2983,245,15.63,0.5401,0.2994,41.68,25.03,6,8.14,0,0
STR-006057,TreatmentA,B03,118.06,1.64,0.2053,460,25.63,0.626,0.3686,34.3,24.35,2,6.7,1,1
STR-006058,TreatmentB,B01,124.65,2.64,0.2376,295,58.36,0.5585,0.4173,63.28,28.45,4,4.53,0,1
STR-006059,Control,B01,89.67,2.77,0.3106,235,45.31,0.4544,0.3973,38.65,28.54,1,6.45,0,0
STR-006060,TreatmentA,B01,92.25,1.59,0.2166,78,25.19,0.4562,0.5478,34.59,24.28,3,7.55,1,1
STR-006061,TreatmentB,B01,64.95,1.4,0.233,426,26.08,0.3127,0.4198,28.43,34.96,4,6.51,1,0
STR-006062,TreatmentB,B03,103.9,2.6,0.2659,202,30.73,0.5854,0.1509,38.29,19.86,0,8.18,0,0
STR-006063,Control,B01,89.24,2.71,0.2446,314,48.53,0.7301,0.2281,50.64,22.67,2,7.03,1,0
STR-006064,TreatmentB,B03,99.73,2.61,0.181,71,53.26,0.4187,0.2356,31.58,30.85,1,6.55,1,1
STR-006065,TreatmentB,B03,103.58,1.22,0.2138,206,41.04,0.6819,0.2356,29.33,20.4,2,5.99,1,1
STR-006066,TreatmentA,B02,93.46,1.6,0.2436,110,30.29,0.6505,0.2717,52.55,22.09,0,7.02,1,1
STR-006067,Control,B03,95.74,2.9,0.2313,439,24.93,0.4204,0.1699,116.7,19.75,2,7.73,0,0
STR-006068,Control,B01,80.9,2.22,0.2126,473,39.28,0.1192,0.4901,39.3,33.23,2,4.89,0,0
STR-006069,TreatmentB,B01,82.83,1.73,0.2111,708,10.96,0.4979,0.2081,31.57,29.4,2,9.89,1,0
STR-006070,TreatmentB,B03,123.02,2.46,0.2026,251,30.28,0.6092,0.2538,31.22,22.58,0,8.17,0,0
STR-006071,Control,B03,89.01,2.94,0.2225,323,16.73,0.2429,0.1635,32.99,24.61,1,7.85,1,1
STR-006072,Control,B02,116.53,3.23,0.2278,246,27.14,0.443,0.41,33.38,27.82,3,3.68,0,1
STR-006073,TreatmentA,B02,107.37,1.96,0.2373,187,99.56,0.4313,0.2748,56.57,26.86,3,6.46,1,1
STR-006074,TreatmentA,B03,112.17,1.75,0.2413,423,35.51,0.6197,0.0942,18.44,20.36,1,7.69,1,0
STR-006075,TreatmentA,B02,100.11,1.88,0.2762,111,93.48,0.3809,0.1957,36.39,15.97,3,7.6,0,1
STR-006076,Control,B01,83.9,2.28,0.1972,150,47.97,0.4298,0.4528,31.68,14.71,4,6.48,1,1
STR-006077,Control,B01,97.05,1.93,0.228,145,13.49,0.4625,0.4219,47.63,23.58,1,7.29,1,1
STR-006078,TreatmentA,B02,91.24,2.2,0.267,234,28.25,0.4554,0.4421,18.45,24.55,2,4.16,0,0
STR-006079,TreatmentB,B01,92.83,1.52,0.3037,197,28.26,0.3486,0.366,20.05,15.27,3,6.33,1,1
STR-006080,Control,B02,104.06,2.26,0.2603,192,57.62,0.5101,0.2485,42.38,20.11,1,5.02,0,0
STR-006081,TreatmentB,B02,98.16,1.99,0.2683,245,43.92,0.2078,0.3502,24.19,21.12,1,6.24,1,1
STR-006082,Control,B02,93.12,2.22,0.2311,134,46.65,0.2764,0.178,28.53,35.72,4,9.52,0,1
STR-006083,TreatmentA,B01,120.59,1.81,0.2628,701,66.2,0.3087,0.4474,66.22,22.47,3,6.89,0,0
STR-006084,TreatmentB,B01,103.7,1.88,0.2229,163,18.08,0.2327,0.1627,6.43,33.19,3,6.3,1,1
STR-006085,TreatmentA,B02,72.99,1.46,0.1862,213,66.39,0.3781,0.2728,29.22,32.36,0,7.5,1,1
STR-006086,TreatmentB,B03,106.04,1.7,0.2605,230,15.39,0.5788,0.3073,4.31,25.79,1,7.99,1,1
STR-006087,TreatmentA,B03,109.51,2.3,0.24,94,22.36,0.2527,0.2148,53.47,28.23,1,6.69,0,1
STR-006088,TreatmentA,B03,100.58,1.96,0.2017,256,55.25,0.5824,0.3832,17.25,26.86,1,6.93,1,1
STR-006089,TreatmentB,B03,122.18,0.91,0.225,281,102.19,0.2828,0.4112,10.98,15.19,0,7.36,1,0
STR-006090,TreatmentB,B01,100.4,1.53,0.2819,530,33.27,0.4628,0.3014,55.9,36.69,1,5.52,0,1
STR-006091,Control,B01,95.66,1.96,0.2214,517,64.95,0.2556,0.1953,61.69,22.59,3,7.54,1,1
STR-006092,TreatmentA,B03,109.41,1.9,0.2719,272,26.77,0.3175,0.4167,17.59,19.27,4,7.6,0,0
STR-006093,TreatmentA,B03,86.09,1.48,0.2566,546,65.18,0.4407,0.3448,11.15,24.09,2,7.55,1,1
STR-006094,Control,B03,73.81,2.12,0.2872,113,50.27,0.6871,0.1996,50.06,29.48,4,4.59,0,0
STR-006095,Control,B02,103.63,1.46,0.2374,445,31.89,0.5426,0.3848,77.66,18.07,3,4.05,1,0
STR-006096,Control,B01,91.47,2.53,0.2257,115,14.87,0.715,0.4237,31.7,13.43,5,7.93,0,1
STR-006097,TreatmentA,B01,98.29,2.12,0.2268,501,43.5,0.4255,0.3545,15.96,26.33,0,7.24,1,1
STR-006098,TreatmentB,B03,101.97,1.77,0.291,172,94.23,0.6922,0.4271,17.71,21.88,5,5.47,0,1
STR-006099,TreatmentA,B03,95.22,2.2,0.2581,917,84.85,0.3816,0.2778,39.2,25.65,2,11.92,1,0
STR-006100,TreatmentB,B03,114.13,1.71,0.2255,183,13.08,0.4828,0.2241,41.88,32.25,1,10.45,0,0
STR-006101,TreatmentB,B03,90.69,1.5,0.2878,394,22.83,0.3833,0.4224,40.86,25.9,1,7.8,0,0
STR-006102,TreatmentA,B01,105.48,2.16,0.2552,274,24.56,0.3046,0.3743,27.83,17.63,2,8.97,1,0
STR-006103,TreatmentB,B03,107.21,0.71,0.2028,834,26.74,0.3363,0.5347,18.91,31.81,0,6.16,1,0
STR-006104,TreatmentA,B01,110.88,2.17,0.2058,122,27.49,0.1984,0.3194,43.89,15.23,0,5.3,1,0
STR-006105,Control,B03,118.6,3.7,0.257,191,31.77,0.5746,0.5257,26.43,36.07,1,6.17,0,1
STR-006106,TreatmentB,B01,102.93,2.06,0.1756,149,57.4,0.5126,0.1735,14.32,28.34,2,8.85,1,0
STR-006107,Control,B03,94.33,2.07,0.258,520,36.5,0.2506,0.1672,41.32,30.79,4,6.08,0,1
STR-006108,TreatmentB,B01,77.96,1.51,0.236,840,35.34,0.5893,0.3214,52.27,25.77,6,7.83,0,1
STR-006109,TreatmentA,B03,80.19,1.5,0.1612,773,15.28,0.2297,0.1894,15.08,21.33,1,5.89,1,1
STR-006110,TreatmentB,B03,73.09,0.81,0.2219,363,11.5,0.5643,0.2056,21.37,15.39,1,5.6,1,0
STR-006111,Control,B02,92.94,3.13,0.22,99,44.27,0.2994,0.1795,92.2,29.81,2,7.14,0,1
STR-006112,Control,B03,66.94,3.15,0.2689,626,34.57,0.241,0.3956,47.36,30.27,1,6.86,0,0
STR-006113,Control,B03,95.01,2.19,0.2075,454,14.4,0.2858,0.5789,29.13,27.79,2,8.48,1,0
STR-006114,TreatmentB,B01,71.26,1.66,0.2184,479,22.37,0.3605,0.2535,30.62,34.62,4,6.81,1,1
STR-006115,TreatmentA,B01,75.44,1.56,0.3153,431,40.65,0.6363,0.2464,43.78,31.85,3,7.53,0,0
STR-006116,Control,B02,77.43,1.87,0.218,491,25.74,0.4803,0.213,48.16,23.93,3,7.32,1,0
STR-006117,Control,B01,95.41,1.93,0.2328,193,50.43,0.2459,0.1639,61.96,36.69,0,6.09,0,1
STR-006118,TreatmentB,B03,107.73,1.79,0.1731,131,46.27,0.3599,0.2232,36.19,22.57,4,5.54,0,1
STR-006119,TreatmentB,B03,76.4,2.34,0.2602,151,65.38,0.4115,0.4676,41.36,34.47,3,5.74,0,0
STR-006120,TreatmentB,B03,102.63,2.95,0.2287,235,40.11,0.4006,0.4706,9.86,23.17,0,5.37,0,0
STR-006121,Control,B03,129.1,2.21,0.2352,390,19.9,0.5978,0.3172,29.59,26.35,3,6.55,1,1
STR-006122,TreatmentA,B02,93.56,2.57,0.2547,119,59.96,0.5951,0.1112,27.33,29.25,2,7.83,0,0
STR-006123,Control,B02,92.56,1.63,0.182,184,50.68,0.3244,0.3864,78.79,20.45,2,8.3,1,0
STR-006124,Control,B03,102.39,2.74,0.2224,387,35.85,0.3987,0.3237,59.08,29.12,3,8.13,1,1
STR-006125,TreatmentA,B03,100.85,2.91,0.1942,180,47.59,0.463,0.4232,29.68,30.35,0,6.36,0,1
STR-006126,Control,B02,84.01,2.42,0.2188,152,39.91,0.3903,0.291,25.9,32.03,3,8.52,1,0
STR-006127,TreatmentA,B03,97.22,2.04,0.1711,96,122.34,0.2931,0.3619,65.13,20.52,0,5.08,1,0
STR-006128,TreatmentA,B01,99.15,0.92,0.2659,140,39.97,0.2637,0.3582,22.55,27.17,2,8.16,1,1
STR-006129,Control,B01,96.8,3.42,0.2259,358,81.43,0.5608,0.2326,38.46,23.27,2,7.0,0,0
STR-006130,TreatmentB,B02,107.31,1.78,0.2054,297,38.81,0.42,0.1557,52.42,23.03,1,7.12,1,1
STR-006131,TreatmentA,B02,86.37,2.76,0.2243,459,27.86,0.5663,0.2672,24.38,34.27,0,7.65,1,1
STR-006132,Control,B01,109.72,2.55,0.1981,340,15.9,0.533,0.4746,24.52,21.63,2,5.09,0,0
STR-006133,TreatmentB,B01,84.19,1.3,0.2452,1368,22.62,0.297,0.4143,43.34,24.84,3,8.36,0,0
STR-006134,TreatmentB,B03,97.33,2.8,0.3126,386,23.38,0.5915,0.229,38.96,14.31,3,5.74,0,0
STR-006135,Control,B01,92.13,2.36,0.1942,291,30.98,0.4402,0.3711,33.2,18.97,2,7.39,1,0
STR-006136,TreatmentA,B01,80.53,2.58,0.2235,378,45.57,0.218,0.4583,29.36,20.99,3,5.7,0,0
STR-006137,TreatmentA,B03,102.46,2.3,0.1906,104,46.34,0.2757,0.6068,28.29,23.92,1,5.92,0,0
STR-006138,TreatmentB,B03,125.31,1.1,0.2849,100,38.97,0.5733,0.3679,25.05,29.94,2,6.49,1,1
STR-006139,TreatmentB,B01,90.3,0.74,0.2403,481,61.16,0.3961,0.2543,68.16,32.31,2,7.15,1,1
STR-006140,TreatmentB,B02,98.24,1.93,0.1413,278,38.43,0.5697,0.2434,24.56,24.39,2,5.21,1,0
STR-006141,TreatmentB,B02,103.9,1.17,0.2163,94,67.89,0.3423,0.3426,20.46,28.88,0,8.17,1,0
STR-006142,TreatmentB,B02,102.46,0.98,0.2865,128,15.71,0.3614,0.1522,18.61,28.99,2,5.86,1,1
STR-006143,TreatmentB,B01,104.44,2.0,0.2305,169,24.49,0.4504,0.1981,21.99,28.64,2,7.42,1,1
STR-006144,TreatmentB,B03,102.44,1.02,0.2282,168,12.73,0.3795,0.069,25.34,20.84,3,9.03,1,0
STR-006145,TreatmentB,B02,115.61,2.51,0.257,293,28.98,0.4751,0.2526,16.85,29.64,3,6.68,0,1
STR-006146,TreatmentB,B02,135.99,1.26,0.2915,536,17.51,0.37,0.3134,10.01,25.6,1,7.61,1,1
STR-006147,TreatmentB,B03,89.08,1.59,0.2522,361,31.09,0.3353,0.3287,31.74,25.07,1,9.13,1,1
STR-006148,TreatmentA,B02,98.03,1.59,0.2274,204,26.55,0.5333,0.3001,61.06,18.31,1,6.57,0,1
STR-006149,TreatmentA,B02,84.52,3.96,0.2688,587,21.68,0.5378,0.2926,20.87,29.46,2,7.7,0,0
STR-006150,TreatmentB,B03,116.41,1.09,0.2294,224,9.41,0.4591,0.1809,21.22,21.16,3,7.59,1,0
STR-006151,TreatmentA,B03,99.52,1.85,0.2507,105,26.95,0.4926,0.2775,30.69,25.97,3,5.64,1,0
STR-006152,TreatmentB,B02,95.5,1.66,0.1877,118,52.71,0.6028,0.5163,18.08,21.16,4,6.4,1,1
STR-006153,TreatmentA,B02,87.4,2.0,0.2407,951,74.8,0.4126,0.2589,41.86,25.68,1,5.34,0,0
STR-006154,TreatmentA,B03,76.66,2.82,0.2182,408,68.05,0.5997,0.1549,27.97,18.16,3,6.4,1,0
STR-006155,TreatmentA,B03,93.65,2.01,0.3089,327,71.68,0.585,0.2512,29.39,23.73,1,7.63,0,0
STR-006156,TreatmentB,B01,111.37,0.98,0.2211,218,21.48,0.1807,0.4307,38.92,29.54,4,6.39,1,0
STR-006157,TreatmentB,B01,113.27,1.24,0.3065,221,32.78,0.4549,0.5707,22.34,27.54,3,7.42,1,1
STR-006158,TreatmentB,B02,85.44,1.6,0.2218,273,12.73,0.4965,0.5469,20.65,28.0,1,10.33,0,0
STR-006159,TreatmentB,B03,108.57,0.77,0.2433,400,29.59,0.5161,0.312,21.24,2.55,2,5.47,1,1
STR-006160,Control,B03,121.27,3.44,0.1632,249,16.81,0.368,0.2581,45.27,16.01,3,7.13,0,1
STR-006161,TreatmentA,B03,122.98,1.82,0.2302,199,10.71,0.463,0.2772,31.36,32.74,2,7.26,1,1
STR-006162,Control,B01,94.43,2.27,0.2265,279,23.44,0.2735,0.2689,32.29,24.49,4,4.68,1,0
STR-006163,Control,B03,92.54,2.18,0.2252,211,24.15,0.4735,0.2978,39.64,26.41,1,5.87,1,1
STR-006164,TreatmentA,B02,85.1,1.57,0.209,93,27.04,0.293,0.2694,9.79,24.16,2,6.07,1,1
STR-006165,TreatmentA,B02,83.73,2.69,0.2868,100,167.33,0.5151,0.1427,42.96,28.58,4,6.91,0,0
STR-006166,Control,B03,90.94,2.65,0.2434,149,26.89,0.5042,0.5726,26.68,26.56,1,6.35,0,1
STR-006167,Control,B02,114.09,3.13,0.2215,286,47.29,0.5896,0.1827,25.28,27.37,4,7.29,0,0
STR-006168,TreatmentB,B02,109.55,1.95,0.2213,609,41.06,0.2501,0.2554,48.15,8.96,2,6.29,1,1
STR-006169,Control,B03,73.87,2.7,0.1972,295,24.83,0.4291,0.4244,37.92,30.25,1,7.56,0,1
STR-006170,TreatmentB,B02,109.38,1.03,0.2241,239,53.24,0.4868,0.2248,22.36,21.14,1,4.73,1,0
STR-006171,Control,B01,118.11,2.71,0.2007,59,26.28,0.229,0.2291,27.21,17.96,2,9.78,1,0
STR-006172,TreatmentA,B03,111.4,1.08,0.1911,137,48.45,0.4841,0.1419,19.42,22.97,1,8.39,1,0
STR-006173,TreatmentA,B01,98.69,2.89,0.2188,675,36.36,0.3013,0.1949,34.42,12.68,1,5.72,0,1
STR-006174,TreatmentB,B01,66.38,2.01,0.2767,503,67.95,0.1405,0.2404,43.56,30.19,4,5.98,0,1
STR-006175,Control,B01,70.99,2.15,0.1973,161,76.37,0.3303,0.4113,39.71,24.58,4,6.1,1,0
STR-006176,TreatmentA,B02,124.55,1.37,0.1675,202,11.79,0.298,0.2901,39.01,21.98,0,7.79,1,1
STR-006177,TreatmentB,B01,117.96,1.07,0.2604,284,64.55,0.1965,0.4251,86.22,33.53,2,5.94,0,0
STR-006178,TreatmentB,B03,90.61,1.61,0.2939,307,18.95,0.4501,0.1379,14.25,20.85,3,6.76,1,0
STR-006179,TreatmentB,B01,91.59,1.41,0.1993,382,18.38,0.2008,0.3682,15.43,45.94,2,6.7,1,0
STR-006180,Control,B01,113.93,1.67,0.2265,150,26.38,0.4535,0.4905,32.05,22.66,2,9.42,1,0
STR-006181,Control,B02,117.18,2.57,0.2374,494,28.2,0.5488,0.218,42.36,16.64,2,9.48,0,0
STR-006182,Control,B01,102.37,1.82,0.2568,224,18.22,0.5135,0.3126,39.67,30.48,0,5.92,0,1
STR-006183,TreatmentA,B02,117.24,2.21,0.258,337,9.49,0.28,0.3437,33.22,32.58,4,5.56,0,0
STR-006184,TreatmentB,B01,99.07,1.12,0.2721,211,56.86,0.7182,0.2541,52.53,17.99,1,9.23,1,0
STR-006185,TreatmentA,B01,100.43,1.95,0.2808,460,104.56,0.263,0.4749,18.64,30.31,2,6.28,1,0
STR-006186,TreatmentA,B03,112.72,2.37,0.2096,315,16.94,0.2813,0.4456,60.5,13.59,2,4.92,1,0
STR-006187,TreatmentB,B02,77.22,2.46,0.2411,55,22.37,0.4404,0.2334,11.94,25.14,1,9.46,1,0
STR-006188,Control,B01,112.52,3.31,0.2043,153,27.2,0.3224,0.579,40.01,32.81,2,8.09,0,0
STR-006189,TreatmentB,B03,111.1,2.35,0.1663,258,13.39,0.815,0.2865,20.77,23.08,3,8.01,1,0
STR-006190,TreatmentB,B01,136.9,2.65,0.223,129,12.98,0.3191,0.2693,40.64,31.29,3,7.39,0,1
STR-006191,Control,B02,114.06,2.14,0.2707,309,37.68,0.3114,0.1161,43.12,22.65,0,6.81,1,1
STR-006192,TreatmentA,B03,74.63,1.64,0.2052,108,50.56,0.3517,0.4125,33.07,28.34,3,5.69,1,0
STR-006193,Control,B03,98.42,2.73,0.2242,470,53.12,0.3012,0.3533,36.03,9.58,1,5.81,1,0
STR-006194,Control,B03,96.4,1.96,0.1983,112,47.33,0.3635,0.4389,92.76,23.57,0,7.47,0,0
STR-006195,TreatmentA,B01,110.61,1.64,0.2247,350,19.18,0.5017,0.357,22.52,35.06,0,9.49,1,0
STR-006196,Control,B01,101.26,2.19,0.2262,201,12.17,0.3414,0.1696,33.38,8.9,3,6.81,1,1
STR-006197,Control,B01,103.74,2.41,0.231,128,27.24,0.4467,0.3157,25.04,14.82,2,7.51,1,1
STR-006198,TreatmentB,B01,101.84,1.24,0.2668,378,5.64,0.4013,0.1164,29.05,29.28,0,5.58,1,1
STR-006199,TreatmentB,B03,79.93,3.15,0.2175,312,20.83,0.5157,0.2282,18.86,20.76,0,6.21,0,0
STR-006200,TreatmentB,B01,86.0,1.93,0.2902,215,28.46,0.3168,0.4166,41.55,28.62,0,4.98,0,0
STR-006201,TreatmentA,B01,99.53,2.15,0.3141,264,71.33,0.26,0.1099,75.12,26.33,2,6.99,0,1
STR-006202,Control,B02,85.83,2.76,0.3008,134,18.84,0.583,0.4433,37.24,27.69,3,5.44,0,0
STR-006203,TreatmentA,B02,85.77,1.6,0.2739,239,31.43,0.2675,0.3104,13.29,33.22,2,7.29,0,1
STR-006204,Control,B03,101.6,2.16,0.2172,508,19.09,0.2096,0.2524,38.67,29.86,3,5.43,1,1
STR-006205,Control,B01,103.19,1.88,0.2823,321,25.32,0.2548,0.3318,58.01,23.55,1,5.5,1,0
STR-006206,Control,B02,79.57,4.02,0.1816,392,19.36,0.4437,0.163,33.58,27.3,1,5.38,0,0
STR-006207,TreatmentA,B02,98.03,1.73,0.2102,550,53.03,0.2887,0.1535,84.97,23.11,2,7.97,0,1
STR-006208,TreatmentA,B02,99.14,1.31,0.2382,183,13.84,0.5205,0.4005,28.69,18.64,7,5.94,1,1
STR-006209,TreatmentB,B03,112.73,0.83,0.2527,310,17.16,0.528,0.5609,20.54,26.98,1,6.0,1,1
STR-006210,Control,B01,95.62,2.77,0.262,427,23.77,0.5088,0.1909,31.39,22.02,2,3.74,0,0
STR-006211,TreatmentB,B01,106.77,0.96,0.2578,422,16.22,0.5307,0.2714,31.39,10.64,3,8.99,1,0
STR-006212,Control,B01,124.04,2.34,0.2067,157,94.01,0.4133,0.479,42.99,22.57,5,7.58,0,1
STR-006213,Control,B02,107.59,2.67,0.1996,276,17.5,0.2952,0.4503,23.91,18.37,3,4.48,1,0
STR-006214,TreatmentB,B03,88.44,1.35,0.2276,210,12.67,0.3978,0.4118,23.15,15.32,7,7.45,1,1
STR-006215,TreatmentB,B03,111.39,1.42,0.1931,230,24.14,0.4302,0.093,19.61,22.83,4,6.32,1,1
STR-006216,TreatmentA,B02,74.16,2.14,0.2509,286,34.38,0.4939,0.3797,31.69,37.18,5,7.42,0,1
STR-006217,Control,B02,112.15,2.07,0.2493,270,18.99,0.5355,0.1842,41.36,30.87,2,8.34,0,0
STR-006218,TreatmentA,B01,117.34,1.02,0.1562,613,17.63,0.4168,0.2338,54.83,32.26,2,7.22,1,1
STR-006219,Control,B03,126.16,1.93,0.2762,1009,15.46,0.3514,0.3397,51.15,26.48,1,4.25,0,0
STR-006220,TreatmentA,B02,115.01,1.08,0.2457,207,20.96,0.5023,0.222,73.27,22.11,2,7.22,1,1
STR-006221,Control,B01,104.69,1.96,0.2267,252,47.3,0.3359,0.4229,33.2,21.24,4,7.64,1,0
STR-006222,Control,B02,133.07,3.13,0.2187,306,15.97,0.2537,0.4872,44.9,27.6,0,6.58,0,1
STR-006223,TreatmentB,B03,82.79,2.08,0.2302,512,35.45,0.3151,0.1805,12.02,22.71,3,6.88,0,1
STR-006224,TreatmentB,B01,85.97,0.53,0.1747,151,56.56,0.4935,0.101,18.13,25.11,2,5.57,1,0
STR-006225,TreatmentA,B03,102.82,1.09,0.2669,409,110.56,0.3474,0.4237,72.73,21.71,5,5.49,1,0
STR-006226,Control,B02,120.19,2.52,0.2694,347,33.26,0.3965,0.2237,52.79,18.67,6,7.52,0,1
STR-006227,Control,B02,113.74,1.37,0.2855,195,98.05,0.4257,0.3208,24.55,11.94,1,5.03,0,0
STR-006228,Control,B02,91.15,1.45,0.2505,211,46.22,0.1788,0.3638,21.06,28.05,2,8.14,1,0
STR-006229,TreatmentB,B03,115.31,1.2,0.2092,175,40.07,0.2089,0.4174,18.47,24.6,0,8.04,1,0
STR-006230,Control,B03,58.88,2.6,0.2214,226,45.2,0.3996,0.2306,25.85,17.87,3,6.69,1,1
STR-006231,TreatmentA,B03,92.1,3.42,0.2846,196,45.41,0.665,0.4121,32.35,22.93,2,5.56,0,1
STR-006232,TreatmentA,B02,117.97,2.39,0.2352,302,50.45,0.6183,0.282,47.47,25.29,5,8.51,0,0
STR-006233,TreatmentB,B01,135.77,0.96,0.2227,66,24.82,0.51,0.0945,17.15,14.53,1,9.05,1,0
STR-006234,TreatmentB,B03,107.42,1.21,0.1987,204,12.3,0.5571,0.2657,28.19,39.04,4,8.79,1,0
STR-006235,Control,B03,66.59,2.65,0.2745,514,17.47,0.6211,0.2762,93.13,25.43,1,7.22,0,1
STR-006236,TreatmentA,B02,89.17,2.23,0.2868,546,11.07,0.1568,0.4313,20.93,30.85,2,6.17,0,0
STR-006237,TreatmentA,B01,107.42,2.32,0.2415,147,45.41,0.3672,0.2557,36.02,27.62,4,8.79,0,0
STR-006238,TreatmentB,B01,71.57,1.4,0.2168,307,38.6,0.3481,0.3754,10.09,26.57,2,5.07,1,0
STR-006239,Control,B02,112.3,2.29,0.2376,125,39.13,0.4625,0.3911,33.21,22.53,2,7.07,1,1
STR-006240,TreatmentA,B01,90.59,2.01,0.2196,247,29.64,0.3381,0.2745,76.68,27.3,3,5.57,0,0
STR-006241,TreatmentB,B03,112.51,1.33,0.2251,367,24.31,0.5649,0.275,21.68,18.54,0,8.82,0,0
STR-006242,TreatmentA,B03,98.57,2.16,0.2258,127,36.24,0.4953,0.4151,63.46,31.54,4,7.36,1,1
STR-006243,TreatmentB,B01,97.78,1.27,0.237,424,28.59,0.3827,0.2337,10.48,23.57,5,9.52,1,0
STR-006244,Control,B01,90.34,2.31,0.2199,337,28.74,0.241,0.2554,46.89,35.62,3,10.01,0,0
STR-006245,TreatmentA,B03,114.13,1.71,0.2875,925,22.93,0.655,0.0582,47.01,24.73,1,5.1,0,0
STR-006246,TreatmentB,B02,111.83,1.43,0.2489,178,5.16,0.3627,0.3937,77.13,28.21,2,7.27,0,1
STR-006247,TreatmentB,B03,91.16,2.1,0.2095,144,44.21,0.533,0.3382,18.04,20.88,1,8.56,0,0
STR-006248,TreatmentB,B01,122.91,1.37,0.2423,163,45.51,0.4567,0.3378,24.98,17.08,0,6.85,1,1
STR-006249,TreatmentB,B02,103.97,4.35,0.2709,838,40.97,0.5081,0.1504,67.31,32.45,2,6.21,0,0
STR-006250,TreatmentA,B03,95.06,1.86,0.2517,383,14.77,0.3603,0.3061,12.72,8.77,1,4.2,1,0
STR-006251,TreatmentA,B02,120.64,2.09,0.2336,218,26.48,0.4135,0.308,40.16,17.47,3,7.38,0,1
STR-006252,TreatmentB,B01,98.75,1.09,0.2524,232,36.08,0.3462,0.326,50.89,17.67,3,6.2,1,1
STR-006253,TreatmentB,B01,98.19,0.98,0.2087,164,17.75,0.4901,0.4365,18.97,27.88,2,4.45,1,0
STR-006254,TreatmentA,B02,103.88,1.71,0.2702,242,31.85,0.5453,0.331,14.19,18.75,2,8.77,0,0
STR-006255,Control,B02,119.19,3.0,0.2412,284,51.44,0.6176,0.1791,42.74,34.17,1,9.47,0,0
STR-006256,TreatmentA,B03,134.55,1.79,0.2621,420,10.64,0.2469,0.2153,39.79,22.36,1,3.76,0,1
STR-006257,Control,B01,85.56,2.29,0.131,81,133.18,0.2233,0.1655,45.27,18.19,4,5.31,1,1
STR-006258,TreatmentA,B01,96.67,2.69,0.2691,827,30.56,0.5189,0.3981,35.17,26.21,1,6.97,1,1
STR-006259,Control,B01,102.48,2.25,0.2495,184,40.77,0.4111,0.262,54.46,19.7,3,7.88,0,1
STR-006260,TreatmentA,B02,102.06,1.41,0.1864,457,21.91,0.3478,0.2849,22.48,35.0,2,7.08,1,1
STR-006261,TreatmentB,B03,104.92,1.66,0.2298,431,44.73,0.6516,0.1351,19.81,18.87,3,7.7,1,0
STR-006262,TreatmentB,B03,98.78,2.02,0.2728,169,191.84,0.3005,0.1579,60.24,26.9,5,7.54,0,1
STR-006263,TreatmentB,B01,89.78,1.16,0.2054,308,31.4,0.5164,0.5898,13.35,31.5,2,8.68,1,0
STR-006264,TreatmentB,B03,63.81,2.1,0.2194,551,31.16,0.4258,0.2463,30.73,30.84,0,5.63,1,1
STR-006265,TreatmentA,B01,100.1,2.88,0.24,410,16.22,0.3313,0.2512,23.26,25.35,1,7.44,0,1
STR-006266,TreatmentA,B01,96.75,2.37,0.2248,440,33.13,0.32,0.0892,53.17,7.4,4,6.83,0,1
STR-006267,TreatmentB,B01,120.52,1.17,0.2502,221,42.4,0.3911,0.1456,26.13,24.47,7,6.11,1,1
STR-006268,TreatmentA,B02,98.94,2.01,0.2654,261,24.28,0.2498,0.2945,41.61,10.96,1,7.06,0,1
STR-006269,Control,B03,134.8,3.94,0.2468,172,17.51,0.3545,0.1771,35.77,17.12,2,6.42,0,1
STR-006270,TreatmentB,B02,93.74,0.84,0.1821,399,17.45,0.7447,0.4723,9.18,28.1,0,5.4,1,1
STR-006271,TreatmentA,B01,83.88,2.32,0.2903,741,8.6,0.3946,0.1944,43.01,16.71,3,7.48,0,1
STR-006272,Control,B02,122.86,2.24,0.2272,142,24.21,0.4806,0.6463,96.02,35.13,0,7.23,0,1
STR-006273,TreatmentA,B02,96.7,2.77,0.2666,298,57.7,0.6279,0.2915,25.28,13.68,3,6.8,1,0
STR-006274,Control,B01,84.45,1.98,0.2243,642,28.61,0.4112,0.2872,50.82,23.1,2,6.16,0,1
STR-006275,TreatmentA,B02,107.39,1.73,0.2307,141,22.78,0.4494,0.1194,22.59,30.68,4,6.76,1,0
STR-006276,Control,B03,125.03,1.86,0.2025,264,75.52,0.1502,0.3949,41.1,21.86,3,6.9,1,0
STR-006277,Control,B02,105.89,2.73,0.3039,229,68.98,0.5388,0.2531,30.56,25.23,0,7.1,0,1
STR-006278,TreatmentA,B03,125.59,1.04,0.2044,271,17.84,0.4202,0.2355,56.86,15.43,3,2.9,0,0
STR-006279,TreatmentB,B03,73.56,1.55,0.2389,522,29.44,0.2269,0.1736,27.73,26.09,1,7.49,1,1
STR-006280,TreatmentA,B01,115.08,1.45,0.2044,172,72.76,0.2853,0.349,29.9,12.91,5,6.23,1,1
STR-006281,TreatmentA,B03,89.29,1.85,0.2677,510,32.85,0.5528,0.2119,22.89,25.61,2,8.35,0,0
STR-006282,Control,B02,84.3,2.51,0.2025,283,17.4,0.2626,0.2144,48.03,30.24,2,4.61,1,0
STR-006283,Control,B03,72.66,1.89,0.2054,91,58.64,0.5251,0.2921,41.06,16.8,3,7.26,1,1
STR-006284,TreatmentA,B01,103.12,1.59,0.2276,428,43.78,0.6309,0.2503,20.1,18.37,1,6.21,0,0
STR-006285,TreatmentA,B02,126.34,2.15,0.2373,123,29.52,0.3956,0.2788,76.37,32.4,2,6.97,0,1
STR-006286,TreatmentB,B02,108.19,1.04,0.2639,252,37.39,0.3196,0.2379,6.07,30.92,1,4.8,1,0
STR-006287,TreatmentA,B02,96.8,2.01,0.2133,358,51.39,0.6846,0.2205,33.22,19.63,6,7.36,1,1
STR-006288,TreatmentB,B01,93.47,1.15,0.2655,308,11.04,0.4814,0.3448,31.17,34.26,1,6.33,1,1
STR-006289,TreatmentB,B02,79.7,0.93,0.249,254,21.66,0.4447,0.32,26.26,19.06,3,6.34,1,1
STR-006290,TreatmentA,B02,99.98,3.4,0.1794,161,88.6,0.5046,0.6151,45.2,19.58,3,6.48,0,1
STR-006291,TreatmentB,B03,103.51,2.1,0.1426,516,80.81,0.3913,0.2477,38.19,23.75,3,8.15,1,0
STR-006292,TreatmentB,B01,87.15,1.41,0.1468,222,48.77,0.1975,0.3615,32.59,25.74,2,7.99,1,0
STR-006293,Control,B02,98.74,1.72,0.1969,237,39.48,0.2556,0.2227,30.14,22.46,2,7.75,1,1
STR-006294,TreatmentB,B03,84.25,0.91,0.1993,116,30.58,0.5943,0.2571,14.47,15.82,2,11.43,1,0
STR-006295,TreatmentA,B02,66.52,1.52,0.2616,562,35.1,0.3772,0.2771,32.07,25.49,2,9.17,1,0
STR-006296,Control,B03,97.66,2.09,0.2226,245,42.06,0.2504,0.297,40.22,30.72,0,5.68,0,0
STR-006297,TreatmentB,B01,97.23,2.37,0.1759,316,32.24,0.3897,0.3587,28.01,20.64,2,7.03,1,1
STR-006298,Control,B01,89.79,2.34,0.1951,193,57.86,0.4704,0.3032,31.39,26.54,3,8.33,1,0
STR-006299,Control,B02,122.73,1.79,0.1881,215,62.09,0.4531,0.7314,41.16,29.67,1,7.05,1,1
STR-006300,TreatmentB,B02,129.26,1.75,0.2678,305,31.34,0.3241,0.2991,25.9,12.15,1,7.91,0,1
STR-006301,TreatmentB,B03,121.66,1.42,0.2309,201,38.66,0.1808,0.3513,19.87,24.11,3,6.83,1,0
STR-006302,Control,B01,112.35,2.57,0.2731,485,18.72,0.2957,0.1897,30.52,18.63,4,7.6,1,1
STR-006303,Control,B01,98.51,2.14,0.2813,180,30.26,0.2736,0.1233,62.19,27.26,0,6.04,0,1
STR-006304,Control,B03,104.22,1.87,0.3277,261,24.72,0.3064,0.44,44.07,25.48,8,8.56,0,0
STR-006305,Control,B01,108.33,2.2,0.213,176,31.15,0.1463,0.3365,33.97,20.72,1,7.58,0,1
STR-006306,Control,B03,95.93,2.14,0.239,214,44.5,0.5422,0.3724,49.31,26.27,0,3.37,0,0
STR-006307,Control,B02,91.74,5.76,0.1454,389,16.96,0.1743,0.2755,74.29,20.94,3,6.72,0,1
STR-006308,Control,B03,89.04,2.23,0.2788,204,46.73,0.4147,0.3479,15.57,30.41,3,7.17,1,0
STR-006309,Control,B01,101.73,2.81,0.187,198,72.75,0.2346,0.2533,54.21,20.71,1,7.35,0,1
STR-006310,TreatmentA,B01,83.61,2.04,0.2433,339,14.65,0.4082,0.3618,19.97,22.71,2,6.14,0,0
STR-006311,TreatmentB,B02,79.83,1.09,0.3177,149,49.04,0.5724,0.1535,63.36,18.41,2,4.86,0,0
STR-006312,TreatmentA,B02,105.03,2.46,0.2818,526,49.31,0.3536,0.4307,23.59,19.97,3,7.44,0,0
STR-006313,TreatmentB,B03,58.27,1.95,0.2529,275,51.08,0.4336,0.3762,48.88,25.49,2,8.75,0,1
STR-006314,Control,B02,79.56,2.88,0.2598,85,28.63,0.4376,0.4353,33.44,26.68,0,6.3,0,1
STR-006315,TreatmentB,B03,121.08,1.66,0.235,135,29.8,0.451,0.2564,23.52,20.75,4,5.63,1,1
STR-006316,TreatmentA,B03,93.1,2.54,0.2308,162,48.76,0.3237,0.6169,40.46,25.09,2,6.33,1,0
STR-006317,TreatmentA,B03,86.08,2.02,0.2557,444,15.7,0.4557,0.388,30.4,23.42,2,6.95,0,1
STR-006318,TreatmentB,B01,72.82,1.51,0.2336,437,32.77,0.195,0.2539,32.99,24.66,2,5.23,1,0
STR-006319,Control,B02,102.42,3.68,0.244,556,32.18,0.6526,0.148,73.02,22.85,2,6.06,0,0
STR-006320,TreatmentA,B01,108.68,1.99,0.163,158,46.36,0.4442,0.1863,30.63,35.4,2,6.18,1,1
STR-006321,Control,B01,107.53,2.06,0.2229,616,22.42,0.1214,0.1147,20.03,18.54,4,3.68,1,0
STR-006322,TreatmentA,B01,113.01,1.68,0.2324,329,59.02,0.6054,0.348,32.82,31.36,2,7.62,0,1
STR-006323,TreatmentA,B03,98.51,1.53,0.2513,169,31.37,0.2509,0.3963,90.26,13.1,3,7.33,0,0
STR-006324,Control,B03,100.88,1.67,0.1798,110,24.68,0.4217,0.3507,59.32,17.14,1,5.63,0,0
STR-006325,TreatmentB,B03,91.73,2.15,0.2256,155,95.22,0.4655,0.4399,19.54,25.25,0,9.8,0,1
STR-006326,Control,B01,99.18,2.0,0.2446,147,55.35,0.3912,0.2055,51.22,23.87,3,5.76,1,1
STR-006327,TreatmentB,B02,86.12,1.51,0.2822,294,26.01,0.3468,0.3908,25.56,25.0,1,4.13,0,0
STR-006328,TreatmentB,B01,103.25,2.53,0.2544,442,19.9,0.2262,0.1791,6.66,24.13,4,7.27,1,1
STR-006329,TreatmentB,B02,85.84,2.13,0.2313,228,24.5,0.3654,0.5029,14.38,25.63,3,7.08,0,1
STR-006330,TreatmentA,B01,120.38,0.65,0.2343,139,38.36,0.5431,0.4873,25.87,19.32,1,8.13,1,1
STR-006331,TreatmentB,B01,93.52,2.59,0.2584,190,30.09,0.5312,0.1681,18.97,23.11,6,5.84,0,0
STR-006332,TreatmentA,B01,83.54,2.34,0.2721,380,40.96,0.4372,0.3493,84.91,29.83,1,8.38,0,0
STR-006333,TreatmentB,B02,99.89,1.17,0.2598,493,12.14,0.476,0.2276,54.29,25.62,3,6.83,0,1
STR-006334,Control,B02,103.02,2.11,0.2408,571,20.6,0.6027,0.2674,33.58,11.14,5,6.55,0,1
STR-006335,TreatmentA,B02,87.82,1.87,0.2208,602,12.67,0.3796,0.2203,43.67,14.4,1,7.98,1,1
STR-006336,TreatmentB,B03,88.75,1.06,0.2264,499,33.12,0.535,0.2805,25.71,23.92,3,6.11,1,1
STR-006337,Control,B03,104.62,1.22,0.2438,126,22.32,0.2538,0.3481,36.98,26.79,2,7.05,1,1
STR-006338,Control,B01,110.88,1.9,0.2638,302,42.55,0.1499,0.2701,38.68,35.29,1,6.81,1,1
STR-006339,TreatmentB,B01,92.06,2.88,0.2299,71,26.65,0.4666,0.2584,15.39,16.75,2,8.85,0,0
STR-006340,Control,B02,95.15,3.01,0.2195,387,35.41,0.367,0.2397,43.64,23.54,1,5.2,0,0
STR-006341,TreatmentA,B03,103.86,1.62,0.222,202,30.29,0.5593,0.2151,36.3,15.46,2,7.98,1,0
STR-006342,Control,B01,98.07,1.78,0.2496,236,10.99,0.3435,0.2995,33.04,21.97,0,4.21,1,0
STR-006343,TreatmentA,B02,110.82,2.6,0.261,305,18.72,0.593,0.2831,44.24,22.35,1,6.24,0,1
STR-006344,TreatmentB,B03,95.7,2.33,0.2395,216,48.43,0.326,0.2384,35.95,29.81,2,3.5,1,0
STR-006345,TreatmentA,B02,77.33,0.88,0.2593,166,33.86,0.2783,0.3804,86.36,20.87,2,6.97,0,1
STR-006346,Control,B01,95.27,2.52,0.253,209,9.97,0.3129,0.44,42.69,29.41,3,6.83,0,1
STR-006347,TreatmentA,B01,87.29,1.18,0.2865,230,18.41,0.3436,0.3603,38.36,32.22,1,7.89,1,1
STR-006348,TreatmentA,B02,112.01,1.12,0.2962,284,30.82,0.5325,0.0522,37.03,24.95,2,6.92,0,0
STR-006349,TreatmentB,B02,115.8,1.58,0.2304,766,37.63,0.3909,0.4611,42.04,24.94,4,5.95,0,1
STR-006350,TreatmentB,B03,99.59,1.5,0.265,124,26.86,0.5384,0.3283,16.35,31.55,3,7.9,0,1
STR-006351,TreatmentA,B01,89.34,1.99,0.2104,209,35.12,0.4247,0.3682,39.04,32.61,0,7.8,1,1
STR-006352,TreatmentB,B02,85.73,1.25,0.2042,94,28.79,0.1914,0.2859,30.56,30.11,1,6.62,1,1
STR-006353,TreatmentA,B02,92.42,1.87,0.1951,368,40.49,0.5016,0.3089,53.29,20.13,2,5.76,1,1
STR-006354,TreatmentB,B01,123.16,1.76,0.2255,518,28.21,0.4023,0.1667,27.83,31.81,2,7.85,0,1
STR-006355,Control,B02,86.42,2.73,0.2514,446,8.49,0.6441,0.0597,38.46,30.3,6,6.65,0,0
STR-006356,TreatmentB,B01,75.8,2.29,0.2377,845,14.86,0.2345,0.3794,14.5,32.63,2,8.08,1,0
STR-006357,TreatmentA,B02,85.55,2.04,0.2715,335,9.89,0.456,0.1686,23.08,17.76,2,4.63,1,0
STR-006358,Control,B01,100.14,2.54,0.2465,374,21.72,0.3057,0.6454,103.43,32.27,4,4.81,1,0
STR-006359,TreatmentA,B01,94.95,4.09,0.2064,162,34.67,0.4693,0.5371,33.56,18.87,2,7.35,0,1
STR-006360,TreatmentA,B02,100.14,1.99,0.1723,347,27.31,0.2301,0.1248,63.9,20.06,2,8.43,0,1
STR-006361,TreatmentA,B02,106.86,0.74,0.1596,341,32.01,0.525,0.3355,31.01,22.66,2,5.48,1,0
STR-006362,TreatmentA,B01,83.17,2.13,0.2611,242,20.38,0.4011,0.3034,38.29,21.25,2,7.54,0,1
STR-006363,TreatmentB,B02,113.23,1.27,0.2812,121,80.25,0.6259,0.2885,16.77,27.28,3,8.58,1,0
STR-006364,TreatmentB,B03,95.08,0.96,0.1838,165,16.24,0.2591,0.2071,60.45,20.03,1,7.2,1,1
STR-006365,TreatmentA,B01,107.41,0.86,0.1988,115,54.88,0.6032,0.4352,17.67,24.19,1,6.54,1,1
STR-006366,TreatmentA,B03,88.69,2.74,0.2105,101,32.37,0.3589,0.3878,85.63,23.03,3,8.25,0,1
STR-006367,TreatmentB,B01,129.7,0.86,0.2752,143,31.22,0.3357,0.405,48.1,23.54,1,5.63,1,0
STR-006368,TreatmentA,B02,114.0,1.91,0.2065,305,55.84,0.2238,0.1438,57.34,24.79,0,8.14,0,1
STR-006369,TreatmentA,B03,80.13,1.57,0.2822,251,41.0,0.289,0.3598,25.62,20.27,3,6.34,0,0
STR-006370,Control,B03,97.74,3.66,0.2618,448,36.91,0.2185,0.2708,27.09,28.13,1,6.78,0,1
STR-006371,TreatmentB,B01,82.61,1.5,0.246,111,55.4,0.1535,0.1291,67.78,18.46,4,9.96,0,1
STR-006372,TreatmentB,B02,66.15,1.38,0.2806,249,45.77,0.4542,0.272,20.28,13.99,0,6.85,0,1
STR-006373,TreatmentA,B02,110.46,1.53,0.2354,215,50.39,0.2475,0.2344,33.07,11.05,3,7.11,0,1
STR-006374,TreatmentA,B02,110.55,1.8,0.1689,215,24.33,0.3441,0.2114,42.61,23.14,3,6.61,1,1
STR-006375,Control,B02,101.24,5.59,0.211,346,51.43,0.6019,0.5216,57.55,26.99,4,5.48,0,1
STR-006376,TreatmentB,B02,85.71,1.23,0.2768,299,43.15,0.2466,0.4981,26.11,15.67,2,6.56,1,0
STR-006377,TreatmentB,B01,99.13,2.09,0.2308,316,45.86,0.6178,0.4987,18.22,36.33,3,6.17,0,1
STR-006378,Control,B03,66.33,2.35,0.1867,728,38.4,0.5692,0.1614,54.07,28.01,1,7.15,1,0
STR-006379,TreatmentA,B03,78.43,2.69,0.2608,223,48.95,0.5113,0.3363,45.41,20.33,3,7.46,1,1
STR-006380,TreatmentB,B03,74.66,1.16,0.2508,244,32.98,0.3651,0.1332,24.25,23.11,1,6.66,1,1
STR-006381,Control,B03,102.42,2.6,0.203,356,10.34,0.3105,0.3147,84.47,22.99,3,4.98,0,0
STR-006382,Control,B01,108.26,2.68,0.2196,441,36.63,0.2393,0.2513,27.18,25.78,4,5.88,0,1
STR-006383,TreatmentA,B01,87.23,2.3,0.1621,384,42.34,0.2767,0.3157,95.19,24.57,1,6.7,0,1
STR-006384,TreatmentB,B02,100.31,0.96,0.2415,377,27.73,0.444,0.3567,22.17,19.59,0,6.91,1,1
STR-006385,TreatmentB,B02,133.94,0.87,0.2349,262,74.49,0.3251,0.1227,23.22,17.15,1,7.54,1,1
STR-006386,Control,B02,96.95,3.1,0.156,291,117.67,0.2987,0.2646,33.9,27.6,6,9.68,1,0
STR-006387,Control,B01,78.43,2.67,0.2495,332,55.47,0.3838,0.2283,71.33,27.7,3,6.51,0,1
STR-006388,TreatmentB,B02,114.73,1.25,0.3387,314,31.02,0.6399,0.14,11.22,23.76,1,7.74,1,0
STR-006389,TreatmentA,B03,73.58,2.24,0.3194,1028,43.77,0.4546,0.3125,29.99,34.18,3,8.21,0,0
STR-006390,Control,B02,93.25,3.47,0.1688,157,14.0,0.2236,0.4243,58.2,24.86,6,5.41,0,0
STR-006391,TreatmentA,B01,87.11,1.04,0.2383,201,26.82,0.3621,0.356,90.72,18.93,2,7.48,0,1
STR-006392,TreatmentA,B01,85.61,0.95,0.2054,455,27.7,0.3342,0.287,41.5,32.61,5,8.31,1,0
STR-006393,Control,B02,101.34,2.8,0.2003,105,47.3,0.5748,0.2281,50.4,22.17,1,5.98,0,0
STR-006394,Control,B02,108.14,1.53,0.2465,176,63.38,0.6148,0.2299,42.49,23.51,3,7.42,0,0
STR-006395,TreatmentA,B01,92.19,1.22,0.2925,291,18.45,0.2466,0.3545,45.51,19.41,3,8.43,0,0
STR-006396,TreatmentA,B02,85.58,2.24,0.2204,151,23.53,0.1721,0.3891,32.53,29.23,3,4.49,0,0
STR-006397,Control,B01,113.1,2.27,0.184,693,22.31,0.5753,0.249,45.78,23.7,3,6.23,1,0
STR-006398,TreatmentA,B02,98.96,1.92,0.2755,434,37.5,0.6063,0.2954,16.47,24.74,2,6.95,1,1
STR-006399,TreatmentB,B01,101.04,1.35,0.2479,377,72.52,0.638,0.4178,17.35,33.63,2,7.75,0,1
STR-006400,TreatmentA,B03,95.73,2.26,0.1873,273,22.96,0.3361,0.3676,46.6,27.56,1,5.04,1,0
STR-006401,TreatmentB,B02,111.0,1.15,0.1787,336,30.33,0.381,0.4463,49.59,20.55,0,7.64,0,1
STR-006402,Control,B02,83.87,2.84,0.192,288,27.95,0.7053,0.4634,65.83,31.88,4,6.6,0,1
STR-006403,Control,B01,91.27,3.17,0.2652,217,69.89,0.4618,0.2839,37.33,21.78,3,7.04,0,0
STR-006404,TreatmentB,B01,87.67,1.53,0.1587,741,23.34,0.3139,0.4996,52.55,31.07,3,6.51,1,1
STR-006405,TreatmentA,B02,122.84,1.91,0.2365,446,7.17,0.2383,0.3632,19.83,16.15,1,6.38,1,1
STR-006406,TreatmentA,B02,125.91,1.81,0.2567,468,31.28,0.4527,0.2679,28.1,19.85,3,6.79,1,1
STR-006407,Control,B02,135.29,1.75,0.1927,284,63.76,0.3754,0.1915,25.35,37.64,2,4.58,1,0
STR-006408,Control,B03,97.48,2.45,0.2154,211,35.35,0.5861,0.4299,93.38,19.44,1,9.78,0,1
STR-006409,TreatmentB,B01,104.12,2.22,0.1701,219,57.08,0.3839,0.3122,43.3,21.55,2,7.06,1,1
STR-006410,TreatmentB,B01,119.89,0.71,0.2263,441,35.31,0.4417,0.3444,11.35,14.89,1,5.43,1,1
STR-006411,Control,B02,88.15,2.36,0.3053,466,59.37,0.3673,0.3303,18.86,21.99,1,5.37,0,0
STR-006412,TreatmentA,B01,92.47,1.96,0.282,244,72.04,0.3469,0.4374,26.11,25.93,1,7.52,0,1
STR-006413,TreatmentB,B03,96.3,1.32,0.2417,160,140.9,0.3199,0.3044,21.05,17.92,2,8.74,1,0
STR-006414,TreatmentB,B01,123.54,1.33,0.211,284,12.47,0.4326,0.3219,29.39,27.15,2,9.15,1,0
STR-006415,Control,B03,110.43,1.94,0.2422,330,63.98,0.3668,0.4063,70.02,19.14,4,6.77,1,0
STR-006416,TreatmentA,B03,119.33,1.35,0.2481,73,19.16,0.3434,0.2791,58.4,24.17,2,8.32,1,1
STR-006417,TreatmentB,B03,97.03,2.11,0.2029,824,23.23,0.2377,0.314,7.64,22.03,2,7.76,1,0
STR-006418,TreatmentA,B03,98.54,1.95,0.2486,364,75.64,0.4998,0.2311,23.89,26.71,5,6.24,1,0
STR-006419,TreatmentB,B02,97.32,1.06,0.2345,116,82.3,0.5726,0.3523,53.65,12.55,5,7.53,0,1
STR-006420,Control,B03,83.55,3.06,0.2635,178,34.97,0.164,0.4574,109.51,28.59,4,6.89,0,0
STR-006421,TreatmentB,B02,126.71,1.36,0.2194,207,25.83,0.5046,0.0698,32.84,24.64,1,7.45,1,0
STR-006422,TreatmentB,B01,102.98,1.71,0.2718,459,37.52,0.4187,0.3899,27.52,28.29,2,10.43,0,0
STR-006423,TreatmentA,B01,81.19,1.98,0.2548,298,24.32,0.4057,0.2775,51.95,8.76,4,4.32,0,0
STR-006424,Control,B02,100.82,2.13,0.1904,417,14.4,0.343,0.2399,30.09,24.37,4,7.83,1,0
STR-006425,TreatmentB,B02,98.21,1.19,0.2304,193,54.86,0.4949,0.1876,22.57,33.1,4,8.04,1,1
STR-006426,TreatmentA,B01,80.74,1.96,0.2587,172,23.95,0.2854,0.3611,26.06,28.37,2,7.18,0,0
STR-006427,TreatmentB,B03,109.89,0.85,0.2253,233,183.61,0.2221,0.5115,10.15,27.43,3,6.85,1,0
STR-006428,TreatmentB,B02,97.72,1.37,0.1894,165,112.22,0.1246,0.4398,22.26,26.08,4,10.0,1,0
STR-006429,TreatmentB,B01,96.64,1.56,0.1651,901,24.7,0.4276,0.3013,17.47,24.92,2,5.84,1,1
STR-006430,Control,B03,132.95,3.36,0.2005,542,25.28,0.2613,0.2681,87.06,21.06,2,6.11,0,1
STR-006431,TreatmentB,B03,95.07,2.28,0.2259,199,114.23,0.543,0.3995,18.14,32.71,6,7.31,1,1
STR-006432,TreatmentB,B01,102.47,1.37,0.2323,180,12.51,0.2671,0.2774,9.8,21.63,3,9.27,1,0
STR-006433,TreatmentB,B01,85.08,1.57,0.2488,195,15.62,0.4448,0.216,36.13,17.36,1,6.78,1,1
STR-006434,TreatmentA,B01,103.53,2.93,0.2895,119,54.97,0.6692,0.3086,20.7,21.61,2,5.81,0,1
STR-006435,TreatmentB,B01,116.32,1.62,0.1986,967,38.06,0.2524,0.1605,21.84,24.94,4,6.83,1,1
STR-006436,Control,B02,83.98,2.0,0.2,546,35.82,0.8339,0.4373,46.36,27.93,0,7.15,1,1
STR-006437,Control,B01,115.69,1.85,0.2407,272,74.81,0.4102,0.3586,46.36,39.58,0,8.46,1,0
STR-006438,Control,B01,86.57,3.13,0.2956,150,74.93,0.3431,0.2211,71.06,26.79,1,6.94,0,1
STR-006439,TreatmentA,B01,84.66,1.63,0.2265,538,25.99,0.4092,0.2343,37.66,23.83,2,6.34,0,1
STR-006440,TreatmentB,B03,73.77,1.42,0.2918,485,38.13,0.394,0.3306,8.53,27.18,1,4.22,0,0
STR-006441,Control,B02,72.91,2.33,0.3195,61,37.52,0.1546,0.1978,69.36,19.68,5,7.37,0,1
STR-006442,Control,B03,112.64,2.13,0.2498,148,29.52,0.3884,0.3621,34.83,28.77,1,7.29,0,1
STR-006443,TreatmentA,B03,103.12,1.42,0.2431,173,47.49,0.4658,0.2944,34.01,28.95,4,7.4,1,1
STR-006444,TreatmentB,B02,108.57,1.01,0.2445,217,18.94,0.4213,0.4568,41.8,29.14,3,7.36,1,1
STR-006445,TreatmentB,B02,119.99,1.41,0.2095,261,14.63,0.2821,0.1902,42.02,16.42,1,7.3,0,1
STR-006446,Control,B03,86.2,3.71,0.2686,101,30.23,0.3804,0.387,65.44,22.84,3,8.47,0,0
STR-006447,TreatmentB,B03,89.11,1.27,0.2533,154,18.95,0.4472,0.333,22.64,29.29,2,4.78,0,0
STR-006448,TreatmentB,B01,112.79,0.81,0.2703,254,40.36,0.6358,0.3891,15.29,16.39,1,7.46,0,1
STR-006449,Control,B01,131.08,2.04,0.2424,671,103.97,0.1566,0.2229,38.24,27.4,1,7.71,1,1
STR-006450,Control,B01,93.72,2.31,0.2161,581,21.24,0.1622,0.3341,70.94,16.71,3,7.25,1,1
STR-006451,TreatmentB,B01,113.64,2.13,0.2116,215,16.56,0.4642,0.2039,39.33,19.47,5,6.73,0,0
STR-006452,TreatmentB,B01,114.55,1.79,0.2197,183,28.95,0.4939,0.3802,16.02,21.17,1,3.66,0,0
STR-006453,TreatmentB,B01,81.56,3.41,0.1928,341,15.62,0.1307,0.2692,38.68,18.51,2,5.02,1,0
STR-006454,Control,B02,114.96,2.08,0.255,752,23.63,0.6682,0.3728,35.93,27.47,1,8.32,0,1
STR-006455,Control,B02,112.41,2.29,0.186,256,23.59,0.4972,0.3381,50.94,23.34,2,7.36,1,1
STR-006456,TreatmentB,B01,101.57,0.89,0.277,323,44.58,0.3759,0.313,23.44,22.26,1,5.31,1,0
STR-006457,TreatmentB,B03,121.08,1.77,0.2448,242,23.55,0.3258,0.5976,5.74,32.55,5,5.68,0,0
STR-006458,TreatmentA,B02,83.18,1.97,0.2403,424,58.21,0.3666,0.5064,30.45,25.48,3,5.86,1,0
STR-006459,Control,B02,120.28,1.1,0.2239,237,34.38,0.3128,0.2696,43.63,26.0,3,8.58,0,0
STR-006460,TreatmentB,B02,106.01,1.41,0.2006,274,81.64,0.2317,0.1861,16.07,17.24,2,6.82,1,1
STR-006461,TreatmentA,B03,66.85,1.88,0.2513,421,26.92,0.2929,0.3902,20.96,27.86,4,7.04,1,0
STR-006462,TreatmentB,B01,119.52,0.97,0.2327,159,57.79,0.6288,0.512,11.63,16.33,2,4.73,1,1
STR-006463,Control,B01,81.67,2.65,0.2224,427,17.61,0.5237,0.5356,36.75,11.67,0,6.39,1,1
STR-006464,Control,B01,106.02,2.48,0.2094,369,78.86,0.6632,0.3173,42.02,22.1,0,9.72,0,0
STR-006465,TreatmentB,B03,89.02,1.69,0.2562,307,48.66,0.0875,0.1526,19.87,20.77,2,5.34,0,1
STR-006466,TreatmentA,B02,97.64,3.14,0.193,240,38.41,0.5851,0.2207,12.14,29.86,2,9.28,1,0
STR-006467,TreatmentB,B02,121.24,1.27,0.2079,571,50.69,0.2339,0.1302,32.19,21.86,3,6.84,1,1
STR-006468,TreatmentA,B03,98.71,1.22,0.2127,548,14.7,0.2347,0.3486,49.9,27.33,4,6.8,0,1
STR-006469,Control,B02,120.2,3.56,0.2629,246,27.19,0.4487,0.257,66.46,15.45,1,8.6,0,0
STR-006470,TreatmentB,B01,77.73,3.73,0.2695,367,31.72,0.4962,0.3869,15.93,19.66,5,6.45,0,1
STR-006471,Control,B02,111.13,2.05,0.299,532,99.37,0.5459,0.2628,66.48,24.01,1,5.68,0,1
STR-006472,TreatmentA,B02,117.03,1.61,0.2353,284,62.36,0.2378,0.214,28.75,32.64,4,4.67,1,0
STR-006473,TreatmentA,B02,82.71,1.71,0.1828,194,72.87,0.4098,0.2327,20.38,25.22,4,8.0,1,1
STR-006474,TreatmentB,B01,95.15,1.64,0.2211,222,15.68,0.6623,0.2035,6.56,26.29,6,6.88,1,0
STR-006475,TreatmentB,B01,80.7,2.23,0.1804,121,35.5,0.3312,0.3249,29.66,40.77,3,7.6,1,1
STR-006476,TreatmentA,B03,115.68,1.74,0.2736,568,21.66,0.1211,0.2785,25.74,26.62,1,6.71,1,1
STR-006477,TreatmentA,B01,80.34,1.99,0.2476,366,32.99,0.5027,0.3619,50.38,19.94,3,7.55,1,1
STR-006478,TreatmentB,B03,118.31,1.12,0.1714,332,42.04,0.3822,0.1761,25.55,23.62,2,8.86,1,0
STR-006479,Control,B03,111.21,3.35,0.2678,151,76.54,0.3048,0.545,44.55,31.5,5,6.3,0,1
STR-006480,TreatmentA,B03,99.21,2.08,0.2375,274,10.56,0.3906,0.5941,37.31,26.92,3,6.13,0,1
STR-006481,Control,B01,105.1,1.89,0.2384,120,44.4,0.1952,0.2785,36.61,19.83,1,6.09,0,1
STR-006482,Control,B01,87.11,3.23,0.2197,263,78.64,0.4773,0.1987,55.44,27.07,2,6.02,0,0
STR-006483,Control,B02,97.67,1.74,0.1842,474,41.87,0.4008,0.4911,38.23,30.88,2,9.31,0,0
STR-006484,TreatmentA,B01,115.43,2.55,0.295,460,102.64,0.6,0.6801,44.03,25.33,5,7.15,0,1
STR-006485,TreatmentA,B02,97.52,1.97,0.2382,372,21.85,0.261,0.4214,55.68,34.25,2,7.29,0,0
STR-006486,TreatmentA,B02,88.32,2.94,0.2117,323,109.33,0.5508,0.1623,29.71,27.15,3,8.69,0,0
STR-006487,TreatmentB,B02,104.57,0.98,0.265,318,37.94,0.4369,0.3982,21.98,25.79,3,9.07,1,0
STR-006488,TreatmentA,B01,100.26,1.11,0.2122,240,22.63,0.126,0.3225,24.74,23.47,1,6.1,1,0
STR-006489,TreatmentA,B03,99.56,1.98,0.2573,151,25.83,0.2676,0.2324,28.09,23.62,4,8.25,0,1
STR-006490,Control,B03,117.26,1.79,0.2769,385,43.71,0.5755,0.2603,54.47,26.61,0,6.38,0,1
STR-006491,TreatmentA,B02,99.14,1.36,0.2025,234,43.45,0.5665,0.6143,34.67,17.85,2,6.37,1,1
STR-006492,TreatmentA,B01,65.59,1.55,0.2606,127,28.74,0.3426,0.268,26.88,32.93,5,7.59,1,1
STR-006493,TreatmentB,B03,87.14,1.49,0.2491,141,64.78,0.2633,0.2725,14.27,23.32,1,5.93,0,1
STR-006494,Control,B01,121.39,3.08,0.2588,264,41.79,0.4664,0.3408,35.09,28.6,3,8.42,0,0
STR-006495,TreatmentA,B01,112.26,2.37,0.2719,292,27.31,0.3759,0.3614,60.72,24.66,4,5.65,1,0
STR-006496,TreatmentA,B03,122.5,3.1,0.2411,486,23.04,0.4545,0.5139,48.08,16.25,4,7.0,0,0
STR-006497,Control,B02,104.99,2.55,0.2514,438,41.92,0.4393,0.182,57.93,18.79,4,7.33,1,1
STR-006498,TreatmentB,B03,75.59,2.31,0.2171,215,24.3,0.7175,0.2003,15.38,28.18,3,5.84,1,0
STR-006499,TreatmentA,B03,88.98,1.82,0.2236,178,60.94,0.5356,0.2108,40.46,15.68,2,6.68,0,0
STR-006500,TreatmentA,B03,108.57,3.1,0.2212,216,48.35,0.4722,0.2371,51.34,22.32,1,7.37,0,1
STR-006501,TreatmentB,B03,102.54,1.95,0.24,382,51.13,0.398,0.2202,27.76,30.71,2,6.65,0,1
STR-006502,TreatmentB,B03,89.26,1.22,0.2223,472,18.52,0.5893,0.358,35.04,28.35,2,7.04,1,1
STR-006503,Control,B02,99.08,5.48,0.2393,150,21.7,0.3337,0.233,48.61,19.76,1,8.84,0,0
STR-006504,TreatmentA,B01,77.98,2.51,0.2366,228,39.97,0.3009,0.4643,70.96,25.16,1,4.77,0,0
STR-006505,Control,B02,85.77,1.71,0.1882,117,65.54,0.2366,0.2412,77.34,25.14,1,7.54,0,1
STR-006506,Control,B03,99.84,1.55,0.241,251,14.75,0.3687,0.3822,47.82,34.37,4,8.62,1,0
STR-006507,TreatmentB,B03,86.23,1.85,0.2102,524,44.95,0.4322,0.2418,21.94,28.62,1,8.01,1,0
STR-006508,Control,B01,105.37,1.58,0.2055,438,17.86,0.3846,0.1483,30.75,20.3,3,6.37,1,1
STR-006509,TreatmentA,B03,86.63,1.5,0.2408,67,19.25,0.2696,0.2828,48.43,29.07,4,9.48,1,0
STR-006510,TreatmentA,B02,100.85,1.6,0.2266,579,15.65,0.4809,0.3657,88.23,14.22,1,4.92,1,0
STR-006511,Control,B01,112.47,2.86,0.2398,557,36.76,0.4168,0.3188,39.09,26.62,1,4.79,0,0
STR-006512,TreatmentA,B01,127.74,1.7,0.2342,191,82.73,0.5147,0.4186,27.04,20.78,1,7.24,1,1
STR-006513,TreatmentA,B03,94.23,1.76,0.2155,337,33.24,0.5719,0.3129,76.74,30.74,2,7.02,0,1
STR-006514,TreatmentB,B03,86.75,1.34,0.2475,496,81.45,0.3211,0.1434,37.7,23.44,3,5.79,0,1
STR-006515,TreatmentA,B01,82.82,1.98,0.1803,465,18.08,0.7693,0.4357,34.63,35.37,6,6.08,1,1
STR-006516,TreatmentB,B01,129.32,1.29,0.2029,322,21.66,0.6531,0.521,30.61,26.64,4,7.42,1,1
STR-006517,TreatmentB,B01,120.84,2.41,0.2617,233,28.11,0.3478,0.3239,20.65,20.39,2,7.32,0,1
STR-006518,TreatmentA,B03,83.17,1.22,0.2241,284,23.63,0.5165,0.2452,21.83,20.95,4,6.19,1,0
STR-006519,TreatmentA,B02,85.48,2.14,0.2606,362,19.4,0.2985,0.2214,31.63,21.18,3,10.31,1,0
STR-006520,TreatmentB,B01,120.35,1.25,0.2781,148,23.37,0.4091,0.2641,15.06,25.59,3,6.59,1,1
STR-006521,Control,B02,120.98,2.97,0.211,202,47.98,0.278,0.359,51.73,38.68,0,7.96,0,0
STR-006522,TreatmentB,B01,105.92,1.89,0.3067,488,45.71,0.2973,0.0982,41.78,28.67,0,5.35,0,1
STR-006523,TreatmentB,B02,70.81,1.8,0.216,465,10.42,0.3821,0.2536,16.88,31.27,1,7.24,1,1
STR-006524,TreatmentB,B01,109.09,1.26,0.2269,283,61.29,0.2412,0.3933,18.74,18.37,1,8.52,1,0
STR-006525,TreatmentA,B03,110.76,2.55,0.2175,289,28.13,0.4543,0.3328,15.76,20.33,1,8.27,1,1
STR-006526,Control,B03,110.99,2.78,0.2471,1110,24.42,0.3446,0.2595,51.33,13.87,3,8.21,0,0
STR-006527,TreatmentA,B01,94.54,1.52,0.2232,380,77.79,0.212,0.2047,32.73,39.39,2,6.59,1,1
STR-006528,TreatmentA,B01,107.32,3.19,0.2343,617,47.65,0.326,0.2113,59.26,23.91,1,7.03,0,1
STR-006529,Control,B03,75.81,3.63,0.2065,377,20.44,0.3848,0.1844,86.3,22.47,6,7.65,0,0
STR-006530,Control,B03,121.91,2.49,0.2398,382,28.6,0.259,0.4358,28.41,16.65,4,8.05,1,0
STR-006531,Control,B03,100.71,2.28,0.2486,241,78.67,0.4198,0.122,49.92,20.75,0,7.49,1,1
STR-006532,Control,B02,110.68,2.16,0.2643,126,87.46,0.2232,0.154,53.64,21.05,2,6.55,1,1
STR-006533,Control,B03,87.28,2.21,0.2755,890,28.99,0.3581,0.3112,36.7,20.31,5,4.9,1,0
STR-006534,TreatmentB,B02,82.64,3.28,0.1948,131,49.76,0.3908,0.249,107.48,28.85,3,5.3,0,0
STR-006535,Control,B03,91.19,2.21,0.2364,312,30.09,0.1937,0.4966,26.52,16.71,2,7.92,0,0
STR-006536,TreatmentB,B03,72.48,1.33,0.1894,151,37.01,0.6951,0.3119,14.49,27.74,1,6.8,1,1
STR-006537,Control,B03,74.11,2.32,0.211,77,18.92,0.4743,0.4399,82.0,16.92,0,6.91,1,1
STR-006538,Control,B02,82.15,3.09,0.3106,531,32.31,0.4443,0.3301,50.31,15.13,1,8.06,0,1
STR-006539,Control,B03,91.93,2.87,0.3242,264,52.76,0.4054,0.3287,42.78,32.29,1,9.61,1,0
STR-006540,Control,B03,121.34,3.08,0.1711,300,30.76,0.5944,0.3692,62.18,22.7,2,8.06,1,1
STR-006541,TreatmentB,B03,120.48,1.55,0.2441,246,61.11,0.4521,0.2114,28.63,20.13,1,6.81,1,0
STR-006542,TreatmentB,B02,112.41,2.71,0.1909,173,25.43,0.3527,0.2427,76.71,12.62,2,6.72,1,1
STR-006543,TreatmentB,B02,92.78,2.28,0.2926,505,24.41,0.5668,0.5512,39.23,27.24,3,5.02,0,1
STR-006544,TreatmentA,B02,114.51,1.37,0.1669,122,28.64,0.5172,0.7224,25.69,19.26,2,7.66,1,1
STR-006545,TreatmentA,B01,92.41,1.12,0.277,752,39.81,0.2689,0.1543,73.46,25.9,1,7.46,0,1
STR-006546,TreatmentB,B03,89.29,0.71,0.2676,455,28.94,0.4541,0.3357,38.27,31.15,6,5.64,1,1
STR-006547,TreatmentA,B03,114.51,1.52,0.1795,214,15.65,0.427,0.1768,40.49,24.98,0,6.89,1,0
STR-006548,Control,B03,86.01,1.8,0.204,206,50.28,0.692,0.0747,35.24,32.73,4,9.07,0,0
STR-006549,Control,B02,67.72,1.82,0.2326,186,24.13,0.4533,0.1747,38.5,16.84,4,5.18,0,0
STR-006550,TreatmentB,B03,115.44,1.21,0.2262,202,102.57,0.4522,0.3347,25.16,35.73,2,6.63,1,1
STR-006551,TreatmentB,B02,88.2,1.74,0.1922,323,14.73,0.3153,0.632,6.91,15.86,2,4.44,1,0
STR-006552,TreatmentB,B02,82.83,1.69,0.2047,473,24.15,0.2564,0.1821,41.39,26.65,0,7.79,0,1
STR-006553,TreatmentA,B02,105.77,1.28,0.1741,465,96.81,0.3156,0.2589,36.08,28.93,3,6.68,1,1
STR-006554,Control,B02,94.65,2.7,0.2017,879,49.59,0.4832,0.4915,31.68,26.15,2,6.09,0,1
STR-006555,Control,B03,73.37,2.1,0.2104,153,9.71,0.3005,0.3773,43.81,22.95,3,7.45,1,1
STR-006556,TreatmentB,B03,118.01,1.02,0.2242,362,22.48,0.7202,0.4347,16.49,24.63,5,5.03,0,1
STR-006557,TreatmentB,B02,104.55,0.52,0.2917,483,26.32,0.6321,0.4324,13.06,25.59,3,6.3,1,0
STR-006558,Control,B03,92.31,1.49,0.2288,208,23.1,0.3324,0.3935,96.22,27.27,5,6.1,0,1
STR-006559,TreatmentA,B03,93.7,1.75,0.2358,130,8.41,0.2494,0.2414,24.23,28.08,0,4.58,1,1
STR-006560,TreatmentA,B03,95.82,3.87,0.1983,644,38.69,0.313,0.2254,31.04,31.03,2,4.27,0,0
STR-006561,TreatmentA,B03,102.22,2.09,0.2579,108,37.2,0.6325,0.2717,31.34,21.88,1,5.3,0,1
STR-006562,Control,B03,111.41,3.14,0.2617,340,15.65,0.4017,0.247,21.93,14.33,0,7.26,0,1
STR-006563,TreatmentB,B03,119.95,1.56,0.2038,323,62.8,0.31,0.5292,39.8,27.81,2,8.36,1,0
STR-006564,TreatmentA,B02,109.11,1.76,0.1917,292,21.19,0.5378,0.269,67.66,24.2,2,5.83,0,0
STR-006565,TreatmentA,B03,102.43,2.21,0.2526,65,18.56,0.3112,0.3855,26.92,25.66,2,6.81,0,0
STR-006566,TreatmentA,B02,107.68,2.49,0.2407,451,30.5,0.5219,0.0861,22.87,27.67,6,9.48,0,0
STR-006567,Control,B03,102.31,2.3,0.2074,349,21.05,0.1411,0.4002,54.9,26.94,3,7.85,0,0
STR-006568,TreatmentA,B03,77.15,1.71,0.2248,608,34.13,0.3144,0.2374,48.73,11.92,3,6.47,0,1
STR-006569,TreatmentA,B02,92.49,1.53,0.217,428,42.82,0.3478,0.4899,37.81,34.7,2,4.9,1,0
STR-006570,TreatmentB,B02,96.84,1.48,0.3053,412,28.63,0.3704,0.3611,21.77,23.21,1,4.92,1,0
STR-006571,Control,B01,113.96,2.16,0.2844,319,61.54,0.6978,0.4528,35.46,21.49,2,6.29,0,1
STR-006572,TreatmentB,B01,105.46,1.3,0.2326,435,12.43,0.3525,0.408,11.26,30.84,3,3.4,1,0
STR-006573,Control,B03,75.05,2.61,0.2391,288,88.01,0.4605,0.4336,48.69,25.08,0,6.32,0,0
STR-006574,TreatmentB,B03,103.34,2.01,0.2256,235,16.05,0.4865,0.1566,38.71,29.54,2,7.57,0,0
STR-006575,Control,B01,104.41,1.75,0.2501,343,23.45,0.4472,0.1394,76.36,21.27,3,5.98,0,0
STR-006576,TreatmentA,B02,89.66,1.82,0.2803,577,29.86,0.41,0.2389,33.46,26.98,3,7.38,0,1
STR-006577,TreatmentB,B02,104.16,1.23,0.2561,287,29.31,0.4891,0.3127,23.38,22.02,2,5.89,1,1
STR-006578,TreatmentB,B02,95.34,1.94,0.2053,299,26.61,0.5837,0.3308,47.11,26.99,5,7.84,1,1
STR-006579,TreatmentB,B02,128.47,1.22,0.2903,154,20.46,0.1797,0.367,8.41,21.09,3,5.59,1,0
STR-006580,Control,B01,114.77,2.67,0.226,289,116.11,0.2648,0.3434,37.33,27.74,7,8.57,0,0
STR-006581,TreatmentB,B01,104.41,1.39,0.182,255,14.21,0.3318,0.3835,5.03,30.69,5,7.41,1,1
STR-006582,TreatmentA,B02,95.34,5.02,0.2874,308,62.89,0.3326,0.2333,75.66,17.69,1,6.57,0,1
STR-006583,Control,B02,136.07,1.79,0.2244,187,76.93,0.238,0.3456,27.63,29.24,2,5.99,1,1
STR-006584,TreatmentA,B03,103.46,2.03,0.2654,153,14.15,0.3982,0.4616,53.88,28.28,1,7.2,0,1
STR-006585,Control,B03,100.14,1.28,0.2824,718,36.34,0.2922,0.388,34.48,20.89,1,8.63,0,0
STR-006586,Control,B03,94.3,2.04,0.2127,472,113.4,0.3589,0.3113,46.45,31.15,2,7.24,1,0
STR-006587,TreatmentA,B02,104.18,1.98,0.2444,495,26.99,0.311,0.3014,18.01,14.85,4,7.4,1,0
STR-006588,Control,B01,131.08,1.23,0.1983,548,17.64,0.4391,0.3966,28.31,16.0,2,5.74,1,1
STR-006589,Control,B02,104.05,2.15,0.2305,232,22.88,0.4296,0.4305,35.03,23.34,4,6.1,0,1
STR-006590,TreatmentB,B01,74.3,1.69,0.2335,250,66.48,0.2821,0.326,28.43,11.8,0,5.32,1,0
STR-006591,TreatmentA,B03,98.36,1.59,0.2221,300,19.2,0.4657,0.1749,34.76,32.24,1,8.67,1,0
STR-006592,TreatmentA,B02,99.12,2.34,0.308,75,53.71,0.4142,0.2212,35.77,24.34,2,8.39,0,0
STR-006593,TreatmentA,B03,106.23,1.8,0.272,159,28.9,0.4461,0.3707,21.23,28.75,2,6.87,0,1
STR-006594,TreatmentB,B03,79.6,1.4,0.2508,150,51.57,0.4609,0.1336,41.6,27.45,3,5.62,1,0
STR-006595,TreatmentA,B01,126.62,2.69,0.3052,689,20.01,0.127,0.2602,28.85,26.3,3,8.39,0,1
STR-006596,TreatmentA,B03,82.45,1.1,0.2625,268,32.3,0.4718,0.1663,61.72,20.55,4,7.66,1,0
STR-006597,Control,B01,89.18,2.14,0.2052,337,56.52,0.3537,0.3045,52.09,28.97,1,3.91,0,0
STR-006598,Control,B02,100.69,2.22,0.1967,197,24.67,0.5365,0.1737,68.44,32.43,3,8.05,1,0
STR-006599,Control,B03,92.47,3.01,0.1676,161,71.59,0.427,0.2282,41.05,32.02,1,8.91,0,0
STR-006600,Control,B01,134.94,1.97,0.26,253,29.17,0.274,0.4094,26.11,28.05,0,6.87,1,0
STR-006601,TreatmentB,B03,90.75,1.65,0.3093,154,82.05,0.4222,0.2366,19.54,40.8,2,6.65,1,0
STR-006602,Control,B01,94.56,2.94,0.2331,568,39.92,0.4072,0.336,26.63,15.8,6,7.4,1,0
STR-006603,Control,B02,111.67,3.4,0.2106,223,61.82,0.4967,0.2175,36.89,17.26,4,6.33,0,0
STR-006604,TreatmentB,B01,63.2,2.55,0.2582,169,58.07,0.4203,0.2351,35.66,30.67,2,6.55,0,1
STR-006605,TreatmentA,B01,95.45,2.9,0.2214,254,62.8,0.3642,0.2135,33.2,23.75,2,6.19,0,1
STR-006606,TreatmentA,B01,101.97,2.46,0.2191,200,53.39,0.098,0.3407,35.78,19.78,2,6.92,0,0
STR-006607,TreatmentB,B03,82.23,1.33,0.206,950,27.17,0.8353,0.4112,13.3,21.26,4,7.12,1,1
STR-006608,Control,B01,96.13,2.07,0.2548,220,13.62,0.4101,0.2339,43.2,26.24,4,5.13,0,0
STR-006609,TreatmentB,B01,114.3,2.67,0.1925,239,31.1,0.3736,0.3351,4.98,22.8,2,6.05,1,0
STR-006610,TreatmentA,B02,90.81,1.63,0.2733,568,23.51,0.4865,0.4072,12.87,31.77,3,6.66,0,1
STR-006611,TreatmentA,B01,83.44,1.58,0.2552,154,65.93,0.519,0.3495,32.04,22.86,0,8.82,0,0
STR-006612,TreatmentA,B03,103.59,2.67,0.264,341,39.44,0.249,0.2691,23.96,23.5,0,6.17,0,1
STR-006613,TreatmentA,B03,107.64,2.45,0.2377,592,8.84,0.3754,0.4729,24.81,19.75,3,6.87,1,1
STR-006614,TreatmentB,B02,106.14,1.67,0.2058,296,15.99,0.4359,0.2702,24.72,25.22,2,8.91,1,0
STR-006615,Control,B03,122.54,2.85,0.212,631,25.53,0.533,0.1993,35.36,34.25,4,6.68,0,1
STR-006616,TreatmentB,B02,81.12,1.41,0.2227,392,12.57,0.4619,0.2756,57.32,30.47,3,7.11,1,1
STR-006617,TreatmentB,B02,91.14,1.0,0.2142,146,25.26,0.4486,0.1839,26.37,28.83,4,6.88,1,1
STR-006618,TreatmentB,B03,98.11,0.94,0.2174,459,34.38,0.2775,0.4123,21.32,19.51,3,8.76,1,0
STR-006619,TreatmentA,B02,96.49,1.55,0.2484,286,20.84,0.5189,0.4595,33.75,26.35,2,8.29,0,1
STR-006620,Control,B01,96.89,3.05,0.2272,511,24.29,0.2358,0.202,54.87,33.98,3,8.04,0,1
STR-006621,TreatmentB,B03,108.05,2.3,0.2189,95,20.09,0.4885,0.1118,19.43,21.56,2,8.13,1,0
STR-006622,TreatmentA,B02,123.61,1.56,0.2371,557,42.27,0.661,0.3526,50.23,15.06,3,9.23,0,1
STR-006623,TreatmentB,B03,98.05,1.23,0.1726,421,55.09,0.4326,0.2482,22.06,28.45,2,5.94,1,1
STR-006624,TreatmentB,B02,70.07,1.78,0.2815,286,39.99,0.4291,0.2336,16.32,7.06,1,8.01,0,0
STR-006625,Control,B03,103.79,1.79,0.2008,285,66.22,0.3901,0.3502,83.56,20.6,3,4.56,0,0
STR-006626,TreatmentB,B03,97.17,2.94,0.2252,1518,9.59,0.4966,0.4192,24.92,16.33,4,5.29,0,1
STR-006627,TreatmentA,B02,107.07,1.92,0.2338,384,22.86,0.364,0.2669,13.37,18.67,5,7.33,1,1
STR-006628,TreatmentA,B01,96.04,1.52,0.2053,185,9.82,0.686,0.2119,36.59,28.91,3,8.66,1,0
STR-006629,Control,B02,118.89,1.88,0.2358,599,44.02,0.4858,0.1646,83.82,21.68,3,7.15,1,0
STR-006630,TreatmentA,B02,96.54,1.76,0.2129,131,72.2,0.4717,0.2553,22.56,26.13,1,7.18,1,1
STR-006631,TreatmentA,B01,90.35,1.85,0.2576,307,13.05,0.3372,0.5498,27.37,27.23,2,5.41,1,0
STR-006632,Control,B01,94.96,1.56,0.2061,282,55.17,0.5156,0.419,62.81,21.31,4,6.95,0,1
STR-006633,TreatmentB,B03,118.38,1.6,0.2179,261,14.55,0.3946,0.2513,22.93,32.84,3,8.7,1,0
STR-006634,Control,B02,96.74,1.93,0.2181,381,41.05,0.2796,0.2957,35.92,25.09,2,9.09,1,0
STR-006635,TreatmentA,B03,93.47,1.66,0.1827,154,43.11,0.4216,0.3381,14.02,22.67,1,6.63,1,1
STR-006636,TreatmentB,B03,119.48,2.45,0.2625,353,22.18,0.4281,0.2314,41.94,26.25,5,6.38,0,0
STR-006637,TreatmentB,B01,129.15,1.34,0.2369,92,25.09,0.4607,0.196,23.94,25.96,2,7.6,1,0
STR-006638,Control,B03,55.94,4.42,0.2069,264,12.34,0.2851,0.2493,43.27,30.61,5,6.87,0,1
STR-006639,TreatmentB,B01,95.61,1.32,0.2593,312,59.97,0.5148,0.5004,28.16,20.48,1,4.42,0,1
STR-006640,Control,B02,56.55,2.54,0.334,703,62.36,0.4241,0.3475,38.3,33.28,1,7.93,0,1
STR-006641,Control,B01,87.52,3.29,0.2189,405,22.98,0.5787,0.0082,69.08,22.3,1,5.84,0,0
STR-006642,Control,B01,89.58,2.26,0.2554,527,41.06,0.598,0.4149,57.04,22.71,3,8.19,0,1
STR-006643,TreatmentB,B03,86.33,1.54,0.2263,453,48.6,0.5172,0.2111,17.13,17.56,4,7.11,1,1
STR-006644,TreatmentA,B01,106.09,1.04,0.2207,206,37.94,0.1972,0.2729,29.34,23.71,1,9.22,1,0
STR-006645,TreatmentA,B02,101.88,1.99,0.1816,775,60.25,0.2528,0.2543,26.35,27.67,4,9.19,1,0
STR-006646,TreatmentB,B03,82.34,1.37,0.2351,258,34.99,0.3649,0.3669,17.18,21.19,4,8.96,1,0
STR-006647,Control,B03,106.69,2.5,0.294,701,18.32,0.369,0.3212,29.48,33.1,0,8.13,0,1
STR-006648,Control,B01,104.89,2.86,0.2667,228,32.71,0.4211,0.4237,52.18,17.38,1,5.26,0,0
STR-006649,TreatmentA,B03,99.01,1.54,0.2646,156,21.65,0.3577,0.4711,31.3,28.47,4,8.74,0,0
STR-006650,Control,B03,100.7,1.91,0.2509,195,50.88,0.437,0.2194,36.39,11.85,2,7.35,0,1
STR-006651,TreatmentB,B01,91.74,1.55,0.2698,196,46.63,0.4409,0.2419,56.45,30.06,3,7.22,0,1
STR-006652,TreatmentB,B02,101.66,1.26,0.3049,605,43.12,0.2491,0.3166,27.46,25.11,3,6.28,0,1
STR-006653,TreatmentA,B03,93.22,2.27,0.1982,607,28.06,0.4085,0.3909,36.89,17.06,0,5.8,0,1
STR-006654,TreatmentB,B03,76.91,1.47,0.2728,467,23.02,0.5601,0.2345,59.06,20.22,4,7.76,1,0
STR-006655,Control,B01,113.21,1.97,0.2007,396,32.04,0.3714,0.094,66.3,35.38,3,6.61,0,1
STR-006656,TreatmentB,B02,72.83,2.25,0.2849,507,56.04,0.2644,0.2151,13.02,22.19,7,6.87,0,1
STR-006657,TreatmentB,B02,100.63,1.04,0.2075,311,26.53,0.5611,0.4538,36.84,23.18,2,7.56,1,1
STR-006658,TreatmentA,B03,81.53,1.88,0.1525,164,58.76,0.1889,0.4117,35.47,23.22,4,4.77,1,0
STR-006659,TreatmentB,B03,100.1,2.2,0.2863,151,38.42,0.4664,0.3185,28.2,34.4,3,7.56,0,1
STR-006660,Control,B01,101.72,2.8,0.2105,320,38.88,0.4159,0.3062,64.57,32.28,1,5.31,0,0
STR-006661,Control,B02,94.42,2.88,0.2623,613,15.14,0.4324,0.4063,65.97,18.12,8,5.2,0,0
STR-006662,TreatmentB,B02,92.89,1.86,0.2038,163,40.39,0.4534,0.3292,30.71,22.92,4,7.24,1,1
STR-006663,Control,B01,101.26,1.77,0.2131,118,33.19,0.4129,0.4725,28.78,19.59,5,5.15,1,0
STR-006664,TreatmentB,B01,90.26,1.68,0.2395,191,48.45,0.5127,0.3453,15.25,27.2,2,6.42,1,1
STR-006665,TreatmentB,B03,119.64,1.63,0.2585,172,30.77,0.5895,0.3415,13.87,34.68,4,6.9,0,1
STR-006666,TreatmentB,B01,128.11,1.65,0.2579,354,24.45,0.3824,0.1946,18.23,14.85,3,6.98,0,1
STR-006667,TreatmentA,B01,117.03,1.47,0.2201,166,22.8,0.4036,0.2754,29.8,32.57,2,6.33,1,0
STR-006668,TreatmentB,B01,103.86,2.01,0.2286,256,39.56,0.4254,0.262,39.47,21.45,3,7.38,0,1
STR-006669,Control,B02,95.74,2.16,0.19,288,36.67,0.4153,0.2154,80.95,25.89,3,6.84,0,1
STR-006670,TreatmentB,B02,104.53,1.35,0.2551,371,18.76,0.5035,0.4882,26.9,38.0,4,7.61,1,1
STR-006671,TreatmentB,B02,130.37,1.76,0.2119,195,23.22,0.2942,0.0687,58.16,36.86,3,6.67,1,1
STR-006672,TreatmentA,B01,118.76,1.67,0.2162,224,32.2,0.3593,0.5713,61.66,18.2,3,6.66,1,0
STR-006673,TreatmentB,B01,87.4,1.97,0.212,265,7.7,0.4797,0.2382,26.45,43.76,3,7.0,1,1
STR-006674,Control,B01,77.35,2.13,0.2051,549,24.18,0.3586,0.5572,40.57,24.95,3,10.66,0,0
STR-006675,TreatmentB,B02,101.96,1.83,0.2766,170,32.53,0.5518,0.2069,14.9,18.23,2,5.61,1,0
STR-006676,TreatmentA,B03,99.84,1.89,0.2425,356,9.28,0.4084,0.3396,18.47,26.24,1,8.81,0,0
STR-006677,Control,B02,93.45,1.87,0.2055,263,45.97,0.4033,0.2566,50.07,13.57,1,6.82,1,1
STR-006678,TreatmentA,B03,105.19,2.29,0.2331,251,91.06,0.4485,0.4011,60.44,18.79,1,6.35,0,0
STR-006679,TreatmentB,B02,108.5,1.53,0.2211,318,33.82,0.4084,0.1817,9.68,46.27,3,7.07,1,1
STR-006680,Control,B02,104.08,2.08,0.2405,857,68.37,0.5261,0.2432,43.82,30.94,2,8.38,0,0
STR-006681,TreatmentB,B02,99.36,1.82,0.2325,184,12.91,0.2891,0.2819,15.7,25.88,0,7.17,1,1
STR-006682,TreatmentB,B01,115.2,1.16,0.2132,154,140.72,0.2315,0.2411,17.86,17.51,4,6.83,1,1
STR-006683,Control,B01,98.41,1.35,0.2531,338,18.79,0.2548,0.4585,69.97,25.52,1,7.71,1,0
STR-006684,TreatmentA,B02,90.56,2.42,0.2185,255,33.81,0.6808,0.2189,19.09,28.33,4,6.87,0,0
STR-006685,TreatmentA,B03,93.7,1.55,0.2312,193,33.28,0.4413,0.2448,138.32,21.99,0,6.56,0,1
STR-006686,TreatmentA,B01,104.25,1.65,0.2432,241,21.45,0.2165,0.385,47.85,26.78,1,5.46,0,0
STR-006687,Control,B03,118.39,3.04,0.2017,289,14.61,0.3052,0.406,76.82,24.39,3,6.78,0,0
STR-006688,TreatmentA,B02,106.27,1.15,0.2476,440,31.71,0.5262,0.2937,70.64,22.12,1,5.92,1,1
STR-006689,TreatmentA,B03,102.28,4.52,0.1922,220,43.09,0.2456,0.289,74.8,25.63,1,6.65,0,1
STR-006690,Control,B01,99.27,2.43,0.1958,319,31.78,0.255,0.3412,41.36,24.66,5,5.19,1,0
STR-006691,TreatmentB,B02,76.86,1.3,0.2407,219,32.32,0.2373,0.1585,53.8,25.85,2,6.95,0,1
STR-006692,TreatmentB,B03,74.88,1.68,0.1629,197,20.09,0.5973,0.3193,17.63,20.49,2,8.41,1,1
STR-006693,TreatmentB,B01,111.83,1.61,0.1843,57,45.21,0.458,0.2553,19.68,12.64,0,3.48,1,0
STR-006694,TreatmentB,B02,80.55,2.89,0.1732,248,31.38,0.7104,0.1657,12.12,13.91,3,7.51,1,0
STR-006695,TreatmentB,B01,94.0,1.64,0.2579,401,56.0,0.5056,0.4018,30.03,26.01,3,6.46,1,1
STR-006696,Control,B02,115.81,2.59,0.2948,320,22.3,0.3911,0.3908,33.85,28.49,4,9.22,0,0
STR-006697,Control,B01,94.65,2.92,0.2678,844,84.15,0.2796,0.2975,35.49,26.88,2,8.48,0,0
STR-006698,TreatmentA,B01,115.73,2.12,0.2352,432,37.91,0.523,0.1876,42.34,19.53,5,4.57,0,0
STR-006699,Control,B02,94.72,1.87,0.182,132,17.94,0.2397,0.1727,35.25,24.62,1,5.59,1,1
STR-006700,TreatmentA,B02,83.04,2.43,0.3162,88,21.86,0.6978,0.2951,24.78,38.23,1,7.88,0,1
STR-006701,Control,B01,110.51,2.8,0.2277,205,28.59,0.4187,0.2595,46.19,35.85,2,8.65,1,1
STR-006702,TreatmentB,B02,104.43,0.92,0.251,364,9.84,0.3817,0.1255,31.52,22.55,2,8.77,0,1
STR-006703,TreatmentA,B02,94.27,1.9,0.208,171,67.46,0.5643,0.1709,31.85,30.32,2,6.37,1,0
STR-006704,TreatmentA,B01,110.64,3.92,0.1963,232,67.28,0.6537,0.1681,53.64,21.06,3,7.08,0,0
STR-006705,TreatmentB,B03,93.6,3.49,0.238,235,34.43,0.3965,0.6759,26.94,29.59,3,7.64,0,1
STR-006706,TreatmentA,B02,102.21,2.43,0.2606,724,60.21,0.3576,0.4066,50.88,11.62,2,6.76,0,0
STR-006707,Control,B02,102.73,2.19,0.2321,321,58.56,0.4604,0.3193,19.97,18.79,4,5.31,1,0
STR-006708,TreatmentB,B02,99.31,0.9,0.2177,125,28.69,0.3862,0.3635,28.97,13.63,1,5.96,1,0
STR-006709,TreatmentB,B02,91.28,1.47,0.2734,450,35.09,0.2066,0.577,7.9,23.01,2,6.7,0,0
STR-006710,Control,B03,101.18,2.64,0.2228,658,69.6,0.1807,0.6662,60.05,24.04,4,7.06,0,0
STR-006711,TreatmentA,B01,78.01,3.7,0.2311,230,50.37,0.3095,0.269,36.88,34.06,5,6.59,0,1
STR-006712,TreatmentA,B01,125.14,2.09,0.2462,445,36.94,0.3055,0.2433,21.07,22.77,3,9.13,1,0
STR-006713,Control,B01,117.03,1.99,0.31,128,50.68,0.2578,0.3091,57.93,26.56,3,5.3,1,1
STR-006714,Control,B01,86.99,2.01,0.1873,209,71.76,0.2981,0.3326,54.91,28.72,0,6.81,1,1
STR-006715,TreatmentB,B01,120.13,1.3,0.2041,122,46.4,0.3154,0.4877,15.13,35.49,2,4.91,0,0
STR-006716,TreatmentB,B01,105.59,1.5,0.2335,614,21.71,0.6291,0.255,40.56,30.82,1,6.95,1,0
STR-006717,Control,B01,84.06,2.45,0.2095,151,45.52,0.2934,0.4833,37.75,21.4,0,6.05,0,0
STR-006718,TreatmentA,B01,87.29,2.41,0.2698,292,27.41,0.3313,0.3457,27.98,21.61,0,8.79,1,0
STR-006719,TreatmentA,B01,79.91,1.59,0.2784,959,25.24,0.5839,0.4248,52.55,17.99,3,7.36,0,1
STR-006720,TreatmentB,B01,100.27,1.74,0.2357,140,16.98,0.1829,0.1968,67.56,23.17,1,3.42,0,1
STR-006721,TreatmentB,B03,84.24,2.41,0.2727,806,141.89,0.2617,0.266,7.25,17.05,1,4.96,1,0
STR-006722,TreatmentA,B02,72.38,2.37,0.2171,437,36.49,0.4855,0.3106,25.58,19.09,5,6.76,1,1
STR-006723,Control,B01,104.1,3.75,0.2179,161,22.59,0.2692,0.3257,31.68,19.41,0,7.49,0,1
STR-006724,TreatmentA,B01,93.86,1.52,0.2265,129,69.38,0.4103,0.2338,28.91,23.05,6,5.92,1,0
STR-006725,TreatmentB,B03,116.45,1.36,0.2174,941,28.72,0.5001,0.235,40.45,14.62,3,4.86,1,0
STR-006726,TreatmentB,B02,86.44,1.74,0.2718,71,57.18,0.4265,0.1627,34.53,24.17,1,7.51,0,0
STR-006727,TreatmentB,B03,74.19,1.64,0.1901,163,58.06,0.6675,0.3035,21.16,17.53,2,6.54,1,1
STR-006728,TreatmentB,B01,87.87,2.01,0.2498,225,16.67,0.342,0.372,35.25,20.55,5,5.81,1,1
STR-006729,TreatmentB,B02,82.09,2.77,0.2997,193,236.95,0.7577,0.2296,27.63,10.53,6,6.67,0,0
STR-006730,TreatmentA,B03,97.56,1.8,0.1538,499,136.02,0.4163,0.2844,42.93,21.79,2,9.18,1,1
STR-006731,Control,B01,106.78,2.15,0.2319,137,16.32,0.2711,0.3805,52.53,21.73,2,7.09,0,1
STR-006732,TreatmentB,B03,96.53,1.21,0.2207,113,36.07,0.4731,0.2627,23.3,30.22,3,7.31,1,1
STR-006733,TreatmentA,B02,96.92,3.57,0.243,295,89.91,0.3608,0.3975,26.15,31.34,1,7.09,1,1
STR-006734,TreatmentB,B02,105.31,1.13,0.276,90,84.77,0.5385,0.4428,31.37,32.22,3,5.0,0,1
STR-006735,TreatmentA,B02,105.52,1.48,0.2695,182,42.12,0.2501,0.3878,37.77,19.09,0,6.37,0,0
STR-006736,Control,B01,117.8,2.52,0.2323,313,19.58,0.2962,0.1817,44.39,20.75,3,6.43,0,1
STR-006737,Control,B01,105.67,3.41,0.2391,106,21.66,0.2952,0.206,33.5,28.88,3,8.19,0,1
STR-006738,TreatmentB,B03,130.52,1.45,0.2142,541,91.69,0.5063,0.2637,22.44,28.63,0,5.12,1,1
STR-006739,TreatmentA,B01,99.64,2.08,0.2063,259,37.26,0.653,0.1915,17.06,22.36,2,6.89,0,1
STR-006740,Control,B01,97.86,1.73,0.2175,295,60.33,0.3335,0.3669,24.94,24.56,4,6.88,1,1
STR-006741,TreatmentB,B02,119.45,0.93,0.2604,139,28.01,0.2749,0.2128,13.83,25.61,1,8.32,1,1
STR-006742,Control,B03,84.89,1.83,0.2585,253,47.94,0.2908,0.2342,33.81,35.01,0,5.74,1,1
STR-006743,TreatmentB,B03,79.6,1.37,0.2056,116,34.4,0.6905,0.4197,18.15,27.69,5,6.96,0,1
STR-006744,Control,B03,94.96,3.0,0.294,103,18.22,0.2968,0.1539,28.23,30.37,4,4.7,0,0
STR-006745,TreatmentB,B03,121.4,1.91,0.192,446,79.56,0.485,0.3395,10.43,35.37,2,9.24,1,0
STR-006746,TreatmentB,B03,124.04,1.79,0.2011,368,49.43,0.3707,0.1846,4.42,27.18,1,5.26,1,1
STR-006747,TreatmentB,B02,118.29,1.16,0.2413,276,37.66,0.2783,0.2284,7.27,27.57,1,6.82,1,1
STR-006748,TreatmentA,B01,85.59,0.96,0.2226,349,27.8,0.2431,0.2819,21.59,23.68,3,7.35,1,1
STR-006749,TreatmentB,B03,120.9,2.25,0.2444,303,34.78,0.4826,0.2776,13.74,16.54,1,4.46,0,0
STR-006750,TreatmentA,B02,69.59,2.12,0.225,370,11.08,0.2838,0.4157,44.17,19.92,2,7.46,0,0
STR-006751,TreatmentB,B01,119.47,0.96,0.2471,183,35.09,0.3921,0.3603,39.38,23.36,4,6.13,0,0
STR-006752,TreatmentA,B01,106.83,2.98,0.2423,857,27.12,0.5178,0.4502,48.55,26.36,0,7.1,0,1
STR-006753,TreatmentB,B01,81.4,0.69,0.2368,268,54.07,0.3959,0.2504,26.45,22.81,2,5.72,1,0
STR-006754,Control,B02,49.72,2.68,0.2378,279,28.05,0.2681,0.5297,45.76,25.03,2,3.52,1,0
STR-006755,Control,B01,94.23,2.65,0.2675,680,21.28,0.3347,0.4389,46.77,13.33,5,6.16,0,0
STR-006756,TreatmentA,B02,115.89,1.5,0.2861,322,16.3,0.4844,0.2381,46.81,22.59,4,9.11,0,0
STR-006757,Control,B01,70.65,2.04,0.2643,129,12.24,0.4518,0.1604,57.55,16.54,3,7.45,0,0
STR-006758,TreatmentB,B01,91.22,0.8,0.2612,174,92.85,0.4812,0.2416,52.04,20.5,1,5.69,1,0
STR-006759,Control,B03,114.55,1.5,0.2923,499,23.51,0.4602,0.3322,55.85,32.86,2,7.85,0,1
STR-006760,TreatmentA,B01,90.29,1.57,0.2593,137,15.42,0.3835,0.2991,45.74,4.93,1,4.72,1,0
STR-006761,Control,B01,139.81,2.13,0.25,985,20.82,0.494,0.5151,52.05,27.68,3,9.04,1,1
STR-006762,Control,B03,114.61,1.79,0.1722,213,90.73,0.4263,0.3277,68.4,18.46,2,4.56,0,0
STR-006763,Control,B03,92.15,2.48,0.2096,511,37.65,0.5091,0.4374,38.66,18.78,0,6.28,1,1
STR-006764,TreatmentA,B01,108.6,3.66,0.3091,645,18.52,0.6751,0.4217,21.63,31.43,2,8.13,0,1
STR-006765,TreatmentA,B02,95.75,2.68,0.2323,690,7.98,0.424,0.2231,45.58,26.24,2,7.23,0,1
STR-006766,TreatmentB,B03,98.14,2.64,0.3372,277,43.82,0.2449,0.3927,10.59,25.0,2,5.3,0,0
STR-006767,Control,B03,116.02,3.46,0.1747,228,31.15,0.5342,0.3634,30.93,27.65,3,7.69,1,1
STR-006768,TreatmentA,B01,129.33,1.54,0.2499,133,62.79,0.5479,0.4052,42.06,13.89,3,5.96,1,1
STR-006769,Control,B02,93.77,2.15,0.2104,235,40.07,0.2496,0.3474,36.63,21.59,3,8.52,0,0
STR-006770,Control,B02,95.25,2.38,0.2437,308,63.41,0.4325,0.4203,49.35,24.6,0,6.65,0,1
STR-006771,TreatmentA,B02,126.6,1.33,0.2483,198,17.12,0.3524,0.2157,42.99,13.48,0,5.66,1,1
STR-006772,TreatmentB,B03,92.16,1.06,0.2269,241,38.72,0.5982,0.4135,11.52,30.71,1,6.12,1,1
STR-006773,Control,B01,95.7,2.71,0.1959,476,29.56,0.229,0.3995,41.96,24.9,2,6.55,0,1
STR-006774,TreatmentB,B03,95.43,2.18,0.278,262,52.0,0.2063,0.5336,21.43,31.31,0,8.12,0,0
STR-006775,TreatmentB,B03,92.58,1.07,0.2337,164,44.45,0.4071,0.2243,39.8,24.45,2,7.26,1,1
STR-006776,TreatmentB,B03,91.28,0.86,0.2949,242,20.67,0.2649,0.17,10.29,29.99,1,9.77,1,1
STR-006777,TreatmentA,B01,109.62,2.1,0.2064,237,35.46,0.5284,0.2744,19.31,26.06,5,6.2,1,0
STR-006778,TreatmentA,B01,113.57,2.55,0.2059,224,17.43,0.6349,0.3031,31.51,17.09,3,5.26,0,0
STR-006779,TreatmentB,B01,102.68,1.65,0.269,410,64.18,0.6511,0.2604,21.69,29.48,1,6.03,0,0
STR-006780,Control,B01,90.78,2.34,0.2738,315,40.17,0.4283,0.5249,45.79,19.6,2,7.03,0,1
STR-006781,Control,B01,95.89,1.69,0.2274,731,20.62,0.164,0.3986,50.2,14.04,3,6.95,1,0
STR-006782,Control,B03,117.74,3.24,0.2003,370,62.39,0.4783,0.393,70.59,15.43,4,6.54,0,1
STR-006783,TreatmentB,B03,107.92,2.45,0.2778,198,23.89,0.3658,0.2452,15.26,14.33,2,7.55,1,0
STR-006784,TreatmentA,B03,114.0,1.22,0.2003,90,16.77,0.3845,0.2534,21.64,24.69,3,7.34,1,1
STR-006785,TreatmentB,B02,89.08,1.97,0.2227,658,24.2,0.5492,0.314,27.17,23.66,1,6.02,1,1
STR-006786,TreatmentB,B01,97.21,3.46,0.2608,452,19.56,0.4226,0.1923,16.68,28.18,3,5.58,0,0
STR-006787,TreatmentB,B01,101.17,0.53,0.2585,251,123.03,0.279,0.3343,47.14,26.0,3,8.01,0,0
STR-006788,TreatmentB,B01,90.64,1.16,0.2773,514,31.73,0.2499,0.2251,16.43,24.97,5,7.61,0,1
STR-006789,TreatmentB,B03,101.38,1.59,0.2036,255,35.22,0.5812,0.2387,26.52,32.18,5,8.61,1,0
STR-006790,TreatmentA,B01,110.44,1.47,0.2611,313,43.97,0.4516,0.1249,37.39,11.53,2,5.83,0,0
STR-006791,TreatmentA,B01,109.07,1.97,0.2461,342,15.36,0.63,0.2331,34.04,13.89,2,6.04,1,0
STR-006792,TreatmentB,B01,111.17,2.26,0.2125,163,18.62,0.2446,0.36,34.8,24.8,1,6.62,1,0
STR-006793,TreatmentB,B03,93.02,2.2,0.2645,223,125.51,0.191,0.3391,55.29,35.86,1,7.48,1,0
STR-006794,Control,B03,110.87,2.25,0.211,404,77.02,0.1711,0.072,34.63,19.93,4,7.85,0,1
STR-006795,Control,B01,97.62,2.15,0.2095,300,49.83,0.5665,0.2227,48.98,23.69,3,6.84,0,0
STR-006796,Control,B02,84.98,2.37,0.2629,272,112.86,0.4109,0.3769,63.1,27.45,2,8.06,0,0
STR-006797,Control,B02,106.95,2.22,0.243,333,34.68,0.4702,0.2534,38.92,25.84,2,6.66,1,1
STR-006798,Control,B02,121.71,4.3,0.2564,156,21.74,0.3395,0.0607,51.49,17.96,0,7.78,0,1
STR-006799,Control,B03,113.12,2.4,0.2001,524,36.35,0.5319,0.2816,58.35,31.47,1,5.3,0,0
STR-006800,TreatmentB,B01,89.37,2.42,0.1895,660,22.53,0.4102,0.6177,20.45,25.69,1,5.06,1,0
STR-006801,TreatmentA,B02,122.91,1.3,0.1973,77,22.66,0.5151,0.2311,30.1,29.23,2,7.24,1,1
STR-006802,TreatmentB,B03,114.59,2.66,0.1984,858,56.28,0.421,0.1733,43.13,26.38,3,8.33,0,0
STR-006803,Control,B03,98.25,2.24,0.2264,155,38.19,0.5965,0.3074,49.17,35.78,4,6.92,1,1
STR-006804,TreatmentA,B03,100.15,1.25,0.2714,438,18.37,0.7496,0.5597,38.44,12.96,6,9.21,1,1
STR-006805,Control,B01,79.82,3.33,0.2631,240,93.31,0.4308,0.4081,54.01,32.36,4,5.57,0,1
STR-006806,Control,B01,90.87,2.4,0.2015,277,62.56,0.5548,0.3058,31.24,21.23,0,6.47,1,1
STR-006807,TreatmentB,B01,106.3,1.12,0.202,384,51.91,0.5071,0.2222,48.07,16.22,3,8.53,1,0
STR-006808,Control,B02,91.9,4.71,0.2454,222,34.8,0.2662,0.3447,76.23,31.96,2,7.97,0,0
STR-006809,TreatmentA,B01,85.96,1.74,0.2832,318,8.51,0.2729,0.182,54.56,30.37,1,9.17,1,0
STR-006810,TreatmentB,B02,101.45,1.45,0.1951,159,27.79,0.3721,0.2629,15.55,17.56,4,7.31,1,1
STR-006811,TreatmentA,B02,102.32,2.09,0.2291,409,19.39,0.4046,0.6581,36.88,26.84,2,5.56,1,1
STR-006812,TreatmentB,B02,90.57,1.1,0.263,221,28.72,0.4476,0.2909,28.79,20.23,1,5.87,1,1
STR-006813,TreatmentA,B03,94.73,1.92,0.2596,215,53.7,0.3892,0.4364,40.79,26.13,4,9.1,1,0
STR-006814,TreatmentA,B01,77.89,2.38,0.2501,454,24.76,0.5878,0.4527,40.06,28.53,3,7.3,0,1
STR-006815,TreatmentA,B03,70.35,1.18,0.3032,540,51.62,0.1134,0.429,50.68,29.55,3,9.25,0,0
STR-006816,TreatmentB,B02,88.12,1.05,0.2034,243,16.99,0.5585,0.307,18.51,31.33,3,6.45,1,1
STR-006817,TreatmentB,B03,111.93,2.23,0.2536,484,72.3,0.5098,0.36,32.2,7.65,4,6.47,1,1
STR-006818,TreatmentA,B02,87.66,1.93,0.2275,773,38.31,0.3177,0.3689,30.07,32.95,3,6.33,1,0
STR-006819,Control,B02,49.98,2.08,0.2003,345,64.55,0.4715,0.3285,25.81,35.91,1,6.66,1,1
STR-006820,Control,B03,103.43,1.75,0.3122,385,31.86,0.3294,0.2175,40.67,26.66,1,5.86,0,1
STR-006821,TreatmentB,B02,100.21,1.33,0.2458,339,14.79,0.3079,0.267,33.03,22.3,2,7.38,1,1
STR-006822,Control,B01,112.34,2.2,0.3085,466,40.64,0.5748,0.3174,48.04,20.91,2,5.59,0,1
STR-006823,TreatmentA,B02,97.97,1.5,0.2069,251,23.25,0.1233,0.3995,31.46,36.07,2,9.75,1,0
STR-006824,Control,B03,78.46,2.25,0.2776,193,14.54,0.6998,0.1317,61.43,29.69,3,7.02,0,0
STR-006825,TreatmentB,B01,100.33,1.37,0.227,352,90.77,0.4162,0.4426,26.52,22.7,1,2.05,1,0
STR-006826,TreatmentB,B01,102.89,1.42,0.217,252,44.09,0.4816,0.5087,29.74,19.54,2,6.91,0,1
STR-006827,Control,B01,101.03,1.58,0.2583,547,44.97,0.5437,0.2625,37.63,24.75,3,8.17,0,0
STR-006828,TreatmentB,B01,115.86,3.07,0.2045,318,34.76,0.6497,0.3919,17.27,28.62,3,7.98,1,1
STR-006829,Control,B02,99.15,2.39,0.2487,367,22.98,0.3406,0.1216,23.6,23.7,1,6.73,0,1
STR-006830,Control,B03,86.3,2.74,0.167,566,60.3,0.5387,0.113,47.98,23.22,4,4.45,1,0
STR-006831,Control,B01,108.74,2.41,0.2385,753,27.6,0.4061,0.236,35.06,36.18,0,8.17,0,0
STR-006832,TreatmentB,B02,84.83,1.26,0.2279,258,41.78,0.3351,0.4136,42.58,28.22,2,6.34,1,0
STR-006833,TreatmentB,B01,94.84,1.22,0.1802,297,82.25,0.7544,0.3641,10.01,15.8,1,6.53,1,1
STR-006834,Control,B01,95.11,1.75,0.2755,304,86.45,0.4816,0.5107,74.24,18.23,3,5.65,0,1
STR-006835,TreatmentB,B03,84.41,0.97,0.1915,290,134.39,0.5546,0.3979,37.5,24.92,5,5.93,1,1
STR-006836,Control,B03,99.28,2.96,0.272,316,27.83,0.3797,0.3413,44.18,24.24,1,3.66,1,0
STR-006837,TreatmentB,B02,95.31,3.3,0.2509,134,24.7,0.175,0.3969,44.17,27.19,3,8.0,0,0
STR-006838,TreatmentB,B02,116.26,1.3,0.241,215,33.19,0.4339,0.3586,13.16,25.55,1,6.17,1,1
STR-006839,TreatmentA,B01,115.71,1.62,0.2407,189,43.38,0.3965,0.2274,52.94,25.34,4,6.62,1,1
STR-006840,TreatmentA,B03,101.86,2.1,0.1968,581,24.74,0.4256,0.3028,40.9,34.02,1,9.33,1,0
STR-006841,TreatmentA,B02,100.94,2.06,0.3235,498,28.07,0.1769,0.414,82.7,17.43,2,6.58,0,0
STR-006842,Control,B03,89.9,2.44,0.2385,190,25.23,0.3264,0.3044,53.98,20.37,5,8.86,1,0
STR-006843,Control,B03,80.11,2.11,0.2338,323,33.3,0.4779,0.3082,31.19,23.75,2,5.53,0,1
STR-006844,Control,B03,87.33,1.99,0.2533,95,14.64,0.3666,0.4457,33.53,33.48,4,8.28,1,1
STR-006845,Control,B02,101.19,2.93,0.2737,374,20.79,0.5794,0.3082,74.53,23.36,3,6.95,0,1
STR-006846,TreatmentB,B03,89.94,0.99,0.2626,546,103.9,0.2446,0.4236,21.54,20.17,4,6.04,1,0
STR-006847,TreatmentB,B03,80.3,2.35,0.1543,125,36.15,0.5718,0.4824,20.69,19.58,2,7.06,1,1
STR-006848,Control,B02,65.33,2.23,0.188,386,40.39,0.2791,0.1895,73.12,34.16,4,7.52,0,1
STR-006849,Control,B03,104.52,1.68,0.2861,399,18.75,0.238,0.3307,46.4,21.28,2,4.9,0,0
STR-006850,TreatmentA,B02,122.85,1.91,0.2842,164,27.0,0.6021,0.1851,38.13,23.29,1,7.29,0,0
STR-006851,Control,B03,75.96,2.87,0.2264,275,21.15,0.3646,0.4455,42.99,18.91,3,5.24,0,0
STR-006852,Control,B01,88.4,4.01,0.2251,220,8.65,0.3351,0.3787,45.53,20.03,2,6.52,0,1
STR-006853,Control,B01,107.65,4.41,0.2935,265,23.4,0.3972,0.3616,43.02,26.88,6,8.67,0,0
STR-006854,TreatmentA,B02,88.22,2.07,0.1807,363,70.62,0.6147,0.3195,10.21,28.39,1,7.9,1,1
STR-006855,Control,B01,105.14,3.67,0.1719,235,35.31,0.3704,0.3256,25.43,14.79,1,5.54,0,0
STR-006856,TreatmentB,B01,128.16,1.12,0.24,644,35.43,0.6448,0.3777,57.53,22.32,2,4.93,1,1
STR-006857,TreatmentB,B02,112.85,1.84,0.197,158,31.53,0.2994,0.4069,13.51,21.3,3,6.84,1,1
STR-006858,TreatmentB,B02,99.53,2.06,0.201,756,132.43,0.6221,0.2763,30.48,5.74,1,6.62,1,0
STR-006859,TreatmentB,B01,87.5,2.24,0.2632,198,109.16,0.3357,0.2565,22.39,24.85,1,4.03,1,0
STR-006860,TreatmentA,B03,84.37,2.35,0.3176,375,16.75,0.519,0.1029,29.79,27.45,4,9.08,0,0
STR-006861,Control,B02,86.6,1.94,0.2286,485,34.2,0.2604,0.4539,32.79,34.25,2,6.98,0,0
STR-006862,TreatmentA,B01,68.74,1.31,0.2684,164,32.98,0.4299,0.5763,13.47,30.6,0,10.88,1,0
STR-006863,TreatmentA,B01,113.58,1.48,0.191,430,54.48,0.4371,0.2147,14.1,17.03,5,6.83,1,1
STR-006864,TreatmentA,B03,96.78,1.0,0.274,245,24.68,0.3501,0.3593,51.75,23.75,3,6.57,0,1
STR-006865,Control,B02,94.93,1.4,0.1947,307,89.13,0.1929,0.0765,55.94,34.63,1,6.79,1,1
STR-006866,TreatmentB,B01,89.82,1.3,0.2365,988,127.82,0.4774,0.3287,37.51,23.68,2,5.12,1,0
STR-006867,TreatmentA,B02,98.25,1.89,0.2994,229,13.09,0.6395,0.1924,14.39,26.27,5,8.29,0,0
STR-006868,Control,B01,114.3,1.94,0.2606,175,39.04,0.6,0.2818,77.49,23.41,2,7.78,0,1
STR-006869,Control,B02,100.22,1.52,0.2686,275,58.79,0.3044,0.4856,26.92,24.13,3,6.58,1,1
STR-006870,TreatmentB,B02,104.39,1.95,0.2507,271,76.73,0.3406,0.3766,32.64,27.76,2,6.48,0,0
STR-006871,TreatmentB,B03,99.34,0.68,0.2988,446,25.15,0.5302,0.2955,54.64,21.38,3,8.22,0,1
STR-006872,Control,B03,82.45,1.71,0.2407,295,21.94,0.3042,0.2451,34.56,22.72,7,6.37,1,1
STR-006873,Control,B02,93.37,1.64,0.2957,514,17.74,0.3849,0.2397,36.35,30.78,3,5.1,0,0
STR-006874,TreatmentA,B02,82.36,1.35,0.314,275,18.59,0.5519,0.5638,30.11,29.9,2,7.48,1,1
STR-006875,TreatmentB,B01,104.47,1.12,0.2055,187,12.13,0.3726,0.2582,33.33,24.28,3,7.63,1,1
STR-006876,Control,B01,113.73,2.14,0.1983,332,13.83,0.331,0.4025,34.94,27.97,5,7.62,0,1
STR-006877,TreatmentA,B01,101.8,2.99,0.2364,282,44.18,0.3877,0.3088,20.8,29.32,1,8.22,0,0
STR-006878,Control,B01,126.59,2.32,0.2362,269,26.67,0.7031,0.1468,28.64,15.92,6,7.22,0,0
STR-006879,TreatmentA,B01,128.58,2.18,0.23,294,23.82,0.6539,0.4182,27.05,39.2,3,5.48,1,1
STR-006880,TreatmentB,B02,109.04,4.16,0.1575,343,11.99,0.1715,0.4257,13.52,38.25,3,8.58,0,0
STR-006881,TreatmentB,B02,95.08,2.19,0.1953,311,142.61,0.46,0.2945,17.38,25.93,0,5.1,1,0
STR-006882,Control,B03,99.74,3.92,0.2376,256,28.79,0.2047,0.4592,46.78,21.81,1,8.0,0,0
STR-006883,TreatmentB,B03,112.19,1.23,0.2444,296,34.41,0.5198,0.3884,33.33,23.56,3,5.02,1,1
STR-006884,TreatmentA,B01,89.02,2.0,0.2652,73,18.0,0.5975,0.2579,40.41,24.81,3,7.93,0,0
STR-006885,Control,B02,105.84,2.55,0.1864,340,23.79,0.4258,0.3799,37.43,25.94,2,8.09,0,1
STR-006886,TreatmentB,B02,93.85,1.03,0.221,158,56.35,0.3782,0.2237,29.74,15.4,5,7.7,1,1
STR-006887,TreatmentB,B01,103.81,1.04,0.2328,467,54.08,0.6341,0.465,23.94,26.43,2,8.4,1,1
STR-006888,TreatmentB,B02,108.67,3.54,0.193,212,81.18,0.1346,0.3794,28.78,18.66,2,4.69,0,0
STR-006889,TreatmentB,B01,104.62,1.46,0.2274,490,74.27,0.3955,0.1501,14.04,19.25,4,6.07,1,1
STR-006890,TreatmentB,B03,89.9,2.52,0.2186,314,26.53,0.7646,0.2528,19.06,19.71,3,6.1,1,0
STR-006891,TreatmentB,B02,111.37,2.69,0.2851,219,21.95,0.2423,0.4859,36.42,24.3,3,7.75,0,0
STR-006892,Control,B01,104.84,1.85,0.2133,488,32.18,0.3902,0.3165,69.91,22.54,1,6.1,1,0
STR-006893,Control,B03,100.89,2.0,0.3112,578,15.35,0.4869,0.3685,43.87,17.79,1,7.41,0,1
STR-006894,Control,B01,93.65,2.04,0.2407,128,40.45,0.5441,0.301,50.35,33.16,1,8.73,1,0
STR-006895,TreatmentA,B01,96.31,1.53,0.266,92,27.41,0.5115,0.1533,44.4,31.96,4,6.84,1,1
STR-006896,TreatmentB,B02,107.25,0.93,0.2292,218,48.54,0.325,0.3995,14.28,22.42,3,4.69,1,0
STR-006897,TreatmentB,B01,89.44,0.69,0.2792,147,30.45,0.4621,0.2174,36.11,21.94,2,4.63,1,0
STR-006898,TreatmentA,B03,94.25,3.0,0.2484,305,13.37,0.2669,0.6213,46.12,19.21,2,7.17,1,1
STR-006899,TreatmentA,B03,91.12,1.44,0.262,247,21.81,0.3148,0.2896,57.85,21.59,2,6.61,0,1
STR-006900,Control,B03,105.48,1.92,0.2351,271,25.95,0.5596,0.43,45.15,28.01,2,6.36,0,1
STR-006901,TreatmentB,B03,83.33,1.35,0.2721,203,37.19,0.1355,0.2441,7.94,27.15,1,8.28,1,1
STR-006902,TreatmentA,B02,131.31,1.76,0.2561,165,25.64,0.4843,0.3522,33.06,8.99,2,4.75,1,1
STR-006903,Control,B02,120.52,1.57,0.197,278,40.33,0.1732,0.4167,39.26,28.58,4,5.84,1,0
STR-006904,TreatmentA,B03,119.59,2.25,0.2265,281,25.66,0.5887,0.2716,22.58,27.9,3,8.3,1,0
STR-006905,TreatmentA,B03,98.99,2.06,0.3042,137,11.67,0.2333,0.3428,62.81,20.17,1,6.37,0,0
STR-006906,TreatmentB,B03,115.15,0.77,0.1913,322,57.94,0.2891,0.1994,17.48,14.23,5,7.62,1,1
STR-006907,TreatmentA,B01,89.22,1.7,0.2188,135,70.45,0.5756,0.694,63.74,30.0,1,5.5,0,1
STR-006908,Control,B02,96.85,2.38,0.1707,128,22.94,0.2491,0.3846,35.05,24.12,4,6.24,1,0
STR-006909,TreatmentA,B03,97.79,1.72,0.1965,158,57.53,0.3094,0.206,71.43,23.59,3,6.01,1,0
STR-006910,TreatmentB,B01,122.15,0.87,0.2616,81,29.44,0.3729,0.201,51.77,22.92,1,4.99,1,1
STR-006911,TreatmentA,B02,106.61,2.18,0.2507,247,18.14,0.5605,0.3089,27.13,13.99,0,5.56,1,0
STR-006912,TreatmentB,B02,84.15,1.29,0.1977,322,25.57,0.4934,0.1951,38.81,27.19,3,8.58,1,0
STR-006913,TreatmentA,B01,117.39,1.8,0.1943,183,29.68,0.3343,0.2221,53.57,15.98,1,6.59,1,1
STR-006914,TreatmentA,B03,115.72,1.74,0.2117,330,66.65,0.5854,0.1555,33.81,30.76,2,6.72,1,0
STR-006915,Control,B03,106.55,2.78,0.2697,384,23.21,0.8151,0.1919,45.71,25.76,3,7.44,0,0
STR-006916,Control,B01,111.58,3.22,0.2117,556,13.08,0.5105,0.2671,48.79,19.02,4,7.41,0,1
STR-006917,TreatmentB,B03,104.08,2.69,0.2736,109,29.81,0.2252,0.1795,32.1,21.51,3,5.73,0,1
STR-006918,TreatmentB,B02,105.6,1.34,0.2597,446,46.77,0.3089,0.1627,18.77,29.65,2,5.89,1,1
STR-006919,TreatmentB,B01,94.49,1.74,0.2609,395,7.78,0.3588,0.1358,27.78,16.64,1,5.81,1,1
STR-006920,TreatmentB,B03,109.14,2.85,0.2785,268,31.06,0.2431,0.2469,25.71,22.83,2,8.49,0,0
STR-006921,Control,B03,107.22,2.62,0.2267,454,93.96,0.3018,0.2505,65.07,27.26,1,7.88,0,0
STR-006922,TreatmentA,B02,103.96,2.22,0.1938,196,31.58,0.2143,0.24,13.36,22.25,4,8.93,0,0
STR-006923,Control,B01,100.94,2.41,0.2583,167,25.06,0.1506,0.3503,40.7,29.61,7,7.65,0,0
STR-006924,TreatmentA,B03,75.37,1.79,0.2419,299,64.7,0.5854,0.4165,10.64,26.27,1,6.77,1,1
STR-006925,TreatmentA,B03,65.24,1.87,0.2348,104,11.35,0.4935,0.451,44.58,39.09,1,6.94,0,1
STR-006926,Control,B03,108.41,2.1,0.2602,309,31.16,0.2513,0.4197,33.88,30.47,0,6.55,0,1
STR-006927,Control,B01,66.22,1.72,0.2999,972,47.41,0.363,0.3466,82.37,26.58,4,8.11,0,0
STR-006928,Control,B02,98.39,3.54,0.2807,474,15.56,0.4197,0.0277,53.81,25.51,1,8.43,0,1
STR-006929,TreatmentA,B02,123.6,2.04,0.1877,152,27.84,0.5948,0.3975,37.99,20.91,1,6.44,1,1
STR-006930,TreatmentA,B03,84.65,1.03,0.1715,230,19.01,0.3738,0.3442,66.6,24.14,3,7.71,1,1
STR-006931,Control,B01,74.53,1.51,0.198,127,25.35,0.3922,0.2598,23.56,28.97,4,6.91,1,1
STR-006932,TreatmentB,B03,94.78,1.82,0.2512,249,22.37,0.4163,0.51,84.72,28.66,0,7.55,0,1
STR-006933,TreatmentA,B02,115.74,1.18,0.2485,300,17.56,0.2491,0.4757,36.99,35.71,1,7.69,1,0
STR-006934,TreatmentA,B02,85.12,2.08,0.2034,172,39.98,0.3068,0.2142,43.98,23.2,1,6.06,1,1
STR-006935,TreatmentA,B01,103.0,2.01,0.285,347,32.89,0.4391,0.1692,28.05,18.67,0,7.59,0,1
STR-006936,TreatmentB,B01,132.91,0.89,0.2727,87,108.87,0.3618,0.3982,11.71,35.39,6,6.17,1,1
STR-006937,TreatmentB,B02,125.02,2.41,0.2491,467,54.71,0.5131,0.2866,13.23,41.54,6,8.6,1,0
STR-006938,TreatmentB,B01,97.55,3.32,0.2574,106,24.94,0.3722,0.1005,58.77,21.85,4,7.65,0,1
STR-006939,TreatmentB,B03,94.28,2.32,0.1754,344,25.23,0.4113,0.2603,19.44,26.07,0,7.77,1,0
STR-006940,TreatmentB,B03,104.59,1.28,0.2648,759,46.7,0.3664,0.1208,33.34,38.38,0,5.92,1,1
STR-006941,TreatmentB,B01,85.87,1.31,0.254,680,19.26,0.3574,0.5866,22.35,20.34,0,9.06,1,0
STR-006942,TreatmentA,B01,114.96,2.49,0.2137,470,18.32,0.4285,0.2218,29.44,17.22,1,6.53,0,1
STR-006943,TreatmentA,B01,109.84,1.76,0.1833,209,28.16,0.5375,0.2769,22.22,21.64,2,6.73,1,1
STR-006944,TreatmentB,B03,108.83,1.59,0.2755,282,39.78,0.4891,0.3294,55.2,20.96,0,5.6,0,1
STR-006945,TreatmentB,B02,75.44,3.96,0.1923,208,36.4,0.3108,0.4213,15.35,15.54,4,6.06,0,0
STR-006946,Control,B03,83.53,1.89,0.2645,294,32.32,0.3563,0.2614,70.45,22.49,2,6.7,0,1
STR-006947,TreatmentB,B02,88.64,2.41,0.2492,387,23.42,0.2772,0.5967,14.38,14.17,2,6.8,0,0
STR-006948,TreatmentB,B01,115.51,1.83,0.2148,251,29.43,0.4884,0.5313,13.98,29.94,1,7.89,1,1
STR-006949,TreatmentB,B01,70.13,2.17,0.2395,90,11.05,0.448,0.0941,22.6,22.71,3,4.12,0,0
STR-006950,TreatmentB,B02,87.04,0.96,0.2409,225,31.35,0.2757,0.1274,11.52,23.65,5,6.78,1,1
STR-006951,TreatmentB,B01,111.3,2.58,0.2119,193,19.22,0.3824,0.4535,26.69,28.15,1,4.94,1,0
STR-006952,TreatmentA,B01,87.81,2.07,0.206,506,17.9,0.4277,0.5369,27.74,23.03,4,5.72,1,1
STR-006953,Control,B01,114.61,2.44,0.2863,60,117.9,0.3161,0.3497,26.18,34.83,6,9.88,0,0
STR-006954,TreatmentA,B03,94.06,3.38,0.2521,257,15.89,0.5138,0.1236,19.55,26.25,0,4.67,1,0
STR-006955,TreatmentA,B02,108.03,2.93,0.275,963,31.03,0.6672,0.1937,41.07,24.55,3,7.18,0,1
STR-006956,TreatmentA,B01,127.59,1.47,0.2169,242,74.19,0.5573,0.1499,37.25,34.51,4,8.01,1,0
STR-006957,Control,B02,81.02,1.85,0.2375,408,11.33,0.3524,0.2712,53.1,22.49,1,6.96,1,1
STR-006958,TreatmentA,B01,86.98,2.55,0.2596,518,48.3,0.4479,0.372,30.4,32.7,4,6.3,0,1
STR-006959,TreatmentA,B02,96.93,3.1,0.2328,243,36.49,0.3986,0.2868,30.09,32.49,1,7.17,0,1
STR-006960,TreatmentA,B02,69.51,2.53,0.2269,509,6.98,0.4294,0.3393,19.75,18.09,1,8.71,1,0
STR-006961,TreatmentA,B02,65.48,2.54,0.2232,314,61.66,0.4178,0.314,32.27,44.71,1,6.06,0,1
STR-006962,TreatmentB,B02,116.14,1.72,0.2658,243,27.4,0.3778,0.4132,20.05,26.87,1,5.82,0,0
STR-006963,TreatmentB,B02,110.57,1.29,0.2842,242,24.2,0.6543,0.4458,31.12,23.74,5,7.55,0,1
STR-006964,TreatmentB,B01,97.9,1.52,0.2044,533,11.44,0.2963,0.3342,26.67,27.48,2,8.09,1,0
STR-006965,TreatmentB,B03,106.29,1.66,0.2255,260,55.89,0.4042,0.3316,8.26,22.84,0,6.27,0,1
STR-006966,TreatmentB,B03,114.86,1.55,0.2868,326,19.56,0.3191,0.3314,29.46,26.43,0,6.6,1,0
STR-006967,TreatmentB,B02,118.12,1.77,0.2857,442,23.52,0.2996,0.2783,38.82,19.24,0,7.73,1,1
STR-006968,TreatmentA,B02,95.32,2.31,0.2401,137,28.64,0.3178,0.2306,26.99,18.24,1,8.39,1,0
STR-006969,TreatmentA,B01,116.16,1.87,0.2479,256,26.78,0.4344,0.4006,36.38,33.42,4,7.93,1,1
STR-006970,TreatmentA,B02,113.3,1.74,0.1963,95,49.31,0.2522,0.5871,38.89,26.36,3,8.9,1,0
STR-006971,TreatmentA,B03,117.66,1.46,0.2377,129,41.69,0.5684,0.4408,49.91,18.27,2,7.1,1,1
STR-006972,TreatmentB,B03,111.8,1.69,0.1625,740,52.0,0.5042,0.3387,22.18,17.32,2,7.42,1,1
STR-006973,Control,B03,93.1,1.84,0.2429,352,16.09,0.2752,0.1875,70.33,10.4,2,6.36,0,1
STR-006974,Control,B02,90.2,3.34,0.2343,649,21.65,0.2848,0.2852,26.91,23.61,3,8.66,0,0
STR-006975,TreatmentA,B01,106.46,1.31,0.2872,394,51.74,0.6436,0.2942,28.91,28.16,1,4.39,1,0
STR-006976,TreatmentA,B02,91.35,3.42,0.2331,339,58.0,0.5391,0.5055,22.59,24.86,0,8.75,0,1
STR-006977,TreatmentB,B03,104.97,1.69,0.2316,204,33.05,0.594,0.3889,16.78,24.8,1,7.77,1,1
STR-006978,TreatmentB,B03,102.49,1.67,0.179,271,69.49,0.7189,0.3132,47.08,26.64,1,4.36,1,0
STR-006979,TreatmentA,B01,124.15,1.71,0.2373,164,38.1,0.5122,0.4034,27.33,12.85,2,9.67,1,0
STR-006980,TreatmentB,B03,109.35,1.79,0.2034,223,113.57,0.3729,0.4495,38.01,24.43,0,5.79,0,0
STR-006981,TreatmentA,B02,104.97,2.0,0.2098,136,13.53,0.2857,0.2542,40.0,31.39,1,6.75,0,0
STR-006982,TreatmentB,B01,115.19,1.3,0.1896,243,49.69,0.5041,0.2026,17.76,29.43,2,7.2,1,1
STR-006983,TreatmentB,B02,99.43,1.58,0.2485,132,49.9,0.4894,0.1584,26.65,23.69,3,8.23,1,0
STR-006984,TreatmentB,B01,101.71,1.71,0.2048,240,26.73,0.4293,0.3158,110.1,29.82,4,6.61,0,1
STR-006985,Control,B03,106.68,1.31,0.2749,234,35.9,0.5392,0.2747,26.03,27.75,2,7.88,0,0
STR-006986,Control,B01,106.03,2.09,0.2583,219,44.63,0.3658,0.3888,66.16,32.79,2,7.69,0,1
STR-006987,TreatmentB,B02,107.43,0.79,0.2138,167,3.53,0.3466,0.2462,10.01,25.82,3,8.05,1,0
STR-006988,TreatmentA,B03,82.54,3.07,0.2191,140,37.41,0.3056,0.1243,21.92,34.49,2,5.52,0,1
STR-006989,TreatmentB,B03,108.3,1.19,0.1796,299,41.84,0.6345,0.3438,17.14,9.84,1,5.98,1,1
STR-006990,TreatmentA,B02,112.67,1.29,0.288,152,33.62,0.4609,0.217,40.01,18.48,0,7.08,0,0
STR-006991,TreatmentA,B03,85.48,1.53,0.253,420,18.79,0.5647,0.4053,19.89,27.13,2,7.87,1,1
STR-006992,Control,B02,78.81,1.7,0.2329,321,16.11,0.37,0.3508,46.69,10.31,2,7.86,1,0
STR-006993,TreatmentA,B03,101.7,1.23,0.2309,590,11.59,0.4681,0.1898,19.43,21.93,3,6.69,1,0
STR-006994,Control,B01,114.41,2.33,0.234,160,67.49,0.334,0.1857,62.18,26.34,2,8.95,0,0
STR-006995,TreatmentB,B01,111.27,1.28,0.2362,500,20.05,0.3814,0.4936,28.83,20.54,3,5.9,1,0
STR-006996,TreatmentB,B01,105.9,0.88,0.2195,259,29.96,0.4411,0.2489,15.52,14.25,1,6.08,1,1
STR-006997,TreatmentB,B02,110.39,1.62,0.2804,400,55.2,0.4528,0.2234,18.41,17.58,7,7.53,1,1
STR-006998,Control,B03,99.33,2.95,0.2711,131,23.03,0.3184,0.0899,42.02,30.64,1,7.36,0,1
STR-006999,TreatmentA,B01,101.07,3.68,0.2372,255,58.61,0.3847,0.3925,46.97,21.7,0,5.33,1,0
STR-007000,Control,B02,99.0,2.39,0.1653,144,42.52,0.7765,0.3129,28.91,19.57,2,7.44,1,1
STR-007001,TreatmentB,B03,83.73,1.25,0.2345,301,22.83,0.5276,0.1816,12.17,31.43,3,8.93,1,0
STR-007002,TreatmentA,B03,118.36,2.27,0.1902,446,20.93,0.8016,0.2996,46.45,33.4,6,7.74,1,1
STR-007003,TreatmentA,B02,79.42,2.38,0.221,226,91.63,0.5849,0.2467,49.64,22.53,2,6.24,0,0
STR-007004,Control,B03,92.43,1.93,0.3332,81,53.74,0.4402,0.249,124.9,25.15,2,6.65,0,1
STR-007005,TreatmentB,B03,104.64,2.38,0.2617,130,61.41,0.787,0.4756,22.17,32.78,3,6.39,0,1
STR-007006,TreatmentA,B02,97.02,1.76,0.2533,363,23.63,0.2131,0.4708,57.08,19.64,5,6.02,1,0
STR-007007,TreatmentA,B01,96.16,3.01,0.2273,336,66.41,0.3574,0.3759,51.85,29.34,1,7.16,0,1
STR-007008,Control,B02,77.93,2.27,0.2162,114,62.26,0.1979,0.1735,77.95,19.99,3,7.66,0,1
STR-007009,TreatmentB,B01,82.98,1.62,0.1699,149,13.33,0.3401,0.2489,32.02,17.8,3,4.73,1,1
STR-007010,TreatmentA,B02,76.94,1.2,0.2012,167,35.84,0.2499,0.1996,30.01,25.51,2,7.9,1,1
STR-007011,TreatmentB,B01,87.33,1.19,0.2585,385,42.0,0.123,0.2122,19.33,22.78,2,5.42,1,1
STR-007012,TreatmentB,B03,100.59,2.08,0.2628,212,68.05,0.3788,0.1444,16.29,26.6,3,5.66,0,1
STR-007013,TreatmentB,B01,88.05,1.21,0.3005,307,48.64,0.2967,0.403,25.3,30.73,2,7.73,1,0
STR-007014,TreatmentB,B03,105.97,0.67,0.2426,131,52.6,0.2316,0.2449,56.46,21.91,3,8.69,0,0
STR-007015,TreatmentA,B01,85.39,1.83,0.2325,557,26.41,0.3183,0.2649,37.21,19.42,2,6.33,1,1
STR-007016,TreatmentB,B01,103.8,1.2,0.2135,469,94.39,0.487,0.3629,28.29,28.27,4,7.55,1,0
STR-007017,TreatmentA,B03,110.01,1.34,0.2389,721,37.95,0.4412,0.4167,19.95,23.91,1,9.98,1,0
STR-007018,TreatmentA,B02,115.95,0.98,0.1725,202,11.32,0.0902,0.3639,40.86,23.9,4,7.53,1,0
STR-007019,TreatmentB,B02,99.51,1.21,0.2424,210,52.74,0.3217,0.1839,16.33,26.53,1,6.22,1,1
STR-007020,Control,B02,107.13,2.24,0.2205,448,24.39,0.5013,0.3413,22.19,30.42,1,9.37,1,0
STR-007021,Control,B03,90.64,1.96,0.2647,143,35.53,0.2261,0.4961,45.21,21.41,3,6.72,0,0
STR-007022,TreatmentB,B02,137.82,1.37,0.264,187,22.91,0.4339,0.2432,7.28,14.38,2,4.77,1,0
STR-007023,TreatmentA,B02,91.43,2.08,0.2544,213,66.04,0.2636,0.2895,19.0,19.78,1,7.58,0,0
STR-007024,TreatmentA,B03,74.78,2.25,0.2801,364,27.33,0.3266,0.5555,39.62,21.63,1,7.36,0,0
STR-007025,Control,B03,106.99,2.37,0.261,259,31.36,0.213,0.2885,43.99,31.09,5,5.72,1,0
STR-007026,Control,B02,81.31,3.27,0.1853,257,18.3,0.5728,0.2689,39.74,14.9,2,6.45,0,0
STR-007027,Control,B01,92.93,1.47,0.2366,404,61.17,0.2935,0.2801,36.6,29.72,1,6.31,0,1
STR-007028,TreatmentB,B03,109.44,1.57,0.21,101,40.1,0.5435,0.3731,27.94,27.97,1,5.56,1,1
STR-007029,TreatmentA,B02,108.76,2.35,0.2063,196,91.57,0.5076,0.2352,23.93,18.43,1,7.17,1,1
STR-007030,TreatmentB,B01,93.96,1.34,0.2593,289,22.12,0.3916,0.5655,6.42,21.36,3,4.48,1,0
STR-007031,TreatmentB,B01,110.68,1.64,0.2322,1725,11.81,0.396,0.2144,20.57,27.56,3,6.17,0,1
STR-007032,TreatmentB,B01,119.34,1.51,0.2517,88,75.12,0.5328,0.4048,26.7,20.35,2,4.53,1,1
STR-007033,TreatmentA,B02,119.37,2.91,0.235,161,25.49,0.3141,0.3344,39.9,18.96,1,6.82,0,0
STR-007034,Control,B03,71.66,2.74,0.2461,115,15.25,0.5511,0.5653,74.92,29.52,1,5.74,0,1
STR-007035,TreatmentB,B03,84.12,1.27,0.2123,290,29.93,0.2741,0.328,8.92,31.76,3,5.09,1,0
STR-007036,TreatmentB,B03,61.95,1.78,0.2757,209,17.12,0.6859,0.366,15.91,26.32,3,6.7,1,1
STR-007037,Control,B01,103.33,2.66,0.283,370,21.44,0.4584,0.3853,32.04,22.51,3,5.7,0,0
STR-007038,TreatmentA,B03,71.7,2.15,0.2567,482,55.88,0.2447,0.2357,20.09,26.58,3,7.72,0,1
STR-007039,Control,B03,92.31,3.57,0.2307,237,45.13,0.4599,0.1198,62.24,21.36,6,5.95,0,0
STR-007040,TreatmentB,B03,106.43,0.82,0.205,92,40.48,0.4316,0.4863,10.67,23.66,1,8.87,1,0
STR-007041,Control,B03,116.74,1.76,0.2751,514,61.48,0.4214,0.2093,33.12,23.08,2,8.51,0,0
STR-007042,TreatmentB,B03,97.06,1.51,0.1988,424,20.06,0.6715,0.2168,15.01,30.79,2,6.47,1,0
STR-007043,Control,B02,83.17,2.5,0.267,640,42.91,0.7514,0.2607,36.2,25.36,4,7.04,0,0
STR-007044,TreatmentA,B03,121.31,2.35,0.257,76,29.0,0.2564,0.3888,25.11,17.19,6,5.57,0,0
STR-007045,TreatmentA,B03,104.96,2.65,0.2684,221,43.02,0.435,0.3518,25.88,24.71,1,4.47,0,0
STR-007046,TreatmentB,B01,117.06,2.02,0.2315,789,52.18,0.3487,0.1433,41.98,22.87,2,5.56,0,0
STR-007047,Control,B01,94.69,2.21,0.2702,135,153.65,0.5384,0.1515,43.66,25.45,2,8.61,1,0
STR-007048,TreatmentA,B02,84.74,2.47,0.2058,216,19.62,0.419,0.2189,41.12,29.93,4,6.17,0,1
STR-007049,TreatmentA,B02,92.69,4.0,0.2409,358,30.5,0.2816,0.151,29.6,24.03,4,6.25,0,1
STR-007050,Control,B01,78.4,2.59,0.1629,165,87.08,0.6051,0.4315,55.11,25.04,1,5.73,1,0
STR-007051,Control,B02,97.88,1.85,0.1664,193,59.57,0.5135,0.1705,49.97,24.9,1,6.91,1,0
STR-007052,TreatmentB,B02,81.27,2.02,0.2536,124,16.34,0.3644,0.1974,29.32,21.3,4,7.7,1,1
STR-007053,Control,B01,101.51,4.41,0.2807,226,22.74,0.2538,0.2943,110.87,25.03,1,5.42,0,0
STR-007054,TreatmentB,B03,124.64,1.77,0.2778,798,30.35,0.2074,0.3097,33.15,5.35,2,4.85,0,0
STR-007055,TreatmentB,B03,86.45,0.84,0.2063,322,13.86,0.248,0.1705,10.78,33.44,2,5.24,1,1
STR-007056,TreatmentB,B01,111.65,2.04,0.2791,270,51.18,0.5068,0.1206,5.51,21.23,2,5.81,0,0
STR-007057,TreatmentB,B02,118.73,0.99,0.2715,282,21.97,0.4575,0.2983,10.07,17.37,0,7.83,1,0
STR-007058,TreatmentB,B03,100.23,1.35,0.2824,136,14.73,0.6607,0.3252,12.45,23.85,1,6.56,1,1
STR-007059,TreatmentB,B03,110.76,1.29,0.2206,178,50.37,0.4957,0.3495,34.91,25.57,2,3.14,1,0
STR-007060,Control,B03,123.23,3.61,0.211,229,21.32,0.2696,0.1917,47.72,26.46,2,7.22,0,1
STR-007061,Control,B02,95.8,2.37,0.2206,381,9.68,0.4221,0.3196,53.11,29.29,1,7.5,1,1
STR-007062,TreatmentA,B02,101.4,2.75,0.2571,712,25.35,0.3407,0.3587,11.47,22.54,1,7.95,0,0
STR-007063,TreatmentA,B02,94.75,2.88,0.2135,344,14.27,0.4771,0.2872,41.27,22.15,3,8.72,1,1
STR-007064,Control,B01,88.76,2.54,0.2143,309,34.64,0.3664,0.1836,34.54,22.27,4,8.99,1,1
STR-007065,TreatmentA,B01,109.05,2.04,0.311,269,68.86,0.3827,0.2254,39.61,19.34,4,5.92,0,1
STR-007066,TreatmentB,B01,102.46,1.65,0.2523,488,15.9,0.3764,0.327,48.96,29.41,2,5.28,0,0
STR-007067,Control,B03,118.66,2.37,0.2118,306,67.37,0.5868,0.3185,58.06,25.37,3,8.07,1,0
STR-007068,Control,B02,108.47,2.37,0.2526,221,91.54,0.515,0.254,34.47,22.9,1,8.13,1,0
STR-007069,TreatmentA,B01,105.34,2.61,0.2385,379,24.2,0.3803,0.2621,35.76,23.83,2,7.08,0,1
STR-007070,Control,B03,101.12,2.7,0.2414,355,26.47,0.3171,0.1486,52.57,27.29,2,4.42,0,1
STR-007071,Control,B02,95.93,1.87,0.1958,64,24.9,0.3255,0.3239,31.51,27.36,2,6.53,1,1
STR-007072,TreatmentB,B03,87.82,1.53,0.2815,167,49.7,0.2678,0.3064,18.6,21.67,3,4.13,0,0
STR-007073,Control,B01,98.61,2.33,0.2719,330,13.67,0.3527,0.4419,21.39,20.96,3,7.88,0,0
STR-007074,TreatmentA,B02,144.75,2.46,0.1652,180,30.2,0.5844,0.3277,25.81,27.84,1,6.95,1,1
STR-007075,TreatmentB,B02,91.14,1.74,0.2044,263,16.91,0.3068,0.2208,14.25,24.39,2,6.58,1,1
STR-007076,TreatmentB,B01,81.78,0.97,0.2255,259,73.74,0.3544,0.2867,33.01,25.24,0,10.1,1,0
STR-007077,Control,B03,102.49,3.44,0.251,138,29.58,0.6267,0.3047,39.35,20.77,3,7.07,0,1
STR-007078,TreatmentB,B03,73.22,1.2,0.2868,114,40.67,0.6999,0.2748,35.17,26.32,2,6.16,0,1
STR-007079,TreatmentA,B02,109.96,1.74,0.2283,43,23.2,0.2843,0.5745,54.95,29.54,5,8.24,1,0
STR-007080,TreatmentA,B02,106.52,2.63,0.1878,187,40.39,0.1992,0.4658,30.56,23.39,4,7.06,0,0
STR-007081,TreatmentB,B01,82.53,2.04,0.2046,924,37.36,0.5024,0.5876,4.45,18.31,2,6.33,0,1
STR-007082,TreatmentA,B03,61.94,2.13,0.2015,242,34.09,0.3155,0.2043,29.45,21.23,3,5.88,0,1
STR-007083,TreatmentB,B01,106.97,3.21,0.2757,170,27.75,0.2173,0.1544,19.41,26.72,2,5.7,0,1
STR-007084,Control,B02,80.4,2.6,0.2529,301,122.36,0.4705,0.4526,65.07,30.47,2,6.43,0,1
STR-007085,Control,B02,85.63,2.53,0.2235,165,33.07,0.5211,0.2213,35.51,15.44,1,8.11,0,0
STR-007086,TreatmentB,B03,96.71,1.34,0.189,582,24.74,0.7325,0.3764,23.2,27.62,4,6.7,1,1
STR-007087,TreatmentA,B03,103.54,2.33,0.2602,563,92.5,0.3492,0.1435,8.67,26.71,2,8.87,0,0
STR-007088,Control,B01,87.5,2.45,0.3027,289,32.57,0.5335,0.1949,64.5,22.6,0,8.63,0,0
STR-007089,TreatmentB,B02,106.06,1.47,0.2068,328,27.73,0.327,0.4165,47.7,21.93,3,6.33,1,1
STR-007090,Control,B02,112.28,4.46,0.2552,142,10.36,0.463,0.551,39.11,15.17,1,9.3,0,0
STR-007091,Control,B02,88.84,2.18,0.2316,274,35.36,0.3638,0.5085,38.1,17.76,2,7.68,1,0
STR-007092,TreatmentB,B03,130.52,1.54,0.2197,122,67.53,0.4379,0.2657,10.43,12.09,1,4.83,1,0
STR-007093,Control,B01,73.48,2.71,0.2267,219,8.29,0.3398,0.2442,32.35,16.07,7,7.06,0,1
STR-007094,Control,B03,82.24,3.06,0.2512,145,35.09,0.2222,0.1505,27.5,11.58,2,6.82,0,1
STR-007095,Control,B03,126.48,2.48,0.1832,360,45.78,0.3881,0.0943,47.33,13.43,6,6.3,1,1
STR-007096,Control,B01,112.73,2.13,0.2259,159,18.62,0.6324,0.1862,50.48,28.38,1,5.19,0,0
STR-007097,TreatmentB,B02,100.29,1.98,0.2777,575,21.52,0.6679,0.4175,37.74,20.87,3,8.46,0,1
STR-007098,Control,B02,89.83,2.01,0.2248,51,17.11,0.4813,0.6898,30.38,31.48,4,6.57,0,1
STR-007099,TreatmentA,B03,89.83,1.87,0.2671,412,36.15,0.3594,0.3749,29.02,17.46,3,7.2,0,1
STR-007100,TreatmentA,B01,74.7,1.97,0.1936,531,7.88,0.4803,0.2157,23.24,24.74,3,5.79,1,0
STR-007101,TreatmentA,B02,121.22,2.02,0.2539,246,43.21,0.3176,0.2858,26.93,17.65,2,7.43,1,1
STR-007102,TreatmentA,B03,69.12,1.28,0.2792,416,26.68,0.4593,0.3803,17.21,16.87,5,7.35,1,1
STR-007103,TreatmentA,B01,99.54,2.08,0.2592,458,36.35,0.2192,0.4202,35.58,22.87,2,7.73,1,0
STR-007104,TreatmentB,B03,115.73,2.2,0.232,234,85.25,0.3921,0.1346,20.94,39.22,0,4.67,1,0
STR-007105,Control,B03,93.63,1.99,0.2561,236,102.62,0.2217,0.2844,27.57,21.04,3,7.46,0,0
STR-007106,TreatmentA,B02,85.1,2.15,0.253,94,27.83,0.3438,0.3575,17.31,39.97,2,6.27,0,1
STR-007107,Control,B02,87.93,3.32,0.3136,565,20.43,0.483,0.294,36.16,22.4,2,5.13,0,0
STR-007108,Control,B03,104.55,3.14,0.2688,445,25.31,0.3796,0.1491,20.64,18.51,2,8.58,0,0
STR-007109,TreatmentA,B02,108.09,1.65,0.2832,560,19.67,0.5341,0.3411,23.05,31.58,1,6.74,1,1
STR-007110,Control,B03,92.36,2.31,0.2358,76,57.69,0.2392,0.2102,44.8,31.52,2,9.14,1,1
STR-007111,TreatmentA,B01,99.3,1.88,0.2596,376,59.2,0.298,0.2067,19.25,27.38,4,4.67,0,0
STR-007112,Control,B02,116.34,1.79,0.2045,289,42.72,0.4423,0.129,24.4,27.95,2,8.06,1,1
STR-007113,TreatmentA,B03,107.92,2.14,0.2546,466,15.21,0.2269,0.2582,66.55,18.58,4,6.92,0,1
STR-007114,TreatmentB,B02,89.57,1.1,0.2322,240,64.67,0.6188,0.2553,34.79,30.09,0,6.29,0,1
STR-007115,Control,B02,101.74,2.54,0.248,191,35.72,0.2021,0.3498,46.76,21.86,4,6.7,0,0
STR-007116,Control,B03,118.48,3.17,0.2238,814,39.35,0.6562,0.3895,52.92,13.62,3,6.27,0,1
STR-007117,TreatmentA,B03,126.19,1.72,0.268,202,36.77,0.4547,0.303,25.93,17.99,2,7.95,1,0
STR-007118,TreatmentA,B01,83.34,1.89,0.2817,121,20.07,0.3859,0.2225,26.64,17.96,3,9.56,0,0
STR-007119,Control,B03,86.36,2.4,0.211,536,18.72,0.6589,0.1111,102.58,22.03,5,8.02,0,0
STR-007120,Control,B01,126.47,2.3,0.2545,376,76.62,0.3005,0.3921,26.34,19.76,2,7.48,0,1
STR-007121,TreatmentB,B01,91.26,2.72,0.2051,209,104.54,0.1765,0.1742,85.02,28.09,0,6.59,0,1
STR-007122,TreatmentB,B01,105.51,2.38,0.2579,274,18.21,0.2498,0.2774,42.17,22.01,3,6.88,0,1
STR-007123,Control,B03,94.27,1.65,0.1956,127,35.65,0.1975,0.1641,51.89,17.98,2,7.64,1,1
STR-007124,TreatmentB,B03,94.31,1.15,0.2394,246,46.27,0.2737,0.106,38.86,24.47,0,5.62,1,1
STR-007125,TreatmentA,B01,99.63,2.26,0.2672,304,30.21,0.5499,0.2312,13.11,8.41,2,8.51,0,0
STR-007126,TreatmentA,B02,98.92,2.5,0.3085,208,40.83,0.2978,0.1119,25.82,27.04,4,6.89,0,1
STR-007127,TreatmentB,B01,80.11,1.63,0.2819,200,13.85,0.145,0.1951,36.62,20.47,2,7.13,1,1
STR-007128,TreatmentB,B03,101.42,1.4,0.2206,237,101.85,0.4714,0.2044,9.33,25.7,4,6.23,1,1
STR-007129,TreatmentA,B03,75.33,2.02,0.204,353,44.31,0.5012,0.2589,17.22,20.91,2,6.77,1,1
STR-007130,TreatmentA,B03,63.04,1.95,0.3252,456,21.37,0.2142,0.1371,28.14,22.88,0,6.37,0,1
STR-007131,TreatmentA,B03,95.86,2.68,0.2009,283,14.16,0.4622,0.4386,50.84,16.48,1,7.65,1,1
STR-007132,TreatmentA,B02,125.42,1.98,0.2389,509,38.35,0.2424,0.4117,39.67,18.8,3,5.28,0,0
STR-007133,TreatmentA,B02,102.03,2.36,0.2474,141,19.71,0.2169,0.3762,13.22,29.04,4,8.08,1,1
STR-007134,TreatmentB,B02,108.2,1.16,0.2518,197,65.71,0.1129,0.4933,5.76,21.18,1,7.75,1,0
STR-007135,TreatmentA,B01,87.76,1.36,0.2652,332,14.67,0.4003,0.3928,47.4,31.8,1,4.43,0,0
STR-007136,Control,B03,83.44,2.56,0.2193,109,17.88,0.6605,0.2798,36.67,23.58,2,4.71,1,0
STR-007137,Control,B03,86.85,2.33,0.2451,121,43.74,0.4837,0.3122,59.63,37.88,1,7.88,0,1
STR-007138,TreatmentA,B02,120.32,3.12,0.2199,662,13.25,0.2697,0.151,45.75,29.28,4,5.52,0,1
STR-007139,TreatmentA,B02,120.35,2.73,0.2188,302,96.69,0.3201,0.2621,32.01,11.29,1,7.03,0,1
STR-007140,Control,B03,61.21,3.23,0.2105,428,10.88,0.2614,0.268,48.71,26.9,2,6.02,0,1
STR-007141,TreatmentA,B01,91.96,2.28,0.2525,383,51.01,0.718,0.1715,34.25,25.08,2,5.66,1,0
STR-007142,Control,B01,88.99,2.87,0.2357,167,18.5,0.2101,0.4185,32.42,18.21,3,6.29,0,0
STR-007143,Control,B03,107.75,2.86,0.1789,375,20.54,0.5344,0.5312,40.24,24.94,3,6.65,0,1
STR-007144,TreatmentB,B03,89.14,2.49,0.2029,290,21.55,0.4156,0.5734,27.56,31.98,2,8.76,1,1
STR-007145,TreatmentB,B01,106.84,2.64,0.1567,519,120.23,0.4333,0.2979,23.97,26.22,3,5.77,1,1
STR-007146,TreatmentA,B01,113.84,1.65,0.1312,246,45.58,0.3984,0.686,33.39,11.46,2,6.56,1,1
STR-007147,TreatmentB,B02,105.59,1.02,0.2136,187,24.69,0.4323,0.1933,35.71,23.0,4,5.55,1,0
STR-007148,TreatmentB,B02,105.61,2.12,0.1961,318,144.24,0.4425,0.2735,38.24,30.03,2,3.42,1,0
STR-007149,TreatmentB,B02,119.16,0.85,0.2845,179,37.25,0.2837,0.3115,36.04,23.48,0,5.1,0,0
STR-007150,TreatmentA,B03,104.89,3.32,0.1518,243,27.32,0.3233,0.463,48.64,15.29,2,5.02,0,0
STR-007151,TreatmentB,B03,105.56,2.04,0.2242,330,15.41,0.3873,0.4044,8.41,27.93,3,7.33,1,1
STR-007152,Control,B02,98.58,2.42,0.2477,268,64.77,0.2953,0.4029,55.16,22.43,2,6.82,0,0
STR-007153,TreatmentA,B01,121.14,1.57,0.1889,277,33.15,0.3555,0.2745,24.07,27.2,5,7.86,1,1
STR-007154,TreatmentB,B01,104.29,0.9,0.2973,329,26.32,0.3269,0.3547,36.53,23.56,1,8.0,0,0
STR-007155,TreatmentB,B03,79.84,1.85,0.1702,275,76.19,0.2624,0.3655,50.89,16.08,2,6.99,1,1
STR-007156,TreatmentB,B02,95.16,1.22,0.239,208,24.71,0.3099,0.1465,8.18,19.83,4,4.99,1,0
STR-007157,TreatmentA,B03,92.4,2.81,0.2459,232,44.74,0.6335,0.42,44.45,30.16,4,9.26,0,1
STR-007158,TreatmentA,B02,109.98,1.7,0.209,312,41.24,0.3103,0.1799,21.71,26.39,4,9.37,1,0
STR-007159,Control,B02,100.2,1.8,0.2996,136,31.56,0.3474,0.1806,35.69,18.73,2,6.51,0,1
STR-007160,TreatmentA,B03,68.96,2.86,0.3131,249,38.52,0.1561,0.4853,29.71,16.78,3,8.44,0,0
STR-007161,TreatmentA,B03,110.16,1.6,0.2628,391,31.29,0.4331,0.5057,28.01,15.99,2,7.89,1,1
STR-007162,Control,B03,130.82,2.74,0.2541,160,22.36,0.3861,0.3151,41.73,23.34,1,9.47,0,0
STR-007163,Control,B02,96.0,1.91,0.2224,403,67.66,0.6719,0.1443,64.37,31.75,4,6.47,1,1
STR-007164,TreatmentB,B02,96.7,2.86,0.2029,334,26.82,0.2621,0.1222,23.56,25.68,4,4.6,0,1
STR-007165,TreatmentB,B03,122.61,1.02,0.2828,225,40.87,0.4281,0.3508,27.64,26.14,5,6.27,1,0
STR-007166,Control,B02,86.65,2.68,0.1956,222,37.96,0.4247,0.1882,29.66,19.45,5,5.71,1,1
STR-007167,TreatmentB,B03,88.08,2.35,0.2351,420,31.8,0.5303,0.3146,41.34,23.15,0,5.27,0,1
STR-007168,Control,B01,109.25,1.83,0.1729,153,43.8,0.2531,0.136,44.16,23.19,4,8.78,0,1
STR-007169,TreatmentA,B02,97.7,1.09,0.1974,530,38.52,0.4718,0.266,26.51,36.2,2,5.14,1,0
STR-007170,Control,B02,91.48,2.5,0.2879,162,33.77,0.291,0.5419,35.85,19.64,2,7.98,0,0
STR-007171,TreatmentB,B02,116.69,2.38,0.1502,337,25.27,0.3806,0.4081,9.8,22.51,2,7.55,1,1
STR-007172,Control,B01,105.88,2.64,0.2568,192,40.87,0.1753,0.2381,51.06,23.57,7,6.31,0,1
STR-007173,Control,B02,88.2,1.97,0.2253,328,15.67,0.5517,0.403,61.02,21.73,2,7.78,1,1
STR-007174,TreatmentA,B02,97.72,0.79,0.2481,278,19.61,0.627,0.1555,18.34,26.37,3,7.67,1,0
STR-007175,Control,B01,90.42,3.04,0.2413,185,13.6,0.5056,0.3321,30.2,19.62,4,6.68,0,1
STR-007176,TreatmentA,B02,83.37,1.62,0.2183,498,49.7,0.5097,0.4135,36.17,21.19,0,7.66,1,1
STR-007177,Control,B03,96.77,3.08,0.2198,145,13.63,0.2858,0.3742,26.08,21.85,4,7.01,0,1
STR-007178,Control,B02,92.06,4.64,0.2314,121,62.84,0.3246,0.2553,69.23,25.97,3,7.95,0,1
STR-007179,TreatmentB,B02,87.91,5.18,0.1789,346,19.29,0.4691,0.3046,35.09,16.58,3,6.82,0,1
STR-007180,TreatmentB,B02,107.76,3.59,0.2098,154,12.53,0.4651,0.2039,24.41,19.28,2,6.74,1,0
STR-007181,Control,B02,108.44,2.92,0.2057,435,29.33,0.2719,0.3527,61.7,23.58,3,6.27,0,0
STR-007182,TreatmentA,B02,113.34,1.79,0.2256,251,40.1,0.078,0.3435,32.46,21.2,0,6.38,0,0
STR-007183,TreatmentB,B01,83.5,2.1,0.1763,310,44.32,0.4073,0.6355,13.69,28.78,3,8.09,1,0
STR-007184,TreatmentB,B02,78.97,3.88,0.2464,150,46.14,0.3049,0.2569,36.32,17.96,2,7.65,0,1
STR-007185,TreatmentB,B01,112.03,1.59,0.2437,283,45.13,0.3212,0.6504,11.41,27.67,2,6.52,1,0
STR-007186,TreatmentB,B02,102.03,2.87,0.2345,488,29.35,0.5347,0.3956,28.63,20.91,3,8.65,0,1
STR-007187,TreatmentB,B02,91.86,0.5,0.1967,524,38.85,0.5322,0.1694,15.71,21.8,1,6.66,1,0
STR-007188,TreatmentB,B03,96.03,1.92,0.2697,235,69.7,0.3345,0.3103,31.12,27.8,1,7.46,0,0
STR-007189,TreatmentB,B02,106.7,1.25,0.2285,479,52.89,0.3052,0.5461,32.58,23.02,3,7.9,1,0
STR-007190,TreatmentB,B02,115.24,2.1,0.272,221,85.51,0.1907,0.2519,73.7,21.2,2,5.45,0,0
STR-007191,TreatmentB,B01,104.63,0.92,0.1565,290,31.69,0.3279,0.3876,20.69,21.79,3,6.96,1,0
STR-007192,Control,B03,112.63,2.66,0.2346,135,61.36,0.4117,0.202,63.66,30.35,2,5.69,0,0
STR-007193,Control,B03,83.55,1.41,0.2322,304,22.17,0.325,0.2646,34.86,29.13,0,8.16,1,0
STR-007194,TreatmentB,B03,100.05,1.98,0.2414,126,70.25,0.4002,0.3767,33.22,42.07,4,6.43,1,1
STR-007195,TreatmentB,B03,96.22,2.11,0.1915,176,38.67,0.2323,0.2908,6.69,25.54,5,8.73,1,0
STR-007196,Control,B02,93.02,2.06,0.2434,324,56.37,0.6388,0.3511,47.18,17.38,1,8.75,0,0
STR-007197,TreatmentA,B02,101.23,1.07,0.226,418,49.31,0.4509,0.5175,17.22,14.97,1,7.03,1,1
STR-007198,Control,B03,102.54,1.86,0.1879,137,45.16,0.5915,0.2092,66.63,18.36,0,7.65,1,0
STR-007199,TreatmentB,B03,105.59,2.86,0.2113,250,49.41,0.4363,0.268,75.64,26.85,2,7.0,0,1
STR-007200,TreatmentB,B03,105.45,1.07,0.2337,499,30.45,0.3421,0.3547,14.85,12.26,0,6.73,1,1
STR-007201,Control,B03,88.57,2.59,0.2639,176,10.35,0.3473,0.2149,44.61,23.04,2,6.62,0,1
STR-007202,TreatmentA,B03,102.59,1.71,0.2823,493,14.53,0.3825,0.4634,38.34,19.78,1,6.59,1,0
STR-007203,Control,B01,102.43,2.34,0.3098,588,22.1,0.2345,0.1675,61.85,31.91,1,8.66,0,1
STR-007204,Control,B01,89.14,2.05,0.2622,314,13.05,0.5703,0.3215,40.39,20.22,2,6.59,1,1
STR-007205,TreatmentA,B01,103.12,2.15,0.2473,507,44.97,0.4082,0.2317,6.16,18.97,2,5.86,1,1
STR-007206,TreatmentA,B03,112.98,3.02,0.2737,605,26.88,0.5365,0.1378,19.68,23.0,2,7.36,0,0
STR-007207,TreatmentB,B03,94.11,2.9,0.2796,335,41.7,0.3738,0.3374,46.07,25.01,3,6.55,0,1
STR-007208,TreatmentB,B02,97.23,1.93,0.2285,370,19.9,0.2892,0.1925,29.56,23.83,5,6.45,0,1
STR-007209,TreatmentA,B01,109.85,1.69,0.2018,82,16.7,0.4768,0.1979,80.59,18.52,4,5.71,0,0
STR-007210,TreatmentA,B01,62.84,4.22,0.2517,562,53.37,0.5828,0.2092,27.05,30.87,2,5.97,0,0
STR-007211,TreatmentA,B01,95.19,1.97,0.2979,321,24.45,0.3445,0.4994,30.02,30.59,3,6.09,0,0
STR-007212,TreatmentB,B01,99.54,1.24,0.2149,231,21.05,0.2408,0.2155,26.48,17.22,1,4.92,1,1
STR-007213,TreatmentA,B02,95.75,1.91,0.2638,181,132.76,0.334,0.2244,23.8,10.04,5,7.51,1,1
STR-007214,Control,B02,108.77,3.65,0.2187,172,15.57,0.3809,0.1651,22.67,17.73,4,8.92,0,0
STR-007215,TreatmentB,B03,100.52,1.25,0.2095,237,46.82,0.4168,0.1312,34.77,14.75,0,6.45,1,0
STR-007216,TreatmentA,B02,139.74,2.95,0.199,345,28.76,0.4477,0.1459,40.23,20.49,0,6.99,0,0
STR-007217,TreatmentA,B02,100.67,1.15,0.2012,950,28.51,0.427,0.0712,22.31,28.73,0,8.16,0,0
STR-007218,Control,B02,120.14,1.48,0.1816,189,40.37,0.3852,0.1295,28.5,15.69,4,6.79,1,1
STR-007219,TreatmentA,B01,134.84,1.71,0.2323,431,54.95,0.3693,0.2681,27.64,38.92,1,6.79,1,1
STR-007220,Control,B02,101.1,3.19,0.2389,144,52.48,0.3656,0.1533,31.38,36.09,1,8.02,0,1
STR-007221,TreatmentA,B03,115.93,2.56,0.2462,342,85.33,0.3388,0.2608,38.0,12.35,4,8.49,1,1
STR-007222,TreatmentA,B02,117.61,2.67,0.3022,491,37.65,0.1461,0.2071,31.57,20.85,1,6.65,0,1
STR-007223,Control,B02,93.79,2.78,0.2619,171,24.63,0.3546,0.2724,35.32,28.38,3,5.46,0,0
STR-007224,TreatmentB,B02,87.57,2.0,0.2083,399,10.63,0.3232,0.309,50.97,16.79,3,3.6,1,0
STR-007225,TreatmentB,B03,116.06,2.18,0.3127,88,41.75,0.5011,0.4534,38.48,28.81,3,8.06,0,1
STR-007226,TreatmentB,B03,107.65,2.09,0.2999,228,53.85,0.3206,0.3668,28.68,25.2,4,7.75,0,1
STR-007227,Control,B01,116.19,2.51,0.2802,93,7.85,0.4715,0.4291,37.18,26.06,4,7.26,0,1
STR-007228,Control,B01,81.53,2.78,0.2486,889,67.15,0.6448,0.2473,37.3,17.68,3,7.59,0,0
STR-007229,TreatmentB,B01,107.65,1.83,0.2976,254,18.9,0.6198,0.2126,18.53,27.01,1,7.0,0,0
STR-007230,TreatmentB,B01,83.34,1.44,0.2295,299,14.29,0.3809,0.1843,22.96,31.09,3,5.77,1,1
STR-007231,TreatmentB,B02,88.4,1.12,0.2241,266,27.03,0.2557,0.2441,36.91,29.36,3,6.16,1,1
STR-007232,TreatmentB,B01,107.39,1.02,0.272,188,88.19,0.4532,0.2579,19.92,14.05,3,6.82,0,0
STR-007233,TreatmentB,B01,113.83,1.83,0.2524,63,44.73,0.4659,0.2264,32.97,33.01,1,5.52,0,0
STR-007234,TreatmentB,B01,88.01,1.09,0.2271,45,48.33,0.2639,0.4921,11.87,28.16,3,8.14,1,0
STR-007235,Control,B02,130.05,2.47,0.22,731,14.08,0.3721,0.3231,31.12,24.38,5,7.17,1,1
STR-007236,TreatmentA,B01,88.59,2.19,0.2006,266,11.64,0.1331,0.1445,49.16,30.08,1,5.28,0,1
STR-007237,TreatmentA,B03,113.93,1.91,0.2014,179,24.84,0.5261,0.2772,20.67,20.51,5,6.14,1,1
STR-007238,Control,B03,84.86,1.26,0.1973,301,19.94,0.4231,0.1707,32.78,20.81,1,9.37,1,1
STR-007239,TreatmentB,B02,87.27,1.2,0.247,322,33.7,0.399,0.355,35.79,36.27,3,6.26,1,1
STR-007240,TreatmentA,B01,100.9,1.6,0.2306,296,28.06,0.5132,0.4889,23.11,18.72,4,7.62,1,1
STR-007241,TreatmentB,B02,76.04,2.18,0.2592,713,47.75,0.2105,0.1048,28.61,25.47,5,6.14,0,1
STR-007242,TreatmentA,B01,117.74,1.33,0.2128,433,21.97,0.3408,0.4353,44.7,24.39,3,9.42,1,0
STR-007243,TreatmentB,B03,121.5,1.68,0.2546,729,21.6,0.4923,0.3706,44.26,29.81,0,6.79,0,1
STR-007244,TreatmentA,B01,120.58,1.38,0.2465,152,16.03,0.3138,0.0488,21.39,24.77,1,6.05,1,1
STR-007245,TreatmentA,B01,90.38,1.68,0.2822,285,35.54,0.1927,0.2573,47.04,30.75,3,6.62,1,1
STR-007246,Control,B03,106.81,1.82,0.2135,229,15.48,0.5387,0.4475,22.71,19.28,5,7.9,1,1
STR-007247,TreatmentA,B03,99.54,2.59,0.1953,589,59.97,0.4169,0.3398,21.86,29.71,1,6.13,1,0
STR-007248,TreatmentB,B03,138.07,1.41,0.2967,388,43.54,0.5367,0.3238,67.73,14.07,2,5.65,0,1
STR-007249,TreatmentA,B02,85.94,2.08,0.2892,379,30.44,0.2045,0.2421,29.24,24.89,3,6.28,1,1
STR-007250,TreatmentA,B01,127.94,1.49,0.2443,219,23.47,0.3311,0.3286,25.33,30.23,5,7.11,1,1
STR-007251,TreatmentA,B03,102.14,2.47,0.2356,357,47.12,0.4182,0.2442,34.21,20.19,1,3.93,0,0
STR-007252,TreatmentB,B03,104.95,1.65,0.2293,300,19.34,0.3114,0.5385,26.07,30.45,5,9.62,1,0
STR-007253,TreatmentB,B03,115.09,0.75,0.2538,289,13.27,0.3823,0.3176,49.33,41.96,3,5.54,1,0
STR-007254,Control,B02,107.41,2.5,0.2078,140,13.47,0.2381,0.3165,26.6,31.39,3,7.85,1,1
STR-007255,Control,B01,114.47,1.94,0.2279,237,52.2,0.585,0.3687,65.04,22.41,5,7.4,1,1
STR-007256,TreatmentB,B03,122.29,2.0,0.1622,313,25.53,0.5106,0.3528,17.28,26.4,2,7.73,1,1
STR-007257,TreatmentA,B01,102.04,2.34,0.2599,406,48.34,0.3672,0.1321,20.01,29.87,1,7.55,1,1
STR-007258,TreatmentA,B03,125.41,1.62,0.1867,216,46.47,0.5224,0.2748,43.18,12.7,1,7.82,0,0
STR-007259,Control,B01,81.49,1.72,0.1805,337,58.06,0.5034,0.2628,39.51,26.62,3,6.79,1,1
STR-007260,Control,B01,106.08,2.83,0.195,285,83.83,0.4246,0.4941,52.91,25.72,2,5.02,0,0
STR-007261,Control,B03,92.09,2.75,0.2279,411,49.58,0.4422,0.3559,45.57,29.42,3,6.65,0,1
STR-007262,TreatmentB,B02,105.58,1.99,0.213,185,42.8,0.5618,0.3165,4.46,23.57,3,8.21,1,0
STR-007263,Control,B01,140.99,1.3,0.2382,376,20.47,0.4804,0.5787,53.43,31.29,2,7.28,1,1
STR-007264,TreatmentB,B03,99.04,1.29,0.1899,954,18.92,0.5377,0.4661,11.75,17.25,3,6.56,1,1
STR-007265,Control,B02,97.96,3.51,0.2878,379,52.91,0.3747,0.3414,34.82,28.32,1,7.15,0,1
STR-007266,Control,B03,90.66,2.28,0.2474,717,127.61,0.1821,0.2585,53.58,19.91,4,7.09,0,1
STR-007267,Control,B02,107.45,2.74,0.2578,205,28.9,0.3141,0.1544,40.68,33.56,5,7.96,0,1
STR-007268,TreatmentB,B01,79.76,2.23,0.2638,174,20.71,0.2751,0.1087,46.4,24.04,2,5.77,0,1
STR-007269,TreatmentB,B03,98.86,0.78,0.1999,515,21.85,0.6026,0.1204,12.07,17.19,4,5.86,1,0
STR-007270,TreatmentB,B02,105.24,2.07,0.2315,323,37.93,0.2896,0.2563,5.99,27.3,2,8.42,0,1
STR-007271,TreatmentB,B01,87.85,2.79,0.237,609,38.49,0.3926,0.646,28.04,9.15,1,5.19,0,0
STR-007272,TreatmentB,B01,102.19,1.06,0.2301,449,65.68,0.2751,0.1217,45.78,7.61,3,6.49,1,1
STR-007273,TreatmentB,B02,94.47,1.48,0.2293,163,20.12,0.5268,0.1989,5.22,30.82,2,7.68,1,0
STR-007274,TreatmentA,B01,105.48,2.05,0.2207,473,37.79,0.2962,0.2851,96.35,24.58,3,5.02,0,0
STR-007275,Control,B03,90.81,1.94,0.251,271,22.04,0.2937,0.3127,39.97,24.2,2,7.55,0,1
STR-007276,TreatmentB,B03,107.27,1.4,0.2243,306,24.83,0.1665,0.5254,154.9,16.91,2,6.25,0,0
STR-007277,Control,B03,127.54,2.31,0.2106,65,114.44,0.4272,0.3992,30.98,24.54,0,5.93,1,1
STR-007278,TreatmentA,B02,82.31,1.33,0.2058,230,46.69,0.5616,0.2308,16.53,19.05,1,9.08,1,0
STR-007279,Control,B03,94.29,2.08,0.1647,284,47.56,0.3052,0.1722,46.44,24.08,2,7.35,1,1
STR-007280,TreatmentB,B01,111.45,1.8,0.2285,513,56.1,0.2998,0.3112,21.83,34.14,2,6.52,1,1
STR-007281,TreatmentB,B01,124.79,1.92,0.2609,209,27.37,0.3737,0.4101,46.31,21.69,2,7.24,0,0
STR-007282,TreatmentB,B01,74.54,2.38,0.2572,296,24.19,0.503,0.2638,22.44,19.36,3,6.09,0,1
STR-007283,TreatmentA,B03,88.51,1.71,0.2804,172,38.12,0.5281,0.3656,43.87,24.75,4,6.49,0,1
STR-007284,Control,B02,106.53,2.6,0.2691,209,42.05,0.3859,0.2979,39.01,34.98,1,8.01,0,1
STR-007285,TreatmentB,B03,115.31,0.85,0.2407,360,28.87,0.4064,0.3288,55.01,33.94,2,6.06,1,0
STR-007286,TreatmentA,B03,110.28,1.28,0.2878,137,20.24,0.441,0.3921,32.08,35.04,5,6.21,1,0
STR-007287,TreatmentB,B02,99.11,1.59,0.2595,275,67.09,0.647,0.2386,54.83,22.91,2,7.49,1,0
STR-007288,Control,B02,103.75,2.76,0.3049,702,47.02,0.3594,0.2619,43.5,30.08,3,6.8,0,1
STR-007289,Control,B02,88.09,2.35,0.2133,280,43.42,0.6201,0.4471,36.69,25.99,0,7.64,1,1
STR-007290,Control,B02,94.22,1.83,0.2316,892,38.16,0.4232,0.261,34.11,28.34,3,6.14,1,1
STR-007291,Control,B01,104.13,3.24,0.249,855,15.68,0.5863,0.1635,79.57,21.97,4,5.87,0,0
STR-007292,TreatmentB,B01,102.8,0.96,0.2594,712,6.86,0.1982,0.3221,34.27,27.75,2,8.57,1,0
STR-007293,Control,B01,89.95,3.03,0.243,469,101.3,0.1985,0.2164,21.32,18.73,3,9.32,0,1
STR-007294,TreatmentA,B03,103.08,1.94,0.2263,962,21.88,0.5069,0.3267,50.01,18.35,3,6.45,0,1
STR-007295,Control,B02,65.1,3.02,0.2566,159,31.64,0.4493,0.1735,35.69,31.61,5,6.94,0,0
STR-007296,Control,B02,117.6,1.67,0.2548,503,26.24,0.4787,0.2135,33.68,24.98,1,4.66,1,0
STR-007297,Control,B02,94.24,1.74,0.1785,272,49.15,0.1177,0.2343,40.13,22.1,1,6.43,1,1
STR-007298,TreatmentA,B01,76.66,2.15,0.261,427,26.95,0.4561,0.4073,29.3,33.69,2,6.93,0,1
STR-007299,TreatmentB,B02,95.05,1.88,0.2281,535,35.86,0.5774,0.1757,76.51,30.89,1,9.22,1,0
STR-007300,Control,B01,122.32,2.29,0.248,263,30.86,0.3408,0.2192,30.18,27.62,4,6.07,1,1
STR-007301,TreatmentA,B03,106.29,1.11,0.2204,188,40.48,0.5275,0.1423,34.2,29.72,5,5.01,1,0
STR-007302,TreatmentA,B01,96.42,2.5,0.2708,223,16.63,0.3043,0.2974,23.04,33.52,2,8.21,1,0
STR-007303,Control,B02,100.93,1.8,0.2815,304,40.17,0.3322,0.372,50.19,26.64,2,6.95,1,1
STR-007304,TreatmentA,B01,90.24,2.11,0.2148,128,102.58,0.5889,0.3415,23.68,24.18,2,8.13,1,1
STR-007305,TreatmentA,B01,76.82,3.28,0.203,250,77.01,0.5698,0.3049,33.33,21.83,1,6.54,1,1
STR-007306,TreatmentB,B01,93.55,1.22,0.2173,136,21.76,0.3436,0.2411,73.89,28.25,3,7.42,1,1
STR-007307,TreatmentB,B01,94.28,1.51,0.2487,208,46.74,0.4169,0.5806,36.45,30.38,3,5.77,0,0
STR-007308,Control,B01,99.49,2.21,0.2991,242,12.06,0.4218,0.1095,40.89,36.71,2,6.71,0,0
STR-007309,TreatmentB,B02,106.84,1.2,0.2341,128,98.62,0.5221,0.3231,12.93,22.48,3,6.5,1,1
STR-007310,Control,B02,103.69,2.45,0.1995,373,28.37,0.4391,0.1936,43.84,26.02,4,7.89,0,0
STR-007311,TreatmentA,B03,98.68,1.94,0.352,117,22.6,0.4272,0.2804,66.09,23.37,5,6.43,0,1
STR-007312,TreatmentA,B03,99.69,1.6,0.2434,226,74.59,0.3983,0.4342,47.56,16.0,4,7.69,0,0
STR-007313,TreatmentB,B03,107.57,2.63,0.2675,54,91.85,0.2446,0.2861,6.28,24.7,2,8.21,0,1
STR-007314,TreatmentB,B01,111.32,1.52,0.2406,330,53.88,0.4177,0.2601,15.61,15.6,3,5.26,1,0
STR-007315,TreatmentA,B02,83.38,1.44,0.2655,289,39.63,0.2841,0.332,31.22,27.56,2,3.14,0,0
STR-007316,Control,B03,94.31,2.0,0.2451,108,20.19,0.713,0.3803,44.88,24.99,6,5.28,0,1
STR-007317,TreatmentB,B03,110.17,2.07,0.2215,195,12.48,0.5436,0.266,13.64,27.99,3,5.41,0,0
STR-007318,TreatmentA,B02,106.38,1.58,0.2575,179,26.92,0.4393,0.3454,37.23,25.19,1,5.17,1,0
STR-007319,Control,B01,123.2,2.05,0.2783,311,87.55,0.5854,0.21,40.21,19.26,2,5.11,0,0
STR-007320,Control,B03,103.92,2.3,0.2075,324,26.3,0.2979,0.4665,43.22,29.37,1,8.2,0,0
STR-007321,TreatmentB,B03,88.1,2.08,0.3156,202,27.66,0.5365,0.456,35.74,21.64,2,5.35,1,1
STR-007322,Control,B02,73.16,3.07,0.1592,353,34.05,0.4953,0.1617,47.92,30.04,2,7.37,0,1
STR-007323,TreatmentA,B01,90.43,2.92,0.2058,298,39.81,0.4645,0.236,13.18,13.45,6,5.77,1,0
STR-007324,Control,B01,116.19,2.6,0.2187,281,24.38,0.442,0.184,27.35,20.17,2,6.09,0,1
STR-007325,TreatmentB,B03,108.32,3.18,0.2173,400,25.9,0.2827,0.3172,72.39,25.6,1,5.5,0,0
STR-007326,TreatmentB,B03,127.11,1.25,0.211,252,36.71,0.2915,0.2011,15.1,21.08,2,7.97,1,1
STR-007327,Control,B03,112.11,1.71,0.2679,189,25.26,0.3122,0.2934,56.77,21.25,3,7.03,0,1
STR-007328,TreatmentA,B03,114.47,1.47,0.2301,479,43.9,0.429,0.2425,35.44,29.94,2,3.16,0,0
STR-007329,TreatmentA,B02,137.34,1.87,0.2035,609,49.35,0.4847,0.3124,26.56,24.31,1,8.92,1,0
STR-007330,Control,B01,100.65,1.95,0.2538,420,51.81,0.3051,0.1979,57.9,20.33,1,6.69,0,1
STR-007331,Control,B02,111.19,2.81,0.2268,299,14.74,0.3968,0.1626,44.38,23.76,2,7.58,0,1
STR-007332,TreatmentA,B02,90.78,1.57,0.1827,376,9.98,0.3462,0.4572,19.61,37.02,1,6.69,1,1
STR-007333,Control,B02,90.23,2.15,0.255,473,32.28,0.3123,0.2123,46.17,24.29,1,7.77,0,1
STR-007334,Control,B03,104.19,2.49,0.2502,56,12.79,0.3174,0.4783,34.7,28.79,1,6.7,1,0
STR-007335,Control,B02,98.34,1.67,0.2484,371,20.88,0.3685,0.2813,65.03,29.33,2,7.69,0,1
STR-007336,Control,B03,97.87,2.49,0.2519,248,17.64,0.3067,0.1788,56.17,29.01,2,6.31,0,1
STR-007337,TreatmentB,B02,98.99,1.75,0.2675,155,20.37,0.3675,0.263,37.13,21.85,2,6.71,1,1
STR-007338,Control,B02,85.44,2.48,0.253,177,41.3,0.3256,0.1931,37.22,19.16,5,7.39,1,1
STR-007339,Control,B02,90.1,1.6,0.1648,927,55.24,0.2984,0.2758,33.59,16.97,3,6.15,1,0
STR-007340,TreatmentA,B02,109.36,1.5,0.2002,422,36.68,0.3968,0.305,23.77,30.36,2,6.5,1,1
STR-007341,TreatmentB,B01,86.46,1.32,0.2421,105,11.62,0.4759,0.1538,42.55,23.68,5,8.02,1,1
STR-007342,Control,B01,103.08,2.34,0.2437,153,34.02,0.3151,0.2687,52.62,16.44,5,6.13,0,1
STR-007343,Control,B02,108.74,3.19,0.2633,207,27.82,0.4055,0.4985,38.11,23.88,3,7.53,0,1
STR-007344,TreatmentA,B03,76.14,1.69,0.2688,119,28.32,0.3078,0.2235,52.81,28.43,2,3.85,1,0
STR-007345,TreatmentB,B03,96.22,0.93,0.2395,732,28.61,0.5116,0.5465,25.87,10.18,2,6.47,1,1
STR-007346,TreatmentA,B02,111.35,1.8,0.2141,657,36.14,0.254,0.1398,60.47,21.79,4,8.43,0,1
STR-007347,TreatmentA,B02,120.06,1.86,0.2287,161,15.6,0.3739,0.0957,21.07,22.38,2,4.04,1,0
STR-007348,TreatmentB,B02,117.25,1.22,0.2161,129,16.34,0.2894,0.3907,84.46,18.17,0,8.35,1,0
STR-007349,TreatmentA,B01,70.32,2.03,0.2286,109,55.45,0.5134,0.247,62.67,37.02,0,7.85,1,0
STR-007350,TreatmentA,B02,106.57,2.45,0.2257,254,15.91,0.2121,0.3523,26.81,34.84,2,5.88,1,0
STR-007351,TreatmentA,B01,114.97,2.02,0.2697,377,24.53,0.3751,0.2887,52.21,25.41,8,6.1,0,1
STR-007352,Control,B01,107.46,3.46,0.2766,147,39.26,0.4857,0.2252,40.65,20.6,3,6.32,0,1
STR-007353,TreatmentA,B02,103.15,2.59,0.2666,347,21.28,0.3176,0.2222,48.55,26.08,2,9.13,0,0
STR-007354,TreatmentB,B02,103.29,2.42,0.2634,409,130.03,0.5413,0.3273,22.51,32.94,3,5.42,0,1
STR-007355,TreatmentB,B02,127.48,3.91,0.2943,522,6.91,0.645,0.2122,33.99,33.23,3,4.97,0,0
STR-007356,TreatmentA,B01,98.03,2.79,0.2544,156,9.88,0.3882,0.1511,60.95,27.29,3,7.39,1,1
STR-007357,Control,B02,81.29,2.53,0.2988,68,34.19,0.1924,0.3396,33.4,30.02,2,7.86,0,1
STR-007358,TreatmentB,B01,105.6,2.27,0.1786,286,12.56,0.5285,0.3257,8.41,13.69,3,6.58,1,1
STR-007359,TreatmentA,B02,101.03,3.49,0.2488,1088,12.63,0.3925,0.0957,33.97,15.9,3,7.22,0,1
STR-007360,TreatmentA,B01,100.99,1.03,0.2612,121,26.19,0.2416,0.3284,25.73,19.96,1,6.85,1,1
STR-007361,TreatmentA,B02,91.95,3.21,0.2552,371,23.13,0.3471,0.263,36.51,23.67,0,7.45,0,1
STR-007362,Control,B01,92.33,1.95,0.2691,230,33.81,0.3465,0.4075,63.24,26.56,7,6.44,0,1
STR-007363,Control,B02,105.28,1.95,0.2786,215,21.14,0.6233,0.5531,112.22,24.94,2,5.9,0,1
STR-007364,TreatmentB,B03,102.31,1.27,0.1986,311,26.33,0.2776,0.3805,11.24,23.56,2,6.69,1,1
STR-007365,TreatmentA,B01,87.77,1.06,0.2202,488,61.0,0.4408,0.5415,28.57,28.82,4,6.14,1,1
STR-007366,TreatmentA,B01,100.99,1.28,0.1627,222,21.57,0.5584,0.1955,39.54,25.24,2,6.93,1,0
STR-007367,Control,B02,106.34,2.37,0.2684,421,44.49,0.4866,0.0795,80.48,16.05,2,4.97,0,1
STR-007368,TreatmentA,B01,96.02,1.3,0.2745,440,108.67,0.5841,0.1996,44.25,24.42,3,7.15,1,0
STR-007369,Control,B02,98.65,2.57,0.317,428,11.72,0.5879,0.5466,56.42,32.98,2,7.48,0,1
STR-007370,Control,B02,96.45,3.13,0.1632,393,50.07,0.4205,0.3588,36.08,26.28,3,4.55,1,0
STR-007371,TreatmentA,B03,98.54,1.28,0.2286,70,28.14,0.3399,0.2518,40.36,29.29,4,7.84,1,1
STR-007372,Control,B02,91.51,3.34,0.2528,171,17.42,0.2892,0.3027,39.59,13.48,3,7.02,0,0
STR-007373,Control,B03,106.84,2.46,0.2155,77,36.96,0.193,0.3087,41.4,26.91,2,8.14,1,0
STR-007374,Control,B02,108.27,2.23,0.2348,319,36.92,0.5368,0.1707,31.28,23.63,3,6.12,0,0
STR-007375,TreatmentB,B02,105.02,1.56,0.2092,369,10.85,0.3938,0.3679,40.08,14.88,5,7.81,1,1
STR-007376,Control,B03,92.09,2.96,0.2895,613,42.35,0.5037,0.1954,27.8,26.38,0,5.51,1,0
STR-007377,TreatmentB,B02,71.81,0.72,0.2225,259,19.96,0.3766,0.2484,24.63,31.97,1,6.87,1,1
STR-007378,TreatmentA,B02,108.11,1.02,0.2063,151,41.63,0.3972,0.3671,48.44,21.91,4,5.92,1,1
STR-007379,Control,B03,100.69,1.72,0.2615,876,42.09,0.3711,0.444,35.19,20.47,6,10.04,1,0
STR-007380,TreatmentB,B03,97.62,2.25,0.2347,225,41.6,0.5154,0.2721,37.56,20.45,3,5.01,1,0
STR-007381,Control,B03,87.7,1.92,0.2614,338,34.54,0.4686,0.2227,53.51,16.42,2,7.17,0,1
STR-007382,TreatmentA,B03,112.27,1.31,0.1796,163,20.84,0.7503,0.4701,33.97,28.53,2,5.99,1,1
STR-007383,TreatmentA,B03,76.9,1.66,0.2099,332,67.89,0.371,0.237,39.23,26.56,2,8.87,1,1
STR-007384,TreatmentB,B01,130.0,3.21,0.1868,718,13.77,0.4401,0.4792,32.85,22.97,2,7.13,0,1
STR-007385,Control,B03,82.64,2.77,0.2469,221,54.83,0.731,0.2661,27.58,30.6,2,8.39,0,0
STR-007386,TreatmentB,B02,91.61,1.82,0.234,178,26.58,0.3871,0.181,11.16,22.84,2,5.07,1,0
STR-007387,TreatmentA,B03,87.71,2.28,0.2892,133,58.36,0.3799,0.1465,35.03,16.43,0,7.39,0,1
STR-007388,Control,B03,64.62,2.67,0.2571,186,8.96,0.7258,0.1482,32.3,28.9,3,7.5,0,0
STR-007389,TreatmentB,B03,86.96,1.59,0.2041,378,38.2,0.8513,0.456,16.88,21.87,3,8.13,1,1
STR-007390,Control,B02,93.97,2.1,0.2599,382,15.12,0.2938,0.2444,32.91,17.79,1,8.49,0,0
STR-007391,TreatmentB,B03,105.92,0.33,0.1755,435,32.95,0.2366,0.3422,15.04,20.13,2,6.71,1,1
STR-007392,TreatmentA,B01,104.74,2.42,0.1906,518,15.28,0.4018,0.4482,40.06,26.11,4,6.63,1,1
STR-007393,TreatmentB,B03,99.47,1.61,0.2651,714,11.86,0.3153,0.3086,18.77,24.44,0,6.1,0,0
STR-007394,TreatmentB,B03,80.95,0.82,0.2614,111,28.48,0.7323,0.304,44.69,27.25,5,6.49,0,1
STR-007395,TreatmentA,B01,80.7,1.83,0.2679,245,21.06,0.5864,0.1941,34.62,27.26,3,7.7,0,0
STR-007396,TreatmentA,B01,95.27,1.85,0.2465,194,26.76,0.5715,0.1655,19.61,17.63,5,7.89,0,0
STR-007397,TreatmentA,B03,93.45,2.28,0.2785,403,64.35,0.3188,0.335,52.24,33.55,0,8.24,0,0
STR-007398,Control,B01,101.63,2.08,0.1598,139,40.68,0.3696,0.3253,25.29,35.15,3,8.39,0,0
STR-007399,TreatmentA,B02,92.44,3.34,0.2,157,56.13,0.2663,0.3882,26.02,22.36,1,8.68,0,0
STR-007400,Control,B02,120.62,2.14,0.2344,296,9.48,0.3703,0.533,90.82,31.64,3,7.5,0,0
STR-007401,Control,B02,101.95,3.05,0.2803,843,16.03,0.1312,0.4628,68.04,20.12,1,7.73,0,0
STR-007402,Control,B01,91.77,3.38,0.2311,106,52.6,0.5527,0.2873,47.09,27.92,1,7.77,0,1
STR-007403,TreatmentA,B01,92.34,2.21,0.2633,235,19.35,0.4272,0.4454,30.16,32.67,2,6.07,0,1
STR-007404,TreatmentA,B03,106.64,2.15,0.1992,432,31.2,0.468,0.333,31.03,27.03,2,9.69,1,0
STR-007405,TreatmentA,B01,100.57,2.22,0.22,289,83.12,0.5626,0.3606,11.4,26.32,3,5.4,1,1
STR-007406,Control,B02,103.7,1.97,0.244,102,18.18,0.4705,0.2336,65.1,17.12,2,4.4,0,0
STR-007407,Control,B02,98.13,2.42,0.2675,475,37.55,0.5402,0.2481,88.39,24.66,1,6.99,0,0
STR-007408,TreatmentB,B03,112.84,2.58,0.2748,753,11.91,0.2265,0.1886,20.97,22.75,5,4.34,1,1
STR-007409,TreatmentA,B03,74.85,2.89,0.2103,158,6.63,0.7521,0.4106,41.81,19.42,2,6.65,0,1
STR-007410,TreatmentB,B02,85.19,1.97,0.2431,314,49.78,0.2732,0.3852,65.7,20.29,2,3.71,0,0
STR-007411,TreatmentB,B01,75.77,2.87,0.1955,308,91.14,0.3504,0.0757,42.41,15.39,1,7.15,1,1
STR-007412,TreatmentB,B01,99.62,1.35,0.26,250,55.82,0.4401,0.2822,10.0,42.62,1,5.65,1,0
STR-007413,TreatmentA,B01,102.58,3.73,0.2141,503,54.35,0.3807,0.2454,26.23,14.96,2,5.11,1,0
STR-007414,TreatmentA,B02,88.64,1.61,0.2446,122,22.57,0.5242,0.333,71.72,27.72,2,10.72,0,0
STR-007415,Control,B01,101.61,3.23,0.1548,158,32.23,0.3309,0.3101,32.57,19.71,5,7.12,1,1
STR-007416,TreatmentB,B01,103.72,2.04,0.2236,270,67.16,0.4506,0.3522,21.1,24.25,5,6.11,1,1
STR-007417,Control,B01,104.46,3.16,0.2294,152,56.1,0.4068,0.1239,44.93,18.69,3,8.91,0,0
STR-007418,Control,B03,79.29,1.89,0.1483,266,13.4,0.5938,0.3095,51.23,17.92,2,5.13,1,0
STR-007419,TreatmentA,B02,111.42,2.07,0.1668,252,23.94,0.4654,0.1796,27.96,23.47,0,6.65,0,1
STR-007420,TreatmentA,B03,89.42,1.77,0.2632,171,31.76,0.5217,0.3313,62.59,16.55,5,7.0,0,1
STR-007421,TreatmentB,B01,115.82,1.96,0.2399,243,22.77,0.4364,0.3019,23.35,34.24,2,6.64,1,0
STR-007422,Control,B01,77.66,2.19,0.2095,159,46.3,0.5007,0.3194,53.08,24.75,2,6.58,1,1
STR-007423,TreatmentA,B02,71.39,2.19,0.2797,480,25.37,0.5837,0.2967,50.81,13.01,1,11.67,0,0
STR-007424,TreatmentA,B01,92.84,2.7,0.2659,767,20.19,0.4743,0.4687,36.1,17.51,5,8.25,1,1
STR-007425,Control,B01,96.61,2.49,0.2359,337,33.42,0.7965,0.2202,46.7,17.04,2,5.4,0,0
STR-007426,Control,B03,96.72,2.26,0.2644,226,16.1,0.4744,0.1855,68.73,29.77,2,7.35,1,0
STR-007427,Control,B01,91.84,2.54,0.1976,400,40.39,0.5865,0.3809,39.07,36.37,2,7.56,1,1
STR-007428,TreatmentB,B01,115.5,1.76,0.2889,119,21.22,0.5678,0.4163,25.37,29.64,3,5.05,1,1
STR-007429,TreatmentB,B03,100.72,1.32,0.2637,184,31.48,0.5573,0.4828,20.85,23.88,1,7.71,1,1
STR-007430,TreatmentA,B01,76.25,1.99,0.2279,446,88.39,0.4792,0.3448,52.44,19.48,2,4.43,0,0
STR-007431,TreatmentB,B01,105.74,1.34,0.1912,255,26.4,0.3724,0.1926,101.41,23.23,3,5.38,0,1
STR-007432,TreatmentA,B01,103.7,2.95,0.2655,290,30.81,0.1296,0.2735,25.11,28.26,2,5.29,0,0
STR-007433,TreatmentA,B02,92.68,1.12,0.2563,126,36.28,0.5043,0.2461,45.14,31.63,0,5.88,1,0
STR-007434,Control,B01,53.15,1.67,0.2893,190,18.7,0.2967,0.1143,49.13,28.09,2,5.96,0,1
STR-007435,TreatmentA,B03,120.72,1.71,0.2134,109,44.4,0.3854,0.2814,24.49,27.74,2,7.0,1,1
STR-007436,TreatmentB,B03,103.28,1.01,0.317,383,80.59,0.3293,0.3613,11.02,26.44,2,6.75,1,1
STR-007437,TreatmentA,B02,102.77,2.07,0.2447,158,30.96,0.5343,0.4614,17.72,22.83,5,6.26,1,1
STR-007438,TreatmentA,B02,102.63,2.46,0.2813,210,51.88,0.5501,0.3445,32.92,23.2,1,5.71,0,0
STR-007439,Control,B01,98.8,1.43,0.2202,238,31.49,0.4176,0.3037,26.58,15.09,2,4.99,0,0
STR-007440,TreatmentB,B02,103.49,1.34,0.1855,115,46.82,0.3166,0.1455,49.95,18.42,5,3.51,1,1
STR-007441,Control,B03,95.46,2.88,0.2855,144,84.57,0.3316,0.2598,148.06,25.82,1,9.63,0,0
STR-007442,TreatmentA,B03,77.45,1.85,0.2143,136,30.86,0.3944,0.1743,31.0,13.61,1,5.06,1,0
STR-007443,Control,B02,94.33,2.07,0.1945,481,12.23,0.3996,0.2043,36.89,27.59,3,7.15,1,1
STR-007444,TreatmentA,B01,77.96,1.25,0.2678,608,40.88,0.5716,0.256,41.85,22.91,1,9.45,0,0
STR-007445,TreatmentB,B02,108.94,1.37,0.1933,888,30.91,0.4443,0.2231,29.45,24.27,3,7.48,1,1
STR-007446,TreatmentB,B01,81.3,2.08,0.2544,174,23.88,0.5179,0.6388,11.14,17.49,3,7.37,0,1
STR-007447,Control,B02,98.53,1.62,0.2537,561,50.58,0.3727,0.256,40.31,27.3,3,4.37,1,0
STR-007448,Control,B02,96.57,4.18,0.2587,283,16.08,0.4988,0.5283,54.57,34.99,1,8.64,0,1
STR-007449,TreatmentA,B02,95.26,1.94,0.2506,964,49.58,0.1558,0.3393,37.19,32.23,3,7.44,0,0
STR-007450,TreatmentB,B02,89.86,1.16,0.2389,256,24.61,0.5285,0.3038,25.04,18.74,1,6.7,1,1
STR-007451,TreatmentB,B02,106.77,1.42,0.2384,165,75.28,0.5124,0.3028,14.35,22.9,0,8.89,1,0
STR-007452,TreatmentB,B02,103.11,0.97,0.1972,631,33.49,0.6105,0.1212,17.09,23.74,2,5.3,1,0
STR-007453,Control,B03,117.64,2.86,0.2581,486,33.15,0.3714,0.261,58.78,30.42,1,6.28,0,1
STR-007454,TreatmentA,B01,102.53,1.2,0.242,301,20.31,0.4676,0.3944,27.46,9.49,1,7.58,1,1
STR-007455,TreatmentA,B02,98.18,1.64,0.2582,581,54.49,0.4886,0.1659,28.37,24.99,2,7.07,1,1
STR-007456,TreatmentB,B02,116.99,1.18,0.2578,375,63.96,0.607,0.2994,16.68,30.05,1,5.6,1,1
STR-007457,Control,B02,114.51,2.86,0.228,374,31.39,0.4667,0.2956,49.32,25.12,1,7.95,0,1
STR-007458,TreatmentB,B03,91.85,1.83,0.2523,346,59.28,0.1859,0.2377,18.71,19.96,3,5.91,0,1
STR-007459,Control,B02,106.41,2.29,0.2138,392,13.49,0.2961,0.2249,45.39,16.93,4,5.65,1,1
STR-007460,Control,B02,98.79,2.62,0.2901,411,30.36,0.4583,0.0703,34.87,21.55,4,7.66,0,0
STR-007461,TreatmentA,B02,91.98,1.83,0.2296,782,116.41,0.4599,0.173,22.03,22.43,1,5.29,0,0
STR-007462,TreatmentA,B03,80.01,1.59,0.2043,403,9.09,0.2373,0.204,92.43,25.75,5,7.33,1,1
STR-007463,Control,B03,90.66,1.35,0.2679,243,47.54,0.1698,0.2282,41.46,10.98,1,5.8,0,1
STR-007464,Control,B02,114.64,2.43,0.2421,283,26.99,0.3724,0.4245,52.2,32.54,1,7.48,1,1
STR-007465,TreatmentB,B03,82.33,2.62,0.2053,143,25.22,0.4898,0.2486,12.65,32.9,1,9.3,1,0
STR-007466,TreatmentB,B02,111.14,1.99,0.2459,203,34.43,0.3745,0.423,39.31,21.72,1,5.87,0,0
STR-007467,TreatmentB,B02,101.31,1.57,0.256,148,33.07,0.3044,0.2156,17.29,23.44,2,7.47,1,1
STR-007468,TreatmentA,B03,105.1,1.52,0.2629,516,75.57,0.5268,0.2825,22.91,25.42,1,7.29,0,1
STR-007469,TreatmentA,B01,99.86,2.47,0.2161,217,29.52,0.661,0.3698,27.26,21.2,1,6.16,0,1
STR-007470,TreatmentB,B02,99.68,1.39,0.2227,81,30.06,0.3168,0.1814,46.1,24.6,1,7.09,1,1
STR-007471,Control,B03,120.63,2.17,0.2192,158,23.46,0.5423,0.2291,46.39,24.58,2,8.99,0,0
STR-007472,Control,B02,88.08,1.48,0.2168,238,52.66,0.5683,0.286,50.1,24.63,1,5.95,1,0
STR-007473,TreatmentB,B01,88.96,0.77,0.2293,232,37.39,0.371,0.5144,20.24,25.42,2,7.38,1,0
STR-007474,Control,B03,70.39,1.79,0.2949,221,54.95,0.2705,0.3457,57.31,29.43,6,7.04,0,1
STR-007475,TreatmentA,B01,98.22,1.75,0.2396,315,30.8,0.3602,0.4161,13.56,25.45,1,3.83,1,0
STR-007476,Control,B03,77.87,2.26,0.2429,233,49.76,0.4227,0.2644,28.95,23.23,1,4.22,1,0
STR-007477,TreatmentA,B01,77.28,2.63,0.2548,654,15.27,0.3917,0.2771,27.48,14.82,1,7.13,0,0
STR-007478,Control,B01,101.4,2.04,0.2313,193,36.86,0.3385,0.244,41.85,27.4,3,8.37,1,1
STR-007479,TreatmentB,B03,116.29,0.65,0.2189,545,64.56,0.1309,0.5498,51.52,26.05,1,7.32,1,0
STR-007480,TreatmentB,B01,114.94,1.24,0.2394,276,30.41,0.4249,0.1341,34.68,37.18,3,8.67,1,1
STR-007481,TreatmentA,B02,112.64,1.98,0.2144,90,50.62,0.2015,0.3835,50.96,29.41,5,5.89,0,0
STR-007482,Control,B02,100.6,3.66,0.2367,293,28.7,0.3194,0.3839,48.01,21.35,5,8.3,0,0
STR-007483,TreatmentB,B03,73.68,0.81,0.1993,461,30.9,0.3598,0.342,20.07,24.6,1,8.51,1,0
STR-007484,Control,B03,95.54,2.07,0.24,242,43.59,0.2502,0.3508,55.99,20.37,0,7.52,0,1
STR-007485,TreatmentB,B03,94.91,1.32,0.2268,399,28.31,0.6135,0.1754,45.9,22.81,3,8.38,1,0
STR-007486,TreatmentB,B02,92.81,2.03,0.2407,178,33.67,0.4393,0.3156,6.05,32.42,3,6.39,1,1
STR-007487,Control,B01,78.06,2.7,0.2989,321,13.25,0.6049,0.2539,42.9,18.09,0,8.33,0,1
STR-007488,TreatmentA,B01,84.25,1.73,0.2101,311,51.78,0.5582,0.2197,45.46,22.68,0,8.08,1,0
STR-007489,Control,B03,88.64,2.57,0.2603,139,47.9,0.4992,0.2686,66.17,27.36,1,5.36,0,0
STR-007490,Control,B01,105.22,1.86,0.2445,257,17.38,0.3784,0.293,47.6,25.08,6,5.72,1,1
STR-007491,TreatmentA,B01,96.52,2.83,0.1914,198,63.96,0.2451,0.2762,23.95,23.21,6,6.04,1,1
STR-007492,TreatmentA,B02,101.91,1.86,0.2014,475,20.59,0.4401,0.5358,21.54,24.83,2,8.76,0,1
STR-007493,Control,B02,100.35,2.12,0.1712,431,44.29,0.2119,0.2469,36.17,22.54,4,4.6,1,0
STR-007494,TreatmentB,B01,95.68,1.98,0.191,291,16.15,0.3279,0.1975,23.1,28.51,4,7.03,1,1
STR-007495,Control,B02,112.62,2.8,0.2586,229,39.81,0.5479,0.1584,40.13,28.0,6,7.29,0,0
STR-007496,TreatmentA,B02,95.23,2.64,0.1695,245,58.96,0.2473,0.3652,12.75,30.15,2,5.34,1,0
STR-007497,Control,B01,97.24,2.7,0.229,238,90.94,0.3638,0.2538,49.99,19.5,8,4.54,0,0
STR-007498,Control,B03,117.5,2.5,0.2363,240,36.8,0.3896,0.1214,46.57,26.19,0,4.88,1,0
STR-007499,Control,B03,121.01,1.69,0.3347,204,14.43,0.3422,0.2854,47.22,15.61,3,4.73,0,0
STR-007500,TreatmentB,B03,104.12,2.3,0.2654,176,36.92,0.3523,0.3506,22.27,31.96,3,6.12,0,0
STR-007501,Control,B03,81.79,4.35,0.1668,276,28.04,0.4965,0.4424,44.63,18.13,4,5.5,0,0
STR-007502,TreatmentB,B03,111.86,0.94,0.2588,328,15.9,0.422,0.1344,58.89,19.74,5,8.17,1,0
STR-007503,TreatmentB,B03,105.08,0.59,0.1855,140,73.81,0.1857,0.4611,42.65,25.33,3,5.5,1,0
STR-007504,TreatmentA,B03,91.33,1.55,0.2651,1073,16.33,0.4516,0.3369,32.37,35.34,0,7.18,0,1
STR-007505,Control,B03,94.03,2.72,0.2828,337,10.68,0.3486,0.2942,106.35,22.14,2,9.33,0,0
STR-007506,Control,B01,68.54,1.46,0.2041,182,30.56,0.2974,0.2199,57.49,28.43,5,7.05,1,1
STR-007507,TreatmentB,B03,101.42,0.46,0.2749,390,37.14,0.2806,0.4032,38.19,29.08,4,6.36,1,0
STR-007508,TreatmentA,B02,89.19,2.0,0.1999,150,40.41,0.3241,0.0591,24.19,17.72,2,5.9,1,1
STR-007509,TreatmentB,B02,99.56,1.03,0.1783,422,61.8,0.4304,0.3546,37.05,21.65,1,8.32,1,0
STR-007510,TreatmentB,B03,113.94,1.03,0.2597,198,46.81,0.582,0.144,54.82,28.85,2,8.81,0,0
STR-007511,Control,B01,97.61,2.68,0.2588,432,46.89,0.332,0.491,36.83,19.48,1,6.75,0,1
STR-007512,TreatmentB,B03,86.89,1.38,0.2566,444,15.19,0.2211,0.1855,7.91,17.3,5,9.64,1,0
STR-007513,Control,B03,78.62,3.93,0.2123,177,79.15,0.7115,0.3433,37.98,22.01,2,5.0,0,0
STR-007514,Control,B03,91.41,2.75,0.269,221,16.42,0.2842,0.334,28.22,20.71,1,8.48,0,0
STR-007515,Control,B01,97.29,1.87,0.2335,284,29.74,0.3752,0.339,68.08,15.6,2,7.01,0,1
STR-007516,Control,B02,84.14,2.96,0.2447,236,57.64,0.2713,0.2198,33.98,25.47,3,8.29,0,1
STR-007517,Control,B03,132.09,1.97,0.2485,203,6.74,0.2841,0.3151,96.94,26.73,4,8.24,0,0
STR-007518,TreatmentB,B03,77.22,1.24,0.2195,175,62.71,0.3616,0.3949,20.77,19.17,5,5.59,1,1
STR-007519,TreatmentA,B01,89.51,1.36,0.2259,174,19.28,0.2999,0.4534,43.59,17.3,1,7.24,1,0
STR-007520,Control,B03,101.46,1.76,0.1601,263,51.54,0.6955,0.3947,46.15,32.83,3,8.72,1,0
STR-007521,TreatmentA,B03,118.06,2.71,0.2299,325,53.55,0.2669,0.1372,38.23,35.18,3,8.84,0,1
STR-007522,TreatmentB,B01,102.62,1.62,0.2427,114,29.93,0.6159,0.1978,17.45,37.97,1,11.82,1,0
STR-007523,TreatmentB,B01,85.69,1.13,0.2444,326,50.0,0.3268,0.1856,53.43,26.98,1,4.17,1,0
STR-007524,TreatmentB,B03,97.47,1.43,0.2079,209,20.73,0.4786,0.1801,11.65,29.64,1,5.8,1,0
STR-007525,Control,B03,106.56,2.37,0.2004,662,50.8,0.3695,0.2597,37.49,20.9,1,9.03,1,1
STR-007526,Control,B01,101.42,2.82,0.2152,178,44.54,0.573,0.2049,56.92,21.99,0,5.64,0,0
STR-007527,Control,B02,95.75,2.59,0.1786,172,33.02,0.4007,0.3679,32.72,21.59,1,7.77,1,1
STR-007528,TreatmentA,B03,86.34,1.02,0.2274,766,8.78,0.6776,0.2712,38.85,26.15,4,4.73,1,1
STR-007529,Control,B02,107.7,2.4,0.235,112,16.77,0.5005,0.3591,67.9,27.17,3,6.49,0,1
STR-007530,Control,B02,107.71,3.46,0.2718,234,44.09,0.7744,0.3473,62.66,38.55,2,6.32,0,1
STR-007531,Control,B03,89.94,1.81,0.3025,182,25.25,0.5476,0.3443,29.73,15.39,2,6.44,0,1
STR-007532,Control,B01,121.25,1.87,0.2396,342,34.43,0.2849,0.194,100.25,18.99,4,6.18,0,1
STR-007533,TreatmentB,B03,110.58,2.06,0.2233,317,83.17,0.4185,0.1938,46.34,25.48,1,9.02,1,0
STR-007534,TreatmentB,B03,84.49,1.55,0.1977,354,131.02,0.4201,0.3115,32.31,21.09,0,8.21,1,0
STR-007535,TreatmentB,B03,98.16,2.5,0.2505,310,53.99,0.1568,0.3308,33.54,27.46,3,6.57,0,1
STR-007536,TreatmentA,B01,120.87,1.33,0.2223,251,28.16,0.5466,0.0684,30.2,32.0,3,6.87,0,0
STR-007537,TreatmentA,B03,98.45,2.78,0.2201,350,19.35,0.5237,0.4025,28.23,25.8,5,7.07,1,1
STR-007538,TreatmentB,B02,122.09,1.53,0.2247,280,14.69,0.525,0.3642,5.52,28.91,1,5.71,1,1
STR-007539,Control,B02,109.73,2.92,0.223,190,29.62,0.4551,0.4285,26.52,25.7,3,4.9,1,1
STR-007540,TreatmentA,B02,145.35,2.96,0.2133,554,46.52,0.3203,0.6036,43.28,22.51,3,4.65,0,0
STR-007541,Control,B03,101.38,2.08,0.2306,122,22.74,0.3809,0.2096,109.86,20.43,2,7.65,0,1
STR-007542,TreatmentA,B03,89.02,2.29,0.1865,172,19.93,0.6648,0.3841,35.3,21.97,2,7.0,1,1
STR-007543,Control,B03,90.18,2.0,0.2316,164,17.25,0.3197,0.3688,23.72,19.22,4,4.77,1,0
STR-007544,TreatmentA,B03,118.76,1.68,0.2624,801,37.61,0.6266,0.2103,28.39,22.36,1,7.22,0,0
STR-007545,TreatmentB,B02,105.97,0.72,0.2386,153,28.96,0.4636,0.1833,41.99,26.19,7,5.03,1,0
STR-007546,TreatmentB,B01,84.24,1.93,0.2346,452,80.52,0.4223,0.3992,21.47,26.27,1,8.16,0,1
STR-007547,TreatmentB,B02,99.82,1.22,0.233,175,77.4,0.3928,0.307,12.96,22.45,3,7.57,1,1
STR-007548,Control,B02,107.55,3.24,0.1948,405,18.3,0.4262,0.4672,32.85,16.91,1,9.7,0,0
STR-007549,TreatmentA,B02,118.31,1.15,0.2691,387,24.71,0.7671,0.4764,77.93,22.17,3,6.11,0,1
STR-007550,TreatmentB,B01,126.46,1.09,0.2708,254,19.43,0.3812,0.3865,29.25,13.16,2,6.27,1,1
STR-007551,Control,B02,116.74,1.95,0.2049,164,29.22,0.645,0.4112,35.1,20.99,1,6.39,1,1
STR-007552,TreatmentA,B03,111.88,0.86,0.2194,244,41.27,0.5499,0.4559,121.82,13.32,3,6.67,1,1
STR-007553,Control,B03,88.65,3.25,0.2191,177,46.81,0.3149,0.5425,33.5,16.32,4,7.42,0,0
STR-007554,Control,B02,133.4,3.12,0.2224,403,38.5,0.3963,0.2458,57.05,36.0,3,7.03,0,0
STR-007555,TreatmentB,B01,80.61,1.83,0.2513,424,52.08,0.4009,0.3148,27.56,21.89,3,6.91,1,1
STR-007556,TreatmentB,B03,85.35,1.1,0.2637,383,39.13,0.5084,0.2272,13.67,23.69,1,8.45,1,0
STR-007557,TreatmentA,B02,103.8,1.26,0.2248,234,33.03,0.265,0.4723,48.12,25.07,1,7.48,1,0
STR-007558,TreatmentB,B03,97.74,1.75,0.2477,237,34.58,0.4975,0.3977,22.7,25.07,2,5.87,1,1
STR-007559,TreatmentA,B02,97.14,1.36,0.2484,290,13.43,0.3869,0.5211,29.66,15.5,5,6.16,1,0
STR-007560,TreatmentA,B01,65.44,2.84,0.2277,832,61.14,0.5794,0.1518,27.43,28.57,1,8.97,0,0
STR-007561,TreatmentA,B01,91.32,3.31,0.2376,203,50.03,0.2722,0.1281,26.91,23.92,1,9.79,0,1
STR-007562,Control,B02,84.08,3.07,0.1809,223,24.05,0.5049,0.269,35.08,31.51,2,6.12,0,0
STR-007563,Control,B02,73.63,2.46,0.2277,294,56.76,0.6919,0.2204,22.87,26.16,0,7.69,1,0
STR-007564,TreatmentB,B02,70.0,1.93,0.1546,356,68.34,0.3029,0.176,14.84,21.82,1,6.57,1,1
STR-007565,TreatmentB,B03,117.31,1.46,0.2715,257,21.88,0.2629,0.3105,22.54,33.57,2,4.82,0,0
STR-007566,Control,B01,86.4,2.62,0.2631,150,11.02,0.415,0.1999,37.48,19.67,1,5.5,0,0
STR-007567,TreatmentA,B03,113.49,1.85,0.3021,203,16.68,0.3138,0.1787,24.56,20.66,1,5.85,0,1
STR-007568,TreatmentB,B02,105.87,2.07,0.2528,474,61.48,0.2811,0.4491,25.92,31.24,4,5.02,1,0
STR-007569,TreatmentA,B02,113.38,2.01,0.2531,226,67.73,0.3633,0.436,100.13,18.95,3,10.86,0,0
STR-007570,TreatmentB,B01,136.44,2.17,0.1854,145,57.47,0.3709,0.2264,31.71,29.81,2,6.8,1,1
STR-007571,TreatmentA,B02,117.97,2.05,0.1691,190,60.36,0.1819,0.3669,17.63,14.55,4,4.88,1,0
STR-007572,Control,B03,116.22,3.56,0.2243,479,36.75,0.5769,0.1368,72.83,17.25,1,8.15,0,0
STR-007573,TreatmentB,B02,103.36,1.21,0.2055,258,52.59,0.4601,0.4095,17.95,22.79,0,8.19,1,1
STR-007574,TreatmentB,B02,122.34,2.79,0.223,496,98.18,0.3652,0.2787,28.66,17.4,4,5.76,1,0
STR-007575,TreatmentA,B03,111.61,2.03,0.2595,183,25.85,0.2648,0.1885,9.84,26.5,1,6.48,1,1
STR-007576,TreatmentB,B01,96.08,2.86,0.1908,204,104.74,0.4962,0.3194,45.2,16.93,3,4.37,1,0
STR-007577,TreatmentB,B01,113.83,2.41,0.2284,127,24.01,0.2691,0.3839,24.27,31.72,1,7.1,0,0
STR-007578,Control,B02,105.85,2.54,0.2405,120,22.8,0.2222,0.4959,52.14,15.1,5,8.29,0,0
STR-007579,TreatmentA,B01,108.64,2.2,0.1983,439,24.55,0.4572,0.3317,33.76,18.99,5,4.6,1,0
STR-007580,TreatmentA,B02,97.13,1.66,0.2519,233,12.18,0.4471,0.4417,27.44,28.68,1,8.04,1,1
STR-007581,TreatmentA,B03,92.9,1.46,0.2622,295,33.88,0.4848,0.1569,45.29,35.09,3,4.57,0,0
STR-007582,Control,B02,86.92,2.3,0.2761,211,45.3,0.626,0.2917,53.0,15.53,1,6.95,0,1
STR-007583,TreatmentB,B01,125.03,1.21,0.2228,564,27.34,0.537,0.3819,10.42,27.0,2,6.97,1,1
STR-007584,TreatmentA,B01,86.43,2.12,0.2436,106,30.05,0.2059,0.4096,38.8,27.12,2,6.23,0,0
STR-007585,TreatmentB,B02,116.61,1.96,0.2588,405,41.27,0.2643,0.226,32.98,31.41,1,7.83,1,1
STR-007586,TreatmentB,B03,97.33,2.4,0.2402,427,10.08,0.2384,0.3224,13.64,22.09,2,7.81,0,1
STR-007587,Control,B01,108.76,3.77,0.1813,196,31.52,0.1536,0.5508,116.14,15.97,2,8.54,0,0
STR-007588,TreatmentA,B02,88.41,1.38,0.286,477,11.37,0.2759,0.4466,34.66,26.16,0,7.36,1,0
STR-007589,TreatmentB,B03,95.82,1.49,0.2245,154,25.06,0.4044,0.4318,14.81,31.56,2,7.71,1,1
STR-007590,TreatmentB,B03,136.65,1.05,0.1894,362,16.45,0.397,0.226,29.88,23.43,0,8.4,1,0
STR-007591,Control,B01,100.04,1.83,0.2585,278,51.1,0.2917,0.2288,64.65,30.49,0,5.92,0,1
STR-007592,Control,B03,108.0,3.87,0.2318,239,31.68,0.6108,0.3327,31.99,23.83,3,5.9,0,1
STR-007593,TreatmentA,B02,123.74,1.45,0.2044,643,51.35,0.5585,0.348,19.08,20.17,2,7.59,1,1
STR-007594,TreatmentB,B03,84.69,1.27,0.2304,262,88.69,0.3853,0.3511,21.86,14.11,4,3.92,1,0
STR-007595,TreatmentB,B02,99.71,0.37,0.2761,160,41.34,0.4228,0.2546,8.81,27.59,2,6.33,1,0
STR-007596,Control,B03,93.66,2.26,0.2321,348,132.83,0.2032,0.3587,28.67,32.85,1,9.37,0,0
STR-007597,TreatmentA,B03,104.37,1.97,0.2293,185,45.04,0.4758,0.2384,54.4,24.0,4,5.97,0,1
STR-007598,TreatmentB,B01,79.47,1.5,0.1973,121,103.63,0.2594,0.2704,27.96,26.64,1,5.87,1,1
STR-007599,TreatmentA,B01,118.51,1.37,0.2444,357,25.29,0.346,0.1625,22.78,32.48,3,5.64,1,1
STR-007600,TreatmentB,B03,109.45,2.55,0.2117,168,11.38,0.2662,0.2223,12.73,29.44,8,7.3,1,1
STR-007601,TreatmentB,B01,117.18,1.8,0.2323,299,31.86,0.6101,0.3811,41.05,23.64,2,6.31,0,1
STR-007602,Control,B01,107.43,1.64,0.2444,850,14.73,0.3993,0.1743,30.42,19.09,2,6.8,1,1
STR-007603,TreatmentB,B02,121.18,1.96,0.2566,549,55.46,0.7759,0.1558,46.32,20.01,3,5.47,0,0
STR-007604,Control,B03,104.36,2.86,0.272,283,68.16,0.5907,0.2278,56.41,18.51,0,6.76,0,1
STR-007605,TreatmentA,B01,114.2,1.71,0.2843,353,52.54,0.3294,0.3415,30.85,34.41,2,7.25,0,0
STR-007606,TreatmentB,B01,105.66,2.15,0.2129,305,113.4,0.4363,0.3337,20.45,30.38,3,7.03,1,1
STR-007607,Control,B01,67.84,2.69,0.2209,213,30.81,0.2078,0.2612,32.87,23.33,4,8.18,0,1
STR-007608,Control,B01,94.51,3.58,0.2407,127,22.77,0.3871,0.3539,51.12,34.05,2,10.45,0,0
STR-007609,Control,B01,101.9,1.46,0.2585,124,26.37,0.3566,0.3392,30.06,15.72,2,6.8,1,1
STR-007610,Control,B03,94.31,2.36,0.2127,386,16.12,0.3327,0.2144,82.88,21.81,2,7.66,0,1
STR-007611,TreatmentB,B03,107.77,1.32,0.2394,301,49.9,0.5705,0.4461,40.5,25.17,1,4.2,0,1
STR-007612,TreatmentB,B01,85.06,1.52,0.2522,67,11.9,0.394,0.2606,21.14,20.04,2,5.33,0,1
STR-007613,Control,B02,82.63,3.23,0.1974,142,87.41,0.4387,0.3408,31.39,27.42,2,6.57,0,1
STR-007614,TreatmentA,B01,87.24,2.01,0.2297,225,23.79,0.4838,0.3884,25.96,16.31,2,5.31,1,1
STR-007615,Control,B03,108.94,3.89,0.2272,150,61.25,0.4621,0.1662,57.1,32.28,0,5.9,0,0
STR-007616,Control,B03,72.72,1.43,0.2572,406,22.81,0.4192,0.3609,33.47,23.49,2,6.05,1,0
STR-007617,TreatmentA,B03,83.13,2.98,0.2926,163,10.02,0.3873,0.2791,95.75,21.35,2,6.43,0,0
STR-007618,TreatmentA,B01,105.11,1.8,0.2408,208,12.51,0.5245,0.6238,39.87,24.82,5,5.39,1,1
STR-007619,Control,B01,70.87,2.25,0.2318,428,9.96,0.3479,0.2426,27.76,30.28,0,8.33,0,1
STR-007620,Control,B01,95.89,1.54,0.1734,488,31.27,0.4417,0.3016,36.79,25.42,3,5.7,1,1
STR-007621,Control,B01,104.64,1.51,0.2016,479,15.95,0.608,0.3959,49.11,36.22,0,4.94,1,0
STR-007622,TreatmentB,B03,82.03,0.63,0.19,187,45.69,0.3981,0.3522,15.65,27.15,1,7.78,1,1
STR-007623,TreatmentA,B03,126.59,1.69,0.2642,164,63.36,0.46,0.1997,26.46,30.67,2,9.98,1,0
STR-007624,TreatmentB,B01,115.72,2.3,0.2227,333,15.36,0.3687,0.3818,32.05,19.58,1,7.17,1,1
STR-007625,TreatmentA,B01,108.69,2.98,0.2358,153,25.75,0.0941,0.1762,26.71,33.23,2,5.31,0,1
STR-007626,TreatmentA,B01,92.53,1.65,0.2291,170,18.45,0.3647,0.6346,22.6,24.64,1,6.18,1,1
STR-007627,Control,B02,96.12,2.26,0.2593,324,37.72,0.2606,0.3935,35.8,31.99,2,7.76,0,0
STR-007628,TreatmentB,B01,84.02,1.35,0.2495,347,89.4,0.4726,0.3567,3.82,20.61,1,8.44,0,0
STR-007629,TreatmentB,B03,92.8,1.56,0.1968,297,91.1,0.3437,0.273,9.82,33.86,4,5.17,0,0
STR-007630,TreatmentA,B02,104.41,1.42,0.2134,347,78.11,0.4684,0.2827,48.42,32.58,1,5.41,1,0
STR-007631,Control,B01,113.18,2.12,0.2783,369,52.54,0.5851,0.3233,35.22,22.07,2,8.42,0,0
STR-007632,TreatmentA,B02,100.42,1.89,0.2404,353,70.06,0.5377,0.396,38.25,38.32,3,6.46,1,1
STR-007633,Control,B03,141.41,1.83,0.2142,278,23.71,0.3584,0.3774,37.1,15.42,4,7.71,0,1
STR-007634,TreatmentB,B03,86.83,1.13,0.2134,118,13.67,0.4313,0.2618,14.47,26.46,2,6.96,1,1
STR-007635,Control,B01,107.81,2.29,0.275,595,20.78,0.4124,0.5201,57.64,16.88,2,7.97,0,1
STR-007636,Control,B03,106.63,1.61,0.2111,770,44.08,0.3091,0.3624,43.59,27.14,2,8.4,0,0
STR-007637,TreatmentA,B02,75.64,2.48,0.1916,385,30.57,0.446,0.1958,31.34,27.01,2,5.91,0,1
STR-007638,TreatmentA,B03,116.46,1.62,0.2401,356,36.87,0.2292,0.2592,34.16,22.09,5,5.07,0,0
STR-007639,TreatmentA,B02,118.72,3.48,0.208,965,100.9,0.1834,0.09,36.49,33.67,2,5.7,0,1
STR-007640,Control,B01,96.85,2.31,0.3143,445,44.14,0.2619,0.2054,43.48,17.89,4,6.16,0,1
STR-007641,TreatmentB,B01,106.66,2.43,0.2718,198,58.26,0.5099,0.3723,42.23,21.63,2,7.97,1,1
STR-007642,TreatmentA,B01,84.57,2.41,0.2209,380,60.23,0.3533,0.3885,15.98,30.46,5,4.66,0,0
STR-007643,Control,B03,82.43,2.11,0.2014,471,23.28,0.2934,0.2851,46.24,20.76,0,8.9,1,0
STR-007644,TreatmentB,B03,102.22,0.84,0.2489,102,68.57,0.4458,0.3084,61.42,20.5,1,5.92,0,0
STR-007645,TreatmentA,B02,116.89,1.59,0.1369,208,20.47,0.6645,0.5707,23.21,12.97,3,5.11,1,1
STR-007646,TreatmentA,B01,102.79,2.64,0.2745,561,26.23,0.1864,0.5299,12.86,27.97,2,5.84,0,0
STR-007647,TreatmentA,B01,109.73,2.47,0.1587,312,15.46,0.3888,0.3258,28.96,19.53,1,7.05,0,1
STR-007648,TreatmentA,B01,101.36,1.98,0.2197,410,55.41,0.4154,0.2466,39.97,26.55,3,5.81,0,1
STR-007649,TreatmentB,B01,111.97,0.84,0.2354,181,32.13,0.4652,0.4149,16.35,30.27,1,7.44,1,1
STR-007650,TreatmentA,B02,87.32,1.69,0.2335,231,28.13,0.263,0.1481,48.18,20.59,1,7.59,1,1
STR-007651,TreatmentA,B02,71.98,2.19,0.2408,175,177.12,0.5125,0.2462,52.7,28.5,4,6.1,0,0
STR-007652,Control,B03,117.96,1.38,0.1958,302,100.78,0.4,0.3169,30.69,14.34,6,8.0,1,1
STR-007653,TreatmentA,B02,107.7,2.32,0.2202,113,33.93,0.4249,0.2007,30.85,24.14,2,6.88,0,1
STR-007654,TreatmentA,B02,133.53,0.94,0.194,611,80.58,0.3184,0.4647,43.63,27.9,2,5.3,1,0
STR-007655,Control,B03,98.51,2.35,0.2469,382,26.06,0.3828,0.2099,36.47,29.72,1,7.34,0,0
STR-007656,TreatmentA,B01,98.88,1.86,0.21,444,52.32,0.4074,0.3146,28.21,21.58,3,9.18,1,0
STR-007657,TreatmentB,B02,118.12,1.61,0.2302,140,41.26,0.3711,0.0991,34.27,26.44,1,4.51,1,0
STR-007658,TreatmentA,B02,79.02,1.9,0.2618,269,85.5,0.5084,0.1647,17.58,16.08,0,6.13,1,0
STR-007659,Control,B03,127.17,1.47,0.2166,209,24.14,0.449,0.2347,44.81,37.75,0,5.79,1,1
STR-007660,Control,B03,114.79,2.27,0.2582,322,33.72,0.3,0.4912,65.89,15.91,4,5.85,1,0
STR-007661,TreatmentA,B02,94.03,1.59,0.225,364,29.5,0.5797,0.1606,34.06,25.17,1,9.0,1,0
STR-007662,TreatmentB,B03,118.64,1.48,0.2438,404,20.94,0.5472,0.4582,96.18,34.23,3,6.76,0,1
STR-007663,Control,B01,102.31,3.43,0.2405,751,32.85,0.2848,0.4693,40.48,30.27,3,7.73,0,0
STR-007664,Control,B01,102.39,2.99,0.2168,308,159.7,0.5679,0.3246,31.28,30.32,3,6.19,0,1
STR-007665,Control,B02,100.7,1.64,0.1838,517,42.46,0.4586,0.4618,33.4,18.94,3,7.17,1,1
STR-007666,Control,B01,105.61,2.48,0.2743,256,213.18,0.6,0.4483,47.74,31.96,3,5.11,0,1
STR-007667,Control,B01,90.03,1.65,0.2196,577,66.08,0.4262,0.255,35.64,33.68,2,5.72,1,1
STR-007668,TreatmentB,B03,96.47,1.73,0.2186,125,16.71,0.2226,0.4501,39.18,26.24,2,6.78,1,0
STR-007669,TreatmentA,B02,88.73,0.97,0.2487,412,36.23,0.5685,0.3426,40.37,24.16,5,11.05,0,0
STR-007670,TreatmentA,B03,126.66,1.59,0.1979,64,19.63,0.5674,0.5205,47.13,28.86,3,4.73,1,1
STR-007671,Control,B03,117.62,1.58,0.2614,203,29.19,0.2607,0.3871,53.7,33.17,3,6.59,0,0
STR-007672,TreatmentA,B01,110.42,1.91,0.2175,571,49.37,0.6076,0.1158,31.17,26.59,2,6.61,1,0
STR-007673,Control,B02,110.51,3.58,0.2957,138,79.98,0.4823,0.3506,36.36,12.96,6,7.71,0,0
STR-007674,TreatmentA,B03,126.32,1.05,0.2872,103,37.24,0.4217,0.2261,31.81,22.82,1,4.86,1,0
STR-007675,Control,B02,77.96,1.91,0.2869,327,158.99,0.3309,0.2913,33.64,17.28,0,6.46,1,1
STR-007676,TreatmentA,B02,122.46,2.67,0.2525,326,19.01,0.3284,0.3864,18.09,31.45,1,5.87,1,0
STR-007677,TreatmentA,B02,95.56,1.29,0.3397,333,55.68,0.6807,0.4032,20.41,26.48,3,7.26,0,1
STR-007678,Control,B03,99.95,2.25,0.2666,460,26.48,0.4181,0.1938,29.36,22.47,3,7.03,0,0
STR-007679,Control,B03,102.37,1.83,0.2421,60,75.36,0.4325,0.1998,31.26,19.19,3,8.07,0,0
STR-007680,TreatmentB,B03,115.59,1.34,0.2621,212,37.93,0.2242,0.2468,36.04,36.2,3,6.04,0,1
STR-007681,TreatmentA,B02,79.21,1.28,0.1896,225,90.82,0.3656,0.5381,50.59,25.23,5,7.38,1,1
STR-007682,Control,B03,92.58,1.5,0.2311,297,13.15,0.314,0.1745,61.18,37.63,1,5.96,1,1
STR-007683,Control,B01,91.86,1.96,0.2111,165,115.47,0.2925,0.4549,48.68,28.93,5,8.62,1,0
STR-007684,TreatmentB,B01,125.44,1.48,0.2102,237,68.47,0.337,0.3625,16.56,35.78,2,5.93,1,1
STR-007685,Control,B01,108.35,2.07,0.2018,128,38.75,0.5702,0.279,68.95,20.78,1,6.09,0,1
STR-007686,Control,B03,111.77,1.9,0.2048,419,31.51,0.2777,0.1941,24.81,23.31,1,5.88,0,1
STR-007687,TreatmentB,B03,109.07,1.74,0.2076,581,126.26,0.3959,0.2587,38.5,29.48,4,7.76,0,0
STR-007688,TreatmentB,B01,97.84,2.36,0.2262,230,14.18,0.6853,0.3036,38.33,23.82,2,8.67,1,1
STR-007689,TreatmentB,B03,105.2,1.64,0.1813,585,29.62,0.3842,0.3702,2.72,27.58,2,6.93,1,1
STR-007690,TreatmentB,B01,78.52,1.71,0.2119,132,20.05,0.3654,0.1819,24.18,30.35,5,7.37,1,0
STR-007691,TreatmentA,B02,107.46,2.17,0.2052,374,61.27,0.514,0.4211,17.1,26.71,2,6.28,0,1
STR-007692,TreatmentA,B02,85.35,2.15,0.237,301,72.77,0.3269,0.3386,28.94,20.21,3,9.34,0,0
STR-007693,TreatmentA,B03,95.39,2.04,0.2083,206,52.72,0.5902,0.2238,65.59,11.0,1,4.83,1,0
STR-007694,Control,B02,88.5,1.77,0.2546,114,18.75,0.381,0.4545,52.66,26.88,5,7.42,0,0
STR-007695,TreatmentA,B01,113.57,1.57,0.2674,337,34.96,0.4857,0.3249,35.14,24.73,2,9.58,0,0
STR-007696,TreatmentB,B02,100.15,2.21,0.1874,347,102.36,0.2753,0.3294,19.24,25.8,2,6.95,1,1
STR-007697,TreatmentB,B02,93.61,1.12,0.1813,749,40.87,0.488,0.6014,11.85,15.35,0,7.07,1,1
STR-007698,Control,B03,101.9,3.04,0.2116,746,34.07,0.7025,0.1762,94.78,15.84,1,8.29,0,0
STR-007699,TreatmentA,B01,102.4,1.46,0.2637,398,47.47,0.6166,0.3425,23.29,20.05,5,10.56,1,0
STR-007700,TreatmentB,B03,84.71,2.29,0.2605,144,14.79,0.4695,0.3086,22.97,22.2,2,4.9,0,0
STR-007701,TreatmentB,B01,70.46,2.26,0.1907,122,41.04,0.4354,0.2853,16.4,26.3,1,6.49,1,0
STR-007702,TreatmentA,B01,59.58,2.03,0.2488,354,34.0,0.2692,0.3068,53.28,13.96,3,8.44,0,0
STR-007703,Control,B02,112.06,1.72,0.2598,121,210.1,0.1525,0.166,20.49,30.44,3,7.82,1,1
STR-007704,TreatmentA,B01,110.59,1.51,0.2362,621,97.45,0.3845,0.3489,28.78,29.28,2,6.81,0,1
STR-007705,TreatmentB,B03,119.97,2.13,0.2044,234,24.89,0.2193,0.0785,14.37,35.69,3,7.2,1,1
STR-007706,TreatmentA,B02,84.56,1.25,0.2375,137,12.83,0.459,0.2618,19.31,16.63,3,5.71,1,0
STR-007707,Control,B03,99.38,3.0,0.1997,608,62.15,0.3427,0.2171,36.37,22.77,2,6.36,0,1
STR-007708,TreatmentB,B03,100.21,3.0,0.2414,501,33.54,0.4541,0.0928,36.16,35.17,0,8.11,0,0
STR-007709,TreatmentA,B01,115.01,2.47,0.2317,305,28.58,0.291,0.0741,15.26,30.64,4,6.42,1,1
STR-007710,TreatmentB,B01,98.73,2.12,0.1974,101,42.32,0.6194,0.3089,19.19,23.68,5,7.05,1,1
STR-007711,TreatmentA,B01,90.34,2.51,0.2395,247,29.44,0.1722,0.3217,23.03,33.63,4,6.09,1,1
STR-007712,Control,B03,84.24,2.36,0.2165,147,42.9,0.3706,0.1463,35.26,34.63,3,9.89,1,0
STR-007713,TreatmentB,B03,98.58,1.67,0.2662,138,37.65,0.4197,0.1337,13.42,15.46,5,5.87,0,0
STR-007714,TreatmentB,B03,103.1,1.24,0.2795,195,25.5,0.4566,0.1729,33.59,25.87,2,3.95,1,0
STR-007715,TreatmentB,B01,109.76,1.75,0.2217,167,22.48,0.2553,0.334,33.85,44.2,2,5.54,1,0
STR-007716,Control,B02,97.48,1.82,0.1897,443,59.11,0.4277,0.1422,44.78,25.02,2,7.32,1,1
STR-007717,Control,B02,87.33,2.53,0.2654,469,29.78,0.3158,0.214,23.68,34.57,3,6.46,0,1
STR-007718,TreatmentB,B02,99.4,2.41,0.2552,496,57.62,0.3,0.1783,33.27,20.9,4,7.87,1,1
STR-007719,Control,B03,118.03,3.45,0.2463,293,117.05,0.4795,0.3933,60.86,24.11,3,6.9,0,1
STR-007720,Control,B02,100.84,2.66,0.1006,324,71.99,0.4471,0.6132,35.39,21.22,6,7.84,1,1
STR-007721,TreatmentA,B01,93.89,2.65,0.2691,176,31.47,0.6883,0.2176,32.49,9.26,3,8.0,0,0
STR-007722,TreatmentA,B03,71.22,2.3,0.2518,259,16.95,0.1247,0.1701,28.44,32.92,2,7.63,0,1
STR-007723,TreatmentA,B02,102.86,2.39,0.2853,561,27.29,0.148,0.2396,22.68,27.66,2,3.82,1,0
STR-007724,Control,B02,92.7,1.59,0.269,760,34.23,0.3005,0.2316,17.05,29.18,4,6.74,0,1
STR-007725,TreatmentA,B03,109.4,1.59,0.2154,161,24.64,0.4015,0.286,31.55,31.0,2,8.11,1,1
STR-007726,TreatmentB,B03,100.76,2.05,0.3109,406,17.92,0.604,0.2919,23.64,23.49,1,6.65,0,1
STR-007727,TreatmentB,B03,109.26,0.93,0.2901,924,40.93,0.3225,0.2747,10.88,19.35,2,8.86,1,0
STR-007728,TreatmentB,B01,86.82,0.64,0.2569,294,87.24,0.3934,0.4027,20.97,18.58,2,8.35,1,0
STR-007729,TreatmentA,B01,114.57,1.73,0.3029,1047,42.13,0.5378,0.3311,21.44,28.66,3,5.74,0,0
STR-007730,TreatmentB,B02,102.93,1.8,0.2151,354,42.08,0.3169,0.1831,45.49,25.76,4,4.79,0,0
STR-007731,TreatmentA,B01,134.17,1.33,0.2567,1391,66.31,0.4017,0.1826,33.44,21.9,1,6.21,1,0
STR-007732,TreatmentA,B02,93.95,1.65,0.2534,300,43.79,0.5271,0.5762,46.28,13.94,2,8.6,0,1
STR-007733,Control,B03,125.06,2.13,0.277,436,47.79,0.2024,0.3231,35.88,25.45,2,6.23,0,1
STR-007734,TreatmentA,B01,98.3,2.01,0.2474,169,21.62,0.5174,0.3948,30.61,22.24,3,7.5,0,1
STR-007735,TreatmentA,B02,109.93,1.96,0.2115,92,35.95,0.6511,0.1545,20.85,26.73,4,7.02,1,0
STR-007736,Control,B01,105.27,2.22,0.2217,264,17.46,0.5779,0.3179,47.71,14.13,3,6.25,0,1
STR-007737,Control,B01,93.09,1.65,0.2558,860,37.69,0.2859,0.1911,37.21,26.28,3,7.79,1,1
STR-007738,TreatmentA,B02,122.53,1.97,0.2253,355,30.43,0.234,0.2101,36.39,22.73,3,5.7,0,1
STR-007739,TreatmentB,B02,106.25,2.03,0.2297,553,29.23,0.4056,0.432,26.5,25.39,2,5.35,1,0
STR-007740,TreatmentB,B01,60.23,1.26,0.1903,124,31.68,0.175,0.3148,6.34,27.66,4,6.79,1,1
STR-007741,TreatmentB,B02,95.76,1.01,0.2524,208,28.57,0.4596,0.2098,38.05,27.11,1,9.06,1,0
STR-007742,TreatmentA,B03,87.42,1.71,0.2832,1028,38.34,0.3657,0.2691,45.11,24.41,8,8.55,0,0
STR-007743,TreatmentB,B02,102.56,1.45,0.2717,422,50.72,0.4834,0.4692,22.93,33.1,0,7.37,1,1
STR-007744,TreatmentB,B01,108.63,1.23,0.3005,77,156.84,0.7045,0.2971,17.8,25.79,1,5.88,0,0
STR-007745,TreatmentA,B03,74.83,4.24,0.1899,147,41.45,0.2973,0.2945,23.92,23.7,5,8.32,0,0
STR-007746,TreatmentA,B03,84.36,3.16,0.183,136,19.26,0.5646,0.3717,23.58,27.15,3,6.63,0,1
STR-007747,TreatmentB,B03,117.78,1.81,0.1934,317,18.6,0.2485,0.38,54.95,25.24,1,9.06,1,0
STR-007748,TreatmentA,B01,83.27,2.55,0.2558,221,14.18,0.43,0.4044,38.69,20.44,0,7.5,1,1
STR-007749,Control,B01,113.17,3.57,0.2079,445,33.58,0.3207,0.6219,29.54,15.32,3,8.61,0,0
STR-007750,TreatmentA,B03,110.01,1.7,0.2398,163,46.94,0.5713,0.3171,59.71,19.09,3,5.29,0,0
STR-007751,TreatmentA,B01,88.24,1.39,0.3006,95,12.72,0.4695,0.1283,23.56,26.99,0,7.06,0,1
STR-007752,TreatmentA,B01,112.45,3.25,0.243,182,10.18,0.4244,0.0765,31.4,16.13,2,6.27,0,1
STR-007753,Control,B03,102.99,3.02,0.219,156,26.69,0.5435,0.2688,39.08,27.32,2,4.17,0,0
STR-007754,TreatmentB,B01,128.24,1.78,0.1924,183,62.48,0.4783,0.1203,41.42,21.01,1,9.1,0,0
STR-007755,TreatmentA,B03,88.82,1.51,0.2578,360,66.02,0.294,0.4105,18.56,29.92,3,5.71,1,0
STR-007756,Control,B03,54.99,1.71,0.2291,96,63.2,0.4611,0.2623,55.23,21.16,1,6.64,1,0
STR-007757,Control,B01,98.71,2.44,0.196,202,61.22,0.4703,0.1234,43.58,21.35,2,9.49,0,0
STR-007758,TreatmentB,B02,110.99,1.25,0.2658,339,30.88,0.3288,0.1465,10.2,28.5,3,5.53,1,1
STR-007759,TreatmentA,B02,103.53,3.16,0.2257,185,33.48,0.4232,0.2276,52.61,25.96,5,6.87,0,1
STR-007760,TreatmentA,B02,85.96,1.2,0.2396,598,15.19,0.4665,0.3251,52.55,19.78,6,7.35,0,1
STR-007761,TreatmentA,B01,91.75,2.04,0.2002,478,24.6,0.4532,0.4635,33.64,9.74,0,6.45,1,1
STR-007762,TreatmentB,B03,109.55,0.87,0.228,288,44.54,0.652,0.3353,36.32,23.07,1,7.79,1,1
STR-007763,TreatmentA,B02,143.94,2.91,0.1993,191,31.82,0.2301,0.1468,21.6,26.32,1,9.49,0,1
STR-007764,TreatmentA,B02,93.66,2.02,0.2019,327,42.46,0.4014,0.3146,30.75,32.56,2,8.73,0,0
STR-007765,TreatmentB,B03,99.04,2.84,0.2511,341,19.14,0.6178,0.4377,57.03,33.84,2,6.66,0,1
STR-007766,TreatmentB,B01,89.91,2.57,0.2201,269,56.02,0.2789,0.268,35.9,19.21,0,6.55,1,1
STR-007767,Control,B03,95.99,2.04,0.2103,252,55.09,0.5117,0.2304,27.95,32.31,1,8.28,1,0
STR-007768,Control,B02,73.16,1.94,0.2257,171,28.6,0.1806,0.1919,30.07,20.27,1,5.73,0,1
STR-007769,TreatmentB,B01,131.48,0.76,0.21,162,44.32,0.4461,0.2081,23.36,12.9,2,7.7,1,1
STR-007770,TreatmentA,B01,95.06,1.88,0.2073,290,100.33,0.6063,0.3854,18.16,23.29,2,9.06,1,1
STR-007771,TreatmentB,B01,108.08,1.52,0.2519,378,57.88,0.3269,0.1587,2.99,20.46,4,8.35,1,0
STR-007772,Control,B03,107.27,2.21,0.2192,191,20.33,0.6597,0.1629,38.08,26.64,3,8.11,0,1
STR-007773,Control,B01,121.13,2.1,0.254,550,14.25,0.1651,0.2908,41.74,18.76,6,6.31,0,0
STR-007774,TreatmentA,B01,98.01,1.19,0.2268,129,34.0,0.3163,0.3566,24.61,28.79,1,7.06,1,1
STR-007775,TreatmentB,B03,95.92,1.35,0.2834,398,33.11,0.386,0.2035,24.73,14.57,5,5.24,0,0
STR-007776,Control,B01,83.38,2.26,0.1945,198,31.96,0.3587,0.2721,60.34,12.43,2,6.26,1,0
STR-007777,TreatmentA,B01,70.85,2.74,0.3104,1239,25.78,0.2847,0.5673,29.5,13.51,3,5.03,0,0
STR-007778,TreatmentB,B03,97.87,1.29,0.263,252,34.99,0.3182,0.1052,10.27,17.08,8,7.28,1,1
STR-007779,TreatmentA,B03,95.39,2.14,0.2169,142,26.81,0.6632,0.1123,70.12,33.09,2,7.39,1,0
STR-007780,TreatmentA,B03,126.36,1.72,0.1573,126,28.18,0.3685,0.1761,44.02,21.73,3,6.17,1,1
STR-007781,TreatmentA,B01,103.51,2.12,0.2166,290,26.91,0.6053,0.386,30.16,23.69,2,5.25,1,1
STR-007782,Control,B01,93.26,1.99,0.1874,237,33.74,0.3555,0.1607,30.68,23.03,0,8.25,0,1
STR-007783,TreatmentA,B03,90.74,2.08,0.2168,237,53.96,0.5253,0.1978,41.27,25.07,5,6.43,0,1
STR-007784,Control,B03,97.41,2.78,0.2699,464,90.85,0.4443,0.2491,57.66,15.59,2,8.04,0,0
STR-007785,TreatmentA,B01,121.06,2.44,0.2957,353,40.61,0.401,0.2601,24.6,23.63,2,5.13,0,0
STR-007786,Control,B02,113.72,1.69,0.1904,202,27.5,0.3019,0.2808,94.52,29.35,4,7.1,1,0
STR-007787,Control,B01,115.22,2.11,0.1774,374,43.49,0.7934,0.1438,38.07,30.63,4,6.41,1,0
STR-007788,TreatmentA,B02,105.6,2.65,0.2006,90,41.49,0.3279,0.2348,65.8,30.76,1,4.4,0,1
STR-007789,TreatmentA,B03,110.95,3.45,0.2726,662,13.5,0.578,0.1013,68.39,10.09,2,8.02,0,0
STR-007790,Control,B02,113.46,2.94,0.2989,134,54.27,0.4563,0.1787,84.31,29.35,3,5.9,0,0
STR-007791,TreatmentA,B01,95.6,1.99,0.2887,578,26.64,0.3096,0.2326,21.82,20.22,1,6.65,1,1
STR-007792,Control,B03,87.07,2.42,0.2092,262,24.06,0.424,0.3725,108.03,16.01,2,5.33,0,0
STR-007793,Control,B01,121.92,2.09,0.2684,137,35.93,0.4422,0.1893,59.78,9.03,2,6.79,0,0
STR-007794,TreatmentA,B02,99.76,2.56,0.236,155,55.87,0.4013,0.2158,39.86,12.91,1,6.22,0,1
STR-007795,TreatmentA,B03,109.53,2.45,0.2753,382,44.0,0.3952,0.3222,24.89,26.72,2,6.88,0,1
STR-007796,Control,B03,98.35,2.93,0.2074,151,25.4,0.3224,0.4111,32.82,29.87,4,7.81,1,0
STR-007797,TreatmentA,B01,82.81,2.37,0.302,142,71.36,0.5248,0.3722,19.88,13.1,1,7.08,0,1
STR-007798,TreatmentB,B01,120.27,3.05,0.2089,178,67.34,0.2732,0.1239,37.13,20.7,5,7.03,0,1
STR-007799,TreatmentA,B02,96.73,1.9,0.2759,229,32.35,0.3533,0.2188,48.44,27.06,2,10.94,1,1
STR-007800,Control,B01,85.69,2.2,0.2229,182,27.54,0.4232,0.2998,38.3,21.41,2,7.23,1,0
STR-007801,TreatmentB,B01,116.64,2.67,0.2437,657,23.7,0.2821,0.5592,18.56,24.78,2,7.27,0,0
STR-007802,Control,B02,85.73,2.68,0.2212,316,50.53,0.4735,0.1752,59.3,27.25,2,6.46,0,1
STR-007803,TreatmentA,B03,111.96,1.02,0.1521,431,17.67,0.3615,0.1194,14.67,17.47,3,8.8,1,1
STR-007804,TreatmentB,B02,104.04,1.59,0.2477,474,21.35,0.3225,0.1128,22.29,36.1,3,5.05,1,1
STR-007805,TreatmentB,B02,92.83,0.88,0.2663,132,48.4,0.6243,0.2369,20.52,30.86,1,7.12,1,1
STR-007806,TreatmentB,B01,68.8,2.49,0.2785,280,26.44,0.4922,0.2523,21.54,20.61,3,7.23,0,1
STR-007807,TreatmentA,B01,105.79,1.67,0.2404,168,5.98,0.3272,0.2757,35.39,22.7,3,8.83,0,0
STR-007808,TreatmentB,B02,116.43,1.51,0.2238,425,90.65,0.3744,0.3044,21.38,16.94,4,7.41,1,1
STR-007809,TreatmentB,B03,99.83,2.14,0.2314,76,25.26,0.2245,0.297,15.64,32.12,2,9.84,1,0
STR-007810,TreatmentB,B02,76.39,1.24,0.2738,258,65.32,0.6221,0.4878,38.78,19.78,1,6.08,1,1
STR-007811,TreatmentA,B02,81.72,2.35,0.2473,183,81.05,0.6495,0.1066,33.75,22.23,1,6.66,0,0
STR-007812,Control,B01,100.91,2.57,0.3044,125,101.29,0.5289,0.4066,44.73,31.39,1,5.24,0,1
STR-007813,TreatmentB,B02,96.34,2.12,0.2402,271,48.9,0.4658,0.1581,14.3,16.11,2,9.31,1,0
STR-007814,Control,B01,94.77,2.93,0.2195,78,16.47,0.4366,0.3458,48.47,23.36,5,6.74,0,1
STR-007815,Control,B02,91.18,1.47,0.2181,298,60.26,0.1909,0.2651,27.17,24.7,3,7.12,1,1
STR-007816,Control,B01,112.41,1.94,0.2314,136,51.17,0.2633,0.4219,30.74,18.25,1,8.38,0,0
STR-007817,Control,B03,134.29,3.23,0.2699,463,55.56,0.5215,0.5974,47.18,23.87,2,8.63,0,1
STR-007818,TreatmentB,B01,119.19,1.69,0.2564,433,50.94,0.1555,0.3942,27.44,28.67,1,8.24,1,0
STR-007819,TreatmentB,B03,108.92,1.08,0.2393,712,28.31,0.4484,0.1834,19.97,27.23,4,9.69,1,0
STR-007820,TreatmentB,B01,100.13,1.3,0.1901,242,49.73,0.238,0.4298,11.44,24.82,2,7.41,1,0
STR-007821,TreatmentB,B01,98.6,2.79,0.2122,144,85.6,0.267,0.1723,29.2,17.26,3,4.99,0,1
STR-007822,TreatmentB,B01,107.56,1.44,0.1749,384,28.97,0.6638,0.3217,27.31,35.6,3,5.98,1,1
STR-007823,TreatmentA,B01,69.77,1.14,0.2852,377,41.37,0.5598,0.197,36.05,25.75,3,3.43,0,0
STR-007824,TreatmentA,B02,76.65,1.89,0.2563,225,35.96,0.2044,0.4772,27.85,27.96,6,7.63,0,0
STR-007825,TreatmentB,B01,91.34,1.49,0.2488,542,29.08,0.3159,0.3904,60.14,21.74,3,5.25,1,0
STR-007826,TreatmentA,B02,130.76,2.39,0.1783,128,11.35,0.4918,0.326,33.46,19.22,3,7.99,0,1
STR-007827,Control,B02,105.18,2.15,0.2261,459,83.81,0.4627,0.2217,51.16,29.35,1,8.08,0,0
STR-007828,TreatmentA,B01,114.42,1.61,0.2879,392,52.67,0.2063,0.5169,49.72,29.22,1,6.44,0,0
STR-007829,TreatmentA,B01,124.47,1.23,0.2282,57,9.7,0.3785,0.4157,63.16,34.95,3,6.21,1,0
STR-007830,Control,B01,119.9,1.41,0.2715,367,61.39,0.2559,0.5708,52.82,19.17,4,7.04,0,0
STR-007831,TreatmentB,B03,95.7,1.12,0.2164,119,40.23,0.6104,0.2863,74.24,24.28,3,8.02,1,0
STR-007832,TreatmentB,B02,109.57,1.8,0.287,388,19.69,0.6411,0.2833,11.56,26.63,4,6.39,0,1
STR-007833,Control,B03,91.54,1.73,0.2266,189,39.44,0.6643,0.3276,37.61,28.04,4,7.98,0,1
STR-007834,Control,B01,104.47,2.69,0.1816,241,31.29,0.6062,0.2171,61.56,23.44,3,7.47,0,1
STR-007835,Control,B03,94.87,3.09,0.2387,315,40.94,0.3591,0.1731,46.59,22.46,1,5.4,0,1
STR-007836,Control,B03,80.81,2.65,0.2066,428,49.58,0.3717,0.2769,74.71,27.08,3,9.62,0,0
STR-007837,TreatmentB,B01,120.79,3.72,0.2363,275,34.73,0.424,0.3765,9.91,11.83,1,8.04,0,0
STR-007838,TreatmentB,B03,80.39,1.6,0.2507,172,71.2,0.5115,0.1626,20.44,28.97,3,7.58,0,0
STR-007839,TreatmentA,B03,106.96,2.04,0.2715,106,30.19,0.1387,0.342,37.98,34.24,2,7.76,0,1
STR-007840,TreatmentA,B01,95.65,1.34,0.2106,237,20.12,0.4361,0.1314,36.0,25.4,4,6.64,1,1
STR-007841,Control,B01,93.4,1.79,0.2716,395,32.25,0.5093,0.071,122.8,32.58,3,7.31,0,0
STR-007842,TreatmentA,B03,91.25,3.13,0.2517,376,24.37,0.255,0.4804,11.93,29.57,2,7.48,0,0
STR-007843,TreatmentB,B01,76.54,2.01,0.3094,467,22.6,0.4921,0.2854,31.86,36.16,3,6.24,0,1
STR-007844,Control,B02,98.25,2.36,0.241,398,94.25,0.3021,0.4805,52.79,33.89,1,8.36,0,0
STR-007845,Control,B01,72.6,3.78,0.2445,259,65.72,0.3036,0.2081,42.42,29.15,2,9.06,0,0
STR-007846,Control,B03,104.64,2.08,0.1825,275,20.06,0.6733,0.2551,35.83,26.7,4,7.25,1,0
STR-007847,Control,B01,100.6,2.45,0.2247,257,41.33,0.4848,0.1643,102.76,12.81,2,5.79,0,0
STR-007848,TreatmentA,B03,101.49,1.62,0.2127,131,54.43,0.3581,0.2946,34.18,29.9,2,8.32,1,0
STR-007849,Control,B02,71.32,1.92,0.234,635,49.06,0.3414,0.3336,27.49,27.89,4,6.57,0,1
STR-007850,TreatmentA,B03,96.99,2.36,0.2019,56,11.15,0.4101,0.2522,63.63,24.47,1,8.4,0,0
STR-007851,Control,B01,127.58,1.97,0.2728,278,43.44,0.457,0.1788,61.2,24.05,3,4.54,0,0
STR-007852,TreatmentB,B03,155.65,2.39,0.1946,375,7.36,0.6977,0.2066,19.21,23.11,6,7.26,1,1
STR-007853,Control,B01,119.26,2.7,0.214,189,23.27,0.5505,0.4432,42.86,22.87,3,10.42,0,0
STR-007854,TreatmentB,B01,89.34,0.99,0.2382,268,72.85,0.5656,0.352,15.64,20.71,2,4.45,1,0
STR-007855,TreatmentB,B01,124.96,2.67,0.22,244,16.61,0.2637,0.1751,82.82,28.03,4,7.75,0,1
STR-007856,TreatmentB,B01,84.43,1.0,0.2383,241,28.35,0.4632,0.1803,39.08,21.02,4,8.02,1,0
STR-007857,TreatmentB,B03,106.61,2.08,0.2748,118,36.47,0.4533,0.171,23.94,23.39,1,5.47,0,0
STR-007858,Control,B03,88.67,3.02,0.2698,419,11.54,0.454,0.396,74.5,14.34,4,6.91,0,1
STR-007859,TreatmentB,B02,65.74,0.81,0.2735,222,80.24,0.6915,0.7117,15.06,17.19,3,6.39,1,1
STR-007860,Control,B03,142.15,2.44,0.1979,785,55.13,0.6083,0.4402,37.26,17.14,5,7.95,0,1
STR-007861,TreatmentA,B01,92.72,1.82,0.1927,240,27.78,0.5333,0.2754,41.13,26.24,3,6.97,1,1
STR-007862,TreatmentA,B01,89.64,2.05,0.2602,328,30.09,0.4919,0.4327,61.19,29.47,2,5.97,0,1
STR-007863,TreatmentB,B02,131.27,1.8,0.21,242,24.16,0.3702,0.4497,2.03,26.98,4,5.22,1,0
STR-007864,TreatmentB,B01,102.79,0.8,0.2774,259,21.36,0.3216,0.1758,10.11,29.06,3,5.3,1,1
STR-007865,TreatmentA,B03,125.4,0.73,0.2885,284,71.0,0.3824,0.4614,10.84,23.27,1,6.04,1,1
STR-007866,Control,B02,101.41,3.55,0.19,135,37.8,0.2365,0.4121,45.11,8.38,2,7.22,0,0
STR-007867,TreatmentB,B02,117.57,1.3,0.2339,136,53.89,0.2402,0.2544,35.82,37.9,4,8.58,1,0
STR-007868,Control,B02,101.79,1.91,0.2268,249,27.06,0.187,0.5129,39.25,19.45,3,7.99,1,0
STR-007869,Control,B01,100.41,2.6,0.205,559,21.15,0.5405,0.2651,35.82,25.92,2,6.81,0,1
STR-007870,TreatmentB,B02,108.48,1.98,0.1838,432,20.2,0.2944,0.2145,29.54,15.5,2,6.0,1,1
STR-007871,TreatmentA,B01,109.78,2.51,0.2272,143,38.13,0.5047,0.3282,19.82,12.2,0,8.72,0,1
STR-007872,Control,B03,114.13,2.25,0.2266,271,39.81,0.4675,0.3128,43.97,24.51,2,7.76,0,1
STR-007873,TreatmentB,B01,73.2,1.52,0.1976,237,23.74,0.1773,0.2094,14.24,42.32,1,5.45,1,1
STR-007874,Control,B03,99.69,2.03,0.2502,196,47.03,0.3051,0.5677,35.12,20.96,2,6.07,1,0
STR-007875,TreatmentA,B02,108.4,2.48,0.2854,178,63.0,0.2359,0.5332,52.61,30.48,1,4.8,0,0
STR-007876,Control,B03,110.37,2.12,0.2111,658,48.08,0.263,0.2748,24.16,27.04,4,7.85,1,0
STR-007877,TreatmentA,B02,117.86,2.41,0.2289,81,55.01,0.4138,0.2681,32.59,23.93,2,9.94,0,0
STR-007878,TreatmentA,B03,108.19,1.94,0.2597,527,46.13,0.5256,0.4311,43.34,23.99,3,7.4,0,0
STR-007879,Control,B01,118.04,1.9,0.2851,265,29.12,0.3876,0.248,33.5,18.41,3,6.03,0,1
STR-007880,TreatmentB,B03,113.68,1.92,0.3005,245,51.91,0.3828,0.4548,30.04,30.18,4,7.56,0,1
STR-007881,TreatmentA,B01,102.09,2.76,0.2574,678,47.9,0.2024,0.1626,34.13,22.35,4,3.7,0,0
STR-007882,Control,B03,95.89,3.22,0.2215,496,19.49,0.3211,0.329,28.14,29.46,2,4.88,0,0
STR-007883,TreatmentA,B02,90.54,1.43,0.2914,220,10.82,0.3794,0.3012,27.42,20.46,2,8.19,0,0
STR-007884,Control,B01,64.15,1.42,0.2336,357,11.18,0.461,0.3853,31.31,22.46,3,5.41,1,1
STR-007885,TreatmentB,B01,89.74,1.03,0.2256,424,27.47,0.3872,0.3773,19.51,28.2,2,7.18,1,1
STR-007886,TreatmentB,B02,88.33,2.69,0.1959,197,53.53,0.509,0.3619,27.17,12.34,3,6.73,0,1
STR-007887,Control,B01,60.1,3.64,0.2653,252,52.0,0.632,0.1233,37.94,25.18,2,7.41,0,0
STR-007888,TreatmentA,B03,111.75,2.0,0.1985,259,52.5,0.3697,0.2362,56.19,26.75,2,5.87,0,1
STR-007889,TreatmentB,B02,111.66,1.18,0.2326,263,36.92,0.3635,0.238,33.26,24.94,5,5.13,1,1
STR-007890,Control,B02,119.29,4.05,0.2087,120,42.49,0.5085,0.4209,41.28,23.79,2,9.15,0,0
STR-007891,Control,B02,86.47,2.69,0.2231,354,37.09,0.3765,0.2373,48.36,28.29,3,7.83,0,1
STR-007892,TreatmentA,B01,110.16,2.12,0.2734,395,54.25,0.6092,0.1976,37.98,33.45,3,6.24,0,0
STR-007893,Control,B03,72.86,3.0,0.2377,88,17.73,0.4559,0.377,49.49,26.18,5,7.05,0,1
STR-007894,TreatmentB,B01,127.43,0.87,0.2261,214,88.91,0.4789,0.2878,15.49,28.86,5,7.78,1,1
STR-007895,Control,B03,112.05,1.45,0.2345,197,79.36,0.4994,0.1255,32.66,25.35,1,4.63,1,0
STR-007896,TreatmentB,B01,126.91,1.73,0.1752,339,56.28,0.676,0.3788,22.28,24.76,2,6.47,1,1
STR-007897,Control,B03,76.17,1.97,0.1909,327,38.13,0.4665,0.312,41.57,27.01,4,8.63,0,0
STR-007898,Control,B03,90.09,2.31,0.1942,610,43.97,0.5424,0.3316,34.88,26.51,2,7.59,1,1
STR-007899,Control,B01,102.6,1.45,0.281,158,177.49,0.4668,0.2307,31.58,27.06,2,10.08,0,0
STR-007900,TreatmentA,B01,115.67,1.21,0.1936,840,26.0,0.2277,0.4163,33.22,20.02,1,6.58,1,0
STR-007901,TreatmentA,B01,99.0,1.62,0.2015,220,29.71,0.4654,0.4905,36.35,11.47,1,9.32,1,0
STR-007902,TreatmentA,B02,111.82,2.19,0.2951,1127,25.85,0.3572,0.1899,59.97,33.5,1,5.28,0,0
STR-007903,TreatmentA,B01,105.85,1.52,0.2357,305,45.58,0.456,0.1946,61.15,20.91,2,7.3,1,1
STR-007904,TreatmentB,B02,104.18,1.17,0.25,182,24.6,0.4036,0.4179,18.04,31.03,1,5.86,0,0
STR-007905,Control,B02,75.8,2.08,0.2046,88,74.78,0.6318,0.2303,32.62,33.98,1,5.96,1,0
STR-007906,TreatmentB,B03,100.72,1.76,0.1751,176,59.19,0.7561,0.4345,44.19,18.49,0,7.89,1,1
STR-007907,TreatmentB,B02,88.42,3.3,0.2883,844,19.29,0.2956,0.1217,65.73,22.45,0,5.52,0,1
STR-007908,Control,B01,104.7,2.44,0.2239,312,20.83,0.2316,0.2285,48.34,9.05,2,4.05,1,0
STR-007909,TreatmentA,B02,116.91,1.71,0.1399,225,17.45,0.4547,0.3095,19.78,18.66,1,7.18,1,1
STR-007910,TreatmentB,B02,99.59,2.03,0.2111,175,37.02,0.4461,0.2206,41.57,23.17,1,8.61,1,0
STR-007911,Control,B01,84.04,2.67,0.2002,332,19.66,0.5573,0.1818,39.16,29.99,2,8.39,0,0
STR-007912,TreatmentB,B01,99.21,1.89,0.2432,55,52.02,0.5869,0.1762,13.25,27.94,4,8.1,0,0
STR-007913,Control,B02,93.65,1.7,0.2474,426,70.46,0.697,0.3493,20.27,24.43,2,6.65,1,1
STR-007914,TreatmentA,B01,60.69,2.24,0.2217,300,18.53,0.5237,0.4369,36.15,29.77,3,7.15,0,1
STR-007915,TreatmentB,B03,93.57,0.75,0.2229,216,21.01,0.3157,0.3287,41.08,29.74,3,6.44,1,1
STR-007916,TreatmentB,B01,89.07,1.11,0.1844,244,115.17,0.3968,0.1928,25.32,22.21,4,4.9,1,0
STR-007917,TreatmentB,B02,97.22,1.29,0.2068,291,99.03,0.3717,0.1116,65.85,25.26,3,10.12,1,0
STR-007918,TreatmentB,B01,89.59,1.73,0.2925,123,13.71,0.1625,0.452,83.94,17.39,1,5.79,0,0
STR-007919,Control,B03,103.06,1.96,0.3033,245,15.02,0.4075,0.2885,25.4,38.42,3,7.39,1,1
STR-007920,TreatmentB,B01,115.62,1.15,0.2387,293,8.29,0.3138,0.3195,45.22,38.48,4,4.37,0,0
STR-007921,TreatmentA,B02,78.64,1.83,0.2341,133,24.36,0.5376,0.1039,24.34,20.15,5,5.05,0,0
STR-007922,TreatmentB,B02,95.07,1.36,0.2954,385,37.72,0.3095,0.4487,26.75,29.47,0,6.78,0,1
STR-007923,Control,B01,118.64,1.36,0.2298,200,34.69,0.7458,0.2989,30.94,26.98,3,8.02,0,1
STR-007924,TreatmentB,B02,83.79,1.53,0.2049,282,26.75,0.5235,0.2807,6.04,20.44,4,8.45,1,0
STR-007925,TreatmentB,B02,69.45,1.52,0.2477,320,29.84,0.6986,0.5702,18.05,34.76,2,4.1,1,1
STR-007926,TreatmentA,B01,109.18,1.62,0.1677,545,15.71,0.4751,0.2535,36.9,19.89,3,8.28,1,0
STR-007927,TreatmentB,B03,95.18,0.79,0.1894,428,37.48,0.4746,0.5286,15.26,18.52,3,4.08,1,0
STR-007928,TreatmentA,B03,84.11,2.46,0.2498,259,31.15,0.4411,0.3412,24.94,32.46,3,8.72,0,0
STR-007929,Control,B02,115.76,2.72,0.2806,499,114.43,0.4181,0.1838,62.51,15.22,2,6.96,0,1
STR-007930,TreatmentA,B01,105.38,2.79,0.1881,406,61.85,0.5315,0.1829,33.73,21.62,3,9.34,0,0
STR-007931,TreatmentB,B02,105.08,2.52,0.249,587,42.74,0.5448,0.2342,23.76,14.61,1,5.4,1,0
STR-007932,TreatmentA,B03,101.67,3.05,0.2205,137,19.58,0.3967,0.3428,10.44,21.87,3,5.18,0,0
STR-007933,TreatmentA,B02,111.89,2.5,0.2541,356,17.48,0.519,0.4658,18.46,27.38,2,5.36,1,1
STR-007934,TreatmentB,B02,77.78,2.0,0.2842,174,65.23,0.4526,0.3389,25.36,30.65,1,10.25,0,0
STR-007935,Control,B03,86.27,3.32,0.2302,276,33.69,0.301,0.341,47.62,22.93,2,6.3,0,1
STR-007936,TreatmentB,B01,80.44,1.9,0.248,176,20.66,0.3963,0.2767,93.12,19.64,2,9.55,1,0
STR-007937,TreatmentA,B01,119.21,2.04,0.1835,595,49.32,0.266,0.3532,39.18,20.26,3,7.81,1,0
STR-007938,TreatmentA,B02,83.51,1.35,0.1783,201,7.01,0.5337,0.2828,78.08,25.38,1,4.67,0,0
STR-007939,TreatmentB,B02,85.48,3.1,0.2436,143,51.51,0.3579,0.2587,14.3,21.76,5,8.09,0,0
STR-007940,TreatmentA,B03,102.2,3.51,0.2653,465,22.19,0.3238,0.4152,53.29,47.82,3,7.16,0,1
STR-007941,TreatmentA,B03,124.19,3.87,0.2154,109,22.88,0.1341,0.3367,61.53,25.08,1,6.59,0,0
STR-007942,TreatmentB,B01,99.27,1.21,0.2488,108,54.03,0.3945,0.5453,13.94,21.88,1,6.6,1,0
STR-007943,Control,B01,85.06,3.01,0.2352,413,22.62,0.663,0.225,35.5,21.81,2,8.95,0,0
STR-007944,TreatmentA,B03,97.3,1.15,0.232,401,111.44,0.3882,0.4181,52.73,14.62,1,9.72,0,0
STR-007945,TreatmentB,B02,124.39,1.61,0.2594,136,18.15,0.5637,0.0883,20.8,15.21,6,7.37,1,0
STR-007946,TreatmentB,B02,108.41,0.39,0.1749,682,37.97,0.5355,0.306,21.99,35.74,0,7.69,1,1
STR-007947,TreatmentA,B01,97.8,1.64,0.2479,91,36.67,0.6625,0.2892,32.66,16.13,1,4.31,0,0
STR-007948,TreatmentB,B03,93.87,0.68,0.2353,531,8.41,0.3219,0.1531,35.17,20.1,1,7.96,1,1
STR-007949,Control,B01,92.44,2.16,0.2263,300,19.09,0.4061,0.621,36.48,25.67,2,7.72,0,0
STR-007950,TreatmentA,B02,98.85,3.08,0.2667,1603,35.0,0.35,0.3018,38.7,29.0,3,7.36,0,1
STR-007951,Control,B01,81.65,1.51,0.2415,597,25.57,0.3017,0.2461,32.65,24.22,4,7.92,0,1
STR-007952,TreatmentA,B01,106.86,1.72,0.2704,359,59.66,0.2094,0.1503,34.02,25.32,3,9.0,0,1
STR-007953,TreatmentB,B02,93.25,1.38,0.2321,373,11.8,0.1426,0.5195,14.36,29.69,0,3.79,1,0
STR-007954,TreatmentB,B03,110.14,1.21,0.2758,509,24.18,0.4601,0.1067,27.13,33.38,1,9.54,0,0
STR-007955,TreatmentB,B03,97.04,1.23,0.2617,398,23.94,0.5265,0.1712,56.31,21.62,1,6.15,1,0
STR-007956,Control,B01,99.65,4.04,0.2264,458,6.97,0.377,0.2689,34.82,42.16,3,7.87,0,0
STR-007957,Control,B01,104.79,4.54,0.2257,271,32.02,0.3953,0.205,33.12,17.18,1,5.65,0,1
STR-007958,TreatmentA,B01,86.13,2.04,0.2188,148,90.59,0.3642,0.483,30.83,30.88,2,7.44,0,1
STR-007959,Control,B02,99.54,4.02,0.2382,202,39.69,0.3062,0.431,21.28,28.08,1,6.36,0,0
STR-007960,TreatmentB,B03,97.82,1.84,0.1621,260,79.0,0.5671,0.515,24.14,26.5,2,7.48,1,1
STR-007961,Control,B03,106.3,2.92,0.312,368,26.42,0.3251,0.346,43.4,22.94,0,4.95,0,0
STR-007962,Control,B02,116.26,3.07,0.227,463,17.56,0.3789,0.4215,33.91,26.98,3,7.28,0,0
STR-007963,TreatmentB,B03,98.15,2.53,0.1397,200,87.39,0.5937,0.5475,31.86,27.68,0,8.5,1,1
STR-007964,Control,B03,96.3,2.05,0.2178,142,13.61,0.4997,0.133,31.67,32.29,0,8.1,0,0
STR-007965,Control,B02,106.48,2.67,0.2885,304,35.17,0.1973,0.3626,39.86,17.55,2,7.91,0,0
STR-007966,TreatmentA,B02,102.54,1.73,0.1663,436,22.09,0.2246,0.2491,33.09,22.04,3,6.19,1,1
STR-007967,Control,B01,91.54,1.53,0.2718,324,21.97,0.415,0.138,25.66,31.25,2,6.52,1,1
STR-007968,TreatmentA,B01,110.86,1.55,0.2474,544,10.89,0.3006,0.1718,45.22,22.48,2,6.22,1,1
STR-007969,Control,B03,85.79,1.19,0.2258,76,8.33,0.3504,0.2605,46.96,34.89,3,5.77,1,1
STR-007970,TreatmentB,B03,105.22,1.19,0.1608,585,112.83,0.5512,0.4162,18.48,29.89,7,7.77,1,1
STR-007971,TreatmentB,B02,112.11,1.77,0.245,209,60.69,0.682,0.2086,70.43,27.63,4,9.34,1,0
STR-007972,TreatmentA,B03,114.52,1.91,0.2563,409,114.96,0.3804,0.4302,28.89,31.79,0,6.87,1,1
STR-007973,Control,B02,50.65,3.33,0.2823,286,40.59,0.3813,0.3023,30.58,24.25,6,5.31,0,0
STR-007974,TreatmentA,B01,96.25,1.27,0.1644,376,88.94,0.3806,0.188,42.98,22.14,2,7.92,0,1
STR-007975,TreatmentB,B03,109.91,0.79,0.2016,330,38.41,0.2471,0.5584,41.94,20.3,1,4.95,0,0
STR-007976,TreatmentA,B01,122.55,1.17,0.2055,327,42.81,0.5261,0.1466,62.98,22.14,2,6.25,0,0
STR-007977,TreatmentB,B02,91.83,2.74,0.1827,126,16.36,0.574,0.091,50.21,16.95,4,5.87,0,0
STR-007978,TreatmentB,B03,105.69,0.76,0.2407,504,31.39,0.4916,0.3032,10.12,29.48,1,5.59,1,0
STR-007979,TreatmentB,B02,107.35,1.29,0.1756,561,13.75,0.2396,0.315,8.19,15.4,6,7.61,1,1
STR-007980,Control,B01,102.82,1.63,0.2146,313,41.27,0.3658,0.1699,44.89,31.46,2,7.14,0,1
STR-007981,Control,B01,113.75,2.01,0.2146,229,34.71,0.3313,0.1912,56.25,26.23,3,7.41,1,1
STR-007982,TreatmentB,B03,129.41,0.47,0.2347,351,37.76,0.1661,0.1758,40.02,16.51,3,7.26,0,1
STR-007983,Control,B02,80.04,1.86,0.2615,385,17.82,0.4204,0.2648,37.52,27.39,3,6.71,1,1
STR-007984,Control,B01,95.91,2.08,0.2094,164,15.68,0.5652,0.4094,27.62,21.02,2,4.97,1,1
STR-007985,TreatmentA,B03,105.26,2.39,0.2451,118,83.55,0.3544,0.3203,28.1,28.89,0,7.7,0,1
STR-007986,TreatmentB,B01,79.73,0.83,0.2055,269,13.98,0.3782,0.4265,19.49,15.47,4,7.54,1,1
STR-007987,TreatmentA,B03,123.83,2.37,0.3104,515,17.24,0.2724,0.2347,36.28,29.36,2,7.77,1,1
STR-007988,Control,B02,125.98,2.33,0.186,375,45.73,0.3729,0.5635,38.72,33.3,3,7.06,1,0
STR-007989,Control,B03,92.73,2.18,0.2315,200,25.98,0.3674,0.4254,37.11,23.81,3,5.38,0,0
STR-007990,TreatmentB,B02,139.01,1.04,0.1847,230,26.52,0.5238,0.1644,30.51,28.57,2,3.36,1,0
STR-007991,TreatmentA,B03,86.81,3.05,0.2038,203,67.34,0.3035,0.1456,59.41,17.83,2,10.49,0,0
STR-007992,Control,B01,86.68,4.83,0.2457,101,81.9,0.276,0.4514,43.66,16.46,2,7.44,0,0
STR-007993,TreatmentA,B02,94.88,1.54,0.215,146,28.17,0.4444,0.1895,50.52,15.05,2,6.0,1,0
STR-007994,Control,B02,89.48,3.37,0.2329,398,26.85,0.4,0.2598,59.11,21.53,2,7.44,0,1
STR-007995,TreatmentA,B03,117.0,3.0,0.2267,428,154.95,0.5486,0.2786,29.82,28.67,4,5.04,1,0
STR-007996,Control,B01,81.41,1.76,0.2562,252,104.47,0.58,0.2264,108.86,6.76,0,7.79,0,0
STR-007997,Control,B01,105.92,3.22,0.2599,164,24.78,0.4139,0.3223,50.81,23.44,2,5.92,1,0
STR-007998,TreatmentB,B03,132.55,1.95,0.267,637,37.32,0.5824,0.3234,25.92,22.87,2,9.66,0,0
STR-007999,Control,B03,87.59,2.46,0.2048,263,38.51,0.4849,0.1891,37.93,24.39,4,7.18,0,0
STR-008000,TreatmentB,B03,121.65,0.86,0.239,223,21.53,0.5981,0.1798,3.71,21.76,3,8.18,0,0
STR-008001,TreatmentA,B02,92.51,2.27,0.2558,197,15.33,0.2859,0.4962,40.03,25.66,2,6.51,0,0
STR-008002,TreatmentB,B03,70.66,1.52,0.216,281,52.16,0.3805,0.1728,9.88,15.53,3,7.67,1,1
STR-008003,Control,B02,100.34,2.03,0.237,206,19.94,0.3627,0.3968,82.39,21.43,3,6.17,0,1
STR-008004,TreatmentA,B01,111.29,1.72,0.2671,145,28.59,0.5076,0.304,17.14,21.76,1,6.81,1,1
STR-008005,TreatmentB,B03,101.06,2.2,0.2729,386,18.96,0.216,0.1157,11.06,12.94,4,5.96,0,1
STR-008006,TreatmentA,B02,121.43,2.42,0.2294,217,34.07,0.3365,0.5894,33.99,22.67,1,9.09,0,0
STR-008007,TreatmentA,B02,96.42,1.8,0.1907,243,43.33,0.3422,0.4363,23.45,23.97,2,7.02,1,1
STR-008008,TreatmentA,B02,119.63,1.42,0.2508,382,27.27,0.5189,0.3815,12.31,33.28,1,9.3,0,0
STR-008009,Control,B02,112.63,3.35,0.2687,330,42.62,0.4702,0.2044,34.18,24.47,3,7.73,0,1
STR-008010,TreatmentA,B02,97.23,1.81,0.2727,247,59.07,0.5272,0.1631,55.67,27.09,3,3.69,0,0
STR-008011,Control,B01,104.83,2.07,0.3128,245,48.92,0.3664,0.2449,60.74,28.32,1,8.46,0,0
STR-008012,TreatmentA,B03,91.14,1.74,0.2578,240,13.65,0.4133,0.3268,41.82,11.0,5,7.34,1,1
STR-008013,TreatmentA,B01,100.67,1.51,0.2603,129,26.18,0.4273,0.3316,55.84,24.19,5,5.02,1,0
STR-008014,TreatmentA,B02,102.23,2.62,0.2337,251,35.48,0.3992,0.3217,46.21,18.43,0,7.31,1,1
STR-008015,TreatmentB,B02,109.35,2.48,0.1901,130,13.44,0.352,0.4616,89.49,24.04,3,5.71,1,0
STR-008016,TreatmentA,B02,111.36,1.31,0.2594,319,21.23,0.2562,0.4231,29.83,30.86,2,5.3,1,0
STR-008017,TreatmentA,B01,82.98,3.1,0.2855,186,45.75,0.5784,0.3549,48.39,22.3,2,7.42,0,1
STR-008018,Control,B01,109.8,1.99,0.2241,817,31.61,0.4859,0.1188,47.55,19.17,1,9.66,0,0
STR-008019,TreatmentA,B01,128.65,2.5,0.2698,368,48.12,0.3831,0.2198,26.43,27.24,1,7.85,0,1
STR-008020,Control,B03,83.11,2.01,0.2378,242,94.01,0.6027,0.3249,58.17,32.82,3,8.02,0,0
STR-008021,Control,B01,103.34,2.6,0.2553,230,21.21,0.4647,0.3062,40.79,21.81,5,4.59,0,0
STR-008022,Control,B03,116.45,1.89,0.2044,219,44.24,0.3107,0.1837,24.82,27.35,1,6.68,1,1
STR-008023,TreatmentB,B01,109.63,0.72,0.236,172,55.4,0.3433,0.0463,8.35,19.55,4,7.26,1,1
STR-008024,TreatmentB,B03,81.33,1.05,0.2219,347,46.29,0.3471,0.2479,15.75,35.71,0,5.5,1,1
STR-008025,TreatmentA,B03,115.65,1.98,0.2303,153,23.7,0.2981,0.3145,26.47,35.74,3,7.27,1,0
STR-008026,TreatmentA,B01,119.78,1.21,0.2639,372,31.53,0.5708,0.396,20.25,19.49,0,6.03,1,1
STR-008027,Control,B02,107.87,2.0,0.2441,431,37.86,0.4591,0.6218,30.96,29.86,3,5.78,0,1
STR-008028,TreatmentB,B01,97.47,2.06,0.2644,427,28.53,0.4476,0.4087,13.74,27.33,5,8.54,0,0
STR-008029,TreatmentA,B03,98.23,2.02,0.1873,621,45.82,0.3172,0.2773,66.46,11.57,2,8.21,0,1
STR-008030,TreatmentB,B03,80.12,3.18,0.2134,284,41.16,0.7115,0.2054,25.26,20.53,6,7.31,0,0
STR-008031,TreatmentA,B03,100.87,1.47,0.2231,266,24.96,0.3595,0.1752,21.98,16.26,7,4.91,1,1
STR-008032,TreatmentA,B02,83.89,1.36,0.249,1128,36.3,0.6306,0.4262,25.53,22.45,1,8.23,0,1
STR-008033,Control,B01,97.69,1.71,0.2338,171,48.39,0.5484,0.0626,49.88,25.62,2,5.92,0,0
STR-008034,TreatmentB,B02,95.0,1.91,0.2318,690,32.44,0.6972,0.1825,25.86,26.19,6,7.43,1,0
STR-008035,TreatmentB,B01,109.71,1.61,0.2246,232,44.04,0.3645,0.1685,26.48,26.64,2,7.57,0,1
STR-008036,TreatmentB,B02,87.08,1.4,0.3053,244,30.88,0.346,0.2111,12.7,19.93,4,4.66,0,0
STR-008037,TreatmentB,B03,120.36,1.26,0.1863,214,47.99,0.5684,0.4706,18.39,29.47,5,6.54,1,1
STR-008038,TreatmentB,B01,84.16,0.52,0.2639,158,48.87,0.4542,0.2716,19.26,30.44,0,6.14,1,1
STR-008039,TreatmentB,B03,112.28,1.29,0.2567,376,48.08,0.307,0.4739,15.59,16.22,2,7.54,1,1
STR-008040,TreatmentA,B01,109.77,1.11,0.2111,126,28.31,0.4429,0.2868,34.6,23.1,2,8.23,1,1
STR-008041,Control,B02,97.37,2.79,0.2037,609,14.5,0.5546,0.6153,42.11,22.91,0,6.04,0,1
STR-008042,Control,B03,87.65,2.31,0.2521,309,5.21,0.28,0.1608,42.46,28.43,3,6.28,1,1
STR-008043,TreatmentB,B01,85.12,2.65,0.267,296,26.8,0.7435,0.1765,20.71,14.15,2,5.16,0,0
STR-008044,TreatmentA,B03,107.13,1.68,0.2149,191,75.39,0.6441,0.4497,87.68,26.73,4,6.15,1,1
STR-008045,TreatmentA,B01,84.96,2.24,0.2443,201,33.99,0.3422,0.3256,13.9,23.67,0,6.62,0,1
STR-008046,Control,B02,97.63,3.44,0.2008,94,20.19,0.3887,0.1669,44.99,25.41,2,6.19,0,1
STR-008047,TreatmentA,B02,96.99,2.86,0.275,554,48.66,0.572,0.3725,28.75,18.68,1,7.78,0,1
STR-008048,TreatmentA,B03,118.25,2.06,0.2958,260,19.51,0.5779,0.3238,22.35,21.85,1,6.79,0,1
STR-008049,Control,B03,74.52,2.39,0.2051,298,51.04,0.2272,0.1881,51.85,24.3,4,8.42,0,1
STR-008050,Control,B03,97.4,2.96,0.2211,187,51.76,0.251,0.2121,31.07,22.53,6,7.61,0,1
STR-008051,Control,B03,110.2,2.84,0.2682,231,22.72,0.4846,0.4486,30.55,22.67,5,7.5,0,1
STR-008052,Control,B01,92.53,1.48,0.1968,536,19.86,0.3851,0.2318,49.7,28.48,7,6.4,1,1
STR-008053,TreatmentA,B03,90.65,1.77,0.2371,729,24.57,0.6212,0.2797,26.97,20.66,1,8.47,1,0
STR-008054,Control,B01,92.66,1.6,0.2734,444,35.34,0.4215,0.338,42.7,23.29,4,6.19,1,0
STR-008055,Control,B01,114.18,2.64,0.2399,291,23.01,0.2797,0.3536,56.97,25.68,3,9.56,0,0
STR-008056,TreatmentA,B03,116.5,1.49,0.1807,184,13.41,0.3547,0.1705,32.46,11.19,1,9.06,1,0
STR-008057,Control,B03,108.86,3.21,0.2219,652,45.7,0.5506,0.3332,47.02,8.38,5,7.09,0,1
STR-008058,TreatmentA,B01,73.77,3.89,0.2464,671,36.04,0.4251,0.1804,48.73,30.22,1,7.69,0,0
STR-008059,TreatmentB,B02,106.45,0.56,0.1806,207,65.98,0.3858,0.2698,24.19,25.91,1,5.59,1,1
STR-008060,TreatmentA,B02,105.59,1.79,0.205,56,26.83,0.2209,0.2983,33.4,21.63,2,6.6,1,1
STR-008061,TreatmentB,B03,89.34,0.9,0.1461,164,30.25,0.4637,0.2168,45.0,22.25,1,5.16,1,0
STR-008062,Control,B03,91.61,2.89,0.2683,237,47.09,0.3214,0.331,81.65,21.05,4,6.37,0,0
STR-008063,TreatmentA,B01,113.96,2.3,0.2535,189,9.99,0.4033,0.1562,41.81,22.88,4,9.72,0,0
STR-008064,TreatmentB,B03,111.4,1.49,0.2378,108,90.27,0.5567,0.5204,43.3,34.54,3,7.45,0,1
STR-008065,TreatmentA,B03,115.82,2.29,0.2148,383,50.35,0.3656,0.2068,59.35,27.85,4,4.94,1,0
STR-008066,TreatmentA,B02,102.93,2.14,0.1854,499,25.32,0.209,0.4206,53.34,14.8,2,7.93,1,0
STR-008067,TreatmentB,B02,120.92,0.58,0.194,95,36.08,0.7583,0.1362,9.95,26.33,6,9.7,1,0
STR-008068,Control,B02,88.07,2.23,0.259,184,38.13,0.299,0.2035,26.95,30.3,5,6.19,0,1
STR-008069,TreatmentA,B02,126.11,3.08,0.3051,284,39.61,0.631,0.1266,39.42,17.38,1,8.26,0,0
STR-008070,TreatmentA,B01,94.08,3.31,0.2667,791,10.26,0.408,0.1014,44.63,23.66,5,8.03,0,1
STR-008071,TreatmentA,B02,95.06,1.64,0.2329,517,29.58,0.3513,0.46,22.28,25.01,2,9.57,1,0
STR-008072,TreatmentB,B01,96.02,1.25,0.2411,223,100.15,0.354,0.1786,18.15,29.5,5,8.25,1,0
STR-008073,TreatmentA,B02,108.22,2.31,0.2238,163,13.05,0.3424,0.306,37.61,31.86,1,5.67,1,1
STR-008074,TreatmentA,B03,111.92,2.34,0.2285,206,151.86,0.5342,0.0837,23.31,29.39,2,9.33,1,0
STR-008075,TreatmentA,B03,123.97,0.52,0.2432,389,50.21,0.4141,0.1795,10.57,19.45,1,4.38,1,0
STR-008076,TreatmentB,B02,85.34,1.28,0.2351,221,39.99,0.2482,0.4067,22.49,25.48,4,5.88,1,0
STR-008077,TreatmentA,B02,90.37,2.11,0.1754,230,49.31,0.5066,0.3073,35.41,24.23,3,7.66,1,1
STR-008078,Control,B03,104.3,3.55,0.2144,184,41.67,0.2463,0.1636,39.36,43.76,3,6.39,0,1
STR-008079,TreatmentA,B02,109.76,2.81,0.2427,218,25.44,0.4195,0.3508,26.83,31.19,1,6.02,0,1
STR-008080,TreatmentB,B01,113.89,1.91,0.2098,87,18.86,0.5286,0.1255,16.32,24.62,2,4.83,1,0
STR-008081,Control,B03,100.0,2.07,0.2089,108,12.01,0.4644,0.5085,21.6,29.12,1,8.54,1,0
STR-008082,Control,B02,105.21,2.02,0.2176,205,40.83,0.1419,0.4915,68.23,14.05,3,6.11,0,0
STR-008083,TreatmentB,B01,74.58,0.99,0.2577,393,24.52,0.2507,0.3268,29.57,21.28,1,7.46,0,0
STR-008084,TreatmentA,B01,84.88,1.53,0.2325,141,14.92,0.22,0.1655,34.62,30.79,0,6.73,0,1
STR-008085,TreatmentB,B03,110.52,1.77,0.2769,423,22.61,0.2441,0.191,35.8,26.01,5,7.02,1,1
STR-008086,TreatmentA,B02,98.69,1.29,0.2647,196,36.03,0.2691,0.2826,14.54,19.25,5,4.5,1,0
STR-008087,Control,B03,104.88,3.1,0.1796,116,61.14,0.3194,0.2695,29.21,25.97,4,5.28,0,0
STR-008088,TreatmentB,B01,109.47,2.37,0.1804,262,25.89,0.6539,0.2331,23.58,12.53,2,6.68,1,1
STR-008089,TreatmentA,B02,118.53,1.25,0.2553,180,18.89,0.3376,0.2683,101.09,25.38,3,5.8,0,1
STR-008090,TreatmentB,B03,121.34,1.3,0.2183,387,18.18,0.3816,0.4434,13.88,24.47,2,5.92,1,1
STR-008091,TreatmentA,B03,97.4,2.74,0.2263,356,88.04,0.5394,0.2382,17.7,18.1,4,6.56,1,0
STR-008092,TreatmentA,B02,112.46,1.38,0.255,210,40.64,0.4073,0.5989,19.66,29.66,1,8.56,1,1
STR-008093,Control,B01,80.61,3.75,0.2099,146,26.29,0.3257,0.3366,55.02,26.87,5,9.51,0,0
STR-008094,TreatmentA,B01,63.37,2.29,0.2177,157,8.48,0.1185,0.0451,22.34,21.44,1,8.8,0,1
STR-008095,Control,B01,107.82,2.08,0.1697,179,27.05,0.7667,0.3506,63.6,35.85,5,5.89,0,1
STR-008096,Control,B03,95.09,1.82,0.2327,238,38.76,0.368,0.3179,52.97,22.2,1,5.0,0,0
STR-008097,Control,B03,83.44,2.63,0.286,360,13.55,0.3974,0.2146,33.54,27.07,0,7.93,0,1
STR-008098,TreatmentA,B01,97.47,3.11,0.328,329,79.88,0.394,0.3795,22.9,12.32,5,4.23,0,0
STR-008099,Control,B02,81.88,3.9,0.2588,186,40.49,0.127,0.1305,71.72,9.23,2,8.09,0,1
STR-008100,TreatmentA,B03,81.76,2.21,0.2148,256,15.5,0.3037,0.4416,50.39,28.47,3,5.69,0,0
STR-008101,Control,B02,93.13,1.59,0.2879,201,24.08,0.4413,0.2749,41.55,8.34,4,7.12,1,1
STR-008102,Control,B03,117.51,1.86,0.2435,389,19.36,0.3419,0.1283,159.04,31.63,5,8.49,0,1
STR-008103,TreatmentA,B03,85.46,2.71,0.2225,240,54.45,0.3714,0.1708,29.12,27.49,3,7.07,1,1
STR-008104,TreatmentB,B02,101.93,1.64,0.1873,405,20.14,0.3278,0.5076,18.67,27.26,8,7.65,1,0
STR-008105,Control,B01,97.52,2.84,0.2764,331,36.28,0.6713,0.4965,20.96,24.57,2,9.92,0,1
STR-008106,TreatmentA,B02,124.65,1.56,0.2006,349,25.05,0.4843,0.2001,25.03,22.01,1,7.08,1,0
STR-008107,Control,B03,89.17,2.21,0.1236,232,34.11,0.5033,0.6104,33.12,26.01,1,7.08,1,1
STR-008108,TreatmentB,B03,88.71,2.52,0.239,62,52.08,0.6577,0.2325,11.62,22.76,4,5.22,1,0
STR-008109,TreatmentA,B01,89.73,1.99,0.2739,318,22.11,0.2976,0.455,32.46,15.81,3,6.66,0,1
STR-008110,TreatmentB,B03,92.09,1.33,0.2314,617,26.38,0.6259,0.271,16.04,22.09,2,7.83,1,0
STR-008111,TreatmentB,B03,95.2,1.47,0.2496,172,45.42,0.4331,0.3609,29.75,8.6,4,6.93,1,0
STR-008112,TreatmentA,B03,94.74,1.5,0.3024,565,32.34,0.4402,0.5793,13.12,22.85,2,5.42,0,0
STR-008113,TreatmentB,B01,74.0,1.38,0.2616,486,76.46,0.464,0.4591,28.79,17.21,4,8.08,0,1
STR-008114,TreatmentB,B02,161.16,2.34,0.2875,243,21.74,0.3107,0.4677,11.17,17.74,3,8.61,0,0
STR-008115,TreatmentA,B03,107.25,1.19,0.2942,242,51.13,0.4468,0.2856,23.41,24.97,1,5.73,0,1
STR-008116,TreatmentB,B02,93.07,1.26,0.2033,512,23.45,0.3988,0.2625,18.68,20.42,1,6.58,1,1
STR-008117,Control,B02,85.38,2.04,0.2338,249,44.04,0.3989,0.4384,35.31,33.04,0,8.21,1,0
STR-008118,TreatmentB,B03,114.52,1.01,0.2111,440,54.82,0.3153,0.1515,14.59,16.99,2,8.54,1,1
STR-008119,TreatmentB,B02,123.54,2.83,0.187,718,23.17,0.4019,0.4216,18.34,23.43,2,6.66,0,1
STR-008120,TreatmentB,B02,106.79,0.76,0.1936,351,23.94,0.3248,0.1453,26.47,13.93,2,6.78,1,1
STR-008121,TreatmentB,B01,105.62,1.72,0.2275,351,29.96,0.3424,0.1614,19.49,41.54,2,6.67,1,1
STR-008122,TreatmentB,B03,79.59,1.26,0.2278,222,40.19,0.3672,0.266,7.44,33.86,1,4.0,1,0
STR-008123,TreatmentB,B03,88.21,1.49,0.266,212,45.63,0.1797,0.4036,24.02,15.1,5,6.19,1,0
STR-008124,Control,B01,98.78,3.2,0.2737,101,63.29,0.4872,0.3497,36.06,27.3,1,7.64,0,1
STR-008125,TreatmentB,B01,119.76,1.06,0.1982,519,26.91,0.4251,0.3544,68.57,23.33,1,8.92,0,0
STR-008126,TreatmentB,B02,88.46,1.7,0.2024,466,21.97,0.4412,0.2503,4.97,26.67,2,6.63,0,1
STR-008127,TreatmentB,B03,91.81,1.59,0.2416,315,44.25,0.3334,0.4281,22.21,18.59,0,4.71,0,0
STR-008128,TreatmentA,B01,119.72,1.51,0.2177,461,38.46,0.3638,0.2867,54.53,22.12,1,5.94,0,1
STR-008129,TreatmentB,B02,81.09,1.37,0.2787,343,99.91,0.1708,0.2778,37.0,24.08,2,6.52,1,1
STR-008130,TreatmentA,B01,106.32,1.54,0.2866,282,18.87,0.6362,0.3732,26.6,24.78,2,6.56,0,1
STR-008131,TreatmentA,B02,110.22,1.34,0.1894,332,46.93,0.2505,0.158,66.76,33.01,1,7.41,1,1
STR-008132,TreatmentB,B03,114.68,1.4,0.2541,253,72.45,0.5659,0.2807,77.58,12.55,1,7.37,1,0
STR-008133,TreatmentA,B03,111.55,2.43,0.2215,111,69.31,0.329,0.2664,8.61,24.19,2,4.9,0,0
STR-008134,Control,B01,102.55,1.85,0.208,125,28.18,0.4706,0.2826,52.17,28.8,1,7.6,1,1
STR-008135,Control,B02,89.46,2.19,0.2381,85,164.83,0.4595,0.2666,84.9,22.49,1,7.25,1,1
STR-008136,TreatmentA,B03,88.3,1.37,0.2903,140,26.01,0.4324,0.2063,25.51,15.11,2,8.52,0,1
STR-008137,TreatmentB,B02,119.12,1.68,0.2077,231,81.57,0.4865,0.5969,16.8,19.92,5,6.22,1,1
STR-008138,Control,B02,97.19,1.74,0.2542,69,49.16,0.4609,0.2718,21.82,26.6,6,6.05,0,1
STR-008139,TreatmentA,B02,85.22,1.56,0.1952,301,31.88,0.4419,0.257,52.21,31.25,2,7.43,1,1
STR-008140,TreatmentA,B01,124.46,1.44,0.2821,325,47.59,0.3745,0.2446,31.26,31.72,2,6.37,0,0
STR-008141,TreatmentB,B03,125.81,1.54,0.1927,845,24.09,0.4164,0.3058,19.21,18.62,1,7.07,1,1
STR-008142,Control,B01,88.24,1.94,0.2916,134,69.56,0.5106,0.2028,57.93,23.46,2,6.07,0,0
STR-008143,TreatmentA,B03,105.17,1.69,0.2556,805,17.88,0.463,0.2323,28.24,13.61,3,4.28,1,0
STR-008144,TreatmentA,B03,114.79,1.99,0.2626,218,12.82,0.6405,0.5086,29.06,19.44,4,4.05,0,0
STR-008145,Control,B02,85.37,2.1,0.2144,101,75.39,0.452,0.4612,35.19,25.18,2,6.92,1,1
STR-008146,TreatmentB,B03,87.69,0.84,0.2669,352,44.41,0.3281,0.2614,23.11,33.76,1,5.09,1,0
STR-008147,TreatmentB,B02,113.04,0.93,0.2182,322,46.98,0.4643,0.4056,16.49,21.21,1,6.42,1,1
STR-008148,TreatmentA,B03,88.07,1.71,0.3306,714,21.27,0.33,0.3946,22.81,24.94,3,7.04,0,1
STR-008149,Control,B02,91.5,2.77,0.2964,271,14.43,0.305,0.239,19.51,32.64,4,6.87,0,1
STR-008150,TreatmentB,B02,115.07,1.55,0.219,246,43.0,0.5644,0.1977,14.19,23.31,3,9.5,1,0
STR-008151,Control,B03,106.9,2.49,0.2721,341,12.79,0.3244,0.3508,39.6,21.6,3,6.67,0,1
STR-008152,Control,B03,82.91,3.37,0.2248,270,33.15,0.4554,0.3808,69.69,28.44,4,8.52,0,0
STR-008153,TreatmentA,B02,103.25,2.21,0.2846,227,21.18,0.6163,0.2526,40.18,19.21,1,7.74,0,1
STR-008154,TreatmentA,B01,87.58,2.83,0.1831,477,45.73,0.4473,0.1709,78.38,28.43,1,6.43,1,0
STR-008155,TreatmentA,B02,102.29,2.59,0.2433,203,15.1,0.3574,0.255,30.1,24.26,1,6.26,0,1
STR-008156,TreatmentA,B01,65.56,2.24,0.2362,95,70.48,0.3188,0.2787,15.08,36.64,2,7.19,1,0
STR-008157,TreatmentB,B02,101.27,0.55,0.2376,337,95.04,0.5411,0.3518,33.74,20.63,1,7.8,1,0
STR-008158,Control,B03,112.65,1.73,0.2069,334,31.92,0.2381,0.3804,50.67,24.77,4,8.25,1,0
STR-008159,Control,B03,104.79,2.7,0.2327,109,15.11,0.62,0.0635,34.75,30.33,1,8.09,0,0
STR-008160,Control,B03,67.37,2.74,0.2438,554,38.13,0.6738,0.4725,51.03,23.41,1,5.57,0,1
STR-008161,TreatmentB,B03,123.72,1.12,0.1938,256,15.28,0.5698,0.1131,27.65,19.4,2,8.75,1,0
STR-008162,Control,B02,118.24,1.45,0.2846,109,18.36,0.1537,0.2217,27.96,26.17,2,5.74,0,1
STR-008163,TreatmentA,B03,109.71,1.43,0.2401,362,70.5,0.2506,0.248,45.51,22.73,1,5.03,0,0
STR-008164,Control,B03,92.48,2.25,0.2272,129,27.38,0.4296,0.3406,38.02,28.71,3,7.65,0,1
STR-008165,Control,B01,88.32,2.9,0.238,163,12.76,0.5043,0.309,32.59,23.37,0,7.76,0,0
STR-008166,TreatmentB,B03,108.93,1.24,0.2815,202,12.16,0.4518,0.5524,5.19,33.3,2,10.4,1,0
STR-008167,TreatmentA,B02,116.5,2.71,0.2006,179,25.07,0.5368,0.4252,23.63,15.43,4,7.45,0,1
STR-008168,Control,B03,103.02,2.65,0.228,159,23.32,0.4867,0.5485,46.34,25.47,4,4.7,0,1
STR-008169,TreatmentB,B02,79.64,2.49,0.2318,33,27.85,0.1821,0.2842,25.5,26.58,5,4.45,1,0
STR-008170,TreatmentB,B01,98.58,1.29,0.2696,287,23.76,0.1677,0.4276,20.08,22.12,0,6.77,1,0
STR-008171,TreatmentA,B02,107.51,1.22,0.2712,534,100.42,0.3737,0.3154,23.51,37.49,3,7.1,1,1
STR-008172,TreatmentA,B03,102.62,1.55,0.2884,837,75.19,0.1613,0.3239,33.08,31.52,2,9.61,0,0
STR-008173,TreatmentA,B03,99.82,2.13,0.1889,263,55.31,0.5951,0.3051,32.41,21.29,2,6.0,1,1
STR-008174,TreatmentA,B03,76.37,1.57,0.2243,298,36.99,0.4216,0.217,68.6,16.34,3,4.49,0,0
STR-008175,Control,B02,102.6,2.28,0.2086,291,18.55,0.4491,0.3373,41.42,19.09,1,5.31,0,0
STR-008176,TreatmentB,B01,76.41,1.6,0.2497,204,15.95,0.2651,0.2188,45.55,17.66,1,8.41,1,1
STR-008177,TreatmentB,B01,78.89,3.24,0.2562,144,24.94,0.4798,0.3378,52.34,21.93,5,7.55,0,1
STR-008178,TreatmentB,B03,96.5,1.42,0.2695,256,25.03,0.2433,0.3408,9.4,24.43,2,6.21,1,0
STR-008179,TreatmentA,B01,110.19,2.32,0.2102,398,45.0,0.4464,0.2046,28.21,27.51,4,8.0,1,0
STR-008180,Control,B01,97.85,3.36,0.2709,338,59.03,0.2534,0.4406,49.67,24.24,1,5.21,0,0
STR-008181,TreatmentB,B02,103.42,1.85,0.2074,520,53.02,0.5205,0.3322,53.82,11.13,3,5.83,1,0
STR-008182,TreatmentB,B01,53.96,1.21,0.2589,146,30.64,0.4821,0.458,36.91,23.42,3,8.55,1,0
STR-008183,Control,B02,110.24,2.69,0.181,133,28.15,0.3245,0.2258,49.87,26.95,3,7.88,0,1
STR-008184,Control,B01,97.4,3.75,0.2265,188,55.11,0.4999,0.1194,26.86,22.04,0,8.37,0,0
STR-008185,TreatmentB,B02,89.24,0.74,0.1685,327,60.93,0.3298,0.5341,26.81,19.38,3,7.24,1,0
STR-008186,TreatmentA,B03,64.22,0.83,0.2142,133,33.64,0.3045,0.2943,25.67,20.53,3,6.83,1,1
STR-008187,TreatmentB,B01,69.94,1.14,0.2326,60,37.82,0.4549,0.4537,22.01,24.41,1,6.2,1,1
STR-008188,TreatmentA,B02,92.26,2.54,0.2753,38,21.61,0.4671,0.2437,23.84,33.14,2,5.75,1,0
STR-008189,Control,B03,81.99,2.61,0.2837,1084,21.39,0.298,0.284,34.42,29.39,4,5.97,0,1
STR-008190,TreatmentB,B02,85.89,4.72,0.2352,538,59.09,0.5858,0.4013,34.77,21.78,3,6.77,0,1
STR-008191,TreatmentA,B01,75.42,1.47,0.1622,161,66.83,0.581,0.1664,55.22,31.39,4,3.14,1,0
STR-008192,Control,B01,88.58,1.54,0.2128,341,53.04,0.5253,0.2841,54.5,28.7,9,10.13,1,0
STR-008193,TreatmentA,B02,102.3,1.36,0.31,145,48.95,0.45,0.3421,59.47,16.23,2,6.59,0,1
STR-008194,Control,B03,121.13,2.39,0.2618,1041,20.38,0.2522,0.4681,28.53,23.74,2,6.54,0,0
STR-008195,Control,B03,91.46,1.93,0.1923,209,40.56,0.3833,0.2241,39.44,22.59,4,5.81,1,1
STR-008196,TreatmentB,B03,88.64,1.32,0.2441,472,34.53,0.6987,0.4805,-0.03,29.5,5,6.44,1,1
STR-008197,TreatmentA,B03,94.1,1.13,0.2907,177,31.93,0.2822,0.2752,34.23,35.12,5,6.1,0,1
STR-008198,Control,B02,121.33,2.9,0.3203,193,8.59,0.6204,0.3127,30.68,20.86,1,7.94,0,1
STR-008199,TreatmentA,B02,70.6,1.58,0.1716,425,26.67,0.2267,0.3026,38.01,13.42,2,8.27,1,0
STR-008200,TreatmentB,B02,69.7,1.31,0.1851,797,32.89,0.4548,0.279,8.99,33.62,3,5.19,1,0
STR-008201,TreatmentA,B01,121.83,1.55,0.2661,127,13.63,0.3388,0.4522,47.75,18.32,1,8.39,0,0
STR-008202,TreatmentB,B03,102.72,1.64,0.2679,660,23.53,0.5541,0.3436,8.78,36.41,0,6.32,1,1
STR-008203,TreatmentB,B03,88.73,1.39,0.2511,282,20.84,0.2611,0.1566,30.49,25.69,1,6.04,1,1
STR-008204,TreatmentA,B01,88.47,2.11,0.2259,142,13.48,0.0898,0.4594,21.52,21.76,3,7.25,1,0
STR-008205,TreatmentA,B01,107.2,2.2,0.2099,448,24.43,0.3769,0.3394,22.61,13.94,2,6.71,1,1
STR-008206,Control,B02,86.21,2.73,0.2147,355,7.34,0.6835,0.3915,56.95,26.56,3,8.02,0,1
STR-008207,TreatmentA,B02,127.02,1.89,0.2147,584,20.32,0.5382,0.3224,50.8,20.16,3,5.05,0,0
STR-008208,TreatmentA,B01,130.92,3.11,0.2551,120,61.15,0.4244,0.3725,21.17,29.95,1,7.49,0,1
STR-008209,TreatmentA,B02,118.64,3.13,0.2326,100,22.93,0.2295,0.4226,15.39,33.16,0,4.2,0,0
STR-008210,Control,B02,98.35,2.53,0.1496,102,24.72,0.3963,0.3703,30.97,14.82,0,7.74,0,1
STR-008211,TreatmentA,B01,116.84,1.59,0.2617,178,42.38,0.2961,0.179,27.51,21.43,1,6.94,1,1
STR-008212,Control,B02,110.06,3.72,0.2399,652,13.52,0.6034,0.3764,43.17,30.71,3,2.43,0,0
STR-008213,TreatmentA,B01,118.2,2.06,0.2261,491,29.23,0.3469,0.3512,23.95,26.55,4,9.84,0,0
STR-008214,TreatmentA,B02,104.04,3.15,0.2506,697,6.82,0.5153,0.1061,24.22,23.21,4,8.0,0,0
STR-008215,TreatmentB,B03,94.84,1.55,0.2552,231,47.36,0.3074,0.2252,64.13,26.43,3,6.44,1,1
STR-008216,TreatmentB,B02,105.9,2.57,0.2836,162,44.74,0.6661,0.2929,10.56,31.37,2,8.01,0,0
STR-008217,Control,B03,111.1,2.47,0.1535,186,46.43,0.4793,0.3511,86.52,26.97,5,5.6,0,0
STR-008218,Control,B03,101.37,2.25,0.2756,613,39.05,0.7211,0.2124,41.74,14.26,0,5.68,0,0
STR-008219,Control,B01,69.09,2.41,0.2081,287,49.84,0.5814,0.4572,30.91,14.79,5,6.91,0,1
STR-008220,Control,B02,82.87,2.51,0.234,123,39.09,0.4561,0.27,28.18,21.37,0,4.81,0,0
STR-008221,Control,B01,134.5,2.01,0.2019,525,20.07,0.3706,0.41,40.49,20.61,2,5.93,1,0
STR-008222,TreatmentB,B01,112.96,1.46,0.2283,109,56.19,0.562,0.2645,49.37,16.29,3,7.94,1,0
STR-008223,Control,B01,110.19,2.03,0.2408,194,25.57,0.4557,0.6334,39.94,16.01,0,7.06,0,1
STR-008224,TreatmentB,B02,132.82,1.82,0.2908,114,28.02,0.1401,0.2567,6.71,36.19,0,3.82,0,0
STR-008225,Control,B01,98.33,3.12,0.2256,565,85.93,0.3754,0.3083,27.48,25.55,4,8.0,0,1
STR-008226,TreatmentB,B01,91.9,2.41,0.2133,355,30.8,0.243,0.2167,54.95,32.49,5,5.14,1,1
STR-008227,TreatmentA,B02,95.7,1.84,0.1899,96,61.84,0.5086,0.4297,47.63,21.53,2,8.56,1,1
STR-008228,TreatmentA,B03,99.54,2.58,0.248,293,28.2,0.6126,0.4841,57.61,27.08,2,9.66,0,1
STR-008229,Control,B03,121.51,3.13,0.2453,724,21.41,0.3571,0.2085,51.64,20.91,3,5.93,0,1
STR-008230,TreatmentB,B01,100.45,1.33,0.2593,208,25.43,0.3264,0.4061,48.39,22.45,3,5.18,1,0
STR-008231,TreatmentA,B02,100.59,2.19,0.2407,194,9.56,0.5219,0.4908,53.74,28.78,1,8.18,1,1
STR-008232,Control,B02,105.52,1.76,0.2222,280,63.21,0.2625,0.4196,22.61,23.87,0,5.24,1,0
STR-008233,TreatmentB,B01,99.04,0.98,0.2202,106,26.81,0.4799,0.3571,22.28,27.53,1,5.83,1,0
STR-008234,TreatmentA,B02,96.84,2.02,0.2468,537,21.94,0.3527,0.2984,26.57,28.61,2,9.73,1,0
STR-008235,TreatmentA,B01,128.77,1.75,0.2295,240,32.37,0.479,0.4555,50.58,28.04,4,7.09,1,1
STR-008236,TreatmentB,B03,121.12,1.23,0.2307,346,26.76,0.3159,0.3617,99.91,11.47,3,7.86,1,1
STR-008237,TreatmentA,B03,94.47,1.72,0.2188,39,57.8,0.2976,0.2311,19.15,29.25,3,6.86,1,1
STR-008238,TreatmentA,B01,112.96,1.59,0.2431,125,35.42,0.508,0.4659,23.37,19.51,4,6.48,1,1
STR-008239,Control,B03,105.6,1.37,0.2283,209,61.89,0.4811,0.2767,41.93,21.34,6,7.01,1,1
STR-008240,TreatmentB,B02,111.11,1.37,0.2308,106,15.93,0.5075,0.1697,33.66,6.23,4,6.67,1,1
STR-008241,TreatmentB,B03,94.88,2.31,0.2192,603,33.98,0.6467,0.4838,132.9,23.59,1,5.9,0,1
STR-008242,TreatmentA,B03,97.98,2.64,0.2243,240,13.06,0.252,0.3712,36.04,19.01,3,6.74,0,0
STR-008243,TreatmentA,B01,80.77,1.28,0.243,151,33.42,0.2236,0.2017,21.17,32.59,1,7.39,1,1
STR-008244,TreatmentB,B01,89.82,1.66,0.2923,334,43.75,0.3832,0.6021,14.93,25.73,3,5.82,1,0
STR-008245,TreatmentB,B01,89.53,1.84,0.2625,441,49.38,0.5103,0.2974,100.47,19.95,5,7.85,0,1
STR-008246,Control,B03,137.7,3.66,0.2174,237,12.53,0.2996,0.3583,30.88,24.31,5,7.42,1,1
STR-008247,TreatmentB,B01,88.78,1.52,0.2163,260,114.08,0.5703,0.3797,34.0,33.32,2,9.67,1,1
STR-008248,Control,B03,93.44,2.53,0.195,178,31.52,0.2236,0.4377,31.79,22.09,1,9.12,1,0
STR-008249,Control,B02,60.64,3.16,0.214,175,85.33,0.1882,0.2988,27.58,38.09,1,5.69,1,1
STR-008250,TreatmentB,B03,106.97,1.61,0.1959,207,120.44,0.5128,0.4587,53.1,23.21,0,6.0,1,1
STR-008251,Control,B01,115.55,2.79,0.19,226,23.62,0.3236,0.1897,66.88,26.1,3,6.98,1,1
STR-008252,Control,B02,98.18,1.7,0.2271,318,57.04,0.536,0.4349,24.67,29.53,2,5.42,0,1
STR-008253,Control,B03,108.64,1.47,0.3174,647,13.16,0.1066,0.1459,55.92,22.85,3,7.71,0,1
STR-008254,TreatmentA,B02,103.0,3.29,0.2393,238,55.8,0.5608,0.4128,18.89,17.66,0,7.2,1,1
STR-008255,TreatmentB,B03,99.72,1.48,0.2514,365,16.5,0.4425,0.2783,93.27,25.52,3,7.23,0,0
STR-008256,Control,B02,101.39,1.33,0.268,292,57.76,0.3585,0.2079,27.12,20.31,1,4.7,1,0
STR-008257,TreatmentB,B02,99.78,1.68,0.1639,156,36.14,0.4103,0.2177,30.38,19.49,1,7.24,1,1
STR-008258,TreatmentB,B03,97.0,2.1,0.2314,548,140.4,0.1096,0.7705,24.62,19.52,2,5.55,1,0
STR-008259,TreatmentA,B03,103.94,2.72,0.2769,628,91.92,0.4839,0.2938,51.15,21.72,5,9.17,0,0
STR-008260,TreatmentB,B03,77.12,1.76,0.2692,86,42.82,0.506,0.2958,24.39,22.45,4,6.02,1,1
STR-008261,Control,B03,115.28,1.74,0.2423,309,56.78,0.2565,0.2185,61.77,25.25,1,7.75,1,1
STR-008262,TreatmentA,B02,114.88,1.34,0.2944,197,26.42,0.3109,0.2535,29.31,27.07,3,7.58,0,1
STR-008263,TreatmentA,B01,102.43,2.0,0.2726,625,62.74,0.4092,0.2003,67.54,22.85,2,6.42,0,1
STR-008264,Control,B03,68.16,1.7,0.2753,338,18.7,0.5897,0.4611,33.22,27.55,2,7.6,1,1
STR-008265,TreatmentB,B03,106.96,3.03,0.2345,264,21.74,0.6411,0.205,24.39,21.85,2,8.58,0,0
STR-008266,TreatmentB,B02,124.26,1.92,0.2151,256,32.78,0.4162,0.2773,8.25,29.9,1,6.26,1,0
STR-008267,TreatmentA,B02,124.76,1.12,0.2361,564,53.38,0.2826,0.3413,61.74,22.3,3,5.2,1,0
STR-008268,TreatmentA,B02,101.78,2.09,0.2082,350,13.13,0.3925,0.2515,16.51,18.41,1,6.97,1,1
STR-008269,TreatmentA,B03,96.43,2.19,0.206,344,22.63,0.4679,0.3407,43.75,32.1,4,4.48,1,0
STR-008270,TreatmentA,B03,94.63,2.31,0.2466,534,39.78,0.1444,0.177,30.73,25.18,3,7.44,0,1
STR-008271,TreatmentA,B01,118.55,2.19,0.2866,387,58.2,0.5491,0.2523,24.31,24.6,2,6.18,0,0
STR-008272,TreatmentB,B03,115.76,2.37,0.2634,309,30.28,0.1426,0.4037,32.74,16.81,4,7.04,0,0
STR-008273,Control,B01,79.57,1.81,0.257,740,43.83,0.4563,0.2326,48.19,21.36,3,8.6,0,0
STR-008274,TreatmentB,B01,124.5,2.01,0.3016,115,43.99,0.216,0.2615,26.01,22.78,2,8.35,0,1
STR-008275,TreatmentB,B02,110.15,1.92,0.2353,170,28.95,0.3644,0.2642,23.62,16.75,0,5.89,1,1
STR-008276,Control,B02,113.09,2.51,0.2421,702,18.18,0.3957,0.4924,39.75,12.96,1,7.32,1,1
STR-008277,TreatmentA,B01,81.23,1.44,0.2301,205,34.78,0.634,0.3775,67.64,11.98,3,5.87,1,1
STR-008278,Control,B03,114.19,2.92,0.2059,429,29.2,0.4694,0.3675,25.33,24.03,2,8.62,1,1
STR-008279,TreatmentB,B03,70.99,1.56,0.2491,583,13.49,0.1402,0.1531,28.52,24.79,0,4.61,1,1
STR-008280,TreatmentA,B02,70.0,2.42,0.1938,542,45.43,0.4158,0.3937,37.33,26.6,4,5.71,1,0
STR-008281,TreatmentA,B03,112.95,5.79,0.2252,142,18.47,0.407,0.265,73.34,9.46,2,6.54,0,1
STR-008282,TreatmentA,B03,94.67,1.64,0.2447,534,28.47,0.5867,0.471,32.21,25.15,2,7.09,1,1
STR-008283,TreatmentA,B01,94.44,1.09,0.2609,338,15.22,0.2736,0.3249,88.56,33.54,1,6.24,1,0
STR-008284,TreatmentA,B03,103.43,1.14,0.2351,588,38.16,0.3135,0.5255,22.05,28.86,1,10.6,1,0
STR-008285,Control,B02,73.8,2.56,0.2503,669,21.76,0.3358,0.3356,39.83,36.52,2,5.48,0,0
STR-008286,TreatmentA,B03,92.95,1.54,0.1842,319,30.49,0.4641,0.5644,35.31,21.15,4,7.89,1,1
STR-008287,TreatmentB,B02,88.83,3.29,0.2604,331,71.77,0.4516,0.2902,31.95,25.16,1,7.86,0,0
STR-008288,TreatmentB,B02,93.18,1.64,0.1859,526,23.22,0.6752,0.2493,31.07,26.33,2,9.3,1,0
STR-008289,TreatmentA,B03,87.73,1.36,0.2461,270,62.58,0.4556,0.3538,22.23,23.86,3,6.64,1,1
STR-008290,Control,B02,106.79,1.73,0.2433,164,18.41,0.2201,0.4796,34.19,24.29,1,6.11,1,0
STR-008291,TreatmentB,B03,106.92,0.78,0.2505,367,18.8,0.5277,0.2214,15.37,23.33,2,9.73,0,0
STR-008292,Control,B01,105.64,2.3,0.178,241,28.2,0.4846,0.3538,29.56,30.7,3,5.02,1,0
STR-008293,TreatmentB,B01,91.26,2.24,0.2227,724,33.89,0.5302,0.2294,15.73,31.56,3,3.6,1,0
STR-008294,Control,B03,101.64,3.48,0.2591,493,50.25,0.3535,0.4592,82.4,20.6,2,5.22,0,0
STR-008295,TreatmentA,B03,100.8,2.03,0.2298,209,59.16,0.509,0.1867,48.8,32.69,3,6.66,1,0
STR-008296,Control,B03,108.0,1.79,0.2377,240,33.81,0.4132,0.1932,36.67,22.94,3,6.64,1,1
STR-008297,TreatmentB,B03,118.06,0.83,0.1797,229,27.33,0.547,0.349,23.95,30.47,2,7.57,1,0
STR-008298,Control,B03,98.24,1.86,0.2108,352,33.0,0.3878,0.1889,85.9,19.07,1,5.5,0,1
STR-008299,TreatmentB,B03,123.41,1.68,0.2684,387,26.34,0.5001,0.2113,28.77,28.06,3,5.88,1,1
STR-008300,Control,B01,88.98,2.1,0.2326,301,23.22,0.2606,0.3389,61.35,33.72,3,7.24,1,1
STR-008301,Control,B02,107.79,2.32,0.2858,140,16.1,0.5362,0.3136,46.02,26.99,2,5.96,0,1
STR-008302,TreatmentB,B03,103.56,2.79,0.289,772,17.28,0.3285,0.4244,44.83,28.73,1,7.09,0,1
STR-008303,TreatmentB,B02,94.95,2.77,0.2606,1381,21.04,0.331,0.4476,7.47,18.22,2,5.93,0,0
STR-008304,TreatmentA,B01,99.01,1.66,0.194,296,20.79,0.1131,0.2875,51.87,19.59,0,9.73,1,0
STR-008305,TreatmentB,B01,112.98,2.34,0.214,373,19.39,0.3035,0.2054,17.97,26.16,8,5.33,1,1
STR-008306,TreatmentA,B02,99.41,1.11,0.2548,217,35.2,0.4746,0.2547,20.76,22.04,1,5.46,1,0
STR-008307,TreatmentB,B02,69.7,0.78,0.2626,416,14.72,0.6445,0.3157,23.11,22.35,1,6.33,1,1
STR-008308,TreatmentB,B03,108.03,1.62,0.2311,173,62.24,0.2123,0.2124,43.5,25.49,3,5.48,1,0
STR-008309,Control,B02,85.16,2.07,0.208,116,29.62,0.3886,0.4765,43.62,25.82,5,8.37,1,0
STR-008310,TreatmentA,B03,95.75,2.3,0.1967,319,109.74,0.4615,0.2381,98.26,24.63,2,6.6,1,1
STR-008311,Control,B03,57.6,2.45,0.2852,341,64.27,0.4339,0.277,87.0,25.62,1,5.82,0,1
STR-008312,Control,B01,96.48,3.25,0.1684,147,29.44,0.6346,0.1578,25.09,15.98,2,7.35,0,0
STR-008313,TreatmentB,B01,94.65,1.07,0.2246,242,45.2,0.3821,0.4888,38.79,23.03,7,6.38,0,0
STR-008314,Control,B01,97.06,2.02,0.2649,446,21.11,0.2724,0.2943,52.99,28.09,3,7.69,0,1
STR-008315,TreatmentB,B02,108.16,0.98,0.2812,416,60.92,0.5563,0.2956,11.13,13.74,3,8.78,1,0
STR-008316,TreatmentA,B01,99.11,2.27,0.2303,188,53.07,0.7999,0.1618,38.54,26.2,5,7.15,1,0
STR-008317,TreatmentA,B02,123.31,1.57,0.1907,269,26.96,0.3621,0.089,17.86,31.62,0,4.4,1,0
STR-008318,TreatmentB,B03,83.46,2.35,0.2324,323,46.81,0.4016,0.4246,43.11,28.36,3,6.58,0,1
STR-008319,TreatmentB,B03,89.36,1.22,0.2085,283,58.03,0.6192,0.3103,18.12,26.68,2,4.7,1,0
STR-008320,Control,B03,69.4,1.52,0.2743,117,30.34,0.5618,0.2493,43.15,22.31,4,9.24,0,0
STR-008321,TreatmentB,B02,92.99,1.66,0.2817,253,18.36,0.5135,0.5696,50.31,35.87,3,5.71,0,1
STR-008322,TreatmentB,B02,109.82,1.74,0.2663,519,32.29,0.5362,0.0869,32.94,23.36,3,6.79,1,0
STR-008323,TreatmentB,B02,91.6,1.95,0.2289,148,37.31,0.3089,0.3889,17.58,23.28,1,6.73,1,0
STR-008324,TreatmentB,B01,85.98,0.65,0.2355,294,5.87,0.3443,0.3918,21.51,28.05,2,8.1,1,0
STR-008325,Control,B02,110.57,2.69,0.1811,214,82.99,0.2825,0.5397,72.59,37.64,2,7.46,1,0
STR-008326,Control,B02,76.14,1.78,0.256,364,23.34,0.1515,0.2892,31.78,15.19,4,7.93,0,1
STR-008327,TreatmentB,B01,109.77,2.01,0.2397,622,43.97,0.6764,0.1008,48.5,23.53,1,6.33,0,0
STR-008328,Control,B03,93.65,1.35,0.2436,633,21.98,0.3315,0.1264,50.33,27.72,2,6.6,1,1
STR-008329,TreatmentB,B01,108.43,0.74,0.1971,363,24.9,0.5152,0.3069,10.63,24.95,2,10.13,1,0
STR-008330,Control,B03,79.36,2.95,0.1977,232,12.35,0.5309,0.4579,53.91,28.14,1,10.05,0,0
STR-008331,TreatmentA,B01,86.15,2.43,0.2249,107,12.92,0.4223,0.2604,31.66,32.9,1,7.44,0,1
STR-008332,Control,B03,96.55,2.5,0.213,362,43.62,0.6682,0.2931,37.36,24.87,4,4.74,0,0
STR-008333,TreatmentB,B03,100.88,1.24,0.2376,279,30.67,0.2675,0.351,27.87,11.58,1,5.76,1,0
STR-008334,Control,B02,122.79,1.95,0.2346,423,37.65,0.6328,0.3111,33.88,27.27,2,7.64,0,1
STR-008335,TreatmentA,B03,105.97,1.17,0.2285,133,34.69,0.215,0.4124,40.43,24.44,1,7.5,0,0
STR-008336,TreatmentB,B01,107.31,2.66,0.2542,119,43.23,0.4846,0.2331,12.19,15.47,4,5.89,1,1
STR-008337,Control,B03,107.42,1.94,0.1797,419,33.73,0.5338,0.4861,89.25,27.92,4,7.18,1,1
STR-008338,TreatmentA,B03,93.63,2.23,0.2489,247,48.04,0.3041,0.18,45.8,38.58,5,7.88,0,1
STR-008339,Control,B01,101.03,1.68,0.3133,437,37.8,0.2938,0.0607,46.97,20.27,2,5.37,0,1
STR-008340,Control,B01,110.9,2.72,0.2102,342,15.96,0.4559,0.305,42.66,20.53,1,6.29,1,1
STR-008341,TreatmentB,B02,92.02,1.43,0.2989,237,36.64,0.2477,0.1636,44.54,25.17,6,6.35,0,1
STR-008342,TreatmentA,B03,81.66,2.09,0.234,430,14.89,0.6238,0.0681,39.61,17.39,2,8.7,1,0
STR-008343,TreatmentB,B01,75.43,1.29,0.2308,420,100.07,0.3607,0.4424,15.04,33.62,2,7.75,1,0
STR-008344,TreatmentA,B02,88.05,1.57,0.2224,554,50.67,0.4794,0.4014,15.79,21.41,0,4.12,1,0
STR-008345,Control,B01,103.51,2.88,0.2107,275,13.36,0.5413,0.1877,30.9,26.32,2,9.86,0,0
STR-008346,TreatmentA,B02,95.98,1.47,0.2535,175,32.17,0.3214,0.3793,80.27,24.41,2,8.6,0,1
STR-008347,Control,B01,87.79,1.64,0.2705,163,46.55,0.686,0.2326,34.17,23.01,1,10.49,0,0
STR-008348,Control,B03,88.29,2.44,0.2292,173,31.19,0.5987,0.2951,30.79,27.2,5,7.49,0,1
STR-008349,Control,B02,112.6,2.15,0.1965,313,31.47,0.3459,0.5971,53.0,25.54,0,6.75,1,0
STR-008350,TreatmentA,B01,118.13,3.39,0.2773,81,32.72,0.4464,0.2761,9.51,34.85,3,7.73,0,1
STR-008351,TreatmentA,B03,104.58,2.85,0.2171,191,30.62,0.4452,0.1441,11.68,21.89,2,9.53,1,0
STR-008352,TreatmentB,B01,84.17,1.13,0.1574,374,43.16,0.4651,0.439,27.71,16.49,1,6.48,1,1
STR-008353,TreatmentB,B01,78.67,3.17,0.2964,393,42.39,0.4337,0.261,3.87,21.8,2,6.82,0,1
STR-008354,TreatmentB,B02,100.3,1.3,0.3013,90,16.73,0.5614,0.2628,15.77,32.1,2,5.1,0,0
STR-008355,Control,B02,99.35,1.37,0.2011,150,24.73,0.445,0.407,32.96,22.52,4,6.53,1,1
STR-008356,Control,B01,86.91,1.15,0.271,459,58.98,0.3886,0.4991,17.96,21.27,1,7.51,1,0
STR-008357,TreatmentA,B02,118.98,2.76,0.2553,392,28.26,0.3988,0.181,58.86,20.1,2,5.54,0,0
STR-008358,Control,B02,123.28,2.36,0.2468,297,18.18,0.4139,0.1988,96.63,21.24,2,6.54,0,1
STR-008359,TreatmentB,B03,87.31,1.85,0.2537,340,62.25,0.4523,0.1678,54.47,23.48,4,8.44,0,1
STR-008360,Control,B02,104.86,2.56,0.2057,316,64.45,0.5204,0.2006,46.09,23.13,0,6.13,1,0
STR-008361,Control,B03,109.46,2.11,0.2258,441,27.74,0.3961,0.3182,39.94,18.9,4,7.34,0,1
STR-008362,TreatmentB,B02,106.55,1.59,0.289,133,42.16,0.1862,0.2311,41.69,19.83,3,7.95,0,1
STR-008363,Control,B03,115.16,2.95,0.3067,379,29.97,0.2935,0.306,22.6,15.24,7,7.59,0,0
STR-008364,TreatmentB,B03,66.87,2.86,0.2193,1077,33.34,0.4249,0.2175,18.37,24.69,4,9.81,0,0
STR-008365,TreatmentB,B03,105.1,1.36,0.1558,163,43.53,0.4417,0.223,22.87,25.49,1,7.26,1,0
STR-008366,TreatmentB,B03,98.22,1.81,0.2606,232,27.46,0.4864,0.1941,32.59,19.78,1,4.84,0,0
STR-008367,TreatmentB,B02,110.08,1.43,0.253,293,23.88,0.2541,0.3011,22.2,21.23,2,6.88,1,1
STR-008368,Control,B01,87.82,2.08,0.2686,186,51.59,0.1695,0.4035,31.14,22.69,4,7.25,0,0
STR-008369,TreatmentB,B01,104.57,1.83,0.3069,118,37.56,0.4025,0.6301,20.17,22.35,4,6.8,0,1
STR-008370,TreatmentA,B02,88.79,4.21,0.2198,280,90.99,0.4217,0.4609,40.93,18.42,0,8.29,0,0
STR-008371,TreatmentA,B02,107.31,2.22,0.2691,364,41.98,0.3386,0.2681,27.3,33.8,1,5.41,0,0
STR-008372,TreatmentB,B02,74.89,1.37,0.3259,98,37.6,0.369,0.356,15.26,25.39,1,6.95,0,1
STR-008373,TreatmentB,B03,106.74,1.1,0.2855,363,8.48,0.7152,0.3375,27.7,29.62,2,7.52,0,1
STR-008374,TreatmentB,B01,116.63,2.56,0.2379,173,89.81,0.5738,0.1996,84.0,42.92,1,6.51,0,0
STR-008375,TreatmentB,B02,95.73,2.21,0.266,348,36.32,0.3341,0.286,44.55,10.55,3,6.55,0,0
STR-008376,TreatmentA,B03,78.78,2.43,0.2597,264,29.64,0.3386,0.4432,51.59,35.3,2,7.36,0,1
STR-008377,TreatmentB,B01,111.28,3.32,0.2195,163,77.01,0.2498,0.3653,18.0,24.67,2,5.68,1,0
STR-008378,TreatmentB,B01,88.52,1.39,0.2421,414,64.75,0.5542,0.3847,21.57,22.23,0,8.96,1,1
STR-008379,TreatmentB,B03,118.08,1.76,0.2582,329,93.18,0.3732,0.2253,7.58,23.64,2,8.53,1,1
STR-008380,Control,B02,106.65,2.72,0.2583,684,46.39,0.5846,0.2562,25.96,30.37,0,7.27,0,1
STR-008381,TreatmentB,B02,77.72,1.67,0.1936,206,34.62,0.3893,0.2754,60.18,26.32,3,6.26,1,0
STR-008382,TreatmentB,B03,95.09,1.47,0.2616,492,52.36,0.435,0.3474,19.14,19.69,4,7.11,1,1
STR-008383,TreatmentB,B02,90.04,2.15,0.2391,124,47.95,0.4961,0.2895,9.35,40.83,1,4.39,0,0
STR-008384,TreatmentB,B03,116.08,2.31,0.2454,167,7.6,0.3215,0.2179,6.24,24.47,3,8.12,0,1
STR-008385,TreatmentA,B01,87.85,2.18,0.2281,97,16.56,0.2764,0.4629,72.9,19.57,0,4.57,0,0
STR-008386,TreatmentB,B01,107.04,2.16,0.2329,216,66.14,0.4648,0.1823,17.76,23.05,8,7.77,1,1
STR-008387,Control,B03,132.99,2.59,0.2918,177,66.49,0.4666,0.4291,47.66,24.21,2,6.9,0,1
STR-008388,TreatmentB,B02,99.38,1.56,0.2236,601,52.54,0.4745,0.2775,29.11,27.01,1,5.8,1,0
STR-008389,TreatmentB,B03,120.92,1.14,0.2366,438,35.01,0.5116,0.2223,30.74,25.93,2,6.27,0,0
STR-008390,Control,B03,110.61,1.67,0.254,437,25.71,0.4256,0.1336,33.95,32.48,2,9.11,1,0
STR-008391,TreatmentA,B03,99.15,2.67,0.2436,218,81.93,0.4854,0.2729,19.6,16.53,2,6.9,1,1
STR-008392,TreatmentB,B02,109.85,0.98,0.2349,237,70.56,0.5981,0.3439,7.78,32.87,1,7.91,1,1
STR-008393,TreatmentB,B01,91.67,1.46,0.2097,243,37.81,0.1165,0.4635,25.6,28.04,2,9.19,1,0
STR-008394,TreatmentB,B03,82.81,1.34,0.2051,273,34.02,0.5988,0.529,4.68,19.25,3,5.69,1,1
STR-008395,TreatmentA,B03,95.63,2.53,0.2825,402,55.03,0.4903,0.4139,40.68,24.69,8,5.44,0,1
STR-008396,TreatmentA,B02,114.35,2.0,0.2139,333,18.88,0.5809,0.2408,16.27,27.76,2,6.51,1,0
STR-008397,TreatmentB,B02,118.52,1.85,0.251,309,103.86,0.3359,0.1715,17.47,10.89,2,7.84,1,0
STR-008398,TreatmentB,B02,106.28,1.93,0.197,354,30.95,0.2278,0.1406,90.3,14.59,2,6.35,0,1
STR-008399,TreatmentB,B03,75.86,1.72,0.2581,334,33.22,0.4877,0.2025,48.94,29.34,2,5.47,0,0
STR-008400,Control,B02,106.48,1.74,0.2631,314,38.6,0.3988,0.3779,47.1,17.72,6,9.31,0,0
STR-008401,TreatmentA,B02,84.93,2.46,0.2199,336,27.21,0.5214,0.3336,46.28,24.15,3,9.15,1,0
STR-008402,Control,B01,96.67,2.97,0.2891,283,13.1,0.454,0.4562,51.47,24.05,0,5.64,0,0
STR-008403,Control,B02,75.76,3.55,0.2277,385,39.31,0.247,0.1011,53.89,34.72,2,6.41,0,1
STR-008404,TreatmentA,B02,75.97,1.22,0.2464,228,30.79,0.1814,0.3065,18.83,20.16,2,8.01,1,1
STR-008405,TreatmentA,B02,118.52,1.48,0.2561,131,26.51,0.8012,0.2675,59.51,28.34,4,7.07,0,1
STR-008406,TreatmentB,B03,98.08,1.53,0.2153,326,19.91,0.6444,0.2457,38.63,17.14,1,7.34,1,1
STR-008407,Control,B01,87.71,1.83,0.186,229,46.9,0.3535,0.2636,44.17,27.47,2,7.47,1,1
STR-008408,TreatmentB,B01,92.26,1.72,0.2275,2095,63.56,0.5999,0.4452,39.17,26.77,4,4.21,0,1
STR-008409,TreatmentA,B01,123.39,2.69,0.2462,449,64.09,0.2406,0.2226,15.96,19.95,3,10.92,1,0
STR-008410,Control,B02,118.35,2.59,0.2579,77,113.58,0.528,0.1237,83.84,22.69,2,6.2,0,0
STR-008411,TreatmentB,B02,103.93,1.53,0.2165,640,75.77,0.7228,0.1293,34.54,26.03,4,8.33,1,0
STR-008412,Control,B02,82.22,1.84,0.2066,128,28.12,0.5349,0.2647,33.25,23.97,4,5.79,1,0
STR-008413,TreatmentA,B03,111.07,1.7,0.2494,233,19.38,0.4213,0.202,37.84,15.82,1,9.14,0,0
STR-008414,TreatmentB,B01,101.43,0.63,0.2804,396,89.32,0.2358,0.4321,21.44,22.47,4,6.78,1,1
STR-008415,Control,B03,98.99,2.45,0.238,648,27.66,0.6751,0.4507,43.51,38.67,2,7.39,0,1
STR-008416,Control,B03,89.63,2.37,0.2484,112,28.59,0.3317,0.1018,24.91,6.7,4,3.39,1,1
STR-008417,TreatmentA,B01,109.92,1.94,0.2186,314,27.97,0.4058,0.354,11.09,25.13,4,6.74,1,1
STR-008418,TreatmentB,B02,109.46,1.19,0.2409,187,37.07,0.4792,0.1572,7.61,28.99,1,9.55,1,0
STR-008419,Control,B03,87.68,2.33,0.247,212,50.93,0.3537,0.3663,27.89,26.0,2,5.63,1,1
STR-008420,TreatmentA,B02,93.9,3.04,0.2758,161,28.73,0.5377,0.2384,33.92,21.3,2,6.04,0,0
STR-008421,TreatmentB,B02,91.71,3.24,0.2093,668,18.01,0.278,0.512,17.11,26.12,4,4.72,0,0
STR-008422,TreatmentB,B02,109.39,1.34,0.2312,620,24.88,0.126,0.3049,35.09,26.18,5,10.15,0,0
STR-008423,Control,B03,89.27,2.14,0.2417,213,12.86,0.3745,0.3442,50.71,26.85,3,7.17,0,0
STR-008424,TreatmentA,B03,109.41,1.39,0.2509,126,8.53,0.3835,0.2106,51.59,21.4,1,6.44,0,1
STR-008425,TreatmentB,B03,85.16,1.71,0.2512,192,44.84,0.6545,0.2465,10.23,13.78,2,4.93,0,0
STR-008426,TreatmentA,B01,104.08,1.56,0.2318,333,19.47,0.4694,0.2913,44.09,23.75,2,7.65,1,1
STR-008427,TreatmentA,B01,116.08,2.85,0.1874,888,53.81,0.7051,0.3818,29.15,28.79,0,7.53,1,0
STR-008428,TreatmentA,B02,95.27,1.34,0.2454,387,21.07,0.3346,0.3366,37.42,29.17,1,6.9,1,1
STR-008429,Control,B01,83.26,1.84,0.2187,207,114.1,0.4931,0.35,48.51,22.09,2,6.07,0,0
STR-008430,TreatmentB,B01,91.14,1.76,0.2516,238,93.38,0.4596,0.2504,23.9,21.26,1,6.77,0,1
STR-008431,Control,B02,114.27,1.49,0.2075,104,92.96,0.5822,0.3833,35.99,35.36,0,6.44,1,1
STR-008432,TreatmentB,B03,116.46,1.32,0.2483,233,53.1,0.3687,0.4444,62.05,24.56,4,5.19,0,0
STR-008433,TreatmentB,B03,108.18,2.29,0.2101,381,36.16,0.6302,0.3965,41.55,19.14,2,7.01,1,1
STR-008434,Control,B01,121.27,4.0,0.1909,126,61.26,0.2123,0.1365,52.33,21.07,5,6.35,0,1
STR-008435,TreatmentA,B03,127.0,2.38,0.2756,179,33.66,0.3214,0.124,51.51,16.94,1,6.03,0,1
STR-008436,TreatmentB,B02,96.06,1.01,0.2344,245,17.97,0.3873,0.2337,19.93,28.16,2,4.51,1,1
STR-008437,Control,B03,92.74,2.1,0.1963,233,39.13,0.1931,0.1974,53.96,28.4,2,9.62,1,1
STR-008438,Control,B03,95.23,2.94,0.2154,702,37.63,0.3767,0.3213,34.2,26.65,1,6.96,0,1
STR-008439,TreatmentB,B01,102.94,1.44,0.2135,211,65.96,0.1331,0.1684,34.51,21.02,3,7.38,1,1
STR-008440,TreatmentA,B02,85.11,1.23,0.197,281,88.28,0.4329,0.5033,41.18,24.03,0,6.72,0,1
STR-008441,TreatmentA,B03,110.42,2.9,0.178,207,45.42,0.2933,0.2437,35.92,28.85,2,7.35,0,1
STR-008442,TreatmentA,B02,114.06,2.26,0.2334,169,35.42,0.2262,0.3726,33.32,26.93,1,6.96,0,0
STR-008443,Control,B02,69.76,3.1,0.2098,231,41.06,0.5315,0.1468,27.34,25.25,0,3.64,0,0
STR-008444,Control,B03,113.0,2.41,0.2126,358,20.99,0.3623,0.2343,64.52,29.37,3,6.6,0,1
STR-008445,Control,B01,104.82,2.88,0.215,221,23.79,0.2401,0.329,30.8,20.07,2,9.06,0,0
STR-008446,TreatmentA,B03,89.88,1.81,0.2118,211,63.38,0.1804,0.3596,41.35,19.29,1,7.36,1,1
STR-008447,TreatmentA,B03,80.53,2.67,0.1945,577,20.24,0.8073,0.3999,22.64,18.12,3,8.36,0,1
STR-008448,Control,B03,68.55,1.93,0.275,308,40.46,0.285,0.2222,53.44,20.68,6,6.73,1,1
STR-008449,TreatmentA,B03,101.61,1.31,0.253,146,35.64,0.6595,0.2965,24.7,25.42,1,6.89,0,1
STR-008450,Control,B03,89.38,1.45,0.2123,501,31.55,0.5527,0.1084,39.71,19.01,4,6.76,1,0
STR-008451,Control,B03,131.83,2.71,0.2209,375,19.41,0.4714,0.4377,28.1,23.72,2,7.88,1,0
STR-008452,TreatmentA,B03,112.45,2.08,0.2662,227,20.11,0.327,0.3884,37.49,22.69,3,7.28,0,0
STR-008453,Control,B01,68.11,4.11,0.1751,282,27.71,0.4488,0.4449,41.16,20.89,4,6.12,0,1
STR-008454,Control,B03,90.92,2.22,0.2523,137,30.65,0.4636,0.2351,66.86,25.48,2,7.89,1,0
STR-008455,TreatmentA,B02,84.53,1.97,0.2549,434,14.23,0.4719,0.2682,51.57,35.74,3,10.46,0,0
STR-008456,TreatmentA,B03,118.04,1.57,0.2004,179,54.7,0.1833,0.3554,44.3,34.68,3,6.76,1,0
STR-008457,TreatmentA,B03,93.61,1.97,0.2638,172,31.35,0.2907,0.2489,51.23,27.28,3,6.57,0,1
STR-008458,TreatmentA,B01,122.96,2.51,0.2484,397,49.27,0.5623,0.3192,34.68,18.34,6,5.1,0,0
STR-008459,TreatmentA,B01,81.15,1.45,0.2297,641,60.25,0.176,0.239,33.27,32.66,3,6.89,0,1
STR-008460,Control,B01,92.28,2.95,0.2484,343,54.47,0.4609,0.5782,55.49,27.58,2,2.94,0,0
STR-008461,TreatmentA,B02,108.35,1.67,0.1813,282,97.12,0.5589,0.2795,18.92,27.73,2,5.64,1,0
STR-008462,TreatmentA,B01,119.01,1.78,0.2273,214,25.99,0.391,0.4675,17.93,23.64,3,7.82,1,1
STR-008463,Control,B01,103.72,4.67,0.1944,649,11.08,0.4617,0.3271,28.46,27.79,3,7.16,0,1
STR-008464,Control,B03,95.08,1.79,0.1912,282,14.27,0.5059,0.3939,23.66,24.17,1,6.92,1,1
STR-008465,TreatmentB,B01,104.08,1.78,0.2315,291,36.27,0.3879,0.3193,40.78,7.28,3,6.09,0,1
STR-008466,TreatmentA,B01,107.97,1.39,0.1744,312,30.47,0.5149,0.1617,29.16,23.62,1,4.34,1,0
STR-008467,TreatmentA,B01,127.31,1.43,0.2965,217,28.87,0.7282,0.3631,30.82,31.18,2,5.38,0,1
STR-008468,TreatmentA,B01,98.22,1.47,0.1727,214,21.25,0.4249,0.1319,32.12,30.64,2,8.67,1,0
STR-008469,TreatmentB,B02,96.51,3.14,0.2901,527,14.62,0.5043,0.1155,36.26,30.12,0,4.35,0,0
STR-008470,TreatmentA,B01,100.45,1.86,0.1871,443,39.54,0.4098,0.4086,23.43,37.99,3,5.03,1,0
STR-008471,Control,B03,97.17,1.68,0.221,210,76.74,0.8169,0.5698,31.18,22.18,1,7.92,0,1
STR-008472,TreatmentA,B01,87.21,1.59,0.2124,186,75.55,0.399,0.2942,40.94,18.81,3,6.29,0,0
STR-008473,TreatmentB,B02,100.11,1.69,0.1862,356,23.56,0.2339,0.3016,46.46,20.93,1,7.05,1,1
STR-008474,TreatmentA,B02,78.87,2.69,0.2122,431,78.92,0.7077,0.3102,32.51,21.15,0,8.53,0,0
STR-008475,TreatmentB,B01,85.76,1.53,0.2762,162,41.36,0.1771,0.3298,29.23,20.43,1,7.78,1,1
STR-008476,TreatmentA,B01,90.85,1.02,0.2563,835,46.21,0.5734,0.1383,92.06,21.28,3,8.27,0,0
STR-008477,TreatmentB,B03,119.31,1.87,0.2592,131,48.8,0.396,0.1586,19.94,26.52,4,7.31,0,1
STR-008478,TreatmentB,B01,107.54,2.18,0.2181,266,37.18,0.2542,0.3936,43.1,16.76,1,5.9,1,0
STR-008479,Control,B02,90.3,2.9,0.2639,457,26.25,0.3631,0.2209,25.04,20.67,1,10.14,0,0
STR-008480,TreatmentA,B03,95.56,2.78,0.2457,548,38.44,0.4842,0.2228,36.94,21.32,3,8.91,0,0
STR-008481,TreatmentB,B03,89.64,1.03,0.1892,151,35.72,0.3861,0.3624,22.89,20.54,1,5.82,1,0
STR-008482,Control,B01,76.98,3.07,0.2345,405,65.74,0.3286,0.3494,78.43,30.21,2,9.01,0,0
STR-008483,Control,B03,87.56,2.53,0.2526,469,48.25,0.4244,0.3945,52.35,28.55,2,10.79,0,0
STR-008484,TreatmentA,B01,89.99,2.21,0.2271,164,46.28,0.0974,0.4215,32.18,19.74,2,6.48,1,0
STR-008485,TreatmentB,B03,90.75,1.75,0.2869,218,22.7,0.4461,0.4406,34.88,18.6,2,7.66,1,1
STR-008486,Control,B03,91.91,2.08,0.1775,352,27.39,0.1728,0.1956,43.27,31.64,3,5.37,1,1
STR-008487,TreatmentA,B01,78.22,1.04,0.2686,162,17.12,0.5258,0.3958,23.02,29.31,3,6.05,1,1
STR-008488,Control,B01,98.45,3.58,0.2487,1270,28.58,0.3894,0.4929,52.49,22.48,0,5.28,0,0
STR-008489,Control,B01,89.4,2.82,0.2108,175,17.11,0.5001,0.3099,33.31,33.55,2,6.81,0,1
STR-008490,Control,B03,98.7,2.61,0.2166,149,32.54,0.3162,0.0731,44.37,23.36,5,6.5,0,1
STR-008491,Control,B01,77.89,2.06,0.2163,439,45.51,0.3015,0.1414,25.48,30.24,6,6.2,1,1
STR-008492,Control,B01,92.16,2.88,0.188,373,22.0,0.2523,0.1574,42.25,26.36,3,4.49,0,1
STR-008493,Control,B02,105.09,1.34,0.2029,265,78.38,0.4938,0.4917,49.36,19.16,1,8.57,0,1
STR-008494,Control,B01,101.58,3.14,0.2519,557,12.45,0.6575,0.2631,34.92,23.06,3,6.53,0,0
STR-008495,Control,B02,116.88,2.78,0.207,353,94.63,0.6641,0.432,26.51,25.19,2,7.8,1,1
STR-008496,TreatmentB,B02,85.33,1.35,0.2604,243,11.49,0.5097,0.2253,22.75,24.71,4,8.98,1,0
STR-008497,Control,B02,110.58,2.4,0.2169,407,49.96,0.7315,0.3646,58.36,29.5,1,5.3,0,1
STR-008498,Control,B01,102.21,2.63,0.1631,171,41.08,0.2151,0.1755,41.09,34.67,4,7.28,1,1
STR-008499,Control,B02,66.47,1.56,0.277,336,57.14,0.5191,0.4885,39.55,23.99,1,6.52,1,1
STR-008500,Control,B01,126.7,2.44,0.236,261,35.87,0.5034,0.4329,58.75,13.72,4,9.46,0,0
STR-008501,Control,B03,85.43,1.2,0.2354,421,28.98,0.5322,0.3108,51.42,20.35,1,3.86,0,0
STR-008502,TreatmentA,B01,96.59,1.24,0.2166,208,33.67,0.181,0.1028,26.64,23.55,5,7.64,1,1
STR-008503,TreatmentA,B01,97.56,2.26,0.2733,463,24.55,0.2696,0.1486,58.34,23.11,1,9.28,0,1
STR-008504,TreatmentB,B01,113.95,1.87,0.2411,304,21.13,0.2163,0.2865,11.65,33.58,5,7.66,1,1
STR-008505,TreatmentB,B02,97.71,2.32,0.1901,194,137.57,0.5874,0.1986,19.13,43.11,4,8.15,1,0
STR-008506,TreatmentA,B01,81.21,2.3,0.2332,325,12.71,0.6203,0.305,39.28,32.6,2,8.19,1,1
STR-008507,TreatmentA,B01,114.35,1.62,0.2487,371,22.77,0.3935,0.4048,29.26,27.48,1,8.31,1,1
STR-008508,TreatmentA,B02,114.65,1.51,0.2154,568,18.56,0.2982,0.2366,27.99,18.65,3,8.5,1,0
STR-008509,Control,B02,87.21,2.69,0.2458,263,37.36,0.5626,0.1987,40.54,28.11,2,10.82,0,0
STR-008510,Control,B01,86.29,1.55,0.1914,513,26.78,0.2194,0.2563,49.77,29.92,4,8.56,1,0
STR-008511,TreatmentA,B02,87.71,2.68,0.2534,168,27.63,0.4395,0.4382,16.82,24.27,1,5.69,1,1
STR-008512,TreatmentA,B01,114.65,1.52,0.2822,376,116.69,0.5216,0.3475,47.9,21.52,1,9.24,0,0
STR-008513,TreatmentA,B03,103.33,1.72,0.2131,653,23.51,0.2879,0.2007,21.24,33.54,2,5.69,1,1
STR-008514,Control,B01,109.93,2.25,0.2824,101,29.49,0.1723,0.2178,92.26,28.21,2,6.56,0,1
STR-008515,Control,B03,89.21,3.1,0.2512,137,36.93,0.317,0.4186,35.84,29.93,0,8.78,0,0
STR-008516,Control,B01,111.11,1.49,0.2133,196,46.69,0.5544,0.41,35.66,32.73,3,7.24,1,1
STR-008517,TreatmentA,B03,97.22,1.77,0.2517,573,43.5,0.0825,0.1379,48.03,26.88,2,7.3,0,1
STR-008518,TreatmentB,B02,104.39,1.39,0.2694,180,73.02,0.4949,0.2325,22.75,27.04,4,7.93,1,0
STR-008519,Control,B02,94.36,3.43,0.288,286,31.67,0.5295,0.2455,37.5,21.41,6,4.62,0,0
STR-008520,TreatmentA,B02,90.87,1.3,0.2535,267,30.64,0.5136,0.1691,24.87,14.28,3,7.42,0,0
STR-008521,Control,B02,101.86,1.91,0.2579,141,39.27,0.4087,0.3856,31.6,33.04,3,7.59,1,0
STR-008522,TreatmentA,B02,127.12,1.32,0.2173,392,24.18,0.5165,0.3596,32.99,16.43,3,6.47,0,1
STR-008523,TreatmentB,B01,81.08,0.64,0.235,143,21.34,0.5051,0.2613,37.9,22.15,2,6.94,1,1
STR-008524,TreatmentB,B03,98.91,0.87,0.2684,130,86.09,0.3166,0.3843,8.93,28.62,4,5.31,1,0
STR-008525,TreatmentA,B03,87.55,3.46,0.2313,205,24.69,0.4145,0.559,30.41,18.67,3,3.73,0,0
STR-008526,Control,B03,116.89,2.36,0.2281,394,64.08,0.3183,0.3572,64.16,31.08,5,5.77,0,0
STR-008527,TreatmentB,B01,94.68,1.83,0.2203,199,85.99,0.6186,0.1697,128.0,18.59,2,5.68,0,0
STR-008528,TreatmentA,B01,97.41,3.69,0.2197,160,29.93,0.2942,0.3029,24.53,18.43,0,8.54,0,0
STR-008529,TreatmentA,B03,87.3,1.62,0.2383,300,39.91,0.1346,0.4427,12.79,25.4,1,7.13,1,0
STR-008530,TreatmentA,B03,92.39,2.95,0.198,232,18.5,0.6077,0.2594,24.15,30.49,1,4.93,1,0
STR-008531,TreatmentB,B01,101.89,1.54,0.1935,586,31.53,0.4214,0.2661,16.53,27.98,0,8.64,1,0
STR-008532,TreatmentA,B02,97.42,2.55,0.2449,565,10.48,0.487,0.3419,18.51,16.09,3,8.59,0,0
STR-008533,TreatmentB,B02,103.31,1.91,0.1798,1140,114.73,0.4014,0.1895,17.06,19.41,3,7.04,1,1
STR-008534,TreatmentB,B02,127.65,2.16,0.1974,707,43.67,0.2965,0.3051,12.41,28.67,0,8.82,1,0
STR-008535,Control,B02,130.96,1.78,0.2619,241,14.55,0.3987,0.438,27.68,30.08,2,4.87,0,0
STR-008536,TreatmentB,B02,103.84,4.18,0.1773,199,57.31,0.2119,0.6937,14.35,30.35,0,8.14,0,0
STR-008537,TreatmentB,B02,100.98,2.38,0.1699,238,19.16,0.2932,0.2323,14.39,34.22,7,8.79,1,0
STR-008538,Control,B01,119.76,3.21,0.309,63,28.32,0.3752,0.267,50.26,14.44,2,7.49,0,1
STR-008539,Control,B03,102.52,1.96,0.2334,303,21.48,0.3303,0.2343,44.76,21.43,3,7.4,1,1
STR-008540,Control,B03,79.22,2.07,0.1973,356,10.73,0.2823,0.2931,35.34,14.06,5,5.12,0,0
STR-008541,TreatmentB,B01,103.97,1.09,0.2201,708,20.23,0.5522,0.2366,75.55,28.73,1,7.23,0,1
STR-008542,Control,B02,79.25,2.03,0.2095,189,97.41,0.459,0.3819,35.06,27.4,2,5.07,0,0
STR-008543,TreatmentA,B03,100.1,1.53,0.2726,541,24.43,0.6948,0.2381,25.99,25.86,1,7.61,1,1
STR-008544,TreatmentA,B01,91.57,1.48,0.2313,235,39.66,0.4018,0.2306,48.75,25.78,2,5.58,1,1
STR-008545,Control,B02,92.13,2.31,0.2084,332,69.94,0.4236,0.2306,52.26,20.24,6,4.67,0,0
STR-008546,TreatmentB,B02,98.22,1.16,0.2192,281,61.78,0.3878,0.6498,26.52,16.67,2,5.11,1,0
STR-008547,Control,B02,131.03,2.18,0.2447,217,44.58,0.4613,0.353,29.98,24.47,1,5.63,0,1
STR-008548,TreatmentB,B01,113.65,2.24,0.3057,782,20.32,0.6412,0.3859,8.18,21.0,2,8.0,0,1
STR-008549,Control,B03,101.37,2.35,0.2239,75,37.14,0.4239,0.3223,31.66,15.17,1,9.79,0,0
STR-008550,TreatmentB,B01,82.42,2.24,0.1697,273,8.21,0.4676,0.2749,20.99,21.79,3,9.1,0,0
STR-008551,TreatmentA,B03,116.95,1.74,0.2666,265,72.78,0.2174,0.3112,21.85,24.64,5,8.34,1,1
STR-008552,Control,B01,107.17,2.09,0.1872,525,5.05,0.4471,0.1893,52.75,15.05,1,6.28,1,0
STR-008553,TreatmentB,B03,94.02,1.97,0.2298,307,27.5,0.2447,0.2705,32.04,23.83,3,11.3,1,0
STR-008554,Control,B01,102.46,2.47,0.2192,226,86.53,0.3489,0.1623,42.78,22.65,1,8.37,0,1
STR-008555,TreatmentA,B03,85.72,2.52,0.277,186,22.1,0.5942,0.3327,41.34,27.8,3,6.5,0,1
STR-008556,Control,B01,118.21,2.04,0.2046,207,22.14,0.2874,0.4128,38.17,10.68,2,7.88,1,0
STR-008557,TreatmentA,B01,94.18,2.26,0.1957,404,42.63,0.4942,0.2527,21.29,30.74,1,5.27,1,0
STR-008558,TreatmentA,B02,91.35,2.06,0.1875,608,93.46,0.1144,0.4166,50.9,24.76,1,5.74,1,0
STR-008559,TreatmentB,B01,94.24,1.34,0.2105,194,58.66,0.3622,0.1554,30.22,20.33,2,7.11,1,1
STR-008560,TreatmentA,B03,100.99,1.47,0.2448,146,37.82,0.3814,0.3681,24.42,36.6,2,5.81,1,0
STR-008561,TreatmentB,B02,101.82,1.11,0.2181,116,27.92,0.6028,0.3015,33.91,37.46,2,6.01,1,0
STR-008562,TreatmentA,B03,104.49,2.49,0.2862,164,12.93,0.5342,0.4174,26.02,28.37,7,6.83,0,1
STR-008563,TreatmentB,B02,107.82,1.11,0.278,242,24.82,0.5083,0.1874,27.21,29.8,3,4.24,1,0
STR-008564,TreatmentB,B01,84.22,1.69,0.2975,312,24.19,0.4104,0.1547,8.58,22.68,1,4.07,1,0
STR-008565,TreatmentA,B01,88.58,1.91,0.1861,995,16.26,0.502,0.2705,18.26,31.79,4,7.4,1,1
STR-008566,Control,B02,100.98,2.3,0.1966,633,40.08,0.3306,0.2233,43.12,15.97,4,7.14,1,1
STR-008567,TreatmentA,B03,94.36,1.82,0.2298,253,13.29,0.1591,0.3153,18.24,23.86,3,7.78,1,0
STR-008568,TreatmentA,B03,96.55,3.08,0.166,303,9.31,0.3172,0.1108,31.88,22.35,1,6.41,0,1
STR-008569,Control,B01,115.55,4.19,0.2327,120,32.89,0.7497,0.2504,44.27,16.37,2,8.63,0,0
STR-008570,TreatmentB,B03,107.41,1.49,0.2103,440,9.38,0.4889,0.3896,33.29,27.46,5,7.81,0,1
STR-008571,Control,B01,98.58,2.33,0.2236,537,50.94,0.5418,0.2393,35.66,20.24,3,8.81,1,0
STR-008572,TreatmentA,B02,96.78,1.91,0.2216,1029,11.56,0.4451,0.3452,46.6,20.73,5,6.98,0,1
STR-008573,TreatmentA,B03,104.16,1.6,0.2073,200,124.67,0.4431,0.1079,52.34,18.41,2,8.6,0,0
STR-008574,Control,B03,107.55,2.38,0.2753,295,43.25,0.3666,0.347,28.59,26.01,2,6.52,0,0
STR-008575,Control,B03,78.27,2.86,0.2571,175,58.28,0.4237,0.3381,34.51,25.31,3,8.75,1,0
STR-008576,Control,B01,73.89,2.85,0.2164,314,29.34,0.2198,0.1201,42.73,18.65,2,8.25,0,1
STR-008577,TreatmentB,B03,104.0,2.72,0.1948,258,79.46,0.2274,0.233,15.31,25.25,3,5.51,1,1
STR-008578,TreatmentB,B01,75.97,2.56,0.257,364,53.99,0.7604,0.1884,25.56,14.84,2,7.52,0,0
STR-008579,TreatmentB,B02,102.29,2.05,0.2231,183,25.64,0.3965,0.1316,38.33,20.85,4,6.55,0,1
STR-008580,TreatmentA,B03,72.96,1.2,0.2584,208,35.11,0.4132,0.1162,22.82,27.38,0,9.19,1,0
STR-008581,TreatmentB,B03,106.98,2.01,0.2166,155,30.82,0.4045,0.2263,77.99,29.79,5,8.71,0,0
STR-008582,TreatmentB,B01,110.79,1.52,0.2005,230,75.94,0.41,0.3991,5.91,23.0,2,6.57,1,0
STR-008583,Control,B01,91.8,2.03,0.2147,767,86.52,0.4491,0.401,47.62,31.44,4,5.76,0,1
STR-008584,Control,B01,100.57,2.2,0.2327,245,153.93,0.4295,0.12,49.22,15.43,2,6.0,0,1
STR-008585,Control,B03,123.33,3.06,0.1959,169,55.87,0.3054,0.247,37.42,14.3,3,8.74,0,0
STR-008586,TreatmentA,B01,126.75,1.46,0.2104,198,76.89,0.5387,0.3577,54.4,26.83,1,5.97,1,1
STR-008587,TreatmentB,B02,124.24,2.2,0.2267,273,31.74,0.2946,0.3576,25.15,15.66,3,6.1,0,1
STR-008588,TreatmentB,B03,120.01,1.31,0.2345,163,28.05,0.3168,0.3135,11.95,21.7,3,5.46,1,0
STR-008589,TreatmentB,B03,98.54,0.86,0.2001,645,59.18,0.29,0.1219,9.33,32.88,3,8.66,1,1
STR-008590,Control,B03,108.19,2.86,0.3006,611,26.36,0.4718,0.2561,29.21,25.67,2,5.4,0,0
STR-008591,TreatmentB,B03,113.0,1.56,0.2475,362,24.88,0.4668,0.2731,33.77,33.66,6,8.57,1,1
STR-008592,TreatmentB,B01,101.26,1.15,0.217,389,39.23,0.2723,0.1622,58.21,25.29,0,4.98,1,1
STR-008593,TreatmentA,B03,121.71,1.6,0.1995,676,34.1,0.4244,0.3292,26.7,25.4,3,5.5,0,1
STR-008594,TreatmentB,B02,76.44,2.04,0.1874,238,33.04,0.3947,0.3197,30.2,40.41,5,7.66,1,1
STR-008595,Control,B01,109.64,1.91,0.2461,102,36.28,0.3547,0.3417,33.71,20.59,3,7.4,1,1
STR-008596,Control,B02,104.56,3.46,0.2041,440,127.59,0.4376,0.1946,29.18,26.06,2,7.64,1,0
STR-008597,TreatmentA,B01,94.65,1.5,0.1578,497,33.4,0.4616,0.2519,36.32,19.97,1,7.09,1,0
STR-008598,Control,B02,88.05,2.55,0.2527,358,23.46,0.4419,0.3488,37.02,11.25,2,6.06,0,1
STR-008599,TreatmentA,B01,113.4,1.94,0.2361,255,65.69,0.2244,0.2173,48.36,31.44,2,6.81,0,1
STR-008600,TreatmentA,B02,73.27,2.12,0.2113,1168,12.65,0.5708,0.3103,14.08,28.77,4,6.35,1,1
STR-008601,TreatmentA,B03,115.62,1.64,0.2253,607,44.66,0.3132,0.2894,67.0,34.31,3,4.85,1,0
STR-008602,Control,B01,84.68,4.03,0.2246,318,58.83,0.4636,0.1804,35.88,23.91,0,8.51,0,0
STR-008603,Control,B02,107.12,1.94,0.176,64,19.67,0.5435,0.3363,46.01,25.39,0,8.99,1,0
STR-008604,TreatmentB,B03,106.0,1.6,0.2201,548,75.65,0.4616,0.4798,6.27,19.24,2,5.03,1,1
STR-008605,Control,B01,95.98,1.92,0.2124,194,40.69,0.4031,0.4308,19.73,31.83,2,6.65,1,1
STR-008606,Control,B01,97.95,2.09,0.2205,229,15.2,0.2496,0.4234,43.35,27.7,1,7.14,1,0
STR-008607,Control,B01,108.89,2.04,0.2407,195,76.1,0.4056,0.2339,29.52,26.28,5,7.33,1,1
STR-008608,TreatmentB,B03,77.95,1.85,0.2156,855,10.15,0.5693,0.2724,7.86,37.24,1,7.81,1,1
STR-008609,TreatmentB,B02,98.98,1.48,0.2155,1934,14.48,0.43,0.3259,38.02,23.51,2,4.78,0,0
STR-008610,Control,B03,113.89,2.37,0.2664,317,6.68,0.479,0.1776,87.06,16.35,1,7.02,0,1
STR-008611,Control,B03,100.53,2.44,0.2645,399,15.87,0.4739,0.3463,49.26,28.66,2,5.26,0,0
STR-008612,TreatmentA,B01,105.15,1.55,0.1853,262,30.23,0.1037,0.3684,28.63,22.71,3,7.82,1,0
STR-008613,TreatmentB,B02,86.16,0.68,0.1988,381,29.27,0.5216,0.2391,15.6,34.94,5,4.51,1,0
STR-008614,TreatmentB,B02,115.1,1.65,0.2605,408,27.5,0.3742,0.0662,54.11,27.57,4,7.17,0,1
STR-008615,TreatmentA,B03,98.49,2.2,0.233,256,107.25,0.391,0.277,14.39,22.7,4,7.4,1,1
STR-008616,Control,B02,94.18,2.59,0.1778,93,39.13,0.4578,0.5083,24.36,17.03,1,7.11,1,1
STR-008617,TreatmentB,B02,109.84,1.46,0.2488,155,63.87,0.5529,0.2617,6.06,22.96,1,6.95,1,1
STR-008618,Control,B01,93.89,2.18,0.2175,466,18.06,0.42,0.2724,45.62,18.01,0,7.94,0,1
STR-008619,TreatmentA,B01,87.26,1.28,0.2113,238,19.8,0.3905,0.4013,36.77,31.16,4,5.66,1,0
STR-008620,TreatmentA,B01,113.88,1.85,0.2521,326,16.73,0.3827,0.1872,37.43,20.28,1,5.1,0,0
STR-008621,TreatmentB,B01,116.8,0.91,0.2459,296,45.8,0.359,0.3824,17.75,34.94,2,8.14,1,0
STR-008622,Control,B02,76.96,2.44,0.2321,209,39.41,0.556,0.2865,64.75,30.63,2,4.97,0,0
STR-008623,TreatmentA,B01,95.65,2.71,0.2506,500,54.59,0.3922,0.1082,45.58,32.06,2,7.7,0,1
STR-008624,TreatmentB,B03,90.53,1.26,0.2887,289,8.44,0.4751,0.2416,95.04,24.16,1,7.56,0,1
STR-008625,Control,B02,95.94,2.6,0.2208,326,13.25,0.3686,0.2647,59.0,32.43,1,7.66,0,1
STR-008626,Control,B01,106.66,1.72,0.211,761,6.46,0.3968,0.2837,37.01,27.97,1,7.64,1,1
STR-008627,TreatmentA,B02,112.41,2.08,0.2981,114,41.78,0.4358,0.1557,26.89,32.37,2,7.98,0,0
STR-008628,TreatmentA,B01,100.44,2.23,0.2873,551,57.43,0.3515,0.3247,53.16,16.87,0,6.04,0,0
STR-008629,Control,B03,102.38,2.21,0.2455,100,27.3,0.4223,0.4893,57.66,23.57,1,5.42,1,0
STR-008630,TreatmentB,B03,89.75,1.46,0.2109,282,48.24,0.4743,0.3026,16.11,27.83,1,8.0,1,0
STR-008631,Control,B02,99.04,2.32,0.2294,279,33.16,0.485,0.3508,40.4,26.33,3,4.27,1,0
STR-008632,TreatmentB,B02,50.01,2.37,0.1649,197,46.89,0.3279,0.3138,36.27,17.16,2,6.41,1,1
STR-008633,Control,B02,95.81,2.23,0.2185,286,85.02,0.5525,0.3065,47.53,36.03,1,8.48,0,0
STR-008634,Control,B03,125.49,1.68,0.2736,480,37.77,0.4892,0.2787,37.41,34.73,1,4.89,0,1
STR-008635,TreatmentB,B03,106.16,1.91,0.2032,379,12.39,0.1376,0.47,18.82,26.63,1,4.82,1,0
STR-008636,TreatmentB,B01,84.51,2.87,0.1737,122,55.77,0.3142,0.1265,15.53,23.14,2,6.37,0,1
STR-008637,TreatmentA,B01,122.21,1.21,0.2037,457,21.58,0.5136,0.097,32.55,26.35,1,5.07,1,0
STR-008638,Control,B03,118.45,2.15,0.294,516,71.63,0.6654,0.4749,52.99,34.28,3,5.18,1,1
STR-008639,Control,B01,99.42,1.73,0.2554,228,33.2,0.572,0.1795,32.57,23.46,1,5.77,1,0
STR-008640,TreatmentB,B01,126.48,0.73,0.1771,359,42.83,0.3106,0.1468,15.07,26.68,1,8.01,1,1
STR-008641,TreatmentA,B01,69.43,2.56,0.2155,240,14.7,0.4114,0.2405,26.11,32.35,3,7.35,0,1
STR-008642,TreatmentB,B02,100.41,2.1,0.2493,173,29.74,0.3608,0.3353,9.9,25.37,2,5.7,1,0
STR-008643,TreatmentB,B01,82.63,1.13,0.2119,580,133.38,0.3143,0.416,16.82,22.15,5,7.23,1,1
STR-008644,TreatmentA,B02,107.7,1.95,0.2296,290,18.93,0.3221,0.26,26.53,24.34,4,4.82,1,0
STR-008645,TreatmentA,B01,98.32,2.85,0.2255,305,62.8,0.2485,0.2839,28.12,22.07,1,8.07,0,0
STR-008646,Control,B03,96.86,1.58,0.175,469,32.03,0.1871,0.3665,48.78,19.79,3,6.95,1,0
STR-008647,TreatmentA,B02,76.43,2.39,0.2072,165,119.1,0.4269,0.4596,75.89,28.75,2,6.95,0,1
STR-008648,TreatmentB,B03,92.89,1.02,0.2391,500,43.66,0.5977,0.2256,24.08,30.0,3,3.69,1,0
STR-008649,TreatmentA,B03,95.23,2.44,0.2107,346,51.28,0.3001,0.4627,28.14,26.01,3,6.57,1,0
STR-008650,Control,B03,89.46,2.89,0.188,243,48.72,0.3251,0.2838,25.14,29.44,1,8.33,1,0
STR-008651,Control,B02,121.12,2.5,0.1812,274,47.87,0.4559,0.1797,49.74,26.99,3,7.52,0,1
STR-008652,TreatmentB,B02,66.18,0.99,0.2278,220,25.77,0.325,0.3988,11.49,28.49,1,7.15,1,1
STR-008653,TreatmentA,B01,106.74,1.63,0.2033,120,11.33,0.3991,0.1333,29.14,17.82,6,4.92,1,0
STR-008654,TreatmentA,B02,106.01,2.18,0.2174,175,33.23,0.6802,0.3317,35.69,33.51,2,6.19,0,1
STR-008655,TreatmentB,B03,77.54,2.78,0.2349,892,30.06,0.5667,0.3055,12.11,35.08,3,6.54,0,0
STR-008656,TreatmentB,B02,119.81,0.81,0.2509,280,11.88,0.2522,0.2921,29.45,23.8,4,8.41,0,1
STR-008657,Control,B02,123.55,3.08,0.225,412,28.31,0.2726,0.4234,71.95,19.45,1,6.0,0,0
STR-008658,Control,B03,95.32,2.99,0.2365,161,20.14,0.4246,0.257,74.25,28.11,0,7.7,0,0
STR-008659,Control,B03,76.18,2.4,0.2752,460,66.74,0.1425,0.2596,77.4,26.42,0,8.99,0,0
STR-008660,Control,B03,93.75,3.97,0.2317,188,19.94,0.3497,0.057,50.96,21.75,5,5.26,0,1
STR-008661,Control,B03,111.64,2.1,0.2549,121,97.52,0.3383,0.2929,76.98,25.32,2,4.57,0,0
STR-008662,TreatmentA,B01,100.13,1.41,0.241,386,30.05,0.5629,0.2596,36.26,19.78,1,9.11,1,0
STR-008663,TreatmentB,B02,111.12,1.22,0.2499,150,24.62,0.4414,0.5412,60.6,24.5,3,7.69,1,1
STR-008664,TreatmentB,B01,116.9,1.16,0.2506,160,31.8,0.4291,0.3766,49.57,27.75,1,6.28,1,1
STR-008665,TreatmentB,B03,83.7,1.68,0.2575,418,51.59,0.3273,0.4885,24.61,19.05,0,7.76,1,0
STR-008666,TreatmentB,B02,84.88,2.15,0.2463,330,33.04,0.3076,0.1835,41.58,31.11,1,7.11,0,1
STR-008667,Control,B03,90.81,2.14,0.2222,236,42.24,0.3198,0.1423,36.47,12.99,1,8.34,0,1
STR-008668,Control,B03,108.87,2.73,0.2396,234,32.62,0.4406,0.3639,46.75,21.09,2,8.26,0,1
STR-008669,TreatmentB,B03,101.77,0.95,0.305,108,69.68,0.3937,0.1854,50.86,30.65,8,7.71,1,1
STR-008670,Control,B03,97.28,3.9,0.2923,129,31.36,0.4036,0.5623,60.02,24.98,4,7.29,0,0
STR-008671,TreatmentB,B03,83.75,1.16,0.2293,357,67.41,0.4217,0.1467,21.9,28.53,0,7.27,1,1
STR-008672,TreatmentA,B01,95.37,2.61,0.2349,769,103.25,0.3886,0.2742,17.35,27.11,2,4.53,1,0
STR-008673,TreatmentA,B02,87.37,1.74,0.2623,294,57.97,0.3166,0.5289,19.9,31.77,6,7.76,1,0
STR-008674,TreatmentA,B02,109.02,1.08,0.2204,202,54.07,0.3977,0.202,32.38,22.88,3,6.38,1,1
STR-008675,TreatmentA,B01,102.03,1.65,0.2225,323,79.06,0.3766,0.2067,45.77,24.32,3,8.21,0,0
STR-008676,TreatmentA,B01,91.68,2.56,0.1787,469,20.03,0.4961,0.4261,36.69,23.53,3,8.71,1,0
STR-008677,TreatmentA,B03,99.36,2.47,0.2478,397,7.92,0.1249,0.4912,31.84,30.01,4,5.95,0,0
STR-008678,TreatmentB,B02,104.68,1.82,0.2598,68,40.31,0.6699,0.1573,45.4,20.31,3,6.21,0,0
STR-008679,TreatmentA,B01,109.26,2.75,0.2579,410,26.05,0.5902,0.348,32.99,16.47,3,3.79,0,0
STR-008680,TreatmentB,B02,114.4,1.55,0.3034,217,16.87,0.3972,0.3311,17.42,24.6,3,6.96,0,1
STR-008681,Control,B01,121.16,1.74,0.1669,151,28.27,0.1752,0.0592,38.57,25.6,4,6.69,1,1
STR-008682,TreatmentB,B03,106.08,1.46,0.2061,118,22.48,0.3233,0.2816,10.57,25.42,5,7.31,1,1
STR-008683,TreatmentB,B02,93.78,1.4,0.2516,118,11.86,0.396,0.4463,17.66,29.84,3,5.88,1,0
STR-008684,TreatmentB,B03,100.75,4.08,0.2501,105,49.95,0.3922,0.1635,9.71,16.1,2,6.67,0,1
STR-008685,Control,B01,108.39,2.77,0.237,245,85.0,0.6275,0.1937,63.09,21.75,1,7.98,1,0
STR-008686,TreatmentB,B01,103.63,0.93,0.2238,257,29.38,0.3887,0.1645,77.21,19.88,2,8.42,1,1
STR-008687,Control,B01,90.76,2.01,0.2234,131,20.3,0.2233,0.5087,34.26,26.04,1,6.59,1,0
STR-008688,Control,B01,123.57,3.14,0.2319,198,12.09,0.3289,0.3466,31.89,12.77,2,6.12,0,0
STR-008689,Control,B03,84.96,2.63,0.2599,255,40.31,0.5269,0.2348,38.4,29.71,3,6.73,0,0
STR-008690,TreatmentB,B03,102.75,0.87,0.2221,333,11.49,0.654,0.1724,35.17,30.88,2,5.16,1,0
STR-008691,TreatmentB,B02,131.87,2.95,0.283,309,75.93,0.533,0.3075,33.56,32.16,3,6.06,0,1
STR-008692,TreatmentA,B03,125.06,1.42,0.24,93,15.13,0.624,0.2988,20.89,24.24,4,7.68,1,1
STR-008693,TreatmentA,B03,81.18,2.38,0.2568,248,52.01,0.5732,0.25,30.41,30.26,1,6.91,1,0
STR-008694,TreatmentB,B03,81.44,1.83,0.253,489,23.18,0.3744,0.2992,9.95,18.45,4,7.39,1,1
STR-008695,Control,B03,89.84,2.76,0.2441,273,51.44,0.1831,0.179,56.81,18.08,1,4.87,0,1
STR-008696,TreatmentB,B01,106.55,1.14,0.2695,868,59.74,0.2853,0.465,81.11,28.43,5,6.93,0,1
STR-008697,TreatmentA,B02,106.86,2.46,0.2186,270,31.4,0.5239,0.3338,32.67,33.88,1,6.49,1,1
STR-008698,Control,B01,112.84,2.84,0.2098,481,33.53,0.3553,0.3001,46.08,21.45,3,5.37,1,1
STR-008699,TreatmentA,B03,99.69,2.72,0.2268,456,52.8,0.506,0.293,25.34,22.66,2,6.08,0,0
STR-008700,Control,B02,104.29,2.77,0.2359,197,38.5,0.3496,0.269,90.15,36.95,7,6.07,0,1
STR-008701,TreatmentA,B01,87.15,1.69,0.1588,725,96.41,0.2203,0.5031,25.6,15.82,1,8.99,1,0
STR-008702,TreatmentA,B03,83.87,1.8,0.3162,210,9.45,0.5252,0.2868,14.06,29.21,1,6.59,0,1
STR-008703,TreatmentB,B01,69.14,1.99,0.1821,886,11.52,0.5435,0.1773,19.39,25.29,4,8.97,1,0
STR-008704,TreatmentB,B03,122.16,1.59,0.1975,141,50.28,0.4096,0.1859,20.89,33.69,3,7.67,1,0
STR-008705,Control,B03,108.82,1.7,0.2317,127,57.66,0.5263,0.2658,79.24,27.7,0,7.09,0,1
STR-008706,TreatmentA,B01,102.42,2.52,0.1969,94,33.65,0.663,0.3988,46.7,28.54,3,5.48,1,1
STR-008707,TreatmentA,B02,106.59,2.0,0.2068,508,18.5,0.3446,0.4582,32.86,30.28,4,6.01,1,0
STR-008708,TreatmentA,B01,100.25,2.95,0.2301,156,23.8,0.361,0.1824,45.16,15.52,2,5.79,0,1
STR-008709,TreatmentA,B01,100.42,1.32,0.2271,180,81.13,0.3211,0.341,34.16,24.75,3,6.67,0,0
STR-008710,TreatmentA,B01,92.0,2.23,0.2346,165,23.44,0.6703,0.2352,29.57,22.33,5,5.31,0,0
STR-008711,Control,B01,112.46,2.37,0.162,584,16.97,0.3566,0.2514,28.22,30.17,3,6.13,1,1
STR-008712,TreatmentB,B01,98.69,2.24,0.1833,425,36.16,0.5597,0.5012,18.61,28.42,3,8.7,1,1
STR-008713,TreatmentB,B01,113.65,1.12,0.2495,383,18.6,0.2586,0.1107,26.28,22.84,1,4.26,1,1
STR-008714,TreatmentA,B02,103.93,3.77,0.2493,292,34.93,0.3372,0.4179,23.39,31.77,1,6.25,0,0
STR-008715,Control,B02,115.07,2.38,0.2119,661,62.8,0.3145,0.1101,37.45,27.01,1,5.19,0,1
STR-008716,TreatmentA,B01,107.64,1.26,0.2792,151,32.41,0.3939,0.1301,32.16,26.55,3,9.12,1,0
STR-008717,Control,B02,100.27,1.9,0.2229,188,73.61,0.4957,0.518,45.43,23.19,1,6.71,1,1
STR-008718,Control,B02,109.53,2.41,0.2286,667,37.77,0.2476,0.607,42.04,25.63,3,6.42,0,0
STR-008719,TreatmentB,B02,84.41,1.6,0.278,354,15.69,0.3562,0.2076,18.52,24.1,4,6.96,1,1
STR-008720,Control,B03,104.9,2.65,0.3203,208,34.68,0.412,0.3402,66.68,35.04,2,5.57,0,0
STR-008721,TreatmentA,B01,118.37,3.92,0.2386,157,43.34,0.4643,0.1802,21.65,24.37,1,6.54,0,1
STR-008722,TreatmentA,B01,81.35,1.19,0.2114,526,57.54,0.1814,0.203,21.0,24.66,0,6.98,1,1
STR-008723,TreatmentB,B01,91.73,1.76,0.1872,339,39.11,0.6676,0.3244,29.72,32.73,2,7.58,1,1
STR-008724,TreatmentB,B02,100.82,2.06,0.2724,286,16.23,0.336,0.5178,40.84,25.96,3,6.44,0,1
STR-008725,TreatmentB,B03,104.08,1.54,0.2781,306,48.85,0.3161,0.3373,34.3,23.92,3,6.84,0,0
STR-008726,TreatmentB,B02,107.18,0.7,0.2362,57,37.56,0.4364,0.3165,12.44,35.01,2,5.76,1,0
STR-008727,TreatmentB,B01,84.84,1.34,0.2478,148,28.01,0.5743,0.1909,14.02,30.12,2,5.64,1,0
STR-008728,TreatmentB,B01,114.82,1.56,0.189,74,95.46,0.2207,0.2319,43.22,32.62,2,5.64,1,1
STR-008729,TreatmentB,B03,103.49,0.47,0.2071,138,11.31,0.4132,0.4448,15.72,22.98,4,6.36,1,0
STR-008730,TreatmentB,B01,102.6,1.3,0.1988,300,77.21,0.3555,0.3204,10.38,34.3,3,8.44,1,1
STR-008731,TreatmentA,B02,99.8,1.98,0.2068,260,54.83,0.3866,0.0827,57.31,16.08,2,7.21,1,1
STR-008732,Control,B01,102.24,1.96,0.186,100,149.83,0.3731,0.4515,33.46,11.26,1,8.61,1,0
STR-008733,TreatmentB,B02,101.07,0.99,0.2223,81,80.5,0.4967,0.2282,5.6,19.77,5,7.35,1,0
STR-008734,TreatmentA,B02,109.39,1.96,0.2683,151,48.56,0.347,0.4586,47.32,19.98,1,5.9,0,1
STR-008735,Control,B02,127.62,2.48,0.1984,273,24.76,0.1826,0.1778,29.42,25.0,2,8.64,0,1
STR-008736,Control,B01,88.58,1.58,0.2879,390,31.48,0.1788,0.3327,33.4,25.86,3,3.59,1,0
STR-008737,TreatmentB,B03,111.25,2.38,0.2066,421,44.44,0.4692,0.4806,16.45,27.26,1,5.87,1,0
STR-008738,TreatmentA,B02,101.05,3.11,0.1999,304,95.28,0.3611,0.333,22.58,20.82,3,7.06,1,1
STR-008739,TreatmentA,B02,103.89,2.66,0.2493,321,39.58,0.3044,0.3137,32.83,24.18,3,7.4,0,1
STR-008740,Control,B02,85.79,1.98,0.1278,206,44.08,0.4381,0.4132,50.7,17.22,4,9.73,1,0
STR-008741,TreatmentA,B01,94.68,1.95,0.2695,125,60.48,0.7163,0.262,23.1,26.45,5,7.17,0,1
STR-008742,TreatmentA,B02,101.22,2.15,0.237,286,32.47,0.6819,0.0818,23.19,28.7,1,8.39,0,0
STR-008743,Control,B03,78.28,3.31,0.2605,153,45.92,0.4246,0.1672,64.9,27.71,2,5.26,0,0
STR-008744,TreatmentB,B01,129.16,1.5,0.2323,316,52.06,0.3462,0.2414,21.89,19.1,2,4.87,1,0
STR-008745,Control,B03,103.51,2.71,0.2722,171,53.69,0.2997,0.2508,33.33,32.27,3,7.71,1,1
STR-008746,Control,B03,104.2,2.08,0.2089,688,38.37,0.4708,0.2231,30.01,26.48,3,4.35,1,0
STR-008747,TreatmentA,B02,74.59,1.24,0.2032,168,14.89,0.4319,0.2059,34.33,8.71,2,7.5,1,1
STR-008748,TreatmentA,B03,75.92,1.95,0.2065,468,16.44,0.3951,0.1515,14.35,21.3,1,7.95,1,0
STR-008749,Control,B01,91.35,2.29,0.2575,401,42.28,0.4943,0.4604,22.59,13.43,0,6.2,1,1
STR-008750,TreatmentB,B01,104.62,1.01,0.2115,206,35.13,0.2768,0.2154,44.85,31.77,0,7.02,0,1
STR-008751,TreatmentA,B02,115.1,2.57,0.1653,1128,22.36,0.5731,0.1568,47.64,27.78,4,10.22,0,0
STR-008752,Control,B03,94.26,2.13,0.1976,255,23.26,0.4272,0.2419,27.42,20.19,4,9.8,0,0
STR-008753,Control,B02,76.44,2.98,0.2397,135,47.96,0.5715,0.624,39.84,37.63,3,5.57,0,1
STR-008754,TreatmentA,B01,104.06,1.39,0.2224,331,59.79,0.3345,0.2873,35.96,25.68,4,6.88,0,1
STR-008755,TreatmentB,B03,93.98,0.5,0.2503,190,49.08,0.249,0.2243,10.53,24.73,2,7.88,1,1
STR-008756,TreatmentB,B03,81.27,1.0,0.2209,154,25.59,0.3248,0.4212,15.56,13.51,3,7.35,1,0
STR-008757,TreatmentA,B03,86.76,2.91,0.1907,514,26.75,0.4037,0.1272,33.49,27.1,6,5.6,0,0
STR-008758,Control,B01,103.85,1.91,0.2449,214,31.54,0.4436,0.3459,78.15,29.77,2,6.53,0,1
STR-008759,Control,B03,110.49,2.1,0.1824,349,37.34,0.4723,0.5408,44.09,22.61,3,6.76,1,1
STR-008760,TreatmentA,B03,111.39,1.4,0.201,535,36.19,0.2797,0.3463,45.22,20.79,2,7.89,1,0
STR-008761,TreatmentB,B03,101.44,1.61,0.2776,526,28.18,0.2291,0.3634,47.86,23.9,3,8.01,0,0
STR-008762,Control,B02,123.81,3.74,0.2466,329,7.86,0.7349,0.3379,32.46,31.67,7,6.38,0,1
STR-008763,TreatmentB,B03,79.89,0.82,0.1861,319,66.29,0.6152,0.3177,5.44,13.39,1,6.86,1,1
STR-008764,TreatmentB,B01,106.09,1.42,0.2081,171,27.3,0.2916,0.3181,50.53,33.71,1,7.74,1,1
STR-008765,Control,B03,112.84,4.43,0.2225,173,24.84,0.2999,0.1646,45.28,14.87,1,6.91,0,1
STR-008766,Control,B03,89.86,1.89,0.2511,474,13.77,0.4556,0.2721,34.53,24.41,7,5.34,0,0
STR-008767,Control,B03,86.05,3.86,0.2287,165,51.66,0.3899,0.2997,33.06,24.2,1,5.79,0,0
STR-008768,TreatmentA,B02,95.49,1.53,0.1808,192,43.8,0.5347,0.0957,31.53,32.22,2,6.91,1,0
STR-008769,Control,B01,114.83,1.73,0.1946,205,32.59,0.3519,0.2182,48.6,19.69,1,6.37,0,1
STR-008770,Control,B02,80.31,2.8,0.2109,383,16.91,0.4392,0.2502,43.59,28.4,0,8.07,1,1
STR-008771,TreatmentA,B02,91.19,0.91,0.2458,163,37.2,0.6157,0.2466,36.92,26.89,2,6.78,1,0
STR-008772,Control,B02,116.06,2.49,0.2517,134,44.48,0.4539,0.5144,43.58,20.24,1,8.26,0,1
STR-008773,TreatmentA,B03,84.93,2.72,0.2253,468,57.79,0.4899,0.3646,31.07,17.19,1,5.36,0,0
STR-008774,TreatmentB,B03,92.49,1.39,0.2424,429,16.69,0.2381,0.5312,9.72,31.55,3,7.32,1,0
STR-008775,TreatmentB,B03,95.76,1.27,0.2583,695,27.62,0.6941,0.3453,33.12,37.37,3,7.53,0,1
STR-008776,TreatmentB,B01,71.15,1.12,0.2186,68,13.8,0.6363,0.1963,21.87,27.1,3,8.32,1,0
STR-008777,TreatmentA,B03,74.82,1.9,0.2032,193,48.45,0.226,0.363,35.32,23.78,0,8.25,1,1
STR-008778,TreatmentA,B03,100.85,2.36,0.288,174,63.0,0.3855,0.2021,37.28,22.17,2,6.85,0,1
STR-008779,TreatmentB,B02,96.51,1.62,0.3007,520,16.17,0.3906,0.3272,9.53,28.54,1,6.89,0,1
STR-008780,Control,B02,117.42,3.01,0.2477,260,72.35,0.6454,0.1284,45.6,17.38,2,4.98,0,0
STR-008781,TreatmentA,B01,105.04,1.9,0.2371,379,42.45,0.5287,0.409,27.34,22.38,1,8.24,0,1
STR-008782,TreatmentA,B01,109.62,2.61,0.225,79,22.57,0.4039,0.483,43.35,20.52,4,7.48,0,1
STR-008783,TreatmentB,B03,98.79,0.65,0.1979,209,17.01,0.4357,0.3775,17.66,25.93,2,5.81,1,0
STR-008784,TreatmentB,B03,100.87,2.02,0.24,178,34.56,0.5041,0.2663,28.4,31.25,2,7.32,1,1
STR-008785,TreatmentB,B01,101.13,1.03,0.2368,273,40.66,0.461,0.239,62.37,25.8,2,7.78,1,1
STR-008786,Control,B01,103.17,1.68,0.2577,241,41.39,0.3337,0.2318,35.57,24.07,4,5.25,0,1
STR-008787,TreatmentA,B03,99.82,2.33,0.2791,317,38.91,0.4409,0.3902,32.68,23.36,3,6.36,0,1
STR-008788,TreatmentA,B03,106.12,2.06,0.2094,104,41.4,0.1667,0.3199,27.13,29.15,1,6.88,1,1
STR-008789,Control,B03,97.75,2.06,0.2484,144,149.58,0.4632,0.4722,45.9,31.35,4,5.18,0,0
STR-008790,TreatmentB,B03,89.68,2.1,0.2166,306,208.63,0.4881,0.3816,23.34,17.93,1,8.39,1,1
STR-008791,TreatmentA,B02,117.15,1.38,0.2207,297,62.54,0.4534,0.3037,97.29,19.38,1,6.39,0,1
STR-008792,TreatmentB,B03,101.49,1.52,0.251,310,21.23,0.4776,0.143,8.27,26.03,4,6.52,1,0
STR-008793,TreatmentA,B03,90.73,3.16,0.2301,233,49.46,0.2733,0.0565,36.81,10.01,4,5.28,1,1
STR-008794,Control,B01,99.6,2.69,0.2297,238,29.33,0.3294,0.0811,31.35,23.38,5,5.16,1,1
STR-008795,TreatmentB,B03,80.9,2.68,0.2426,416,20.63,0.5086,0.2981,40.16,17.57,3,7.81,0,1
STR-008796,TreatmentB,B02,92.71,1.32,0.2391,613,19.31,0.244,0.4937,45.75,11.4,5,5.96,0,0
STR-008797,TreatmentA,B02,110.97,1.9,0.2297,80,23.11,0.5064,0.4448,84.0,21.1,3,8.41,0,0
STR-008798,Control,B01,97.89,2.36,0.2234,584,63.56,0.5663,0.4267,32.39,15.73,0,6.45,1,1
STR-008799,TreatmentB,B03,101.63,1.55,0.2722,145,113.75,0.3297,0.2518,22.0,15.53,2,6.64,1,1
STR-008800,TreatmentB,B02,95.88,1.68,0.193,177,30.04,0.5492,0.2188,49.11,30.75,3,7.59,1,0
STR-008801,TreatmentB,B03,89.5,1.29,0.2012,412,35.84,0.3337,0.1493,27.67,23.51,2,7.42,1,1
STR-008802,TreatmentA,B01,99.58,1.75,0.2653,403,8.9,0.3219,0.3769,59.52,21.43,3,6.41,0,0
STR-008803,TreatmentA,B01,120.76,1.06,0.2843,209,40.61,0.2519,0.189,59.23,25.33,4,7.48,0,1
STR-008804,TreatmentA,B01,113.94,2.29,0.2368,196,109.0,0.3105,0.2312,41.04,20.97,1,7.24,0,1
STR-008805,Control,B01,75.8,2.44,0.2594,186,45.11,0.2864,0.2696,22.51,32.11,1,4.41,0,0
STR-008806,TreatmentA,B01,98.47,1.65,0.2044,336,29.74,0.5977,0.1354,36.3,16.91,7,4.71,1,0
STR-008807,Control,B01,86.21,2.42,0.1754,126,120.55,0.6063,0.2719,28.97,24.77,6,4.84,0,0
STR-008808,TreatmentA,B02,123.49,2.13,0.1864,498,23.98,0.4664,0.1206,28.59,25.46,1,4.81,1,0
STR-008809,TreatmentA,B01,124.6,2.69,0.2372,339,17.93,0.191,0.1688,31.11,16.59,5,7.02,0,1
STR-008810,TreatmentB,B01,111.52,1.78,0.1811,554,9.83,0.5162,0.2176,13.59,19.28,4,5.64,1,0
STR-008811,TreatmentB,B03,107.39,1.4,0.2852,362,88.38,0.6359,0.4,26.75,26.86,3,8.51,1,1
STR-008812,TreatmentA,B03,82.47,1.56,0.2449,255,60.86,0.4278,0.3475,33.05,29.11,2,6.51,0,1
STR-008813,TreatmentB,B01,86.6,3.46,0.2734,490,73.82,0.7576,0.4349,29.43,12.58,2,7.43,0,1
STR-008814,TreatmentA,B02,74.28,2.88,0.1904,281,29.79,0.5478,0.2129,58.95,33.38,1,8.6,1,0
STR-008815,Control,B03,65.13,1.72,0.3175,381,11.15,0.4267,0.4417,40.44,23.01,0,8.92,0,1
STR-008816,Control,B02,109.61,1.62,0.2412,259,54.98,0.3417,0.2853,29.82,19.4,4,4.59,0,0
STR-008817,Control,B01,119.37,2.27,0.2048,148,43.42,0.3404,0.5305,45.67,27.23,3,5.65,0,0
STR-008818,TreatmentA,B03,105.9,1.27,0.3247,46,12.39,0.6566,0.316,18.38,23.84,1,7.05,0,1
STR-008819,Control,B02,103.82,2.12,0.2273,408,41.25,0.3708,0.4085,58.73,23.12,1,6.65,0,0
STR-008820,TreatmentB,B03,101.11,1.02,0.2468,254,8.36,0.4075,0.4277,21.14,20.42,1,5.84,1,0
STR-008821,TreatmentB,B02,113.36,0.86,0.218,196,42.77,0.2841,0.3337,23.98,22.05,1,6.2,1,1
STR-008822,Control,B01,86.93,2.24,0.2021,306,20.35,0.3911,0.2256,36.48,20.05,5,7.56,1,1
STR-008823,TreatmentA,B01,91.2,1.9,0.1869,102,30.49,0.5823,0.1419,44.41,27.66,1,7.3,1,0
STR-008824,TreatmentA,B02,90.42,1.37,0.2332,492,45.41,0.45,0.3733,40.41,25.99,5,5.64,0,0
STR-008825,TreatmentB,B03,102.22,1.11,0.1915,285,57.8,0.4848,0.1248,55.02,32.24,2,4.26,0,0
STR-008826,TreatmentA,B02,96.56,2.62,0.2352,207,83.05,0.3276,0.0742,61.67,28.86,1,8.42,0,0
STR-008827,TreatmentA,B02,115.65,1.9,0.272,183,22.84,0.4636,0.36,34.56,15.67,3,9.02,0,0
STR-008828,TreatmentA,B01,104.95,1.19,0.2801,258,28.35,0.5596,0.2422,62.53,24.99,2,8.07,0,0
STR-008829,TreatmentB,B03,95.52,1.77,0.2026,122,17.2,0.3276,0.5196,30.1,15.49,3,6.5,1,1
STR-008830,TreatmentB,B01,107.94,1.79,0.2118,128,23.13,0.2675,0.086,40.74,22.57,3,6.68,1,1
STR-008831,TreatmentA,B01,72.92,2.69,0.2294,264,82.37,0.376,0.3439,19.46,32.82,1,6.42,0,1
STR-008832,TreatmentB,B02,131.69,1.84,0.2488,292,31.9,0.3709,0.4817,35.8,25.26,1,7.4,0,1
STR-008833,TreatmentA,B01,88.72,1.74,0.2472,363,30.36,0.2253,0.4957,28.37,16.76,2,5.72,1,0
STR-008834,TreatmentA,B01,120.52,1.58,0.2459,147,38.77,0.1888,0.4259,30.24,28.49,4,6.25,1,0
STR-008835,Control,B02,112.44,1.5,0.2113,234,13.78,0.3961,0.336,38.94,29.73,2,7.63,0,1
STR-008836,TreatmentA,B03,99.44,1.41,0.2548,205,88.72,0.5332,0.1333,43.21,26.35,0,6.05,1,0
STR-008837,TreatmentA,B03,83.92,1.44,0.2126,550,58.69,0.3797,0.3531,46.73,30.01,1,6.29,0,1
STR-008838,Control,B02,97.07,3.06,0.2207,295,58.72,0.3526,0.3382,45.63,14.64,3,7.02,0,1
STR-008839,Control,B02,111.33,2.51,0.2371,421,15.75,0.3354,0.3935,24.87,35.34,3,8.14,0,0
STR-008840,TreatmentB,B03,93.92,0.42,0.2666,756,33.48,0.3191,0.2828,30.18,34.4,5,6.55,1,1
STR-008841,TreatmentB,B02,117.77,0.61,0.2368,252,28.65,0.45,0.3527,21.89,21.37,1,8.09,1,1
STR-008842,Control,B01,92.52,2.93,0.2825,674,36.85,0.3037,0.1249,35.09,22.98,2,4.44,0,1
STR-008843,TreatmentB,B03,104.76,1.37,0.245,281,35.9,0.3674,0.2801,12.24,22.1,4,8.95,1,0
STR-008844,TreatmentA,B03,116.02,1.0,0.2344,561,48.99,0.4843,0.4496,33.8,21.93,2,10.7,1,0
STR-008845,Control,B01,128.44,2.03,0.225,170,24.5,0.6571,0.045,51.7,35.72,1,7.46,1,0
STR-008846,TreatmentB,B02,125.94,2.54,0.2505,501,54.32,0.559,0.6572,8.61,7.55,4,5.64,1,1
STR-008847,TreatmentB,B01,108.17,2.11,0.224,215,20.8,0.6757,0.3431,20.6,29.55,1,5.9,0,1
STR-008848,TreatmentB,B01,110.23,2.36,0.2485,369,39.64,0.5759,0.3327,7.45,36.63,0,4.34,0,0
STR-008849,TreatmentA,B01,109.7,1.91,0.2769,301,39.92,0.4875,0.4159,24.22,29.32,3,7.05,0,1
STR-008850,Control,B01,87.58,3.01,0.2433,276,52.08,0.541,0.2393,35.66,19.72,2,6.03,0,0
STR-008851,TreatmentB,B02,97.99,2.08,0.2396,837,48.24,0.4208,0.2019,11.82,41.95,3,7.7,0,1
STR-008852,TreatmentA,B01,98.97,1.23,0.1786,260,11.82,0.707,0.44,49.17,26.04,2,9.52,1,1
STR-008853,Control,B03,89.27,1.78,0.2569,318,28.5,0.5629,0.3124,52.73,26.01,3,7.64,1,0
STR-008854,TreatmentB,B02,121.91,0.74,0.2352,110,34.92,0.5441,0.1465,26.93,21.31,1,5.37,1,0
STR-008855,Control,B01,131.23,3.88,0.2219,156,38.35,0.6451,0.3995,41.31,30.59,1,4.07,0,0
STR-008856,Control,B02,84.22,2.6,0.2518,287,9.41,0.2038,0.4553,69.33,25.94,4,7.27,0,0
STR-008857,TreatmentB,B03,104.94,2.27,0.265,426,48.61,0.461,0.3225,29.87,23.03,2,3.93,0,0
STR-008858,Control,B01,99.91,2.66,0.2768,141,30.95,0.4479,0.1929,60.59,29.94,1,4.25,0,0
STR-008859,TreatmentB,B03,82.42,1.55,0.1956,724,53.59,0.3325,0.3569,26.28,26.75,2,6.25,0,0
STR-008860,TreatmentA,B01,102.06,1.4,0.2282,138,51.09,0.2757,0.2406,39.54,28.18,0,6.29,0,1
STR-008861,Control,B02,76.93,1.56,0.251,280,18.57,0.3466,0.3201,49.35,34.79,3,5.17,1,0
STR-008862,Control,B02,119.57,3.94,0.2023,335,32.87,0.309,0.0538,42.65,34.37,5,5.73,1,1
STR-008863,Control,B01,99.63,2.79,0.2992,180,21.8,0.4291,0.1741,38.58,22.76,3,6.62,0,1
STR-008864,TreatmentB,B01,91.48,1.66,0.2774,480,52.03,0.4333,0.3729,16.31,11.93,1,7.57,0,1
STR-008865,Control,B03,88.83,3.35,0.2334,414,33.42,0.5584,0.2952,68.68,27.98,4,6.13,0,1
STR-008866,Control,B01,105.04,2.49,0.1856,206,18.84,0.2584,0.1734,54.49,34.06,3,4.66,0,1
STR-008867,Control,B03,101.28,1.88,0.2695,611,48.7,0.6251,0.3014,69.34,27.96,1,6.07,0,0
STR-008868,TreatmentB,B03,102.86,1.46,0.2245,294,29.52,0.5904,0.0781,10.06,26.9,3,5.17,0,0
STR-008869,Control,B02,83.35,1.99,0.1837,426,51.18,0.6011,0.1034,46.44,23.89,0,5.72,1,0
STR-008870,Control,B01,105.54,3.54,0.2521,435,88.23,0.5246,0.5363,37.02,31.91,4,6.58,0,1
STR-008871,Control,B03,88.05,3.2,0.2363,46,15.23,0.3364,0.3051,30.38,27.07,4,8.06,0,1
STR-008872,TreatmentA,B02,122.0,1.86,0.2918,932,48.65,0.3448,0.6155,38.29,22.68,3,6.47,0,0
STR-008873,TreatmentA,B02,107.39,2.47,0.2475,269,13.64,0.315,0.3397,42.45,35.38,4,6.5,0,1
STR-008874,TreatmentB,B03,115.39,0.78,0.2445,188,24.29,0.5266,0.5365,24.93,22.83,4,7.04,1,1
STR-008875,TreatmentB,B01,94.43,1.05,0.2455,853,35.32,0.7113,0.3062,46.04,29.14,4,9.4,1,0
STR-008876,TreatmentA,B03,111.79,1.58,0.3035,205,66.85,0.3178,0.2425,23.1,25.42,0,8.46,0,1
STR-008877,Control,B02,80.68,2.02,0.2857,665,37.56,0.5923,0.5131,33.89,22.02,2,6.65,1,1
STR-008878,Control,B02,87.52,1.79,0.1998,205,10.82,0.5735,0.5503,33.88,25.15,2,5.7,1,1
STR-008879,Control,B01,84.08,1.44,0.2081,369,39.93,0.5439,0.2164,40.64,33.16,3,7.29,1,0
STR-008880,TreatmentA,B02,89.04,2.86,0.1985,182,17.67,0.1972,0.3766,55.2,20.14,3,4.62,0,0
STR-008881,Control,B01,81.41,1.91,0.2039,181,24.57,0.397,0.3494,43.66,21.54,2,6.77,0,1
STR-008882,TreatmentB,B01,108.78,0.88,0.2756,420,18.31,0.4441,0.3774,24.52,38.09,0,8.75,1,0
STR-008883,Control,B03,81.98,2.08,0.2536,417,54.5,0.3176,0.2059,39.1,28.73,2,6.78,0,1
STR-008884,Control,B03,100.98,2.18,0.2347,352,17.17,0.4426,0.356,46.74,23.94,3,7.13,1,1
STR-008885,TreatmentA,B01,82.89,1.59,0.2402,177,40.78,0.5131,0.3572,87.53,21.46,2,6.66,0,0
STR-008886,Control,B01,91.76,2.23,0.1782,147,53.89,0.1392,0.3142,30.22,38.28,3,5.36,1,0
STR-008887,TreatmentA,B02,71.05,0.97,0.2053,263,58.31,0.4297,0.2665,27.43,30.3,1,9.05,1,0
STR-008888,Control,B03,96.75,1.95,0.3163,284,101.62,0.3641,0.3588,51.68,17.36,1,7.01,0,1
STR-008889,Control,B01,87.66,3.82,0.289,167,18.92,0.4392,0.5752,75.37,20.49,2,8.26,0,1
STR-008890,TreatmentA,B03,94.55,1.84,0.2325,119,125.29,0.548,0.3515,24.93,24.34,3,7.84,1,1
STR-008891,TreatmentA,B02,94.94,1.72,0.3165,156,72.3,0.2657,0.2294,54.61,26.57,4,5.75,0,1
STR-008892,TreatmentB,B01,87.74,0.94,0.2306,592,68.21,0.483,0.4123,21.11,27.49,5,5.59,1,0
STR-008893,TreatmentA,B03,128.02,1.03,0.2396,406,30.58,0.4688,0.2356,23.75,17.53,2,6.32,1,1
STR-008894,Control,B03,98.53,2.09,0.187,261,14.83,0.3919,0.247,52.25,17.87,3,6.61,1,1
STR-008895,TreatmentA,B03,93.86,2.45,0.2195,322,21.66,0.4832,0.3211,30.96,16.5,2,6.1,0,1
STR-008896,TreatmentA,B02,101.11,1.72,0.2755,127,33.55,0.5689,0.3738,22.34,29.82,5,3.94,0,1
STR-008897,Control,B02,108.06,2.93,0.2224,224,11.1,0.2778,0.431,54.86,25.03,0,5.89,0,0
STR-008898,TreatmentA,B02,108.58,2.76,0.2501,169,9.7,0.4697,0.233,49.15,20.57,1,6.09,0,0
STR-008899,TreatmentA,B02,123.74,1.91,0.2186,199,51.88,0.2993,0.1693,24.48,38.35,3,3.46,1,1
STR-008900,Control,B03,107.2,2.2,0.1836,216,30.32,0.3644,0.2172,25.17,18.04,3,6.85,0,1
STR-008901,Control,B02,89.33,2.57,0.2642,258,15.8,0.2575,0.3215,54.53,27.13,3,5.54,0,0
STR-008902,TreatmentB,B02,82.08,0.85,0.2595,304,46.37,0.4716,0.283,35.1,26.74,2,6.32,1,1
STR-008903,Control,B03,66.08,2.13,0.2585,367,148.75,0.6706,0.3227,66.72,22.85,1,7.19,0,1
STR-008904,TreatmentA,B03,101.99,1.7,0.1959,209,23.8,0.3474,0.3517,21.12,10.73,1,8.27,1,0
STR-008905,TreatmentA,B02,134.11,3.03,0.2504,173,37.42,0.322,0.3204,37.87,27.01,2,8.46,1,1
STR-008906,TreatmentB,B01,74.03,3.45,0.232,111,23.9,0.4555,0.2133,23.73,30.74,1,7.02,1,1
STR-008907,TreatmentA,B02,86.93,4.24,0.267,343,33.6,0.4547,0.367,24.86,36.01,1,4.33,0,0
STR-008908,Control,B03,106.6,2.24,0.1851,319,84.64,0.1742,0.4395,71.67,30.9,0,6.4,1,0
STR-008909,TreatmentA,B01,97.96,2.07,0.216,279,135.99,0.7328,0.5187,54.07,29.07,2,6.38,0,1
STR-008910,TreatmentB,B02,121.93,2.21,0.1663,191,47.33,0.4035,0.2248,9.15,26.56,2,8.43,1,1
STR-008911,TreatmentB,B01,91.42,2.01,0.1822,161,28.71,0.3721,0.2111,60.14,23.98,1,5.37,1,1
STR-008912,TreatmentB,B01,96.16,1.62,0.2226,196,85.97,0.3325,0.3682,21.54,21.09,2,4.6,1,0
STR-008913,Control,B03,94.25,2.44,0.1917,217,20.8,0.1862,0.3411,35.43,29.66,4,5.69,1,0
STR-008914,TreatmentA,B03,114.84,2.05,0.2647,204,72.82,0.4188,0.4005,42.6,21.24,3,5.25,0,0
STR-008915,TreatmentA,B02,116.88,2.48,0.2211,213,27.52,0.3604,0.2207,25.38,25.64,4,6.63,1,1
STR-008916,TreatmentB,B01,98.42,1.67,0.2245,304,28.72,0.3594,0.3104,31.56,28.57,6,7.06,1,1
STR-008917,Control,B02,94.2,1.92,0.2602,1331,68.81,0.5209,0.337,47.81,27.79,5,5.62,0,1
STR-008918,TreatmentB,B03,108.06,0.62,0.2613,975,10.26,0.1896,0.1259,112.67,21.97,2,8.74,0,1
STR-008919,TreatmentA,B03,100.72,4.71,0.2464,206,25.86,0.0945,0.3101,37.23,20.62,5,8.63,0,0
STR-008920,Control,B02,109.4,1.8,0.217,243,39.2,0.4923,0.468,36.82,23.99,2,5.9,1,1
STR-008921,Control,B01,74.74,1.66,0.2283,156,19.04,0.1229,0.7467,72.18,28.85,3,6.71,1,0
STR-008922,Control,B03,104.06,2.4,0.1789,387,74.13,0.5479,0.394,41.14,28.61,2,7.11,1,1
STR-008923,Control,B02,109.09,2.83,0.2844,784,56.32,0.2148,0.1967,39.39,16.59,2,6.1,0,1
STR-008924,TreatmentA,B02,81.09,2.17,0.243,402,22.06,0.3559,0.1895,32.79,22.12,1,10.18,0,1
STR-008925,TreatmentB,B02,112.82,1.3,0.2417,189,70.46,0.5615,0.2959,44.48,22.28,4,5.79,1,0
STR-008926,Control,B03,78.03,2.63,0.2546,115,25.06,0.2847,0.5393,34.38,16.98,0,7.8,0,0
STR-008927,Control,B02,116.63,1.58,0.2199,334,17.47,0.483,0.3133,24.96,24.49,4,5.19,0,1
STR-008928,TreatmentB,B03,63.41,1.87,0.2086,323,33.92,0.3516,0.2552,26.46,27.91,2,7.03,0,1
STR-008929,TreatmentA,B02,131.21,1.37,0.2587,506,39.24,0.1547,0.3266,32.36,18.78,2,4.64,1,0
STR-008930,Control,B02,80.01,2.93,0.2587,293,16.76,0.3291,0.2995,52.83,18.88,1,6.13,0,1
STR-008931,TreatmentA,B03,127.21,1.8,0.2642,215,41.25,0.3444,0.1829,56.47,23.5,4,9.58,0,0
STR-008932,TreatmentA,B03,66.36,2.77,0.2425,124,37.26,0.4651,0.3477,54.12,24.12,1,5.88,0,0
STR-008933,Control,B03,102.32,2.41,0.3295,213,86.77,0.2566,0.2421,30.04,23.12,0,7.96,0,1
STR-008934,Control,B03,67.33,3.39,0.2373,481,18.02,0.3115,0.3138,52.74,19.61,2,7.27,0,0
STR-008935,TreatmentA,B03,99.47,2.43,0.2706,303,42.27,0.5238,0.2618,17.81,30.59,3,7.72,0,0
STR-008936,TreatmentB,B02,91.98,1.72,0.2359,297,42.46,0.4961,0.3653,27.66,21.69,1,4.49,0,0
STR-008937,TreatmentB,B02,85.23,1.76,0.2352,377,49.63,0.1765,0.2989,28.09,28.86,1,7.87,0,0
STR-008938,TreatmentB,B02,103.57,2.79,0.2305,296,50.82,0.1077,0.2792,44.04,19.31,5,7.3,1,1
STR-008939,TreatmentA,B01,115.01,2.29,0.2363,158,30.27,0.538,0.2941,44.63,18.27,3,5.35,0,0
STR-008940,Control,B01,94.56,2.34,0.1898,192,41.01,0.475,0.2014,72.6,26.06,2,7.25,0,0
STR-008941,TreatmentA,B03,85.82,1.37,0.2414,402,28.9,0.4755,0.0911,26.86,33.26,3,8.2,1,0
STR-008942,TreatmentA,B03,101.82,1.78,0.232,190,37.29,0.1886,0.1577,41.8,21.76,3,8.37,1,1
STR-008943,TreatmentA,B02,95.35,2.81,0.2782,472,14.31,0.5023,0.5276,28.36,33.49,3,5.16,0,0
STR-008944,TreatmentB,B03,111.35,1.74,0.297,249,61.36,0.3974,0.3156,37.95,32.9,4,5.83,1,0
STR-008945,TreatmentA,B03,104.56,2.57,0.2276,360,69.38,0.5344,0.2832,32.11,17.43,0,6.77,0,0
STR-008946,Control,B02,55.62,1.78,0.2194,239,36.82,0.3657,0.2313,45.04,37.3,1,8.1,1,1
STR-008947,TreatmentA,B01,109.9,2.41,0.2675,74,60.31,0.4091,0.3228,45.62,27.69,0,5.58,0,0
STR-008948,TreatmentA,B02,107.69,2.41,0.2643,349,22.99,0.1921,0.2428,51.07,27.66,1,9.93,0,1
STR-008949,Control,B03,97.34,3.43,0.2536,260,48.47,0.313,0.2138,62.21,26.86,3,7.65,0,1
STR-008950,Control,B01,112.37,2.62,0.2392,288,72.1,0.3305,0.1658,66.63,23.29,1,5.22,0,0
STR-008951,TreatmentA,B01,91.44,2.23,0.2028,109,74.02,0.486,0.1007,20.56,21.74,2,7.99,1,0
STR-008952,Control,B02,106.15,2.03,0.2525,192,33.33,0.6853,0.1714,57.39,28.68,2,6.33,0,0
STR-008953,Control,B03,87.53,2.54,0.2606,303,33.9,0.5798,0.3002,19.76,17.5,5,10.06,0,0
STR-008954,TreatmentB,B03,92.89,1.52,0.246,166,64.15,0.67,0.372,24.91,25.74,1,6.84,1,1
STR-008955,TreatmentA,B01,101.41,1.12,0.1933,145,19.5,0.4593,0.0739,24.24,25.88,1,5.46,1,0
STR-008956,TreatmentA,B03,105.19,1.2,0.2258,496,46.48,0.2689,0.7529,30.64,31.53,0,6.72,1,0
STR-008957,Control,B03,86.21,2.21,0.2931,231,19.28,0.4608,0.3469,47.1,17.04,2,4.93,0,1
STR-008958,Control,B02,107.96,2.06,0.2872,425,79.78,0.3704,0.4491,61.22,25.14,2,6.85,0,1
STR-008959,TreatmentA,B03,97.03,1.59,0.2102,164,21.79,0.3517,0.425,35.08,18.52,1,7.55,1,0
STR-008960,TreatmentB,B02,102.37,2.45,0.2453,202,13.76,0.3025,0.4198,28.24,22.95,4,4.6,0,0
STR-008961,TreatmentA,B03,78.15,1.27,0.2512,77,26.09,0.4219,0.2551,41.62,22.37,1,7.6,0,1
STR-008962,TreatmentA,B02,95.91,1.02,0.2471,182,18.35,0.6143,0.1889,28.49,15.34,4,8.97,1,0
STR-008963,TreatmentB,B03,91.02,1.86,0.2621,411,40.47,0.2441,0.3451,19.94,24.18,0,7.8,0,0
STR-008964,TreatmentB,B01,96.95,1.46,0.1713,312,30.71,0.3574,0.2401,12.58,28.92,1,8.53,1,0
STR-008965,TreatmentB,B01,74.9,1.76,0.2599,225,84.08,0.2376,0.2781,7.62,6.77,5,8.54,1,0
STR-008966,TreatmentB,B01,95.74,2.36,0.2218,297,69.1,0.4306,0.2503,19.33,32.58,6,7.8,1,1
STR-008967,TreatmentA,B02,84.19,2.7,0.2669,689,29.36,0.3907,0.2528,65.01,35.33,1,3.91,0,0
STR-008968,TreatmentB,B01,113.88,1.78,0.196,168,26.88,0.377,0.4444,14.14,25.08,2,8.91,1,0
STR-008969,TreatmentA,B01,110.99,1.91,0.2317,219,73.22,0.6944,0.3903,39.57,20.52,0,7.44,1,1
STR-008970,Control,B02,100.1,3.17,0.2592,381,21.75,0.7025,0.336,40.08,17.69,4,5.11,0,0
STR-008971,TreatmentA,B01,115.04,1.2,0.2666,376,34.56,0.3057,0.2521,29.86,25.37,5,4.06,1,0
STR-008972,TreatmentB,B03,82.45,1.93,0.1779,176,126.56,0.3631,0.3028,52.31,22.83,1,5.67,1,0
STR-008973,TreatmentB,B02,113.96,2.22,0.2647,326,30.9,0.5733,0.4386,33.42,14.35,2,6.0,0,1
STR-008974,Control,B01,97.66,2.53,0.2312,551,69.77,0.5234,0.6993,33.27,29.58,2,6.83,0,1
STR-008975,TreatmentB,B02,91.35,0.83,0.2145,1096,13.61,0.2168,0.3502,11.93,29.1,3,7.03,1,0
STR-008976,TreatmentA,B02,90.63,1.47,0.2495,367,23.78,0.567,0.1958,31.13,24.76,2,6.89,1,0
STR-008977,Control,B03,77.99,2.11,0.2502,234,16.83,0.2994,0.3455,62.29,11.93,2,7.12,0,0
STR-008978,Control,B01,88.61,1.99,0.1991,368,83.93,0.4621,0.3253,62.14,12.26,1,7.6,0,0
STR-008979,TreatmentA,B03,98.18,2.25,0.2708,151,46.15,0.4904,0.4532,63.15,23.39,4,7.52,0,1
STR-008980,Control,B01,83.92,2.17,0.2374,276,161.99,0.4747,0.4679,63.38,31.49,3,6.09,0,1
STR-008981,TreatmentB,B02,95.59,1.71,0.1896,283,21.48,0.6962,0.3433,28.08,25.13,0,7.15,1,1
STR-008982,TreatmentA,B02,80.33,3.08,0.2285,162,28.95,0.3054,0.0785,15.55,27.53,1,7.29,0,1
STR-008983,TreatmentA,B01,105.28,2.4,0.2311,210,13.16,0.6138,0.5895,45.21,36.5,6,7.43,0,1
STR-008984,Control,B03,114.79,2.12,0.2475,367,29.95,0.4299,0.3155,44.24,38.42,1,4.32,0,0
STR-008985,TreatmentA,B01,119.3,2.18,0.2794,160,50.14,0.2476,0.1257,62.73,19.19,1,5.26,0,1
STR-008986,TreatmentB,B02,99.23,1.75,0.2049,212,18.82,0.1751,0.212,19.74,20.53,2,5.6,1,1
STR-008987,TreatmentB,B03,79.82,2.86,0.2884,255,38.8,0.3495,0.1714,37.66,21.39,5,6.09,0,1
STR-008988,TreatmentB,B03,122.52,1.1,0.1582,299,16.63,0.1742,0.3741,15.81,24.28,1,7.0,1,1
STR-008989,TreatmentB,B01,104.72,2.21,0.2506,320,32.56,0.4027,0.3131,7.3,24.5,1,7.13,1,1
STR-008990,TreatmentA,B02,110.06,1.79,0.2988,118,43.13,0.2998,0.3038,22.06,33.22,3,5.45,0,0
STR-008991,TreatmentA,B02,108.2,1.37,0.2081,344,28.34,0.5163,0.4124,49.42,10.53,1,5.98,1,1
STR-008992,TreatmentB,B02,88.49,1.39,0.1908,150,34.95,0.6635,0.3528,17.86,25.76,1,5.2,1,0
STR-008993,TreatmentA,B02,80.17,5.78,0.2318,430,50.92,0.443,0.2251,47.6,35.33,2,7.45,0,0
STR-008994,TreatmentA,B01,90.47,2.14,0.2376,385,29.88,0.4384,0.2517,25.12,21.99,4,6.12,1,1
STR-008995,TreatmentA,B02,106.26,1.28,0.2649,1233,65.38,0.4903,0.3405,18.26,22.5,1,7.31,0,1
STR-008996,Control,B01,100.39,1.38,0.2373,266,24.21,0.5128,0.2427,39.09,20.82,3,9.95,0,0
STR-008997,TreatmentA,B01,111.58,1.59,0.2149,338,34.06,0.4243,0.2024,30.99,17.59,3,7.25,1,1
STR-008998,Control,B01,112.42,2.26,0.2211,266,101.46,0.6599,0.278,52.97,21.34,2,8.0,1,0
STR-008999,TreatmentA,B01,103.38,1.11,0.3041,288,36.92,0.5309,0.1997,27.57,25.85,3,7.85,1,0
STR-009000,TreatmentA,B03,86.6,1.95,0.2349,268,18.61,0.4428,0.3077,29.02,24.37,4,7.65,1,1
STR-009001,Control,B01,126.71,2.63,0.2692,370,22.97,0.4128,0.4807,41.98,22.94,3,8.89,0,0
STR-009002,Control,B01,91.14,2.55,0.2008,246,21.48,0.6459,0.1597,42.05,22.74,1,7.12,1,0
STR-009003,Control,B01,109.07,1.76,0.1662,154,26.72,0.3627,0.2042,60.58,20.26,0,4.95,1,0
STR-009004,TreatmentB,B03,108.14,1.0,0.2067,651,22.79,0.3207,0.3646,13.98,25.32,3,6.46,1,0
STR-009005,TreatmentB,B02,119.41,1.32,0.2633,559,41.46,0.3575,0.149,36.01,20.2,3,8.57,1,1
STR-009006,TreatmentA,B01,92.1,1.92,0.1984,388,53.21,0.4407,0.2216,38.24,19.09,2,5.55,1,0
STR-009007,Control,B03,74.7,2.58,0.2888,371,116.18,0.4403,0.1617,30.06,20.99,1,7.02,0,1
STR-009008,Control,B03,89.85,1.86,0.2369,352,68.68,0.4497,0.0568,65.87,21.38,2,5.52,0,0
STR-009009,TreatmentA,B03,109.46,0.9,0.2644,509,13.32,0.3639,0.2118,25.38,26.22,4,5.98,0,1
STR-009010,TreatmentA,B03,108.52,1.67,0.2358,148,51.84,0.3287,0.3377,22.08,28.07,1,7.39,0,1
STR-009011,TreatmentB,B01,108.58,0.77,0.1919,146,21.7,0.5761,0.3951,14.06,18.49,2,6.26,1,1
STR-009012,Control,B02,116.09,2.07,0.2181,354,52.06,0.2893,0.445,31.32,34.24,1,6.03,1,0
STR-009013,TreatmentB,B03,97.4,1.63,0.2506,226,34.77,0.337,0.2136,13.17,26.39,4,5.81,1,0
STR-009014,TreatmentA,B03,79.93,2.73,0.2116,687,19.41,0.3993,0.1925,33.69,23.19,2,8.27,1,0
STR-009015,TreatmentA,B01,74.3,2.54,0.2384,219,68.67,0.2539,0.2774,36.38,27.04,1,7.25,0,1
STR-009016,Control,B03,94.41,1.67,0.2412,101,8.18,0.2554,0.2171,36.36,30.56,4,9.95,0,1
STR-009017,Control,B03,100.13,2.82,0.2363,201,36.69,0.318,0.4266,18.3,24.74,3,7.13,1,0
STR-009018,TreatmentB,B02,97.36,1.87,0.206,388,52.17,0.6051,0.2247,15.02,25.98,1,6.49,1,0
STR-009019,Control,B02,82.7,1.9,0.2116,405,50.71,0.3836,0.3098,37.16,24.93,1,6.45,1,1
STR-009020,Control,B03,115.63,3.62,0.1949,151,59.94,0.4797,0.2068,42.08,18.14,5,9.17,0,0
STR-009021,TreatmentA,B02,81.19,1.6,0.2763,699,24.73,0.3003,0.3229,43.94,19.51,3,8.0,1,0
STR-009022,TreatmentA,B02,86.73,1.02,0.2806,240,22.66,0.5646,0.3048,16.34,22.39,2,3.94,1,0
STR-009023,Control,B02,112.71,1.51,0.2455,147,11.41,0.252,0.1228,45.38,35.67,2,7.95,1,1
STR-009024,TreatmentA,B02,101.53,2.16,0.2556,333,10.36,0.3534,0.4639,29.39,19.45,2,7.11,0,0
STR-009025,Control,B02,129.69,2.54,0.2356,250,13.23,0.3612,0.5961,28.8,15.88,2,5.59,0,0
STR-009026,TreatmentA,B01,85.86,1.17,0.2282,66,15.87,0.2964,0.4852,43.42,21.82,3,8.61,1,0
STR-009027,Control,B02,105.64,2.2,0.1272,170,26.19,0.515,0.3956,39.92,22.05,3,5.06,1,1
STR-009028,TreatmentB,B02,90.48,2.33,0.2292,116,209.02,0.2805,0.2685,9.95,25.86,2,5.45,1,0
STR-009029,Control,B01,97.4,1.41,0.214,246,51.1,0.1869,0.3108,44.81,30.22,2,8.79,0,0
STR-009030,Control,B02,114.09,1.67,0.2398,301,6.16,0.1899,0.1812,58.36,23.33,1,5.86,1,1
STR-009031,TreatmentA,B02,106.83,1.52,0.2064,372,84.11,0.3271,0.3419,24.23,22.95,0,4.3,1,0
STR-009032,Control,B01,94.87,2.22,0.2057,86,24.86,0.2617,0.3325,40.81,25.12,3,6.63,1,0
STR-009033,TreatmentB,B02,85.99,3.25,0.2774,180,17.21,0.2975,0.3238,24.43,16.6,0,7.88,0,0
STR-009034,Control,B03,118.13,1.68,0.2173,166,8.52,0.2483,0.2245,58.73,23.69,1,5.71,1,1
STR-009035,Control,B02,89.11,2.85,0.2374,190,110.22,0.6838,0.1454,28.45,30.72,3,5.98,0,0
STR-009036,Control,B03,96.46,1.73,0.1744,1296,19.61,0.3083,0.5406,41.8,9.71,3,7.55,1,0
STR-009037,TreatmentA,B01,83.83,2.44,0.1361,142,26.95,0.3534,0.146,48.83,18.92,2,6.34,1,1
STR-009038,Control,B03,99.13,3.2,0.1542,247,55.82,0.2953,0.1345,40.09,23.69,1,5.36,0,1
STR-009039,TreatmentA,B02,92.83,2.29,0.2466,168,93.41,0.2113,0.1741,26.68,13.59,2,6.68,0,1
STR-009040,Control,B02,77.3,2.84,0.237,362,34.04,0.3581,0.3488,43.85,27.84,1,9.7,0,0
STR-009041,Control,B02,123.84,2.84,0.2188,370,51.62,0.6426,0.3873,40.28,26.19,3,6.65,0,1
STR-009042,TreatmentA,B01,151.4,1.62,0.1759,657,34.54,0.2799,0.049,33.58,28.46,3,6.26,1,1
STR-009043,TreatmentB,B02,98.64,1.32,0.1847,579,18.96,0.3398,0.2601,40.5,28.22,3,6.48,1,0
STR-009044,Control,B02,126.32,1.44,0.1909,241,27.08,0.3373,0.2217,22.64,17.65,6,6.8,1,1
STR-009045,TreatmentA,B01,92.4,2.35,0.153,65,26.78,0.4484,0.1883,30.98,21.11,3,7.32,1,0
STR-009046,TreatmentB,B01,104.52,1.27,0.2245,194,15.85,0.4287,0.3846,43.07,12.6,2,6.46,0,1
STR-009047,Control,B02,93.39,1.84,0.2274,444,17.9,0.4172,0.2558,50.47,35.09,1,6.82,1,1
STR-009048,TreatmentB,B03,112.54,1.95,0.1881,440,84.32,0.6017,0.4837,16.31,25.27,1,5.71,1,1
STR-009049,TreatmentA,B02,129.54,1.58,0.2569,540,25.44,0.5468,0.3907,33.01,18.81,1,6.9,1,1
STR-009050,Control,B03,105.7,2.04,0.2634,103,31.76,0.4771,0.167,35.66,25.11,0,5.66,0,0
STR-009051,TreatmentB,B03,76.58,1.41,0.1721,155,62.68,0.4459,0.4249,30.54,12.96,0,7.77,1,0
STR-009052,TreatmentB,B03,96.61,1.96,0.1952,96,34.99,0.456,0.3128,8.64,27.75,3,6.46,1,1
STR-009053,Control,B02,98.46,2.05,0.2179,284,56.15,0.6003,0.3678,46.46,23.71,4,7.68,0,1
STR-009054,Control,B01,105.31,2.54,0.1696,334,35.27,0.3267,0.2553,25.53,25.27,3,6.84,1,1
STR-009055,Control,B02,110.55,2.04,0.2261,319,26.73,0.5974,0.3862,77.24,26.75,0,7.98,0,1
STR-009056,TreatmentB,B03,116.83,1.79,0.2139,536,53.45,0.5642,0.2551,6.21,25.88,2,7.38,1,0
STR-009057,TreatmentB,B01,104.74,0.9,0.2384,83,32.89,0.4027,0.1867,22.0,26.77,1,6.23,1,0
STR-009058,TreatmentA,B01,77.35,1.59,0.1856,184,10.72,0.316,0.233,18.76,16.36,0,5.63,1,1
STR-009059,Control,B01,95.08,1.15,0.2585,333,24.07,0.761,0.2088,43.19,19.48,1,7.8,1,0
STR-009060,TreatmentB,B01,95.79,0.88,0.2045,121,55.23,0.5296,0.3918,16.98,23.07,1,8.53,1,1
STR-009061,Control,B03,95.88,2.76,0.2559,346,17.43,0.3979,0.3504,55.45,18.26,2,9.77,0,0
STR-009062,TreatmentB,B02,117.64,1.82,0.2354,348,16.52,0.5858,0.2833,32.25,19.08,2,6.62,1,0
STR-009063,TreatmentB,B02,98.5,0.74,0.2839,209,56.03,0.4341,0.3898,34.69,22.45,2,7.58,1,1
STR-009064,TreatmentA,B03,93.54,1.63,0.2309,457,24.32,0.4755,0.3966,39.05,29.26,5,7.38,1,1
STR-009065,TreatmentB,B01,103.33,2.0,0.2296,269,18.6,0.1899,0.2308,17.82,26.24,1,7.36,1,1
STR-009066,Control,B02,128.72,1.93,0.2788,204,28.89,0.4728,0.4166,41.8,19.04,2,6.56,0,1
STR-009067,TreatmentB,B01,76.49,1.69,0.2866,201,60.78,0.6885,0.4041,34.86,34.47,2,4.8,1,1
STR-009068,TreatmentA,B03,115.37,1.48,0.249,180,43.13,0.3058,0.291,32.1,21.78,2,8.42,1,0
STR-009069,Control,B01,125.56,1.59,0.2628,468,21.74,0.2808,0.3569,28.35,25.98,3,3.97,1,0
STR-009070,TreatmentB,B03,112.18,1.0,0.2297,200,35.2,0.4434,0.4274,24.71,18.14,3,5.25,1,0
STR-009071,Control,B02,90.92,2.25,0.2614,602,116.04,0.208,0.3286,46.7,26.91,2,6.02,0,1
STR-009072,TreatmentB,B03,94.08,1.33,0.2125,249,44.86,0.4142,0.3982,21.58,28.63,1,5.83,1,0
STR-009073,Control,B03,84.59,2.77,0.2068,197,30.59,0.3892,0.4542,37.09,27.89,4,4.17,1,0
STR-009074,TreatmentA,B02,108.9,1.68,0.2389,569,41.67,0.2169,0.3755,35.11,27.36,2,5.81,1,0
STR-009075,Control,B01,130.62,2.5,0.2628,397,12.0,0.6106,0.308,27.77,26.65,1,6.44,0,1
STR-009076,TreatmentA,B02,83.73,2.41,0.2477,327,161.14,0.5458,0.4368,23.65,25.95,1,4.23,0,0
STR-009077,Control,B02,146.24,1.79,0.3094,72,23.15,0.3263,0.2246,44.81,27.08,1,7.4,0,1
STR-009078,TreatmentB,B03,93.16,2.35,0.1888,446,81.6,0.307,0.24,11.28,21.05,2,3.85,1,0
STR-009079,TreatmentB,B01,97.58,1.57,0.2771,267,70.45,0.3973,0.58,32.5,29.25,2,5.11,1,0
STR-009080,Control,B01,112.21,1.58,0.2126,355,77.57,0.2582,0.4633,38.31,19.68,0,8.01,0,0
STR-009081,TreatmentA,B02,89.87,1.51,0.2574,207,17.6,0.3602,0.4036,30.48,26.44,2,8.62,1,0
STR-009082,TreatmentA,B02,126.7,1.31,0.2569,56,37.46,0.315,0.2128,14.14,31.15,1,5.66,1,1
STR-009083,Control,B02,126.16,2.57,0.2571,188,56.84,0.4378,0.2802,48.28,20.99,3,5.05,0,0
STR-009084,TreatmentA,B03,114.76,2.56,0.2017,507,13.34,0.5439,0.4266,44.99,19.9,1,3.69,0,1
STR-009085,TreatmentA,B01,82.45,1.67,0.1704,189,31.92,0.351,0.3873,47.74,29.31,4,9.96,1,0
STR-009086,TreatmentB,B03,106.55,2.45,0.2772,202,34.77,0.4073,0.2762,3.61,27.87,5,8.62,1,0
STR-009087,TreatmentB,B03,96.84,1.08,0.2542,106,25.98,0.5372,0.2863,42.63,22.25,2,8.85,1,0
STR-009088,TreatmentB,B03,89.45,2.06,0.2335,588,16.46,0.5023,0.2884,24.87,19.31,4,9.94,1,0
STR-009089,TreatmentA,B03,99.17,1.99,0.3103,474,16.72,0.3594,0.0752,45.69,26.21,1,6.84,0,1
STR-009090,Control,B01,128.63,1.57,0.2229,276,23.09,0.4799,0.5701,52.68,17.99,3,7.2,1,1
STR-009091,TreatmentA,B02,85.21,1.77,0.223,254,30.8,0.513,0.1694,30.18,17.6,2,7.75,0,0
STR-009092,TreatmentB,B03,89.2,1.07,0.2713,265,208.7,0.4348,0.2788,31.16,25.62,4,8.71,1,1
STR-009093,TreatmentA,B03,79.93,2.04,0.2578,196,33.09,0.5247,0.393,36.61,33.34,1,7.06,0,1
STR-009094,Control,B02,119.0,2.31,0.2898,545,57.14,0.1777,0.2241,33.53,26.29,4,7.6,0,1
STR-009095,TreatmentB,B02,96.32,2.57,0.2608,175,17.7,0.5037,0.4514,18.23,21.49,3,8.08,1,1
STR-009096,TreatmentA,B01,99.87,2.08,0.1507,401,34.42,0.5639,0.3706,30.87,28.45,0,5.94,1,1
STR-009097,TreatmentB,B01,96.43,1.18,0.2393,368,14.39,0.4299,0.3739,24.95,15.45,2,6.95,1,1
STR-009098,TreatmentB,B03,100.2,0.86,0.2178,249,59.78,0.6442,0.3172,34.88,25.28,2,5.57,0,0
STR-009099,Control,B01,94.93,2.5,0.1098,546,25.49,0.496,0.4289,41.05,30.01,2,6.72,1,1
STR-009100,TreatmentB,B03,112.77,1.3,0.1717,317,29.19,0.1843,0.306,8.71,21.03,5,9.83,1,0
STR-009101,Control,B03,110.12,1.86,0.2894,447,28.84,0.2467,0.4691,50.11,21.7,5,6.28,0,1
STR-009102,TreatmentA,B03,89.79,1.96,0.2885,245,29.93,0.5143,0.392,31.31,20.78,2,6.01,0,0
STR-009103,TreatmentA,B01,101.81,2.39,0.2585,118,18.78,0.5697,0.3398,30.49,11.54,2,7.28,0,1
STR-009104,TreatmentA,B01,100.23,2.51,0.2649,424,28.37,0.4468,0.2728,47.71,32.54,5,5.95,0,1
STR-009105,TreatmentA,B03,110.55,1.11,0.2326,129,86.2,0.4288,0.3393,26.0,28.99,1,9.0,0,0
STR-009106,Control,B02,87.87,1.87,0.256,284,19.07,0.4468,0.3355,30.37,14.24,3,6.79,0,1
STR-009107,TreatmentB,B01,90.89,1.83,0.2415,120,34.78,0.5081,0.2579,10.46,32.34,2,5.15,1,0
STR-009108,TreatmentA,B03,120.1,2.64,0.1936,389,26.38,0.487,0.1558,16.1,10.88,2,8.05,1,0
STR-009109,TreatmentA,B01,83.67,1.4,0.2621,618,23.29,0.4344,0.1069,19.62,26.91,2,6.47,1,1
STR-009110,TreatmentA,B03,111.63,1.54,0.2599,133,29.5,0.2187,0.4048,59.76,14.85,3,5.67,1,0
STR-009111,TreatmentA,B03,110.6,1.72,0.1408,314,53.35,0.3287,0.3885,56.34,18.52,2,6.38,1,1
STR-009112,TreatmentA,B03,125.02,1.36,0.1503,330,60.26,0.4657,0.3545,30.16,31.7,2,6.94,1,1
STR-009113,TreatmentA,B03,117.87,2.39,0.2523,211,8.5,0.5452,0.4976,25.2,18.54,5,9.16,1,1
STR-009114,Control,B03,76.46,2.28,0.2415,185,21.01,0.5497,0.2866,48.22,35.52,2,8.91,0,0
STR-009115,Control,B02,95.38,2.46,0.2139,308,113.8,0.4654,0.3095,46.47,13.58,2,5.53,0,0
STR-009116,Control,B03,85.51,2.29,0.2361,155,21.22,0.5589,0.1553,79.09,18.33,5,3.94,0,0
STR-009117,TreatmentB,B03,72.79,2.76,0.2443,233,19.56,0.553,0.0934,5.35,25.24,5,7.0,1,1
STR-009118,Control,B01,85.77,1.5,0.2372,271,108.05,0.394,0.2409,61.55,8.19,2,6.6,1,0
STR-009119,Control,B01,128.76,2.56,0.2324,326,89.91,0.5921,0.4327,64.01,20.49,1,6.74,0,1
STR-009120,Control,B02,79.87,3.04,0.2473,438,61.78,0.5898,0.246,32.65,22.62,3,5.41,0,0
STR-009121,TreatmentB,B01,95.85,2.37,0.2365,393,55.04,0.1954,0.2302,24.18,34.5,3,7.86,0,1
STR-009122,Control,B02,70.74,1.78,0.2104,272,41.57,0.1659,0.2489,51.92,28.28,2,8.02,1,1
STR-009123,Control,B02,91.81,1.82,0.23,193,71.59,0.4961,0.1494,26.72,24.56,0,6.75,1,0
STR-009124,Control,B03,105.53,2.24,0.2216,346,49.49,0.3214,0.2408,43.24,31.01,5,7.23,0,1
STR-009125,TreatmentB,B01,108.41,1.16,0.2195,261,25.64,0.2699,0.5147,6.82,9.21,2,8.6,1,0
STR-009126,Control,B03,115.97,2.45,0.2123,182,52.88,0.6222,0.2545,62.92,32.19,4,3.0,0,0
STR-009127,TreatmentA,B01,113.42,2.05,0.2949,197,43.64,0.5262,0.4749,64.65,35.27,4,6.56,0,1
STR-009128,Control,B01,81.42,3.11,0.2621,207,84.84,0.2119,0.43,29.6,25.83,4,6.59,0,1
STR-009129,TreatmentB,B02,88.31,1.9,0.2363,366,90.7,0.4059,0.1576,29.5,20.76,2,8.5,1,0
STR-009130,Control,B01,101.54,2.05,0.2574,150,19.92,0.4628,0.2796,38.5,23.65,0,5.55,0,0
STR-009131,Control,B02,109.28,2.57,0.2983,449,40.88,0.4799,0.3459,49.26,22.48,2,8.55,0,0
STR-009132,TreatmentB,B03,61.46,1.4,0.2319,186,28.46,0.5888,0.3002,32.99,21.58,1,4.84,1,1
STR-009133,Control,B03,110.83,1.81,0.2737,532,59.14,0.4355,0.2421,34.1,35.2,0,7.13,0,1
STR-009134,TreatmentA,B01,120.45,1.8,0.2837,329,59.1,0.2088,0.5403,20.94,24.28,1,10.63,0,0
STR-009135,TreatmentA,B03,108.89,2.02,0.2851,417,14.46,0.4795,0.3441,81.14,22.4,4,8.27,0,1
STR-009136,TreatmentB,B03,94.21,1.24,0.1732,193,9.45,0.5856,0.3593,24.14,28.77,2,5.25,1,1
STR-009137,TreatmentA,B02,93.38,2.43,0.1793,515,15.32,0.5651,0.1084,27.28,29.77,0,6.79,1,0
STR-009138,Control,B03,92.84,2.52,0.2419,145,52.58,0.4015,0.2247,42.27,22.58,2,4.25,0,0
STR-009139,TreatmentA,B02,94.02,2.24,0.2443,157,13.53,0.4795,0.1299,42.53,36.64,4,7.01,0,1
STR-009140,TreatmentB,B03,115.21,1.86,0.2123,173,23.52,0.3883,0.3669,62.18,28.13,2,7.26,1,1
STR-009141,Control,B03,78.3,4.0,0.2737,221,64.57,0.2829,0.2648,40.77,16.6,4,7.72,0,0
STR-009142,TreatmentA,B02,107.4,1.23,0.2386,1110,80.92,0.4448,0.1984,26.05,26.4,2,7.27,1,1
STR-009143,Control,B02,104.67,2.01,0.2424,240,33.09,0.3629,0.3649,45.34,27.28,2,8.03,1,0
STR-009144,TreatmentA,B02,113.27,1.15,0.1789,1076,10.66,0.4346,0.3697,20.16,32.84,6,7.19,1,1
STR-009145,Control,B01,98.66,1.84,0.2714,274,11.88,0.4841,0.3066,40.66,26.81,3,6.6,1,1
STR-009146,TreatmentA,B03,95.83,2.14,0.2364,195,8.49,0.325,0.3594,80.23,16.5,1,7.71,0,0
STR-009147,Control,B02,89.19,1.68,0.2211,171,17.87,0.2663,0.2281,31.1,22.09,1,5.4,1,1
STR-009148,Control,B03,93.34,3.28,0.172,301,35.24,0.5184,0.1872,31.33,25.85,2,5.58,1,0
STR-009149,TreatmentA,B01,117.38,1.8,0.195,135,12.41,0.4372,0.3117,21.13,9.68,3,6.34,1,0
STR-009150,Control,B03,81.61,1.74,0.2622,529,83.45,0.1341,0.3956,56.57,34.62,3,7.42,0,1
STR-009151,TreatmentA,B03,73.56,3.33,0.1927,70,31.51,0.18,0.2788,28.5,16.5,2,5.23,0,1
STR-009152,TreatmentB,B02,92.35,1.44,0.2659,178,75.93,0.5944,0.1001,13.35,28.48,2,8.25,1,0
STR-009153,TreatmentB,B03,102.25,1.37,0.2185,353,33.63,0.3656,0.1958,18.81,34.65,1,6.65,1,0
STR-009154,TreatmentB,B03,95.36,1.26,0.2236,349,22.73,0.2734,0.4657,14.24,19.34,5,6.18,1,0
STR-009155,Control,B01,104.6,2.8,0.2691,301,31.95,0.2549,0.2802,18.0,6.39,2,7.31,0,1
STR-009156,TreatmentA,B03,99.19,2.25,0.2189,370,21.08,0.4627,0.2903,55.98,26.9,1,4.97,0,0
STR-009157,Control,B03,106.81,3.15,0.2581,234,17.96,0.5118,0.1261,88.65,30.6,2,5.34,0,0
STR-009158,TreatmentB,B03,107.44,1.26,0.2187,146,28.15,0.4819,0.4723,13.76,18.89,3,8.59,0,1
STR-009159,TreatmentB,B02,111.96,1.62,0.2174,627,43.4,0.6033,0.032,19.35,23.56,2,6.24,1,0
STR-009160,TreatmentA,B03,109.91,1.73,0.2118,188,22.19,0.253,0.197,29.71,23.23,1,6.56,1,1
STR-009161,TreatmentB,B02,107.32,2.09,0.2036,651,13.77,0.5136,0.2175,21.43,24.03,2,6.71,1,1
STR-009162,TreatmentA,B02,114.31,2.19,0.3436,238,22.0,0.2208,0.2454,22.34,20.34,1,8.11,0,1
STR-009163,TreatmentB,B03,74.93,1.28,0.2879,269,67.2,0.3763,0.225,19.71,24.27,7,8.72,1,0
STR-009164,TreatmentB,B01,82.3,1.95,0.2297,317,59.06,0.5001,0.408,15.39,31.13,1,7.36,0,1
STR-009165,TreatmentA,B01,94.03,1.25,0.2479,172,98.65,0.6625,0.3674,50.29,16.73,4,7.08,0,1
STR-009166,TreatmentB,B03,125.36,0.76,0.2306,255,26.02,0.3343,0.1929,71.33,24.37,4,6.59,1,1
STR-009167,Control,B01,111.54,2.13,0.2208,535,70.23,0.8003,0.2543,49.3,23.44,0,4.58,1,0
STR-009168,TreatmentB,B03,96.39,1.83,0.2149,304,47.0,0.3589,0.3019,82.23,32.38,1,6.56,0,0
STR-009169,TreatmentB,B02,111.59,1.82,0.2599,419,42.59,0.6468,0.2455,30.37,19.99,2,8.41,0,0
STR-009170,TreatmentA,B02,126.86,2.32,0.2699,228,30.53,0.434,0.2325,18.03,13.39,1,7.36,1,1
STR-009171,TreatmentB,B03,97.39,1.46,0.2294,377,45.76,0.6036,0.3542,18.05,26.16,4,7.22,1,1
STR-009172,TreatmentA,B01,99.3,1.91,0.2065,374,34.55,0.521,0.3398,16.22,25.02,4,6.66,0,1
STR-009173,Control,B01,97.49,1.76,0.285,400,41.2,0.575,0.3872,26.84,14.8,3,6.99,1,1
STR-009174,Control,B03,94.16,1.38,0.2046,99,14.61,0.4798,0.2249,43.83,17.92,0,8.3,0,0
STR-009175,TreatmentA,B01,100.49,1.55,0.1983,239,38.18,0.1301,0.225,27.68,27.25,2,8.4,1,1
STR-009176,TreatmentA,B02,112.41,1.22,0.2802,302,16.7,0.2747,0.249,36.02,27.43,5,6.17,1,1
STR-009177,Control,B01,121.44,1.42,0.1463,143,29.2,0.5606,0.5084,32.78,32.45,3,5.77,1,1
STR-009178,Control,B02,99.94,2.91,0.2614,452,25.35,0.4224,0.5109,72.84,32.92,4,10.84,0,0
STR-009179,TreatmentB,B03,96.44,0.75,0.1873,643,23.79,0.4141,0.4109,41.44,39.87,2,6.48,1,1
STR-009180,TreatmentA,B03,106.33,3.48,0.2187,142,27.13,0.5557,0.3284,18.74,20.14,5,6.13,0,1
STR-009181,TreatmentB,B01,124.65,0.65,0.3257,592,31.18,0.3431,0.5645,54.41,21.04,1,5.63,1,0
STR-009182,TreatmentA,B02,106.22,1.52,0.2201,221,28.6,0.4869,0.2326,18.22,24.26,2,6.66,1,1
STR-009183,TreatmentB,B03,108.83,1.5,0.2537,289,10.77,0.6493,0.2167,19.43,17.4,1,9.11,1,0
STR-009184,TreatmentB,B01,110.28,3.06,0.2382,158,58.2,0.4304,0.2982,19.49,19.74,0,9.61,0,0
STR-009185,Control,B02,96.44,2.72,0.217,634,28.42,0.4415,0.3217,54.72,18.14,6,4.82,1,0
STR-009186,TreatmentA,B01,103.21,2.95,0.2006,174,24.29,0.1929,0.1886,32.12,42.6,3,6.62,1,1
STR-009187,Control,B03,100.77,2.42,0.2683,688,32.82,0.3585,0.2929,35.4,23.27,3,6.17,0,1
STR-009188,TreatmentA,B03,112.72,1.88,0.2518,447,27.49,0.399,0.1962,25.86,28.93,2,6.73,1,1
STR-009189,TreatmentB,B03,95.38,2.17,0.2483,203,26.82,0.3576,0.3855,31.8,20.91,1,7.22,1,0
STR-009190,Control,B01,76.45,2.57,0.225,598,14.24,0.1975,0.3374,63.67,16.57,1,4.27,0,0
STR-009191,Control,B02,90.85,2.6,0.2633,257,12.47,0.4179,0.289,93.85,17.53,0,5.67,0,1
STR-009192,TreatmentA,B02,96.42,1.32,0.2466,153,13.66,0.245,0.3199,22.96,24.91,2,7.16,1,1
STR-009193,TreatmentA,B02,83.98,1.52,0.2479,622,30.41,0.6191,0.5576,34.05,29.64,2,8.63,0,1
STR-009194,Control,B01,112.16,2.44,0.2124,319,55.03,0.3973,0.2257,51.61,26.97,0,7.03,0,1
STR-009195,Control,B03,89.54,2.22,0.2926,378,81.44,0.3809,0.3799,29.01,20.06,4,8.32,0,0
STR-009196,Control,B02,115.78,1.3,0.3131,61,18.11,0.5705,0.2751,62.56,26.43,1,5.46,0,0
STR-009197,TreatmentB,B03,94.73,1.86,0.2186,330,33.1,0.2617,0.326,10.11,34.51,5,10.38,1,0
STR-009198,TreatmentA,B03,99.72,1.82,0.2309,425,77.04,0.2542,0.3326,24.53,31.48,1,8.69,1,0
STR-009199,TreatmentA,B01,116.0,1.96,0.233,907,26.84,0.2395,0.3015,44.61,18.15,1,6.58,0,1
STR-009200,TreatmentB,B01,122.84,2.86,0.2762,131,16.09,0.4078,0.3518,16.97,30.04,3,6.53,0,0
STR-009201,Control,B01,87.48,1.99,0.1695,290,50.03,0.136,0.2043,22.66,23.32,4,8.91,1,0
STR-009202,TreatmentA,B03,113.86,2.13,0.298,209,45.55,0.3285,0.2819,11.05,19.23,1,4.97,0,0
STR-009203,TreatmentB,B02,122.84,1.52,0.1898,536,25.06,0.4595,0.3859,29.98,13.59,2,6.41,1,1
STR-009204,TreatmentA,B01,82.23,2.22,0.2169,328,46.13,0.2733,0.2393,42.33,26.93,1,7.38,0,1
STR-009205,TreatmentB,B01,94.41,1.48,0.2085,290,29.91,0.5923,0.5486,60.48,34.82,1,7.3,1,1
STR-009206,TreatmentA,B01,128.17,1.98,0.2182,327,70.66,0.4117,0.1629,11.25,31.33,1,5.97,1,1
STR-009207,TreatmentA,B02,125.24,0.98,0.2411,290,30.43,0.6626,0.265,30.16,14.56,3,5.59,1,0
STR-009208,TreatmentB,B02,80.15,1.24,0.2328,300,43.9,0.3476,0.3663,43.82,12.45,0,7.7,1,1
STR-009209,Control,B03,99.53,3.4,0.2886,181,54.81,0.829,0.4769,83.26,25.46,3,5.44,0,1
STR-009210,TreatmentB,B01,109.8,2.31,0.2637,208,21.11,0.3853,0.225,25.04,25.56,3,4.49,0,0
STR-009211,Control,B01,87.1,2.01,0.2272,427,48.76,0.6439,0.2792,27.87,20.28,5,5.99,1,1
STR-009212,Control,B02,97.09,3.5,0.2257,659,23.42,0.2527,0.2407,37.26,25.48,1,6.99,0,1
STR-009213,Control,B01,98.65,2.39,0.2017,178,24.79,0.617,0.3737,67.79,23.97,1,9.25,0,1
STR-009214,TreatmentB,B03,91.36,1.1,0.1973,357,28.69,0.6073,0.2809,18.13,27.36,3,7.74,1,0
STR-009215,Control,B03,110.2,2.97,0.212,170,24.71,0.4473,0.4048,26.04,18.72,1,5.63,0,0
STR-009216,TreatmentB,B01,108.8,2.16,0.2282,135,79.19,0.2528,0.2188,39.29,18.98,2,7.48,1,1
STR-009217,Control,B02,86.46,2.95,0.2164,818,23.37,0.7199,0.5476,22.25,26.59,1,9.3,1,1
STR-009218,TreatmentA,B02,101.62,2.27,0.2001,410,59.48,0.8117,0.2364,34.18,21.96,1,7.06,1,0
STR-009219,Control,B01,89.24,1.68,0.2626,378,33.72,0.4216,0.2025,49.96,30.29,3,7.85,0,1
STR-009220,TreatmentB,B01,122.46,0.58,0.2142,156,154.2,0.6684,0.2531,86.25,22.15,3,7.15,0,0
STR-009221,Control,B02,112.02,3.45,0.2462,418,25.3,0.7093,0.2722,38.41,12.27,4,7.9,1,1
STR-009222,Control,B02,98.32,2.01,0.2481,474,50.02,0.238,0.343,50.0,33.06,1,6.44,0,0
STR-009223,Control,B03,116.55,4.21,0.2723,182,14.8,0.5421,0.39,52.71,13.1,1,6.24,0,1
STR-009224,TreatmentB,B03,95.81,3.17,0.1715,522,33.03,0.3503,0.4978,18.56,19.97,4,4.17,1,0
STR-009225,TreatmentB,B02,93.72,1.01,0.2274,248,13.5,0.5114,0.3139,41.46,29.27,3,6.27,1,1
STR-009226,Control,B03,102.66,2.76,0.2691,828,35.68,0.3544,0.1508,32.47,29.2,1,3.62,0,0
STR-009227,Control,B01,96.18,3.22,0.1971,78,38.74,0.2705,0.2951,35.02,30.6,5,5.68,1,0
STR-009228,TreatmentB,B03,111.37,2.18,0.1768,139,44.56,0.5454,0.5707,46.11,14.06,3,4.86,0,1
STR-009229,TreatmentA,B03,124.08,3.47,0.1377,225,21.57,0.4697,0.2031,14.35,20.38,1,6.99,1,0
STR-009230,TreatmentA,B03,93.38,1.48,0.2833,155,151.35,0.1896,0.2449,19.31,23.03,2,6.26,1,1
STR-009231,TreatmentA,B02,119.33,1.59,0.2914,704,15.02,0.4323,0.2407,30.52,25.41,2,6.21,0,1
STR-009232,TreatmentA,B03,113.31,1.64,0.2524,293,37.49,0.6078,0.3345,89.1,29.72,1,6.17,0,1
STR-009233,Control,B02,93.75,2.01,0.2533,86,19.04,0.6274,0.3268,42.26,24.98,1,6.6,1,1
STR-009234,Control,B02,122.05,2.47,0.1519,154,14.75,0.6776,0.3856,43.59,18.79,1,9.16,0,1
STR-009235,TreatmentA,B02,92.33,1.92,0.2449,126,62.18,0.3525,0.1807,34.53,27.42,1,8.38,1,0
STR-009236,TreatmentA,B02,95.59,1.21,0.2522,172,18.36,0.4667,0.2294,24.45,12.01,1,8.2,1,0
STR-009237,TreatmentA,B03,108.15,1.95,0.243,166,25.76,0.4557,0.2915,27.67,12.04,10,7.99,1,1
STR-009238,TreatmentA,B01,106.04,2.19,0.2402,668,40.08,0.3463,0.3774,27.08,30.36,5,5.96,1,0
STR-009239,TreatmentB,B01,84.15,2.82,0.1886,167,35.29,0.4337,0.1981,15.49,19.54,7,8.25,1,1
STR-009240,TreatmentA,B03,120.61,2.07,0.2204,427,122.03,0.3179,0.4397,30.38,28.9,3,11.3,1,0
STR-009241,TreatmentB,B02,111.91,1.87,0.2362,135,12.1,0.2974,0.1759,16.98,18.58,3,4.66,1,1
STR-009242,TreatmentB,B03,92.87,0.94,0.2489,138,34.69,0.2008,0.2375,22.12,22.34,3,6.49,1,1
STR-009243,Control,B01,103.11,2.43,0.2015,112,73.76,0.2196,0.3211,59.51,22.95,4,6.88,1,1
STR-009244,TreatmentB,B01,83.19,1.14,0.2885,248,142.11,0.4217,0.3748,41.7,30.93,2,7.12,1,1
STR-009245,TreatmentA,B01,91.88,2.19,0.1677,324,28.05,0.4726,0.4824,17.95,24.55,3,5.91,1,1
STR-009246,TreatmentB,B02,87.26,1.05,0.3245,783,33.43,0.489,0.2896,6.65,18.68,3,6.38,1,1
STR-009247,Control,B01,94.0,4.15,0.2835,135,8.57,0.3781,0.2734,40.77,24.36,2,5.99,0,1
STR-009248,Control,B03,79.74,2.37,0.2473,179,29.54,0.4551,0.4064,33.41,24.03,2,9.19,0,0
STR-009249,TreatmentB,B03,94.87,1.46,0.2119,92,34.68,0.4886,0.4785,27.64,19.9,3,5.03,1,1
STR-009250,Control,B02,91.79,2.23,0.1703,563,54.32,0.6272,0.5629,32.31,15.71,1,8.08,1,1
STR-009251,TreatmentA,B02,119.32,2.35,0.2536,487,24.5,0.4539,0.1897,25.1,24.23,4,7.16,0,0
STR-009252,TreatmentA,B02,104.39,2.29,0.2867,186,35.37,0.482,0.2911,47.31,37.53,3,8.08,0,1
STR-009253,TreatmentB,B01,76.73,1.8,0.1929,73,40.02,0.4582,0.4699,80.47,23.78,0,8.55,1,1
STR-009254,TreatmentA,B03,86.93,1.63,0.3018,205,30.33,0.3315,0.2758,50.02,17.02,3,6.5,0,1
STR-009255,TreatmentA,B03,93.08,1.21,0.1563,316,69.23,0.2803,0.1736,44.59,27.57,3,8.29,1,1
STR-009256,TreatmentA,B01,107.98,1.15,0.2143,199,35.95,0.5446,0.3641,18.72,30.69,0,7.52,1,1
STR-009257,TreatmentA,B01,111.97,3.1,0.2987,174,62.95,0.481,0.1897,33.89,20.73,1,6.3,0,1
STR-009258,TreatmentB,B01,88.05,2.43,0.1889,200,11.41,0.3393,0.2237,17.65,25.48,4,7.89,1,1
STR-009259,TreatmentB,B03,91.29,1.44,0.2248,192,24.39,0.4376,0.4163,19.52,17.3,5,8.23,1,1
STR-009260,TreatmentB,B02,101.32,2.02,0.2282,226,21.64,0.2789,0.2336,41.68,17.65,3,4.28,1,0
STR-009261,TreatmentB,B01,92.81,1.65,0.1962,110,56.3,0.3809,0.426,33.17,26.15,2,5.68,1,1
STR-009262,TreatmentA,B02,91.12,1.64,0.1509,114,21.86,0.5143,0.4727,41.97,24.25,2,7.1,1,1
STR-009263,TreatmentB,B03,100.54,1.2,0.2376,231,67.78,0.4812,0.1945,22.1,25.89,3,6.2,1,0
STR-009264,TreatmentA,B03,97.5,2.77,0.2622,104,21.52,0.5769,0.1328,15.79,20.2,4,7.28,0,0
STR-009265,TreatmentA,B01,108.18,1.03,0.1952,189,55.58,0.4064,0.4459,22.0,20.98,1,7.54,1,1
STR-009266,Control,B02,86.47,2.84,0.2358,70,37.05,0.4103,0.4363,32.68,18.49,3,8.25,1,0
STR-009267,TreatmentA,B01,102.22,2.0,0.3002,325,43.8,0.2151,0.2418,19.81,22.47,2,8.55,0,0
STR-009268,TreatmentA,B02,85.06,1.56,0.1852,305,37.43,0.3201,0.1639,25.63,26.91,3,7.92,1,0
STR-009269,TreatmentA,B02,106.56,1.69,0.2351,446,32.91,0.64,0.4282,40.97,32.89,2,7.32,1,1
STR-009270,TreatmentA,B02,100.26,1.93,0.2258,119,29.52,0.3449,0.2904,23.33,26.14,1,6.45,1,1
STR-009271,Control,B01,108.69,1.29,0.2495,232,55.48,0.2462,0.356,38.13,14.29,3,8.32,1,0
STR-009272,TreatmentB,B02,93.05,2.2,0.2168,219,20.25,0.1808,0.1714,54.64,20.99,0,5.19,0,1
STR-009273,TreatmentA,B01,120.07,1.84,0.2055,347,42.7,0.1311,0.4248,22.49,17.41,5,5.88,1,0
STR-009274,TreatmentA,B01,87.72,1.6,0.2341,187,25.35,0.3722,0.3043,53.99,34.21,2,8.49,0,0
STR-009275,TreatmentA,B02,80.04,1.58,0.213,665,16.36,0.5069,0.2554,33.99,37.03,1,6.8,0,1
STR-009276,Control,B02,117.95,1.44,0.1762,357,33.58,0.815,0.4008,36.29,23.78,0,5.21,1,1
STR-009277,TreatmentA,B01,129.2,1.34,0.3057,150,33.64,0.4262,0.2726,29.9,22.82,1,6.24,0,0
STR-009278,TreatmentA,B02,124.42,3.3,0.239,1275,63.85,0.4268,0.3589,43.46,25.07,1,8.25,0,1
STR-009279,TreatmentB,B02,94.33,2.38,0.2655,560,105.04,0.4159,0.2323,25.74,21.88,2,10.03,1,0
STR-009280,Control,B02,94.22,2.3,0.2291,161,18.07,0.3986,0.222,46.97,16.71,2,6.45,0,1
STR-009281,TreatmentB,B03,105.41,1.66,0.2652,330,21.57,0.4009,0.0781,29.23,31.16,4,5.36,1,0
STR-009282,TreatmentA,B02,112.72,1.93,0.2384,307,22.36,0.3827,0.2193,36.54,29.46,3,8.43,0,0
STR-009283,Control,B02,112.72,2.69,0.2041,182,31.55,0.619,0.1715,35.12,18.76,3,7.85,0,0
STR-009284,TreatmentA,B03,128.18,2.39,0.2294,685,76.26,0.2415,0.3175,62.85,8.33,2,7.63,0,1
STR-009285,TreatmentA,B02,101.45,1.64,0.2178,131,60.34,0.3949,0.2652,49.55,34.23,1,6.68,1,1
STR-009286,Control,B01,126.33,1.34,0.2582,581,50.06,0.3865,0.2989,68.91,30.5,2,6.25,1,1
STR-009287,Control,B02,91.08,2.07,0.2467,1215,41.79,0.3047,0.4731,74.73,22.52,4,5.54,0,0
STR-009288,TreatmentB,B01,108.48,1.59,0.2686,344,48.62,0.278,0.136,74.23,13.91,5,6.69,0,1
STR-009289,TreatmentB,B02,138.31,1.61,0.2335,468,23.78,0.3977,0.5111,19.31,26.03,3,7.56,1,1
STR-009290,TreatmentB,B03,83.04,1.69,0.2661,463,16.05,0.5434,0.3293,18.15,19.82,2,4.67,0,1
STR-009291,Control,B03,88.81,2.1,0.2527,534,11.97,0.5426,0.3215,45.86,14.27,2,7.87,0,1
STR-009292,TreatmentB,B02,66.0,2.04,0.2296,92,53.36,0.201,0.4375,28.82,26.25,2,7.41,0,0
STR-009293,TreatmentA,B03,79.86,2.12,0.2787,133,34.62,0.4843,0.1714,45.09,32.16,5,4.93,0,0
STR-009294,TreatmentA,B02,95.3,1.76,0.1862,1122,60.19,0.61,0.0633,29.73,17.99,1,4.11,0,0
STR-009295,TreatmentA,B02,102.29,1.85,0.243,673,23.83,0.3102,0.0711,39.13,30.33,3,7.51,0,1
STR-009296,Control,B02,115.41,3.72,0.2081,280,96.57,0.4313,0.1955,50.43,25.56,4,5.98,0,1
STR-009297,Control,B03,83.2,2.55,0.2609,282,30.67,0.0789,0.3117,46.49,25.38,0,7.03,0,1
STR-009298,TreatmentB,B01,90.39,1.21,0.1609,364,50.32,0.3905,0.3688,11.52,26.88,0,7.33,1,1
STR-009299,TreatmentA,B02,90.27,1.14,0.2679,108,63.68,0.2177,0.3122,55.82,26.21,1,6.06,0,1
STR-009300,TreatmentA,B01,97.87,1.75,0.2908,818,64.39,0.3093,0.3156,24.21,18.76,2,6.41,0,1
STR-009301,TreatmentA,B03,90.05,1.78,0.2532,667,36.05,0.5016,0.1043,27.38,21.62,3,4.73,1,0
STR-009302,Control,B03,110.09,2.45,0.202,131,10.48,0.597,0.3309,51.47,27.09,1,5.81,0,1
STR-009303,Control,B02,100.25,2.47,0.2852,416,21.44,0.4489,0.1922,39.72,12.64,5,9.07,0,0
STR-009304,TreatmentA,B02,68.82,2.65,0.2297,324,26.65,0.1844,0.2823,51.24,25.46,0,7.65,0,1
STR-009305,Control,B03,95.76,2.83,0.2402,233,29.05,0.2727,0.3602,80.05,23.5,4,7.68,0,0
STR-009306,Control,B03,96.83,1.64,0.2459,119,31.05,0.53,0.3817,74.69,26.38,1,6.87,0,1
STR-009307,Control,B03,108.22,2.26,0.2046,333,17.51,0.1463,0.1962,38.22,21.18,1,6.71,0,1
STR-009308,TreatmentA,B01,88.97,1.37,0.2563,830,52.28,0.2395,0.299,36.79,17.87,2,6.34,0,0
STR-009309,Control,B02,88.78,3.78,0.2741,468,54.42,0.1995,0.1971,42.77,19.33,7,6.75,0,1
STR-009310,Control,B03,97.05,3.07,0.2605,210,25.98,0.4944,0.3785,45.56,29.84,1,6.75,0,1
STR-009311,Control,B02,108.23,1.74,0.2493,210,25.1,0.7048,0.3872,39.27,26.27,4,6.2,1,1
STR-009312,Control,B01,93.67,3.28,0.17,223,23.33,0.7409,0.3879,71.67,11.85,3,6.02,0,1
STR-009313,Control,B03,117.71,2.22,0.2425,242,44.41,0.7456,0.1851,47.42,22.24,2,6.29,0,0
STR-009314,TreatmentB,B02,84.27,0.95,0.2094,101,269.39,0.3292,0.1913,15.22,16.24,2,5.67,1,1
STR-009315,TreatmentB,B03,64.54,2.41,0.2292,494,28.86,0.4442,0.1346,69.6,14.65,2,8.57,1,0
STR-009316,TreatmentB,B03,108.38,1.46,0.2095,498,35.15,0.5644,0.1022,17.73,19.3,2,7.97,0,0
STR-009317,Control,B01,104.35,2.19,0.231,231,28.6,0.2935,0.4702,45.36,17.83,3,9.14,0,0
STR-009318,Control,B01,120.24,3.01,0.272,698,35.7,0.4324,0.3998,43.3,24.78,3,3.76,0,0
STR-009319,TreatmentB,B02,97.67,1.0,0.2313,460,23.76,0.5374,0.2092,26.97,21.17,0,7.86,1,0
STR-009320,Control,B02,114.58,2.22,0.2838,104,23.86,0.3862,0.3576,38.46,8.71,2,6.51,1,1
STR-009321,Control,B01,110.42,2.63,0.2311,389,15.17,0.607,0.3639,57.46,20.4,4,6.1,0,1
STR-009322,TreatmentB,B02,73.6,1.37,0.2031,149,29.79,0.2579,0.4517,87.35,30.36,5,8.22,0,0
STR-009323,TreatmentA,B03,92.6,2.07,0.2265,392,42.92,0.5731,0.3962,29.96,25.18,6,5.36,0,0
STR-009324,TreatmentB,B03,141.15,1.29,0.2625,159,327.89,0.4798,0.3614,21.44,19.09,4,4.75,1,0
STR-009325,Control,B02,116.12,2.24,0.2553,432,39.58,0.305,0.1931,64.26,25.87,4,6.8,0,1
STR-009326,TreatmentB,B01,94.07,1.55,0.2817,108,44.37,0.6224,0.1062,34.55,14.86,1,6.8,0,0
STR-009327,TreatmentA,B03,126.97,2.04,0.1727,528,37.22,0.5773,0.4882,63.46,31.02,2,7.48,1,1
STR-009328,TreatmentB,B02,111.22,1.62,0.24,177,23.53,0.6285,0.4268,32.73,23.41,1,7.83,1,1
STR-009329,TreatmentB,B03,102.25,1.3,0.1776,168,43.66,0.6083,0.273,55.32,33.98,0,8.76,1,0
STR-009330,TreatmentB,B02,86.74,3.06,0.2984,209,41.58,0.4075,0.2992,20.8,25.16,5,8.19,0,0
STR-009331,TreatmentB,B02,85.73,1.59,0.2717,168,17.85,0.2549,0.2086,25.5,19.45,2,5.36,0,1
STR-009332,TreatmentA,B03,90.68,1.71,0.2494,298,48.06,0.3467,0.5811,18.65,20.64,1,7.39,0,0
STR-009333,TreatmentB,B02,106.39,0.62,0.25,730,21.3,0.3548,0.3827,20.0,21.16,1,4.27,1,0
STR-009334,TreatmentA,B03,79.4,2.55,0.227,359,37.75,0.4836,0.1424,19.11,31.19,1,5.05,0,0
STR-009335,TreatmentA,B02,104.01,1.65,0.2589,182,87.88,0.272,0.4538,32.87,25.72,2,7.47,1,0
STR-009336,TreatmentB,B01,101.3,1.39,0.2819,368,137.39,0.2926,0.3144,42.19,25.02,2,9.0,0,0
STR-009337,TreatmentB,B02,114.61,1.17,0.2142,124,121.0,0.357,0.4118,21.39,20.16,2,3.79,1,0
STR-009338,TreatmentB,B02,91.12,2.06,0.2303,140,30.56,0.2487,0.3331,18.08,32.47,0,9.1,0,0
STR-009339,TreatmentB,B01,115.09,1.92,0.1946,247,30.71,0.2853,0.1511,44.79,18.49,3,5.72,1,1
STR-009340,TreatmentB,B02,86.56,1.44,0.1778,279,19.66,0.1784,0.4157,13.54,34.58,3,5.36,1,0
STR-009341,TreatmentB,B03,104.37,1.01,0.2211,228,19.99,0.6135,0.5614,13.07,21.89,6,6.97,1,1
STR-009342,TreatmentA,B03,102.03,1.84,0.2975,452,20.43,0.4907,0.1659,30.95,26.16,3,6.43,1,0
STR-009343,Control,B02,84.14,2.48,0.2088,284,50.03,0.46,0.5064,50.57,25.95,5,7.08,0,1
STR-009344,TreatmentA,B02,110.61,2.6,0.1854,308,25.43,0.2361,0.2432,19.92,14.12,3,6.17,1,1
STR-009345,Control,B02,109.36,1.2,0.1884,155,18.06,0.4634,0.4591,45.14,25.03,2,7.51,1,1
STR-009346,Control,B02,98.09,1.74,0.2423,170,85.08,0.4117,0.1712,31.82,16.71,1,8.55,1,0
STR-009347,Control,B03,64.7,3.01,0.1949,503,31.86,0.1454,0.1368,41.9,29.15,0,7.3,0,1
STR-009348,TreatmentB,B01,78.81,3.45,0.1843,322,53.14,0.1459,0.362,23.44,14.34,1,6.35,1,1
STR-009349,TreatmentA,B02,118.77,1.61,0.2428,619,30.6,0.3356,0.0792,81.02,34.31,1,5.59,0,1
STR-009350,TreatmentA,B03,116.92,1.89,0.2123,479,33.59,0.4278,0.2168,16.99,24.95,3,7.58,1,1
STR-009351,TreatmentB,B01,94.69,0.78,0.2081,459,20.2,0.274,0.3716,26.41,22.83,6,6.15,1,1
STR-009352,Control,B03,108.65,3.63,0.2853,180,12.02,0.1938,0.549,32.65,33.87,2,7.96,0,0
STR-009353,Control,B02,111.18,2.04,0.237,457,24.84,0.2997,0.3319,39.02,24.78,3,4.78,1,0
STR-009354,Control,B01,104.96,2.62,0.1918,345,86.11,0.1966,0.4879,40.16,18.5,2,3.95,0,0
STR-009355,TreatmentB,B01,102.73,1.58,0.1735,310,22.53,0.2701,0.3333,13.32,23.7,7,9.71,1,0
STR-009356,TreatmentA,B02,107.18,1.83,0.2165,455,28.63,0.6576,0.3263,31.01,32.81,0,8.45,0,1
STR-009357,TreatmentA,B03,79.74,2.03,0.2019,411,40.07,0.4159,0.3765,21.81,8.57,2,4.32,1,0
STR-009358,Control,B01,95.52,2.15,0.2419,582,16.51,0.6193,0.2372,42.89,30.64,5,7.71,0,0
STR-009359,Control,B03,85.89,2.78,0.1723,306,22.27,0.2477,0.3297,26.94,27.71,3,7.73,1,1
STR-009360,Control,B02,122.2,2.24,0.2516,215,49.14,0.5219,0.1835,76.76,28.86,3,5.99,0,1
STR-009361,Control,B03,108.71,2.51,0.2856,567,8.31,0.2043,0.2764,24.52,30.16,4,4.52,0,0
STR-009362,TreatmentA,B01,111.35,1.41,0.2001,373,47.76,0.4546,0.1208,38.28,31.68,3,8.36,1,1
STR-009363,TreatmentA,B03,109.51,2.68,0.2342,350,28.37,0.1526,0.3288,45.46,13.03,0,8.24,0,1
STR-009364,TreatmentB,B03,83.31,1.3,0.2251,397,11.32,0.6588,0.1465,4.94,17.04,1,6.11,1,0
STR-009365,Control,B02,100.35,1.89,0.1809,478,65.69,0.4005,0.4233,37.51,28.06,3,8.69,1,0
STR-009366,Control,B02,87.44,2.15,0.2052,683,92.59,0.7363,0.3561,71.04,13.08,3,7.74,0,1
STR-009367,TreatmentB,B02,63.18,1.3,0.2568,93,10.59,0.7286,0.4584,9.74,13.41,2,5.61,1,1
STR-009368,TreatmentB,B02,148.27,3.23,0.2128,363,39.4,0.3637,0.2387,51.23,22.13,2,7.65,0,1
STR-009369,Control,B02,101.6,2.95,0.1889,280,19.51,0.1866,0.2788,24.3,25.57,3,7.96,1,0
STR-009370,TreatmentB,B02,93.07,1.26,0.243,380,17.37,0.2895,0.2372,37.65,26.45,3,5.74,1,1
STR-009371,TreatmentB,B01,108.93,0.58,0.2579,360,16.38,0.6151,0.2566,16.98,27.68,2,7.31,1,1
STR-009372,Control,B02,96.04,3.02,0.2984,127,43.67,0.2271,0.1575,52.01,26.68,4,4.12,0,1
STR-009373,Control,B01,94.8,2.12,0.2411,67,57.07,0.3376,0.4979,34.41,24.95,2,6.15,1,0
STR-009374,TreatmentB,B03,80.07,1.29,0.2548,201,20.89,0.5662,0.4187,19.23,24.03,1,9.33,1,1
STR-009375,TreatmentA,B02,120.7,1.77,0.2045,234,14.21,0.1804,0.3001,18.0,29.45,3,7.74,1,1
STR-009376,TreatmentA,B01,123.9,2.41,0.1567,244,76.35,0.4456,0.3025,21.28,23.99,1,9.17,1,1
STR-009377,TreatmentA,B03,140.37,1.68,0.2459,574,30.39,0.5791,0.4033,48.84,23.61,2,6.99,0,1
STR-009378,TreatmentB,B01,106.66,1.86,0.2059,328,109.77,0.3198,0.1004,23.07,16.0,3,8.06,1,1
STR-009379,TreatmentB,B03,102.06,0.57,0.2574,357,44.55,0.3804,0.4018,51.37,19.28,4,9.4,1,0
STR-009380,TreatmentA,B02,117.82,1.41,0.1717,176,82.07,0.3619,0.2337,21.48,16.19,1,6.42,1,1
STR-009381,TreatmentB,B03,118.37,0.93,0.2462,255,31.48,0.4016,0.1272,43.65,36.61,1,8.67,0,0
STR-009382,TreatmentA,B03,118.28,2.77,0.2902,209,59.43,0.3386,0.2669,52.93,24.76,1,5.43,0,1
STR-009383,Control,B03,74.75,4.41,0.1921,489,61.42,0.3267,0.2601,50.89,28.53,2,7.49,0,1
STR-009384,TreatmentA,B01,105.76,2.13,0.1927,783,59.33,0.4349,0.2701,39.29,45.37,1,7.08,1,1
STR-009385,TreatmentA,B01,87.66,2.89,0.2554,204,26.0,0.7039,0.2307,52.28,20.86,3,5.3,0,0
STR-009386,Control,B03,109.09,2.27,0.2424,773,20.44,0.3555,0.1569,45.7,24.02,1,6.45,0,1
STR-009387,TreatmentA,B03,114.97,2.44,0.2253,396,68.68,0.3426,0.3758,26.1,35.5,3,4.88,1,0
STR-009388,TreatmentB,B02,108.62,0.85,0.2021,505,48.71,0.6313,0.2644,38.04,28.85,3,4.04,1,0
STR-009389,Control,B02,86.3,1.64,0.2056,525,31.32,0.3629,0.23,62.36,20.19,6,7.36,1,1
STR-009390,TreatmentA,B02,104.98,2.5,0.1636,337,24.13,0.7511,0.1535,27.17,24.02,0,8.21,1,0
STR-009391,TreatmentB,B01,83.24,0.9,0.2684,789,53.16,0.751,0.278,10.58,23.76,2,6.85,1,1
STR-009392,TreatmentB,B03,83.77,2.68,0.1873,464,33.86,0.2242,0.1383,30.88,18.8,3,7.38,0,1
STR-009393,TreatmentB,B03,119.79,0.57,0.2512,350,22.64,0.2961,0.2558,35.65,13.65,2,7.24,1,1
STR-009394,TreatmentA,B02,97.91,2.46,0.207,185,83.81,0.272,0.4395,25.77,21.3,1,8.38,1,0
STR-009395,TreatmentB,B02,98.93,1.31,0.2404,152,29.59,0.3244,0.4901,30.49,27.99,1,5.88,1,0
STR-009396,TreatmentB,B03,89.82,2.9,0.2392,277,30.86,0.5811,0.532,25.65,33.43,3,8.53,1,1
STR-009397,Control,B02,90.05,1.81,0.2903,80,35.72,0.7744,0.2382,25.87,24.37,5,5.96,0,0
STR-009398,TreatmentA,B02,73.42,1.98,0.2342,335,27.97,0.3394,0.1478,54.8,22.83,3,6.11,0,1
STR-009399,TreatmentB,B01,104.78,2.16,0.2216,413,24.83,0.63,0.3236,23.47,21.27,1,4.94,0,0
STR-009400,TreatmentA,B03,105.84,1.63,0.2488,387,56.59,0.1939,0.3166,39.82,23.98,3,5.87,1,0
STR-009401,TreatmentA,B02,105.89,1.53,0.2098,250,25.97,0.4929,0.3061,40.03,20.06,2,5.23,1,0
STR-009402,Control,B02,127.25,2.73,0.2899,218,47.2,0.1872,0.3818,44.71,19.82,3,6.71,0,0
STR-009403,Control,B03,109.28,3.06,0.2935,350,21.9,0.4702,0.2885,31.77,19.74,1,9.28,0,0
STR-009404,TreatmentB,B03,101.3,1.15,0.2154,178,13.39,0.4994,0.2202,7.45,15.78,1,6.7,1,0
STR-009405,TreatmentA,B01,80.69,2.79,0.2028,321,34.27,0.289,0.2774,27.0,21.37,4,6.8,0,1
STR-009406,TreatmentB,B01,104.53,2.66,0.2593,212,28.31,0.6362,0.5387,55.87,29.95,3,5.84,0,1
STR-009407,Control,B03,108.82,1.97,0.2269,201,8.96,0.2692,0.222,42.91,22.22,1,5.89,1,1
STR-009408,Control,B02,86.7,3.56,0.1955,156,18.84,0.2067,0.5353,31.34,32.36,4,6.47,0,0
STR-009409,Control,B02,139.23,2.21,0.1984,376,67.57,0.3841,0.1794,58.42,35.93,1,6.85,1,0
STR-009410,TreatmentB,B03,105.36,0.8,0.233,325,10.38,0.3985,0.1038,68.73,16.45,3,9.51,1,0
STR-009411,TreatmentB,B03,78.16,0.93,0.2555,666,98.15,0.3354,0.2849,35.0,30.89,1,7.3,1,1
STR-009412,TreatmentA,B01,113.63,2.18,0.2582,278,15.27,0.3005,0.3347,65.78,18.49,1,8.16,0,0
STR-009413,TreatmentA,B03,119.81,1.88,0.2999,138,32.16,0.381,0.32,14.62,29.68,2,5.64,0,0
STR-009414,TreatmentB,B02,88.67,2.33,0.2712,172,16.38,0.7354,0.3096,42.84,22.25,1,7.53,0,1
STR-009415,Control,B01,103.24,2.88,0.243,363,33.37,0.409,0.3623,42.8,30.9,1,7.19,0,1
STR-009416,Control,B02,108.26,2.29,0.228,900,12.33,0.201,0.3522,47.63,25.66,2,6.41,1,1
STR-009417,TreatmentA,B01,86.51,2.32,0.1913,303,39.02,0.4426,0.2278,33.71,35.81,2,6.68,1,1
STR-009418,Control,B02,107.79,4.4,0.1777,121,59.7,0.4494,0.213,40.07,27.37,3,8.04,0,0
STR-009419,Control,B03,87.55,1.86,0.2173,309,51.18,0.4829,0.395,61.42,30.72,3,6.48,0,1
STR-009420,TreatmentA,B03,104.35,1.09,0.2632,299,17.97,0.7734,0.4851,24.72,20.11,5,7.65,1,1
STR-009421,TreatmentA,B01,81.75,1.18,0.2456,97,9.92,0.3842,0.112,49.34,35.36,5,6.49,1,1
STR-009422,TreatmentA,B03,103.2,2.71,0.2454,805,14.79,0.4524,0.2588,69.28,23.92,5,6.62,0,1
STR-009423,Control,B02,93.21,3.09,0.2165,186,74.43,0.4164,0.5481,33.44,24.68,2,7.79,0,0
STR-009424,Control,B02,93.38,2.48,0.2645,357,30.56,0.5452,0.3063,36.72,41.14,3,6.76,0,0
STR-009425,TreatmentB,B03,72.27,1.17,0.2691,348,45.74,0.2472,0.2471,41.45,27.48,5,6.1,1,1
STR-009426,TreatmentB,B01,85.8,1.99,0.2114,153,33.04,0.1788,0.4249,41.93,24.05,2,6.05,1,1
STR-009427,Control,B02,87.66,1.76,0.2509,211,17.42,0.3566,0.2272,42.44,23.99,2,8.75,0,0
STR-009428,TreatmentB,B02,104.86,2.78,0.2645,315,32.02,0.2226,0.3783,9.19,7.3,5,7.92,0,0
STR-009429,TreatmentA,B01,96.58,1.35,0.2311,176,35.58,0.5102,0.321,31.48,25.8,1,8.96,1,0
STR-009430,TreatmentA,B02,117.36,2.22,0.2668,152,25.79,0.3601,0.3003,27.3,39.07,2,8.36,0,0
STR-009431,TreatmentB,B03,117.0,1.71,0.236,155,25.21,0.6963,0.4478,16.59,17.01,4,6.8,1,1
STR-009432,TreatmentB,B02,110.55,1.88,0.2884,886,67.73,0.3042,0.1606,18.65,25.54,3,7.23,0,1
STR-009433,TreatmentA,B03,106.26,3.53,0.2312,255,30.66,0.519,0.1816,98.84,20.37,1,6.54,0,0
STR-009434,TreatmentA,B01,94.29,3.13,0.2924,398,13.23,0.347,0.2851,25.59,10.98,1,4.15,0,1
STR-009435,TreatmentB,B02,110.93,1.66,0.1938,307,32.77,0.5423,0.2673,16.55,35.09,3,7.01,1,1
STR-009436,Control,B02,87.54,1.97,0.237,272,62.77,0.3818,0.4237,32.15,29.25,4,5.61,1,0
STR-009437,TreatmentB,B03,86.92,1.22,0.2074,370,13.87,0.384,0.3674,30.04,24.35,3,7.58,1,1
STR-009438,Control,B02,62.8,1.42,0.2396,207,106.6,0.3936,0.3072,32.27,24.65,4,7.39,1,1
STR-009439,TreatmentA,B02,90.64,2.2,0.2214,169,14.74,0.6217,0.3987,36.56,32.68,4,7.47,0,1
STR-009440,TreatmentB,B02,120.61,2.87,0.2479,512,40.18,0.3337,0.1919,39.27,34.01,2,8.36,0,1
STR-009441,Control,B01,116.89,2.52,0.2323,155,45.4,0.4097,0.3484,23.19,26.95,3,7.66,0,1
STR-009442,TreatmentB,B01,81.81,2.88,0.2397,548,33.41,0.4748,0.2999,24.62,20.89,5,7.0,0,0
STR-009443,TreatmentA,B01,73.73,2.84,0.2253,136,53.86,0.5705,0.4302,26.32,22.73,1,7.93,0,1
STR-009444,Control,B02,101.56,2.45,0.2349,258,27.67,0.6703,0.2422,32.94,19.1,5,6.84,1,0
STR-009445,TreatmentA,B01,86.2,2.82,0.2736,212,78.74,0.2779,0.1735,11.96,22.3,3,8.78,0,1
STR-009446,TreatmentA,B01,106.77,1.11,0.2273,309,21.76,0.578,0.2015,22.43,37.24,3,5.44,1,0
STR-009447,TreatmentB,B01,87.33,1.1,0.197,705,36.56,0.4016,0.1134,23.66,27.05,0,5.0,1,0
STR-009448,TreatmentB,B01,94.76,1.91,0.273,707,33.6,0.4077,0.4012,33.63,28.28,4,5.51,0,0
STR-009449,TreatmentB,B01,72.83,1.53,0.2383,477,69.76,0.4791,0.3074,40.07,18.09,1,7.26,0,1
STR-009450,Control,B02,80.19,2.69,0.2394,339,16.25,0.4035,0.1743,18.15,25.71,2,5.05,1,0
STR-009451,TreatmentA,B02,121.07,1.8,0.2073,314,26.8,0.2921,0.372,25.58,17.26,1,7.72,1,1
STR-009452,Control,B02,102.16,2.76,0.2325,379,39.17,0.4266,0.5848,36.87,24.25,2,7.39,1,1
STR-009453,TreatmentB,B03,106.29,1.42,0.2109,200,15.81,0.6021,0.3473,1.48,25.81,2,7.34,1,1
STR-009454,TreatmentB,B03,64.11,1.65,0.1479,192,66.38,0.5281,0.0771,30.05,21.02,1,3.82,1,0
STR-009455,TreatmentA,B03,102.47,1.61,0.2419,455,17.98,0.4446,0.1726,48.54,29.57,1,6.0,1,1
STR-009456,TreatmentA,B02,96.71,2.07,0.2546,195,40.12,0.3144,0.2759,36.99,18.64,5,8.1,1,0
STR-009457,TreatmentA,B03,126.97,1.39,0.2277,102,36.95,0.6075,0.0959,46.64,20.01,1,6.82,0,0
STR-009458,Control,B01,93.22,2.76,0.2243,96,42.79,0.3017,0.4004,39.49,17.66,2,5.11,1,0
STR-009459,TreatmentA,B01,95.96,1.76,0.2746,219,75.27,0.5222,0.2101,48.87,25.64,2,7.52,0,1
STR-009460,Control,B03,93.43,2.58,0.2761,119,43.23,0.4986,0.2924,29.89,23.51,2,7.29,0,1
STR-009461,Control,B03,115.51,3.09,0.2887,242,54.21,0.7654,0.2304,25.58,28.13,0,7.32,0,0
STR-009462,Control,B01,79.4,1.66,0.271,77,38.39,0.6796,0.2199,53.37,22.8,3,7.22,0,0
STR-009463,TreatmentB,B03,82.88,1.31,0.2077,595,12.24,0.394,0.2368,52.38,35.49,2,5.64,1,0
STR-009464,TreatmentB,B01,99.28,2.41,0.1983,475,41.53,0.5236,0.126,27.76,35.01,3,6.99,1,1
STR-009465,Control,B01,141.35,3.24,0.184,160,92.33,0.2848,0.3327,83.5,32.63,1,5.98,0,1
STR-009466,TreatmentB,B02,92.7,0.68,0.2321,104,35.38,0.4749,0.3777,15.79,27.9,1,6.89,1,1
STR-009467,TreatmentA,B02,113.61,1.42,0.2664,217,20.92,0.494,0.327,32.99,20.92,1,8.19,1,0
STR-009468,TreatmentB,B03,88.01,0.99,0.2012,482,73.2,0.723,0.3747,30.49,32.59,5,3.65,1,0
STR-009469,TreatmentB,B02,69.95,3.58,0.2302,210,49.24,0.5248,0.4121,11.75,21.49,1,6.29,1,1
STR-009470,TreatmentB,B03,129.34,1.13,0.2632,325,54.31,0.5,0.4486,3.28,21.84,2,7.64,1,1
STR-009471,Control,B03,84.56,2.2,0.2871,389,32.42,0.2311,0.2411,70.61,24.16,3,7.59,0,1
STR-009472,TreatmentB,B01,104.72,1.85,0.2291,179,62.78,0.3533,0.372,22.97,29.95,4,3.94,1,0
STR-009473,Control,B03,107.8,2.18,0.2679,113,19.67,0.4582,0.2904,28.84,20.61,2,6.74,0,1
STR-009474,Control,B01,101.31,2.03,0.2419,208,57.98,0.5134,0.1059,22.24,25.52,2,6.42,0,0
STR-009475,TreatmentB,B02,90.61,2.73,0.2537,242,27.08,0.3539,0.2106,44.84,26.29,2,6.67,0,1
STR-009476,Control,B02,103.49,1.94,0.1719,354,22.36,0.5783,0.1014,23.18,21.94,3,6.38,1,0
STR-009477,Control,B02,99.3,2.97,0.2267,513,57.42,0.2268,0.1611,29.82,29.34,1,6.49,1,1
STR-009478,TreatmentA,B01,93.97,2.21,0.1939,124,40.7,0.3218,0.4416,28.24,16.45,2,5.09,1,0
STR-009479,TreatmentA,B03,95.64,1.88,0.211,931,34.48,0.3578,0.1843,48.26,29.83,3,6.1,1,0
STR-009480,TreatmentB,B01,89.49,3.33,0.2758,284,16.3,0.4342,0.13,20.92,29.39,3,6.49,0,1
STR-009481,TreatmentB,B03,87.34,1.69,0.2284,371,27.34,0.2723,0.2204,15.39,28.84,4,8.78,1,0
STR-009482,TreatmentA,B01,121.83,2.54,0.2577,317,84.25,0.3357,0.1773,27.08,27.48,2,7.06,0,1
STR-009483,TreatmentB,B02,73.49,1.03,0.2458,138,28.77,0.3131,0.4068,17.47,24.21,2,6.08,0,0
STR-009484,TreatmentB,B01,96.99,0.84,0.195,469,26.45,0.4182,0.3018,35.07,28.52,3,6.69,1,1
STR-009485,Control,B02,70.78,2.52,0.2589,155,32.92,0.3436,0.2626,42.79,30.2,4,4.77,0,0
STR-009486,TreatmentA,B01,98.82,1.83,0.2395,439,33.96,0.4594,0.2498,11.67,32.1,7,10.54,1,0
STR-009487,Control,B02,104.66,2.3,0.1848,258,21.93,0.5937,0.093,70.38,26.22,1,6.31,1,0
STR-009488,Control,B02,94.14,2.6,0.2437,263,19.99,0.5055,0.1805,33.76,16.38,3,7.29,0,0
STR-009489,TreatmentA,B01,94.93,2.32,0.1842,235,34.44,0.4342,0.2116,25.21,29.72,3,4.86,1,0
STR-009490,TreatmentB,B02,117.58,1.83,0.3123,205,25.02,0.4786,0.2378,25.33,18.23,3,3.27,0,0
STR-009491,Control,B03,81.79,2.98,0.2528,99,34.74,0.1782,0.438,56.65,17.92,0,6.98,0,0
STR-009492,TreatmentA,B03,121.56,2.08,0.1708,203,40.1,0.6148,0.3033,43.26,37.6,1,7.91,1,1
STR-009493,TreatmentB,B03,84.52,1.72,0.1616,407,40.99,0.4692,0.1503,11.54,25.65,2,9.01,1,0
STR-009494,TreatmentA,B02,109.18,3.24,0.2226,578,28.27,0.3706,0.1886,15.98,27.05,4,4.28,0,0
STR-009495,Control,B01,101.29,3.2,0.1671,180,65.23,0.255,0.4334,52.12,29.9,3,5.94,1,0
STR-009496,Control,B01,91.91,1.65,0.1958,773,35.16,0.4626,0.3324,40.25,26.64,0,5.54,1,1
STR-009497,TreatmentB,B01,120.13,1.26,0.2271,103,72.73,0.3539,0.375,27.49,15.21,2,9.84,1,0
STR-009498,TreatmentB,B03,123.2,1.02,0.1854,191,15.77,0.3187,0.4654,27.23,30.19,3,7.19,1,0
STR-009499,Control,B03,95.32,2.62,0.2601,124,30.28,0.3646,0.2841,58.42,21.08,6,5.18,0,0
STR-009500,TreatmentB,B02,119.49,2.92,0.2847,1006,33.67,0.389,0.4235,72.69,13.56,2,7.03,0,1
STR-009501,Control,B03,74.12,1.55,0.2541,329,33.03,0.2696,0.5111,64.13,23.88,4,9.37,0,0
STR-009502,TreatmentB,B02,100.8,1.28,0.2566,196,51.96,0.4641,0.4357,18.14,17.6,1,6.75,0,1
STR-009503,TreatmentB,B03,86.04,2.22,0.214,307,24.43,0.3546,0.195,37.6,21.61,4,5.96,1,1
STR-009504,Control,B02,104.8,2.19,0.2176,123,29.66,0.4569,0.313,26.71,23.71,3,5.4,1,0
STR-009505,Control,B01,122.22,2.52,0.218,89,24.71,0.4813,0.299,25.67,24.3,1,8.04,1,1
STR-009506,TreatmentB,B02,105.84,2.09,0.2098,128,29.65,0.5771,0.4109,48.78,17.39,0,6.76,0,1
STR-009507,TreatmentA,B02,90.6,2.24,0.2756,310,67.31,0.1944,0.3866,24.77,31.75,4,9.76,0,0
STR-009508,Control,B01,84.4,2.16,0.1582,113,86.42,0.6002,0.3289,35.43,16.82,2,6.92,0,1
STR-009509,TreatmentB,B01,86.55,2.04,0.2248,258,18.52,0.4055,0.4685,17.25,25.75,2,8.48,1,1
STR-009510,TreatmentB,B03,105.97,1.79,0.2754,224,165.0,0.2794,0.1555,19.3,39.65,3,8.83,0,1
STR-009511,TreatmentB,B02,117.24,1.49,0.2136,253,36.42,0.1385,0.2232,40.18,25.52,2,7.89,1,1
STR-009512,TreatmentA,B01,87.82,2.63,0.1664,409,6.7,0.1938,0.3001,50.14,31.44,1,7.26,1,0
STR-009513,TreatmentB,B02,103.6,1.5,0.2072,227,39.68,0.2523,0.2784,32.48,19.71,2,7.17,1,0
STR-009514,Control,B01,123.5,2.19,0.241,375,108.8,0.2501,0.3519,48.91,28.74,2,10.07,0,0
STR-009515,Control,B03,80.59,2.65,0.2425,254,34.18,0.3702,0.4326,60.54,26.36,0,5.6,0,0
STR-009516,TreatmentB,B03,135.25,1.36,0.3024,183,47.78,0.4336,0.1892,16.67,13.93,3,7.16,0,1
STR-009517,TreatmentA,B01,92.16,1.83,0.2487,166,17.86,0.2966,0.1562,16.01,21.27,6,5.79,1,0
STR-009518,TreatmentB,B03,115.45,0.53,0.2402,627,7.14,0.2294,0.1884,31.72,24.77,3,7.15,0,1
STR-009519,TreatmentB,B01,106.4,1.58,0.2098,259,11.03,0.3926,0.3935,24.36,14.28,0,7.85,1,0
STR-009520,TreatmentA,B03,107.66,2.63,0.1662,475,55.18,0.3432,0.1775,27.58,22.78,2,7.89,1,1
STR-009521,TreatmentB,B02,77.02,1.29,0.173,212,5.29,0.3874,0.1748,39.05,27.94,5,7.76,0,1
STR-009522,TreatmentB,B02,87.81,0.89,0.1917,957,24.12,0.3981,0.3341,30.0,37.33,2,7.33,1,1
STR-009523,Control,B02,81.66,1.64,0.2285,520,61.06,0.4624,0.3069,48.52,14.41,1,6.35,0,0
STR-009524,Control,B02,112.15,2.3,0.206,509,35.84,0.5304,0.514,25.01,21.07,1,6.97,1,1
STR-009525,TreatmentB,B03,105.95,1.21,0.2069,371,22.57,0.3674,0.0951,23.89,18.11,4,9.1,1,0
STR-009526,TreatmentB,B02,123.43,1.91,0.2069,75,32.19,0.3754,0.2335,19.59,34.93,4,6.94,1,1
STR-009527,TreatmentB,B03,70.07,0.64,0.2155,131,23.56,0.2006,0.2779,15.48,21.63,2,7.46,1,0
STR-009528,Control,B02,101.37,1.27,0.2335,199,18.27,0.395,0.2257,36.78,12.88,2,7.52,1,0
STR-009529,TreatmentB,B03,104.01,1.23,0.2571,142,25.18,0.4917,0.3849,37.65,30.18,3,7.8,0,1
STR-009530,TreatmentB,B03,69.78,1.74,0.2806,1333,22.34,0.4809,0.2493,80.34,22.06,3,7.39,0,1
STR-009531,TreatmentB,B03,88.61,1.06,0.2187,176,41.75,0.2341,0.2737,22.36,15.75,1,6.65,1,1
STR-009532,TreatmentA,B01,104.91,2.21,0.2207,220,22.81,0.4933,0.2021,13.8,8.59,4,7.13,0,0
STR-009533,TreatmentA,B02,102.02,2.03,0.2421,553,22.62,0.3234,0.1529,25.6,19.33,3,7.62,1,1
STR-009534,TreatmentA,B03,124.62,1.17,0.2447,454,23.99,0.4401,0.444,120.59,20.04,2,5.57,0,1
STR-009535,TreatmentA,B01,111.07,2.96,0.2617,202,68.92,0.4912,0.4208,32.04,23.09,1,7.23,0,1
STR-009536,Control,B02,119.82,1.86,0.2693,155,41.85,0.3309,0.3928,46.17,22.38,3,8.79,0,1
STR-009537,TreatmentA,B01,94.45,2.35,0.2513,377,22.27,0.5884,0.3792,32.74,21.74,3,4.21,1,0
STR-009538,Control,B03,89.08,2.77,0.2464,458,22.49,0.3048,0.242,26.27,18.26,5,7.46,0,1
STR-009539,Control,B02,110.28,2.83,0.2108,163,9.97,0.2744,0.1481,38.2,18.75,2,6.51,0,1
STR-009540,TreatmentB,B01,129.07,0.94,0.236,645,21.79,0.6502,0.3047,2.85,22.92,1,8.7,1,1
STR-009541,TreatmentB,B01,107.98,2.41,0.2996,198,28.64,0.4319,0.4237,22.87,29.19,1,4.81,0,0
STR-009542,TreatmentA,B02,80.65,1.83,0.2295,137,23.3,0.4432,0.2244,49.55,9.97,3,6.9,1,1
STR-009543,TreatmentA,B02,96.17,3.75,0.2433,241,43.9,0.3978,0.3992,25.95,20.37,6,7.34,0,1
STR-009544,Control,B03,114.82,2.27,0.1863,325,44.83,0.3257,0.1266,36.36,37.47,2,7.73,1,0
STR-009545,TreatmentB,B01,90.93,1.61,0.2842,499,15.18,0.2464,0.3289,11.88,22.75,1,6.32,1,1
STR-009546,TreatmentB,B03,116.66,1.2,0.2151,168,85.36,0.4333,0.3627,21.49,24.47,0,7.33,0,1
STR-009547,Control,B01,93.18,3.27,0.2557,516,17.91,0.3598,0.1124,55.9,10.49,2,6.96,0,1
STR-009548,TreatmentB,B01,105.16,1.13,0.2193,233,78.33,0.4368,0.3405,47.53,38.2,3,7.24,1,1
STR-009549,TreatmentA,B03,111.41,1.23,0.2694,320,34.34,0.2933,0.3825,59.91,28.42,1,8.83,0,0
STR-009550,Control,B01,102.92,2.71,0.2146,584,18.33,0.3549,0.1995,43.16,35.95,4,6.15,0,1
STR-009551,TreatmentB,B02,88.15,2.06,0.2505,95,39.39,0.4595,0.2282,65.24,28.63,4,7.83,0,0
STR-009552,Control,B02,97.4,3.69,0.2641,167,28.83,0.5307,0.2602,26.71,22.09,2,6.97,0,0
STR-009553,TreatmentA,B02,96.02,2.29,0.1707,198,27.72,0.4739,0.3921,19.39,31.41,4,8.54,1,1
STR-009554,TreatmentA,B02,117.98,1.63,0.1933,418,40.85,0.3363,0.1286,33.28,30.86,1,6.41,1,1
STR-009555,TreatmentA,B03,108.91,1.67,0.1961,484,9.19,0.2613,0.4112,15.37,19.93,3,8.36,1,0
STR-009556,TreatmentB,B02,122.99,1.76,0.21,129,29.94,0.3435,0.241,10.8,18.91,3,8.08,1,1
STR-009557,TreatmentB,B02,71.1,2.01,0.202,352,39.13,0.2202,0.262,18.69,24.65,2,6.71,1,1
STR-009558,Control,B02,105.74,2.38,0.2227,182,24.46,0.3409,0.2773,37.2,25.91,2,5.59,1,1
STR-009559,Control,B02,93.13,1.99,0.2596,598,21.24,0.437,0.3941,54.3,28.62,2,8.52,0,1
STR-009560,TreatmentB,B01,109.05,2.25,0.2184,252,38.52,0.4855,0.3215,45.58,32.71,4,8.23,1,1
STR-009561,Control,B02,98.7,1.89,0.2154,180,27.69,0.3954,0.5304,39.57,10.36,2,6.63,1,1
STR-009562,TreatmentB,B02,114.79,1.09,0.2412,120,36.01,0.2747,0.3114,18.35,28.08,2,7.18,1,1
STR-009563,TreatmentB,B03,136.12,0.84,0.2453,245,35.47,0.52,0.3483,20.15,34.43,5,6.35,0,1
STR-009564,TreatmentB,B03,97.81,0.87,0.2451,91,11.4,0.3023,0.1606,39.78,19.28,2,5.32,1,0
STR-009565,TreatmentB,B01,69.63,1.67,0.2258,284,25.31,0.4697,0.4649,44.15,23.84,3,6.89,1,1
STR-009566,TreatmentB,B02,114.73,1.41,0.2229,422,45.54,0.4166,0.3975,10.05,25.5,4,7.84,1,1
STR-009567,TreatmentB,B01,103.16,1.59,0.2132,182,53.74,0.1791,0.4252,9.32,28.37,1,6.69,1,0
STR-009568,TreatmentA,B01,116.34,1.16,0.2092,457,13.1,0.3568,0.34,36.18,23.61,1,5.41,0,1
STR-009569,Control,B02,95.87,2.69,0.2808,128,27.57,0.4354,0.3264,31.23,19.78,1,6.24,0,0
STR-009570,Control,B02,99.31,3.09,0.2098,839,12.11,0.4551,0.087,30.64,32.14,2,8.62,0,0
STR-009571,TreatmentA,B01,95.38,1.14,0.1856,193,8.76,0.5447,0.3782,22.26,31.19,1,6.63,1,1
STR-009572,TreatmentA,B03,112.33,1.51,0.1963,878,7.92,0.324,0.3549,27.14,21.83,4,8.78,1,1
STR-009573,TreatmentA,B02,85.05,1.32,0.2333,204,69.09,0.22,0.2307,33.89,22.41,5,8.31,1,1
STR-009574,Control,B02,93.71,2.43,0.315,369,41.61,0.2443,0.1621,51.29,17.28,1,7.64,0,1
STR-009575,Control,B03,108.72,2.39,0.2054,381,51.09,0.3198,0.2135,34.85,28.46,0,8.22,1,1
STR-009576,TreatmentB,B03,97.5,1.07,0.204,672,42.06,0.3454,0.5279,40.08,26.49,4,7.18,1,1
STR-009577,TreatmentB,B02,131.31,1.17,0.193,224,22.16,0.2225,0.4058,0.58,26.96,0,5.57,1,0
STR-009578,TreatmentB,B02,101.71,1.22,0.2544,442,14.25,0.4963,0.2432,38.85,13.85,2,8.0,1,0
STR-009579,TreatmentB,B02,104.2,1.79,0.2333,721,25.68,0.2125,0.2855,10.46,22.56,6,6.41,1,1
STR-009580,Control,B02,88.68,1.85,0.2783,161,25.19,0.525,0.3273,64.67,20.67,2,8.13,0,0
STR-009581,TreatmentA,B03,113.32,2.54,0.1397,768,68.74,0.5416,0.1491,29.01,32.69,1,7.92,1,0
STR-009582,TreatmentA,B02,131.05,3.71,0.2615,808,41.72,0.4137,0.3764,27.61,27.71,4,5.39,0,1
STR-009583,TreatmentB,B03,95.24,2.14,0.2265,246,41.28,0.4415,0.2568,9.46,25.52,1,7.95,1,1
STR-009584,TreatmentA,B02,100.53,1.44,0.1959,376,36.66,0.4168,0.3063,23.68,18.53,1,12.06,1,0
STR-009585,Control,B01,104.79,3.26,0.2031,848,27.46,0.1971,0.3606,41.77,27.19,5,6.24,0,0
STR-009586,TreatmentA,B02,95.41,2.71,0.1945,281,25.19,0.5391,0.2717,15.81,28.17,4,7.37,0,0
STR-009587,TreatmentB,B01,91.14,1.84,0.2568,457,65.91,0.3882,0.2317,31.31,33.29,1,7.02,0,1
STR-009588,TreatmentA,B01,91.21,1.65,0.2502,830,26.81,0.3378,0.2282,18.05,16.73,5,5.48,1,1
STR-009589,Control,B02,102.67,2.95,0.2903,268,39.56,0.5958,0.5475,55.75,14.71,3,10.75,0,1
STR-009590,Control,B02,66.44,1.84,0.2489,394,15.1,0.6306,0.2855,65.5,27.85,1,8.15,0,0
STR-009591,Control,B01,79.57,2.61,0.2775,240,38.1,0.3185,0.5026,50.96,16.51,2,6.73,0,1
STR-009592,TreatmentB,B01,107.76,1.6,0.2575,271,78.97,0.3246,0.0693,17.73,19.16,3,7.73,1,1
STR-009593,TreatmentB,B02,112.31,0.9,0.1988,112,43.89,0.2257,0.248,44.02,14.5,2,9.28,1,0
STR-009594,TreatmentA,B03,108.08,1.51,0.2604,245,29.42,0.343,0.6033,66.95,25.29,0,6.16,0,0
STR-009595,TreatmentB,B01,80.85,1.79,0.222,229,26.04,0.394,0.1707,11.94,23.37,0,9.65,1,0
STR-009596,Control,B01,98.47,2.25,0.199,147,69.9,0.503,0.2326,21.43,23.81,0,5.85,1,0
STR-009597,TreatmentA,B02,94.29,1.39,0.2638,193,121.02,0.5132,0.3304,42.24,11.23,3,7.76,0,1
STR-009598,Control,B02,107.08,1.91,0.3521,71,18.06,0.4,0.458,51.33,25.23,2,7.2,0,1
STR-009599,TreatmentA,B02,94.07,1.52,0.1707,274,8.25,0.3098,0.1754,76.72,14.13,1,7.61,0,0
STR-009600,Control,B03,111.22,2.06,0.2623,203,22.0,0.3299,0.1053,36.51,22.17,4,6.54,0,1
STR-009601,TreatmentB,B02,100.44,1.6,0.2283,312,51.06,0.4343,0.5024,19.64,17.81,1,6.33,1,1
STR-009602,TreatmentB,B03,103.43,0.93,0.2094,291,97.69,0.4388,0.1735,29.43,25.87,3,8.22,1,0
STR-009603,Control,B01,108.52,1.63,0.1744,146,42.63,0.5025,0.4581,49.09,17.23,1,5.05,1,0
STR-009604,Control,B01,121.91,3.16,0.2866,823,36.16,0.4342,0.3976,32.94,24.98,1,7.94,0,1
STR-009605,Control,B01,79.63,3.17,0.2611,107,13.81,0.4471,0.1463,44.5,37.02,2,10.38,0,0
STR-009606,TreatmentB,B02,105.07,2.31,0.2373,209,65.3,0.292,0.3236,14.78,33.99,2,7.43,1,0
STR-009607,Control,B01,98.36,1.96,0.2588,422,34.29,0.3456,0.321,54.34,23.23,1,3.92,1,0
STR-009608,Control,B03,100.96,2.11,0.2452,160,21.19,0.5892,0.3598,38.29,28.29,6,6.43,0,1
STR-009609,TreatmentA,B02,117.78,1.74,0.228,177,48.33,0.3386,0.0907,33.17,14.91,6,5.9,0,1
STR-009610,Control,B03,89.38,2.91,0.3065,307,28.6,0.1822,0.1563,57.16,27.84,2,6.98,0,1
STR-009611,Control,B02,84.61,1.7,0.2304,280,54.55,0.281,0.2203,29.32,24.57,1,8.55,1,1
STR-009612,Control,B02,114.79,1.94,0.3125,414,42.7,0.3682,0.3006,40.24,20.93,5,6.56,0,0
STR-009613,TreatmentB,B02,121.88,1.74,0.1809,418,37.76,0.4109,0.2333,5.53,35.5,2,9.07,1,1
STR-009614,Control,B02,98.51,2.46,0.1625,479,39.95,0.3567,0.2961,48.25,21.38,1,6.79,1,0
STR-009615,TreatmentB,B03,82.79,1.46,0.2111,203,43.7,0.6232,0.1555,25.73,23.83,3,6.32,0,0
STR-009616,TreatmentB,B01,84.59,1.72,0.2306,221,14.0,0.3206,0.3925,17.88,20.75,1,7.4,0,0
STR-009617,TreatmentB,B02,85.02,0.72,0.2182,130,51.82,0.3328,0.2166,11.41,22.22,3,8.0,1,1
STR-009618,TreatmentA,B03,106.69,3.03,0.2502,127,45.31,0.5363,0.2567,20.02,29.93,3,7.84,0,1
STR-009619,TreatmentB,B02,119.42,0.96,0.2681,177,61.16,0.2891,0.3144,16.96,17.05,1,8.48,1,0
STR-009620,TreatmentB,B03,81.23,3.41,0.1826,256,24.65,0.2155,0.0659,40.89,21.35,1,5.59,0,1
STR-009621,TreatmentB,B03,100.16,1.05,0.2411,227,11.47,0.4178,0.243,18.84,26.27,4,7.26,1,1
STR-009622,TreatmentB,B02,119.54,1.09,0.2224,364,42.96,0.3346,0.1529,21.78,31.24,3,5.34,1,1
STR-009623,Control,B02,61.32,2.26,0.2629,2214,47.75,0.3796,0.5371,59.08,18.89,4,5.49,0,0
STR-009624,Control,B03,94.43,2.45,0.1903,67,6.98,0.3795,0.4428,51.95,21.34,4,9.55,1,0
STR-009625,TreatmentB,B03,106.96,2.7,0.2229,120,31.55,0.4185,0.3602,64.55,17.44,3,4.81,0,0
STR-009626,TreatmentA,B01,106.03,2.33,0.2479,814,28.77,0.5253,0.1827,33.22,25.61,5,7.42,1,1
STR-009627,Control,B02,92.42,2.18,0.1845,384,32.55,0.396,0.3102,20.4,21.26,4,5.95,1,1
STR-009628,TreatmentB,B03,109.68,2.62,0.2148,204,18.34,0.277,0.3518,26.12,30.68,4,4.52,0,0
STR-009629,TreatmentB,B02,79.48,1.17,0.1915,193,21.57,0.4098,0.4895,4.92,32.35,2,7.38,1,1
STR-009630,TreatmentA,B03,118.01,1.49,0.2188,588,31.78,0.6003,0.4535,47.68,23.62,3,4.2,1,0
STR-009631,TreatmentB,B03,79.62,1.51,0.2342,196,38.63,0.2234,0.3928,89.87,38.56,2,4.13,0,0
STR-009632,Control,B01,108.31,1.8,0.1944,337,47.7,0.383,0.451,33.21,23.55,5,4.8,1,0
STR-009633,TreatmentB,B01,110.63,1.87,0.2395,118,55.82,0.3859,0.2901,21.75,11.24,0,5.71,0,0
STR-009634,Control,B02,106.45,1.7,0.2411,156,6.64,0.2414,0.2842,45.46,30.74,3,6.21,0,1
STR-009635,Control,B03,91.95,2.0,0.1724,342,57.88,0.3816,0.1502,54.69,24.06,1,6.53,1,1
STR-009636,Control,B03,109.81,2.28,0.2577,349,51.75,0.3472,0.1768,49.96,19.54,2,7.66,0,1
STR-009637,TreatmentB,B03,98.53,1.52,0.1877,282,12.31,0.3447,0.3286,5.72,25.86,2,6.84,1,1
STR-009638,TreatmentA,B02,95.96,1.71,0.286,443,10.71,0.4547,0.3116,49.72,20.18,1,9.16,1,0
STR-009639,Control,B03,109.0,4.44,0.2546,437,20.82,0.2083,0.1996,56.19,16.02,4,5.69,0,1
STR-009640,TreatmentB,B03,108.97,2.01,0.2391,161,14.95,0.3544,0.4943,48.05,42.48,6,5.58,0,0
STR-009641,Control,B02,114.52,1.93,0.1925,609,25.71,0.3489,0.4259,57.79,15.21,2,5.18,0,0
STR-009642,TreatmentA,B01,78.81,1.88,0.2074,485,29.79,0.4523,0.4559,45.35,34.74,1,8.13,0,1
STR-009643,TreatmentA,B02,80.58,1.32,0.2025,186,33.22,0.4155,0.3942,15.01,29.46,3,6.47,1,1
STR-009644,Control,B02,92.33,3.55,0.2637,564,41.52,0.2921,0.4354,23.35,26.3,2,6.07,1,0
STR-009645,Control,B02,112.97,3.23,0.1926,127,22.15,0.2626,0.1006,24.49,27.87,3,8.52,0,1
STR-009646,TreatmentA,B01,103.08,2.19,0.1826,698,29.54,0.5435,0.3815,14.94,26.03,1,3.32,1,0
STR-009647,TreatmentB,B03,82.47,2.24,0.2873,224,60.52,0.2282,0.3137,12.15,30.21,1,7.77,1,0
STR-009648,Control,B03,85.44,2.33,0.2605,685,22.92,0.4271,0.5271,109.61,21.49,2,6.94,0,1
STR-009649,Control,B02,108.13,2.2,0.2272,259,30.46,0.5003,0.2106,40.83,15.01,2,7.17,1,1
STR-009650,Control,B02,109.28,2.61,0.2723,340,10.84,0.2524,0.3277,77.53,22.69,2,9.25,0,0
STR-009651,TreatmentA,B01,94.55,2.63,0.2256,276,113.04,0.4111,0.2132,28.13,22.1,2,9.46,1,0
STR-009652,TreatmentA,B03,113.22,2.26,0.2066,110,19.9,0.5913,0.5021,30.68,30.12,4,5.62,1,1
STR-009653,TreatmentA,B01,106.92,3.08,0.1287,577,31.9,0.5739,0.5413,33.45,19.93,1,4.42,1,1
STR-009654,Control,B02,128.71,2.3,0.1637,152,31.49,0.2683,0.1657,48.87,27.81,1,5.62,1,1
STR-009655,TreatmentB,B01,107.13,1.88,0.2298,468,36.15,0.3267,0.1523,65.64,14.1,1,7.25,1,1
STR-009656,Control,B01,107.37,2.01,0.2199,553,35.01,0.3926,0.2789,33.94,22.59,4,7.04,0,0
STR-009657,TreatmentA,B01,83.86,2.49,0.1808,484,50.59,0.6042,0.1319,36.26,20.31,3,8.08,1,0
STR-009658,TreatmentA,B01,89.54,1.1,0.2393,328,53.52,0.4024,0.4556,53.12,27.32,1,7.71,0,1
STR-009659,Control,B03,127.51,1.74,0.2243,544,5.99,0.2229,0.4993,34.64,22.66,5,6.81,1,0
STR-009660,TreatmentB,B02,119.59,1.7,0.2194,255,60.33,0.4366,0.3886,37.2,26.43,2,7.73,1,1
STR-009661,Control,B01,96.04,2.09,0.2403,101,8.32,0.6323,0.1916,38.39,37.48,3,9.07,1,0
STR-009662,Control,B01,85.41,2.33,0.258,442,27.46,0.5198,0.3889,61.43,20.89,4,7.93,0,1
STR-009663,Control,B01,75.99,2.05,0.2203,191,93.54,0.3798,0.4984,55.81,25.13,3,6.6,1,0
STR-009664,TreatmentB,B02,111.4,1.9,0.1874,409,116.31,0.4769,0.2547,21.71,26.35,3,6.55,1,0
STR-009665,Control,B01,96.48,1.98,0.1891,161,17.26,0.4317,0.1884,37.98,21.06,4,6.74,1,0
STR-009666,TreatmentA,B02,70.62,1.39,0.2155,275,26.29,0.6691,0.2928,35.04,32.0,0,6.36,0,0
STR-009667,TreatmentB,B01,104.14,2.59,0.2118,224,20.83,0.2844,0.6787,7.06,15.55,6,6.05,0,0
STR-009668,TreatmentA,B03,115.88,1.82,0.2458,434,25.59,0.325,0.1827,23.98,25.78,4,6.05,0,1
STR-009669,TreatmentB,B01,111.15,2.3,0.1997,679,15.17,0.385,0.2479,29.92,28.67,3,7.87,0,1
STR-009670,Control,B01,102.15,2.82,0.161,79,36.49,0.7161,0.376,26.5,33.79,4,6.63,0,1
STR-009671,TreatmentA,B03,95.49,1.72,0.1883,281,27.25,0.6163,0.4153,32.18,34.5,4,7.59,1,1
STR-009672,TreatmentA,B03,96.68,3.23,0.168,271,20.79,0.6294,0.2131,15.48,27.07,2,6.43,0,0
STR-009673,TreatmentB,B01,126.94,1.07,0.2566,347,55.03,0.5187,0.2453,28.13,26.09,2,6.9,0,1
STR-009674,Control,B02,105.29,1.92,0.2037,245,36.8,0.2119,0.3418,26.32,33.44,4,8.87,0,0
STR-009675,Control,B02,124.02,1.78,0.1917,221,38.77,0.632,0.2127,97.62,33.77,1,6.73,0,0
STR-009676,Control,B02,85.13,2.56,0.2863,235,29.3,0.5817,0.2457,28.38,19.53,2,5.92,0,0
STR-009677,TreatmentB,B02,92.78,1.25,0.2302,709,16.43,0.5863,0.3195,46.87,30.03,3,6.3,1,1
STR-009678,TreatmentA,B03,108.77,3.95,0.254,277,45.45,0.5032,0.2076,16.97,28.11,3,7.3,0,1
STR-009679,TreatmentA,B02,59.92,1.69,0.2382,133,12.73,0.382,0.3363,24.94,30.81,3,8.14,1,0
STR-009680,Control,B01,111.81,2.56,0.2456,517,63.66,0.258,0.3557,37.88,26.12,4,6.21,0,0
STR-009681,Control,B03,80.05,2.51,0.2771,191,14.51,0.2062,0.1633,35.16,33.66,3,6.48,0,1
STR-009682,TreatmentB,B03,96.66,1.11,0.2588,163,34.78,0.6685,0.443,13.36,33.23,1,9.56,1,0
STR-009683,Control,B03,105.37,2.39,0.3054,327,39.75,0.3874,0.3008,25.82,20.65,2,5.58,0,0
STR-009684,TreatmentB,B01,101.91,2.04,0.2473,442,33.33,0.659,0.2085,7.19,33.42,2,6.52,0,1
STR-009685,TreatmentB,B01,70.59,1.32,0.2292,202,41.79,0.2342,0.2383,31.9,32.28,5,8.39,1,0
STR-009686,TreatmentA,B03,86.38,1.03,0.1887,151,36.9,0.4857,0.2448,43.2,16.36,4,6.36,1,0
STR-009687,TreatmentA,B01,124.28,2.79,0.1966,391,18.58,0.232,0.1992,30.74,20.72,2,6.6,1,1
STR-009688,TreatmentB,B03,96.27,0.75,0.2365,565,39.85,0.2657,0.342,23.24,16.05,3,4.66,1,0
STR-009689,Control,B01,140.02,1.81,0.2132,308,74.99,0.3683,0.6186,24.36,30.0,4,8.51,1,0
STR-009690,TreatmentA,B02,90.03,0.92,0.2196,257,31.12,0.4,0.1925,95.14,18.58,3,7.62,1,0
STR-009691,TreatmentA,B01,118.36,1.31,0.2268,150,18.86,0.5631,0.3293,55.63,34.37,1,7.84,1,1
STR-009692,Control,B01,145.83,2.51,0.2118,227,46.36,0.2968,0.2372,51.61,25.21,6,7.53,0,1
STR-009693,Control,B02,86.77,2.76,0.2487,459,74.94,0.3824,0.388,41.1,20.21,5,8.25,0,0
STR-009694,Control,B01,86.81,3.05,0.245,212,12.07,0.2846,0.1565,50.41,34.47,4,6.72,0,1
STR-009695,Control,B01,115.24,3.08,0.253,361,27.97,0.2852,0.301,31.17,21.25,3,3.72,0,0
STR-009696,TreatmentB,B01,104.07,2.15,0.2222,206,85.49,0.4149,0.2213,17.81,25.17,2,6.51,1,1
STR-009697,Control,B03,74.03,2.52,0.2706,49,80.76,0.4633,0.4151,38.53,38.79,0,7.88,0,1
STR-009698,Control,B01,119.16,1.82,0.2381,89,47.29,0.3492,0.5431,35.36,21.96,4,8.08,0,0
STR-009699,Control,B02,97.96,1.8,0.2572,303,28.08,0.2419,0.3442,49.27,18.29,6,6.16,0,0
STR-009700,TreatmentA,B02,111.7,1.89,0.2656,229,69.13,0.3782,0.4449,28.14,21.79,0,6.95,1,1
STR-009701,Control,B02,88.72,1.77,0.2715,200,43.49,0.6686,0.2107,41.05,35.83,3,7.16,0,0
STR-009702,TreatmentA,B03,99.76,1.53,0.1926,116,34.79,0.3216,0.142,44.78,21.15,2,6.2,1,1
STR-009703,TreatmentA,B01,90.02,2.59,0.151,323,51.24,0.506,0.2673,36.86,24.06,0,6.59,1,1
STR-009704,Control,B01,101.27,3.39,0.2922,331,29.73,0.3455,0.1889,42.01,23.67,2,6.27,0,1
STR-009705,Control,B01,90.56,1.73,0.193,133,107.43,0.347,0.1601,37.96,25.98,1,7.37,1,1
STR-009706,TreatmentA,B03,96.13,2.25,0.2025,160,37.02,0.286,0.3322,47.29,25.45,1,9.91,1,0
STR-009707,TreatmentB,B03,89.71,1.42,0.2179,485,63.72,0.2521,0.4351,29.81,23.49,1,7.27,1,0
STR-009708,TreatmentB,B03,66.66,0.56,0.2493,165,37.81,0.3952,0.328,33.33,25.39,2,3.9,1,0
STR-009709,Control,B03,61.72,2.25,0.2351,201,32.85,0.5379,0.2341,20.11,23.71,2,7.08,0,1
STR-009710,TreatmentB,B01,109.21,1.91,0.1939,191,29.2,0.3751,0.4096,33.49,33.97,4,5.56,1,0
STR-009711,Control,B01,99.86,3.01,0.1875,268,28.42,0.1706,0.4866,96.16,25.08,1,7.16,0,0
STR-009712,TreatmentB,B02,103.2,0.77,0.2221,331,28.11,0.5856,0.2793,22.7,19.03,6,5.52,1,0
STR-009713,TreatmentB,B01,97.91,1.97,0.2006,232,45.78,0.5122,0.4016,17.73,27.47,1,7.08,1,1
STR-009714,TreatmentA,B01,99.45,2.46,0.25,54,15.36,0.2559,0.3916,23.6,23.0,3,6.52,0,0
STR-009715,TreatmentA,B02,104.33,1.4,0.2451,538,52.96,0.1618,0.3995,42.47,26.53,2,5.03,0,0
STR-009716,Control,B01,63.35,2.84,0.2279,383,26.8,0.4741,0.462,48.42,25.57,4,9.98,1,0
STR-009717,TreatmentB,B03,83.41,1.14,0.2038,333,12.97,0.4446,0.3294,47.06,28.51,2,5.54,1,1
STR-009718,TreatmentA,B01,104.09,1.84,0.2079,141,21.89,0.1246,0.2448,53.12,23.84,2,7.04,1,1
STR-009719,TreatmentA,B03,101.6,2.11,0.1814,129,24.44,0.5496,0.5608,24.59,34.35,0,5.98,1,1
STR-009720,Control,B02,105.97,2.56,0.2202,214,16.39,0.3505,0.1861,42.76,20.76,2,6.56,0,1
STR-009721,TreatmentB,B02,108.81,2.4,0.3247,96,21.44,0.3926,0.4295,12.41,38.14,2,5.1,0,0
STR-009722,TreatmentB,B03,99.73,1.4,0.2058,89,20.68,0.6389,0.4645,6.16,34.65,3,7.85,1,1
STR-009723,TreatmentA,B02,79.81,1.36,0.2694,315,14.08,0.5493,0.1454,27.98,22.76,1,9.71,0,0
STR-009724,Control,B01,85.08,2.27,0.2558,177,29.9,0.537,0.1894,78.51,22.42,1,8.08,0,0
STR-009725,TreatmentA,B02,90.79,2.24,0.2932,142,11.99,0.3375,0.6878,39.2,11.14,5,5.71,0,0
STR-009726,Control,B03,108.71,1.6,0.1736,318,8.45,0.1513,0.488,50.98,24.54,2,6.55,1,0
STR-009727,TreatmentB,B02,89.94,1.71,0.2569,278,21.77,0.1695,0.3083,13.75,25.23,4,8.92,1,0
STR-009728,TreatmentB,B03,111.05,2.11,0.3017,133,48.31,0.2492,0.2368,22.06,26.72,2,8.29,0,1
STR-009729,TreatmentA,B03,112.19,2.09,0.2107,167,42.47,0.3223,0.2002,44.8,21.81,2,9.6,1,0
STR-009730,Control,B01,114.86,1.75,0.2134,411,24.17,0.4561,0.2859,28.39,25.7,4,7.58,1,1
STR-009731,TreatmentA,B02,106.71,1.94,0.2679,216,22.88,0.4071,0.2208,29.87,23.11,0,9.04,0,0
STR-009732,Control,B02,87.89,1.65,0.2914,543,10.89,0.2271,0.2304,60.97,30.87,5,4.91,0,1
STR-009733,TreatmentA,B02,104.24,1.85,0.1949,196,31.52,0.459,0.3657,37.36,17.0,3,6.8,1,1
STR-009734,Control,B01,107.85,2.3,0.2235,186,36.48,0.4986,0.2597,67.68,39.96,0,7.75,0,0
STR-009735,Control,B01,97.31,2.26,0.2189,390,34.12,0.4623,0.2341,35.25,32.59,1,4.05,0,0
STR-009736,Control,B02,87.6,1.84,0.2981,190,41.1,0.3005,0.3036,32.32,22.73,5,6.74,0,1
STR-009737,TreatmentB,B02,94.73,1.47,0.2531,550,27.43,0.2214,0.1968,30.55,17.47,4,5.87,1,1
STR-009738,TreatmentA,B03,123.92,1.26,0.215,114,23.5,0.3387,0.1702,18.15,15.69,3,8.3,1,1
STR-009739,Control,B02,105.56,3.9,0.1626,806,72.7,0.5255,0.2973,65.45,28.98,2,7.86,0,1
STR-009740,Control,B01,106.14,1.83,0.2661,282,38.88,0.3263,0.3264,36.05,21.52,4,5.29,0,0
STR-009741,Control,B02,116.71,2.45,0.2261,220,27.98,0.5274,0.3247,50.62,29.93,2,5.95,0,0
STR-009742,Control,B03,116.84,2.4,0.2636,277,51.65,0.3695,0.2899,23.65,40.89,5,4.88,0,0
STR-009743,TreatmentA,B01,71.59,1.83,0.2418,282,53.59,0.4634,0.134,36.28,14.7,5,8.05,0,0
STR-009744,TreatmentA,B03,110.17,3.13,0.2622,143,38.28,0.397,0.3069,39.13,6.45,1,6.4,0,1
STR-009745,TreatmentB,B03,77.01,1.53,0.2902,112,14.54,0.2046,0.2379,16.97,22.86,4,5.95,1,1
STR-009746,Control,B02,90.66,2.92,0.253,417,29.78,0.3085,0.4255,30.8,27.44,2,7.7,0,0
STR-009747,TreatmentA,B02,79.16,1.92,0.2286,621,52.05,0.2504,0.3985,32.39,12.96,3,4.41,0,0
STR-009748,Control,B01,103.42,2.78,0.2352,225,16.33,0.1892,0.3216,32.23,12.42,2,6.38,0,1
STR-009749,TreatmentA,B01,136.37,1.1,0.1849,262,40.85,0.2145,0.3758,45.67,20.27,0,7.52,1,0
STR-009750,TreatmentA,B03,97.36,1.61,0.2364,273,62.82,0.4944,0.3357,39.33,25.44,3,8.39,1,1
STR-009751,TreatmentB,B03,87.9,1.44,0.2694,170,25.76,0.5001,0.6858,35.79,22.19,1,7.38,1,1
STR-009752,Control,B02,102.6,3.23,0.2914,275,82.11,0.2969,0.2729,34.81,17.02,4,5.8,0,1
STR-009753,TreatmentB,B02,74.71,0.96,0.2569,268,35.89,0.4814,0.3974,31.75,39.13,2,5.64,1,0
STR-009754,Control,B01,129.82,1.7,0.277,438,24.41,0.2664,0.4292,38.04,16.63,1,5.97,0,0
STR-009755,TreatmentA,B03,103.7,2.52,0.2328,425,26.21,0.2013,0.2226,29.01,40.32,3,5.55,1,1
STR-009756,Control,B03,125.99,2.16,0.23,144,42.62,0.2974,0.5437,40.64,16.07,1,9.5,0,0
STR-009757,Control,B02,98.84,1.79,0.2224,302,27.41,0.5832,0.2755,47.87,20.08,0,8.58,0,0
STR-009758,TreatmentA,B01,97.96,0.92,0.2536,122,21.1,0.4111,0.2028,15.43,12.41,2,5.42,0,1
STR-009759,TreatmentB,B03,82.35,1.24,0.2268,439,34.74,0.4667,0.2493,38.17,23.53,2,6.35,1,1
STR-009760,Control,B03,109.87,2.0,0.3285,310,67.72,0.2531,0.0803,34.62,19.62,4,3.89,0,0
STR-009761,TreatmentB,B02,90.87,1.18,0.1477,291,81.81,0.4172,0.2427,4.92,31.62,1,10.39,1,0
STR-009762,TreatmentA,B03,92.39,1.58,0.2137,387,27.81,0.799,0.2904,27.98,24.27,1,6.61,1,0
STR-009763,TreatmentA,B02,97.81,1.91,0.1999,538,151.69,0.2477,0.3269,21.24,29.9,3,8.66,0,0
STR-009764,TreatmentB,B02,89.04,1.74,0.2719,231,93.82,0.2863,0.4045,34.24,23.04,3,6.64,0,0
STR-009765,Control,B02,88.82,2.02,0.2552,342,67.35,0.4477,0.1825,22.61,11.92,1,6.71,1,1
STR-009766,TreatmentB,B02,95.45,2.11,0.2291,203,27.37,0.2092,0.1879,12.85,22.69,2,9.0,1,1
STR-009767,TreatmentB,B02,107.54,1.26,0.2259,638,67.75,0.5501,0.2534,10.72,28.78,7,7.34,1,1
STR-009768,TreatmentB,B01,94.36,1.21,0.1955,508,21.09,0.3982,0.4484,47.5,14.52,1,6.32,1,1
STR-009769,TreatmentA,B01,67.87,1.6,0.1591,211,60.32,0.5958,0.3519,48.48,32.83,2,5.21,1,1
STR-009770,Control,B01,91.96,2.34,0.2644,307,39.01,0.4501,0.5066,17.41,23.57,3,6.09,0,1
STR-009771,TreatmentB,B03,100.51,1.68,0.2108,175,17.13,0.3135,0.1673,9.49,22.11,3,8.36,1,1
STR-009772,TreatmentA,B02,79.68,3.12,0.215,130,77.09,0.3116,0.1604,50.53,27.62,4,7.61,0,1
STR-009773,TreatmentA,B03,116.37,1.62,0.2056,413,34.57,0.7016,0.3165,77.79,40.4,1,9.88,0,0
STR-009774,TreatmentB,B02,97.44,1.38,0.2268,288,6.67,0.2976,0.258,11.24,29.38,2,7.44,1,0
STR-009775,TreatmentB,B03,102.22,1.95,0.2931,165,14.67,0.3579,0.1412,14.57,27.41,1,7.08,0,1
STR-009776,TreatmentA,B01,71.36,1.24,0.2067,323,36.23,0.5923,0.2495,51.63,25.51,4,7.3,1,0
STR-009777,TreatmentB,B03,78.55,1.86,0.2454,649,24.46,0.2536,0.2359,49.13,31.39,5,6.74,0,1
STR-009778,Control,B02,114.65,2.53,0.1657,117,34.66,0.576,0.1672,58.24,19.29,3,9.22,1,0
STR-009779,Control,B01,125.4,2.1,0.2738,263,17.48,0.5654,0.2577,23.33,22.18,2,8.16,0,0
STR-009780,TreatmentA,B01,66.93,1.69,0.2693,411,23.04,0.2182,0.5051,51.72,13.59,2,6.14,1,0
STR-009781,TreatmentB,B01,65.49,1.75,0.2222,332,41.6,0.3601,0.3046,12.83,24.18,2,7.87,1,1
STR-009782,Control,B01,97.85,1.97,0.225,350,16.54,0.385,0.2338,29.35,20.25,5,8.92,1,0
STR-009783,TreatmentA,B02,90.46,1.51,0.2615,132,12.34,0.2948,0.2011,37.27,17.35,2,5.99,0,1
STR-009784,Control,B01,76.82,3.45,0.2011,96,13.35,0.4398,0.138,51.4,28.01,0,5.0,0,0
STR-009785,TreatmentB,B03,116.7,1.95,0.2304,494,15.92,0.3164,0.2726,23.07,16.23,2,6.07,1,1
STR-009786,TreatmentA,B01,87.31,2.29,0.2436,183,58.18,0.597,0.4967,18.62,21.98,3,6.13,0,1
STR-009787,TreatmentB,B02,97.32,2.97,0.2535,367,32.11,0.5396,0.7069,14.76,18.5,2,6.59,0,1
STR-009788,TreatmentA,B01,104.11,2.69,0.1395,184,16.43,0.5057,0.4147,36.02,14.55,1,8.59,1,0
STR-009789,Control,B01,108.87,3.21,0.2147,469,70.61,0.2137,0.1907,37.87,23.21,4,9.35,0,0
STR-009790,TreatmentB,B01,75.51,3.6,0.2219,506,81.99,0.6051,0.3055,8.26,13.82,4,5.06,1,0
STR-009791,Control,B01,103.13,3.15,0.2686,398,27.17,0.5857,0.2661,29.97,23.5,4,7.14,0,1
STR-009792,TreatmentA,B02,97.18,1.59,0.2375,290,40.54,0.347,0.2572,64.85,24.24,3,8.16,0,0
STR-009793,Control,B02,72.97,1.94,0.1685,434,23.95,0.3902,0.1201,87.7,19.74,2,9.56,0,0
STR-009794,TreatmentB,B03,121.1,2.6,0.2487,252,23.08,0.7238,0.4352,27.69,24.21,4,8.39,1,1
STR-009795,TreatmentA,B02,101.29,1.12,0.232,507,24.42,0.5181,0.2248,45.84,20.86,3,6.99,0,1
STR-009796,TreatmentB,B02,104.83,0.74,0.234,34,55.29,0.2563,0.6046,22.82,28.45,0,8.27,0,0
STR-009797,TreatmentB,B02,69.34,4.57,0.2615,275,22.2,0.3239,0.2955,43.72,25.96,1,7.46,0,1
STR-009798,Control,B03,113.64,1.66,0.1743,436,96.32,0.3426,0.1776,58.02,32.52,2,7.39,1,0
STR-009799,TreatmentA,B03,105.41,1.59,0.2554,265,103.95,0.164,0.409,42.72,23.39,4,6.98,1,0
STR-009800,Control,B02,78.79,2.97,0.259,200,58.48,0.1236,0.2667,44.52,19.51,4,5.32,0,0
STR-009801,Control,B02,109.56,1.97,0.2833,165,30.9,0.4712,0.4404,33.07,25.34,3,5.96,0,1
STR-009802,Control,B03,105.81,1.84,0.2804,354,39.8,0.486,0.3706,36.45,15.53,2,5.03,0,1
STR-009803,TreatmentB,B02,102.12,1.29,0.2306,113,82.92,0.6813,0.2175,12.34,27.23,3,7.03,1,0
STR-009804,TreatmentB,B03,105.47,0.58,0.2502,139,44.79,0.3584,0.2897,8.98,17.61,2,5.5,1,0
STR-009805,TreatmentA,B01,85.96,1.67,0.2344,154,42.1,0.3757,0.1684,31.15,24.67,1,4.56,1,1
STR-009806,TreatmentB,B03,102.22,1.82,0.2567,303,18.14,0.5191,0.3667,47.72,13.62,0,5.55,0,1
STR-009807,TreatmentB,B01,118.45,0.66,0.2687,359,24.51,0.3979,0.272,41.34,21.46,4,3.82,1,0
STR-009808,TreatmentA,B02,68.77,1.49,0.2222,378,32.8,0.1599,0.2064,32.77,26.81,2,6.75,1,1
STR-009809,TreatmentB,B02,99.36,1.27,0.2773,351,47.42,0.4589,0.3033,30.47,31.47,7,7.31,1,1
STR-009810,Control,B02,110.44,1.85,0.2275,277,23.76,0.4625,0.2713,39.39,29.17,1,6.97,0,1
STR-009811,Control,B01,91.39,1.62,0.2402,800,45.33,0.5516,0.5529,31.69,34.51,1,6.65,1,1
STR-009812,TreatmentA,B02,98.87,2.91,0.2233,151,24.04,0.5028,0.2337,45.28,19.7,6,7.89,0,0
STR-009813,TreatmentB,B02,87.36,1.44,0.1935,267,45.94,0.2866,0.4684,33.51,18.34,2,7.98,1,0
STR-009814,TreatmentB,B01,85.89,1.72,0.2379,275,27.02,0.3225,0.4146,29.37,24.99,3,7.26,1,1
STR-009815,TreatmentB,B03,116.41,1.27,0.2748,238,34.05,0.3625,0.3261,91.99,28.81,3,6.8,1,1
STR-009816,TreatmentB,B01,94.79,1.32,0.2816,542,43.54,0.5608,0.2041,17.95,24.17,1,4.65,0,0
STR-009817,TreatmentB,B01,105.77,1.58,0.2828,163,21.44,0.4981,0.3577,22.01,20.06,2,7.63,0,1
STR-009818,Control,B03,93.31,1.93,0.3032,754,33.6,0.0952,0.3279,24.55,29.68,3,7.54,0,1
STR-009819,TreatmentB,B03,105.99,1.83,0.263,274,21.6,0.4483,0.4352,11.1,25.4,4,7.72,1,1
STR-009820,TreatmentA,B01,114.07,2.11,0.2241,121,26.95,0.1685,0.1835,34.05,26.42,0,6.06,1,1
STR-009821,TreatmentB,B01,101.18,1.68,0.1706,327,35.76,0.6436,0.308,18.11,22.67,1,7.95,1,1
STR-009822,Control,B03,81.77,1.88,0.2286,449,19.41,0.535,0.4801,50.97,32.25,3,8.82,1,1
STR-009823,TreatmentB,B01,92.92,1.15,0.2382,362,51.0,0.3811,0.4911,29.44,41.41,5,5.84,1,0
STR-009824,TreatmentB,B01,99.14,1.71,0.2327,176,16.64,0.3401,0.3184,6.37,18.4,5,8.35,1,0
STR-009825,TreatmentB,B01,109.31,1.28,0.2457,291,7.21,0.4344,0.362,14.91,23.48,2,7.2,1,1
STR-009826,TreatmentB,B01,116.4,1.28,0.2117,391,11.87,0.4638,0.4288,19.42,22.95,2,9.86,1,1
STR-009827,TreatmentA,B01,88.29,2.06,0.2186,283,29.57,0.4281,0.4729,41.23,29.13,0,6.67,1,1
STR-009828,TreatmentB,B03,116.73,1.01,0.2593,404,65.99,0.2386,0.3315,34.49,26.71,0,7.53,1,0
STR-009829,TreatmentB,B02,104.83,1.42,0.1782,746,19.22,0.4777,0.4922,32.22,30.05,2,6.2,1,1
STR-009830,TreatmentA,B02,98.92,1.72,0.2268,308,78.99,0.5579,0.3734,24.59,28.88,4,7.13,1,1
STR-009831,TreatmentA,B03,103.41,1.54,0.254,151,26.65,0.7369,0.1598,54.19,30.95,6,5.41,0,0
STR-009832,TreatmentA,B03,101.13,2.2,0.2511,146,43.74,0.5048,0.2834,34.43,27.77,0,5.6,0,0
STR-009833,TreatmentA,B02,79.14,3.33,0.2686,140,100.21,0.6301,0.3603,27.3,31.56,1,6.55,0,1
STR-009834,TreatmentA,B02,133.76,1.41,0.2579,183,49.12,0.2934,0.3836,48.3,31.67,1,10.33,0,0
STR-009835,TreatmentA,B01,134.83,3.17,0.2639,326,39.48,0.2564,0.3034,29.31,19.12,5,8.15,0,1
STR-009836,TreatmentB,B02,93.32,1.87,0.2123,397,23.01,0.6155,0.33,22.02,23.25,2,5.45,1,1
STR-009837,TreatmentB,B02,121.42,2.26,0.1759,686,83.18,0.5856,0.3698,15.77,29.14,3,6.28,1,1
STR-009838,TreatmentB,B02,121.44,3.13,0.2459,500,20.65,0.4823,0.1721,38.6,17.26,4,5.03,0,0
STR-009839,TreatmentA,B01,77.17,2.43,0.2316,164,57.56,0.5346,0.2637,72.18,28.94,3,9.64,0,0
STR-009840,TreatmentB,B01,115.79,1.37,0.3274,423,21.04,0.4343,0.4452,29.48,22.65,4,7.29,0,0
STR-009841,Control,B01,99.72,1.75,0.2385,254,37.95,0.5085,0.3658,51.8,16.61,1,5.89,1,1
STR-009842,TreatmentA,B02,115.78,1.74,0.224,326,42.84,0.2153,0.3811,16.31,27.35,0,7.13,1,0
STR-009843,TreatmentA,B02,89.01,4.12,0.2637,240,31.77,0.3596,0.2714,44.3,13.04,0,5.17,0,0
STR-009844,TreatmentB,B01,111.25,0.93,0.2224,191,33.67,0.3605,0.305,43.35,22.44,1,7.9,0,1
STR-009845,Control,B01,93.77,1.55,0.2243,403,23.47,0.5162,0.4834,27.2,28.01,1,9.19,1,1
STR-009846,Control,B01,85.5,2.04,0.2282,257,67.26,0.3282,0.3827,33.99,19.21,1,4.84,0,0
STR-009847,Control,B01,94.98,2.64,0.223,294,24.73,0.6017,0.5257,39.07,22.01,3,7.18,0,1
STR-009848,TreatmentA,B03,92.1,2.74,0.2297,587,9.58,0.6124,0.6446,45.04,27.18,1,5.15,0,1
STR-009849,TreatmentB,B01,90.44,0.81,0.2368,302,17.24,0.3967,0.302,25.39,24.09,1,8.31,1,1
STR-009850,TreatmentB,B03,105.51,0.94,0.2741,287,42.63,0.6456,0.3685,36.23,16.16,4,5.05,1,1
STR-009851,TreatmentB,B03,100.33,1.39,0.2152,417,46.76,0.3045,0.2101,23.84,21.4,2,7.52,1,1
STR-009852,TreatmentA,B02,100.66,2.72,0.3016,118,79.03,0.3517,0.0737,38.2,18.54,8,6.23,0,1
STR-009853,TreatmentB,B03,98.92,1.8,0.2333,906,44.54,0.5427,0.255,28.01,27.17,3,7.15,0,1
STR-009854,TreatmentA,B02,106.92,1.11,0.2822,485,42.76,0.6784,0.2825,51.38,27.49,2,5.98,1,1
STR-009855,TreatmentA,B02,113.49,3.05,0.2598,802,29.91,0.545,0.1832,33.74,15.96,3,5.0,0,0
STR-009856,Control,B03,96.22,1.67,0.2227,278,32.01,0.3741,0.2727,33.32,20.31,2,7.02,1,1
STR-009857,Control,B01,119.21,1.83,0.3277,406,33.83,0.5216,0.3777,45.7,19.89,4,6.08,0,1
STR-009858,TreatmentB,B01,94.4,0.96,0.2946,113,77.67,0.6423,0.286,16.44,26.35,2,5.82,1,0
STR-009859,TreatmentA,B01,117.4,2.61,0.224,391,22.57,0.2583,0.2339,32.34,27.96,1,5.21,0,0
STR-009860,Control,B01,117.66,3.96,0.2446,221,80.66,0.2807,0.2325,22.45,23.4,1,4.77,0,1
STR-009861,TreatmentB,B03,82.16,1.94,0.2674,512,63.35,0.3378,0.4477,25.28,24.92,2,7.24,0,1
STR-009862,TreatmentA,B02,114.72,1.57,0.2899,701,26.93,0.4357,0.3696,18.58,23.05,3,8.73,1,0
STR-009863,Control,B02,123.8,2.54,0.2524,365,25.6,0.1874,0.1428,28.5,19.85,2,7.55,0,1
STR-009864,TreatmentB,B01,106.16,1.12,0.2608,389,39.67,0.2506,0.1534,17.74,25.64,2,8.41,1,1
STR-009865,TreatmentB,B01,97.92,1.48,0.2355,180,43.56,0.7045,0.3478,8.86,22.47,2,5.83,1,1
STR-009866,TreatmentA,B03,90.93,2.22,0.2165,70,143.06,0.315,0.5481,55.39,14.42,2,4.86,1,0
STR-009867,TreatmentA,B01,130.84,3.51,0.2343,61,43.54,0.4483,0.1019,18.56,19.2,4,8.15,1,1
STR-009868,Control,B01,98.54,3.52,0.273,243,32.21,0.5673,0.348,49.47,18.44,2,7.92,0,1
STR-009869,TreatmentA,B02,118.18,1.57,0.25,220,31.86,0.3022,0.2277,37.3,29.15,3,7.06,1,1
STR-009870,TreatmentB,B03,86.12,2.04,0.1974,217,30.34,0.4749,0.5015,68.35,9.5,2,5.51,0,0
STR-009871,TreatmentA,B02,98.48,1.8,0.2758,941,37.05,0.606,0.1755,25.16,28.98,2,5.54,0,0
STR-009872,TreatmentA,B02,96.03,1.74,0.2332,97,94.5,0.5769,0.3981,41.24,18.14,1,7.44,1,1
STR-009873,Control,B03,126.91,2.07,0.2748,162,26.56,0.3778,0.3554,28.66,23.47,3,7.27,0,1
STR-009874,TreatmentA,B02,113.19,1.61,0.2181,291,70.09,0.4519,0.2238,35.38,29.77,3,8.92,0,1
STR-009875,TreatmentA,B03,83.76,1.77,0.2179,525,39.35,0.3903,0.3277,46.66,23.0,8,7.63,1,1
STR-009876,TreatmentA,B03,101.21,1.82,0.2735,159,41.12,0.6141,0.3876,73.66,44.07,2,6.28,0,1
STR-009877,TreatmentB,B01,107.43,2.49,0.2389,379,13.47,0.4698,0.6509,3.42,20.1,2,8.89,1,0
STR-009878,TreatmentA,B02,104.98,3.02,0.1523,201,42.19,0.5009,0.2217,28.9,30.61,5,5.68,1,0
STR-009879,TreatmentB,B03,109.37,3.14,0.2721,187,27.44,0.292,0.3281,9.63,22.38,2,5.31,0,0
STR-009880,TreatmentA,B03,104.05,1.3,0.2105,391,27.05,0.3004,0.2605,37.67,23.89,2,6.14,1,1
STR-009881,TreatmentA,B01,110.52,2.12,0.2794,136,72.77,0.1926,0.5337,20.2,18.04,6,6.14,0,0
STR-009882,TreatmentA,B02,91.01,2.05,0.2367,570,31.71,0.2406,0.417,19.82,19.44,2,8.3,1,0
STR-009883,TreatmentA,B02,86.57,1.65,0.2619,492,26.3,0.3402,0.3512,64.68,28.39,0,6.83,0,1
STR-009884,TreatmentB,B02,91.07,1.6,0.2313,176,41.88,0.2384,0.2786,26.59,24.53,2,9.49,0,0
STR-009885,Control,B03,93.96,2.87,0.2493,291,66.81,0.2758,0.4391,41.48,27.72,5,7.58,0,0
STR-009886,Control,B02,141.46,1.96,0.2646,155,13.2,0.4876,0.4453,32.85,18.94,2,8.8,0,1
STR-009887,Control,B02,72.66,1.75,0.1999,259,7.23,0.191,0.2298,38.32,22.33,4,7.14,0,1
STR-009888,TreatmentA,B02,92.58,1.72,0.2012,704,10.96,0.5324,0.509,21.58,21.69,4,7.22,0,1
STR-009889,Control,B02,71.67,2.43,0.2625,146,53.24,0.5839,0.5123,65.78,38.57,1,5.85,0,1
STR-009890,TreatmentB,B03,104.02,3.19,0.2854,523,44.1,0.5504,0.5894,23.14,26.57,1,6.07,0,1
STR-009891,TreatmentB,B02,127.11,0.73,0.2741,340,29.05,0.7991,0.1353,8.41,28.96,7,6.62,1,0
STR-009892,TreatmentA,B03,113.11,1.86,0.2454,1167,31.02,0.5551,0.4406,51.92,28.93,3,6.32,1,1
STR-009893,Control,B01,74.56,1.94,0.1919,135,15.58,0.5969,0.4028,39.2,22.37,2,4.67,1,1
STR-009894,TreatmentB,B03,93.3,1.84,0.1949,253,62.24,0.3498,0.1489,15.71,21.04,3,7.7,1,1
STR-009895,Control,B01,99.36,2.18,0.2096,144,33.57,0.303,0.4297,50.78,24.16,3,8.99,1,0
STR-009896,Control,B02,92.01,2.6,0.268,183,61.97,0.4734,0.2913,52.39,28.35,2,7.57,0,1
STR-009897,Control,B03,121.47,2.03,0.2004,103,19.32,0.3613,0.5558,26.23,10.86,3,5.5,1,0
STR-009898,Control,B03,107.33,2.49,0.2148,638,38.37,0.3566,0.3344,20.32,18.97,2,5.47,0,1
STR-009899,TreatmentA,B03,67.97,1.89,0.1944,404,41.46,0.538,0.1885,80.74,29.35,2,7.47,1,0
STR-009900,TreatmentA,B01,80.81,1.65,0.242,358,82.8,0.4774,0.4747,52.3,18.94,1,10.23,0,0
STR-009901,Control,B03,85.28,1.69,0.2487,263,12.39,0.5877,0.3229,75.79,26.98,1,6.1,1,1
STR-009902,TreatmentA,B03,109.14,2.1,0.2692,417,50.05,0.3698,0.2128,30.78,25.88,4,9.79,1,1
STR-009903,TreatmentB,B03,114.23,1.48,0.2632,224,58.45,0.4473,0.4105,21.11,34.18,2,5.75,1,0
STR-009904,TreatmentA,B01,95.17,1.51,0.1774,307,41.77,0.2488,0.21,31.53,28.54,3,6.07,1,1
STR-009905,Control,B01,96.78,2.62,0.26,442,18.32,0.5872,0.4623,27.75,17.34,4,4.65,0,1
STR-009906,Control,B02,113.46,2.24,0.261,318,13.48,0.5263,0.2136,53.23,30.12,3,7.64,0,0
STR-009907,TreatmentA,B02,88.49,2.07,0.2351,109,64.16,0.2883,0.1783,24.57,26.4,1,6.57,1,1
STR-009908,Control,B01,53.0,3.21,0.2146,237,17.89,0.5759,0.593,57.96,20.09,2,7.51,0,1
STR-009909,TreatmentA,B01,80.92,1.92,0.2763,468,42.64,0.388,0.3337,24.52,20.21,5,4.58,0,0
STR-009910,TreatmentB,B03,91.05,1.78,0.1865,234,14.43,0.6616,0.1693,25.1,28.09,2,5.32,1,0
STR-009911,TreatmentB,B01,84.81,3.89,0.2542,164,13.13,0.4079,0.1739,23.75,18.81,4,5.55,0,0
STR-009912,Control,B02,104.45,2.1,0.2251,612,13.41,0.5152,0.0456,84.08,23.43,3,6.95,0,0
STR-009913,TreatmentB,B01,126.17,1.64,0.2478,389,33.3,0.4129,0.3284,39.76,20.12,4,3.64,1,0
STR-009914,TreatmentB,B02,115.37,1.75,0.2359,301,28.55,0.4522,0.3538,46.19,11.85,0,7.21,0,1
STR-009915,TreatmentA,B01,113.28,3.53,0.2192,365,70.45,0.4833,0.2879,31.8,37.31,3,7.02,0,1
STR-009916,TreatmentB,B03,115.58,1.27,0.3074,332,18.38,0.7121,0.3075,40.31,25.27,7,8.5,0,0
STR-009917,TreatmentB,B03,122.37,1.34,0.2156,112,26.35,0.5237,0.2122,32.89,20.32,8,8.35,1,0
STR-009918,Control,B02,104.12,1.62,0.2043,110,26.4,0.1189,0.221,17.61,11.02,2,6.69,1,1
STR-009919,Control,B03,92.85,4.01,0.219,172,27.64,0.4233,0.549,38.45,20.07,1,7.91,0,1
STR-009920,TreatmentA,B02,101.33,2.18,0.2229,334,40.48,0.2484,0.1436,35.37,30.92,0,6.33,1,1
STR-009921,Control,B03,83.57,1.99,0.2354,104,46.55,0.3405,0.3891,35.31,18.7,2,5.17,0,0
STR-009922,Control,B01,103.15,2.24,0.2505,327,40.79,0.5626,0.3407,61.61,16.55,2,7.83,1,0
STR-009923,TreatmentB,B02,70.51,2.71,0.2579,210,37.81,0.4779,0.1597,54.47,37.43,2,8.01,0,0
STR-009924,TreatmentB,B01,96.89,1.53,0.2532,611,19.48,0.6583,0.1945,53.2,28.24,1,7.17,0,0
STR-009925,TreatmentB,B03,81.85,0.86,0.2532,486,46.31,0.3108,0.2704,11.24,25.76,3,8.77,1,0
STR-009926,Control,B02,106.88,2.24,0.2187,335,29.29,0.4679,0.2173,39.86,11.96,6,5.75,0,0
STR-009927,Control,B03,112.28,1.88,0.2767,313,59.66,0.4906,0.3733,31.78,24.24,2,7.94,0,1
STR-009928,TreatmentA,B02,97.5,1.5,0.1864,422,37.36,0.5268,0.175,49.45,30.03,3,9.36,0,0
STR-009929,Control,B02,82.81,2.59,0.277,760,70.82,0.4579,0.2213,41.99,16.41,2,5.98,0,0
STR-009930,Control,B03,104.0,3.29,0.2024,137,37.01,0.1526,0.2207,46.42,14.61,0,5.83,0,1
STR-009931,TreatmentA,B02,94.16,2.77,0.3112,151,37.62,0.3733,0.4337,36.98,21.65,1,9.83,0,0
STR-009932,Control,B03,81.26,2.05,0.1903,346,30.97,0.2876,0.2214,39.32,28.72,2,7.6,1,1
STR-009933,TreatmentB,B01,104.34,1.67,0.2336,342,26.34,0.5438,0.384,13.7,29.48,0,7.15,1,1
STR-009934,Control,B03,119.93,2.44,0.251,412,10.39,0.3672,0.2438,35.69,21.7,3,6.4,0,1
STR-009935,Control,B01,66.34,3.21,0.2747,534,53.63,0.5678,0.147,24.78,8.88,4,4.53,0,0
STR-009936,TreatmentB,B01,112.11,0.89,0.2226,312,66.05,0.2591,0.4897,28.21,25.81,0,8.54,1,0
STR-009937,Control,B01,87.78,2.25,0.2526,120,25.87,0.4539,0.3319,34.3,12.65,3,7.48,0,1
STR-009938,TreatmentA,B02,104.37,1.54,0.2716,100,21.32,0.4499,0.413,32.6,22.64,1,5.36,0,0
STR-009939,TreatmentB,B03,103.2,2.09,0.1936,554,27.44,0.4537,0.3863,37.75,28.75,1,4.78,1,0
STR-009940,TreatmentB,B02,101.25,0.86,0.3074,240,14.42,0.4331,0.396,19.61,23.21,3,5.11,1,0
STR-009941,TreatmentA,B03,93.48,1.18,0.2158,177,30.14,0.4098,0.5223,27.25,31.67,3,4.33,0,0
STR-009942,TreatmentB,B03,75.52,1.69,0.1622,226,41.63,0.5312,0.2676,16.2,25.81,0,7.58,1,1
STR-009943,Control,B01,90.93,2.37,0.2665,151,14.82,0.3925,0.2322,46.99,25.77,3,7.16,0,1
STR-009944,Control,B02,64.0,3.18,0.198,313,65.04,0.4987,0.411,80.8,24.75,2,6.81,0,1
STR-009945,TreatmentB,B02,108.46,0.65,0.2153,232,26.57,0.2757,0.6601,27.56,32.51,2,9.13,1,0
STR-009946,Control,B03,84.58,2.19,0.2561,788,25.93,0.3203,0.2783,48.05,24.86,2,7.67,0,1
STR-009947,TreatmentA,B03,79.44,1.62,0.1488,98,36.77,0.4401,0.474,26.72,27.05,1,4.62,1,0
STR-009948,TreatmentA,B03,73.15,1.58,0.1786,321,22.74,0.4577,0.1913,32.36,21.38,2,7.75,1,1
STR-009949,TreatmentA,B02,88.55,2.13,0.2311,285,33.03,0.4639,0.4867,32.77,20.04,2,8.79,0,1
STR-009950,Control,B02,116.06,1.97,0.1479,359,31.53,0.3248,0.2197,32.19,26.3,2,5.65,1,1
STR-009951,TreatmentB,B02,106.34,1.84,0.2577,382,43.42,0.3977,0.6805,8.51,22.96,1,4.59,1,0
STR-009952,TreatmentA,B02,95.94,1.43,0.2718,430,44.02,0.4555,0.1678,29.39,30.71,3,6.89,0,1
STR-009953,TreatmentA,B01,107.71,1.39,0.2613,225,17.7,0.3507,0.3459,39.19,25.75,5,4.47,0,0
STR-009954,TreatmentA,B03,80.4,1.75,0.2405,332,27.18,0.4844,0.4828,45.61,13.51,2,8.09,1,1
STR-009955,TreatmentB,B03,87.93,2.11,0.2389,125,64.75,0.6035,0.3031,18.95,22.34,3,7.61,0,1
STR-009956,TreatmentA,B01,110.47,2.24,0.2116,420,23.96,0.5365,0.3688,36.51,28.49,4,4.72,1,0
STR-009957,TreatmentA,B03,106.43,3.81,0.2212,424,53.29,0.3037,0.0585,43.41,24.56,0,9.28,0,1
STR-009958,Control,B03,95.39,2.12,0.269,564,30.06,0.3538,0.4287,40.4,29.34,0,5.2,0,0
STR-009959,Control,B03,114.29,2.87,0.242,155,58.7,0.3202,0.3439,23.47,25.18,3,6.54,0,1
STR-009960,Control,B02,82.59,2.01,0.195,473,30.42,0.6067,0.2498,55.05,17.89,2,9.01,1,0
STR-009961,TreatmentA,B03,87.99,2.08,0.2071,365,27.88,0.3286,0.3015,25.62,35.74,3,5.8,1,1
STR-009962,Control,B01,76.89,3.31,0.2464,403,22.29,0.258,0.2255,24.08,24.88,1,6.9,1,1
STR-009963,TreatmentA,B03,109.93,2.52,0.2274,810,32.64,0.2824,0.2128,31.0,20.25,2,8.92,1,0
STR-009964,TreatmentA,B02,107.23,2.45,0.2512,258,18.96,0.3968,0.512,61.75,14.5,4,6.59,0,0
STR-009965,TreatmentB,B03,99.74,1.18,0.2573,162,35.66,0.4579,0.3826,87.1,23.94,3,9.52,1,0
STR-009966,TreatmentB,B01,85.95,0.71,0.1907,718,27.44,0.4725,0.1901,27.2,24.12,2,7.88,1,1
STR-009967,TreatmentB,B03,115.27,1.53,0.2208,434,67.78,0.6877,0.1841,13.02,29.39,1,6.24,1,0
STR-009968,TreatmentA,B03,99.77,3.94,0.266,208,12.54,0.5331,0.3988,21.27,23.04,2,3.63,0,0
STR-009969,TreatmentB,B03,106.66,1.22,0.2182,836,50.62,0.3504,0.1979,24.14,17.02,3,5.58,1,1
STR-009970,TreatmentA,B01,84.77,2.16,0.2336,205,57.21,0.7156,0.4776,25.31,24.34,3,5.36,1,1
STR-009971,TreatmentA,B01,124.48,2.04,0.2271,102,57.3,0.1624,0.2548,15.8,32.98,1,7.87,0,0
STR-009972,TreatmentB,B01,104.19,1.21,0.2306,336,33.02,0.4345,0.1868,17.34,23.12,2,7.13,1,0
STR-009973,Control,B03,113.91,2.85,0.2559,513,36.03,0.4143,0.4284,37.67,24.56,6,4.77,1,0
STR-009974,TreatmentB,B02,81.16,1.71,0.2139,458,13.62,0.3731,0.2018,49.79,22.49,0,7.96,0,1
STR-009975,TreatmentB,B01,101.73,1.03,0.222,406,37.22,0.5194,0.4715,34.25,28.51,2,9.07,1,0
STR-009976,TreatmentA,B02,93.38,1.35,0.2799,541,90.65,0.5108,0.0864,34.75,13.41,3,7.75,0,0
STR-009977,TreatmentA,B02,95.03,2.43,0.264,245,45.72,0.4995,0.4516,31.46,23.64,2,6.99,0,1
STR-009978,Control,B01,111.35,2.18,0.2057,399,12.16,0.2547,0.3918,38.06,15.02,3,5.0,1,0
STR-009979,TreatmentA,B03,120.3,2.17,0.2369,394,57.66,0.7361,0.5671,35.07,15.81,1,6.94,0,1
STR-009980,TreatmentB,B01,69.39,2.28,0.2008,109,62.21,0.3101,0.1821,47.61,20.81,4,7.59,1,1
STR-009981,TreatmentB,B02,101.15,1.23,0.2833,1591,48.9,0.4143,0.1512,24.04,18.35,3,6.13,1,0
STR-009982,TreatmentA,B02,119.32,1.38,0.2623,726,33.76,0.2533,0.6562,37.56,33.45,5,7.34,1,0
STR-009983,TreatmentB,B01,96.05,1.76,0.2728,80,23.65,0.2641,0.239,19.77,29.43,2,6.08,1,1
STR-009984,Control,B03,89.78,2.51,0.2417,224,33.57,0.2051,0.0331,26.79,18.33,1,8.79,1,0
STR-009985,Control,B03,103.16,2.09,0.2524,357,29.35,0.6681,0.427,60.55,25.0,6,7.76,0,1
STR-009986,TreatmentB,B02,90.36,1.44,0.2353,304,51.52,0.3525,0.3374,26.55,27.29,4,6.88,1,1
STR-009987,TreatmentB,B02,116.69,1.45,0.3442,164,84.39,0.3976,0.2746,29.17,26.98,2,8.21,0,0
STR-009988,TreatmentB,B03,89.33,0.85,0.1987,322,18.04,0.3349,0.286,16.59,12.12,6,7.93,1,0
STR-009989,Control,B01,77.92,1.59,0.2834,1110,37.22,0.2663,0.1551,42.72,22.61,3,6.14,1,1
STR-009990,Control,B01,84.73,2.19,0.2339,161,15.38,0.3563,0.3367,19.69,29.41,5,7.04,0,1
STR-009991,TreatmentA,B01,99.66,1.98,0.174,205,44.57,0.456,0.2675,17.91,26.53,3,6.36,1,1
STR-009992,TreatmentB,B03,121.28,0.69,0.2318,355,18.91,0.4124,0.3754,15.28,26.15,3,6.78,1,1
STR-009993,TreatmentA,B01,97.81,2.07,0.2745,402,18.03,0.2936,0.6421,32.72,18.28,4,9.21,0,0
STR-009994,TreatmentA,B02,81.9,2.07,0.2095,258,50.97,0.4934,0.4992,30.74,19.76,3,7.35,0,1
STR-009995,TreatmentA,B01,104.31,3.76,0.2246,63,21.43,0.2449,0.2155,26.25,23.04,0,5.48,0,1
STR-009996,Control,B03,104.16,2.68,0.2347,272,19.07,0.323,0.4815,36.56,12.24,2,6.13,0,0
STR-009997,TreatmentA,B02,90.61,1.21,0.2122,213,179.63,0.3222,0.2533,30.82,21.23,2,6.07,1,1
STR-009998,TreatmentA,B02,95.38,2.35,0.2217,215,20.27,0.5093,0.3734,41.23,23.99,2,6.28,0,1
STR-009999,Control,B02,112.27,1.76,0.2552,302,77.32,0.2284,0.3664,34.96,23.74,4,8.49,1,0
STR-010000,TreatmentB,B02,86.37,2.9,0.2415,405,57.08,0.4027,0.183,15.57,30.34,3,6.3,0,0
